entry_date,end_date,holding_days,total_return_pct,annualized_return_pct
2009-01-05,2009-02-10,21,6.7508,119.0051
2009-01-06,2009-02-11,21,7.1287,128.4925
2009-01-07,2009-02-12,21,7.5027,138.2485
2009-01-08,2009-02-13,21,9.752,205.4565
2009-01-09,2009-02-16,21,9.6768,202.9556
2009-01-12,2009-02-17,21,9.5165,197.6829
2009-01-13,2009-02-18,21,10.2274,221.7173
2009-01-14,2009-02-19,21,9.0678,183.373
2009-01-15,2009-02-20,21,10.2853,223.7516
2009-01-16,2009-02-23,21,10.3846,227.265
2009-01-19,2009-02-24,21,8.1365,155.6627
2009-01-20,2009-02-25,21,7.4,135.5318
2009-01-21,2009-02-26,21,5.1109,81.876
2009-01-22,2009-02-27,21,3.9393,58.9862
2009-01-23,2009-03-02,21,4.6341,72.2174
2009-02-02,2009-03-03,21,1.8312,24.329
2009-02-03,2009-03-04,21,2.7218,38.0238
2009-02-04,2009-03-05,21,2.4201,33.237
2009-02-05,2009-03-06,21,2.8099,39.4506
2009-02-06,2009-03-09,21,0.4336,5.3287
2009-02-09,2009-03-10,21,-0.0944,-1.1274
2009-02-10,2009-03-11,21,-0.7198,-8.3036
2009-02-11,2009-03-12,21,-0.8569,-9.8117
2009-02-12,2009-03-13,21,-1.4528,-16.1055
2009-02-13,2009-03-16,21,-1.8337,-19.9153
2009-02-16,2009-03-17,21,-1.7426,-19.0185
2009-02-17,2009-03-18,21,-1.6641,-18.2389
2009-02-18,2009-03-19,21,0.3039,3.7089
2009-02-19,2009-03-20,21,0.5694,7.051
2009-02-20,2009-03-23,21,0.7718,9.6656
2009-02-23,2009-03-24,21,-0.569,-6.6181
2009-02-24,2009-03-25,21,-0.2452,-2.9031
2009-02-25,2009-03-26,21,1.6176,21.2349
2009-02-26,2009-03-27,21,3.3151,47.8994
2009-02-27,2009-03-30,21,3.8399,57.1708
2009-03-02,2009-03-31,21,3.2525,46.8267
2009-03-03,2009-04-01,21,4.619,71.9198
2009-03-04,2009-04-02,21,3.4606,50.4182
2009-03-05,2009-04-03,21,2.5454,35.2053
2009-03-06,2009-04-07,21,1.5544,20.3337
2009-03-09,2009-04-08,21,1.9688,26.3597
2009-03-10,2009-04-09,21,2.2236,30.2011
2009-03-11,2009-04-10,21,3.837,57.118
2009-03-12,2009-04-13,21,4.3335,66.3737
2009-03-13,2009-04-14,21,4.8566,76.665
2009-03-16,2009-04-15,21,4.1715,63.3002
2009-03-17,2009-04-16,21,3.3817,49.0475
2009-03-18,2009-04-17,21,2.497,34.4413
2009-03-19,2009-04-20,21,1.813,24.0619
2009-03-20,2009-04-21,21,1.5735,20.6046
2009-03-23,2009-04-22,21,-0.3989,-4.6835
2009-03-24,2009-04-23,21,0.3106,3.7915
2009-03-25,2009-04-24,21,1.4929,19.4611
2009-03-26,2009-04-27,21,-0.154,-1.8329
2009-03-27,2009-04-28,21,-0.6966,-8.0466
2009-03-30,2009-04-29,21,0.4696,5.7826
2009-03-31,2009-04-30,21,0.7199,8.9898
2009-04-01,2009-05-04,21,1.1375,14.537
2009-04-02,2009-05-05,21,1.1184,14.2776
2009-04-03,2009-05-06,21,2.002,26.8537
2009-04-07,2009-05-07,21,2.9738,42.1421
2009-04-08,2009-05-08,21,4.0241,60.5484
2009-04-09,2009-05-11,21,3.2074,46.0597
2009-04-10,2009-05-12,21,2.7524,38.517
2009-04-13,2009-05-13,21,2.6309,36.5644
2009-04-14,2009-05-14,21,1.7875,23.6894
2009-04-15,2009-05-15,21,2.0022,26.8566
2009-04-16,2009-05-18,21,2.2389,30.4349
2009-04-17,2009-05-19,21,3.1924,45.8046
2009-04-20,2009-05-20,21,2.7,37.6716
2009-04-21,2009-05-21,21,2.0991,28.3109
2009-04-22,2009-05-22,21,3.3738,48.911
2009-04-23,2009-05-25,21,3.1763,45.5315
2009-04-24,2009-05-26,21,2.3853,32.6935
2009-04-27,2009-05-27,21,3.3684,48.817
2009-04-28,2009-06-01,21,5.7061,94.6266
2009-04-29,2009-06-02,21,4.4918,69.4286
2009-04-30,2009-06-03,21,5.3912,87.782
2009-05-04,2009-06-04,21,4.1659,63.1957
2009-05-05,2009-06-05,21,3.9454,59.0967
2009-05-06,2009-06-08,21,3.0738,43.8064
2009-05-07,2009-06-09,21,2.8196,39.6089
2009-05-08,2009-06-10,21,2.9027,40.9689
2009-05-11,2009-06-11,21,3.2196,46.2671
2009-05-12,2009-06-12,21,2.1797,29.5318
2009-05-13,2009-06-15,21,1.5679,20.5247
2009-05-14,2009-06-16,21,1.9369,25.8864
2009-05-15,2009-06-17,21,2.3995,32.9152
2009-05-18,2009-06-18,21,2.5323,34.9981
2009-05-19,2009-06-19,21,2.5372,35.0764
2009-05-20,2009-06-22,21,2.6571,36.9837
2009-05-21,2009-06-23,21,2.5051,34.5686
2009-05-22,2009-06-24,21,3.0324,43.1152
2009-05-25,2009-06-25,21,3.0235,42.9675
2009-05-26,2009-06-26,21,3.7513,55.5684
2009-05-27,2009-06-29,21,3.6638,54.0009
2009-06-01,2009-06-30,21,1.9098,25.4856
2009-06-02,2009-07-01,21,2.4499,33.7018
2009-06-03,2009-07-02,21,1.851,24.6187
2009-06-04,2009-07-03,21,2.4601,33.8625
2009-06-05,2009-07-06,21,2.5353,35.0457
2009-06-08,2009-07-07,21,2.6808,37.3641
2009-06-09,2009-07-08,21,2.6625,37.0694
2009-06-10,2009-07-09,21,2.4593,33.8491
2009-06-11,2009-07-10,21,2.7247,38.0697
2009-06-12,2009-07-13,21,2.9604,41.9199
2009-06-15,2009-07-14,21,3.9145,58.531
2009-06-16,2009-07-15,21,4.4442,68.5046
2009-06-17,2009-07-16,21,4.0599,61.2133
2009-06-18,2009-07-17,21,3.7531,55.6006
2009-06-19,2009-07-20,21,4.5578,70.7174
2009-06-22,2009-07-21,21,4.1506,62.9074
2009-06-23,2009-07-22,21,5.1305,82.2822
2009-06-24,2009-07-23,21,5.0062,79.7119
2009-06-25,2009-07-24,21,4.824,76.0069
2009-06-26,2009-07-27,21,5.379,87.5214
2009-06-29,2009-07-28,21,5.0758,81.1466
2009-06-30,2009-07-29,21,2.9017,40.9516
2009-07-01,2009-07-30,21,3.175,45.5101
2009-07-02,2009-07-31,21,3.5332,51.6887
2009-07-03,2009-08-03,21,4.0803,61.5932
2009-07-06,2009-08-04,21,3.9247,58.7179
2009-07-07,2009-08-05,21,4.1127,62.1972
2009-07-08,2009-08-06,21,3.4972,51.0574
2009-07-09,2009-08-07,21,2.4531,33.7526
2009-07-10,2009-08-10,21,2.3306,31.8459
2009-07-13,2009-08-11,21,2.5882,35.8838
2009-07-14,2009-08-12,21,0.2823,3.4404
2009-07-15,2009-08-13,21,0.4012,4.9216
2009-07-16,2009-08-14,21,-0.4575,-5.354
2009-07-17,2009-08-17,21,-2.3674,-24.987
2009-07-20,2009-08-18,21,-2.9389,-30.0892
2009-07-21,2009-08-19,21,-3.8737,-37.7548
2009-07-22,2009-08-20,21,-3.1533,-31.9202
2009-07-23,2009-08-21,21,-3.2817,-32.9951
2009-07-24,2009-08-24,21,-2.6744,-27.7686
2009-07-27,2009-08-25,21,-4.4174,-41.8505
2009-07-28,2009-08-26,21,-3.9367,-38.2425
2009-07-29,2009-08-27,21,-2.3432,-24.7629
2009-07-30,2009-08-28,21,-3.4145,-34.0915
2009-07-31,2009-08-31,21,-5.5417,-49.5473
2009-08-03,2009-09-01,21,-6.0861,-52.9285
2009-08-04,2009-09-02,21,-5.7699,-50.991
2009-08-05,2009-09-03,21,-4.0044,-38.7631
2009-08-06,2009-09-04,21,-3.2072,-32.3734
2009-08-07,2009-09-07,21,-2.075,-22.2458
2009-08-10,2009-09-08,21,-0.9789,-11.135
2009-08-11,2009-09-09,21,-0.9608,-10.9396
2009-08-12,2009-09-10,21,-0.1344,-1.6005
2009-08-13,2009-09-11,21,-0.0932,-1.1129
2009-08-14,2009-09-14,21,0.8743,11.0108
2009-08-17,2009-09-15,21,2.8558,40.1992
2009-08-18,2009-09-16,21,3.0528,43.4559
2009-08-19,2009-09-17,21,5.1217,82.1002
2009-08-20,2009-09-18,21,2.4222,33.2684
2009-08-21,2009-09-21,21,1.9081,25.4597
2009-08-24,2009-09-22,21,0.9537,12.0642
2009-08-25,2009-09-23,21,1.568,20.526
2009-08-26,2009-09-24,21,1.2142,15.5835
2009-08-27,2009-09-25,21,0.6399,7.9555
2009-08-28,2009-09-28,21,0.4574,5.6289
2009-08-31,2009-09-29,21,2.3717,32.4819
2009-09-01,2009-09-30,21,2.5911,35.93
2009-09-02,2009-10-09,21,4.7192,73.906
2009-09-03,2009-10-12,21,2.5652,35.5187
2009-09-04,2009-10-13,21,2.7234,38.0486
2009-09-07,2009-10-14,21,2.8038,39.351
2009-09-08,2009-10-15,21,1.6612,21.8605
2009-09-09,2009-10-16,21,1.5729,20.5965
2009-09-10,2009-10-19,21,2.8114,39.4749
2009-09-11,2009-10-20,21,2.8061,39.3885
2009-09-14,2009-10-21,21,2.1207,28.6365
2009-09-15,2009-10-22,21,1.8768,24.9978
2009-09-16,2009-10-23,21,2.1772,29.4934
2009-09-17,2009-10-26,21,1.4792,19.2683
2009-09-18,2009-10-27,21,1.7057,22.5015
2009-09-21,2009-10-28,21,1.9382,25.9045
2009-09-22,2009-10-29,21,1.5009,19.5746
2009-09-23,2009-10-30,21,2.75,38.4786
2009-09-24,2009-11-02,21,3.4403,50.0645
2009-09-25,2009-11-03,21,4.8935,77.4124
2009-09-28,2009-11-04,21,6.5993,115.3047
2009-09-29,2009-11-05,21,6.579,114.8114
2009-09-30,2009-11-06,21,6.4321,111.2874
2009-10-09,2009-11-09,21,4.172,63.3089
2009-10-12,2009-11-10,21,4.1044,62.0419
2009-10-13,2009-11-11,21,3.6176,53.1796
2009-10-14,2009-11-12,21,3.4677,50.5419
2009-10-15,2009-11-13,21,3.4505,50.2416
2009-10-16,2009-11-16,21,4.9122,77.7924
2009-10-19,2009-11-17,21,4.1616,63.114
2009-10-20,2009-11-18,21,3.5622,52.201
2009-10-21,2009-11-19,21,4.0732,61.4603
2009-10-22,2009-11-20,21,4.2794,65.341
2009-10-23,2009-11-23,21,4.334,66.3831
2009-10-26,2009-11-24,21,3.5705,52.3466
2009-10-27,2009-11-25,21,5.7448,95.4827
2009-10-28,2009-11-26,21,4.8729,76.9947
2009-10-29,2009-11-27,21,4.3912,67.4808
2009-10-30,2009-11-30,21,4.8527,76.5866
2009-11-02,2009-12-01,21,4.4437,68.4948
2009-11-03,2009-12-02,21,4.8786,77.1106
2009-11-04,2009-12-03,21,4.1927,63.7002
2009-11-05,2009-12-04,21,4.3034,65.7981
2009-11-06,2009-12-07,21,3.0639,43.6408
2009-11-09,2009-12-08,21,2.4387,33.527
2009-11-10,2009-12-09,21,1.2975,16.7307
2009-11-11,2009-12-10,21,1.3728,17.7764
2009-11-12,2009-12-11,21,1.1635,14.8908
2009-11-13,2009-12-14,21,1.4712,19.1549
2009-11-16,2009-12-15,21,-0.0955,-1.14
2009-11-17,2009-12-16,21,0.0307,0.3687
2009-11-18,2009-12-17,21,-0.9052,-10.3375
2009-11-19,2009-12-18,21,-2.1019,-22.5021
2009-11-20,2009-12-21,21,-1.92,-20.7564
2009-11-23,2009-12-22,21,-3.6222,-35.7724
2009-11-24,2009-12-23,21,-2.7344,-28.3017
2009-11-25,2009-12-24,21,-2.5326,-26.496
2009-11-26,2009-12-25,21,-1.8193,-19.7742
2009-11-27,2009-12-28,21,-0.0661,-0.79
2009-11-30,2009-12-29,21,-1.1188,-12.63
2009-12-01,2009-12-30,21,-1.4462,-16.0388
2009-12-02,2009-12-31,21,-2.2994,-24.3575
2009-12-03,2010-01-04,21,-2.3005,-24.3678
2009-12-04,2010-01-05,21,-1.6232,-17.83
2009-12-07,2010-01-06,21,-1.1258,-12.7041
2009-12-08,2010-01-07,21,-1.294,-14.4693
2009-12-09,2010-01-08,21,-0.3473,-4.0891
2009-12-10,2010-01-11,21,0.1993,2.4178
2009-12-11,2010-01-12,21,0.467,5.7505
2009-12-14,2010-01-13,21,-1.1195,-12.6372
2009-12-15,2010-01-14,21,-0.2239,-2.6542
2009-12-16,2010-01-15,21,-0.4601,-5.3836
2009-12-17,2010-01-18,21,0.46,5.6616
2009-12-18,2010-01-19,21,1.6695,21.9804
2009-12-21,2010-01-20,21,0.5521,6.8302
2009-12-22,2010-01-21,21,1.4888,19.4041
2009-12-23,2010-01-22,21,0.5362,6.6279
2009-12-24,2010-01-25,21,-0.7267,-8.3802
2009-12-25,2010-01-26,21,-1.554,-17.1338
2009-12-28,2010-01-27,21,-2.3276,-24.6186
2009-12-29,2010-01-28,21,-2.4997,-26.1976
2009-12-30,2010-01-29,21,-2.8014,-28.8913
2009-12-31,2010-02-01,21,-3.2464,-32.7018
2010-01-04,2010-02-02,21,-2.7709,-28.6235
2010-01-05,2010-02-03,21,-2.8252,-29.1003
2010-01-06,2010-02-04,21,-2.7715,-28.6291
2010-01-07,2010-02-05,21,-3.832,-37.4297
2010-01-08,2010-02-08,21,-3.5324,-35.0502
2010-01-11,2010-02-09,21,-3.931,-38.1981
2010-01-12,2010-02-10,21,-3.8463,-37.5416
2010-01-13,2010-02-11,21,-2.4017,-25.3022
2010-01-14,2010-02-12,21,-2.5295,-26.4675
2010-01-15,2010-02-22,21,-2.0705,-22.2034
2010-01-18,2010-02-23,21,-2.5085,-26.2774
2010-01-19,2010-02-24,21,-2.4963,-26.1669
2010-01-20,2010-02-25,21,-1.5542,-17.1361
2010-01-21,2010-02-26,21,-1.0178,-11.5529
2010-01-22,2010-03-01,21,0.2533,3.0823
2010-01-25,2010-03-02,21,0.1841,2.2312
2010-01-26,2010-03-03,21,1.7207,22.7192
2010-01-27,2010-03-04,21,1.2531,16.1187
2010-01-28,2010-03-05,21,1.5379,20.0985
2010-01-29,2010-03-08,21,2.0655,27.8046
2010-02-01,2010-03-09,21,2.2371,30.4075
2010-02-02,2010-03-10,21,1.6452,21.6308
2010-02-03,2010-03-11,21,0.3277,4.004
2010-02-04,2010-03-12,21,0.3899,4.7809
2010-02-05,2010-03-15,21,1.3205,17.0497
2010-02-08,2010-03-16,21,1.5252,19.919
2010-02-09,2010-03-17,21,2.1528,29.1225
2010-02-10,2010-03-18,21,1.4246,18.4997
2010-02-11,2010-03-19,21,1.5496,20.2647
2010-02-12,2010-03-22,21,0.7871,9.8651
2010-02-22,2010-03-23,21,0.0452,0.5438
2010-02-23,2010-03-24,21,0.3784,4.6371
2010-02-24,2010-03-25,21,-0.3466,-4.081
2010-02-25,2010-03-26,21,0.1393,1.6847
2010-02-26,2010-03-29,21,0.6503,8.0893
2010-03-01,2010-03-30,21,0.2881,3.5122
2010-03-02,2010-03-31,21,0.1516,1.8339
2010-03-03,2010-04-01,21,-0.064,-0.7656
2010-03-04,2010-04-02,21,1.0093,12.8067
2010-03-05,2010-04-06,21,0.9626,12.1822
2010-03-08,2010-04-07,21,0.739,9.237
2010-03-09,2010-04-08,21,0.7597,9.5071
2010-03-10,2010-04-09,21,1.2895,16.6201
2010-03-11,2010-04-12,21,1.6395,21.5482
2010-03-12,2010-04-13,21,2.0021,26.8556
2010-03-15,2010-04-14,21,2.8016,39.3146
2010-03-16,2010-04-15,21,2.3851,32.6914
2010-03-17,2010-04-16,21,1.1434,14.6174
2010-03-18,2010-04-19,21,-0.4753,-5.5566
2010-03-19,2010-04-20,21,-0.5731,-6.664
2010-03-22,2010-04-21,21,0.3775,4.6257
2010-03-23,2010-04-22,21,0.3572,4.3721
2010-03-24,2010-04-23,21,0.1974,2.3953
2010-03-25,2010-04-26,21,1.0691,13.6114
2010-03-26,2010-04-27,21,-0.0901,-1.0753
2010-03-29,2010-04-28,21,-0.7434,-8.5652
2010-03-30,2010-04-29,21,-1.0955,-12.3822
2010-03-31,2010-04-30,21,-0.6183,-7.1721
2010-04-01,2010-05-04,21,-1.35,-15.0495
2010-04-02,2010-05-05,21,-1.68,-18.3982
2010-04-06,2010-05-06,21,-2.6725,-27.7521
2010-04-07,2010-05-07,21,-2.5684,-26.8189
2010-04-08,2010-05-10,21,-2.4577,-25.8151
2010-04-09,2010-05-11,21,-2.9979,-30.5982
2010-04-12,2010-05-12,21,-2.4303,-25.5642
2010-04-13,2010-05-13,21,-1.8717,-20.2863
2010-04-14,2010-05-14,21,-2.1728,-23.1726
2010-04-15,2010-05-17,21,-3.1587,-31.9658
2010-04-16,2010-05-18,21,-2.9363,-30.0672
2010-04-19,2010-05-19,21,-1.4951,-16.5367
2010-04-20,2010-05-20,21,-2.4043,-25.3265
2010-04-21,2010-05-21,21,-2.8009,-28.8876
2010-04-22,2010-05-24,21,-1.4922,-16.5076
2010-04-23,2010-05-25,21,-1.7574,-19.165
2010-04-26,2010-05-26,21,-1.7007,-18.6038
2010-04-27,2010-05-27,21,-0.684,-7.9063
2010-04-28,2010-05-28,21,-0.8306,-9.5241
2010-04-29,2010-05-31,21,-1.3189,-14.7274
2010-04-30,2010-06-01,21,-1.5632,-17.2263
2010-05-04,2010-06-02,21,-1.088,-12.3021
2010-05-05,2010-06-03,21,-1.2171,-13.6665
2010-05-06,2010-06-04,21,-0.5705,-6.6356
2010-05-07,2010-06-07,21,-0.8395,-9.6213
2010-05-10,2010-06-08,21,-0.3198,-3.7708
2010-05-11,2010-06-09,21,0.4749,5.8498
2010-05-12,2010-06-10,21,-0.4937,-5.7661
2010-05-13,2010-06-11,21,-1.2535,-14.0473
2010-05-14,2010-06-17,21,-0.974,-11.0821
2010-05-17,2010-06-18,21,0.121,1.4621
2010-05-18,2010-06-21,21,1.0627,13.5245
2010-05-19,2010-06-22,21,0.764,9.5633
2010-05-20,2010-06-23,21,1.4365,18.6666
2010-05-21,2010-06-24,21,1.064,13.5427
2010-05-24,2010-06-25,21,-0.0692,-0.8276
2010-05-25,2010-06-28,21,0.4559,5.6098
2010-05-26,2010-06-29,21,-1.4159,-15.7283
2010-05-27,2010-06-30,21,-1.9905,-21.4374
2010-05-28,2010-07-01,21,-2.4482,-25.728
2010-05-31,2010-07-02,21,-2.3724,-25.0331
2010-06-01,2010-07-05,21,-2.4079,-25.3591
2010-06-02,2010-07-06,21,-2.1905,-23.3396
2010-06-03,2010-07-07,21,-2.2258,-23.6705
2010-06-04,2010-07-08,21,-1.5871,-17.4677
2010-06-07,2010-07-09,21,-0.945,-10.7688
2010-06-08,2010-07-12,21,-0.9893,-11.2462
2010-06-09,2010-07-13,21,-2.1566,-23.0203
2010-06-10,2010-07-14,21,-1.294,-14.4688
2010-06-11,2010-07-15,21,-1.6949,-18.546
2010-06-17,2010-07-16,21,-1.8279,-19.8586
2010-06-18,2010-07-19,21,-1.2666,-14.1842
2010-06-21,2010-07-20,21,-1.8842,-20.4084
2010-06-22,2010-07-21,21,-1.2806,-14.3297
2010-06-23,2010-07-22,21,-0.9158,-10.453
2010-06-24,2010-07-23,21,-0.431,-5.0508
2010-06-25,2010-07-26,21,-0.2961,-3.4964
2010-06-28,2010-07-27,21,-0.5743,-6.6775
2010-06-29,2010-07-28,21,1.3003,16.7687
2010-06-30,2010-07-29,21,1.7174,22.6716
2010-07-01,2010-07-30,21,2.1248,28.6986
2010-07-02,2010-08-02,21,3.5167,51.3998
2010-07-05,2010-08-03,21,3.1173,44.5374
2010-07-06,2010-08-04,21,3.0258,43.0047
2010-07-07,2010-08-05,21,2.9162,41.1908
2010-07-08,2010-08-06,21,3.2021,45.9701
2010-07-09,2010-08-09,21,2.9778,42.207
2010-07-12,2010-08-10,21,1.442,18.7452
2010-07-13,2010-08-11,21,2.268,30.8816
2010-07-14,2010-08-12,21,1.4772,19.2399
2010-07-15,2010-08-13,21,2.7543,38.5471
2010-07-16,2010-08-16,21,3.4519,50.2669
2010-07-19,2010-08-17,21,3.246,46.7173
2010-07-20,2010-08-18,21,2.7306,38.1647
2010-07-21,2010-08-19,21,2.8849,40.6762
2010-07-22,2010-08-20,21,2.1275,28.739
2010-07-23,2010-08-23,21,1.7099,22.5634
2010-07-26,2010-08-24,21,1.55,20.2711
2010-07-27,2010-08-25,21,1.5235,19.8949
2010-07-28,2010-08-26,21,1.5459,20.2128
2010-07-29,2010-08-27,21,1.3068,16.8596
2010-07-30,2010-08-30,21,1.92,25.6354
2010-08-02,2010-08-31,21,1.0472,13.316
2010-08-03,2010-09-01,21,1.7245,22.7748
2010-08-04,2010-09-02,21,1.597,20.9406
2010-08-05,2010-09-03,21,1.8909,25.2063
2010-08-06,2010-09-06,21,1.7565,23.2389
2010-08-09,2010-09-07,21,1.4649,19.0662
2010-08-10,2010-09-08,21,2.6853,37.4361
2010-08-11,2010-09-09,21,1.8591,24.7375
2010-08-12,2010-09-10,21,2.0018,26.8503
2010-08-13,2010-09-13,21,1.5405,20.1355
2010-08-16,2010-09-14,21,0.9501,12.0159
2010-08-17,2010-09-15,21,0.6739,8.3932
2010-08-18,2010-09-16,21,0.2119,2.573
2010-08-19,2010-09-17,21,0.1696,2.0538
2010-08-20,2010-09-20,21,0.6551,8.1505
2010-08-23,2010-09-21,21,0.5891,7.3033
2010-08-24,2010-09-27,21,1.3846,17.9411
2010-08-25,2010-09-28,21,1.3288,17.1643
2010-08-26,2010-09-29,21,1.435,18.6468
2010-08-27,2010-09-30,21,2.0628,27.7647
2010-08-30,2010-10-08,21,2.6252,36.4734
2010-08-31,2010-10-11,21,3.985,59.8261
2010-09-01,2010-10-12,21,4.0551,61.1236
2010-09-02,2010-10-13,21,4.412,67.8832
2010-09-03,2010-10-14,21,4.8755,77.0462
2010-09-06,2010-10-15,21,5.2565,84.9222
2010-09-07,2010-10-18,21,4.5744,71.0424
2010-09-08,2010-10-19,21,5.0498,80.6106
2010-09-09,2010-10-20,21,5.3244,86.3584
2010-09-10,2010-10-21,21,5.2465,84.7117
2010-09-13,2010-10-22,21,4.7508,74.5375
2010-09-14,2010-10-25,21,6.1889,105.566
2010-09-15,2010-10-26,21,5.9998,101.2143
2010-09-16,2010-10-27,21,5.9577,100.2582
2010-09-17,2010-10-28,21,5.6267,92.8783
2010-09-20,2010-10-29,21,5.723,94.9992
2010-09-21,2010-11-01,21,7.0999,127.7562
2010-09-27,2010-11-02,21,6.0747,102.9278
2010-09-28,2010-11-03,21,5.9458,99.9891
2010-09-29,2010-11-04,21,6.2967,108.0831
2010-09-30,2010-11-05,21,6.5955,115.2122
2010-10-08,2010-11-08,21,5.64,93.1699
2010-10-11,2010-11-09,21,4.9766,79.1065
2010-10-12,2010-11-10,21,4.0365,60.7791
2010-10-13,2010-11-11,21,3.6318,53.4329
2010-10-14,2010-11-12,21,0.9258,11.6936
2010-10-15,2010-11-15,21,-0.0995,-1.1874
2010-10-18,2010-11-16,21,-0.7459,-8.592
2010-10-19,2010-11-17,21,-2.3294,-24.6359
2010-10-20,2010-11-18,21,-1.205,-13.5393
2010-10-21,2010-11-19,21,-0.7323,-8.4422
2010-10-22,2010-11-22,21,-0.5551,-6.4611
2010-10-25,2010-11-23,21,-2.2825,-24.2005
2010-10-26,2010-11-24,21,-1.1681,-13.1513
2010-10-27,2010-11-25,21,-0.385,-4.5238
2010-10-28,2010-11-26,21,-0.7222,-8.3307
2010-10-29,2010-11-29,21,-0.8876,-10.1468
2010-11-01,2010-11-30,21,-2.2264,-23.6764
2010-11-02,2010-12-01,21,-1.4356,-15.9298
2010-11-03,2010-12-02,21,-0.76,-8.7479
2010-11-04,2010-12-03,21,-1.3615,-15.1687
2010-11-05,2010-12-06,21,-1.8147,-19.7296
2010-11-08,2010-12-07,21,-1.6677,-18.2751
2010-11-09,2010-12-08,21,-3.1911,-32.2382
2010-11-10,2010-12-09,21,-3.0226,-30.8099
2010-11-11,2010-12-10,21,-2.8448,-29.2718
2010-11-12,2010-12-13,21,-0.0181,-0.2173
2010-11-15,2010-12-14,21,0.6108,7.5814
2010-11-16,2010-12-15,21,1.2763,16.4374
2010-11-17,2010-12-16,21,2.1525,29.1177
2010-11-18,2010-12-17,21,1.2794,16.4802
2010-11-19,2010-12-20,21,0.8128,10.2019
2010-11-22,2010-12-21,21,1.4011,18.1718
2010-11-23,2010-12-22,21,1.5984,20.9599
2010-11-24,2010-12-23,21,0.474,5.8386
2010-11-25,2010-12-24,21,-0.0248,-0.2968
2010-11-26,2010-12-27,21,-0.0991,-1.1827
2010-11-29,2010-12-28,21,-0.2757,-3.2588
2010-11-30,2010-12-29,21,0.4157,5.104
2010-12-01,2010-12-30,21,-0.1056,-1.2594
2010-12-02,2010-12-31,21,0.1715,2.0772
2010-12-03,2011-01-04,21,0.6963,8.6836
2010-12-06,2011-01-05,21,-0.5097,-5.9476
2010-12-07,2011-01-06,21,-1.0955,-12.3825
2010-12-08,2011-01-07,21,-0.2931,-3.4613
2010-12-09,2011-01-10,21,-0.1121,-1.3371
2010-12-10,2011-01-11,21,-0.3314,-3.9048
2010-12-13,2011-01-12,21,-0.9117,-10.4085
2010-12-14,2011-01-13,21,-1.3752,-15.3096
2010-12-15,2011-01-14,21,-1.4021,-15.5867
2010-12-16,2011-01-17,21,-2.5037,-26.2334
2010-12-17,2011-01-18,21,-2.2519,-23.9151
2010-12-20,2011-01-19,21,-1.4847,-16.4315
2010-12-21,2011-01-20,21,-2.9914,-30.5417
2010-12-22,2011-01-21,21,-2.7025,-28.0189
2010-12-23,2011-01-24,21,-2.595,-27.0589
2010-12-24,2011-01-25,21,-2.8087,-28.9561
2010-12-27,2011-01-26,21,-1.9224,-20.7798
2010-12-28,2011-01-27,21,-1.1437,-12.8932
2010-12-29,2011-01-28,21,-1.9217,-20.7726
2010-12-30,2011-01-31,21,-1.4175,-15.7448
2010-12-31,2011-02-01,21,-1.824,-19.8206
2011-01-04,2011-02-09,21,-2.2676,-24.061
2011-01-05,2011-02-10,21,-1.0629,-12.0345
2011-01-06,2011-02-11,21,-0.6694,-7.7431
2011-01-07,2011-02-14,21,0.1814,2.1983
2011-01-10,2011-02-15,21,0.5153,6.3621
2011-01-11,2011-02-16,21,0.7778,9.7432
2011-01-12,2011-02-17,21,0.5131,6.3335
2011-01-13,2011-02-18,21,0.4643,5.7162
2011-01-14,2011-02-21,21,1.6041,21.0413
2011-01-17,2011-02-22,21,2.2712,30.9304
2011-01-18,2011-02-23,21,2.2152,30.0722
2011-01-19,2011-02-24,21,1.7549,23.2156
2011-01-20,2011-02-25,21,2.7892,39.114
2011-01-21,2011-02-28,21,3.2048,46.0157
2011-01-24,2011-03-01,21,3.5402,51.8132
2011-01-25,2011-03-02,21,4.0713,61.4253
2011-01-26,2011-03-03,21,3.2417,46.643
2011-01-27,2011-03-04,21,2.9462,41.6846
2011-01-28,2011-03-07,21,4.2766,65.2892
2011-01-31,2011-03-08,21,3.4013,49.3866
2011-02-01,2011-03-09,21,3.2799,47.2951
2011-02-09,2011-03-10,21,2.9429,41.6313
2011-02-10,2011-03-11,21,1.806,23.9599
2011-02-11,2011-03-14,21,1.9182,25.609
2011-02-14,2011-03-15,21,0.5307,6.5581
2011-02-15,2011-03-16,21,0.6165,7.6538
2011-02-16,2011-03-17,21,-0.2983,-3.521
2011-02-17,2011-03-18,21,0.124,1.498
2011-02-18,2011-03-21,21,0.5446,6.7348
2011-02-21,2011-03-22,21,0.0884,1.0658
2011-02-22,2011-03-23,21,1.1489,14.6924
2011-02-23,2011-03-24,21,1.0079,12.7886
2011-02-24,2011-03-25,21,1.0882,13.8689
2011-02-25,2011-03-28,21,0.8552,10.7594
2011-02-28,2011-03-29,21,0.1253,1.5137
2011-03-01,2011-03-30,21,-0.0232,-0.278
2011-03-02,2011-03-31,21,-0.241,-2.8542
2011-03-03,2011-04-01,21,0.5233,6.4638
2011-03-04,2011-04-06,21,0.9248,11.6795
2011-03-07,2011-04-07,21,0.1108,1.3373
2011-03-08,2011-04-08,21,0.7103,8.8642
2011-03-09,2011-04-11,21,0.535,6.6121
2011-03-10,2011-04-12,21,0.6831,8.5117
2011-03-11,2011-04-13,21,1.7317,22.8788
2011-03-14,2011-04-14,21,1.3323,17.2132
2011-03-15,2011-04-15,21,2.0601,27.7242
2011-03-16,2011-04-18,21,2.2575,30.7207
2011-03-17,2011-04-19,21,2.1819,29.5656
2011-03-18,2011-04-20,21,2.0217,27.1487
2011-03-21,2011-04-21,21,1.9568,26.1814
2011-03-22,2011-04-22,21,1.8055,23.952
2011-03-23,2011-04-25,21,1.1664,14.9302
2011-03-24,2011-04-26,21,0.7305,9.1264
2011-03-25,2011-04-27,21,0.2903,3.54
2011-03-28,2011-04-28,21,0.6429,7.9939
2011-03-29,2011-04-29,21,1.0694,13.6153
2011-03-30,2011-05-03,21,1.1575,14.8098
2011-03-31,2011-05-04,21,0.4478,5.5085
2011-04-01,2011-05-05,21,-0.0865,-1.0335
2011-04-06,2011-05-06,21,-1.0624,-12.0298
2011-04-07,2011-05-09,21,-0.9035,-10.3194
2011-04-08,2011-05-10,21,-1.0393,-11.7834
2011-04-11,2011-05-11,21,-0.7253,-8.3643
2011-04-12,2011-05-12,21,-1.2437,-13.9451
2011-04-13,2011-05-13,21,-1.1239,-12.6831
2011-04-14,2011-05-16,21,-1.5217,-16.8069
2011-04-15,2011-05-17,21,-1.4386,-15.9603
2011-04-18,2011-05-18,21,-1.6422,-18.0208
2011-04-19,2011-05-19,21,-1.1345,-12.7961
2011-04-20,2011-05-20,21,-1.3202,-14.7408
2011-04-21,2011-05-23,21,-2.1936,-23.3684
2011-04-22,2011-05-24,21,-1.8545,-20.1192
2011-04-25,2011-05-25,21,-1.8474,-20.0498
2011-04-26,2011-05-26,21,-1.4425,-16.0004
2011-04-27,2011-05-27,21,-1.4799,-16.3828
2011-04-28,2011-05-30,21,-1.4254,-15.8251
2011-04-29,2011-05-31,21,-1.187,-13.3504
2011-05-03,2011-06-01,21,-1.477,-16.3531
2011-05-04,2011-06-02,21,-0.8,-9.1882
2011-05-05,2011-06-03,21,-0.5152,-6.0107
2011-05-06,2011-06-07,21,0.1293,1.5631
2011-05-09,2011-06-08,21,-0.1273,-1.5174
2011-05-10,2011-06-09,21,-0.9384,-10.6978
2011-05-11,2011-06-10,21,-0.8812,-10.0768
2011-05-12,2011-06-13,21,-0.4377,-5.1277
2011-05-13,2011-06-14,21,-0.7426,-8.5562
2011-05-16,2011-06-15,21,-0.4974,-5.808
2011-05-17,2011-06-16,21,-0.9616,-10.9477
2011-05-18,2011-06-17,21,-1.3176,-14.714
2011-05-19,2011-06-20,21,-1.2322,-13.8239
2011-05-20,2011-06-21,21,-0.9537,-10.8627
2011-05-23,2011-06-22,21,-0.2799,-3.3081
2011-05-24,2011-06-23,21,-0.1486,-1.7687
2011-05-25,2011-06-24,21,0.3824,4.686
2011-05-26,2011-06-27,21,0.0903,1.0891
2011-05-27,2011-06-28,21,0.3423,4.1864
2011-05-30,2011-06-29,21,0.0274,0.3295
2011-05-31,2011-06-30,21,0.0031,0.0369
2011-06-01,2011-07-01,21,0.0324,0.3892
2011-06-02,2011-07-04,21,0.8627,10.8584
2011-06-03,2011-07-05,21,0.6092,7.56
2011-06-07,2011-07-06,21,0.6462,8.0367
2011-06-08,2011-07-07,21,0.8382,10.5356
2011-06-09,2011-07-08,21,1.4513,18.8754
2011-06-10,2011-07-11,21,1.4825,19.3144
2011-06-13,2011-07-12,21,1.2874,16.5912
2011-06-14,2011-07-13,21,1.7983,23.8466
2011-06-15,2011-07-14,21,2.3756,32.5436
2011-06-16,2011-07-15,21,2.6976,37.6332
2011-06-17,2011-07-18,21,3.2626,46.9994
2011-06-20,2011-07-19,21,3.0997,44.2413
2011-06-21,2011-07-20,21,2.3946,32.8393
2011-06-22,2011-07-21,21,2.3518,32.174
2011-06-23,2011-07-22,21,1.748,23.1147
2011-06-24,2011-07-25,21,1.1369,14.5296
2011-06-27,2011-07-26,21,1.538,20.1
2011-06-28,2011-07-27,21,1.7206,22.7179
2011-06-29,2011-07-28,21,1.6691,21.9735
2011-06-30,2011-07-29,21,1.1298,14.4325
2011-07-01,2011-08-01,21,1.2546,16.1382
2011-07-04,2011-08-02,21,0.6719,8.3682
2011-07-05,2011-08-03,21,1.498,19.5334
2011-07-06,2011-08-04,21,1.1676,14.9467
2011-07-07,2011-08-05,21,0.377,4.6189
2011-07-08,2011-08-08,21,0.3324,4.0625
2011-07-11,2011-08-09,21,0.7281,9.0963
2011-07-12,2011-08-10,21,1.2829,16.5291
2011-07-13,2011-08-11,21,1.2983,16.7423
2011-07-14,2011-08-12,21,0.7023,8.7608
2011-07-15,2011-08-15,21,0.8687,10.9375
2011-07-18,2011-08-16,21,0.8578,10.7931
2011-07-19,2011-08-17,21,1.0491,13.3415
2011-07-20,2011-08-18,21,1.0325,13.1187
2011-07-21,2011-08-19,21,1.8241,24.2243
2011-07-22,2011-08-22,21,2.4473,33.6614
2011-07-25,2011-08-23,21,2.9987,42.5546
2011-07-26,2011-08-24,21,2.0865,28.1215
2011-07-27,2011-08-25,21,1.2996,16.759
2011-07-28,2011-08-26,21,1.8665,24.8471
2011-07-29,2011-08-29,21,2.2617,30.7846
2011-08-01,2011-08-30,21,1.8703,24.9029
2011-08-02,2011-08-31,21,2.5008,34.5008
2011-08-03,2011-09-01,21,1.3342,17.2393
2011-08-04,2011-09-02,21,1.3595,17.5913
2011-08-05,2011-09-05,21,2.159,29.2167
2011-08-08,2011-09-06,21,2.3487,32.1262
2011-08-09,2011-09-07,21,1.0538,13.4042
2011-08-10,2011-09-08,21,0.8994,11.3436
2011-08-11,2011-09-09,21,0.5149,6.3569
2011-08-12,2011-09-13,21,-0.1697,-2.0173
2011-08-15,2011-09-14,21,-0.2256,-2.6741
2011-08-16,2011-09-15,21,-0.7303,-8.4205
2011-08-17,2011-09-16,21,-1.4428,-16.0037
2011-08-18,2011-09-19,21,-0.7518,-8.658
2011-08-19,2011-09-20,21,-1.9219,-20.7744
2011-08-22,2011-09-21,21,-1.0513,-11.9112
2011-08-23,2011-09-22,21,-2.6701,-27.7307
2011-08-24,2011-09-23,21,-2.4364,-25.6206
2011-08-25,2011-09-26,21,-3.901,-37.9665
2011-08-26,2011-09-27,21,-3.9567,-38.3962
2011-08-29,2011-09-28,21,-4.3764,-41.5508
2011-08-30,2011-09-29,21,-4.625,-43.3482
2011-08-31,2011-09-30,21,-4.9753,-45.795
2011-09-01,2011-10-10,21,-4.6492,-43.5201
2011-09-02,2011-10-11,21,-4.4569,-42.1379
2011-09-05,2011-10-12,21,-3.5998,-35.5923
2011-09-06,2011-10-13,21,-3.5415,-35.1239
2011-09-07,2011-10-14,21,-3.1757,-32.1092
2011-09-08,2011-10-17,21,-2.9721,-30.3758
2011-09-09,2011-10-18,21,-4.2561,-40.6616
2011-09-13,2011-10-19,21,-3.6706,-36.1578
2011-09-14,2011-10-20,21,-4.8171,-44.7021
2011-09-15,2011-10-21,21,-4.604,-43.198
2011-09-16,2011-10-24,21,-2.9884,-30.5158
2011-09-19,2011-10-25,21,-2.8356,-29.1917
2011-09-20,2011-10-26,21,-1.2445,-13.9527
2011-09-21,2011-10-27,21,-2.2366,-23.7723
2011-09-22,2011-10-28,21,-0.2971,-3.5073
2011-09-23,2011-10-31,21,-0.2504,-2.9636
2011-09-26,2011-11-01,21,1.7174,22.6712
2011-09-27,2011-11-02,21,2.1462,29.0226
2011-09-28,2011-11-03,21,2.4639,33.921
2011-09-29,2011-11-04,21,3.81,56.6279
2011-09-30,2011-11-07,21,3.5408,51.8233
2011-10-10,2011-11-08,21,3.7154,54.9233
2011-10-11,2011-11-09,21,3.5843,52.5913
2011-10-12,2011-11-10,21,1.5827,20.7359
2011-10-13,2011-11-11,21,1.5978,20.9517
2011-10-14,2011-11-14,21,2.549,35.2622
2011-10-17,2011-11-15,21,1.9974,26.7859
2011-10-18,2011-11-16,21,2.2995,31.3652
2011-10-19,2011-11-17,21,2.5099,34.6441
2011-10-20,2011-11-18,21,2.4781,34.1452
2011-10-21,2011-11-21,21,2.4958,34.4222
2011-10-24,2011-11-22,21,0.7803,9.7766
2011-10-25,2011-11-23,21,0.4355,5.3532
2011-10-26,2011-11-24,21,-0.8642,-9.8912
2011-10-27,2011-11-25,21,-1.3477,-15.0261
2011-10-28,2011-11-28,21,-1.6139,-17.7365
2011-10-31,2011-11-29,21,-0.6995,-8.079
2011-11-01,2011-11-30,21,-1.4887,-16.4718
2011-11-02,2011-12-01,21,-1.1183,-12.6244
2011-11-03,2011-12-02,21,-1.3829,-15.3886
2011-11-04,2011-12-05,21,-2.3,-24.3634
2011-11-07,2011-12-06,21,-2.7175,-28.1513
2011-11-08,2011-12-07,21,-2.5354,-26.5214
2011-11-09,2011-12-08,21,-2.5776,-26.9015
2011-11-10,2011-12-09,21,-2.3229,-24.5749
2011-11-11,2011-12-12,21,-3.0097,-30.6989
2011-11-14,2011-12-13,21,-4.7648,-44.3368
2011-11-15,2011-12-14,21,-4.8462,-44.905
2011-11-16,2011-12-15,21,-5.7691,-50.9862
2011-11-17,2011-12-16,21,-4.8039,-44.6102
2011-11-18,2011-12-19,21,-3.8056,-37.2235
2011-11-21,2011-12-20,21,-3.8211,-37.3448
2011-11-22,2011-12-21,21,-3.3595,-33.6393
2011-11-23,2011-12-22,21,-3.6318,-35.8485
2011-11-24,2011-12-23,21,-3.3959,-33.9389
2011-11-25,2011-12-26,21,-3.5563,-35.2433
2011-11-28,2011-12-27,21,-4.2836,-40.866
2011-11-29,2011-12-28,21,-4.794,-44.541
2011-11-30,2011-12-29,21,-4.6124,-43.2586
2011-12-01,2011-12-30,21,-4.9516,-45.6329
2011-12-02,2012-01-04,21,-4.6347,-43.4171
2011-12-05,2012-01-05,21,-4.2061,-40.2888
2011-12-06,2012-01-06,21,-3.5091,-34.8619
2011-12-07,2012-01-09,21,-3.2942,-33.0996
2011-12-08,2012-01-10,21,-2.4585,-25.8219
2011-12-09,2012-01-11,21,-1.6513,-18.1114
2011-12-12,2012-01-12,21,-1.0434,-11.8265
2011-12-13,2012-01-13,21,-0.4021,-4.72
2011-12-14,2012-01-16,21,-0.6125,-7.1072
2011-12-15,2012-01-17,21,2.7365,38.261
2011-12-16,2012-01-18,21,1.1964,15.34
2011-12-19,2012-01-19,21,1.92,25.6359
2011-12-20,2012-01-20,21,2.1885,29.6654
2011-12-21,2012-01-30,21,2.804,39.3539
2011-12-22,2012-01-31,21,3.1898,45.7605
2011-12-23,2012-02-01,21,2.5932,35.9641
2011-12-26,2012-02-02,21,3.9677,59.5076
2011-12-27,2012-02-03,21,4.764,74.8006
2011-12-28,2012-02-06,21,4.4796,69.192
2011-12-29,2012-02-07,21,4.5878,71.3057
2011-12-30,2012-02-08,21,5.0395,80.3984
2012-01-04,2012-02-09,21,4.7335,74.1917
2012-01-05,2012-02-10,21,4.5222,70.0213
2012-01-06,2012-02-13,21,4.1747,63.3597
2012-01-09,2012-02-14,21,3.2386,46.5906
2012-01-10,2012-02-15,21,2.6525,36.9092
2012-01-11,2012-02-16,21,2.2219,30.175
2012-01-12,2012-02-17,21,2.3638,32.3595
2012-01-13,2012-02-20,21,2.901,40.9398
2012-01-16,2012-02-21,21,3.9397,58.9922
2012-01-17,2012-02-22,21,2.8525,40.1448
2012-01-18,2012-02-23,21,3.764,55.7976
2012-01-19,2012-02-24,21,3.5054,51.2011
2012-01-20,2012-02-27,21,3.197,45.8835
2012-01-30,2012-02-28,21,2.7654,38.7283
2012-01-31,2012-02-29,21,2.5129,34.6924
2012-02-01,2012-03-01,21,1.9081,25.4604
2012-02-02,2012-03-02,21,1.6071,21.0842
2012-02-03,2012-03-05,21,0.9861,12.4964
2012-02-06,2012-03-06,21,0.8047,10.0954
2012-02-07,2012-03-07,21,0.7749,9.7059
2012-02-08,2012-03-08,21,0.2556,3.1111
2012-02-09,2012-03-09,21,0.917,11.5759
2012-02-10,2012-03-12,21,0.9321,11.7769
2012-02-13,2012-03-13,21,1.2211,15.6786
2012-02-14,2012-03-14,21,0.2911,3.5497
2012-02-15,2012-03-15,21,-0.5953,-6.9148
2012-02-16,2012-03-16,21,0.2458,2.9901
2012-02-17,2012-03-19,21,0.1412,1.7077
2012-02-20,2012-03-20,21,-0.5403,-6.2945
2012-02-21,2012-03-21,21,-0.843,-9.6599
2012-02-22,2012-03-22,21,-1.4397,-15.972
2012-02-23,2012-03-23,21,-2.1506,-22.9637
2012-02-24,2012-03-26,21,-2.2501,-23.8984
2012-02-27,2012-03-27,21,-1.9688,-21.2276
2012-02-28,2012-03-28,21,-3.0014,-30.6277
2012-02-29,2012-03-29,21,-3.4071,-34.0305
2012-03-01,2012-03-30,21,-2.278,-24.1584
2012-03-02,2012-04-05,21,-2.6893,-27.9009
2012-03-05,2012-04-06,21,-2.2706,-24.0893
2012-03-06,2012-04-09,21,-1.8421,-19.9977
2012-03-07,2012-04-10,21,-0.9638,-10.9719
2012-03-08,2012-04-11,21,-1.344,-14.988
2012-03-09,2012-04-12,21,-1.3712,-15.2682
2012-03-12,2012-04-13,21,-0.9759,-11.1018
2012-03-13,2012-04-16,21,-1.7389,-18.9827
2012-03-14,2012-04-17,21,-0.8752,-10.0112
2012-03-15,2012-04-18,21,0.3247,3.9662
2012-03-16,2012-04-19,21,-0.503,-5.8723
2012-03-19,2012-04-20,21,-0.2647,-3.1304
2012-03-20,2012-04-23,21,0.1204,1.4544
2012-03-21,2012-04-24,21,0.0071,0.0853
2012-03-22,2012-04-25,21,0.3806,4.6642
2012-03-23,2012-04-26,21,0.9342,11.8054
2012-03-26,2012-04-27,21,0.6083,7.5486
2012-03-27,2012-05-02,21,0.8866,11.1735
2012-03-28,2012-05-03,21,1.8207,24.1752
2012-03-29,2012-05-04,21,2.4975,34.4498
2012-03-30,2012-05-07,21,2.4213,33.2546
2012-04-05,2012-05-08,21,2.0879,28.1412
2012-04-06,2012-05-09,21,0.8356,10.5006
2012-04-09,2012-05-10,21,0.9835,12.4618
2012-04-10,2012-05-11,21,0.2704,3.2934
2012-04-11,2012-05-14,21,-0.1911,-2.2687
2012-04-12,2012-05-15,21,-0.9485,-10.8065
2012-04-13,2012-05-16,21,-2.0425,-21.9357
2012-04-16,2012-05-17,21,-0.8081,-9.2776
2012-04-17,2012-05-18,21,-0.5547,-6.4566
2012-04-18,2012-05-21,21,-0.825,-9.4624
2012-04-19,2012-05-22,21,-0.3911,-4.5932
2012-04-20,2012-05-23,21,-1.2008,-13.4954
2012-04-23,2012-05-24,21,-1.079,-12.2068
2012-04-24,2012-05-25,21,-1.1937,-13.4204
2012-04-25,2012-05-28,21,-0.7395,-8.5216
2012-04-26,2012-05-29,21,-0.6384,-7.3977
2012-04-27,2012-05-30,21,-1.0996,-12.4252
2012-05-02,2012-05-31,21,-1.4951,-16.5366
2012-05-03,2012-06-01,21,-1.4291,-15.8632
2012-05-04,2012-06-04,21,-1.2566,-14.0798
2012-05-07,2012-06-05,21,-1.4278,-15.8503
2012-05-08,2012-06-06,21,-1.0889,-12.3122
2012-05-09,2012-06-07,21,-0.3064,-3.6155
2012-05-10,2012-06-08,21,-1.2585,-14.0998
2012-05-11,2012-06-11,21,-0.2026,-2.4041
2012-05-14,2012-06-12,21,-0.194,-2.3037
2012-05-15,2012-06-13,21,0.8266,10.3822
2012-05-16,2012-06-14,21,1.53,19.9863
2012-05-17,2012-06-15,21,0.9942,12.6044
2012-05-18,2012-06-18,21,0.9721,12.3092
2012-05-21,2012-06-19,21,0.4362,5.3613
2012-05-22,2012-06-20,21,0.0241,0.2892
2012-05-23,2012-06-21,21,-0.1052,-1.2556
2012-05-24,2012-06-25,21,-0.9429,-10.7457
2012-05-25,2012-06-26,21,-0.6431,-7.4498
2012-05-28,2012-06-27,21,-1.6474,-18.0721
2012-05-29,2012-06-28,21,-2.0273,-21.7903
2012-05-30,2012-06-29,21,-1.2415,-13.9215
2012-05-31,2012-07-02,21,-1.0853,-12.2742
2012-06-01,2012-07-03,21,-0.7504,-8.642
2012-06-04,2012-07-04,21,-0.9916,-11.2712
2012-06-05,2012-07-05,21,-1.1928,-13.4106
2012-06-06,2012-07-06,21,-1.1527,-12.9882
2012-06-07,2012-07-09,21,-1.7189,-18.7841
2012-06-08,2012-07-10,21,-0.8783,-10.0448
2012-06-11,2012-07-11,21,-1.4767,-16.3493
2012-06-12,2012-07-12,21,-1.0685,-12.0942
2012-06-13,2012-07-13,21,-1.6174,-17.772
2012-06-14,2012-07-16,21,-1.8237,-19.817
2012-06-15,2012-07-17,21,-1.8126,-19.7082
2012-06-18,2012-07-18,21,-1.9895,-21.4274
2012-06-19,2012-07-19,21,-1.8451,-20.0265
2012-06-20,2012-07-20,21,-1.8546,-20.1193
2012-06-21,2012-07-23,21,-1.6583,-18.1812
2012-06-25,2012-07-24,21,-0.6091,-7.0695
2012-06-26,2012-07-25,21,-0.8163,-9.368
2012-06-27,2012-07-26,21,-0.2561,-3.0297
2012-06-28,2012-07-27,21,0.076,0.9158
2012-06-29,2012-07-30,21,-0.4078,-4.7849
2012-07-02,2012-07-31,21,-0.6676,-7.7234
2012-07-03,2012-08-01,21,-0.8303,-9.5205
2012-07-04,2012-08-02,21,-1.3511,-15.0612
2012-07-05,2012-08-03,21,-0.9798,-11.1447
2012-07-06,2012-08-06,21,-0.6007,-6.975
2012-07-09,2012-08-07,21,0.3417,4.1785
2012-07-10,2012-08-08,21,0.3296,4.0279
2012-07-11,2012-08-09,21,0.629,7.8152
2012-07-12,2012-08-10,21,0.3158,3.8557
2012-07-13,2012-08-13,21,-0.1697,-2.018
2012-07-16,2012-08-14,21,0.0554,0.6667
2012-07-17,2012-08-15,21,-0.6364,-7.3753
2012-07-18,2012-08-16,21,-0.526,-6.132
2012-07-19,2012-08-17,21,-0.4018,-4.7169
2012-07-20,2012-08-20,21,-0.3209,-3.7833
2012-07-23,2012-08-21,21,0.3348,4.0926
2012-07-24,2012-08-22,21,0.2552,3.1056
2012-07-25,2012-08-23,21,0.9034,11.3957
2012-07-26,2012-08-24,21,0.234,2.8441
2012-07-27,2012-08-27,21,-0.3377,-3.9775
2012-07-30,2012-08-28,21,-0.2376,-2.8143
2012-07-31,2012-08-29,21,-0.4224,-4.9524
2012-08-01,2012-08-30,21,-0.7639,-8.7917
2012-08-02,2012-08-31,21,-0.3896,-4.5759
2012-08-03,2012-09-03,21,0.2779,3.3865
2012-08-06,2012-09-04,21,-0.488,-5.7008
2012-08-07,2012-09-05,21,-0.6389,-7.4032
2012-08-08,2012-09-06,21,-0.1875,-2.2265
2012-08-09,2012-09-07,21,0.2296,2.7898
2012-08-10,2012-09-10,21,1.1565,14.7959
2012-08-13,2012-09-11,21,1.2976,16.7321
2012-08-14,2012-09-12,21,1.4982,19.5361
2012-08-15,2012-09-13,21,1.6346,21.479
2012-08-16,2012-09-14,21,2.5831,35.8027
2012-08-17,2012-09-17,21,1.6837,22.1848
2012-08-20,2012-09-18,21,1.3762,17.8239
2012-08-21,2012-09-19,21,1.5401,20.1296
2012-08-22,2012-09-20,21,0.6686,8.3248
2012-08-23,2012-09-21,21,0.2618,3.1872
2012-08-24,2012-09-24,21,0.5549,6.8659
2012-08-27,2012-09-25,21,0.9281,11.7232
2012-08-28,2012-09-26,21,0.7455,9.3227
2012-08-29,2012-09-27,21,1.5925,20.8753
2012-08-30,2012-09-28,21,2.6373,36.667
2012-08-31,2012-10-08,21,2.1531,29.1278
2012-09-03,2012-10-09,21,1.9983,26.7992
2012-09-04,2012-10-10,21,2.122,28.6572
2012-09-05,2012-10-11,21,1.9413,25.9514
2012-09-06,2012-10-12,21,1.6028,21.0231
2012-09-07,2012-10-15,21,0.191,2.3156
2012-09-10,2012-10-16,21,-0.5244,-6.1147
2012-09-11,2012-10-17,21,-0.2238,-2.6533
2012-09-12,2012-10-18,21,0.0371,0.4467
2012-09-13,2012-10-19,21,0.1611,1.9504
2012-09-14,2012-10-22,21,-0.6482,-7.5068
2012-09-17,2012-10-23,21,-0.3135,-3.6978
2012-09-18,2012-10-24,21,-0.091,-1.0863
2012-09-19,2012-10-25,21,-0.6065,-7.0401
2012-09-20,2012-10-26,21,-0.473,-5.5306
2012-09-21,2012-10-29,21,-0.5842,-6.7899
2012-09-24,2012-10-30,21,-0.5121,-5.9756
2012-09-25,2012-10-31,21,-0.332,-3.9119
2012-09-26,2012-11-01,21,0.7834,9.816
2012-09-27,2012-11-02,21,-0.1455,-1.7322
2012-09-28,2012-11-05,21,-1.4048,-15.6143
2012-10-08,2012-11-06,21,-0.861,-9.8567
2012-10-09,2012-11-07,21,-0.9261,-10.5643
2012-10-10,2012-11-08,21,-1.3592,-15.1442
2012-10-11,2012-11-09,21,-0.913,-10.4223
2012-10-12,2012-11-12,21,-0.893,-10.205
2012-10-15,2012-11-13,21,-0.9813,-11.1606
2012-10-16,2012-11-14,21,-0.7991,-9.179
2012-10-17,2012-11-15,21,-1.3105,-14.6402
2012-10-18,2012-11-16,21,-1.9842,-21.3761
2012-10-19,2012-11-19,21,-1.6079,-17.6763
2012-10-22,2012-11-20,21,-1.5567,-17.1614
2012-10-23,2012-11-21,21,-1.0305,-11.6889
2012-10-24,2012-11-22,21,-0.9221,-10.5213
2012-10-25,2012-11-23,21,-0.5541,-6.4506
2012-10-26,2012-11-26,21,0.1574,1.9046
2012-10-29,2012-11-27,21,-0.2026,-2.4049
2012-10-30,2012-11-28,21,-0.6348,-7.3572
2012-10-31,2012-11-29,21,-1.2477,-13.9864
2012-11-01,2012-11-30,21,-1.6114,-17.7123
2012-11-02,2012-12-03,21,-1.9402,-20.9513
2012-11-05,2012-12-04,21,-1.4899,-16.4841
2012-11-06,2012-12-05,21,-0.6286,-7.2881
2012-11-07,2012-12-06,21,-1.4079,-15.6461
2012-11-08,2012-12-07,21,-0.1943,-2.3074
2012-11-09,2012-12-10,21,-0.0723,-0.8644
2012-11-12,2012-12-11,21,-0.255,-3.0175
2012-11-13,2012-12-12,21,0.5118,6.3179
2012-11-14,2012-12-13,21,-0.2004,-2.379
2012-11-15,2012-12-14,21,1.5391,20.1151
2012-11-16,2012-12-17,21,1.9172,25.5945
2012-11-19,2012-12-18,21,2.0424,27.4589
2012-11-20,2012-12-19,21,1.6783,22.1065
2012-11-21,2012-12-20,21,1.5002,19.5641
2012-11-22,2012-12-21,21,1.1514,14.7268
2012-11-23,2012-12-24,21,1.215,15.5955
2012-11-26,2012-12-25,21,1.8665,24.8465
2012-11-27,2012-12-26,21,2.3286,31.8153
2012-11-28,2012-12-27,21,2.6631,37.0795
2012-11-29,2012-12-28,21,3.644,53.6494
2012-11-30,2012-12-31,21,3.6681,54.0787
2012-12-03,2013-01-04,21,4.1389,62.6874
2012-12-04,2013-01-07,21,4.343,66.5566
2012-12-05,2013-01-08,21,2.9816,42.2704
2012-12-06,2013-01-09,21,3.4519,50.2667
2012-12-07,2013-01-10,21,2.7136,37.8909
2012-12-10,2013-01-11,21,2.0167,27.0739
2012-12-11,2013-01-14,21,3.1101,44.4157
2012-12-12,2013-01-15,21,3.1781,45.5621
2012-12-13,2013-01-16,21,3.7247,55.0908
2012-12-14,2013-01-17,21,1.9809,26.5393
2012-12-17,2013-01-18,21,2.5488,35.26
2012-12-18,2013-01-21,21,2.429,33.3758
2012-12-19,2013-01-22,21,2.7526,38.5199
2012-12-20,2013-01-23,21,2.7353,38.2414
2012-12-21,2013-01-24,21,2.7579,38.6066
2012-12-24,2013-01-25,21,2.199,29.826
2012-12-25,2013-01-28,21,2.273,30.9583
2012-12-26,2013-01-29,21,2.4496,33.6976
2012-12-27,2013-01-30,21,2.7147,37.9084
2012-12-28,2013-01-31,21,2.344,32.0534
2012-12-31,2013-02-01,21,2.2489,30.5879
2013-01-04,2013-02-04,21,2.5645,35.5081
2013-01-07,2013-02-05,21,2.6722,37.2248
2013-01-08,2013-02-06,21,2.9037,40.9851
2013-01-09,2013-02-07,21,2.5951,35.9939
2013-01-10,2013-02-08,21,2.6646,37.1035
2013-01-11,2013-02-18,21,1.8122,24.0501
2013-01-14,2013-02-19,21,0.3705,4.5374
2013-01-15,2013-02-20,21,0.2577,3.1372
2013-01-16,2013-02-21,21,-1.2204,-13.7003
2013-01-17,2013-02-22,21,-0.7926,-9.1078
2013-01-18,2013-02-25,21,-1.2738,-14.2584
2013-01-21,2013-02-26,21,-1.7287,-18.8816
2013-01-22,2013-02-27,21,-1.1769,-13.2433
2013-01-23,2013-02-28,21,-0.599,-6.9554
2013-01-24,2013-03-01,21,-0.4254,-4.9872
2013-01-25,2013-03-04,21,-1.4374,-15.9485
2013-01-28,2013-03-05,21,-1.2776,-14.2982
2013-01-29,2013-03-06,21,-1.3698,-15.2536
2013-01-30,2013-03-07,21,-1.7508,-19.1
2013-01-31,2013-03-08,21,-2.1047,-22.528
2013-02-01,2013-03-11,21,-2.4473,-25.7199
2013-02-04,2013-03-12,21,-2.9721,-30.3757
2013-02-05,2013-03-13,21,-3.3817,-33.8223
2013-02-06,2013-03-14,21,-3.3829,-33.8319
2013-02-07,2013-03-15,21,-3.1717,-32.0755
2013-02-08,2013-03-18,21,-3.5613,-35.2835
2013-02-18,2013-03-19,21,-2.1408,-22.8702
2013-02-19,2013-03-20,21,-0.814,-9.3423
2013-02-20,2013-03-21,21,-0.9261,-10.5643
2013-02-21,2013-03-22,21,0.6064,7.524
2013-02-22,2013-03-25,21,0.3602,4.409
2013-02-25,2013-03-26,21,-0.1419,-1.6894
2013-02-26,2013-03-27,21,0.1385,1.6746
2013-02-27,2013-03-28,21,-1.0478,-11.8742
2013-02-28,2013-03-29,21,-1.7885,-19.4723
2013-03-01,2013-04-01,21,-1.5504,-17.0973
2013-03-04,2013-04-02,21,-0.3876,-4.5537
2013-03-05,2013-04-03,21,-1.7819,-19.4069
2013-03-06,2013-04-08,21,-1.8097,-19.6802
2013-03-07,2013-04-09,21,-1.4642,-16.2228
2013-03-08,2013-04-10,21,-1.1437,-12.8934
2013-03-11,2013-04-11,21,-1.6498,-18.0963
2013-03-12,2013-04-12,21,-1.4018,-15.5836
2013-03-13,2013-04-15,21,-2.7483,-28.4241
2013-03-14,2013-04-16,21,-4.2375,-40.5233
2013-03-15,2013-04-17,21,-4.4833,-42.3298
2013-03-18,2013-04-18,21,-4.0062,-38.7767
2013-03-19,2013-04-19,21,-3.1441,-31.8427
2013-03-20,2013-04-22,21,-4.0361,-39.0051
2013-03-21,2013-04-23,21,-4.7572,-44.2834
2013-03-22,2013-04-24,21,-4.1197,-39.6394
2013-03-25,2013-04-25,21,-3.9903,-38.6544
2013-03-26,2013-04-26,21,-3.325,-33.3545
2013-03-27,2013-05-02,21,-3.6738,-36.1833
2013-03-28,2013-05-03,21,-2.2379,-23.7839
2013-03-29,2013-05-06,21,-1.8508,-20.0823
2013-04-01,2013-05-07,21,-2.0815,-22.3083
2013-04-02,2013-05-08,21,-1.9125,-20.6835
2013-04-03,2013-05-09,21,-1.2978,-14.5088
2013-04-08,2013-05-10,21,-1.3708,-15.264
2013-04-09,2013-05-13,21,-2.0988,-22.4728
2013-04-10,2013-05-14,21,-2.4645,-25.8766
2013-04-11,2013-05-15,21,-2.1897,-23.3321
2013-04-12,2013-05-16,21,-1.8622,-20.1943
2013-04-15,2013-05-17,21,-0.2953,-3.4864
2013-04-16,2013-05-20,21,1.0067,12.7727
2013-04-17,2013-05-21,21,2.0962,28.2666
2013-04-18,2013-05-22,21,1.9372,25.8897
2013-04-19,2013-05-23,21,0.0521,0.6274
2013-04-22,2013-05-24,21,0.378,4.6314
2013-04-23,2013-05-27,21,1.2843,16.5484
2013-04-24,2013-05-28,21,0.8922,11.2483
2013-04-25,2013-05-29,21,0.764,9.5633
2013-04-26,2013-05-30,21,0.8101,10.1661
2013-05-02,2013-05-31,21,1.0744,13.6831
2013-05-03,2013-06-03,21,-0.1402,-1.6699
2013-05-06,2013-06-04,21,-0.5985,-6.9503
2013-05-07,2013-06-05,21,-0.4003,-4.6991
2013-05-08,2013-06-06,21,-1.0125,-11.496
2013-05-09,2013-06-07,21,-1.2705,-14.2247
2013-05-10,2013-06-13,21,-2.4275,-25.5387
2013-05-13,2013-06-14,21,-1.7471,-19.0631
2013-05-14,2013-06-17,21,-1.5554,-17.148
2013-05-15,2013-06-18,21,-1.294,-14.4696
2013-05-16,2013-06-19,21,-1.7163,-18.7586
2013-05-17,2013-06-20,21,-3.2479,-32.7139
2013-05-20,2013-06-21,21,-3.4558,-34.4286
2013-05-21,2013-06-24,21,-6.1596,-53.3685
2013-05-22,2013-06-25,21,-6.0969,-52.9932
2013-05-23,2013-06-26,21,-6.1872,-53.5328
2013-05-24,2013-06-27,21,-6.5994,-55.9247
2013-05-27,2013-06-28,21,-6.9115,-57.66
2013-05-28,2013-07-01,21,-6.3089,-54.2509
2013-05-29,2013-07-02,21,-5.9163,-51.8972
2013-05-30,2013-07-03,21,-6.6002,-55.9291
2013-05-31,2013-07-04,21,-6.2386,-53.8378
2013-06-03,2013-07-05,21,-6.0293,-52.5855
2013-06-04,2013-07-08,21,-6.9519,-57.8796
2013-06-05,2013-07-09,21,-6.2098,-53.6671
2013-06-06,2013-07-10,21,-5.3426,-48.2568
2013-06-07,2013-07-11,21,-3.4516,-34.3944
2013-06-13,2013-07-12,21,-3.0927,-31.4076
2013-06-14,2013-07-15,21,-2.6518,-27.5675
2013-06-17,2013-07-16,21,-2.513,-26.3178
2013-06-18,2013-07-17,21,-2.8061,-28.9327
2013-06-19,2013-07-18,21,-3.1429,-31.8323
2013-06-20,2013-07-19,21,-2.0921,-22.4087
2013-06-21,2013-07-22,21,-0.8563,-9.8053
2013-06-24,2013-07-23,21,2.099,28.3085
2013-06-25,2013-07-24,21,2.0258,27.2093
2013-06-26,2013-07-25,21,2.1988,29.823
2013-06-27,2013-07-26,21,2.3733,32.5071
2013-06-28,2013-07-29,21,1.8236,24.2173
2013-07-01,2013-07-30,21,0.9334,11.7946
2013-07-02,2013-07-31,21,0.8675,10.9213
2013-07-03,2013-08-01,21,1.6801,22.1322
2013-07-04,2013-08-02,21,0.7488,9.3648
2013-07-05,2013-08-05,21,1.7915,23.7473
2013-07-08,2013-08-06,21,2.8772,40.55
2013-07-09,2013-08-07,21,1.7392,22.9866
2013-07-10,2013-08-08,21,1.3274,17.1452
2013-07-11,2013-08-09,21,-0.145,-1.7264
2013-07-12,2013-08-12,21,1.8252,24.2405
2013-07-15,2013-08-13,21,1.4852,19.3529
2013-07-16,2013-08-14,21,0.9586,12.1301
2013-07-17,2013-08-15,21,1.3672,17.6976
2013-07-18,2013-08-16,21,2.2547,30.6765
2013-07-19,2013-08-19,21,3.2649,47.0389
2013-07-22,2013-08-20,21,2.0137,27.0285
2013-07-23,2013-08-21,21,1.2333,15.8457
2013-07-24,2013-08-22,21,1.1427,14.6077
2013-07-25,2013-08-23,21,1.6675,21.9515
2013-07-26,2013-08-26,21,2.5482,35.25
2013-07-29,2013-08-27,21,3.5134,51.3416
2013-07-30,2013-08-28,21,3.6564,53.8694
2013-07-31,2013-08-29,21,2.9476,41.7075
2013-08-01,2013-08-30,21,2.4472,33.6594
2013-08-02,2013-09-02,21,3.003,42.6266
2013-08-05,2013-09-03,21,2.3832,32.6621
2013-08-06,2013-09-04,21,2.8591,40.2531
2013-08-07,2013-09-05,21,2.7656,38.7307
2013-08-08,2013-09-06,21,2.5193,34.7924
2013-08-09,2013-09-09,21,3.2526,46.8297
2013-08-12,2013-09-10,21,2.2474,30.5647
2013-08-13,2013-09-11,21,1.9068,25.4411
2013-08-14,2013-09-12,21,2.2399,30.4507
2013-08-15,2013-09-13,21,1.4072,18.256
2013-08-16,2013-09-16,21,1.2686,16.3317
2013-08-19,2013-09-17,21,0.0173,0.2074
2013-08-20,2013-09-18,21,0.4065,4.9886
2013-08-21,2013-09-23,21,1.0626,13.523
2013-08-22,2013-09-24,21,0.8427,10.594
2013-08-23,2013-09-25,21,0.7159,8.9374
2013-08-26,2013-09-26,21,-0.5578,-6.492
2013-08-27,2013-09-27,21,-0.6654,-7.6992
2013-08-28,2013-09-30,21,-0.5081,-5.9294
2013-08-29,2013-10-08,21,0.0079,0.0945
2013-08-30,2013-10-09,21,0.1231,1.4867
2013-09-02,2013-10-10,21,-0.3237,-3.8156
2013-09-03,2013-10-11,21,-0.4639,-5.4264
2013-09-04,2013-10-14,21,-0.8548,-9.789
2013-09-05,2013-10-15,21,-0.5647,-6.5693
2013-09-06,2013-10-16,21,-0.7369,-8.4932
2013-09-09,2013-10-17,21,-2.1712,-23.1574
2013-09-10,2013-10-18,21,-1.4662,-16.2422
2013-09-11,2013-10-21,21,-0.9237,-10.5382
2013-09-12,2013-10-22,21,-1.1146,-12.5854
2013-09-13,2013-10-23,21,-0.3746,-4.4035
2013-09-16,2013-10-24,21,-0.5251,-6.1222
2013-09-17,2013-10-25,21,-0.2865,-3.3848
2013-09-18,2013-10-28,21,-0.0613,-0.7333
2013-09-23,2013-10-29,21,-0.7249,-8.3598
2013-09-24,2013-10-30,21,-0.1308,-1.5588
2013-09-25,2013-10-31,21,-0.5737,-6.6718
2013-09-26,2013-11-01,21,-0.2201,-2.609
2013-09-27,2013-11-04,21,-0.2791,-3.2982
2013-09-30,2013-11-05,21,-0.6815,-7.8784
2013-10-08,2013-11-06,21,-1.1342,-12.7928
2013-10-09,2013-11-07,21,-1.1328,-12.7781
2013-10-10,2013-11-08,21,-1.1735,-13.208
2013-10-11,2013-11-11,21,-1.6014,-17.611
2013-10-14,2013-11-12,21,-1.2653,-14.1698
2013-10-15,2013-11-13,21,-1.792,-19.5064
2013-10-16,2013-11-14,21,-1.2724,-14.2448
2013-10-17,2013-11-15,21,-0.4018,-4.7169
2013-10-18,2013-11-18,21,-0.5265,-6.1384
2013-10-21,2013-11-19,21,-1.4212,-15.7821
2013-10-22,2013-11-20,21,-0.8788,-10.0502
2013-10-23,2013-11-21,21,-1.5255,-16.8454
2013-10-24,2013-11-22,21,-1.5171,-16.7606
2013-10-25,2013-11-25,21,-1.4649,-16.2292
2013-10-28,2013-11-26,21,-1.1409,-12.8637
2013-10-29,2013-11-27,21,-1.0918,-12.3423
2013-10-30,2013-11-28,21,-1.2213,-13.7103
2013-10-31,2013-11-29,21,-0.6475,-7.4993
2013-11-01,2013-12-02,21,-0.7441,-8.5728
2013-11-04,2013-12-03,21,-0.8123,-9.3235
2013-11-05,2013-12-04,21,-0.5466,-6.3652
2013-11-06,2013-12-05,21,0.0353,0.4244
2013-11-07,2013-12-06,21,-0.2781,-3.2872
2013-11-08,2013-12-09,21,0.342,4.182
2013-11-11,2013-12-10,21,0.9097,11.4792
2013-11-12,2013-12-11,21,0.4992,6.1571
2013-11-13,2013-12-12,21,1.1057,14.1059
2013-11-14,2013-12-13,21,0.1604,1.9424
2013-11-15,2013-12-16,21,-0.728,-8.394
2013-11-18,2013-12-17,21,-1.4471,-16.0477
2013-11-19,2013-12-18,21,-1.2106,-13.5975
2013-11-20,2013-12-19,21,-1.8576,-20.1494
2013-11-21,2013-12-20,21,-2.3087,-24.444
2013-11-22,2013-12-23,21,-1.9369,-20.9195
2013-11-25,2013-12-24,21,-1.633,-17.9285
2013-11-26,2013-12-25,21,-1.682,-18.4181
2013-11-27,2013-12-26,21,-2.2591,-23.9822
2013-11-28,2013-12-27,21,-1.7795,-19.3829
2013-11-29,2013-12-30,21,-2.0359,-21.8726
2013-12-02,2013-12-31,21,-1.6356,-17.9545
2013-12-03,2014-01-02,21,-1.2187,-13.683
2013-12-04,2014-01-03,21,-1.7082,-18.6782
2013-12-05,2014-01-06,21,-2.4505,-25.7494
2013-12-06,2014-01-07,21,-2.1121,-22.5983
2013-12-09,2014-01-08,21,-2.4466,-25.7141
2013-12-10,2014-01-09,21,-2.9337,-30.0443
2013-12-11,2014-01-10,21,-2.7876,-28.7709
2013-12-12,2014-01-13,21,-2.5391,-26.5542
2013-12-13,2014-01-14,21,-1.7411,-19.0046
2013-12-16,2014-01-15,21,-1.7205,-18.8
2013-12-17,2014-01-16,21,-1.7717,-19.3063
2013-12-18,2014-01-17,21,-1.8865,-20.4307
2013-12-19,2014-01-20,21,-1.367,-15.2252
2013-12-20,2014-01-21,21,-0.0493,-0.5902
2013-12-23,2014-01-22,21,0.0577,0.6949
2013-12-24,2014-01-23,21,-0.0462,-0.5532
2013-12-25,2014-01-24,21,0.1138,1.3747
2013-12-26,2014-01-27,21,0.3912,4.7963
2013-12-27,2014-01-28,21,-0.3961,-4.6507
2013-12-30,2014-01-29,21,-0.1084,-1.2927
2013-12-31,2014-01-30,21,-0.6691,-7.7406
2014-01-02,2014-02-07,21,-0.752,-8.6598
2014-01-03,2014-02-10,21,0.2091,2.5386
2014-01-06,2014-02-11,21,1.2156,15.603
2014-01-07,2014-02-12,21,1.3217,17.065
2014-01-08,2014-02-13,21,1.5238,19.8992
2014-01-09,2014-02-14,21,2.2731,30.9595
2014-01-10,2014-02-17,21,2.9791,42.23
2014-01-13,2014-02-18,21,2.2929,31.2634
2014-01-14,2014-02-19,21,2.3625,32.3402
2014-01-15,2014-02-20,21,2.3165,31.6277
2014-01-16,2014-02-21,21,2.101,28.3389
2014-01-17,2014-02-24,21,2.0932,28.2213
2014-01-20,2014-02-25,21,1.5079,19.6742
2014-01-21,2014-02-26,21,1.6084,21.1034
2014-01-22,2014-02-27,21,0.8244,10.3536
2014-01-23,2014-02-28,21,1.3681,17.7108
2014-01-24,2014-03-03,21,1.2308,15.811
2014-01-27,2014-03-04,21,1.1845,15.1782
2014-01-28,2014-03-05,21,1.0182,12.9269
2014-01-29,2014-03-06,21,1.0317,13.1074
2014-01-30,2014-03-07,21,1.4918,19.4466
2014-02-07,2014-03-10,21,0.0799,0.9627
2014-02-10,2014-03-11,21,-0.3968,-4.6594
2014-02-11,2014-03-12,21,-0.366,-4.3049
2014-02-12,2014-03-13,21,0.0973,1.1741
2014-02-13,2014-03-14,21,-0.0418,-0.5004
2014-02-14,2014-03-17,21,-0.0191,-0.2286
2014-02-17,2014-03-18,21,-1.064,-12.0464
2014-02-18,2014-03-19,21,-0.8405,-9.6324
2014-02-19,2014-03-20,21,-1.771,-19.2994
2014-02-20,2014-03-21,21,-0.6875,-7.9454
2014-02-21,2014-03-24,21,-0.4984,-5.82
2014-02-24,2014-03-25,21,-0.3959,-4.6485
2014-02-25,2014-03-26,21,0.1186,1.4322
2014-02-26,2014-03-27,21,-0.5224,-6.092
2014-02-27,2014-03-28,21,-0.1927,-2.288
2014-02-28,2014-03-31,21,-0.6704,-7.7551
2014-03-03,2014-04-01,21,-1.0212,-11.5885
2014-03-04,2014-04-02,21,-0.5614,-6.533
2014-03-05,2014-04-03,21,-0.2971,-3.5071
2014-03-06,2014-04-04,21,-0.2163,-2.5647
2014-03-07,2014-04-08,21,0.551,6.816
2014-03-10,2014-04-09,21,1.8496,24.598
2014-03-11,2014-04-10,21,2.0285,27.2495
2014-03-12,2014-04-11,21,1.5619,20.4395
2014-03-13,2014-04-14,21,1.1762,15.0648
2014-03-14,2014-04-15,21,0.6457,8.0296
2014-03-17,2014-04-16,21,-0.0667,-0.7976
2014-03-18,2014-04-17,21,0.1869,2.2661
2014-03-19,2014-04-18,21,0.4382,5.3873
2014-03-20,2014-04-21,21,0.5031,6.2066
2014-03-21,2014-04-22,21,-0.1306,-1.5561
2014-03-24,2014-04-23,21,-0.3,-3.5408
2014-03-25,2014-04-24,21,-0.109,-1.2998
2014-03-26,2014-04-25,21,-0.1863,-2.2124
2014-03-27,2014-04-28,21,0.1337,1.6166
2014-03-28,2014-04-29,21,0.2715,3.3076
2014-03-31,2014-04-30,21,0.4417,5.4312
2014-04-01,2014-05-05,21,0.6503,8.0887
2014-04-02,2014-05-06,21,0.5355,6.6182
2014-04-03,2014-05-07,21,0.2868,3.4967
2014-04-04,2014-05-08,21,-0.2445,-2.8948
2014-04-08,2014-05-09,21,-1.2326,-13.8284
2014-04-09,2014-05-12,21,-0.7692,-8.8496
2014-04-10,2014-05-13,21,-1.2398,-13.9037
2014-04-11,2014-05-14,21,-1.1588,-13.0522
2014-04-14,2014-05-15,21,-1.5698,-17.2934
2014-04-15,2014-05-16,21,-0.9563,-10.891
2014-04-16,2014-05-19,21,-1.0271,-11.652
2014-04-17,2014-05-20,21,-0.9856,-11.2063
2014-04-18,2014-05-21,21,-0.6684,-7.7328
2014-04-21,2014-05-22,21,-0.0817,-0.976
2014-04-22,2014-05-23,21,-0.1262,-1.5036
2014-04-23,2014-05-26,21,0.0285,0.342
2014-04-24,2014-05-27,21,-0.1648,-1.9597
2014-04-25,2014-05-28,21,-0.226,-2.678
2014-04-28,2014-05-29,21,-0.5892,-6.8461
2014-04-29,2014-05-30,21,-0.5585,-6.5
2014-04-30,2014-06-03,21,-0.866,-9.9108
2014-05-05,2014-06-04,21,-1.3525,-15.0754
2014-05-06,2014-06-05,21,-1.24,-13.9057
2014-05-07,2014-06-06,21,-0.9157,-10.4518
2014-05-08,2014-06-09,21,-0.616,-7.1466
2014-05-09,2014-06-10,21,-0.2821,-3.333
2014-05-12,2014-06-11,21,-0.6511,-7.5392
2014-05-13,2014-06-12,21,-0.7854,-9.0286
2014-05-14,2014-06-13,21,-0.3353,-3.95
2014-05-15,2014-06-16,21,0.2795,3.4055
2014-05-16,2014-06-17,21,-0.1808,-2.148
2014-05-19,2014-06-18,21,0.0345,0.4152
2014-05-20,2014-06-19,21,0.0291,0.3501
2014-05-21,2014-06-20,21,0.5075,6.2625
2014-05-22,2014-06-23,21,0.6021,7.4691
2014-05-23,2014-06-24,21,0.4743,5.843
2014-05-26,2014-06-25,21,0.2114,2.5668
2014-05-27,2014-06-26,21,0.6269,7.788
2014-05-28,2014-06-27,21,0.864,10.8758
2014-05-29,2014-06-30,21,1.364,17.6533
2014-05-30,2014-07-01,21,1.4121,18.3252
2014-06-03,2014-07-02,21,1.8053,23.9494
2014-06-04,2014-07-03,21,2.0864,28.1201
2014-06-05,2014-07-04,21,1.8443,24.5211
2014-06-06,2014-07-07,21,1.5131,19.7464
2014-06-09,2014-07-08,21,1.7574,23.2521
2014-06-10,2014-07-09,21,1.211,15.5399
2014-06-11,2014-07-10,21,1.0624,13.5204
2014-06-12,2014-07-11,21,1.4901,19.4224
2014-06-13,2014-07-14,21,0.8885,11.1993
2014-06-16,2014-07-15,21,0.3528,4.3169
2014-06-17,2014-07-16,21,0.6433,7.9982
2014-06-18,2014-07-17,21,0.7048,8.7937
2014-06-19,2014-07-18,21,1.0655,13.5629
2014-06-20,2014-07-21,21,0.3321,4.0585
2014-06-23,2014-07-22,21,0.4426,5.4424
2014-06-24,2014-07-23,21,0.4018,4.9295
2014-06-25,2014-07-24,21,0.8935,11.2649
2014-06-26,2014-07-25,21,0.8513,10.7078
2014-06-27,2014-07-28,21,1.7224,22.7433
2014-06-30,2014-07-29,21,1.7445,23.0636
2014-07-01,2014-07-30,21,1.3722,17.7672
2014-07-02,2014-07-31,21,1.5168,19.799
2014-07-03,2014-08-01,21,1.0045,12.7433
2014-07-04,2014-08-04,21,1.7563,23.2348
2014-07-07,2014-08-05,21,1.8656,24.8339
2014-07-08,2014-08-06,21,1.608,21.0979
2014-07-09,2014-08-07,21,1.7363,22.9449
2014-07-10,2014-08-08,21,2.0003,26.8282
2014-07-11,2014-08-11,21,1.9026,25.3791
2014-07-14,2014-08-12,21,1.9251,25.7115
2014-07-15,2014-08-13,21,2.085,28.0985
2014-07-16,2014-08-14,21,2.164,29.2925
2014-07-17,2014-08-15,21,2.454,33.7666
2014-07-18,2014-08-18,21,2.1219,28.655
2014-07-21,2014-08-19,21,2.0212,27.1402
2014-07-22,2014-08-20,21,1.6669,21.9418
2014-07-23,2014-08-21,21,1.1818,15.141
2014-07-24,2014-08-22,21,1.0675,13.5895
2014-07-25,2014-08-25,21,0.6337,7.8749
2014-07-28,2014-08-26,21,-0.2673,-3.1613
2014-07-29,2014-08-27,21,-0.4152,-4.8703
2014-07-30,2014-08-28,21,-0.3433,-4.0431
2014-07-31,2014-08-29,21,-0.2402,-2.8443
2014-08-01,2014-09-01,21,0.3386,4.1392
2014-08-04,2014-09-02,21,-0.2789,-3.2965
2014-08-05,2014-09-03,21,-0.0409,-0.4897
2014-08-06,2014-09-04,21,0.2425,2.9487
2014-08-07,2014-09-05,21,0.5393,6.6667
2014-08-08,2014-09-09,21,0.0724,0.8717
2014-08-11,2014-09-10,21,-0.2422,-2.8675
2014-08-12,2014-09-11,21,-0.4223,-4.9513
2014-08-13,2014-09-12,21,-0.471,-5.5076
2014-08-14,2014-09-15,21,-0.3362,-3.9602
2014-08-15,2014-09-16,21,-1.0276,-11.6578
2014-08-18,2014-09-17,21,-0.7775,-8.9415
2014-08-19,2014-09-18,21,-0.8802,-10.0654
2014-08-20,2014-09-19,21,-0.6344,-7.3522
2014-08-21,2014-09-22,21,-0.935,-10.6607
2014-08-22,2014-09-23,21,-0.8387,-9.6134
2014-08-25,2014-09-24,21,0.0853,1.0279
2014-08-26,2014-09-25,21,-0.272,-3.216
2014-08-27,2014-09-26,21,0.1338,1.6179
2014-08-28,2014-09-29,21,0.2739,3.3367
2014-08-29,2014-09-30,21,-0.0442,-0.5295
2014-09-01,2014-10-08,21,0.0637,0.7667
2014-09-02,2014-10-09,21,0.1391,1.6825
2014-09-03,2014-10-10,21,-0.2158,-2.5592
2014-09-04,2014-10-13,21,-0.3227,-3.8043
2014-09-05,2014-10-14,21,-0.5696,-6.6255
2014-09-09,2014-10-15,21,-0.351,-4.1311
2014-09-10,2014-10-16,21,-0.1685,-2.0033
2014-09-11,2014-10-17,21,0.0561,0.675
2014-09-12,2014-10-20,21,0.2263,2.7491
2014-09-15,2014-10-21,21,0.1976,2.397
2014-09-16,2014-10-22,21,0.4677,5.7586
2014-09-17,2014-10-23,21,-0.043,-0.5147
2014-09-18,2014-10-24,21,-0.1333,-1.5877
2014-09-19,2014-10-27,21,-0.5282,-6.1574
2014-09-22,2014-10-28,21,0.6303,7.8316
2014-09-23,2014-10-29,21,0.7641,9.5652
2014-09-24,2014-10-30,21,-0.1831,-2.1755
2014-09-25,2014-10-31,21,0.0884,1.0655
2014-09-26,2014-11-03,21,-0.5868,-6.8188
2014-09-29,2014-11-04,21,-0.4683,-5.4768
2014-09-30,2014-11-05,21,-1.1467,-12.9251
2014-10-08,2014-11-06,21,-1.3134,-14.6707
2014-10-09,2014-11-07,21,-1.4806,-16.389
2014-10-10,2014-11-10,21,-0.0195,-0.2342
2014-10-13,2014-11-11,21,-0.5788,-6.7284
2014-10-14,2014-11-12,21,0.2717,3.3098
2014-10-15,2014-11-13,21,-0.0512,-0.6125
2014-10-16,2014-11-14,21,-0.223,-2.6436
2014-10-17,2014-11-17,21,0.3911,4.7959
2014-10-20,2014-11-18,21,-0.0043,-0.0521
2014-10-21,2014-11-19,21,0.1386,1.6763
2014-10-22,2014-11-20,21,0.0481,0.5785
2014-10-23,2014-11-21,21,1.1105,14.171
2014-10-24,2014-11-24,21,2.2543,30.6703
2014-10-27,2014-11-25,21,2.9741,42.1462
2014-10-28,2014-11-26,21,2.8355,39.868
2014-10-29,2014-11-27,21,2.6706,37.2005
2014-10-30,2014-11-28,21,3.3307,48.1682
2014-10-31,2014-12-01,21,2.7697,38.798
2014-11-03,2014-12-02,21,5.334,86.5621
2014-11-04,2014-12-03,21,5.561,91.4438
2014-11-05,2014-12-04,21,7.7846,145.8567
2014-11-06,2014-12-05,21,7.8711,148.234
2014-11-07,2014-12-08,21,8.891,177.9088
2014-11-10,2014-12-09,21,6.4494,111.6996
2014-11-11,2014-12-10,21,8.7683,174.1749
2014-11-12,2014-12-11,21,7.2497,131.6073
2014-11-13,2014-12-12,21,7.6292,141.6358
2014-11-14,2014-12-15,21,8.048,153.1623
2014-11-17,2014-12-16,21,7.7621,145.241
2014-11-18,2014-12-17,21,8.6551,170.7698
2014-11-19,2014-12-18,21,8.59,168.8297
2014-11-20,2014-12-19,21,9.3162,191.2149
2014-11-21,2014-12-22,21,8.539,167.3183
2014-11-24,2014-12-23,21,6.496,112.8136
2014-11-25,2014-12-24,21,5.1656,83.0138
2014-11-26,2014-12-25,21,5.7005,94.5021
2014-11-27,2014-12-26,21,6.5524,114.1713
2014-11-28,2014-12-29,21,6.4475,111.6531
2014-12-01,2014-12-30,21,6.9193,123.1888
2014-12-02,2014-12-31,21,5.2814,85.4475
2014-12-03,2015-01-05,21,6.0589,102.5657
2014-12-04,2015-01-06,21,4.8213,75.9514
2014-12-05,2015-01-07,21,4.7706,74.9345
2014-12-08,2015-01-08,21,3.1255,44.6754
2014-12-09,2015-01-09,21,3.9687,59.525
2014-12-10,2015-01-12,21,2.3403,31.9953
2014-12-11,2015-01-13,21,3.071,43.7596
2014-12-12,2015-01-14,21,2.8416,39.9667
2014-12-15,2015-01-15,21,3.2944,47.5439
2014-12-16,2015-01-16,21,3.9709,59.5662
2014-12-17,2015-01-19,21,1.845,24.5314
2014-12-18,2015-01-20,21,2.1298,28.7751
2014-12-19,2015-01-21,21,3.3598,48.6685
2014-12-22,2015-01-22,21,3.1242,44.6522
2014-12-23,2015-01-23,21,4.3547,66.7799
2014-12-24,2015-01-26,21,5.4479,88.9974
2014-12-25,2015-01-27,21,4.1942,63.7274
2014-12-26,2015-01-28,21,2.9043,40.9949
2014-12-29,2015-01-29,21,2.1264,28.7231
2014-12-30,2015-01-30,21,1.5045,19.6254
2014-12-31,2015-02-02,21,0.8222,10.3252
2015-01-05,2015-02-03,21,0.484,5.9655
2015-01-06,2015-02-04,21,-0.3217,-3.793
2015-01-07,2015-02-05,21,-0.5464,-6.3636
2015-01-08,2015-02-06,21,-0.3821,-4.4896
2015-01-09,2015-02-09,21,-0.6738,-7.7922
2015-01-12,2015-02-10,21,-0.2205,-2.6146
2015-01-13,2015-02-11,21,-0.2836,-3.35
2015-01-14,2015-02-12,21,-0.3258,-3.8406
2015-01-15,2015-02-13,21,-0.5537,-6.4457
2015-01-16,2015-02-16,21,-1.1589,-13.0538
2015-01-19,2015-02-17,21,0.4918,6.0641
2015-01-20,2015-02-25,21,-0.3897,-4.5773
2015-01-21,2015-02-26,21,-1.2748,-14.2693
2015-01-22,2015-02-27,21,-1.0558,-11.9587
2015-01-23,2015-03-02,21,-0.8462,-9.6954
2015-01-26,2015-03-03,21,-1.9797,-21.3331
2015-01-27,2015-03-04,21,-1.4739,-16.3212
2015-01-28,2015-03-05,21,-1.5535,-17.1288
2015-01-29,2015-03-06,21,-1.298,-14.5105
2015-01-30,2015-03-09,21,-0.6283,-7.2849
2015-02-02,2015-03-10,21,-0.7377,-8.5016
2015-02-03,2015-03-11,21,-1.2998,-14.5298
2015-02-04,2015-03-12,21,-0.242,-2.8659
2015-02-05,2015-03-13,21,-0.005,-0.0604
2015-02-06,2015-03-16,21,1.2511,16.0904
2015-02-09,2015-03-17,21,1.6701,21.9888
2015-02-10,2015-03-18,21,1.5014,19.582
2015-02-11,2015-03-19,21,1.7563,23.2349
2015-02-12,2015-03-20,21,2.3156,31.6148
2015-02-13,2015-03-23,21,2.7858,39.0582
2015-02-16,2015-03-24,21,2.5685,35.5709
2015-02-17,2015-03-25,21,2.2836,31.1202
2015-02-25,2015-03-26,21,3.2475,46.7415
2015-02-26,2015-03-27,21,2.6216,36.4154
2015-02-27,2015-03-30,21,3.0767,43.8554
2015-03-02,2015-03-31,21,2.0795,28.016
2015-03-03,2015-04-01,21,3.6139,53.1152
2015-03-04,2015-04-02,21,3.9298,58.8103
2015-03-05,2015-04-03,21,4.5281,70.1357
2015-03-06,2015-04-07,21,5.6088,92.4873
2015-03-09,2015-04-08,21,5.8624,98.1068
2015-03-10,2015-04-09,21,5.6857,94.1751
2015-03-11,2015-04-10,21,6.1286,104.1695
2015-03-12,2015-04-13,21,6.313,108.4666
2015-03-13,2015-04-14,21,6.0855,103.1756
2015-03-16,2015-04-15,21,4.8776,77.0901
2015-03-17,2015-04-16,21,5.7196,94.9233
2015-03-18,2015-04-17,21,5.7503,95.6049
2015-03-19,2015-04-20,21,5.0716,81.061
2015-03-20,2015-04-21,21,5.0341,80.2859
2015-03-23,2015-04-22,21,5.051,80.6355
2015-03-24,2015-04-23,21,4.5522,70.6077
2015-03-25,2015-04-24,21,4.707,73.6633
2015-03-26,2015-04-27,21,4.7787,75.0959
2015-03-27,2015-04-28,21,4.6952,73.4281
2015-03-30,2015-04-29,21,4.5134,69.8491
2015-03-31,2015-04-30,21,4.768,74.8806
2015-04-01,2015-05-04,21,4.0448,60.9319
2015-04-02,2015-05-05,21,2.5075,34.6069
2015-04-03,2015-05-06,21,2.1921,29.7195
2015-04-07,2015-05-07,21,0.9423,11.9123
2015-04-08,2015-05-08,21,1.3556,17.5365
2015-04-09,2015-05-11,21,2.6846,37.4249
2015-04-10,2015-05-12,21,2.4598,33.8572
2015-04-13,2015-05-13,21,1.7909,23.7398
2015-04-14,2015-05-14,21,2.3122,31.561
2015-04-15,2015-05-15,21,2.2219,30.1752
2015-04-16,2015-05-18,21,1.2159,15.6067
2015-04-17,2015-05-19,21,1.5553,20.3454
2015-04-20,2015-05-20,21,1.5469,20.2268
2015-04-21,2015-05-21,21,1.8467,24.5552
2015-04-22,2015-05-22,21,1.5723,20.5884
2015-04-23,2015-05-25,21,2.7114,37.855
2015-04-24,2015-05-26,21,3.1193,44.5703
2015-04-27,2015-05-27,21,2.5292,34.9488
2015-04-28,2015-05-28,21,0.6212,7.7149
2015-04-29,2015-05-29,21,0.2824,3.4415
2015-04-30,2015-06-01,21,1.7543,23.206
2015-05-04,2015-06-02,21,2.4051,33.003
2015-05-05,2015-06-03,21,3.3556,48.596
2015-05-06,2015-06-04,21,3.4954,51.027
2015-05-07,2015-06-05,21,4.1803,63.4658
2015-05-08,2015-06-08,21,4.1188,62.312
2015-05-11,2015-06-09,21,3.1814,45.6182
2015-05-12,2015-06-10,21,2.9634,41.9699
2015-05-13,2015-06-11,21,2.9527,41.7925
2015-05-14,2015-06-12,21,2.704,37.7367
2015-05-15,2015-06-15,21,2.5949,35.9905
2015-05-18,2015-06-16,21,1.9123,25.5213
2015-05-19,2015-06-17,21,1.3398,17.3174
2015-05-20,2015-06-18,21,0.6234,7.7425
2015-05-21,2015-06-19,21,-1.2089,-13.5805
2015-05-22,2015-06-23,21,-1.2156,-13.6499
2015-05-25,2015-06-24,21,-1.5445,-17.0376
2015-05-26,2015-06-25,21,-2.7017,-28.0113
2015-05-27,2015-06-26,21,-4.3628,-41.4505
2015-05-28,2015-06-29,21,-3.405,-34.0134
2015-05-29,2015-06-30,21,-2.0809,-22.3018
2015-06-01,2015-07-01,21,-4.2459,-40.5864
2015-06-02,2015-07-02,21,-5.5137,-49.3676
2015-06-03,2015-07-03,21,-6.4699,-55.1855
2015-06-04,2015-07-06,21,-5.9009,-51.8024
2015-06-05,2015-07-07,21,-6.2735,-54.0432
2015-06-08,2015-07-08,21,-8.4218,-65.2058
2015-06-09,2015-07-09,21,-6.9064,-57.6318
2015-06-10,2015-07-10,21,-6.0226,-52.5454
2015-06-11,2015-07-13,21,-5.5688,-49.7209
2015-06-12,2015-07-14,21,-6.2736,-54.0442
2015-06-15,2015-07-15,21,-6.5538,-55.6657
2015-06-16,2015-07-16,21,-6.1053,-53.0438
2015-06-17,2015-07-17,21,-5.469,-49.0796
2015-06-18,2015-07-20,21,-5.3238,-48.133
2015-06-19,2015-07-21,21,-4.4452,-42.0531
2015-06-23,2015-07-22,21,-5.1822,-47.1944
2015-06-24,2015-07-23,21,-4.9532,-45.6439
2015-06-25,2015-07-24,21,-4.7007,-43.8852
2015-06-26,2015-07-27,21,-4.3169,-41.1124
2015-06-29,2015-07-28,21,-3.9935,-38.6795
2015-06-30,2015-07-29,21,-4.6298,-43.3823
2015-07-01,2015-07-30,21,-4.4296,-41.9393
2015-07-02,2015-07-31,21,-3.5496,-35.1888
2015-07-03,2015-08-03,21,-1.8552,-20.126
2015-07-06,2015-08-04,21,-2.0142,-21.6646
2015-07-07,2015-08-05,21,-2.1578,-23.031
2015-07-08,2015-08-06,21,-0.1463,-1.741
2015-07-09,2015-08-07,21,-1.344,-14.9879
2015-07-10,2015-08-10,21,-1.4817,-16.4008
2015-07-13,2015-08-11,21,-1.6981,-18.5782
2015-07-14,2015-08-12,21,-0.2491,-2.9487
2015-07-15,2015-08-13,21,0.8697,10.9499
2015-07-16,2015-08-14,21,0.7265,9.0753
2015-07-17,2015-08-17,21,-0.1716,-2.0393
2015-07-20,2015-08-18,21,-1.1565,-13.0281
2015-07-21,2015-08-19,21,-0.3983,-4.6768
2015-07-22,2015-08-20,21,-0.4286,-5.0234
2015-07-23,2015-08-21,21,-1.5573,-17.1673
2015-07-24,2015-08-24,21,-2.928,-29.995
2015-07-27,2015-08-25,21,-3.2089,-32.3878
2015-07-28,2015-08-26,21,-3.3511,-33.5699
2015-07-29,2015-08-27,21,-3.0519,-31.06
2015-07-30,2015-08-28,21,-1.1469,-12.9273
2015-07-31,2015-08-31,21,-0.8503,-9.74
2015-08-03,2015-09-01,21,-1.2365,-13.869
2015-08-04,2015-09-02,21,-1.6109,-17.7063
2015-08-05,2015-09-07,21,-2.3295,-24.6363
2015-08-06,2015-09-08,21,-1.5948,-17.5447
2015-08-07,2015-09-09,21,-1.8217,-19.7979
2015-08-10,2015-09-10,21,-3.4135,-34.0829
2015-08-11,2015-09-11,21,-3.9542,-38.3773
2015-08-12,2015-09-14,21,-5.1293,-46.84
2015-08-13,2015-09-15,21,-6.0874,-52.936
2015-08-14,2015-09-16,21,-4.9675,-45.7415
2015-08-17,2015-09-17,21,-5.1475,-46.9619
2015-08-18,2015-09-18,21,-3.5564,-35.2442
2015-08-19,2015-09-21,21,-3.3832,-33.8346
2015-08-20,2015-09-22,21,-2.9671,-30.3327
2015-08-21,2015-09-23,21,-2.9173,-29.9022
2015-08-24,2015-09-24,21,-0.2922,-3.451
2015-08-25,2015-09-25,21,1.4172,18.3962
2015-08-26,2015-09-28,21,1.6813,22.1502
2015-08-27,2015-09-29,21,-0.3708,-4.3605
2015-08-28,2015-09-30,21,-1.3896,-15.4581
2015-08-31,2015-10-08,21,-0.4849,-5.6665
2015-09-01,2015-10-09,21,-0.2386,-2.8257
2015-09-02,2015-10-12,21,0.8866,11.1743
2015-09-07,2015-10-13,21,1.9981,26.7954
2015-09-08,2015-10-14,21,1.5167,19.7986
2015-09-09,2015-10-15,21,1.6871,22.2336
2015-09-10,2015-10-16,21,2.6315,36.5742
2015-09-11,2015-10-19,21,2.6551,36.9515
2015-09-14,2015-10-20,21,3.5308,51.6472
2015-09-15,2015-10-21,21,3.8387,57.1481
2015-09-16,2015-10-22,21,2.8318,39.8079
2015-09-17,2015-10-23,21,3.6503,53.7619
2015-09-18,2015-10-26,21,3.2818,47.3284
2015-09-21,2015-10-27,21,2.5999,36.0706
2015-09-22,2015-10-28,21,2.1359,28.8663
2015-09-23,2015-10-29,21,2.6192,36.3774
2015-09-24,2015-10-30,21,1.9309,25.7964
2015-09-25,2015-11-02,21,1.6018,21.0087
2015-09-28,2015-11-03,21,1.5872,20.8003
2015-09-29,2015-11-04,21,3.3179,47.9468
2015-09-30,2015-11-05,21,3.6409,53.5941
2015-10-08,2015-11-06,21,3.117,44.5315
2015-10-09,2015-11-09,21,2.7423,38.3539
2015-10-12,2015-11-10,21,1.4886,19.401
2015-10-13,2015-11-11,21,1.9463,26.025
2015-10-14,2015-11-12,21,1.5048,19.6294
2015-10-15,2015-11-13,21,0.2728,3.3236
2015-10-16,2015-11-16,21,0.4659,5.7364
2015-10-19,2015-11-17,21,0.0562,0.6764
2015-10-20,2015-11-18,21,-0.6879,-7.949
2015-10-21,2015-11-19,21,0.6315,7.847
2015-10-22,2015-11-20,21,0.4667,5.7466
2015-10-23,2015-11-23,21,-0.4838,-5.6537
2015-10-26,2015-11-24,21,-0.3829,-4.4993
2015-10-27,2015-11-25,21,-0.0473,-0.5656
2015-10-28,2015-11-26,21,0.0104,0.1246
2015-10-29,2015-11-27,21,-1.2844,-14.3693
2015-10-30,2015-11-30,21,-1.3383,-14.9285
2015-11-02,2015-12-01,21,-0.0644,-0.7702
2015-11-03,2015-12-02,21,0.917,11.576
2015-11-04,2015-12-03,21,-0.0724,-0.8657
2015-11-05,2015-12-04,21,-0.6863,-7.932
2015-11-06,2015-12-07,21,-0.6202,-7.1939
2015-11-09,2015-12-08,21,-1.2382,-13.8872
2015-11-10,2015-12-09,21,-1.0157,-11.5299
2015-11-11,2015-12-10,21,-1.4339,-15.9126
2015-11-12,2015-12-11,21,-1.1734,-13.207
2015-11-13,2015-12-14,21,0.0543,0.6539
2015-11-16,2015-12-15,21,-0.7851,-9.0251
2015-11-17,2015-12-16,21,-0.2974,-3.5114
2015-11-18,2015-12-17,21,0.6836,8.5193
2015-11-19,2015-12-18,21,0.0353,0.424
2015-11-20,2015-12-21,21,0.8603,10.8261
2015-11-23,2015-12-22,21,1.5766,20.6486
2015-11-24,2015-12-23,21,1.3689,17.7219
2015-11-25,2015-12-24,21,0.7537,9.4283
2015-11-26,2015-12-25,21,1.1649,14.9101
2015-11-27,2015-12-28,21,1.8306,24.32
2015-11-30,2015-12-29,21,2.5182,34.7764
2015-12-01,2015-12-30,21,1.7579,23.2588
2015-12-02,2015-12-31,21,0.7539,9.4314
2015-12-03,2016-01-04,21,-0.8325,-9.5448
2015-12-04,2016-01-05,21,-0.3067,-3.619
2015-12-07,2016-01-06,21,-0.4747,-5.5505
2015-12-08,2016-01-07,21,-0.9095,-10.3847
2015-12-09,2016-01-08,21,-0.6223,-7.2174
2015-12-10,2016-01-11,21,-1.5657,-17.2518
2015-12-11,2016-01-12,21,-1.6572,-18.1705
2015-12-14,2016-01-13,21,-3.0534,-31.0731
2015-12-15,2016-01-14,21,-2.0724,-22.2211
2015-12-16,2016-01-15,21,-2.9242,-29.9625
2015-12-17,2016-01-18,21,-3.2101,-32.398
2015-12-18,2016-01-19,21,-2.5068,-26.262
2015-12-21,2016-01-20,21,-3.6474,-35.9735
2015-12-22,2016-01-21,21,-4.2053,-40.283
2015-12-23,2016-01-22,21,-3.9406,-38.2728
2015-12-24,2016-01-25,21,-3.6081,-35.6589
2015-12-25,2016-01-26,21,-4.5878,-43.0823
2015-12-28,2016-01-27,21,-3.958,-38.4062
2015-12-29,2016-01-28,21,-4.7809,-44.4497
2015-12-30,2016-01-29,21,-4.2221,-40.4084
2015-12-31,2016-02-01,21,-4.1694,-40.014
2016-01-04,2016-02-02,21,-2.2017,-23.445
2016-01-05,2016-02-03,21,-2.4952,-26.1563
2016-01-06,2016-02-04,21,-2.4599,-25.835
2016-01-07,2016-02-05,21,-1.4218,-15.789
2016-01-08,2016-02-15,21,-0.9382,-10.6947
2016-01-11,2016-02-16,21,0.5349,6.6115
2016-01-12,2016-02-17,21,1.0988,14.0122
2016-01-13,2016-02-18,21,1.7276,22.8184
2016-01-14,2016-02-19,21,1.3434,17.3664
2016-01-15,2016-02-22,21,2.6419,36.7406
2016-01-18,2016-02-23,21,2.2151,30.0705
2016-01-19,2016-02-24,21,1.9302,25.7867
2016-01-20,2016-02-25,21,1.053,13.394
2016-01-21,2016-02-26,21,1.7316,22.8777
2016-01-22,2016-02-29,21,0.7816,9.7929
2016-01-25,2016-03-01,21,1.4098,18.2931
2016-01-26,2016-03-02,21,3.2388,46.5943
2016-01-27,2016-03-03,21,3.5679,52.3007
2016-01-28,2016-03-04,21,5.0136,79.8657
2016-01-29,2016-03-07,21,4.3207,66.1288
2016-02-01,2016-03-08,21,4.6777,73.0815
2016-02-02,2016-03-09,21,3.4801,50.758
2016-02-03,2016-03-10,21,2.7686,38.7797
2016-02-04,2016-03-11,21,2.6191,36.3767
2016-02-05,2016-03-14,21,2.6515,36.8938
2016-02-15,2016-03-15,21,1.3568,17.5528
2016-02-16,2016-03-16,21,1.1678,14.9491
2016-02-17,2016-03-17,21,1.4098,18.2933
2016-02-18,2016-03-18,21,1.9063,25.4332
2016-02-19,2016-03-21,21,1.8899,25.1911
2016-02-22,2016-03-22,21,1.4687,19.1208
2016-02-23,2016-03-23,21,1.4916,19.4432
2016-02-24,2016-03-24,21,0.3615,4.4259
2016-02-25,2016-03-25,21,1.9783,26.501
2016-02-26,2016-03-28,21,1.3351,17.2515
2016-02-29,2016-03-29,21,1.9936,26.7281
2016-03-01,2016-03-30,21,2.1175,28.5881
2016-03-02,2016-03-31,21,1.1145,14.2257
2016-03-03,2016-04-01,21,0.9778,12.386
2016-03-04,2016-04-05,21,0.5839,7.2357
2016-03-07,2016-04-06,21,0.4961,6.1189
2016-03-08,2016-04-07,21,-0.0391,-0.4679
2016-03-09,2016-04-08,21,0.4578,5.6335
2016-03-10,2016-04-11,21,1.7754,23.5139
2016-03-11,2016-04-12,21,1.3906,18.025
2016-03-14,2016-04-13,21,1.5001,19.5633
2016-03-15,2016-04-14,21,1.7341,22.9134
2016-03-16,2016-04-15,21,1.3613,17.6164
2016-03-17,2016-04-18,21,0.3735,4.5756
2016-03-18,2016-04-19,21,0.2949,3.5965
2016-03-21,2016-04-20,21,-0.3306,-3.8959
2016-03-22,2016-04-21,21,-0.1523,-1.812
2016-03-23,2016-04-22,21,-0.1507,-1.7937
2016-03-24,2016-04-25,21,0.2965,3.6162
2016-03-25,2016-04-26,21,0.1537,1.8596
2016-03-28,2016-04-27,21,0.6868,8.5606
2016-03-29,2016-04-28,21,0.9404,11.8866
2016-03-30,2016-04-29,21,0.4004,4.9126
2016-03-31,2016-05-03,21,1.5671,20.5136
2016-04-01,2016-05-04,21,1.3151,16.9748
2016-04-05,2016-05-05,21,1.1035,14.0757
2016-04-06,2016-05-06,21,0.4915,6.0597
2016-04-07,2016-05-09,21,0.3109,3.7947
2016-04-08,2016-05-10,21,0.1194,1.442
2016-04-11,2016-05-11,21,-0.2345,-2.7779
2016-04-12,2016-05-12,21,-0.2908,-3.4346
2016-04-13,2016-05-13,21,-0.3937,-4.6232
2016-04-14,2016-05-16,21,0.1085,1.3094
2016-04-15,2016-05-17,21,-0.0643,-0.7686
2016-04-18,2016-05-18,21,0.1104,1.3324
2016-04-19,2016-05-19,21,-0.6661,-7.7064
2016-04-20,2016-05-20,21,-0.181,-2.1502
2016-04-21,2016-05-23,21,-0.3388,-3.9912
2016-04-22,2016-05-24,21,-0.4847,-5.6637
2016-04-25,2016-05-25,21,-0.6071,-7.0464
2016-04-26,2016-05-26,21,-0.5478,-6.3793
2016-04-27,2016-05-27,21,-0.8846,-10.1135
2016-04-28,2016-05-30,21,-1.1911,-13.3935
2016-04-29,2016-05-31,21,-0.4979,-5.8142
2016-05-03,2016-06-01,21,-1.4268,-15.8396
2016-05-04,2016-06-02,21,-1.2418,-13.9245
2016-05-05,2016-06-03,21,-1.1601,-13.0666
2016-05-06,2016-06-06,21,-0.0953,-1.137
2016-05-09,2016-06-07,21,0.5317,6.5699
2016-05-10,2016-06-08,21,0.779,9.759
2016-05-11,2016-06-13,21,0.4588,5.647
2016-05-12,2016-06-14,21,0.4793,5.9059
2016-05-13,2016-06-15,21,0.9132,11.5257
2016-05-16,2016-06-16,21,0.8251,10.3634
2016-05-17,2016-06-17,21,0.5883,7.2928
2016-05-18,2016-06-20,21,0.7965,9.9876
2016-05-19,2016-06-21,21,1.1435,14.6186
2016-05-20,2016-06-22,21,0.8858,11.1633
2016-05-23,2016-06-23,21,0.7529,9.4191
2016-05-24,2016-06-24,21,1.984,26.5861
2016-05-25,2016-06-27,21,3.0072,42.6953
2016-05-26,2016-06-28,21,2.8653,40.3544
2016-05-27,2016-06-29,21,3.2191,46.2588
2016-05-30,2016-06-30,21,3.4034,49.4239
2016-05-31,2016-07-01,21,2.7057,37.7629
2016-06-01,2016-07-04,21,3.6152,53.1383
2016-06-02,2016-07-05,21,3.4215,49.737
2016-06-03,2016-07-06,21,3.9974,60.0555
2016-06-06,2016-07-07,21,3.3089,47.7929
2016-06-07,2016-07-08,21,2.8624,40.3067
2016-06-08,2016-07-11,21,3.0835,43.9693
2016-06-13,2016-07-12,21,3.5643,52.2376
2016-06-14,2016-07-13,21,3.3817,49.0467
2016-06-15,2016-07-14,21,2.631,36.5661
2016-06-16,2016-07-15,21,2.375,32.5347
2016-06-17,2016-07-18,21,2.6914,37.5329
2016-06-20,2016-07-19,21,2.5583,35.4104
2016-06-21,2016-07-20,21,2.474,34.0805
2016-06-22,2016-07-21,21,2.441,33.563
2016-06-23,2016-07-22,21,2.503,34.5359
2016-06-24,2016-07-25,21,1.5791,20.6847
2016-06-27,2016-07-26,21,1.3466,17.4119
2016-06-28,2016-07-27,21,0.9022,11.3802
2016-06-29,2016-07-28,21,1.0929,13.932
2016-06-30,2016-07-29,21,0.8938,11.2687
2016-07-01,2016-08-01,21,0.5011,6.1821
2016-07-04,2016-08-02,21,-0.1033,-1.2329
2016-07-05,2016-08-03,21,0.1509,1.8255
2016-07-06,2016-08-04,21,-0.6019,-6.9886
2016-07-07,2016-08-05,21,-0.1364,-1.6241
2016-07-08,2016-08-08,21,-0.0585,-0.6999
2016-07-11,2016-08-09,21,-0.1719,-2.0437
2016-07-12,2016-08-10,21,-0.3536,-4.1611
2016-07-13,2016-08-11,21,-0.4705,-5.5019
2016-07-14,2016-08-12,21,0.1856,2.2505
2016-07-15,2016-08-15,21,0.89,11.2189
2016-07-18,2016-08-16,21,1.0687,13.6064
2016-07-19,2016-08-17,21,0.9696,12.2768
2016-07-20,2016-08-18,21,1.2362,15.8852
2016-07-21,2016-08-19,21,1.3818,17.902
2016-07-22,2016-08-22,21,1.0045,12.7432
2016-07-25,2016-08-23,21,1.1778,15.0862
2016-07-26,2016-08-24,21,0.758,9.4849
2016-07-27,2016-08-25,21,0.7871,9.8656
2016-07-28,2016-08-26,21,0.3868,4.7411
2016-07-29,2016-08-29,21,0.6059,7.5176
2016-08-01,2016-08-30,21,0.7365,9.205
2016-08-02,2016-08-31,21,0.5264,6.5035
2016-08-03,2016-09-01,21,0.1087,1.3122
2016-08-04,2016-09-02,21,0.4159,5.1067
2016-08-05,2016-09-05,21,0.4311,5.2976
2016-08-08,2016-09-06,21,0.9338,11.7997
2016-08-09,2016-09-07,21,1.1008,14.0397
2016-08-10,2016-09-08,21,0.8073,10.1295
2016-08-11,2016-09-09,21,0.772,9.6682
2016-08-12,2016-09-12,21,-0.2008,-2.3833
2016-08-15,2016-09-13,21,-0.898,-10.2589
2016-08-16,2016-09-14,21,-1.1877,-13.3572
2016-08-17,2016-09-19,21,-0.9756,-11.0987
2016-08-18,2016-09-20,21,-1.076,-12.1741
2016-08-19,2016-09-21,21,-0.968,-11.0171
2016-08-22,2016-09-22,21,-0.1507,-1.7938
2016-08-23,2016-09-23,21,-0.3124,-3.6846
2016-08-24,2016-09-26,21,-0.6575,-7.6112
2016-08-25,2016-09-27,21,-0.1521,-1.8103
2016-08-26,2016-09-28,21,-0.4147,-4.8645
2016-08-29,2016-09-29,21,-0.3,-3.5412
2016-08-30,2016-09-30,21,-0.2817,-3.329
2016-08-31,2016-10-10,21,-0.9798,-11.1443
2016-09-01,2016-10-11,21,-0.6405,-7.4211
2016-09-02,2016-10-12,21,-0.8718,-9.9743
2016-09-05,2016-10-13,21,-1.1098,-12.5343
2016-09-06,2016-10-14,21,-1.347,-15.0182
2016-09-07,2016-10-17,21,-1.8408,-19.9852
2016-09-08,2016-10-18,21,-1.3448,-14.9962
2016-09-09,2016-10-19,21,-1.0742,-12.1556
2016-09-12,2016-10-20,21,-0.3579,-4.2115
2016-09-13,2016-10-21,21,-0.3486,-4.1038
2016-09-14,2016-10-24,21,0.3165,3.8651
2016-09-19,2016-10-25,21,0.3193,3.9001
2016-09-20,2016-10-26,21,0.3559,4.3555
2016-09-21,2016-10-27,21,0.0873,1.0524
2016-09-22,2016-10-28,21,-0.3229,-3.8069
2016-09-23,2016-10-31,21,-0.1706,-2.0281
2016-09-26,2016-11-01,21,0.5004,6.1726
2016-09-27,2016-11-02,21,0.4058,4.9802
2016-09-28,2016-11-03,21,0.9938,12.599
2016-09-29,2016-11-04,21,0.7439,9.3017
2016-09-30,2016-11-07,21,0.5958,7.389
2016-10-10,2016-11-08,21,1.3475,17.4241
2016-10-11,2016-11-09,21,2.076,27.962
2016-10-12,2016-11-10,21,1.9661,26.3193
2016-10-13,2016-11-11,21,1.6599,21.8423
2016-10-14,2016-11-14,21,0.9993,12.6734
2016-10-17,2016-11-15,21,1.469,19.1245
2016-10-18,2016-11-16,21,1.0872,13.8557
2016-10-19,2016-11-17,21,1.1292,14.4248
2016-10-20,2016-11-18,21,0.5063,6.2476
2016-10-21,2016-11-21,21,0.8881,11.1938
2016-10-24,2016-11-22,21,0.7803,9.776
2016-10-25,2016-11-23,21,0.7837,9.8209
2016-10-26,2016-11-24,21,0.6099,7.5696
2016-10-27,2016-11-25,21,0.801,10.0467
2016-10-28,2016-11-28,21,1.1416,14.5924
2016-10-31,2016-11-29,21,1.1941,15.3093
2016-11-01,2016-11-30,21,0.6154,7.6402
2016-11-02,2016-12-01,21,0.6314,7.846
2016-11-03,2016-12-02,21,0.0089,0.1072
2016-11-04,2016-12-05,21,-0.2452,-2.9036
2016-11-07,2016-12-06,21,-0.347,-4.0858
2016-11-08,2016-12-07,21,-0.32,-3.7733
2016-11-09,2016-12-08,21,-0.9,-10.2809
2016-11-10,2016-12-09,21,-0.5903,-6.8579
2016-11-11,2016-12-12,21,-1.179,-13.2662
2016-11-14,2016-12-13,21,-0.5145,-6.0026
2016-11-15,2016-12-14,21,-0.8377,-9.6016
2016-11-16,2016-12-15,21,-1.457,-16.1491
2016-11-17,2016-12-16,21,-1.5623,-17.2173
2016-11-18,2016-12-19,21,-1.1692,-13.1623
2016-11-21,2016-12-20,21,-1.7896,-19.4821
2016-11-22,2016-12-21,21,-1.8632,-20.2037
2016-11-23,2016-12-22,21,-2.0983,-22.4678
2016-11-24,2016-12-23,21,-2.1209,-22.682
2016-11-25,2016-12-26,21,-1.9204,-20.7599
2016-11-28,2016-12-27,21,-2.1454,-22.9142
2016-11-29,2016-12-28,21,-2.2341,-23.7487
2016-11-30,2016-12-29,21,-1.8054,-19.6379
2016-12-01,2016-12-30,21,-1.4886,-16.4711
2016-12-02,2017-01-03,21,-1.1349,-12.7997
2016-12-05,2017-01-04,21,-0.5702,-6.6323
2016-12-06,2017-01-05,21,-0.5289,-6.165
2016-12-07,2017-01-06,21,-0.8109,-9.3088
2016-12-08,2017-01-09,21,-0.7609,-8.7577
2016-12-09,2017-01-10,21,-0.782,-8.9907
2016-12-12,2017-01-11,21,-0.1837,-2.1825
2016-12-13,2017-01-12,21,-0.2654,-3.1382
2016-12-14,2017-01-13,21,-0.2855,-3.3729
2016-12-15,2017-01-16,21,0.408,5.0074
2016-12-16,2017-01-17,21,0.7234,9.0349
2016-12-19,2017-01-18,21,0.7277,9.0906
2016-12-20,2017-01-19,21,0.6725,8.3756
2016-12-21,2017-01-20,21,0.7435,9.2957
2016-12-22,2017-01-23,21,1.11,14.1646
2016-12-23,2017-01-24,21,1.2657,16.2915
2016-12-26,2017-01-25,21,0.8652,10.8903
2016-12-27,2017-01-26,21,0.6856,8.5441
2016-12-28,2017-02-03,21,0.8801,11.0872
2016-12-29,2017-02-06,21,1.0917,13.9158
2016-12-30,2017-02-07,21,0.9023,11.3817
2017-01-03,2017-02-08,21,0.9589,12.1333
2017-01-04,2017-02-09,21,1.0331,13.1264
2017-01-05,2017-02-10,21,0.9769,12.3736
2017-01-06,2017-02-13,21,1.4681,19.111
2017-01-09,2017-02-14,21,1.2179,15.6344
2017-01-10,2017-02-15,21,0.8942,11.2746
2017-01-11,2017-02-16,21,1.3161,16.9882
2017-01-12,2017-02-17,21,1.3641,17.6549
2017-01-13,2017-02-20,21,1.7611,23.3053
2017-01-16,2017-02-21,21,1.7515,23.1653
2017-01-17,2017-02-22,21,1.5691,20.5417
2017-01-18,2017-02-23,21,1.4956,19.5001
2017-01-19,2017-02-24,21,2.1549,29.1548
2017-01-20,2017-02-27,21,1.7751,23.5092
2017-01-23,2017-02-28,21,1.5382,20.1026
2017-01-24,2017-03-01,21,1.4269,18.532
2017-01-25,2017-03-02,21,1.456,18.9414
2017-01-26,2017-03-03,21,1.3143,16.9626
2017-02-03,2017-03-06,21,1.252,16.1029
2017-02-06,2017-03-07,21,0.8942,11.2735
2017-02-07,2017-03-08,21,0.5448,6.7374
2017-02-08,2017-03-09,21,0.1107,1.3364
2017-02-09,2017-03-10,21,-0.3056,-3.6067
2017-02-10,2017-03-13,21,0.2857,3.4825
2017-02-13,2017-03-14,21,-0.1135,-1.3535
2017-02-14,2017-03-15,21,-0.0102,-0.1221
2017-02-15,2017-03-16,21,0.7412,9.2659
2017-02-16,2017-03-17,21,0.203,2.4633
2017-02-17,2017-03-20,21,0.4002,4.9098
2017-02-20,2017-03-21,21,0.1131,1.3655
2017-02-21,2017-03-22,21,0.0762,0.9187
2017-02-22,2017-03-23,21,0.1352,1.6351
2017-02-23,2017-03-24,21,0.3294,4.0256
2017-02-24,2017-03-27,21,0.21,2.5492
2017-02-27,2017-03-28,21,0.1912,2.3187
2017-02-28,2017-03-29,21,0.1406,1.7002
2017-03-01,2017-03-30,21,0.0774,0.9329
2017-03-02,2017-03-31,21,0.1807,2.1901
2017-03-03,2017-04-05,21,1.0057,12.7595
2017-03-06,2017-04-06,21,0.9368,11.8388
2017-03-07,2017-04-07,21,1.2061,15.4732
2017-03-08,2017-04-10,21,1.2098,15.5232
2017-03-09,2017-04-11,21,1.6328,21.4526
2017-03-10,2017-04-12,21,2.0641,27.7834
2017-03-13,2017-04-13,21,1.7458,23.0834
2017-03-14,2017-04-14,21,1.7289,22.8381
2017-03-15,2017-04-17,21,1.5705,20.5627
2017-03-16,2017-04-18,21,0.8084,10.1443
2017-03-17,2017-04-19,21,0.9395,11.8749
2017-03-20,2017-04-20,21,0.8776,11.0548
2017-03-21,2017-04-21,21,0.8781,11.0617
2017-03-22,2017-04-24,21,0.3344,4.088
2017-03-23,2017-04-25,21,0.3235,3.9514
2017-03-24,2017-04-26,21,0.0997,1.2035
2017-03-27,2017-04-27,21,-0.0455,-0.5445
2017-03-28,2017-04-28,21,0.0655,0.7892
2017-03-29,2017-05-02,21,0.1197,1.4457
2017-03-30,2017-05-03,21,0.1729,2.0951
2017-03-31,2017-05-04,21,-0.1752,-2.0822
2017-04-05,2017-05-05,21,-0.9793,-11.1386
2017-04-06,2017-05-08,21,-1.2446,-13.9536
2017-04-07,2017-05-09,21,-1.5133,-16.7217
2017-04-10,2017-05-10,21,-1.5462,-17.055
2017-04-11,2017-05-11,21,-1.5153,-16.7417
2017-04-12,2017-05-12,21,-1.4573,-16.1517
2017-04-13,2017-05-15,21,-1.3911,-15.4737
2017-04-14,2017-05-16,21,-0.9797,-11.143
2017-04-17,2017-05-17,21,-0.9425,-10.7415
2017-04-18,2017-05-18,21,-0.6416,-7.4334
2017-04-19,2017-05-19,21,-0.5194,-6.0573
2017-04-20,2017-05-22,21,-0.5037,-5.8802
2017-04-21,2017-05-23,21,-0.2641,-3.1234
2017-04-24,2017-05-24,21,-0.1279,-1.5243
2017-04-25,2017-05-25,21,0.3761,4.6076
2017-04-26,2017-05-26,21,0.4397,5.4064
2017-04-27,2017-05-31,21,0.3331,4.0707
2017-04-28,2017-06-01,21,0.4065,4.989
2017-05-02,2017-06-02,21,0.2729,3.3249
2017-05-03,2017-06-05,21,0.622,7.725
2017-05-04,2017-06-06,21,1.3486,17.4397
2017-05-05,2017-06-07,21,1.9221,25.6668
2017-05-08,2017-06-08,21,2.2598,30.7557
2017-05-09,2017-06-09,21,2.1356,28.8619
2017-05-10,2017-06-12,21,2.2381,30.4221
2017-05-11,2017-06-13,21,2.1272,28.7352
2017-05-12,2017-06-14,21,1.535,20.0577
2017-05-15,2017-06-15,21,1.0977,13.9975
2017-05-16,2017-06-16,21,0.7033,8.7737
2017-05-17,2017-06-19,21,0.9709,12.2939
2017-05-18,2017-06-20,21,0.7546,9.4408
2017-05-19,2017-06-21,21,1.0584,13.4675
2017-05-22,2017-06-22,21,1.1168,14.2568
2017-05-23,2017-06-23,21,1.1385,14.5511
2017-05-24,2017-06-26,21,1.7743,23.4974
2017-05-25,2017-06-27,21,1.1161,14.2464
2017-05-26,2017-06-28,21,0.8889,11.2037
2017-05-31,2017-06-29,21,1.0529,13.3928
2017-06-01,2017-06-30,21,0.7494,9.3727
2017-06-02,2017-07-03,21,0.7263,9.0726
2017-06-05,2017-07-04,21,0.1443,1.7456
2017-06-06,2017-07-05,21,0.0844,1.017
2017-06-07,2017-07-06,21,-0.2022,-2.3992
2017-06-08,2017-07-07,21,-0.4146,-4.8633
2017-06-09,2017-07-10,21,-0.5662,-6.5869
2017-06-12,2017-07-11,21,-0.2043,-2.4238
2017-06-13,2017-07-12,21,-0.264,-3.1223
2017-06-14,2017-07-13,21,0.2934,3.5787
2017-06-15,2017-07-14,21,0.5173,6.3867
2017-06-16,2017-07-17,21,0.5647,6.9914
2017-06-19,2017-07-18,21,0.4411,5.424
2017-06-20,2017-07-19,21,1.0187,12.9332
2017-06-21,2017-07-20,21,0.8636,10.8698
2017-06-22,2017-07-21,21,0.7008,8.7409
2017-06-23,2017-07-24,21,0.5798,7.184
2017-06-26,2017-07-25,21,0.1165,1.4069
2017-06-27,2017-07-26,21,-0.1344,-1.6014
2017-06-28,2017-07-27,21,0.4539,5.5843
2017-06-29,2017-07-28,21,0.385,4.7186
2017-06-30,2017-07-31,21,0.8203,10.2995
2017-07-03,2017-08-01,21,1.2324,15.8332
2017-07-04,2017-08-02,21,1.5678,20.5234
2017-07-05,2017-08-03,21,0.9828,12.4523
2017-07-06,2017-08-04,21,0.9417,11.9045
2017-07-07,2017-08-07,21,0.9333,11.7926
2017-07-10,2017-08-08,21,1.2833,16.5347
2017-07-11,2017-08-09,21,1.1117,14.1874
2017-07-12,2017-08-10,21,1.1817,15.139
2017-07-13,2017-08-11,21,0.5811,7.2008
2017-07-14,2017-08-14,21,0.8881,11.1929
2017-07-17,2017-08-15,21,0.8384,10.5383
2017-07-18,2017-08-16,21,0.6346,7.8861
2017-07-19,2017-08-17,21,0.5857,7.2596
2017-07-20,2017-08-18,21,0.5239,6.4706
2017-07-21,2017-08-21,21,0.5409,6.6875
2017-07-24,2017-08-22,21,0.4029,4.9432
2017-07-25,2017-08-23,21,0.562,6.9569
2017-07-26,2017-08-24,21,0.7435,9.2967
2017-07-27,2017-08-25,21,0.7976,10.0023
2017-07-28,2017-08-28,21,1.2044,15.4494
2017-07-31,2017-08-29,21,1.2678,16.3205
2017-08-01,2017-08-30,21,0.7394,9.243
2017-08-02,2017-08-31,21,0.6868,8.5596
2017-08-03,2017-09-01,21,1.2355,15.876
2017-08-04,2017-09-04,21,1.5513,20.2889
2017-08-07,2017-09-05,21,1.6756,22.0679
2017-08-08,2017-09-06,21,1.6513,21.7178
2017-08-09,2017-09-07,21,1.3633,17.6441
2017-08-10,2017-09-08,21,1.3162,16.9889
2017-08-11,2017-09-11,21,1.5542,20.3297
2017-08-14,2017-09-12,21,1.1942,15.3104
2017-08-15,2017-09-13,21,1.3538,17.5116
2017-08-16,2017-09-14,21,1.3515,17.4801
2017-08-17,2017-09-15,21,1.0667,13.5781
2017-08-18,2017-09-18,21,0.8415,10.5787
2017-08-21,2017-09-19,21,0.7222,9.0185
2017-08-22,2017-09-20,21,0.7899,9.9018
2017-08-23,2017-09-21,21,0.5005,6.174
2017-08-24,2017-09-22,21,0.6779,8.4456
2017-08-25,2017-09-25,21,0.1195,1.4437
2017-08-28,2017-09-26,21,0.0819,0.9878
2017-08-29,2017-09-27,21,-0.3879,-4.5568
2017-08-30,2017-09-28,21,-0.2087,-2.4762
2017-08-31,2017-09-29,21,0.1092,1.3183
2017-09-01,2017-10-09,21,-0.0065,-0.0781
2017-09-04,2017-10-10,21,-0.2722,-3.2182
2017-09-05,2017-10-11,21,-0.2653,-3.1379
2017-09-06,2017-10-12,21,-0.0993,-1.1849
2017-09-07,2017-10-13,21,0.1825,2.2115
2017-09-08,2017-10-16,21,0.2351,2.8583
2017-09-11,2017-10-17,21,0.2197,2.668
2017-09-12,2017-10-18,21,0.356,4.3567
2017-09-13,2017-10-19,21,0.1659,2.009
2017-09-14,2017-10-20,21,0.2833,3.4528
2017-09-15,2017-10-23,21,0.0853,1.0282
2017-09-18,2017-10-24,21,0.4987,6.1513
2017-09-19,2017-10-25,21,0.5801,7.187
2017-09-20,2017-10-26,21,0.7082,8.8379
2017-09-21,2017-10-27,21,0.984,12.4689
2017-09-22,2017-10-30,21,0.8964,11.303
2017-09-25,2017-10-31,21,1.0622,13.5186
2017-09-26,2017-11-01,21,0.554,6.854
2017-09-27,2017-11-02,21,0.7897,9.899
2017-09-28,2017-11-03,21,0.884,11.1399
2017-09-29,2017-11-06,21,0.8128,10.2018
2017-10-09,2017-11-07,21,1.0315,13.1046
2017-10-10,2017-11-08,21,0.9535,12.0611
2017-10-11,2017-11-09,21,1.1822,15.1456
2017-10-12,2017-11-10,21,1.7137,22.6184
2017-10-13,2017-11-13,21,1.6455,21.6348
2017-10-16,2017-11-14,21,1.3457,17.3989
2017-10-17,2017-11-15,21,1.3603,17.6015
2017-10-18,2017-11-16,21,1.3954,18.0917
2017-10-19,2017-11-17,21,1.709,22.5496
2017-10-20,2017-11-20,21,1.9928,26.7171
2017-10-23,2017-11-21,21,2.3837,32.6692
2017-10-24,2017-11-22,21,2.1737,29.4405
2017-10-25,2017-11-23,21,1.3982,18.1313
2017-10-26,2017-11-24,21,1.2183,15.6403
2017-10-27,2017-11-27,21,0.8714,10.9724
2017-10-30,2017-11-28,21,1.0525,13.3872
2017-10-31,2017-11-29,21,1.058,13.462
2017-11-01,2017-11-30,21,0.6793,8.4626
2017-11-02,2017-12-01,21,0.4527,5.5697
2017-11-03,2017-12-04,21,0.592,7.3396
2017-11-06,2017-12-05,21,0.6173,7.6649
2017-11-07,2017-12-06,21,-0.0144,-0.1725
2017-11-08,2017-12-07,21,-0.4301,-5.0407
2017-11-09,2017-12-08,21,-0.6488,-7.5136
2017-11-10,2017-12-11,21,-0.8924,-10.1986
2017-11-13,2017-12-12,21,-1.2672,-14.1899
2017-11-14,2017-12-13,21,-0.863,-9.878
2017-11-15,2017-12-14,21,-0.6832,-7.8976
2017-11-16,2017-12-15,21,-1.0907,-12.3309
2017-11-17,2017-12-18,21,-1.2269,-13.7686
2017-11-20,2017-12-19,21,-1.0918,-12.3427
2017-11-21,2017-12-20,21,-1.4475,-16.052
2017-11-22,2017-12-21,21,-1.3091,-14.6257
2017-11-23,2017-12-22,21,-0.6511,-7.5398
2017-11-24,2017-12-25,21,-0.6206,-7.1985
2017-11-27,2017-12-26,21,-0.2252,-2.6687
2017-11-28,2017-12-27,21,-0.6847,-7.9141
2017-11-29,2017-12-28,21,-0.439,-5.1426
2017-11-30,2017-12-29,21,0.1023,1.2341
2017-12-01,2018-01-02,21,0.8109,10.1774
2017-12-04,2018-01-03,21,0.8312,10.4431
2017-12-05,2018-01-04,21,0.6682,8.3203
2017-12-06,2018-01-05,21,1.1106,14.1725
2017-12-07,2018-01-08,21,1.739,22.9847
2017-12-08,2018-01-09,21,1.9103,25.492
2017-12-11,2018-01-10,21,1.5321,20.0165
2017-12-12,2018-01-11,21,1.9995,26.8166
2017-12-13,2018-01-12,21,1.9703,26.3814
2017-12-14,2018-01-15,21,1.9416,25.9548
2017-12-15,2018-01-16,21,2.403,32.969
2017-12-18,2018-01-17,21,2.2193,30.1354
2017-12-19,2018-01-18,21,1.7929,23.7685
2017-12-20,2018-01-19,21,1.8845,25.1115
2017-12-21,2018-01-22,21,1.9988,26.8058
2017-12-22,2018-01-23,21,2.4264,33.3344
2017-12-25,2018-01-24,21,2.5117,34.6729
2017-12-26,2018-01-25,21,2.3863,32.7095
2017-12-27,2018-01-26,21,2.6664,37.1326
2017-12-28,2018-01-29,21,1.8053,23.9493
2017-12-29,2018-01-30,21,1.2597,16.2087
2018-01-02,2018-01-31,21,0.9027,11.387
2018-01-03,2018-02-01,21,0.4338,5.332
2018-01-04,2018-02-02,21,0.7337,9.168
2018-01-05,2018-02-05,21,0.3995,4.901
2018-01-08,2018-02-06,21,-0.3382,-3.9838
2018-01-09,2018-02-07,21,-1.4592,-16.1712
2018-01-10,2018-02-08,21,-1.7956,-19.5414
2018-01-11,2018-02-09,21,-2.7594,-28.522
2018-01-12,2018-02-12,21,-2.6454,-27.5103
2018-01-15,2018-02-13,21,-2.3006,-24.3689
2018-01-16,2018-02-14,21,-2.0997,-22.4812
2018-01-17,2018-02-22,21,-1.6821,-18.4188
2018-01-18,2018-02-23,21,-1.4845,-16.4293
2018-01-19,2018-02-26,21,-1.0944,-12.3701
2018-01-22,2018-02-27,21,-1.8642,-20.2134
2018-01-23,2018-02-28,21,-2.6011,-27.1131
2018-01-24,2018-03-01,21,-2.6381,-27.4449
2018-01-25,2018-03-02,21,-2.6954,-27.9553
2018-01-26,2018-03-05,21,-2.5308,-26.4793
2018-01-29,2018-03-06,21,-1.7484,-19.0762
2018-01-30,2018-03-07,21,-1.3521,-15.0714
2018-01-31,2018-03-08,21,-1.2901,-14.4288
2018-02-01,2018-03-09,21,-1.0196,-11.5714
2018-02-02,2018-03-12,21,-1.0888,-12.3108
2018-02-05,2018-03-13,21,-1.1206,-12.6486
2018-02-06,2018-03-14,21,-0.6453,-7.4746
2018-02-07,2018-03-15,21,0.4045,4.9633
2018-02-08,2018-03-16,21,0.3486,4.2642
2018-02-09,2018-03-19,21,1.3501,17.4606
2018-02-12,2018-03-20,21,1.1542,14.7638
2018-02-13,2018-03-21,21,0.6184,7.6781
2018-02-14,2018-03-22,21,0.2053,2.4917
2018-02-22,2018-03-23,21,-0.5471,-6.3709
2018-02-23,2018-03-26,21,-0.9287,-10.5926
2018-02-26,2018-03-27,21,-1.1456,-12.913
2018-02-27,2018-03-28,21,-1.246,-13.9683
2018-02-28,2018-03-29,21,-0.7928,-9.1097
2018-03-01,2018-03-30,21,-0.8393,-9.6194
2018-03-02,2018-04-02,21,-0.7891,-9.0693
2018-03-05,2018-04-03,21,-0.8548,-9.789
2018-03-06,2018-04-04,21,-1.1881,-13.361
2018-03-07,2018-04-09,21,-1.2112,-13.604
2018-03-08,2018-04-10,21,-0.9366,-10.6781
2018-03-09,2018-04-11,21,-0.7727,-8.8886
2018-03-12,2018-04-12,21,-1.0352,-11.7389
2018-03-13,2018-04-13,21,-1.1627,-13.0937
2018-03-14,2018-04-16,21,-1.3815,-15.3745
2018-03-15,2018-04-17,21,-1.8195,-19.7763
2018-03-16,2018-04-18,21,-1.3937,-15.4998
2018-03-19,2018-04-19,21,-1.0291,-11.6737
2018-03-20,2018-04-20,21,-1.594,-17.5372
2018-03-21,2018-04-23,21,-1.581,-17.406
2018-03-22,2018-04-24,21,-1.1463,-12.921
2018-03-23,2018-04-25,21,-0.8268,-9.4829
2018-03-26,2018-04-26,21,-1.082,-12.239
2018-03-27,2018-04-27,21,-1.3163,-14.7012
2018-03-28,2018-05-02,21,-0.7566,-8.7108
2018-03-29,2018-05-03,21,-0.2585,-3.0588
2018-03-30,2018-05-04,21,-0.4371,-5.1208
2018-04-02,2018-05-07,21,0.0779,0.9389
2018-04-03,2018-05-08,21,0.3187,3.8921
2018-04-04,2018-05-09,21,0.3226,3.9412
2018-04-09,2018-05-10,21,0.571,7.0717
2018-04-10,2018-05-11,21,-0.0124,-0.149
2018-04-11,2018-05-14,21,-0.0027,-0.0319
2018-04-12,2018-05-15,21,0.1404,1.6976
2018-04-13,2018-05-16,21,0.0705,0.8495
2018-04-16,2018-05-17,21,0.0654,0.7878
2018-04-17,2018-05-18,21,0.7382,9.2267
2018-04-18,2018-05-21,21,0.6775,8.4399
2018-04-19,2018-05-22,21,0.2735,3.3318
2018-04-20,2018-05-23,21,0.4215,5.177
2018-04-23,2018-05-24,21,0.4809,5.9264
2018-04-24,2018-05-25,21,0.085,1.0254
2018-04-25,2018-05-28,21,0.2031,2.4643
2018-04-26,2018-05-29,21,0.5514,6.8207
2018-04-27,2018-05-30,21,0.1579,1.9115
2018-05-02,2018-05-31,21,0.7406,9.2584
2018-05-03,2018-06-01,21,-0.0708,-0.8463
2018-05-04,2018-06-04,21,0.1495,1.8093
2018-05-07,2018-06-05,21,-0.1185,-1.4123
2018-05-08,2018-06-06,21,-0.394,-4.6263
2018-05-09,2018-06-07,21,-0.381,-4.4769
2018-05-10,2018-06-08,21,-0.8698,-9.9529
2018-05-11,2018-06-11,21,-0.7222,-8.3307
2018-05-14,2018-06-12,21,-0.6786,-7.8455
2018-05-15,2018-06-13,21,-0.9159,-10.4532
2018-05-16,2018-06-14,21,-0.4695,-5.4904
2018-05-17,2018-06-15,21,-0.2594,-3.0683
2018-05-18,2018-06-19,21,-1.5999,-17.5966
2018-05-21,2018-06-20,21,-1.6529,-18.1274
2018-05-22,2018-06-21,21,-1.9745,-21.283
2018-05-23,2018-06-22,21,-1.4845,-16.4294
2018-05-24,2018-06-25,21,-1.7391,-18.9845
2018-05-25,2018-06-26,21,-1.9754,-21.2912
2018-05-28,2018-06-27,21,-2.4037,-25.321
2018-05-29,2018-06-28,21,-2.6113,-27.2045
2018-05-30,2018-06-29,21,-1.5725,-17.321
2018-05-31,2018-07-02,21,-2.7075,-28.063
2018-06-01,2018-07-03,21,-2.4693,-25.921
2018-06-04,2018-07-04,21,-2.7869,-28.7644
2018-06-05,2018-07-05,21,-3.087,-31.3588
2018-06-06,2018-07-06,21,-2.8942,-29.7025
2018-06-07,2018-07-09,21,-2.2349,-23.7559
2018-06-08,2018-07-10,21,-1.9693,-21.2326
2018-06-11,2018-07-11,21,-2.3453,-24.7826
2018-06-12,2018-07-12,21,-2.1953,-23.3843
2018-06-13,2018-07-13,21,-1.8835,-20.4018
2018-06-14,2018-07-16,21,-2.0107,-21.6312
2018-06-15,2018-07-17,21,-2.1128,-22.6051
2018-06-19,2018-07-18,21,-1.4225,-15.7961
2018-06-20,2018-07-19,21,-1.3107,-14.6422
2018-06-21,2018-07-20,21,-0.4807,-5.6182
2018-06-22,2018-07-23,21,-0.347,-4.0857
2018-06-25,2018-07-24,21,0.304,3.7101
2018-06-26,2018-07-25,21,0.476,5.8635
2018-06-27,2018-07-26,21,0.7067,8.8174
2018-06-28,2018-07-27,21,0.8731,10.9952
2018-06-29,2018-07-30,21,0.1472,1.7813
2018-07-02,2018-07-31,21,0.8676,10.9228
2018-07-03,2018-08-01,21,0.3423,4.1863
2018-07-04,2018-08-02,21,-0.0163,-0.196
2018-07-05,2018-08-03,21,-0.3326,-3.9185
2018-07-06,2018-08-06,21,-0.8526,-9.7644
2018-07-09,2018-08-07,21,-0.8231,-9.4417
2018-07-10,2018-08-08,21,-1.2287,-13.7873
2018-07-11,2018-08-09,21,-0.2715,-3.2093
2018-07-12,2018-08-10,21,-0.6717,-7.7688
2018-07-13,2018-08-13,21,-0.7755,-8.9194
2018-07-16,2018-08-14,21,-1.0141,-11.5132
2018-07-17,2018-08-15,21,-1.4186,-15.7557
2018-07-18,2018-08-16,21,-1.4913,-16.4986
2018-07-19,2018-08-17,21,-1.983,-21.3651
2018-07-20,2018-08-20,21,-2.0188,-21.7086
2018-07-23,2018-08-21,21,-1.8178,-19.7595
2018-07-24,2018-08-22,21,-2.308,-24.4368
2018-07-25,2018-08-23,21,-2.2027,-23.4539
2018-07-26,2018-08-24,21,-1.9197,-20.7531
2018-07-27,2018-08-27,21,-1.0827,-12.2456
2018-07-30,2018-08-28,21,-1.0122,-11.4923
2018-07-31,2018-08-29,21,-1.2507,-14.0176
2018-08-01,2018-08-30,21,-0.9624,-10.957
2018-08-02,2018-08-31,21,-0.4385,-5.1366
2018-08-03,2018-09-03,21,-0.1795,-2.1327
2018-08-06,2018-09-04,21,0.3663,4.4849
2018-08-07,2018-09-05,21,-0.8371,-9.5955
2018-08-08,2018-09-06,21,-0.5727,-6.66
2018-08-09,2018-09-07,21,-0.9958,-11.3168
2018-08-10,2018-09-10,21,-1.4726,-16.3074
2018-08-13,2018-09-11,21,-1.4077,-15.6439
2018-08-14,2018-09-12,21,-1.2417,-13.9243
2018-08-15,2018-09-13,21,-0.2511,-2.9717
2018-08-16,2018-09-14,21,0.2803,3.4165
2018-08-17,2018-09-17,21,0.288,3.5112
2018-08-20,2018-09-18,21,0.3567,4.3652
2018-08-21,2018-09-19,21,0.148,1.7904
2018-08-22,2018-09-20,21,0.3038,3.7069
2018-08-23,2018-09-21,21,1.0531,13.3955
2018-08-24,2018-09-25,21,0.6687,8.3259
2018-08-27,2018-09-26,21,0.2667,3.2476
2018-08-28,2018-09-27,21,0.0456,0.548
2018-08-29,2018-09-28,21,0.289,3.5239
2018-08-30,2018-10-08,21,-0.2326,-2.7561
2018-08-31,2018-10-09,21,-0.2299,-2.7238
2018-09-03,2018-10-10,21,-0.0766,-0.915
2018-09-04,2018-10-11,21,-1.3154,-14.6912
2018-09-05,2018-10-12,21,-0.1791,-2.1284
2018-09-06,2018-10-15,21,-0.1011,-1.2069
2018-09-07,2018-10-16,21,-0.4901,-5.725
2018-09-10,2018-10-17,21,0.0134,0.1615
2018-09-11,2018-10-18,21,-0.5644,-6.5661
2018-09-12,2018-10-19,21,0.4473,5.5017
2018-09-13,2018-10-22,21,1.0873,13.857
2018-09-14,2018-10-23,21,0.4243,5.212
2018-09-17,2018-10-24,21,0.8903,11.2219
2018-09-18,2018-10-25,21,0.5433,6.7178
2018-09-19,2018-10-26,21,0.022,0.2647
2018-09-20,2018-10-29,21,-0.7578,-8.7235
2018-09-21,2018-10-30,21,-1.3345,-14.8897
2018-09-25,2018-10-31,21,-0.9188,-10.4856
2018-09-26,2018-11-01,21,-1.0056,-11.4213
2018-09-27,2018-11-02,21,0.0197,0.2365
2018-09-28,2018-11-05,21,-0.1656,-1.9694
2018-10-08,2018-11-06,21,0.4116,5.052
2018-10-09,2018-11-07,21,0.3432,4.1966
2018-10-10,2018-11-08,21,0.6531,8.1252
2018-10-11,2018-11-09,21,1.3092,16.8931
2018-10-12,2018-11-12,21,0.7146,8.9209
2018-10-15,2018-11-13,21,1.0004,12.6876
2018-10-16,2018-11-14,21,0.9652,12.2172
2018-10-17,2018-11-15,21,1.3317,17.204
2018-10-18,2018-11-16,21,2.1059,28.4138
2018-10-19,2018-11-19,21,1.5767,20.6508
2018-10-22,2018-11-20,21,0.0205,0.2457
2018-10-23,2018-11-21,21,0.6275,7.7958
2018-10-24,2018-11-22,21,0.5354,6.6177
2018-10-25,2018-11-23,21,-0.1903,-2.2603
2018-10-26,2018-11-26,21,-0.0431,-0.5159
2018-10-29,2018-11-27,21,0.6891,8.5901
2018-10-30,2018-11-28,21,0.6833,8.5149
2018-10-31,2018-11-29,21,0.399,4.8943
2018-11-01,2018-11-30,21,0.447,5.4973
2018-11-02,2018-12-03,21,0.1495,1.8084
2018-11-05,2018-12-04,21,0.3911,4.7953
2018-11-06,2018-12-05,21,0.4489,5.5224
2018-11-07,2018-12-06,21,0.1545,1.87
2018-11-08,2018-12-07,21,-0.0625,-0.7477
2018-11-09,2018-12-10,21,0.3199,3.9077
2018-11-12,2018-12-11,21,0.3022,3.687
2018-11-13,2018-12-12,21,0.1105,1.3342
2018-11-14,2018-12-13,21,0.7003,8.7345
2018-11-15,2018-12-14,21,-0.1875,-2.2268
2018-11-16,2018-12-17,21,-0.3929,-4.6138
2018-11-19,2018-12-18,21,-0.8288,-9.504
2018-11-20,2018-12-19,21,-0.5935,-6.8943
2018-11-21,2018-12-20,21,-0.846,-9.6931
2018-11-22,2018-12-21,21,-0.8744,-10.0026
2018-11-23,2018-12-24,21,-0.2145,-2.5437
2018-11-26,2018-12-25,21,-0.2025,-2.4031
2018-11-27,2018-12-26,21,-0.2023,-2.4006
2018-11-28,2018-12-27,21,-0.5894,-6.8482
2018-11-29,2018-12-28,21,-0.1654,-1.9664
2018-11-30,2019-01-02,21,-0.7048,-8.1374
2018-12-03,2019-01-03,21,-1.1556,-13.0185
2018-12-04,2019-01-04,21,-0.6236,-7.2321
2018-12-05,2019-01-07,21,-0.5733,-6.6665
2018-12-06,2019-01-08,21,-0.3353,-3.9507
2018-12-07,2019-01-09,21,-0.1993,-2.3655
2018-12-10,2019-01-10,21,-0.1764,-2.0969
2018-12-11,2019-01-11,21,-0.2299,-2.7237
2018-12-12,2019-01-14,21,-0.3942,-4.6287
2018-12-13,2019-01-15,21,-0.2767,-3.27
2018-12-14,2019-01-16,21,0.1903,2.3081
2018-12-17,2019-01-17,21,0.1378,1.6661
2018-12-18,2019-01-18,21,0.6991,8.7194
2018-12-19,2019-01-21,21,0.9165,11.5694
2018-12-20,2019-01-22,21,0.7888,9.8869
2018-12-21,2019-01-23,21,0.8639,10.8735
2018-12-24,2019-01-24,21,0.8572,10.7851
2018-12-25,2019-01-25,21,1.062,13.5151
2018-12-26,2019-01-28,21,1.3786,17.8575
2018-12-27,2019-01-29,21,1.7546,23.2105
2018-12-28,2019-01-30,21,1.3143,16.963
2019-01-02,2019-01-31,21,1.9256,25.7188
2019-01-03,2019-02-01,21,2.2239,30.2053
2019-01-04,2019-02-11,21,2.1777,29.5017
2019-01-07,2019-02-12,21,2.381,32.6266
2019-01-08,2019-02-13,21,3.0568,43.522
2019-01-09,2019-02-14,21,2.855,40.1862
2019-01-10,2019-02-15,21,2.5039,34.5508
2019-01-11,2019-02-18,21,3.4658,50.5094
2019-01-14,2019-02-19,21,3.6869,54.4135
2019-01-15,2019-02-20,21,3.4891,50.9161
2019-01-16,2019-02-21,21,3.2199,46.2718
2019-01-17,2019-02-22,21,3.7828,56.1357
2019-01-18,2019-02-25,21,4.9063,77.6718
2019-01-21,2019-02-26,21,4.5328,70.227
2019-01-22,2019-02-27,21,4.8365,76.2594
2019-01-23,2019-02-28,21,4.5957,71.4613
2019-01-24,2019-03-01,21,5.0062,79.7129
2019-01-25,2019-03-04,21,4.7931,75.3841
2019-01-28,2019-03-05,21,4.6486,72.5049
2019-01-29,2019-03-06,21,4.8535,76.602
2019-01-30,2019-03-07,21,4.5787,71.128
2019-01-31,2019-03-08,21,3.2911,47.487
2019-02-01,2019-03-11,21,3.4346,49.9642
2019-02-11,2019-03-12,21,3.1043,44.3179
2019-02-12,2019-03-13,21,2.7839,39.0279
2019-02-13,2019-03-14,21,2.0496,27.5665
2019-02-14,2019-03-15,21,2.3891,32.7524
2019-02-15,2019-03-18,21,3.5661,52.2685
2019-02-18,2019-03-19,21,2.4913,34.3519
2019-02-19,2019-03-20,21,2.4836,34.231
2019-02-20,2019-03-21,21,2.3852,32.693
2019-02-21,2019-03-22,21,2.5026,34.5301
2019-02-22,2019-03-25,21,1.5521,20.3009
2019-02-25,2019-03-26,21,-0.1768,-2.1015
2019-02-26,2019-03-27,21,0.4376,5.3797
2019-02-27,2019-03-28,21,0.3402,4.1595
2019-02-28,2019-03-29,21,1.0645,13.5484
2019-03-01,2019-04-01,21,1.2712,16.3671
2019-03-04,2019-04-02,21,1.3028,16.8039
2019-03-05,2019-04-03,21,1.6418,21.5811
2019-03-06,2019-04-04,21,1.5486,20.2508
2019-03-07,2019-04-08,21,2.0238,27.1797
2019-03-08,2019-04-09,21,3.0353,43.1632
2019-03-11,2019-04-10,21,2.5818,35.7829
2019-03-12,2019-04-11,21,1.8883,25.1683
2019-03-13,2019-04-12,21,1.6736,22.0395
2019-03-14,2019-04-15,21,1.6832,22.1767
2019-03-15,2019-04-16,21,2.0808,28.0357
2019-03-18,2019-04-17,21,1.1769,15.0742
2019-03-19,2019-04-18,21,0.9794,12.4065
2019-03-20,2019-04-19,21,1.4334,18.6233
2019-03-21,2019-04-22,21,0.7163,8.9426
2019-03-22,2019-04-23,21,0.6703,8.3466
2019-03-25,2019-04-24,21,1.2246,15.726
2019-03-26,2019-04-25,21,1.05,13.3531
2019-03-27,2019-04-26,21,0.4888,6.026
2019-03-28,2019-04-29,21,0.7223,9.0204
2019-03-29,2019-04-30,21,0.3282,4.0108
2019-04-01,2019-05-06,21,-1.348,-15.0291
2019-04-02,2019-05-07,21,-1.1589,-13.0533
2019-04-03,2019-05-08,21,-1.7248,-18.8429
2019-04-04,2019-05-09,21,-2.3668,-24.9807
2019-04-08,2019-05-10,21,-1.6365,-17.9638
2019-04-09,2019-05-13,21,-1.9686,-21.2264
2019-04-10,2019-05-14,21,-1.9843,-21.377
2019-04-11,2019-05-15,21,-1.1417,-12.8722
2019-04-12,2019-05-16,21,-0.6305,-7.3096
2019-04-15,2019-05-17,21,-1.0677,-12.0861
2019-04-16,2019-05-20,21,-2.0577,-22.0809
2019-04-17,2019-05-21,21,-1.6506,-18.1041
2019-04-18,2019-05-22,21,-1.5293,-16.8838
2019-04-19,2019-05-23,21,-2.2705,-24.0887
2019-04-22,2019-05-24,21,-1.6134,-17.732
2019-04-23,2019-05-27,21,-1.1731,-13.2032
2019-04-24,2019-05-28,21,-1.0262,-11.6421
2019-04-25,2019-05-29,21,-0.6731,-7.7846
2019-04-26,2019-05-30,21,-0.7221,-8.3292
2019-04-29,2019-05-31,21,-0.55,-6.4043
2019-04-30,2019-06-03,21,-0.347,-4.085
2019-05-06,2019-06-04,21,0.6988,8.7154
2019-05-07,2019-06-05,21,0.6741,8.3959
2019-05-08,2019-06-06,21,0.6704,8.3484
2019-05-09,2019-06-10,21,1.3692,17.7256
2019-05-10,2019-06-11,21,1.0999,14.027
2019-05-13,2019-06-12,21,1.4151,18.3669
2019-05-14,2019-06-13,21,1.2727,16.3878
2019-05-15,2019-06-14,21,1.0362,13.1683
2019-05-16,2019-06-17,21,0.5138,6.3434
2019-05-17,2019-06-18,21,1.4719,19.1654
2019-05-20,2019-06-19,21,2.0696,27.8671
2019-05-21,2019-06-20,21,3.1178,44.5452
2019-05-22,2019-06-21,21,3.506,51.2121
2019-05-23,2019-06-24,21,4.1844,63.5427
2019-05-24,2019-06-25,21,4.1835,63.5265
2019-05-27,2019-06-26,21,3.3431,48.3812
2019-05-28,2019-06-27,21,3.3243,48.0577
2019-05-29,2019-06-28,21,3.3862,49.1254
2019-05-30,2019-07-01,21,3.743,55.4194
2019-05-31,2019-07-02,21,3.8059,56.5548
2019-06-03,2019-07-03,21,3.9603,59.372
2019-06-04,2019-07-04,21,3.5052,51.1977
2019-06-05,2019-07-05,21,3.5128,51.3321
2019-06-06,2019-07-08,21,2.9882,42.3797
2019-06-10,2019-07-09,21,2.4141,33.1427
2019-06-11,2019-07-10,21,1.697,22.3757
2019-06-12,2019-07-11,21,2.0967,28.2747
2019-06-13,2019-07-12,21,2.0499,27.5714
2019-06-14,2019-07-15,21,2.0747,27.9435
2019-06-17,2019-07-16,21,2.2663,30.855
2019-06-18,2019-07-17,21,1.8263,24.2561
2019-06-19,2019-07-18,21,1.6731,22.0324
2019-06-20,2019-07-19,21,0.9379,11.8535
2019-06-21,2019-07-22,21,0.3256,3.9774
2019-06-24,2019-07-23,21,-0.0004,-0.0044
2019-06-25,2019-07-24,21,0.0591,0.7111
2019-06-26,2019-07-25,21,0.7862,9.8539
2019-06-27,2019-07-26,21,0.5364,6.6297
2019-06-28,2019-07-29,21,0.5087,6.2781
2019-07-01,2019-07-30,21,0.6596,8.2088
2019-07-02,2019-07-31,21,0.275,3.3502
2019-07-03,2019-08-01,21,-0.8244,-9.4561
2019-07-04,2019-08-02,21,-0.1874,-2.226
2019-07-05,2019-08-05,21,-0.0346,-0.4147
2019-07-08,2019-08-06,21,0.5272,6.5137
2019-07-09,2019-08-07,21,1.2338,15.8522
2019-07-10,2019-08-08,21,1.8153,24.0961
2019-07-11,2019-08-09,21,1.2106,15.534
2019-07-12,2019-08-12,21,1.5638,20.4663
2019-07-15,2019-08-13,21,1.7869,23.6803
2019-07-16,2019-08-14,21,1.2697,16.3472
2019-07-17,2019-08-15,21,1.8789,25.0286
2019-07-18,2019-08-16,21,1.965,26.3029
2019-07-19,2019-08-19,21,1.7799,23.5782
2019-07-22,2019-08-20,21,2.0233,27.1716
2019-07-23,2019-08-21,21,2.141,28.944
2019-07-24,2019-08-22,21,2.028,27.2428
2019-07-25,2019-08-23,21,1.9337,25.8377
2019-07-26,2019-08-26,21,2.5712,35.6135
2019-07-29,2019-08-27,21,2.9207,41.2642
2019-07-30,2019-08-28,21,2.6276,36.5124
2019-07-31,2019-08-29,21,2.9557,41.8416
2019-08-01,2019-08-30,21,3.2452,46.7029
2019-08-02,2019-09-02,21,3.2098,46.1006
2019-08-05,2019-09-03,21,3.0696,43.7373
2019-08-06,2019-09-04,21,3.5679,52.3011
2019-08-07,2019-09-05,21,3.5992,52.8533
2019-08-08,2019-09-06,21,2.3588,32.2818
2019-08-09,2019-09-09,21,2.7793,38.9528
2019-08-12,2019-09-10,21,1.9061,25.4304
2019-08-13,2019-09-11,21,1.4565,18.9482
2019-08-14,2019-09-12,21,2.3062,31.4693
2019-08-15,2019-09-16,21,1.8063,23.9635
2019-08-16,2019-09-17,21,1.1203,14.3042
2019-08-19,2019-09-18,21,0.8962,11.3
2019-08-20,2019-09-19,21,1.0968,13.9859
2019-08-21,2019-09-20,21,1.2193,15.6543
2019-08-22,2019-09-23,21,1.0224,12.9824
2019-08-23,2019-09-24,21,1.0479,13.3251
2019-08-26,2019-09-25,21,0.4948,6.1013
2019-08-27,2019-09-26,21,-0.375,-4.4082
2019-08-28,2019-09-27,21,-0.4374,-5.1242
2019-08-29,2019-09-30,21,-0.9583,-10.9124
2019-08-30,2019-10-08,21,-0.5001,-5.8394
2019-09-02,2019-10-09,21,-0.3714,-4.3669
2019-09-03,2019-10-10,21,-0.4412,-5.168
2019-09-04,2019-10-11,21,-0.646,-7.4821
2019-09-05,2019-10-14,21,-1.1172,-12.6125
2019-09-06,2019-10-15,21,-0.5139,-5.995
2019-09-09,2019-10-16,21,-0.9536,-10.8616
2019-09-10,2019-10-17,21,-0.2665,-3.1521
2019-09-11,2019-10-18,21,-0.5674,-6.6007
2019-09-12,2019-10-21,21,-0.7896,-9.0745
2019-09-16,2019-10-22,21,-0.7051,-8.1405
2019-09-17,2019-10-23,21,-0.2425,-2.8717
2019-09-18,2019-10-24,21,-0.5085,-5.9341
2019-09-19,2019-10-25,21,-0.169,-2.0096
2019-09-20,2019-10-28,21,-0.1047,-1.2497
2019-09-23,2019-10-29,21,-0.4409,-5.164
2019-09-24,2019-10-30,21,-0.7755,-8.9191
2019-09-25,2019-10-31,21,-0.6947,-8.0251
2019-09-26,2019-11-01,21,0.435,5.3463
2019-09-27,2019-11-04,21,0.7272,9.0836
2019-09-30,2019-11-05,21,1.0738,13.6748
2019-10-08,2019-11-06,21,0.4863,5.994
2019-10-09,2019-11-07,21,0.2736,3.3327
2019-10-10,2019-11-08,21,-0.3827,-4.4966
2019-10-11,2019-11-11,21,-0.9889,-11.2425
2019-10-14,2019-11-12,21,-1.119,-12.6314
2019-10-15,2019-11-13,21,-0.5322,-6.2026
2019-10-16,2019-11-14,21,-0.2345,-2.7775
2019-10-17,2019-11-15,21,-0.6765,-7.8223
2019-10-18,2019-11-18,21,-0.0706,-0.8442
2019-10-21,2019-11-19,21,0.2783,3.3917
2019-10-22,2019-11-20,21,0.0857,1.0334
2019-10-23,2019-11-21,21,-0.0065,-0.0775
2019-10-24,2019-11-22,21,-0.2928,-3.4575
2019-10-25,2019-11-25,21,-0.6859,-7.9277
2019-10-28,2019-11-26,21,-0.8001,-9.1896
2019-10-29,2019-11-27,21,-0.491,-5.7354
2019-10-30,2019-11-28,21,-0.5037,-5.8793
2019-10-31,2019-11-29,21,-0.6651,-7.6955
2019-11-01,2019-12-02,21,-1.2019,-13.5071
2019-11-04,2019-12-03,21,-1.1923,-13.4058
2019-11-05,2019-12-04,21,-0.7268,-8.381
2019-11-06,2019-12-05,21,-0.1863,-2.2128
2019-11-07,2019-12-06,21,-0.4008,-4.7045
2019-11-08,2019-12-09,21,-0.0563,-0.6739
2019-11-11,2019-12-10,21,0.4843,5.9694
2019-11-12,2019-12-11,21,0.7577,9.4812
2019-11-13,2019-12-12,21,0.2581,3.1415
2019-11-14,2019-12-13,21,0.3232,3.9481
2019-11-15,2019-12-16,21,0.9682,12.2577
2019-11-18,2019-12-17,21,1.099,14.015
2019-11-19,2019-12-18,21,0.6681,8.3179
2019-11-20,2019-12-19,21,0.7856,9.845
2019-11-21,2019-12-20,21,0.9469,11.9737
2019-11-22,2019-12-23,21,1.0319,13.1101
2019-11-25,2019-12-24,21,1.3151,16.9739
2019-11-26,2019-12-25,21,1.3815,17.8981
2019-11-27,2019-12-26,21,1.6937,22.3282
2019-11-28,2019-12-27,21,1.9222,25.6682
2019-11-29,2019-12-30,21,2.4829,34.2195
2019-12-02,2019-12-31,21,2.4907,34.3427
2019-12-03,2020-01-02,21,2.7562,38.5781
2019-12-04,2020-01-03,21,2.5056,34.5768
2019-12-05,2020-01-06,21,2.8436,39.9999
2019-12-06,2020-01-07,21,2.8151,39.5346
2019-12-09,2020-01-08,21,3.19,45.7638
2019-12-10,2020-01-09,21,2.5309,34.976
2019-12-11,2020-01-10,21,2.5842,35.8205
2019-12-12,2020-01-13,21,2.7732,38.8544
2019-12-13,2020-01-14,21,2.1585,29.2093
2019-12-16,2020-01-15,21,1.816,24.1063
2019-12-17,2020-01-16,21,1.4037,18.208
2019-12-18,2020-01-17,21,1.4438,18.7697
2019-12-19,2020-01-20,21,1.7226,22.7461
2019-12-20,2020-01-21,21,1.5125,19.7381
2019-12-23,2020-01-22,21,1.6468,21.6529
2019-12-24,2020-01-23,21,0.7499,9.38
2019-12-25,2020-02-03,21,-0.6998,-8.082
2019-12-26,2020-02-04,21,-0.5755,-6.6918
2019-12-27,2020-02-05,21,-0.5171,-6.0312
2019-12-30,2020-02-06,21,-0.596,-6.9225
2019-12-31,2020-02-07,21,-0.5506,-6.4107
2020-01-02,2020-02-10,21,-0.7544,-8.6866
2020-01-03,2020-02-11,21,-0.915,-10.4437
2020-01-06,2020-02-12,21,-1.0755,-12.1698
2020-01-07,2020-02-13,21,-0.9881,-11.2341
2020-01-08,2020-02-14,21,-0.9234,-10.5353
2020-01-09,2020-02-17,21,0.2906,3.543
2020-01-10,2020-02-18,21,0.2126,2.5814
2020-01-13,2020-02-19,21,0.2438,2.9651
2020-01-14,2020-02-20,21,1.311,16.918
2020-01-15,2020-02-21,21,1.7531,23.1894
2020-01-16,2020-02-24,21,2.2871,31.1744
2020-01-17,2020-02-25,21,1.6401,21.5574
2020-01-20,2020-02-26,21,1.3216,17.0645
2020-01-21,2020-02-27,21,1.5592,20.401
2020-01-22,2020-02-28,21,0.4979,6.1413
2020-01-23,2020-03-02,21,1.2648,16.2791
2020-02-03,2020-03-03,21,2.9027,40.9677
2020-02-04,2020-03-04,21,3.1458,45.0166
2020-02-05,2020-03-05,21,3.5902,52.6947
2020-02-06,2020-03-06,21,3.3146,47.8906
2020-02-07,2020-03-09,21,2.0769,27.9767
2020-02-10,2020-03-10,21,2.0883,28.1486
2020-02-11,2020-03-11,21,1.7565,23.2385
2020-02-12,2020-03-12,21,0.8304,10.4325
2020-02-13,2020-03-13,21,-0.312,-3.6806
2020-02-14,2020-03-16,21,-2.1977,-23.4075
2020-02-17,2020-03-17,21,-4.0379,-39.0184
2020-02-18,2020-03-18,21,-3.9231,-38.1373
2020-02-19,2020-03-19,21,-4.6323,-43.4001
2020-02-20,2020-03-20,21,-4.5912,-43.1067
2020-02-21,2020-03-23,21,-5.7961,-51.1546
2020-02-24,2020-03-24,21,-4.3655,-41.4703
2020-02-25,2020-03-25,21,-2.8224,-29.0756
2020-02-26,2020-03-26,21,-2.9267,-29.984
2020-02-27,2020-03-27,21,-2.6385,-27.4482
2020-02-28,2020-03-30,21,-1.9399,-20.9489
2020-03-02,2020-03-31,21,-1.9983,-21.5124
2020-03-03,2020-04-01,21,-2.5532,-26.6821
2020-03-04,2020-04-02,21,-2.7393,-28.3448
2020-03-05,2020-04-03,21,-3.1772,-32.1213
2020-03-06,2020-04-07,21,-2.0988,-22.4723
2020-03-09,2020-04-08,21,-1.4672,-16.2529
2020-03-10,2020-04-09,21,-1.4798,-16.381
2020-03-11,2020-04-10,21,-1.3349,-14.8935
2020-03-12,2020-04-13,21,-0.738,-8.505
2020-03-13,2020-04-14,21,1.1446,14.6335
2020-03-16,2020-04-15,21,2.6688,37.1716
2020-03-17,2020-04-16,21,4.3935,67.5248
2020-03-18,2020-04-17,21,3.9419,59.0341
2020-03-19,2020-04-20,21,4.4842,69.2801
2020-03-20,2020-04-21,21,3.7125,54.8717
2020-03-23,2020-04-22,21,4.7634,74.7898
2020-03-24,2020-04-23,21,3.0038,42.6398
2020-03-25,2020-04-24,21,1.8653,24.8286
2020-03-26,2020-04-27,21,2.1034,28.3753
2020-03-27,2020-04-28,21,1.689,22.2606
2020-03-30,2020-04-29,21,2.3794,32.6025
2020-03-31,2020-04-30,21,2.6936,37.5692
2020-04-01,2020-05-06,21,3.377,48.9655
2020-04-02,2020-05-07,21,2.5902,35.9153
2020-04-03,2020-05-08,21,3.1589,45.2378
2020-04-07,2020-05-11,21,1.6972,22.3798
2020-04-08,2020-05-12,21,2.0152,27.0506
2020-04-09,2020-05-13,21,1.9606,26.238
2020-04-10,2020-05-14,21,1.8563,24.697
2020-04-13,2020-05-15,21,2.299,31.358
2020-04-14,2020-05-18,21,2.2994,31.364
2020-04-15,2020-05-19,21,2.3581,32.2711
2020-04-16,2020-05-20,21,2.2521,30.6376
2020-04-17,2020-05-21,21,2.125,28.7019
2020-04-20,2020-05-22,21,1.5034,19.6099
2020-04-21,2020-05-25,21,1.5206,19.8534
2020-04-22,2020-05-26,21,1.8062,23.9628
2020-04-23,2020-05-27,21,0.9582,12.1243
2020-04-24,2020-05-28,21,1.2416,15.9605
2020-04-27,2020-05-29,21,1.3328,17.2199
2020-04-28,2020-06-01,21,2.2835,31.1192
2020-04-29,2020-06-02,21,2.0603,27.7274
2020-04-30,2020-06-03,21,1.3972,18.1174
2020-05-06,2020-06-04,21,1.0314,13.1034
2020-05-07,2020-06-05,21,1.3839,17.931
2020-05-08,2020-06-08,21,0.6613,8.2308
2020-05-11,2020-06-09,21,0.9512,12.0305
2020-05-12,2020-06-10,21,1.2308,15.8116
2020-05-13,2020-06-11,21,1.0535,13.401
2020-05-14,2020-06-12,21,1.1958,15.3326
2020-05-15,2020-06-15,21,0.5262,6.5007
2020-05-18,2020-06-16,21,0.1425,1.7232
2020-05-19,2020-06-17,21,0.388,4.7565
2020-05-20,2020-06-18,21,0.3877,4.753
2020-05-21,2020-06-19,21,1.1513,14.7248
2020-05-22,2020-06-22,21,2.1194,28.6168
2020-05-25,2020-06-23,21,2.2309,30.3131
2020-05-26,2020-06-24,21,2.1213,28.6458
2020-05-27,2020-06-29,21,2.3925,32.806
2020-05-28,2020-06-30,21,2.5113,34.6667
2020-05-29,2020-07-01,21,3.116,44.5156
2020-06-01,2020-07-02,21,2.4655,33.946
2020-06-02,2020-07-03,21,3.0662,43.6788
2020-06-03,2020-07-06,21,4.8333,76.1931
2020-06-04,2020-07-07,21,5.2776,85.3663
2020-06-05,2020-07-08,21,5.7129,94.7757
2020-06-08,2020-07-09,21,6.4016,110.5613
2020-06-09,2020-07-10,21,5.4744,89.5684
2020-06-10,2020-07-13,21,5.9914,101.0243
2020-06-11,2020-07-14,21,5.7688,96.0167
2020-06-12,2020-07-15,21,5.3695,87.3178
2020-06-15,2020-07-16,21,4.2622,65.0153
2020-06-16,2020-07-17,21,3.8745,57.7997
2020-06-17,2020-07-20,21,4.7957,75.4374
2020-06-18,2020-07-21,21,4.8894,77.3296
2020-06-19,2020-07-22,21,5.2138,84.0239
2020-06-22,2020-07-23,21,5.0205,80.0075
2020-06-23,2020-07-24,21,3.9083,58.4182
2020-06-24,2020-07-27,21,4.3314,66.3334
2020-06-29,2020-07-28,21,4.7555,74.6313
2020-06-30,2020-07-29,21,5.1094,81.8429
2020-07-01,2020-07-30,21,4.1103,62.1521
2020-07-02,2020-07-31,21,4.2929,65.598
2020-07-03,2020-08-03,21,4.0199,60.472
2020-07-06,2020-08-04,21,2.6906,37.521
2020-07-07,2020-08-05,21,3.2561,46.8893
2020-07-08,2020-08-06,21,2.8538,40.1672
2020-07-09,2020-08-07,21,2.1828,29.5788
2020-07-10,2020-08-10,21,2.7239,38.0562
2020-07-13,2020-08-11,21,1.2782,16.4645
2020-07-14,2020-08-12,21,0.1542,1.8661
2020-07-15,2020-08-13,21,0.3439,4.2052
2020-07-16,2020-08-14,21,2.2773,31.0241
2020-07-17,2020-08-17,21,3.1358,44.8488
2020-07-20,2020-08-18,21,2.8129,39.4984
2020-07-21,2020-08-19,21,1.8903,25.1967
2020-07-22,2020-08-20,21,0.1622,1.9635
2020-07-23,2020-08-21,21,0.3159,3.8577
2020-07-24,2020-08-24,21,1.2039,15.4423
2020-07-27,2020-08-25,21,0.6051,7.5077
2020-07-28,2020-08-26,21,0.0284,0.3418
2020-07-29,2020-08-27,21,-0.2443,-2.8926
2020-07-30,2020-08-28,21,0.6166,7.6549
2020-07-31,2020-08-31,21,0.1615,1.9556
2020-08-03,2020-09-01,21,0.2192,2.6618
2020-08-04,2020-09-02,21,-0.081,-0.9681
2020-08-05,2020-09-03,21,-1.3056,-14.5899
2020-08-06,2020-09-04,21,-1.5893,-17.49
2020-08-07,2020-09-07,21,-1.955,-21.0945
2020-08-10,2020-09-08,21,-1.7271,-18.8656
2020-08-11,2020-09-09,21,-1.5842,-17.4387
2020-08-12,2020-09-10,21,-0.1111,-1.3253
2020-08-13,2020-09-11,21,0.1548,1.8734
2020-08-14,2020-09-14,21,-0.2911,-3.4375
2020-08-17,2020-09-15,21,-0.8271,-9.4855
2020-08-18,2020-09-16,21,-1.5844,-17.4405
2020-08-19,2020-09-17,21,-1.2538,-14.0505
2020-08-20,2020-09-18,21,0.3325,4.0641
2020-08-21,2020-09-21,21,-0.1864,-2.2138
2020-08-24,2020-09-22,21,-1.0059,-11.4247
2020-08-25,2020-09-23,21,-1.4076,-15.6432
2020-08-26,2020-09-24,21,-1.8033,-19.6171
2020-08-27,2020-09-25,21,-1.9062,-20.622
2020-08-28,2020-09-28,21,-2.4545,-25.7857
2020-08-31,2020-09-29,21,-2.0531,-22.037
2020-09-01,2020-09-30,21,-2.4334,-25.5932
2020-09-02,2020-10-09,21,-1.7556,-19.1471
2020-09-03,2020-10-12,21,-0.1821,-2.1635
2020-09-04,2020-10-13,21,-0.0143,-0.172
2020-09-07,2020-10-14,21,0.102,1.2304
2020-09-08,2020-10-15,21,-0.1166,-1.3905
2020-09-09,2020-10-16,21,0.5421,6.7021
2020-09-10,2020-10-19,21,0.1832,2.2206
2020-09-11,2020-10-20,21,0.1201,1.4503
2020-09-14,2020-10-21,21,0.043,0.5178
2020-09-15,2020-10-22,21,-0.3082,-3.6362
2020-09-16,2020-10-23,21,-0.4669,-5.4615
2020-09-17,2020-10-26,21,-0.4256,-4.9898
2020-09-18,2020-10-27,21,-0.792,-9.1012
2020-09-21,2020-10-28,21,-0.3516,-4.1386
2020-09-22,2020-10-29,21,0.3655,4.4755
2020-09-23,2020-10-30,21,0.0984,1.1874
2020-09-24,2020-11-02,21,1.2271,15.7607
2020-09-25,2020-11-03,21,1.3356,17.2585
2020-09-28,2020-11-04,21,1.6274,21.3752
2020-09-29,2020-11-05,21,1.5977,20.9507
2020-09-30,2020-11-06,21,1.8655,24.8316
2020-10-09,2020-11-09,21,1.8346,24.3784
2020-10-12,2020-11-10,21,-0.0401,-0.4799
2020-10-13,2020-11-11,21,-0.3457,-4.0707
2020-10-14,2020-11-12,21,0.0708,0.8533
2020-10-15,2020-11-13,21,-0.0104,-0.1252
2020-10-16,2020-11-16,21,0.1764,2.1371
2020-10-19,2020-11-17,21,0.2982,3.6373
2020-10-20,2020-11-18,21,0.0007,0.0086
2020-10-21,2020-11-19,21,0.0272,0.3263
2020-10-22,2020-11-20,21,0.1862,2.2575
2020-10-23,2020-11-23,21,0.9547,12.0772
2020-10-26,2020-11-24,21,0.4771,5.8779
2020-10-27,2020-11-25,21,-0.3784,-4.4478
2020-10-28,2020-11-26,21,-0.484,-5.6564
2020-10-29,2020-11-27,21,0.0273,0.3281
2020-10-30,2020-11-30,21,-0.1069,-1.2758
2020-11-02,2020-12-01,21,0.2858,3.484
2020-11-03,2020-12-02,21,0.1939,2.3515
2020-11-04,2020-12-03,21,0.0958,1.1554
2020-11-05,2020-12-04,21,-0.1926,-2.2863
2020-11-06,2020-12-07,21,-0.723,-8.3393
2020-11-09,2020-12-08,21,-0.8718,-9.9741
2020-11-10,2020-12-09,21,-0.5536,-6.4444
2020-11-11,2020-12-10,21,-0.4964,-5.797
2020-11-12,2020-12-11,21,-0.7638,-8.7907
2020-11-13,2020-12-14,21,-0.38,-4.4656
2020-11-16,2020-12-15,21,-0.3792,-4.4561
2020-11-17,2020-12-16,21,-0.0849,-1.0142
2020-11-18,2020-12-17,21,0.5478,6.7755
2020-11-19,2020-12-18,21,0.5702,7.061
2020-11-20,2020-12-21,21,1.0219,12.9764
2020-11-23,2020-12-22,21,-0.0993,-1.1856
2020-11-24,2020-12-23,21,0.7989,10.0194
2020-11-25,2020-12-24,21,1.4687,19.1199
2020-11-26,2020-12-25,21,1.6982,22.3937
2020-11-27,2020-12-28,21,1.4844,19.3417
2020-11-30,2020-12-29,21,2.0371,27.3794
2020-12-01,2020-12-30,21,1.637,21.5133
2020-12-02,2020-12-31,21,1.7413,23.0179
2020-12-03,2021-01-04,21,2.2103,29.998
2020-12-04,2021-01-05,21,2.7589,38.6224
2020-12-07,2021-01-06,21,3.3443,48.401
2020-12-08,2021-01-07,21,3.2529,46.8336
2020-12-09,2021-01-08,21,3.4852,50.8486
2020-12-10,2021-01-11,21,2.7511,38.4957
2020-12-11,2021-01-12,21,4.0207,60.4861
2020-12-14,2021-01-13,21,3.6707,54.124
2020-12-15,2021-01-14,21,2.7369,38.2663
2020-12-16,2021-01-15,21,2.6166,36.3369
2020-12-17,2021-01-18,21,2.3652,32.3812
2020-12-18,2021-01-19,21,1.9198,25.6333
2020-12-21,2021-01-20,21,1.6336,21.4641
2020-12-22,2021-01-21,21,3.124,44.6495
2020-12-23,2021-01-22,21,2.879,40.5798
2020-12-24,2021-01-25,21,2.9768,42.1918
2020-12-25,2021-01-26,21,2.1318,28.8052
2020-12-28,2021-01-27,21,1.8975,25.3034
2020-12-29,2021-01-28,21,1.2812,16.5056
2020-12-30,2021-01-29,21,0.9287,11.7316
2020-12-31,2021-02-01,21,1.0269,13.0435
2021-01-04,2021-02-02,21,0.5532,6.8436
2021-01-05,2021-02-03,21,-0.4223,-4.952
2021-01-06,2021-02-04,21,-0.9156,-10.45
2021-01-07,2021-02-05,21,-1.361,-15.163
2021-01-08,2021-02-08,21,-0.5318,-6.1987
2021-01-11,2021-02-09,21,1.2693,16.3418
2021-01-12,2021-02-10,21,0.9349,11.8142
2021-01-13,2021-02-18,21,0.0958,1.156
2021-01-14,2021-02-19,21,0.6805,8.4784
2021-01-15,2021-02-22,21,0.0177,0.2124
2021-01-18,2021-02-23,21,-0.0168,-0.2018
2021-01-19,2021-02-24,21,-0.4191,-4.9148
2021-01-20,2021-02-25,21,-0.7553,-8.696
2021-01-21,2021-02-26,21,-2.3991,-25.2782
2021-01-22,2021-03-01,21,-2.0419,-21.9296
2021-01-25,2021-03-02,21,-2.8754,-29.5388
2021-01-26,2021-03-03,21,-1.8783,-20.3511
2021-01-27,2021-03-04,21,-2.7927,-28.8156
2021-01-28,2021-03-05,21,-2.3494,-24.821
2021-01-29,2021-03-08,21,-2.9673,-30.3342
2021-02-01,2021-03-09,21,-4.0962,-39.4616
2021-02-02,2021-03-10,21,-3.8639,-37.6782
2021-02-03,2021-03-11,21,-2.7705,-28.6199
2021-02-04,2021-03-12,21,-2.7979,-28.8608
2021-02-05,2021-03-15,21,-2.8639,-29.4387
2021-02-08,2021-03-16,21,-3.1543,-31.929
2021-02-09,2021-03-17,21,-3.7272,-36.6069
2021-02-10,2021-03-18,21,-3.8268,-37.3893
2021-02-18,2021-03-19,21,-3.6308,-35.8404
2021-02-19,2021-03-22,21,-3.4716,-34.5572
2021-02-22,2021-03-23,21,-3.1768,-32.1182
2021-02-23,2021-03-24,21,-3.7595,-36.8617
2021-02-24,2021-03-25,21,-3.0615,-31.1416
2021-02-25,2021-03-26,21,-2.5134,-26.3215
2021-02-26,2021-03-29,21,-1.4607,-16.1868
2021-03-01,2021-03-30,21,-1.8284,-19.863
2021-03-02,2021-03-31,21,-1.6049,-17.647
2021-03-03,2021-04-01,21,-1.3595,-15.148
2021-03-04,2021-04-02,21,0.209,2.5372
2021-03-05,2021-04-06,21,0.2727,3.3222
2021-03-08,2021-04-07,21,0.8273,10.3925
2021-03-09,2021-04-08,21,1.5832,20.7426
2021-03-10,2021-04-09,21,0.8869,11.1779
2021-03-11,2021-04-12,21,-0.55,-6.4043
2021-03-12,2021-04-13,21,-0.5507,-6.4123
2021-03-15,2021-04-14,21,0.2219,2.6954
2021-03-16,2021-04-15,21,-0.196,-2.3265
2021-03-17,2021-04-16,21,-0.1011,-1.2068
2021-03-18,2021-04-19,21,0.2619,3.1886
2021-03-19,2021-04-20,21,0.787,9.8639
2021-03-22,2021-04-21,21,1.0127,12.852
2021-03-23,2021-04-22,21,1.1578,14.8138
2021-03-24,2021-04-23,21,1.7647,23.3575
2021-03-25,2021-04-26,21,1.273,16.3927
2021-03-26,2021-04-27,21,0.8592,10.8113
2021-03-29,2021-04-28,21,0.8011,10.0487
2021-03-30,2021-04-29,21,1.2182,15.6385
2021-03-31,2021-04-30,21,1.4123,18.3279
2021-04-01,2021-05-06,21,0.6354,7.8971
2021-04-02,2021-05-07,21,0.0067,0.081
2021-04-06,2021-05-10,21,0.3691,4.5199
2021-04-07,2021-05-11,21,0.5516,6.8244
2021-04-08,2021-05-12,21,0.6083,7.5495
2021-04-09,2021-05-13,21,0.48,5.9149
2021-04-12,2021-05-14,21,1.8602,24.7546
2021-04-13,2021-05-17,21,2.8154,39.539
2021-04-14,2021-05-18,21,2.5246,34.8769
2021-04-15,2021-05-19,21,2.6367,36.6575
2021-04-16,2021-05-20,21,2.389,32.7511
2021-04-19,2021-05-21,21,1.3279,17.1518
2021-04-20,2021-05-24,21,1.7736,23.4876
2021-04-21,2021-05-25,21,2.1019,28.3533
2021-04-22,2021-05-26,21,2.3699,32.454
2021-04-23,2021-05-27,21,2.1415,28.9522
2021-04-26,2021-05-28,21,2.527,34.9154
2021-04-27,2021-05-31,21,2.6871,37.4645
2021-04-28,2021-06-01,21,2.907,41.0395
2021-04-29,2021-06-02,21,1.8738,24.9542
2021-04-30,2021-06-03,21,1.8761,24.9884
2021-05-06,2021-06-04,21,1.6179,21.2393
2021-05-07,2021-06-07,21,1.8366,24.4075
2021-05-10,2021-06-08,21,1.7067,22.5159
2021-05-11,2021-06-09,21,1.5699,20.5543
2021-05-12,2021-06-10,21,1.4916,19.4436
2021-05-13,2021-06-11,21,1.8714,24.918
2021-05-14,2021-06-15,21,0.3585,4.3876
2021-05-17,2021-06-16,21,-0.7262,-8.3744
2021-05-18,2021-06-17,21,-1.2255,-13.7545
2021-05-19,2021-06-18,21,-1.4296,-15.8691
2021-05-20,2021-06-21,21,-1.5407,-16.9997
2021-05-21,2021-06-22,21,-1.0402,-11.7922
2021-05-24,2021-06-23,21,-1.0614,-12.0193
2021-05-25,2021-06-24,21,-1.8063,-19.6465
2021-05-26,2021-06-25,21,-1.6726,-18.3242
2021-05-27,2021-06-28,21,-1.5029,-16.6159
2021-05-28,2021-06-29,21,-1.8236,-19.8168
2021-05-31,2021-06-30,21,-2.1039,-22.5206
2021-06-01,2021-07-01,21,-2.0022,-21.5499
2021-06-02,2021-07-02,21,-1.9944,-21.4741
2021-06-03,2021-07-05,21,-1.5807,-17.4036
2021-06-04,2021-07-06,21,-1.1755,-13.2291
2021-06-07,2021-07-07,21,-1.0657,-12.0647
2021-06-08,2021-07-08,21,-1.3101,-14.6365
2021-06-09,2021-07-09,21,-1.3328,-14.8713
2021-06-10,2021-07-12,21,-1.1657,-13.126
2021-06-11,2021-07-13,21,-1.0039,-11.4039
2021-06-15,2021-07-14,21,-0.5061,-5.9069
2021-06-16,2021-07-15,21,0.4692,5.7781
2021-06-17,2021-07-16,21,0.4567,5.6203
2021-06-18,2021-07-19,21,0.5767,7.1448
2021-06-21,2021-07-20,21,0.7831,9.8131
2021-06-22,2021-07-21,21,0.602,7.4687
2021-06-23,2021-07-22,21,0.2778,3.3855
2021-06-24,2021-07-23,21,0.1893,2.2955
2021-06-25,2021-07-26,21,-0.8827,-10.0935
2021-06-28,2021-07-27,21,-2.0308,-21.8238
2021-06-29,2021-07-28,21,-1.3536,-15.0864
2021-06-30,2021-07-29,21,-0.7552,-8.6948
2021-07-01,2021-07-30,21,-1.1754,-13.2283
2021-07-02,2021-08-02,21,-0.272,-3.2157
2021-07-05,2021-08-03,21,-0.3762,-4.4219
2021-07-06,2021-08-04,21,-0.329,-3.8774
2021-07-07,2021-08-05,21,-0.7796,-8.9641
2021-07-08,2021-08-06,21,-0.7625,-8.7761
2021-07-09,2021-08-09,21,-1.1154,-12.5932
2021-07-12,2021-08-10,21,-1.1993,-13.4795
2021-07-13,2021-08-11,21,-1.5204,-16.7944
2021-07-14,2021-08-12,21,-1.2483,-13.9932
2021-07-15,2021-08-13,21,-1.8368,-19.9453
2021-07-16,2021-08-16,21,-1.321,-14.7498
2021-07-19,2021-08-17,21,-1.4321,-15.8945
2021-07-20,2021-08-18,21,-1.2933,-14.4624
2021-07-21,2021-08-19,21,-1.5953,-17.5506
2021-07-22,2021-08-20,21,-1.805,-19.6336
2021-07-23,2021-08-23,21,-1.3479,-15.0282
2021-07-26,2021-08-24,21,-0.1728,-2.0537
2021-07-27,2021-08-25,21,0.857,10.7824
2021-07-28,2021-08-26,21,-0.0706,-0.8444
2021-07-29,2021-08-27,21,-0.2372,-2.8091
2021-07-30,2021-08-30,21,-0.111,-1.3234
2021-08-02,2021-08-31,21,-0.4788,-5.5966
2021-08-03,2021-09-01,21,-0.139,-1.6555
2021-08-04,2021-09-02,21,-0.4281,-5.0176
2021-08-05,2021-09-03,21,-0.3962,-4.6519
2021-08-06,2021-09-06,21,0.5026,6.2004
2021-08-09,2021-09-07,21,1.0857,13.8356
2021-08-10,2021-09-08,21,0.5106,6.3027
2021-08-11,2021-09-09,21,0.544,6.7274
2021-08-12,2021-09-10,21,0.8741,11.0082
2021-08-13,2021-09-13,21,0.6925,8.6333
2021-08-16,2021-09-14,21,0.1571,1.9011
2021-08-17,2021-09-15,21,0.2455,2.9867
2021-08-18,2021-09-16,21,-0.5802,-6.7443
2021-08-19,2021-09-17,21,-0.3564,-4.1942
2021-08-20,2021-09-22,21,0.1811,2.1946
2021-08-23,2021-09-23,21,-0.181,-2.1503
2021-08-24,2021-09-24,21,-0.8165,-9.3697
2021-08-25,2021-09-27,21,-0.5131,-5.9862
2021-08-26,2021-09-28,21,-0.1188,-1.4161
2021-08-27,2021-09-29,21,-0.7402,-8.5297
2021-08-30,2021-09-30,21,-0.6923,-7.9985
2021-08-31,2021-10-08,21,0.0054,0.0646
2021-09-01,2021-10-11,21,-0.4077,-4.7845
2021-09-02,2021-10-12,21,-0.5276,-6.1508
2021-09-03,2021-10-13,21,-0.0843,-1.0064
2021-09-06,2021-10-14,21,-0.5043,-5.8861
2021-09-07,2021-10-15,21,-0.6505,-7.5322
2021-09-08,2021-10-18,21,-0.8773,-10.0341
2021-09-09,2021-10-19,21,-0.431,-5.0515
2021-09-10,2021-10-20,21,-0.933,-10.6388
2021-09-13,2021-10-21,21,-0.4663,-5.4541
2021-09-14,2021-10-22,21,0.1374,1.6617
2021-09-15,2021-10-25,21,0.3684,4.512
2021-09-16,2021-10-26,21,0.9043,11.4077
2021-09-17,2021-10-27,21,0.3937,4.828
2021-09-22,2021-10-28,21,0.3266,3.9909
2021-09-23,2021-10-29,21,0.4731,5.8279
2021-09-24,2021-11-01,21,0.4533,5.5771
2021-09-27,2021-11-02,21,0.143,1.7296
2021-09-28,2021-11-03,21,0.0454,0.5466
2021-09-29,2021-11-04,21,0.4284,5.2632
2021-09-30,2021-11-05,21,0.5982,7.4199
2021-10-08,2021-11-08,21,0.2583,3.1441
2021-10-11,2021-11-09,21,0.4228,5.1929
2021-10-12,2021-11-10,21,0.4109,5.0444
2021-10-13,2021-11-11,21,0.9309,11.7607
2021-10-14,2021-11-12,21,0.6698,8.3403
2021-10-15,2021-11-15,21,0.4977,6.1386
2021-10-18,2021-11-16,21,1.2662,16.2989
2021-10-19,2021-11-17,21,0.8318,10.4506
2021-10-20,2021-11-18,21,0.8146,10.2254
2021-10-21,2021-11-19,21,0.8047,10.0956
2021-10-22,2021-11-22,21,0.4087,5.0166
2021-10-25,2021-11-23,21,-0.1172,-1.3975
2021-10-26,2021-11-24,21,-0.2561,-3.0305
2021-10-27,2021-11-25,21,0.1538,1.8608
2021-10-28,2021-11-26,21,0.0931,1.1224
2021-10-29,2021-11-29,21,-0.1244,-1.4821
2021-11-01,2021-11-30,21,-0.0966,-1.1531
2021-11-02,2021-12-01,21,-0.0447,-0.5354
2021-11-03,2021-12-02,21,0.2154,2.6155
2021-11-04,2021-12-03,21,0.225,2.7336
2021-11-05,2021-12-06,21,0.158,1.9131
2021-11-08,2021-12-07,21,-0.0479,-0.5736
2021-11-09,2021-12-08,21,0.2658,3.2364
2021-11-10,2021-12-09,21,0.7282,9.0967
2021-11-11,2021-12-10,21,-0.2541,-3.0069
2021-11-12,2021-12-13,21,0.0962,1.16
2021-11-15,2021-12-14,21,0.0662,0.7972
2021-11-16,2021-12-15,21,-0.5481,-6.3822
2021-11-17,2021-12-16,21,-0.0608,-0.7271
2021-11-18,2021-12-17,21,0.0083,0.0994
2021-11-19,2021-12-20,21,-0.6243,-7.2399
2021-11-22,2021-12-21,21,-0.5113,-5.9664
2021-11-23,2021-12-22,21,-0.0838,-1.0004
2021-11-24,2021-12-23,21,0.4716,5.8081
2021-11-25,2021-12-24,21,0.487,6.0028
2021-11-26,2021-12-27,21,0.4584,5.6418
2021-11-29,2021-12-28,21,0.8476,10.6591
2021-11-30,2021-12-29,21,0.5285,6.5295
2021-12-01,2021-12-30,21,0.6448,8.0174
2021-12-02,2021-12-31,21,0.7967,9.99
2021-12-03,2022-01-04,21,0.5873,7.2801
2021-12-06,2022-01-05,21,0.2788,3.3974
2021-12-07,2022-01-06,21,-0.2357,-2.7924
2021-12-08,2022-01-07,21,-0.7737,-8.8998
2021-12-09,2022-01-10,21,-0.9253,-10.556
2021-12-10,2022-01-11,21,-0.7363,-8.4861
2021-12-13,2022-01-12,21,-0.6747,-7.8025
2021-12-14,2022-01-13,21,-0.8665,-9.9162
2021-12-15,2022-01-14,21,-0.5887,-6.8399
2021-12-16,2022-01-17,21,-0.9222,-10.5222
2021-12-17,2022-01-18,21,-0.6777,-7.8355
2021-12-20,2022-01-19,21,-0.3598,-4.2336
2021-12-21,2022-01-20,21,0.2334,2.8371
2021-12-22,2022-01-21,21,0.0484,0.5826
2021-12-23,2022-01-24,21,-0.4177,-4.8988
2021-12-24,2022-01-25,21,-0.8378,-9.6032
2021-12-27,2022-01-26,21,-0.6037,-7.0083
2021-12-28,2022-01-27,21,-1.7834,-19.4213
2021-12-29,2022-01-28,21,-1.6988,-18.5849
2021-12-30,2022-02-07,21,-1.2654,-14.1714
2021-12-31,2022-02-08,21,-1.304,-14.5736
2022-01-04,2022-02-09,21,-0.921,-10.5086
2022-01-05,2022-02-10,21,-0.7798,-8.9665
2022-01-06,2022-02-11,21,-0.7105,-8.201
2022-01-07,2022-02-14,21,-0.3781,-4.4445
2022-01-10,2022-02-15,21,-0.0002,-0.0025
2022-01-11,2022-02-16,21,-0.3015,-3.5591
2022-01-12,2022-02-17,21,-0.3691,-4.3403
2022-01-13,2022-02-18,21,0.2842,3.4642
2022-01-14,2022-02-21,21,0.3777,4.6272
2022-01-17,2022-02-22,21,0.3129,3.8205
2022-01-18,2022-02-23,21,0.1797,2.1783
2022-01-19,2022-02-24,21,0.3313,4.0485
2022-01-20,2022-02-25,21,-0.3317,-3.9086
2022-01-21,2022-02-28,21,-0.2158,-2.5595
2022-01-24,2022-03-01,21,0.0232,0.2783
2022-01-25,2022-03-02,21,0.6675,8.3108
2022-01-26,2022-03-03,21,0.2173,2.6385
2022-01-27,2022-03-04,21,0.9877,12.5184
2022-01-28,2022-03-07,21,1.1911,15.2678
2022-02-07,2022-03-08,21,0.8064,10.1178
2022-02-08,2022-03-09,21,0.8553,10.7608
2022-02-09,2022-03-10,21,-0.0059,-0.0702
2022-02-10,2022-03-11,21,0.1219,1.473
2022-02-11,2022-03-14,21,-0.3975,-4.6674
2022-02-14,2022-03-15,21,-2.179,-23.2314
2022-02-15,2022-03-16,21,-1.9548,-21.0931
2022-02-16,2022-03-17,21,-0.9277,-10.582
2022-02-17,2022-03-18,21,-1.0519,-11.9174
2022-02-18,2022-03-21,21,-1.4803,-16.3863
2022-02-21,2022-03-22,21,-1.2176,-13.671
2022-02-22,2022-03-23,21,-1.2665,-14.183
2022-02-23,2022-03-24,21,-1.1681,-13.1505
2022-02-24,2022-03-25,21,-1.4965,-16.5511
2022-02-25,2022-03-28,21,-1.8189,-19.7702
2022-02-28,2022-03-29,21,-1.9185,-20.742
2022-03-01,2022-03-30,21,-1.5144,-16.7328
2022-03-02,2022-03-31,21,-1.8497,-20.072
2022-03-03,2022-04-01,21,-1.2142,-13.6357
2022-03-04,2022-04-06,21,-1.1978,-13.4633
2022-03-07,2022-04-07,21,-1.2392,-13.8972
2022-03-08,2022-04-08,21,-1.0788,-12.2041
2022-03-09,2022-04-11,21,-1.695,-18.5473
2022-03-10,2022-04-12,21,-0.6904,-7.9771
2022-03-11,2022-04-13,21,-0.9306,-10.6134
2022-03-14,2022-04-14,21,0.318,3.8832
2022-03-15,2022-04-15,21,2.1103,28.4796
2022-03-16,2022-04-18,21,1.2518,16.1004
2022-03-17,2022-04-19,21,0.1086,1.3105
2022-03-18,2022-04-20,21,-0.7765,-8.9299
2022-03-21,2022-04-21,21,-0.7868,-9.0438
2022-03-22,2022-04-22,21,-0.7109,-8.2055
2022-03-23,2022-04-25,21,-1.9798,-21.3345
2022-03-24,2022-04-26,21,-2.5002,-26.2018
2022-03-25,2022-04-27,21,-1.6166,-17.7637
2022-03-28,2022-04-28,21,-1.0685,-12.0944
2022-03-29,2022-04-29,21,0.041,0.4935
2022-03-30,2022-05-05,21,-0.7096,-8.1905
2022-03-31,2022-05-06,21,-1.1664,-13.1331
2022-04-01,2022-05-09,21,-1.6527,-18.1252
2022-04-06,2022-05-10,21,-1.4182,-15.7521
2022-04-07,2022-05-11,21,-0.9612,-10.9438
2022-04-08,2022-05-12,21,-0.9855,-11.206
2022-04-11,2022-05-13,21,-0.5717,-6.6482
2022-04-12,2022-05-16,21,-1.6017,-17.6142
2022-04-13,2022-05-17,21,-1.0582,-11.9852
2022-04-14,2022-05-18,21,-1.7667,-19.2573
2022-04-15,2022-05-19,21,-1.6937,-18.5336
2022-04-18,2022-05-20,21,-1.0926,-12.3518
2022-04-19,2022-05-23,21,-0.875,-10.0089
2022-04-20,2022-05-24,21,-0.705,-8.14
2022-04-21,2022-05-25,21,-0.3588,-4.2214
2022-04-22,2022-05-26,21,-0.4174,-4.895
2022-04-25,2022-05-27,21,1.1848,15.1811
2022-04-26,2022-05-30,21,1.6362,21.5018
2022-04-27,2022-05-31,21,1.246,16.0207
2022-04-28,2022-06-01,21,0.8594,10.8147
2022-04-29,2022-06-02,21,0.1393,1.685
2022-05-05,2022-06-06,21,0.6731,8.3826
2022-05-06,2022-06-07,21,1.3624,17.631
2022-05-09,2022-06-08,21,1.8591,24.7375
2022-05-10,2022-06-09,21,1.5195,19.8377
2022-05-11,2022-06-10,21,1.6051,21.0552
2022-05-12,2022-06-13,21,1.5594,20.404
2022-05-13,2022-06-14,21,1.3965,18.1069
2022-05-16,2022-06-15,21,2.0497,27.5678
2022-05-17,2022-06-16,21,1.4886,19.4011
2022-05-18,2022-06-17,21,2.4247,33.3086
2022-05-19,2022-06-20,21,2.3013,31.3939
2022-05-20,2022-06-21,21,1.5667,20.5075
2022-05-23,2022-06-22,21,1.3798,17.8741
2022-05-24,2022-06-23,21,2.4469,33.6558
2022-05-25,2022-06-24,21,2.3617,32.3267
2022-05-26,2022-06-27,21,2.677,37.3029
2022-05-27,2022-06-28,21,2.6461,36.8081
2022-05-30,2022-06-29,21,2.1274,28.7382
2022-05-31,2022-06-30,21,2.1114,28.4962
2022-06-01,2022-07-01,21,1.9846,26.5941
2022-06-02,2022-07-04,21,2.084,28.083
2022-06-06,2022-07-05,21,1.5754,20.6322
2022-06-07,2022-07-06,21,0.7394,9.2426
2022-06-08,2022-07-07,21,0.1367,1.6527
2022-06-09,2022-07-08,21,0.2544,3.0953
2022-06-10,2022-07-11,21,-0.5055,-5.9004
2022-06-13,2022-07-12,21,-0.7634,-8.7863
2022-06-14,2022-07-13,21,-0.6503,-7.5305
2022-06-15,2022-07-14,21,-0.8031,-9.2223
2022-06-16,2022-07-15,21,-1.3185,-14.7234
2022-06-17,2022-07-18,21,-1.4715,-16.2964
2022-06-20,2022-07-19,21,-1.7069,-18.6648
2022-06-21,2022-07-20,21,-1.5718,-17.3131
2022-06-22,2022-07-21,21,-1.7311,-18.905
2022-06-23,2022-07-22,21,-1.8095,-19.6782
2022-06-24,2022-07-25,21,-1.9771,-21.3085
2022-06-27,2022-07-26,21,-2.2008,-23.4365
2022-06-28,2022-07-27,21,-2.4668,-25.8977
2022-06-29,2022-07-28,21,-1.8043,-19.6271
2022-06-30,2022-07-29,21,-2.0712,-22.2101
2022-07-01,2022-08-01,21,-1.6537,-18.1357
2022-07-04,2022-08-02,21,-2.1713,-23.1589
2022-07-05,2022-08-03,21,-2.4549,-25.7895
2022-07-06,2022-08-04,21,-1.3887,-15.4487
2022-07-07,2022-08-05,21,-0.6032,-7.0032
2022-07-08,2022-08-08,21,-0.7072,-8.1635
2022-07-11,2022-08-09,21,-0.1417,-1.6878
2022-07-12,2022-08-10,21,-0.2193,-2.6004
2022-07-13,2022-08-11,21,0.2934,3.5786
2022-07-14,2022-08-12,21,0.352,4.3072
2022-07-15,2022-08-15,21,0.9812,12.4307
2022-07-18,2022-08-16,21,0.5387,6.6594
2022-07-19,2022-08-17,21,0.8715,10.9746
2022-07-20,2022-08-18,21,0.4522,5.563
2022-07-21,2022-08-19,21,0.7666,9.5969
2022-07-22,2022-08-22,21,0.4526,5.5679
2022-07-25,2022-08-23,21,0.4704,5.7928
2022-07-26,2022-08-24,21,-0.0586,-0.7015
2022-07-27,2022-08-25,21,0.4017,4.9288
2022-07-28,2022-08-26,21,0.0988,1.1925
2022-07-29,2022-08-29,21,-0.2597,-3.072
2022-08-01,2022-08-30,21,-0.3427,-4.0354
2022-08-02,2022-08-31,21,-0.2112,-2.505
2022-08-03,2022-09-01,21,-0.2709,-3.2032
2022-08-04,2022-09-02,21,-0.6852,-7.9196
2022-08-05,2022-09-05,21,-1.0177,-11.5511
2022-08-08,2022-09-06,21,-0.4551,-5.3261
2022-08-09,2022-09-07,21,-0.7676,-8.8321
2022-08-10,2022-09-08,21,-0.444,-5.1993
2022-08-11,2022-09-09,21,-0.493,-5.7581
2022-08-12,2022-09-13,21,-0.4728,-5.5287
2022-08-15,2022-09-14,21,-0.9205,-10.5035
2022-08-16,2022-09-15,21,-1.1986,-13.4721
2022-08-17,2022-09-16,21,-1.985,-21.384
2022-08-18,2022-09-19,21,-1.6008,-17.6049
2022-08-19,2022-09-20,21,-1.321,-14.7497
2022-08-22,2022-09-21,21,-1.5092,-16.6805
2022-08-23,2022-09-22,21,-1.7311,-18.9054
2022-08-24,2022-09-23,21,-1.4041,-15.6069
2022-08-25,2022-09-26,21,-2.0056,-21.5822
2022-08-26,2022-09-27,21,-1.6147,-17.7453
2022-08-29,2022-09-28,21,-1.6216,-17.8139
2022-08-30,2022-09-29,21,-1.3978,-15.5421
2022-08-31,2022-09-30,21,-1.3229,-14.7688
2022-09-01,2022-10-10,21,-1.2698,-14.2176
2022-09-02,2022-10-11,21,-1.1013,-12.4436
2022-09-05,2022-10-12,21,-0.9353,-10.6639
2022-09-06,2022-10-13,21,-1.4857,-16.4418
2022-09-07,2022-10-14,21,-0.8138,-9.3402
2022-09-08,2022-10-17,21,-1.0274,-11.6553
2022-09-09,2022-10-18,21,-1.3753,-15.3104
2022-09-13,2022-10-19,21,-1.897,-20.5326
2022-09-14,2022-10-20,21,-1.7466,-19.0588
2022-09-15,2022-10-21,21,-1.5161,-16.7504
2022-09-16,2022-10-24,21,-1.2041,-13.5293
2022-09-19,2022-10-25,21,-1.2159,-13.6535
2022-09-20,2022-10-26,21,-1.1457,-12.9139
2022-09-21,2022-10-27,21,-1.2719,-14.2391
2022-09-22,2022-10-28,21,-1.5786,-17.3816
2022-09-23,2022-10-31,21,-1.8883,-20.4478
2022-09-26,2022-11-01,21,-0.7548,-8.6906
2022-09-27,2022-11-02,21,-0.8044,-9.2371
2022-09-28,2022-11-03,21,-0.7537,-8.6792
2022-09-29,2022-11-04,21,-0.2143,-2.5417
2022-09-30,2022-11-07,21,0.1133,1.3679
2022-10-10,2022-11-08,21,0.3955,4.85
2022-10-11,2022-11-09,21,0.6853,8.5402
2022-10-12,2022-11-10,21,0.1207,1.4575
2022-10-13,2022-11-11,21,1.2153,15.5992
2022-10-14,2022-11-14,21,0.4911,6.0548
2022-10-17,2022-11-15,21,1.1718,15.0037
2022-10-18,2022-11-16,21,1.1244,14.3589
2022-10-19,2022-11-17,21,1.5057,19.6428
2022-10-20,2022-11-18,21,1.6593,21.8337
2022-10-21,2022-11-21,21,1.4241,18.4938
2022-10-24,2022-11-22,21,1.8142,24.0801
2022-10-25,2022-11-23,21,1.7991,23.8595
2022-10-26,2022-11-24,21,1.599,20.9682
2022-10-27,2022-11-25,21,2.0486,27.5513
2022-10-28,2022-11-28,21,2.4291,33.3766
2022-10-31,2022-11-29,21,3.4759,50.6852
2022-11-01,2022-11-30,21,2.5461,35.2167
2022-11-02,2022-12-01,21,2.5355,35.0486
2022-11-03,2022-12-02,21,2.8379,39.9063
2022-11-04,2022-12-05,21,2.2513,30.6245
2022-11-07,2022-12-06,21,1.8753,24.9763
2022-11-08,2022-12-07,21,1.8963,25.2853
2022-11-09,2022-12-08,21,1.7019,22.4469
2022-11-10,2022-12-09,21,2.2194,30.1364
2022-11-11,2022-12-12,21,0.9829,12.4541
2022-11-14,2022-12-13,21,1.1098,14.1618
2022-11-15,2022-12-14,21,0.8731,10.9952
2022-11-16,2022-12-15,21,0.7322,9.1494
2022-11-17,2022-12-16,21,0.6974,8.6979
2022-11-18,2022-12-19,21,0.5769,7.1469
2022-11-21,2022-12-20,21,0.5151,6.3592
2022-11-22,2022-12-21,21,0.7951,9.9699
2022-11-23,2022-12-22,21,0.8396,10.5536
2022-11-24,2022-12-23,21,0.6041,7.4949
2022-11-25,2022-12-26,21,0.5305,6.5555
2022-11-28,2022-12-27,21,1.136,14.5164
2022-11-29,2022-12-28,21,0.3781,4.6328
2022-11-30,2022-12-29,21,0.2659,3.2383
2022-12-01,2022-12-30,21,0.1781,2.158
2022-12-02,2023-01-03,21,0.3041,3.7103
2022-12-05,2023-01-04,21,0.1271,1.5355
2022-12-06,2023-01-05,21,0.6849,8.5361
2022-12-07,2023-01-06,21,0.689,8.5885
2022-12-08,2023-01-09,21,1.0763,13.7089
2022-12-09,2023-01-10,21,0.7788,9.7566
2022-12-12,2023-01-11,21,1.0857,13.8351
2022-12-13,2023-01-12,21,1.1562,14.7919
2022-12-14,2023-01-13,21,1.2111,15.5412
2022-12-15,2023-01-16,21,1.9679,26.3461
2022-12-16,2023-01-17,21,2.1796,29.5298
2022-12-19,2023-01-18,21,2.3365,31.9378
2022-12-20,2023-01-19,21,2.9987,42.5551
2022-12-21,2023-01-20,21,3.1278,44.7134
2022-12-22,2023-01-30,21,3.1458,45.0173
2022-12-23,2023-01-31,21,2.9103,41.0929
2022-12-26,2023-02-01,21,3.1595,45.2477
2022-12-27,2023-02-02,21,2.9213,41.275
2022-12-28,2023-02-03,21,2.4008,32.9357
2022-12-29,2023-02-06,21,1.8228,24.206
2022-12-30,2023-02-07,21,1.5528,20.3107
2023-01-03,2023-02-08,21,1.3052,16.8364
2023-01-04,2023-02-09,21,1.6478,21.6682
2023-01-05,2023-02-10,21,0.8665,10.9076
2023-01-06,2023-02-13,21,1.342,17.3479
2023-01-09,2023-02-14,21,0.8515,10.711
2023-01-10,2023-02-15,21,0.642,7.9813
2023-01-11,2023-02-16,21,0.4245,5.2144
2023-01-12,2023-02-17,21,-0.0527,-0.6306
2023-01-13,2023-02-20,21,0.2912,3.5506
2023-01-16,2023-02-21,21,-0.1914,-2.2731
2023-01-17,2023-02-22,21,-0.4403,-5.158
2023-01-18,2023-02-23,21,-0.4431,-5.1899
2023-01-19,2023-02-24,21,-0.8554,-9.795
2023-01-20,2023-02-27,21,-1.3859,-15.4204
2023-01-30,2023-02-28,21,-1.2743,-14.2645
2023-01-31,2023-03-01,21,-0.3999,-4.6941
2023-02-01,2023-03-02,21,-0.8337,-9.5577
2023-02-02,2023-03-03,21,-0.7443,-8.5752
2023-02-03,2023-03-06,21,-0.1463,-1.7415
2023-02-06,2023-03-07,21,0.175,2.1197
2023-02-07,2023-03-08,21,-0.1744,-2.0729
2023-02-08,2023-03-09,21,-0.161,-1.915
2023-02-09,2023-03-10,21,-0.6907,-7.9806
2023-02-10,2023-03-13,21,0.0979,1.1806
2023-02-13,2023-03-14,21,-0.0506,-0.6054
2023-02-14,2023-03-15,21,-0.0151,-0.1808
2023-02-15,2023-03-16,21,0.1284,1.5522
2023-02-16,2023-03-17,21,0.5553,6.8705
2023-02-17,2023-03-20,21,1.6311,21.4283
2023-02-20,2023-03-21,21,0.9645,12.2084
2023-02-21,2023-03-22,21,0.6705,8.3494
2023-02-22,2023-03-23,21,1.2302,15.8027
2023-02-23,2023-03-24,21,1.383,17.9186
2023-02-24,2023-03-27,21,1.3181,17.0156
2023-02-27,2023-03-28,21,1.2846,16.5525
2023-02-28,2023-03-29,21,1.2372,15.8997
2023-03-01,2023-03-30,21,1.0697,13.6197
2023-03-02,2023-03-31,21,1.3656,17.6762
2023-03-03,2023-04-03,21,1.0678,13.5939
2023-03-06,2023-04-04,21,1.3983,18.132
2023-03-07,2023-04-06,21,2.0922,28.2067
2023-03-08,2023-04-07,21,2.6637,37.0898
2023-03-09,2023-04-10,21,2.3705,32.464
2023-03-10,2023-04-11,21,2.6269,36.5008
2023-03-13,2023-04-12,21,2.3468,32.0967
2023-03-14,2023-04-13,21,1.95,26.0806
2023-03-15,2023-04-14,21,2.1969,29.7937
2023-03-16,2023-04-17,21,2.3445,32.0607
2023-03-17,2023-04-18,21,2.0709,27.8861
2023-03-20,2023-04-19,21,1.223,15.7051
2023-03-21,2023-04-20,21,1.0931,13.9354
2023-03-22,2023-04-21,21,0.7178,8.9623
2023-03-23,2023-04-24,21,-0.0854,-1.0202
2023-03-24,2023-04-25,21,-0.0526,-0.6294
2023-03-27,2023-04-26,21,0.2404,2.9234
2023-03-28,2023-04-27,21,0.6711,8.3575
2023-03-29,2023-04-28,21,0.6061,7.5204
2023-03-30,2023-05-04,21,0.9849,12.4805
2023-03-31,2023-05-05,21,0.8416,10.5795
2023-04-03,2023-05-08,21,0.8944,11.2771
2023-04-04,2023-05-09,21,0.3539,4.33
2023-04-06,2023-05-10,21,-0.073,-0.8723
2023-04-07,2023-05-11,21,-0.2806,-3.3161
2023-04-10,2023-05-12,21,-0.4219,-4.9474
2023-04-11,2023-05-15,21,-0.031,-0.3708
2023-04-12,2023-05-16,21,-0.4318,-5.0607
2023-04-13,2023-05-17,21,-0.4852,-5.6694
2023-04-14,2023-05-18,21,-0.8149,-9.3519
2023-04-17,2023-05-19,21,-1.0436,-11.8288
2023-04-18,2023-05-22,21,-0.7561,-8.7054
2023-04-19,2023-05-23,21,-0.9719,-11.0595
2023-04-20,2023-05-24,21,-1.1377,-12.8298
2023-04-21,2023-05-25,21,-0.7137,-8.2363
2023-04-24,2023-05-26,21,-0.4764,-5.5699
2023-04-25,2023-05-29,21,-0.6696,-7.7461
2023-04-26,2023-05-30,21,-0.7591,-8.7386
2023-04-27,2023-05-31,21,-0.8858,-10.1267
2023-04-28,2023-06-01,21,-0.8838,-10.1053
2023-05-04,2023-06-02,21,-1.103,-12.4613
2023-05-05,2023-06-05,21,-1.5521,-17.1147
2023-05-08,2023-06-06,21,-1.5768,-17.3635
2023-05-09,2023-06-07,21,-1.491,-16.4951
2023-05-10,2023-06-08,21,-1.3548,-15.0991
2023-05-11,2023-06-09,21,-0.9966,-11.3244
2023-05-12,2023-06-12,21,-0.4329,-5.0727
2023-05-15,2023-06-13,21,-0.719,-8.2948
2023-05-16,2023-06-14,21,-0.6884,-7.9555
2023-05-17,2023-06-15,21,-0.2867,-3.3866
2023-05-18,2023-06-16,21,0.2115,2.5675
2023-05-19,2023-06-19,21,0.2201,2.6729
2023-05-22,2023-06-20,21,-0.0563,-0.673
2023-05-23,2023-06-21,21,-0.0858,-1.0245
2023-05-24,2023-06-26,21,-0.258,-3.0521
2023-05-25,2023-06-27,21,0.1194,1.4418
2023-05-26,2023-06-28,21,0.1282,1.5487
2023-05-29,2023-06-29,21,0.1286,1.5542
2023-05-30,2023-06-30,21,0.3587,4.39
2023-05-31,2023-07-03,21,0.6509,8.0961
2023-06-01,2023-07-04,21,0.6517,8.1075
2023-06-02,2023-07-05,21,0.061,0.734
2023-06-05,2023-07-06,21,0.3405,4.1634
2023-06-06,2023-07-07,21,0.2494,3.0339
2023-06-07,2023-07-10,21,0.5213,6.4387
2023-06-08,2023-07-11,21,0.6354,7.8968
2023-06-09,2023-07-12,21,0.136,1.6442
2023-06-12,2023-07-13,21,0.6664,8.2968
2023-06-13,2023-07-14,21,0.3431,4.1958
2023-06-14,2023-07-17,21,0.3708,4.5418
2023-06-15,2023-07-18,21,0.2028,2.4613
2023-06-16,2023-07-19,21,0.0596,0.7171
2023-06-19,2023-07-20,21,0.0163,0.1962
2023-06-20,2023-07-21,21,-0.1304,-1.5532
2023-06-21,2023-07-24,21,0.2384,2.8986
2023-06-26,2023-07-25,21,1.2224,15.6967
2023-06-27,2023-07-26,21,1.0516,13.3747
2023-06-28,2023-07-27,21,1.2128,15.5645
2023-06-29,2023-07-28,21,1.7138,22.6188
2023-06-30,2023-07-31,21,1.6358,21.4954
2023-07-03,2023-08-01,21,1.2276,15.7677
2023-07-04,2023-08-02,21,0.961,12.162
2023-07-05,2023-08-03,21,1.225,15.7319
2023-07-06,2023-08-04,21,1.4128,18.3352
2023-07-07,2023-08-07,21,1.4462,18.804
2023-07-10,2023-08-08,21,1.1817,15.1392
2023-07-11,2023-08-09,21,0.9126,11.5185
2023-07-12,2023-08-10,21,1.0476,13.322
2023-07-13,2023-08-11,21,-0.0282,-0.3382
2023-07-14,2023-08-14,21,-0.0769,-0.9186
2023-07-17,2023-08-15,21,-0.0006,-0.0072
2023-07-18,2023-08-16,21,-0.1244,-1.4822
2023-07-19,2023-08-17,21,-0.3278,-3.8639
2023-07-20,2023-08-18,21,-0.5265,-6.138
2023-07-21,2023-08-21,21,-0.6207,-7.1991
2023-07-24,2023-08-22,21,-0.3461,-4.0745
2023-07-25,2023-08-23,21,-1.2317,-13.8194
2023-07-26,2023-08-24,21,-0.9963,-11.3218
2023-07-27,2023-08-25,21,-1.2019,-13.5068
2023-07-28,2023-08-28,21,-1.2721,-14.2411
2023-07-31,2023-08-29,21,-1.0658,-12.0659
2023-08-01,2023-08-30,21,-0.9926,-11.2822
2023-08-02,2023-08-31,21,-0.8573,-9.8165
2023-08-03,2023-09-01,21,-0.8207,-9.4162
2023-08-04,2023-09-04,21,-0.4138,-4.8545
2023-08-07,2023-09-05,21,-0.4474,-5.2381
2023-08-08,2023-09-06,21,-0.4774,-5.5802
2023-08-09,2023-09-07,21,-0.7323,-8.442
2023-08-10,2023-09-08,21,-0.6494,-7.5206
2023-08-11,2023-09-11,21,-0.0444,-0.5314
2023-08-14,2023-09-12,21,0.0909,1.0962
2023-08-15,2023-09-13,21,0.0372,0.4476
2023-08-16,2023-09-14,21,0.3638,4.4541
2023-08-17,2023-09-15,21,0.0098,0.1172
2023-08-18,2023-09-18,21,0.4036,4.9527
2023-08-21,2023-09-19,21,0.7393,9.2415
2023-08-22,2023-09-20,21,0.5697,7.0546
2023-08-23,2023-09-21,21,0.6505,8.0912
2023-08-24,2023-09-22,21,0.7757,9.7162
2023-08-25,2023-09-25,21,0.8488,10.6743
2023-08-28,2023-09-26,21,0.3594,4.3994
2023-08-29,2023-09-27,21,-0.1195,-1.4251
2023-08-30,2023-09-28,21,-0.6562,-7.5967
2023-08-31,2023-10-09,21,-0.8817,-10.0825
2023-09-01,2023-10-10,21,-1.4239,-15.8103
2023-09-04,2023-10-11,21,-1.8266,-19.846
2023-09-05,2023-10-12,21,-1.2761,-14.283
2023-09-06,2023-10-13,21,-1.3723,-15.2797
2023-09-07,2023-10-16,21,-0.9302,-10.6088
2023-09-08,2023-10-17,21,-0.7523,-8.6638
2023-09-11,2023-10-18,21,-0.8622,-9.87
2023-09-12,2023-10-19,21,-1.1642,-13.1093
2023-09-13,2023-10-20,21,-0.926,-10.5632
2023-09-14,2023-10-23,21,-1.4199,-15.7694
2023-09-15,2023-10-24,21,-1.0981,-12.4101
2023-09-18,2023-10-25,21,-1.0399,-11.7893
2023-09-19,2023-10-26,21,-0.9173,-10.4689
2023-09-20,2023-10-27,21,-0.5655,-6.579
2023-09-21,2023-10-30,21,-0.115,-1.371
2023-09-22,2023-10-31,21,-0.559,-6.5054
2023-09-25,2023-11-01,21,-0.5598,-6.5144
2023-09-26,2023-11-02,21,-0.4034,-4.7343
2023-09-27,2023-11-03,21,-0.0768,-0.9174
2023-09-28,2023-11-06,21,0.6142,7.6245
2023-10-09,2023-11-07,21,0.7189,8.9761
2023-10-10,2023-11-08,21,0.969,12.2687
2023-10-11,2023-11-09,21,0.7581,9.4866
2023-10-12,2023-11-10,21,0.2971,3.6243
2023-10-13,2023-11-13,21,0.3587,4.3901
2023-10-16,2023-11-14,21,0.3567,4.3648
2023-10-17,2023-11-15,21,0.4002,4.9097
2023-10-18,2023-11-16,21,0.0491,0.5909
2023-10-19,2023-11-17,21,0.4642,5.7146
2023-10-20,2023-11-20,21,0.1172,1.4149
2023-10-23,2023-11-21,21,0.3992,4.8971
2023-10-24,2023-11-22,21,0.0362,0.4356
2023-10-25,2023-11-23,21,0.0651,0.7836
2023-10-26,2023-11-24,21,-0.2903,-3.4285
2023-10-27,2023-11-27,21,-0.6114,-7.0947
2023-10-30,2023-11-28,21,-0.6918,-7.9931
2023-10-31,2023-11-29,21,-0.6666,-7.7123
2023-11-01,2023-11-30,21,-0.496,-5.7928
2023-11-02,2023-12-01,21,-0.5508,-6.4134
2023-11-03,2023-12-04,21,-0.5818,-6.7629
2023-11-06,2023-12-05,21,-1.5865,-17.4617
2023-11-07,2023-12-06,21,-1.4121,-15.6887
2023-11-08,2023-12-07,21,-1.2563,-14.0763
2023-11-09,2023-12-08,21,-1.0363,-11.7504
2023-11-10,2023-12-11,21,-1.0473,-11.8686
2023-11-13,2023-12-12,21,-0.9659,-10.9942
2023-11-14,2023-12-13,21,-1.511,-16.6989
2023-11-15,2023-12-14,21,-1.4948,-16.5335
2023-11-16,2023-12-15,21,-1.3203,-14.7418
2023-11-17,2023-12-18,21,-1.4911,-16.4966
2023-11-20,2023-12-19,21,-1.1674,-13.1431
2023-11-21,2023-12-20,21,-1.3432,-14.9793
2023-11-22,2023-12-21,21,-0.8162,-9.3668
2023-11-23,2023-12-22,21,-0.7139,-8.2383
2023-11-24,2023-12-25,21,-0.4427,-5.185
2023-11-27,2023-12-26,21,-0.626,-7.2582
2023-11-28,2023-12-27,21,-0.6069,-7.045
2023-11-29,2023-12-28,21,0.0036,0.0433
2023-11-30,2023-12-29,21,-0.0469,-0.5616
2023-12-01,2024-01-02,21,-0.1924,-2.2847
2023-12-04,2024-01-03,21,-0.4849,-5.6663
2023-12-05,2024-01-04,21,0.0053,0.0631
2023-12-06,2024-01-05,21,-0.0793,-0.9473
2023-12-07,2024-01-08,21,-0.4154,-4.872
2023-12-08,2024-01-09,21,-0.4802,-5.6125
2023-12-11,2024-01-10,21,-0.6059,-7.0329
2023-12-12,2024-01-11,21,-0.409,-4.7992
2023-12-13,2024-01-12,21,-0.004,-0.0476
2023-12-14,2024-01-15,21,-0.1369,-1.6307
2023-12-15,2024-01-16,21,0.1164,1.4059
2023-12-18,2024-01-17,21,-0.489,-5.7122
2023-12-19,2024-01-18,21,-0.2855,-3.3731
2023-12-20,2024-01-19,21,-0.0129,-0.1548
2023-12-21,2024-01-22,21,-0.728,-8.3941
2023-12-22,2024-01-23,21,-0.7943,-9.1256
2023-12-25,2024-01-24,21,-0.6272,-7.2726
2023-12-26,2024-01-25,21,-0.0933,-1.1144
2023-12-27,2024-01-26,21,-0.2129,-2.5252
2023-12-28,2024-01-29,21,-0.9927,-11.2836
2023-12-29,2024-01-30,21,-1.3984,-15.548
2024-01-02,2024-01-31,21,-1.3492,-15.0417
2024-01-03,2024-02-01,21,-1.2273,-13.7729
2024-01-04,2024-02-02,21,-0.9812,-11.1593
2024-01-05,2024-02-05,21,-0.9108,-10.3988
2024-01-08,2024-02-06,21,0.2443,2.9713
2024-01-09,2024-02-07,21,0.5486,6.7861
2024-01-10,2024-02-08,21,0.9658,12.2255
2024-01-11,2024-02-19,21,0.9485,11.9951
2024-01-12,2024-02-20,21,1.0499,13.3528
2024-01-15,2024-02-21,21,1.2816,16.5112
2024-01-16,2024-02-22,21,1.3418,17.3449
2024-01-17,2024-02-23,21,2.0859,28.1111
2024-01-18,2024-02-26,21,1.6152,21.201
2024-01-19,2024-02-27,21,1.8798,25.0427
2024-01-22,2024-02-28,21,2.0264,27.2192
2024-01-23,2024-02-29,21,2.44,33.5472
2024-01-24,2024-03-01,21,2.3615,32.3242
2024-01-25,2024-03-04,21,2.2798,31.0632
2024-01-26,2024-03-05,21,2.8151,39.5357
2024-01-29,2024-03-06,21,3.0499,43.4065
2024-01-30,2024-03-07,21,3.5906,52.7021
2024-01-31,2024-03-08,21,3.9489,59.1616
2024-02-01,2024-03-11,21,4.3093,65.9114
2024-02-02,2024-03-12,21,4.5201,69.9797
2024-02-05,2024-03-13,21,4.2653,65.0731
2024-02-06,2024-03-14,21,3.3312,48.1759
2024-02-07,2024-03-15,21,3.1481,45.0565
2024-02-08,2024-03-18,21,2.9368,41.5306
2024-02-19,2024-03-19,21,2.6562,36.9685
2024-02-20,2024-03-20,21,2.7011,37.6895
2024-02-21,2024-03-21,21,2.8385,39.9167
2024-02-22,2024-03-22,21,2.2108,30.0057
2024-02-23,2024-03-25,21,2.161,29.2475
2024-02-26,2024-03-26,21,2.4542,33.7699
2024-02-27,2024-03-27,21,1.979,26.5118
2024-02-28,2024-03-28,21,2.6279,36.5165
2024-02-29,2024-03-29,21,2.8238,39.6765
2024-03-01,2024-04-01,21,3.1091,44.3996
2024-03-04,2024-04-02,21,2.6624,37.0685
2024-03-05,2024-04-03,21,2.34,31.9919
2024-03-06,2024-04-08,21,2.6994,37.6627
2024-03-07,2024-04-09,21,2.6533,36.9224
2024-03-08,2024-04-10,21,2.4132,33.1286
2024-03-11,2024-04-11,21,1.8198,24.1613
2024-03-12,2024-04-12,21,2.4045,32.9922
2024-03-13,2024-04-15,21,2.8219,39.6464
2024-03-14,2024-04-16,21,2.7406,38.3267
2024-03-15,2024-04-17,21,3.0053,42.6635
2024-03-18,2024-04-18,21,2.9197,41.2472
2024-03-19,2024-04-19,21,2.9743,42.1506
2024-03-20,2024-04-22,21,2.3285,31.8135
2024-03-21,2024-04-23,21,0.9943,12.6059
2024-03-22,2024-04-24,21,1.8185,24.1423
2024-03-25,2024-04-25,21,1.9311,25.8005
2024-03-26,2024-04-26,21,2.3534,32.1985
2024-03-27,2024-04-29,21,2.6651,37.1109
2024-03-28,2024-04-30,21,2.1149,28.5495
2024-03-29,2024-05-06,21,1.756,23.2308
2024-04-01,2024-05-07,21,1.2835,16.5375
2024-04-02,2024-05-08,21,1.1169,14.2574
2024-04-03,2024-05-09,21,1.086,13.8399
2024-04-08,2024-05-10,21,1.3225,17.0768
2024-04-09,2024-05-13,21,1.064,13.5422
2024-04-10,2024-05-14,21,1.0048,12.7469
2024-04-11,2024-05-15,21,1.1444,14.631
2024-04-12,2024-05-16,21,1.0212,12.966
2024-04-15,2024-05-17,21,1.0557,13.43
2024-04-16,2024-05-20,21,1.9069,25.4417
2024-04-17,2024-05-21,21,1.0764,13.7095
2024-04-18,2024-05-22,21,1.252,16.1029
