entry_date,end_date,holding_days,total_return_pct,annualized_return_pct
2009-01-05,2011-02-01,504,34.4227,15.9408
2009-01-06,2011-02-09,504,33.6416,15.6035
2009-01-07,2011-02-10,504,33.5398,15.5594
2009-01-08,2011-02-11,504,35.2148,16.2819
2009-01-09,2011-02-14,504,34.9814,16.1815
2009-01-12,2011-02-15,504,35.1485,16.2534
2009-01-13,2011-02-16,504,37.85,17.4095
2009-01-14,2011-02-17,504,36.2915,16.7439
2009-01-15,2011-02-18,504,36.8513,16.9834
2009-01-16,2011-02-21,504,36.616,16.8829
2009-01-19,2011-02-22,504,34.9211,16.1556
2009-01-20,2011-02-23,504,35.3577,16.3433
2009-01-21,2011-02-24,504,34.9191,16.1547
2009-01-22,2011-02-25,504,34.4317,15.9447
2009-01-23,2011-02-28,504,34.8476,16.1239
2009-02-02,2011-03-01,504,32.397,15.0639
2009-02-03,2011-03-02,504,32.2883,15.0167
2009-02-04,2011-03-03,504,31.2933,14.5833
2009-02-05,2011-03-04,504,31.2008,14.5429
2009-02-06,2011-03-07,504,31.3305,14.5995
2009-02-09,2011-03-08,504,30.2439,14.1244
2009-02-10,2011-03-09,504,29.6559,13.8666
2009-02-11,2011-03-10,504,28.6941,13.4434
2009-02-12,2011-03-11,504,27.4984,12.9152
2009-02-13,2011-03-14,504,26.9336,12.6648
2009-02-16,2011-03-15,504,26.4787,12.4627
2009-02-17,2011-03-16,504,25.5257,12.0383
2009-02-18,2011-03-17,504,26.1806,12.3301
2009-02-19,2011-03-18,504,25.8027,12.1618
2009-02-20,2011-03-21,504,24.9069,11.7617
2009-02-23,2011-03-22,504,24.239,11.4626
2009-02-24,2011-03-23,504,25.7884,12.1554
2009-02-25,2011-03-24,504,26.9734,12.6825
2009-02-26,2011-03-25,504,29.3454,13.7301
2009-02-27,2011-03-28,504,30.779,14.3587
2009-03-02,2011-03-29,504,29.4679,13.784
2009-03-03,2011-03-30,504,30.2782,14.1395
2009-03-04,2011-03-31,504,28.7367,13.4622
2009-03-05,2011-04-01,504,28.8701,13.521
2009-03-06,2011-04-06,504,29.2816,13.7021
2009-03-09,2011-04-07,504,30.7671,14.3534
2009-03-10,2011-04-08,504,31.67,14.7476
2009-03-11,2011-04-11,504,32.278,15.0122
2009-03-12,2011-04-12,504,31.384,14.6229
2009-03-13,2011-04-13,504,31.9727,14.8794
2009-03-16,2011-04-14,504,31.3682,14.616
2009-03-17,2011-04-15,504,30.506,14.2392
2009-03-18,2011-04-18,504,30.8973,14.4104
2009-03-19,2011-04-19,504,28.4354,13.3293
2009-03-20,2011-04-20,504,27.5632,12.9439
2009-03-23,2011-04-21,504,27.1676,12.7686
2009-03-24,2011-04-22,504,29.0741,13.6108
2009-03-25,2011-04-25,504,28.3553,13.294
2009-03-26,2011-04-26,504,27.8561,13.0735
2009-03-27,2011-04-27,504,27.7711,13.0359
2009-03-30,2011-04-28,504,28.1298,13.1944
2009-03-31,2011-04-29,504,28.7924,13.4868
2009-04-01,2011-05-03,504,28.4617,13.341
2009-04-02,2011-05-04,504,26.6597,12.5432
2009-04-03,2011-05-05,504,27.5335,12.9308
2009-04-07,2011-05-06,504,27.8774,13.0829
2009-04-08,2011-05-09,504,29.0205,13.5872
2009-04-09,2011-05-10,504,29.0872,13.6166
2009-04-10,2011-05-11,504,28.189,13.2206
2009-04-13,2011-05-12,504,22.449,10.6567
2009-04-14,2011-05-13,504,22.5377,10.6967
2009-04-15,2011-05-16,504,21.8257,10.3747
2009-04-16,2011-05-17,504,21.8159,10.3702
2009-04-17,2011-05-18,504,23.5696,11.1619
2009-04-20,2011-05-19,504,22.9483,10.8821
2009-04-21,2011-05-20,504,22.3311,10.6034
2009-04-22,2011-05-23,504,26.3616,12.4107
2009-04-23,2011-05-24,504,22.6646,10.7541
2009-04-24,2011-05-25,504,25.5308,12.0405
2009-04-27,2011-05-26,504,26.6041,12.5185
2009-04-28,2011-05-27,504,26.7839,12.5983
2009-04-29,2011-05-30,504,26.2686,12.3693
2009-04-30,2011-05-31,504,26.3556,12.408
2009-05-04,2011-06-01,504,21.4309,10.1957
2009-05-05,2011-06-02,504,20.8564,9.9347
2009-05-06,2011-06-03,504,20.5053,9.7749
2009-05-07,2011-06-07,504,20.552,9.7962
2009-05-08,2011-06-08,504,20.5671,9.803
2009-05-11,2011-06-09,504,20.8035,9.9106
2009-05-12,2011-06-10,504,20.3557,9.7068
2009-05-13,2011-06-13,504,19.1598,9.1603
2009-05-14,2011-06-14,504,19.5742,9.35
2009-05-15,2011-06-15,504,19.3132,9.2306
2009-05-18,2011-06-16,504,18.3121,8.7714
2009-05-19,2011-06-17,504,17.9959,8.6259
2009-05-20,2011-06-20,504,18.0267,8.6401
2009-05-21,2011-06-21,504,18.6655,8.9337
2009-05-22,2011-06-22,504,18.4561,8.8375
2009-05-25,2011-06-23,504,18.7088,8.9536
2009-05-26,2011-06-24,504,19.2979,9.2236
2009-05-27,2011-06-27,504,18.5213,8.8675
2009-06-01,2011-06-28,504,16.5086,7.9391
2009-06-02,2011-06-29,504,16.5384,7.953
2009-06-03,2011-06-30,504,15.8413,7.6296
2009-06-04,2011-07-01,504,16.2227,7.8066
2009-06-05,2011-07-04,504,16.5549,7.9606
2009-06-08,2011-07-05,504,17.592,8.4399
2009-06-09,2011-07-06,504,18.29,8.7612
2009-06-10,2011-07-07,504,17.977,8.6172
2009-06-11,2011-07-08,504,18.3671,8.7966
2009-06-12,2011-07-11,504,19.3782,9.2603
2009-06-15,2011-07-12,504,19.5744,9.3501
2009-06-16,2011-07-13,504,20.3579,9.7077
2009-06-17,2011-07-14,504,20.1884,9.6305
2009-06-18,2011-07-15,504,19.8638,9.4823
2009-06-19,2011-07-18,504,20.1743,9.624
2009-06-22,2011-07-19,504,20.092,9.5865
2009-06-23,2011-07-20,504,20.1469,9.6115
2009-06-24,2011-07-21,504,18.9688,9.0728
2009-06-25,2011-07-22,504,18.6095,8.908
2009-06-26,2011-07-25,504,18.0704,8.6602
2009-06-29,2011-07-26,504,17.8687,8.5674
2009-06-30,2011-07-27,504,18.2965,8.7642
2009-07-01,2011-07-28,504,18.1229,8.6844
2009-07-02,2011-07-29,504,17.4291,8.3647
2009-07-03,2011-08-01,504,17.2916,8.3013
2009-07-06,2011-08-02,504,16.7925,8.0706
2009-07-07,2011-08-03,504,17.7553,8.5151
2009-07-08,2011-08-04,504,17.6335,8.459
2009-07-09,2011-08-05,504,16.6501,8.0047
2009-07-10,2011-08-08,504,16.6138,7.9879
2009-07-13,2011-08-09,504,17.6666,8.4743
2009-07-14,2011-08-10,504,16.7392,8.0459
2009-07-15,2011-08-11,504,16.6064,7.9844
2009-07-16,2011-08-12,504,16.1016,7.7505
2009-07-17,2011-08-15,504,15.8057,7.613
2009-07-20,2011-08-16,504,15.1467,7.3064
2009-07-21,2011-08-17,504,15.9,7.6569
2009-07-22,2011-08-18,504,14.9936,7.2351
2009-07-23,2011-08-19,504,15.5085,7.4749
2009-07-24,2011-08-22,504,16.1229,7.7603
2009-07-27,2011-08-23,504,15.4198,7.4336
2009-07-28,2011-08-24,504,14.9384,7.2093
2009-07-29,2011-08-25,504,15.5617,7.4996
2009-07-30,2011-08-26,504,15.3356,7.3944
2009-07-31,2011-08-29,504,15.6333,7.5329
2009-08-03,2011-08-30,504,13.5343,6.5525
2009-08-04,2011-08-31,504,13.9831,6.7629
2009-08-05,2011-09-01,504,13.4308,6.5039
2009-08-06,2011-09-02,504,14.4538,6.9831
2009-08-07,2011-09-05,504,15.0916,7.2808
2009-08-10,2011-09-06,504,15.2295,7.345
2009-08-11,2011-09-07,504,14.5734,7.039
2009-08-12,2011-09-08,504,16.14,7.7682
2009-08-13,2011-09-09,504,16.0309,7.7177
2009-08-14,2011-09-13,504,15.7038,7.5657
2009-08-17,2011-09-14,504,18.1901,8.7153
2009-08-18,2011-09-15,504,17.427,8.3637
2009-08-19,2011-09-16,504,18.2746,8.7541
2009-08-20,2011-09-19,504,17.5187,8.4061
2009-08-21,2011-09-20,504,16.4133,7.895
2009-08-24,2011-09-21,504,16.6705,8.0141
2009-08-25,2011-09-22,504,16.3598,7.8702
2009-08-26,2011-09-23,504,15.1728,7.3186
2009-08-27,2011-09-26,504,13.2052,6.3979
2009-08-28,2011-09-27,504,14.151,6.8415
2009-08-31,2011-09-28,504,16.2455,7.8172
2009-09-01,2011-09-29,504,15.682,7.5556
2009-09-02,2011-09-30,504,15.618,7.5258
2009-09-03,2011-10-10,504,13.2135,6.4018
2009-09-04,2011-10-11,504,12.8438,6.2279
2009-09-07,2011-10-12,504,13.4064,6.4925
2009-09-08,2011-10-13,504,12.2209,5.9343
2009-09-09,2011-10-14,504,11.9576,5.81
2009-09-10,2011-10-17,504,12.6203,6.1227
2009-09-11,2011-10-18,504,11.1761,5.4401
2009-09-14,2011-10-19,504,10.5374,5.1368
2009-09-15,2011-10-20,504,9.1189,4.46
2009-09-16,2011-10-21,504,8.6415,4.2312
2009-09-17,2011-10-24,504,9.2503,4.5229
2009-09-18,2011-10-25,504,10.968,5.3413
2009-09-21,2011-10-26,504,12.4114,6.0243
2009-09-22,2011-10-27,504,13.2012,6.3961
2009-09-23,2011-10-28,504,14.6279,7.0644
2009-09-24,2011-10-31,504,14.1769,6.8536
2009-09-25,2011-11-01,504,15.1147,7.2915
2009-09-28,2011-11-02,504,16.8756,8.109
2009-09-29,2011-11-03,504,17.1874,8.2531
2009-09-30,2011-11-04,504,17.3478,8.3272
2009-10-09,2011-11-07,504,14.3145,6.918
2009-10-12,2011-11-08,504,14.9829,7.2301
2009-10-13,2011-11-09,504,14.3841,6.9505
2009-10-14,2011-11-10,504,12.7718,6.1941
2009-10-15,2011-11-11,504,13.1155,6.3558
2009-10-16,2011-11-14,504,13.7932,6.6739
2009-10-19,2011-11-15,504,12.5509,6.09
2009-10-20,2011-11-16,504,11.6231,5.6518
2009-10-21,2011-11-17,504,11.5757,5.6294
2009-10-22,2011-11-18,504,10.4943,5.1163
2009-10-23,2011-11-21,504,9.8389,4.804
2009-10-26,2011-11-22,504,9.2548,4.525
2009-10-27,2011-11-23,504,10.5299,5.1332
2009-10-28,2011-11-24,504,10.1956,4.9741
2009-10-29,2011-11-25,504,10.6341,5.1828
2009-10-30,2011-11-28,504,10.3701,5.0572
2009-11-02,2011-11-29,504,10.1195,4.9379
2009-11-03,2011-11-30,504,8.5163,4.1711
2009-11-04,2011-12-01,504,9.1284,4.4645
2009-11-05,2011-12-02,504,8.6041,4.2133
2009-11-06,2011-12-05,504,7.9443,3.8962
2009-11-09,2011-12-06,504,6.7939,3.3411
2009-11-10,2011-12-07,504,7.3285,3.5994
2009-11-11,2011-12-08,504,7.2328,3.5533
2009-11-12,2011-12-09,504,6.0821,2.9962
2009-11-13,2011-12-12,504,5.8955,2.9055
2009-11-16,2011-12-13,504,3.6751,1.8209
2009-11-17,2011-12-14,504,3.1479,1.5617
2009-11-18,2011-12-15,504,1.246,0.6211
2009-11-19,2011-12-16,504,1.8646,0.928
2009-11-20,2011-12-19,504,1.728,0.8603
2009-11-23,2011-12-20,504,0.9917,0.4946
2009-11-24,2011-12-21,504,1.7082,0.8505
2009-11-25,2011-12-22,504,0.2876,0.1437
2009-11-26,2011-12-23,504,1.3418,0.6687
2009-11-27,2011-12-26,504,1.8313,0.9115
2009-11-30,2011-12-27,504,0.3704,0.185
2009-12-01,2011-12-28,504,-0.3101,-0.1552
2009-12-02,2011-12-29,504,-1.4705,-0.738
2009-12-03,2011-12-30,504,-1.1285,-0.5659
2009-12-04,2012-01-04,504,-0.7028,-0.352
2009-12-07,2012-01-05,504,0.1882,0.0941
2009-12-08,2012-01-06,504,0.5002,0.2498
2009-12-09,2012-01-09,504,2.0422,1.0159
2009-12-10,2012-01-10,504,2.7271,1.3544
2009-12-11,2012-01-11,504,2.6925,1.3373
2009-12-14,2012-01-12,504,2.8196,1.4
2009-12-15,2012-01-13,504,2.6385,1.3107
2009-12-16,2012-01-16,504,1.847,0.9193
2009-12-17,2012-01-17,504,4.1482,2.053
2009-12-18,2012-01-18,504,4.8595,2.4009
2009-12-21,2012-01-19,504,5.1971,2.5657
2009-12-22,2012-01-20,504,6.71,3.3005
2009-12-23,2012-01-30,504,7.2114,3.543
2009-12-24,2012-01-31,504,5.9717,2.9425
2009-12-25,2012-02-01,504,5.5304,2.728
2009-12-28,2012-02-02,504,5.723,2.8217
2009-12-29,2012-02-03,504,6.1746,3.0411
2009-12-30,2012-02-06,504,5.9981,2.9554
2010-01-04,2012-02-07,504,5.2478,2.5903
2010-01-05,2012-02-08,504,5.2232,2.5784
2010-01-06,2012-02-09,504,5.1891,2.5618
2010-01-07,2012-02-10,504,5.4667,2.697
2010-01-08,2012-02-13,504,5.5969,2.7604
2010-01-11,2012-02-14,504,4.5665,2.2578
2010-01-12,2012-02-15,504,4.5322,2.241
2010-01-13,2012-02-16,504,5.8398,2.8785
2010-01-14,2012-02-17,504,5.4342,2.6811
2010-01-15,2012-02-20,504,5.5272,2.7264
2010-01-18,2012-02-21,504,5.5224,2.7241
2010-01-19,2012-02-22,504,6.1173,3.0132
2010-01-20,2012-02-23,504,7.2643,3.5685
2010-01-21,2012-02-24,504,7.8676,3.8593
2010-01-22,2012-02-27,504,8.8193,4.3165
2010-01-25,2012-02-28,504,8.935,4.3719
2010-01-26,2012-02-29,504,9.7369,4.7554
2010-01-27,2012-03-01,504,8.7888,4.3019
2010-01-28,2012-03-02,504,9.6153,4.6973
2010-01-29,2012-03-05,504,9.6583,4.7179
2010-02-01,2012-03-06,504,9.4566,4.6215
2010-02-02,2012-03-07,504,8.3482,4.0904
2010-02-03,2012-03-08,504,7.9121,3.8807
2010-02-04,2012-03-09,504,8.5838,4.2036
2010-02-05,2012-03-12,504,10.3571,5.051
2010-02-08,2012-03-13,504,10.3855,5.0645
2010-02-09,2012-03-14,504,8.7316,4.2745
2010-02-10,2012-03-15,504,7.8305,3.8414
2010-02-11,2012-03-16,504,8.2989,4.0667
2010-02-12,2012-03-19,504,7.8311,3.8418
2010-02-22,2012-03-20,504,6.6858,3.2888
2010-02-23,2012-03-21,504,6.9932,3.4375
2010-02-24,2012-03-22,504,6.7199,3.3053
2010-02-25,2012-03-23,504,6.5996,3.2471
2010-02-26,2012-03-26,504,6.4181,3.1591
2010-03-01,2012-03-27,504,6.2924,3.0982
2010-03-02,2012-03-28,504,5.5548,2.7398
2010-03-03,2012-03-29,504,4.5198,2.2349
2010-03-04,2012-03-30,504,5.348,2.6392
2010-03-05,2012-04-05,504,5.2202,2.5769
2010-03-08,2012-04-06,504,5.0759,2.5066
2010-03-09,2012-04-09,504,5.3865,2.6579
2010-03-10,2012-04-10,504,5.6989,2.81
2010-03-11,2012-04-11,504,6.1457,3.027
2010-03-12,2012-04-12,504,7.0061,3.4438
2010-03-15,2012-04-13,504,7.7225,3.7894
2010-03-16,2012-04-16,504,7.1483,3.5125
2010-03-17,2012-04-17,504,5.9057,2.9105
2010-03-18,2012-04-18,504,6.8964,3.3907
2010-03-19,2012-04-19,504,6.4668,3.1828
2010-03-22,2012-04-20,504,7.082,3.4804
2010-03-23,2012-04-23,504,7.0256,3.4532
2010-03-24,2012-04-24,504,7.0926,3.4855
2010-03-25,2012-04-25,504,7.8628,3.857
2010-03-26,2012-04-26,504,7.4447,3.6555
2010-03-29,2012-04-27,504,6.6092,3.2517
2010-03-30,2012-05-02,504,7.0552,3.4675
2010-03-31,2012-05-03,504,7.2621,3.5674
2010-04-01,2012-05-04,504,6.9275,3.4057
2010-04-02,2012-05-07,504,6.5314,3.2141
2010-04-06,2012-05-08,504,6.1117,3.0105
2010-04-07,2012-05-09,504,5.0888,2.5128
2010-04-08,2012-05-10,504,5.2075,2.5707
2010-04-09,2012-05-11,504,4.4307,2.1913
2010-04-12,2012-05-14,504,4.1084,2.0335
2010-04-13,2012-05-15,504,3.7796,1.8723
2010-04-14,2012-05-16,504,2.8548,1.4174
2010-04-15,2012-05-17,504,3.7173,1.8417
2010-04-16,2012-05-18,504,3.9148,1.9386
2010-04-19,2012-05-21,504,6.0231,2.9675
2010-04-20,2012-05-22,504,6.0306,2.9712
2010-04-21,2012-05-23,504,4.9766,2.4581
2010-04-22,2012-05-24,504,5.1557,2.5454
2010-04-23,2012-05-25,504,5.2937,2.6127
2010-04-26,2012-05-28,504,6.0805,2.9954
2010-04-27,2012-05-29,504,6.9393,3.4115
2010-04-28,2012-05-30,504,6.1616,3.0348
2010-04-29,2012-05-31,504,6.4818,3.19
2010-04-30,2012-06-01,504,6.1999,3.0533
2010-05-04,2012-06-04,504,6.6698,3.2811
2010-05-05,2012-06-05,504,6.6177,3.2558
2010-05-06,2012-06-06,504,7.5753,3.7185
2010-05-07,2012-06-07,504,7.3211,3.5959
2010-05-10,2012-06-08,504,6.4238,3.1619
2010-05-11,2012-06-11,504,5.9472,2.9307
2010-05-12,2012-06-12,504,4.8997,2.4205
2010-05-13,2012-06-13,504,4.9788,2.4591
2010-05-14,2012-06-14,504,4.9621,2.451
2010-05-17,2012-06-15,504,6.3911,3.146
2010-05-18,2012-06-18,504,6.4155,3.1579
2010-05-19,2012-06-19,504,6.668,3.2802
2010-05-20,2012-06-20,504,8.439,4.134
2010-05-21,2012-06-21,504,7.4921,3.6784
2010-05-24,2012-06-25,504,5.5644,2.7445
2010-05-25,2012-06-26,504,6.1722,3.0399
2010-05-26,2012-06-27,504,4.412,2.1822
2010-05-27,2012-06-28,504,4.9315,2.4361
2010-05-28,2012-06-29,504,3.9546,1.9581
2010-05-31,2012-07-02,504,4.9131,2.4271
2010-06-01,2012-07-03,504,5.3331,2.6319
2010-06-02,2012-07-04,504,5.4089,2.6688
2010-06-03,2012-07-05,504,5.2301,2.5817
2010-06-04,2012-07-06,504,5.6811,2.8013
2010-06-07,2012-07-09,504,4.8109,2.3772
2010-06-08,2012-07-10,504,4.1881,2.0726
2010-06-09,2012-07-11,504,3.8654,1.9144
2010-06-10,2012-07-12,504,4.2197,2.0881
2010-06-11,2012-07-13,504,4.4918,2.2212
2010-06-17,2012-07-16,504,4.2059,2.0813
2010-06-18,2012-07-17,504,4.5982,2.2733
2010-06-21,2012-07-18,504,3.6197,1.7938
2010-06-22,2012-07-19,504,4.2179,2.0872
2010-06-23,2012-07-20,504,4.1348,2.0465
2010-06-24,2012-07-23,504,3.8449,1.9043
2010-06-25,2012-07-24,504,3.9176,1.94
2010-06-28,2012-07-25,504,3.8041,1.8843
2010-06-29,2012-07-26,504,5.6587,2.7904
2010-06-30,2012-07-27,504,6.1153,3.0123
2010-07-01,2012-07-30,504,6.4096,3.155
2010-07-02,2012-07-31,504,7.371,3.62
2010-07-05,2012-08-01,504,7.5097,3.6869
2010-07-06,2012-08-02,504,6.7265,3.3085
2010-07-07,2012-08-03,504,7.0437,3.4619
2010-07-08,2012-08-06,504,7.2289,3.5514
2010-07-09,2012-08-07,504,6.8184,3.353
2010-07-12,2012-08-08,504,6.2234,3.0647
2010-07-13,2012-08-09,504,7.184,3.5297
2010-07-14,2012-08-10,504,6.4598,3.1794
2010-07-15,2012-08-13,504,6.7662,3.3277
2010-07-16,2012-08-14,504,6.5715,3.2335
2010-07-19,2012-08-15,504,6.8186,3.3531
2010-07-20,2012-08-16,504,6.4036,3.1521
2010-07-21,2012-08-17,504,6.5224,3.2097
2010-07-22,2012-08-20,504,6.2781,3.0913
2010-07-23,2012-08-21,504,6.0918,3.0009
2010-07-26,2012-08-22,504,6.0396,2.9755
2010-07-27,2012-08-23,504,6.8883,3.3868
2010-07-28,2012-08-24,504,6.4111,3.1558
2010-07-29,2012-08-27,504,5.7927,2.8556
2010-07-30,2012-08-28,504,5.9398,2.9271
2010-08-02,2012-08-29,504,5.1954,2.5648
2010-08-03,2012-08-30,504,5.5034,2.7149
2010-08-04,2012-08-31,504,4.9605,2.4502
2010-08-05,2012-09-03,504,5.7888,2.8537
2010-08-06,2012-09-04,504,4.9681,2.4539
2010-08-09,2012-09-05,504,4.4747,2.2129
2010-08-10,2012-09-06,504,5.7601,2.8398
2010-08-11,2012-09-07,504,6.3721,3.1368
2010-08-12,2012-09-10,504,7.3482,3.609
2010-08-13,2012-09-11,504,6.2163,3.0613
2010-08-16,2012-09-12,504,5.9,2.9077
2010-08-17,2012-09-13,504,5.5096,2.7179
2010-08-18,2012-09-14,504,6.4097,3.1551
2010-08-19,2012-09-17,504,5.5155,2.7207
2010-08-20,2012-09-18,504,5.5387,2.732
2010-08-23,2012-09-19,504,5.9542,2.9341
2010-08-24,2012-09-20,504,5.2383,2.5857
2010-08-25,2012-09-21,504,5.6548,2.7885
2010-08-26,2012-09-24,504,5.171,2.5529
2010-08-27,2012-09-25,504,5.2774,2.6048
2010-08-30,2012-09-26,504,4.7368,2.341
2010-08-31,2012-09-27,504,5.3409,2.6357
2010-09-01,2012-09-28,504,5.701,2.811
2010-09-02,2012-10-08,504,5.0784,2.5078
2010-09-03,2012-10-09,504,5.4636,2.6955
2010-09-06,2012-10-10,504,5.0054,2.4721
2010-09-07,2012-10-11,504,4.7382,2.3417
2010-09-08,2012-10-12,504,4.5545,2.2519
2010-09-09,2012-10-15,504,4.4651,2.2082
2010-09-10,2012-10-16,504,4.5581,2.2536
2010-09-13,2012-10-17,504,4.6029,2.2756
2010-09-14,2012-10-18,504,4.8164,2.3799
2010-09-15,2012-10-19,504,4.3544,2.154
2010-09-16,2012-10-22,504,4.7888,2.3664
2010-09-17,2012-10-23,504,4.2757,2.1155
2010-09-20,2012-10-24,504,4.0863,2.0227
2010-09-21,2012-10-25,504,4.122,2.0402
2010-09-27,2012-10-26,504,2.8755,1.4276
2010-09-28,2012-10-29,504,3.3445,1.6585
2010-09-29,2012-10-30,504,2.9276,1.4532
2010-09-30,2012-10-31,504,2.5878,1.2857
2010-10-08,2012-11-01,504,2.5139,1.2491
2010-10-11,2012-11-02,504,1.1804,0.5885
2010-10-12,2012-11-05,504,0.5151,0.2572
2010-10-13,2012-11-06,504,0.1953,0.0976
2010-10-14,2012-11-07,504,0.2741,0.137
2010-10-15,2012-11-08,504,-0.3449,-0.1726
2010-10-18,2012-11-09,504,0.5466,0.2729
2010-10-19,2012-11-12,504,-0.0078,-0.0039
2010-10-20,2012-11-13,504,-0.1085,-0.0542
2010-10-21,2012-11-14,504,0.1127,0.0563
2010-10-22,2012-11-15,504,-0.0574,-0.0287
2010-10-25,2012-11-16,504,-1.7707,-0.8893
2010-10-26,2012-11-19,504,-1.2803,-0.6422
2010-10-27,2012-11-20,504,-0.7307,-0.366
2010-10-28,2012-11-21,504,-0.4481,-0.2243
2010-10-29,2012-11-22,504,-0.7105,-0.3559
2010-11-01,2012-11-23,504,-1.7861,-0.8971
2010-11-02,2012-11-26,504,-1.4954,-0.7505
2010-11-03,2012-11-27,504,-1.1327,-0.568
2010-11-04,2012-11-28,504,-2.121,-1.0662
2010-11-05,2012-11-29,504,-3.59,-1.8114
2010-11-08,2012-11-30,504,-3.5019,-1.7666
2010-11-09,2012-12-03,504,-4.6581,-2.3568
2010-11-10,2012-12-04,504,-4.1786,-2.1116
2010-11-11,2012-12-05,504,-3.5372,-1.7845
2010-11-12,2012-12-06,504,-1.7824,-0.8952
2010-11-15,2012-12-07,504,-0.7554,-0.3784
2010-11-16,2012-12-10,504,0.1599,0.0799
2010-11-17,2012-12-11,504,1.2073,0.6018
2010-11-18,2012-12-12,504,0.6113,0.3052
2010-11-19,2012-12-13,504,-0.182,-0.091
2010-11-22,2012-12-14,504,0.7967,0.3976
2010-11-23,2012-12-17,504,1.0214,0.5094
2010-11-24,2012-12-18,504,0.7602,0.3794
2010-11-25,2012-12-19,504,0.2484,0.1241
2010-11-26,2012-12-20,504,0.5406,0.27
2010-11-29,2012-12-21,504,0.1004,0.0502
2010-11-30,2012-12-24,504,0.6499,0.3244
2010-12-01,2012-12-25,504,0.3441,0.1719
2010-12-02,2012-12-26,504,0.1272,0.0636
2010-12-03,2012-12-27,504,0.1806,0.0903
2010-12-06,2012-12-28,504,0.1763,0.0881
2010-12-07,2013-01-04,504,0.0721,0.036
2010-12-08,2013-01-07,504,1.338,0.6668
2010-12-09,2013-01-08,504,1.4109,0.703
2010-12-10,2013-01-09,504,1.2866,0.6412
2010-12-13,2013-01-10,504,2.1422,1.0654
2010-12-14,2013-01-11,504,1.4021,0.6986
2010-12-15,2013-01-14,504,3.0406,1.5089
2010-12-16,2013-01-15,504,3.2967,1.635
2010-12-17,2013-01-16,504,3.1862,1.5806
2010-12-20,2013-01-17,504,1.2714,0.6337
2010-12-21,2013-01-18,504,3.0928,1.5346
2010-12-22,2013-01-21,504,3.5397,1.7544
2010-12-23,2013-01-22,504,1.9263,0.9585
2010-12-24,2013-01-23,504,2.1925,1.0903
2010-12-27,2013-01-24,504,2.1407,1.0647
2010-12-28,2013-01-25,504,2.1115,1.0502
2010-12-29,2013-01-28,504,2.4119,1.1987
2010-12-30,2013-01-29,504,2.5542,1.2691
2011-01-04,2013-01-30,504,1.8861,0.9387
2011-01-05,2013-01-31,504,5.306,2.6187
2011-01-06,2013-02-01,504,3.534,1.7517
2011-01-07,2013-02-04,504,3.9185,1.9404
2011-01-10,2013-02-05,504,4.2912,2.1231
2011-01-11,2013-02-06,504,4.0065,1.9836
2011-01-12,2013-02-07,504,3.4993,1.7346
2011-01-13,2013-02-08,504,3.4276,1.6994
2011-01-14,2013-02-18,504,2.8745,1.4271
2011-01-17,2013-02-19,504,3.7646,1.8649
2011-01-18,2013-02-20,504,3.5366,1.7529
2011-01-19,2013-02-21,504,1.3438,0.6697
2011-01-20,2013-02-22,504,2.3232,1.1549
2011-01-21,2013-02-25,504,2.5205,1.2524
2011-01-24,2013-02-26,504,2.4661,1.2255
2011-01-25,2013-02-27,504,3.5325,1.7509
2011-01-26,2013-02-28,504,3.8024,1.8835
2011-01-27,2013-03-01,504,2.8772,1.4284
2011-01-28,2013-03-04,504,2.271,1.1291
2011-01-31,2013-03-05,504,2.6665,1.3245
2011-02-01,2013-03-06,504,2.6197,1.3014
2011-02-09,2013-03-07,504,2.3298,1.1582
2011-02-10,2013-03-08,504,1.7284,0.8605
2011-02-11,2013-03-11,504,1.4803,0.7374
2011-02-14,2013-03-12,504,2.5694,1.2765
2011-02-15,2013-03-13,504,2.4233,1.2044
2011-02-16,2013-03-14,504,1.7105,0.8516
2011-02-17,2013-03-15,504,1.9139,0.9524
2011-02-18,2013-03-18,504,1.8633,0.9274
2011-02-21,2013-03-19,504,1.6003,0.797
2011-02-22,2013-03-20,504,3.5,1.7349
2011-02-23,2013-03-21,504,3.3433,1.6579
2011-02-24,2013-03-22,504,3.0709,1.5238
2011-02-25,2013-03-25,504,3.0293,1.5033
2011-02-28,2013-03-26,504,1.9888,0.9895
2011-03-01,2013-03-27,504,1.8698,0.9305
2011-03-02,2013-03-28,504,0.667,0.3329
2011-03-03,2013-03-29,504,0.9159,0.4569
2011-03-04,2013-04-01,504,0.4442,0.2219
2011-03-07,2013-04-02,504,-0.6574,-0.3292
2011-03-08,2013-04-03,504,-0.9224,-0.4623
2011-03-09,2013-04-08,504,-0.8545,-0.4282
2011-03-10,2013-04-09,504,-0.3946,-0.1975
2011-03-11,2013-04-10,504,0.1417,0.0708
2011-03-14,2013-04-11,504,-0.6296,-0.3153
2011-03-15,2013-04-12,504,0.0146,0.0073
2011-03-16,2013-04-15,504,-1.641,-0.8239
2011-03-17,2013-04-16,504,-2.4649,-1.2401
2011-03-18,2013-04-17,504,-3.1692,-1.5973
2011-03-21,2013-04-18,504,-3.311,-1.6694
2011-03-22,2013-04-19,504,-1.847,-0.9278
2011-03-23,2013-04-22,504,-2.3472,-1.1806
2011-03-24,2013-04-23,504,-3.1465,-1.5858
2011-03-25,2013-04-24,504,-2.6479,-1.3329
2011-03-28,2013-04-25,504,-2.5025,-1.2592
2011-03-29,2013-04-26,504,-2.0212,-1.0158
2011-03-30,2013-05-02,504,-2.3179,-1.1657
2011-03-31,2013-05-03,504,-1.1506,-0.577
2011-04-01,2013-05-06,504,-1.6215,-0.8141
2011-04-06,2013-05-07,504,-2.6923,-1.3553
2011-04-07,2013-05-08,504,-2.5523,-1.2844
2011-04-08,2013-05-09,504,-2.9128,-1.4672
2011-04-11,2013-05-10,504,-2.7822,-1.4009
2011-04-12,2013-05-13,504,-3.1668,-1.5961
2011-04-13,2013-05-14,504,-3.6377,-1.8357
2011-04-14,2013-05-15,504,-3.796,-1.9164
2011-04-15,2013-05-16,504,-3.6898,-1.8622
2011-04-18,2013-05-17,504,-3.9419,-1.9907
2011-04-19,2013-05-20,504,-3.4018,-1.7156
2011-04-20,2013-05-21,504,-3.02,-1.5216
2011-04-21,2013-05-22,504,-3.3121,-1.67
2011-04-22,2013-05-23,504,-3.8818,-1.9601
2011-04-25,2013-05-24,504,-3.1247,-1.5748
2011-04-26,2013-05-27,504,-2.5445,-1.2804
2011-04-27,2013-05-28,504,-2.0635,-1.0371
2011-04-28,2013-05-29,504,-4.8725,-2.4667
2011-04-29,2013-05-30,504,-4.7399,-2.3987
2011-05-03,2013-05-31,504,-2.4909,-1.2533
2011-05-04,2013-06-03,504,-4.534,-2.2933
2011-05-05,2013-06-04,504,-4.5522,-2.3026
2011-05-06,2013-06-05,504,-4.3911,-2.2202
2011-05-09,2013-06-06,504,-4.9737,-2.5185
2011-05-10,2013-06-07,504,-5.2608,-2.6659
2011-05-11,2013-06-13,504,-6.314,-3.2085
2011-05-12,2013-06-14,504,-5.7541,-2.9197
2011-05-13,2013-06-17,504,-6.289,-3.1956
2011-05-16,2013-06-18,504,-5.9414,-3.0162
2011-05-17,2013-06-19,504,-6.4339,-3.2705
2011-05-18,2013-06-20,504,-7.7411,-3.9485
2011-05-19,2013-06-21,504,-8.2327,-4.2048
2011-05-20,2013-06-24,504,-9.7879,-5.0199
2011-05-23,2013-06-25,504,-9.1943,-4.708
2011-05-24,2013-06-26,504,-10.0404,-5.153
2011-05-25,2013-06-27,504,-9.8845,-5.0708
2011-05-26,2013-06-28,504,-9.9872,-5.1249
2011-05-27,2013-07-01,504,-9.1832,-4.7021
2011-05-30,2013-07-02,504,-9.0868,-4.6516
2011-05-31,2013-07-03,504,-9.7625,-5.0066
2011-06-01,2013-07-04,504,-9.4469,-4.8406
2011-06-02,2013-07-05,504,-9.5265,-4.8825
2011-06-03,2013-07-08,504,-10.4753,-5.3825
2011-06-07,2013-07-09,504,-9.9864,-5.1245
2011-06-08,2013-07-10,504,-9.6205,-4.9319
2011-06-09,2013-07-11,504,-7.5969,-3.8735
2011-06-10,2013-07-12,504,-8.4756,-4.3316
2011-06-13,2013-07-15,504,-7.8446,-4.0024
2011-06-14,2013-07-16,504,-7.9868,-4.0765
2011-06-15,2013-07-17,504,-8.0711,-4.1204
2011-06-16,2013-07-18,504,-8.3588,-4.2706
2011-06-17,2013-07-19,504,-8.4556,-4.3212
2011-06-20,2013-07-22,504,-8.0226,-4.0952
2011-06-21,2013-07-23,504,-7.7372,-3.9465
2011-06-22,2013-07-24,504,-7.7273,-3.9413
2011-06-23,2013-07-25,504,-8.3647,-4.2737
2011-06-24,2013-07-26,504,-8.4316,-4.3086
2011-06-27,2013-07-29,504,-8.721,-4.46
2011-06-28,2013-07-30,504,-8.5445,-4.3676
2011-06-29,2013-07-31,504,-8.2162,-4.1961
2011-06-30,2013-08-01,504,-8.315,-4.2477
2011-07-01,2013-08-02,504,-8.7834,-4.4926
2011-07-04,2013-08-05,504,-8.5676,-4.3797
2011-07-05,2013-08-06,504,-8.8061,-4.5045
2011-07-06,2013-08-07,504,-9.4227,-4.8279
2011-07-07,2013-08-08,504,-9.4664,-4.8508
2011-07-08,2013-08-09,504,-9.1569,-4.6883
2011-07-11,2013-08-12,504,-8.3498,-4.2659
2011-07-12,2013-08-13,504,-7.7563,-3.9564
2011-07-13,2013-08-14,504,-8.7083,-4.4533
2011-07-14,2013-08-15,504,-8.7909,-4.4965
2011-07-15,2013-08-16,504,-8.4703,-4.3288
2011-07-18,2013-08-19,504,-8.2756,-4.2271
2011-07-19,2013-08-20,504,-8.5526,-4.3718
2011-07-20,2013-08-21,504,-8.2317,-4.2042
2011-07-21,2013-08-22,504,-8.3747,-4.2789
2011-07-22,2013-08-23,504,-8.2424,-4.2098
2011-07-25,2013-08-26,504,-7.3393,-3.7396
2011-07-26,2013-08-27,504,-7.2396,-3.6878
2011-07-27,2013-08-28,504,-7.1793,-3.6565
2011-07-28,2013-08-29,504,-7.3108,-3.7248
2011-07-29,2013-08-30,504,-7.2571,-3.6969
2011-08-01,2013-09-02,504,-7.3057,-3.7221
2011-08-02,2013-09-03,504,-7.0592,-3.5942
2011-08-03,2013-09-04,504,-7.3792,-3.7603
2011-08-04,2013-09-05,504,-7.7485,-3.9523
2011-08-05,2013-09-06,504,-7.173,-3.6533
2011-08-08,2013-09-09,504,-5.5886,-2.8345
2011-08-09,2013-09-10,504,-5.8111,-2.9491
2011-08-10,2013-09-11,504,-6.1055,-3.1008
2011-08-11,2013-09-12,504,-6.6408,-3.3774
2011-08-12,2013-09-13,504,-7.2417,-3.6889
2011-08-15,2013-09-16,504,-7.3921,-3.767
2011-08-16,2013-09-17,504,-8.1602,-4.1669
2011-08-17,2013-09-18,504,-8.3592,-4.2708
2011-08-18,2013-09-23,504,-7.5671,-3.858
2011-08-19,2013-09-24,504,-8.3642,-4.2734
2011-08-22,2013-09-25,504,-8.6522,-4.4239
2011-08-23,2013-09-26,504,-9.2798,-4.7528
2011-08-24,2013-09-27,504,-8.7041,-4.4511
2011-08-25,2013-09-30,504,-8.2529,-4.2153
2011-08-26,2013-10-08,504,-8.4252,-4.3053
2011-08-29,2013-10-09,504,-8.5418,-4.3662
2011-08-30,2013-10-10,504,-8.8316,-4.5179
2011-08-31,2013-10-11,504,-9.0015,-4.6069
2011-09-01,2013-10-14,504,-8.9298,-4.5693
2011-09-02,2013-10-15,504,-9.0777,-4.6468
2011-09-05,2013-10-16,504,-9.1254,-4.6718
2011-09-06,2013-10-17,504,-9.3679,-4.7991
2011-09-07,2013-10-18,504,-8.4828,-4.3354
2011-09-08,2013-10-21,504,-8.1982,-4.1868
2011-09-09,2013-10-22,504,-8.7292,-4.4643
2011-09-13,2013-10-23,504,-8.0187,-4.0931
2011-09-14,2013-10-24,504,-8.3146,-4.2475
2011-09-15,2013-10-25,504,-8.3111,-4.2457
2011-09-16,2013-10-28,504,-7.823,-3.9912
2011-09-19,2013-10-29,504,-7.7369,-3.9463
2011-09-20,2013-10-30,504,-7.2216,-3.6785
2011-09-21,2013-10-31,504,-8.5882,-4.3905
2011-09-22,2013-11-01,504,-7.5101,-3.8283
2011-09-23,2013-11-04,504,-7.2286,-3.6821
2011-09-26,2013-11-05,504,-5.9027,-2.9962
2011-09-27,2013-11-06,504,-6.3898,-3.2476
2011-09-28,2013-11-07,504,-6.0516,-3.073
2011-09-29,2013-11-08,504,-5.9593,-3.0254
2011-09-30,2013-11-11,504,-6.3627,-3.2337
2011-10-10,2013-11-12,504,-6.3151,-3.2091
2011-10-11,2013-11-13,504,-7.0867,-3.6084
2011-10-12,2013-11-14,504,-7.649,-3.9005
2011-10-13,2013-11-15,504,-7.3107,-3.7247
2011-10-14,2013-11-18,504,-6.4119,-3.259
2011-10-17,2013-11-19,504,-6.9274,-3.5259
2011-10-18,2013-11-20,504,-5.9578,-3.0246
2011-10-19,2013-11-21,504,-6.2404,-3.1705
2011-10-20,2013-11-22,504,-5.3486,-2.7111
2011-10-21,2013-11-25,504,-5.6607,-2.8716
2011-10-24,2013-11-26,504,-6.2828,-3.1924
2011-10-25,2013-11-27,504,-6.5694,-3.3405
2011-10-26,2013-11-28,504,-7.2887,-3.7133
2011-10-27,2013-11-29,504,-7.4154,-3.7791
2011-10-28,2013-12-02,504,-7.6374,-3.8946
2011-10-31,2013-12-03,504,-7.5072,-3.8268
2011-11-01,2013-12-04,504,-7.3779,-3.7596
2011-11-02,2013-12-05,504,-7.6841,-3.9189
2011-11-03,2013-12-06,504,-8.0064,-4.0867
2011-11-04,2013-12-09,504,-8.4277,-4.3066
2011-11-07,2013-12-10,504,-8.2335,-4.2051
2011-11-08,2013-12-11,504,-8.668,-4.4322
2011-11-09,2013-12-12,504,-8.9161,-4.5621
2011-11-10,2013-12-13,504,-8.6846,-4.4409
2011-11-11,2013-12-16,504,-8.9182,-4.5632
2011-11-14,2013-12-17,504,-9.5614,-4.9008
2011-11-15,2013-12-18,504,-9.5509,-4.8953
2011-11-16,2013-12-19,504,-9.2716,-4.7485
2011-11-17,2013-12-20,504,-10.0048,-5.1342
2011-11-18,2013-12-23,504,-8.9744,-4.5927
2011-11-21,2013-12-24,504,-8.9813,-4.5963
2011-11-22,2013-12-25,504,-8.2995,-4.2396
2011-11-23,2013-12-26,504,-8.7758,-4.4886
2011-11-24,2013-12-27,504,-8.1651,-4.1695
2011-11-25,2013-12-30,504,-8.0993,-4.1351
2011-11-28,2014-01-02,504,-7.9983,-4.0825
2011-11-29,2014-01-03,504,-8.5791,-4.3857
2011-11-30,2014-01-06,504,-8.393,-4.2885
2011-12-01,2014-01-07,504,-9.1062,-4.6617
2011-12-02,2014-01-08,504,-9.1774,-4.6991
2011-12-05,2014-01-09,504,-9.1459,-4.6826
2011-12-06,2014-01-10,504,-8.924,-4.5663
2011-12-07,2014-01-13,504,-8.9351,-4.5721
2011-12-08,2014-01-14,504,-8.6786,-4.4378
2011-12-09,2014-01-15,504,-8.5012,-4.345
2011-12-12,2014-01-16,504,-8.0241,-4.0959
2011-12-13,2014-01-17,504,-7.4978,-3.8219
2011-12-14,2014-01-20,504,-7.0932,-3.6118
2011-12-15,2014-01-21,504,-5.5046,-2.7913
2011-12-16,2014-01-22,504,-5.9735,-3.0328
2011-12-19,2014-01-23,504,-5.9935,-3.0431
2011-12-20,2014-01-24,504,-5.3743,-2.7243
2011-12-21,2014-01-27,504,-5.4348,-2.7554
2011-12-22,2014-01-28,504,-5.3766,-2.7254
2011-12-23,2014-01-29,504,-5.3467,-2.7101
2011-12-26,2014-01-30,504,-5.1551,-2.6117
2011-12-27,2014-02-07,504,-4.4599,-2.2554
2011-12-28,2014-02-10,504,-3.5269,-1.7793
2011-12-29,2014-02-11,504,-2.7233,-1.371
2011-12-30,2014-02-12,504,-3.037,-1.5302
2012-01-04,2014-02-13,504,-3.2056,-1.6158
2012-01-05,2014-02-14,504,-2.727,-1.3729
2012-01-06,2014-02-17,504,-2.2498,-1.1313
2012-01-09,2014-02-18,504,-3.112,-1.5683
2012-01-10,2014-02-19,504,-3.702,-1.8685
2012-01-11,2014-02-20,504,-3.9718,-2.006
2012-01-12,2014-02-21,504,-4.2366,-2.1412
2012-01-13,2014-02-24,504,-4.0029,-2.0219
2012-01-16,2014-02-25,504,-4.1586,-2.1014
2012-01-17,2014-02-26,504,-5.0871,-2.5767
2012-01-18,2014-02-27,504,-4.9428,-2.5027
2012-01-19,2014-02-28,504,-5.2253,-2.6477
2012-01-20,2014-03-03,504,-4.8503,-2.4553
2012-01-30,2014-03-04,504,-5.3904,-2.7325
2012-01-31,2014-03-05,504,-5.76,-2.9227
2012-02-01,2014-03-06,504,-5.4709,-2.7739
2012-02-02,2014-03-07,504,-5.9651,-3.0284
2012-02-03,2014-03-10,504,-7.4547,-3.7996
2012-02-06,2014-03-11,504,-6.9468,-3.5359
2012-02-07,2014-03-12,504,-6.0455,-3.0699
2012-02-08,2014-03-13,504,-6.2377,-3.1691
2012-02-09,2014-03-14,504,-6.2185,-3.1591
2012-02-10,2014-03-17,504,-5.463,-2.7699
2012-02-13,2014-03-18,504,-5.6666,-2.8746
2012-02-14,2014-03-19,504,-5.672,-2.8774
2012-02-15,2014-03-20,504,-6.714,-3.4153
2012-02-16,2014-03-21,504,-5.9958,-3.0442
2012-02-17,2014-03-24,504,-6.0755,-3.0854
2012-02-20,2014-03-25,504,-6.2627,-3.182
2012-02-21,2014-03-26,504,-6.4309,-3.2689
2012-02-22,2014-03-27,504,-7.3364,-3.7381
2012-02-23,2014-03-28,504,-7.8298,-3.9947
2012-02-24,2014-03-31,504,-8.2317,-4.2043
2012-02-27,2014-04-01,504,-8.0326,-4.1004
2012-02-28,2014-04-02,504,-7.8845,-4.0232
2012-02-29,2014-04-03,504,-7.9337,-4.0488
2012-03-01,2014-04-04,504,-7.1544,-3.6436
2012-03-02,2014-04-08,504,-6.8273,-3.474
2012-03-05,2014-04-09,504,-6.5031,-3.3062
2012-03-06,2014-04-10,504,-5.6693,-2.876
2012-03-07,2014-04-11,504,-5.2732,-2.6723
2012-03-08,2014-04-14,504,-5.3836,-2.7291
2012-03-09,2014-04-15,504,-6.4692,-3.2887
2012-03-12,2014-04-16,504,-6.5917,-3.352
2012-03-13,2014-04-17,504,-6.9122,-3.518
2012-03-14,2014-04-18,504,-5.9964,-3.0445
2012-03-15,2014-04-21,504,-6.2315,-3.1659
2012-03-16,2014-04-22,504,-6.6033,-3.358
2012-03-19,2014-04-23,504,-6.8475,-3.4845
2012-03-20,2014-04-24,504,-6.4459,-3.2766
2012-03-21,2014-04-25,504,-6.6346,-3.3742
2012-03-22,2014-04-28,504,-6.7073,-3.4118
2012-03-23,2014-04-29,504,-6.3831,-3.2442
2012-03-26,2014-04-30,504,-6.45,-3.2787
2012-03-27,2014-05-05,504,-6.347,-3.2255
2012-03-28,2014-05-06,504,-5.3942,-2.7345
2012-03-29,2014-05-07,504,-5.3371,-2.7051
2012-03-30,2014-05-08,504,-5.8919,-2.9907
2012-04-05,2014-05-09,504,-6.0718,-3.0834
2012-04-06,2014-05-12,504,-5.6233,-2.8523
2012-04-09,2014-05-13,504,-5.496,-2.7868
2012-04-10,2014-05-14,504,-5.7641,-2.9248
2012-04-11,2014-05-15,504,-6.0963,-3.0961
2012-04-12,2014-05-16,504,-6.7198,-3.4183
2012-04-13,2014-05-19,504,-7.135,-3.6335
2012-04-16,2014-05-20,504,-6.8431,-3.4822
2012-04-17,2014-05-21,504,-6.3493,-3.2267
2012-04-18,2014-05-22,504,-6.9823,-3.5543
2012-04-19,2014-05-23,504,-6.6565,-3.3855
2012-04-20,2014-05-26,504,-6.7839,-3.4515
2012-04-23,2014-05-27,504,-6.7937,-3.4566
2012-04-24,2014-05-28,504,-7.006,-3.5666
2012-04-25,2014-05-29,504,-7.6699,-3.9114
2012-04-26,2014-05-30,504,-7.6681,-3.9105
2012-04-27,2014-06-03,504,-7.8457,-4.003
2012-05-02,2014-06-04,504,-8.5061,-4.3476
2012-05-03,2014-06-05,504,-8.2613,-4.2197
2012-05-04,2014-06-06,504,-8.2109,-4.1934
2012-05-07,2014-06-09,504,-8.3707,-4.2768
2012-05-08,2014-06-10,504,-7.9229,-4.0432
2012-05-09,2014-06-11,504,-6.8595,-3.4907
2012-05-10,2014-06-12,504,-7.054,-3.5915
2012-05-11,2014-06-13,504,-6.284,-3.193
2012-05-14,2014-06-16,504,-5.6158,-2.8485
2012-05-15,2014-06-17,504,-5.8248,-2.9561
2012-05-16,2014-06-18,504,-5.3854,-2.73
2012-05-17,2014-06-19,504,-6.2452,-3.173
2012-05-18,2014-06-20,504,-5.4038,-2.7394
2012-05-21,2014-06-23,504,-5.6033,-2.8421
2012-05-22,2014-06-24,504,-5.717,-2.9005
2012-05-23,2014-06-25,504,-5.4971,-2.7874
2012-05-24,2014-06-26,504,-5.2019,-2.6357
2012-05-25,2014-06-27,504,-4.8814,-2.4713
2012-05-28,2014-06-30,504,-5.3419,-2.7076
2012-05-29,2014-07-01,504,-5.3427,-2.708
2012-05-30,2014-07-02,504,-4.7049,-2.3808
2012-05-31,2014-07-03,504,-4.6971,-2.3768
2012-06-01,2014-07-04,504,-4.7472,-2.4025
2012-06-04,2014-07-07,504,-5.1103,-2.5886
2012-06-05,2014-07-08,504,-4.8372,-2.4486
2012-06-06,2014-07-09,504,-5.1416,-2.6047
2012-06-07,2014-07-10,504,-4.8167,-2.4381
2012-06-08,2014-07-11,504,-3.7677,-1.9019
2012-06-11,2014-07-14,504,-4.2816,-2.1642
2012-06-12,2014-07-15,504,-4.0958,-2.0693
2012-06-13,2014-07-16,504,-4.9916,-2.5277
2012-06-14,2014-07-17,504,-4.8263,-2.443
2012-06-15,2014-07-18,504,-4.8447,-2.4524
2012-06-18,2014-07-21,504,-4.9129,-2.4874
2012-06-19,2014-07-22,504,-4.5615,-2.3074
2012-06-20,2014-07-23,504,-4.451,-2.2508
2012-06-21,2014-07-24,504,-3.7246,-1.88
2012-06-25,2014-07-25,504,-2.8571,-1.4389
2012-06-26,2014-07-28,504,-2.1924,-1.1023
2012-06-27,2014-07-29,504,-1.6749,-0.841
2012-06-28,2014-07-30,504,-1.7378,-0.8727
2012-06-29,2014-07-31,504,-1.8094,-0.9088
2012-07-02,2014-08-01,504,-2.3904,-1.2024
2012-07-03,2014-08-04,504,-1.9819,-0.9959
2012-07-04,2014-08-05,504,-2.1767,-1.0943
2012-07-05,2014-08-06,504,-1.7793,-0.8937
2012-07-06,2014-08-07,504,-1.9298,-0.9696
2012-07-09,2014-08-08,504,-0.7437,-0.3725
2012-07-10,2014-08-11,504,-0.4769,-0.2387
2012-07-11,2014-08-12,504,-0.5516,-0.2762
2012-07-12,2014-08-13,504,-0.6519,-0.3265
2012-07-13,2014-08-14,504,-0.8961,-0.4491
2012-07-16,2014-08-15,504,-0.4983,-0.2495
2012-07-17,2014-08-18,504,-0.8212,-0.4114
2012-07-18,2014-08-19,504,-0.8505,-0.4261
2012-07-19,2014-08-20,504,-1.0988,-0.5509
2012-07-20,2014-08-21,504,-1.3827,-0.6938
2012-07-23,2014-08-22,504,-0.7322,-0.3668
2012-07-24,2014-08-25,504,-1.054,-0.5284
2012-07-25,2014-08-26,504,-0.9633,-0.4828
2012-07-26,2014-08-27,504,-1.2674,-0.6357
2012-07-27,2014-08-28,504,-1.7049,-0.8561
2012-07-30,2014-08-29,504,-1.1712,-0.5873
2012-07-31,2014-09-01,504,-1.0202,-0.5114
2012-08-01,2014-09-02,504,-1.0653,-0.5341
2012-08-02,2014-09-03,504,-0.6265,-0.3137
2012-08-03,2014-09-04,504,-0.5449,-0.2728
2012-08-06,2014-09-05,504,-0.8834,-0.4427
2012-08-07,2014-09-09,504,-1.0013,-0.5019
2012-08-08,2014-09-10,504,-1.077,-0.54
2012-08-09,2014-09-11,504,-1.5672,-0.7867
2012-08-10,2014-09-12,504,-1.4611,-0.7333
2012-08-13,2014-09-15,504,-0.9887,-0.4956
2012-08-14,2014-09-16,504,-1.4475,-0.7264
2012-08-15,2014-09-17,504,-0.8224,-0.412
2012-08-16,2014-09-18,504,-0.8931,-0.4476
2012-08-17,2014-09-19,504,-0.9588,-0.4806
2012-08-20,2014-09-22,504,-1.4786,-0.742
2012-08-21,2014-09-23,504,-1.3668,-0.6857
2012-08-22,2014-09-24,504,-0.8673,-0.4346
2012-08-23,2014-09-25,504,-1.564,-0.7851
2012-08-24,2014-09-26,504,-0.8535,-0.4277
2012-08-27,2014-09-29,504,-0.292,-0.1461
2012-08-28,2014-09-30,504,-0.34,-0.1701
2012-08-29,2014-10-08,504,-0.017,-0.0085
2012-08-30,2014-10-09,504,0.3079,0.1539
2012-08-31,2014-10-10,504,0.138,0.069
2012-09-03,2014-10-13,504,-0.2941,-0.1472
2012-09-04,2014-10-14,504,-0.1319,-0.066
2012-09-05,2014-10-15,504,0.0406,0.0203
2012-09-06,2014-10-16,504,-0.2924,-0.1463
2012-09-07,2014-10-17,504,-1.4497,-0.7275
2012-09-10,2014-10-20,504,-1.7322,-0.8699
2012-09-11,2014-10-21,504,-1.7012,-0.8542
2012-09-12,2014-10-22,504,-2.0059,-1.008
2012-09-13,2014-10-23,504,-2.1436,-1.0776
2012-09-14,2014-10-24,504,-2.9959,-1.5093
2012-09-17,2014-10-27,504,-2.4981,-1.257
2012-09-18,2014-10-28,504,-1.5706,-0.7884
2012-09-19,2014-10-29,504,-1.2961,-0.6501
2012-09-20,2014-10-30,504,-0.7913,-0.3964
2012-09-21,2014-10-31,504,-1.1609,-0.5821
2012-09-24,2014-11-03,504,-1.2221,-0.6129
2012-09-25,2014-11-04,504,-1.1769,-0.5902
2012-09-26,2014-11-05,504,-1.5015,-0.7536
2012-09-27,2014-11-06,504,-2.1046,-1.0579
2012-09-28,2014-11-07,504,-2.8226,-1.4214
2012-10-08,2014-11-10,504,-1.2544,-0.6292
2012-10-09,2014-11-11,504,-2.607,-1.3121
2012-10-10,2014-11-12,504,-1.7156,-0.8615
2012-10-11,2014-11-13,504,-1.7676,-0.8877
2012-10-12,2014-11-14,504,-2.1383,-1.0749
2012-10-15,2014-11-17,504,-1.0171,-0.5099
2012-10-16,2014-11-18,504,-1.091,-0.547
2012-10-17,2014-11-19,504,-1.2801,-0.6421
2012-10-18,2014-11-20,504,-1.8295,-0.919
2012-10-19,2014-11-21,504,-0.9858,-0.4941
2012-10-22,2014-11-24,504,-0.3638,-0.1821
2012-10-23,2014-11-25,504,0.5054,0.2524
2012-10-24,2014-11-26,504,0.8343,0.4163
2012-10-25,2014-11-27,504,1.0733,0.5352
2012-10-26,2014-11-28,504,1.7911,0.8916
2012-10-29,2014-12-01,504,1.2797,0.6378
2012-10-30,2014-12-02,504,2.9742,1.4762
2012-10-31,2014-12-03,504,3.0932,1.5348
2012-11-01,2014-12-04,504,3.5149,1.7423
2012-11-02,2014-12-05,504,3.2897,1.6315
2012-11-05,2014-12-08,504,4.2635,2.1095
2012-11-06,2014-12-09,504,3.3701,1.6711
2012-11-07,2014-12-10,504,4.9089,2.425
2012-11-08,2014-12-11,504,5.514,2.72
2012-11-09,2014-12-12,504,5.4776,2.7023
2012-11-12,2014-12-15,504,5.642,2.7823
2012-11-13,2014-12-16,504,6.3459,3.1241
2012-11-14,2014-12-17,504,6.3472,3.1248
2012-11-15,2014-12-18,504,6.9201,3.4022
2012-11-16,2014-12-19,504,7.9274,3.8881
2012-11-19,2014-12-22,504,7.8226,3.8376
2012-11-20,2014-12-23,504,6.6173,3.2557
2012-11-21,2014-12-24,504,5.8872,2.9015
2012-11-22,2014-12-25,504,6.7689,3.329
2012-11-23,2014-12-26,504,7.1406,3.5088
2012-11-26,2014-12-29,504,7.2607,3.5667
2012-11-27,2014-12-30,504,7.1363,3.5067
2012-11-28,2015-01-05,504,9.2903,4.542
2012-11-29,2015-01-06,504,10.2613,5.0054
2012-11-30,2015-01-07,504,9.8494,4.8091
2012-12-03,2015-01-08,504,9.6861,4.7311
2012-12-04,2015-01-09,504,9.533,4.658
2012-12-05,2015-01-12,504,8.1622,4.001
2012-12-06,2015-01-13,504,8.692,4.2554
2012-12-07,2015-01-14,504,7.7442,3.7999
2012-12-10,2015-01-15,504,8.0061,3.926
2012-12-11,2015-01-16,504,9.0653,4.4343
2012-12-12,2015-01-19,504,7.3067,3.589
2012-12-13,2015-01-20,504,8.4155,4.1228
2012-12-14,2015-01-21,504,8.4232,4.1265
2012-12-17,2015-01-22,504,8.1854,4.0122
2012-12-18,2015-01-23,504,8.07,3.9567
2012-12-19,2015-01-26,504,8.7848,4.3
2012-12-20,2015-01-27,504,8.5109,4.1686
2012-12-21,2015-01-28,504,8.8826,4.3468
2012-12-24,2015-01-29,504,8.1916,4.0152
2012-12-25,2015-01-30,504,6.6631,3.2778
2012-12-26,2015-02-02,504,6.4306,3.1652
2012-12-27,2015-02-03,504,7.0188,3.4499
2012-12-28,2015-02-04,504,5.9376,2.926
2013-01-04,2015-02-05,504,5.2818,2.6069
2013-01-07,2015-02-06,504,4.258,2.1068
2013-01-08,2015-02-09,504,3.9998,1.9803
2013-01-09,2015-02-10,504,4.3999,2.1763
2013-01-10,2015-02-11,504,4.3941,2.1734
2013-01-11,2015-02-12,504,4.4767,2.2139
2013-01-14,2015-02-13,504,4.047,2.0034
2013-01-15,2015-02-16,504,4.2456,2.1007
2013-01-16,2015-02-17,504,4.4425,2.1971
2013-01-17,2015-02-25,504,4.3258,2.14
2013-01-18,2015-02-26,504,4.3633,2.1583
2013-01-21,2015-02-27,504,4.1841,2.0706
2013-01-22,2015-03-02,504,4.7839,2.364
2013-01-23,2015-03-03,504,4.0605,2.01
2013-01-24,2015-03-04,504,4.5814,2.2651
2013-01-25,2015-03-05,504,4.4869,2.2188
2013-01-28,2015-03-06,504,3.5447,1.7569
2013-01-29,2015-03-09,504,3.181,1.578
2013-01-30,2015-03-10,504,2.8061,1.3933
2013-01-31,2015-03-11,504,2.7712,1.3762
2013-02-01,2015-03-12,504,2.6408,1.3118
2013-02-04,2015-03-13,504,2.5458,1.2649
2013-02-05,2015-03-16,504,3.0412,1.5092
2013-02-06,2015-03-17,504,3.3297,1.6512
2013-02-07,2015-03-18,504,4.1349,2.0465
2013-02-08,2015-03-19,504,4.8511,2.3968
2013-02-18,2015-03-20,504,5.9793,2.9463
2013-02-19,2015-03-23,504,7.1737,3.5247
2013-02-20,2015-03-24,504,7.487,3.6759
2013-02-21,2015-03-25,504,8.9819,4.3944
2013-02-22,2015-03-26,504,9.3607,4.5757
2013-02-25,2015-03-27,504,9.408,4.5983
2013-02-26,2015-03-30,504,10.1633,4.9587
2013-02-27,2015-03-31,504,9.0534,4.4286
2013-02-28,2015-04-01,504,9.0259,4.4155
2013-03-01,2015-04-02,504,10.4005,5.0717
2013-03-04,2015-04-03,504,12.296,5.9698
2013-03-05,2015-04-07,504,12.4169,6.0268
2013-03-06,2015-04-08,504,12.4782,6.0558
2013-03-07,2015-04-09,504,12.1769,5.9136
2013-03-08,2015-04-10,504,13.2719,6.4293
2013-03-11,2015-04-13,504,14.5029,7.006
2013-03-12,2015-04-14,504,14.9542,7.2167
2013-03-13,2015-04-15,504,14.1325,6.8328
2013-03-14,2015-04-16,504,15.1295,7.2984
2013-03-15,2015-04-17,504,15.192,7.3275
2013-03-18,2015-04-20,504,14.9452,7.2125
2013-03-19,2015-04-21,504,14.9261,7.2036
2013-03-20,2015-04-22,504,15.0859,7.2781
2013-03-21,2015-04-23,504,14.7783,7.1346
2013-03-22,2015-04-24,504,14.6154,7.0586
2013-03-25,2015-04-27,504,14.9247,7.203
2013-03-26,2015-04-28,504,15.4303,7.4385
2013-03-27,2015-04-29,504,15.8779,7.6466
2013-03-28,2015-04-30,504,16.802,8.075
2013-03-29,2015-05-04,504,16.918,8.1286
2013-04-01,2015-05-05,504,15.899,7.6564
2013-04-02,2015-05-06,504,15.4643,7.4543
2013-04-03,2015-05-07,504,15.2303,7.3454
2013-04-08,2015-05-08,504,16.0299,7.7172
2013-04-09,2015-05-11,504,16.9176,8.1284
2013-04-10,2015-05-12,504,17.3063,8.308
2013-04-11,2015-05-13,504,17.9544,8.6068
2013-04-12,2015-05-14,504,18.7635,8.9787
2013-04-15,2015-05-15,504,19.8872,9.493
2013-04-16,2015-05-18,504,22.2031,10.5455
2013-04-17,2015-05-19,504,23.2921,11.037
2013-04-18,2015-05-20,504,23.05,10.9279
2013-04-19,2015-05-21,504,22.4517,10.6579
2013-04-22,2015-05-22,504,23.0426,10.9245
2013-04-23,2015-05-25,504,24.845,11.7341
2013-04-24,2015-05-26,504,24.5155,11.5865
2013-04-25,2015-05-27,504,24.3437,11.5095
2013-04-26,2015-05-28,504,22.0129,10.4594
2013-05-02,2015-05-29,504,22.4707,10.6665
2013-05-03,2015-06-01,504,23.3418,11.0594
2013-05-06,2015-06-02,504,24.2175,11.4529
2013-05-07,2015-06-03,504,24.7787,11.7044
2013-05-08,2015-06-04,504,24.6958,11.6673
2013-05-09,2015-06-05,504,25.1619,11.8758
2013-05-10,2015-06-08,504,25.663,12.0995
2013-05-13,2015-06-09,504,26.2325,12.3532
2013-05-14,2015-06-10,504,26.5917,12.513
2013-05-15,2015-06-11,504,27.0857,12.7323
2013-05-16,2015-06-12,504,27.637,12.9765
2013-05-17,2015-06-15,504,27.1824,12.7752
2013-05-20,2015-06-16,504,26.033,12.2644
2013-05-21,2015-06-17,504,25.6666,12.1011
2013-05-22,2015-06-18,504,25.0442,11.8232
2013-05-23,2015-06-19,504,23.6786,11.2109
2013-05-24,2015-06-23,504,23.2815,11.0322
2013-05-27,2015-06-24,504,23.8964,11.3088
2013-05-28,2015-06-25,504,22.2827,10.5815
2013-05-29,2015-06-26,504,19.8039,9.455
2013-05-30,2015-06-29,504,18.4592,8.8389
2013-05-31,2015-06-30,504,19.852,9.4769
2013-06-03,2015-07-01,504,18.5802,8.8945
2013-06-04,2015-07-02,504,17.0076,8.1701
2013-06-05,2015-07-03,504,15.5107,7.4759
2013-06-06,2015-07-06,504,16.3265,7.8548
2013-06-07,2015-07-07,504,15.5855,7.5107
2013-06-13,2015-07-08,504,14.9476,7.2136
2013-06-14,2015-07-09,504,17.0296,8.1802
2013-06-17,2015-07-10,504,18.6434,8.9236
2013-06-18,2015-07-13,504,19.9164,9.5063
2013-06-19,2015-07-14,504,19.8729,9.4865
2013-06-20,2015-07-15,504,20.2927,9.678
2013-06-21,2015-07-16,504,20.9206,9.9639
2013-06-24,2015-07-17,504,24.6056,11.6269
2013-06-25,2015-07-20,504,23.9354,11.3263
2013-06-26,2015-07-21,504,24.9421,11.7775
2013-06-27,2015-07-22,504,24.7463,11.6899
2013-06-28,2015-07-23,504,25.544,12.0464
2013-07-01,2015-07-24,504,23.5835,11.1681
2013-07-02,2015-07-27,504,21.369,10.1676
2013-07-03,2015-07-28,504,21.3821,10.1735
2013-07-04,2015-07-29,504,22.2868,10.5834
2013-07-05,2015-07-30,504,21.3289,10.1494
2013-07-08,2015-07-31,504,22.6519,10.7483
2013-07-09,2015-08-03,504,22.2654,10.5737
2013-07-10,2015-08-04,504,22.4535,10.6587
2013-07-11,2015-08-05,504,19.5746,9.3502
2013-07-12,2015-08-06,504,20.3776,9.7167
2013-07-15,2015-08-07,504,20.7643,9.8928
2013-07-16,2015-08-10,504,22.1401,10.517
2013-07-17,2015-08-11,504,23.1903,10.9911
2013-07-18,2015-08-12,504,24.8752,11.7476
2013-07-19,2015-08-13,504,25.9273,12.2174
2013-07-22,2015-08-14,504,24.9353,11.7745
2013-07-23,2015-08-17,504,24.408,11.5383
2013-07-24,2015-08-18,504,22.231,10.5581
2013-07-25,2015-08-19,504,23.3393,11.0582
2013-07-26,2015-08-20,504,22.7138,10.7763
2013-07-29,2015-08-21,504,22.7089,10.774
2013-07-30,2015-08-24,504,19.9298,9.5125
2013-07-31,2015-08-25,504,17.6282,8.4565
2013-08-01,2015-08-26,504,16.6222,7.9918
2013-08-02,2015-08-27,504,18.1947,8.7174
2013-08-05,2015-08-28,504,18.6617,8.9319
2013-08-06,2015-08-31,504,18.6332,8.9189
2013-08-07,2015-09-01,504,18.6048,8.9058
2013-08-08,2015-09-02,504,18.526,8.8697
2013-08-09,2015-09-07,504,17.1022,8.2138
2013-08-12,2015-09-08,504,16.3161,7.8499
2013-08-13,2015-09-09,504,16.5948,7.9791
2013-08-14,2015-09-10,504,16.3397,7.8609
2013-08-15,2015-09-11,504,16.1874,7.7903
2013-08-16,2015-09-14,504,14.7735,7.1324
2013-08-19,2015-09-15,504,13.1702,6.3815
2013-08-20,2015-09-16,504,14.9239,7.2025
2013-08-21,2015-09-17,504,14.6385,7.0694
2013-08-22,2015-09-18,504,15.1794,7.3217
2013-08-23,2015-09-21,504,16.0524,7.7276
2013-08-26,2015-09-22,504,15.0704,7.2709
2013-08-27,2015-09-23,504,14.4171,6.9659
2013-08-28,2015-09-24,504,14.5701,7.0374
2013-08-29,2015-09-25,504,14.7558,7.1241
2013-08-30,2015-09-28,504,14.764,7.128
2013-09-02,2015-09-29,504,14.1108,6.8227
2013-09-03,2015-09-30,504,13.7203,6.6397
2013-09-04,2015-10-08,504,14.6456,7.0727
2013-09-05,2015-10-09,504,15.3078,7.3815
2013-09-06,2015-10-12,504,16.5244,7.9465
2013-09-09,2015-10-13,504,14.7028,7.0994
2013-09-10,2015-10-14,504,14.5916,7.0474
2013-09-11,2015-10-15,504,15.6101,7.5221
2013-09-12,2015-10-16,504,15.9399,7.6754
2013-09-13,2015-10-19,504,17.0839,8.2053
2013-09-16,2015-10-20,504,17.302,8.306
2013-09-17,2015-10-21,504,16.9316,8.1349
2013-09-18,2015-10-22,504,17.4893,8.3925
2013-09-23,2015-10-23,504,17.4649,8.3812
2013-09-24,2015-10-26,504,17.9205,8.5912
2013-09-25,2015-10-27,504,18.173,8.7074
2013-09-26,2015-10-28,504,18.364,8.7952
2013-09-27,2015-10-29,504,18.0824,8.6657
2013-09-30,2015-10-30,504,17.1485,8.2351
2013-10-08,2015-11-02,504,16.5599,7.9629
2013-10-09,2015-11-03,504,16.3453,7.8635
2013-10-10,2015-11-04,504,17.7992,8.5353
2013-10-11,2015-11-05,504,17.6921,8.486
2013-10-14,2015-11-06,504,18.5753,8.8923
2013-10-15,2015-11-09,504,18.7886,8.9902
2013-10-16,2015-11-10,504,18.9378,9.0586
2013-10-17,2015-11-11,504,19.7312,9.4218
2013-10-18,2015-11-12,504,18.3584,8.7927
2013-10-21,2015-11-13,504,17.5669,8.4283
2013-10-22,2015-11-16,504,18.713,8.9555
2013-10-23,2015-11-17,504,17.9702,8.6141
2013-10-24,2015-11-18,504,17.695,8.4873
2013-10-25,2015-11-19,504,18.6089,8.9077
2013-10-28,2015-11-20,504,18.8721,9.0285
2013-10-29,2015-11-23,504,18.0954,8.6717
2013-10-30,2015-11-24,504,17.9472,8.6035
2013-10-31,2015-11-25,504,19.1849,9.1718
2013-11-01,2015-11-26,504,18.7749,8.9839
2013-11-04,2015-11-27,504,17.4029,8.3526
2013-11-05,2015-11-30,504,17.2705,8.2915
2013-11-06,2015-12-01,504,18.3528,8.7901
2013-11-07,2015-12-02,504,18.5264,8.8698
2013-11-08,2015-12-03,504,19.0997,9.1328
2013-11-11,2015-12-04,504,19.3517,9.2482
2013-11-12,2015-12-07,504,20.0611,9.5724
2013-11-13,2015-12-08,504,20.1604,9.6177
2013-11-14,2015-12-09,504,20.2146,9.6424
2013-11-15,2015-12-10,504,19.4929,9.3128
2013-11-18,2015-12-11,504,18.1508,8.6972
2013-11-19,2015-12-14,504,19.4511,9.2937
2013-11-20,2015-12-15,504,18.9589,9.0683
2013-11-21,2015-12-16,504,19.6911,9.4034
2013-11-22,2015-12-17,504,20.4496,9.7495
2013-11-25,2015-12-18,504,20.7743,9.8974
2013-11-26,2015-12-21,504,21.4206,10.191
2013-11-27,2015-12-22,504,21.6544,10.297
2013-11-28,2015-12-23,504,21.378,10.1717
2013-11-29,2015-12-24,504,21.0411,10.0187
2013-12-02,2015-12-25,504,20.7943,9.9065
2013-12-03,2015-12-28,504,20.4211,9.7365
2013-12-04,2015-12-29,504,20.5697,9.8042
2013-12-05,2015-12-30,504,20.3163,9.6888
2013-12-06,2016-01-04,504,18.527,8.8701
2013-12-09,2016-01-05,504,18.8666,9.0259
2013-12-10,2016-01-06,504,19.2861,9.2182
2013-12-11,2016-01-07,504,18.4622,8.8403
2013-12-12,2016-01-08,504,19.2834,9.2169
2013-12-13,2016-01-11,504,18.7421,8.9688
2013-12-16,2016-01-12,504,18.4988,8.8571
2013-12-17,2016-01-13,504,17.6318,8.4582
2013-12-18,2016-01-14,504,18.6584,8.9304
2013-12-19,2016-01-15,504,18.0792,8.6643
2013-12-20,2016-01-18,504,19.4784,9.3062
2013-12-23,2016-01-19,504,19.9173,9.5068
2013-12-24,2016-01-20,504,19.7479,9.4294
2013-12-25,2016-01-21,504,18.9723,9.0744
2013-12-26,2016-01-22,504,19.7275,9.4201
2013-12-27,2016-01-25,504,19.2095,9.1831
2013-12-30,2016-01-26,504,18.519,8.8664
2014-01-02,2016-01-27,504,17.8441,8.556
2014-01-03,2016-01-28,504,17.4254,8.363
2014-01-06,2016-01-29,504,18.7468,8.971
2014-01-07,2016-02-01,504,18.67,8.9358
2014-01-08,2016-02-02,504,19.6754,9.3962
2014-01-09,2016-02-03,504,19.7087,9.4115
2014-01-10,2016-02-04,504,20.3163,9.6888
2014-01-13,2016-02-05,504,20.304,9.6832
2014-01-14,2016-02-15,504,21.0905,10.0411
2014-01-15,2016-02-16,504,21.6879,10.3122
2014-01-16,2016-02-17,504,22.1332,10.5139
2014-01-17,2016-02-18,504,22.2372,10.5609
2014-01-20,2016-02-19,504,22.6297,10.7383
2014-01-21,2016-02-22,504,22.5759,10.714
2014-01-22,2016-02-23,504,22.4646,10.6637
2014-01-23,2016-02-24,504,23.1208,10.9598
2014-01-24,2016-02-25,504,21.3182,10.1445
2014-01-27,2016-02-26,504,21.8014,10.3637
2014-01-28,2016-02-29,504,20.9443,9.9747
2014-01-29,2016-03-01,504,21.4899,10.2225
2014-01-30,2016-03-02,504,22.3689,10.6205
2014-02-07,2016-03-03,504,22.1807,10.5354
2014-02-10,2016-03-04,504,22.2194,10.5529
2014-02-11,2016-03-07,504,21.9907,10.4494
2014-02-12,2016-03-08,504,21.8338,10.3783
2014-02-13,2016-03-09,504,21.4023,10.1827
2014-02-14,2016-03-10,504,20.0552,9.5697
2014-02-17,2016-03-11,504,20.278,9.6713
2014-02-18,2016-03-14,504,20.723,9.874
2014-02-19,2016-03-15,504,19.9521,9.5227
2014-02-20,2016-03-16,504,20.4315,9.7413
2014-02-21,2016-03-17,504,20.592,9.8144
2014-02-24,2016-03-18,504,21.2717,10.1234
2014-02-25,2016-03-21,504,21.3456,10.157
2014-02-26,2016-03-22,504,21.0495,10.0225
2014-02-27,2016-03-23,504,20.8818,9.9463
2014-02-28,2016-03-24,504,19.76,9.4349
2014-03-03,2016-03-25,504,20.0858,9.5837
2014-03-04,2016-03-28,504,19.5942,9.3592
2014-03-05,2016-03-29,504,19.6167,9.3694
2014-03-06,2016-03-30,504,20.5964,9.8164
2014-03-07,2016-03-31,504,20.2052,9.6382
2014-03-10,2016-04-01,504,21.6362,10.2888
2014-03-11,2016-04-05,504,21.6135,10.2785
2014-03-12,2016-04-06,504,21.1458,10.0663
2014-03-13,2016-04-07,504,20.008,9.5482
2014-03-14,2016-04-08,504,20.1144,9.5967
2014-03-17,2016-04-11,504,20.4757,9.7614
2014-03-18,2016-04-12,504,20.6987,9.8629
2014-03-19,2016-04-13,504,21.1097,10.0499
2014-03-20,2016-04-14,504,21.4346,10.1974
2014-03-21,2016-04-15,504,20.8505,9.932
2014-03-24,2016-04-18,504,20.5898,9.8134
2014-03-25,2016-04-19,504,21.1314,10.0597
2014-03-26,2016-04-20,504,20.5839,9.8107
2014-03-27,2016-04-21,504,21.46,10.2089
2014-03-28,2016-04-22,504,21.5598,10.2541
2014-03-31,2016-04-25,504,21.4151,10.1885
2014-04-01,2016-04-26,504,21.2088,10.0949
2014-04-02,2016-04-27,504,21.8188,10.3716
2014-04-03,2016-04-28,504,21.4106,10.1865
2014-04-04,2016-04-29,504,21.9217,10.4182
2014-04-08,2016-05-03,504,22.6338,10.7401
2014-04-09,2016-05-04,504,22.2542,10.5686
2014-04-10,2016-05-05,504,21.6151,10.2792
2014-04-11,2016-05-06,504,21.1046,10.0475
2014-04-14,2016-05-09,504,20.1225,9.6004
2014-04-15,2016-05-10,504,20.9097,9.959
2014-04-16,2016-05-11,504,21.4383,10.1991
2014-04-17,2016-05-12,504,21.5449,10.2474
2014-04-18,2016-05-13,504,21.8061,10.3658
2014-04-21,2016-05-16,504,22.4342,10.65
2014-04-22,2016-05-17,504,21.986,10.4473
2014-04-23,2016-05-18,504,21.7909,10.3589
2014-04-24,2016-05-19,504,21.3367,10.1529
2014-04-25,2016-05-20,504,21.392,10.178
2014-04-28,2016-05-23,504,21.616,10.2796
2014-04-29,2016-05-24,504,21.0601,10.0273
2014-04-30,2016-05-25,504,20.3365,9.698
2014-05-05,2016-05-26,504,20.1532,9.6144
2014-05-06,2016-05-27,504,19.8604,9.4808
2014-05-07,2016-05-30,504,19.9071,9.5021
2014-05-08,2016-05-31,504,21.2663,10.121
2014-05-09,2016-06-01,504,21.5225,10.2372
2014-05-12,2016-06-02,504,21.2478,10.1126
2014-05-13,2016-06-03,504,21.2394,10.1088
2014-05-14,2016-06-06,504,21.5723,10.2598
2014-05-15,2016-06-07,504,21.8592,10.3899
2014-05-16,2016-06-08,504,22.141,10.5174
2014-05-19,2016-06-13,504,22.7751,10.8039
2014-05-20,2016-06-14,504,22.8673,10.8455
2014-05-21,2016-06-15,504,23.0308,10.9192
2014-05-22,2016-06-16,504,23.6124,11.1811
2014-05-23,2016-06-17,504,22.6826,10.7622
2014-05-26,2016-06-20,504,22.5706,10.7116
2014-05-27,2016-06-21,504,22.7211,10.7796
2014-05-28,2016-06-22,504,23.1582,10.9767
2014-05-29,2016-06-23,504,23.2279,11.008
2014-05-30,2016-06-24,504,24.4275,11.5471
2014-06-03,2016-06-27,504,25.3933,11.9791
2014-06-04,2016-06-28,504,25.5165,12.0341
2014-06-05,2016-06-29,504,25.6493,12.0934
2014-06-06,2016-06-30,504,25.2061,11.8955
2014-06-09,2016-07-01,504,25.9645,12.2339
2014-06-10,2016-07-04,504,26.7561,12.586
2014-06-11,2016-07-05,504,26.3001,12.3833
2014-06-12,2016-07-06,504,27.3021,12.8283
2014-06-13,2016-07-07,504,26.8825,12.6421
2014-06-16,2016-07-08,504,25.6783,12.1063
2014-06-17,2016-07-11,504,26.7254,12.5724
2014-06-18,2016-07-12,504,26.9933,12.6913
2014-06-19,2016-07-13,504,27.0248,12.7053
2014-06-20,2016-07-14,504,25.664,12.0999
2014-06-23,2016-07-15,504,25.6149,12.078
2014-06-24,2016-07-18,504,25.4042,11.984
2014-06-25,2016-07-19,504,25.5648,12.0557
2014-06-26,2016-07-20,504,24.9715,11.7907
2014-06-27,2016-07-21,504,24.4613,11.5622
2014-06-30,2016-07-22,504,24.4139,11.541
2014-07-01,2016-07-25,504,24.0325,11.3699
2014-07-02,2016-07-26,504,24.474,11.5679
2014-07-03,2016-07-27,504,23.8634,11.2939
2014-07-04,2016-07-28,504,24.8439,11.7336
2014-07-07,2016-07-29,504,24.8406,11.7321
2014-07-08,2016-08-01,504,24.5907,11.6202
2014-07-09,2016-08-02,504,24.9292,11.7717
2014-07-10,2016-08-03,504,25.1804,11.8841
2014-07-11,2016-08-04,504,24.4803,11.5708
2014-07-14,2016-08-05,504,25.1365,11.8644
2014-07-15,2016-08-08,504,24.6946,11.6668
2014-07-16,2016-08-09,504,25.2519,11.916
2014-07-17,2016-08-10,504,25.7589,12.1423
2014-07-18,2016-08-11,504,25.0412,11.8218
2014-07-21,2016-08-12,504,25.5884,12.0662
2014-07-22,2016-08-15,504,25.732,12.1303
2014-07-23,2016-08-16,504,25.8266,12.1724
2014-07-24,2016-08-17,504,25.9477,12.2264
2014-07-25,2016-08-18,504,25.796,12.1588
2014-07-28,2016-08-19,504,26.2183,12.3469
2014-07-29,2016-08-22,504,25.2832,11.93
2014-07-30,2016-08-23,504,25.6658,12.1008
2014-07-31,2016-08-24,504,25.2028,11.8941
2014-08-01,2016-08-25,504,25.2949,11.9352
2014-08-04,2016-08-26,504,24.3718,11.5221
2014-08-05,2016-08-29,504,24.352,11.5132
2014-08-06,2016-08-30,504,24.7973,11.7127
2014-08-07,2016-08-31,504,24.6358,11.6404
2014-08-08,2016-09-01,504,23.9426,11.3295
2014-08-11,2016-09-02,504,24.0007,11.3556
2014-08-12,2016-09-05,504,24.4611,11.5622
2014-08-13,2016-09-06,504,24.6812,11.6607
2014-08-14,2016-09-07,504,25.008,11.807
2014-08-15,2016-09-08,504,25.1597,11.8748
2014-08-18,2016-09-09,504,24.6144,11.6308
2014-08-19,2016-09-12,504,23.9599,11.3373
2014-08-20,2016-09-13,504,24.2882,11.4846
2014-08-21,2016-09-14,504,24.4643,11.5636
2014-08-22,2016-09-19,504,24.3883,11.5295
2014-08-25,2016-09-20,504,24.7959,11.7121
2014-08-26,2016-09-21,504,24.5907,11.6202
2014-08-27,2016-09-22,504,25.2376,11.9096
2014-08-28,2016-09-23,504,25.5057,12.0293
2014-08-29,2016-09-26,504,24.3976,11.5337
2014-09-01,2016-09-27,504,24.65,11.6468
2014-09-02,2016-09-28,504,24.227,11.4571
2014-09-03,2016-09-29,504,24.0928,11.397
2014-09-04,2016-09-30,504,23.9659,11.34
2014-09-05,2016-10-10,504,22.9364,10.8767
2014-09-09,2016-10-11,504,23.0701,10.937
2014-09-10,2016-10-12,504,23.062,10.9333
2014-09-11,2016-10-13,504,23.5352,11.1464
2014-09-12,2016-10-14,504,23.387,11.0797
2014-09-15,2016-10-17,504,23.5015,11.1312
2014-09-16,2016-10-18,504,24.3725,11.5224
2014-09-17,2016-10-19,504,24.24,11.463
2014-09-18,2016-10-20,504,24.5906,11.6201
2014-09-19,2016-10-21,504,24.8312,11.7279
2014-09-22,2016-10-24,504,25.6864,12.11
2014-09-23,2016-10-25,504,25.5146,12.0333
2014-09-24,2016-10-26,504,25.0833,11.8407
2014-09-25,2016-10-27,504,25.2763,11.9269
2014-09-26,2016-10-28,504,24.6701,11.6558
2014-09-29,2016-10-31,504,24.6418,11.6431
2014-09-30,2016-11-01,504,24.8925,11.7553
2014-10-08,2016-11-02,504,24.6581,11.6504
2014-10-09,2016-11-03,504,24.6156,11.6314
2014-10-10,2016-11-04,504,24.6905,11.6649
2014-10-13,2016-11-07,504,24.6594,11.651
2014-10-14,2016-11-08,504,24.9006,11.7589
2014-10-15,2016-11-09,504,25.8705,12.192
2014-10-16,2016-11-10,504,25.7713,12.1478
2014-10-17,2016-11-11,504,25.681,12.1076
2014-10-20,2016-11-14,504,24.2831,11.4823
2014-10-21,2016-11-15,504,24.8965,11.7571
2014-10-22,2016-11-16,504,24.901,11.7591
2014-10-23,2016-11-17,504,25.4929,12.0236
2014-10-24,2016-11-18,504,25.3389,11.9549
2014-10-27,2016-11-21,504,26.0249,12.2608
2014-10-28,2016-11-22,504,25.9081,12.2088
2014-10-29,2016-11-23,504,25.2915,11.9337
2014-10-30,2016-11-24,504,25.9352,12.2209
2014-10-31,2016-11-25,504,26.1635,12.3225
2014-11-03,2016-11-28,504,26.325,12.3944
2014-11-04,2016-11-29,504,26.2398,12.3565
2014-11-05,2016-11-30,504,26.4573,12.4532
2014-11-06,2016-12-01,504,26.2823,12.3754
2014-11-07,2016-12-02,504,26.0092,12.2538
2014-11-10,2016-12-05,504,23.8864,11.3042
2014-11-11,2016-12-06,504,24.9014,11.7593
2014-11-12,2016-12-07,504,23.9068,11.3134
2014-11-13,2016-12-08,504,24.5484,11.6013
2014-11-14,2016-12-09,504,25.1749,11.8816
2014-11-17,2016-12-12,504,23.2045,10.9975
2014-11-18,2016-12-13,504,23.3547,11.0652
2014-11-19,2016-12-14,504,24.093,11.397
2014-11-20,2016-12-15,504,22.993,10.9022
2014-11-21,2016-12-16,504,22.0691,10.4849
2014-11-24,2016-12-19,504,21.2947,10.1339
2014-11-25,2016-12-20,504,16.5123,7.9409
2014-11-26,2016-12-21,504,16.6052,7.9839
2014-11-27,2016-12-22,504,16.392,7.8851
2014-11-28,2016-12-23,504,16.1726,7.7834
2014-12-01,2016-12-26,504,17.3622,8.3338
2014-12-02,2016-12-27,504,15.4579,7.4513
2014-12-03,2016-12-28,504,15.1747,7.3195
2014-12-04,2016-12-29,504,14.3633,6.9408
2014-12-05,2016-12-30,504,15.1243,7.296
2014-12-08,2017-01-03,504,14.6961,7.0963
2014-12-09,2017-01-04,504,15.3289,7.3913
2014-12-10,2017-01-05,504,13.6285,6.5967
2014-12-11,2017-01-06,504,13.4049,6.4918
2014-12-12,2017-01-09,504,13.672,6.6171
2014-12-15,2017-01-10,504,13.5401,6.5552
2014-12-16,2017-01-11,504,13.584,6.5758
2014-12-17,2017-01-12,504,13.2929,6.4391
2014-12-18,2017-01-13,504,12.9231,6.2653
2014-12-19,2017-01-16,504,12.9242,6.2658
2014-12-22,2017-01-17,504,13.0228,6.3122
2014-12-23,2017-01-18,504,13.9423,6.7438
2014-12-24,2017-01-19,504,14.2293,6.8781
2014-12-25,2017-01-20,504,13.733,6.6457
2014-12-26,2017-01-23,504,13.5662,6.5675
2014-12-29,2017-01-24,504,13.5682,6.5684
2014-12-30,2017-01-25,504,13.4199,6.4988
2015-01-05,2017-01-26,504,13.1794,6.3858
2015-01-06,2017-02-03,504,12.938,6.2723
2015-01-07,2017-02-06,504,13.3213,6.4525
2015-01-08,2017-02-07,504,12.65,6.1367
2015-01-09,2017-02-08,504,12.9051,6.2568
2015-01-12,2017-02-09,504,13.2925,6.439
2015-01-13,2017-02-10,504,12.7443,6.1811
2015-01-14,2017-02-13,504,13.2824,6.4342
2015-01-15,2017-02-14,504,12.7698,6.1931
2015-01-16,2017-02-15,504,11.6811,5.6793
2015-01-19,2017-02-16,504,13.3305,6.4568
2015-01-20,2017-02-17,504,12.8252,6.2192
2015-01-21,2017-02-20,504,11.8491,5.7587
2015-01-22,2017-02-21,504,12.383,6.0108
2015-01-23,2017-02-22,504,12.0234,5.8411
2015-01-26,2017-02-23,504,11.7917,5.7316
2015-01-27,2017-02-24,504,12.2958,5.9697
2015-01-28,2017-02-27,504,12.3817,6.0102
2015-01-29,2017-02-28,504,12.3426,5.9918
2015-01-30,2017-03-01,504,13.0461,6.3232
2015-02-02,2017-03-02,504,13.1576,6.3756
2015-02-03,2017-03-03,504,12.2996,5.9715
2015-02-04,2017-03-06,504,12.9942,6.2987
2015-02-05,2017-03-07,504,13.3533,6.4675
2015-02-06,2017-03-08,504,13.4487,6.5123
2015-02-09,2017-03-09,504,13.7288,6.6437
2015-02-10,2017-03-10,504,13.2172,6.4036
2015-02-11,2017-03-13,504,13.7104,6.6351
2015-02-12,2017-03-14,504,13.7742,6.665
2015-02-13,2017-03-15,504,13.4141,6.496
2015-02-16,2017-03-16,504,13.7284,6.6435
2015-02-17,2017-03-17,504,13.2816,6.4338
2015-02-25,2017-03-20,504,14.3876,6.9522
2015-02-26,2017-03-21,504,13.7921,6.6734
2015-02-27,2017-03-22,504,13.8222,6.6875
2015-03-02,2017-03-23,504,14.9736,7.2257
2015-03-03,2017-03-24,504,14.0939,6.8148
2015-03-04,2017-03-27,504,14.0362,6.7878
2015-03-05,2017-03-28,504,14.2251,6.8762
2015-03-06,2017-03-29,504,14.2522,6.8888
2015-03-09,2017-03-30,504,15.723,7.5746
2015-03-10,2017-03-31,504,16.0002,7.7034
2015-03-11,2017-04-05,504,16.4747,7.9234
2015-03-12,2017-04-06,504,16.3153,7.8496
2015-03-13,2017-04-07,504,16.4287,7.9021
2015-03-16,2017-04-10,504,15.5303,7.485
2015-03-17,2017-04-11,504,15.3776,7.414
2015-03-18,2017-04-12,504,15.4121,7.43
2015-03-19,2017-04-13,504,15.0638,7.2678
2015-03-20,2017-04-14,504,14.6804,7.089
2015-03-23,2017-04-17,504,13.807,6.6804
2015-03-24,2017-04-18,504,13.3684,6.4746
2015-03-25,2017-04-19,504,13.3169,6.4504
2015-03-26,2017-04-20,504,13.0752,6.3368
2015-03-27,2017-04-21,504,13.1471,6.3706
2015-03-30,2017-04-24,504,11.3082,5.5027
2015-03-31,2017-04-25,504,11.9791,5.8202
2015-04-01,2017-04-26,504,7.6219,3.741
2015-04-02,2017-04-27,504,6.6079,3.2511
2015-04-03,2017-04-28,504,6.0992,3.0045
2015-04-07,2017-05-02,504,5.0587,2.4982
2015-04-08,2017-05-03,504,4.6869,2.3166
2015-04-09,2017-05-04,504,4.8883,2.415
2015-04-10,2017-05-05,504,4.0914,2.0252
2015-04-13,2017-05-08,504,3.084,1.5303
2015-04-14,2017-05-09,504,3.246,1.61
2015-04-15,2017-05-10,504,3.3882,1.68
2015-04-16,2017-05-11,504,2.8679,1.4238
2015-04-17,2017-05-12,504,3.0188,1.4982
2015-04-20,2017-05-15,504,3.5585,1.7637
2015-04-21,2017-05-16,504,3.826,1.895
2015-04-22,2017-05-17,504,3.0737,1.5252
2015-04-23,2017-05-18,504,3.5416,1.7554
2015-04-24,2017-05-19,504,3.6344,1.801
2015-04-27,2017-05-22,504,3.5665,1.7676
2015-04-28,2017-05-23,504,3.7472,1.8564
2015-04-29,2017-05-24,504,3.1122,1.5442
2015-04-30,2017-05-25,504,3.7212,1.8436
2015-05-04,2017-05-26,504,3.8548,1.9092
2015-05-05,2017-05-31,504,4.5522,2.2508
2015-05-06,2017-06-01,504,4.8448,2.3937
2015-05-07,2017-06-02,504,5.4026,2.6658
2015-05-08,2017-06-05,504,4.9039,2.4226
2015-05-11,2017-06-06,504,4.3964,2.1746
2015-05-12,2017-06-07,504,4.5068,2.2286
2015-05-13,2017-06-08,504,4.5005,2.2255
2015-05-14,2017-06-09,504,3.7017,1.8341
2015-05-15,2017-06-12,504,3.9479,1.9548
2015-05-18,2017-06-13,504,3.8424,1.9031
2015-05-19,2017-06-14,504,3.0232,1.5004
2015-05-20,2017-06-15,504,2.843,1.4115
2015-05-21,2017-06-16,504,1.8873,0.9393
2015-05-22,2017-06-19,504,2.9226,1.4508
2015-05-25,2017-06-20,504,2.0189,1.0044
2015-05-26,2017-06-21,504,1.8509,0.9212
2015-05-27,2017-06-22,504,2.1161,1.0525
2015-05-28,2017-06-23,504,4.0964,2.0277
2015-05-29,2017-06-26,504,4.4053,2.1789
2015-06-01,2017-06-27,504,2.7814,1.3811
2015-06-02,2017-06-28,504,1.9093,0.9501
2015-06-03,2017-06-29,504,1.8611,0.9263
2015-06-04,2017-06-30,504,1.7351,0.8638
2015-06-05,2017-07-03,504,1.3926,0.6939
2015-06-08,2017-07-04,504,0.7952,0.3968
2015-06-09,2017-07-05,504,0.9536,0.4756
2015-06-10,2017-07-06,504,0.8678,0.433
2015-06-11,2017-07-07,504,0.7027,0.3507
2015-06-12,2017-07-10,504,-0.7104,-0.3558
2015-06-15,2017-07-11,504,0.5031,0.2512
2015-06-16,2017-07-12,504,1.1099,0.5534
2015-06-17,2017-07-13,504,1.0513,0.5243
2015-06-18,2017-07-14,504,1.326,0.6608
2015-06-19,2017-07-17,504,2.8595,1.4197
2015-06-23,2017-07-18,504,2.8029,1.3918
2015-06-24,2017-07-19,504,2.5981,1.2907
2015-06-25,2017-07-20,504,4.0646,2.012
2015-06-26,2017-07-21,504,4.6455,2.2964
2015-06-29,2017-07-24,504,5.4901,2.7084
2015-06-30,2017-07-25,504,4.4385,2.1951
2015-07-01,2017-07-26,504,5.363,2.6465
2015-07-02,2017-07-27,504,7.0685,3.4739
2015-07-03,2017-07-28,504,8.7075,4.2629
2015-07-06,2017-07-31,504,8.6231,4.2224
2015-07-07,2017-08-01,504,9.6211,4.7001
2015-07-08,2017-08-02,504,11.496,5.5917
2015-07-09,2017-08-03,504,9.0097,4.4077
2015-07-10,2017-08-04,504,7.6426,3.751
2015-07-13,2017-08-07,504,6.5888,3.2419
2015-07-14,2017-08-08,504,7.0055,3.4434
2015-07-15,2017-08-09,504,8.2952,4.065
2015-07-16,2017-08-10,504,8.4898,4.1584
2015-07-17,2017-08-11,504,7.1983,3.5366
2015-07-20,2017-08-14,504,8.068,3.9557
2015-07-21,2017-08-15,504,8.2011,4.0198
2015-07-22,2017-08-16,504,8.2683,4.0521
2015-07-23,2017-08-17,504,8.1253,3.9833
2015-07-24,2017-08-18,504,8.944,4.3762
2015-07-27,2017-08-21,504,10.4173,5.0796
2015-07-28,2017-08-22,504,10.9308,5.3237
2015-07-29,2017-08-23,504,9.8714,4.8195
2015-07-30,2017-08-24,504,10.9295,5.3231
2015-07-31,2017-08-25,504,11.4183,5.5549
2015-08-03,2017-08-28,504,11.108,5.4078
2015-08-04,2017-08-29,504,10.8729,5.2962
2015-08-05,2017-08-30,504,10.8488,5.2848
2015-08-06,2017-08-31,504,10.8524,5.2865
2015-08-07,2017-09-01,504,10.2013,4.9768
2015-08-10,2017-09-04,504,9.3682,4.5793
2015-08-11,2017-09-05,504,8.592,4.2075
2015-08-12,2017-09-06,504,7.7059,3.7815
2015-08-13,2017-09-07,504,7.1464,3.5116
2015-08-14,2017-09-08,504,7.4294,3.6482
2015-08-17,2017-09-11,504,7.0301,3.4553
2015-08-18,2017-09-12,504,8.8176,4.3157
2015-08-19,2017-09-13,504,8.3883,4.1097
2015-08-20,2017-09-14,504,8.7084,4.2633
2015-08-21,2017-09-15,504,9.6913,4.7336
2015-08-24,2017-09-18,504,12.0382,5.8481
2015-08-25,2017-09-19,504,14.5277,7.0176
2015-08-26,2017-09-20,504,15.431,7.4388
2015-08-27,2017-09-21,504,13.9467,6.7458
2015-08-28,2017-09-22,504,12.4185,6.0276
2015-08-31,2017-09-25,504,12.7083,6.1642
2015-09-01,2017-09-26,504,13.7592,6.658
2015-09-02,2017-09-27,504,13.5293,6.5501
2015-09-07,2017-09-28,504,14.4271,6.9706
2015-09-08,2017-09-29,504,13.693,6.6269
2015-09-09,2017-10-09,504,13.0411,6.3208
2015-09-10,2017-10-10,504,13.9394,6.7424
2015-09-11,2017-10-11,504,13.9293,6.7377
2015-09-14,2017-10-12,504,15.392,7.4207
2015-09-15,2017-10-13,504,16.9023,8.1213
2015-09-16,2017-10-16,504,15.021,7.2478
2015-09-17,2017-10-17,504,15.2292,7.3448
2015-09-18,2017-10-18,504,14.884,7.1839
2015-09-21,2017-10-19,504,13.8723,6.7109
2015-09-22,2017-10-20,504,13.8626,6.7064
2015-09-23,2017-10-23,504,14.4479,6.9803
2015-09-24,2017-10-24,504,14.1727,6.8516
2015-09-25,2017-10-25,504,14.473,6.9921
2015-09-28,2017-10-26,504,14.5873,7.0455
2015-09-29,2017-10-27,504,15.3433,7.398
2015-09-30,2017-10-30,504,15.2769,7.3671
2015-10-08,2017-10-31,504,13.7124,6.636
2015-10-09,2017-11-01,504,13.2134,6.4018
2015-10-12,2017-11-02,504,11.7814,5.7267
2015-10-13,2017-11-03,504,11.7734,5.7229
2015-10-14,2017-11-06,504,11.9226,5.7935
2015-10-15,2017-11-07,504,11.303,5.5002
2015-10-16,2017-11-08,504,10.9315,5.324
2015-10-19,2017-11-09,504,11.0525,5.3814
2015-10-20,2017-11-10,504,11.4553,5.5724
2015-10-21,2017-11-13,504,12.8243,6.2188
2015-10-22,2017-11-14,504,12.1331,5.8929
2015-10-23,2017-11-15,504,11.3279,5.512
2015-10-26,2017-11-16,504,11.4423,5.5662
2015-10-27,2017-11-17,504,11.462,5.5756
2015-10-28,2017-11-20,504,12.0163,5.8378
2015-10-29,2017-11-21,504,12.4918,6.0622
2015-10-30,2017-11-22,504,13.0464,6.3233
2015-11-02,2017-11-23,504,12.9158,6.2618
2015-11-03,2017-11-24,504,13.203,6.3969
2015-11-04,2017-11-27,504,12.1706,5.9106
2015-11-05,2017-11-28,504,12.1565,5.9039
2015-11-06,2017-11-29,504,11.6018,5.6418
2015-11-09,2017-11-30,504,11.2784,5.4886
2015-11-10,2017-12-01,504,11.0019,5.3575
2015-11-11,2017-12-04,504,10.556,5.1456
2015-11-12,2017-12-05,504,10.9611,5.3381
2015-11-13,2017-12-06,504,11.0191,5.3656
2015-11-16,2017-12-07,504,9.731,4.7526
2015-11-17,2017-12-08,504,10.2511,5.0005
2015-11-18,2017-12-11,504,11.0735,5.3914
2015-11-19,2017-12-12,504,10.0975,4.9274
2015-11-20,2017-12-13,504,9.9479,4.856
2015-11-23,2017-12-14,504,10.5498,5.1427
2015-11-24,2017-12-15,504,10.2056,4.9788
2015-11-25,2017-12-18,504,9.6139,4.6967
2015-11-26,2017-12-19,504,10.3,5.0238
2015-11-27,2017-12-20,504,11.5714,5.6274
2015-11-30,2017-12-21,504,11.9645,5.8133
2015-12-01,2017-12-22,504,11.2333,5.4672
2015-12-02,2017-12-25,504,11.0936,5.401
2015-12-03,2017-12-26,504,11.3038,5.5006
2015-12-04,2017-12-27,504,11.237,5.469
2015-12-07,2017-12-28,504,10.5661,5.1504
2015-12-08,2017-12-29,504,11.6045,5.6431
2015-12-09,2018-01-02,504,12.0346,5.8464
2015-12-10,2018-01-03,504,12.2991,5.9713
2015-12-11,2018-01-04,504,12.4805,6.0568
2015-12-14,2018-01-05,504,12.053,5.8551
2015-12-15,2018-01-08,504,12.6441,6.1339
2015-12-16,2018-01-09,504,12.6488,6.1362
2015-12-17,2018-01-10,504,12.041,5.8494
2015-12-18,2018-01-11,504,12.308,5.9755
2015-12-21,2018-01-12,504,11.4139,5.5528
2015-12-22,2018-01-15,504,11.026,5.3689
2015-12-23,2018-01-16,504,11.5669,5.6252
2015-12-24,2018-01-17,504,11.7221,5.6987
2015-12-25,2018-01-18,504,11.6261,5.6532
2015-12-28,2018-01-19,504,12.2495,5.9479
2015-12-29,2018-01-22,504,12.2129,5.9306
2015-12-30,2018-01-23,504,12.626,6.1254
2016-01-04,2018-01-24,504,14.9781,7.2279
2016-01-05,2018-01-25,504,14.5726,7.0386
2016-01-06,2018-01-26,504,13.7764,6.666
2016-01-07,2018-01-29,504,14.6566,7.0778
2016-01-08,2018-01-30,504,13.3603,6.4708
2016-01-11,2018-01-31,504,14.9302,7.2055
2016-01-12,2018-02-01,504,14.9499,7.2147
2016-01-13,2018-02-02,504,16.112,7.7553
2016-01-14,2018-02-05,504,15.231,7.3457
2016-01-15,2018-02-06,504,15.8666,7.6414
2016-01-18,2018-02-07,504,14.6852,7.0912
2016-01-19,2018-02-08,504,13.4773,6.5257
2016-01-20,2018-02-09,504,12.7879,6.2016
2016-01-21,2018-02-12,504,13.6345,6.5995
2016-01-22,2018-02-13,504,13.88,6.7146
2016-01-25,2018-02-14,504,13.863,6.7066
2016-01-26,2018-02-22,504,15.7934,7.6073
2016-01-27,2018-02-23,504,16.0861,7.7433
2016-01-28,2018-02-26,504,17.4173,8.3593
2016-01-29,2018-02-27,504,15.9106,7.6618
2016-02-01,2018-02-28,504,15.6637,7.5471
2016-02-02,2018-03-01,504,14.9196,7.2006
2016-02-03,2018-03-02,504,14.9575,7.2183
2016-02-04,2018-03-05,504,14.3547,6.9368
2016-02-05,2018-03-06,504,14.5681,7.0365
2016-02-15,2018-03-07,504,13.6174,6.5914
2016-02-16,2018-03-08,504,13.2546,6.4211
2016-02-17,2018-03-09,504,12.6829,6.1522
2016-02-18,2018-03-12,504,12.7545,6.1859
2016-02-19,2018-03-13,504,12.2098,5.9291
2016-02-22,2018-03-14,504,11.6712,5.6746
2016-02-23,2018-03-15,504,11.8775,5.7722
2016-02-24,2018-03-16,504,11.0994,5.4037
2016-02-25,2018-03-19,504,12.4795,6.0563
2016-02-26,2018-03-20,504,12.2246,5.9361
2016-02-29,2018-03-21,504,13.2367,6.4127
2016-03-01,2018-03-22,504,12.2526,5.9493
2016-03-02,2018-03-23,504,10.7422,5.2341
2016-03-03,2018-03-26,504,10.2234,4.9873
2016-03-04,2018-03-27,504,9.8772,4.8223
2016-03-07,2018-03-28,504,9.03,4.4175
2016-03-08,2018-03-29,504,9.0852,4.4439
2016-03-09,2018-03-30,504,9.8566,4.8125
2016-03-10,2018-04-02,504,10.3843,5.064
2016-03-11,2018-04-03,504,9.9419,4.8532
2016-03-14,2018-04-04,504,9.6925,4.7342
2016-03-15,2018-04-09,504,9.9971,4.8795
2016-03-16,2018-04-10,504,10.2037,4.978
2016-03-17,2018-04-11,504,9.7511,4.7622
2016-03-18,2018-04-12,504,9.146,4.4729
2016-03-21,2018-04-13,504,8.7522,4.2843
2016-03-22,2018-04-16,504,8.3694,4.1006
2016-03-23,2018-04-17,504,8.4459,4.1374
2016-03-24,2018-04-18,504,9.283,4.5385
2016-03-25,2018-04-19,504,9.2699,4.5322
2016-03-28,2018-04-20,504,8.9955,4.4009
2016-03-29,2018-04-23,504,9.1109,4.4562
2016-03-30,2018-04-24,504,8.586,4.2046
2016-03-31,2018-04-25,504,8.7191,4.2684
2016-04-01,2018-04-26,504,8.2234,4.0305
2016-04-05,2018-04-27,504,7.8304,3.8414
2016-04-06,2018-05-02,504,7.808,3.8306
2016-04-07,2018-05-03,504,8.8119,4.313
2016-04-08,2018-05-04,504,8.7848,4.2999
2016-04-11,2018-05-07,504,8.5521,4.1883
2016-04-12,2018-05-08,504,8.7305,4.2739
2016-04-13,2018-05-09,504,8.4286,4.1291
2016-04-14,2018-05-10,504,8.7808,4.2981
2016-04-15,2018-05-11,504,8.8449,4.3287
2016-04-18,2018-05-14,504,9.235,4.5155
2016-04-19,2018-05-15,504,8.8764,4.3438
2016-04-20,2018-05-16,504,9.0411,4.4227
2016-04-21,2018-05-17,504,8.5994,4.2111
2016-04-22,2018-05-18,504,9.0933,4.4477
2016-04-25,2018-05-21,504,9.3177,4.5551
2016-04-26,2018-05-22,504,9.2268,4.5116
2016-04-27,2018-05-23,504,8.7591,4.2876
2016-04-28,2018-05-24,504,8.721,4.2694
2016-04-29,2018-05-25,504,8.4136,4.1219
2016-05-03,2018-05-28,504,7.3768,3.6228
2016-05-04,2018-05-29,504,7.5619,3.712
2016-05-05,2018-05-30,504,7.1983,3.5366
2016-05-06,2018-05-31,504,8.5127,4.1694
2016-05-09,2018-06-01,504,9.0476,4.4259
2016-05-10,2018-06-04,504,9.2355,4.5158
2016-05-11,2018-06-05,504,9.0015,4.4038
2016-05-12,2018-06-06,504,9.0906,4.4465
2016-05-13,2018-06-07,504,8.7666,4.2912
2016-05-16,2018-06-08,504,8.0344,3.9396
2016-05-17,2018-06-11,504,8.378,4.1047
2016-05-18,2018-06-12,504,9.0526,4.4283
2016-05-19,2018-06-13,504,9.2708,4.5327
2016-05-20,2018-06-14,504,9.1512,4.4754
2016-05-23,2018-06-15,504,8.9843,4.3955
2016-05-24,2018-06-19,504,8.2177,4.0277
2016-05-25,2018-06-20,504,8.6159,4.219
2016-05-26,2018-06-21,504,8.1512,3.9958
2016-05-27,2018-06-22,504,8.3974,4.1141
2016-05-30,2018-06-25,504,8.5429,4.1839
2016-05-31,2018-06-26,504,7.2024,3.5386
2016-06-01,2018-06-27,504,6.9185,3.4014
2016-06-02,2018-06-28,504,6.4461,3.1727
2016-06-03,2018-06-29,504,6.9791,3.4307
2016-06-06,2018-07-02,504,5.8373,2.8773
2016-06-07,2018-07-03,504,5.8673,2.8919
2016-06-08,2018-07-04,504,5.7392,2.8296
2016-06-13,2018-07-05,504,5.6269,2.775
2016-06-14,2018-07-06,504,5.7428,2.8313
2016-06-15,2018-07-09,504,5.6841,2.8028
2016-06-16,2018-07-10,504,5.3821,2.6558
2016-06-17,2018-07-11,504,5.4626,2.695
2016-06-20,2018-07-12,504,5.7372,2.8286
2016-06-21,2018-07-13,504,5.8787,2.8974
2016-06-22,2018-07-16,504,5.861,2.8888
2016-06-23,2018-07-17,504,5.8316,2.8745
2016-06-24,2018-07-18,504,4.9006,2.421
2016-06-27,2018-07-19,504,4.4016,2.1771
2016-06-28,2018-07-20,504,4.7954,2.3696
2016-06-29,2018-07-23,504,4.9767,2.4581
2016-06-30,2018-07-24,504,5.3759,2.6528
2016-07-01,2018-07-25,504,4.9572,2.4486
2016-07-04,2018-07-26,504,4.0093,1.9849
2016-07-05,2018-07-27,504,3.9385,1.9502
2016-07-06,2018-07-30,504,3.395,1.6834
2016-07-07,2018-07-31,504,3.6393,1.8034
2016-07-08,2018-08-01,504,3.6328,1.8002
2016-07-11,2018-08-02,504,2.8512,1.4156
2016-07-12,2018-08-03,504,1.9973,0.9937
2016-07-13,2018-08-06,504,1.8589,0.9252
2016-07-14,2018-08-07,504,2.6751,1.3287
2016-07-15,2018-08-08,504,2.2566,1.122
2016-07-18,2018-08-09,504,2.677,1.3297
2016-07-19,2018-08-10,504,2.7083,1.3451
2016-07-20,2018-08-13,504,2.8266,1.4034
2016-07-21,2018-08-14,504,2.6694,1.3259
2016-07-22,2018-08-15,504,2.3553,1.1708
2016-07-25,2018-08-16,504,1.9189,0.9549
2016-07-26,2018-08-17,504,1.2259,0.6111
2016-07-27,2018-08-20,504,2.0061,0.9981
2016-07-28,2018-08-21,504,1.6951,0.844
2016-07-29,2018-08-22,504,1.715,0.8538
2016-08-01,2018-08-23,504,1.8329,0.9123
2016-08-02,2018-08-24,504,1.6731,0.8331
2016-08-03,2018-08-27,504,2.058,1.0238
2016-08-04,2018-08-28,504,2.2902,1.1386
2016-08-05,2018-08-29,504,1.7304,0.8615
2016-08-08,2018-08-30,504,1.8858,0.9385
2016-08-09,2018-08-31,504,1.6607,0.8269
2016-08-10,2018-09-03,504,1.2772,0.6366
2016-08-11,2018-09-04,504,1.6994,0.8461
2016-08-12,2018-09-05,504,0.8648,0.4315
2016-08-15,2018-09-06,504,0.1461,0.073
2016-08-16,2018-09-07,504,0.2952,0.1475
2016-08-17,2018-09-10,504,0.1269,0.0634
2016-08-18,2018-09-11,504,0.0677,0.0339
2016-08-19,2018-09-12,504,-0.0212,-0.0106
2016-08-22,2018-09-13,504,0.6657,0.3323
2016-08-23,2018-09-14,504,0.7035,0.3511
2016-08-24,2018-09-17,504,0.4489,0.2242
2016-08-25,2018-09-18,504,1.1474,0.5721
2016-08-26,2018-09-19,504,1.5205,0.7574
2016-08-29,2018-09-20,504,1.6125,0.803
2016-08-30,2018-09-21,504,2.1527,1.0706
2016-08-31,2018-09-25,504,1.8574,0.9244
2016-09-01,2018-09-26,504,2.3343,1.1604
2016-09-02,2018-09-27,504,2.0864,1.0378
2016-09-05,2018-09-28,504,1.6857,0.8393
2016-09-06,2018-10-08,504,1.0053,0.5014
2016-09-07,2018-10-09,504,0.5478,0.2735
2016-09-08,2018-10-10,504,0.5778,0.2885
2016-09-09,2018-10-11,504,0.05,0.025
2016-09-12,2018-10-12,504,1.1802,0.5884
2016-09-13,2018-10-15,504,0.9717,0.4847
2016-09-14,2018-10-16,504,1.136,0.5664
2016-09-19,2018-10-17,504,1.0732,0.5351
2016-09-20,2018-10-18,504,0.6227,0.3109
2016-09-21,2018-10-19,504,1.2387,0.6175
2016-09-22,2018-10-22,504,1.6132,0.8034
2016-09-23,2018-10-23,504,1.2998,0.6478
2016-09-26,2018-10-24,504,1.733,0.8628
2016-09-27,2018-10-25,504,1.7833,0.8877
2016-09-28,2018-10-26,504,2.007,0.9985
2016-09-29,2018-10-29,504,1.4128,0.7039
2016-09-30,2018-10-30,504,1.4385,0.7167
2016-10-10,2018-10-31,504,2.0961,1.0426
2016-10-11,2018-11-01,504,2.1168,1.0528
2016-10-12,2018-11-02,504,2.7913,1.386
2016-10-13,2018-11-05,504,2.5846,1.2841
2016-10-14,2018-11-06,504,2.6292,1.3061
2016-10-17,2018-11-07,504,2.6989,1.3405
2016-10-18,2018-11-08,504,2.5163,1.2503
2016-10-19,2018-11-09,504,2.2704,1.1288
2016-10-20,2018-11-12,504,2.1876,1.0879
2016-10-21,2018-11-13,504,2.2318,1.1098
2016-10-24,2018-11-14,504,1.7486,0.8705
2016-10-25,2018-11-15,504,1.9134,0.9522
2016-10-26,2018-11-16,504,2.1742,1.0813
2016-10-27,2018-11-19,504,2.5941,1.2887
2016-10-28,2018-11-20,504,2.3419,1.1642
2016-10-31,2018-11-21,504,2.2643,1.1258
2016-11-01,2018-11-22,504,2.0306,1.0102
2016-11-02,2018-11-23,504,1.5582,0.7761
2016-11-03,2018-11-26,504,1.2914,0.6437
2016-11-04,2018-11-27,504,1.392,0.6936
2016-11-07,2018-11-28,504,1.4918,0.7431
2016-11-08,2018-11-29,504,1.3822,0.6887
2016-11-09,2018-11-30,504,0.8169,0.4076
2016-11-10,2018-12-03,504,1.3727,0.684
2016-11-11,2018-12-04,504,1.6913,0.8421
2016-11-14,2018-12-05,504,2.448,1.2166
2016-11-15,2018-12-06,504,1.8994,0.9452
2016-11-16,2018-12-07,504,1.9702,0.9803
2016-11-17,2018-12-10,504,1.9734,0.9819
2016-11-18,2018-12-11,504,2.371,1.1786
2016-11-21,2018-12-12,504,1.9882,0.9892
2016-11-22,2018-12-13,504,2.0005,0.9953
2016-11-23,2018-12-14,504,1.5209,0.7576
2016-11-24,2018-12-17,504,1.7702,0.8812
2016-11-25,2018-12-18,504,1.7739,0.8831
2016-11-28,2018-12-19,504,1.3297,0.6627
2016-11-29,2018-12-20,504,1.2693,0.6327
2016-11-30,2018-12-21,504,1.8002,0.8961
2016-12-01,2018-12-24,504,1.9367,0.9637
2016-12-02,2018-12-25,504,2.26,1.1237
2016-12-05,2018-12-26,504,2.6933,1.3377
2016-12-06,2018-12-27,504,2.5776,1.2806
2016-12-07,2018-12-28,504,2.715,1.3484
2016-12-08,2019-01-02,504,2.2601,1.1237
2016-12-09,2019-01-03,504,2.0695,1.0294
2016-12-12,2019-01-04,504,3.3374,1.655
2016-12-13,2019-01-07,504,3.5454,1.7572
2016-12-14,2019-01-08,504,3.5245,1.747
2016-12-15,2019-01-09,504,4.2047,2.0807
2016-12-16,2019-01-10,504,4.2498,2.1028
2016-12-19,2019-01-11,504,4.0827,2.021
2016-12-20,2019-01-14,504,4.3518,2.1527
2016-12-21,2019-01-15,504,4.3254,2.1398
2016-12-22,2019-01-16,504,4.4947,2.2226
2016-12-23,2019-01-17,504,4.7365,2.3409
2016-12-26,2019-01-18,504,4.8374,2.3902
2016-12-27,2019-01-21,504,4.5657,2.2574
2016-12-28,2019-01-22,504,4.2961,2.1255
2016-12-29,2019-01-23,504,4.3398,2.1469
2016-12-30,2019-01-24,504,4.0354,1.9977
2017-01-03,2019-01-25,504,4.0204,1.9904
2017-01-04,2019-01-28,504,4.0924,2.0257
2017-01-05,2019-01-29,504,4.3055,2.1301
2017-01-06,2019-01-30,504,4.4094,2.1809
2017-01-09,2019-01-31,504,4.2638,2.1097
2017-01-10,2019-02-01,504,4.6623,2.3046
2017-01-11,2019-02-11,504,5.242,2.5875
2017-01-12,2019-02-12,504,5.6445,2.7835
2017-01-13,2019-02-13,504,6.0278,2.9698
2017-01-16,2019-02-14,504,5.7903,2.8544
2017-01-17,2019-02-15,504,5.3632,2.6466
2017-01-18,2019-02-18,504,6.0861,2.9981
2017-01-19,2019-02-19,504,6.4175,3.1588
2017-01-20,2019-02-20,504,6.2892,3.0966
2017-01-23,2019-02-21,504,5.7746,2.8468
2017-01-24,2019-02-22,504,5.9223,2.9186
2017-01-25,2019-02-25,504,7.3631,3.6162
2017-01-26,2019-02-26,504,7.3647,3.6169
2017-02-03,2019-02-27,504,7.066,3.4727
2017-02-06,2019-02-28,504,6.5418,3.2191
2017-02-07,2019-03-01,504,6.6444,3.2688
2017-02-08,2019-03-04,504,6.5253,3.2111
2017-02-09,2019-03-05,504,6.5305,3.2136
2017-02-10,2019-03-06,504,7.1333,3.5052
2017-02-13,2019-03-07,504,6.6452,3.2692
2017-02-14,2019-03-08,504,5.6996,2.8103
2017-02-15,2019-03-11,504,6.5477,3.222
2017-02-16,2019-03-12,504,6.4603,3.1796
2017-02-17,2019-03-13,504,6.4078,3.1542
2017-02-20,2019-03-14,504,5.4861,2.7064
2017-02-21,2019-03-15,504,5.8995,2.9075
2017-02-22,2019-03-18,504,6.6569,3.2748
2017-02-23,2019-03-19,504,6.6529,3.2729
2017-02-24,2019-03-20,504,6.3881,3.1446
2017-02-27,2019-03-21,504,6.863,3.3746
2017-02-28,2019-03-22,504,6.9248,3.4044
2017-03-01,2019-03-25,504,6.7533,3.3215
2017-03-02,2019-03-26,504,6.423,3.1615
2017-03-03,2019-03-27,504,7.0486,3.4643
2017-03-06,2019-03-28,504,6.5125,3.2049
2017-03-07,2019-03-29,504,6.9764,3.4294
2017-03-08,2019-04-01,504,8.1655,4.0027
2017-03-09,2019-04-02,504,8.5572,4.1908
2017-03-10,2019-04-03,504,9.2736,4.534
2017-03-13,2019-04-04,504,9.1972,4.4975
2017-03-14,2019-04-08,504,9.7787,4.7753
2017-03-15,2019-04-09,504,9.6521,4.7149
2017-03-16,2019-04-10,504,9.302,4.5476
2017-03-17,2019-04-11,504,9.239,4.5175
2017-03-20,2019-04-12,504,8.5499,4.1873
2017-03-21,2019-04-15,504,7.879,3.8648
2017-03-22,2019-04-16,504,8.2667,4.0513
2017-03-23,2019-04-17,504,8.2182,4.028
2017-03-24,2019-04-18,504,7.4588,3.6623
2017-03-27,2019-04-19,504,7.5426,3.7027
2017-03-28,2019-04-22,504,7.1054,3.4917
2017-03-29,2019-04-23,504,6.8435,3.3651
2017-03-30,2019-04-24,504,7.311,3.591
2017-03-31,2019-04-25,504,6.5537,3.2248
2017-04-05,2019-04-26,504,5.5942,2.759
2017-04-06,2019-04-29,504,5.2473,2.5901
2017-04-07,2019-04-30,504,5.4368,2.6824
2017-04-10,2019-05-06,504,4.2462,2.101
2017-04-11,2019-05-07,504,4.441,2.1964
2017-04-12,2019-05-08,504,3.8662,1.9148
2017-04-13,2019-05-09,504,3.1173,1.5467
2017-04-14,2019-05-10,504,4.202,2.0794
2017-04-17,2019-05-13,504,4.2847,2.1199
2017-04-18,2019-05-14,504,4.5549,2.2521
2017-04-19,2019-05-15,504,5.0857,2.5113
2017-04-20,2019-05-16,504,5.2108,2.5723
2017-04-21,2019-05-17,504,4.3943,2.1735
2017-04-24,2019-05-20,504,4.4866,2.2187
2017-04-25,2019-05-21,504,4.8915,2.4165
2017-04-26,2019-05-22,504,4.7716,2.358
2017-04-27,2019-05-23,504,4.4649,2.2081
2017-04-28,2019-05-24,504,4.7288,2.3371
2017-05-02,2019-05-27,504,5.1593,2.5472
2017-05-03,2019-05-28,504,5.6412,2.7819
2017-05-04,2019-05-29,504,5.9392,2.9268
2017-05-05,2019-05-30,504,6.0012,2.9569
2017-05-08,2019-05-31,504,6.5655,3.2306
2017-05-09,2019-06-03,504,6.5693,3.2324
2017-05-10,2019-06-04,504,6.9566,3.4198
2017-05-11,2019-06-05,504,6.8086,3.3482
2017-05-12,2019-06-06,504,6.1497,3.029
2017-05-15,2019-06-10,504,6.0278,2.9698
2017-05-16,2019-06-11,504,6.3199,3.1116
2017-05-17,2019-06-12,504,6.2894,3.0968
2017-05-18,2019-06-13,504,6.1736,3.0406
2017-05-19,2019-06-14,504,6.2098,3.0582
2017-05-22,2019-06-17,504,5.9115,2.9133
2017-05-23,2019-06-18,504,5.8135,2.8657
2017-05-24,2019-06-19,504,6.0558,2.9834
2017-05-25,2019-06-20,504,6.6123,3.2532
2017-05-26,2019-06-21,504,6.7935,3.3409
2017-05-31,2019-06-24,504,7.195,3.535
2017-06-01,2019-06-25,504,7.3953,3.6317
2017-06-02,2019-06-26,504,6.99,3.436
2017-06-05,2019-06-27,504,6.8824,3.384
2017-06-06,2019-06-28,504,6.472,3.1853
2017-06-07,2019-07-01,504,5.9057,2.9105
2017-06-08,2019-07-02,504,6.1587,3.0333
2017-06-09,2019-07-03,504,7.0667,3.4731
2017-06-12,2019-07-04,504,6.7665,3.3279
2017-06-13,2019-07-05,504,6.8064,3.3472
2017-06-14,2019-07-08,504,6.2556,3.0803
2017-06-15,2019-07-09,504,6.3933,3.1471
2017-06-16,2019-07-10,504,6.3621,3.132
2017-06-19,2019-07-11,504,6.6663,3.2794
2017-06-20,2019-07-12,504,6.6489,3.271
2017-06-21,2019-07-15,504,6.5918,3.2433
2017-06-22,2019-07-16,504,6.4275,3.1637
2017-06-23,2019-07-17,504,5.9481,2.9311
2017-06-26,2019-07-18,504,5.4802,2.7035
2017-06-27,2019-07-19,504,6.0609,2.9859
2017-06-28,2019-07-22,504,5.7016,2.8113
2017-06-29,2019-07-23,504,5.6359,2.7793
2017-06-30,2019-07-24,504,6.1129,3.0111
2017-07-03,2019-07-25,504,6.3898,3.1454
2017-07-04,2019-07-26,504,6.7718,3.3304
2017-07-05,2019-07-29,504,6.6139,3.254
2017-07-06,2019-07-30,504,6.8378,3.3624
2017-07-07,2019-07-31,504,6.7259,3.3082
2017-07-10,2019-08-01,504,6.4422,3.1708
2017-07-11,2019-08-02,504,6.408,3.1543
2017-07-12,2019-08-05,504,6.8149,3.3513
2017-07-13,2019-08-06,504,6.312,3.1077
2017-07-14,2019-08-07,504,6.7172,3.304
2017-07-17,2019-08-08,504,7.2451,3.5592
2017-07-18,2019-08-09,504,7.0578,3.4688
2017-07-19,2019-08-12,504,6.9086,3.3966
2017-07-20,2019-08-13,504,7.1213,3.4994
2017-07-21,2019-08-14,504,6.3247,3.1139
2017-07-24,2019-08-15,504,6.5166,3.2069
2017-07-25,2019-08-16,504,6.6831,3.2875
2017-07-26,2019-08-19,504,7.4725,3.669
2017-07-27,2019-08-20,504,7.0365,3.4585
2017-07-28,2019-08-21,504,6.9661,3.4244
2017-07-31,2019-08-22,504,6.8558,3.3711
2017-08-01,2019-08-23,504,6.7322,3.3113
2017-08-02,2019-08-26,504,7.5687,3.7153
2017-08-03,2019-08-27,504,8.292,4.0634
2017-08-04,2019-08-28,504,8.3108,4.0725
2017-08-07,2019-08-29,504,8.5707,4.1973
2017-08-08,2019-08-30,504,7.9609,3.9042
2017-08-09,2019-09-02,504,8.1369,3.9889
2017-08-10,2019-09-03,504,8.2081,4.0231
2017-08-11,2019-09-04,504,9.0626,4.433
2017-08-14,2019-09-05,504,9.1612,4.4802
2017-08-15,2019-09-06,504,8.3712,4.1015
2017-08-16,2019-09-09,504,8.8545,4.3334
2017-08-17,2019-09-10,504,7.8108,3.832
2017-08-18,2019-09-11,504,7.6824,3.7701
2017-08-21,2019-09-12,504,7.844,3.848
2017-08-22,2019-09-16,504,7.9057,3.8777
2017-08-23,2019-09-17,504,7.3275,3.599
2017-08-24,2019-09-18,504,7.6363,3.7479
2017-08-25,2019-09-19,504,7.3208,3.5957
2017-08-28,2019-09-20,504,7.1293,3.5033
2017-08-29,2019-09-23,504,6.7644,3.3269
2017-08-30,2019-09-24,504,7.2238,3.5489
2017-08-31,2019-09-25,504,7.209,3.5418
2017-09-01,2019-09-26,504,6.428,3.1639
2017-09-04,2019-09-27,504,5.8343,2.8758
2017-09-05,2019-09-30,504,5.6091,2.7663
2017-09-06,2019-10-08,504,5.7746,2.8468
2017-09-07,2019-10-09,504,6.5901,3.2425
2017-09-08,2019-10-10,504,6.5657,3.2307
2017-09-11,2019-10-11,504,6.6442,3.2687
2017-09-12,2019-10-14,504,6.5313,3.214
2017-09-13,2019-10-15,504,6.319,3.1111
2017-09-14,2019-10-16,504,6.1828,3.045
2017-09-15,2019-10-17,504,6.2299,3.0679
2017-09-18,2019-10-18,504,5.9819,2.9475
2017-09-19,2019-10-21,504,6.1491,3.0287
2017-09-20,2019-10-22,504,6.01,2.9612
2017-09-21,2019-10-23,504,6.2733,3.0889
2017-09-22,2019-10-24,504,6.2009,3.0538
2017-09-25,2019-10-25,504,6.7767,3.3328
2017-09-26,2019-10-28,504,6.5323,3.2145
2017-09-27,2019-10-29,504,6.2351,3.0704
2017-09-28,2019-10-30,504,6.1732,3.0404
2017-09-29,2019-10-31,504,5.8838,2.8999
2017-10-09,2019-11-01,504,6.4096,3.155
2017-10-10,2019-11-04,504,6.4149,3.1576
2017-10-11,2019-11-05,504,6.3189,3.1111
2017-10-12,2019-11-06,504,5.6093,2.7664
2017-10-13,2019-11-07,504,5.8246,2.8711
2017-10-16,2019-11-08,504,5.2889,2.6104
2017-10-17,2019-11-11,504,4.8711,2.4066
2017-10-18,2019-11-12,504,4.601,2.2746
2017-10-19,2019-11-13,504,5.167,2.551
2017-10-20,2019-11-14,504,5.2152,2.5744
2017-10-23,2019-11-15,504,4.9466,2.4434
2017-10-24,2019-11-18,504,4.9728,2.4562
2017-10-25,2019-11-19,504,5.491,2.7088
2017-10-26,2019-11-20,504,5.1956,2.5649
2017-10-27,2019-11-21,504,5.2428,2.5879
2017-10-30,2019-11-22,504,5.1459,2.5407
2017-10-31,2019-11-25,504,5.3761,2.6529
2017-11-01,2019-11-26,504,5.4887,2.7077
2017-11-02,2019-11-27,504,5.3899,2.6596
2017-11-03,2019-11-28,504,5.3329,2.6318
2017-11-06,2019-11-29,504,5.2297,2.5815
2017-11-07,2019-12-02,504,5.0713,2.5043
2017-11-08,2019-12-03,504,5.2163,2.575
2017-11-09,2019-12-04,504,5.368,2.6489
2017-11-10,2019-12-05,504,4.7333,2.3393
2017-11-13,2019-12-06,504,4.5415,2.2455
2017-11-14,2019-12-09,504,4.6408,2.2941
2017-11-15,2019-12-10,504,4.7199,2.3327
2017-11-16,2019-12-11,504,4.8981,2.4198
2017-11-17,2019-12-12,504,4.9658,2.4528
2017-11-20,2019-12-13,504,4.5989,2.2736
2017-11-21,2019-12-16,504,4.9275,2.4341
2017-11-22,2019-12-17,504,5.0857,2.5113
2017-11-23,2019-12-18,504,5.7625,2.8409
2017-11-24,2019-12-19,504,5.721,2.8207
2017-11-27,2019-12-20,504,5.9172,2.9161
2017-11-28,2019-12-23,504,5.5284,2.727
2017-11-29,2019-12-24,504,5.8218,2.8697
2017-11-30,2019-12-25,504,6.3331,3.1179
2017-12-01,2019-12-26,504,6.8938,3.3895
2017-12-04,2019-12-27,504,6.9246,3.4043
2017-12-05,2019-12-30,504,7.2321,3.5529
2017-12-06,2020-01-02,504,8.2004,4.0194
2017-12-07,2020-01-03,504,8.9669,4.3872
2017-12-08,2020-01-06,504,9.5198,4.6517
2017-12-11,2020-01-07,504,9.1645,4.4818
2017-12-12,2020-01-08,504,9.6382,4.7082
2017-12-13,2020-01-09,504,8.7927,4.3037
2017-12-14,2020-01-10,504,8.6098,4.216
2017-12-15,2020-01-13,504,9.0331,4.4189
2017-12-18,2020-01-14,504,8.6852,4.2522
2017-12-19,2020-01-15,504,8.4157,4.1229
2017-12-20,2020-01-16,504,8.4421,4.1355
2017-12-21,2020-01-17,504,8.3133,4.0737
2017-12-22,2020-01-20,504,8.3349,4.0841
2017-12-25,2020-01-21,504,7.9669,3.9071
2017-12-26,2020-01-22,504,7.721,3.7887
2017-12-27,2020-01-23,504,7.3192,3.595
2017-12-28,2020-02-03,504,5.4554,2.6915
2017-12-29,2020-02-04,504,5.5522,2.7386
2018-01-02,2020-02-05,504,5.0546,2.4961
2018-01-03,2020-02-06,504,5.0311,2.4847
2018-01-04,2020-02-07,504,5.3945,2.6618
2018-01-05,2020-02-10,504,5.6281,2.7755
2018-01-08,2020-02-11,504,5.4337,2.6809
2018-01-09,2020-02-12,504,5.5261,2.7259
2018-01-10,2020-02-13,504,5.5626,2.7436
2018-01-11,2020-02-14,504,5.7348,2.8274
2018-01-12,2020-02-17,504,6.1677,3.0377
2018-01-15,2020-02-18,504,6.3813,3.1413
2018-01-16,2020-02-19,504,6.356,3.129
2018-01-17,2020-02-20,504,6.9063,3.3955
2018-01-18,2020-02-21,504,7.5164,3.6901
2018-01-19,2020-02-24,504,8.0297,3.9373
2018-01-22,2020-02-25,504,6.9496,3.4164
2018-01-23,2020-02-26,504,6.792,3.3402
2018-01-24,2020-02-27,504,6.6613,3.277
2018-01-25,2020-02-28,504,5.5228,2.7243
2018-01-26,2020-03-02,504,5.8866,2.9012
2018-01-29,2020-03-03,504,6.136,3.0223
2018-01-30,2020-03-04,504,7.5902,3.7257
2018-01-31,2020-03-05,504,7.9167,3.883
2018-02-01,2020-03-06,504,8.4427,4.1358
2018-02-02,2020-03-09,504,7.2206,3.5474
2018-02-05,2020-03-10,504,7.4138,3.6406
2018-02-06,2020-03-11,504,7.7764,3.8154
2018-02-07,2020-03-12,504,7.8474,3.8496
2018-02-08,2020-03-13,504,6.8789,3.3823
2018-02-09,2020-03-16,504,6.1033,3.0065
2018-02-12,2020-03-17,504,4.5217,2.2359
2018-02-13,2020-03-18,504,4.4298,2.1909
2018-02-14,2020-03-19,504,3.7539,1.8597
2018-02-22,2020-03-20,504,4.1259,2.0421
2018-02-23,2020-03-23,504,3.2663,1.62
2018-02-26,2020-03-24,504,4.955,2.4476
2018-02-27,2020-03-25,504,6.3857,3.1434
2018-02-28,2020-03-26,504,6.4617,3.1803
2018-03-01,2020-03-27,504,6.9727,3.4276
2018-03-02,2020-03-30,504,6.3872,3.1442
2018-03-05,2020-03-31,504,6.2892,3.0967
2018-03-06,2020-04-01,504,5.4158,2.6722
2018-03-07,2020-04-02,504,5.8571,2.8869
2018-03-08,2020-04-03,504,5.7989,2.8586
2018-03-09,2020-04-07,504,7.1174,3.4976
2018-03-12,2020-04-08,504,6.7769,3.3329
2018-03-13,2020-04-09,504,7.0922,3.4854
2018-03-14,2020-04-10,504,7.0491,3.4645
2018-03-15,2020-04-13,504,6.9493,3.4163
2018-03-16,2020-04-14,504,7.8842,3.8673
2018-03-19,2020-04-15,504,7.8909,3.8705
2018-03-20,2020-04-16,504,7.9315,3.8901
2018-03-21,2020-04-17,504,7.4934,3.679
2018-03-22,2020-04-20,504,7.4457,3.656
2018-03-23,2020-04-21,504,7.9063,3.8779
2018-03-26,2020-04-22,504,8.1396,3.9902
2018-03-27,2020-04-23,504,8.5218,4.1738
2018-03-28,2020-04-24,504,9.1049,4.4533
2018-03-29,2020-04-27,504,8.9927,4.3995
2018-03-30,2020-04-28,504,8.5414,4.1832
2018-04-02,2020-04-29,504,8.9769,4.392
2018-04-03,2020-04-30,504,9.3262,4.5592
2018-04-04,2020-05-06,504,9.3907,4.59
2018-04-09,2020-05-07,504,9.4183,4.6032
2018-04-10,2020-05-08,504,9.6171,4.6982
2018-04-11,2020-05-11,504,9.2033,4.5004
2018-04-12,2020-05-12,504,9.1658,4.4825
2018-04-13,2020-05-13,504,9.5948,4.6875
2018-04-16,2020-05-14,504,9.8037,4.7873
2018-04-17,2020-05-15,504,10.3888,5.0661
2018-04-18,2020-05-18,504,11.1444,5.4251
2018-04-19,2020-05-19,504,10.4808,5.1099
2018-04-20,2020-05-20,504,11.0895,5.399
2018-04-23,2020-05-21,504,10.8,5.2616
2018-04-24,2020-05-22,504,9.9278,4.8465
2018-04-25,2020-05-25,504,10.0807,4.9194
2018-04-26,2020-05-26,504,10.7327,5.2296
2018-04-27,2020-05-27,504,10.5971,5.1652
2018-05-02,2020-05-28,504,10.7554,5.2404
2018-05-03,2020-05-29,504,10.0428,4.9013
2018-05-04,2020-06-01,504,10.8544,5.2874
2018-05-07,2020-06-02,504,10.3916,5.0674
2018-05-08,2020-06-03,504,9.9208,4.8431
2018-05-09,2020-06-04,504,9.8059,4.7883
2018-05-10,2020-06-05,504,9.5874,4.684
2018-05-11,2020-06-08,504,9.3622,4.5764
2018-05-14,2020-06-09,504,9.3626,4.5766
2018-05-15,2020-06-10,504,9.5695,4.6754
2018-05-16,2020-06-11,504,10.0065,4.884
2018-05-17,2020-06-12,504,10.1948,4.9737
2018-05-18,2020-06-15,504,9.6396,4.7089
2018-05-21,2020-06-16,504,10.0255,4.8931
2018-05-22,2020-06-17,504,10.0795,4.9188
2018-05-23,2020-06-18,504,10.4165,5.0792
2018-05-24,2020-06-19,504,10.4721,5.1057
2018-05-25,2020-06-22,504,10.5477,5.1417
2018-05-28,2020-06-23,504,10.5678,5.1512
2018-05-29,2020-06-24,504,10.7693,5.247
2018-05-30,2020-06-29,504,10.99,5.3518
2018-05-31,2020-06-30,504,10.6838,5.2064
2018-06-01,2020-07-01,504,11.5509,5.6177
2018-06-04,2020-07-02,504,11.7982,5.7347
2018-06-05,2020-07-03,504,12.1206,5.887
2018-06-06,2020-07-06,504,13.3716,6.4761
2018-06-07,2020-07-07,504,13.4703,6.5224
2018-06-08,2020-07-08,504,14.2852,6.9042
2018-06-11,2020-07-09,504,14.6703,7.0842
2018-06-12,2020-07-10,504,13.5372,6.5538
2018-06-13,2020-07-13,504,14.6331,7.0668
2018-06-14,2020-07-14,504,14.3959,6.956
2018-06-15,2020-07-15,504,13.9997,6.7707
2018-06-19,2020-07-16,504,14.2172,6.8725
2018-06-20,2020-07-17,504,14.1748,6.8526
2018-06-21,2020-07-20,504,15.8154,7.6175
2018-06-22,2020-07-21,504,15.7545,7.5892
2018-06-25,2020-07-22,504,16.6548,8.0068
2018-06-26,2020-07-23,504,16.7984,8.0733
2018-06-27,2020-07-24,504,16.3489,7.8652
2018-06-28,2020-07-27,504,17.4738,8.3853
2018-06-29,2020-07-28,504,17.0829,8.2048
2018-07-02,2020-07-29,504,18.2791,8.7562
2018-07-03,2020-07-30,504,18.0501,8.6508
2018-07-04,2020-07-31,504,18.7784,8.9855
2018-07-05,2020-08-03,504,19.4583,9.297
2018-07-06,2020-08-04,504,19.4432,9.2901
2018-07-09,2020-08-05,504,19.7688,9.4389
2018-07-10,2020-08-06,504,20.078,9.5801
2018-07-11,2020-08-07,504,20.3945,9.7244
2018-07-12,2020-08-10,504,20.098,9.5893
2018-07-13,2020-08-11,504,19.0557,9.1126
2018-07-16,2020-08-12,504,17.4394,8.3695
2018-07-17,2020-08-13,504,17.7521,8.5136
2018-07-18,2020-08-14,504,18.4842,8.8504
2018-07-19,2020-08-17,504,19.2908,9.2203
2018-07-20,2020-08-18,504,19.568,9.3471
2018-07-23,2020-08-19,504,18.5052,8.8601
2018-07-24,2020-08-20,504,17.1124,8.2185
2018-07-25,2020-08-21,504,17.221,8.2687
2018-07-26,2020-08-24,504,17.1989,8.2584
2018-07-27,2020-08-25,504,17.4162,8.3588
2018-07-30,2020-08-26,504,16.848,8.0963
2018-07-31,2020-08-27,504,17.3681,8.3366
2018-08-01,2020-08-28,504,18.375,8.8003
2018-08-02,2020-08-31,504,19.0331,9.1023
2018-08-03,2020-09-01,504,19.8513,9.4766
2018-08-06,2020-09-02,504,19.8374,9.4703
2018-08-07,2020-09-03,504,18.5288,8.8709
2018-08-08,2020-09-04,504,18.9936,9.0842
2018-08-09,2020-09-07,504,18.1647,8.7036
2018-08-10,2020-09-08,504,18.4298,8.8255
2018-08-13,2020-09-09,504,18.0696,8.6598
2018-08-14,2020-09-10,504,18.3536,8.7904
2018-08-15,2020-09-11,504,18.9716,9.0741
2018-08-16,2020-09-14,504,19.6755,9.3963
2018-08-17,2020-09-15,504,20.3042,9.6833
2018-08-20,2020-09-16,504,19.7222,9.4177
2018-08-21,2020-09-17,504,19.0925,9.1295
2018-08-22,2020-09-18,504,19.8289,9.4664
2018-08-23,2020-09-21,504,19.5938,9.3589
2018-08-24,2020-09-22,504,18.3363,8.7825
2018-08-27,2020-09-23,504,17.1373,8.23
2018-08-28,2020-09-24,504,16.1905,7.7917
2018-08-29,2020-09-25,504,16.6975,8.0266
2018-08-30,2020-09-28,504,16.6888,8.0226
2018-08-31,2020-09-29,504,17.3554,8.3307
2018-09-03,2020-09-30,504,17.4453,8.3722
2018-09-04,2020-10-09,504,17.8421,8.5551
2018-09-05,2020-10-12,504,19.3638,9.2537
2018-09-06,2020-10-13,504,19.4774,9.3057
2018-09-07,2020-10-14,504,18.9201,9.0505
2018-09-10,2020-10-15,504,19.1422,9.1523
2018-09-11,2020-10-16,504,19.3002,9.2246
2018-09-12,2020-10-19,504,19.1624,9.1615
2018-09-13,2020-10-20,504,18.672,8.9367
2018-09-14,2020-10-21,504,18.5327,8.8727
2018-09-17,2020-10-22,504,18.7337,8.965
2018-09-18,2020-10-23,504,17.9453,8.6026
2018-09-19,2020-10-26,504,17.4088,8.3554
2018-09-20,2020-10-27,504,17.5924,8.44
2018-09-21,2020-10-28,504,16.7894,8.0692
2018-09-25,2020-10-29,504,16.8402,8.0926
2018-09-26,2020-10-30,504,15.9756,7.692
2018-09-27,2020-11-02,504,16.7153,8.0348
2018-09-28,2020-11-03,504,17.2276,8.2717
2018-10-08,2020-11-04,504,18.0507,8.6511
2018-10-09,2020-11-05,504,18.6846,8.9425
2018-10-10,2020-11-06,504,19.0141,9.0936
2018-10-11,2020-11-09,504,20.6481,9.8399
2018-10-12,2020-11-10,504,18.9596,9.0686
2018-10-15,2020-11-11,504,19.3105,9.2293
2018-10-16,2020-11-12,504,19.7359,9.4239
2018-10-17,2020-11-13,504,19.5514,9.3396
2018-10-18,2020-11-16,504,20.7511,9.8868
2018-10-19,2020-11-17,504,19.9517,9.5225
2018-10-22,2020-11-18,504,18.7374,8.9667
2018-10-23,2020-11-19,504,19.041,9.1059
2018-10-24,2020-11-20,504,19.1921,9.1751
2018-10-25,2020-11-23,504,19.4415,9.2893
2018-10-26,2020-11-24,504,18.5711,8.8904
2018-10-29,2020-11-25,504,18.5966,8.9021
2018-10-30,2020-11-26,504,18.3401,8.7842
2018-10-31,2020-11-27,504,18.5577,8.8842
2018-11-01,2020-11-30,504,17.3396,8.3234
2018-11-02,2020-12-01,504,17.2313,8.2734
2018-11-05,2020-12-02,504,17.7844,8.5285
2018-11-06,2020-12-03,504,17.9252,8.5934
2018-11-07,2020-12-04,504,18.071,8.6605
2018-11-08,2020-12-07,504,17.3338,8.3207
2018-11-09,2020-12-08,504,18.0873,8.668
2018-11-12,2020-12-09,504,17.3296,8.3188
2018-11-13,2020-12-10,504,16.9639,8.1499
2018-11-14,2020-12-11,504,16.9665,8.1511
2018-11-15,2020-12-14,504,16.3441,7.8629
2018-11-16,2020-12-15,504,16.2612,7.8245
2018-11-19,2020-12-16,504,15.99,7.6986
2018-11-20,2020-12-17,504,16.9477,8.1423
2018-11-21,2020-12-18,504,17.2606,8.2869
2018-11-22,2020-12-21,504,17.7549,8.5149
2018-11-23,2020-12-22,504,17.2869,8.2991
2018-11-26,2020-12-23,504,17.2201,8.2682
2018-11-27,2020-12-24,504,17.2138,8.2653
2018-11-28,2020-12-25,504,17.4091,8.3555
2018-11-29,2020-12-28,504,17.3711,8.338
2018-11-30,2020-12-29,504,16.7416,8.047
2018-12-03,2020-12-30,504,16.2535,7.8209
2018-12-04,2021-01-04,504,16.9777,8.1562
2018-12-05,2021-01-05,504,17.2575,8.2855
2018-12-06,2021-01-06,504,17.7222,8.4999
2018-12-07,2021-01-07,504,17.0266,8.1789
2018-12-10,2021-01-08,504,16.8309,8.0884
2018-12-11,2021-01-11,504,15.5686,7.5028
2018-12-12,2021-01-12,504,15.952,7.681
2018-12-13,2021-01-13,504,15.6146,7.5243
2018-12-14,2021-01-14,504,15.7936,7.6074
2018-12-17,2021-01-15,504,15.9968,7.7018
2018-12-18,2021-01-18,504,16.1469,7.7715
2018-12-19,2021-01-19,504,16.4896,7.9304
2018-12-20,2021-01-20,504,16.6004,7.9817
2018-12-21,2021-01-21,504,16.9573,8.1468
2018-12-24,2021-01-22,504,16.231,7.8105
2018-12-25,2021-01-25,504,15.677,7.5532
2018-12-26,2021-01-26,504,15.5578,7.4978
2018-12-27,2021-01-27,504,15.6594,7.545
2018-12-28,2021-01-28,504,14.8803,7.1822
2019-01-02,2021-01-29,504,15.1912,7.3272
2019-01-03,2021-02-01,504,15.7421,7.5835
2019-01-04,2021-02-02,504,15.2421,7.3509
2019-01-07,2021-02-03,504,14.4661,6.9888
2019-01-08,2021-02-04,504,14.0681,6.8027
2019-01-09,2021-02-05,504,13.6861,6.6237
2019-01-10,2021-02-08,504,14.2503,6.8879
2019-01-11,2021-02-09,504,15.0582,7.2652
2019-01-14,2021-02-10,504,15.2997,7.3777
2019-01-15,2021-02-18,504,14.8822,7.1831
2019-01-16,2021-02-19,504,15.1808,7.3223
2019-01-17,2021-02-22,504,15.8347,7.6266
2019-01-18,2021-02-23,504,15.6041,7.5193
2019-01-21,2021-02-24,504,15.3675,7.4092
2019-01-22,2021-02-25,504,15.7702,7.5966
2019-01-23,2021-02-26,504,14.4885,6.9993
2019-01-24,2021-03-01,504,14.8788,7.1815
2019-01-25,2021-03-02,504,14.0417,6.7903
2019-01-28,2021-03-03,504,14.5448,7.0256
2019-01-29,2021-03-04,504,13.8831,6.716
2019-01-30,2021-03-05,504,13.4766,6.5254
2019-01-31,2021-03-08,504,13.3998,6.4893
2019-02-01,2021-03-09,504,12.5344,6.0822
2019-02-11,2021-03-10,504,12.3024,5.9728
2019-02-12,2021-03-11,504,12.9197,6.2637
2019-02-13,2021-03-12,504,12.4776,6.0555
2019-02-14,2021-03-15,504,12.8554,6.2334
2019-02-15,2021-03-16,504,13.2621,6.4247
2019-02-18,2021-03-17,504,12.4372,6.0364
2019-02-19,2021-03-18,504,12.7655,6.1911
2019-02-20,2021-03-19,504,12.1204,5.8869
2019-02-21,2021-03-22,504,12.7462,6.182
2019-02-22,2021-03-23,504,12.2478,5.947
2019-02-25,2021-03-24,504,10.6741,5.2018
2019-02-26,2021-03-25,504,10.7741,5.2493
2019-02-27,2021-03-26,504,11.1436,5.4247
2019-02-28,2021-03-29,504,11.696,5.6864
2019-03-01,2021-03-30,504,11.0353,5.3733
2019-03-04,2021-03-31,504,10.7883,5.256
2019-03-05,2021-04-01,504,11.4146,5.5531
2019-03-06,2021-04-02,504,11.1393,5.4226
2019-03-07,2021-04-06,504,11.2586,5.4792
2019-03-08,2021-04-07,504,12.4066,6.022
2019-03-11,2021-04-08,504,11.7447,5.7094
2019-03-12,2021-04-09,504,11.7714,5.722
2019-03-13,2021-04-12,504,11.4998,5.5934
2019-03-14,2021-04-13,504,11.4177,5.5546
2019-03-15,2021-04-14,504,11.4745,5.5815
2019-03-18,2021-04-15,504,10.7619,5.2435
2019-03-19,2021-04-16,504,11.4042,5.5482
2019-03-20,2021-04-19,504,11.7912,5.7314
2019-03-21,2021-04-20,504,11.2002,5.4515
2019-03-22,2021-04-21,504,11.4245,5.5578
2019-03-25,2021-04-22,504,11.7749,5.7236
2019-03-26,2021-04-23,504,11.9595,5.8109
2019-03-27,2021-04-26,504,11.2312,5.4662
2019-03-28,2021-04-27,504,11.6127,5.6469
2019-03-29,2021-04-28,504,11.5488,5.6167
2019-04-01,2021-04-29,504,11.0922,5.4003
2019-04-02,2021-04-30,504,10.7762,5.2503
2019-04-03,2021-05-06,504,11.1882,5.4458
2019-04-04,2021-05-07,504,11.2112,5.4567
2019-04-08,2021-05-10,504,11.1842,5.4439
2019-04-09,2021-05-11,504,10.8905,5.3045
2019-04-10,2021-05-12,504,11.0006,5.3568
2019-04-11,2021-05-13,504,10.7563,5.2408
2019-04-12,2021-05-14,504,11.5751,5.6291
2019-04-15,2021-05-17,504,12.2909,5.9674
2019-04-16,2021-05-18,504,12.3318,5.9867
2019-04-17,2021-05-19,504,12.4273,6.0317
2019-04-18,2021-05-20,504,12.5285,6.0794
2019-04-19,2021-05-21,504,12.3357,5.9885
2019-04-22,2021-05-24,504,13.0283,6.3148
2019-04-23,2021-05-25,504,13.609,6.5875
2019-04-24,2021-05-26,504,13.8534,6.7021
2019-04-25,2021-05-27,504,14.2443,6.8851
2019-04-26,2021-05-28,504,14.5391,7.0229
2019-04-29,2021-05-31,504,15.2298,7.3452
2019-04-30,2021-06-01,504,15.2236,7.3423
2019-05-06,2021-06-02,504,15.4862,7.4645
2019-05-07,2021-06-03,504,14.9849,7.231
2019-05-08,2021-06-04,504,14.6759,7.0868
2019-05-09,2021-06-07,504,15.2613,7.3598
2019-05-10,2021-06-08,504,14.5457,7.026
2019-05-13,2021-06-09,504,14.6385,7.0693
2019-05-14,2021-06-10,504,14.3723,6.945
2019-05-15,2021-06-11,504,14.1895,6.8595
2019-05-16,2021-06-15,504,13.1536,6.3737
2019-05-17,2021-06-16,504,13.4841,6.5289
2019-05-20,2021-06-17,504,13.4077,6.493
2019-05-21,2021-06-18,504,12.5044,6.0681
2019-05-22,2021-06-21,504,12.8931,6.2511
2019-05-23,2021-06-22,504,13.6519,6.6076
2019-05-24,2021-06-23,504,13.9596,6.7519
2019-05-27,2021-06-24,504,13.4434,6.5098
2019-05-28,2021-06-25,504,13.3195,6.4517
2019-05-29,2021-06-28,504,13.1574,6.3755
2019-05-30,2021-06-29,504,13.2129,6.4015
2019-05-31,2021-06-30,504,12.6889,6.155
2019-06-03,2021-07-01,504,12.7889,6.2021
2019-06-04,2021-07-02,504,12.6279,6.1263
2019-06-05,2021-07-05,504,12.6852,6.1533
2019-06-06,2021-07-06,504,13.2475,6.4178
2019-06-10,2021-07-07,504,13.0997,6.3483
2019-06-11,2021-07-08,504,11.8763,5.7716
2019-06-12,2021-07-09,504,12.1625,5.9068
2019-06-13,2021-07-12,504,12.3406,5.9909
2019-06-14,2021-07-13,504,12.4947,6.0635
2019-06-17,2021-07-14,504,12.7258,6.1724
2019-06-18,2021-07-15,504,12.9257,6.2665
2019-06-19,2021-07-16,504,12.9214,6.2645
2019-06-20,2021-07-19,504,11.4458,5.5679
2019-06-21,2021-07-20,504,11.3068,5.5021
2019-06-24,2021-07-21,504,10.8949,5.3066
2019-06-25,2021-07-22,504,10.7581,5.2417
2019-06-26,2021-07-23,504,10.905,5.3114
2019-06-27,2021-07-26,504,10.3246,5.0355
2019-06-28,2021-07-27,504,9.3162,4.5544
2019-07-01,2021-07-28,504,9.5853,4.683
2019-07-02,2021-07-29,504,9.5067,4.6455
2019-07-03,2021-07-30,504,9.169,4.484
2019-07-04,2021-08-02,504,9.2721,4.5333
2019-07-05,2021-08-03,504,8.8043,4.3093
2019-07-08,2021-08-04,504,10.1428,4.9489
2019-07-09,2021-08-05,504,10.1224,4.9392
2019-07-10,2021-08-06,504,10.3649,5.0547
2019-07-11,2021-08-09,504,9.4956,4.6402
2019-07-12,2021-08-10,504,9.5498,4.666
2019-07-15,2021-08-11,504,9.709,4.7421
2019-07-16,2021-08-12,504,10.3574,5.0511
2019-07-17,2021-08-13,504,10.6687,5.1992
2019-07-18,2021-08-16,504,11.0041,5.3585
2019-07-19,2021-08-17,504,10.1811,4.9672
2019-07-22,2021-08-18,504,10.9698,5.3422
2019-07-23,2021-08-19,504,10.7638,5.2444
2019-07-24,2021-08-20,504,10.6553,5.1928
2019-07-25,2021-08-23,504,10.8036,5.2633
2019-07-26,2021-08-24,504,11.294,5.496
2019-07-29,2021-08-25,504,11.4785,5.5834
2019-07-30,2021-08-26,504,11.2021,5.4524
2019-07-31,2021-08-27,504,11.8312,5.7503
2019-08-01,2021-08-30,504,12.8266,6.2199
2019-08-02,2021-08-31,504,13.2091,6.3998
2019-08-05,2021-09-01,504,12.7007,6.1606
2019-08-06,2021-09-02,504,13.5856,6.5765
2019-08-07,2021-09-03,504,13.0199,6.3108
2019-08-08,2021-09-06,504,13.0629,6.331
2019-08-09,2021-09-07,504,13.728,6.6433
2019-08-12,2021-09-08,504,13.3645,6.4728
2019-08-13,2021-09-09,504,13.4515,6.5136
2019-08-14,2021-09-10,504,13.7742,6.665
2019-08-15,2021-09-13,504,13.784,6.6696
2019-08-16,2021-09-14,504,13.1769,6.3846
2019-08-19,2021-09-15,504,12.8811,6.2455
2019-08-20,2021-09-16,504,12.3202,5.9812
2019-08-21,2021-09-17,504,11.4409,5.5656
2019-08-22,2021-09-22,504,12.1523,5.902
2019-08-23,2021-09-23,504,11.913,5.789
2019-08-26,2021-09-24,504,10.1357,4.9456
2019-08-27,2021-09-27,504,8.9429,4.3757
2019-08-28,2021-09-28,504,9.1104,4.4559
2019-08-29,2021-09-29,504,8.0334,3.9391
2019-08-30,2021-09-30,504,8.9544,4.3812
2019-09-02,2021-10-08,504,8.9477,4.378
2019-09-03,2021-10-11,504,8.8505,4.3315
2019-09-04,2021-10-12,504,8.0381,3.9414
2019-09-05,2021-10-13,504,7.5302,3.6968
2019-09-06,2021-10-14,504,8.4687,4.1483
2019-09-09,2021-10-15,504,8.2128,4.0254
2019-09-10,2021-10-18,504,8.8568,4.3345
2019-09-11,2021-10-19,504,9.1621,4.4807
2019-09-12,2021-10-20,504,8.6012,4.2119
2019-09-16,2021-10-21,504,8.9385,4.3736
2019-09-17,2021-10-22,504,9.0877,4.4451
2019-09-18,2021-10-25,504,8.7639,4.2899
2019-09-19,2021-10-26,504,8.7242,4.2709
2019-09-20,2021-10-27,504,7.9599,3.9038
2019-09-23,2021-10-28,504,7.6669,3.7627
2019-09-24,2021-10-29,504,7.5052,3.6847
2019-09-25,2021-11-01,504,7.7637,3.8093
2019-09-26,2021-11-02,504,7.8776,3.8641
2019-09-27,2021-11-03,504,8.324,4.0788
2019-09-30,2021-11-04,504,8.4818,4.1546
2019-10-08,2021-11-05,504,8.2766,4.0561
2019-10-09,2021-11-08,504,8.1177,3.9796
2019-10-10,2021-11-09,504,8.3527,4.0926
2019-10-11,2021-11-10,504,8.3041,4.0692
2019-10-14,2021-11-11,504,9.2439,4.5198
2019-10-15,2021-11-12,504,9.1864,4.4923
2019-10-16,2021-11-15,504,9.3617,4.5762
2019-10-17,2021-11-16,504,9.228,4.5122
2019-10-18,2021-11-17,504,9.7696,4.771
2019-10-21,2021-11-18,504,9.7553,4.7642
2019-10-22,2021-11-19,504,10.0721,4.9152
2019-10-23,2021-11-22,504,9.8516,4.8101
2019-10-24,2021-11-23,504,9.4666,4.6263
2019-10-25,2021-11-24,504,9.0515,4.4277
2019-10-28,2021-11-25,504,8.7895,4.3022
2019-10-29,2021-11-26,504,9.2781,4.5362
2019-10-30,2021-11-29,504,9.2688,4.5317
2019-10-31,2021-11-30,504,9.3973,4.5932
2019-11-01,2021-12-01,504,9.0317,4.4183
2019-11-04,2021-12-02,504,8.9335,4.3712
2019-11-05,2021-12-03,504,9.1194,4.4602
2019-11-06,2021-12-06,504,9.5965,4.6884
2019-11-07,2021-12-07,504,9.4594,4.6228
2019-11-08,2021-12-08,504,10.0927,4.9251
2019-11-11,2021-12-09,504,10.5878,5.1607
2019-11-12,2021-12-10,504,10.6342,5.1828
2019-11-13,2021-12-13,504,10.2881,5.0181
2019-11-14,2021-12-14,504,9.9236,4.8445
2019-11-15,2021-12-15,504,10.1208,4.9385
2019-11-18,2021-12-16,504,10.5363,5.1363
2019-11-19,2021-12-17,504,10.2149,4.9833
2019-11-20,2021-12-20,504,10.0826,4.9202
2019-11-21,2021-12-21,504,10.5256,5.1312
2019-11-22,2021-12-22,504,10.5343,5.1353
2019-11-25,2021-12-23,504,10.7652,5.245
2019-11-26,2021-12-24,504,10.7235,5.2252
2019-11-27,2021-12-27,504,10.9846,5.3492
2019-11-28,2021-12-28,504,11.086,5.3974
2019-11-29,2021-12-29,504,10.8393,5.2803
2019-12-02,2021-12-30,504,10.6432,5.1871
2019-12-03,2022-01-04,504,11.1967,5.4499
2019-12-04,2022-01-05,504,10.8461,5.2835
2019-12-05,2022-01-06,504,10.794,5.2587
2019-12-06,2022-01-07,504,10.8507,5.2857
2019-12-09,2022-01-10,504,11.2727,5.4859
2019-12-10,2022-01-11,504,11.647,5.6632
2019-12-11,2022-01-12,504,11.4576,5.5735
2019-12-12,2022-01-13,504,11.2358,5.4684
2019-12-13,2022-01-14,504,10.7675,5.2461
2019-12-16,2022-01-17,504,10.19,4.9714
2019-12-17,2022-01-18,504,10.2277,4.9894
2019-12-18,2022-01-19,504,10.5305,5.1335
2019-12-19,2022-01-20,504,10.8115,5.2671
2019-12-20,2022-01-21,504,10.6034,5.1682
2019-12-23,2022-01-24,504,10.6592,5.1947
2019-12-24,2022-01-25,504,9.3992,4.5941
2019-12-25,2022-01-26,504,9.4999,4.6422
2019-12-26,2022-01-27,504,8.266,4.051
2019-12-27,2022-01-28,504,7.9823,3.9145
2019-12-30,2022-02-07,504,8.4866,4.1569
2020-01-02,2022-02-08,504,8.698,4.2583
2020-01-03,2022-02-09,504,8.6084,4.2153
2020-01-06,2022-02-10,504,8.6353,4.2282
2020-01-07,2022-02-11,504,8.4355,4.1324
2020-01-08,2022-02-14,504,8.3492,4.0909
2020-01-09,2022-02-15,504,9.1028,4.4523
2020-01-10,2022-02-16,504,8.9624,4.3851
2020-01-13,2022-02-17,504,8.8844,4.3477
2020-01-14,2022-02-18,504,10.0081,4.8847
2020-01-15,2022-02-21,504,10.0753,4.9168
2020-01-16,2022-02-22,504,10.2851,5.0167
2020-01-17,2022-02-23,504,9.9796,4.8711
2020-01-20,2022-02-24,504,9.9679,4.8656
2020-01-21,2022-02-25,504,9.8986,4.8325
2020-01-22,2022-02-28,504,9.8872,4.8271
2020-01-23,2022-03-01,504,10.7791,5.2516
2020-02-03,2022-03-02,504,13.6926,6.6267
2020-02-04,2022-03-03,504,13.5008,6.5367
2020-02-05,2022-03-04,504,13.2166,6.4033
2020-02-06,2022-03-07,504,13.218,6.4039
2020-02-07,2022-03-08,504,12.4848,6.0588
2020-02-10,2022-03-09,504,11.879,5.7729
2020-02-11,2022-03-10,504,11.3002,5.4989
2020-02-12,2022-03-11,504,11.4069,5.5495
2020-02-13,2022-03-14,504,10.5714,5.1529
2020-02-14,2022-03-15,504,7.938,3.8932
2020-02-17,2022-03-16,504,7.6946,3.776
2020-02-18,2022-03-17,504,8.2984,4.0665
2020-02-19,2022-03-18,504,8.8592,4.3356
2020-02-20,2022-03-21,504,8.4198,4.1248
2020-02-21,2022-03-22,504,8.4614,4.1448
2020-02-24,2022-03-23,504,8.0361,3.9404
2020-02-25,2022-03-24,504,9.0786,4.4407
2020-02-26,2022-03-25,504,9.0669,4.4351
2020-02-27,2022-03-28,504,9.1215,4.4612
2020-02-28,2022-03-29,504,10.1908,4.9718
2020-03-02,2022-03-30,504,9.9924,4.8773
2020-03-03,2022-03-31,504,10.3827,5.0632
2020-03-04,2022-04-01,504,9.8178,4.794
2020-03-05,2022-04-06,504,9.8265,4.7982
2020-03-06,2022-04-07,504,9.0949,4.4485
2020-03-09,2022-04-08,504,10.6571,5.1937
2020-03-10,2022-04-11,504,10.0027,4.8822
2020-03-11,2022-04-12,504,10.1406,4.9479
2020-03-12,2022-04-13,504,11.0585,5.3843
2020-03-13,2022-04-14,504,13.185,6.3884
2020-03-16,2022-04-15,504,14.8817,7.1829
2020-03-17,2022-04-18,504,16.1651,7.7799
2020-03-18,2022-04-19,504,16.0762,7.7386
2020-03-19,2022-04-20,504,15.2724,7.365
2020-03-20,2022-04-21,504,14.1579,6.8447
2020-03-23,2022-04-22,504,15.6699,7.5499
2020-03-24,2022-04-25,504,11.4318,5.5612
2020-03-25,2022-04-26,504,9.5635,4.6726
2020-03-26,2022-04-27,504,10.2444,4.9973
2020-03-27,2022-04-28,504,10.0898,4.9237
2020-03-30,2022-04-29,504,11.8966,5.7812
2020-03-31,2022-05-05,504,12.053,5.8551
2020-04-01,2022-05-06,504,11.845,5.7568
2020-04-02,2022-05-09,504,11.459,5.5741
2020-04-03,2022-05-10,504,11.1759,5.44
2020-04-07,2022-05-11,504,9.6414,4.7098
2020-04-08,2022-05-12,504,10.1509,4.9528
2020-04-09,2022-05-13,504,10.385,5.0642
2020-04-10,2022-05-16,504,10.6046,5.1687
2020-04-13,2022-05-17,504,10.628,5.1798
2020-04-14,2022-05-18,504,9.405,4.5968
2020-04-15,2022-05-19,504,9.8843,4.8257
2020-04-16,2022-05-20,504,10.2025,4.9774
2020-04-17,2022-05-23,504,10.7034,5.2157
2020-04-20,2022-05-24,504,9.8627,4.8154
2020-04-21,2022-05-25,504,10.3331,5.0396
2020-04-22,2022-05-26,504,10.7074,5.2176
2020-04-23,2022-05-27,504,10.4078,5.0751
2020-04-24,2022-05-30,504,10.2327,4.9918
2020-04-27,2022-05-31,504,10.1628,4.9585
2020-04-28,2022-06-01,504,10.5289,5.1327
2020-04-29,2022-06-02,504,10.0706,4.9145
2020-04-30,2022-06-06,504,9.7394,4.7566
2020-05-06,2022-06-07,504,9.678,4.7273
2020-05-07,2022-06-08,504,10.125,4.9404
2020-05-08,2022-06-09,504,9.4282,4.6079
2020-05-11,2022-06-10,504,9.6419,4.71
2020-05-12,2022-06-13,504,9.8613,4.8147
2020-05-13,2022-06-14,504,9.7153,4.7451
2020-05-14,2022-06-15,504,9.677,4.7268
2020-05-15,2022-06-16,504,9.0135,4.4095
2020-05-18,2022-06-17,504,8.5084,4.1674
2020-05-19,2022-06-20,504,8.5046,4.1656
2020-05-20,2022-06-21,504,8.4531,4.1408
2020-05-21,2022-06-22,504,8.4358,4.1325
2020-05-22,2022-06-23,504,9.4891,4.637
2020-05-25,2022-06-24,504,9.15,4.4749
2020-05-26,2022-06-27,504,9.246,4.5208
2020-05-27,2022-06-28,504,9.5002,4.6423
2020-05-28,2022-06-29,504,9.1275,4.4641
2020-05-29,2022-06-30,504,9.3551,4.573
2020-06-01,2022-07-01,504,8.389,4.1101
2020-06-02,2022-07-04,504,8.6153,4.2187
2020-06-03,2022-07-05,504,8.8793,4.3452
2020-06-04,2022-07-06,504,7.8875,3.8689
2020-06-05,2022-07-07,504,7.8161,3.8345
2020-06-08,2022-07-08,504,7.9478,3.8979
2020-06-09,2022-07-11,504,7.3822,3.6254
2020-06-10,2022-07-12,504,7.4021,3.635
2020-06-11,2022-07-13,504,7.3595,3.6144
2020-06-12,2022-07-14,504,7.0422,3.4612
2020-06-15,2022-07-15,504,6.418,3.1591
2020-06-16,2022-07-18,504,6.7505,3.3202
2020-06-17,2022-07-19,504,6.7191,3.305
2020-06-18,2022-07-20,504,6.6102,3.2522
2020-06-19,2022-07-21,504,5.8728,2.8945
2020-06-22,2022-07-22,504,6.0507,2.9809
2020-06-23,2022-07-25,504,6.1351,3.0219
2020-06-24,2022-07-26,504,6.3988,3.1498
2020-06-29,2022-07-27,504,6.5304,3.2136
2020-06-30,2022-07-28,504,6.6572,3.275
2020-07-01,2022-07-29,504,6.0684,2.9895
2020-07-02,2022-08-01,504,5.7341,2.8271
2020-07-03,2022-08-02,504,4.7625,2.3535
2020-07-06,2022-08-03,504,2.9533,1.4659
2020-07-07,2022-08-04,504,3.2253,1.5999
2020-07-08,2022-08-05,504,3.188,1.5815
2020-07-09,2022-08-08,504,3.091,1.5337
2020-07-10,2022-08-09,504,4.0619,2.0108
2020-07-13,2022-08-10,504,3.1642,1.5698
2020-07-14,2022-08-11,504,3.5805,1.7745
2020-07-15,2022-08-12,504,4.345,2.1494
2020-07-16,2022-08-15,504,5.4647,2.696
2020-07-17,2022-08-16,504,5.578,2.7512
2020-07-20,2022-08-17,504,4.2554,2.1056
2020-07-21,2022-08-18,504,3.7813,1.8731
2020-07-22,2022-08-19,504,3.4439,1.7074
2020-07-23,2022-08-22,504,3.8106,1.8875
2020-07-24,2022-08-23,504,4.891,2.4163
2020-07-27,2022-08-24,504,4.054,2.0069
2020-07-28,2022-08-25,504,4.373,2.1631
2020-07-29,2022-08-26,504,3.7233,1.8446
2020-07-30,2022-08-29,504,3.8985,1.9306
2020-07-31,2022-08-30,504,3.3618,1.667
2020-08-03,2022-08-31,504,2.4789,1.2319
2020-08-04,2022-09-01,504,2.3694,1.1778
2020-08-05,2022-09-02,504,1.7261,0.8594
2020-08-06,2022-09-05,504,2.1976,1.0928
2020-08-07,2022-09-06,504,2.9019,1.4406
2020-08-10,2022-09-07,504,2.4693,1.2271
2020-08-11,2022-09-08,504,3.2991,1.6362
2020-08-12,2022-09-09,504,4.8419,2.3923
2020-08-13,2022-09-13,504,4.5709,2.2599
2020-08-14,2022-09-14,504,3.7782,1.8716
2020-08-17,2022-09-15,504,2.8083,1.3945
2020-08-18,2022-09-16,504,1.321,0.6583
2020-08-19,2022-09-19,504,1.891,0.9411
2020-08-20,2022-09-20,504,2.7733,1.3772
2020-08-21,2022-09-21,504,3.0199,1.4987
2020-08-24,2022-09-22,504,2.9952,1.4866
2020-08-25,2022-09-23,504,2.772,1.3765
2020-08-26,2022-09-26,504,2.5841,1.2838
2020-08-27,2022-09-27,504,2.5043,1.2444
2020-08-28,2022-09-28,504,1.7773,0.8847
2020-08-31,2022-09-29,504,1.8908,0.941
2020-09-01,2022-09-30,504,1.8032,0.8975
2020-09-02,2022-10-10,504,2.1304,1.0596
2020-09-03,2022-10-11,504,2.5519,1.2679
2020-09-04,2022-10-12,504,2.9463,1.4624
2020-09-07,2022-10-13,504,3.0089,1.4933
2020-09-08,2022-10-14,504,3.1152,1.5456
2020-09-09,2022-10-17,504,3.4133,1.6923
2020-09-10,2022-10-18,504,3.5652,1.767
2020-09-11,2022-10-19,504,3.2559,1.6149
2020-09-14,2022-10-20,504,2.751,1.3662
2020-09-15,2022-10-21,504,2.6414,1.3121
2020-09-16,2022-10-24,504,2.4444,1.2148
2020-09-17,2022-10-25,504,2.4729,1.2289
2020-09-18,2022-10-26,504,1.9268,0.9588
2020-09-21,2022-10-27,504,2.0925,1.0409
2020-09-22,2022-10-28,504,2.3269,1.1567
2020-09-23,2022-10-31,504,2.2516,1.1195
2020-09-24,2022-11-01,504,3.3312,1.652
2020-09-25,2022-11-02,504,3.5741,1.7714
2020-09-28,2022-11-03,504,3.4339,1.7025
2020-09-29,2022-11-04,504,3.52,1.7448
2020-09-30,2022-11-07,504,4.0345,1.9973
2020-10-09,2022-11-08,504,3.5718,1.7702
2020-10-12,2022-11-09,504,3.1931,1.584
2020-10-13,2022-11-10,504,3.2384,1.6063
2020-10-14,2022-11-11,504,4.2919,2.1234
2020-10-15,2022-11-14,504,4.2995,2.1271
2020-10-16,2022-11-15,504,4.4997,2.2251
2020-10-19,2022-11-16,504,4.7337,2.3395
2020-10-20,2022-11-17,504,4.7195,2.3325
2020-10-21,2022-11-18,504,4.5449,2.2472
2020-10-22,2022-11-21,504,4.6269,2.2873
2020-10-23,2022-11-22,504,4.9319,2.4363
2020-10-26,2022-11-23,504,5.0682,2.5028
2020-10-27,2022-11-24,504,5.24,2.5866
2020-10-28,2022-11-25,504,5.6573,2.7897
2020-10-29,2022-11-28,504,5.7708,2.8449
2020-10-30,2022-11-29,504,7.0853,3.482
2020-11-02,2022-11-30,504,6.4964,3.1971
2020-11-03,2022-12-01,504,5.9379,2.9261
2020-11-04,2022-12-02,504,5.7496,2.8346
2020-11-05,2022-12-05,504,5.4318,2.68
2020-11-06,2022-12-06,504,4.758,2.3514
2020-11-09,2022-12-07,504,4.168,2.0627
2020-11-10,2022-12-08,504,5.0719,2.5046
2020-11-11,2022-12-09,504,5.3096,2.6205
2020-11-12,2022-12-12,504,4.8023,2.373
2020-11-13,2022-12-13,504,4.9999,2.4695
2020-11-16,2022-12-14,504,4.6495,2.2983
2020-11-17,2022-12-15,504,4.0327,1.9964
2020-11-18,2022-12-16,504,4.2445,2.1002
2020-11-19,2022-12-19,504,4.0766,2.0179
2020-11-20,2022-12-20,504,3.6838,1.8253
2020-11-23,2022-12-21,504,3.5649,1.7668
2020-11-24,2022-12-22,504,4.1541,2.0559
2020-11-25,2022-12-23,504,4.5573,2.2532
2020-11-26,2022-12-26,504,4.5544,2.2518
2020-11-27,2022-12-27,504,4.6211,2.2845
2020-11-30,2022-12-28,504,5.6924,2.8068
2020-12-01,2022-12-29,504,4.8972,2.4194
2020-12-02,2022-12-30,504,4.7895,2.3667
2020-12-03,2023-01-03,504,4.8781,2.41
2020-12-04,2023-01-04,504,5.0911,2.514
2020-12-07,2023-01-05,504,5.4527,2.6902
2020-12-08,2023-01-06,504,4.8855,2.4136
2020-12-09,2023-01-09,504,5.631,2.7769
2020-12-10,2023-01-10,504,5.6782,2.7999
2020-12-11,2023-01-11,504,6.0841,2.9971
2020-12-14,2023-01-12,504,6.1504,3.0293
2020-12-15,2023-01-13,504,6.2728,3.0887
2020-12-16,2023-01-16,504,6.4283,3.1641
2020-12-17,2023-01-17,504,6.0851,2.9976
2020-12-18,2023-01-18,504,5.7516,2.8356
2020-12-21,2023-01-19,504,5.536,2.7307
2020-12-22,2023-01-20,504,7.039,3.4597
2020-12-23,2023-01-30,504,6.9651,3.4239
2020-12-24,2023-01-31,504,6.9653,3.424
2020-12-25,2023-02-01,504,6.8555,3.3709
2020-12-28,2023-02-02,504,7.2408,3.5571
2020-12-29,2023-02-03,504,7.0085,3.4449
2020-12-30,2023-02-06,504,6.4012,3.151
2021-01-04,2023-02-07,504,5.7572,2.8383
2021-01-05,2023-02-08,504,5.4363,2.6822
2021-01-06,2023-02-09,504,5.5861,2.7551
2021-01-07,2023-02-10,504,5.8541,2.8854
2021-01-08,2023-02-13,504,6.2156,3.0609
2021-01-11,2023-02-14,504,7.3931,3.6307
2021-01-12,2023-02-15,504,6.7643,3.3268
2021-01-13,2023-02-16,504,6.5523,3.2242
2021-01-14,2023-02-17,504,6.7616,3.3255
2021-01-15,2023-02-20,504,7.1557,3.516
2021-01-18,2023-02-21,504,7.2957,3.5836
2021-01-19,2023-02-22,504,7.1847,3.5301
2021-01-20,2023-02-23,504,7.1215,3.4995
2021-01-21,2023-02-24,504,6.6998,3.2956
2021-01-22,2023-02-27,504,7.0216,3.4513
2021-01-25,2023-02-28,504,7.7032,3.7802
2021-01-26,2023-03-01,504,8.0827,3.9628
2021-01-27,2023-03-02,504,8.3109,4.0725
2021-01-28,2023-03-03,504,9.0779,4.4404
2021-01-29,2023-03-06,504,9.2309,4.5136
2021-02-01,2023-03-07,504,8.466,4.147
2021-02-02,2023-03-08,504,8.1646,4.0022
2021-02-03,2023-03-09,504,8.6079,4.2151
2021-02-04,2023-03-10,504,8.7684,4.2921
2021-02-05,2023-03-13,504,9.5592,4.6706
2021-02-08,2023-03-14,504,9.1981,4.4979
2021-02-09,2023-03-15,504,8.8634,4.3376
2021-02-10,2023-03-16,504,8.6532,4.2369
2021-02-18,2023-03-17,504,9.1237,4.4623
2021-02-19,2023-03-20,504,9.4627,4.6244
2021-02-22,2023-03-21,504,8.6304,4.2259
2021-02-23,2023-03-22,504,8.2725,4.0541
2021-02-24,2023-03-23,504,8.856,4.3341
2021-02-25,2023-03-24,504,8.6722,4.246
2021-02-26,2023-03-27,504,9.3399,4.5657
2021-03-01,2023-03-28,504,8.804,4.3091
2021-03-02,2023-03-29,504,9.5521,4.6671
2021-03-03,2023-03-30,504,9.0438,4.424
2021-03-04,2023-03-31,504,9.7431,4.7583
2021-03-05,2023-04-03,504,9.9852,4.8738
2021-03-08,2023-04-04,504,10.3391,5.0424
2021-03-09,2023-04-06,504,10.9174,5.3173
2021-03-10,2023-04-07,504,10.8647,5.2923
2021-03-11,2023-04-10,504,9.7286,4.7514
2021-03-12,2023-04-11,504,10.2309,4.9909
2021-03-15,2023-04-12,504,10.4492,5.0948
2021-03-16,2023-04-13,504,10.2221,4.9867
2021-03-17,2023-04-14,504,10.3234,5.0349
2021-03-18,2023-04-17,504,10.055,4.9071
2021-03-19,2023-04-18,504,10.4361,5.0886
2021-03-22,2023-04-19,504,10.1868,4.9699
2021-03-23,2023-04-20,504,10.5659,5.1503
2021-03-24,2023-04-21,504,10.5598,5.1474
2021-03-25,2023-04-24,504,10.4753,5.1072
2021-03-26,2023-04-25,504,10.5552,5.1452
2021-03-29,2023-04-26,504,10.3971,5.07
2021-03-30,2023-04-27,504,10.9608,5.3379
2021-03-31,2023-04-28,504,11.4802,5.5842
2021-04-01,2023-05-04,504,11.94,5.8017
2021-04-02,2023-05-05,504,11.9395,5.8015
2021-04-06,2023-05-08,504,12.2899,5.9669
2021-04-07,2023-05-09,504,11.726,5.7005
2021-04-08,2023-05-10,504,11.2447,5.4726
2021-04-09,2023-05-11,504,11.046,5.3784
2021-04-12,2023-05-12,504,11.0045,5.3587
2021-04-13,2023-05-15,504,11.6279,5.6541
2021-04-14,2023-05-16,504,10.8539,5.2872
2021-04-15,2023-05-17,504,10.5542,5.1448
2021-04-16,2023-05-18,504,10.0755,4.9169
2021-04-19,2023-05-19,504,9.2533,4.5243
2021-04-20,2023-05-22,504,9.623,4.701
2021-04-21,2023-05-23,504,8.8758,4.3436
2021-04-22,2023-05-24,504,8.4835,4.1554
2021-04-23,2023-05-25,504,8.4076,4.1189
2021-04-26,2023-05-26,504,8.8267,4.3201
2021-04-27,2023-05-29,504,8.9872,4.3969
2021-04-28,2023-05-30,504,8.8912,4.3509
2021-04-29,2023-05-31,504,8.786,4.3005
2021-04-30,2023-06-01,504,8.975,4.3911
2021-05-06,2023-06-02,504,8.4098,4.12
2021-05-07,2023-06-05,504,7.8827,3.8666
2021-05-10,2023-06-06,504,7.5296,3.6965
2021-05-11,2023-06-07,504,8.0361,3.9404
2021-05-12,2023-06-08,504,7.8126,3.8329
2021-05-13,2023-06-09,504,8.4535,4.141
2021-05-14,2023-06-12,504,7.9517,3.8998
2021-05-17,2023-06-13,504,7.7075,3.7822
2021-05-18,2023-06-14,504,7.056,3.4679
2021-05-19,2023-06-15,504,6.8163,3.352
2021-05-20,2023-06-16,504,7.2999,3.5856
2021-05-21,2023-06-19,504,6.9321,3.408
2021-05-24,2023-06-20,504,6.4909,3.1944
2021-05-25,2023-06-21,504,5.9272,2.9209
2021-05-26,2023-06-26,504,5.1466,2.541
2021-05-27,2023-06-27,504,5.6604,2.7913
2021-05-28,2023-06-28,504,5.6083,2.7659
2021-05-31,2023-06-29,504,5.1251,2.5305
2021-06-01,2023-06-30,504,4.8996,2.4205
2021-06-02,2023-07-03,504,5.8318,2.8746
2021-06-03,2023-07-04,504,5.9228,2.9188
2021-06-04,2023-07-05,504,6.3698,3.1357
2021-06-07,2023-07-06,504,6.1103,3.0099
2021-06-08,2023-07-07,504,6.1069,3.0082
2021-06-09,2023-07-10,504,6.2331,3.0695
2021-06-10,2023-07-11,504,6.3203,3.1117
2021-06-11,2023-07-12,504,5.9786,2.9459
2021-06-15,2023-07-13,504,7.2208,3.5475
2021-06-16,2023-07-14,504,7.4306,3.6487
2021-06-17,2023-07-17,504,7.7862,3.8201
2021-06-18,2023-07-18,504,8.2732,4.0544
2021-06-21,2023-07-19,504,8.5669,4.1955
2021-06-22,2023-07-20,504,7.9734,3.9103
2021-06-23,2023-07-21,504,7.3953,3.6317
2021-06-24,2023-07-24,504,7.5783,3.7199
2021-06-25,2023-07-25,504,7.8046,3.829
2021-06-28,2023-07-26,504,8.1145,3.9781
2021-06-29,2023-07-27,504,8.3502,4.0914
2021-06-30,2023-07-28,504,8.8035,4.3089
2021-07-01,2023-07-31,504,8.7532,4.2848
2021-07-02,2023-08-01,504,8.985,4.3959
2021-07-05,2023-08-02,504,8.5739,4.1988
2021-07-06,2023-08-03,504,8.3637,4.0979
2021-07-07,2023-08-04,504,8.238,4.0375
2021-07-08,2023-08-07,504,8.6283,4.2249
2021-07-09,2023-08-08,504,8.2837,4.0595
2021-07-12,2023-08-09,504,8.026,3.9356
2021-07-13,2023-08-10,504,7.6809,3.7694
2021-07-14,2023-08-11,504,7.5084,3.6863
2021-07-15,2023-08-14,504,7.1534,3.5149
2021-07-16,2023-08-15,504,7.3827,3.6256
2021-07-19,2023-08-16,504,7.7745,3.8145
2021-07-20,2023-08-17,504,7.6363,3.7479
2021-07-21,2023-08-18,504,7.5174,3.6906
2021-07-22,2023-08-21,504,7.3128,3.5919
2021-07-23,2023-08-22,504,7.7568,3.806
2021-07-26,2023-08-23,504,8.2272,4.0323
2021-07-27,2023-08-24,504,9.2842,4.5391
2021-07-28,2023-08-25,504,9.239,4.5175
2021-07-29,2023-08-28,504,9.2418,4.5188
2021-07-30,2023-08-29,504,8.9552,4.3816
2021-08-02,2023-08-30,504,9.1237,4.4623
2021-08-03,2023-08-31,504,9.2786,4.5364
2021-08-04,2023-09-01,504,9.043,4.4237
2021-08-05,2023-09-04,504,9.7898,4.7806
2021-08-06,2023-09-05,504,9.6374,4.7079
2021-08-09,2023-09-06,504,10.0263,4.8934
2021-08-10,2023-09-07,504,9.9663,4.8648
2021-08-11,2023-09-08,504,9.5906,4.6855
2021-08-12,2023-09-11,504,9.1434,4.4717
2021-08-13,2023-09-12,504,9.0197,4.4125
2021-08-16,2023-09-13,504,8.8956,4.353
2021-08-17,2023-09-14,504,9.6369,4.7076
2021-08-18,2023-09-15,504,9.2352,4.5156
2021-08-19,2023-09-18,504,9.3495,4.5703
2021-08-20,2023-09-19,504,9.5543,4.6682
2021-08-23,2023-09-20,504,9.4375,4.6124
2021-08-24,2023-09-21,504,8.8003,4.3074
2021-08-25,2023-09-22,504,8.7461,4.2814
2021-08-26,2023-09-25,504,8.7776,4.2965
2021-08-27,2023-09-26,504,8.1366,3.9887
2021-08-30,2023-09-27,504,7.573,3.7174
2021-08-31,2023-09-28,504,6.6079,3.2511
2021-09-01,2023-10-09,504,6.3151,3.1092
2021-09-02,2023-10-10,504,5.4227,2.6756
2021-09-03,2023-10-11,504,5.4299,2.679
2021-09-06,2023-10-12,504,5.4907,2.7087
2021-09-07,2023-10-13,504,5.1842,2.5593
2021-09-08,2023-10-16,504,5.761,2.8402
2021-09-09,2023-10-17,504,5.651,2.7867
2021-09-10,2023-10-18,504,5.8231,2.8704
2021-09-13,2023-10-19,504,5.3524,2.6413
2021-09-14,2023-10-20,504,5.9176,2.9163
2021-09-15,2023-10-23,504,5.3952,2.6621
2021-09-16,2023-10-24,504,6.1229,3.016
2021-09-17,2023-10-25,504,7.0235,3.4522
2021-09-22,2023-10-26,504,6.6133,3.2537
2021-09-23,2023-10-27,504,6.9616,3.4223
2021-09-24,2023-10-30,504,7.7325,3.7943
2021-09-27,2023-10-31,504,8.4503,4.1395
2021-09-28,2023-11-01,504,8.2153,4.0266
2021-09-29,2023-11-02,504,9.1363,4.4683
2021-09-30,2023-11-03,504,8.7377,4.2774
2021-10-08,2023-11-06,504,8.1747,4.0071
2021-10-11,2023-11-07,504,8.0052,3.9255
2021-10-12,2023-11-08,504,8.0906,3.9666
2021-10-13,2023-11-09,504,8.2625,4.0493
2021-10-14,2023-11-10,504,8.0193,3.9323
2021-10-15,2023-11-13,504,7.9672,3.9073
2021-10-18,2023-11-14,504,8.0487,3.9465
2021-10-19,2023-11-15,504,7.9958,3.921
2021-10-20,2023-11-16,504,8.2276,4.0325
2021-10-21,2023-11-17,504,7.9294,3.8891
2021-10-22,2023-11-20,504,7.9851,3.9159
2021-10-25,2023-11-21,504,8.064,3.9538
2021-10-26,2023-11-22,504,7.9263,3.8876
2021-10-27,2023-11-23,504,8.6925,4.2557
2021-10-28,2023-11-24,504,9.0493,4.4267
2021-10-29,2023-11-27,504,9.275,4.5347
2021-11-01,2023-11-28,504,9.3686,4.5794
2021-11-02,2023-11-29,504,9.7774,4.7747
2021-11-03,2023-11-30,504,9.7886,4.78
2021-11-04,2023-12-01,504,9.9811,4.8719
2021-11-05,2023-12-04,504,10.3339,5.0399
2021-11-08,2023-12-05,504,9.0897,4.446
2021-11-09,2023-12-06,504,8.7645,4.2902
2021-11-10,2023-12-07,504,8.8811,4.3461
2021-11-11,2023-12-08,504,8.0706,3.957
2021-11-12,2023-12-11,504,8.4002,4.1154
2021-11-15,2023-12-12,504,8.5532,4.1888
2021-11-16,2023-12-13,504,8.292,4.0635
2021-11-17,2023-12-14,504,8.6281,4.2248
2021-11-18,2023-12-15,504,8.3529,4.0927
2021-11-19,2023-12-18,504,7.9555,3.9016
2021-11-22,2023-12-19,504,8.2005,4.0195
2021-11-23,2023-12-20,504,8.5713,4.1975
2021-11-24,2023-12-21,504,8.5878,4.2055
2021-11-25,2023-12-22,504,8.7962,4.3054
2021-11-26,2023-12-25,504,8.873,4.3422
2021-11-29,2023-12-26,504,9.0229,4.4141
2021-11-30,2023-12-27,504,9.2617,4.5283
2021-12-01,2023-12-28,504,9.1081,4.4548
2021-12-02,2023-12-29,504,9.2081,4.5027
2021-12-03,2024-01-02,504,9.4851,4.6351
2021-12-06,2024-01-03,504,9.7317,4.7529
2021-12-07,2024-01-04,504,9.6699,4.7234
2021-12-08,2024-01-05,504,9.6731,4.7249
2021-12-09,2024-01-08,504,9.4414,4.6142
2021-12-10,2024-01-09,504,9.7058,4.7405
2021-12-13,2024-01-10,504,9.2928,4.5432
2021-12-14,2024-01-11,504,9.4101,4.5993
2021-12-15,2024-01-12,504,9.7256,4.75
2021-12-16,2024-01-15,504,9.3395,4.5655
2021-12-17,2024-01-16,504,9.2121,4.5046
2021-12-20,2024-01-17,504,8.8864,4.3486
2021-12-21,2024-01-18,504,8.354,4.0932
2021-12-22,2024-01-19,504,8.4506,4.1396
2021-12-23,2024-01-22,504,7.0873,3.483
2021-12-24,2024-01-23,504,7.5013,3.6828
2021-12-27,2024-01-24,504,7.9093,3.8794
2021-12-28,2024-01-25,504,8.6187,4.2203
2021-12-29,2024-01-26,504,9.3063,4.5496
2021-12-30,2024-01-29,504,9.5296,4.6564
2022-01-04,2024-01-30,504,8.5884,4.2058
2022-01-05,2024-01-31,504,8.4829,4.1551
2022-01-06,2024-02-01,504,8.3653,4.0987
2022-01-07,2024-02-02,504,8.5858,4.2045
2022-01-10,2024-02-05,504,8.1007,3.9715
2022-01-11,2024-02-06,504,8.3088,4.0715
2022-01-12,2024-02-07,504,8.8828,4.3469
2022-01-13,2024-02-08,504,8.981,4.394
2022-01-14,2024-02-19,504,9.8635,4.8158
2022-01-17,2024-02-20,504,10.2649,5.0071
2022-01-18,2024-02-21,504,10.0819,4.9199
2022-01-19,2024-02-22,504,10.2113,4.9816
2022-01-20,2024-02-23,504,9.7215,4.748
2022-01-21,2024-02-26,504,9.5657,4.6736
2022-01-24,2024-02-27,504,9.9061,4.8361
2022-01-25,2024-02-28,504,10.4861,5.1124
2022-01-26,2024-02-29,504,10.6305,5.181
2022-01-27,2024-03-01,504,11.6561,5.6675
2022-01-28,2024-03-04,504,12.4004,6.0191
2022-02-07,2024-03-05,504,12.1157,5.8847
2022-02-08,2024-03-06,504,11.5078,5.5972
2022-02-09,2024-03-07,504,11.6747,5.6763
2022-02-10,2024-03-08,504,11.5154,5.6008
2022-02-11,2024-03-11,504,11.6311,5.6556
2022-02-14,2024-03-12,504,10.8892,5.3039
2022-02-15,2024-03-13,504,10.5188,5.1279
2022-02-16,2024-03-14,504,10.8421,5.2816
2022-02-17,2024-03-15,504,10.7726,5.2486
2022-02-18,2024-03-18,504,9.755,4.764
2022-02-21,2024-03-19,504,9.6036,4.6917
2022-02-22,2024-03-20,504,9.6053,4.6926
2022-02-23,2024-03-21,504,10.4936,5.1159
2022-02-24,2024-03-22,504,10.1048,4.9308
2022-02-25,2024-03-25,504,10.5229,5.1299
2022-02-28,2024-03-26,504,10.7046,5.2163
2022-03-01,2024-03-27,504,10.5028,5.1203
2022-03-02,2024-03-28,504,10.1085,4.9326
2022-03-03,2024-03-29,504,10.8414,5.2813
2022-03-04,2024-04-01,504,11.0949,5.4015
2022-03-07,2024-04-02,504,10.9004,5.3093
2022-03-08,2024-04-03,504,11.8756,5.7713
2022-03-09,2024-04-08,504,12.5789,6.1032
2022-03-10,2024-04-09,504,13.1547,6.3742
2022-03-11,2024-04-10,504,13.0914,6.3445
2022-03-14,2024-04-11,504,13.9154,6.7312
2022-03-15,2024-04-12,504,17.1082,8.2165
2022-03-16,2024-04-15,504,16.8421,8.0935
2022-03-17,2024-04-16,504,16.0758,7.7385
2022-03-18,2024-04-17,504,15.8871,7.6509
2022-03-21,2024-04-18,504,15.8585,7.6376
2022-03-22,2024-04-19,504,15.4522,7.4487
2022-03-23,2024-04-22,504,14.4017,6.9587
2022-03-24,2024-04-23,504,12.9346,6.2707
2022-03-25,2024-04-24,504,13.145,6.3697
2022-03-28,2024-04-25,504,13.2101,6.4003
2022-03-29,2024-04-26,504,13.4718,6.5231
2022-03-30,2024-04-29,504,12.979,6.2916
2022-03-31,2024-04-30,504,12.6273,6.126
2022-04-01,2024-05-06,504,12.4393,6.0374
2022-04-06,2024-05-07,504,12.2292,5.9383
2022-04-07,2024-05-08,504,12.6927,6.1568
2022-04-08,2024-05-09,504,12.4909,6.0617
2022-04-11,2024-05-10,504,13.6809,6.6213
2022-04-12,2024-05-13,504,13.4746,6.5245
2022-04-13,2024-05-14,504,13.14,6.3673
2022-04-14,2024-05-15,504,12.6754,6.1487
2022-04-15,2024-05-16,504,13.0822,6.3401
2022-04-18,2024-05-17,504,13.5969,6.5819
2022-04-19,2024-05-20,504,14.5303,7.0188
2022-04-20,2024-05-21,504,15.4173,7.4325
2022-04-21,2024-05-22,504,15.7544,7.5892
2022-04-22,2024-05-23,504,14.1057,6.8202
2022-04-25,2024-05-24,504,15.3827,7.4163
2022-04-26,2024-05-27,504,16.6798,8.0184
2022-04-27,2024-05-28,504,16.2402,7.8147
2022-04-28,2024-05-29,504,16.1371,7.7669
2022-04-29,2024-05-30,504,14.413,6.964
2022-05-05,2024-05-31,504,14.4942,7.002
2022-05-06,2024-06-03,504,14.822,7.155
2022-05-09,2024-06-04,504,15.0372,7.2554
2022-05-10,2024-06-05,504,14.7479,7.1204
2022-05-11,2024-06-06,504,15.461,7.4528
2022-05-12,2024-06-07,504,15.4032,7.4259
2022-05-13,2024-06-11,504,13.5998,6.5832
2022-05-16,2024-06-12,504,14.1101,6.8223
2022-05-17,2024-06-13,504,13.8193,6.6861
2022-05-18,2024-06-14,504,14.2827,6.9031
2022-05-19,2024-06-17,504,13.7326,6.6455
2022-05-20,2024-06-18,504,13.4451,6.5106
2022-05-23,2024-06-19,504,13.3775,6.4789
2022-05-24,2024-06-20,504,14.2273,6.8772
2022-05-25,2024-06-21,504,13.8468,6.699
2022-05-26,2024-06-24,504,12.616,6.1207
2022-05-27,2024-06-25,504,12.6533,6.1383
2022-05-30,2024-06-26,504,12.6761,6.149
2022-05-31,2024-06-27,504,12.3821,6.0104
2022-06-01,2024-06-28,504,12.9016,6.2551
2022-06-02,2024-07-01,504,13.5311,6.551
2022-06-06,2024-07-02,504,13.521,6.5462
2022-06-07,2024-07-03,504,13.5311,6.551
2022-06-08,2024-07-04,504,13.1404,6.3675
2022-06-09,2024-07-05,504,13.1845,6.3882
2022-06-10,2024-07-08,504,12.9542,6.2799
2022-06-13,2024-07-09,504,12.9888,6.2962
2022-06-14,2024-07-10,504,12.6933,6.1571
2022-06-15,2024-07-11,504,13.1978,6.3945
2022-06-16,2024-07-12,504,13.5431,6.5566
2022-06-17,2024-07-15,504,13.5755,6.5718
2022-06-20,2024-07-16,504,13.9835,6.7631
2022-06-21,2024-07-17,504,14.2039,6.8662
2022-06-22,2024-07-18,504,14.6186,7.0601
2022-06-23,2024-07-19,504,13.1386,6.3666
2022-06-24,2024-07-22,504,13.1127,6.3544
2022-06-27,2024-07-23,504,12.1754,5.9129
2022-06-28,2024-07-24,504,12.4426,6.039
2022-06-29,2024-07-25,504,11.8234,5.7466
2022-06-30,2024-07-26,504,11.8777,5.7722
2022-07-01,2024-07-29,504,12.2951,5.9694
2022-07-04,2024-07-30,504,11.9273,5.7957
2022-07-05,2024-07-31,504,12.5742,6.101
2022-07-06,2024-08-01,504,13.909,6.7282
2022-07-07,2024-08-02,504,14.2815,6.9025
2022-07-08,2024-08-05,504,13.2649,6.426
2022-07-11,2024-08-06,504,13.2561,6.4219
2022-07-12,2024-08-07,504,13.3384,6.4605
2022-07-13,2024-08-08,504,13.6405,6.6023
2022-07-14,2024-08-09,504,14.1159,6.825
2022-07-15,2024-08-12,504,15.4703,7.4571
2022-07-18,2024-08-13,504,14.9269,7.204
2022-07-19,2024-08-14,504,14.7183,7.1066
2022-07-20,2024-08-15,504,14.8229,7.1555
2022-07-21,2024-08-16,504,15.5441,7.4914
2022-07-22,2024-08-19,504,15.7738,7.5982
2022-07-25,2024-08-20,504,15.4144,7.4311
2022-07-26,2024-08-21,504,14.8888,7.1862
2022-07-27,2024-08-22,504,14.7889,7.1396
2022-07-28,2024-08-23,504,14.273,6.8986
2022-07-29,2024-08-26,504,14.2594,6.8922
2022-08-01,2024-08-27,504,14.1703,6.8505
2022-08-02,2024-08-28,504,14.5452,7.0258
2022-08-03,2024-08-29,504,14.673,7.0855
2022-08-04,2024-08-30,504,14.5028,7.006
2022-08-05,2024-09-02,504,13.9655,6.7546
2022-08-08,2024-09-03,504,13.579,6.5734
2022-08-09,2024-09-04,504,13.1334,6.3642
2022-08-10,2024-09-05,504,13.4185,6.4981
2022-08-11,2024-09-06,504,13.026,6.3137
2022-08-12,2024-09-09,504,12.0256,5.8421
2022-08-15,2024-09-10,504,12.1434,5.8978
2022-08-16,2024-09-11,504,11.7002,5.6883
2022-08-17,2024-09-12,504,11.7566,5.715
2022-08-18,2024-09-13,504,12.5055,6.0686
2022-08-19,2024-09-18,504,12.5653,6.0968
2022-08-22,2024-09-19,504,12.4605,6.0474
2022-08-23,2024-09-20,504,12.6851,6.1533
2022-08-24,2024-09-23,504,13.536,6.5533
2022-08-25,2024-09-24,504,14.0379,6.7885
2022-08-26,2024-09-25,504,14.7135,7.1044
2022-08-29,2024-09-26,504,15.8168,7.6182
2022-08-30,2024-09-27,504,16.2559,7.8221
2022-08-31,2024-09-30,504,18.4047,8.8139
2022-09-01,2024-10-08,504,18.7336,8.965
2022-09-02,2024-10-09,504,16.0393,7.7215
2022-09-05,2024-10-10,504,16.3085,7.8464
2022-09-06,2024-10-11,504,15.5426,7.4907
2022-09-07,2024-10-14,504,16.8979,8.1194
2022-09-08,2024-10-15,504,16.1235,7.7606
2022-09-09,2024-10-16,504,16.6762,8.0168
2022-09-13,2024-10-17,504,16.498,7.9343
2022-09-14,2024-10-18,504,17.4362,8.368
2022-09-15,2024-10-21,504,17.8392,8.5537
2022-09-16,2024-10-22,504,19.0995,9.1327
2022-09-19,2024-10-23,504,19.248,9.2007
2022-09-20,2024-10-24,504,18.6764,8.9387
2022-09-21,2024-10-25,504,18.3876,8.806
2022-09-22,2024-10-28,504,18.8842,9.034
2022-09-23,2024-10-29,504,18.9113,9.0465
2022-09-26,2024-10-30,504,19.8466,9.4745
2022-09-27,2024-10-31,504,19.1815,9.1703
2022-09-28,2024-11-01,504,19.352,9.2483
2022-09-29,2024-11-04,504,19.1965,9.1771
2022-09-30,2024-11-05,504,19.3103,9.2293
2022-10-10,2024-11-06,504,19.046,9.1082
2022-10-11,2024-11-07,504,18.9507,9.0645
2022-10-12,2024-11-08,504,18.3432,8.7857
2022-10-13,2024-11-11,504,18.4325,8.8267
2022-10-14,2024-11-12,504,17.4245,8.3626
2022-10-17,2024-11-13,504,17.6313,8.458
2022-10-18,2024-11-14,504,16.5542,7.9603
2022-10-19,2024-11-15,504,16.7586,8.0549
2022-10-20,2024-11-18,504,18.0789,8.6641
2022-10-21,2024-11-19,504,18.5313,8.8721
2022-10-24,2024-11-20,504,18.9025,9.0424
2022-10-25,2024-11-21,504,19.3143,9.2311
2022-10-26,2024-11-22,504,19.1806,9.1699
2022-10-27,2024-11-25,504,18.7244,8.9607
2022-10-28,2024-11-26,504,19.0821,9.1248
2022-10-31,2024-11-27,504,20.2553,9.661
2022-11-01,2024-11-28,504,19.5554,9.3414
2022-11-02,2024-11-29,504,19.6207,9.3713
2022-11-03,2024-12-02,504,19.724,9.4185
2022-11-04,2024-12-03,504,19.7371,9.4244
2022-11-07,2024-12-04,504,19.2484,9.2009
2022-11-08,2024-12-05,504,19.1139,9.1393
2022-11-09,2024-12-06,504,18.704,8.9514
2022-11-10,2024-12-09,504,18.9192,9.0501
2022-11-11,2024-12-10,504,18.1574,8.7002
2022-11-14,2024-12-11,504,18.7698,8.9816
2022-11-15,2024-12-12,504,18.723,8.9601
2022-11-16,2024-12-13,504,17.8389,8.5536
2022-11-17,2024-12-16,504,17.8317,8.5503
2022-11-18,2024-12-17,504,17.912,8.5873
2022-11-21,2024-12-18,504,18.2033,8.7213
2022-11-22,2024-12-19,504,17.6399,8.4619
2022-11-23,2024-12-20,504,17.3656,8.3354
2022-11-24,2024-12-23,504,17.3838,8.3438
2022-11-25,2024-12-24,504,17.1222,8.223
2022-11-28,2024-12-25,504,17.4058,8.3539
2022-11-29,2024-12-26,504,16.6012,7.982
2022-11-30,2024-12-27,504,16.7735,8.0618
2022-12-01,2024-12-30,504,17.0572,8.193
2022-12-02,2025-01-02,504,16.4789,7.9254
2022-12-05,2025-01-03,504,16.3055,7.845
2022-12-06,2025-01-06,504,16.703,8.0291
2022-12-07,2025-01-07,504,16.8392,8.0922
2022-12-08,2025-01-08,504,16.7495,8.0507
2022-12-09,2025-01-09,504,16.151,7.7734
2022-12-12,2025-01-10,504,16.3318,7.8572
2022-12-13,2025-01-13,504,16.0403,7.722
2022-12-14,2025-01-14,504,16.0979,7.7487
2022-12-15,2025-01-15,504,16.8565,8.1002
2022-12-16,2025-01-16,504,17.0391,8.1846
2022-12-19,2025-01-17,504,17.4539,8.3761
2022-12-20,2025-01-20,504,17.6395,8.4618
2022-12-21,2025-01-21,504,17.1513,8.2364
2022-12-22,2025-01-22,504,17.3132,8.3112
2022-12-23,2025-01-23,504,17.8954,8.5796
2022-12-26,2025-01-24,504,18.2491,8.7424
2022-12-27,2025-01-27,504,18.1893,8.7149
2022-12-28,2025-02-05,504,18.5967,8.9021
2022-12-29,2025-02-06,504,18.8046,8.9975
2022-12-30,2025-02-07,504,18.6909,8.9454
2023-01-03,2025-02-10,504,18.8579,9.022
2023-01-04,2025-02-11,504,19.012,9.0926
2023-01-05,2025-02-12,504,18.7918,8.9917
2023-01-06,2025-02-13,504,19.2549,9.2039
2023-01-09,2025-02-14,504,19.1476,9.1547
2023-01-10,2025-02-17,504,18.6879,8.944
2023-01-11,2025-02-18,504,18.6165,8.9112
2023-01-12,2025-02-19,504,18.8954,9.0392
2023-01-13,2025-02-20,504,18.6353,8.9198
2023-01-16,2025-02-21,504,17.9261,8.5938
2023-01-17,2025-02-24,504,17.9304,8.5958
2023-01-18,2025-02-25,504,17.74,8.5081
2023-01-19,2025-02-26,504,17.5954,8.4414
2023-01-20,2025-02-27,504,17.2299,8.2728
2023-01-30,2025-02-28,504,16.9603,8.1482
2023-01-31,2025-03-03,504,17.1205,8.2222
2023-02-01,2025-03-04,504,17.0805,8.2038
2023-02-02,2025-03-05,504,17.1653,8.2429
2023-02-03,2025-03-06,504,17.7578,8.5163
2023-02-06,2025-03-07,504,18.3344,8.7816
2023-02-07,2025-03-10,504,18.4558,8.8374
2023-02-08,2025-03-11,504,18.5757,8.8925
2023-02-09,2025-03-12,504,18.2802,8.7567
2023-02-10,2025-03-13,504,18.9177,9.0494
2023-02-13,2025-03-14,504,19.3337,9.24
2023-02-14,2025-03-17,504,19.3693,9.2563
2023-02-15,2025-03-18,504,19.7998,9.4531
2023-02-16,2025-03-19,504,20.4103,9.7316
2023-02-17,2025-03-20,504,20.4469,9.7483
2023-02-20,2025-03-21,504,19.4608,9.2981
2023-02-21,2025-03-24,504,19.3681,9.2557
2023-02-22,2025-03-25,504,19.4173,9.2782
2023-02-23,2025-03-26,504,19.5241,9.3271
2023-02-24,2025-03-27,504,19.5706,9.3484
2023-02-27,2025-03-28,504,20.0481,9.5665
2023-02-28,2025-03-31,504,20.059,9.5714
2023-03-01,2025-04-01,504,20.3335,9.6966
2023-03-02,2025-04-02,504,20.2262,9.6477
2023-03-03,2025-04-03,504,20.2353,9.6518
2023-03-06,2025-04-07,504,17.2541,8.2839
2023-03-07,2025-04-08,504,18.1251,8.6854
2023-03-08,2025-04-09,504,19.013,9.0931
2023-03-09,2025-04-10,504,20.1181,9.5984
2023-03-10,2025-04-11,504,20.8633,9.9378
2023-03-13,2025-04-14,504,20.7713,9.896
2023-03-14,2025-04-15,504,20.7131,9.8695
2023-03-15,2025-04-16,504,21.2665,10.121
2023-03-16,2025-04-17,504,21.5153,10.234
2023-03-17,2025-04-18,504,21.2879,10.1308
2023-03-20,2025-04-21,504,21.088,10.04
2023-03-21,2025-04-22,504,22.6403,10.7431
2023-03-22,2025-04-23,504,20.7076,9.867
2023-03-23,2025-04-24,504,20.9735,9.988
2023-03-24,2025-04-25,504,20.7661,9.8936
2023-03-27,2025-04-28,504,20.8604,9.9365
2023-03-28,2025-04-29,504,21.1518,10.069
2023-03-29,2025-04-30,504,20.713,9.8694
2023-03-30,2025-05-06,504,21.1749,10.0795
2023-03-31,2025-05-07,504,21.4912,10.2231
2023-04-03,2025-05-08,504,21.2135,10.097
2023-04-04,2025-05-09,504,20.7729,9.8967
2023-04-06,2025-05-12,504,19.857,9.4792
2023-04-07,2025-05-13,504,19.7282,9.4204
2023-04-10,2025-05-14,504,19.9354,9.515
2023-04-11,2025-05-15,504,18.5071,8.8609
2023-04-12,2025-05-16,504,18.3283,8.7788
2023-04-13,2025-05-19,504,18.5804,8.8946
2023-04-14,2025-05-20,504,18.4774,8.8473
2023-04-17,2025-05-21,504,19.7466,9.4288
2023-04-18,2025-05-22,504,19.783,9.4454
2023-04-19,2025-05-23,504,19.5464,9.3373
2023-04-20,2025-05-26,504,19.1462,9.1541
2023-04-21,2025-05-27,504,19.3009,9.2249
2023-04-24,2025-05-28,504,19.5384,9.3336
2023-04-25,2025-05-29,504,18.8666,9.026
2023-04-26,2025-05-30,504,19.0609,9.1151
2023-04-27,2025-06-03,504,19.5348,9.332
2023-04-28,2025-06-04,504,19.521,9.3257
2023-05-04,2025-06-05,504,18.0838,8.6664
2023-05-05,2025-06-06,504,17.8061,8.5385
2023-05-08,2025-06-09,504,17.3188,8.3138
2023-05-09,2025-06-10,504,17.4673,8.3823
2023-05-10,2025-06-11,504,18.0667,8.6585
2023-05-11,2025-06-12,504,18.426,8.8237
2023-05-12,2025-06-13,504,18.9427,9.0608
2023-05-15,2025-06-16,504,18.7872,8.9895
2023-05-16,2025-06-17,504,18.728,8.9624
2023-05-17,2025-06-18,504,18.9894,9.0823
2023-05-18,2025-06-19,504,18.5303,8.8716
2023-05-19,2025-06-20,504,18.9205,9.0507
2023-05-22,2025-06-23,504,19.0054,9.0896
2023-05-23,2025-06-24,504,19.1644,9.1625
2023-05-24,2025-06-25,504,19.5989,9.3613
2023-05-25,2025-06-26,504,19.9308,9.5129
2023-05-26,2025-06-27,504,19.3165,9.2321
2023-05-29,2025-06-30,504,19.1386,9.1506
2023-05-30,2025-07-01,504,19.8546,9.4781
2023-05-31,2025-07-02,504,19.8721,9.4861
2023-06-01,2025-07-03,504,20.1982,9.6349
2023-06-02,2025-07-04,504,19.8981,9.498
2023-06-05,2025-07-07,504,19.9713,9.5314
2023-06-06,2025-07-08,504,20.1993,9.6355
2023-06-07,2025-07-09,504,19.6041,9.3637
2023-06-08,2025-07-10,504,20.0027,9.5457
2023-06-09,2025-07-11,504,19.5891,9.3568
2023-06-12,2025-07-14,504,20.2389,9.6535
2023-06-13,2025-07-15,504,19.8259,9.465
2023-06-14,2025-07-16,504,19.8859,9.4924
2023-06-15,2025-07-17,504,20.1004,9.5903
2023-06-16,2025-07-18,504,20.097,9.5888
2023-06-19,2025-07-21,504,20.9788,9.9904
2023-06-20,2025-07-22,504,21.8028,10.3643
2023-06-21,2025-07-23,504,22.4861,10.6734
2023-06-26,2025-07-24,504,22.4202,10.6437
2023-06-27,2025-07-25,504,21.6656,10.3021
2023-06-28,2025-07-28,504,21.218,10.0991
2023-06-29,2025-07-29,504,21.1279,10.0581
2023-06-30,2025-07-30,504,21.1825,10.0829
2023-07-03,2025-07-31,504,20.1498,9.6129
2023-07-04,2025-08-01,504,20.2828,9.6735
2023-07-05,2025-08-04,504,20.9241,9.9655
2023-07-06,2025-08-05,504,21.3952,10.1795
2023-07-07,2025-08-06,504,21.582,10.2642
2023-07-10,2025-08-07,504,21.481,10.2184
2023-07-11,2025-08-08,504,21.5545,10.2517
2023-07-12,2025-08-11,504,21.2874,10.1306
2023-07-13,2025-08-12,504,20.7186,9.872
2023-07-14,2025-08-13,504,20.8144,9.9156
2023-07-17,2025-08-14,504,20.7821,9.9009
2023-07-18,2025-08-15,504,20.6392,9.8359
2023-07-19,2025-08-18,504,20.1746,9.6242
2023-07-20,2025-08-19,504,20.2266,9.6479
2023-07-21,2025-08-20,504,20.5266,9.7846
2023-07-24,2025-08-21,504,20.7946,9.9066
2023-07-25,2025-08-22,504,20.3348,9.6972
2023-07-26,2025-08-25,504,20.6235,9.8287
2023-07-27,2025-08-26,504,20.5718,9.8052
2023-07-28,2025-08-27,504,19.7608,9.4353
2023-07-31,2025-08-28,504,19.7342,9.4231
2023-08-01,2025-08-29,504,19.6508,9.385
2023-08-02,2025-09-01,504,20.5567,9.7983
2023-08-03,2025-09-02,504,20.803,9.9104
2023-08-04,2025-09-03,504,21.1594,10.0725
2023-08-07,2025-09-04,504,21.2301,10.1046
2023-08-08,2025-09-05,504,21.4745,10.2154
2023-08-09,2025-09-08,504,22.1663,10.5289
2023-08-10,2025-09-09,504,22.7968,10.8137
2023-08-11,2025-09-10,504,22.9339,10.8756
2023-08-14,2025-09-11,504,22.9326,10.875
2023-08-15,2025-09-12,504,22.7254,10.7815
2023-08-16,2025-09-15,504,22.439,10.6522
2023-08-17,2025-09-16,504,22.9086,10.8642
2023-08-18,2025-09-17,504,22.9186,10.8687
2023-08-21,2025-09-18,504,22.0954,10.4968
2023-08-22,2025-09-19,504,22.4166,10.642
2023-08-23,2025-09-22,504,22.9358,10.8764
2023-08-24,2025-09-23,504,23.4315,11.0997
2023-08-25,2025-09-24,504,23.747,11.2417
2023-08-28,2025-09-25,504,22.9524,10.8839
2023-08-29,2025-09-26,504,22.9274,10.8726
2023-08-30,2025-09-29,504,23.6184,11.1838
2023-08-31,2025-09-30,504,24.0996,11.4
2023-09-01,2025-10-09,504,25.8112,12.1656
2023-09-04,2025-10-10,504,24.9325,11.7732
2023-09-05,2025-10-13,504,26.1525,12.3176
2023-09-06,2025-10-14,504,27.0342,12.7094
2023-09-07,2025-10-15,504,28.1481,13.2025
2023-09-08,2025-10-16,504,28.4756,13.3471
2023-09-11,2025-10-17,504,29.1324,13.6364
2023-09-12,2025-10-20,504,28.4124,13.3192
2023-09-13,2025-10-21,504,29.0654,13.607
2023-09-14,2025-10-22,504,27.1054,12.741
2023-09-15,2025-10-23,504,27.2544,12.8071
2023-09-18,2025-10-24,504,27.0396,12.7118
2023-09-19,2025-10-27,504,26.6804,12.5524
2023-09-20,2025-10-28,504,25.2791,11.9282
2023-09-21,2025-10-29,504,25.8387,12.1778
2023-09-22,2025-10-30,504,25.6468,12.0923
2023-09-25,2025-10-31,504,25.9462,12.2258
2023-09-26,2025-11-03,504,26.4547,12.4521
2023-09-27,2025-11-04,504,26.7042,12.563
2023-09-28,2025-11-05,504,27.2487,12.8046
2023-10-09,2025-11-06,504,28.0157,13.144
2023-10-10,2025-11-07,504,28.7985,13.4894
2023-10-11,2025-11-10,504,29.6502,13.864
2023-10-12,2025-11-11,504,29.4466,13.7746
2023-10-13,2025-11-12,504,29.3098,13.7145
2023-10-16,2025-11-13,504,29.3939,13.7514
2023-10-17,2025-11-14,504,28.7103,13.4506
2023-10-18,2025-11-17,504,27.7289,13.0172
2023-10-19,2025-11-18,504,27.214,12.7892
2023-10-20,2025-11-19,504,27.679,12.9951
2023-10-23,2025-11-20,504,27.9407,13.1109
2023-10-24,2025-11-21,504,26.982,12.6863
2023-10-25,2025-11-24,504,26.7413,12.5794
2023-10-26,2025-11-25,504,27.0975,12.7375
2023-10-27,2025-11-26,504,26.8224,12.6155
2023-10-30,2025-11-27,504,27.1423,12.7574
2023-10-31,2025-11-28,504,27.2867,12.8214
2023-11-01,2025-12-01,504,28.0156,13.144
2023-11-02,2025-12-02,504,27.658,12.9858
2023-11-03,2025-12-03,504,27.7242,13.0151
2023-11-06,2025-12-04,504,27.6974,13.0033
2023-11-07,2025-12-05,504,28.1286,13.1939
2023-11-08,2025-12-08,504,28.0639,13.1653
2023-11-09,2025-12-09,504,27.5281,12.9283
2023-11-10,2025-12-10,504,27.6646,12.9887
2023-11-13,2025-12-11,504,27.4899,12.9114
2023-11-14,2025-12-12,504,27.8039,13.0504
2023-11-15,2025-12-15,504,28.1375,13.1978
2023-11-16,2025-12-16,504,27.6195,12.9688
2023-11-17,2025-12-17,504,27.959,13.119
2023-11-20,2025-12-18,504,28.5311,13.3716
2023-11-21,2025-12-19,504,28.5189,13.3662
2023-11-22,2025-12-22,504,29.2363,13.6821
2023-11-23,2025-12-23,504,29.4826,13.7904
2023-11-24,2025-12-24,504,29.5208,13.8072
2023-11-27,2025-12-25,504,29.1945,13.6638
2023-11-28,2025-12-26,504,29.4974,13.7969
2023-11-29,2025-12-29,504,29.0871,13.6165
2023-11-30,2025-12-30,504,28.2052,13.2277
2023-12-01,2026-01-05,504,28.5897,13.3974
2023-12-04,2026-01-06,504,28.8968,13.5327
2023-12-05,2026-01-07,504,29.5771,13.8319
2023-12-06,2026-01-08,504,29.518,13.806
2023-12-07,2026-01-09,504,29.8012,13.9303
2023-12-08,2026-01-12,504,30.5506,14.2588
2023-12-11,2026-01-13,504,30.2248,14.1161
2023-12-12,2026-01-14,504,30.3204,14.158
2023-12-13,2026-01-15,504,30.4109,14.1976
2023-12-14,2026-01-16,504,29.5694,13.8285
2023-12-15,2026-01-19,504,30.622,14.29
2023-12-18,2026-01-20,504,31.5246,14.6842
2023-12-19,2026-01-21,504,32.387,15.0596
2023-12-20,2026-01-22,504,32.5396,15.1259
2023-12-21,2026-01-23,504,33.4623,15.5259
2023-12-22,2026-01-26,504,34.4931,15.9712
2023-12-25,2026-01-27,504,34.246,15.8646
2023-12-26,2026-01-28,504,36.1616,16.6883
2023-12-27,2026-01-29,504,38.3663,17.6292
2023-12-28,2026-01-30,504,35.102,16.2334
2023-12-29,2026-02-02,504,28.9743,13.5669
2024-01-02,2026-02-03,504,31.5854,14.7107
2024-01-03,2026-02-04,504,33.6651,15.6136
2024-01-04,2026-02-05,504,32.4577,15.0903
2024-01-05,2026-02-06,504,31.776,14.7937
2024-01-08,2026-02-09,504,33.564,15.5699
2024-01-09,2026-02-10,504,33.4023,15.4999
2024-01-10,2026-02-11,504,34.2069,15.8477
2024-01-11,2026-02-12,504,34.0974,15.8004
2024-01-12,2026-02-13,504,32.9738,15.3143
2024-01-15,2026-02-24,504,34.4068,15.934
2024-01-16,2026-02-25,504,34.5073,15.9773
2024-01-17,2026-02-26,504,35.0272,16.2012
2024-01-18,2026-02-27,504,35.6987,16.4898
2024-01-19,2026-03-02,504,37.8461,17.4079
2024-01-22,2026-03-03,504,38.8915,17.8522
2024-01-23,2026-03-04,504,36.9337,17.0187
2024-01-24,2026-03-05,504,36.1582,16.6869
2024-01-25,2026-03-06,504,35.0636,16.2169
2024-01-26,2026-03-09,504,34.4823,15.9665
2024-01-29,2026-03-10,504,34.3682,15.9173
2024-01-30,2026-03-11,504,35.2584,16.3006
2024-01-31,2026-03-12,504,35.6062,16.4501
2024-02-01,2026-03-13,504,35.2076,16.2788
2024-02-02,2026-03-16,504,34.3499,15.9094
2024-02-05,2026-03-17,504,34.3345,15.9028
2024-02-06,2026-03-18,504,33.3578,15.4806
2024-02-07,2026-03-19,504,30.7447,14.3436
2024-02-08,2026-03-20,504,29.7128,13.8915
2024-02-19,2026-03-23,504,25.2885,11.9323
2024-02-20,2026-03-24,504,26.6752,12.5501
2024-02-21,2026-03-25,504,27.9396,13.1104
2024-02-22,2026-03-26,504,26.9761,12.6837
2024-02-23,2026-03-27,504,27.3268,12.8392
2024-02-26,2026-03-30,504,28.4649,13.3424
2024-02-27,2026-03-31,504,28.1132,13.1871
2024-02-28,2026-04-01,504,29.5006,13.7983
2024-02-29,2026-04-02,504,28.2339,13.2404
2024-03-01,2026-04-03,504,27.8469,13.0694
2024-03-04,2026-04-07,504,27.4161,12.8788
2024-03-05,2026-04-08,504,27.8469,13.0694
2024-03-06,2026-04-09,504,26.705,12.5633
2024-03-07,2026-04-10,504,26.4769,12.4619
2024-03-08,2026-04-13,504,26.1049,12.2964
2024-03-11,2026-04-14,504,26.5466,12.4929
2024-03-12,2026-04-15,504,27.5085,12.9197
2024-03-13,2026-04-16,504,27.8981,13.092
2024-03-14,2026-04-17,504,27.3109,12.8321
2024-03-15,2026-04-20,504,27.2499,12.8051
2024-03-18,2026-04-21,504,27.7933,13.0457
2024-03-19,2026-04-22,504,27.8046,13.0507
2024-03-20,2026-04-23,504,27.4439,12.891
2024-03-21,2026-04-24,504,26.4146,12.4342
2024-03-22,2026-04-27,504,26.908,12.6534
2024-03-25,2026-04-28,504,26.6172,12.5243
2024-03-26,2026-04-29,504,26.5585,12.4982
2024-03-27,2026-04-30,504,26.5356,12.488
2024-03-28,2026-05-06,504,26.8014,12.6061
2024-03-29,2026-05-07,504,25.6115,12.0766
2024-04-01,2026-05-08,504,25.1498,11.8704
2024-04-02,2026-05-11,504,24.7192,11.6778
2024-04-03,2026-05-12,504,24.0507,11.378
2024-04-08,2026-05-13,504,23.1517,10.9737
2024-04-09,2026-05-14,504,22.8125,10.8208
