entry_date,end_date,holding_days,total_return_pct,annualized_return_pct
2009-01-05,2011-01-28,504,30.5411,14.2546
2009-01-06,2011-01-31,504,31.7315,14.7743
2009-01-07,2011-02-01,504,31.4185,14.6379
2009-01-08,2011-02-09,504,32.75,15.2172
2009-01-09,2011-02-10,504,32.5212,15.1178
2009-01-12,2011-02-11,504,32.911,15.2871
2009-01-13,2011-02-14,504,35.9085,16.5798
2009-01-14,2011-02-15,504,34.417,15.9384
2009-01-15,2011-02-16,504,35.8424,16.5514
2009-01-16,2011-02-17,504,35.1348,16.2475
2009-01-19,2011-02-18,504,33.9235,15.7253
2009-01-20,2011-02-21,504,34.998,16.1886
2009-01-21,2011-02-22,504,33.0313,15.3392
2009-01-22,2011-02-23,504,32.8618,15.2657
2009-01-23,2011-02-24,504,33.0929,15.3659
2009-02-02,2011-02-25,504,30.635,14.2957
2009-02-03,2011-02-28,504,30.8676,14.3974
2009-02-04,2011-03-01,504,30.1087,14.0652
2009-02-05,2011-03-02,504,30.0789,14.0521
2009-02-06,2011-03-03,504,28.3464,13.2901
2009-02-09,2011-03-04,504,28.0385,13.1541
2009-02-10,2011-03-07,504,28.9495,13.5559
2009-02-11,2011-03-08,504,28.115,13.1879
2009-02-12,2011-03-09,504,27.4504,12.8939
2009-02-13,2011-03-10,504,26.0855,12.2878
2009-02-16,2011-03-11,504,26.2386,12.3559
2009-02-17,2011-03-14,504,24.8694,11.745
2009-02-18,2011-03-15,504,25.4402,12.0001
2009-02-19,2011-03-16,504,25.1547,11.8726
2009-02-20,2011-03-17,504,23.9319,11.3247
2009-02-23,2011-03-18,504,23.4927,11.1273
2009-02-24,2011-03-21,504,24.9837,11.7961
2009-02-25,2011-03-22,504,26.0172,12.2574
2009-02-26,2011-03-23,504,28.0786,13.1718
2009-02-27,2011-03-24,504,29.0483,13.5994
2009-03-02,2011-03-25,504,28.8203,13.499
2009-03-03,2011-03-28,504,29.6148,13.8485
2009-03-04,2011-03-29,504,27.534,12.9309
2009-03-05,2011-03-30,504,27.2137,12.7891
2009-03-06,2011-03-31,504,26.3951,12.4256
2009-03-09,2011-04-01,504,28.2584,13.2512
2009-03-10,2011-04-06,504,29.4907,13.794
2009-03-11,2011-04-07,504,30.3877,14.1874
2009-03-12,2011-04-08,504,30.1991,14.1048
2009-03-13,2011-04-11,504,30.0267,14.0293
2009-03-16,2011-04-12,504,29.3204,13.7191
2009-03-17,2011-04-13,504,28.7451,13.4659
2009-03-18,2011-04-14,504,28.6925,13.4427
2009-03-19,2011-04-15,504,27.8085,13.0524
2009-03-20,2011-04-18,504,27.0361,12.7103
2009-03-23,2011-04-19,504,25.7139,12.1222
2009-03-24,2011-04-20,504,26.3291,12.3962
2009-03-25,2011-04-21,504,27.8871,13.0872
2009-03-26,2011-04-22,504,28.1573,13.2066
2009-03-27,2011-04-25,504,27.4777,12.906
2009-03-30,2011-04-26,504,27.3109,12.8321
2009-03-31,2011-04-27,504,27.0674,12.7242
2009-04-01,2011-04-28,504,22.929,10.8733
2009-04-02,2011-04-29,504,22.6641,10.7538
2009-04-03,2011-05-03,504,23.6516,11.1987
2009-04-07,2011-05-04,504,23.5362,11.1468
2009-04-08,2011-05-05,504,27.6093,12.9643
2009-04-09,2011-05-06,504,23.4789,11.1211
2009-04-10,2011-05-09,504,22.6547,10.7496
2009-04-13,2011-05-10,504,22.1607,10.5263
2009-04-14,2011-05-11,504,21.6761,10.3069
2009-04-15,2011-05-12,504,21.0295,10.0134
2009-04-16,2011-05-13,504,21.5872,10.2666
2009-04-17,2011-05-16,504,22.0497,10.4761
2009-04-20,2011-05-17,504,21.9099,10.4128
2009-04-21,2011-05-18,504,21.528,10.2398
2009-04-22,2011-05-19,504,22.8323,10.8297
2009-04-23,2011-05-20,504,22.4678,10.6652
2009-04-24,2011-05-23,504,20.9825,9.992
2009-04-27,2011-05-24,504,25.4789,12.0174
2009-04-28,2011-05-25,504,22.4214,10.6442
2009-04-29,2011-05-26,504,21.2801,10.1272
2009-04-30,2011-05-27,504,20.7226,9.8738
2009-05-04,2011-05-30,504,20.0251,9.556
2009-05-05,2011-05-31,504,20.0158,9.5517
2009-05-06,2011-06-01,504,19.4546,9.2953
2009-05-07,2011-06-02,504,18.7702,8.9817
2009-05-08,2011-06-03,504,18.6895,8.9447
2009-05-11,2011-06-07,504,19.7275,9.4201
2009-05-12,2011-06-08,504,19.1815,9.1703
2009-05-13,2011-06-09,504,17.7199,8.4988
2009-05-14,2011-06-10,504,18.3762,8.8008
2009-05-15,2011-06-13,504,17.9682,8.6132
2009-05-18,2011-06-14,504,17.9562,8.6076
2009-05-19,2011-06-15,504,17.6478,8.4655
2009-05-20,2011-06-16,504,17.3596,8.3326
2009-05-21,2011-06-17,504,17.2508,8.2824
2009-05-22,2011-06-20,504,17.2123,8.2646
2009-05-25,2011-06-21,504,17.4571,8.3776
2009-05-26,2011-06-22,504,17.9037,8.5835
2009-05-27,2011-06-23,504,17.9528,8.6061
2009-06-01,2011-06-24,504,15.8814,7.6482
2009-06-02,2011-06-27,504,15.7714,7.5971
2009-06-03,2011-06-28,504,14.5361,7.0215
2009-06-04,2011-06-29,504,14.9435,7.2117
2009-06-05,2011-06-30,504,15.1057,7.2873
2009-06-08,2011-07-01,504,15.9096,7.6613
2009-06-09,2011-07-04,504,16.5614,7.9636
2009-06-10,2011-07-05,504,16.1264,7.762
2009-06-11,2011-07-06,504,16.8225,8.0845
2009-06-12,2011-07-07,504,17.7232,8.5003
2009-06-15,2011-07-08,504,17.6589,8.4707
2009-06-16,2011-07-11,504,17.8971,8.5804
2009-06-17,2011-07-12,504,16.7725,8.0613
2009-06-18,2011-07-13,504,17.1294,8.2263
2009-06-19,2011-07-14,504,17.5654,8.4276
2009-06-22,2011-07-15,504,17.5304,8.4114
2009-06-23,2011-07-18,504,18.3121,8.7714
2009-06-24,2011-07-19,504,17.5156,8.4046
2009-06-25,2011-07-20,504,17.0316,8.1811
2009-06-26,2011-07-21,504,16.6034,7.9831
2009-06-29,2011-07-22,504,16.0843,7.7424
2009-06-30,2011-07-25,504,15.6618,7.5462
2009-07-01,2011-07-26,504,15.4901,7.4663
2009-07-02,2011-07-27,504,15.1663,7.3156
2009-07-03,2011-07-28,504,14.6336,7.0671
2009-07-06,2011-07-29,504,14.4647,6.9882
2009-07-07,2011-08-01,504,14.7139,7.1046
2009-07-08,2011-08-02,504,14.6887,7.0928
2009-07-09,2011-08-03,504,15.6931,7.5607
2009-07-10,2011-08-04,504,15.5901,7.5128
2009-07-13,2011-08-05,504,15.561,7.4993
2009-07-14,2011-08-08,504,14.5451,7.0257
2009-07-15,2011-08-09,504,14.7139,7.1046
2009-07-16,2011-08-10,504,14.5778,7.041
2009-07-17,2011-08-11,504,15.3088,7.3819
2009-07-20,2011-08-12,504,14.0135,6.7771
2009-07-21,2011-08-15,504,14.4264,6.9703
2009-07-22,2011-08-16,504,14.35,6.9346
2009-07-23,2011-08-17,504,14.0033,6.7723
2009-07-24,2011-08-18,504,13.8052,6.6795
2009-07-27,2011-08-19,504,14.7655,7.1287
2009-07-28,2011-08-22,504,15.1749,7.3196
2009-07-29,2011-08-23,504,16.9745,8.1548
2009-07-30,2011-08-24,504,15.2469,7.3531
2009-07-31,2011-08-25,504,14.5015,7.0054
2009-08-03,2011-08-26,504,13.9823,6.7625
2009-08-04,2011-08-29,504,14.2933,6.9081
2009-08-05,2011-08-30,504,13.8237,6.6882
2009-08-06,2011-08-31,504,14.1398,6.8362
2009-08-07,2011-09-01,504,14.5951,7.0491
2009-08-10,2011-09-02,504,14.9738,7.2258
2009-08-11,2011-09-05,504,15.4354,7.4409
2009-08-12,2011-09-06,504,17.0226,8.177
2009-08-13,2011-09-07,504,15.2634,7.3608
2009-08-14,2011-09-08,504,16.0571,7.7298
2009-08-17,2011-09-09,504,18.6816,8.9411
2009-08-18,2011-09-13,504,17.4024,8.3524
2009-08-19,2011-09-14,504,18.9915,9.0832
2009-08-20,2011-09-15,504,17.2271,8.2715
2009-08-21,2011-09-16,504,15.999,7.7028
2009-08-24,2011-09-19,504,15.9026,7.6581
2009-08-25,2011-09-20,504,16.5149,7.9421
2009-08-26,2011-09-21,504,17.2149,8.2658
2009-08-27,2011-09-22,504,15.8746,7.6451
2009-08-28,2011-09-23,504,15.9055,7.6594
2009-08-31,2011-09-26,504,15.4403,7.4431
2009-09-01,2011-09-27,504,15.469,7.4565
2009-09-02,2011-09-28,504,14.7164,7.1058
2009-09-03,2011-09-29,504,11.8679,5.7676
2009-09-04,2011-09-30,504,11.6148,5.6479
2009-09-07,2011-10-10,504,11.2025,5.4526
2009-09-08,2011-10-11,504,10.4448,5.0927
2009-09-09,2011-10-12,504,11.4837,5.5858
2009-09-10,2011-10-13,504,12.0517,5.8545
2009-09-11,2011-10-14,504,11.2102,5.4562
2009-09-14,2011-10-17,504,11.1045,5.4061
2009-09-15,2011-10-18,504,10.0028,4.8822
2009-09-16,2011-10-19,504,9.282,4.538
2009-09-17,2011-10-20,504,7.5643,3.7132
2009-09-18,2011-10-21,504,8.8778,4.3445
2009-09-21,2011-10-24,504,10.2481,4.9991
2009-09-22,2011-10-25,504,10.9534,5.3344
2009-09-23,2011-10-26,504,13.093,6.3452
2009-09-24,2011-10-27,504,13.0331,6.317
2009-09-25,2011-10-28,504,14.3905,6.9535
2009-09-28,2011-10-31,504,14.8752,7.1799
2009-09-29,2011-11-01,504,14.8237,7.1558
2009-09-30,2011-11-02,504,15.0981,7.2838
2009-10-09,2011-11-03,504,12.3913,6.0147
2009-10-12,2011-11-04,504,13.032,6.3165
2009-10-13,2011-11-07,504,12.3393,5.9902
2009-10-14,2011-11-08,504,12.4306,6.0333
2009-10-15,2011-11-09,504,12.3486,5.9946
2009-10-16,2011-11-10,504,11.5183,5.6022
2009-10-19,2011-11-11,504,10.8925,5.3055
2009-10-20,2011-11-14,504,10.9962,5.3547
2009-10-21,2011-11-15,504,11.0661,5.3879
2009-10-22,2011-11-16,504,10.5092,5.1234
2009-10-23,2011-11-17,504,9.8024,4.7867
2009-10-26,2011-11-18,504,8.7198,4.2688
2009-10-27,2011-11-21,504,9.8133,4.7918
2009-10-28,2011-11-22,504,8.9733,4.3903
2009-10-29,2011-11-23,504,10.1061,4.9315
2009-10-30,2011-11-24,504,9.2391,4.5175
2009-11-02,2011-11-25,504,8.1442,3.9924
2009-11-03,2011-11-28,504,7.8049,3.8292
2009-11-04,2011-11-29,504,7.4944,3.6795
2009-11-05,2011-11-30,504,6.6607,3.2767
2009-11-06,2011-12-01,504,7.4581,3.662
2009-11-09,2011-12-02,504,7.099,3.4886
2009-11-10,2011-12-05,504,6.8961,3.3906
2009-11-11,2011-12-06,504,6.1524,3.0303
2009-11-12,2011-12-07,504,6.0817,2.9959
2009-11-13,2011-12-08,504,6.4587,3.1788
2009-11-16,2011-12-09,504,4.5355,2.2426
2009-11-17,2011-12-12,504,3.7917,1.8782
2009-11-18,2011-12-13,504,2.5598,1.2718
2009-11-19,2011-12-14,504,2.0001,0.9951
2009-11-20,2011-12-15,504,0.2862,0.143
2009-11-23,2011-12-16,504,0.6635,0.3312
2009-11-24,2011-12-19,504,1.2309,0.6135
2009-11-25,2011-12-20,504,0.3092,0.1545
2009-11-26,2011-12-21,504,1.2102,0.6033
2009-11-27,2011-12-22,504,1.8517,0.9216
2009-11-30,2011-12-23,504,1.1023,0.5496
2009-12-01,2011-12-26,504,0.2183,0.1091
2009-12-02,2011-12-27,504,-0.981,-0.4917
2009-12-03,2011-12-28,504,-1.07,-0.5364
2009-12-04,2011-12-29,504,-1.6511,-0.829
2009-12-07,2011-12-30,504,-0.3708,-0.1856
2009-12-08,2012-01-04,504,-0.1618,-0.081
2009-12-09,2012-01-05,504,1.0679,0.5326
2009-12-10,2012-01-06,504,1.1405,0.5686
2009-12-11,2012-01-09,504,1.4718,0.7332
2009-12-14,2012-01-10,504,2.3085,1.1477
2009-12-15,2012-01-11,504,2.8407,1.4104
2009-12-16,2012-01-12,504,2.652,1.3173
2009-12-17,2012-01-13,504,3.0298,1.5036
2009-12-18,2012-01-16,504,3.3498,1.6611
2009-12-21,2012-01-17,504,4.5952,2.2718
2009-12-22,2012-01-18,504,5.3029,2.6172
2009-12-23,2012-01-19,504,5.889,2.9024
2009-12-24,2012-01-20,504,4.927,2.4339
2009-12-25,2012-01-30,504,5.5243,2.725
2009-12-28,2012-01-31,504,5.1597,2.5474
2009-12-29,2012-02-01,504,4.8464,2.3945
2009-12-30,2012-02-02,504,5.7259,2.8231
2009-12-31,2012-02-03,504,5.9596,2.9367
2010-01-04,2012-02-06,504,5.3903,2.6598
2010-01-05,2012-02-07,504,3.9011,1.9319
2010-01-06,2012-02-08,504,5.3647,2.6473
2010-01-07,2012-02-09,504,5.3981,2.6636
2010-01-08,2012-02-10,504,5.4535,2.6905
2010-01-11,2012-02-13,504,4.5745,2.2617
2010-01-12,2012-02-14,504,3.9787,1.97
2010-01-13,2012-02-15,504,5.8979,2.9067
2010-01-14,2012-02-16,504,5.0768,2.507
2010-01-15,2012-02-17,504,5.303,2.6173
2010-01-18,2012-02-20,504,5.3225,2.6267
2010-01-19,2012-02-21,504,5.5515,2.7383
2010-01-20,2012-02-22,504,6.88,3.3828
2010-01-21,2012-02-23,504,7.4634,3.6646
2010-01-22,2012-02-24,504,8.8338,4.3234
2010-01-25,2012-02-27,504,8.7507,4.2836
2010-01-26,2012-02-28,504,9.7679,4.7702
2010-01-27,2012-02-29,504,9.906,4.8361
2010-01-28,2012-03-01,504,9.0404,4.4224
2010-01-29,2012-03-02,504,9.8846,4.8259
2010-02-01,2012-03-05,504,9.906,4.836
2010-02-02,2012-03-06,504,8.8048,4.3095
2010-02-03,2012-03-07,504,7.2757,3.574
2010-02-04,2012-03-08,504,8.2416,4.0392
2010-02-05,2012-03-09,504,10.4197,5.0808
2010-02-08,2012-03-12,504,10.1878,4.9704
2010-02-09,2012-03-13,504,10.0452,4.9024
2010-02-10,2012-03-14,504,8.2983,4.0665
2010-02-11,2012-03-15,504,7.6832,3.7705
2010-02-12,2012-03-16,504,7.832,3.8422
2010-02-22,2012-03-19,504,7.3437,3.6068
2010-02-23,2012-03-20,504,7.1023,3.4902
2010-02-24,2012-03-21,504,6.9469,3.4151
2010-02-25,2012-03-22,504,6.9616,3.4222
2010-02-26,2012-03-23,504,6.2769,3.0907
2010-03-01,2012-03-26,504,6.1063,3.0079
2010-03-02,2012-03-27,504,6.5476,3.2219
2010-03-03,2012-03-28,504,4.8024,2.373
2010-03-04,2012-03-29,504,5.0071,2.473
2010-03-05,2012-03-30,504,5.0472,2.4925
2010-03-08,2012-04-05,504,4.809,2.3763
2010-03-09,2012-04-06,504,5.3139,2.6226
2010-03-10,2012-04-09,504,5.2362,2.5847
2010-03-11,2012-04-10,504,5.881,2.8985
2010-03-12,2012-04-11,504,6.4033,3.152
2010-03-15,2012-04-12,504,7.466,3.6658
2010-03-16,2012-04-13,504,7.4749,3.6701
2010-03-17,2012-04-16,504,5.9019,2.9087
2010-03-18,2012-04-17,504,5.8919,2.9038
2010-03-19,2012-04-18,504,6.431,3.1654
2010-03-22,2012-04-19,504,6.4752,3.1868
2010-03-23,2012-04-20,504,7.0417,3.4609
2010-03-24,2012-04-23,504,6.8891,3.3872
2010-03-25,2012-04-24,504,7.4268,3.6469
2010-03-26,2012-04-25,504,7.121,3.4993
2010-03-29,2012-04-26,504,6.4868,3.1924
2010-03-30,2012-04-27,504,6.336,3.1193
2010-03-31,2012-05-02,504,7.1861,3.5307
2010-04-01,2012-05-03,504,6.7223,3.3065
2010-04-02,2012-05-04,504,6.4582,3.1786
2010-04-06,2012-05-07,504,6.4511,3.1752
2010-04-07,2012-05-08,504,6.2834,3.0938
2010-04-08,2012-05-09,504,5.2952,2.6134
2010-04-09,2012-05-10,504,4.8732,2.4076
2010-04-12,2012-05-11,504,4.4867,2.2187
2010-04-13,2012-05-14,504,4.171,2.0642
2010-04-14,2012-05-15,504,3.688,1.8273
2010-04-15,2012-05-16,504,3.0022,1.49
2010-04-16,2012-05-17,504,3.949,1.9554
2010-04-19,2012-05-18,504,5.6546,2.7884
2010-04-20,2012-05-21,504,5.9909,2.9519
2010-04-21,2012-05-22,504,5.5791,2.7517
2010-04-22,2012-05-23,504,5.353,2.6416
2010-04-23,2012-05-24,504,5.4703,2.6987
2010-04-26,2012-05-25,504,5.4034,2.6662
2010-04-27,2012-05-28,504,6.7215,3.3061
2010-04-28,2012-05-29,504,6.7626,3.326
2010-04-29,2012-05-30,504,6.4924,3.1952
2010-04-30,2012-05-31,504,6.3604,3.1312
2010-05-04,2012-06-01,504,6.6871,3.2894
2010-05-05,2012-06-04,504,6.9535,3.4183
2010-05-06,2012-06-05,504,8.0831,3.963
2010-05-07,2012-06-06,504,7.957,3.9024
2010-05-10,2012-06-07,504,7.7613,3.8082
2010-05-11,2012-06-08,504,5.678,2.7998
2010-05-12,2012-06-11,504,5.783,2.8508
2010-05-13,2012-06-12,504,4.8374,2.3902
2010-05-14,2012-06-13,504,5.7074,2.8141
2010-05-17,2012-06-14,504,6.8202,3.3539
2010-05-18,2012-06-15,504,7.0508,3.4654
2010-05-19,2012-06-18,504,7.238,3.5558
2010-05-20,2012-06-19,504,9.3028,4.548
2010-05-21,2012-06-20,504,8.8094,4.3117
2010-05-24,2012-06-21,504,6.9422,3.4129
2010-05-25,2012-06-25,504,6.6289,3.2613
2010-05-26,2012-06-26,504,5.1231,2.5296
2010-05-27,2012-06-27,504,4.3608,2.1572
2010-05-28,2012-06-28,504,4.2319,2.094
2010-05-31,2012-06-29,504,5.1939,2.5641
2010-06-01,2012-07-02,504,5.5641,2.7444
2010-06-02,2012-07-03,504,5.8109,2.8644
2010-06-03,2012-07-04,504,6.0436,2.9775
2010-06-04,2012-07-05,504,6.2174,3.0618
2010-06-07,2012-07-06,504,6.3621,3.132
2010-06-08,2012-07-09,504,4.8891,2.4154
2010-06-09,2012-07-10,504,4.3473,2.1505
2010-06-10,2012-07-11,504,4.7841,2.3641
2010-06-11,2012-07-12,504,4.9993,2.4692
2010-06-17,2012-07-13,504,4.9667,2.4533
2010-06-18,2012-07-16,504,4.8269,2.385
2010-06-21,2012-07-17,504,4.0244,1.9923
2010-06-22,2012-07-18,504,4.4,2.1763
2010-06-23,2012-07-19,504,4.5792,2.264
2010-06-24,2012-07-20,504,4.551,2.2502
2010-06-25,2012-07-23,504,4.0504,2.0051
2010-06-28,2012-07-24,504,4.1217,2.04
2010-06-29,2012-07-25,504,5.5849,2.7545
2010-06-30,2012-07-26,504,6.0544,2.9827
2010-07-01,2012-07-27,504,6.7693,3.3292
2010-07-02,2012-07-30,504,7.3869,3.6277
2010-07-05,2012-07-31,504,7.5249,3.6942
2010-07-06,2012-08-01,504,7.3329,3.6016
2010-07-07,2012-08-02,504,7.1335,3.5053
2010-07-08,2012-08-03,504,6.7452,3.3176
2010-07-09,2012-08-06,504,6.9395,3.4115
2010-07-12,2012-08-07,504,6.5643,3.23
2010-07-13,2012-08-08,504,7.0722,3.4757
2010-07-14,2012-08-09,504,6.9206,3.4024
2010-07-15,2012-08-10,504,7.224,3.549
2010-07-16,2012-08-13,504,6.98,3.4311
2010-07-19,2012-08-14,504,7.6328,3.7462
2010-07-20,2012-08-15,504,6.7575,3.3235
2010-07-21,2012-08-16,504,6.5027,3.2001
2010-07-22,2012-08-17,504,6.5523,3.2242
2010-07-23,2012-08-20,504,6.0397,2.9756
2010-07-26,2012-08-21,504,6.0593,2.9851
2010-07-27,2012-08-22,504,6.4599,3.1794
2010-07-28,2012-08-23,504,6.8047,3.3463
2010-07-29,2012-08-24,504,6.1992,3.053
2010-07-30,2012-08-27,504,5.962,2.9378
2010-08-02,2012-08-28,504,5.2541,2.5934
2010-08-03,2012-08-29,504,5.5738,2.7491
2010-08-04,2012-08-30,504,4.9521,2.4461
2010-08-05,2012-08-31,504,5.1119,2.5241
2010-08-06,2012-09-03,504,5.2389,2.586
2010-08-09,2012-09-04,504,4.6542,2.3007
2010-08-10,2012-09-05,504,5.6175,2.7704
2010-08-11,2012-09-06,504,5.7781,2.8485
2010-08-12,2012-09-07,504,6.8658,3.3759
2010-08-13,2012-09-10,504,6.752,3.3208
2010-08-16,2012-09-11,504,5.9545,2.9342
2010-08-17,2012-09-12,504,5.8527,2.8847
2010-08-18,2012-09-13,504,5.5785,2.7514
2010-08-19,2012-09-14,504,6.0689,2.9898
2010-08-20,2012-09-17,504,5.9427,2.9285
2010-08-23,2012-09-18,504,5.5418,2.7335
2010-08-24,2012-09-19,504,5.9851,2.949
2010-08-25,2012-09-20,504,5.412,2.6703
2010-08-26,2012-09-21,504,5.3907,2.66
2010-08-27,2012-09-24,504,5.2595,2.596
2010-08-30,2012-09-25,504,4.8833,2.4125
2010-08-31,2012-09-26,504,4.759,2.3518
2010-09-01,2012-09-27,504,4.9478,2.444
2010-09-02,2012-09-28,504,5.6461,2.7843
2010-09-03,2012-10-08,504,5.0064,2.4726
2010-09-06,2012-10-09,504,5.1641,2.5496
2010-09-07,2012-10-10,504,4.9511,2.4456
2010-09-08,2012-10-11,504,4.5235,2.2367
2010-09-09,2012-10-12,504,5.1156,2.5259
2010-09-10,2012-10-15,504,4.6827,2.3146
2010-09-13,2012-10-16,504,4.4524,2.2019
2010-09-14,2012-10-17,504,4.5042,2.2273
2010-09-15,2012-10-18,504,4.6565,2.3017
2010-09-16,2012-10-19,504,4.8305,2.3868
2010-09-17,2012-10-22,504,4.4805,2.2157
2010-09-20,2012-10-23,504,4.1613,2.0595
2010-09-21,2012-10-24,504,4.0563,2.008
2010-09-27,2012-10-25,504,3.2016,1.5882
2010-09-28,2012-10-26,504,2.9405,1.4596
2010-09-29,2012-10-29,504,2.693,1.3376
2010-09-30,2012-10-30,504,2.2,1.094
2010-10-08,2012-10-31,504,1.4719,0.7333
2010-10-11,2012-11-01,504,1.1589,0.5778
2010-10-12,2012-11-02,504,0.7361,0.3674
2010-10-13,2012-11-05,504,0.2887,0.1443
2010-10-14,2012-11-06,504,-0.2184,-0.1092
2010-10-15,2012-11-07,504,-0.5805,-0.2907
2010-10-18,2012-11-08,504,-0.551,-0.2759
2010-10-19,2012-11-09,504,-0.8039,-0.4028
2010-10-20,2012-11-12,504,-0.3755,-0.1879
2010-10-21,2012-11-13,504,-0.8543,-0.4281
2010-10-22,2012-11-14,504,-0.4286,-0.2145
2010-10-25,2012-11-15,504,-2.2611,-1.137
2010-10-26,2012-11-16,504,-2.3086,-1.161
2010-10-27,2012-11-19,504,-1.5127,-0.7592
2010-10-28,2012-11-20,504,-1.4257,-0.7154
2010-10-29,2012-11-21,504,-1.207,-0.6053
2010-11-01,2012-11-22,504,-2.5936,-1.3053
2010-11-02,2012-11-23,504,-2.2278,-1.1202
2010-11-03,2012-11-26,504,-1.6606,-0.8338
2010-11-04,2012-11-27,504,-2.5353,-1.2758
2010-11-05,2012-11-28,504,-3.849,-1.9434
2010-11-08,2012-11-29,504,-4.4572,-2.254
2010-11-09,2012-11-30,504,-4.7085,-2.3826
2010-11-10,2012-12-03,504,-4.621,-2.3378
2010-11-11,2012-12-04,504,-4.8673,-2.464
2010-11-12,2012-12-05,504,-1.7319,-0.8697
2010-11-15,2012-12-06,504,-1.912,-0.9606
2010-11-16,2012-12-07,504,0.1369,0.0684
2010-11-17,2012-12-10,504,0.961,0.4794
2010-11-18,2012-12-11,504,0.6498,0.3244
2010-11-19,2012-12-12,504,0.488,0.2437
2010-11-22,2012-12-13,504,-0.0416,-0.0208
2010-11-23,2012-12-14,504,0.7968,0.3976
2010-11-24,2012-12-17,504,0.9007,0.4494
2010-11-25,2012-12-18,504,0.8492,0.4237
2010-11-26,2012-12-19,504,1.0079,0.5027
2010-11-29,2012-12-20,504,1.159,0.5778
2010-11-30,2012-12-21,504,-0.1885,-0.0943
2010-12-01,2012-12-24,504,-0.5839,-0.2924
2010-12-02,2012-12-25,504,-0.3872,-0.1938
2010-12-03,2012-12-26,504,-0.2024,-0.1012
2010-12-06,2012-12-27,504,-0.7414,-0.3714
2010-12-07,2012-12-28,504,0.6871,0.343
2010-12-08,2012-12-31,504,2.1379,1.0633
2010-12-09,2013-01-04,504,0.8092,0.4038
2010-12-10,2013-01-07,504,2.3164,1.1516
2010-12-13,2013-01-08,504,1.2179,0.6071
2010-12-14,2013-01-09,504,1.0117,0.5046
2010-12-15,2013-01-10,504,1.6205,0.807
2010-12-16,2013-01-11,504,1.4147,0.7049
2010-12-17,2013-01-14,504,2.6651,1.3238
2010-12-20,2013-01-15,504,2.9537,1.4661
2010-12-21,2013-01-16,504,2.3103,1.1486
2010-12-22,2013-01-17,504,2.2942,1.1406
2010-12-23,2013-01-18,504,3.1635,1.5694
2010-12-24,2013-01-21,504,1.7316,0.8621
2010-12-27,2013-01-22,504,2.1497,1.0691
2010-12-28,2013-01-23,504,2.3555,1.1709
2010-12-29,2013-01-24,504,1.4735,0.7341
2010-12-30,2013-01-25,504,1.1208,0.5588
2010-12-31,2013-01-28,504,1.1991,0.5978
2011-01-04,2013-01-29,504,3.1727,1.574
2011-01-05,2013-01-30,504,4.1881,2.0726
2011-01-06,2013-01-31,504,4.519,2.2345
2011-01-07,2013-02-01,504,5.1222,2.5291
2011-01-10,2013-02-04,504,3.0899,1.5332
2011-01-11,2013-02-05,504,3.2598,1.6168
2011-01-12,2013-02-06,504,2.9528,1.4656
2011-01-13,2013-02-07,504,3.0232,1.5004
2011-01-14,2013-02-08,504,3.6502,1.8087
2011-01-17,2013-02-18,504,3.7356,1.8507
2011-01-18,2013-02-19,504,3.1209,1.5485
2011-01-19,2013-02-20,504,2.554,1.269
2011-01-20,2013-02-21,504,2.0765,1.0329
2011-01-21,2013-02-22,504,2.2638,1.1255
2011-01-24,2013-02-25,504,2.3916,1.1887
2011-01-25,2013-02-26,504,2.6057,1.2945
2011-01-26,2013-02-27,504,2.7313,1.3565
2011-01-27,2013-02-28,504,2.7472,1.3643
2011-01-28,2013-03-01,504,2.9063,1.4427
2011-01-31,2013-03-04,504,1.2188,0.6075
2011-02-01,2013-03-05,504,1.7968,0.8944
2011-02-09,2013-03-06,504,1.86,0.9257
2011-02-10,2013-03-07,504,1.2548,0.6254
2011-02-11,2013-03-08,504,0.8333,0.4158
2011-02-14,2013-03-11,504,2.1518,1.0702
2011-02-15,2013-03-12,504,1.6326,0.813
2011-02-16,2013-03-13,504,1.088,0.5425
2011-02-17,2013-03-14,504,1.0941,0.5456
2011-02-18,2013-03-15,504,1.3859,0.6906
2011-02-21,2013-03-18,504,0.4308,0.2152
2011-02-22,2013-03-19,504,1.448,0.7214
2011-02-23,2013-03-20,504,2.405,1.1954
2011-02-24,2013-03-21,504,2.1761,1.0822
2011-02-25,2013-03-22,504,2.3572,1.1717
2011-02-28,2013-03-25,504,1.7754,0.8838
2011-03-01,2013-03-26,504,0.9621,0.4799
2011-03-02,2013-03-27,504,1.0065,0.502
2011-03-03,2013-03-28,504,0.4974,0.2484
2011-03-04,2013-03-29,504,0.1202,0.0601
2011-03-07,2013-04-01,504,-0.9679,-0.4851
2011-03-08,2013-04-02,504,-0.7915,-0.3965
2011-03-09,2013-04-03,504,-1.3365,-0.6705
2011-03-10,2013-04-08,504,-0.7889,-0.3952
2011-03-11,2013-04-09,504,-0.082,-0.041
2011-03-14,2013-04-10,504,-0.2659,-0.133
2011-03-15,2013-04-11,504,-0.1091,-0.0546
2011-03-16,2013-04-12,504,-0.3945,-0.1974
2011-03-17,2013-04-15,504,-1.3115,-0.6579
2011-03-18,2013-04-16,504,-3.0319,-1.5276
2011-03-21,2013-04-17,504,-3.4293,-1.7296
2011-03-22,2013-04-18,504,-3.3647,-1.6968
2011-03-23,2013-04-19,504,-2.4354,-1.2252
2011-03-24,2013-04-22,504,-2.3809,-1.1976
2011-03-25,2013-04-23,504,-3.5726,-1.8025
2011-03-28,2013-04-24,504,-2.4894,-1.2525
2011-03-29,2013-04-25,504,-2.3371,-1.1754
2011-03-30,2013-04-26,504,-2.3029,-1.1581
2011-03-31,2013-05-02,504,-2.4008,-1.2077
2011-04-01,2013-05-03,504,-1.9901,-1.0
2011-04-06,2013-05-06,504,-2.3423,-1.1781
2011-04-07,2013-05-07,504,-2.5695,-1.2931
2011-04-08,2013-05-08,504,-3.1112,-1.5679
2011-04-11,2013-05-09,504,-2.6485,-1.3331
2011-04-12,2013-05-10,504,-2.405,-1.2098
2011-04-13,2013-05-13,504,-3.6245,-1.829
2011-04-14,2013-05-14,504,-3.9182,-1.9787
2011-04-15,2013-05-15,504,-4.1823,-2.1135
2011-04-18,2013-05-16,504,-3.932,-1.9857
2011-04-19,2013-05-17,504,-3.3557,-1.6922
2011-04-20,2013-05-20,504,-3.6618,-1.848
2011-04-21,2013-05-21,504,-3.1837,-1.6047
2011-04-22,2013-05-22,504,-3.0543,-1.539
2011-04-25,2013-05-23,504,-3.4318,-1.7309
2011-04-26,2013-05-24,504,-2.6819,-1.35
2011-04-27,2013-05-27,504,-4.9005,-2.481
2011-04-28,2013-05-28,504,-4.6421,-2.3486
2011-04-29,2013-05-29,504,-4.8878,-2.4745
2011-05-03,2013-05-30,504,-4.7049,-2.3808
2011-05-04,2013-05-31,504,-4.0472,-2.0445
2011-05-05,2013-06-03,504,-4.3024,-2.1748
2011-05-06,2013-06-04,504,-4.1572,-2.1007
2011-05-09,2013-06-05,504,-4.4157,-2.2328
2011-05-10,2013-06-06,504,-5.0421,-2.5536
2011-05-11,2013-06-07,504,-5.2953,-2.6837
2011-05-12,2013-06-13,504,-5.6582,-2.8703
2011-05-13,2013-06-14,504,-6.0697,-3.0823
2011-05-16,2013-06-17,504,-5.7304,-2.9075
2011-05-17,2013-06-18,504,-5.8862,-2.9877
2011-05-18,2013-06-19,504,-6.2416,-3.1711
2011-05-19,2013-06-20,504,-7.4722,-3.8086
2011-05-20,2013-06-21,504,-8.02,-4.0938
2011-05-23,2013-06-24,504,-9.0334,-4.6236
2011-05-24,2013-06-25,504,-9.2118,-4.7172
2011-05-25,2013-06-26,504,-9.5219,-4.88
2011-05-26,2013-06-27,504,-9.5975,-4.9198
2011-05-27,2013-06-28,504,-9.6738,-4.9599
2011-05-30,2013-07-01,504,-8.9554,-4.5827
2011-05-31,2013-07-02,504,-9.0214,-4.6173
2011-06-01,2013-07-03,504,-9.226,-4.7246
2011-06-02,2013-07-04,504,-8.8546,-4.5299
2011-06-03,2013-07-05,504,-9.1193,-4.6686
2011-06-07,2013-07-08,504,-10.2923,-5.2858
2011-06-08,2013-07-09,504,-9.6737,-4.9598
2011-06-09,2013-07-10,504,-8.8684,-4.5371
2011-06-10,2013-07-11,504,-7.5499,-3.849
2011-06-13,2013-07-12,504,-7.9729,-4.0692
2011-06-14,2013-07-15,504,-7.7345,-3.9451
2011-06-15,2013-07-16,504,-7.5079,-3.8272
2011-06-16,2013-07-17,504,-7.4934,-3.8196
2011-06-17,2013-07-18,504,-7.8306,-3.9951
2011-06-20,2013-07-19,504,-8.2034,-4.1895
2011-06-21,2013-07-22,504,-7.9484,-4.0565
2011-06-22,2013-07-23,504,-7.2393,-3.6876
2011-06-23,2013-07-24,504,-7.5743,-3.8617
2011-06-24,2013-07-25,504,-8.1198,-4.1459
2011-06-27,2013-07-26,504,-7.7844,-3.971
2011-06-28,2013-07-29,504,-8.4627,-4.3249
2011-06-29,2013-07-30,504,-8.182,-4.1783
2011-06-30,2013-07-31,504,-8.2652,-4.2217
2011-07-01,2013-08-01,504,-7.9005,-4.0315
2011-07-04,2013-08-02,504,-8.8342,-4.5192
2011-07-05,2013-08-05,504,-8.1117,-4.1416
2011-07-06,2013-08-06,504,-8.6075,-4.4006
2011-07-07,2013-08-07,504,-9.0158,-4.6144
2011-07-08,2013-08-08,504,-8.9118,-4.5599
2011-07-11,2013-08-09,504,-8.7611,-4.4809
2011-07-12,2013-08-12,504,-7.5408,-3.8443
2011-07-13,2013-08-13,504,-7.9636,-4.0644
2011-07-14,2013-08-14,504,-8.5806,-4.3865
2011-07-15,2013-08-15,504,-8.4606,-4.3238
2011-07-18,2013-08-16,504,-8.538,-4.3643
2011-07-19,2013-08-19,504,-8.0554,-4.1122
2011-07-20,2013-08-20,504,-8.2254,-4.2009
2011-07-21,2013-08-21,504,-8.0848,-4.1276
2011-07-22,2013-08-22,504,-8.0399,-4.1042
2011-07-25,2013-08-23,504,-7.736,-3.9458
2011-07-26,2013-08-26,504,-7.0633,-3.5963
2011-07-27,2013-08-27,504,-7.1877,-3.6609
2011-07-28,2013-08-28,504,-6.7098,-3.4132
2011-07-29,2013-08-29,504,-6.9354,-3.53
2011-08-01,2013-08-30,504,-7.007,-3.5671
2011-08-02,2013-09-02,504,-7.0611,-3.5952
2011-08-03,2013-09-03,504,-7.415,-3.7789
2011-08-04,2013-09-04,504,-7.2925,-3.7153
2011-08-05,2013-09-05,504,-7.1388,-3.6355
2011-08-08,2013-09-06,504,-7.0223,-3.5751
2011-08-09,2013-09-09,504,-6.5369,-3.3237
2011-08-10,2013-09-10,504,-6.5187,-3.3143
2011-08-11,2013-09-11,504,-7.2146,-3.6748
2011-08-12,2013-09-12,504,-7.1371,-3.6346
2011-08-15,2013-09-13,504,-7.88,-4.0208
2011-08-16,2013-09-16,504,-8.0371,-4.1027
2011-08-17,2013-09-17,504,-8.6479,-4.4217
2011-08-18,2013-09-18,504,-8.4011,-4.2927
2011-08-19,2013-09-23,504,-8.2042,-4.1899
2011-08-22,2013-09-24,504,-8.6282,-4.4114
2011-08-23,2013-09-25,504,-9.0321,-4.6229
2011-08-24,2013-09-26,504,-8.8042,-4.5035
2011-08-25,2013-09-27,504,-8.6449,-4.4201
2011-08-26,2013-09-30,504,-8.4995,-4.3441
2011-08-29,2013-10-08,504,-8.4595,-4.3232
2011-08-30,2013-10-09,504,-8.158,-4.1658
2011-08-31,2013-10-10,504,-8.9573,-4.5837
2011-09-01,2013-10-11,504,-8.5339,-4.3621
2011-09-02,2013-10-14,504,-8.6532,-4.4245
2011-09-05,2013-10-15,504,-8.6784,-4.4377
2011-09-06,2013-10-16,504,-8.9344,-4.5717
2011-09-07,2013-10-17,504,-8.9101,-4.559
2011-09-08,2013-10-18,504,-8.2026,-4.1891
2011-09-09,2013-10-21,504,-8.0472,-4.108
2011-09-13,2013-10-22,504,-7.6513,-3.9018
2011-09-14,2013-10-23,504,-7.794,-3.976
2011-09-15,2013-10-24,504,-7.7557,-3.9561
2011-09-16,2013-10-25,504,-7.6973,-3.9257
2011-09-19,2013-10-28,504,-7.7758,-3.9666
2011-09-20,2013-10-29,504,-7.3392,-3.7395
2011-09-21,2013-10-30,504,-8.0366,-4.1024
2011-09-22,2013-10-31,504,-7.4059,-3.7742
2011-09-23,2013-11-01,504,-6.9769,-3.5515
2011-09-26,2013-11-04,504,-5.5036,-2.7907
2011-09-27,2013-11-05,504,-5.6734,-2.8781
2011-09-28,2013-11-06,504,-5.7488,-2.9169
2011-09-29,2013-11-07,504,-5.2379,-2.6542
2011-09-30,2013-11-08,504,-5.8437,-2.9658
2011-10-10,2013-11-11,504,-6.0437,-3.0689
2011-10-11,2013-11-12,504,-6.0893,-3.0925
2011-10-12,2013-11-13,504,-7.5361,-3.8419
2011-10-13,2013-11-14,504,-7.3577,-3.7491
2011-10-14,2013-11-15,504,-6.7857,-3.4524
2011-10-17,2013-11-18,504,-6.2222,-3.1611
2011-10-18,2013-11-19,504,-5.7161,-2.9001
2011-10-19,2013-11-20,504,-5.3174,-2.695
2011-10-20,2013-11-21,504,-4.8711,-2.466
2011-10-21,2013-11-22,504,-4.9801,-2.5218
2011-10-24,2013-11-25,504,-6.2784,-3.1901
2011-10-25,2013-11-26,504,-6.3663,-3.2355
2011-10-26,2013-11-27,504,-7.1099,-3.6205
2011-10-27,2013-11-28,504,-7.0622,-3.5958
2011-10-28,2013-11-29,504,-7.5975,-3.8738
2011-10-31,2013-12-02,504,-7.3275,-3.7334
2011-11-01,2013-12-03,504,-7.4056,-3.774
2011-11-02,2013-12-04,504,-7.6591,-3.9058
2011-11-03,2013-12-05,504,-7.5395,-3.8436
2011-11-04,2013-12-06,504,-8.2638,-4.221
2011-11-07,2013-12-09,504,-8.1221,-4.147
2011-11-08,2013-12-10,504,-8.0243,-4.096
2011-11-09,2013-12-11,504,-8.4158,-4.3003
2011-11-10,2013-12-12,504,-7.7548,-3.9556
2011-11-11,2013-12-13,504,-8.2482,-4.2129
2011-11-14,2013-12-16,504,-9.1848,-4.703
2011-11-15,2013-12-17,504,-8.9158,-4.562
2011-11-16,2013-12-18,504,-8.4371,-4.3115
2011-11-17,2013-12-19,504,-8.7367,-4.4682
2011-11-18,2013-12-20,504,-8.7298,-4.4646
2011-11-21,2013-12-23,504,-8.571,-4.3815
2011-11-22,2013-12-24,504,-8.2721,-4.2253
2011-11-23,2013-12-25,504,-7.9742,-4.0699
2011-11-24,2013-12-26,504,-8.3138,-4.2471
2011-11-25,2013-12-27,504,-7.5047,-3.8255
2011-11-28,2013-12-30,504,-7.9385,-4.0513
2011-11-29,2013-12-31,504,-8.014,-4.0907
2011-11-30,2014-01-02,504,-7.1098,-3.6204
2011-12-01,2014-01-03,504,-8.2006,-4.188
2011-12-02,2014-01-06,504,-8.4534,-4.32
2011-12-05,2014-01-07,504,-8.1338,-4.1531
2011-12-06,2014-01-08,504,-8.0455,-4.1071
2011-12-07,2014-01-09,504,-8.5245,-4.3572
2011-12-08,2014-01-10,504,-8.6426,-4.4189
2011-12-09,2014-01-13,504,-8.0071,-4.0871
2011-12-12,2014-01-14,504,-7.3337,-3.7367
2011-12-13,2014-01-15,504,-6.6781,-3.3967
2011-12-14,2014-01-16,504,-6.2727,-3.1872
2011-12-15,2014-01-17,504,-5.1781,-2.6235
2011-12-16,2014-01-20,504,-5.9743,-3.0331
2011-12-19,2014-01-21,504,-5.7359,-2.9103
2011-12-20,2014-01-22,504,-5.3828,-2.7286
2011-12-21,2014-01-23,504,-5.442,-2.759
2011-12-22,2014-01-24,504,-4.7855,-2.4221
2011-12-23,2014-01-27,504,-5.1161,-2.5916
2011-12-26,2014-01-28,504,-4.8008,-2.4299
2011-12-27,2014-01-29,504,-4.3591,-2.2038
2011-12-28,2014-01-30,504,-4.4986,-2.2752
2011-12-29,2014-02-07,504,-3.8683,-1.9532
2011-12-30,2014-02-10,504,-3.6473,-1.8406
2012-01-04,2014-02-11,504,-3.2466,-1.6367
2012-01-05,2014-02-12,504,-3.1674,-1.5964
2012-01-06,2014-02-13,504,-3.4855,-1.7582
2012-01-09,2014-02-14,504,-3.654,-1.844
2012-01-10,2014-02-17,504,-3.9681,-2.0042
2012-01-11,2014-02-18,504,-4.5792,-2.3165
2012-01-12,2014-02-19,504,-4.3258,-2.1868
2012-01-13,2014-02-20,504,-4.2009,-2.123
2012-01-16,2014-02-21,504,-3.7548,-1.8954
2012-01-17,2014-02-24,504,-5.4897,-2.7836
2012-01-18,2014-02-25,504,-5.5057,-2.7918
2012-01-19,2014-02-26,504,-5.7981,-2.9423
2012-01-20,2014-02-27,504,-6.4651,-3.2866
2012-01-30,2014-02-28,504,-6.4452,-3.2763
2012-01-31,2014-03-03,504,-6.1705,-3.1344
2012-02-01,2014-03-04,504,-5.9971,-3.0449
2012-02-02,2014-03-05,504,-6.9605,-3.543
2012-02-03,2014-03-06,504,-7.1687,-3.651
2012-02-06,2014-03-07,504,-6.6869,-3.4013
2012-02-07,2014-03-10,504,-7.3311,-3.7353
2012-02-08,2014-03-11,504,-7.9151,-4.0391
2012-02-09,2014-03-12,504,-7.4222,-3.7826
2012-02-10,2014-03-13,504,-6.8381,-3.4796
2012-02-13,2014-03-14,504,-6.992,-3.5593
2012-02-14,2014-03-17,504,-6.2904,-3.1963
2012-02-15,2014-03-18,504,-7.062,-3.5956
2012-02-16,2014-03-19,504,-7.1361,-3.6341
2012-02-17,2014-03-20,504,-7.88,-4.0208
2012-02-20,2014-03-21,504,-7.2046,-3.6696
2012-02-21,2014-03-24,504,-7.4511,-3.7977
2012-02-22,2014-03-25,504,-8.1268,-4.1495
2012-02-23,2014-03-26,504,-8.3974,-4.2908
2012-02-24,2014-03-27,504,-9.0793,-4.6476
2012-02-27,2014-03-28,504,-9.1517,-4.6856
2012-02-28,2014-03-31,504,-9.3606,-4.7953
2012-02-29,2014-04-01,504,-9.2326,-4.7281
2012-03-01,2014-04-02,504,-8.2897,-4.2345
2012-03-02,2014-04-03,504,-8.7242,-4.4616
2012-03-05,2014-04-04,504,-8.377,-4.2801
2012-03-06,2014-04-08,504,-7.0476,-3.5882
2012-03-07,2014-04-09,504,-6.5745,-3.3431
2012-03-08,2014-04-10,504,-6.5792,-3.3455
2012-03-09,2014-04-11,504,-7.0444,-3.5865
2012-03-12,2014-04-14,504,-6.7765,-3.4477
2012-03-13,2014-04-15,504,-7.6697,-3.9114
2012-03-14,2014-04-16,504,-6.9107,-3.5172
2012-03-15,2014-04-17,504,-6.679,-3.3972
2012-03-16,2014-04-18,504,-7.2283,-3.6819
2012-03-19,2014-04-21,504,-7.8412,-4.0006
2012-03-20,2014-04-22,504,-7.1014,-3.6161
2012-03-21,2014-04-23,504,-7.2316,-3.6836
2012-03-22,2014-04-24,504,-7.2162,-3.6757
2012-03-23,2014-04-25,504,-6.9522,-3.5387
2012-03-26,2014-04-28,504,-7.1838,-3.6588
2012-03-27,2014-04-29,504,-7.3407,-3.7403
2012-03-28,2014-04-30,504,-6.464,-3.286
2012-03-29,2014-05-05,504,-5.7765,-2.9312
2012-03-30,2014-05-06,504,-5.7751,-2.9305
2012-04-05,2014-05-07,504,-6.1889,-3.1439
2012-04-06,2014-05-08,504,-6.6939,-3.4049
2012-04-09,2014-05-09,504,-6.6247,-3.3691
2012-04-10,2014-05-12,504,-6.4646,-3.2863
2012-04-11,2014-05-13,504,-6.5759,-3.3439
2012-04-12,2014-05-14,504,-6.9913,-3.559
2012-04-13,2014-05-15,504,-7.432,-3.7877
2012-04-16,2014-05-16,504,-7.1235,-3.6276
2012-04-17,2014-05-19,504,-7.1062,-3.6186
2012-04-18,2014-05-20,504,-7.8414,-4.0008
2012-04-19,2014-05-21,504,-7.4306,-3.787
2012-04-20,2014-05-22,504,-7.7061,-3.9303
2012-04-23,2014-05-23,504,-7.3344,-3.737
2012-04-24,2014-05-26,504,-7.2344,-3.6851
2012-04-25,2014-05-27,504,-7.7078,-3.9312
2012-04-26,2014-05-28,504,-8.0003,-4.0835
2012-04-27,2014-05-29,504,-8.3708,-4.2768
2012-05-02,2014-05-30,504,-8.73,-4.4646
2012-05-03,2014-06-03,504,-8.9253,-4.5669
2012-05-04,2014-06-04,504,-9.2476,-4.736
2012-05-07,2014-06-05,504,-9.1035,-4.6604
2012-05-08,2014-06-06,504,-8.8794,-4.5429
2012-05-09,2014-06-09,504,-8.1044,-4.1378
2012-05-10,2014-06-10,504,-7.8868,-4.0244
2012-05-11,2014-06-11,504,-7.4467,-3.7954
2012-05-14,2014-06-12,504,-7.3172,-3.7281
2012-05-15,2014-06-13,504,-6.67,-3.3925
2012-05-16,2014-06-16,504,-5.6382,-2.86
2012-05-17,2014-06-17,504,-6.7784,-3.4487
2012-05-18,2014-06-18,504,-6.792,-3.4557
2012-05-21,2014-06-19,504,-7.2279,-3.6817
2012-05-22,2014-06-20,504,-6.7072,-3.4118
2012-05-23,2014-06-23,504,-6.2151,-3.1574
2012-05-24,2014-06-24,504,-6.0537,-3.0741
2012-05-25,2014-06-25,504,-6.0754,-3.0853
2012-05-28,2014-06-26,504,-6.5611,-3.3362
2012-05-29,2014-06-27,504,-6.7244,-3.4207
2012-05-30,2014-06-30,504,-6.2847,-3.1934
2012-05-31,2014-07-01,504,-6.2351,-3.1677
2012-06-01,2014-07-02,504,-6.1248,-3.1108
2012-06-04,2014-07-03,504,-6.2159,-3.1578
2012-06-05,2014-07-04,504,-6.1431,-3.1202
2012-06-06,2014-07-07,504,-6.4956,-3.3023
2012-06-07,2014-07-08,504,-6.1097,-3.103
2012-06-08,2014-07-09,504,-5.6093,-2.8451
2012-06-11,2014-07-10,504,-6.1827,-3.1407
2012-06-12,2014-07-11,504,-5.6612,-2.8719
2012-06-13,2014-07-14,504,-6.4078,-3.2569
2012-06-14,2014-07-15,504,-6.4293,-3.2681
2012-06-15,2014-07-16,504,-6.86,-3.4909
2012-06-18,2014-07-17,504,-6.8759,-3.4992
2012-06-19,2014-07-18,504,-6.5543,-3.3327
2012-06-20,2014-07-21,504,-6.3636,-3.2341
2012-06-21,2014-07-22,504,-5.6555,-2.8689
2012-06-25,2014-07-23,504,-4.8089,-2.4341
2012-06-26,2014-07-24,504,-4.6777,-2.3669
2012-06-27,2014-07-25,504,-4.3553,-2.2019
2012-06-28,2014-07-28,504,-3.3253,-1.6767
2012-06-29,2014-07-29,504,-3.5443,-1.7881
2012-07-02,2014-07-30,504,-4.0028,-2.0218
2012-07-03,2014-07-31,504,-4.0299,-2.0357
2012-07-04,2014-08-01,504,-4.5237,-2.288
2012-07-05,2014-08-04,504,-3.5238,-1.7777
2012-07-06,2014-08-05,504,-3.8939,-1.9663
2012-07-09,2014-08-06,504,-3.2039,-1.615
2012-07-10,2014-08-07,504,-3.2532,-1.64
2012-07-11,2014-08-08,504,-3.1099,-1.5672
2012-07-12,2014-08-11,504,-3.1289,-1.5769
2012-07-13,2014-08-12,504,-3.2905,-1.659
2012-07-16,2014-08-13,504,-2.8973,-1.4593
2012-07-17,2014-08-14,504,-3.2714,-1.6493
2012-07-18,2014-08-15,504,-2.8961,-1.4587
2012-07-19,2014-08-18,504,-3.0822,-1.5532
2012-07-20,2014-08-19,504,-2.923,-1.4723
2012-07-23,2014-08-20,504,-2.6286,-1.323
2012-07-24,2014-08-21,504,-3.1905,-1.6082
2012-07-25,2014-08-22,504,-2.9154,-1.4685
2012-07-26,2014-08-25,504,-3.3793,-1.7042
2012-07-27,2014-08-26,504,-3.4921,-1.7615
2012-07-30,2014-08-27,504,-3.3675,-1.6982
2012-07-31,2014-08-28,504,-3.5353,-1.7836
2012-08-01,2014-08-29,504,-3.4058,-1.7176
2012-08-02,2014-09-01,504,-2.8849,-1.453
2012-08-03,2014-09-02,504,-2.9013,-1.4613
2012-08-06,2014-09-03,504,-3.3191,-1.6735
2012-08-07,2014-09-04,504,-3.2048,-1.6155
2012-08-08,2014-09-05,504,-3.0141,-1.5186
2012-08-09,2014-09-09,504,-3.5752,-1.8039
2012-08-10,2014-09-10,504,-3.5491,-1.7906
2012-08-13,2014-09-11,504,-3.3918,-1.7105
2012-08-14,2014-09-12,504,-3.3627,-1.6957
2012-08-15,2014-09-15,504,-2.993,-1.5079
2012-08-16,2014-09-16,504,-3.3253,-1.6767
2012-08-17,2014-09-17,504,-3.2915,-1.6595
2012-08-20,2014-09-18,504,-3.3248,-1.6764
2012-08-21,2014-09-19,504,-3.407,-1.7183
2012-08-22,2014-09-22,504,-4.0946,-2.0687
2012-08-23,2014-09-23,504,-4.2519,-2.149
2012-08-24,2014-09-24,504,-3.2848,-1.6561
2012-08-27,2014-09-25,504,-3.1696,-1.5975
2012-08-28,2014-09-26,504,-2.7967,-1.4082
2012-08-29,2014-09-29,504,-2.6231,-1.3202
2012-08-30,2014-09-30,504,-2.4415,-1.2283
2012-08-31,2014-10-08,504,-2.1275,-1.0695
2012-09-03,2014-10-09,504,-2.5498,-1.2831
2012-09-04,2014-10-10,504,-2.543,-1.2797
2012-09-05,2014-10-13,504,-2.3968,-1.2057
2012-09-06,2014-10-14,504,-2.8488,-1.4347
2012-09-07,2014-10-15,504,-3.8145,-1.9258
2012-09-10,2014-10-16,504,-4.3235,-2.1856
2012-09-11,2014-10-17,504,-4.1489,-2.0964
2012-09-12,2014-10-20,504,-4.1121,-2.0776
2012-09-13,2014-10-21,504,-3.8912,-1.9649
2012-09-14,2014-10-22,504,-4.6744,-2.3651
2012-09-17,2014-10-23,504,-4.328,-2.1879
2012-09-18,2014-10-24,504,-4.1955,-2.1202
2012-09-19,2014-10-27,504,-4.7723,-2.4153
2012-09-20,2014-10-28,504,-3.5847,-1.8087
2012-09-21,2014-10-29,504,-3.31,-1.6689
2012-09-24,2014-10-30,504,-3.6213,-1.8273
2012-09-25,2014-10-31,504,-3.633,-1.8333
2012-09-26,2014-11-03,504,-3.6254,-1.8294
2012-09-27,2014-11-04,504,-4.2932,-2.1701
2012-09-28,2014-11-05,504,-5.612,-2.8465
2012-10-08,2014-11-06,504,-5.0979,-2.5823
2012-10-09,2014-11-07,504,-5.6527,-2.8675
2012-10-10,2014-11-10,504,-4.4167,-2.2333
2012-10-11,2014-11-11,504,-4.6274,-2.3411
2012-10-12,2014-11-12,504,-3.9597,-1.9999
2012-10-15,2014-11-13,504,-3.8583,-1.9481
2012-10-16,2014-11-14,504,-4.0047,-2.0228
2012-10-17,2014-11-17,504,-3.5389,-1.7854
2012-10-18,2014-11-18,504,-4.1659,-2.1051
2012-10-19,2014-11-19,504,-3.9576,-1.9988
2012-10-22,2014-11-20,504,-4.2134,-2.1294
2012-10-23,2014-11-21,504,-3.1809,-1.6033
2012-10-24,2014-11-24,504,-2.1623,-1.0871
2012-10-25,2014-11-25,504,-1.6059,-0.8062
2012-10-26,2014-11-26,504,-0.5999,-0.3004
2012-10-29,2014-11-27,504,-0.3129,-0.1566
2012-10-30,2014-11-28,504,0.0419,0.021
2012-10-31,2014-12-01,504,-0.6658,-0.3335
2012-11-01,2014-12-02,504,0.6948,0.3468
2012-11-02,2014-12-03,504,1.178,0.5873
2012-11-05,2014-12-04,504,3.0784,1.5275
2012-11-06,2014-12-05,504,3.2624,1.6181
2012-11-07,2014-12-08,504,3.9736,1.9675
2012-11-08,2014-12-09,504,3.4295,1.7003
2012-11-09,2014-12-10,504,5.0323,2.4853
2012-11-12,2014-12-11,504,4.2837,2.1194
2012-11-13,2014-12-12,504,4.9577,2.4489
2012-11-14,2014-12-15,504,5.0344,2.4863
2012-11-15,2014-12-16,504,5.9542,2.934
2012-11-16,2014-12-17,504,6.9053,3.395
2012-11-19,2014-12-18,504,6.7451,3.3175
2012-11-20,2014-12-19,504,7.2391,3.5563
2012-11-21,2014-12-22,504,7.0093,3.4453
2012-11-22,2014-12-23,504,6.1133,3.0113
2012-11-23,2014-12-24,504,4.8798,2.4108
2012-11-26,2014-12-25,504,5.9695,2.9415
2012-11-27,2014-12-26,504,7.5036,3.684
2012-11-28,2014-12-29,504,8.2489,4.0427
2012-11-29,2014-12-30,504,8.5178,4.1719
2012-11-30,2014-12-31,504,8.6483,4.2345
2012-12-03,2015-01-05,504,10.343,5.0443
2012-12-04,2015-01-06,504,10.4888,5.1137
2012-12-05,2015-01-07,504,9.4733,4.6295
2012-12-06,2015-01-08,504,8.9586,4.3832
2012-12-07,2015-01-09,504,8.2033,4.0208
2012-12-10,2015-01-12,504,7.8657,3.8584
2012-12-11,2015-01-13,504,8.1435,3.9921
2012-12-12,2015-01-14,504,7.767,3.8109
2012-12-13,2015-01-15,504,8.9544,4.3812
2012-12-14,2015-01-16,504,8.5116,4.1689
2012-12-17,2015-01-19,504,6.7955,3.3419
2012-12-18,2015-01-20,504,6.8644,3.3753
2012-12-19,2015-01-21,504,8.8268,4.3201
2012-12-20,2015-01-22,504,8.5276,4.1766
2012-12-21,2015-01-23,504,9.2718,4.5332
2012-12-24,2015-01-26,504,9.2793,4.5368
2012-12-25,2015-01-27,504,8.1685,4.0041
2012-12-26,2015-01-28,504,7.7782,3.8163
2012-12-27,2015-01-29,504,7.3901,3.6292
2012-12-28,2015-01-30,504,6.103,3.0063
2012-12-31,2015-02-02,504,5.4847,2.7057
2013-01-04,2015-02-03,504,6.2776,3.091
2013-01-07,2015-02-04,504,5.4523,2.69
2013-01-08,2015-02-05,504,5.5476,2.7363
2013-01-09,2015-02-06,504,4.8688,2.4054
2013-01-10,2015-02-09,504,4.5397,2.2447
2013-01-11,2015-02-10,504,5.3972,2.6631
2013-01-14,2015-02-11,504,4.5628,2.256
2013-01-15,2015-02-12,504,4.0995,2.0291
2013-01-16,2015-02-13,504,4.4997,2.2251
2013-01-17,2015-02-16,504,5.1162,2.5262
2013-01-18,2015-02-17,504,4.6155,2.2817
2013-01-21,2015-02-25,504,3.8636,1.9135
2013-01-22,2015-02-26,504,4.5816,2.2651
2013-01-23,2015-02-27,504,4.5895,2.269
2013-01-24,2015-03-02,504,5.5132,2.7196
2013-01-25,2015-03-03,504,4.7804,2.3623
2013-01-28,2015-03-04,504,4.2416,2.0988
2013-01-29,2015-03-05,504,3.6136,1.7908
2013-01-30,2015-03-06,504,3.2682,1.621
2013-01-31,2015-03-09,504,3.0701,1.5235
2013-02-01,2015-03-10,504,2.3479,1.1672
2013-02-04,2015-03-11,504,2.3262,1.1564
2013-02-05,2015-03-12,504,2.5383,1.2612
2013-02-06,2015-03-13,504,2.6192,1.3012
2013-02-07,2015-03-16,504,3.433,1.702
2013-02-08,2015-03-17,504,3.5622,1.7655
2013-02-18,2015-03-18,504,4.9579,2.4489
2013-02-19,2015-03-19,504,5.8197,2.8687
2013-02-20,2015-03-20,504,6.069,2.9898
2013-02-21,2015-03-23,504,8.3865,4.1088
2013-02-22,2015-03-24,504,8.398,4.1144
2013-02-25,2015-03-25,504,8.0927,3.9676
2013-02-26,2015-03-26,504,8.8049,4.3096
2013-02-27,2015-03-27,504,8.3806,4.106
2013-02-28,2015-03-30,504,8.293,4.0639
2013-03-01,2015-03-31,504,8.0112,3.9284
2013-03-04,2015-04-01,504,9.8785,4.8229
2013-03-05,2015-04-02,504,9.5341,4.6585
2013-03-06,2015-04-03,504,9.5585,4.6702
2013-03-07,2015-04-07,504,10.7163,5.2218
2013-03-08,2015-04-08,504,11.2208,5.4613
2013-03-11,2015-04-09,504,10.6585,5.1943
2013-03-12,2015-04-10,504,11.6801,5.6788
2013-03-13,2015-04-13,504,12.6679,6.1451
2013-03-14,2015-04-14,504,12.5466,6.088
2013-03-15,2015-04-15,504,11.9541,5.8084
2013-03-18,2015-04-16,504,13.5515,6.5606
2013-03-19,2015-04-17,504,13.7195,6.6393
2013-03-20,2015-04-20,504,12.3762,6.0076
2013-03-21,2015-04-21,504,12.8049,6.2096
2013-03-22,2015-04-22,504,13.7984,6.6763
2013-03-25,2015-04-23,504,13.5026,6.5376
2013-03-26,2015-04-24,504,13.849,6.7
2013-03-27,2015-04-27,504,14.4109,6.963
2013-03-28,2015-04-28,504,15.1468,7.3065
2013-03-29,2015-04-29,504,15.742,7.5834
2013-04-01,2015-04-30,504,15.4742,7.4589
2013-04-02,2015-05-04,504,15.3846,7.4172
2013-04-03,2015-05-05,504,14.6193,7.0604
2013-04-08,2015-05-06,504,14.3236,6.9222
2013-04-09,2015-05-07,504,13.5598,6.5644
2013-04-10,2015-05-08,504,14.2839,6.9037
2013-04-11,2015-05-11,504,15.8345,7.6264
2013-04-12,2015-05-12,504,16.3818,7.8804
2013-04-15,2015-05-13,504,17.9563,8.6077
2013-04-16,2015-05-14,504,20.1394,9.6081
2013-04-17,2015-05-15,504,19.6573,9.388
2013-04-18,2015-05-18,504,19.3769,9.2597
2013-04-19,2015-05-19,504,19.0115,9.0924
2013-04-22,2015-05-20,504,18.7973,8.9942
2013-04-23,2015-05-21,504,20.4459,9.7478
2013-04-24,2015-05-22,504,20.405,9.7292
2013-04-25,2015-05-25,504,21.4793,10.2177
2013-04-26,2015-05-26,504,21.6588,10.299
2013-05-02,2015-05-27,504,21.8315,10.3773
2013-05-03,2015-05-28,504,18.8693,9.0272
2013-05-06,2015-05-29,504,18.6119,8.9091
2013-05-07,2015-06-01,504,20.2859,9.6749
2013-05-08,2015-06-02,504,20.6494,9.8405
2013-05-09,2015-06-03,504,20.5102,9.7771
2013-05-10,2015-06-04,504,20.4551,9.7521
2013-05-13,2015-06-05,504,21.3322,10.1509
2013-05-14,2015-06-08,504,22.3218,10.5992
2013-05-15,2015-06-09,504,22.5017,10.6805
2013-05-16,2015-06-10,504,22.4257,10.6462
2013-05-17,2015-06-11,504,22.3472,10.6107
2013-05-20,2015-06-12,504,22.8467,10.8362
2013-05-21,2015-06-15,504,21.1044,10.0474
2013-05-22,2015-06-16,504,20.324,9.6923
2013-05-23,2015-06-17,504,21.1644,10.0747
2013-05-24,2015-06-18,504,19.7803,9.4442
2013-05-27,2015-06-19,504,18.2271,8.7323
2013-05-28,2015-06-23,504,18.379,8.8021
2013-05-29,2015-06-24,504,18.8866,9.0351
2013-05-30,2015-06-25,504,17.4824,8.3893
2013-05-31,2015-06-26,504,15.3452,7.3989
2013-06-03,2015-06-29,504,15.1627,7.3139
2013-06-04,2015-06-30,504,16.8766,8.1095
2013-06-05,2015-07-01,504,15.6623,7.5464
2013-06-06,2015-07-02,504,15.0898,7.2799
2013-06-07,2015-07-03,504,14.0987,6.817
2013-06-13,2015-07-06,504,16.0257,7.7152
2013-06-14,2015-07-07,504,15.5815,7.5088
2013-06-17,2015-07-08,504,13.4521,6.5139
2013-06-18,2015-07-09,504,15.3002,7.3779
2013-06-19,2015-07-10,504,16.878,8.1101
2013-06-20,2015-07-13,504,19.2556,9.2042
2013-06-21,2015-07-14,504,19.0633,9.1161
2013-06-24,2015-07-15,504,20.6743,9.8518
2013-06-25,2015-07-16,504,20.5715,9.8051
2013-06-26,2015-07-17,504,22.2455,10.5647
2013-06-27,2015-07-20,504,21.7204,10.327
2013-06-28,2015-07-21,504,21.6385,10.2899
2013-07-01,2015-07-22,504,20.0591,9.5715
2013-07-02,2015-07-23,504,20.3055,9.6838
2013-07-03,2015-07-24,504,20.1372,9.6071
2013-07-04,2015-07-27,504,18.1276,8.6865
2013-07-05,2015-07-28,504,17.999,8.6274
2013-07-08,2015-07-29,504,20.2665,9.6661
2013-07-09,2015-07-30,504,18.3269,8.7781
2013-07-10,2015-07-31,504,17.5429,8.4172
2013-07-11,2015-08-03,504,15.8833,7.6491
2013-07-12,2015-08-04,504,17.2315,8.2735
2013-07-15,2015-08-05,504,16.084,7.7423
2013-07-16,2015-08-06,504,15.7548,7.5894
2013-07-17,2015-08-07,504,16.8888,8.1151
2013-07-18,2015-08-10,504,18.8207,9.0049
2013-07-19,2015-08-11,504,19.8851,9.4921
2013-07-22,2015-08-12,504,20.0022,9.5455
2013-07-23,2015-08-13,504,19.1242,9.144
2013-07-24,2015-08-14,504,18.9943,9.0845
2013-07-25,2015-08-17,504,19.5655,9.346
2013-07-26,2015-08-18,504,17.9617,8.6102
2013-07-29,2015-08-19,504,19.4281,9.2832
2013-07-30,2015-08-20,504,18.8962,9.0395
2013-07-31,2015-08-21,504,18.0452,8.6486
2013-08-01,2015-08-24,504,15.5489,7.4937
2013-08-02,2015-08-25,504,14.589,7.0462
2013-08-05,2015-08-26,504,13.1494,6.3717
2013-08-06,2015-08-27,504,14.8119,7.1503
2013-08-07,2015-08-28,504,16.5718,7.9684
2013-08-08,2015-08-31,504,16.6661,8.0121
2013-08-09,2015-09-01,504,16.2785,7.8325
2013-08-12,2015-09-02,504,14.9932,7.2349
2013-08-13,2015-09-07,504,13.2419,6.4152
2013-08-14,2015-09-08,504,14.4642,6.9879
2013-08-15,2015-09-09,504,15.0487,7.2607
2013-08-16,2015-09-10,504,14.1321,6.8326
2013-08-19,2015-09-11,504,13.4198,6.4987
2013-08-20,2015-09-14,504,13.331,6.457
2013-08-21,2015-09-15,504,12.0049,5.8324
2013-08-22,2015-09-16,504,13.5909,6.579
2013-08-23,2015-09-17,504,13.2201,6.4049
2013-08-26,2015-09-18,504,12.5497,6.0894
2013-08-27,2015-09-21,504,13.2199,6.4048
2013-08-28,2015-09-22,504,13.0595,6.3294
2013-08-29,2015-09-23,504,12.6843,6.1529
2013-08-30,2015-09-24,504,13.2332,6.4111
2013-09-02,2015-09-25,504,13.0122,6.3072
2013-09-03,2015-09-28,504,12.4981,6.0651
2013-09-04,2015-09-29,504,11.4057,5.5489
2013-09-05,2015-09-30,504,11.954,5.8083
2013-09-06,2015-10-08,504,13.3199,6.4518
2013-09-09,2015-10-09,504,12.4908,6.0617
2013-09-10,2015-10-12,504,13.6148,6.5902
2013-09-11,2015-10-13,504,13.5043,6.5384
2013-09-12,2015-10-14,504,13.7651,6.6607
2013-09-13,2015-10-15,504,15.4572,7.451
2013-09-16,2015-10-16,504,15.7799,7.6011
2013-09-17,2015-10-19,504,16.4554,7.9145
2013-09-18,2015-10-20,504,16.9757,8.1553
2013-09-23,2015-10-21,504,15.1789,7.3215
2013-09-24,2015-10-22,504,15.9222,7.6672
2013-09-25,2015-10-23,504,16.637,7.9986
2013-09-26,2015-10-26,504,16.9743,8.1546
2013-09-27,2015-10-27,504,17.0308,8.1808
2013-09-30,2015-10-28,504,16.0808,7.7408
2013-10-08,2015-10-29,504,15.722,7.5742
2013-10-09,2015-10-30,504,15.4104,7.4292
2013-10-10,2015-11-02,504,15.2895,7.3729
2013-10-11,2015-11-03,504,14.9487,7.2141
2013-10-14,2015-11-04,504,16.3098,7.847
2013-10-15,2015-11-05,504,16.9695,8.1524
2013-10-16,2015-11-06,504,18.0129,8.6338
2013-10-17,2015-11-09,504,18.461,8.8398
2013-10-18,2015-11-10,504,17.3203,8.3145
2013-10-21,2015-11-11,504,17.1071,8.216
2013-10-22,2015-11-12,504,17.0456,8.1876
2013-10-23,2015-11-13,504,16.4676,7.9201
2013-10-24,2015-11-16,504,17.1824,8.2508
2013-10-25,2015-11-17,504,17.136,8.2294
2013-10-28,2015-11-18,504,16.4844,7.9279
2013-10-29,2015-11-19,504,17.0601,8.1943
2013-10-30,2015-11-20,504,16.902,8.1212
2013-10-31,2015-11-23,504,16.9867,8.1604
2013-11-01,2015-11-24,504,17.0226,8.177
2013-11-04,2015-11-25,504,17.5593,8.4248
2013-11-05,2015-11-26,504,17.1453,8.2337
2013-11-06,2015-11-27,504,15.6218,7.5276
2013-11-07,2015-11-30,504,15.2949,7.3755
2013-11-08,2015-12-01,504,16.7538,8.0527
2013-11-11,2015-12-02,504,18.1779,8.7096
2013-11-12,2015-12-03,504,17.9313,8.5962
2013-11-13,2015-12-04,504,18.3184,8.7743
2013-11-14,2015-12-07,504,18.6326,8.9186
2013-11-15,2015-12-08,504,17.109,8.2169
2013-11-18,2015-12-09,504,16.4021,7.8898
2013-11-19,2015-12-10,504,16.7519,8.0518
2013-11-20,2015-12-11,504,16.4035,7.8904
2013-11-21,2015-12-14,504,18.2618,8.7483
2013-11-22,2015-12-15,504,17.9985,8.6271
2013-11-25,2015-12-16,504,18.4347,8.8277
2013-11-26,2015-12-17,504,18.6486,8.9259
2013-11-27,2015-12-18,504,18.4087,8.8158
2013-11-28,2015-12-21,504,19.5108,9.321
2013-11-29,2015-12-22,504,19.7451,9.4281
2013-12-02,2015-12-23,504,19.6235,9.3725
2013-12-03,2015-12-24,504,19.5099,9.3206
2013-12-04,2015-12-25,504,19.3104,9.2293
2013-12-05,2015-12-28,504,17.9216,8.5917
2013-12-06,2015-12-29,504,18.727,8.9619
2013-12-09,2015-12-30,504,18.6641,8.933
2013-12-10,2015-12-31,504,18.0178,8.636
2013-12-11,2016-01-04,504,15.8614,7.6389
2013-12-12,2016-01-05,504,16.3346,7.8585
2013-12-13,2016-01-06,504,17.7096,8.494
2013-12-16,2016-01-07,504,16.3723,7.876
2013-12-17,2016-01-08,504,16.896,8.1185
2013-12-18,2016-01-11,504,15.6592,7.545
2013-12-19,2016-01-12,504,16.0654,7.7336
2013-12-20,2016-01-13,504,16.5571,7.9616
2013-12-23,2016-01-14,504,17.0859,8.2062
2013-12-24,2016-01-15,504,16.0374,7.7207
2013-12-25,2016-01-18,504,15.8145,7.6172
2013-12-26,2016-01-19,504,17.1963,8.2572
2013-12-27,2016-01-20,504,16.0463,7.7248
2013-12-30,2016-01-21,504,15.7301,7.5779
2013-12-31,2016-01-22,504,15.5309,7.4853
2014-01-02,2016-01-25,504,15.4359,7.4411
2014-01-03,2016-01-26,504,14.0076,6.7743
2014-01-06,2016-01-27,504,14.6743,7.0861
2014-01-07,2016-01-28,504,13.8899,6.7192
2014-01-08,2016-01-29,504,14.9571,7.218
2014-01-09,2016-02-01,504,15.0647,7.2682
2014-01-10,2016-02-02,504,15.7132,7.5701
2014-01-13,2016-02-03,504,15.6451,7.5384
2014-01-14,2016-02-04,504,15.9293,7.6705
2014-01-15,2016-02-05,504,16.2511,7.8198
2014-01-16,2016-02-15,504,17.2425,8.2786
2014-01-17,2016-02-16,504,18.3432,8.7857
2014-01-20,2016-02-17,504,18.854,9.0202
2014-01-21,2016-02-18,504,18.4094,8.8161
2014-01-22,2016-02-19,504,18.1764,8.709
2014-01-23,2016-02-22,504,18.87,9.0275
2014-01-24,2016-02-23,504,17.9613,8.61
2014-01-27,2016-02-24,504,18.644,8.9238
2014-01-28,2016-02-25,504,17.2601,8.2867
2014-01-29,2016-02-26,504,17.6786,8.4798
2014-01-30,2016-02-29,504,16.901,8.1208
2014-02-07,2016-03-01,504,17.6066,8.4466
2014-02-10,2016-03-02,504,17.385,8.3444
2014-02-11,2016-03-03,504,17.2181,8.2673
2014-02-12,2016-03-04,504,17.8354,8.552
2014-02-13,2016-03-07,504,18.1075,8.6773
2014-02-14,2016-03-08,504,17.6517,8.4674
2014-02-17,2016-03-09,504,16.3254,7.8543
2014-02-18,2016-03-10,504,16.2262,7.8083
2014-02-19,2016-03-11,504,16.2547,7.8215
2014-02-20,2016-03-14,504,16.7583,8.0548
2014-02-21,2016-03-15,504,16.5888,7.9763
2014-02-24,2016-03-16,504,17.4684,8.3828
2014-02-25,2016-03-17,504,19.1563,9.1587
2014-02-26,2016-03-18,504,19.3261,9.2365
2014-02-27,2016-03-21,504,20.1078,9.5937
2014-02-28,2016-03-22,504,19.5521,9.3399
2014-03-03,2016-03-23,504,18.8043,8.9974
2014-03-04,2016-03-24,504,18.1512,8.6974
2014-03-05,2016-03-25,504,18.8715,9.0282
2014-03-06,2016-03-28,504,18.3326,8.7808
2014-03-07,2016-03-29,504,17.9266,8.594
2014-03-10,2016-03-30,504,19.8462,9.4743
2014-03-11,2016-03-31,504,19.1694,9.1648
2014-03-12,2016-04-01,504,18.9104,9.0461
2014-03-13,2016-04-05,504,18.4563,8.8377
2014-03-14,2016-04-06,504,18.8117,9.0008
2014-03-17,2016-04-07,504,17.6518,8.4674
2014-03-18,2016-04-08,504,18.0505,8.651
2014-03-19,2016-04-11,504,19.1932,9.1756
2014-03-20,2016-04-12,504,20.1328,9.6051
2014-03-21,2016-04-13,504,19.9448,9.5193
2014-03-24,2016-04-14,504,19.5815,9.3533
2014-03-25,2016-04-15,504,19.7385,9.4251
2014-03-26,2016-04-18,504,19.3531,9.2488
2014-03-27,2016-04-19,504,20.2333,9.651
2014-03-28,2016-04-20,504,19.8709,9.4855
2014-03-31,2016-04-21,504,20.2433,9.6555
2014-04-01,2016-04-22,504,19.7984,9.4525
2014-04-02,2016-04-25,504,19.0712,9.1198
2014-04-03,2016-04-26,504,19.3233,9.2352
2014-04-04,2016-04-27,504,19.2816,9.2161
2014-04-08,2016-04-28,504,18.0482,8.65
2014-04-09,2016-04-29,504,18.466,8.8421
2014-04-10,2016-05-03,504,18.8724,9.0286
2014-04-11,2016-05-04,504,18.825,9.0069
2014-04-14,2016-05-05,504,18.6325,8.9186
2014-04-15,2016-05-06,504,18.9059,9.044
2014-04-16,2016-05-09,504,18.374,8.7998
2014-04-17,2016-05-10,504,18.3296,8.7794
2014-04-18,2016-05-11,504,18.6648,8.9334
2014-04-21,2016-05-12,504,19.4884,9.3107
2014-04-22,2016-05-13,504,19.2705,9.2111
2014-04-23,2016-05-16,504,19.8167,9.4608
2014-04-24,2016-05-17,504,19.5806,9.3529
2014-04-25,2016-05-18,504,19.6476,9.3835
2014-04-28,2016-05-19,504,18.4335,8.8271
2014-04-29,2016-05-20,504,19.3173,9.2325
2014-04-30,2016-05-23,504,19.2862,9.2182
2014-05-05,2016-05-24,504,17.8653,8.5658
2014-05-06,2016-05-25,504,17.2316,8.2736
2014-05-07,2016-05-26,504,17.6122,8.4492
2014-05-08,2016-05-27,504,18.0372,8.6449
2014-05-09,2016-05-30,504,17.773,8.5233
2014-05-12,2016-05-31,504,18.9708,9.0738
2014-05-13,2016-06-01,504,18.9659,9.0715
2014-05-14,2016-06-02,504,19.0736,9.1208
2014-05-15,2016-06-03,504,18.8546,9.0204
2014-05-16,2016-06-06,504,19.5342,9.3317
2014-05-19,2016-06-07,504,19.8838,9.4914
2014-05-20,2016-06-08,504,20.069,9.576
2014-05-21,2016-06-13,504,19.5826,9.3538
2014-05-22,2016-06-14,504,19.624,9.3728
2014-05-23,2016-06-15,504,20.1183,9.5985
2014-05-26,2016-06-16,504,21.1183,10.0538
2014-05-27,2016-06-17,504,20.028,9.5573
2014-05-28,2016-06-20,504,20.8343,9.9247
2014-05-29,2016-06-21,504,21.2545,10.1156
2014-05-30,2016-06-22,504,20.9716,9.9871
2014-06-03,2016-06-23,504,21.1536,10.0698
2014-06-04,2016-06-24,504,21.9163,10.4157
2014-06-05,2016-06-27,504,22.9834,10.8979
2014-06-06,2016-06-28,504,23.0447,10.9255
2014-06-09,2016-06-29,504,23.3811,11.0771
2014-06-10,2016-06-30,504,22.7577,10.7961
2014-06-11,2016-07-01,504,23.1053,10.9528
2014-06-12,2016-07-04,504,24.3918,11.5311
2014-06-13,2016-07-05,504,23.6067,11.1786
2014-06-16,2016-07-06,504,23.8888,11.3053
2014-06-17,2016-07-07,504,24.4562,11.5599
2014-06-18,2016-07-08,504,24.0836,11.3928
2014-06-19,2016-07-11,504,23.833,11.2803
2014-06-20,2016-07-12,504,23.5046,11.1326
2014-06-23,2016-07-13,504,23.2006,10.9957
2014-06-24,2016-07-14,504,22.7555,10.7951
2014-06-25,2016-07-15,504,23.0573,10.9312
2014-06-26,2016-07-18,504,22.5444,10.6998
2014-06-27,2016-07-19,504,22.3697,10.6208
2014-06-30,2016-07-20,504,22.9281,10.873
2014-07-01,2016-07-21,504,21.8077,10.3665
2014-07-02,2016-07-22,504,22.3566,10.6149
2014-07-03,2016-07-25,504,22.1267,10.5109
2014-07-04,2016-07-26,504,22.5611,10.7073
2014-07-07,2016-07-27,504,22.3203,10.5985
2014-07-08,2016-07-28,504,22.6542,10.7494
2014-07-09,2016-07-29,504,21.8081,10.3667
2014-07-10,2016-08-01,504,21.8341,10.3785
2014-07-11,2016-08-02,504,21.8118,10.3684
2014-07-14,2016-08-03,504,22.938,10.8774
2014-07-15,2016-08-04,504,22.7898,10.8106
2014-07-16,2016-08-05,504,23.5656,11.1601
2014-07-17,2016-08-08,504,22.4565,10.6601
2014-07-18,2016-08-09,504,22.3439,10.6092
2014-07-21,2016-08-10,504,23.4181,11.0937
2014-07-22,2016-08-11,504,22.6491,10.747
2014-07-23,2016-08-12,504,23.128,10.963
2014-07-24,2016-08-15,504,23.4745,11.1191
2014-07-25,2016-08-16,504,23.1882,10.9902
2014-07-28,2016-08-17,504,21.7013,10.3183
2014-07-29,2016-08-18,504,21.6886,10.3126
2014-07-30,2016-08-19,504,21.9727,10.4413
2014-07-31,2016-08-22,504,21.4496,10.2042
2014-08-01,2016-08-23,504,22.1604,10.5262
2014-08-04,2016-08-24,504,21.0466,10.0212
2014-08-05,2016-08-25,504,20.731,9.8777
2014-08-06,2016-08-26,504,20.843,9.9286
2014-08-07,2016-08-29,504,20.6504,9.841
2014-08-08,2016-08-30,504,20.4854,9.7658
2014-08-11,2016-08-31,504,20.5752,9.8067
2014-08-12,2016-09-01,504,20.3566,9.7072
2014-08-13,2016-09-02,504,20.4821,9.7643
2014-08-14,2016-09-05,504,20.8246,9.9202
2014-08-15,2016-09-06,504,21.1225,10.0556
2014-08-18,2016-09-07,504,21.5676,10.2577
2014-08-19,2016-09-08,504,21.5806,10.2636
2014-08-20,2016-09-09,504,21.3596,10.1634
2014-08-21,2016-09-12,504,21.2392,10.1087
2014-08-22,2016-09-13,504,20.9684,9.9856
2014-08-25,2016-09-14,504,21.0385,10.0175
2014-08-26,2016-09-19,504,20.7244,9.8747
2014-08-27,2016-09-20,504,21.1996,10.0907
2014-08-28,2016-09-21,504,21.1413,10.0642
2014-08-29,2016-09-22,504,21.5796,10.2632
2014-09-01,2016-09-23,504,21.2574,10.117
2014-09-02,2016-09-26,504,20.5191,9.7812
2014-09-03,2016-09-27,504,20.4239,9.7378
2014-09-04,2016-09-28,504,16.0389,7.7214
2014-09-05,2016-09-29,504,15.8001,7.6105
2014-09-09,2016-09-30,504,16.1712,7.7827
2014-09-10,2016-10-10,504,15.391,7.4202
2014-09-11,2016-10-11,504,15.7616,7.5926
2014-09-12,2016-10-12,504,15.5997,7.5173
2014-09-15,2016-10-13,504,15.8001,7.6104
2014-09-16,2016-10-14,504,20.2453,9.6564
2014-09-17,2016-10-17,504,19.781,9.4445
2014-09-18,2016-10-18,504,16.6648,8.0115
2014-09-19,2016-10-19,504,16.4228,7.8994
2014-09-22,2016-10-20,504,21.5391,10.2448
2014-09-23,2016-10-21,504,17.2598,8.2865
2014-09-24,2016-10-24,504,16.7814,8.0655
2014-09-25,2016-10-25,504,17.2742,8.2932
2014-09-26,2016-10-26,504,16.9442,8.1408
2014-09-29,2016-10-27,504,16.7343,8.0436
2014-09-30,2016-10-28,504,16.6761,8.0167
2014-10-08,2016-10-31,504,16.7268,8.0402
2014-10-09,2016-11-01,504,16.7474,8.0497
2014-10-10,2016-11-02,504,17.2098,8.2635
2014-10-13,2016-11-03,504,17.1723,8.2461
2014-10-14,2016-11-04,504,17.0919,8.209
2014-10-15,2016-11-07,504,17.2833,8.2974
2014-10-16,2016-11-08,504,17.0455,8.1876
2014-10-17,2016-11-09,504,18.1377,8.6912
2014-10-20,2016-11-10,504,17.5839,8.4361
2014-10-21,2016-11-11,504,17.4957,8.3954
2014-10-22,2016-11-14,504,16.8207,8.0836
2014-10-23,2016-11-15,504,21.5684,10.2581
2014-10-24,2016-11-16,504,22.0201,10.4627
2014-10-27,2016-11-17,504,22.4543,10.6591
2014-10-28,2016-11-18,504,17.2769,8.2945
2014-10-29,2016-11-21,504,17.1056,8.2154
2014-10-30,2016-11-22,504,17.9431,8.6016
2014-10-31,2016-11-23,504,18.1576,8.7003
2014-11-03,2016-11-24,504,18.6402,8.9221
2014-11-04,2016-11-25,504,18.483,8.8499
2014-11-05,2016-11-28,504,19.6592,9.3888
2014-11-06,2016-11-29,504,19.6571,9.3879
2014-11-07,2016-11-30,504,19.2468,9.2002
2014-11-10,2016-12-01,504,17.5964,8.4419
2014-11-11,2016-12-02,504,17.8441,8.556
2014-11-12,2016-12-05,504,16.5011,7.9357
2014-11-13,2016-12-06,504,16.7435,8.0479
2014-11-14,2016-12-07,504,16.9765,8.1557
2014-11-17,2016-12-08,504,16.5069,7.9383
2014-11-18,2016-12-09,504,17.0364,8.1834
2014-11-19,2016-12-12,504,16.2136,7.8024
2014-11-20,2016-12-13,504,16.4868,7.929
2014-11-21,2016-12-14,504,15.5222,7.4813
2014-11-24,2016-12-15,504,14.0437,6.7912
2014-11-25,2016-12-16,504,13.7626,6.6595
2014-11-26,2016-12-19,504,13.3003,6.4426
2014-11-27,2016-12-20,504,12.8009,6.2077
2014-11-28,2016-12-21,504,12.762,6.1894
2014-12-01,2016-12-22,504,13.2881,6.4369
2014-12-02,2016-12-23,504,10.8513,5.2859
2014-12-03,2016-12-26,504,10.9621,5.3386
2014-12-04,2016-12-27,504,10.7924,5.258
2014-12-05,2016-12-28,504,10.7389,5.2326
2014-12-08,2016-12-29,504,10.2625,5.0059
2014-12-09,2016-12-30,504,11.1324,5.4194
2014-12-10,2017-01-03,504,9.5356,4.6592
2014-12-11,2017-01-04,504,10.3546,5.0498
2014-12-12,2017-01-05,504,10.2012,4.9768
2014-12-15,2017-01-06,504,9.7428,4.7582
2014-12-16,2017-01-09,504,10.0269,4.8937
2014-12-17,2017-01-10,504,9.618,4.6986
2014-12-18,2017-01-11,504,9.5198,4.6517
2014-12-19,2017-01-12,504,8.9406,4.3746
2014-12-22,2017-01-13,504,8.7732,4.2944
2014-12-23,2017-01-16,504,10.063,4.9109
2014-12-24,2017-01-17,504,10.9252,5.321
2014-12-25,2017-01-18,504,10.2187,4.9851
2014-12-26,2017-01-19,504,8.9097,4.3598
2014-12-29,2017-01-20,504,8.8757,4.3435
2014-12-30,2017-01-23,504,9.2255,4.511
2014-12-31,2017-01-24,504,8.3687,4.1003
2015-01-05,2017-01-25,504,3.4838,1.727
2015-01-06,2017-01-26,504,3.1258,1.5509
2015-01-07,2017-02-03,504,3.2199,1.5972
2015-01-08,2017-02-06,504,7.9374,3.8929
2015-01-09,2017-02-07,504,8.4002,4.1154
2015-01-12,2017-02-08,504,8.4412,4.1351
2015-01-13,2017-02-09,504,8.5657,4.1948
2015-01-14,2017-02-10,504,8.634,4.2276
2015-01-15,2017-02-13,504,7.9845,3.9156
2015-01-16,2017-02-14,504,7.0023,3.4419
2015-01-19,2017-02-15,504,8.8081,4.3111
2015-01-20,2017-02-16,504,8.7804,4.2978
2015-01-21,2017-02-17,504,7.149,3.5128
2015-01-22,2017-02-20,504,7.5701,3.716
2015-01-23,2017-02-21,504,7.4774,3.6713
2015-01-26,2017-02-22,504,7.3536,3.6116
2015-01-27,2017-02-23,504,7.527,3.6952
2015-01-28,2017-02-24,504,8.2866,4.0609
2015-01-29,2017-02-27,504,8.3498,4.0912
2015-01-30,2017-02-28,504,9.1885,4.4933
2015-02-02,2017-03-01,504,9.4249,4.6063
2015-02-03,2017-03-02,504,8.4504,4.1395
2015-02-04,2017-03-03,504,8.8432,4.3279
2015-02-05,2017-03-06,504,9.1657,4.4824
2015-02-06,2017-03-07,504,9.4968,4.6407
2015-02-09,2017-03-08,504,9.689,4.7325
2015-02-10,2017-03-09,504,8.7648,4.2904
2015-02-11,2017-03-10,504,8.3836,4.1074
2015-02-12,2017-03-13,504,9.0743,4.4387
2015-02-13,2017-03-14,504,8.8927,4.3517
2015-02-16,2017-03-15,504,8.5749,4.1993
2015-02-17,2017-03-16,504,9.0675,4.4354
2015-02-25,2017-03-17,504,9.485,4.6351
2015-02-26,2017-03-20,504,8.7147,4.2663
2015-02-27,2017-03-21,504,8.6535,4.237
2015-03-02,2017-03-22,504,8.2305,4.0339
2015-03-03,2017-03-23,504,9.5087,4.6464
2015-03-04,2017-03-24,504,9.6626,4.7199
2015-03-05,2017-03-27,504,10.1192,4.9377
2015-03-06,2017-03-28,504,10.2252,4.9882
2015-03-09,2017-03-29,504,9.9907,4.8765
2015-03-10,2017-03-30,504,10.4302,5.0858
2015-03-11,2017-03-31,504,10.2662,5.0077
2015-03-12,2017-04-05,504,9.9523,4.8581
2015-03-13,2017-04-06,504,6.4025,3.1516
2015-03-16,2017-04-07,504,5.98,2.9466
2015-03-17,2017-04-10,504,5.6581,2.7901
2015-03-18,2017-04-11,504,5.599,2.7614
2015-03-19,2017-04-12,504,5.3583,2.6442
2015-03-20,2017-04-13,504,5.2572,2.5949
2015-03-23,2017-04-14,504,4.3226,2.1384
2015-03-24,2017-04-17,504,4.1008,2.0298
2015-03-25,2017-04-18,504,4.0747,2.017
2015-03-26,2017-04-19,504,3.557,1.7629
2015-03-27,2017-04-20,504,3.6122,1.7901
2015-03-30,2017-04-21,504,3.3514,1.6619
2015-03-31,2017-04-24,504,3.3979,1.6848
2015-04-01,2017-04-25,504,3.036,1.5067
2015-04-02,2017-04-26,504,2.3802,1.1831
2015-04-03,2017-04-27,504,2.3408,1.1636
2015-04-07,2017-04-28,504,1.6371,0.8152
2015-04-08,2017-05-02,504,1.4535,0.7241
2015-04-09,2017-05-03,504,1.838,0.9148
2015-04-10,2017-05-04,504,1.0859,0.5415
2015-04-13,2017-05-05,504,0.2244,0.1121
2015-04-14,2017-05-08,504,0.241,0.1204
2015-04-15,2017-05-09,504,0.4479,0.2237
2015-04-16,2017-05-10,504,0.4037,0.2016
2015-04-17,2017-05-11,504,0.2538,0.1268
2015-04-20,2017-05-12,504,0.7015,0.3501
2015-04-21,2017-05-15,504,0.7428,0.3707
2015-04-22,2017-05-16,504,0.1653,0.0826
2015-04-23,2017-05-17,504,0.5097,0.2545
2015-04-24,2017-05-18,504,0.898,0.448
2015-04-27,2017-05-19,504,0.482,0.2407
2015-04-28,2017-05-22,504,0.3434,0.1716
2015-04-29,2017-05-23,504,0.3022,0.151
2015-04-30,2017-05-24,504,0.225,0.1124
2015-05-04,2017-05-25,504,1.0903,0.5437
2015-05-05,2017-05-26,504,1.9444,0.9675
2015-05-06,2017-05-31,504,1.9425,0.9666
2015-05-07,2017-06-01,504,1.4387,0.7168
2015-05-08,2017-06-02,504,1.7603,0.8763
2015-05-11,2017-06-05,504,1.3135,0.6546
2015-05-12,2017-06-06,504,1.2037,0.6
2015-05-13,2017-06-07,504,1.6984,0.8456
2015-05-14,2017-06-08,504,1.3845,0.6899
2015-05-15,2017-06-09,504,1.4658,0.7302
2015-05-18,2017-06-12,504,1.3985,0.6968
2015-05-19,2017-06-13,504,0.945,0.4714
2015-05-20,2017-06-14,504,0.6882,0.3435
2015-05-21,2017-06-15,504,0.0391,0.0196
2015-05-22,2017-06-16,504,-0.3983,-0.1994
2015-05-25,2017-06-19,504,-1.0415,-0.5221
2015-05-26,2017-06-20,504,-1.2718,-0.6379
2015-05-27,2017-06-21,504,-0.7723,-0.3869
2015-05-28,2017-06-22,504,0.9651,0.4814
2015-05-29,2017-06-23,504,1.2555,0.6258
2015-06-01,2017-06-26,504,0.4198,0.2097
2015-06-02,2017-06-27,504,0.0479,0.0239
2015-06-03,2017-06-28,504,-0.1915,-0.0958
2015-06-04,2017-06-29,504,0.0216,0.0108
2015-06-05,2017-06-30,504,-0.2843,-0.1423
2015-06-08,2017-07-03,504,-1.4052,-0.7051
2015-06-09,2017-07-04,504,-1.7919,-0.9
2015-06-10,2017-07-05,504,-1.0025,-0.5025
2015-06-11,2017-07-06,504,-1.0045,-0.5035
2015-06-12,2017-07-07,504,-1.7315,-0.8695
2015-06-15,2017-07-10,504,-1.113,-0.5581
2015-06-16,2017-07-11,504,-0.4794,-0.24
2015-06-17,2017-07-12,504,-0.4967,-0.2487
2015-06-18,2017-07-13,504,0.6736,0.3362
2015-06-19,2017-07-14,504,1.7784,0.8853
2015-06-23,2017-07-17,504,1.1679,0.5823
2015-06-24,2017-07-18,504,1.073,0.5351
2015-06-25,2017-07-19,504,2.5264,1.2553
2015-06-26,2017-07-20,504,3.4981,1.734
2015-06-29,2017-07-21,504,3.963,1.9623
2015-06-30,2017-07-24,504,2.9679,1.4731
2015-07-01,2017-07-25,504,3.8777,1.9204
2015-07-02,2017-07-26,504,4.4978,2.2242
2015-07-03,2017-07-27,504,5.9625,2.9381
2015-07-06,2017-07-28,504,5.4128,2.6707
2015-07-07,2017-07-31,504,5.9322,2.9234
2015-07-08,2017-08-01,504,8.4575,4.1429
2015-07-09,2017-08-02,504,6.4594,3.1792
2015-07-10,2017-08-03,504,4.9935,2.4664
2015-07-13,2017-08-04,504,4.4603,2.2058
2015-07-14,2017-08-07,504,5.1106,2.5235
2015-07-15,2017-08-08,504,5.881,2.8985
2015-07-16,2017-08-09,504,6.0336,2.9726
2015-07-17,2017-08-10,504,5.3207,2.6259
2015-07-20,2017-08-11,504,5.6483,2.7853
2015-07-21,2017-08-14,504,6.3323,3.1175
2015-07-22,2017-08-15,504,6.6258,3.2598
2015-07-23,2017-08-16,504,5.9774,2.9453
2015-07-24,2017-08-17,504,7.0403,3.4603
2015-07-27,2017-08-18,504,8.4541,4.1413
2015-07-28,2017-08-21,504,8.8262,4.3198
2015-07-29,2017-08-22,504,8.1418,3.9912
2015-07-30,2017-08-23,504,9.2557,4.5255
2015-07-31,2017-08-24,504,9.2238,4.5102
2015-08-03,2017-08-25,504,9.0988,4.4504
2015-08-04,2017-08-28,504,9.2364,4.5162
2015-08-05,2017-08-29,504,9.9893,4.8758
2015-08-06,2017-08-30,504,9.9307,4.8478
2015-08-07,2017-08-31,504,8.9825,4.3947
2015-08-10,2017-09-01,504,8.1939,4.0163
2015-08-11,2017-09-04,504,7.9555,3.9016
2015-08-12,2017-09-05,504,7.0396,3.4599
2015-08-13,2017-09-06,504,6.8573,3.3718
2015-08-14,2017-09-07,504,6.8049,3.3464
2015-08-17,2017-09-08,504,6.8132,3.3504
2015-08-18,2017-09-11,504,8.1753,4.0074
2015-08-19,2017-09-12,504,7.6393,3.7494
2015-08-20,2017-09-13,504,8.0313,3.9381
2015-08-21,2017-09-14,504,8.5496,4.1871
2015-08-24,2017-09-15,504,11.1503,5.4278
2015-08-25,2017-09-18,504,13.1178,6.3569
2015-08-26,2017-09-19,504,13.5288,6.5499
2015-08-27,2017-09-20,504,12.2554,5.9507
2015-08-28,2017-09-21,504,10.7765,5.2504
2015-08-31,2017-09-22,504,10.5907,5.1621
2015-09-01,2017-09-25,504,10.2831,5.0158
2015-09-02,2017-09-26,504,10.7044,5.2161
2015-09-07,2017-09-27,504,11.8829,5.7747
2015-09-08,2017-09-28,504,11.1308,5.4186
2015-09-09,2017-09-29,504,10.763,5.244
2015-09-10,2017-10-09,504,11.6468,5.6631
2015-09-11,2017-10-10,504,11.806,5.7384
2015-09-14,2017-10-11,504,12.4338,6.0348
2015-09-15,2017-10-12,504,13.7139,6.6367
2015-09-16,2017-10-13,504,12.4502,6.0425
2015-09-17,2017-10-16,504,12.7823,6.199
2015-09-18,2017-10-17,504,12.3378,5.9895
2015-09-21,2017-10-18,504,11.6921,5.6845
2015-09-22,2017-10-19,504,11.4606,5.5749
2015-09-23,2017-10-20,504,12.1908,5.9202
2015-09-24,2017-10-23,504,11.6808,5.6791
2015-09-25,2017-10-24,504,12.2207,5.9343
2015-09-28,2017-10-25,504,12.4591,6.0467
2015-09-29,2017-10-26,504,13.5948,6.5809
2015-09-30,2017-10-27,504,13.593,6.58
2015-10-08,2017-10-30,504,12.2246,5.9361
2015-10-09,2017-10-31,504,11.8472,5.7579
2015-10-12,2017-11-01,504,10.4678,5.1036
2015-10-13,2017-11-02,504,10.7299,5.2283
2015-10-14,2017-11-03,504,10.5,5.119
2015-10-15,2017-11-06,504,9.893,4.8299
2015-10-16,2017-11-07,504,10.0213,4.891
2015-10-19,2017-11-08,504,10.0703,4.9144
2015-10-20,2017-11-09,504,10.097,4.9271
2015-10-21,2017-11-10,504,11.5873,5.6349
2015-10-22,2017-11-13,504,11.3185,5.5076
2015-10-23,2017-11-14,504,10.5407,5.1383
2015-10-26,2017-11-15,504,10.5418,5.1389
2015-10-27,2017-11-16,504,10.6624,5.1962
2015-10-28,2017-11-17,504,11.1698,5.4371
2015-10-29,2017-11-20,504,11.7769,5.7246
2015-10-30,2017-11-21,504,12.5512,6.0902
2015-11-02,2017-11-22,504,13.2432,6.4158
2015-11-03,2017-11-23,504,12.4919,6.0622
2015-11-04,2017-11-24,504,11.8166,5.7434
2015-11-05,2017-11-27,504,11.1354,5.4208
2015-11-06,2017-11-28,504,10.6692,5.1994
2015-11-09,2017-11-29,504,10.827,5.2744
2015-11-10,2017-11-30,504,10.2731,5.011
2015-11-11,2017-12-01,504,9.6995,4.7375
2015-11-12,2017-12-04,504,10.1939,4.9733
2015-11-13,2017-12-05,504,10.8301,5.2759
2015-11-16,2017-12-06,504,9.8892,4.828
2015-11-17,2017-12-07,504,9.9931,4.8776
2015-11-18,2017-12-08,504,10.5428,5.1393
2015-11-19,2017-12-11,504,10.5072,5.1224
2015-11-20,2017-12-12,504,9.8247,4.7973
2015-11-23,2017-12-13,504,10.6351,5.1832
2015-11-24,2017-12-14,504,10.6558,5.1931
2015-11-25,2017-12-15,504,9.8678,4.8178
2015-11-26,2017-12-18,504,10.2549,5.0023
2015-11-27,2017-12-19,504,12.1953,5.9223
2015-11-30,2017-12-20,504,12.5919,6.1093
2015-12-01,2017-12-21,504,11.9493,5.8061
2015-12-02,2017-12-22,504,11.1711,5.4377
2015-12-03,2017-12-25,504,11.4841,5.5861
2015-12-04,2017-12-26,504,11.7473,5.7106
2015-12-07,2017-12-27,504,10.4623,5.101
2015-12-08,2017-12-28,504,11.5122,5.5994
2015-12-09,2017-12-29,504,11.3511,5.523
2015-12-10,2018-01-02,504,12.116,5.8848
2015-12-11,2018-01-03,504,12.3494,5.995
2015-12-14,2018-01-04,504,11.494,5.5907
2015-12-15,2018-01-05,504,12.0571,5.857
2015-12-16,2018-01-08,504,12.2399,5.9433
2015-12-17,2018-01-09,504,11.9242,5.7942
2015-12-18,2018-01-10,504,12.1507,5.9012
2015-12-21,2018-01-11,504,11.1746,5.4393
2015-12-22,2018-01-12,504,11.097,5.4026
2015-12-23,2018-01-15,504,11.3584,5.5265
2015-12-24,2018-01-16,504,11.7351,5.7048
2015-12-25,2018-01-17,504,11.4706,5.5796
2015-12-28,2018-01-18,504,12.2788,5.9617
2015-12-29,2018-01-19,504,11.9694,5.8156
2015-12-30,2018-01-22,504,12.3294,5.9856
2015-12-31,2018-01-23,504,12.9524,6.2791
2016-01-04,2018-01-24,504,14.9873,7.2321
2016-01-05,2018-01-25,504,14.5533,7.0296
2016-01-06,2018-01-26,504,13.8753,6.7123
2016-01-07,2018-01-29,504,14.4383,6.9758
2016-01-08,2018-01-30,504,13.3068,6.4457
2016-01-11,2018-01-31,504,14.8197,7.1539
2016-01-12,2018-02-01,504,14.7236,7.1091
2016-01-13,2018-02-02,504,15.788,7.6049
2016-01-14,2018-02-05,504,14.7331,7.1135
2016-01-15,2018-02-06,504,15.1867,7.3251
2016-01-18,2018-02-07,504,13.8881,6.7184
2016-01-19,2018-02-08,504,12.7794,6.1976
2016-01-20,2018-02-09,504,12.0706,5.8634
2016-01-21,2018-02-12,504,12.9283,6.2678
2016-01-22,2018-02-13,504,13.2226,6.4061
2016-01-25,2018-02-14,504,13.412,6.4951
2016-01-26,2018-02-22,504,15.2011,7.3318
2016-01-27,2018-02-23,504,15.4786,7.461
2016-01-28,2018-02-26,504,16.8397,8.0924
2016-01-29,2018-02-27,504,15.3421,7.3974
2016-02-01,2018-02-28,504,15.1201,7.294
2016-02-02,2018-03-01,504,14.5545,7.0301
2016-02-03,2018-03-02,504,14.4473,6.98
2016-02-04,2018-03-05,504,13.8842,6.7165
2016-02-05,2018-03-06,504,14.1661,6.8485
2016-02-15,2018-03-07,504,13.0831,6.3405
2016-02-16,2018-03-08,504,12.748,6.1829
2016-02-17,2018-03-09,504,12.3446,5.9927
2016-02-18,2018-03-12,504,12.5838,6.1055
2016-02-19,2018-03-13,504,11.9882,5.8245
2016-02-22,2018-03-14,504,11.4721,5.5803
2016-02-23,2018-03-15,504,11.8675,5.7674
2016-02-24,2018-03-16,504,11.0585,5.3843
2016-02-25,2018-03-19,504,12.6102,6.1179
2016-02-26,2018-03-20,504,12.4085,6.0229
2016-02-29,2018-03-21,504,13.2947,6.44
2016-03-01,2018-03-22,504,12.3008,5.9721
2016-03-02,2018-03-23,504,10.9402,5.3281
2016-03-03,2018-03-26,504,10.4353,5.0882
2016-03-04,2018-03-27,504,9.928,4.8466
2016-03-07,2018-03-28,504,9.185,4.4916
2016-03-08,2018-03-29,504,9.0883,4.4454
2016-03-09,2018-03-30,504,9.7695,4.7709
2016-03-10,2018-04-02,504,10.4964,5.1173
2016-03-11,2018-04-03,504,10.0854,4.9216
2016-03-14,2018-04-04,504,9.876,4.8217
2016-03-15,2018-04-09,504,10.1818,4.9675
2016-03-16,2018-04-10,504,10.3903,5.0668
2016-03-17,2018-04-11,504,9.9063,4.8362
2016-03-18,2018-04-12,504,9.292,4.5428
2016-03-21,2018-04-13,504,8.6169,4.2195
2016-03-22,2018-04-16,504,8.3286,4.081
2016-03-23,2018-04-17,504,8.1963,4.0175
2016-03-24,2018-04-18,504,9.1163,4.4588
2016-03-25,2018-04-19,504,9.2474,4.5215
2016-03-28,2018-04-20,504,9.1269,4.4638
2016-03-29,2018-04-23,504,9.2636,4.5292
2016-03-30,2018-04-24,504,8.702,4.2602
2016-03-31,2018-04-25,504,8.8251,4.3193
2016-04-01,2018-04-26,504,8.2149,4.0264
2016-04-05,2018-04-27,504,7.917,3.8831
2016-04-06,2018-05-02,504,7.871,3.861
2016-04-07,2018-05-03,504,8.8805,4.3458
2016-04-08,2018-05-04,504,8.8087,4.3114
2016-04-11,2018-05-07,504,8.6424,4.2317
2016-04-12,2018-05-08,504,8.8908,4.3508
2016-04-13,2018-05-09,504,8.5916,4.2073
2016-04-14,2018-05-10,504,8.9119,4.3609
2016-04-15,2018-05-11,504,8.9106,4.3602
2016-04-18,2018-05-14,504,9.5046,4.6445
2016-04-19,2018-05-15,504,9.119,4.46
2016-04-20,2018-05-16,504,9.0678,4.4355
2016-04-21,2018-05-17,504,8.5688,4.1964
2016-04-22,2018-05-18,504,9.1024,4.4521
2016-04-25,2018-05-21,504,9.4668,4.6264
2016-04-26,2018-05-22,504,9.347,4.5691
2016-04-27,2018-05-23,504,8.8018,4.3081
2016-04-28,2018-05-24,504,8.7391,4.278
2016-04-29,2018-05-25,504,8.4016,4.1161
2016-05-03,2018-05-28,504,7.4023,3.6351
2016-05-04,2018-05-29,504,7.4129,3.6402
2016-05-05,2018-05-30,504,6.9641,3.4235
2016-05-06,2018-05-31,504,8.2136,4.0258
2016-05-09,2018-06-01,504,8.6018,4.2122
2016-05-10,2018-06-04,504,8.9165,4.3631
2016-05-11,2018-06-05,504,8.865,4.3384
2016-05-12,2018-06-06,504,8.8718,4.3417
2016-05-13,2018-06-07,504,8.7498,4.2832
2016-05-16,2018-06-08,504,8.0208,3.933
2016-05-17,2018-06-11,504,8.3572,4.0948
2016-05-18,2018-06-12,504,8.7963,4.3055
2016-05-19,2018-06-13,504,8.9855,4.3961
2016-05-20,2018-06-14,504,8.8459,4.3292
2016-05-23,2018-06-15,504,8.7227,4.2702
2016-05-24,2018-06-19,504,8.01,3.9279
2016-05-25,2018-06-20,504,8.429,4.1292
2016-05-26,2018-06-21,504,7.9151,3.8822
2016-05-27,2018-06-22,504,8.2742,4.0549
2016-05-30,2018-06-25,504,8.2863,4.0607
2016-05-31,2018-06-26,504,6.9118,3.3982
2016-06-01,2018-06-27,504,6.498,3.1979
2016-06-02,2018-06-28,504,6.1001,3.0049
2016-06-03,2018-06-29,504,6.653,3.273
2016-06-06,2018-07-02,504,5.5339,2.7297
2016-06-07,2018-07-03,504,5.4937,2.7101
2016-06-08,2018-07-04,504,5.2076,2.5708
2016-06-13,2018-07-05,504,5.2227,2.5781
2016-06-14,2018-07-06,504,5.4105,2.6696
2016-06-15,2018-07-09,504,5.4904,2.7085
2016-06-16,2018-07-10,504,5.2042,2.5691
2016-06-17,2018-07-11,504,5.36,2.645
2016-06-20,2018-07-12,504,5.6873,2.8043
2016-06-21,2018-07-13,504,5.8543,2.8855
2016-06-22,2018-07-16,504,5.8452,2.8811
2016-06-23,2018-07-17,504,5.7776,2.8482
2016-06-24,2018-07-18,504,4.6336,2.2906
2016-06-27,2018-07-19,504,4.138,2.048
2016-06-28,2018-07-20,504,4.5714,2.2602
2016-06-29,2018-07-23,504,4.6959,2.321
2016-06-30,2018-07-24,504,5.1377,2.5367
2016-07-01,2018-07-25,504,4.7508,2.3478
2016-07-04,2018-07-26,504,3.6628,1.8149
2016-07-05,2018-07-27,504,3.5957,1.782
2016-07-06,2018-07-30,504,3.0027,1.4903
2016-07-07,2018-07-31,504,3.1668,1.571
2016-07-08,2018-08-01,504,3.073,1.5249
2016-07-11,2018-08-02,504,2.2369,1.1123
2016-07-12,2018-08-03,504,1.3607,0.678
2016-07-13,2018-08-06,504,1.2414,0.6188
2016-07-14,2018-08-07,504,2.0583,1.0239
2016-07-15,2018-08-08,504,1.6428,0.8181
2016-07-18,2018-08-09,504,2.3702,1.1782
2016-07-19,2018-08-10,504,2.4715,1.2282
2016-07-20,2018-08-13,504,2.6263,1.3047
2016-07-21,2018-08-14,504,2.4049,1.1953
2016-07-22,2018-08-15,504,1.9312,0.961
2016-07-25,2018-08-16,504,1.5841,0.789
2016-07-26,2018-08-17,504,0.8732,0.4356
2016-07-27,2018-08-20,504,1.7201,0.8564
2016-07-28,2018-08-21,504,1.8469,0.9192
2016-07-29,2018-08-22,504,2.007,0.9985
2016-08-01,2018-08-23,504,2.1282,1.0585
2016-08-02,2018-08-24,504,1.9469,0.9688
2016-08-03,2018-08-27,504,2.4334,1.2094
2016-08-04,2018-08-28,504,2.6405,1.3117
2016-08-05,2018-08-29,504,2.111,1.05
2016-08-08,2018-08-30,504,2.1894,1.0888
2016-08-09,2018-08-31,504,1.9498,0.9702
2016-08-10,2018-09-03,504,1.5248,0.7595
2016-08-11,2018-09-04,504,1.9827,0.9865
2016-08-12,2018-09-05,504,1.0852,0.5411
2016-08-15,2018-09-06,504,0.22,0.11
2016-08-16,2018-09-07,504,0.3972,0.1984
2016-08-17,2018-09-10,504,0.1547,0.0773
2016-08-18,2018-09-11,504,0.1127,0.0563
2016-08-19,2018-09-12,504,-0.0533,-0.0266
2016-08-22,2018-09-13,504,0.723,0.3608
2016-08-23,2018-09-14,504,0.7269,0.3628
2016-08-24,2018-09-17,504,0.4421,0.2208
2016-08-25,2018-09-18,504,1.2741,0.635
2016-08-26,2018-09-19,504,1.5937,0.7937
2016-08-29,2018-09-20,504,1.6739,0.8335
2016-08-30,2018-09-21,504,2.3113,1.1491
2016-08-31,2018-09-25,504,1.9906,0.9904
2016-09-01,2018-09-26,504,2.5353,1.2597
2016-09-02,2018-09-27,504,2.2221,1.105
2016-09-05,2018-09-28,504,1.8708,0.931
2016-09-06,2018-10-08,504,1.065,0.5311
2016-09-07,2018-10-09,504,0.6718,0.3354
2016-09-08,2018-10-10,504,0.6685,0.3337
2016-09-09,2018-10-11,504,0.11,0.055
2016-09-12,2018-10-12,504,1.2687,0.6323
2016-09-13,2018-10-15,504,1.2418,0.619
2016-09-14,2018-10-16,504,1.3622,0.6788
2016-09-19,2018-10-17,504,1.3285,0.6621
2016-09-20,2018-10-18,504,0.8912,0.4446
2016-09-21,2018-10-19,504,1.4907,0.7426
2016-09-22,2018-10-22,504,1.9592,0.9749
2016-09-23,2018-10-23,504,1.586,0.7899
2016-09-26,2018-10-24,504,2.0922,1.0407
2016-09-27,2018-10-25,504,2.126,1.0574
2016-09-28,2018-10-26,504,2.2427,1.1151
2016-09-29,2018-10-29,504,1.5165,0.7554
2016-09-30,2018-10-30,504,1.5587,0.7763
2016-10-10,2018-10-31,504,2.2882,1.1376
2016-10-11,2018-11-01,504,2.3887,1.1873
2016-10-12,2018-11-02,504,3.2492,1.6116
2016-10-13,2018-11-05,504,2.9846,1.4813
2016-10-14,2018-11-06,504,2.9238,1.4514
2016-10-17,2018-11-07,504,2.9888,1.4834
2016-10-18,2018-11-08,504,2.7838,1.3823
2016-10-19,2018-11-09,504,2.46,1.2225
2016-10-20,2018-11-12,504,2.2965,1.1417
2016-10-21,2018-11-13,504,2.4166,1.2011
2016-10-24,2018-11-14,504,1.8362,0.9139
2016-10-25,2018-11-15,504,2.1526,1.0706
2016-10-26,2018-11-16,504,2.2759,1.1316
2016-10-27,2018-11-19,504,2.7435,1.3625
2016-10-28,2018-11-20,504,2.3685,1.1773
2016-10-31,2018-11-21,504,2.3202,1.1534
2016-11-01,2018-11-22,504,2.0752,1.0322
2016-11-02,2018-11-23,504,1.5769,0.7854
2016-11-03,2018-11-26,504,1.2362,0.6162
2016-11-04,2018-11-27,504,1.3531,0.6743
2016-11-07,2018-11-28,504,1.5246,0.7594
2016-11-08,2018-11-29,504,1.3936,0.6944
2016-11-09,2018-11-30,504,0.8672,0.4327
2016-11-10,2018-12-03,504,1.5037,0.7491
2016-11-11,2018-12-04,504,1.7282,0.8604
2016-11-14,2018-12-05,504,2.3789,1.1824
2016-11-15,2018-12-06,504,1.744,0.8682
2016-11-16,2018-12-07,504,1.6792,0.8361
2016-11-17,2018-12-10,504,1.7107,0.8517
2016-11-18,2018-12-11,504,2.1862,1.0872
2016-11-21,2018-12-12,504,1.7513,0.8718
2016-11-22,2018-12-13,504,1.7697,0.881
2016-11-23,2018-12-14,504,1.3025,0.6492
2016-11-24,2018-12-17,504,1.4238,0.7094
2016-11-25,2018-12-18,504,1.3592,0.6773
2016-11-28,2018-12-19,504,0.8614,0.4298
2016-11-29,2018-12-20,504,0.5706,0.2849
2016-11-30,2018-12-21,504,0.9125,0.4552
2016-12-01,2018-12-24,504,1.0172,0.5073
2016-12-02,2018-12-25,504,1.3238,0.6597
2016-12-05,2018-12-26,504,1.6914,0.8421
2016-12-06,2018-12-27,504,1.6331,0.8133
2016-12-07,2018-12-28,504,1.8371,0.9144
2016-12-08,2019-01-02,504,1.457,0.7259
2016-12-09,2019-01-03,504,1.4104,0.7027
2016-12-12,2019-01-04,504,2.7678,1.3745
2016-12-13,2019-01-07,504,2.7663,1.3737
2016-12-14,2019-01-08,504,2.6433,1.313
2016-12-15,2019-01-09,504,3.372,1.672
2016-12-16,2019-01-10,504,3.4973,1.7336
2016-12-19,2019-01-11,504,3.5261,1.7478
2016-12-20,2019-01-14,504,3.5894,1.7789
2016-12-21,2019-01-15,504,3.8547,1.9091
2016-12-22,2019-01-16,504,4.0642,2.0119
2016-12-23,2019-01-17,504,4.1543,2.056
2016-12-26,2019-01-18,504,4.4067,2.1796
2016-12-27,2019-01-21,504,4.308,2.1313
2016-12-28,2019-01-22,504,3.9422,1.9521
2016-12-29,2019-01-23,504,3.8457,1.9047
2016-12-30,2019-01-24,504,3.626,1.7969
2017-01-03,2019-01-25,504,3.7125,1.8394
2017-01-04,2019-01-28,504,3.7834,1.8741
2017-01-05,2019-01-29,504,4.0475,2.0037
2017-01-06,2019-01-30,504,4.1489,2.0534
2017-01-09,2019-01-31,504,4.2348,2.0954
2017-01-10,2019-02-01,504,4.6357,2.2916
2017-01-11,2019-02-11,504,5.2861,2.609
2017-01-12,2019-02-12,504,5.6174,2.7703
2017-01-13,2019-02-13,504,6.2134,3.0599
2017-01-16,2019-02-14,504,6.0464,2.9788
2017-01-17,2019-02-15,504,5.4606,2.694
2017-01-18,2019-02-18,504,6.4842,3.1912
2017-01-19,2019-02-19,504,6.8211,3.3543
2017-01-20,2019-02-20,504,6.8039,3.346
2017-01-23,2019-02-21,504,6.3524,3.1273
2017-01-24,2019-02-22,504,6.8858,3.3856
2017-01-25,2019-02-25,504,8.8216,4.3176
2017-01-26,2019-02-26,504,8.4959,4.1614
2017-02-03,2019-02-27,504,8.2354,4.0363
2017-02-06,2019-02-28,504,7.6652,3.7618
2017-02-07,2019-03-01,504,8.1305,3.9858
2017-02-08,2019-03-04,504,7.9731,3.9101
2017-02-09,2019-03-05,504,7.822,3.8374
2017-02-10,2019-03-06,504,8.35,4.0913
2017-02-13,2019-03-07,504,7.5792,3.7204
2017-02-14,2019-03-08,504,6.5615,3.2286
2017-02-15,2019-03-11,504,7.5046,3.6844
2017-02-16,2019-03-12,504,7.3736,3.6212
2017-02-17,2019-03-13,504,7.3044,3.5878
2017-02-20,2019-03-14,504,6.6576,3.2752
2017-02-21,2019-03-15,504,6.8771,3.3814
2017-02-22,2019-03-18,504,7.7759,3.8152
2017-02-23,2019-03-19,504,7.7808,3.8175
2017-02-24,2019-03-20,504,7.4434,3.6549
2017-02-27,2019-03-21,504,7.7668,3.8108
2017-02-28,2019-03-22,504,7.6773,3.7677
2017-03-01,2019-03-25,504,7.1898,3.5325
2017-03-02,2019-03-26,504,7.0285,3.4546
2017-03-03,2019-03-27,504,7.6405,3.7499
2017-03-06,2019-03-28,504,7.275,3.5736
2017-03-07,2019-03-29,504,8.0578,3.9509
2017-03-08,2019-04-01,504,9.1516,4.4756
2017-03-09,2019-04-02,504,9.4523,4.6195
2017-03-10,2019-04-03,504,10.1581,4.9562
2017-03-13,2019-04-04,504,9.9803,4.8715
2017-03-14,2019-04-08,504,10.1807,4.967
2017-03-15,2019-04-09,504,10.281,5.0147
2017-03-16,2019-04-10,504,9.8849,4.826
2017-03-17,2019-04-11,504,9.492,4.6384
2017-03-20,2019-04-12,504,9.0039,4.4049
2017-03-21,2019-04-15,504,8.7133,4.2657
2017-03-22,2019-04-16,504,9.5426,4.6626
2017-03-23,2019-04-17,504,9.3235,4.5579
2017-03-24,2019-04-18,504,8.8712,4.3414
2017-03-27,2019-04-19,504,9.2131,4.5051
2017-03-28,2019-04-22,504,8.625,4.2233
2017-03-29,2019-04-23,504,8.5524,4.1885
2017-03-30,2019-04-24,504,8.8855,4.3482
2017-03-31,2019-04-25,504,8.2838,4.0595
2017-04-05,2019-04-26,504,7.2732,3.5728
2017-04-06,2019-04-29,504,7.2668,3.5697
2017-04-07,2019-04-30,504,7.1653,3.5207
2017-04-10,2019-05-06,504,5.8662,2.8913
2017-04-11,2019-05-07,504,5.9708,2.9421
2017-04-12,2019-05-08,504,5.4433,2.6856
2017-04-13,2019-05-09,504,4.7253,2.3354
2017-04-14,2019-05-10,504,6.0153,2.9637
2017-04-17,2019-05-13,504,5.7631,2.8412
2017-04-18,2019-05-14,504,6.0817,2.996
2017-04-19,2019-05-15,504,6.8028,3.3454
2017-04-20,2019-05-16,504,6.9193,3.4018
2017-04-21,2019-05-17,504,6.0343,2.9729
2017-04-24,2019-05-20,504,6.0585,2.9847
2017-04-25,2019-05-21,504,6.3655,3.1336
2017-04-26,2019-05-22,504,6.2879,3.096
2017-04-27,2019-05-23,504,5.7254,2.8229
2017-04-28,2019-05-24,504,5.99,2.9515
2017-05-02,2019-05-27,504,6.4228,3.1614
2017-05-03,2019-05-28,504,6.8699,3.3779
2017-05-04,2019-05-29,504,7.2426,3.558
2017-05-05,2019-05-30,504,7.206,3.5403
2017-05-08,2019-05-31,504,7.6442,3.7517
2017-05-09,2019-06-03,504,8.0087,3.9272
2017-05-10,2019-06-04,504,8.2546,4.0455
2017-05-11,2019-06-05,504,8.2092,4.0236
2017-05-12,2019-06-06,504,7.6002,3.7305
2017-05-15,2019-06-10,504,7.6745,3.7663
2017-05-16,2019-06-11,504,8.1636,4.0017
2017-05-17,2019-06-12,504,8.2697,4.0527
2017-05-18,2019-06-13,504,8.1735,4.0065
2017-05-19,2019-06-14,504,8.3096,4.0719
2017-05-22,2019-06-17,504,7.8688,3.8599
2017-05-23,2019-06-18,504,7.8683,3.8597
2017-05-24,2019-06-19,504,8.4167,4.1233
2017-05-25,2019-06-20,504,9.285,4.5395
2017-05-26,2019-06-21,504,9.5735,4.6773
2017-05-31,2019-06-24,504,9.8696,4.8187
2017-06-01,2019-06-25,504,9.9868,4.8746
2017-06-02,2019-06-26,504,9.6557,4.7166
2017-06-05,2019-06-27,504,9.7463,4.7599
2017-06-06,2019-06-28,504,9.4042,4.5965
2017-06-07,2019-07-01,504,9.2593,4.5272
2017-06-08,2019-07-02,504,9.3866,4.5881
2017-06-09,2019-07-03,504,9.9603,4.862
2017-06-12,2019-07-04,504,9.6451,4.7115
2017-06-13,2019-07-05,504,9.7668,4.7697
2017-06-14,2019-07-08,504,9.2176,4.5072
2017-06-15,2019-07-09,504,9.1154,4.4583
2017-06-16,2019-07-10,504,9.173,4.4859
2017-06-19,2019-07-11,504,9.4047,4.5967
2017-06-20,2019-07-12,504,9.5183,4.651
2017-06-21,2019-07-15,504,9.401,4.5949
2017-06-22,2019-07-16,504,9.0709,4.437
2017-06-23,2019-07-17,504,8.5664,4.1952
2017-06-26,2019-07-18,504,8.1658,4.0028
2017-06-27,2019-07-19,504,8.9091,4.3595
2017-06-28,2019-07-22,504,8.7563,4.2863
2017-06-29,2019-07-23,504,8.5337,4.1795
2017-06-30,2019-07-24,504,9.1331,4.4668
2017-07-03,2019-07-25,504,9.665,4.721
2017-07-04,2019-07-26,504,10.0742,4.9162
2017-07-05,2019-07-29,504,9.7767,4.7744
2017-07-06,2019-07-30,504,9.9692,4.8662
2017-07-07,2019-07-31,504,9.8942,4.8304
2017-07-10,2019-08-01,504,9.5033,4.6438
2017-07-11,2019-08-02,504,9.429,4.6083
2017-07-12,2019-08-05,504,9.6564,4.7169
2017-07-13,2019-08-06,504,9.16,4.4797
2017-07-14,2019-08-07,504,9.5498,4.666
2017-07-17,2019-08-08,504,10.2472,4.9986
2017-07-18,2019-08-09,504,9.9816,4.8721
2017-07-19,2019-08-12,504,9.8554,4.8119
2017-07-20,2019-08-13,504,10.1032,4.9301
2017-07-21,2019-08-14,504,9.4433,4.6152
2017-07-24,2019-08-15,504,9.7358,4.7548
2017-07-25,2019-08-16,504,10.0554,4.9073
2017-07-26,2019-08-19,504,10.9583,5.3367
2017-07-27,2019-08-20,504,10.4215,5.0816
2017-07-28,2019-08-21,504,10.3794,5.0616
2017-07-31,2019-08-22,504,10.3652,5.0548
2017-08-01,2019-08-23,504,10.325,5.0357
2017-08-02,2019-08-26,504,10.96,5.3376
2017-08-03,2019-08-27,504,11.7838,5.7279
2017-08-04,2019-08-28,504,11.6876,5.6823
2017-08-07,2019-08-29,504,12.0102,5.8349
2017-08-08,2019-08-30,504,11.5537,5.619
2017-08-09,2019-09-02,504,11.8157,5.7429
2017-08-10,2019-09-03,504,11.9226,5.7935
2017-08-11,2019-09-04,504,12.7494,6.1835
2017-08-14,2019-09-05,504,12.852,6.2318
2017-08-15,2019-09-06,504,12.1489,5.9004
2017-08-16,2019-09-09,504,12.5961,6.1113
2017-08-17,2019-09-10,504,11.5422,5.6135
2017-08-18,2019-09-11,504,11.3133,5.5051
2017-08-21,2019-09-12,504,11.6255,5.653
2017-08-22,2019-09-16,504,11.4812,5.5846
2017-08-23,2019-09-17,504,10.7885,5.2561
2017-08-24,2019-09-18,504,11.2337,5.4674
2017-08-25,2019-09-19,504,10.85,5.2853
2017-08-28,2019-09-20,504,10.5073,5.1225
2017-08-29,2019-09-23,504,10.1819,4.9675
2017-08-30,2019-09-24,504,10.7431,5.2345
2017-08-31,2019-09-25,504,10.7827,5.2534
2017-09-01,2019-09-26,504,9.9325,4.8487
2017-09-04,2019-09-27,504,9.4204,4.6042
2017-09-05,2019-09-30,504,8.9674,4.3875
2017-09-06,2019-10-08,504,9.1243,4.4626
2017-09-07,2019-10-09,504,9.8303,4.8
2017-09-08,2019-10-10,504,9.9045,4.8354
2017-09-11,2019-10-11,504,10.1782,4.9658
2017-09-12,2019-10-14,504,10.1187,4.9375
2017-09-13,2019-10-15,504,9.9852,4.8738
2017-09-14,2019-10-16,504,9.8815,4.8244
2017-09-15,2019-10-17,504,9.9765,4.8697
2017-09-18,2019-10-18,504,9.6202,4.6996
2017-09-19,2019-10-21,504,9.7801,4.776
2017-09-20,2019-10-22,504,9.6928,4.7343
2017-09-21,2019-10-23,504,9.8961,4.8313
2017-09-22,2019-10-24,504,9.8114,4.7909
2017-09-25,2019-10-25,504,10.4733,5.1063
2017-09-26,2019-10-28,504,10.284,5.0162
2017-09-27,2019-10-29,504,10.0873,4.9225
2017-09-28,2019-10-30,504,10.0374,4.8987
2017-09-29,2019-10-31,504,9.8245,4.7972
2017-10-09,2019-11-01,504,10.4777,5.1084
2017-10-10,2019-11-04,504,10.6119,5.1722
2017-10-11,2019-11-05,504,10.5821,5.158
2017-10-12,2019-11-06,504,9.8576,4.813
2017-10-13,2019-11-07,504,9.9958,4.8789
2017-10-16,2019-11-08,504,9.2301,4.5132
2017-10-17,2019-11-11,504,8.7526,4.2845
2017-10-18,2019-11-12,504,8.3785,4.105
2017-10-19,2019-11-13,504,9.132,4.4663
2017-10-20,2019-11-14,504,9.2553,4.5253
2017-10-23,2019-11-15,504,9.0351,4.4199
2017-10-24,2019-11-18,504,8.9946,4.4005
2017-10-25,2019-11-19,504,9.4879,4.6365
2017-10-26,2019-11-20,504,8.9991,4.4026
2017-10-27,2019-11-21,504,8.8105,4.3123
2017-10-30,2019-11-22,504,8.4626,4.1454
2017-10-31,2019-11-25,504,8.4848,4.156
2017-11-01,2019-11-26,504,8.7063,4.2623
2017-11-02,2019-11-27,504,8.6117,4.2169
2017-11-03,2019-11-28,504,8.4506,4.1396
2017-11-06,2019-11-29,504,8.1188,3.9802
2017-11-07,2019-12-02,504,7.8609,3.8561
2017-11-08,2019-12-03,504,8.0725,3.9579
2017-11-09,2019-12-04,504,8.2968,4.0658
2017-11-10,2019-12-05,504,7.6735,3.7658
2017-11-13,2019-12-06,504,7.6671,3.7628
2017-11-14,2019-12-09,504,7.615,3.7376
2017-11-15,2019-12-10,504,7.8011,3.8273
2017-11-16,2019-12-11,504,7.6918,3.7747
2017-11-17,2019-12-12,504,7.5645,3.7133
2017-11-20,2019-12-13,504,7.5324,3.6978
2017-11-21,2019-12-16,504,7.68,3.769
2017-11-22,2019-12-17,504,8.0307,3.9378
2017-11-23,2019-12-18,504,8.7913,4.3031
2017-11-24,2019-12-19,504,8.6555,4.2379
2017-11-27,2019-12-20,504,9.0262,4.4156
2017-11-28,2019-12-23,504,8.5636,4.1939
2017-11-29,2019-12-24,504,8.8937,4.3521
2017-11-30,2019-12-25,504,9.5857,4.6832
2017-12-01,2019-12-26,504,10.1295,4.9426
2017-12-04,2019-12-27,504,10.0696,4.9141
2017-12-05,2019-12-30,504,10.4013,5.072
2017-12-06,2019-12-31,504,10.856,5.2882
2017-12-07,2020-01-02,504,11.8822,5.7744
2017-12-08,2020-01-03,504,12.0741,5.8651
2017-12-11,2020-01-06,504,12.0576,5.8573
2017-12-12,2020-01-07,504,12.4367,6.0362
2017-12-13,2020-01-08,504,12.3371,5.9892
2017-12-14,2020-01-09,504,11.5997,5.6408
2017-12-15,2020-01-10,504,12.0128,5.8361
2017-12-18,2020-01-13,504,12.2508,5.9485
2017-12-19,2020-01-14,504,11.3093,5.5032
2017-12-20,2020-01-15,504,11.4741,5.5813
2017-12-21,2020-01-16,504,11.1558,5.4305
2017-12-22,2020-01-17,504,11.2512,5.4757
2017-12-25,2020-01-20,504,11.3894,5.5412
2017-12-26,2020-01-21,504,11.1052,5.4065
2017-12-27,2020-01-22,504,11.3558,5.5252
2017-12-28,2020-01-23,504,10.4008,5.0718
2017-12-29,2020-02-03,504,8.905,4.3576
2018-01-02,2020-02-04,504,8.7728,4.2942
2018-01-03,2020-02-05,504,8.6916,4.2553
2018-01-04,2020-02-06,504,9.1482,4.474
2018-01-05,2020-02-07,504,9.1578,4.4786
2018-01-08,2020-02-10,504,9.2206,4.5087
2018-01-09,2020-02-11,504,9.2074,4.5023
2018-01-10,2020-02-12,504,9.3465,4.5689
2018-01-11,2020-02-13,504,9.2956,4.5445
2018-01-12,2020-02-14,504,9.3319,4.5619
2018-01-15,2020-02-17,504,9.9586,4.8612
2018-01-16,2020-02-18,504,9.8487,4.8087
2018-01-17,2020-02-19,504,10.2897,5.0189
2018-01-18,2020-02-20,504,11.0422,5.3766
2018-01-19,2020-02-21,504,11.6409,5.6603
2018-01-22,2020-02-24,504,11.8811,5.7739
2018-01-23,2020-02-25,504,10.8896,5.3041
2018-01-24,2020-02-26,504,10.5753,5.1548
2018-01-25,2020-02-27,504,10.6552,5.1928
2018-01-26,2020-02-28,504,9.4864,4.6358
2018-01-29,2020-03-02,504,10.1597,4.957
2018-01-30,2020-03-03,504,10.702,5.215
2018-01-31,2020-03-04,504,11.3854,5.5393
2018-02-01,2020-03-05,504,12.2062,5.9274
2018-02-02,2020-03-06,504,12.1755,5.9129
2018-02-05,2020-03-09,504,11.2843,5.4914
2018-02-06,2020-03-10,504,11.8669,5.7671
2018-02-07,2020-03-11,504,12.6354,6.1298
2018-02-08,2020-03-12,504,12.0714,5.8638
2018-02-09,2020-03-13,504,11.6278,5.654
2018-02-12,2020-03-16,504,9.4892,4.6371
2018-02-13,2020-03-17,504,7.6693,3.7638
2018-02-14,2020-03-18,504,7.462,3.6639
2018-02-22,2020-03-19,504,6.7712,3.3302
2018-02-23,2020-03-20,504,7.2572,3.5651
2018-02-26,2020-03-23,504,6.0543,2.9826
2018-02-27,2020-03-24,504,8.6304,4.2259
2018-02-28,2020-03-25,504,10.2002,4.9763
2018-03-01,2020-03-26,504,9.8578,4.8131
2018-03-02,2020-03-27,504,10.3334,5.0397
2018-03-05,2020-03-30,504,9.7478,4.7606
2018-03-06,2020-03-31,504,9.6319,4.7052
2018-03-07,2020-04-01,504,9.081,4.4419
2018-03-08,2020-04-02,504,9.4892,4.6371
2018-03-09,2020-04-03,504,9.5693,4.6753
2018-03-12,2020-04-07,504,10.871,5.2953
2018-03-13,2020-04-08,504,10.6685,5.1991
2018-03-14,2020-04-09,504,10.8929,5.3057
2018-03-15,2020-04-10,504,10.8256,5.2737
2018-03-16,2020-04-13,504,11.0161,5.3642
2018-03-19,2020-04-14,504,11.9048,5.7851
2018-03-20,2020-04-15,504,11.4616,5.5754
2018-03-21,2020-04-16,504,11.8303,5.7499
2018-03-22,2020-04-17,504,11.4551,5.5723
2018-03-23,2020-04-20,504,11.7372,5.7058
2018-03-26,2020-04-21,504,11.8998,5.7827
2018-03-27,2020-04-22,504,11.8616,5.7647
2018-03-28,2020-04-23,504,12.9086,6.2584
2018-03-29,2020-04-24,504,12.9872,6.2955
2018-03-30,2020-04-27,504,12.8676,6.2392
2018-04-02,2020-04-28,504,12.846,6.229
2018-04-03,2020-04-29,504,13.0107,6.3065
2018-04-04,2020-04-30,504,13.5263,6.5487
2018-04-09,2020-05-06,504,13.7792,6.6673
2018-04-10,2020-05-07,504,13.106,6.3513
2018-04-11,2020-05-08,504,13.5352,6.5529
2018-04-12,2020-05-11,504,13.505,6.5387
2018-04-13,2020-05-12,504,13.829,6.6907
2018-04-16,2020-05-13,504,14.2046,6.8665
2018-04-17,2020-05-14,504,14.4434,6.9782
2018-04-18,2020-05-15,504,14.724,7.1093
2018-04-19,2020-05-18,504,15.3141,7.3844
2018-04-20,2020-05-19,504,15.4752,7.4594
2018-04-23,2020-05-20,504,15.7873,7.6045
2018-04-24,2020-05-21,504,14.9595,7.2192
2018-04-25,2020-05-22,504,14.4127,6.9639
2018-04-26,2020-05-25,504,14.7911,7.1406
2018-04-27,2020-05-26,504,15.3107,7.3828
2018-05-02,2020-05-27,504,14.8377,7.1624
2018-05-03,2020-05-28,504,14.5378,7.0223
2018-05-04,2020-05-29,504,14.7228,7.1087
2018-05-07,2020-06-01,504,15.2559,7.3573
2018-05-08,2020-06-02,504,15.0135,7.2443
2018-05-09,2020-06-03,504,14.7829,7.1368
2018-05-10,2020-06-04,504,14.3614,6.9399
2018-05-11,2020-06-05,504,14.5972,7.0501
2018-05-14,2020-06-08,504,14.2196,6.8736
2018-05-15,2020-06-09,504,14.4595,6.9858
2018-05-16,2020-06-10,504,15.2143,7.3379
2018-05-17,2020-06-11,504,15.5159,7.4783
2018-05-18,2020-06-12,504,15.2758,7.3666
2018-05-21,2020-06-15,504,14.8537,7.1698
2018-05-22,2020-06-16,504,15.243,7.3513
2018-05-23,2020-06-17,504,15.5734,7.5051
2018-05-24,2020-06-18,504,15.6583,7.5446
2018-05-25,2020-06-19,504,16.0003,7.7034
2018-05-28,2020-06-22,504,16.4259,7.9008
2018-05-29,2020-06-23,504,16.5893,7.9765
2018-05-30,2020-06-24,504,17.358,8.3319
2018-05-31,2020-06-29,504,16.6252,7.9931
2018-06-01,2020-06-30,504,17.3135,8.3114
2018-06-04,2020-07-01,504,18.0123,8.6335
2018-06-05,2020-07-02,504,18.1124,8.6795
2018-06-06,2020-07-03,504,18.7865,8.9892
2018-06-07,2020-07-06,504,20.4828,9.7646
2018-06-08,2020-07-07,504,21.0593,10.027
2018-06-11,2020-07-08,504,21.6619,10.3004
2018-06-12,2020-07-09,504,22.0612,10.4813
2018-06-13,2020-07-10,504,21.4998,10.2269
2018-06-14,2020-07-13,504,22.2701,10.5758
2018-06-15,2020-07-14,504,21.9922,10.4501
2018-06-19,2020-07-15,504,22.798,10.8143
2018-06-20,2020-07-16,504,21.158,10.0718
2018-06-21,2020-07-17,504,21.5524,10.2508
2018-06-22,2020-07-20,504,22.3987,10.634
2018-06-25,2020-07-21,504,22.9709,10.8922
2018-06-26,2020-07-22,504,24.1238,11.4109
2018-06-27,2020-07-23,504,24.8035,11.7155
2018-06-28,2020-07-24,504,24.0546,11.3798
2018-06-29,2020-07-27,504,24.2618,11.4728
2018-07-02,2020-07-28,504,25.2458,11.9133
2018-07-03,2020-07-29,504,26.1462,12.3148
2018-07-04,2020-07-30,504,26.0673,12.2797
2018-07-05,2020-07-31,504,26.8259,12.617
2018-07-06,2020-08-03,504,26.9827,12.6866
2018-07-09,2020-08-04,504,26.311,12.3882
2018-07-10,2020-08-05,504,27.3786,12.8621
2018-07-11,2020-08-06,504,27.9431,13.112
2018-07-12,2020-08-07,504,27.2661,12.8123
2018-07-13,2020-08-10,504,27.0441,12.7138
2018-07-16,2020-08-11,504,26.0938,12.2915
2018-07-17,2020-08-12,504,24.4831,11.572
2018-07-18,2020-08-13,504,24.8209,11.7233
2018-07-19,2020-08-14,504,25.4567,12.0075
2018-07-20,2020-08-17,504,26.0078,12.2532
2018-07-23,2020-08-18,504,26.3519,12.4064
2018-07-24,2020-08-19,504,25.0723,11.8357
2018-07-25,2020-08-20,504,23.7968,11.264
2018-07-26,2020-08-21,504,24.4242,11.5456
2018-07-27,2020-08-24,504,24.5462,11.6003
2018-07-30,2020-08-25,504,24.7061,11.6719
2018-07-31,2020-08-26,504,24.2206,11.4543
2018-08-01,2020-08-27,504,25.3605,11.9645
2018-08-02,2020-08-28,504,26.8407,12.6236
2018-08-03,2020-08-31,504,27.3735,12.8599
2018-08-06,2020-09-01,504,28.2702,13.2564
2018-08-07,2020-09-02,504,27.1171,12.7462
2018-08-08,2020-09-03,504,26.8647,12.6343
2018-08-09,2020-09-04,504,25.9391,12.2226
2018-08-10,2020-09-07,504,25.181,11.8843
2018-08-13,2020-09-08,504,25.4015,11.9828
2018-08-14,2020-09-09,504,25.084,11.841
2018-08-15,2020-09-10,504,26.0209,12.259
2018-08-16,2020-09-11,504,26.8188,12.6139
2018-08-17,2020-09-14,504,27.4899,12.9114
2018-08-20,2020-09-15,504,27.3026,12.8285
2018-08-21,2020-09-16,504,26.3189,12.3917
2018-08-22,2020-09-17,504,26.0675,12.2798
2018-08-23,2020-09-18,504,26.8101,12.61
2018-08-24,2020-09-21,504,26.4415,12.4462
2018-08-27,2020-09-22,504,24.456,11.5599
2018-08-28,2020-09-23,504,23.9658,11.3399
2018-08-29,2020-09-24,504,23.2552,11.0204
2018-08-30,2020-09-25,504,23.9094,11.3146
2018-08-31,2020-09-28,504,24.0088,11.3592
2018-09-03,2020-09-29,504,24.8112,11.7189
2018-09-04,2020-09-30,504,24.5762,11.6137
2018-09-05,2020-10-09,504,25.7211,12.1254
2018-09-06,2020-10-12,504,27.3077,12.8307
2018-09-07,2020-10-13,504,27.0639,12.7226
2018-09-10,2020-10-14,504,27.0083,12.698
2018-09-11,2020-10-15,504,26.8699,12.6365
2018-09-12,2020-10-16,504,27.1596,12.7651
2018-09-13,2020-10-19,504,26.4197,12.4365
2018-09-14,2020-10-20,504,26.4575,12.4533
2018-09-17,2020-10-21,504,27.0428,12.7133
2018-09-18,2020-10-22,504,26.3404,12.4013
2018-09-19,2020-10-23,504,25.4082,11.9858
2018-09-20,2020-10-26,504,25.0388,11.8207
2018-09-21,2020-10-27,504,24.4679,11.5652
2018-09-25,2020-10-28,504,25.1241,11.8589
2018-09-26,2020-10-29,504,24.5605,11.6067
2018-09-27,2020-10-30,504,24.0308,11.3691
2018-09-28,2020-11-02,504,24.5431,11.5989
2018-10-08,2020-11-03,504,25.8334,12.1755
2018-10-09,2020-11-04,504,26.3391,12.4006
2018-10-10,2020-11-05,504,26.8958,12.648
2018-10-11,2020-11-06,504,28.4871,13.3522
2018-10-12,2020-11-09,504,28.2142,13.2317
2018-10-15,2020-11-10,504,27.2315,12.7969
2018-10-16,2020-11-11,504,27.0702,12.7254
2018-10-17,2020-11-12,504,26.964,12.6783
2018-10-18,2020-11-13,504,27.4549,12.8959
2018-10-19,2020-11-16,504,26.7229,12.5713
2018-10-22,2020-11-17,504,25.4065,11.9851
2018-10-23,2020-11-18,504,25.8238,12.1712
2018-10-24,2020-11-19,504,25.8739,12.1936
2018-10-25,2020-11-20,504,25.7784,12.151
2018-10-26,2020-11-23,504,26.475,12.4611
2018-10-29,2020-11-24,504,26.4559,12.4526
2018-10-30,2020-11-25,504,25.4165,11.9895
2018-10-31,2020-11-26,504,25.4283,11.9948
2018-11-01,2020-11-27,504,25.6691,12.1022
2018-11-02,2020-11-30,504,23.7016,11.2212
2018-11-05,2020-12-01,504,24.8915,11.7549
2018-11-06,2020-12-02,504,25.4819,12.0187
2018-11-07,2020-12-03,504,25.9295,12.2183
2018-11-08,2020-12-04,504,25.7183,12.1242
2018-11-09,2020-12-07,504,25.8248,12.1716
2018-11-12,2020-12-08,504,26.1242,12.305
2018-11-13,2020-12-09,504,25.3177,11.9454
2018-11-14,2020-12-10,504,25.2799,11.9285
2018-11-15,2020-12-11,504,24.3651,11.5191
2018-11-16,2020-12-14,504,24.494,11.5769
2018-11-19,2020-12-15,504,24.3875,11.5291
2018-11-20,2020-12-16,504,25.2198,11.9017
2018-11-21,2020-12-17,504,25.796,12.1588
2018-11-22,2020-12-18,504,25.959,12.2315
2018-11-23,2020-12-21,504,27.341,12.8455
2018-11-26,2020-12-22,504,26.3446,12.4031
2018-11-27,2020-12-23,504,26.6404,12.5346
2018-11-28,2020-12-24,504,26.4898,12.4677
2018-11-29,2020-12-25,504,27.096,12.7369
2018-11-30,2020-12-28,504,26.9953,12.6922
2018-12-03,2020-12-29,504,26.0128,12.2554
2018-12-04,2020-12-30,504,26.4296,12.4409
2018-12-05,2020-12-31,504,27.1797,12.774
2018-12-06,2021-01-04,504,28.6206,13.411
2018-12-07,2021-01-05,504,29.4675,13.7838
2018-12-10,2021-01-06,504,29.87,13.9605
2018-12-11,2021-01-07,504,30.1299,14.0745
2018-12-12,2021-01-08,504,29.8253,13.9409
2018-12-13,2021-01-11,504,28.1255,13.1925
2018-12-14,2021-01-12,504,29.9645,14.002
2018-12-17,2021-01-13,504,29.9095,13.9778
2018-12-18,2021-01-14,504,29.0915,13.6184
2018-12-19,2021-01-15,504,29.5129,13.8037
2018-12-20,2021-01-18,504,30.1343,14.0764
2018-12-21,2021-01-19,504,29.7235,13.8962
2018-12-24,2021-01-20,504,29.9187,13.9819
2018-12-25,2021-01-21,504,30.8896,14.407
2018-12-26,2021-01-22,504,30.8896,14.407
2018-12-27,2021-01-25,504,31.3889,14.625
2018-12-28,2021-01-26,504,30.2954,14.147
2019-01-02,2021-01-27,504,30.6114,14.2854
2019-01-03,2021-01-28,504,29.0607,13.6049
2019-01-04,2021-01-29,504,28.4291,13.3266
2019-01-07,2021-02-01,504,29.2322,13.6804
2019-01-08,2021-02-02,504,29.8039,13.9315
2019-01-09,2021-02-03,504,29.0765,13.6119
2019-01-10,2021-02-04,504,28.7523,13.4691
2019-01-11,2021-02-05,504,28.4221,13.3235
2019-01-14,2021-02-08,504,29.5625,13.8255
2019-01-15,2021-02-09,504,30.1475,14.0822
2019-01-16,2021-02-10,504,30.9506,14.4336
2019-01-17,2021-02-18,504,29.8834,13.9664
2019-01-18,2021-02-19,504,29.1493,13.6439
2019-01-21,2021-02-22,504,28.2624,13.253
2019-01-22,2021-02-23,504,28.9512,13.5567
2019-01-23,2021-02-24,504,27.8628,13.0764
2019-01-24,2021-02-25,504,27.6161,12.9673
2019-01-25,2021-02-26,504,25.9278,12.2176
2019-01-28,2021-03-01,504,26.0524,12.273
2019-01-29,2021-03-02,504,24.8405,11.7321
2019-01-30,2021-03-03,504,25.8655,12.1898
2019-01-31,2021-03-04,504,24.0239,11.366
2019-02-01,2021-03-05,504,22.949,10.8824
2019-02-11,2021-03-08,504,21.4413,10.2004
2019-02-12,2021-03-09,504,20.3431,9.701
2019-02-13,2021-03-10,504,20.2861,9.675
2019-02-14,2021-03-11,504,21.3901,10.1772
2019-02-15,2021-03-12,504,21.5024,10.2281
2019-02-18,2021-03-15,504,19.8107,9.4581
2019-02-19,2021-03-16,504,20.1735,9.6237
2019-02-20,2021-03-17,504,20.1092,9.5944
2019-02-21,2021-03-18,504,20.9168,9.9622
2019-02-22,2021-03-19,504,19.3887,9.2651
2019-02-25,2021-03-22,504,17.8194,8.5447
2019-02-26,2021-03-23,504,17.9874,8.622
2019-02-27,2021-03-24,504,17.5033,8.3989
2019-02-28,2021-03-25,504,17.8434,8.5557
2019-03-01,2021-03-26,504,17.9691,8.6136
2019-03-04,2021-03-29,504,18.1707,8.7064
2019-03-05,2021-03-30,504,18.0524,8.6519
2019-03-06,2021-03-31,504,16.999,8.1661
2019-03-07,2021-04-01,504,18.4726,8.8451
2019-03-08,2021-04-02,504,20.104,9.592
2019-03-11,2021-04-06,504,19.0144,9.0937
2019-03-12,2021-04-07,504,18.774,8.9835
2019-03-13,2021-04-08,504,18.9867,9.081
2019-03-14,2021-04-09,504,18.8995,9.041
2019-03-15,2021-04-12,504,17.7519,8.5136
2019-03-18,2021-04-13,504,16.5781,7.9713
2019-03-19,2021-04-14,504,17.1831,8.2512
2019-03-20,2021-04-15,504,17.011,8.1716
2019-03-21,2021-04-16,504,17.1559,8.2386
2019-03-22,2021-04-19,504,18.2955,8.7638
2019-03-25,2021-04-20,504,18.526,8.8697
2019-03-26,2021-04-21,504,19.2452,9.1994
2019-03-27,2021-04-22,504,18.871,9.028
2019-03-28,2021-04-23,504,19.2957,9.2226
2019-03-29,2021-04-26,504,18.271,8.7525
2019-04-01,2021-04-27,504,17.6284,8.4566
2019-04-02,2021-04-28,504,17.6685,8.4751
2019-04-03,2021-04-29,504,17.6093,8.4478
2019-04-04,2021-04-30,504,16.9157,8.1276
2019-04-08,2021-05-06,504,16.8254,8.0858
2019-04-09,2021-05-07,504,16.5655,7.9655
2019-04-10,2021-05-10,504,16.4107,7.8938
2019-04-11,2021-05-11,504,17.1608,8.2408
2019-04-12,2021-05-12,504,17.7693,8.5216
2019-04-15,2021-05-13,504,17.5776,8.4332
2019-04-16,2021-05-14,504,17.7783,8.5257
2019-04-17,2021-05-17,504,18.7659,8.9798
2019-04-18,2021-05-18,504,19.3151,9.2315
2019-04-19,2021-05-19,504,18.748,8.9715
2019-04-22,2021-05-20,504,19.4044,9.2723
2019-04-23,2021-05-21,504,19.2722,9.2118
2019-04-24,2021-05-24,504,19.449,9.2927
2019-04-25,2021-05-25,504,20.8156,9.9162
2019-04-26,2021-05-26,504,21.3717,10.1688
2019-04-29,2021-05-27,504,21.2328,10.1057
2019-04-30,2021-05-28,504,21.0245,10.0111
2019-05-06,2021-05-31,504,22.5891,10.72
2019-05-07,2021-06-01,504,22.6131,10.7308
2019-05-08,2021-06-02,504,22.0108,10.4585
2019-05-09,2021-06-03,504,22.1721,10.5315
2019-05-10,2021-06-04,504,20.846,9.93
2019-05-13,2021-06-07,504,21.3148,10.143
2019-05-14,2021-06-08,504,21.0101,10.0046
2019-05-15,2021-06-09,504,20.5016,9.7732
2019-05-16,2021-06-10,504,20.3703,9.7134
2019-05-17,2021-06-11,504,21.2068,10.094
2019-05-20,2021-06-15,504,20.7905,9.9047
2019-05-21,2021-06-16,504,19.7983,9.4524
2019-05-22,2021-06-17,504,19.6033,9.3633
2019-05-23,2021-06-18,504,19.8054,9.4556
2019-05-24,2021-06-21,504,19.4648,9.3
2019-05-27,2021-06-22,504,19.4007,9.2706
2019-05-28,2021-06-23,504,19.3431,9.2443
2019-05-29,2021-06-24,504,19.2576,9.2051
2019-05-30,2021-06-25,504,20.1157,9.5973
2019-05-31,2021-06-28,504,19.9713,9.5314
2019-06-03,2021-06-29,504,19.0854,9.1262
2019-06-04,2021-06-30,504,19.0113,9.0923
2019-06-05,2021-07-01,504,19.1837,9.1713
2019-06-06,2021-07-02,504,18.5633,8.8868
2019-06-10,2021-07-05,504,18.3755,8.8005
2019-06-11,2021-07-06,504,17.8578,8.5624
2019-06-12,2021-07-07,504,18.128,8.6867
2019-06-13,2021-07-08,504,17.7214,8.4995
2019-06-14,2021-07-09,504,17.477,8.3868
2019-06-17,2021-07-12,504,18.203,8.7212
2019-06-18,2021-07-13,504,18.0816,8.6653
2019-06-19,2021-07-14,504,17.5413,8.4165
2019-06-20,2021-07-15,504,16.5999,7.9814
2019-06-21,2021-07-16,504,15.8889,7.6517
2019-06-24,2021-07-19,504,15.4644,7.4544
2019-06-25,2021-07-20,504,15.3912,7.4203
2019-06-26,2021-07-21,504,16.0748,7.738
2019-06-27,2021-07-22,504,15.6608,7.5457
2019-06-28,2021-07-23,504,15.3437,7.3982
2019-07-01,2021-07-26,504,14.3343,6.9272
2019-07-02,2021-07-27,504,12.6675,6.1449
2019-07-03,2021-07-28,504,12.4933,6.0629
2019-07-04,2021-07-29,504,13.626,6.5955
2019-07-05,2021-07-30,504,13.2965,6.4408
2019-07-08,2021-08-02,504,14.5659,7.0355
2019-07-09,2021-08-03,504,14.9228,7.2021
2019-07-10,2021-08-04,504,15.3439,7.3983
2019-07-11,2021-08-05,504,14.5629,7.0341
2019-07-12,2021-08-06,504,14.2683,6.8963
2019-07-15,2021-08-09,504,13.6799,6.6208
2019-07-16,2021-08-10,504,14.053,6.7956
2019-07-17,2021-08-11,504,14.0477,6.7931
2019-07-18,2021-08-12,504,14.0263,6.7831
2019-07-19,2021-08-13,504,13.2244,6.407
2019-07-22,2021-08-16,504,13.8791,6.7142
2019-07-23,2021-08-17,504,13.6208,6.593
2019-07-24,2021-08-18,504,13.6903,6.6256
2019-07-25,2021-08-19,504,13.1057,6.3512
2019-07-26,2021-08-20,504,12.6645,6.1435
2019-07-29,2021-08-23,504,13.0252,6.3133
2019-07-30,2021-08-24,504,13.3293,6.4562
2019-07-31,2021-08-25,504,13.367,6.474
2019-08-01,2021-08-26,504,13.4059,6.4922
2019-08-02,2021-08-27,504,13.5878,6.5776
2019-08-05,2021-08-30,504,13.3243,6.4539
2019-08-06,2021-08-31,504,13.4591,6.5172
2019-08-07,2021-09-01,504,13.4935,6.5333
2019-08-08,2021-09-02,504,12.8681,6.2394
2019-08-09,2021-09-03,504,12.8515,6.2316
2019-08-12,2021-09-06,504,13.1835,6.3877
2019-08-13,2021-09-07,504,13.0822,6.3401
2019-08-14,2021-09-08,504,13.2233,6.4064
2019-08-15,2021-09-09,504,12.6278,6.1263
2019-08-16,2021-09-10,504,12.9057,6.2571
2019-08-19,2021-09-13,504,12.069,5.8627
2019-08-20,2021-09-14,504,11.8017,5.7363
2019-08-21,2021-09-15,504,11.5638,5.6238
2019-08-22,2021-09-16,504,10.7901,5.2569
2019-08-23,2021-09-17,504,10.6093,5.171
2019-08-26,2021-09-22,504,10.2504,5.0002
2019-08-27,2021-09-23,504,9.7779,4.775
2019-08-28,2021-09-24,504,9.6738,4.7253
2019-08-29,2021-09-27,504,9.7334,4.7537
2019-08-30,2021-09-28,504,9.8808,4.8241
2019-09-02,2021-09-29,504,9.2888,4.5413
2019-09-03,2021-09-30,504,9.2031,4.5003
2019-09-04,2021-10-08,504,9.5815,4.6812
2019-09-05,2021-10-11,504,9.0928,4.4475
2019-09-06,2021-10-12,504,9.6328,4.7057
2019-09-09,2021-10-13,504,9.6862,4.7312
2019-09-10,2021-10-14,504,10.4446,5.0926
2019-09-11,2021-10-15,504,10.633,5.1822
2019-09-12,2021-10-18,504,9.5992,4.6896
2019-09-16,2021-10-19,504,10.0752,4.9167
2019-09-17,2021-10-20,504,10.5041,5.1209
2019-09-18,2021-10-21,504,10.489,5.1137
2019-09-19,2021-10-22,504,10.7311,5.2288
2019-09-20,2021-10-25,504,10.6469,5.1888
2019-09-23,2021-10-26,504,10.7026,5.2153
2019-09-24,2021-10-27,504,9.8947,4.8307
2019-09-25,2021-10-28,504,10.0355,4.8978
2019-09-26,2021-10-29,504,10.7134,5.2205
2019-09-27,2021-11-01,504,10.6413,5.1862
2019-09-30,2021-11-02,504,10.9005,5.3093
2019-10-08,2021-11-03,504,10.4162,5.0791
2019-10-09,2021-11-04,504,10.1701,4.962
2019-10-10,2021-11-05,504,10.2876,5.0179
2019-10-11,2021-11-08,504,10.4979,5.118
2019-10-14,2021-11-09,504,10.7165,5.2219
2019-10-15,2021-11-10,504,10.6039,5.1684
2019-10-16,2021-11-11,504,11.7291,5.702
2019-10-17,2021-11-12,504,11.4593,5.5743
2019-10-18,2021-11-15,504,11.7921,5.7318
2019-10-21,2021-11-16,504,11.8651,5.7663
2019-10-22,2021-11-17,504,11.7461,5.71
2019-10-23,2021-11-18,504,11.604,5.6428
2019-10-24,2021-11-19,504,11.9099,5.7875
2019-10-25,2021-11-22,504,11.3341,5.515
2019-10-28,2021-11-23,504,10.5898,5.1617
2019-10-29,2021-11-24,504,10.882,5.3005
2019-10-30,2021-11-25,504,10.927,5.3219
2019-10-31,2021-11-26,504,10.9037,5.3108
2019-11-01,2021-11-29,504,10.0404,4.9001
2019-11-04,2021-11-30,504,9.6808,4.7286
2019-11-05,2021-12-01,504,9.657,4.7172
2019-11-06,2021-12-02,504,10.1308,4.9432
2019-11-07,2021-12-03,504,10.1298,4.9428
2019-11-08,2021-12-06,504,10.9391,5.3276
2019-11-11,2021-12-07,504,11.6209,5.6508
2019-11-12,2021-12-08,504,12.3845,6.0116
2019-11-13,2021-12-09,504,12.1366,5.8946
2019-11-14,2021-12-10,504,11.7864,5.7291
2019-11-15,2021-12-13,504,12.4348,6.0353
2019-11-18,2021-12-14,504,12.021,5.84
2019-11-19,2021-12-15,504,10.985,5.3494
2019-11-20,2021-12-16,504,11.6493,5.6642
2019-11-21,2021-12-17,504,11.6623,5.6704
2019-11-22,2021-12-20,504,11.5414,5.6132
2019-11-25,2021-12-21,504,11.5524,5.6184
2019-11-26,2021-12-22,504,11.4153,5.5534
2019-11-27,2021-12-23,504,11.9809,5.821
2019-11-28,2021-12-24,504,12.0529,5.855
2019-11-29,2021-12-27,504,12.2111,5.9297
2019-12-02,2021-12-28,504,12.415,6.026
2019-12-03,2021-12-29,504,11.6573,5.668
2019-12-04,2021-12-30,504,11.2578,5.4788
2019-12-05,2021-12-31,504,11.2779,5.4884
2019-12-06,2022-01-04,504,11.2373,5.4691
2019-12-09,2022-01-05,504,11.3017,5.4996
2019-12-10,2022-01-06,504,10.7507,5.2382
2019-12-11,2022-01-07,504,10.5597,5.1474
2019-12-12,2022-01-10,504,10.6466,5.1887
2019-12-13,2022-01-11,504,10.4092,5.0758
2019-12-16,2022-01-12,504,10.4075,5.075
2019-12-17,2022-01-13,504,9.6292,4.7039
2019-12-18,2022-01-14,504,9.3833,4.5864
2019-12-19,2022-01-17,504,9.5659,4.6737
2019-12-20,2022-01-18,504,9.7741,4.7732
2019-12-23,2022-01-19,504,9.9307,4.8478
2019-12-24,2022-01-20,504,10.2716,5.0103
2019-12-25,2022-01-21,504,9.836,4.8027
2019-12-26,2022-01-24,504,9.5354,4.6592
2019-12-27,2022-01-25,504,8.8599,4.3359
2019-12-30,2022-01-26,504,8.6955,4.2571
2019-12-31,2022-01-27,504,7.5331,3.6982
2020-01-02,2022-01-28,504,6.6652,3.2788
2020-01-03,2022-02-07,504,6.9221,3.4031
2020-01-06,2022-02-08,504,6.6173,3.2557
2020-01-07,2022-02-09,504,7.0458,3.4629
2020-01-08,2022-02-10,504,6.9321,3.408
2020-01-09,2022-02-11,504,7.1434,3.5101
2020-01-10,2022-02-14,504,7.2179,3.5461
2020-01-13,2022-02-15,504,7.5088,3.6864
2020-01-14,2022-02-16,504,7.669,3.7637
2020-01-15,2022-02-17,504,7.9302,3.8895
2020-01-16,2022-02-18,504,8.3711,4.1014
2020-01-17,2022-02-21,504,8.1984,4.0185
2020-01-20,2022-02-22,504,7.9591,3.9034
2020-01-21,2022-02-23,504,8.236,4.0365
2020-01-22,2022-02-24,504,8.3954,4.1131
2020-01-23,2022-02-25,504,9.0233,4.4142
2020-02-03,2022-02-28,504,12.5956,6.1111
2020-02-04,2022-03-01,504,12.4171,6.0269
2020-02-05,2022-03-02,504,10.3068,5.0271
2020-02-06,2022-03-03,504,9.6393,4.7088
2020-02-07,2022-03-04,504,9.2367,4.5164
2020-02-10,2022-03-07,504,8.7111,4.2646
2020-02-11,2022-03-08,504,8.6063,4.2143
2020-02-12,2022-03-09,504,8.5444,4.1846
2020-02-13,2022-03-10,504,7.9973,3.9217
2020-02-14,2022-03-11,504,7.928,3.8884
2020-02-17,2022-03-14,504,6.2782,3.0913
2020-02-18,2022-03-15,504,4.5294,2.2396
2020-02-19,2022-03-16,504,5.0653,2.5014
2020-02-20,2022-03-17,504,5.2077,2.5708
2020-02-21,2022-03-18,504,4.8807,2.4113
2020-02-24,2022-03-21,504,4.3192,2.1368
2020-02-25,2022-03-22,504,5.0724,2.5048
2020-02-26,2022-03-23,504,5.1818,2.5582
2020-02-27,2022-03-24,504,5.2357,2.5845
2020-02-28,2022-03-25,504,6.1975,3.0522
2020-03-02,2022-03-28,504,5.572,2.7482
2020-03-03,2022-03-29,504,5.2757,2.6039
2020-03-04,2022-03-30,504,5.1881,2.5612
2020-03-05,2022-03-31,504,4.4047,2.1786
2020-03-06,2022-04-01,504,4.739,2.3421
2020-03-09,2022-04-06,504,5.6454,2.784
2020-03-10,2022-04-07,504,5.1234,2.5297
2020-03-11,2022-04-08,504,5.4933,2.7099
2020-03-12,2022-04-11,504,5.7113,2.816
2020-03-13,2022-04-12,504,7.5762,3.719
2020-03-16,2022-04-13,504,12.3082,5.9756
2020-03-17,2022-04-14,504,11.3624,5.5284
2020-03-18,2022-04-15,504,14.2936,6.9082
2020-03-19,2022-04-18,504,14.7001,7.0982
2020-03-20,2022-04-19,504,13.731,6.6447
2020-03-23,2022-04-20,504,13.7172,6.6383
2020-03-24,2022-04-21,504,11.2842,5.4913
2020-03-25,2022-04-22,504,10.7183,5.2228
2020-03-26,2022-04-25,504,9.4978,4.6412
2020-03-27,2022-04-26,504,8.7027,4.2606
2020-03-30,2022-04-27,504,9.584,4.6824
2020-03-31,2022-04-28,504,9.7819,4.7769
2020-04-01,2022-04-29,504,11.1957,5.4494
2020-04-02,2022-05-05,504,10.6763,5.2028
2020-04-03,2022-05-06,504,9.7631,4.7679
2020-04-07,2022-05-09,504,8.5736,4.1987
2020-04-08,2022-05-10,504,8.9672,4.3873
2020-04-09,2022-05-11,504,8.87,4.3408
2020-04-10,2022-05-12,504,9.1817,4.4901
2020-04-13,2022-05-13,504,8.8323,4.3227
2020-04-14,2022-05-16,504,7.7618,3.8084
2020-04-15,2022-05-17,504,8.5142,4.1701
2020-04-16,2022-05-18,504,7.8576,3.8545
2020-04-17,2022-05-19,504,8.1902,4.0145
2020-04-20,2022-05-20,504,5.7988,2.8586
2020-04-21,2022-05-23,504,8.7166,4.2672
2020-04-22,2022-05-24,504,8.1678,4.0037
2020-04-23,2022-05-25,504,7.9453,3.8967
2020-04-24,2022-05-26,504,8.23,4.0337
2020-04-27,2022-05-27,504,8.3248,4.0792
2020-04-28,2022-05-30,504,8.2449,4.0408
2020-04-29,2022-05-31,504,8.2863,4.0607
2020-04-30,2022-06-01,504,4.7132,2.3295
2020-05-06,2022-06-02,504,4.7829,2.3635
2020-05-07,2022-06-06,504,5.4126,2.6706
2020-05-08,2022-06-07,504,4.7483,2.3466
2020-05-11,2022-06-08,504,5.2712,2.6018
2020-05-12,2022-06-09,504,5.1036,2.52
2020-05-13,2022-06-10,504,5.2983,2.6149
2020-05-14,2022-06-13,504,5.5333,2.7294
2020-05-15,2022-06-14,504,7.7132,3.785
2020-05-18,2022-06-15,504,6.9346,3.4092
2020-05-19,2022-06-16,504,4.5025,2.2265
2020-05-20,2022-06-17,504,7.502,3.6832
2020-05-21,2022-06-20,504,7.8114,3.8323
2020-05-22,2022-06-21,504,8.2973,4.066
2020-05-25,2022-06-22,504,8.3385,4.0858
2020-05-26,2022-06-23,504,8.2179,4.0278
2020-05-27,2022-06-24,504,8.744,4.2804
2020-05-28,2022-06-27,504,8.8991,4.3547
2020-05-29,2022-06-28,504,8.8329,4.323
2020-06-01,2022-06-29,504,5.1062,2.5213
2020-06-02,2022-06-30,504,5.4447,2.6863
2020-06-03,2022-07-01,504,5.3368,2.6337
2020-06-04,2022-07-04,504,5.8676,2.892
2020-06-05,2022-07-05,504,5.6387,2.7807
2020-06-08,2022-07-06,504,4.8436,2.3932
2020-06-09,2022-07-07,504,4.4416,2.1967
2020-06-10,2022-07-08,504,4.1183,2.0384
2020-06-11,2022-07-11,504,3.75,1.8577
2020-06-12,2022-07-12,504,3.526,1.7477
2020-06-15,2022-07-13,504,3.8037,1.8841
2020-06-16,2022-07-14,504,3.4425,1.7067
2020-06-17,2022-07-15,504,2.7634,1.3723
2020-06-18,2022-07-18,504,3.0039,1.4908
2020-06-19,2022-07-19,504,2.3916,1.1887
2020-06-22,2022-07-20,504,2.1656,1.077
2020-06-23,2022-07-21,504,1.5813,0.7876
2020-06-24,2022-07-22,504,1.6607,0.8269
2020-06-29,2022-07-25,504,1.7577,0.875
2020-06-30,2022-07-26,504,1.6073,0.8004
2020-07-01,2022-07-27,504,0.7911,0.3948
2020-07-02,2022-07-28,504,0.7819,0.3902
2020-07-03,2022-07-29,504,0.2535,0.1267
2020-07-06,2022-08-01,504,-0.8781,-0.44
2020-07-07,2022-08-02,504,-1.2763,-0.6402
2020-07-08,2022-08-03,504,-2.0722,-1.0415
2020-07-09,2022-08-04,504,-2.3037,-1.1586
2020-07-10,2022-08-05,504,-1.2405,-0.6222
2020-07-13,2022-08-08,504,-1.9965,-1.0033
2020-07-14,2022-08-09,504,-1.5959,-0.8011
2020-07-15,2022-08-10,504,-1.5491,-0.7776
2020-07-16,2022-08-11,504,-0.0012,-0.0006
2020-07-17,2022-08-12,504,0.0871,0.0436
2020-07-20,2022-08-15,504,-0.6846,-0.3429
2020-07-21,2022-08-16,504,-0.9736,-0.488
2020-07-22,2022-08-17,504,-1.5399,-0.7729
2020-07-23,2022-08-18,504,-1.9843,-0.9971
2020-07-24,2022-08-19,504,-1.3539,-0.6793
2020-07-27,2022-08-22,504,-1.8961,-0.9526
2020-07-28,2022-08-23,504,-2.1405,-1.076
2020-07-29,2022-08-24,504,-3.0463,-1.5349
2020-07-30,2022-08-25,504,-2.5546,-1.2856
2020-07-31,2022-08-26,504,-2.9637,-1.493
2020-08-03,2022-08-29,504,-3.5248,-1.7782
2020-08-04,2022-08-30,504,-3.5673,-1.7998
2020-08-05,2022-08-31,504,-4.3051,-2.1762
2020-08-06,2022-09-01,504,-4.7753,-2.4168
2020-08-07,2022-09-02,504,-4.7757,-2.417
2020-08-10,2022-09-05,504,-4.5212,-2.2868
2020-08-11,2022-09-06,504,-3.5395,-1.7857
2020-08-12,2022-09-07,504,-2.4677,-1.2416
2020-08-13,2022-09-08,504,-2.2956,-1.1545
2020-08-14,2022-09-09,504,-2.5108,-1.2634
2020-08-17,2022-09-13,504,-3.1382,-1.5816
2020-08-18,2022-09-14,504,-4.0091,-2.0251
2020-08-19,2022-09-15,504,-3.7554,-1.8957
2020-08-20,2022-09-16,504,-3.495,-1.763
2020-08-21,2022-09-19,504,-3.6966,-1.8657
2020-08-24,2022-09-20,504,-3.5471,-1.7896
2020-08-25,2022-09-21,504,-3.7115,-1.8733
2020-08-26,2022-09-22,504,-3.6606,-1.8474
2020-08-27,2022-09-23,504,-4.0149,-2.028
2020-08-28,2022-09-26,504,-4.7759,-2.4171
2020-08-31,2022-09-27,504,-4.4656,-2.2583
2020-09-01,2022-09-28,504,-5.0715,-2.5687
2020-09-02,2022-09-29,504,-4.6302,-2.3425
2020-09-03,2022-09-30,504,-4.1608,-2.1025
2020-09-04,2022-10-10,504,-4.3315,-2.1897
2020-09-07,2022-10-11,504,-3.8952,-1.9669
2020-09-08,2022-10-12,504,-3.6922,-1.8634
2020-09-09,2022-10-13,504,-3.381,-1.705
2020-09-10,2022-10-14,504,-3.0804,-1.5523
2020-09-11,2022-10-17,504,-3.3297,-1.6789
2020-09-14,2022-10-18,504,-3.4553,-1.7429
2020-09-15,2022-10-19,504,-4.0606,-2.0513
2020-09-16,2022-10-20,504,-4.1018,-2.0724
2020-09-17,2022-10-21,504,-3.9296,-1.9845
2020-09-18,2022-10-24,504,-4.7099,-2.3834
2020-09-21,2022-10-25,504,-4.4957,-2.2737
2020-09-22,2022-10-26,504,-3.5691,-1.8007
2020-09-23,2022-10-27,504,-3.4328,-1.7314
2020-09-24,2022-10-28,504,-3.2714,-1.6493
2020-09-25,2022-10-31,504,-3.8258,-1.9315
2020-09-28,2022-11-01,504,-3.1473,-1.5863
2020-09-29,2022-11-02,504,-3.2601,-1.6436
2020-09-30,2022-11-03,504,-3.4909,-1.761
2020-10-09,2022-11-04,504,-3.213,-1.6196
2020-10-12,2022-11-07,504,-3.8421,-1.9399
2020-10-13,2022-11-08,504,-3.904,-1.9714
2020-10-14,2022-11-09,504,-3.1656,-1.5955
2020-10-15,2022-11-10,504,-3.2376,-1.6321
2020-10-16,2022-11-11,504,-2.5608,-1.2887
2020-10-19,2022-11-14,504,-2.5786,-1.2977
2020-10-20,2022-11-15,504,-2.1857,-1.0989
2020-10-21,2022-11-16,504,-2.2813,-1.1472
2020-10-22,2022-11-17,504,-2.2781,-1.1456
2020-10-23,2022-11-18,504,-2.0542,-1.0324
2020-10-26,2022-11-21,504,-2.1213,-1.0664
2020-10-27,2022-11-22,504,-2.4071,-1.2109
2020-10-28,2022-11-23,504,-2.5631,-1.2899
2020-10-29,2022-11-24,504,-2.3423,-1.1781
2020-10-30,2022-11-25,504,-1.669,-0.838
2020-11-02,2022-11-28,504,-2.2059,-1.1091
2020-11-03,2022-11-29,504,-2.05,-1.0303
2020-11-04,2022-11-30,504,-2.3092,-1.1613
2020-11-05,2022-12-01,504,-2.324,-1.1688
2020-11-06,2022-12-02,504,-2.5395,-1.2779
2020-11-09,2022-12-05,504,-2.73,-1.3744
2020-11-10,2022-12-06,504,-2.0779,-1.0444
2020-11-11,2022-12-07,504,-1.913,-0.9611
2020-11-12,2022-12-08,504,-1.7967,-0.9024
2020-11-13,2022-12-09,504,-1.439,-0.7221
2020-11-16,2022-12-12,504,-1.8607,-0.9347
2020-11-17,2022-12-13,504,-1.817,-0.9127
2020-11-18,2022-12-14,504,-1.3033,-0.6538
2020-11-19,2022-12-15,504,-1.5651,-0.7856
2020-11-20,2022-12-16,504,-1.7526,-0.8802
2020-11-23,2022-12-19,504,-2.1918,-1.102
2020-11-24,2022-12-20,504,-1.7485,-0.8781
2020-11-25,2022-12-21,504,-0.9382,-0.4702
2020-11-26,2022-12-22,504,-0.9914,-0.497
2020-11-27,2022-12-23,504,-1.5358,-0.7709
2020-11-30,2022-12-26,504,-0.6456,-0.3233
2020-12-01,2022-12-27,504,-0.9966,-0.4996
2020-12-02,2022-12-28,504,-1.4271,-0.7161
2020-12-03,2022-12-29,504,-1.7613,-0.8846
2020-12-04,2022-12-30,504,-1.6201,-0.8133
2020-12-07,2023-01-03,504,-1.2664,-0.6352
2020-12-08,2023-01-04,504,-1.5593,-0.7827
2020-12-09,2023-01-05,504,-0.7118,-0.3565
2020-12-10,2023-01-06,504,-0.5411,-0.2709
2020-12-11,2023-01-09,504,0.1717,0.0858
2020-12-14,2023-01-10,504,-0.0054,-0.0027
2020-12-15,2023-01-11,504,-0.2287,-0.1144
2020-12-16,2023-01-12,504,-0.4181,-0.2093
2020-12-17,2023-01-13,504,-0.419,-0.2097
2020-12-18,2023-01-16,504,-0.0372,-0.0186
2020-12-21,2023-01-17,504,-0.4451,-0.2228
2020-12-22,2023-01-18,504,0.1764,0.0882
2020-12-23,2023-01-19,504,0.3345,0.1671
2020-12-24,2023-01-20,504,0.6415,0.3202
2020-12-25,2023-01-30,504,0.4173,0.2084
2020-12-28,2023-01-31,504,-0.1919,-0.096
2020-12-29,2023-02-01,504,0.3911,0.1954
2020-12-30,2023-02-02,504,0.2291,0.1145
2020-12-31,2023-02-03,504,-0.7086,-0.355
2021-01-04,2023-02-06,504,-2.001,-1.0056
2021-01-05,2023-02-07,504,-2.5242,-1.2702
2021-01-06,2023-02-08,504,-2.8343,-1.4273
2021-01-07,2023-02-09,504,-2.5183,-1.2672
2021-01-08,2023-02-10,504,-2.5723,-1.2945
2021-01-11,2023-02-13,504,-1.2669,-0.6355
2021-01-12,2023-02-14,504,-1.4237,-0.7144
2021-01-13,2023-02-15,504,-1.5755,-0.7909
2021-01-14,2023-02-16,504,-1.7925,-0.9003
2021-01-15,2023-02-17,504,-2.3721,-1.1932
2021-01-18,2023-02-20,504,-1.7606,-0.8842
2021-01-19,2023-02-21,504,-1.5249,-0.7654
2021-01-20,2023-02-22,504,-1.8908,-0.9499
2021-01-21,2023-02-23,504,-1.9182,-0.9638
2021-01-22,2023-02-24,504,-2.0052,-1.0077
2021-01-25,2023-02-27,504,-2.2876,-1.1504
2021-01-26,2023-02-28,504,-2.3529,-1.1835
2021-01-27,2023-03-01,504,-1.812,-0.9101
2021-01-28,2023-03-02,504,-1.2777,-0.6409
2021-01-29,2023-03-03,504,-1.1394,-0.5713
2021-02-01,2023-03-06,504,-1.6271,-0.8169
2021-02-02,2023-03-07,504,-2.0396,-1.0251
2021-02-03,2023-03-08,504,-2.0501,-1.0303
2021-02-04,2023-03-09,504,-1.9046,-0.9569
2021-02-05,2023-03-10,504,-1.7864,-0.8972
2021-02-08,2023-03-13,504,-1.291,-0.6476
2021-02-09,2023-03-14,504,-1.7751,-0.8915
2021-02-10,2023-03-15,504,-2.3425,-1.1782
2021-02-18,2023-03-16,504,-1.4788,-0.7421
2021-02-19,2023-03-17,504,-1.1445,-0.5739
2021-02-22,2023-03-20,504,-0.0639,-0.0319
2021-02-23,2023-03-21,504,-0.2357,-0.1179
2021-02-24,2023-03-22,504,-0.4645,-0.2325
2021-02-25,2023-03-23,504,0.1204,0.0602
2021-02-26,2023-03-24,504,1.1289,0.5629
2021-03-01,2023-03-27,504,0.7227,0.3607
2021-03-02,2023-03-28,504,1.2535,0.6248
2021-03-03,2023-03-29,504,1.4566,0.7256
2021-03-04,2023-03-30,504,2.021,1.0055
2021-03-05,2023-03-31,504,2.6117,1.2975
2021-03-08,2023-04-03,504,2.9019,1.4406
2021-03-09,2023-04-04,504,3.8318,1.8979
2021-03-10,2023-04-06,504,3.7346,1.8502
2021-03-11,2023-04-07,504,3.183,1.5791
2021-03-12,2023-04-10,504,3.1381,1.5569
2021-03-15,2023-04-11,504,3.409,1.6902
2021-03-16,2023-04-12,504,3.4025,1.687
2021-03-17,2023-04-13,504,3.0049,1.4913
2021-03-18,2023-04-14,504,2.8839,1.4317
2021-03-19,2023-04-17,504,3.6073,1.7877
2021-03-22,2023-04-18,504,3.5347,1.752
2021-03-23,2023-04-19,504,3.3806,1.6763
2021-03-24,2023-04-20,504,3.7136,1.8399
2021-03-25,2023-04-21,504,3.005,1.4914
2021-03-26,2023-04-24,504,2.2314,1.1095
2021-03-29,2023-04-25,504,2.2828,1.1349
2021-03-30,2023-04-26,504,2.552,1.268
2021-03-31,2023-04-27,504,3.3152,1.6441
2021-04-01,2023-04-28,504,2.5175,1.2509
2021-04-02,2023-05-04,504,2.6084,1.2958
2021-04-06,2023-05-05,504,2.9743,1.4763
2021-04-07,2023-05-08,504,2.9305,1.4547
2021-04-08,2023-05-09,504,2.6484,1.3155
2021-04-09,2023-05-10,504,2.7086,1.3452
2021-04-12,2023-05-11,504,3.2342,1.6042
2021-04-13,2023-05-12,504,2.9943,1.4861
2021-04-14,2023-05-15,504,3.0392,1.5082
2021-04-15,2023-05-16,504,2.9658,1.4721
2021-04-16,2023-05-17,504,2.4017,1.1937
2021-04-19,2023-05-18,504,1.6451,0.8192
2021-04-20,2023-05-19,504,1.7378,0.8652
2021-04-21,2023-05-22,504,1.6551,0.8242
2021-04-22,2023-05-23,504,1.19,0.5932
2021-04-23,2023-05-24,504,0.8969,0.4474
2021-04-26,2023-05-25,504,1.1064,0.5517
2021-04-27,2023-05-26,504,0.8827,0.4404
2021-04-28,2023-05-29,504,0.8326,0.4154
2021-04-29,2023-05-30,504,0.5284,0.2638
2021-04-30,2023-05-31,504,0.9511,0.4744
2021-05-06,2023-06-01,504,0.8323,0.4153
2021-05-07,2023-06-02,504,1.2108,0.6036
2021-05-10,2023-06-05,504,0.7142,0.3565
2021-05-11,2023-06-06,504,0.5601,0.2796
2021-05-12,2023-06-07,504,0.3404,0.1701
2021-05-13,2023-06-08,504,0.7086,0.3537
2021-05-14,2023-06-09,504,0.4193,0.2094
2021-05-17,2023-06-12,504,-0.1128,-0.0564
2021-05-18,2023-06-13,504,-0.1123,-0.0562
2021-05-19,2023-06-14,504,-0.2483,-0.1242
2021-05-20,2023-06-15,504,-0.1457,-0.0729
2021-05-21,2023-06-16,504,0.4844,0.2419
2021-05-24,2023-06-19,504,0.1559,0.0779
2021-05-25,2023-06-20,504,-0.3227,-0.1615
2021-05-26,2023-06-21,504,-1.064,-0.5334
2021-05-27,2023-06-26,504,-1.3362,-0.6703
2021-05-28,2023-06-27,504,-1.1003,-0.5517
2021-05-31,2023-06-28,504,-1.4742,-0.7398
2021-06-01,2023-06-29,504,-1.7737,-0.8908
2021-06-02,2023-06-30,504,-0.9283,-0.4652
2021-06-03,2023-07-03,504,-0.2628,-0.1315
2021-06-04,2023-07-04,504,0.0518,0.0259
2021-06-07,2023-07-05,504,-0.2701,-0.1351
2021-06-08,2023-07-06,504,-0.3949,-0.1977
2021-06-09,2023-07-07,504,-0.5527,-0.2767
2021-06-10,2023-07-10,504,-0.4019,-0.2012
2021-06-11,2023-07-11,504,-0.3124,-0.1563
2021-06-15,2023-07-12,504,0.2508,0.1253
2021-06-16,2023-07-13,504,1.2031,0.5998
2021-06-17,2023-07-14,504,1.4745,0.7345
2021-06-18,2023-07-17,504,1.6576,0.8254
2021-06-21,2023-07-18,504,1.6972,0.845
2021-06-22,2023-07-19,504,1.7642,0.8782
2021-06-23,2023-07-20,504,1.4208,0.7079
2021-06-24,2023-07-21,504,1.3775,0.6864
2021-06-25,2023-07-24,504,0.9903,0.4939
2021-06-28,2023-07-25,504,1.4444,0.7196
2021-06-29,2023-07-26,504,1.8358,0.9137
2021-06-30,2023-07-27,504,2.0046,0.9973
2021-07-01,2023-07-28,504,2.0131,1.0015
2021-07-02,2023-07-31,504,2.6305,1.3067
2021-07-05,2023-08-01,504,2.5064,1.2454
2021-07-06,2023-08-02,504,2.043,1.0163
2021-07-07,2023-08-03,504,1.9269,0.9588
2021-07-08,2023-08-04,504,2.24,1.1138
2021-07-09,2023-08-07,504,2.1076,1.0483
2021-07-12,2023-08-08,504,1.8546,0.923
2021-07-13,2023-08-09,504,1.5901,0.7919
2021-07-14,2023-08-10,504,1.7134,0.8531
2021-07-15,2023-08-11,504,0.7712,0.3848
2021-07-16,2023-08-14,504,0.8931,0.4455
2021-07-19,2023-08-15,504,1.0374,0.5174
2021-07-20,2023-08-16,504,0.7405,0.3696
2021-07-21,2023-08-17,504,0.7757,0.3871
2021-07-22,2023-08-18,504,0.5673,0.2833
2021-07-23,2023-08-21,504,0.4512,0.2254
2021-07-26,2023-08-22,504,1.1737,0.5851
2021-07-27,2023-08-23,504,1.8412,0.9164
2021-07-28,2023-08-24,504,1.8014,0.8967
2021-07-29,2023-08-25,504,1.1387,0.5677
2021-07-30,2023-08-28,504,1.4913,0.7429
2021-08-02,2023-08-29,504,1.6458,0.8195
2021-08-03,2023-08-30,504,1.7139,0.8533
2021-08-04,2023-08-31,504,1.4232,0.7091
2021-08-05,2023-09-01,504,1.7159,0.8543
2021-08-06,2023-09-04,504,2.4673,1.2261
2021-08-09,2023-09-05,504,2.859,1.4194
2021-08-10,2023-09-06,504,2.6658,1.3242
2021-08-11,2023-09-07,504,2.4591,1.2221
2021-08-12,2023-09-08,504,2.383,1.1845
2021-08-13,2023-09-11,504,2.5827,1.2831
2021-08-16,2023-09-12,504,2.322,1.1544
2021-08-17,2023-09-13,504,2.3691,1.1776
2021-08-18,2023-09-14,504,2.3393,1.1629
2021-08-19,2023-09-15,504,2.2653,1.1263
2021-08-20,2023-09-18,504,2.5506,1.2673
2021-08-23,2023-09-19,504,2.4107,1.1982
2021-08-24,2023-09-20,504,1.9774,0.9839
2021-08-25,2023-09-21,504,1.8557,0.9236
2021-08-26,2023-09-22,504,2.7865,1.3837
2021-08-27,2023-09-25,504,2.2926,1.1398
2021-08-30,2023-09-26,504,2.0673,1.0283
2021-08-31,2023-09-27,504,1.9416,0.9661
2021-09-01,2023-09-28,504,1.1359,0.5663
2021-09-02,2023-10-09,504,0.8393,0.4188
2021-09-03,2023-10-10,504,0.55,0.2746
2021-09-06,2023-10-11,504,0.0538,0.0269
2021-09-07,2023-10-12,504,0.3416,0.1707
2021-09-08,2023-10-13,504,0.583,0.2911
2021-09-09,2023-10-16,504,0.8654,0.4318
2021-09-10,2023-10-17,504,0.7307,0.3647
2021-09-13,2023-10-18,504,1.0715,0.5343
2021-09-14,2023-10-19,504,1.0435,0.5204
2021-09-15,2023-10-20,504,1.3536,0.6745
2021-09-16,2023-10-23,504,1.5656,0.7798
2021-09-17,2023-10-24,504,1.695,0.8439
2021-09-22,2023-10-25,504,1.515,0.7546
2021-09-23,2023-10-26,504,1.858,0.9247
2021-09-24,2023-10-27,504,2.3954,1.1906
2021-09-27,2023-10-30,504,2.3976,1.1917
2021-09-28,2023-10-31,504,2.6362,1.3095
2021-09-29,2023-11-01,504,2.7108,1.3463
2021-09-30,2023-11-02,504,2.6941,1.3381
2021-10-08,2023-11-03,504,2.2102,1.099
2021-10-11,2023-11-06,504,2.4678,1.2264
2021-10-12,2023-11-07,504,2.3228,1.1547
2021-10-13,2023-11-08,504,1.9136,0.9523
2021-10-14,2023-11-09,504,1.4609,0.7278
2021-10-15,2023-11-10,504,1.4147,0.7049
2021-10-18,2023-11-13,504,1.9106,0.9508
2021-10-19,2023-11-14,504,1.7286,0.8606
2021-10-20,2023-11-15,504,2.1143,1.0516
2021-10-21,2023-11-16,504,1.6045,0.7991
2021-10-22,2023-11-17,504,1.4233,0.7091
2021-10-25,2023-11-20,504,1.1427,0.5697
2021-10-26,2023-11-21,504,1.0626,0.5299
2021-10-27,2023-11-22,504,1.2512,0.6236
2021-10-28,2023-11-23,504,1.1843,0.5904
2021-10-29,2023-11-24,504,1.0341,0.5157
2021-11-01,2023-11-27,504,1.3244,0.66
2021-11-02,2023-11-28,504,1.4798,0.7372
2021-11-03,2023-11-29,504,1.8474,0.9195
2021-11-04,2023-11-30,504,1.8258,0.9088
2021-11-05,2023-12-01,504,1.4558,0.7253
2021-11-08,2023-12-04,504,1.3216,0.6586
2021-11-09,2023-12-05,504,0.3978,0.1987
2021-11-10,2023-12-06,504,0.4846,0.242
2021-11-11,2023-12-07,504,-0.2723,-0.1363
2021-11-12,2023-12-08,504,-0.1767,-0.0884
2021-11-15,2023-12-11,504,-0.1396,-0.0698
2021-11-16,2023-12-12,504,-0.3284,-0.1643
2021-11-17,2023-12-13,504,-0.6261,-0.3135
2021-11-18,2023-12-14,504,-0.2014,-0.1007
2021-11-19,2023-12-15,504,-0.4728,-0.2367
2021-11-22,2023-12-18,504,-0.4153,-0.2079
2021-11-23,2023-12-19,504,0.2159,0.1079
2021-11-24,2023-12-20,504,0.1848,0.0923
2021-11-25,2023-12-21,504,0.484,0.2417
2021-11-26,2023-12-22,504,0.6039,0.3015
2021-11-29,2023-12-25,504,0.8779,0.438
2021-11-30,2023-12-26,504,0.9413,0.4695
2021-12-01,2023-12-27,504,1.1524,0.5746
2021-12-02,2023-12-28,504,1.795,0.8935
2021-12-03,2023-12-29,504,1.6837,0.8383
2021-12-06,2024-01-02,504,1.3144,0.6551
2021-12-07,2024-01-03,504,1.1179,0.5574
2021-12-08,2024-01-04,504,0.4546,0.227
2021-12-09,2024-01-05,504,0.158,0.079
2021-12-10,2024-01-08,504,-0.0207,-0.0104
2021-12-13,2024-01-09,504,-0.315,-0.1576
2021-12-14,2024-01-10,504,-0.3882,-0.1943
2021-12-15,2024-01-11,504,0.2638,0.1318
2021-12-16,2024-01-12,504,-0.1965,-0.0983
2021-12-17,2024-01-15,504,-0.1177,-0.0588
2021-12-20,2024-01-16,504,0.3548,0.1773
2021-12-21,2024-01-17,504,-0.3105,-0.1553
2021-12-22,2024-01-18,504,0.0402,0.0201
2021-12-23,2024-01-19,504,-0.3445,-0.1724
2021-12-24,2024-01-22,504,-0.7483,-0.3748
2021-12-27,2024-01-23,504,-0.6186,-0.3098
2021-12-28,2024-01-24,504,-0.5333,-0.267
2021-12-29,2024-01-25,504,0.2979,0.1488
2021-12-30,2024-01-26,504,0.3066,0.1532
2021-12-31,2024-01-29,504,0.076,0.038
2022-01-04,2024-01-30,504,-0.293,-0.1466
2022-01-05,2024-01-31,504,-0.383,-0.1917
2022-01-06,2024-02-01,504,0.0942,0.0471
2022-01-07,2024-02-02,504,0.0855,0.0427
2022-01-10,2024-02-05,504,-0.0588,-0.0294
2022-01-11,2024-02-06,504,0.6723,0.3356
2022-01-12,2024-02-07,504,0.6334,0.3162
2022-01-13,2024-02-08,504,1.1345,0.5656
2022-01-14,2024-02-19,504,1.4752,0.7349
2022-01-17,2024-02-20,504,1.4901,0.7423
2022-01-18,2024-02-21,504,1.6926,0.8428
2022-01-19,2024-02-22,504,1.9404,0.9655
2022-01-20,2024-02-23,504,1.3172,0.6565
2022-01-21,2024-02-26,504,1.3851,0.6902
2022-01-24,2024-02-27,504,1.7311,0.8618
2022-01-25,2024-02-28,504,1.8206,0.9062
2022-01-26,2024-02-29,504,2.1385,1.0636
2022-01-27,2024-03-01,504,3.3625,1.6674
2022-01-28,2024-03-04,504,4.1015,2.0301
2022-02-07,2024-03-05,504,4.175,2.0661
2022-02-08,2024-03-06,504,4.1563,2.057
2022-02-09,2024-03-07,504,3.9266,1.9444
2022-02-10,2024-03-08,504,4.0565,2.0081
2022-02-11,2024-03-11,504,4.8448,2.3937
2022-02-14,2024-03-12,504,4.5775,2.2632
2022-02-15,2024-03-13,504,3.8084,1.8864
2022-02-16,2024-03-14,504,4.1083,2.0335
2022-02-17,2024-03-15,504,3.9329,1.9475
2022-02-18,2024-03-18,504,3.6367,1.8021
2022-02-21,2024-03-19,504,3.6314,1.7995
2022-02-22,2024-03-20,504,3.6666,1.8168
2022-02-23,2024-03-21,504,4.1415,2.0497
2022-02-24,2024-03-22,504,3.5641,1.7665
2022-02-25,2024-03-25,504,3.5752,1.7719
2022-02-28,2024-03-26,504,3.8804,1.9217
2022-03-01,2024-03-27,504,3.4982,1.7341
2022-03-02,2024-03-28,504,3.6387,1.8031
2022-03-03,2024-03-29,504,4.5729,2.2609
2022-03-04,2024-04-01,504,5.3257,2.6283
2022-03-07,2024-04-02,504,5.4122,2.6704
2022-03-08,2024-04-03,504,5.568,2.7463
2022-03-09,2024-04-08,504,5.929,2.9218
2022-03-10,2024-04-09,504,6.5033,3.2005
2022-03-11,2024-04-10,504,6.2547,3.0799
2022-03-14,2024-04-11,504,6.9828,3.4325
2022-03-15,2024-04-12,504,9.3387,4.5651
2022-03-16,2024-04-15,504,8.7006,4.2596
2022-03-17,2024-04-16,504,7.775,3.8147
2022-03-18,2024-04-17,504,8.0286,3.9368
2022-03-21,2024-04-18,504,8.0653,3.9545
2022-03-22,2024-04-19,504,7.8483,3.8501
2022-03-23,2024-04-22,504,7.2977,3.5846
2022-03-24,2024-04-23,504,6.2397,3.0726
2022-03-25,2024-04-24,504,6.9444,3.4139
2022-03-28,2024-04-25,504,7.4066,3.6372
2022-03-29,2024-04-26,504,8.2815,4.0584
2022-03-30,2024-04-29,504,7.7583,3.8067
2022-03-31,2024-04-30,504,7.7195,3.788
2022-04-01,2024-05-06,504,7.6127,3.7365
2022-04-06,2024-05-07,504,7.8963,3.8731
2022-04-07,2024-05-08,504,7.924,3.8865
2022-04-08,2024-05-09,504,7.9295,3.8891
2022-04-11,2024-05-10,504,9.1873,4.4927
2022-04-12,2024-05-13,504,8.3305,4.082
2022-04-13,2024-05-14,504,8.2271,4.0323
2022-04-14,2024-05-15,504,7.8678,3.8594
2022-04-15,2024-05-16,504,8.173,4.0062
2022-04-18,2024-05-17,504,8.4646,4.1463
2022-04-19,2024-05-20,504,9.691,4.7335
2022-04-20,2024-05-21,504,9.9869,4.8746
2022-04-21,2024-05-22,504,10.2497,4.9999
2022-04-22,2024-05-23,504,8.9702,4.3888
2022-04-25,2024-05-24,504,9.9073,4.8367
2022-04-26,2024-05-27,504,10.6796,5.2044
2022-04-27,2024-05-28,504,9.7176,4.7462
2022-04-28,2024-05-29,504,9.7802,4.776
2022-04-29,2024-05-30,504,8.3627,4.0974
2022-05-05,2024-05-31,504,8.5218,4.1738
2022-05-06,2024-06-03,504,9.0475,4.4258
2022-05-09,2024-06-04,504,9.6007,4.6903
2022-05-10,2024-06-05,504,9.2167,4.5068
2022-05-11,2024-06-06,504,9.4338,4.6106
2022-05-12,2024-06-07,504,9.1249,4.4629
2022-05-13,2024-06-11,504,8.0709,3.9571
2022-05-16,2024-06-12,504,8.7329,4.2751
2022-05-17,2024-06-13,504,8.1418,3.9912
2022-05-18,2024-06-14,504,8.6818,4.2506
2022-05-19,2024-06-17,504,8.5261,4.1758
2022-05-20,2024-06-18,504,7.9745,3.9108
2022-05-23,2024-06-19,504,8.12,3.9808
2022-05-24,2024-06-20,504,8.7316,4.2745
2022-05-25,2024-06-21,504,8.5982,4.2105
2022-05-26,2024-06-24,504,7.8288,3.8406
2022-05-27,2024-06-25,504,7.5611,3.7117
2022-05-30,2024-06-26,504,7.5208,3.6922
2022-05-31,2024-06-27,504,6.8147,3.3512
2022-06-01,2024-06-28,504,7.4343,3.6505
2022-06-02,2024-07-01,504,7.3315,3.6009
2022-06-06,2024-07-02,504,6.9398,3.4117
2022-06-07,2024-07-03,504,7.1084,3.4932
2022-06-08,2024-07-04,504,6.7325,3.3114
2022-06-09,2024-07-05,504,6.8957,3.3904
2022-06-10,2024-07-08,504,6.4487,3.174
2022-06-13,2024-07-09,504,6.4568,3.1779
2022-06-14,2024-07-10,504,6.8135,3.3506
2022-06-15,2024-07-11,504,7.1868,3.5311
2022-06-16,2024-07-12,504,7.4498,3.658
2022-06-17,2024-07-15,504,6.9309,3.4074
2022-06-20,2024-07-16,504,7.4314,3.6491
2022-06-21,2024-07-17,504,7.8821,3.8663
2022-06-22,2024-07-18,504,8.3418,4.0873
2022-06-23,2024-07-19,504,7.2107,3.5426
2022-06-24,2024-07-22,504,6.9404,3.412
2022-06-27,2024-07-23,504,5.7782,2.8485
2022-06-28,2024-07-24,504,5.9148,2.9149
2022-06-29,2024-07-25,504,5.4472,2.6875
2022-06-30,2024-07-26,504,5.3225,2.6267
2022-07-01,2024-07-29,504,5.7515,2.8355
2022-07-04,2024-07-30,504,5.3372,2.6339
2022-07-05,2024-07-31,504,6.1626,3.0352
2022-07-06,2024-08-01,504,7.1478,3.5122
2022-07-07,2024-08-02,504,7.363,3.6161
2022-07-08,2024-08-05,504,6.4192,3.1597
2022-07-11,2024-08-06,504,6.5132,3.2052
2022-07-12,2024-08-07,504,6.7344,3.3124
2022-07-13,2024-08-08,504,6.9047,3.3948
2022-07-14,2024-08-09,504,7.0204,3.4506
2022-07-15,2024-08-12,504,7.8493,3.8505
2022-07-18,2024-08-13,504,7.7584,3.8067
2022-07-19,2024-08-14,504,7.7223,3.7894
2022-07-20,2024-08-15,504,7.8485,3.8501
2022-07-21,2024-08-16,504,8.4461,4.1375
2022-07-22,2024-08-19,504,8.388,4.1095
2022-07-25,2024-08-20,504,8.2874,4.0612
2022-07-26,2024-08-21,504,8.091,3.9668
2022-07-27,2024-08-22,504,8.1191,3.9803
2022-07-28,2024-08-23,504,7.8075,3.8304
2022-07-29,2024-08-26,504,7.9006,3.8752
2022-08-01,2024-08-27,504,7.6546,3.7567
2022-08-02,2024-08-28,504,7.7168,3.7867
2022-08-03,2024-08-29,504,8.0298,3.9374
2022-08-04,2024-08-30,504,8.05,3.9471
2022-08-05,2024-09-02,504,6.8793,3.3824
2022-08-08,2024-09-03,504,7.2387,3.5561
2022-08-09,2024-09-04,504,6.6939,3.2927
2022-08-10,2024-09-05,504,7.1689,3.5224
2022-08-11,2024-09-06,504,6.6684,3.2804
2022-08-12,2024-09-09,504,6.0372,2.9744
2022-08-15,2024-09-10,504,6.2468,3.0761
2022-08-16,2024-09-11,504,6.4066,3.1536
2022-08-17,2024-09-12,504,6.1427,3.0256
2022-08-18,2024-09-13,504,6.8558,3.3711
2022-08-19,2024-09-18,504,7.1011,3.4896
2022-08-22,2024-09-19,504,7.1638,3.5199
2022-08-23,2024-09-20,504,7.6908,3.7742
2022-08-24,2024-09-23,504,8.3399,4.0865
2022-08-25,2024-09-24,504,9.0434,4.4239
2022-08-26,2024-09-25,504,9.6585,4.7179
2022-08-29,2024-09-26,504,11.1961,5.4496
2022-08-30,2024-09-27,504,12.361,6.0005
2022-08-31,2024-09-30,504,14.7725,7.1319
2022-09-01,2024-10-08,504,17.0583,8.1935
2022-09-02,2024-10-09,504,14.5419,7.0243
2022-09-05,2024-10-10,504,14.7291,7.1117
2022-09-06,2024-10-11,504,13.8271,6.6898
2022-09-07,2024-10-14,504,14.8933,7.1883
2022-09-08,2024-10-15,504,13.983,6.7628
2022-09-09,2024-10-16,504,13.8624,6.7063
2022-09-13,2024-10-17,504,13.5296,6.5503
2022-09-14,2024-10-18,504,15.3197,7.387
2022-09-15,2024-10-21,504,16.1711,7.7827
2022-09-16,2024-10-22,504,17.1777,8.2486
2022-09-19,2024-10-23,504,17.4274,8.3639
2022-09-20,2024-10-24,504,16.6683,8.0131
2022-09-21,2024-10-25,504,17.0107,8.1715
2022-09-22,2024-10-28,504,17.4991,8.397
2022-09-23,2024-10-29,504,17.4481,8.3735
2022-09-26,2024-10-30,504,17.9499,8.6047
2022-09-27,2024-10-31,504,17.3453,8.326
2022-09-28,2024-11-01,504,17.4114,8.3566
2022-09-29,2024-11-04,504,17.3155,8.3123
2022-09-30,2024-11-05,504,18.1466,8.6952
2022-10-10,2024-11-06,504,18.4153,8.8188
2022-10-11,2024-11-07,504,18.6516,8.9273
2022-10-12,2024-11-08,504,18.078,8.6637
2022-10-13,2024-11-11,504,18.5565,8.8837
2022-10-14,2024-11-12,504,17.0071,8.1698
2022-10-17,2024-11-13,504,17.2717,8.292
2022-10-18,2024-11-14,504,16.1339,7.7654
2022-10-19,2024-11-15,504,16.1146,7.7565
2022-10-20,2024-11-18,504,16.6955,8.0257
2022-10-21,2024-11-19,504,17.5468,8.419
2022-10-24,2024-11-20,504,18.1444,8.6942
2022-10-25,2024-11-21,504,18.5241,8.8688
2022-10-26,2024-11-22,504,17.8828,8.5739
2022-10-27,2024-11-25,504,17.5563,8.4234
2022-10-28,2024-11-26,504,17.8049,8.538
2022-10-31,2024-11-27,504,19.0147,9.0939
2022-11-01,2024-11-28,504,17.4907,8.3931
2022-11-02,2024-11-29,504,17.7268,8.502
2022-11-03,2024-12-02,504,18.0098,8.6323
2022-11-04,2024-12-03,504,17.41,8.3559
2022-11-07,2024-12-04,504,16.8761,8.1093
2022-11-08,2024-12-05,504,16.9581,8.1472
2022-11-09,2024-12-06,504,16.8763,8.1093
2022-11-10,2024-12-09,504,17.2089,8.2631
2022-11-11,2024-12-10,504,16.5034,7.9368
2022-11-14,2024-12-11,504,16.9455,8.1413
2022-11-15,2024-12-12,504,16.8153,8.0811
2022-11-16,2024-12-13,504,15.8648,7.6405
2022-11-17,2024-12-16,504,15.4672,7.4557
2022-11-18,2024-12-17,504,15.6645,7.5475
2022-11-21,2024-12-18,504,16.1929,7.7928
2022-11-22,2024-12-19,504,15.9744,7.6914
2022-11-23,2024-12-20,504,15.8443,7.631
2022-11-24,2024-12-23,504,16.2263,7.8083
2022-11-25,2024-12-24,504,16.2373,7.8134
2022-11-28,2024-12-25,504,16.6349,7.9976
2022-11-29,2024-12-26,504,15.8959,7.655
2022-11-30,2024-12-27,504,15.8687,7.6423
2022-12-01,2024-12-30,504,15.4878,7.4653
2022-12-02,2024-12-31,504,14.9913,7.234
2022-12-05,2025-01-02,504,14.1061,6.8205
2022-12-06,2025-01-03,504,14.0766,6.8066
2022-12-07,2025-01-06,504,14.0098,6.7754
2022-12-08,2025-01-07,504,14.1168,6.8255
2022-12-09,2025-01-08,504,13.8511,6.701
2022-12-12,2025-01-09,504,14.2577,6.8914
2022-12-13,2025-01-10,504,14.1264,6.83
2022-12-14,2025-01-13,504,13.7367,6.6474
2022-12-15,2025-01-14,504,14.4987,7.0041
2022-12-16,2025-01-15,504,14.6547,7.0769
2022-12-19,2025-01-16,504,15.0587,7.2654
2022-12-20,2025-01-17,504,15.6919,7.5602
2022-12-21,2025-01-20,504,15.4806,7.4619
2022-12-22,2025-01-21,504,15.4348,7.4406
2022-12-23,2025-01-22,504,15.7007,7.5643
2022-12-26,2025-01-23,504,15.6381,7.5352
2022-12-27,2025-01-24,504,15.5977,7.5164
2022-12-28,2025-01-27,504,15.4943,7.4683
2022-12-29,2025-02-05,504,16.5053,7.9376
2022-12-30,2025-02-06,504,16.4856,7.9285
2023-01-03,2025-02-07,504,16.7706,8.0605
2023-01-04,2025-02-10,504,17.1823,8.2508
2023-01-05,2025-02-11,504,16.9357,8.1368
2023-01-06,2025-02-12,504,17.1751,8.2474
2023-01-09,2025-02-13,504,16.6536,8.0063
2023-01-10,2025-02-14,504,17.0776,8.2024
2023-01-11,2025-02-17,504,16.5876,7.9757
2023-01-12,2025-02-18,504,16.5562,7.9612
2023-01-13,2025-02-19,504,16.5962,7.9797
2023-01-16,2025-02-20,504,16.0769,7.739
2023-01-17,2025-02-21,504,16.0629,7.7325
2023-01-18,2025-02-24,504,16.1539,7.7747
2023-01-19,2025-02-25,504,15.5635,7.5005
2023-01-20,2025-02-26,504,15.099,7.2842
2023-01-30,2025-02-27,504,15.0058,7.2408
2023-01-31,2025-02-28,504,14.7101,7.1028
2023-02-01,2025-03-03,504,14.33,6.9252
2023-02-02,2025-03-04,504,14.3295,6.925
2023-02-03,2025-03-05,504,15.3453,7.3989
2023-02-06,2025-03-06,504,16.4345,7.9048
2023-02-07,2025-03-07,504,16.3447,7.8632
2023-02-08,2025-03-10,504,16.4205,7.8983
2023-02-09,2025-03-11,504,15.9551,7.6824
2023-02-10,2025-03-12,504,16.3053,7.845
2023-02-13,2025-03-13,504,16.0065,7.7063
2023-02-14,2025-03-14,504,17.1977,8.2579
2023-02-15,2025-03-17,504,17.382,8.343
2023-02-16,2025-03-18,504,17.8674,8.5667
2023-02-17,2025-03-19,504,18.6377,8.9209
2023-02-20,2025-03-20,504,17.6711,8.4763
2023-02-21,2025-03-21,504,17.1409,8.2317
2023-02-22,2025-03-24,504,17.4119,8.3568
2023-02-23,2025-03-25,504,17.4775,8.3871
2023-02-24,2025-03-26,504,17.6341,8.4592
2023-02-27,2025-03-27,504,17.9694,8.6137
2023-02-28,2025-03-28,504,18.2113,8.725
2023-03-01,2025-03-31,504,17.8627,8.5646
2023-03-02,2025-04-01,504,18.244,8.74
2023-03-03,2025-04-02,504,17.8623,8.5644
2023-03-06,2025-04-03,504,17.8273,8.5483
2023-03-07,2025-04-07,504,15.2006,7.3316
2023-03-08,2025-04-08,504,16.1696,7.782
2023-03-09,2025-04-09,504,16.929,8.1337
2023-03-10,2025-04-10,504,18.1247,8.6852
2023-03-13,2025-04-11,504,18.2604,8.7476
2023-03-14,2025-04-14,504,18.2855,8.7592
2023-03-15,2025-04-15,504,18.3085,8.7697
2023-03-16,2025-04-16,504,19.1558,9.1585
2023-03-17,2025-04-17,504,19.2126,9.1845
2023-03-20,2025-04-18,504,18.4813,8.8491
2023-03-21,2025-04-21,504,19.1673,9.1638
2023-03-22,2025-04-22,504,20.681,9.8549
2023-03-23,2025-04-23,504,18.1474,8.6956
2023-03-24,2025-04-24,504,18.3777,8.8015
2023-03-27,2025-04-25,504,18.4574,8.8381
2023-03-28,2025-04-28,504,18.3292,8.7792
2023-03-29,2025-04-29,504,18.3459,8.7869
2023-03-30,2025-04-30,504,17.8131,8.5418
2023-03-31,2025-05-06,504,18.4821,8.8495
2023-04-03,2025-05-07,504,19.2119,9.1842
2023-04-04,2025-05-08,504,18.3488,8.7882
2023-04-06,2025-05-09,504,17.7594,8.517
2023-04-07,2025-05-12,504,17.2079,8.2626
2023-04-10,2025-05-13,504,17.4853,8.3906
2023-04-11,2025-05-14,504,17.4447,8.3719
2023-04-12,2025-05-15,504,15.9554,7.6826
2023-04-13,2025-05-16,504,16.5173,7.9432
2023-04-14,2025-05-19,504,16.3154,7.8496
2023-04-17,2025-05-20,504,16.4149,7.8957
2023-04-18,2025-05-21,504,17.6693,8.4755
2023-04-19,2025-05-22,504,17.9492,8.6044
2023-04-20,2025-05-23,504,17.7466,8.5111
2023-04-21,2025-05-26,504,18.0999,8.6738
2023-04-24,2025-05-27,504,18.1078,8.6774
2023-04-25,2025-05-28,504,17.9617,8.6102
2023-04-26,2025-05-29,504,17.699,8.4892
2023-04-27,2025-05-30,504,17.6396,8.4618
2023-04-28,2025-06-03,504,18.2017,8.7206
2023-05-04,2025-06-04,504,17.4847,8.3904
2023-05-05,2025-06-05,504,17.5037,8.3991
2023-05-08,2025-06-06,504,17.561,8.4256
2023-05-09,2025-06-09,504,17.4271,8.3638
2023-05-10,2025-06-10,504,17.3714,8.3381
2023-05-11,2025-06-11,504,17.736,8.5062
2023-05-12,2025-06-12,504,18.6256,8.9154
2023-05-15,2025-06-13,504,18.2949,8.7635
2023-05-16,2025-06-16,504,18.488,8.8522
2023-05-17,2025-06-17,504,18.4057,8.8144
2023-05-18,2025-06-18,504,18.5401,8.8761
2023-05-19,2025-06-19,504,18.3253,8.7774
2023-05-22,2025-06-20,504,17.9369,8.5987
2023-05-23,2025-06-23,504,18.6402,8.9221
2023-05-24,2025-06-24,504,18.7596,8.9769
2023-05-25,2025-06-25,504,19.4573,9.2965
2023-05-26,2025-06-26,504,19.5912,9.3578
2023-05-29,2025-06-27,504,19.1235,9.1437
2023-05-30,2025-06-30,504,19.3305,9.2385
2023-05-31,2025-07-01,504,19.5781,9.3518
2023-06-01,2025-07-02,504,19.515,9.3229
2023-06-02,2025-07-03,504,19.4517,9.294
2023-06-05,2025-07-04,504,19.8512,9.4766
2023-06-06,2025-07-07,504,19.503,9.3174
2023-06-07,2025-07-08,504,20.0388,9.5622
2023-06-08,2025-07-09,504,19.5438,9.3361
2023-06-09,2025-07-10,504,19.5746,9.3502
2023-06-12,2025-07-11,504,19.556,9.3417
2023-06-13,2025-07-14,504,19.6977,9.4064
2023-06-14,2025-07-15,504,19.8676,9.4841
2023-06-15,2025-07-16,504,19.4748,9.3045
2023-06-16,2025-07-17,504,19.1663,9.1633
2023-06-19,2025-07-18,504,19.5328,9.3311
2023-06-20,2025-07-21,504,19.942,9.518
2023-06-21,2025-07-22,504,20.8694,9.9406
2023-06-26,2025-07-23,504,21.6614,10.3002
2023-06-27,2025-07-24,504,21.0198,10.009
2023-06-28,2025-07-25,504,20.9568,9.9804
2023-06-29,2025-07-28,504,21.0107,10.0049
2023-06-30,2025-07-29,504,20.7575,9.8897
2023-07-03,2025-07-30,504,20.4419,9.746
2023-07-04,2025-07-31,504,19.6623,9.3903
2023-07-05,2025-08-01,504,19.6793,9.3981
2023-07-06,2025-08-04,504,20.3756,9.7158
2023-07-07,2025-08-05,504,20.8422,9.9283
2023-07-10,2025-08-06,504,20.7465,9.8847
2023-07-11,2025-08-07,504,20.6312,9.8322
2023-07-12,2025-08-08,504,20.8678,9.9399
2023-07-13,2025-08-11,504,19.9538,9.5234
2023-07-14,2025-08-12,504,20.1178,9.5983
2023-07-17,2025-08-13,504,20.5521,9.7962
2023-07-18,2025-08-14,504,20.5419,9.7916
2023-07-19,2025-08-15,504,20.2679,9.6667
2023-07-20,2025-08-18,504,20.8449,9.9295
2023-07-21,2025-08-19,504,20.811,9.9141
2023-07-24,2025-08-20,504,21.1892,10.086
2023-07-25,2025-08-21,504,20.8166,9.9166
2023-07-26,2025-08-22,504,21.3163,10.1437
2023-07-27,2025-08-25,504,22.1863,10.5379
2023-07-28,2025-08-26,504,21.789,10.3581
2023-07-31,2025-08-27,504,21.1892,10.086
2023-08-01,2025-08-28,504,21.8334,10.3782
2023-08-02,2025-08-29,504,22.3689,10.6205
2023-08-03,2025-09-01,504,23.1583,10.9767
2023-08-04,2025-09-02,504,23.0247,10.9165
2023-08-07,2025-09-03,504,23.372,11.073
2023-08-08,2025-09-04,504,22.6723,10.7575
2023-08-09,2025-09-05,504,23.5774,11.1654
2023-08-10,2025-09-08,504,24.0191,11.3638
2023-08-11,2025-09-09,504,24.7866,11.7079
2023-08-14,2025-09-10,504,24.9945,11.801
2023-08-15,2025-09-11,504,25.6859,12.1097
2023-08-16,2025-09-12,504,25.7606,12.143
2023-08-17,2025-09-15,504,25.6496,12.0935
2023-08-18,2025-09-16,504,26.5176,12.48
2023-08-21,2025-09-17,504,26.6795,12.552
2023-08-22,2025-09-18,504,25.6296,12.0846
2023-08-23,2025-09-19,504,26.3149,12.3899
2023-08-24,2025-09-22,504,26.8031,12.6069
2023-08-25,2025-09-23,504,27.4002,12.8717
2023-08-28,2025-09-24,504,27.593,12.9571
2023-08-29,2025-09-25,504,27.1626,12.7664
2023-08-30,2025-09-26,504,26.8176,12.6133
2023-08-31,2025-09-29,504,27.8412,13.0669
2023-09-01,2025-09-30,504,28.1868,13.2196
2023-09-04,2025-10-09,504,29.855,13.9539
2023-09-05,2025-10-10,504,28.7961,13.4884
2023-09-06,2025-10-13,504,29.8827,13.9661
2023-09-07,2025-10-14,504,30.4067,14.1957
2023-09-08,2025-10-15,504,31.7786,14.7949
2023-09-11,2025-10-16,504,31.9341,14.8626
2023-09-12,2025-10-17,504,32.6746,15.1845
2023-09-13,2025-10-20,504,31.6829,14.7532
2023-09-14,2025-10-21,504,32.935,15.2974
2023-09-15,2025-10-22,504,31.3737,14.6184
2023-09-18,2025-10-23,504,31.0443,14.4746
2023-09-19,2025-10-24,504,31.1333,14.5134
2023-09-20,2025-10-27,504,31.3679,14.6158
2023-09-21,2025-10-28,504,30.0635,14.0454
2023-09-22,2025-10-29,504,30.3757,14.1822
2023-09-25,2025-10-30,504,30.2781,14.1394
2023-09-26,2025-10-31,504,30.4397,14.2102
2023-09-27,2025-11-03,504,30.7673,14.3536
2023-09-28,2025-11-04,504,30.843,14.3866
2023-10-09,2025-11-05,504,31.1548,14.5228
2023-10-10,2025-11-06,504,32.4436,15.0842
2023-10-11,2025-11-07,504,32.4159,15.0721
2023-10-12,2025-11-10,504,32.6443,15.1713
2023-10-13,2025-11-11,504,33.1233,15.3791
2023-10-16,2025-11-12,504,32.7678,15.2249
2023-10-17,2025-11-13,504,33.5874,15.58
2023-10-18,2025-11-14,504,32.5988,15.1515
2023-10-19,2025-11-17,504,31.7624,14.7878
2023-10-20,2025-11-18,504,30.8795,14.4026
2023-10-23,2025-11-19,504,32.2241,14.9887
2023-10-24,2025-11-20,504,31.7921,14.8007
2023-10-25,2025-11-21,504,30.6548,14.3043
2023-10-26,2025-11-24,504,30.4836,14.2294
2023-10-27,2025-11-25,504,31.0569,14.4801
2023-10-30,2025-11-26,504,30.998,14.4544
2023-10-31,2025-11-27,504,31.0411,14.4732
2023-11-01,2025-11-28,504,31.556,14.6979
2023-11-02,2025-12-01,504,32.3721,15.0531
2023-11-03,2025-12-02,504,31.7675,14.79
2023-11-06,2025-12-03,504,31.2612,14.5693
2023-11-07,2025-12-04,504,31.4785,14.6641
2023-11-08,2025-12-05,504,32.3202,15.0305
2023-11-09,2025-12-08,504,32.6879,15.1903
2023-11-10,2025-12-09,504,32.2484,14.9993
2023-11-13,2025-12-10,504,32.5771,15.1421
2023-11-14,2025-12-11,504,32.2164,14.9854
2023-11-15,2025-12-12,504,32.6625,15.1792
2023-11-16,2025-12-15,504,33.3878,15.4936
2023-11-17,2025-12-16,504,32.3934,15.0623
2023-11-20,2025-12-17,504,33.6865,15.6229
2023-11-21,2025-12-18,504,33.5546,15.5658
2023-11-22,2025-12-19,504,34.0329,15.7726
2023-11-23,2025-12-22,504,35.174,16.2644
2023-11-24,2025-12-23,504,35.8774,16.5665
2023-11-27,2025-12-24,504,35.9172,16.5835
2023-11-28,2025-12-25,504,35.6075,16.4506
2023-11-29,2025-12-26,504,35.9671,16.6049
2023-11-30,2025-12-29,504,35.438,16.3778
2023-12-01,2025-12-30,504,34.8997,16.1463
2023-12-04,2025-12-31,504,34.5422,15.9923
2023-12-05,2026-01-05,504,36.6452,16.8953
2023-12-06,2026-01-06,504,37.5339,17.2749
2023-12-07,2026-01-07,504,37.2502,17.1538
2023-12-08,2026-01-08,504,36.8246,16.9721
2023-12-11,2026-01-09,504,37.3358,17.1903
2023-12-12,2026-01-12,504,38.2856,17.5949
2023-12-13,2026-01-13,504,38.744,17.7896
2023-12-14,2026-01-14,504,38.7029,17.7722
2023-12-15,2026-01-15,504,38.7529,17.7934
2023-12-18,2026-01-16,504,38.6791,17.7621
2023-12-19,2026-01-19,504,39.135,17.9555
2023-12-20,2026-01-20,504,39.7135,18.2005
2023-12-21,2026-01-21,504,40.4672,18.5188
2023-12-22,2026-01-22,504,40.0597,18.3468
2023-12-25,2026-01-23,504,40.6472,18.5948
2023-12-26,2026-01-26,504,41.8096,19.0838
2023-12-27,2026-01-27,504,41.7579,19.0621
2023-12-28,2026-01-28,504,42.2203,19.2561
2023-12-29,2026-01-29,504,44.5558,20.2314
2024-01-02,2026-01-30,504,41.6182,19.0035
2024-01-03,2026-02-02,504,35.8496,16.5545
2024-01-04,2026-02-03,504,39.7047,18.1967
2024-01-05,2026-02-04,504,41.7318,19.0512
2024-01-08,2026-02-05,504,40.8333,18.6732
2024-01-09,2026-02-06,504,40.0951,18.3618
2024-01-10,2026-02-09,504,42.1354,19.2205
2024-01-11,2026-02-10,504,41.7781,19.0706
2024-01-12,2026-02-11,504,42.0914,19.2021
2024-01-15,2026-02-12,504,41.7872,19.0744
2024-01-16,2026-02-13,504,40.6102,18.5792
2024-01-17,2026-02-24,504,43.4443,19.7682
2024-01-18,2026-02-25,504,43.2393,19.6826
2024-01-19,2026-02-26,504,42.9309,19.5537
2024-01-22,2026-02-27,504,43.5651,19.8186
2024-01-23,2026-03-02,504,45.2005,20.4992
2024-01-24,2026-03-03,504,43.6729,19.8636
2024-01-25,2026-03-04,504,41.7392,19.0543
2024-01-26,2026-03-05,504,41.9715,19.1518
2024-01-29,2026-03-06,504,41.8977,19.1208
2024-01-30,2026-03-09,504,42.1087,19.2093
2024-01-31,2026-03-10,504,43.1798,19.6578
2024-02-01,2026-03-11,504,43.3341,19.7222
2024-02-02,2026-03-12,504,43.3534,19.7303
2024-02-05,2026-03-13,504,42.7464,19.4765
2024-02-06,2026-03-16,504,41.0875,18.7802
2024-02-07,2026-03-17,504,40.2994,18.448
2024-02-08,2026-03-18,504,40.0181,18.3292
2024-02-19,2026-03-19,504,37.5795,17.2943
2024-02-20,2026-03-20,504,36.6508,16.8977
2024-02-21,2026-03-23,504,31.797,14.8029
2024-02-22,2026-03-24,504,33.2062,15.415
2024-02-23,2026-03-25,504,34.9496,16.1678
2024-02-26,2026-03-26,504,34.0448,15.7777
2024-02-27,2026-03-27,504,33.9358,15.7306
2024-02-28,2026-03-30,504,34.8331,16.1176
2024-02-29,2026-03-31,504,34.0353,15.7736
2024-03-01,2026-04-01,504,35.3215,16.3278
2024-03-04,2026-04-02,504,33.4706,15.5295
2024-03-05,2026-04-03,504,32.7061,15.1981
2024-03-06,2026-04-07,504,32.6222,15.1617
2024-03-07,2026-04-08,504,34.4453,15.9505
2024-03-08,2026-04-09,504,33.3884,15.4939
2024-03-11,2026-04-10,504,33.5643,15.57
2024-03-12,2026-04-13,504,33.5149,15.5487
2024-03-13,2026-04-14,504,34.5291,15.9867
2024-03-14,2026-04-15,504,34.6299,16.0301
2024-03-15,2026-04-16,504,34.8939,16.1438
2024-03-18,2026-04-17,504,34.6021,16.0181
2024-03-19,2026-04-20,504,34.984,16.1826
2024-03-20,2026-04-21,504,34.8428,16.1218
2024-03-21,2026-04-22,504,34.3512,15.91
2024-03-22,2026-04-23,504,34.4608,15.9572
2024-03-25,2026-04-24,504,34.1924,15.8414
2024-03-26,2026-04-27,504,34.2153,15.8513
2024-03-27,2026-04-28,504,33.7848,15.6654
2024-03-28,2026-04-29,504,33.3944,15.4965
2024-03-29,2026-04-30,504,32.5614,15.1353
2024-04-01,2026-05-06,504,32.7266,15.207
2024-04-02,2026-05-07,504,33.3809,15.4906
2024-04-03,2026-05-08,504,32.7514,15.2178
2024-04-08,2026-05-11,504,32.3772,15.0553
2024-04-09,2026-05-12,504,32.3456,15.0415
2024-04-10,2026-05-13,504,32.8681,15.2684
2024-04-11,2026-05-14,504,32.4819,15.1008
2024-04-12,2026-05-15,504,30.6283,14.2927
2024-04-15,2026-05-18,504,30.1538,14.085
2024-04-16,2026-05-19,504,30.4546,14.2167
2024-04-17,2026-05-20,504,29.8863,13.9677
2024-04-18,2026-05-21,504,29.5143,13.8043
