entry_date,end_date,holding_days,total_return_pct,annualized_return_pct
2009-01-05,2009-07-13,126,17.9231,39.0585
2009-01-06,2009-07-14,126,18.7039,40.9063
2009-01-07,2009-07-15,126,19.2277,42.1523
2009-01-08,2009-07-16,126,20.3097,44.7441
2009-01-09,2009-07-17,126,19.6142,43.0755
2009-01-12,2009-07-20,126,20.3908,44.9394
2009-01-13,2009-07-21,126,21.5068,47.6391
2009-01-14,2009-07-22,126,20.6222,45.4971
2009-01-15,2009-07-23,126,21.3049,47.1488
2009-01-16,2009-07-24,126,20.1925,44.4625
2009-01-19,2009-07-27,126,20.5104,45.2275
2009-01-20,2009-07-28,126,21.0352,46.4953
2009-01-21,2009-07-29,126,18.1893,39.6871
2009-01-22,2009-07-30,126,18.3317,40.0239
2009-01-23,2009-07-31,126,19.5296,42.8733
2009-02-02,2009-08-03,126,18.8599,41.2768
2009-02-03,2009-08-04,126,18.2185,39.7562
2009-02-04,2009-08-05,126,17.3666,37.7493
2009-02-05,2009-08-06,126,16.8649,36.5741
2009-02-06,2009-08-07,126,14.5471,31.2103
2009-02-09,2009-08-10,126,13.9932,29.9445
2009-02-10,2009-08-11,126,13.3489,28.4797
2009-02-11,2009-08-12,126,11.1099,23.4542
2009-02-12,2009-08-13,126,11.3805,24.0562
2009-02-13,2009-08-14,126,8.064,16.7782
2009-02-16,2009-08-17,126,4.9645,10.1754
2009-02-17,2009-08-18,126,6.0531,12.4726
2009-02-18,2009-08-19,126,7.0142,14.5203
2009-02-19,2009-08-20,126,7.8502,16.3166
2009-02-20,2009-08-21,126,7.2771,15.0837
2009-02-23,2009-08-24,126,5.575,11.4608
2009-02-24,2009-08-25,126,6.8022,14.067
2009-02-25,2009-08-26,126,8.507,17.7377
2009-02-26,2009-08-27,126,10.4664,22.0283
2009-02-27,2009-08-28,126,10.9511,23.1016
2009-03-02,2009-08-31,126,8.4169,17.5422
2009-03-03,2009-09-01,126,9.2844,19.4308
2009-03-04,2009-09-02,126,8.7137,18.1867
2009-03-05,2009-09-03,126,10.1574,21.3466
2009-03-06,2009-09-04,126,10.1133,21.2495
2009-03-09,2009-09-07,126,11.6834,24.7319
2009-03-10,2009-09-08,126,12.8044,27.2484
2009-03-11,2009-09-09,126,13.3366,28.4518
2009-03-12,2009-09-10,126,12.5703,26.7207
2009-03-13,2009-09-11,126,13.1392,28.0048
2009-03-16,2009-09-14,126,13.0465,27.7951
2009-03-17,2009-09-15,126,12.8318,27.31
2009-03-18,2009-09-16,126,13.162,28.0565
2009-03-19,2009-09-17,126,11.4139,24.1307
2009-03-20,2009-09-18,126,10.6892,22.521
2009-03-23,2009-09-21,126,8.7836,18.3387
2009-03-24,2009-09-22,126,8.6154,17.973
2009-03-25,2009-09-23,126,10.5945,22.3113
2009-03-26,2009-09-24,126,7.4524,15.4603
2009-03-27,2009-09-25,126,6.5338,13.4945
2009-03-30,2009-09-28,126,5.7903,11.9158
2009-03-31,2009-09-29,126,5.6575,11.635
2009-04-01,2009-09-30,126,5.6954,11.7151
2009-04-02,2009-10-09,126,7.992,16.6227
2009-04-03,2009-10-12,126,8.9454,18.6909
2009-04-07,2009-10-13,126,10.2257,21.4972
2009-04-08,2009-10-14,126,11.3342,23.953
2009-04-09,2009-10-15,126,11.0439,23.3076
2009-04-10,2009-10-16,126,9.8698,20.7138
2009-04-13,2009-10-19,126,9.5866,20.0923
2009-04-14,2009-10-20,126,9.6361,20.2007
2009-04-15,2009-10-21,126,9.3193,19.5071
2009-04-16,2009-10-22,126,8.9211,18.638
2009-04-17,2009-10-23,126,10.7079,22.5623
2009-04-20,2009-10-26,126,9.9879,20.9733
2009-04-21,2009-10-27,126,8.0704,16.7921
2009-04-22,2009-10-28,126,9.7936,20.5463
2009-04-23,2009-10-29,126,8.7161,18.1919
2009-04-24,2009-10-30,126,8.8852,18.56
2009-04-27,2009-11-02,126,11.0034,23.2175
2009-04-28,2009-11-03,126,12.397,26.3308
2009-04-29,2009-11-04,126,12.5048,26.5732
2009-04-30,2009-11-05,126,12.2596,26.0222
2009-05-04,2009-11-06,126,11.5437,24.4199
2009-05-05,2009-11-09,126,11.635,24.6236
2009-05-06,2009-11-10,126,11.1316,23.5023
2009-05-07,2009-11-11,126,11.1588,23.5628
2009-05-08,2009-11-12,126,11.8669,25.1421
2009-05-11,2009-11-13,126,12.7141,27.0447
2009-05-12,2009-11-16,126,13.1823,28.1024
2009-05-13,2009-11-17,126,12.6643,26.9325
2009-05-14,2009-11-18,126,13.0322,27.7628
2009-05-15,2009-11-19,126,13.6827,29.2376
2009-05-18,2009-11-20,126,13.4622,28.7368
2009-05-19,2009-11-23,126,14.6367,31.4158
2009-05-20,2009-11-24,126,13.2987,28.3659
2009-05-21,2009-11-25,126,15.1917,32.6914
2009-05-22,2009-11-26,126,13.9607,29.8703
2009-05-25,2009-11-27,126,12.4089,26.3577
2009-05-26,2009-11-30,126,13.8225,29.5555
2009-05-27,2009-12-01,126,14.5158,31.1387
2009-06-01,2009-12-02,126,13.8727,29.67
2009-06-02,2009-12-03,126,14.5767,31.2782
2009-06-03,2009-12-04,126,12.707,27.0288
2009-06-04,2009-12-07,126,12.08,25.6192
2009-06-05,2009-12-08,126,11.8716,25.1526
2009-06-08,2009-12-09,126,11.5689,24.4763
2009-06-09,2009-12-10,126,11.5659,24.4696
2009-06-10,2009-12-11,126,11.0594,23.3418
2009-06-11,2009-12-14,126,11.7538,24.8891
2009-06-12,2009-12-15,126,12.4254,26.3947
2009-06-15,2009-12-16,126,12.9534,27.5847
2009-06-16,2009-12-17,126,11.543,24.4185
2009-06-17,2009-12-18,126,9.6006,20.123
2009-06-18,2009-12-21,126,9.9378,20.8632
2009-06-19,2009-12-22,126,8.6768,18.1065
2009-06-22,2009-12-23,126,9.0919,19.0104
2009-06-23,2009-12-24,126,10.9592,23.1193
2009-06-24,2009-12-25,126,10.3258,21.7179
2009-06-25,2009-12-28,126,10.884,22.9526
2009-06-26,2009-12-29,126,10.7119,22.5712
2009-06-29,2009-12-30,126,10.5476,22.2077
2009-06-30,2010-01-04,126,10.9849,23.1765
2009-07-01,2010-01-05,126,11.9535,25.336
2009-07-02,2010-01-06,126,11.1733,23.5951
2009-07-03,2010-01-07,126,10.7317,22.6151
2009-07-06,2010-01-08,126,10.2611,21.5752
2009-07-07,2010-01-11,126,11.3386,23.9629
2009-07-08,2010-01-12,126,12.227,25.9491
2009-07-09,2010-01-13,126,11.03,23.2765
2009-07-10,2010-01-14,126,11.9857,25.4079
2009-07-13,2010-01-15,126,11.9548,25.3387
2009-07-14,2010-01-18,126,11.5444,24.4216
2009-07-15,2010-01-19,126,10.6792,22.4989
2009-07-16,2010-01-20,126,9.8508,20.6719
2009-07-17,2010-01-21,126,9.2531,19.3623
2009-07-20,2010-01-22,126,7.0425,14.581
2009-07-21,2010-01-25,126,7.5143,15.5933
2009-07-22,2010-01-26,126,6.1807,12.7435
2009-07-23,2010-01-27,126,5.9944,12.3482
2009-07-24,2010-01-28,126,6.2168,12.8202
2009-07-27,2010-01-29,126,5.2541,10.7842
2009-07-28,2010-02-01,126,4.7792,9.7868
2009-07-29,2010-02-02,126,7.1496,14.8104
2009-07-30,2010-02-03,126,7.3078,15.1497
2009-07-31,2010-02-04,126,6.1244,12.6238
2009-08-03,2010-02-05,126,3.0522,6.1976
2009-08-04,2010-02-08,126,3.0742,6.243
2009-08-05,2010-02-09,126,3.4987,7.1197
2009-08-06,2010-02-10,126,4.488,9.1774
2009-08-07,2010-02-11,126,5.381,11.0515
2009-08-10,2010-02-12,126,5.843,12.0273
2009-08-11,2010-02-22,126,6.5719,13.5756
2009-08-12,2010-02-23,126,7.8496,16.3153
2009-08-13,2010-02-24,126,7.8189,16.2492
2009-08-14,2010-02-25,126,8.962,18.7271
2009-08-17,2010-02-26,126,11.8368,25.0748
2009-08-18,2010-03-01,126,11.8553,25.1161
2009-08-19,2010-03-02,126,13.6282,29.1136
2009-08-20,2010-03-03,126,13.0058,27.7031
2009-08-21,2010-03-04,126,11.4443,24.1984
2009-08-24,2010-03-05,126,10.7613,22.6806
2009-08-25,2010-03-08,126,12.1686,25.8179
2009-08-26,2010-03-09,126,10.6458,22.425
2009-08-27,2010-03-10,126,10.4142,21.9131
2009-08-28,2010-03-11,126,10.7149,22.5778
2009-08-31,2010-03-12,126,12.5544,26.6848
2009-09-01,2010-03-15,126,11.8582,25.1226
2009-09-02,2010-03-16,126,12.0702,25.5973
2009-09-03,2010-03-17,126,10.8602,22.8999
2009-09-04,2010-03-18,126,10.0346,21.0762
2009-09-07,2010-03-19,126,9.7157,20.3753
2009-09-08,2010-03-22,126,8.4632,17.6426
2009-09-09,2010-03-23,126,8.1753,17.0189
2009-09-10,2010-03-24,126,8.58,17.8962
2009-09-11,2010-03-25,126,7.6605,15.9079
2009-09-14,2010-03-26,126,7.9003,16.4247
2009-09-15,2010-03-29,126,8.2942,17.2763
2009-09-16,2010-03-30,126,7.7829,16.1714
2009-09-17,2010-03-31,126,6.6125,13.6623
2009-09-18,2010-04-01,126,8.5504,17.8318
2009-09-21,2010-04-02,126,8.6992,18.1552
2009-09-22,2010-04-06,126,9.3522,19.579
2009-09-23,2010-04-07,126,10.3391,21.7472
2009-09-24,2010-04-08,126,10.8224,22.8161
2009-09-25,2010-04-09,126,12.2342,25.9652
2009-09-28,2010-04-12,126,13.838,29.591
2009-09-29,2010-04-13,126,14.0885,30.1618
2009-09-30,2010-04-14,126,13.9665,29.8837
2009-10-09,2010-04-15,126,10.6697,22.4779
2009-10-12,2010-04-16,126,10.367,21.8087
2009-10-13,2010-04-19,126,8.0983,16.8525
2009-10-14,2010-04-20,126,8.3738,17.4488
2009-10-15,2010-04-21,126,9.4335,19.757
2009-10-16,2010-04-22,126,9.7367,20.4215
2009-10-19,2010-04-23,126,8.6211,17.9854
2009-10-20,2010-04-26,126,8.2421,17.1634
2009-10-21,2010-04-27,126,7.6559,15.898
2009-10-22,2010-04-28,126,8.062,16.7739
2009-10-23,2010-04-29,126,7.0031,14.4967
2009-10-26,2010-04-30,126,6.6787,13.8034
2009-10-27,2010-05-04,126,7.7277,16.0525
2009-10-28,2010-05-05,126,7.8909,16.4044
2009-10-29,2010-05-06,126,7.7409,16.0809
2009-10-30,2010-05-07,126,6.9107,14.299
2009-11-02,2010-05-10,126,5.4031,11.0981
2009-11-03,2010-05-11,126,4.2951,8.7747
2009-11-04,2010-05-12,126,3.6889,7.5139
2009-11-05,2010-05-13,126,4.2137,8.605
2009-11-06,2010-05-14,126,4.26,8.7014
2009-11-09,2010-05-17,126,2.5096,5.0822
2009-11-10,2010-05-18,126,2.452,4.9641
2009-11-11,2010-05-19,126,1.9956,4.031
2009-11-12,2010-05-20,126,0.4284,0.8586
2009-11-13,2010-05-21,126,0.6443,1.2928
2009-11-16,2010-05-24,126,0.9011,1.8103
2009-11-17,2010-05-25,126,0.5805,1.1643
2009-11-18,2010-05-26,126,0.7824,1.5709
2009-11-19,2010-05-27,126,0.7555,1.5167
2009-11-20,2010-05-28,126,0.9683,1.946
2009-11-23,2010-05-31,126,-0.5807,-1.158
2009-11-24,2010-06-01,126,-0.0134,-0.0267
2009-11-25,2010-06-02,126,-1.1802,-2.3465
2009-11-26,2010-06-03,126,-0.6339,-1.2638
2009-11-27,2010-06-04,126,0.2496,0.4997
2009-11-30,2010-06-07,126,-0.6024,-1.2012
2009-12-01,2010-06-08,126,-0.5385,-1.0742
2009-12-02,2010-06-09,126,-1.0302,-2.0498
2009-12-03,2010-06-10,126,-1.3141,-2.611
2009-12-04,2010-06-11,126,-0.9952,-1.9806
2009-12-07,2010-06-17,126,-0.2132,-0.4259
2009-12-08,2010-06-18,126,-0.7088,-1.4126
2009-12-09,2010-06-21,126,1.2626,2.5412
2009-12-10,2010-06-22,126,0.5084,1.0194
2009-12-11,2010-06-23,126,0.4681,0.9384
2009-12-14,2010-06-24,126,0.2505,0.5015
2009-12-15,2010-06-25,126,0.3346,0.6702
2009-12-16,2010-06-28,126,-0.134,-0.2677
2009-12-17,2010-06-29,126,-0.6318,-1.2595
2009-12-18,2010-06-30,126,0.3251,0.6513
2009-12-21,2010-07-01,126,-0.5347,-1.0666
2009-12-22,2010-07-02,126,-0.4333,-0.8647
2009-12-23,2010-07-05,126,-0.6237,-1.2435
2009-12-24,2010-07-06,126,-1.3933,-2.7672
2009-12-25,2010-07-07,126,-1.7905,-3.5489
2009-12-28,2010-07-08,126,-1.9627,-3.8868
2009-12-29,2010-07-09,126,-1.4744,-2.927
2009-12-30,2010-07-12,126,-0.9647,-1.92
2010-01-04,2010-07-13,126,-1.8164,-3.5999
2010-01-05,2010-07-14,126,-1.9584,-3.8785
2010-01-06,2010-07-15,126,-2.0138,-3.9871
2010-01-07,2010-07-16,126,-1.6673,-3.3069
2010-01-08,2010-07-19,126,-1.4351,-2.8497
2010-01-11,2010-07-20,126,-1.8291,-3.6247
2010-01-12,2010-07-21,126,-2.2936,-4.5346
2010-01-13,2010-07-22,126,-1.3399,-2.6619
2010-01-14,2010-07-23,126,-1.8053,-3.578
2010-01-15,2010-07-26,126,-1.6374,-3.248
2010-01-18,2010-07-27,126,-1.9617,-3.885
2010-01-19,2010-07-28,126,-2.061,-4.0795
2010-01-20,2010-07-29,126,-1.3378,-2.6577
2010-01-21,2010-07-30,126,-1.0528,-2.0946
2010-01-22,2010-08-02,126,0.9337,1.8761
2010-01-25,2010-08-03,126,0.598,1.1996
2010-01-26,2010-08-04,126,1.8924,3.8207
2010-01-27,2010-08-05,126,2.152,4.3504
2010-01-28,2010-08-06,126,2.6711,5.4136
2010-01-29,2010-08-09,126,3.18,6.4611
2010-02-01,2010-08-10,126,2.2442,4.5387
2010-02-02,2010-08-11,126,2.2321,4.5141
2010-02-03,2010-08-12,126,1.4757,2.9731
2010-02-04,2010-08-13,126,2.439,4.9375
2010-02-05,2010-08-16,126,4.8181,9.8684
2010-02-08,2010-08-17,126,4.8386,9.9113
2010-02-09,2010-08-18,126,4.35,8.8893
2010-02-10,2010-08-19,126,4.0057,8.1718
2010-02-11,2010-08-20,126,3.2965,6.7017
2010-02-12,2010-08-23,126,2.9734,6.0353
2010-02-22,2010-08-24,126,2.346,4.7471
2010-02-23,2010-08-25,126,2.1914,4.4308
2010-02-24,2010-08-26,126,2.137,4.3197
2010-02-25,2010-08-27,126,2.3213,4.6964
2010-02-26,2010-08-30,126,2.6572,5.3851
2010-03-01,2010-08-31,126,2.3257,4.7055
2010-03-02,2010-09-01,126,2.5501,5.1653
2010-03-03,2010-09-02,126,2.1792,4.4059
2010-03-04,2010-09-03,126,3.0864,6.268
2010-03-05,2010-09-06,126,2.9269,5.9394
2010-03-08,2010-09-07,126,2.8358,5.7521
2010-03-09,2010-09-08,126,3.7325,7.6043
2010-03-10,2010-09-09,126,3.6778,7.4909
2010-03-11,2010-09-10,126,4.579,9.3676
2010-03-12,2010-09-13,126,5.1711,10.6097
2010-03-15,2010-09-14,126,5.76,11.8517
2010-03-16,2010-09-15,126,5.6027,11.5192
2010-03-17,2010-09-16,126,3.9556,8.0676
2010-03-18,2010-09-17,126,4.5168,9.2376
2010-03-19,2010-09-20,126,4.3822,8.9565
2010-03-22,2010-09-21,126,4.5262,9.2573
2010-03-23,2010-09-27,126,5.7254,11.7787
2010-03-24,2010-09-28,126,5.515,11.3342
2010-03-25,2010-09-29,126,5.8861,12.1186
2010-03-26,2010-09-30,126,5.8254,11.9901
2010-03-29,2010-10-08,126,6.008,12.3769
2010-03-30,2010-10-11,126,6.1919,12.7671
2010-03-31,2010-10-12,126,6.2868,12.9689
2010-04-01,2010-10-13,126,6.1907,12.7646
2010-04-02,2010-10-14,126,5.6671,11.6553
2010-04-06,2010-10-15,126,5.54,11.387
2010-04-07,2010-10-18,126,4.8935,10.0264
2010-04-08,2010-10-19,126,5.4915,11.2846
2010-04-09,2010-10-20,126,4.631,9.4765
2010-04-12,2010-10-21,126,4.3406,8.8696
2010-04-13,2010-10-22,126,4.2876,8.7591
2010-04-14,2010-10-25,126,5.2583,10.7931
2010-04-15,2010-10-26,126,5.3089,10.8996
2010-04-16,2010-10-27,126,4.968,10.1827
2010-04-19,2010-10-28,126,6.2933,12.9826
2010-04-20,2010-10-29,126,6.3414,13.085
2010-04-21,2010-11-01,126,6.5601,13.5506
2010-04-22,2010-11-02,126,6.1196,12.6137
2010-04-23,2010-11-03,126,5.9473,12.2484
2010-04-26,2010-11-04,126,6.2348,12.8583
2010-04-27,2010-11-05,126,7.9938,16.6266
2010-04-28,2010-11-08,126,8.157,16.9794
2010-04-29,2010-11-09,126,9.8192,20.6026
2010-04-30,2010-11-10,126,9.9674,20.9282
2010-05-04,2010-11-11,126,9.7536,20.4586
2010-05-05,2010-11-12,126,7.1345,14.778
2010-05-06,2010-11-15,126,8.2548,17.1909
2010-05-07,2010-11-16,126,7.5791,15.7326
2010-05-10,2010-11-17,126,6.3773,13.1612
2010-05-11,2010-11-18,126,7.6656,15.9187
2010-05-12,2010-11-19,126,8.5269,17.781
2010-05-13,2010-11-22,126,8.2631,17.2089
2010-05-14,2010-11-23,126,7.7294,16.0562
2010-05-17,2010-11-24,126,10.7102,22.5674
2010-05-18,2010-11-25,126,10.7081,22.5629
2010-05-19,2010-11-26,126,10.5491,22.2109
2010-05-20,2010-11-29,126,11.8995,25.2151
2010-05-21,2010-11-30,126,10.7892,22.7424
2010-05-24,2010-12-01,126,9.8801,20.7364
2010-05-25,2010-12-02,126,10.3249,21.7159
2010-05-26,2010-12-03,126,9.4814,19.8617
2010-05-27,2010-12-06,126,9.0301,18.8756
2010-05-28,2010-12-07,126,9.1961,19.2378
2010-05-31,2010-12-08,126,8.9306,18.6587
2010-06-01,2010-12-09,126,8.8909,18.5723
2010-06-02,2010-12-10,126,9.2691,19.3974
2010-06-03,2010-12-13,126,10.2304,21.5075
2010-06-04,2010-12-14,126,10.9193,23.031
2010-06-07,2010-12-15,126,10.1795,21.3953
2010-06-08,2010-12-16,126,9.1721,19.1854
2010-06-09,2010-12-17,126,8.4504,17.615
2010-06-10,2010-12-20,126,8.376,17.4536
2010-06-11,2010-12-21,126,9.03,18.8753
2010-06-17,2010-12-22,126,8.7637,18.2955
2010-06-18,2010-12-23,126,9.0921,19.0109
2010-06-21,2010-12-24,126,7.6041,15.7864
2010-06-22,2010-12-27,126,7.308,15.15
2010-06-23,2010-12-28,126,7.031,14.5563
2010-06-24,2010-12-29,126,7.9425,16.5159
2010-06-25,2010-12-30,126,8.2797,17.2449
2010-06-28,2011-01-04,126,9.4891,19.8787
2010-06-29,2011-01-05,126,10.4934,22.088
2010-06-30,2011-01-06,126,10.7835,22.7298
2010-07-01,2011-01-07,126,11.4294,24.1651
2010-07-02,2011-01-10,126,12.1539,25.785
2010-07-05,2011-01-11,126,12.3427,26.2088
2010-07-06,2011-01-12,126,11.9636,25.3585
2010-07-07,2011-01-13,126,12.0311,25.5096
2010-07-08,2011-01-14,126,11.1753,23.5995
2010-07-09,2011-01-17,126,8.8774,18.543
2010-07-12,2011-01-18,126,8.6895,18.1341
2010-07-13,2011-01-19,126,10.1236,21.2721
2010-07-14,2011-01-20,126,8.1974,17.0667
2010-07-15,2011-01-21,126,8.6721,18.0963
2010-07-16,2011-01-24,126,8.4543,17.6233
2010-07-19,2011-01-25,126,7.8394,16.2935
2010-07-20,2011-01-26,126,7.5484,15.6665
2010-07-21,2011-01-27,126,7.8033,16.2154
2010-07-22,2011-01-28,126,7.188,14.8926
2010-07-23,2011-01-31,126,7.4889,15.5386
2010-07-26,2011-02-01,126,7.2516,15.029
2010-07-27,2011-02-09,126,7.2704,15.0694
2010-07-28,2011-02-10,126,7.9953,16.6299
2010-07-29,2011-02-11,126,8.1991,17.0704
2010-07-30,2011-02-14,126,8.7831,18.3377
2010-08-02,2011-02-15,126,7.8106,16.2312
2010-08-03,2011-02-16,126,8.8418,18.4653
2010-08-04,2011-02-17,126,8.3353,17.3653
2010-08-05,2011-02-18,126,7.996,16.6313
2010-08-06,2011-02-21,126,7.9423,16.5154
2010-08-09,2011-02-22,126,6.6587,13.7609
2010-08-10,2011-02-23,126,8.1541,16.9731
2010-08-11,2011-02-24,126,8.1027,16.862
2010-08-12,2011-02-25,126,8.2138,17.1023
2010-08-13,2011-02-28,126,7.9663,16.5672
2010-08-16,2011-03-01,126,7.2356,14.9948
2010-08-17,2011-03-02,126,7.2379,14.9996
2010-08-18,2011-03-03,126,6.9625,14.4097
2010-08-19,2011-03-04,126,7.0839,14.6696
2010-08-20,2011-03-07,126,8.6583,18.0662
2010-08-23,2011-03-08,126,8.4578,17.631
2010-08-24,2011-03-09,126,8.3394,17.3743
2010-08-25,2011-03-10,126,8.394,17.4926
2010-08-26,2011-03-11,126,7.5554,15.6817
2010-08-27,2011-03-14,126,7.7396,16.0783
2010-08-30,2011-03-15,126,6.2104,12.8065
2010-08-31,2011-03-16,126,6.1726,12.7262
2010-09-01,2011-03-17,126,5.4521,11.2014
2010-09-02,2011-03-18,126,5.5755,11.4619
2010-09-03,2011-03-21,126,5.8006,11.9376
2010-09-06,2011-03-22,126,5.9393,12.2314
2010-09-07,2011-03-23,126,6.1376,12.652
2010-09-08,2011-03-24,126,5.707,11.7398
2010-09-09,2011-03-25,126,6.3349,13.071
2010-09-10,2011-03-28,126,5.5006,11.3037
2010-09-13,2011-03-29,126,4.8106,9.8525
2010-09-14,2011-03-30,126,4.8487,9.9326
2010-09-15,2011-03-31,126,4.3747,8.9407
2010-09-16,2011-04-01,126,5.3058,10.8932
2010-09-17,2011-04-06,126,5.511,11.3257
2010-09-20,2011-04-07,126,5.5439,11.3951
2010-09-21,2011-04-08,126,6.1865,12.7557
2010-09-27,2011-04-11,126,4.9511,10.1474
2010-09-28,2011-04-12,126,5.1322,10.5278
2010-09-29,2011-04-13,126,5.6571,11.6343
2010-09-30,2011-04-14,126,5.0029,10.2561
2010-10-08,2011-04-15,126,4.3452,8.8792
2010-10-11,2011-04-18,126,4.6221,9.4577
2010-10-12,2011-04-19,126,4.3294,8.8462
2010-10-13,2011-04-20,126,4.4346,9.066
2010-10-14,2011-04-21,126,4.9776,10.203
2010-10-15,2011-04-22,126,4.953,10.1514
2010-10-18,2011-04-25,126,5.2501,10.7758
2010-10-19,2011-04-26,126,3.7968,7.7378
2010-10-20,2011-04-27,126,3.935,8.0248
2010-10-21,2011-04-28,126,3.7043,7.5458
2010-10-22,2011-04-29,126,4.1815,8.5378
2010-10-25,2011-05-03,126,3.1752,6.4512
2010-10-26,2011-05-04,126,2.7497,5.5751
2010-10-27,2011-05-05,126,3.2092,6.5214
2010-10-28,2011-05-06,126,2.9497,5.9863
2010-10-29,2011-05-09,126,2.5209,5.1054
2010-11-01,2011-05-10,126,1.6593,3.3461
2010-11-02,2011-05-11,126,2.3792,4.8151
2010-11-03,2011-05-12,126,2.1331,4.3117
2010-11-04,2011-05-13,126,2.0615,4.1655
2010-11-05,2011-05-16,126,0.7231,1.4515
2010-11-08,2011-05-17,126,0.3265,0.6541
2010-11-09,2011-05-18,126,-0.4883,-0.9743
2010-11-10,2011-05-19,126,-0.2001,-0.3998
2010-11-11,2011-05-20,126,0.0489,0.0979
2010-11-12,2011-05-23,126,1.1483,2.3099
2010-11-15,2011-05-24,126,1.1706,2.355
2010-11-16,2011-05-25,126,1.6297,3.2859
2010-11-17,2011-05-26,126,3.2197,6.5431
2010-11-18,2011-05-27,126,2.0249,4.0908
2010-11-19,2011-05-30,126,1.2279,2.4709
2010-11-22,2011-05-31,126,1.1076,2.2274
2010-11-23,2011-06-01,126,1.1739,2.3615
2010-11-24,2011-06-02,126,-0.053,-0.1061
2010-11-25,2011-06-03,126,0.3236,0.6482
2010-11-26,2011-06-07,126,0.6799,1.3645
2010-11-29,2011-06-08,126,0.4266,0.855
2010-11-30,2011-06-09,126,0.3482,0.6976
2010-12-01,2011-06-10,126,-0.1073,-0.2145
2010-12-02,2011-06-13,126,-0.5023,-1.0022
2010-12-03,2011-06-14,126,0.0878,0.1756
2010-12-06,2011-06-15,126,-0.3145,-0.628
2010-12-07,2011-06-16,126,-1.1935,-2.3727
2010-12-08,2011-06-17,126,-0.5993,-1.1949
2010-12-09,2011-06-20,126,0.1348,0.2698
2010-12-10,2011-06-21,126,-0.0031,-0.0062
2010-12-13,2011-06-22,126,-0.8143,-1.622
2010-12-14,2011-06-23,126,-0.8883,-1.7686
2010-12-15,2011-06-24,126,-0.2719,-0.543
2010-12-16,2011-06-27,126,-0.507,-1.0114
2010-12-17,2011-06-28,126,-0.347,-0.6929
2010-12-20,2011-06-29,126,-0.3105,-0.62
2010-12-21,2011-06-30,126,-0.2651,-0.5295
2010-12-22,2011-07-01,126,-0.0947,-0.1892
2010-12-23,2011-07-04,126,0.7721,1.5502
2010-12-24,2011-07-05,126,1.1018,2.2158
2010-12-27,2011-07-06,126,2.2317,4.5132
2010-12-28,2011-07-07,126,2.5742,5.2146
2010-12-29,2011-07-08,126,1.8976,3.8312
2010-12-30,2011-07-11,126,2.1038,4.252
2011-01-04,2011-07-12,126,0.9832,1.976
2011-01-05,2011-07-13,126,2.5864,5.2396
2011-01-06,2011-07-14,126,2.975,6.0384
2011-01-07,2011-07-15,126,2.953,5.9932
2011-01-10,2011-07-18,126,3.5744,7.2766
2011-01-11,2011-07-19,126,3.2981,6.7049
2011-01-12,2011-07-20,126,2.7348,5.5444
2011-01-13,2011-07-21,126,2.8456,5.7722
2011-01-14,2011-07-22,126,3.1414,6.3815
2011-01-17,2011-07-25,126,4.3169,8.8201
2011-01-18,2011-07-26,126,4.1372,8.4456
2011-01-19,2011-07-27,126,3.8341,7.8152
2011-01-20,2011-07-28,126,4.4721,9.1442
2011-01-21,2011-07-29,126,4.4818,9.1645
2011-01-24,2011-08-01,126,4.5585,9.3248
2011-01-25,2011-08-02,126,4.9448,10.1341
2011-01-26,2011-08-03,126,5.5004,11.3032
2011-01-27,2011-08-04,126,5.1195,10.5011
2011-01-28,2011-08-05,126,5.0527,10.3607
2011-01-31,2011-08-08,126,4.4081,9.0106
2011-02-01,2011-08-09,126,4.9267,10.0961
2011-02-09,2011-08-10,126,4.9294,10.1017
2011-02-10,2011-08-11,126,5.326,10.9357
2011-02-11,2011-08-12,126,4.9682,10.1832
2011-02-14,2011-08-15,126,4.5507,9.3086
2011-02-15,2011-08-16,126,4.8764,9.9905
2011-02-16,2011-08-17,126,4.5764,9.3623
2011-02-17,2011-08-18,126,4.2836,8.7506
2011-02-18,2011-08-19,126,5.2595,10.7956
2011-02-21,2011-08-22,126,5.2066,10.6843
2011-02-22,2011-08-23,126,6.0398,12.4444
2011-02-23,2011-08-24,126,4.8692,9.9755
2011-02-24,2011-08-25,126,3.6881,7.5123
2011-02-25,2011-08-26,126,4.0986,8.3652
2011-02-28,2011-08-29,126,4.0692,8.304
2011-03-01,2011-08-30,126,3.4307,6.9791
2011-03-02,2011-08-31,126,3.8181,7.782
2011-03-03,2011-09-01,126,3.612,7.3545
2011-03-04,2011-09-02,126,3.6678,7.4701
2011-03-07,2011-09-05,126,3.3432,6.7981
2011-03-08,2011-09-06,126,3.7267,7.5924
2011-03-09,2011-09-07,126,2.7816,5.6406
2011-03-10,2011-09-08,126,3.0556,6.2045
2011-03-11,2011-09-09,126,4.0507,8.2655
2011-03-14,2011-09-13,126,2.7581,5.5922
2011-03-15,2011-09-14,126,3.3348,6.7808
2011-03-16,2011-09-15,126,3.1221,6.3416
2011-03-17,2011-09-16,126,2.7492,5.574
2011-03-18,2011-09-19,126,2.9736,6.0356
2011-03-21,2011-09-20,126,1.9521,3.9422
2011-03-22,2011-09-21,126,2.9895,6.0684
2011-03-23,2011-09-22,126,1.5408,3.1053
2011-03-24,2011-09-23,126,0.8225,1.6517
2011-03-25,2011-09-26,126,-1.3326,-2.6474
2011-03-28,2011-09-27,126,-0.799,-1.5916
2011-03-29,2011-09-28,126,-0.6438,-1.2834
2011-03-30,2011-09-29,126,-1.4749,-2.9281
2011-03-31,2011-09-30,126,-1.068,-2.1245
2011-04-01,2011-10-10,126,-1.1094,-2.2064
2011-04-06,2011-10-11,126,-1.2872,-2.5578
2011-04-07,2011-10-12,126,-0.5929,-1.1822
2011-04-08,2011-10-13,126,-0.8853,-1.7627
2011-04-11,2011-10-14,126,-0.8123,-1.6181
2011-04-12,2011-10-17,126,-0.5245,-1.0462
2011-04-13,2011-10-18,126,-1.6293,-3.2321
2011-04-14,2011-10-19,126,-1.9715,-3.9041
2011-04-15,2011-10-20,126,-3.0814,-6.0678
2011-04-18,2011-10-21,126,-3.4259,-6.7345
2011-04-19,2011-10-24,126,-2.1571,-4.2676
2011-04-20,2011-10-25,126,-2.1964,-4.3446
2011-04-21,2011-10-26,126,-1.1543,-2.2952
2011-04-22,2011-10-27,126,-1.0068,-2.0034
2011-04-25,2011-10-28,126,-0.3677,-0.734
2011-04-26,2011-10-31,126,-0.2184,-0.4364
2011-04-27,2011-11-01,126,-0.1463,-0.2924
2011-04-28,2011-11-02,126,0.4251,0.8519
2011-04-29,2011-11-03,126,0.2236,0.4478
2011-05-03,2011-11-04,126,0.5618,1.1268
2011-05-04,2011-11-07,126,1.4053,2.8303
2011-05-05,2011-11-08,126,1.5862,3.1975
2011-05-06,2011-11-09,126,2.0873,4.2182
2011-05-09,2011-11-10,126,1.0637,2.1387
2011-05-10,2011-11-11,126,0.9945,1.999
2011-05-11,2011-11-14,126,1.5433,3.1103
2011-05-12,2011-11-15,126,1.9114,3.8592
2011-05-13,2011-11-16,126,0.8807,1.7691
2011-05-16,2011-11-17,126,1.3797,2.7785
2011-05-17,2011-11-18,126,0.3531,0.7074
2011-05-18,2011-11-21,126,0.348,0.6971
2011-05-19,2011-11-22,126,-0.3358,-0.6704
2011-05-20,2011-11-23,126,-0.1493,-0.2983
2011-05-23,2011-11-24,126,0.46,0.9222
2011-05-24,2011-11-25,126,-0.2171,-0.4337
2011-05-25,2011-11-28,126,0.5014,1.0054
2011-05-26,2011-11-29,126,0.875,1.7576
2011-05-27,2011-11-30,126,0.589,1.1815
2011-05-30,2011-12-01,126,1.4952,3.0127
2011-05-31,2011-12-02,126,0.8818,1.7713
2011-06-01,2011-12-05,126,0.5816,1.1666
2011-06-02,2011-12-06,126,0.1927,0.3859
2011-06-03,2011-12-07,126,0.2607,0.5221
2011-06-07,2011-12-08,126,0.2902,0.5813
2011-06-08,2011-12-09,126,-0.2549,-0.5091
2011-06-09,2011-12-12,126,-0.1745,-0.3486
2011-06-10,2011-12-13,126,-1.2595,-2.5032
2011-06-13,2011-12-14,126,-1.356,-2.6936
2011-06-14,2011-12-15,126,-2.9673,-5.8465
2011-06-15,2011-12-16,126,-1.7967,-3.5611
2011-06-16,2011-12-19,126,-1.4784,-2.9349
2011-06-17,2011-12-20,126,-1.1193,-2.226
2011-06-20,2011-12-21,126,-1.1446,-2.2761
2011-06-21,2011-12-22,126,-1.8063,-3.5799
2011-06-22,2011-12-23,126,-1.572,-3.1194
2011-06-23,2011-12-26,126,-2.2743,-4.4968
2011-06-24,2011-12-27,126,-2.7983,-5.5183
2011-06-27,2011-12-28,126,-2.7343,-5.3938
2011-06-28,2011-12-29,126,-3.388,-6.6612
2011-06-29,2011-12-30,126,-2.7645,-5.4527
2011-06-30,2012-01-04,126,-2.8502,-5.6191
2011-07-01,2012-01-05,126,-2.6177,-5.1669
2011-07-04,2012-01-06,126,-2.8128,-5.5465
2011-07-05,2012-01-09,126,-2.3931,-4.7289
2011-07-06,2012-01-10,126,-2.0928,-4.1418
2011-07-07,2012-01-11,126,-2.1077,-4.171
2011-07-08,2012-01-12,126,-2.0349,-4.0284
2011-07-11,2012-01-13,126,-2.8186,-5.5579
2011-07-12,2012-01-16,126,-2.9861,-5.8829
2011-07-13,2012-01-17,126,-2.5102,-4.9574
2011-07-14,2012-01-18,126,-3.2994,-6.49
2011-07-15,2012-01-19,126,-2.8173,-5.5552
2011-07-18,2012-01-20,126,-2.9762,-5.8638
2011-07-19,2012-01-30,126,-2.1898,-4.3316
2011-07-20,2012-01-31,126,-1.767,-3.5027
2011-07-21,2012-02-01,126,-2.0993,-4.1545
2011-07-22,2012-02-02,126,-1.3611,-2.7037
2011-07-25,2012-02-03,126,-0.9541,-1.8992
2011-07-26,2012-02-06,126,-1.3428,-2.6676
2011-07-27,2012-02-07,126,-2.0543,-4.0664
2011-07-28,2012-02-08,126,-0.9489,-1.8888
2011-07-29,2012-02-09,126,-0.9341,-1.8594
2011-08-01,2012-02-10,126,-0.992,-1.9742
2011-08-02,2012-02-13,126,-1.0599,-2.1086
2011-08-03,2012-02-14,126,-1.9988,-3.9576
2011-08-04,2012-02-15,126,-1.701,-3.3731
2011-08-05,2012-02-16,126,-1.4286,-2.8367
2011-08-08,2012-02-17,126,-1.1404,-2.2678
2011-08-09,2012-02-20,126,-1.6241,-3.2218
2011-08-10,2012-02-21,126,-1.5412,-3.0586
2011-08-11,2012-02-22,126,-1.8164,-3.5997
2011-08-12,2012-02-23,126,-1.3142,-2.6112
2011-08-15,2012-02-24,126,-1.027,-2.0434
2011-08-16,2012-02-27,126,-1.3289,-2.6402
2011-08-17,2012-02-28,126,-1.3045,-2.592
2011-08-18,2012-02-29,126,-1.1401,-2.2672
2011-08-19,2012-03-01,126,-2.7473,-5.419
2011-08-22,2012-03-02,126,-2.5166,-4.9699
2011-08-23,2012-03-05,126,-2.867,-5.6518
2011-08-24,2012-03-06,126,-2.6548,-5.2392
2011-08-25,2012-03-07,126,-2.6461,-5.2222
2011-08-26,2012-03-08,126,-2.358,-4.6605
2011-08-29,2012-03-09,126,-2.195,-4.3418
2011-08-30,2012-03-12,126,-1.7866,-3.5414
2011-08-31,2012-03-13,126,-1.9591,-3.8799
2011-09-01,2012-03-14,126,-2.7565,-5.4371
2011-09-02,2012-03-15,126,-3.2336,-6.3627
2011-09-05,2012-03-16,126,-2.6409,-5.2121
2011-09-06,2012-03-19,126,-2.6092,-5.1502
2011-09-07,2012-03-20,126,-2.7074,-5.3416
2011-09-08,2012-03-21,126,-2.8166,-5.554
2011-09-09,2012-03-22,126,-3.0865,-6.0777
2011-09-13,2012-03-23,126,-2.7591,-5.4421
2011-09-14,2012-03-26,126,-2.583,-5.0992
2011-09-15,2012-03-27,126,-2.1643,-4.2819
2011-09-16,2012-03-28,126,-2.424,-4.7892
2011-09-19,2012-03-29,126,-3.1637,-6.2272
2011-09-20,2012-03-30,126,-2.5877,-5.1085
2011-09-21,2012-04-05,126,-3.508,-6.893
2011-09-22,2012-04-06,126,-2.2622,-4.4733
2011-09-23,2012-04-09,126,-1.7602,-3.4894
2011-09-26,2012-04-10,126,0.1291,0.2585
2011-09-27,2012-04-11,126,0.1377,0.2757
2011-09-28,2012-04-12,126,0.8454,1.6979
2011-09-29,2012-04-13,126,1.8789,3.7932
2011-09-30,2012-04-16,126,1.1078,2.2278
2011-10-10,2012-04-17,126,0.6602,1.3248
2011-10-11,2012-04-18,126,1.101,2.2142
2011-10-12,2012-04-19,126,-0.0025,-0.005
2011-10-13,2012-04-20,126,0.1228,0.2458
2011-10-14,2012-04-23,126,0.083,0.1661
2011-10-17,2012-04-24,126,-0.198,-0.3956
2011-10-18,2012-04-25,126,1.0887,2.1893
2011-10-19,2012-04-26,126,1.4352,2.891
2011-10-20,2012-04-27,126,2.6237,5.3162
2011-10-21,2012-05-02,126,2.9634,6.0146
2011-10-24,2012-05-03,126,1.6985,3.4258
2011-10-25,2012-05-04,126,1.3194,2.6562
2011-10-26,2012-05-07,126,0.2756,0.552
2011-10-27,2012-05-08,126,-0.1607,-0.3212
2011-10-28,2012-05-09,126,-1.7766,-3.5217
2011-10-31,2012-05-10,126,-1.369,-2.7192
2011-11-01,2012-05-11,126,-1.6949,-3.3611
2011-11-02,2012-05-14,126,-2.4075,-4.757
2011-11-03,2012-05-15,126,-2.7431,-5.4109
2011-11-04,2012-05-16,126,-3.9053,-7.658
2011-11-07,2012-05-17,126,-3.4174,-6.7179
2011-11-08,2012-05-18,126,-3.452,-6.7849
2011-11-09,2012-05-21,126,-3.265,-6.4235
2011-11-10,2012-05-22,126,-2.3496,-4.644
2011-11-11,2012-05-23,126,-2.8057,-5.5327
2011-11-14,2012-05-24,126,-3.7867,-7.43
2011-11-15,2012-05-25,126,-3.6614,-7.1888
2011-11-16,2012-05-28,126,-2.4836,-4.9055
2011-11-17,2012-05-29,126,-2.3487,-4.6422
2011-11-18,2012-05-30,126,-1.8129,-3.5929
2011-11-21,2012-05-31,126,-1.8093,-3.5859
2011-11-22,2012-06-01,126,-1.3073,-2.5976
2011-11-23,2012-06-04,126,-1.3096,-2.6021
2011-11-24,2012-06-05,126,-1.273,-2.5298
2011-11-25,2012-06-06,126,-0.9115,-1.8146
2011-11-28,2012-06-07,126,-1.6147,-3.2033
2011-11-29,2012-06-08,126,-2.7061,-5.3389
2011-11-30,2012-06-11,126,-1.4333,-2.846
2011-12-01,2012-06-12,126,-2.4885,-4.9152
2011-12-02,2012-06-13,126,-1.6079,-3.1899
2011-12-05,2012-06-14,126,-1.2695,-2.5228
2011-12-06,2012-06-15,126,-0.63,-1.2561
2011-12-07,2012-06-18,126,-0.8585,-1.7097
2011-12-08,2012-06-19,126,-0.9953,-1.9807
2011-12-09,2012-06-20,126,-0.5352,-1.0675
2011-12-12,2012-06-21,126,-0.5951,-1.1866
2011-12-13,2012-06-25,126,-0.5869,-1.1703
2011-12-14,2012-06-26,126,-0.0282,-0.0565
2011-12-15,2012-06-27,126,1.1933,2.4009
2011-12-16,2012-06-28,126,0.0554,0.1109
2011-12-19,2012-06-29,126,0.2979,0.5966
2011-12-20,2012-07-02,126,0.6659,1.3362
2011-12-21,2012-07-03,126,0.917,1.8423
2011-12-22,2012-07-04,126,1.3412,2.7004
2011-12-23,2012-07-05,126,0.9395,1.8878
2011-12-26,2012-07-06,126,1.4804,2.9828
2011-12-27,2012-07-09,126,1.102,2.2161
2011-12-28,2012-07-10,126,1.2606,2.5372
2011-12-29,2012-07-11,126,2.0041,4.0484
2011-12-30,2012-07-12,126,1.4614,2.9441
2012-01-04,2012-07-13,126,1.4272,2.8748
2012-01-05,2012-07-16,126,0.9848,1.9793
2012-01-06,2012-07-17,126,0.9522,1.9134
2012-01-09,2012-07-18,126,0.2719,0.5445
2012-01-10,2012-07-19,126,-0.4957,-0.989
2012-01-11,2012-07-20,126,-0.7779,-1.5497
2012-01-12,2012-07-23,126,-1.2772,-2.5381
2012-01-13,2012-07-24,126,-0.6009,-1.1983
2012-01-16,2012-07-25,126,-0.2915,-0.5822
2012-01-17,2012-07-26,126,-1.3784,-2.7379
2012-01-18,2012-07-27,126,-0.733,-1.4606
2012-01-19,2012-07-30,126,-1.4256,-2.8308
2012-01-20,2012-07-31,126,-1.6419,-3.2569
2012-01-30,2012-08-01,126,-2.017,-3.9933
2012-01-31,2012-08-02,126,-2.5871,-5.1073
2012-02-01,2012-08-03,126,-2.2002,-4.3519
2012-02-02,2012-08-06,126,-2.2822,-4.5123
2012-02-03,2012-08-07,126,-2.5002,-4.9378
2012-02-06,2012-08-08,126,-2.3347,-4.6149
2012-02-07,2012-08-09,126,-1.4858,-2.9495
2012-02-08,2012-08-10,126,-2.5103,-4.9575
2012-02-09,2012-08-13,126,-2.7867,-5.4958
2012-02-10,2012-08-14,126,-2.7416,-5.4081
2012-02-13,2012-08-15,126,-3.1453,-6.1916
2012-02-14,2012-08-16,126,-3.0019,-5.9136
2012-02-15,2012-08-17,126,-3.1592,-6.2185
2012-02-16,2012-08-20,126,-3.0928,-6.09
2012-02-17,2012-08-21,126,-2.9941,-5.8985
2012-02-20,2012-08-22,126,-2.9425,-5.7983
2012-02-21,2012-08-23,126,-2.7384,-5.4017
2012-02-22,2012-08-24,126,-3.6418,-7.151
2012-02-23,2012-08-27,126,-4.2972,-8.4098
2012-02-24,2012-08-28,126,-4.6851,-9.1507
2012-02-27,2012-08-29,126,-4.6807,-9.1422
2012-02-28,2012-08-30,126,-5.0409,-9.8276
2012-02-29,2012-08-31,126,-4.9289,-9.6148
2012-03-01,2012-09-03,126,-3.3196,-6.5291
2012-03-02,2012-09-04,126,-3.943,-7.7305
2012-03-05,2012-09-05,126,-3.8223,-7.4984
2012-03-06,2012-09-06,126,-3.058,-6.0226
2012-03-07,2012-09-07,126,-1.9739,-3.9089
2012-03-08,2012-09-10,126,-1.7307,-3.4314
2012-03-09,2012-09-11,126,-2.3397,-4.6247
2012-03-12,2012-09-12,126,-2.2618,-4.4724
2012-03-13,2012-09-13,126,-2.786,-5.4944
2012-03-14,2012-09-14,126,-0.9113,-1.8144
2012-03-15,2012-09-17,126,-1.0336,-2.0565
2012-03-16,2012-09-18,126,-2.0102,-3.98
2012-03-19,2012-09-19,126,-1.7783,-3.525
2012-03-20,2012-09-20,126,-2.0066,-3.973
2012-03-21,2012-09-21,126,-1.8996,-3.763
2012-03-22,2012-09-24,126,-2.098,-4.1521
2012-03-23,2012-09-25,126,-1.6351,-3.2435
2012-03-26,2012-09-26,126,-2.203,-4.3575
2012-03-27,2012-09-27,126,-1.977,-3.915
2012-03-28,2012-09-28,126,-0.4348,-0.8677
2012-03-29,2012-10-08,126,-0.4642,-0.9262
2012-03-30,2012-10-09,126,-0.1519,-0.3035
2012-04-05,2012-10-10,126,-0.2085,-0.4165
2012-04-06,2012-10-11,126,-0.594,-1.1845
2012-04-09,2012-10-12,126,-0.4917,-0.9811
2012-04-10,2012-10-15,126,-1.1611,-2.3088
2012-04-11,2012-10-16,126,-1.3783,-2.7375
2012-04-12,2012-10-17,126,-1.7185,-3.4074
2012-04-13,2012-10-18,126,-1.7238,-3.4179
2012-04-16,2012-10-19,126,-1.4311,-2.8417
2012-04-17,2012-10-22,126,-1.2315,-2.4478
2012-04-18,2012-10-23,126,-1.9317,-3.8261
2012-04-19,2012-10-24,126,-1.7634,-3.4956
2012-04-20,2012-10-25,126,-2.1302,-4.2151
2012-04-23,2012-10-26,126,-2.4764,-4.8915
2012-04-24,2012-10-29,126,-2.2184,-4.3876
2012-04-25,2012-10-30,126,-2.5787,-5.0909
2012-04-26,2012-10-31,126,-2.5811,-5.0955
2012-04-27,2012-11-01,126,-1.8781,-3.7209
2012-05-02,2012-11-02,126,-2.3351,-4.6157
2012-05-03,2012-11-05,126,-2.6608,-5.2508
2012-05-04,2012-11-06,126,-2.7006,-5.3283
2012-05-07,2012-11-07,126,-2.2532,-4.4557
2012-05-08,2012-11-08,126,-2.4671,-4.8733
2012-05-09,2012-11-09,126,-1.192,-2.3698
2012-05-10,2012-11-12,126,-1.1364,-2.2599
2012-05-11,2012-11-13,126,-1.4635,-2.9056
2012-05-14,2012-11-14,126,-1.0837,-2.1556
2012-05-15,2012-11-15,126,-1.1569,-2.3004
2012-05-16,2012-11-16,126,-0.6634,-1.3224
2012-05-17,2012-11-19,126,-1.0523,-2.0935
2012-05-18,2012-11-20,126,-1.1799,-2.3459
2012-05-21,2012-11-21,126,-1.4212,-2.8222
2012-05-22,2012-11-22,126,-1.6618,-3.2961
2012-05-23,2012-11-23,126,-0.983,-1.9562
2012-05-24,2012-11-26,126,-0.7384,-1.4713
2012-05-25,2012-11-27,126,-0.9819,-1.9541
2012-05-28,2012-11-28,126,-2.1165,-4.1881
2012-05-29,2012-11-29,126,-2.7344,-5.3941
2012-05-30,2012-11-30,126,-1.8788,-3.7222
2012-05-31,2012-12-03,126,-2.6449,-5.2198
2012-06-01,2012-12-04,126,-2.7293,-5.3841
2012-06-04,2012-12-05,126,-2.466,-4.8712
2012-06-05,2012-12-06,126,-2.7038,-5.3345
2012-06-06,2012-12-07,126,-2.1116,-4.1786
2012-06-07,2012-12-10,126,-1.6258,-3.2251
2012-06-08,2012-12-11,126,-0.8175,-1.6283
2012-06-11,2012-12-12,126,-1.357,-2.6955
2012-06-12,2012-12-13,126,-1.5113,-2.9997
2012-06-13,2012-12-14,126,-1.2016,-2.3888
2012-06-14,2012-12-17,126,-1.146,-2.2788
2012-06-15,2012-12-18,126,-1.133,-2.2531
2012-06-18,2012-12-19,126,-1.5064,-2.99
2012-06-19,2012-12-20,126,-1.4773,-2.9327
2012-06-20,2012-12-21,126,-1.756,-3.4812
2012-06-21,2012-12-24,126,-0.9135,-1.8187
2012-06-25,2012-12-25,126,0.5748,1.1529
2012-06-26,2012-12-26,126,0.5377,1.0784
2012-06-27,2012-12-27,126,0.6665,1.3375
2012-06-28,2012-12-28,126,1.2278,2.4707
2012-06-29,2013-01-04,126,1.2724,2.561
2012-07-02,2013-01-07,126,1.2097,2.4341
2012-07-03,2013-01-08,126,0.6863,1.3773
2012-07-04,2013-01-09,126,0.7821,1.5704
2012-07-05,2013-01-10,126,1.0559,2.1229
2012-07-06,2013-01-11,126,0.6973,1.3994
2012-07-09,2013-01-14,126,2.2917,4.6359
2012-07-10,2013-01-15,126,2.7303,5.5352
2012-07-11,2013-01-16,126,2.5576,5.1807
2012-07-12,2013-01-17,126,2.225,4.4994
2012-07-13,2013-01-18,126,2.6691,5.4094
2012-07-16,2013-01-21,126,3.3114,6.7325
2012-07-17,2013-01-22,126,2.9982,6.0863
2012-07-18,2013-01-23,126,3.1632,6.4265
2012-07-19,2013-01-24,126,2.6503,5.3708
2012-07-20,2013-01-25,126,2.6163,5.3011
2012-07-23,2013-01-28,126,3.7218,7.5822
2012-07-24,2013-01-29,126,3.6852,7.5061
2012-07-25,2013-01-30,126,4.1978,8.5717
2012-07-26,2013-01-31,126,4.1053,8.3791
2012-07-27,2013-02-01,126,4.2913,8.7667
2012-07-30,2013-02-04,126,4.781,9.7906
2012-07-31,2013-02-05,126,5.2163,10.7047
2012-08-01,2013-02-06,126,4.8091,9.8494
2012-08-02,2013-02-07,126,5.1691,10.6055
2012-08-03,2013-02-08,126,5.1136,10.4888
2012-08-06,2013-02-18,126,3.5939,7.317
2012-08-07,2013-02-19,126,3.1971,6.4963
2012-08-08,2013-02-20,126,3.4819,7.0851
2012-08-09,2013-02-21,126,1.6172,3.2606
2012-08-10,2013-02-22,126,1.787,3.606
2012-08-13,2013-02-25,126,2.5304,5.1247
2012-08-14,2013-02-26,126,2.2408,4.5319
2012-08-15,2013-02-27,126,3.1855,6.4724
2012-08-16,2013-02-28,126,3.806,7.757
2012-08-17,2013-03-01,126,3.4902,7.1022
2012-08-20,2013-03-04,126,2.7639,5.6042
2012-08-21,2013-03-05,126,3.4396,6.9975
2012-08-22,2013-03-06,126,3.7701,7.6823
2012-08-23,2013-03-07,126,2.9517,5.9906
2012-08-24,2013-03-08,126,3.3766,6.8672
2012-08-27,2013-03-11,126,3.7397,7.6192
2012-08-28,2013-03-12,126,3.0822,6.2594
2012-08-29,2013-03-13,126,3.0049,6.1001
2012-08-30,2013-03-14,126,3.2165,6.5364
2012-08-31,2013-03-15,126,3.4595,7.0387
2012-09-03,2013-03-18,126,2.5878,5.2425
2012-09-04,2013-03-19,126,3.2869,6.6819
2012-09-05,2013-03-20,126,4.2433,8.6666
2012-09-06,2013-03-21,126,4.2393,8.6584
2012-09-07,2013-03-22,126,3.4924,7.1067
2012-09-10,2013-03-25,126,2.9847,6.0585
2012-09-11,2013-03-26,126,2.7271,5.5285
2012-09-12,2013-03-27,126,2.5523,5.1697
2012-09-13,2013-03-28,126,2.1048,4.2539
2012-09-14,2013-03-29,126,1.4699,2.9615
2012-09-17,2013-04-01,126,2.487,5.0358
2012-09-18,2013-04-02,126,2.7011,5.4752
2012-09-19,2013-04-03,126,1.7433,3.5169
2012-09-20,2013-04-08,126,2.9725,6.0334
2012-09-21,2013-04-09,126,3.0046,6.0994
2012-09-24,2013-04-10,126,3.1411,6.3808
2012-09-25,2013-04-11,126,2.5259,5.1155
2012-09-26,2013-04-12,126,2.6544,5.3792
2012-09-27,2013-04-15,126,0.5345,1.0718
2012-09-28,2013-04-16,126,-1.617,-3.2078
2012-10-08,2013-04-17,126,-1.3359,-2.6539
2012-10-09,2013-04-18,126,-1.5962,-3.1669
2012-10-10,2013-04-19,126,-0.2528,-0.5049
2012-10-11,2013-04-22,126,0.1007,0.2014
2012-10-12,2013-04-23,126,-0.8952,-1.7824
2012-10-15,2013-04-24,126,0.3051,0.6112
2012-10-16,2013-04-25,126,0.1386,0.2774
2012-10-17,2013-04-26,126,0.1949,0.3901
2012-10-18,2013-05-02,126,-0.3065,-0.612
2012-10-19,2013-05-03,126,0.652,1.3083
2012-10-22,2013-05-06,126,0.808,1.6225
2012-10-23,2013-05-07,126,0.8169,1.6404
2012-10-24,2013-05-08,126,1.0255,2.0616
2012-10-25,2013-05-09,126,1.5112,3.0452
2012-10-26,2013-05-10,126,2.2409,4.5321
2012-10-29,2013-05-13,126,1.5798,3.1845
2012-10-30,2013-05-14,126,1.0582,2.1275
2012-10-31,2013-05-15,126,0.9351,1.879
2012-11-01,2013-05-16,126,0.2795,0.5597
2012-11-02,2013-05-17,126,0.3175,0.6361
2012-11-05,2013-05-20,126,0.5963,1.1962
2012-11-06,2013-05-21,126,1.6091,3.2441
2012-11-07,2013-05-22,126,0.9239,1.8562
2012-11-08,2013-05-23,126,0.9223,1.8531
2012-11-09,2013-05-24,126,1.0749,2.1613
2012-11-12,2013-05-27,126,1.1579,2.3292
2012-11-13,2013-05-28,126,2.2661,4.5835
2012-11-14,2013-05-29,126,2.0052,4.0506
2012-11-15,2013-05-30,126,2.8587,5.799
2012-11-16,2013-05-31,126,3.0743,6.243
2012-11-19,2013-06-03,126,2.4026,4.8629
2012-11-20,2013-06-04,126,1.9964,4.0327
2012-11-21,2013-06-05,126,1.5732,3.1711
2012-11-22,2013-06-06,126,1.1395,2.2919
2012-11-23,2013-06-07,126,0.5584,1.1199
2012-11-26,2013-06-13,126,-0.6111,-1.2185
2012-11-27,2013-06-14,126,-0.0164,-0.0327
2012-11-28,2013-06-17,126,0.4733,0.9489
2012-11-29,2013-06-18,126,1.1832,2.3804
2012-11-30,2013-06-19,126,0.3138,0.6287
2012-12-03,2013-06-20,126,-0.5021,-1.0017
2012-12-04,2013-06-21,126,-1.186,-2.358
2012-12-05,2013-06-24,126,-4.1242,-8.0783
2012-12-06,2013-06-25,126,-3.9998,-7.8395
2012-12-07,2013-06-26,126,-5.0626,-9.8689
2012-12-10,2013-06-27,126,-5.5117,-10.7195
2012-12-11,2013-06-28,126,-5.7159,-11.1051
2012-12-12,2013-07-01,126,-4.9937,-9.7381
2012-12-13,2013-07-02,126,-4.387,-8.5816
2012-12-14,2013-07-03,126,-5.8635,-11.3832
2012-12-17,2013-07-04,126,-5.594,-10.875
2012-12-18,2013-07-05,126,-5.7965,-11.2569
2012-12-19,2013-07-08,126,-6.6431,-12.8449
2012-12-20,2013-07-09,126,-6.0293,-11.6951
2012-12-21,2013-07-10,126,-5.1357,-10.0076
2012-12-24,2013-07-11,126,-3.7869,-7.4303
2012-12-25,2013-07-12,126,-5.0952,-9.9307
2012-12-26,2013-07-15,126,-4.8295,-9.4258
2012-12-27,2013-07-16,126,-4.6086,-9.0048
2012-12-28,2013-07-17,126,-5.3038,-10.3263
2013-01-04,2013-07-18,126,-6.1403,-11.9036
2013-01-07,2013-07-19,126,-6.9412,-13.4007
2013-01-08,2013-07-22,126,-6.0834,-11.7968
2013-01-09,2013-07-23,126,-5.5669,-10.8238
2013-01-10,2013-07-24,126,-5.4595,-10.621
2013-01-11,2013-07-25,126,-5.6646,-11.0084
2013-01-14,2013-07-26,126,-6.3746,-12.3429
2013-01-15,2013-07-29,126,-7.3017,-14.0702
2013-01-16,2013-07-30,126,-6.9812,-13.4749
2013-01-17,2013-07-31,126,-6.5828,-12.7323
2013-01-18,2013-08-01,126,-6.6864,-12.9256
2013-01-21,2013-08-02,126,-7.3791,-14.2136
2013-01-22,2013-08-05,126,-6.6896,-12.9317
2013-01-23,2013-08-06,126,-6.8271,-13.1882
2013-01-24,2013-08-07,126,-6.8436,-13.2188
2013-01-25,2013-08-08,126,-6.5439,-12.6596
2013-01-28,2013-08-09,126,-6.8622,-13.2535
2013-01-29,2013-08-12,126,-6.0158,-11.6696
2013-01-30,2013-08-13,126,-6.0503,-11.7346
2013-01-31,2013-08-14,126,-6.4692,-12.5199
2013-02-01,2013-08-15,126,-6.5493,-12.6696
2013-02-04,2013-08-16,126,-6.6526,-12.8626
2013-02-05,2013-08-19,126,-6.5053,-12.5875
2013-02-06,2013-08-20,126,-6.703,-12.9567
2013-02-07,2013-08-21,126,-6.4437,-12.4721
2013-02-08,2013-08-22,126,-6.6493,-12.8565
2013-02-18,2013-08-23,126,-5.8982,-11.4486
2013-02-19,2013-08-26,126,-4.8737,-9.5098
2013-02-20,2013-08-27,126,-4.8329,-9.4322
2013-02-21,2013-08-28,126,-3.2445,-6.3838
2013-02-22,2013-08-29,126,-3.4899,-6.858
2013-02-25,2013-08-30,126,-3.7829,-7.4227
2013-02-26,2013-09-02,126,-3.7324,-7.3254
2013-02-27,2013-09-03,126,-3.8855,-7.62
2013-02-28,2013-09-04,126,-4.1446,-8.1175
2013-03-01,2013-09-05,126,-4.5386,-8.8712
2013-03-04,2013-09-06,126,-3.7314,-7.3235
2013-03-05,2013-09-09,126,-3.5954,-7.0615
2013-03-06,2013-09-10,126,-3.6526,-7.1718
2013-03-07,2013-09-11,126,-3.5618,-6.9968
2013-03-08,2013-09-12,126,-3.4086,-6.701
2013-03-11,2013-09-13,126,-4.0587,-7.9527
2013-03-12,2013-09-16,126,-3.4427,-6.7668
2013-03-13,2013-09-17,126,-3.9349,-7.7149
2013-03-14,2013-09-18,126,-3.9141,-7.675
2013-03-15,2013-09-23,126,-3.4447,-6.7707
2013-03-18,2013-09-24,126,-3.3644,-6.6156
2013-03-19,2013-09-25,126,-3.7146,-7.2913
2013-03-20,2013-09-26,126,-5.1482,-10.0313
2013-03-21,2013-09-27,126,-5.4607,-10.6232
2013-03-22,2013-09-30,126,-5.0555,-9.8553
2013-03-25,2013-10-08,126,-5.0479,-9.8409
2013-03-26,2013-10-09,126,-4.5178,-8.8315
2013-03-27,2013-10-10,126,-4.9458,-9.647
2013-03-28,2013-10-11,126,-3.816,-7.4863
2013-03-29,2013-10-14,126,-3.7148,-7.2916
2013-04-01,2013-10-15,126,-3.9204,-7.6871
2013-04-02,2013-10-16,126,-4.0564,-7.9483
2013-04-03,2013-10-17,126,-3.7153,-7.2926
2013-04-08,2013-10-18,126,-3.301,-6.4931
2013-04-09,2013-10-21,126,-2.597,-5.1266
2013-04-10,2013-10-22,126,-2.9883,-5.8872
2013-04-11,2013-10-23,126,-2.5922,-5.1173
2013-04-12,2013-10-24,126,-2.5531,-5.041
2013-04-15,2013-10-25,126,-1.4738,-2.9259
2013-04-16,2013-10-28,126,0.3241,0.6492
2013-04-17,2013-10-29,126,0.2751,0.551
2013-04-18,2013-10-30,126,0.3558,0.7128
2013-04-19,2013-10-31,126,-1.3859,-2.7525
2013-04-22,2013-11-01,126,-1.4911,-2.96
2013-04-23,2013-11-04,126,-0.5691,-1.135
2013-04-24,2013-11-05,126,-1.2823,-2.5482
2013-04-25,2013-11-06,126,-1.5536,-3.0831
2013-04-26,2013-11-07,126,-1.7437,-3.4569
2013-05-02,2013-11-08,126,-1.9828,-3.9264
2013-05-03,2013-11-11,126,-2.9954,-5.9011
2013-05-06,2013-11-12,126,-3.0751,-6.0557
2013-05-07,2013-11-13,126,-3.6886,-7.2412
2013-05-08,2013-11-14,126,-3.5505,-6.9749
2013-05-09,2013-11-15,126,-3.4138,-6.7111
2013-05-10,2013-11-18,126,-2.7251,-5.376
2013-05-13,2013-11-19,126,-2.4599,-4.8593
2013-05-14,2013-11-20,126,-1.8365,-3.6393
2013-05-15,2013-11-21,126,-2.1276,-4.2099
2013-05-16,2013-11-22,126,-2.2131,-4.3773
2013-05-17,2013-11-25,126,-2.614,-5.1597
2013-05-20,2013-11-26,126,-1.9108,-3.785
2013-05-21,2013-11-27,126,-2.8237,-5.5677
2013-05-22,2013-11-28,126,-2.4415,-4.8233
2013-05-23,2013-11-29,126,-1.7683,-3.5052
2013-05-24,2013-12-02,126,-2.3142,-4.5749
2013-05-27,2013-12-03,126,-2.4792,-4.8969
2013-05-28,2013-12-04,126,-2.2696,-4.4877
2013-05-29,2013-12-05,126,-1.9468,-3.8558
2013-05-30,2013-12-06,126,-2.61,-5.1518
2013-05-31,2013-12-09,126,-2.4295,-4.8
2013-06-03,2013-12-10,126,-1.6782,-3.3282
2013-06-04,2013-12-11,126,-1.486,-2.9498
2013-06-05,2013-12-12,126,-1.4555,-2.8897
2013-06-06,2013-12-13,126,-1.2845,-2.5526
2013-06-07,2013-12-16,126,-1.3226,-2.6278
2013-06-13,2013-12-17,126,-0.1593,-0.3184
2013-06-14,2013-12-18,126,-0.4572,-0.9122
2013-06-17,2013-12-19,126,-0.8571,-1.7068
2013-06-18,2013-12-20,126,-2.1826,-4.3175
2013-06-19,2013-12-23,126,-1.439,-2.8573
2013-06-20,2013-12-24,126,0.0061,0.0121
2013-06-21,2013-12-25,126,1.0487,2.1083
2013-06-24,2013-12-26,126,2.6188,5.3062
2013-06-25,2013-12-27,126,3.3955,6.9063
2013-06-26,2013-12-30,126,3.6766,7.4884
2013-06-27,2014-01-02,126,4.3588,8.9076
2013-06-28,2014-01-03,126,4.483,9.167
2013-07-01,2014-01-06,126,2.9695,6.0272
2013-07-02,2014-01-07,126,2.6115,5.2912
2013-07-03,2014-01-08,126,2.7566,5.5892
2013-07-04,2014-01-09,126,2.1949,4.4379
2013-07-05,2014-01-10,126,2.2109,4.4706
2013-07-08,2014-01-13,126,3.7491,7.6388
2013-07-09,2014-01-14,126,3.2193,6.5422
2013-07-10,2014-01-15,126,2.3368,4.7282
2013-07-11,2014-01-16,126,0.5861,1.1757
2013-07-12,2014-01-17,126,1.0091,2.0285
2013-07-15,2014-01-20,126,0.7798,1.5657
2013-07-16,2014-01-21,126,0.908,1.8243
2013-07-17,2014-01-22,126,1.4872,2.9965
2013-07-18,2014-01-23,126,2.0046,4.0494
2013-07-19,2014-01-24,126,3.1249,6.3475
2013-07-22,2014-01-27,126,2.244,4.5384
2013-07-23,2014-01-28,126,1.3954,2.8102
2013-07-24,2014-01-29,126,1.448,2.9171
2013-07-25,2014-01-30,126,1.8957,3.8274
2013-07-26,2014-02-07,126,2.178,4.4034
2013-07-29,2014-02-10,126,3.7735,7.6894
2013-07-30,2014-02-11,126,3.8103,7.7659
2013-07-31,2014-02-12,126,3.7025,7.5421
2013-08-01,2014-02-13,126,3.1509,6.401
2013-08-02,2014-02-14,126,4.4088,9.012
2013-08-05,2014-02-17,126,4.4052,9.0045
2013-08-06,2014-02-18,126,4.2458,8.6719
2013-08-07,2014-02-19,126,4.9968,10.2434
2013-08-08,2014-02-20,126,4.5921,9.3952
2013-08-09,2014-02-21,126,4.0898,8.3468
2013-08-12,2014-02-24,126,2.7632,5.6028
2013-08-13,2014-02-25,126,2.0391,4.1198
2013-08-14,2014-02-26,126,2.6782,5.4282
2013-08-15,2014-02-27,126,2.1491,4.3443
2013-08-16,2014-02-28,126,2.2104,4.4696
2013-08-19,2014-03-03,126,2.1996,4.4475
2013-08-20,2014-03-04,126,2.3414,4.7377
2013-08-21,2014-03-05,126,1.9827,4.0047
2013-08-22,2014-03-06,126,2.1136,4.2718
2013-08-23,2014-03-07,126,2.3369,4.7284
2013-08-26,2014-03-10,126,0.2573,0.5152
2013-08-27,2014-03-11,126,0.3951,0.7918
2013-08-28,2014-03-12,126,0.3541,0.7095
2013-08-29,2014-03-13,126,1.3894,2.798
2013-08-30,2014-03-14,126,1.3534,2.7251
2013-09-02,2014-03-17,126,2.1715,4.3901
2013-09-03,2014-03-18,126,1.5906,3.2066
2013-09-04,2014-03-19,126,1.1849,2.3839
2013-09-05,2014-03-20,126,0.9914,1.9927
2013-09-06,2014-03-21,126,1.5372,3.0981
2013-09-09,2014-03-24,126,0.4663,0.9347
2013-09-10,2014-03-25,126,0.0737,0.1475
2013-09-11,2014-03-26,126,0.3133,0.6275
2013-09-12,2014-03-27,126,-0.1217,-0.2432
2013-09-13,2014-03-28,126,0.5178,1.0383
2013-09-16,2014-03-31,126,0.3194,0.6399
2013-09-17,2014-04-01,126,1.2405,2.4965
2013-09-18,2014-04-02,126,1.4508,2.9226
2013-09-23,2014-04-03,126,0.598,1.1996
2013-09-24,2014-04-04,126,0.6856,1.3759
2013-09-25,2014-04-08,126,1.4667,2.9549
2013-09-26,2014-04-09,126,2.2134,4.4757
2013-09-27,2014-04-10,126,2.7082,5.4897
2013-09-30,2014-04-11,126,2.1894,4.4268
2013-10-08,2014-04-14,126,2.3276,4.7094
2013-10-09,2014-04-15,126,1.404,2.8277
2013-10-10,2014-04-16,126,1.7821,3.596
2013-10-11,2014-04-17,126,1.2334,2.482
2013-10-14,2014-04-18,126,1.1207,2.2541
2013-10-15,2014-04-21,126,0.4911,0.9845
2013-10-16,2014-04-22,126,0.8051,1.6166
2013-10-17,2014-04-23,126,0.9685,1.9465
2013-10-18,2014-04-24,126,0.1278,0.2557
2013-10-21,2014-04-25,126,-0.7871,-1.568
2013-10-22,2014-04-28,126,-0.3713,-0.7412
2013-10-23,2014-04-29,126,-0.3055,-0.61
2013-10-24,2014-04-30,126,-0.0262,-0.0524
2013-10-25,2014-05-05,126,0.5658,1.1348
2013-10-28,2014-05-06,126,0.5982,1.2
2013-10-29,2014-05-07,126,0.4901,0.9825
2013-10-30,2014-05-08,126,-0.2405,-0.4805
2013-10-31,2014-05-09,126,0.073,0.1461
2013-11-01,2014-05-12,126,0.6647,1.3338
2013-11-04,2014-05-13,126,0.5757,1.1547
2013-11-05,2014-05-14,126,0.464,0.9301
2013-11-06,2014-05-15,126,0.6633,1.3311
2013-11-07,2014-05-16,126,0.5566,1.1163
2013-11-08,2014-05-19,126,0.8556,1.7186
2013-11-11,2014-05-20,126,1.0621,2.1354
2013-11-12,2014-05-21,126,1.2321,2.4793
2013-11-13,2014-05-22,126,2.0702,4.1832
2013-11-14,2014-05-23,126,1.9023,3.8407
2013-11-15,2014-05-26,126,1.5258,3.0748
2013-11-18,2014-05-27,126,0.444,0.89
2013-11-19,2014-05-28,126,0.4734,0.949
2013-11-20,2014-05-29,126,-0.2243,-0.4481
2013-11-21,2014-05-30,126,0.3076,0.6161
2013-11-22,2014-06-03,126,0.1334,0.2669
2013-11-25,2014-06-04,126,0.376,0.7535
2013-11-26,2014-06-05,126,0.1673,0.335
2013-11-27,2014-06-06,126,0.1798,0.3599
2013-11-28,2014-06-09,126,-0.0247,-0.0495
2013-11-29,2014-06-10,126,0.1304,0.261
2013-12-02,2014-06-11,126,0.5807,1.1647
2013-12-03,2014-06-12,126,0.3883,0.778
2013-12-04,2014-06-13,126,0.3889,0.7794
2013-12-05,2014-06-16,126,0.5045,1.0116
2013-12-06,2014-06-17,126,0.3136,0.6281
2013-12-09,2014-06-18,126,-0.0827,-0.1653
2013-12-10,2014-06-19,126,-0.5547,-1.1064
2013-12-11,2014-06-20,126,0.2448,0.4901
2013-12-12,2014-06-23,126,0.446,0.8939
2013-12-13,2014-06-24,126,1.0539,2.119
2013-12-16,2014-06-25,126,1.0849,2.1816
2013-12-17,2014-06-26,126,1.1806,2.3751
2013-12-18,2014-06-27,126,1.5484,3.1208
2013-12-19,2014-06-30,126,2.0105,4.0614
2013-12-20,2014-07-01,126,3.4096,6.9355
2013-12-23,2014-07-02,126,3.2257,6.5555
2013-12-24,2014-07-03,126,3.3139,6.7376
2013-12-25,2014-07-04,126,2.9112,5.9072
2013-12-26,2014-07-07,126,3.1554,6.4103
2013-12-27,2014-07-08,126,2.7092,5.4918
2013-12-30,2014-07-09,126,2.7384,5.5518
2014-01-02,2014-07-10,126,2.2073,4.4632
2014-01-03,2014-07-11,126,2.6059,5.2798
2014-01-06,2014-07-14,126,3.0534,6.2
2014-01-07,2014-07-15,126,2.8922,5.8681
2014-01-08,2014-07-16,126,2.9846,6.0584
2014-01-09,2014-07-17,126,3.2094,6.5218
2014-01-10,2014-07-18,126,3.5956,7.3204
2014-01-13,2014-07-21,126,3.3193,6.7488
2014-01-14,2014-07-22,126,3.1122,6.3212
2014-01-15,2014-07-23,126,3.5116,7.1465
2014-01-16,2014-07-24,126,3.5615,7.2498
2014-01-17,2014-07-25,126,4.0037,8.1678
2014-01-20,2014-07-28,126,4.6058,9.4237
2014-01-21,2014-07-29,126,4.4864,9.1741
2014-01-22,2014-07-30,126,3.7778,7.6982
2014-01-23,2014-07-31,126,4.1572,8.4872
2014-01-24,2014-08-01,126,3.246,6.5975
2014-01-27,2014-08-04,126,3.8924,7.9363
2014-01-28,2014-08-05,126,3.8757,7.9015
2014-01-29,2014-08-06,126,3.6812,7.4979
2014-01-30,2014-08-07,126,3.7357,7.6109
2014-02-07,2014-08-08,126,3.6916,7.5194
2014-02-10,2014-08-11,126,3.0097,6.1099
2014-02-11,2014-08-12,126,2.7133,5.5003
2014-02-12,2014-08-13,126,2.6548,5.38
2014-02-13,2014-08-14,126,2.6918,5.456
2014-02-14,2014-08-15,126,2.2688,4.589
2014-02-17,2014-08-18,126,1.4271,2.8746
2014-02-18,2014-08-19,126,1.6245,3.2753
2014-02-19,2014-08-20,126,1.1899,2.3941
2014-02-20,2014-08-21,126,1.0113,2.0329
2014-02-21,2014-08-22,126,1.4141,2.8481
2014-02-24,2014-08-25,126,1.3853,2.7897
2014-02-25,2014-08-26,126,1.9166,3.8699
2014-02-26,2014-08-27,126,1.5736,3.1719
2014-02-27,2014-08-28,126,1.6668,3.3614
2014-02-28,2014-08-29,126,1.8882,3.8121
2014-03-03,2014-09-01,126,1.4527,2.9264
2014-03-04,2014-09-02,126,1.8708,3.7766
2014-03-05,2014-09-03,126,2.126,4.2972
2014-03-06,2014-09-04,126,2.386,4.829
2014-03-07,2014-09-05,126,2.3894,4.8359
2014-03-10,2014-09-09,126,3.5205,7.1649
2014-03-11,2014-09-10,126,3.112,6.3209
2014-03-12,2014-09-11,126,2.5476,5.1601
2014-03-13,2014-09-12,126,1.6847,3.3979
2014-03-14,2014-09-15,126,1.7345,3.4991
2014-03-17,2014-09-16,126,0.748,1.5016
2014-03-18,2014-09-17,126,1.2269,2.4689
2014-03-19,2014-09-18,126,1.2216,2.4581
2014-03-20,2014-09-19,126,2.1118,4.2683
2014-03-21,2014-09-22,126,0.6935,1.3918
2014-03-24,2014-09-23,126,0.9631,1.9355
2014-03-25,2014-09-24,126,1.6243,3.2751
2014-03-26,2014-09-25,126,1.4584,2.9381
2014-03-27,2014-09-26,126,2.1567,4.3599
2014-03-28,2014-09-29,126,2.2666,4.5845
2014-03-31,2014-09-30,126,2.4111,4.8804
2014-04-01,2014-10-08,126,2.2751,4.6019
2014-04-02,2014-10-09,126,2.2798,4.6116
2014-04-03,2014-10-10,126,2.0843,4.2121
2014-04-04,2014-10-13,126,2.0872,4.2181
2014-04-08,2014-10-14,126,1.2492,2.514
2014-04-09,2014-10-15,126,1.1833,2.3807
2014-04-10,2014-10-16,126,0.7924,1.5911
2014-04-11,2014-10-17,126,0.519,1.0407
2014-04-14,2014-10-20,126,0.4563,0.9147
2014-04-15,2014-10-21,126,1.2193,2.4534
2014-04-16,2014-10-22,126,1.2652,2.5463
2014-04-17,2014-10-23,126,0.9835,1.9766
2014-04-18,2014-10-24,126,0.77,1.5459
2014-04-21,2014-10-27,126,1.2554,2.5265
2014-04-22,2014-10-28,126,1.6306,3.2879
2014-04-23,2014-10-29,126,2.3054,4.664
2014-04-24,2014-10-30,126,2.1924,4.4329
2014-04-25,2014-10-31,126,2.4194,4.8973
2014-04-28,2014-11-03,126,2.2729,4.5974
2014-04-29,2014-11-04,126,2.2512,4.5532
2014-04-30,2014-11-05,126,1.3848,2.7889
2014-05-05,2014-11-06,126,1.286,2.5886
2014-05-06,2014-11-07,126,1.1106,2.2335
2014-05-07,2014-11-10,126,2.7045,5.4821
2014-05-08,2014-11-11,126,2.4154,4.8891
2014-05-09,2014-11-12,126,3.3271,6.765
2014-05-12,2014-11-13,126,2.3319,4.7182
2014-05-13,2014-11-14,126,2.1288,4.3029
2014-05-14,2014-11-17,126,2.7689,5.6145
2014-05-15,2014-11-18,126,2.6635,5.398
2014-05-16,2014-11-19,126,2.7277,5.5298
2014-05-19,2014-11-20,126,2.7597,5.5956
2014-05-20,2014-11-21,126,3.4974,7.1171
2014-05-21,2014-11-24,126,3.8765,7.9033
2014-05-22,2014-11-25,126,4.3868,8.966
2014-05-23,2014-11-26,126,4.4161,9.0272
2014-05-26,2014-11-27,126,4.3562,8.9022
2014-05-27,2014-11-28,126,5.1502,10.5657
2014-05-28,2014-12-01,126,4.6087,9.4298
2014-05-29,2014-12-02,126,7.0294,14.5528
2014-05-30,2014-12-03,126,7.1723,14.859
2014-06-03,2014-12-04,126,8.727,18.2155
2014-06-04,2014-12-05,126,9.0369,18.8904
2014-06-05,2014-12-08,126,9.3107,19.4882
2014-06-06,2014-12-09,126,8.0579,16.7652
2014-06-09,2014-12-10,126,10.1902,21.4188
2014-06-10,2014-12-11,126,9.6929,20.3254
2014-06-11,2014-12-12,126,9.3553,19.5857
2014-06-12,2014-12-15,126,9.8681,20.71
2014-06-13,2014-12-16,126,9.5361,19.9816
2014-06-16,2014-12-17,126,9.6261,20.1787
2014-06-17,2014-12-18,126,10.1301,21.2865
2014-06-18,2014-12-19,126,11.3083,23.8955
2014-06-19,2014-12-22,126,12.012,25.4669
2014-06-20,2014-12-23,126,9.8634,20.6996
2014-06-23,2014-12-24,126,9.3129,19.493
2014-06-24,2014-12-25,126,9.9842,20.9653
2014-06-25,2014-12-26,126,11.001,23.2121
2014-06-26,2014-12-29,126,11.0808,23.3894
2014-06-27,2014-12-30,126,10.6101,22.3459
2014-06-30,2015-01-05,126,12.4992,26.5607
2014-07-01,2015-01-06,126,12.7338,27.0891
2014-07-02,2015-01-07,126,12.5127,26.591
2014-07-03,2015-01-08,126,11.6089,24.5654
2014-07-04,2015-01-09,126,11.577,24.4942
2014-07-07,2015-01-12,126,11.5125,24.3504
2014-07-08,2015-01-13,126,11.5632,24.4634
2014-07-09,2015-01-14,126,11.6399,24.6348
2014-07-10,2015-01-15,126,12.4331,26.4119
2014-07-11,2015-01-16,126,13.1874,28.114
2014-07-14,2015-01-19,126,11.2402,23.7439
2014-07-15,2015-01-20,126,11.9257,25.2736
2014-07-16,2015-01-21,126,13.743,29.3746
2014-07-17,2015-01-22,126,13.4173,28.6349
2014-07-18,2015-01-23,126,13.3722,28.5325
2014-07-21,2015-01-26,126,13.7012,29.2797
2014-07-22,2015-01-27,126,13.0677,27.843
2014-07-23,2015-01-28,126,13.0258,27.7482
2014-07-24,2015-01-29,126,12.4496,26.4492
2014-07-25,2015-01-30,126,11.9928,25.4238
2014-07-28,2015-02-02,126,10.7231,22.5961
2014-07-29,2015-02-03,126,11.2035,23.6623
2014-07-30,2015-02-04,126,11.0696,23.3645
2014-07-31,2015-02-05,126,10.5559,22.2261
2014-08-01,2015-02-06,126,10.1518,21.3341
2014-08-04,2015-02-09,126,8.7922,18.3573
2014-08-05,2015-02-10,126,9.5285,19.9649
2014-08-06,2015-02-11,126,9.4123,19.7105
2014-08-07,2015-02-12,126,9.3795,19.6388
2014-08-08,2015-02-13,126,9.5454,20.0019
2014-08-11,2015-02-16,126,9.4718,19.8407
2014-08-12,2015-02-17,126,9.4971,19.8961
2014-08-13,2015-02-25,126,9.104,19.0368
2014-08-14,2015-02-26,126,9.8963,20.7719
2014-08-15,2015-02-27,126,9.7287,20.4039
2014-08-18,2015-03-02,126,10.2638,21.5811
2014-08-19,2015-03-03,126,9.5472,20.006
2014-08-20,2015-03-04,126,9.8067,20.575
2014-08-21,2015-03-05,126,9.7089,20.3604
2014-08-22,2015-03-06,126,9.285,19.4322
2014-08-25,2015-03-09,126,9.6332,20.1945
2014-08-26,2015-03-10,126,9.3857,19.6524
2014-08-27,2015-03-11,126,9.6565,20.2454
2014-08-28,2015-03-12,126,10.5143,22.1341
2014-08-29,2015-03-13,126,10.0115,21.0254
2014-09-01,2015-03-16,126,10.3783,21.8338
2014-09-02,2015-03-17,126,10.3171,21.6986
2014-09-03,2015-03-18,126,10.696,22.536
2014-09-04,2015-03-19,126,10.9947,23.1983
2014-09-05,2015-03-20,126,10.9116,23.0138
2014-09-09,2015-03-23,126,11.8532,25.1113
2014-09-10,2015-03-24,126,12.1819,25.8478
2014-09-11,2015-03-25,126,12.1883,25.8621
2014-09-12,2015-03-26,126,12.6166,26.8251
2014-09-15,2015-03-27,126,12.6806,26.9691
2014-09-16,2015-03-30,126,13.8804,29.6875
2014-09-17,2015-03-31,126,12.8636,27.3819
2014-09-18,2015-04-01,126,13.5231,28.875
2014-09-19,2015-04-02,126,14.0657,30.1098
2014-09-22,2015-04-03,126,15.0561,32.3791
2014-09-23,2015-04-07,126,15.5598,33.5407
2014-09-24,2015-04-08,126,15.0251,32.3077
2014-09-25,2015-04-09,126,14.37,30.8051
2014-09-26,2015-04-10,126,14.616,31.3683
2014-09-29,2015-04-13,126,15.6521,33.7542
2014-09-30,2015-04-14,126,15.9281,34.3933
2014-10-08,2015-04-15,126,15.2976,32.9354
2014-10-09,2015-04-16,126,16.1362,34.8762
2014-10-10,2015-04-17,126,16.7002,36.1893
2014-10-13,2015-04-20,126,16.2638,35.1727
2014-10-14,2015-04-21,126,16.5338,35.8013
2014-10-15,2015-04-22,126,17.5419,38.1611
2014-10-16,2015-04-23,126,17.0355,36.9731
2014-10-17,2015-04-24,126,17.053,37.0141
2014-10-20,2015-04-27,126,17.4771,38.0087
2014-10-21,2015-04-28,126,17.6533,38.423
2014-10-22,2015-04-29,126,18.066,39.3958
2014-10-23,2015-04-30,126,18.7084,40.9169
2014-10-24,2015-05-04,126,19.511,42.8287
2014-10-27,2015-05-05,126,18.0655,39.3946
2014-10-28,2015-05-06,126,16.9018,36.6604
2014-10-29,2015-05-07,126,15.6056,33.6466
2014-10-30,2015-05-08,126,16.561,35.8648
2014-10-31,2015-05-11,126,17.6401,38.3919
2014-11-03,2015-05-12,126,18.5731,40.5958
2014-11-04,2015-05-13,126,18.4387,40.2772
2014-11-05,2015-05-14,126,20.0044,44.0106
2014-11-06,2015-05-15,126,19.3732,42.4997
2014-11-07,2015-05-18,126,19.4344,42.6457
2014-11-10,2015-05-19,126,18.6238,40.716
2014-11-11,2015-05-20,126,19.2416,42.1856
2014-11-12,2015-05-21,126,18.9136,41.4044
2014-11-13,2015-05-22,126,20.3076,44.7393
2014-11-14,2015-05-25,126,21.8397,48.4491
2014-11-17,2015-05-26,126,21.5853,47.8298
2014-11-18,2015-05-27,126,22.0714,49.0142
2014-11-19,2015-05-28,126,19.8623,43.6698
2014-11-20,2015-05-29,126,20.3841,44.9233
2014-11-21,2015-06-01,126,21.5631,47.7759
2014-11-24,2015-06-02,126,21.4823,47.5794
2014-11-25,2015-06-03,126,21.0358,46.4966
2014-11-26,2015-06-04,126,20.8959,46.1581
2014-11-27,2015-06-05,126,21.0956,46.6415
2014-11-28,2015-06-08,126,20.8416,46.0269
2014-12-01,2015-06-09,126,21.6912,48.0875
2014-12-02,2015-06-10,126,19.4553,42.6957
2014-12-03,2015-06-11,126,19.3468,42.4365
2014-12-04,2015-06-12,126,18.3916,40.1657
2014-12-05,2015-06-15,126,18.0068,39.2561
2014-12-08,2015-06-16,126,16.3361,35.3409
2014-12-09,2015-06-17,126,17.982,39.1976
2014-12-10,2015-06-18,126,15.0357,32.3321
2014-12-11,2015-06-19,126,13.4413,28.6893
2014-12-12,2015-06-23,126,13.7811,29.4615
2014-12-15,2015-06-24,126,14.212,30.4439
2014-12-16,2015-06-25,126,13.2054,28.1547
2014-12-17,2015-06-26,126,10.8964,22.9802
2014-12-18,2015-06-29,126,10.749,22.6534
2014-12-19,2015-06-30,126,11.0593,23.3417
2014-12-22,2015-07-01,126,9.3114,19.4898
2014-12-23,2015-07-02,126,9.2754,19.4111
2014-12-24,2015-07-03,126,7.8006,16.2097
2014-12-25,2015-07-06,126,7.9246,16.4772
2014-12-26,2015-07-07,126,7.0644,14.6279
2014-12-29,2015-07-08,126,4.8461,9.927
2014-12-30,2015-07-09,126,7.0589,14.6162
2015-01-05,2015-07-10,126,6.2952,12.9867
2015-01-06,2015-07-13,126,6.6443,13.73
2015-01-07,2015-07-14,126,6.1395,12.656
2015-01-08,2015-07-15,126,5.8059,11.9489
2015-01-09,2015-07-16,126,5.861,12.0655
2015-01-12,2015-07-17,126,7.0119,14.5154
2015-01-13,2015-07-20,126,6.0756,12.5203
2015-01-14,2015-07-21,126,5.9395,12.2317
2015-01-15,2015-07-22,126,5.0041,10.2587
2015-01-16,2015-07-23,126,4.5983,9.4081
2015-01-19,2015-07-24,126,5.7222,11.7719
2015-01-20,2015-07-27,126,3.835,7.8172
2015-01-21,2015-07-28,126,1.7065,3.4422
2015-01-22,2015-07-29,126,2.809,5.697
2015-01-23,2015-07-30,126,1.7984,3.6291
2015-01-26,2015-07-31,126,1.7193,3.4681
2015-01-27,2015-08-03,126,2.3565,4.7686
2015-01-28,2015-08-04,126,2.9264,5.9385
2015-01-29,2015-08-05,126,2.7011,5.4751
2015-01-30,2015-08-06,126,3.2892,6.6867
2015-02-02,2015-08-07,126,4.1172,8.4039
2015-02-03,2015-08-10,126,4.8556,9.9469
2015-02-04,2015-08-11,126,5.8981,12.1441
2015-02-05,2015-08-12,126,6.5389,13.5054
2015-02-06,2015-08-13,126,7.6809,15.9518
2015-02-09,2015-08-14,126,7.9761,16.5884
2015-02-10,2015-08-17,126,7.569,15.7109
2015-02-11,2015-08-18,126,5.9318,12.2155
2015-02-12,2015-08-19,126,6.5482,13.5252
2015-02-13,2015-08-20,126,6.2516,12.8941
2015-02-16,2015-08-21,126,5.676,11.6743
2015-02-17,2015-08-24,126,3.5656,7.2583
2015-02-25,2015-08-25,126,2.339,4.7328
2015-02-26,2015-08-26,126,1.6595,3.3465
2015-02-27,2015-08-27,126,2.3846,4.8261
2015-03-02,2015-08-28,126,2.7409,5.557
2015-03-03,2015-08-31,126,3.3637,6.8405
2015-03-04,2015-09-01,126,3.3974,6.9101
2015-03-05,2015-09-02,126,4.1615,8.4963
2015-03-06,2015-09-07,126,3.22,6.5436
2015-03-09,2015-09-08,126,3.6272,7.386
2015-03-10,2015-09-09,126,4.3641,8.9187
2015-03-11,2015-09-10,126,3.5619,7.2507
2015-03-12,2015-09-11,126,4.0171,8.1955
2015-03-13,2015-09-14,126,3.1789,6.4589
2015-03-16,2015-09-15,126,1.7946,3.6215
2015-03-17,2015-09-16,126,2.9309,5.9477
2015-03-18,2015-09-17,126,-1.2477,-2.4799
2015-03-19,2015-09-18,126,-1.6057,-3.1857
2015-03-20,2015-09-21,126,-1.1466,-2.28
2015-03-23,2015-09-22,126,-1.8481,-3.662
2015-03-24,2015-09-23,126,-2.5834,-5.1001
2015-03-25,2015-09-24,126,-1.9753,-3.9115
2015-03-26,2015-09-25,126,-2.4617,-4.8628
2015-03-27,2015-09-28,126,-2.6935,-5.3145
2015-03-30,2015-09-29,126,-3.7428,-7.3455
2015-03-31,2015-09-30,126,-3.1676,-6.2349
2015-04-01,2015-10-08,126,-2.5543,-5.0433
2015-04-02,2015-10-09,126,-2.8775,-5.6723
2015-04-03,2015-10-12,126,-1.9263,-3.8156
2015-04-07,2015-10-13,126,-2.8033,-5.5281
2015-04-08,2015-10-14,126,-2.706,-5.3387
2015-04-09,2015-10-15,126,-1.4699,-2.9182
2015-04-10,2015-10-16,126,-1.7737,-3.5159
2015-04-13,2015-10-19,126,-2.7144,-5.3552
2015-04-14,2015-10-20,126,-2.5472,-5.0295
2015-04-15,2015-10-21,126,-2.7344,-5.394
2015-04-16,2015-10-22,126,-3.3372,-6.5631
2015-04-17,2015-10-23,126,-3.1232,-6.1489
2015-04-20,2015-10-26,126,-3.0271,-5.9626
2015-04-21,2015-10-27,126,-3.0555,-6.0176
2015-04-22,2015-10-28,126,-3.8878,-7.6244
2015-04-23,2015-10-29,126,-3.7213,-7.3042
2015-04-24,2015-10-30,126,-4.022,-7.8823
2015-04-27,2015-11-02,126,-4.7133,-9.2044
2015-04-28,2015-11-03,126,-5.135,-10.0063
2015-04-29,2015-11-04,126,-4.9393,-9.6346
2015-04-30,2015-11-05,126,-4.7,-9.1791
2015-05-04,2015-11-06,126,-4.5824,-8.9548
2015-05-05,2015-11-09,126,-3.4615,-6.8032
2015-05-06,2015-11-10,126,-3.3684,-6.6233
2015-05-07,2015-11-11,126,-2.5163,-4.9693
2015-05-08,2015-11-12,126,-3.5081,-6.8932
2015-05-11,2015-11-13,126,-4.5102,-8.8169
2015-05-12,2015-11-16,126,-4.3344,-8.4808
2015-05-13,2015-11-17,126,-4.6652,-9.1127
2015-05-14,2015-11-18,126,-5.4594,-10.6207
2015-05-15,2015-11-19,126,-4.7656,-9.3041
2015-05-18,2015-11-20,126,-4.5935,-8.976
2015-05-19,2015-11-23,126,-5.4555,-10.6134
2015-05-20,2015-11-24,126,-5.3893,-10.4881
2015-05-21,2015-11-25,126,-5.3625,-10.4374
2015-05-22,2015-11-26,126,-6.1538,-11.9288
2015-05-25,2015-11-27,126,-7.9331,-15.2368
2015-05-26,2015-11-30,126,-8.3784,-16.0549
2015-05-27,2015-12-01,126,-7.776,-14.9473
2015-05-28,2015-12-02,126,-6.1232,-11.8715
2015-05-29,2015-12-03,126,-6.3987,-12.3879
2015-06-01,2015-12-04,126,-7.6168,-14.6534
2015-06-02,2015-12-07,126,-5.7701,-11.2072
2015-06-03,2015-12-08,126,-6.4883,-12.5557
2015-06-04,2015-12-09,126,-6.1833,-11.9843
2015-06-05,2015-12-10,126,-6.4856,-12.5506
2015-06-08,2015-12-11,126,-6.8067,-13.15
2015-06-09,2015-12-14,126,-6.2761,-12.1583
2015-06-10,2015-12-15,126,-6.698,-12.9474
2015-06-11,2015-12-16,126,-6.7202,-12.9887
2015-06-12,2015-12-17,126,-6.271,-12.1487
2015-06-15,2015-12-18,126,-6.1744,-11.9675
2015-06-16,2015-12-21,126,-4.5675,-8.9264
2015-06-17,2015-12-22,126,-4.5247,-8.8447
2015-06-18,2015-12-23,126,-6.051,-11.7359
2015-06-19,2015-12-24,126,-5.1154,-9.9692
2015-06-23,2015-12-25,126,-5.1202,-9.9783
2015-06-24,2015-12-28,126,-6.1516,-11.9247
2015-06-25,2015-12-29,126,-5.261,-10.2452
2015-06-26,2015-12-30,126,-3.6527,-7.172
2015-06-29,2016-01-04,126,-4.9969,-9.7441
2015-06-30,2016-01-05,126,-5.6657,-11.0104
2015-07-01,2016-01-06,126,-4.0871,-8.0071
2015-07-02,2016-01-07,126,-3.6485,-7.1638
2015-07-03,2016-01-08,126,-1.615,-3.204
2015-07-06,2016-01-11,126,-3.3718,-6.6299
2015-07-07,2016-01-12,126,-3.3892,-6.6635
2015-07-08,2016-01-13,126,-1.9771,-3.9151
2015-07-09,2016-01-14,126,-3.2167,-6.3299
2015-07-10,2016-01-15,126,-5.0177,-9.7835
2015-07-13,2016-01-18,126,-5.4815,-10.6626
2015-07-14,2016-01-19,126,-4.487,-8.7728
2015-07-15,2016-01-20,126,-3.9439,-7.7323
2015-07-16,2016-01-21,126,-4.1374,-8.1035
2015-07-17,2016-01-22,126,-4.7089,-9.1961
2015-07-20,2016-01-25,126,-3.9709,-7.7841
2015-07-21,2016-01-26,126,-4.3203,-8.4539
2015-07-22,2016-01-27,126,-4.0075,-7.8545
2015-07-23,2016-01-28,126,-4.8153,-9.3988
2015-07-24,2016-01-29,126,-3.9,-7.6479
2015-07-27,2016-02-01,126,-2.7337,-5.3927
2015-07-28,2016-02-02,126,-1.9376,-3.8377
2015-07-29,2016-02-03,126,-2.699,-5.3252
2015-07-30,2016-02-04,126,-1.4069,-2.7939
2015-07-31,2016-02-05,126,-1.1336,-2.2544
2015-08-03,2016-02-15,126,-0.6932,-1.3816
2015-08-04,2016-02-16,126,-0.7784,-1.5508
2015-08-05,2016-02-17,126,0.0301,0.0602
2015-08-06,2016-02-18,126,0.2015,0.4034
2015-08-07,2016-02-19,126,-0.1881,-0.3759
2015-08-10,2016-02-22,126,-0.8821,-1.7564
2015-08-11,2016-02-23,126,-1.5684,-3.1122
2015-08-12,2016-02-24,126,-2.1024,-4.1606
2015-08-13,2016-02-25,126,-3.0123,-5.934
2015-08-14,2016-02-26,126,-2.5466,-5.0284
2015-08-17,2016-02-29,126,-3.2598,-6.4133
2015-08-18,2016-03-01,126,-1.2302,-2.4453
2015-08-19,2016-03-02,126,-1.2936,-2.5704
2015-08-20,2016-03-03,126,-0.8055,-1.6044
2015-08-21,2016-03-04,126,0.1819,0.3642
2015-08-24,2016-03-07,126,2.4764,5.0142
2015-08-25,2016-03-08,126,4.6241,9.4621
2015-08-26,2016-03-09,126,4.4002,8.994
2015-08-27,2016-03-10,126,2.6495,5.3693
2015-08-28,2016-03-11,126,2.0126,4.0657
2015-08-31,2016-03-14,126,1.8507,3.7356
2015-09-01,2016-03-15,126,1.2888,2.5942
2015-09-02,2016-03-16,126,1.4555,2.9321
2015-09-07,2016-03-17,126,3.2725,6.6521
2015-09-08,2016-03-18,126,2.9692,6.0266
2015-09-09,2016-03-21,126,2.3138,4.6812
2015-09-10,2016-03-22,126,3.1317,6.3616
2015-09-11,2016-03-23,126,2.8595,5.8008
2015-09-14,2016-03-24,126,2.8704,5.8232
2015-09-15,2016-03-25,126,3.9894,8.1379
2015-09-16,2016-03-28,126,2.6664,5.4039
2015-09-17,2016-03-29,126,2.7224,5.519
2015-09-18,2016-03-30,126,3.3519,6.8161
2015-09-21,2016-03-31,126,2.4706,5.0023
2015-09-22,2016-04-01,126,2.6576,5.3858
2015-09-23,2016-04-05,126,3.4493,7.0176
2015-09-24,2016-04-06,126,3.066,6.2259
2015-09-25,2016-04-07,126,2.8545,5.7904
2015-09-28,2016-04-08,126,3.124,6.3456
2015-09-29,2016-04-11,126,4.4359,9.0686
2015-09-30,2016-04-12,126,4.4764,9.1532
2015-10-08,2016-04-13,126,3.4536,7.0265
2015-10-09,2016-04-14,126,2.9758,6.0402
2015-10-12,2016-04-15,126,1.745,3.5205
2015-10-13,2016-04-18,126,1.7177,3.4649
2015-10-14,2016-04-19,126,1.8887,3.8131
2015-10-15,2016-04-20,126,0.9856,1.9809
2015-10-16,2016-04-21,126,1.0088,2.0278
2015-10-19,2016-04-22,126,0.943,1.8949
2015-10-20,2016-04-25,126,0.5366,1.0762
2015-10-21,2016-04-26,126,1.0948,2.2016
2015-10-22,2016-04-27,126,1.2088,2.4322
2015-10-23,2016-04-28,126,0.8664,1.7403
2015-10-26,2016-04-29,126,1.4079,2.8356
2015-10-27,2016-05-03,126,2.2407,4.5316
2015-10-28,2016-05-04,126,2.2209,4.4911
2015-10-29,2016-05-05,126,2.4624,4.9854
2015-10-30,2016-05-06,126,2.4476,4.9551
2015-11-02,2016-05-09,126,2.4648,4.9904
2015-11-03,2016-05-10,126,2.4665,4.9938
2015-11-04,2016-05-11,126,2.3754,4.8072
2015-11-05,2016-05-12,126,2.1688,4.3847
2015-11-06,2016-05-13,126,1.9474,3.9328
2015-11-09,2016-05-16,126,2.282,4.6161
2015-11-10,2016-05-17,126,2.1474,4.341
2015-11-11,2016-05-18,126,1.6861,3.4005
2015-11-12,2016-05-19,126,1.5649,3.1543
2015-11-13,2016-05-20,126,1.8936,3.823
2015-11-16,2016-05-23,126,1.2557,2.5271
2015-11-17,2016-05-24,126,1.3881,2.7954
2015-11-18,2016-05-25,126,1.3105,2.6383
2015-11-19,2016-05-26,126,1.0242,2.0589
2015-11-20,2016-05-27,126,0.7259,1.4571
2015-11-23,2016-05-30,126,0.9022,1.8126
2015-11-24,2016-05-31,126,1.7683,3.5679
2015-11-25,2016-06-01,126,1.249,2.5136
2015-11-26,2016-06-02,126,1.4913,3.0049
2015-11-27,2016-06-03,126,2.7269,5.5282
2015-11-30,2016-06-06,126,3.5841,7.2967
2015-12-01,2016-06-07,126,2.8616,5.8051
2015-12-02,2016-06-08,126,2.4146,4.8876
2015-12-03,2016-06-13,126,3.027,6.1455
2015-12-04,2016-06-14,126,3.1265,6.3507
2015-12-07,2016-06-15,126,2.7245,5.5232
2015-12-08,2016-06-16,126,3.7536,7.6481
2015-12-09,2016-06-17,126,2.9149,5.9148
2015-12-10,2016-06-20,126,3.2579,6.622
2015-12-11,2016-06-21,126,3.3464,6.8047
2015-12-14,2016-06-22,126,2.5086,5.0801
2015-12-15,2016-06-23,126,2.7553,5.5865
2015-12-16,2016-06-24,126,3.8479,7.8438
2015-12-17,2016-06-27,126,3.7571,7.6553
2015-12-18,2016-06-28,126,3.8344,7.8158
2015-12-21,2016-06-29,126,2.9872,6.0636
2015-12-22,2016-06-30,126,2.6174,5.3032
2015-12-23,2016-07-01,126,3.298,6.7048
2015-12-24,2016-07-04,126,4.3068,8.7991
2015-12-25,2016-07-05,126,3.9752,8.1083
2015-12-28,2016-07-06,126,5.281,10.8408
2015-12-29,2016-07-07,126,4.7641,9.7552
2015-12-30,2016-07-08,126,4.2758,8.7344
2016-01-04,2016-07-11,126,6.2264,12.8404
2016-01-05,2016-07-12,126,6.1613,12.7022
2016-01-06,2016-07-13,126,5.3141,10.9106
2016-01-07,2016-07-14,126,5.7641,11.8605
2016-01-08,2016-07-15,126,5.2182,10.7086
2016-01-11,2016-07-18,126,6.4959,13.4137
2016-01-12,2016-07-19,126,6.6651,13.7743
2016-01-13,2016-07-20,126,7.1326,14.7739
2016-01-14,2016-07-21,126,6.2602,12.9122
2016-01-15,2016-07-22,126,7.1554,14.8229
2016-01-18,2016-07-25,126,7.0119,14.5154
2016-01-19,2016-07-26,126,6.7242,13.9006
2016-01-20,2016-07-27,126,6.853,14.1756
2016-01-21,2016-07-28,126,8.0212,16.6859
2016-01-22,2016-07-29,126,7.6603,15.9073
2016-01-25,2016-08-01,126,7.6229,15.8269
2016-01-26,2016-08-02,126,8.9408,18.681
2016-01-27,2016-08-03,126,9.171,19.1832
2016-01-28,2016-08-04,126,9.5481,20.0079
2016-01-29,2016-08-05,126,9.2862,19.4346
2016-02-01,2016-08-08,126,9.0287,18.8725
2016-02-02,2016-08-09,126,8.5731,17.8813
2016-02-03,2016-08-10,126,8.9229,18.6419
2016-02-04,2016-08-11,126,8.1067,16.8705
2016-02-05,2016-08-12,126,8.5461,17.8227
2016-02-15,2016-08-15,126,8.2727,17.2298
2016-02-16,2016-08-16,126,7.7542,16.1097
2016-02-17,2016-08-17,126,7.1592,14.8309
2016-02-18,2016-08-18,126,7.3133,15.1614
2016-02-19,2016-08-19,126,7.0651,14.6295
2016-02-22,2016-08-22,126,6.283,12.9608
2016-02-23,2016-08-23,126,6.6454,13.7323
2016-02-24,2016-08-24,126,6.2099,12.8054
2016-02-25,2016-08-25,126,6.9702,14.4263
2016-02-26,2016-08-26,126,6.5506,13.5303
2016-02-29,2016-08-29,126,7.1116,14.729
2016-03-01,2016-08-30,126,6.5207,13.4667
2016-03-02,2016-08-31,126,5.8664,12.0769
2016-03-03,2016-09-01,126,5.3131,10.9086
2016-03-04,2016-09-02,126,4.8017,9.834
2016-03-07,2016-09-05,126,5.1404,10.545
2016-03-08,2016-09-06,126,5.2082,10.6877
2016-03-09,2016-09-07,126,6.0244,12.4116
2016-03-10,2016-09-08,126,6.65,13.7422
2016-03-11,2016-09-09,126,5.8232,11.9854
2016-03-14,2016-09-12,126,5.2901,10.86
2016-03-15,2016-09-13,126,5.6674,11.6561
2016-03-16,2016-09-14,126,4.8979,10.0357
2016-03-17,2016-09-19,126,4.4935,9.1889
2016-03-18,2016-09-20,126,4.2964,8.7773
2016-03-21,2016-09-21,126,4.5126,9.2289
2016-03-22,2016-09-22,126,4.9032,10.0468
2016-03-23,2016-09-23,126,5.1575,10.581
2016-03-24,2016-09-26,126,5.4833,11.2674
2016-03-25,2016-09-27,126,5.272,10.8219
2016-03-28,2016-09-28,126,5.281,10.8408
2016-03-29,2016-09-29,126,5.4108,11.1144
2016-03-30,2016-09-30,126,4.6484,9.513
2016-03-31,2016-10-10,126,4.1574,8.4876
2016-04-01,2016-10-11,126,4.0132,8.1875
2016-04-05,2016-10-12,126,3.7572,7.6555
2016-04-06,2016-10-13,126,3.9122,7.9774
2016-04-07,2016-10-14,126,4.1621,8.4973
2016-04-08,2016-10-17,126,3.8799,7.9103
2016-04-11,2016-10-18,126,3.755,7.6509
2016-04-12,2016-10-19,126,3.6544,7.4424
2016-04-13,2016-10-20,126,3.8013,7.7471
2016-04-14,2016-10-21,126,4.0923,8.3522
2016-04-15,2016-10-24,126,4.4802,9.161
2016-04-18,2016-10-25,126,4.9289,10.1007
2016-04-19,2016-10-26,126,4.4918,9.1853
2016-04-20,2016-10-27,126,4.6183,9.4499
2016-04-21,2016-10-28,126,4.3915,8.9758
2016-04-22,2016-10-31,126,4.7142,9.6506
2016-04-25,2016-11-01,126,5.1138,10.489
2016-04-26,2016-11-02,126,5.0584,10.3726
2016-04-27,2016-11-03,126,4.979,10.206
2016-04-28,2016-11-04,126,4.6903,9.6006
2016-04-29,2016-11-07,126,4.2765,8.7359
2016-05-03,2016-11-08,126,3.4002,6.916
2016-05-04,2016-11-09,126,4.3326,8.8529
2016-05-05,2016-11-10,126,4.1472,8.4664
2016-05-06,2016-11-11,126,4.3221,8.8311
2016-05-09,2016-11-14,126,4.0542,8.2728
2016-05-10,2016-11-15,126,4.4922,9.1863
2016-05-11,2016-11-16,126,4.2788,8.7407
2016-05-12,2016-11-17,126,4.3353,8.8585
2016-05-13,2016-11-18,126,3.9523,8.0607
2016-05-16,2016-11-21,126,4.0081,8.1768
2016-05-17,2016-11-22,126,4.5195,9.2432
2016-05-18,2016-11-23,126,4.9274,10.0976
2016-05-19,2016-11-24,126,5.2631,10.8032
2016-05-20,2016-11-25,126,5.3233,10.93
2016-05-23,2016-11-28,126,5.7517,11.8343
2016-05-24,2016-11-29,126,6.2174,12.8213
2016-05-25,2016-11-30,126,6.1359,12.6483
2016-05-26,2016-12-01,126,6.139,12.6548
2016-05-27,2016-12-02,126,5.7881,11.9113
2016-05-30,2016-12-05,126,5.5559,11.4205
2016-05-31,2016-12-06,126,4.5048,9.2125
2016-06-01,2016-12-07,126,4.5082,9.2196
2016-06-02,2016-12-08,126,4.7613,9.7492
2016-06-03,2016-12-09,126,5.0079,10.2665
2016-06-06,2016-12-12,126,3.8652,7.8799
2016-06-07,2016-12-13,126,3.8368,7.8208
2016-06-08,2016-12-14,126,3.7395,7.6188
2016-06-13,2016-12-15,126,3.0323,6.1566
2016-06-14,2016-12-16,126,2.9031,5.8904
2016-06-15,2016-12-19,126,2.5094,5.0817
2016-06-16,2016-12-20,126,1.983,4.0052
2016-06-17,2016-12-21,126,2.5904,5.2478
2016-06-20,2016-12-22,126,2.3525,4.7602
2016-06-21,2016-12-23,126,2.1406,4.327
2016-06-22,2016-12-26,126,2.4989,5.0603
2016-06-23,2016-12-27,126,2.7776,5.6324
2016-06-24,2016-12-28,126,2.0677,4.1781
2016-06-27,2016-12-29,126,1.7266,3.483
2016-06-28,2016-12-30,126,2.1177,4.2802
2016-06-29,2017-01-03,126,2.0638,4.1702
2016-06-30,2017-01-04,126,2.2792,4.6104
2016-07-01,2017-01-05,126,1.775,3.5815
2016-07-04,2017-01-06,126,0.888,1.7839
2016-07-05,2017-01-09,126,1.3127,2.6426
2016-07-06,2017-01-10,126,0.9326,1.8739
2016-07-07,2017-01-11,126,1.0262,2.063
2016-07-08,2017-01-12,126,1.4381,2.897
2016-07-11,2017-01-13,126,1.137,2.2869
2016-07-12,2017-01-16,126,0.898,1.8041
2016-07-13,2017-01-17,126,1.2173,2.4494
2016-07-14,2017-01-18,126,1.4911,3.0045
2016-07-15,2017-01-19,126,1.1352,2.2834
2016-07-18,2017-01-20,126,1.3013,2.6195
2016-07-19,2017-01-23,126,1.6206,3.2675
2016-07-20,2017-01-24,126,1.8218,3.6768
2016-07-21,2017-01-25,126,1.724,3.4776
2016-07-22,2017-01-26,126,1.7483,3.5273
2016-07-25,2017-02-03,126,1.9262,3.8896
2016-07-26,2017-02-06,126,1.9049,3.8461
2016-07-27,2017-02-07,126,2.3164,4.6864
2016-07-28,2017-02-08,126,1.6877,3.4039
2016-07-29,2017-02-09,126,2.097,4.2379
2016-08-01,2017-02-10,126,1.8771,3.7895
2016-08-02,2017-02-13,126,1.9235,3.8841
2016-08-03,2017-02-14,126,1.6898,3.4081
2016-08-04,2017-02-15,126,1.7976,3.6276
2016-08-05,2017-02-16,126,1.6823,3.3928
2016-08-08,2017-02-17,126,1.829,3.6915
2016-08-09,2017-02-20,126,2.1518,4.3499
2016-08-10,2017-02-21,126,2.0335,4.1084
2016-08-11,2017-02-22,126,2.3449,4.7448
2016-08-12,2017-02-23,126,1.7058,3.4407
2016-08-15,2017-02-24,126,1.3579,2.7342
2016-08-16,2017-02-27,126,1.3299,2.6775
2016-08-17,2017-02-28,126,1.5058,3.0344
2016-08-18,2017-03-01,126,1.2642,2.5444
2016-08-19,2017-03-02,126,1.1492,2.3117
2016-08-22,2017-03-03,126,1.3328,2.6833
2016-08-23,2017-03-06,126,1.2641,2.5443
2016-08-24,2017-03-07,126,1.1762,2.3663
2016-08-25,2017-03-08,126,1.3658,2.7502
2016-08-26,2017-03-09,126,1.1109,2.2341
2016-08-29,2017-03-10,126,1.0897,2.1913
2016-08-30,2017-03-13,126,1.3837,2.7865
2016-08-31,2017-03-14,126,1.2931,2.603
2016-09-01,2017-03-15,126,1.6478,3.3227
2016-09-02,2017-03-16,126,2.0042,4.0486
2016-09-05,2017-03-17,126,1.3164,2.65
2016-09-06,2017-03-20,126,1.3326,2.6829
2016-09-07,2017-03-21,126,1.1405,2.294
2016-09-08,2017-03-22,126,1.2203,2.4556
2016-09-09,2017-03-23,126,1.6125,3.251
2016-09-12,2017-03-24,126,2.3043,4.6616
2016-09-13,2017-03-27,126,2.5795,5.2254
2016-09-14,2017-03-28,126,2.8246,5.729
2016-09-19,2017-03-29,126,2.6445,5.359
2016-09-20,2017-03-30,126,2.4996,5.0617
2016-09-21,2017-03-31,126,2.4213,4.9013
2016-09-22,2017-04-05,126,2.5534,5.1719
2016-09-23,2017-04-06,126,2.8669,5.816
2016-09-26,2017-04-07,126,3.5293,7.1831
2016-09-27,2017-04-10,126,3.4487,7.0164
2016-09-28,2017-04-11,126,3.835,7.8171
2016-09-29,2017-04-12,126,4.0281,8.2186
2016-09-30,2017-04-13,126,4.2273,8.6333
2016-10-10,2017-04-14,126,4.6254,9.4647
2016-10-11,2017-04-17,126,4.3904,8.9736
2016-10-12,2017-04-18,126,4.3897,8.9722
2016-10-13,2017-04-19,126,4.142,8.4556
2016-10-14,2017-04-20,126,4.3574,8.9047
2016-10-17,2017-04-21,126,4.56,9.328
2016-10-18,2017-04-24,126,3.7128,7.5634
2016-10-19,2017-04-25,126,3.9174,7.9882
2016-10-20,2017-04-26,126,3.6172,7.3652
2016-10-21,2017-04-27,126,3.4939,7.1098
2016-10-24,2017-04-28,126,3.1573,6.4144
2016-10-25,2017-05-02,126,2.8855,5.8542
2016-10-26,2017-05-03,126,2.78,5.6373
2016-10-27,2017-05-04,126,2.6077,5.2834
2016-10-28,2017-05-05,126,2.5064,5.0756
2016-10-31,2017-05-08,126,2.1338,4.3132
2016-11-01,2017-05-09,126,1.8886,3.8128
2016-11-02,2017-05-10,126,1.5199,3.063
2016-11-03,2017-05-11,126,1.5546,3.1334
2016-11-04,2017-05-12,126,2.078,4.1992
2016-11-07,2017-05-15,126,2.4405,4.9405
2016-11-08,2017-05-16,126,2.797,5.6721
2016-11-09,2017-05-17,126,2.0971,4.2382
2016-11-10,2017-05-18,126,2.3634,4.7826
2016-11-11,2017-05-19,126,2.7851,5.6477
2016-11-14,2017-05-22,126,3.5577,7.242
2016-11-15,2017-05-23,126,3.5953,7.3199
2016-11-16,2017-05-24,126,3.2011,6.5047
2016-11-17,2017-05-25,126,3.5623,7.2515
2016-11-18,2017-05-26,126,3.8556,7.8598
2016-11-21,2017-05-31,126,3.3946,6.9044
2016-11-22,2017-06-01,126,3.2606,6.6276
2016-11-23,2017-06-02,126,2.9739,6.0362
2016-11-24,2017-06-05,126,3.2476,6.6006
2016-11-25,2017-06-06,126,3.4166,6.9499
2016-11-28,2017-06-07,126,3.3219,6.7542
2016-11-29,2017-06-08,126,3.4055,6.927
2016-11-30,2017-06-09,126,3.7049,7.547
2016-12-01,2017-06-12,126,3.5659,7.2589
2016-12-02,2017-06-13,126,4.0719,8.3096
2016-12-05,2017-06-14,126,4.0708,8.3073
2016-12-06,2017-06-15,126,3.8408,7.8292
2016-12-07,2017-06-16,126,3.5353,7.1955
2016-12-08,2017-06-19,126,3.4698,7.0599
2016-12-09,2017-06-20,126,3.0737,6.2418
2016-12-12,2017-06-21,126,3.9898,8.1388
2016-12-13,2017-06-22,126,4.2454,8.671
2016-12-14,2017-06-23,126,4.6561,9.529
2016-12-15,2017-06-26,126,5.5634,11.4364
2016-12-16,2017-06-27,126,5.6447,11.6081
2016-12-19,2017-06-28,126,5.2556,10.7874
2016-12-20,2017-06-29,126,5.5785,11.4682
2016-12-21,2017-06-30,126,5.1244,10.5114
2016-12-22,2017-07-03,126,5.0302,10.3134
2016-12-23,2017-07-04,126,4.8497,9.9346
2016-12-26,2017-07-05,126,4.9246,10.0917
2016-12-27,2017-07-06,126,4.9487,10.1424
2016-12-28,2017-07-07,126,4.8166,9.8651
2016-12-29,2017-07-10,126,4.2691,8.7205
2016-12-30,2017-07-11,126,4.1437,8.459
2017-01-03,2017-07-12,126,3.9515,8.0592
2017-01-04,2017-07-13,126,3.9361,8.0271
2017-01-05,2017-07-14,126,4.0614,8.2878
2017-01-06,2017-07-17,126,4.1825,8.54
2017-01-09,2017-07-18,126,3.9452,8.0461
2017-01-10,2017-07-19,126,4.2724,8.7273
2017-01-11,2017-07-20,126,4.6914,9.6029
2017-01-12,2017-07-21,126,4.8955,10.0306
2017-01-13,2017-07-24,126,5.1793,10.6269
2017-01-16,2017-07-25,126,4.7561,9.7384
2017-01-17,2017-07-26,126,4.1571,8.4871
2017-01-18,2017-07-27,126,4.4493,9.0965
2017-01-19,2017-07-28,126,4.7555,9.7372
2017-01-20,2017-07-31,126,4.5483,9.3035
2017-01-23,2017-08-01,126,4.6159,9.4449
2017-01-24,2017-08-02,126,4.4394,9.0758
2017-01-25,2017-08-03,126,4.225,8.6284
2017-01-26,2017-08-04,126,4.3015,8.788
2017-02-03,2017-08-07,126,3.9923,8.144
2017-02-06,2017-08-08,126,3.6282,7.3881
2017-02-07,2017-08-09,126,3.4612,7.0423
2017-02-08,2017-08-10,126,3.5318,7.1883
2017-02-09,2017-08-11,126,3.0544,6.2021
2017-02-10,2017-08-14,126,3.3474,6.8069
2017-02-13,2017-08-15,126,3.0183,6.1277
2017-02-14,2017-08-16,126,2.9386,5.9635
2017-02-15,2017-08-17,126,3.439,6.9963
2017-02-16,2017-08-18,126,3.3295,6.7699
2017-02-17,2017-08-21,126,3.403,6.9218
2017-02-20,2017-08-22,126,2.8933,5.8702
2017-02-21,2017-08-23,126,2.8494,5.78
2017-02-22,2017-08-24,126,2.6687,5.4086
2017-02-23,2017-08-25,126,3.0197,6.1305
2017-02-24,2017-08-28,126,3.0783,6.2514
2017-02-27,2017-08-29,126,3.3967,6.9088
2017-02-28,2017-08-30,126,3.0255,6.1425
2017-03-01,2017-08-31,126,3.0016,6.0934
2017-03-02,2017-09-01,126,3.2631,6.6327
2017-03-03,2017-09-04,126,3.6802,7.4958
2017-03-06,2017-09-05,126,3.6172,7.3652
2017-03-07,2017-09-06,126,3.6858,7.5074
2017-03-08,2017-09-07,126,3.8042,7.7532
2017-03-09,2017-09-08,126,4.1394,8.4502
2017-03-10,2017-09-11,126,4.2465,8.6734
2017-03-13,2017-09-12,126,3.6759,7.4869
2017-03-14,2017-09-13,126,3.8241,7.7944
2017-03-15,2017-09-14,126,3.7029,7.543
2017-03-16,2017-09-15,126,3.2922,6.6927
2017-03-17,2017-09-18,126,3.4031,6.9219
2017-03-20,2017-09-19,126,3.1567,6.413
2017-03-21,2017-09-20,126,3.0779,6.2506
2017-03-22,2017-09-21,126,2.7296,5.5338
2017-03-23,2017-09-22,126,2.8367,5.7538
2017-03-24,2017-09-25,126,2.5362,5.1367
2017-03-27,2017-09-26,126,2.6507,5.3716
2017-03-28,2017-09-27,126,2.5774,5.2213
2017-03-29,2017-09-28,126,2.4723,5.0058
2017-03-30,2017-09-29,126,2.7146,5.503
2017-03-31,2017-10-09,126,2.8159,5.711
2017-04-05,2017-10-10,126,2.2447,4.5397
2017-04-06,2017-10-11,126,2.0945,4.233
2017-04-07,2017-10-12,126,1.9304,3.8981
2017-04-10,2017-10-13,126,2.0236,4.0882
2017-04-11,2017-10-16,126,1.8926,3.821
2017-04-12,2017-10-17,126,1.5349,3.0934
2017-04-13,2017-10-18,126,1.3751,2.769
2017-04-14,2017-10-19,126,1.604,3.2338
2017-04-17,2017-10-20,126,1.904,3.8443
2017-04-18,2017-10-23,126,1.9665,3.9717
2017-04-19,2017-10-24,126,2.2985,4.6499
2017-04-20,2017-10-25,126,2.1915,4.431
2017-04-21,2017-10-26,126,2.295,4.6428
2017-04-24,2017-10-27,126,2.6732,5.4178
2017-04-25,2017-10-30,126,2.4561,4.9724
2017-04-26,2017-10-31,126,2.3611,4.778
2017-04-27,2017-11-01,126,2.0911,4.226
2017-04-28,2017-11-02,126,2.1529,4.3522
2017-05-02,2017-11-03,126,2.1126,4.2699
2017-05-03,2017-11-06,126,2.4266,4.9121
2017-05-04,2017-11-07,126,3.0625,6.2189
2017-05-05,2017-11-08,126,3.2728,6.6527
2017-05-08,2017-11-09,126,3.6853,7.5064
2017-05-09,2017-11-10,126,4.3388,8.8658
2017-05-10,2017-11-13,126,4.7474,9.7203
2017-05-11,2017-11-14,126,4.3383,8.8647
2017-05-12,2017-11-15,126,3.9682,8.0939
2017-05-15,2017-11-16,126,3.6742,7.4834
2017-05-16,2017-11-17,126,3.4912,7.1043
2017-05-17,2017-11-20,126,3.7332,7.6057
2017-05-18,2017-11-21,126,3.7511,7.6429
2017-05-19,2017-11-22,126,3.7055,7.5484
2017-05-22,2017-11-23,126,3.0282,6.148
2017-05-23,2017-11-24,126,2.7398,5.5547
2017-05-24,2017-11-27,126,2.8286,5.7371
2017-05-25,2017-11-28,126,2.4795,5.0204
2017-05-26,2017-11-29,126,2.4718,5.0047
2017-05-31,2017-11-30,126,2.1197,4.2843
2017-06-01,2017-12-01,126,1.8272,3.6878
2017-06-02,2017-12-04,126,1.9673,3.9734
2017-06-05,2017-12-05,126,1.9634,3.9654
2017-06-06,2017-12-06,126,1.4094,2.8386
2017-06-07,2017-12-07,126,0.7305,1.4663
2017-06-08,2017-12-08,126,0.4506,0.9033
2017-06-09,2017-12-11,126,0.814,1.6346
2017-06-12,2017-12-12,126,0.519,1.0407
2017-06-13,2017-12-13,126,0.5364,1.0756
2017-06-14,2017-12-14,126,1.0958,2.2037
2017-06-15,2017-12-15,126,1.1725,2.3588
2017-06-16,2017-12-18,126,1.4245,2.8692
2017-06-19,2017-12-19,126,1.6787,3.3857
2017-06-20,2017-12-20,126,1.6531,3.3336
2017-06-21,2017-12-21,126,1.5472,3.1183
2017-06-22,2017-12-22,126,1.2915,2.5997
2017-06-23,2017-12-25,126,1.1369,2.2867
2017-06-26,2017-12-26,126,1.0518,2.1147
2017-06-27,2017-12-27,126,0.9214,1.8513
2017-06-28,2017-12-28,126,1.4391,2.8988
2017-06-29,2017-12-29,126,1.5587,3.1417
2017-06-30,2018-01-02,126,2.2824,4.6168
2017-07-03,2018-01-03,126,2.6042,5.2763
2017-07-04,2018-01-04,126,3.0098,6.1101
2017-07-05,2018-01-05,126,3.1325,6.363
2017-07-06,2018-01-08,126,3.3327,6.7765
2017-07-07,2018-01-09,126,3.5398,7.205
2017-07-10,2018-01-10,126,4.0034,8.1672
2017-07-11,2018-01-11,126,3.7353,7.6102
2017-07-12,2018-01-12,126,3.993,8.1454
2017-07-13,2018-01-15,126,3.9533,8.0628
2017-07-14,2018-01-16,126,4.3153,8.8168
2017-07-17,2018-01-17,126,4.1661,8.5058
2017-07-18,2018-01-18,126,4.0197,8.201
2017-07-19,2018-01-19,126,3.4981,7.1185
2017-07-20,2018-01-22,126,3.5489,7.2237
2017-07-21,2018-01-23,126,3.7206,7.5797
2017-07-24,2018-01-24,126,3.6204,7.372
2017-07-25,2018-01-25,126,3.6854,7.5067
2017-07-26,2018-01-26,126,4.1679,8.5095
2017-07-27,2018-01-29,126,3.4154,6.9475
2017-07-28,2018-01-30,126,2.8908,5.8652
2017-07-31,2018-01-31,126,2.8822,5.8475
2017-08-01,2018-02-01,126,2.4031,4.864
2017-08-02,2018-02-02,126,2.7083,5.4899
2017-08-03,2018-02-05,126,3.0677,6.2296
2017-08-04,2018-02-06,126,2.5387,5.1419
2017-08-07,2018-02-07,126,1.7408,3.5119
2017-08-08,2018-02-08,126,1.4956,3.0135
2017-08-09,2018-02-09,126,0.4566,0.9153
2017-08-10,2018-02-12,126,0.5304,1.0637
2017-08-11,2018-02-13,126,1.1691,2.3518
2017-08-14,2018-02-14,126,1.2777,2.5716
2017-08-15,2018-02-22,126,1.6983,3.4254
2017-08-16,2018-02-23,126,2.0764,4.196
2017-08-17,2018-02-26,126,1.9403,3.9182
2017-08-18,2018-02-27,126,1.4016,2.8229
2017-08-21,2018-02-28,126,1.0507,2.1125
2017-08-22,2018-03-01,126,1.1502,2.3136
2017-08-23,2018-03-02,126,1.1615,2.3365
2017-08-24,2018-03-05,126,1.2802,2.5767
2017-08-25,2018-03-06,126,1.3178,2.653
2017-08-28,2018-03-07,126,1.0139,2.038
2017-08-29,2018-03-08,126,0.9335,1.8756
2017-08-30,2018-03-09,126,1.2537,2.5232
2017-08-31,2018-03-12,126,1.5016,3.0258
2017-09-01,2018-03-13,126,1.1261,2.2649
2017-09-04,2018-03-14,126,0.8623,1.732
2017-09-05,2018-03-15,126,0.8383,1.6836
2017-09-06,2018-03-16,126,0.7036,1.4121
2017-09-07,2018-03-19,126,0.6088,1.2213
2017-09-08,2018-03-20,126,0.6315,1.267
2017-09-11,2018-03-21,126,0.6302,1.2644
2017-09-12,2018-03-22,126,0.7558,1.5173
2017-09-13,2018-03-23,126,0.2401,0.4807
2017-09-14,2018-03-26,126,0.1076,0.2153
2017-09-15,2018-03-27,126,0.1172,0.2345
2017-09-18,2018-03-28,126,-0.2496,-0.4985
2017-09-19,2018-03-29,126,-0.0912,-0.1824
2017-09-20,2018-03-30,126,-0.1867,-0.373
2017-09-21,2018-04-02,126,0.0393,0.0786
2017-09-22,2018-04-03,126,-0.0811,-0.1621
2017-09-25,2018-04-04,126,-0.002,-0.0039
2017-09-26,2018-04-09,126,-0.4548,-0.9075
2017-09-27,2018-04-10,126,0.0887,0.1774
2017-09-28,2018-04-11,126,0.4802,0.9627
2017-09-29,2018-04-12,126,0.2279,0.4563
2017-10-09,2018-04-13,126,-0.1799,-0.3594
2017-10-10,2018-04-16,126,-0.4622,-0.9222
2017-10-11,2018-04-17,126,-0.744,-1.4825
2017-10-12,2018-04-18,126,-0.7859,-1.5656
2017-10-13,2018-04-19,126,-0.6906,-1.3765
2017-10-16,2018-04-20,126,-1.2138,-2.413
2017-10-17,2018-04-23,126,-1.2623,-2.5086
2017-10-18,2018-04-24,126,-0.9394,-1.87
2017-10-19,2018-04-25,126,-1.0332,-2.0557
2017-10-20,2018-04-26,126,-1.4032,-2.7867
2017-10-23,2018-04-27,126,-1.4625,-2.9036
2017-10-24,2018-05-02,126,-1.5866,-3.1481
2017-10-25,2018-05-03,126,-1.047,-2.0831
2017-10-26,2018-05-04,126,-1.1776,-2.3413
2017-10-27,2018-05-07,126,-0.6765,-1.3484
2017-10-30,2018-05-08,126,-0.4079,-0.8142
2017-10-31,2018-05-09,126,-0.3456,-0.6901
2017-11-01,2018-05-10,126,0.0812,0.1624
2017-11-02,2018-05-11,126,-0.0129,-0.0258
2017-11-03,2018-05-14,126,0.2351,0.4708
2017-11-06,2018-05-15,126,0.1413,0.2827
2017-11-07,2018-05-16,126,-0.5314,-1.0599
2017-11-08,2018-05-17,126,-0.7535,-1.5012
2017-11-09,2018-05-18,126,-0.7318,-1.4582
2017-11-10,2018-05-21,126,-1.2779,-2.5394
2017-11-13,2018-05-22,126,-1.2168,-2.4188
2017-11-14,2018-05-23,126,-1.3337,-2.6497
2017-11-15,2018-05-24,126,-1.3198,-2.6221
2017-11-16,2018-05-25,126,-1.2239,-2.4329
2017-11-17,2018-05-28,126,-1.4112,-2.8025
2017-11-20,2018-05-29,126,-1.6292,-3.2319
2017-11-21,2018-05-30,126,-2.0745,-4.106
2017-11-22,2018-05-31,126,-1.6131,-3.2003
2017-11-23,2018-06-01,126,-1.2591,-2.5024
2017-11-24,2018-06-04,126,-1.2071,-2.3996
2017-11-27,2018-06-05,126,-0.9053,-1.8023
2017-11-28,2018-06-06,126,-0.9831,-1.9565
2017-11-29,2018-06-07,126,-1.0299,-2.0493
2017-11-30,2018-06-08,126,-0.9851,-1.9605
2017-12-01,2018-06-11,126,-0.7648,-1.5238
2017-12-04,2018-06-12,126,-0.4904,-0.9783
2017-12-05,2018-06-13,126,-0.7929,-1.5796
2017-12-06,2018-06-14,126,-0.4423,-0.8827
2017-12-07,2018-06-15,126,-0.2159,-0.4313
2017-12-08,2018-06-19,126,-1.2404,-2.4655
2017-12-11,2018-06-20,126,-1.5216,-3.0201
2017-12-12,2018-06-21,126,-1.4775,-2.9331
2017-12-13,2018-06-22,126,-1.5035,-2.9845
2017-12-14,2018-06-25,126,-1.82,-3.6069
2017-12-15,2018-06-26,126,-1.829,-3.6246
2017-12-18,2018-06-27,126,-1.9855,-3.9316
2017-12-19,2018-06-28,126,-2.7703,-5.4639
2017-12-20,2018-06-29,126,-2.0719,-4.1009
2017-12-21,2018-07-02,126,-2.8725,-5.6624
2017-12-22,2018-07-03,126,-2.8384,-5.5962
2017-12-25,2018-07-04,126,-3.1557,-6.2117
2017-12-26,2018-07-05,126,-3.5385,-6.9518
2017-12-27,2018-07-06,126,-3.3324,-6.5538
2017-12-28,2018-07-09,126,-3.0892,-6.083
2017-12-29,2018-07-10,126,-3.2145,-6.3257
2018-01-02,2018-07-11,126,-3.9661,-7.775
2018-01-03,2018-07-12,126,-3.8865,-7.6219
2018-01-04,2018-07-13,126,-3.7387,-7.3375
2018-01-05,2018-07-16,126,-4.1979,-8.2196
2018-01-08,2018-07-17,126,-4.6771,-9.1355
2018-01-09,2018-07-18,126,-5.0773,-9.8967
2018-01-10,2018-07-19,126,-5.0107,-9.7704
2018-01-11,2018-07-20,126,-4.6919,-9.1637
2018-01-12,2018-07-23,126,-4.4967,-8.7911
2018-01-15,2018-07-24,126,-4.266,-8.35
2018-01-16,2018-07-25,126,-4.6364,-9.0578
2018-01-17,2018-07-26,126,-4.574,-8.9389
2018-01-18,2018-07-27,126,-4.6269,-9.0398
2018-01-19,2018-07-30,126,-4.5663,-8.9242
2018-01-22,2018-07-31,126,-4.638,-9.0609
2018-01-23,2018-08-01,126,-5.2815,-10.284
2018-01-24,2018-08-02,126,-6.0217,-11.6808
2018-01-25,2018-08-03,126,-6.3091,-12.2201
2018-01-26,2018-08-06,126,-6.4747,-12.5302
2018-01-29,2018-08-07,126,-5.6672,-11.0132
2018-01-30,2018-08-08,126,-5.6116,-10.9083
2018-01-31,2018-08-09,126,-5.2686,-10.2596
2018-02-01,2018-08-10,126,-5.0334,-9.8134
2018-02-02,2018-08-13,126,-5.1975,-10.1248
2018-02-05,2018-08-14,126,-5.3964,-10.5015
2018-02-06,2018-08-15,126,-5.4173,-10.5411
2018-02-07,2018-08-16,126,-5.0942,-9.9289
2018-02-08,2018-08-17,126,-5.1821,-10.0956
2018-02-09,2018-08-20,126,-4.0369,-7.9108
2018-02-12,2018-08-21,126,-3.8685,-7.5873
2018-02-13,2018-08-22,126,-4.3602,-8.5303
2018-02-14,2018-08-23,126,-4.6062,-9.0002
2018-02-22,2018-08-24,126,-4.7804,-9.3323
2018-02-23,2018-08-27,126,-4.4496,-8.7012
2018-02-26,2018-08-28,126,-4.6558,-9.0948
2018-02-27,2018-08-29,126,-4.5057,-8.8084
2018-02-28,2018-08-30,126,-4.2226,-8.2669
2018-03-01,2018-08-31,126,-4.2467,-8.3131
2018-03-02,2018-09-03,126,-4.4443,-8.691
2018-03-05,2018-09-04,126,-4.3852,-8.578
2018-03-06,2018-09-05,126,-5.0011,-9.7521
2018-03-07,2018-09-06,126,-5.1112,-9.9611
2018-03-08,2018-09-07,126,-5.0561,-9.8565
2018-03-09,2018-09-10,126,-5.2287,-10.184
2018-03-12,2018-09-11,126,-5.2445,-10.2139
2018-03-13,2018-09-12,126,-5.1263,-9.9898
2018-03-14,2018-09-13,126,-4.7708,-9.314
2018-03-15,2018-09-14,126,-4.6321,-9.0496
2018-03-16,2018-09-17,126,-4.72,-9.2173
2018-03-19,2018-09-18,126,-4.2466,-8.3128
2018-03-20,2018-09-19,126,-4.006,-7.8516
2018-03-21,2018-09-20,126,-4.0012,-7.8422
2018-03-22,2018-09-21,126,-3.3642,-6.6152
2018-03-23,2018-09-25,126,-3.2997,-6.4906
2018-03-26,2018-09-26,126,-2.9082,-5.7318
2018-03-27,2018-09-27,126,-3.2027,-6.3028
2018-03-28,2018-09-28,126,-2.6207,-5.1727
2018-03-29,2018-10-08,126,-3.2066,-6.3103
2018-03-30,2018-10-09,126,-3.3229,-6.5354
2018-04-02,2018-10-10,126,-3.2904,-6.4726
2018-04-03,2018-10-11,126,-4.2748,-8.3668
2018-04-04,2018-10-12,126,-3.7174,-7.2966
2018-04-09,2018-10-15,126,-3.8004,-7.4564
2018-04-10,2018-10-16,126,-4.3344,-8.4809
2018-04-11,2018-10-17,126,-4.4845,-8.7679
2018-04-12,2018-10-18,126,-4.7412,-9.2576
2018-04-13,2018-10-19,126,-3.7624,-7.3833
2018-04-16,2018-10-22,126,-2.7771,-5.4771
2018-04-17,2018-10-23,126,-2.9852,-5.8813
2018-04-18,2018-10-24,126,-3.0253,-5.959
2018-04-19,2018-10-25,126,-2.9595,-5.8313
2018-04-20,2018-10-26,126,-2.5106,-4.9582
2018-04-23,2018-10-29,126,-2.9287,-5.7716
2018-04-24,2018-10-30,126,-3.213,-6.3229
2018-04-25,2018-10-31,126,-3.1639,-6.2277
2018-04-26,2018-11-01,126,-2.7874,-5.4971
2018-04-27,2018-11-02,126,-2.1268,-4.2083
2018-05-02,2018-11-05,126,-2.2697,-4.4878
2018-05-03,2018-11-06,126,-2.8659,-5.6497
2018-05-04,2018-11-07,126,-2.9837,-5.8783
2018-05-07,2018-11-08,126,-3.1363,-6.1742
2018-05-08,2018-11-09,126,-3.5943,-7.0594
2018-05-09,2018-11-12,126,-3.4729,-6.8252
2018-05-10,2018-11-13,126,-3.5261,-6.9278
2018-05-11,2018-11-14,126,-3.5901,-7.0514
2018-05-14,2018-11-15,126,-3.3531,-6.5938
2018-05-15,2018-11-16,126,-3.1027,-6.1091
2018-05-16,2018-11-19,126,-2.4495,-4.839
2018-05-17,2018-11-20,126,-2.5842,-5.1017
2018-05-18,2018-11-21,126,-2.7597,-5.4433
2018-05-21,2018-11-22,126,-2.7164,-5.3591
2018-05-22,2018-11-23,126,-3.232,-6.3596
2018-05-23,2018-11-26,126,-2.9603,-5.8329
2018-05-24,2018-11-27,126,-3.1329,-6.1677
2018-05-25,2018-11-28,126,-3.1709,-6.2413
2018-05-28,2018-11-29,126,-3.1984,-6.2945
2018-05-29,2018-11-30,126,-3.0809,-6.0668
2018-05-30,2018-12-03,126,-2.3114,-4.5694
2018-05-31,2018-12-04,126,-2.7489,-5.4222
2018-06-01,2018-12-05,126,-2.6075,-5.1471
2018-06-04,2018-12-06,126,-2.8827,-5.6823
2018-06-05,2018-12-07,126,-2.8869,-5.6905
2018-06-06,2018-12-10,126,-2.8447,-5.6085
2018-06-07,2018-12-11,126,-2.6841,-5.2962
2018-06-08,2018-12-12,126,-2.3924,-4.7276
2018-06-11,2018-12-13,126,-2.1453,-4.2445
2018-06-12,2018-12-14,126,-2.7501,-5.4246
2018-06-13,2018-12-17,126,-2.4881,-4.9143
2018-06-14,2018-12-18,126,-2.5085,-4.9541
2018-06-15,2018-12-19,126,-2.3664,-4.6767
2018-06-19,2018-12-20,126,-1.4309,-2.8413
2018-06-20,2018-12-21,126,-1.2762,-2.5361
2018-06-21,2018-12-24,126,-0.8535,-1.6997
2018-06-22,2018-12-25,126,-0.9212,-1.8339
2018-06-25,2018-12-26,126,-0.6906,-1.3765
2018-06-26,2018-12-27,126,-0.5591,-1.1151
2018-06-27,2018-12-28,126,-0.0991,-0.198
2018-06-28,2019-01-02,126,0.0297,0.0593
2018-06-29,2019-01-03,126,-0.4271,-0.8523
2018-07-02,2019-01-04,126,0.5272,1.0572
2018-07-03,2019-01-07,126,0.4763,0.955
2018-07-04,2019-01-08,126,0.5304,1.0637
2018-07-05,2019-01-09,126,0.8731,1.7538
2018-07-06,2019-01-10,126,0.7837,1.5736
2018-07-09,2019-01-11,126,0.2246,0.4497
2018-07-10,2019-01-14,126,0.1369,0.274
2018-07-11,2019-01-15,126,0.6399,1.2839
2018-07-12,2019-01-16,126,0.4153,0.8324
2018-07-13,2019-01-17,126,0.5089,1.0203
2018-07-16,2019-01-18,126,0.7741,1.5542
2018-07-17,2019-01-21,126,0.8977,1.8036
2018-07-18,2019-01-22,126,1.1281,2.269
2018-07-19,2019-01-23,126,1.2008,2.416
2018-07-20,2019-01-24,126,0.8904,1.7887
2018-07-23,2019-01-25,126,0.6026,1.2088
2018-07-24,2019-01-28,126,0.4837,0.9698
2018-07-25,2019-01-29,126,0.819,1.6447
2018-07-26,2019-01-30,126,0.8842,1.7762
2018-07-27,2019-01-31,126,1.1798,2.3736
2018-07-30,2019-02-01,126,1.6406,3.3081
2018-07-31,2019-02-11,126,1.6954,3.4196
2018-08-01,2019-02-12,126,2.3118,4.6771
2018-08-02,2019-02-13,126,3.297,6.7027
2018-08-03,2019-02-14,126,3.5674,7.2621
2018-08-06,2019-02-15,126,3.448,7.0149
2018-08-07,2019-02-18,126,3.5211,7.1663
2018-08-08,2019-02-19,126,3.9908,8.1409
2018-08-09,2019-02-20,126,3.7058,7.549
2018-08-10,2019-02-21,126,3.3583,6.8294
2018-08-13,2019-02-22,126,3.4348,6.9875
2018-08-14,2019-02-25,126,4.8884,10.0157
2018-08-15,2019-02-26,126,5.1515,10.5683
2018-08-16,2019-02-27,126,5.7305,11.7894
2018-08-17,2019-02-28,126,5.8612,12.066
2018-08-20,2019-03-01,126,5.6844,11.6919
2018-08-21,2019-03-04,126,5.2941,10.8685
2018-08-22,2019-03-05,126,5.6874,11.6984
2018-08-23,2019-03-06,126,6.0913,12.5536
2018-08-24,2019-03-07,126,5.7096,11.7452
2018-08-27,2019-03-08,126,4.1939,8.5637
2018-08-28,2019-03-11,126,4.7268,9.6769
2018-08-29,2019-03-12,126,5.1808,10.63
2018-08-30,2019-03-13,126,5.3099,10.9018
2018-08-31,2019-03-14,126,4.9591,10.1641
2018-09-03,2019-03-15,126,5.5708,11.4519
2018-09-04,2019-03-18,126,6.3118,13.022
2018-09-05,2019-03-19,126,6.7933,14.048
2018-09-06,2019-03-20,126,6.9949,14.479
2018-09-07,2019-03-21,126,6.9948,14.4789
2018-09-10,2019-03-22,126,7.3466,15.233
2018-09-11,2019-03-25,126,7.1148,14.7358
2018-09-12,2019-03-26,126,6.79,14.041
2018-09-13,2019-03-27,126,6.7451,13.9451
2018-09-14,2019-03-28,126,6.2145,12.8153
2018-09-17,2019-03-29,126,6.8084,14.0803
2018-09-18,2019-04-01,126,7.1971,14.9121
2018-09-19,2019-04-02,126,6.7998,14.0619
2018-09-20,2019-04-03,126,7.308,15.15
2018-09-21,2019-04-04,126,6.8668,14.2051
2018-09-25,2019-04-08,126,7.188,14.8926
2018-09-26,2019-04-09,126,7.0711,14.6423
2018-09-27,2019-04-10,126,7.4804,15.5204
2018-09-28,2019-04-11,126,7.0482,14.5932
2018-10-08,2019-04-12,126,7.2644,15.0565
2018-10-09,2019-04-15,126,7.1405,14.7909
2018-10-10,2019-04-16,126,7.6197,15.82
2018-10-11,2019-04-17,126,8.8126,18.4018
2018-10-12,2019-04-18,126,7.7064,16.0066
2018-10-15,2019-04-19,126,8.2177,17.1108
2018-10-16,2019-04-22,126,7.8611,16.3403
2018-10-17,2019-04-23,126,7.3923,15.3311
2018-10-18,2019-04-24,126,7.8612,16.3404
2018-10-19,2019-04-25,126,6.2489,12.8883
2018-10-22,2019-04-26,126,5.0247,10.3019
2018-10-23,2019-04-29,126,5.5461,11.3999
2018-10-24,2019-04-30,126,5.8118,11.9615
2018-10-25,2019-05-06,126,4.4492,9.0963
2018-10-26,2019-05-07,126,4.648,9.5121
2018-10-29,2019-05-08,126,5.261,10.7987
2018-10-30,2019-05-09,126,4.7268,9.6771
2018-10-31,2019-05-10,126,5.583,11.4778
2018-11-01,2019-05-13,126,5.3209,10.9249
2018-11-02,2019-05-14,126,4.7814,9.7913
2018-11-05,2019-05-15,126,5.1775,10.6231
2018-11-06,2019-05-16,126,5.5042,11.3113
2018-11-07,2019-05-17,126,4.8858,10.0104
2018-11-08,2019-05-20,126,4.1286,8.4276
2018-11-09,2019-05-21,126,4.7817,9.792
2018-11-12,2019-05-22,126,4.4817,9.1643
2018-11-13,2019-05-23,126,4.058,8.2807
2018-11-14,2019-05-24,126,4.4951,9.1922
2018-11-15,2019-05-27,126,4.4865,9.1743
2018-11-16,2019-05-28,126,4.3517,8.8928
2018-11-19,2019-05-29,126,3.9092,7.9711
2018-11-20,2019-05-30,126,4.2779,8.7389
2018-11-21,2019-05-31,126,4.5558,9.3191
2018-11-22,2019-06-03,126,4.7425,9.7099
2018-11-23,2019-06-04,126,5.3841,11.0581
2018-11-26,2019-06-05,126,5.4938,11.2894
2018-11-27,2019-06-06,126,5.4517,11.2007
2018-11-28,2019-06-10,126,5.5117,11.3272
2018-11-29,2019-06-11,126,6.0707,12.51
2018-11-30,2019-06-12,126,5.931,12.2137
2018-12-03,2019-06-13,126,5.2204,10.7133
2018-12-04,2019-06-14,126,5.3107,10.9034
2018-12-05,2019-06-17,126,5.0762,10.4101
2018-12-06,2019-06-18,126,5.5228,11.3506
2018-12-07,2019-06-19,126,5.5235,11.3522
2018-12-10,2019-06-20,126,6.5724,13.5767
2018-12-11,2019-06-21,126,6.6878,13.8228
2018-12-12,2019-06-24,126,6.9046,14.2859
2018-12-13,2019-06-25,126,6.8398,14.1475
2018-12-14,2019-06-26,126,6.7137,13.8781
2018-12-17,2019-06-27,126,6.6325,13.7048
2018-12-18,2019-06-28,126,6.5124,13.4489
2018-12-19,2019-07-01,126,6.3552,13.1142
2018-12-20,2019-07-02,126,6.8783,14.2298
2018-12-21,2019-07-03,126,7.6021,15.7822
2018-12-24,2019-07-04,126,7.1224,14.7521
2018-12-25,2019-07-05,126,7.1437,14.7978
2018-12-26,2019-07-08,126,6.2155,12.8172
2018-12-27,2019-07-09,126,6.0682,12.5047
2018-12-28,2019-07-10,126,5.5488,11.4054
2019-01-02,2019-07-11,126,6.3336,13.0684
2019-01-03,2019-07-12,126,5.9554,12.2655
2019-01-04,2019-07-15,126,5.8858,12.1179
2019-01-07,2019-07-16,126,5.9444,12.2421
2019-01-08,2019-07-17,126,5.8913,12.1298
2019-01-09,2019-07-18,126,5.8031,11.9429
2019-01-10,2019-07-19,126,6.4533,13.323
2019-01-11,2019-07-22,126,6.0465,12.4585
2019-01-14,2019-07-23,126,6.0346,12.4333
2019-01-15,2019-07-24,126,6.0951,12.5618
2019-01-16,2019-07-25,126,6.2019,12.7884
2019-01-17,2019-07-26,126,5.9754,12.3079
2019-01-18,2019-07-29,126,5.9417,12.2364
2019-01-21,2019-07-30,126,6.3247,13.0494
2019-01-22,2019-07-31,126,6.3458,13.0943
2019-01-23,2019-08-01,126,5.4459,11.1883
2019-01-24,2019-08-02,126,5.7547,11.8405
2019-01-25,2019-08-05,126,6.0443,12.454
2019-01-28,2019-08-06,126,5.5627,11.4348
2019-01-29,2019-08-07,126,5.7669,11.8663
2019-01-30,2019-08-08,126,6.2872,12.9698
2019-01-31,2019-08-09,126,6.0599,12.487
2019-02-01,2019-08-12,126,5.8017,11.94
2019-02-11,2019-08-13,126,6.1895,12.7621
2019-02-12,2019-08-14,126,5.2866,10.8528
2019-02-13,2019-08-15,126,5.5374,11.3814
2019-02-14,2019-08-16,126,5.675,11.672
2019-02-15,2019-08-19,126,6.2637,12.9198
2019-02-18,2019-08-20,126,5.3868,11.0638
2019-02-19,2019-08-21,126,5.3973,11.086
2019-02-20,2019-08-22,126,5.2795,10.8376
2019-02-21,2019-08-23,126,5.6678,11.6569
2019-02-22,2019-08-26,126,6.4859,13.3925
2019-02-25,2019-08-27,126,5.839,12.0189
2019-02-26,2019-08-28,126,6.0537,12.4739
2019-02-27,2019-08-29,126,6.2095,12.8045
2019-02-28,2019-08-30,126,5.8647,12.0734
2019-03-01,2019-09-02,126,5.7908,11.9169
2019-03-04,2019-09-03,126,6.0181,12.3983
2019-03-05,2019-09-04,126,6.2591,12.91
2019-03-06,2019-09-05,126,6.1472,12.6723
2019-03-07,2019-09-06,126,5.4937,11.2892
2019-03-08,2019-09-09,126,6.4251,13.263
2019-03-11,2019-09-10,126,5.2517,10.7792
2019-03-12,2019-09-11,126,5.2166,10.7054
2019-03-13,2019-09-12,126,5.3025,10.8862
2019-03-14,2019-09-16,126,5.6833,11.6896
2019-03-15,2019-09-17,126,4.8635,9.9634
2019-03-18,2019-09-18,126,4.4081,9.0105
2019-03-19,2019-09-19,126,4.366,8.9227
2019-03-20,2019-09-20,126,4.3617,8.9137
2019-03-21,2019-09-23,126,4.1893,8.5541
2019-03-22,2019-09-24,126,4.4399,9.0769
2019-03-25,2019-09-25,126,4.4143,9.0234
2019-03-26,2019-09-26,126,4.3237,8.8344
2019-03-27,2019-09-27,126,3.6986,7.5339
2019-03-28,2019-09-30,126,3.8146,7.7748
2019-03-29,2019-10-08,126,3.9242,8.0024
2019-04-01,2019-10-09,126,4.0258,8.2136
2019-04-02,2019-10-10,126,4.0165,8.1943
2019-04-03,2019-10-11,126,3.6329,7.3979
2019-04-04,2019-10-14,126,3.163,6.4259
2019-04-08,2019-10-15,126,3.0825,6.26
2019-04-09,2019-10-16,126,2.8281,5.7362
2019-04-10,2019-10-17,126,2.7879,5.6535
2019-04-11,2019-10-18,126,2.7048,5.4827
2019-04-12,2019-10-21,126,3.1274,6.3527
2019-04-15,2019-10-22,126,3.355,6.8226
2019-04-16,2019-10-23,126,3.023,6.1373
2019-04-17,2019-10-24,126,3.1166,6.3303
2019-04-18,2019-10-25,126,3.9291,8.0126
2019-04-19,2019-10-28,126,3.7295,7.5982
2019-04-22,2019-10-29,126,3.6814,7.4983
2019-04-23,2019-10-30,126,3.8856,7.9221
2019-04-24,2019-10-31,126,3.8041,7.753
2019-04-25,2019-11-01,126,4.7964,9.8228
2019-04-26,2019-11-04,126,4.9797,10.2073
2019-04-29,2019-11-05,126,4.9427,10.1298
2019-04-30,2019-11-06,126,4.1317,8.4341
2019-05-06,2019-11-07,126,5.0745,10.4066
2019-05-07,2019-11-08,126,4.2388,8.6572
2019-05-08,2019-11-11,126,3.8383,7.824
2019-05-09,2019-11-12,126,3.9189,7.9914
2019-05-10,2019-11-13,126,3.7746,7.6917
2019-05-13,2019-11-14,126,3.8645,7.8783
2019-05-14,2019-11-15,126,3.4803,7.0817
2019-05-15,2019-11-18,126,3.4362,6.9905
2019-05-16,2019-11-19,126,3.6556,7.4448
2019-05-17,2019-11-20,126,4.2306,8.6403
2019-05-20,2019-11-21,126,4.649,9.5142
2019-05-21,2019-11-22,126,4.2649,8.7116
2019-05-22,2019-11-25,126,4.553,9.3133
2019-05-23,2019-11-26,126,4.7807,9.79
2019-05-24,2019-11-27,126,4.4569,9.1125
2019-05-27,2019-11-28,126,3.9202,7.9941
2019-05-28,2019-11-29,126,3.9174,7.9883
2019-05-29,2019-12-02,126,4.0662,8.2977
2019-05-30,2019-12-03,126,4.2757,8.7343
2019-05-31,2019-12-04,126,4.4158,9.0265
2019-06-03,2019-12-05,126,4.0628,8.2907
2019-06-04,2019-12-06,126,3.8364,7.8199
2019-06-05,2019-12-09,126,3.5137,7.1508
2019-06-06,2019-12-10,126,3.6772,7.4897
2019-06-10,2019-12-11,126,3.5944,7.3181
2019-06-11,2019-12-12,126,3.3848,6.8841
2019-06-12,2019-12-13,126,3.2193,6.5423
2019-06-13,2019-12-16,126,3.7498,7.6402
2019-06-14,2019-12-17,126,3.7645,7.6706
2019-06-17,2019-12-18,126,4.0884,8.344
2019-06-18,2019-12-19,126,3.9479,8.0517
2019-06-19,2019-12-20,126,3.9182,7.9899
2019-06-20,2019-12-23,126,2.6892,5.4508
2019-06-21,2019-12-24,126,2.6349,5.3392
2019-06-24,2019-12-25,126,2.5627,5.191
2019-06-25,2019-12-26,126,2.5402,5.1449
2019-06-26,2019-12-27,126,3.2126,6.5284
2019-06-27,2019-12-30,126,3.5179,7.1595
2019-06-28,2020-01-02,126,4.1079,8.3845
2019-07-01,2020-01-03,126,4.5841,9.3784
2019-07-02,2020-01-06,126,4.6134,9.4396
2019-07-03,2020-01-07,126,3.6948,7.526
2019-07-04,2020-01-08,126,4.0898,8.3468
2019-07-05,2020-01-09,126,3.3344,6.7799
2019-07-08,2020-01-10,126,4.0794,8.3253
2019-07-09,2020-01-13,126,4.4247,9.0451
2019-07-10,2020-01-14,126,4.3193,8.8251
2019-07-11,2020-01-15,126,3.9065,7.9656
2019-07-12,2020-01-16,126,3.9108,7.9745
2019-07-15,2020-01-17,126,3.7196,7.5776
2019-07-16,2020-01-20,126,3.7064,7.5501
2019-07-17,2020-01-21,126,3.6923,7.521
2019-07-18,2020-01-22,126,3.4816,7.0844
2019-07-19,2020-01-23,126,2.342,4.7388
2019-07-22,2020-02-03,126,1.3851,2.7895
2019-07-23,2020-02-04,126,1.7281,3.486
2019-07-24,2020-02-05,126,1.5359,3.0954
2019-07-25,2020-02-06,126,1.4566,2.9344
2019-07-26,2020-02-07,126,1.5457,3.1153
2019-07-29,2020-02-10,126,1.9164,3.8695
2019-07-30,2020-02-11,126,1.7386,3.5075
2019-07-31,2020-02-12,126,1.8727,3.7805
2019-08-01,2020-02-13,126,2.6615,5.3939
2019-08-02,2020-02-14,126,2.5367,5.1377
2019-08-05,2020-02-17,126,2.7467,5.5687
2019-08-06,2020-02-18,126,2.97,6.0283
2019-08-07,2020-02-19,126,2.8512,5.7838
2019-08-08,2020-02-20,126,2.7062,5.4856
2019-08-09,2020-02-21,126,3.3664,6.8461
2019-08-12,2020-02-24,126,3.4748,7.0704
2019-08-13,2020-02-25,126,2.1896,4.4271
2019-08-14,2020-02-26,126,3.1684,6.4372
2019-08-15,2020-02-27,126,2.8572,5.7959
2019-08-16,2020-02-28,126,1.9651,3.9688
2019-08-19,2020-03-02,126,1.7724,3.5761
2019-08-20,2020-03-03,126,1.8509,3.736
2019-08-21,2020-03-04,126,2.7731,5.623
2019-08-22,2020-03-05,126,2.9702,6.0287
2019-08-23,2020-03-06,126,3.1037,6.3038
2019-08-26,2020-03-09,126,1.692,3.4126
2019-08-27,2020-03-10,126,1.2621,2.5401
2019-08-28,2020-03-11,126,1.2095,2.4337
2019-08-29,2020-03-12,126,0.5093,1.0212
2019-08-30,2020-03-13,126,-0.148,-0.2957
2019-09-02,2020-03-16,126,-1.5267,-3.0301
2019-09-03,2020-03-17,126,-2.837,-5.5935
2019-09-04,2020-03-18,126,-2.9625,-5.8372
2019-09-05,2020-03-19,126,-3.749,-7.3574
2019-09-06,2020-03-20,126,-2.4645,-4.8682
2019-09-09,2020-03-23,126,-3.353,-6.5936
2019-09-10,2020-03-24,126,-0.8967,-1.7853
2019-09-11,2020-03-25,126,-0.0727,-0.1454
2019-09-12,2020-03-26,126,-0.4915,-0.9806
2019-09-16,2020-03-27,126,-0.1058,-0.2115
2019-09-17,2020-03-30,126,-0.0078,-0.0156
2019-09-18,2020-03-31,126,-0.3252,-0.6494
2019-09-19,2020-04-01,126,-0.8908,-1.7736
2019-09-20,2020-04-02,126,-0.5632,-1.1232
2019-09-23,2020-04-03,126,-0.381,-0.7605
2019-09-24,2020-04-07,126,0.4634,0.9289
2019-09-25,2020-04-08,126,0.32,0.641
2019-09-26,2020-04-09,126,0.7591,1.5239
2019-09-27,2020-04-10,126,1.1121,2.2366
2019-09-30,2020-04-13,126,1.3249,2.6674
2019-10-08,2020-04-14,126,1.7023,3.4337
2019-10-09,2020-04-15,126,0.8305,1.6678
2019-10-10,2020-04-16,126,1.0121,2.0345
2019-10-11,2020-04-17,126,0.564,1.1311
2019-10-14,2020-04-20,126,0.6238,1.2514
2019-10-15,2020-04-21,126,0.7765,1.559
2019-10-16,2020-04-22,126,0.809,1.6245
2019-10-17,2020-04-23,126,1.1362,2.2853
2019-10-18,2020-04-24,126,1.5998,3.2252
2019-10-21,2020-04-27,126,1.4846,2.9912
2019-10-22,2020-04-28,126,1.2982,2.6132
2019-10-23,2020-04-29,126,1.8553,3.745
2019-10-24,2020-04-30,126,2.1313,4.3081
2019-10-25,2020-05-06,126,1.6772,3.3825
2019-10-28,2020-05-07,126,1.5286,3.0805
2019-10-29,2020-05-08,126,2.5303,5.1246
2019-10-30,2020-05-11,126,2.5836,5.234
2019-10-31,2020-05-12,126,2.4765,5.0142
2019-11-01,2020-05-13,126,2.0734,4.1897
2019-11-04,2020-05-14,126,1.9484,3.9348
2019-11-05,2020-05-15,126,2.2706,4.5928
2019-11-06,2020-05-18,126,3.6115,7.3535
2019-11-07,2020-05-19,126,2.9911,6.0716
2019-11-08,2020-05-20,126,3.7954,7.7349
2019-11-11,2020-05-21,126,3.9839,8.1265
2019-11-12,2020-05-22,126,3.7548,7.6505
2019-11-13,2020-05-25,126,3.2934,6.6953
2019-11-14,2020-05-26,126,3.4263,6.9701
2019-11-15,2020-05-27,126,3.3953,6.9058
2019-11-18,2020-05-28,126,3.5511,7.2282
2019-11-19,2020-05-29,126,2.9358,5.9577
2019-11-20,2020-06-01,126,3.7296,7.5983
2019-11-21,2020-06-02,126,3.8241,7.7944
2019-11-22,2020-06-03,126,3.5625,7.2518
2019-11-25,2020-06-04,126,3.1798,6.4607
2019-11-26,2020-06-05,126,3.2129,6.529
2019-11-27,2020-06-08,126,3.1082,6.313
2019-11-28,2020-06-09,126,3.4112,6.9388
2019-11-29,2020-06-10,126,3.5171,7.1579
2019-12-02,2020-06-11,126,3.4849,7.0913
2019-12-03,2020-06-12,126,3.3461,6.8041
2019-12-04,2020-06-15,126,2.616,5.3004
2019-12-05,2020-06-16,126,2.9464,5.9797
2019-12-06,2020-06-17,126,3.1076,6.3117
2019-12-09,2020-06-18,126,3.1863,6.4742
2019-12-10,2020-06-19,126,3.2564,6.6189
2019-12-11,2020-06-22,126,3.3065,6.7223
2019-12-12,2020-06-23,126,3.0293,6.1504
2019-12-13,2020-06-24,126,3.2681,6.643
2019-12-16,2020-06-29,126,2.7359,5.5467
2019-12-17,2020-06-30,126,2.6914,5.4553
2019-12-18,2020-07-01,126,3.4349,6.9878
2019-12-19,2020-07-02,126,3.7259,7.5906
2019-12-20,2020-07-03,126,4.0763,8.3187
2019-12-23,2020-07-06,126,5.7774,11.8885
2019-12-24,2020-07-07,126,5.5058,11.3148
2019-12-25,2020-07-08,126,5.6969,11.7183
2019-12-26,2020-07-09,126,5.8722,12.0892
2019-12-27,2020-07-10,126,4.7336,9.6913
2019-12-30,2020-07-13,126,5.0114,10.2739
2020-01-02,2020-07-14,126,4.3032,8.7915
2020-01-03,2020-07-15,126,3.4607,7.0411
2020-01-06,2020-07-16,126,2.4204,4.8993
2020-01-07,2020-07-17,126,2.351,4.7573
2020-01-08,2020-07-20,126,3.3432,6.7982
2020-01-09,2020-07-21,126,4.2463,8.673
2020-01-10,2020-07-22,126,4.8824,10.0033
2020-01-13,2020-07-23,126,4.725,9.6733
2020-01-14,2020-07-24,126,4.6245,9.4628
2020-01-15,2020-07-27,126,5.1198,10.5017
2020-01-16,2020-07-28,126,5.3423,10.9701
2020-01-17,2020-07-29,126,5.8583,12.0597
2020-01-20,2020-07-30,126,5.6955,11.7153
2020-01-21,2020-07-31,126,6.3159,13.0306
2020-01-22,2020-08-03,126,7.0561,14.61
2020-01-23,2020-08-04,126,7.7388,16.0764
2020-02-03,2020-08-05,126,10.0439,21.0965
2020-02-04,2020-08-06,126,9.8832,20.7432
2020-02-05,2020-08-07,126,9.933,20.8526
2020-02-06,2020-08-10,126,9.887,20.7515
2020-02-07,2020-08-11,126,9.1037,19.0362
2020-02-10,2020-08-12,126,7.1363,14.7819
2020-02-11,2020-08-13,126,7.2014,14.9214
2020-02-12,2020-08-14,126,7.6148,15.8094
2020-02-13,2020-08-17,126,8.5572,17.8468
2020-02-14,2020-08-18,126,9.0238,18.8619
2020-02-17,2020-08-19,126,7.9512,16.5346
2020-02-18,2020-08-20,126,6.9403,14.3622
2020-02-19,2020-08-21,126,6.7479,13.9512
2020-02-20,2020-08-24,126,6.1707,12.7221
2020-02-21,2020-08-25,126,5.6134,11.5418
2020-02-24,2020-08-26,126,4.8929,10.0252
2020-02-25,2020-08-27,126,6.1106,12.5945
2020-02-26,2020-08-28,126,6.1176,12.6095
2020-02-27,2020-08-31,126,5.8667,12.0775
2020-02-28,2020-09-01,126,7.076,14.6528
2020-03-02,2020-09-02,126,6.4153,13.2421
2020-03-03,2020-09-03,126,5.8835,12.1132
2020-03-04,2020-09-04,126,4.7984,9.8271
2020-03-05,2020-09-07,126,4.1786,8.5317
2020-03-06,2020-09-08,126,4.2202,8.6185
2020-03-09,2020-09-09,126,4.6133,9.4394
2020-03-10,2020-09-10,126,4.8029,9.8365
2020-03-11,2020-09-11,126,4.8432,9.921
2020-03-12,2020-09-14,126,5.5313,11.3685
2020-03-13,2020-09-15,126,6.997,14.4835
2020-03-16,2020-09-16,126,8.5182,17.762
2020-03-17,2020-09-17,126,9.813,20.589
2020-03-18,2020-09-18,126,10.2712,21.5975
2020-03-19,2020-09-21,126,10.8553,22.8891
2020-03-20,2020-09-22,126,8.9241,18.6446
2020-03-23,2020-09-23,126,9.2285,19.3087
2020-03-24,2020-09-24,126,6.138,12.6528
2020-03-25,2020-09-25,126,5.2339,10.7418
2020-03-26,2020-09-28,126,5.5899,11.4923
2020-03-27,2020-09-29,126,5.5066,11.3164
2020-03-30,2020-09-30,126,5.7324,11.7935
2020-03-31,2020-10-09,126,6.2516,12.8941
2020-04-01,2020-10-12,126,7.6672,15.9222
2020-04-02,2020-10-13,126,7.1687,14.8514
2020-04-03,2020-10-14,126,6.6427,13.7266
2020-04-07,2020-10-15,126,5.3695,11.0273
2020-04-08,2020-10-16,126,5.9311,12.214
2020-04-09,2020-10-19,126,5.6062,11.5266
2020-04-10,2020-10-20,126,5.4593,11.2167
2020-04-13,2020-10-21,126,5.5865,11.4851
2020-04-14,2020-10-22,126,4.8946,10.0288
2020-04-15,2020-10-23,126,4.9552,10.1559
2020-04-16,2020-10-26,126,4.5535,9.3143
2020-04-17,2020-10-27,126,5.1435,10.5517
2020-04-20,2020-10-28,126,5.0267,10.3061
2020-04-21,2020-10-29,126,4.8053,9.8416
2020-04-22,2020-10-30,126,4.3151,8.8163
2020-04-23,2020-11-02,126,4.4072,9.0087
2020-04-24,2020-11-03,126,4.7965,9.8231
2020-04-27,2020-11-04,126,5.052,10.3592
2020-04-28,2020-11-05,126,5.6136,11.5423
2020-04-29,2020-11-06,126,5.4478,11.1924
2020-04-30,2020-11-09,126,5.4879,11.277
2020-05-06,2020-11-10,126,4.7571,9.7406
2020-05-07,2020-11-11,126,4.9852,10.219
2020-05-08,2020-11-12,126,4.5352,9.2761
2020-05-11,2020-11-13,126,4.4176,9.0303
2020-05-12,2020-11-16,126,5.3539,10.9944
2020-05-13,2020-11-17,126,5.2601,10.7968
2020-05-14,2020-11-18,126,5.4112,11.1153
2020-05-15,2020-11-19,126,4.8426,9.9196
2020-05-18,2020-11-20,126,4.2529,8.6867
2020-05-19,2020-11-23,126,5.1008,10.4617
2020-05-20,2020-11-24,126,4.2294,8.6377
2020-05-21,2020-11-25,126,3.8032,7.7511
2020-05-22,2020-11-26,126,4.5112,9.226
2020-05-25,2020-11-27,126,4.7306,9.6851
2020-05-26,2020-11-30,126,3.657,7.4478
2020-05-27,2020-12-01,126,4.3292,8.8459
2020-05-28,2020-12-02,126,4.3312,8.85
2020-05-29,2020-12-03,126,4.4583,9.1153
2020-06-01,2020-12-04,126,3.6791,7.4936
2020-06-02,2020-12-07,126,3.0874,6.2702
2020-06-03,2020-12-08,126,3.7423,7.6246
2020-06-04,2020-12-09,126,3.3607,6.8342
2020-06-05,2020-12-10,126,3.0928,6.2812
2020-06-08,2020-12-11,126,3.085,6.2652
2020-06-09,2020-12-14,126,2.7904,5.6587
2020-06-10,2020-12-15,126,2.7686,5.6139
2020-06-11,2020-12-16,126,2.8913,5.8662
2020-06-12,2020-12-17,126,3.1666,6.4335
2020-06-15,2020-12-18,126,3.9357,8.0263
2020-06-16,2020-12-21,126,3.8437,7.8351
2020-06-17,2020-12-22,126,2.7548,5.5856
2020-06-18,2020-12-23,126,2.6595,5.3897
2020-06-19,2020-12-24,126,2.5244,5.1126
2020-06-22,2020-12-25,126,2.7953,5.6686
2020-06-23,2020-12-28,126,2.8809,5.8448
2020-06-24,2020-12-29,126,2.4406,4.9407
2020-06-29,2020-12-30,126,2.6605,5.3917
2020-06-30,2021-01-04,126,2.8246,5.7291
2020-07-01,2021-01-05,126,2.1459,4.3378
2020-07-02,2021-01-06,126,1.9511,3.9403
2020-07-03,2021-01-07,126,1.3295,2.6768
2020-07-06,2021-01-08,126,-0.3244,-0.6477
2020-07-07,2021-01-11,126,-1.1572,-2.3011
2020-07-08,2021-01-12,126,-1.2722,-2.5282
2020-07-09,2021-01-13,126,-1.6932,-3.3577
2020-07-10,2021-01-14,126,-0.9984,-1.9869
2020-07-13,2021-01-15,126,-1.2904,-2.5641
2020-07-14,2021-01-18,126,-0.9689,-1.9284
2020-07-15,2021-01-19,126,-0.2093,-0.4182
2020-07-16,2021-01-20,126,0.3596,0.7205
2020-07-17,2021-01-21,126,0.771,1.5479
2020-07-20,2021-01-22,126,-0.9004,-1.7927
2020-07-21,2021-01-25,126,-1.3869,-2.7546
2020-07-22,2021-01-26,126,-1.9048,-3.7734
2020-07-23,2021-01-27,126,-1.8629,-3.691
2020-07-24,2021-01-28,126,-1.6476,-3.2681
2020-07-27,2021-01-29,126,-1.966,-3.8933
2020-07-28,2021-02-01,126,-1.5768,-3.1287
2020-07-29,2021-02-02,126,-2.3327,-4.611
2020-07-30,2021-02-03,126,-2.5724,-5.0786
2020-07-31,2021-02-04,126,-3.2114,-6.3197
2020-08-03,2021-02-05,126,-3.5892,-7.0497
2020-08-04,2021-02-08,126,-3.4965,-6.8708
2020-08-05,2021-02-09,126,-3.5755,-7.0231
2020-08-06,2021-02-10,126,-3.5457,-6.9656
2020-08-07,2021-02-18,126,-3.7281,-7.3173
2020-08-10,2021-02-19,126,-3.5061,-6.8892
2020-08-11,2021-02-22,126,-2.4958,-4.9293
2020-08-12,2021-02-23,126,-1.3952,-2.7709
2020-08-13,2021-02-24,126,-1.6191,-3.212
2020-08-14,2021-02-25,126,-1.6253,-3.2241
2020-08-17,2021-02-26,126,-3.3867,-6.6587
2020-08-18,2021-03-01,126,-3.6233,-7.1154
2020-08-19,2021-03-02,126,-3.7911,-7.4384
2020-08-20,2021-03-03,126,-2.3029,-4.5528
2020-08-21,2021-03-04,126,-2.5436,-5.0225
2020-08-24,2021-03-05,126,-3.0241,-5.9567
2020-08-25,2021-03-08,126,-2.9046,-5.7247
2020-08-26,2021-03-09,126,-2.8319,-5.5837
2020-08-27,2021-03-10,126,-3.0336,-5.9752
2020-08-28,2021-03-11,126,-2.5785,-5.0906
2020-08-31,2021-03-12,126,-2.2327,-4.4156
2020-09-01,2021-03-15,126,-2.0362,-4.031
2020-09-02,2021-03-16,126,-1.5859,-3.1466
2020-09-03,2021-03-17,126,-1.1269,-2.241
2020-09-04,2021-03-18,126,-0.7948,-1.5833
2020-09-07,2021-03-19,126,-0.9157,-1.823
2020-09-08,2021-03-22,126,-0.954,-1.8989
2020-09-09,2021-03-23,126,-0.747,-1.4884
2020-09-10,2021-03-24,126,-1.1878,-2.3614
2020-09-11,2021-03-25,126,-1.1804,-2.3469
2020-09-14,2021-03-26,126,-1.0369,-2.063
2020-09-15,2021-03-29,126,-0.688,-1.3713
2020-09-16,2021-03-30,126,-1.1211,-2.2296
2020-09-17,2021-03-31,126,-1.1804,-2.3469
2020-09-18,2021-04-01,126,-1.2507,-2.4858
2020-09-21,2021-04-02,126,-1.0587,-2.1062
2020-09-22,2021-04-06,126,-0.2987,-0.5964
2020-09-23,2021-04-07,126,0.5012,1.005
2020-09-24,2021-04-08,126,1.2337,2.4826
2020-09-25,2021-04-09,126,1.1626,2.3388
2020-09-28,2021-04-12,126,0.9726,1.9547
2020-09-29,2021-04-13,126,0.2413,0.4831
2020-09-30,2021-04-14,126,0.7682,1.5422
2020-10-09,2021-04-15,126,0.3445,0.6902
2020-10-12,2021-04-16,126,0.2112,0.4229
2020-10-13,2021-04-19,126,0.34,0.6811
2020-10-14,2021-04-20,126,0.4295,0.8609
2020-10-15,2021-04-21,126,0.8081,1.6227
2020-10-16,2021-04-22,126,0.6261,1.2562
2020-10-19,2021-04-23,126,0.5426,1.0881
2020-10-20,2021-04-26,126,0.4028,0.8072
2020-10-21,2021-04-27,126,0.2291,0.4586
2020-10-22,2021-04-28,126,0.4242,0.8501
2020-10-23,2021-04-29,126,0.9778,1.9651
2020-10-26,2021-04-30,126,0.8335,1.6739
2020-10-27,2021-05-06,126,1.3828,2.7848
2020-10-28,2021-05-07,126,1.89,3.8157
2020-10-29,2021-05-10,126,2.3175,4.6888
2020-10-30,2021-05-11,126,2.6938,5.4602
2020-11-02,2021-05-12,126,2.5606,5.1868
2020-11-03,2021-05-13,126,1.8294,3.6923
2020-11-04,2021-05-14,126,1.7588,3.5485
2020-11-05,2021-05-17,126,1.8082,3.6492
2020-11-06,2021-05-18,126,1.6726,3.3732
2020-11-09,2021-05-19,126,1.2329,2.4809
2020-11-10,2021-05-20,126,1.6089,3.2437
2020-11-11,2021-05-21,126,1.5358,3.0951
2020-11-12,2021-05-24,126,1.7068,3.4427
2020-11-13,2021-05-25,126,2.1808,4.4091
2020-11-16,2021-05-26,126,1.8679,3.7707
2020-11-17,2021-05-27,126,1.7924,3.6168
2020-11-18,2021-05-28,126,2.0194,4.0795
2020-11-19,2021-05-31,126,2.693,5.4585
2020-11-20,2021-06-01,126,2.6974,5.4676
2020-11-23,2021-06-02,126,1.8001,3.6327
2020-11-24,2021-06-03,126,2.3398,4.7343
2020-11-25,2021-06-04,126,2.5395,5.1434
2020-11-26,2021-06-07,126,2.3303,4.715
2020-11-27,2021-06-08,126,2.2246,4.4988
2020-11-30,2021-06-09,126,3.1382,6.3749
2020-12-01,2021-06-10,126,2.5165,5.0963
2020-12-02,2021-06-11,126,2.2644,4.5802
2020-12-03,2021-06-15,126,1.5598,3.144
2020-12-04,2021-06-16,126,1.4545,2.9301
2020-12-07,2021-06-17,126,1.4222,2.8646
2020-12-08,2021-06-18,126,0.6547,1.3138
2020-12-09,2021-06-21,126,1.1361,2.2851
2020-12-10,2021-06-22,126,1.5795,3.1839
2020-12-11,2021-06-23,126,2.0321,4.1056
2020-12-14,2021-06-24,126,2.0522,4.1465
2020-12-15,2021-06-25,126,1.9163,3.8693
2020-12-16,2021-06-28,126,1.409,2.8379
2020-12-17,2021-06-29,126,0.9343,1.8774
2020-12-18,2021-06-30,126,0.4951,0.9927
2020-12-21,2021-07-01,126,0.7096,1.4242
2020-12-22,2021-07-02,126,1.4471,2.9152
2020-12-23,2021-07-05,126,1.4799,2.9817
2020-12-24,2021-07-06,126,1.8575,3.7496
2020-12-25,2021-07-07,126,1.4234,2.8671
2020-12-28,2021-07-08,126,0.8808,1.7693
2020-12-29,2021-07-09,126,1.3476,2.7133
2020-12-30,2021-07-12,126,1.0322,2.0751
2021-01-04,2021-07-13,126,0.9259,1.8603
2021-01-05,2021-07-14,126,0.8536,1.7145
2021-01-06,2021-07-15,126,0.8497,1.7066
2021-01-07,2021-07-16,126,1.0491,2.1091
2021-01-08,2021-07-19,126,0.9831,1.9759
2021-01-11,2021-07-20,126,2.0185,4.0777
2021-01-12,2021-07-21,126,1.5552,3.1346
2021-01-13,2021-07-22,126,1.6088,3.2434
2021-01-14,2021-07-23,126,1.6522,3.3317
2021-01-15,2021-07-26,126,0.7912,1.5887
2021-01-18,2021-07-27,126,-0.3482,-0.6951
2021-01-19,2021-07-28,126,-0.4656,-0.929
2021-01-20,2021-07-29,126,-0.1676,-0.3349
2021-01-21,2021-07-30,126,-0.304,-0.607
2021-01-22,2021-08-02,126,-0.1626,-0.3249
2021-01-25,2021-08-03,126,0.0441,0.0882
2021-01-26,2021-08-04,126,0.2869,0.5747
2021-01-27,2021-08-05,126,0.2619,0.5244
2021-01-28,2021-08-06,126,0.6385,1.2811
2021-01-29,2021-08-09,126,0.2414,0.4835
2021-02-01,2021-08-10,126,-0.3168,-0.6326
2021-02-02,2021-08-11,126,0.5225,1.0478
2021-02-03,2021-08-12,126,1.4405,2.9017
2021-02-04,2021-08-13,126,1.7213,3.4723
2021-02-05,2021-08-16,126,1.998,4.0359
2021-02-08,2021-08-17,126,1.6467,3.3206
2021-02-09,2021-08-18,126,1.3899,2.799
2021-02-10,2021-08-19,126,0.8959,1.7998
2021-02-18,2021-08-20,126,1.2195,2.4539
2021-02-19,2021-08-23,126,1.0777,2.167
2021-02-22,2021-08-24,126,0.9101,1.8285
2021-02-23,2021-08-25,126,0.8716,1.7508
2021-02-24,2021-08-26,126,1.0672,2.1459
2021-02-25,2021-08-27,126,1.2487,2.5129
2021-02-26,2021-08-30,126,2.3932,4.8437
2021-03-01,2021-08-31,126,2.7649,5.6062
2021-03-02,2021-09-01,126,3.4282,6.9739
2021-03-03,2021-09-02,126,3.1841,6.4697
2021-03-04,2021-09-03,126,3.2362,6.5771
2021-03-05,2021-09-06,126,4.3506,8.8905
2021-03-08,2021-09-07,126,4.6863,9.5923
2021-03-09,2021-09-08,126,5.2457,10.7667
2021-03-10,2021-09-09,126,5.8098,11.9572
2021-03-11,2021-09-10,126,4.799,9.8283
2021-03-12,2021-09-13,126,5.2661,10.8096
2021-03-15,2021-09-14,126,4.3409,8.8703
2021-03-16,2021-09-15,126,4.1468,8.4656
2021-03-17,2021-09-16,126,3.8274,7.8013
2021-03-18,2021-09-17,126,2.7196,5.5131
2021-03-19,2021-09-22,126,4.2812,8.7456
2021-03-22,2021-09-23,126,3.8112,7.7676
2021-03-23,2021-09-24,126,2.9851,6.0593
2021-03-24,2021-09-27,126,2.7768,5.6306
2021-03-25,2021-09-28,126,3.3085,6.7266
2021-03-26,2021-09-29,126,2.3876,4.8323
2021-03-29,2021-09-30,126,2.1243,4.2937
2021-03-30,2021-10-08,126,2.6477,5.3654
2021-03-31,2021-10-11,126,3.101,6.2982
2021-04-01,2021-10-12,126,2.41,4.8781
2021-04-02,2021-10-13,126,1.8559,3.7463
2021-04-06,2021-10-14,126,2.1181,4.281
2021-04-07,2021-10-15,126,1.8374,3.7085
2021-04-08,2021-10-18,126,2.0159,4.0724
2021-04-09,2021-10-19,126,2.0242,4.0894
2021-04-12,2021-10-20,126,1.5641,3.1528
2021-04-13,2021-10-21,126,2.4407,4.941
2021-04-14,2021-10-22,126,1.5928,3.211
2021-04-15,2021-10-25,126,1.5841,3.1933
2021-04-16,2021-10-26,126,0.9208,1.85
2021-04-19,2021-10-27,126,0.132,0.2642
2021-04-20,2021-10-28,126,-0.0606,-0.1212
2021-04-21,2021-10-29,126,-0.6344,-1.2647
2021-04-22,2021-11-01,126,-0.5033,-1.0041
2021-04-23,2021-11-02,126,-0.7075,-1.4101
2021-04-26,2021-11-03,126,-0.2012,-0.4019
2021-04-27,2021-11-04,126,-0.2971,-0.5934
2021-04-28,2021-11-05,126,-0.5269,-1.0511
2021-04-29,2021-11-08,126,-0.4959,-0.9894
2021-04-30,2021-11-09,126,-0.1423,-0.2844
2021-05-06,2021-11-10,126,-0.9028,-1.7975
2021-05-07,2021-11-11,126,-0.3587,-0.7162
2021-05-10,2021-11-12,126,-0.8145,-1.6224
2021-05-11,2021-11-15,126,-0.8043,-1.6021
2021-05-12,2021-11-16,126,-1.1723,-2.3309
2021-05-13,2021-11-17,126,-1.0556,-2.1
2021-05-14,2021-11-18,126,-1.1846,-2.3552
2021-05-17,2021-11-19,126,-1.2812,-2.546
2021-05-18,2021-11-22,126,-1.8019,-3.5713
2021-05-19,2021-11-23,126,-1.9651,-3.8916
2021-05-20,2021-11-24,126,-1.4431,-2.8653
2021-05-21,2021-11-25,126,-1.5583,-3.0924
2021-05-24,2021-11-26,126,-1.921,-3.8051
2021-05-25,2021-11-29,126,-2.4858,-4.9098
2021-05-26,2021-11-30,126,-2.9397,-5.7931
2021-05-27,2021-12-01,126,-2.6293,-5.1895
2021-05-28,2021-12-02,126,-2.8044,-5.5302
2021-05-31,2021-12-03,126,-2.8438,-5.6067
2021-06-01,2021-12-06,126,-2.8826,-5.6821
2021-06-02,2021-12-07,126,-2.1703,-4.2934
2021-06-03,2021-12-08,126,-1.9324,-3.8274
2021-06-04,2021-12-09,126,-1.4909,-2.9595
2021-06-07,2021-12-10,126,-1.67,-3.3122
2021-06-08,2021-12-13,126,-1.612,-3.1981
2021-06-09,2021-12-14,126,-1.8556,-3.6768
2021-06-10,2021-12-15,126,-1.8063,-3.58
2021-06-11,2021-12-16,126,-1.2662,-2.5164
2021-06-15,2021-12-17,126,-0.2645,-0.5284
2021-06-16,2021-12-20,126,-0.2695,-0.5384
2021-06-17,2021-12-21,126,0.4874,0.9772
2021-06-18,2021-12-22,126,0.7924,1.5911
2021-06-21,2021-12-23,126,1.1613,2.3361
2021-06-22,2021-12-24,126,0.8481,1.7035
2021-06-23,2021-12-27,126,0.6234,1.2508
2021-06-24,2021-12-28,126,0.6384,1.281
2021-06-25,2021-12-29,126,0.4216,0.8449
2021-06-28,2021-12-30,126,0.7888,1.5839
2021-06-29,2022-01-04,126,1.645,3.3171
2021-06-30,2022-01-05,126,1.9731,3.9851
2021-07-01,2022-01-06,126,1.465,2.9515
2021-07-02,2022-01-07,126,1.8005,3.6334
2021-07-05,2022-01-10,126,2.0698,4.1824
2021-07-06,2022-01-11,126,2.0439,4.1296
2021-07-07,2022-01-12,126,2.1652,4.3773
2021-07-08,2022-01-13,126,2.68,5.4319
2021-07-09,2022-01-14,126,1.9386,3.9148
2021-07-12,2022-01-17,126,2.1734,4.3941
2021-07-13,2022-01-18,126,2.2446,4.5396
2021-07-14,2022-01-19,126,2.5947,5.2568
2021-07-15,2022-01-20,126,2.6055,5.279
2021-07-16,2022-01-21,126,2.3327,4.7199
2021-07-19,2022-01-24,126,2.5055,5.0738
2021-07-20,2022-01-25,126,1.681,3.3904
2021-07-21,2022-01-26,126,2.2366,4.5233
2021-07-22,2022-01-27,126,1.4903,3.0028
2021-07-23,2022-01-28,126,1.2772,2.5707
2021-07-26,2022-02-07,126,2.7142,5.502
2021-07-27,2022-02-08,126,4.6257,9.4653
2021-07-28,2022-02-09,126,4.7264,9.6762
2021-07-29,2022-02-10,126,5.0671,10.3909
2021-07-30,2022-02-11,126,4.9006,10.0414
2021-08-02,2022-02-14,126,5.1605,10.5872
2021-08-03,2022-02-15,126,5.4072,11.1068
2021-08-04,2022-02-16,126,5.0782,10.4143
2021-08-05,2022-02-17,126,5.296,10.8724
2021-08-06,2022-02-18,126,6.1274,12.6304
2021-08-09,2022-02-21,126,6.4608,13.3391
2021-08-10,2022-02-22,126,6.5586,13.5473
2021-08-11,2022-02-23,126,5.4665,11.2318
2021-08-12,2022-02-24,126,4.9231,10.0887
2021-08-13,2022-02-25,126,4.5297,9.2646
2021-08-16,2022-02-28,126,3.9557,8.0679
2021-08-17,2022-03-01,126,4.3656,8.9219
2021-08-18,2022-03-02,126,4.8008,9.832
2021-08-19,2022-03-03,126,5.5236,11.3524
2021-08-20,2022-03-04,126,5.2674,10.8123
2021-08-23,2022-03-07,126,5.4039,11.0997
2021-08-24,2022-03-08,126,4.7526,9.7311
2021-08-25,2022-03-09,126,4.8162,9.8643
2021-08-26,2022-03-10,126,4.0845,8.3358
2021-08-27,2022-03-11,126,3.7108,7.5594
2021-08-30,2022-03-14,126,2.8611,5.8041
2021-08-31,2022-03-15,126,0.247,0.4947
2021-09-01,2022-03-16,126,0.5685,1.1403
2021-09-02,2022-03-17,126,0.7242,1.4536
2021-09-03,2022-03-18,126,1.5324,3.0884
2021-09-06,2022-03-21,126,0.9292,1.8671
2021-09-07,2022-03-22,126,1.1441,2.3014
2021-09-08,2022-03-23,126,0.8838,1.7753
2021-09-09,2022-03-24,126,0.5395,1.0819
2021-09-10,2022-03-25,126,0.7876,1.5813
2021-09-13,2022-03-28,126,0.501,1.0045
2021-09-14,2022-03-29,126,0.6949,1.3945
2021-09-15,2022-03-30,126,1.0537,2.1185
2021-09-16,2022-03-31,126,1.6706,3.369
2021-09-17,2022-04-01,126,3.0541,6.2015
2021-09-22,2022-04-06,126,2.3259,4.7058
2021-09-23,2022-04-07,126,2.2112,4.4712
2021-09-24,2022-04-08,126,3.6481,7.4293
2021-09-27,2022-04-11,126,4.0306,8.2236
2021-09-28,2022-04-12,126,3.7199,7.5781
2021-09-29,2022-04-13,126,4.3897,8.9721
2021-09-30,2022-04-14,126,4.711,9.6439
2021-10-08,2022-04-15,126,4.5435,9.2935
2021-10-11,2022-04-18,126,4.1614,8.4959
2021-10-12,2022-04-19,126,4.2715,8.7254
2021-10-13,2022-04-20,126,3.7121,7.562
2021-10-14,2022-04-21,126,3.4686,7.0574
2021-10-15,2022-04-22,126,3.9563,8.0691
2021-10-18,2022-04-25,126,2.6367,5.343
2021-10-19,2022-04-26,126,2.157,4.3605
2021-10-20,2022-04-27,126,2.8746,5.8318
2021-10-21,2022-04-28,126,2.9499,5.9869
2021-10-22,2022-04-29,126,4.1834,8.5418
2021-10-25,2022-05-05,126,4.1473,8.4666
2021-10-26,2022-05-06,126,3.3774,6.8688
2021-10-27,2022-05-09,126,4.3693,8.9295
2021-10-28,2022-05-10,126,4.9262,10.0951
2021-10-29,2022-05-11,126,5.0103,10.2717
2021-11-01,2022-05-12,126,5.1327,10.5288
2021-11-02,2022-05-13,126,6.012,12.3855
2021-11-03,2022-05-16,126,5.5601,11.4293
2021-11-04,2022-05-17,126,5.5906,11.4938
2021-11-05,2022-05-18,126,5.3631,11.0139
2021-11-08,2022-05-19,126,5.2289,10.7313
2021-11-09,2022-05-20,126,5.4363,11.1681
2021-11-10,2022-05-23,126,5.3802,11.0499
2021-11-11,2022-05-24,126,3.7686,7.6793
2021-11-12,2022-05-25,126,4.4821,9.1651
2021-11-15,2022-05-26,126,5.066,10.3886
2021-11-16,2022-05-27,126,5.3961,11.0834
2021-11-17,2022-05-30,126,5.3526,10.9916
2021-11-18,2022-05-31,126,5.1516,10.5685
2021-11-19,2022-06-01,126,4.6833,9.586
2021-11-22,2022-06-02,126,4.8664,9.9696
2021-11-23,2022-06-06,126,5.0001,10.2502
2021-11-24,2022-06-07,126,4.6924,9.6051
2021-11-25,2022-06-08,126,5.1144,10.4904
2021-11-26,2022-06-09,126,5.3851,11.0602
2021-11-29,2022-06-10,126,5.6852,11.6937
2021-11-30,2022-06-13,126,5.7287,11.7855
2021-12-01,2022-06-14,126,5.2722,10.8223
2021-12-02,2022-06-15,126,5.1522,10.5697
2021-12-03,2022-06-16,126,4.4716,9.1431
2021-12-06,2022-06-17,126,4.4631,9.1254
2021-12-07,2022-06-20,126,3.9037,7.9598
2021-12-08,2022-06-21,126,3.9464,8.0485
2021-12-09,2022-06-22,126,3.5197,7.1632
2021-12-10,2022-06-23,126,4.0427,8.2488
2021-12-13,2022-06-24,126,3.4857,7.0928
2021-12-14,2022-06-27,126,4.2033,8.5833
2021-12-15,2022-06-28,126,4.2336,8.6465
2021-12-16,2022-06-29,126,3.6162,7.3631
2021-12-17,2022-06-30,126,3.277,6.6614
2021-12-20,2022-07-01,126,3.1725,6.4456
2021-12-21,2022-07-04,126,2.9683,6.0246
2021-12-22,2022-07-05,126,3.1725,6.4457
2021-12-23,2022-07-06,126,1.6998,3.4285
2021-12-24,2022-07-07,126,1.4373,2.8953
2021-12-27,2022-07-08,126,1.2566,2.5291
2021-12-28,2022-07-11,126,1.2079,2.4303
2021-12-29,2022-07-12,126,1.7103,3.4498
2021-12-30,2022-07-13,126,1.4918,3.0059
2022-01-04,2022-07-14,126,0.4,0.8016
2022-01-05,2022-07-15,126,-0.5826,-1.1619
2022-01-06,2022-07-18,126,0.0674,0.1349
2022-01-07,2022-07-19,126,-0.0109,-0.0218
2022-01-10,2022-07-20,126,-0.2019,-0.4034
2022-01-11,2022-07-21,126,-1.1501,-2.2869
2022-01-12,2022-07-22,126,-0.7925,-1.5788
2022-01-13,2022-07-25,126,-0.6474,-1.2906
2022-01-14,2022-07-26,126,0.1721,0.3445
2022-01-17,2022-07-27,126,0.0768,0.1537
2022-01-18,2022-07-28,126,0.1404,0.281
2022-01-19,2022-07-29,126,-0.0889,-0.1777
2022-01-20,2022-08-01,126,-0.4179,-0.8341
2022-01-21,2022-08-02,126,-0.5334,-1.064
2022-01-24,2022-08-03,126,-0.9321,-1.8556
2022-01-25,2022-08-04,126,-0.0825,-0.165
2022-01-26,2022-08-05,126,0.025,0.05
2022-01-27,2022-08-08,126,0.8129,1.6324
2022-01-28,2022-08-09,126,1.3645,2.7477
2022-02-07,2022-08-10,126,0.5145,1.0317
2022-02-08,2022-08-11,126,-0.0118,-0.0237
2022-02-09,2022-08-12,126,0.0175,0.035
2022-02-10,2022-08-15,126,-0.3195,-0.638
2022-02-11,2022-08-16,126,-0.2262,-0.4519
2022-02-14,2022-08-17,126,-0.1981,-0.3959
2022-02-15,2022-08-18,126,-0.6192,-1.2345
2022-02-16,2022-08-19,126,-0.2906,-0.5804
2022-02-17,2022-08-22,126,-0.3315,-0.662
2022-02-18,2022-08-23,126,-0.9616,-1.914
2022-02-21,2022-08-24,126,-1.075,-2.1384
2022-02-22,2022-08-25,126,-0.5302,-1.0576
2022-02-23,2022-08-26,126,-0.124,-0.2478
2022-02-24,2022-08-29,126,-0.2335,-0.4664
2022-02-25,2022-08-30,126,0.2126,0.4256
2022-02-28,2022-08-31,126,0.0697,0.1395
2022-03-01,2022-09-01,126,-0.1184,-0.2367
2022-03-02,2022-09-02,126,-0.7562,-1.5066
2022-03-03,2022-09-05,126,-0.3175,-0.6341
2022-03-04,2022-09-06,126,0.1956,0.3917
2022-03-07,2022-09-07,126,-0.2517,-0.5028
2022-03-08,2022-09-08,126,0.2792,0.5592
2022-03-09,2022-09-09,126,0.5886,1.1807
2022-03-10,2022-09-13,126,0.9753,1.9602
2022-03-11,2022-09-14,126,0.4483,0.8985
2022-03-14,2022-09-15,126,1.1061,2.2245
2022-03-15,2022-09-16,126,2.2816,4.6152
2022-03-16,2022-09-19,126,1.9159,3.8685
2022-03-17,2022-09-20,126,1.2482,2.512
2022-03-18,2022-09-21,126,0.8178,1.6424
2022-03-21,2022-09-22,126,0.8258,1.6585
2022-03-22,2022-09-23,126,0.0706,0.1413
2022-03-23,2022-09-26,126,-0.4292,-0.8565
2022-03-24,2022-09-27,126,-0.2471,-0.4935
2022-03-25,2022-09-28,126,-0.6176,-1.2315
2022-03-28,2022-09-29,126,-0.8503,-1.6933
2022-03-29,2022-09-30,126,-0.4524,-0.9028
2022-03-30,2022-10-10,126,-0.5336,-1.0643
2022-03-31,2022-10-11,126,-0.8398,-1.6726
2022-04-01,2022-10-12,126,-1.0586,-2.106
2022-04-06,2022-10-13,126,-1.5764,-3.128
2022-04-07,2022-10-14,126,-1.0731,-2.1347
2022-04-08,2022-10-17,126,-1.6645,-3.3013
2022-04-11,2022-10-18,126,-1.5576,-3.091
2022-04-12,2022-10-19,126,-1.8394,-3.645
2022-04-13,2022-10-20,126,-2.1006,-4.157
2022-04-14,2022-10-21,126,-2.5307,-4.9973
2022-04-15,2022-10-24,126,-2.7059,-5.3387
2022-04-18,2022-10-25,126,-2.5549,-5.0446
2022-04-19,2022-10-26,126,-2.8372,-5.5939
2022-04-20,2022-10-27,126,-1.8902,-3.7447
2022-04-21,2022-10-28,126,-2.1741,-4.3009
2022-04-22,2022-10-31,126,-3.3289,-6.547
2022-04-25,2022-11-01,126,-2.0712,-4.0995
2022-04-26,2022-11-02,126,-1.3627,-2.7069
2022-04-27,2022-11-03,126,-1.7816,-3.5315
2022-04-28,2022-11-04,126,-1.8914,-3.7471
2022-04-29,2022-11-07,126,-2.2778,-4.5037
2022-05-05,2022-11-08,126,-2.1818,-4.3161
2022-05-06,2022-11-09,126,-0.9405,-1.8721
2022-05-09,2022-11-10,126,-1.1291,-2.2454
2022-05-10,2022-11-11,126,-0.3689,-0.7364
2022-05-11,2022-11-14,126,-0.4665,-0.9309
2022-05-12,2022-11-15,126,-0.538,-1.0731
2022-05-13,2022-11-16,126,-0.7476,-1.4896
2022-05-16,2022-11-17,126,-0.6556,-1.307
2022-05-17,2022-11-18,126,-0.705,-1.405
2022-05-18,2022-11-21,126,-0.5015,-1.0005
2022-05-19,2022-11-22,126,-0.5106,-1.0186
2022-05-20,2022-11-23,126,-0.5673,-1.1314
2022-05-23,2022-11-24,126,-0.2356,-0.4706
2022-05-24,2022-11-25,126,0.7829,1.572
2022-05-25,2022-11-28,126,0.223,0.4465
2022-05-26,2022-11-29,126,0.459,0.9202
2022-05-27,2022-11-30,126,0.1825,0.3653
2022-05-30,2022-12-01,126,0.2877,0.5762
2022-05-31,2022-12-02,126,0.3875,0.7765
2022-06-01,2022-12-05,126,0.6534,1.311
2022-06-02,2022-12-06,126,0.3835,0.7685
2022-06-06,2022-12-07,126,0.284,0.5688
2022-06-07,2022-12-08,126,0.5525,1.108
2022-06-08,2022-12-09,126,0.1793,0.359
2022-06-09,2022-12-12,126,-0.2577,-0.5148
2022-06-10,2022-12-13,126,-0.0665,-0.1329
2022-06-13,2022-12-14,126,0.183,0.3664
2022-06-14,2022-12-15,126,-0.1389,-0.2776
2022-06-15,2022-12-16,126,0.1287,0.2576
2022-06-16,2022-12-19,126,0.1334,0.267
2022-06-17,2022-12-20,126,-0.1931,-0.3858
2022-06-20,2022-12-21,126,0.2371,0.4747
2022-06-21,2022-12-22,126,0.0599,0.1199
2022-06-22,2022-12-23,126,0.1656,0.3314
2022-06-23,2022-12-26,126,-0.0606,-0.1211
2022-06-24,2022-12-27,126,0.5783,1.1599
2022-06-27,2022-12-28,126,0.2132,0.4269
2022-06-28,2022-12-29,126,0.0671,0.1341
2022-06-29,2022-12-30,126,0.282,0.5648
2022-06-30,2023-01-03,126,0.4497,0.9013
2022-07-01,2023-01-04,126,0.8885,1.7849
2022-07-04,2023-01-05,126,0.759,1.5238
2022-07-05,2023-01-06,126,0.5048,1.0121
2022-07-06,2023-01-09,126,1.8433,3.7206
2022-07-07,2023-01-10,126,2.0673,4.1774
2022-07-08,2023-01-11,126,2.2991,4.651
2022-07-11,2023-01-12,126,2.436,4.9314
2022-07-12,2023-01-13,126,2.4697,5.0003
2022-07-13,2023-01-16,126,2.9448,5.9763
2022-07-14,2023-01-17,126,3.4298,6.9772
2022-07-15,2023-01-18,126,4.2978,8.7803
2022-07-18,2023-01-19,126,3.8034,7.7516
2022-07-19,2023-01-20,126,4.2654,8.7127
2022-07-20,2023-01-30,126,4.1931,8.5619
2022-07-21,2023-01-31,126,4.7957,9.8213
2022-07-22,2023-02-01,126,4.6512,9.5187
2022-07-25,2023-02-02,126,4.7686,9.7646
2022-07-26,2023-02-03,126,3.8359,7.8189
2022-07-27,2023-02-06,126,3.5967,7.3227
2022-07-28,2023-02-07,126,3.304,6.7171
2022-07-29,2023-02-08,126,3.0277,6.147
2022-08-01,2023-02-09,126,3.3239,6.7582
2022-08-02,2023-02-10,126,3.6144,7.3594
2022-08-03,2023-02-13,126,4.3362,8.8605
2022-08-04,2023-02-14,126,4.2096,8.5965
2022-08-05,2023-02-15,126,3.7075,7.5524
2022-08-08,2023-02-16,126,3.4671,7.0544
2022-08-09,2023-02-17,126,3.1076,6.3117
2022-08-10,2023-02-20,126,3.885,7.9209
2022-08-11,2023-02-21,126,3.9068,7.9663
2022-08-12,2023-02-22,126,3.6988,7.5343
2022-08-15,2023-02-23,126,3.5954,7.3201
2022-08-16,2023-02-24,126,3.5942,7.3176
2022-08-17,2023-02-27,126,3.3921,6.8993
2022-08-18,2023-02-28,126,3.9561,8.0687
2022-08-19,2023-03-01,126,4.0069,8.1744
2022-08-22,2023-03-02,126,4.0403,8.2439
2022-08-23,2023-03-03,126,4.3252,8.8376
2022-08-24,2023-03-06,126,4.5647,9.3377
2022-08-25,2023-03-07,126,3.8144,7.7743
2022-08-26,2023-03-08,126,3.556,7.2385
2022-08-29,2023-03-09,126,3.5298,7.1842
2022-08-30,2023-03-10,126,3.0865,6.2682
2022-08-31,2023-03-13,126,3.9775,8.1133
2022-09-01,2023-03-14,126,4.1324,8.4356
2022-09-02,2023-03-15,126,4.7126,9.6473
2022-09-05,2023-03-16,126,3.9468,8.0494
2022-09-06,2023-03-17,126,3.9888,8.1367
2022-09-07,2023-03-20,126,4.8376,9.9091
2022-09-08,2023-03-21,126,4.27,8.7223
2022-09-09,2023-03-22,126,3.7747,7.6919
2022-09-13,2023-03-23,126,4.1027,8.3737
2022-09-14,2023-03-24,126,4.4045,9.003
2022-09-15,2023-03-27,126,4.0386,8.2404
2022-09-16,2023-03-28,126,4.8636,9.9637
2022-09-19,2023-03-29,126,4.7283,9.6801
2022-09-20,2023-03-30,126,4.9934,10.2361
2022-09-21,2023-03-31,126,4.9304,10.1039
2022-09-22,2023-04-03,126,5.0047,10.26
2022-09-23,2023-04-04,126,5.5876,11.4874
2022-09-26,2023-04-06,126,6.4429,13.301
2022-09-27,2023-04-07,126,6.1205,12.6155
2022-09-28,2023-04-10,126,6.0308,12.4253
2022-09-29,2023-04-11,126,6.3996,13.2088
2022-09-30,2023-04-12,126,6.8838,14.2415
2022-10-10,2023-04-13,126,6.6506,13.7435
2022-10-11,2023-04-14,126,6.7545,13.9652
2022-10-12,2023-04-17,126,6.4941,13.4099
2022-10-13,2023-04-18,126,6.6746,13.7946
2022-10-14,2023-04-19,126,6.556,13.5418
2022-10-17,2023-04-20,126,7.0509,14.5989
2022-10-18,2023-04-21,126,6.5581,13.5462
2022-10-19,2023-04-24,126,6.6962,13.8408
2022-10-20,2023-04-25,126,7.5033,15.5696
2022-10-21,2023-04-26,126,7.5579,15.6871
2022-10-24,2023-04-27,126,7.9492,16.5304
2022-10-25,2023-04-28,126,8.3245,17.3419
2022-10-26,2023-05-04,126,10.0341,21.075
2022-10-27,2023-05-05,126,10.2027,21.4465
2022-10-28,2023-05-08,126,11.2313,23.724
2022-10-31,2023-05-09,126,11.739,24.8561
2022-11-01,2023-05-10,126,10.8059,22.7794
2022-11-02,2023-05-11,126,10.2917,21.6425
2022-11-03,2023-05-12,126,10.0518,21.114
2022-11-04,2023-05-15,126,9.595,20.1107
2022-11-07,2023-05-16,126,8.8565,18.4975
2022-11-08,2023-05-17,126,8.5753,17.8861
2022-11-09,2023-05-18,126,8.2706,17.2253
2022-11-10,2023-05-19,126,7.6272,15.8362
2022-11-11,2023-05-22,126,6.7683,13.9947
2022-11-14,2023-05-23,126,6.5303,13.4871
2022-11-15,2023-05-24,126,6.0466,12.4588
2022-11-16,2023-05-25,126,5.7101,11.7462
2022-11-17,2023-05-26,126,6.0009,12.362
2022-11-18,2023-05-29,126,6.3316,13.064
2022-11-21,2023-05-30,126,6.6172,13.6723
2022-11-22,2023-05-31,126,6.5065,13.4363
2022-11-23,2023-06-01,126,6.4633,13.3444
2022-11-24,2023-06-02,126,6.3348,13.071
2022-11-25,2023-06-05,126,5.7567,11.8449
2022-11-28,2023-06-06,126,5.8532,12.0489
2022-11-29,2023-06-07,126,5.5015,11.3057
2022-11-30,2023-06-08,126,5.6227,11.5615
2022-12-01,2023-06-09,126,5.9813,12.3203
2022-12-02,2023-06-12,126,5.7989,11.9341
2022-12-05,2023-06-13,126,5.6758,11.6737
2022-12-06,2023-06-14,126,5.6465,11.6119
2022-12-07,2023-06-15,126,5.551,11.4102
2022-12-08,2023-06-16,126,5.5146,11.3333
2022-12-09,2023-06-19,126,5.1604,10.5871
2022-12-12,2023-06-20,126,5.2679,10.8132
2022-12-13,2023-06-21,126,4.677,9.5728
2022-12-14,2023-06-26,126,3.96,8.0768
2022-12-15,2023-06-27,126,4.952,10.1493
2022-12-16,2023-06-28,126,4.7441,9.7132
2022-12-19,2023-06-29,126,4.924,10.0904
2022-12-20,2023-06-30,126,5.2943,10.8689
2022-12-21,2023-07-03,126,5.4719,11.2432
2022-12-22,2023-07-04,126,5.4805,11.2615
2022-12-23,2023-07-05,126,5.7124,11.7511
2022-12-26,2023-07-06,126,5.7017,11.7285
2022-12-27,2023-07-07,126,5.3519,10.9903
2022-12-28,2023-07-10,126,5.4635,11.2256
2022-12-29,2023-07-11,126,5.7495,11.8296
2022-12-30,2023-07-12,126,5.2643,10.8057
2023-01-03,2023-07-13,126,5.7174,11.7618
2023-01-04,2023-07-14,126,5.392,11.0748
2023-01-05,2023-07-17,126,5.1779,10.6238
2023-01-06,2023-07-18,126,5.4099,11.1124
2023-01-09,2023-07-19,126,5.6696,11.6606
2023-01-10,2023-07-20,126,5.599,11.5116
2023-01-11,2023-07-21,126,5.2241,10.7211
2023-01-12,2023-07-24,126,5.2896,10.8589
2023-01-13,2023-07-25,126,5.3581,11.0034
2023-01-16,2023-07-26,126,5.1718,10.611
2023-01-17,2023-07-27,126,5.2276,10.7286
2023-01-18,2023-07-28,126,5.3834,11.0566
2023-01-19,2023-07-31,126,5.4189,11.1313
2023-01-20,2023-08-01,126,5.0861,10.4309
2023-01-30,2023-08-02,126,4.7642,9.7555
2023-01-31,2023-08-03,126,4.8297,9.8927
2023-02-01,2023-08-04,126,4.5718,9.3526
2023-02-02,2023-08-07,126,4.2462,8.6726
2023-02-03,2023-08-08,126,4.791,9.8116
2023-02-06,2023-08-09,126,4.9902,10.2294
2023-02-07,2023-08-10,126,4.8884,10.0159
2023-02-08,2023-08-11,126,4.7424,9.7096
2023-02-09,2023-08-14,126,4.4883,9.1781
2023-02-10,2023-08-15,126,4.7505,9.7267
2023-02-13,2023-08-16,126,4.4809,9.1626
2023-02-14,2023-08-17,126,4.3231,8.8331
2023-02-15,2023-08-18,126,4.2525,8.6858
2023-02-16,2023-08-21,126,4.3532,8.8959
2023-02-17,2023-08-22,126,4.818,9.8682
2023-02-20,2023-08-23,126,4.1197,8.4091
2023-02-21,2023-08-24,126,3.8958,7.9435
2023-02-22,2023-08-25,126,3.7174,7.5729
2023-02-23,2023-08-28,126,4.1285,8.4275
2023-02-24,2023-08-29,126,4.1771,8.5286
2023-02-27,2023-08-30,126,4.2433,8.6667
2023-02-28,2023-08-31,126,3.9862,8.1314
2023-03-01,2023-09-01,126,3.8535,7.8555
2023-03-02,2023-09-04,126,4.339,8.8662
2023-03-03,2023-09-05,126,3.7372,7.614
2023-03-06,2023-09-06,126,3.4929,7.1077
2023-03-07,2023-09-07,126,3.4645,7.049
2023-03-08,2023-09-08,126,3.7892,7.722
2023-03-09,2023-09-11,126,4.0599,8.2847
2023-03-10,2023-09-12,126,4.2932,8.7708
2023-03-13,2023-09-13,126,3.8259,7.7981
2023-03-14,2023-09-14,126,4.0473,8.2584
2023-03-15,2023-09-15,126,3.4331,6.9841
2023-03-16,2023-09-18,126,3.2546,6.6152
2023-03-17,2023-09-19,126,3.1223,6.3421
2023-03-20,2023-09-20,126,2.5731,5.2125
2023-03-21,2023-09-21,126,2.6509,5.372
2023-03-22,2023-09-22,126,3.0312,6.1543
2023-03-23,2023-09-25,126,2.8356,5.7517
2023-03-24,2023-09-26,126,2.7718,5.6205
2023-03-27,2023-09-27,126,2.8666,5.8154
2023-03-28,2023-09-28,126,2.4554,4.9711
2023-03-29,2023-10-09,126,2.1391,4.3239
2023-03-30,2023-10-10,126,1.4273,2.8749
2023-03-31,2023-10-11,126,1.144,2.3012
2023-04-03,2023-10-12,126,1.7514,3.5334
2023-04-04,2023-10-13,126,1.3272,2.6721
2023-04-06,2023-10-16,126,1.6373,3.3014
2023-04-07,2023-10-17,126,1.8964,3.8287
2023-04-10,2023-10-18,126,2.2536,4.558
2023-04-11,2023-10-19,126,1.5732,3.1711
2023-04-12,2023-10-20,126,1.1089,2.23
2023-04-13,2023-10-23,126,0.6798,1.3641
2023-04-14,2023-10-24,126,0.7785,1.5631
2023-04-17,2023-10-25,126,0.9094,1.8271
2023-04-18,2023-10-26,126,1.2471,2.5098
2023-04-19,2023-10-27,126,1.3188,2.6549
2023-04-20,2023-10-30,126,0.7681,1.5422
2023-04-21,2023-10-31,126,1.3213,2.6601
2023-04-24,2023-11-01,126,1.2656,2.5472
2023-04-25,2023-11-02,126,1.0086,2.0274
2023-04-26,2023-11-03,126,0.7612,1.5282
2023-04-27,2023-11-06,126,0.4685,0.9393
2023-04-28,2023-11-07,126,0.1676,0.3355
2023-05-04,2023-11-08,126,-1.1945,-2.3747
2023-05-05,2023-11-09,126,-1.4987,-2.975
2023-05-08,2023-11-10,126,-1.8286,-3.6238
2023-05-09,2023-11-13,126,-1.6065,-3.1872
2023-05-10,2023-11-14,126,-1.0603,-2.1093
2023-05-11,2023-11-15,126,-0.7389,-1.4724
2023-05-12,2023-11-16,126,-0.3419,-0.6826
2023-05-15,2023-11-17,126,-0.3346,-0.6681
2023-05-16,2023-11-20,126,-0.2868,-0.5727
2023-05-17,2023-11-21,126,-0.0596,-0.1192
2023-05-18,2023-11-22,126,-0.3331,-0.6651
2023-05-19,2023-11-23,126,0.1978,0.396
2023-05-22,2023-11-24,126,0.1631,0.3264
2023-05-23,2023-11-27,126,0.7455,1.4966
2023-05-24,2023-11-28,126,1.0162,2.0428
2023-05-25,2023-11-29,126,1.2638,2.5435
2023-05-26,2023-11-30,126,1.1834,2.3808
2023-05-29,2023-12-01,126,1.1664,2.3464
2023-05-30,2023-12-04,126,1.5216,3.0664
2023-05-31,2023-12-05,126,0.5873,1.1781
2023-06-01,2023-12-06,126,0.4013,0.8043
2023-06-02,2023-12-07,126,0.3893,0.7801
2023-06-05,2023-12-08,126,0.3661,0.7336
2023-06-06,2023-12-11,126,0.4667,0.9356
2023-06-07,2023-12-12,126,0.2501,0.5009
2023-06-08,2023-12-13,126,-0.0065,-0.0131
2023-06-09,2023-12-14,126,0.1204,0.241
2023-06-12,2023-12-15,126,0.0987,0.1975
2023-06-13,2023-12-18,126,0.0051,0.0101
2023-06-14,2023-12-19,126,0.4055,0.8126
2023-06-15,2023-12-20,126,0.6938,1.3924
2023-06-16,2023-12-21,126,0.4928,0.988
2023-06-19,2023-12-22,126,0.9773,1.9642
2023-06-20,2023-12-25,126,1.2775,2.5713
2023-06-21,2023-12-26,126,1.6908,3.4102
2023-06-26,2023-12-27,126,2.4144,4.8871
2023-06-27,2023-12-28,126,1.9066,3.8495
2023-06-28,2023-12-29,126,2.0023,4.0448
2023-06-29,2024-01-02,126,2.4591,4.9786
2023-06-30,2024-01-03,126,2.576,5.2184
2023-07-03,2024-01-04,126,2.282,4.6161
2023-07-04,2024-01-05,126,2.5172,5.0978
2023-07-05,2024-01-08,126,2.3057,4.6645
2023-07-06,2024-01-09,126,2.4421,4.9439
2023-07-07,2024-01-10,126,2.1854,4.4185
2023-07-10,2024-01-11,126,1.8822,3.7999
2023-07-11,2024-01-12,126,1.9487,3.9354
2023-07-12,2024-01-15,126,2.4221,4.9028
2023-07-13,2024-01-16,126,1.9487,3.9354
2023-07-14,2024-01-17,126,1.5268,3.077
2023-07-17,2024-01-18,126,1.5423,3.1083
2023-07-18,2024-01-19,126,1.4722,2.9661
2023-07-19,2024-01-22,126,0.1712,0.3427
2023-07-20,2024-01-23,126,0.6733,1.3511
2023-07-21,2024-01-24,126,1.4192,2.8585
2023-07-24,2024-01-25,126,2.0736,4.1902
2023-07-25,2024-01-26,126,2.2054,4.4595
2023-07-26,2024-01-29,126,2.2955,4.6437
2023-07-27,2024-01-30,126,1.9104,3.8573
2023-07-28,2024-01-31,126,1.7382,3.5066
2023-07-31,2024-02-01,126,1.3307,2.6792
2023-08-01,2024-02-02,126,1.3047,2.6265
2023-08-02,2024-02-05,126,1.4486,2.9182
2023-08-03,2024-02-06,126,1.9258,3.8886
2023-08-04,2024-02-07,126,2.3567,4.769
2023-08-07,2024-02-08,126,2.4179,4.8943
2023-08-08,2024-02-19,126,2.9321,5.9501
2023-08-09,2024-02-20,126,3.366,6.8453
2023-08-10,2024-02-21,126,3.5569,7.2403
2023-08-11,2024-02-22,126,4.2223,8.6228
2023-08-14,2024-02-23,126,4.1327,8.4362
2023-08-15,2024-02-26,126,3.4699,7.0602
2023-08-16,2024-02-27,126,3.6348,7.4016
2023-08-17,2024-02-28,126,3.4266,6.9705
2023-08-18,2024-02-29,126,3.9317,8.018
2023-08-21,2024-03-01,126,4.0835,8.3338
2023-08-22,2024-03-04,126,4.273,8.7285
2023-08-23,2024-03-05,126,4.8005,9.8315
2023-08-24,2024-03-06,126,4.9893,10.2276
2023-08-25,2024-03-07,126,5.4584,11.2147
2023-08-28,2024-03-08,126,5.3008,10.8826
2023-08-29,2024-03-11,126,5.1508,10.5668
2023-08-30,2024-03-12,126,4.5158,9.2356
2023-08-31,2024-03-13,126,4.468,9.1357
2023-09-01,2024-03-14,126,4.4411,9.0795
2023-09-04,2024-03-15,126,4.0031,8.1665
2023-09-05,2024-03-18,126,4.0201,8.2018
2023-09-06,2024-03-19,126,4.056,8.2765
2023-09-07,2024-03-20,126,4.3369,8.8619
2023-09-08,2024-03-21,126,4.9828,10.2138
2023-09-11,2024-03-22,126,4.5108,9.225
2023-09-12,2024-03-25,126,4.6462,9.5084
2023-09-13,2024-03-26,126,4.5882,9.3869
2023-09-14,2024-03-27,126,4.2112,8.5998
2023-09-15,2024-03-28,126,4.4885,9.1784
2023-09-18,2024-03-29,126,5.6357,11.5891
2023-09-19,2024-04-01,126,5.5372,11.381
2023-09-20,2024-04-02,126,5.5968,11.5068
2023-09-21,2024-04-03,126,6.4175,13.2468
2023-09-22,2024-04-08,126,7.051,14.5991
2023-09-25,2024-04-09,126,6.9972,14.4841
2023-09-26,2024-04-10,126,7.2726,15.074
2023-09-27,2024-04-11,126,7.6297,15.8415
2023-09-28,2024-04-12,126,8.8764,18.5407
2023-10-09,2024-04-15,126,9.4943,19.89
2023-10-10,2024-04-16,126,10.1787,21.3936
2023-10-11,2024-04-17,126,10.8821,22.9483
2023-10-12,2024-04-18,126,10.3387,21.7464
2023-10-13,2024-04-19,126,10.4766,22.0507
2023-10-16,2024-04-22,126,8.8406,18.4627
2023-10-17,2024-04-23,126,7.4342,15.421
2023-10-18,2024-04-24,126,7.5583,15.688
2023-10-19,2024-04-25,126,8.0435,16.7341
2023-10-20,2024-04-26,126,7.8013,16.2112
2023-10-23,2024-04-29,126,7.9578,16.5488
2023-10-24,2024-04-30,126,7.8045,16.2181
2023-10-25,2024-05-06,126,7.7241,16.0448
2023-10-26,2024-05-07,126,7.5498,15.6696
2023-10-27,2024-05-08,126,7.5333,15.6341
2023-10-30,2024-05-09,126,8.0854,16.8245
2023-10-31,2024-05-10,126,8.8487,18.4805
2023-11-01,2024-05-13,126,8.9445,18.689
2023-11-02,2024-05-14,126,8.4925,17.7063
2023-11-03,2024-05-15,126,8.8464,18.4753
2023-11-06,2024-05-16,126,9.326,19.5216
2023-11-07,2024-05-17,126,9.6312,20.1901
2023-11-08,2024-05-20,126,10.7696,22.699
2023-11-09,2024-05-21,126,10.6005,22.3247
2023-11-10,2024-05-22,126,10.6417,22.416
2023-11-13,2024-05-23,126,9.5802,20.0782
2023-11-14,2024-05-24,126,9.1906,19.2258
2023-11-15,2024-05-27,126,9.4699,19.8366
2023-11-16,2024-05-28,126,9.445,19.7821
2023-11-17,2024-05-29,126,9.6074,20.1378
2023-11-20,2024-05-30,126,9.3356,19.5427
2023-11-21,2024-05-31,126,9.4233,19.7347
2023-11-22,2024-06-03,126,8.9797,18.7657
2023-11-23,2024-06-04,126,9.2271,19.3056
2023-11-24,2024-06-05,126,8.6653,18.0814
2023-11-27,2024-06-06,126,9.04,18.8971
2023-11-28,2024-06-07,126,9.1927,19.2304
2023-11-29,2024-06-11,126,7.7692,16.142
2023-11-30,2024-06-12,126,8.1375,16.9373
2023-12-01,2024-06-13,126,7.693,15.9779
2023-12-04,2024-06-14,126,7.2495,15.0247
2023-12-05,2024-06-17,126,7.8164,16.2439
2023-12-06,2024-06-18,126,8.0339,16.7131
2023-12-07,2024-06-19,126,8.0687,16.7885
2023-12-08,2024-06-20,126,8.3871,17.4777
2023-12-11,2024-06-21,126,8.2939,17.2756
2023-12-12,2024-06-24,126,7.4329,15.4183
2023-12-13,2024-06-25,126,7.8042,16.2174
2023-12-14,2024-06-26,126,7.2541,15.0343
2023-12-15,2024-06-27,126,7.2645,15.0568
2023-12-18,2024-06-28,126,7.8662,16.3512
2023-12-19,2024-07-01,126,8.3566,17.4115
2023-12-20,2024-07-02,126,8.4749,17.668
2023-12-21,2024-07-03,126,8.4461,17.6056
2023-12-22,2024-07-04,126,8.2943,17.2764
2023-12-25,2024-07-05,126,8.0588,16.7671
2023-12-26,2024-07-08,126,7.8548,16.3266
2023-12-27,2024-07-09,126,7.7706,16.1451
2023-12-28,2024-07-10,126,7.3444,15.2282
2023-12-29,2024-07-11,126,7.5365,15.6411
2024-01-02,2024-07-12,126,7.2373,14.9985
2024-01-03,2024-07-15,126,7.144,14.7984
2024-01-04,2024-07-16,126,7.2755,15.0803
2024-01-05,2024-07-17,126,7.2899,15.1113
2024-01-08,2024-07-18,126,7.6884,15.9678
2024-01-09,2024-07-19,126,6.5511,13.5313
2024-01-10,2024-07-22,126,6.5389,13.5054
2024-01-11,2024-07-23,126,6.4056,13.2214
2024-01-12,2024-07-24,126,6.6705,13.786
2024-01-15,2024-07-25,126,5.4249,11.144
2024-01-16,2024-07-26,126,5.2051,10.6812
2024-01-17,2024-07-29,126,6.0924,12.5559
2024-01-18,2024-07-30,126,6.1725,12.7261
2024-01-19,2024-07-31,126,6.6862,13.8194
2024-01-22,2024-08-01,126,7.8117,16.2337
2024-01-23,2024-08-02,126,7.6692,15.9266
2024-01-24,2024-08-05,126,6.0304,12.4244
2024-01-25,2024-08-06,126,4.9712,10.1894
2024-01-26,2024-08-07,126,4.716,9.6545
2024-01-29,2024-08-08,126,4.6049,9.4218
2024-01-30,2024-08-09,126,5.1111,10.4835
2024-01-31,2024-08-12,126,5.4175,11.1285
2024-02-01,2024-08-13,126,5.954,12.2625
2024-02-02,2024-08-14,126,5.6994,11.7236
2024-02-05,2024-08-15,126,6.1302,12.6361
2024-02-06,2024-08-16,126,5.8652,12.0745
2024-02-07,2024-08-19,126,6.1001,12.5723
2024-02-08,2024-08-20,126,5.8844,12.1151
2024-02-19,2024-08-21,126,5.358,11.0032
2024-02-20,2024-08-22,126,5.1321,10.5276
2024-02-21,2024-08-23,126,4.8852,10.009
2024-02-22,2024-08-26,126,4.7481,9.7215
2024-02-23,2024-08-27,126,4.952,10.1492
2024-02-26,2024-08-28,126,5.1851,10.639
2024-02-27,2024-08-29,126,4.5307,9.2667
2024-02-28,2024-08-30,126,4.5574,9.3226
2024-02-29,2024-09-02,126,4.25,8.6807
2024-03-01,2024-09-03,126,3.9074,7.9675
2024-03-04,2024-09-04,126,3.1223,6.3421
2024-03-05,2024-09-05,126,2.6663,5.4036
2024-03-06,2024-09-06,126,2.4117,4.8815
2024-03-07,2024-09-09,126,1.4169,2.8539
2024-03-08,2024-09-10,126,1.4852,2.9925
2024-03-11,2024-09-11,126,1.1054,2.223
2024-03-12,2024-09-12,126,1.827,3.6874
2024-03-13,2024-09-13,126,2.2901,4.6326
2024-03-14,2024-09-18,126,2.4618,4.9842
2024-03-15,2024-09-19,126,2.2789,4.6097
2024-03-18,2024-09-20,126,2.8963,5.8764
2024-03-19,2024-09-23,126,3.4306,6.9788
2024-03-20,2024-09-24,126,4.2394,8.6584
2024-03-21,2024-09-25,126,4.1479,8.4679
2024-03-22,2024-09-26,126,5.2385,10.7514
2024-03-25,2024-09-27,126,5.1678,10.6028
2024-03-26,2024-09-30,126,6.4484,13.3126
2024-03-27,2024-10-08,126,6.674,13.7935
2024-03-28,2024-10-09,126,4.229,8.6369
2024-03-29,2024-10-10,126,4.3856,8.9636
2024-04-01,2024-10-11,126,3.9734,8.1047
2024-04-02,2024-10-14,126,4.8519,9.9393
2024-04-03,2024-10-15,126,3.7372,7.6141
2024-04-08,2024-10-16,126,3.7691,7.6802
2024-04-09,2024-10-17,126,3.5814,7.2911
