entry_date,end_date,holding_days,total_return_pct,annualized_return_pct
2009-01-05,2009-04-10,63,10.3446,48.2532
2009-01-06,2009-04-13,63,11.0104,51.8638
2009-01-07,2009-04-14,63,11.3419,53.6861
2009-01-08,2009-04-15,63,12.4507,59.9
2009-01-09,2009-04-16,63,11.6463,55.3735
2009-01-12,2009-04-17,63,10.7033,50.1905
2009-01-13,2009-04-20,63,13.081,63.5153
2009-01-14,2009-04-21,63,11.6973,55.6576
2009-01-15,2009-04-22,63,10.7719,50.5633
2009-01-16,2009-04-23,63,10.1498,47.2093
2009-01-19,2009-04-24,63,9.5877,44.2275
2009-01-20,2009-04-27,63,9.0612,41.4752
2009-01-21,2009-04-28,63,7.9308,35.7006
2009-01-22,2009-04-29,63,8.5897,39.0448
2009-01-23,2009-04-30,63,8.9955,41.1349
2009-02-02,2009-05-04,63,8.1562,36.8377
2009-02-03,2009-05-05,63,7.8828,35.4593
2009-02-04,2009-05-06,63,7.4926,33.5102
2009-02-05,2009-05-07,63,7.7988,35.0379
2009-02-06,2009-05-08,63,6.6607,29.4251
2009-02-09,2009-05-11,63,5.4206,23.51
2009-02-10,2009-05-12,63,5.88,25.6772
2009-02-11,2009-05-13,63,6.0406,26.4412
2009-02-12,2009-05-14,63,5.0847,21.9431
2009-02-13,2009-05-15,63,4.1053,17.4605
2009-02-16,2009-05-18,63,3.7298,15.7747
2009-02-17,2009-05-19,63,4.0852,17.3699
2009-02-18,2009-05-20,63,5.0586,21.8221
2009-02-19,2009-05-21,63,4.3892,18.7467
2009-02-20,2009-05-22,63,3.8395,16.2653
2009-02-23,2009-05-25,63,2.9738,12.4364
2009-02-24,2009-05-26,63,3.84,16.2674
2009-02-25,2009-05-27,63,5.0583,21.8206
2009-02-26,2009-06-01,63,8.7554,39.8955
2009-02-27,2009-06-02,63,9.4631,43.5726
2009-03-02,2009-06-03,63,10.0814,46.8439
2009-03-03,2009-06-04,63,10.7658,50.53
2009-03-04,2009-06-05,63,9.0633,41.4865
2009-03-05,2009-06-08,63,8.1481,36.7967
2009-03-06,2009-06-09,63,7.8497,35.293
2009-03-09,2009-06-10,63,9.7058,44.8499
2009-03-10,2009-06-11,63,9.3356,42.9048
2009-03-11,2009-06-12,63,9.35,42.98
2009-03-12,2009-06-15,63,9.163,42.0043
2009-03-13,2009-06-16,63,9.2004,42.1989
2009-03-16,2009-06-17,63,9.2174,42.2878
2009-03-17,2009-06-18,63,8.7728,39.9851
2009-03-18,2009-06-19,63,8.8803,40.5392
2009-03-19,2009-06-22,63,7.6244,34.1663
2009-03-20,2009-06-23,63,6.6628,29.435
2009-03-23,2009-06-24,63,6.4058,28.1919
2009-03-24,2009-06-25,63,6.9271,30.7228
2009-03-25,2009-06-26,63,8.2147,37.1338
2009-03-26,2009-06-29,63,7.3203,32.6562
2009-03-27,2009-06-30,63,7.2046,32.0849
2009-03-30,2009-07-01,63,7.9314,35.7038
2009-03-31,2009-07-02,63,8.4759,38.4628
2009-04-01,2009-07-03,63,8.3275,37.7067
2009-04-02,2009-07-06,63,8.1293,36.7016
2009-04-03,2009-07-07,63,8.3325,37.7322
2009-04-07,2009-07-08,63,9.0567,41.4523
2009-04-08,2009-07-09,63,10.2665,47.834
2009-04-09,2009-07-10,63,9.9342,46.06
2009-04-10,2009-07-13,63,8.3945,38.0475
2009-04-13,2009-07-14,63,8.6645,39.4282
2009-04-14,2009-07-15,63,8.7138,39.6816
2009-04-15,2009-07-16,63,9.0381,41.3557
2009-04-16,2009-07-17,63,9.1495,41.9344
2009-04-17,2009-07-20,63,11.1476,52.6163
2009-04-20,2009-07-21,63,10.1493,47.2065
2009-04-21,2009-07-22,63,10.4541,48.8428
2009-04-22,2009-07-23,63,12.526,60.3287
2009-04-23,2009-07-24,63,12.1085,57.9627
2009-04-24,2009-07-27,63,12.7991,61.8909
2009-04-27,2009-07-28,63,13.6846,67.0344
2009-04-28,2009-07-29,63,11.584,55.027
2009-04-29,2009-07-30,63,11.1171,52.4486
2009-04-30,2009-07-31,63,11.8871,56.7184
2009-05-04,2009-08-03,63,11.727,55.8233
2009-05-05,2009-08-04,63,11.3388,53.6689
2009-05-06,2009-08-05,63,10.6944,50.1421
2009-05-07,2009-08-06,63,9.6806,44.7171
2009-05-08,2009-08-07,63,8.2686,37.4072
2009-05-11,2009-08-10,63,8.8132,40.1929
2009-05-12,2009-08-11,63,8.1461,36.7867
2009-05-13,2009-08-12,63,5.8875,25.7124
2009-05-14,2009-08-13,63,6.9625,30.8962
2009-05-15,2009-08-14,63,6.0367,26.4229
2009-05-18,2009-08-17,63,3.5701,15.0634
2009-05-19,2009-08-18,63,3.7365,15.8046
2009-05-20,2009-08-19,63,2.3283,9.6435
2009-05-21,2009-08-20,63,3.9785,16.8893
2009-05-22,2009-08-21,63,4.3121,18.3964
2009-05-25,2009-08-24,63,4.7607,20.4462
2009-05-26,2009-08-25,63,3.8545,16.3326
2009-05-27,2009-08-26,63,4.0855,17.3712
2009-06-01,2009-08-27,63,2.1033,8.6826
2009-06-02,2009-08-28,63,1.504,6.1532
2009-06-03,2009-08-31,63,-1.4113,-5.527
2009-06-04,2009-09-01,63,-0.8822,-3.4822
2009-06-05,2009-09-02,63,-0.6019,-2.386
2009-06-08,2009-09-03,63,1.9251,7.9257
2009-06-09,2009-09-04,63,2.2867,9.4652
2009-06-10,2009-09-07,63,2.3513,9.7423
2009-06-11,2009-09-08,63,3.6702,15.5091
2009-06-12,2009-09-09,63,4.1999,17.8879
2009-06-15,2009-09-10,63,3.7532,15.8791
2009-06-16,2009-09-11,63,4.469,19.1106
2009-06-17,2009-09-14,63,4.27,18.2056
2009-06-18,2009-09-15,63,3.8736,16.4181
2009-06-19,2009-09-16,63,4.2231,17.9931
2009-06-22,2009-09-17,63,4.796,20.6089
2009-06-23,2009-09-18,63,3.9184,16.619
2009-06-24,2009-09-21,63,3.1263,13.1041
2009-06-25,2009-09-22,63,2.5867,10.7551
2009-06-26,2009-09-23,63,1.701,6.9797
2009-06-29,2009-09-24,63,1.6704,6.8508
2009-06-30,2009-09-25,63,0.8513,3.4488
2009-07-01,2009-09-28,63,-0.2208,-0.8801
2009-07-02,2009-09-29,63,-0.6275,-2.4863
2009-07-03,2009-09-30,63,-0.4559,-1.8114
2009-07-06,2009-10-09,63,1.8891,7.7731
2009-07-07,2009-10-12,63,2.1721,8.9757
2009-07-08,2009-10-13,63,2.7089,11.2839
2009-07-09,2009-10-14,63,3.1473,13.1963
2009-07-10,2009-10-15,63,3.048,12.7609
2009-07-13,2009-10-16,63,3.2092,13.4681
2009-07-14,2009-10-19,63,3.0308,12.6855
2009-07-15,2009-10-20,63,3.2214,13.5216
2009-07-16,2009-10-21,63,2.6467,11.0145
2009-07-17,2009-10-22,63,2.3159,9.5906
2009-07-20,2009-10-23,63,2.1662,8.9504
2009-07-21,2009-10-26,63,2.3396,9.6919
2009-07-22,2009-10-27,63,0.8647,3.5038
2009-07-23,2009-10-28,63,0.4749,1.9132
2009-07-24,2009-10-29,63,-0.2157,-0.86
2009-07-27,2009-10-30,63,-0.3287,-1.3082
2009-07-28,2009-11-02,63,0.4177,1.6812
2009-07-29,2009-11-03,63,2.9822,12.4732
2009-07-30,2009-11-04,63,3.1718,13.3035
2009-07-31,2009-11-05,63,2.4119,10.0024
2009-08-03,2009-11-06,63,1.869,7.6881
2009-08-04,2009-11-09,63,2.2685,9.3876
2009-08-05,2009-11-10,63,2.2129,9.1496
2009-08-06,2009-11-11,63,2.8397,11.8519
2009-08-07,2009-11-12,63,4.083,17.3597
2009-08-10,2009-11-13,63,4.0796,17.3444
2009-08-11,2009-11-16,63,5.4859,23.8165
2009-08-12,2009-11-17,63,7.0009,31.0841
2009-08-13,2009-11-18,63,6.4504,28.4072
2009-08-14,2009-11-19,63,7.3479,32.7928
2009-08-17,2009-11-20,63,9.4984,43.7575
2009-08-18,2009-11-23,63,10.1257,47.0805
2009-08-19,2009-11-24,63,10.7599,50.4978
2009-08-20,2009-11-25,63,10.4145,48.6296
2009-08-21,2009-11-26,63,9.2217,42.3099
2009-08-24,2009-11-27,63,7.1283,31.7096
2009-08-25,2009-11-30,63,9.6335,44.4683
2009-08-26,2009-12-01,63,9.5052,43.7934
2009-08-27,2009-12-02,63,10.9582,51.5784
2009-08-28,2009-12-03,63,11.8123,56.2995
2009-08-31,2009-12-04,63,14.2469,70.3642
2009-09-01,2009-12-07,63,12.9426,62.7161
2009-09-02,2009-12-08,63,12.1174,58.0127
2009-09-03,2009-12-09,63,8.2894,37.5128
2009-09-04,2009-12-10,63,8.0427,36.2642
2009-09-07,2009-12-11,63,7.737,34.7286
2009-09-08,2009-12-14,63,6.815,30.1752
2009-09-09,2009-12-15,63,6.4869,28.5833
2009-09-10,2009-12-16,63,7.2066,32.0951
2009-09-11,2009-12-17,63,5.5256,24.0029
2009-09-14,2009-12-18,63,4.001,16.9903
2009-09-15,2009-12-21,63,4.1637,17.7243
2009-09-16,2009-12-22,63,2.5844,10.7455
2009-09-17,2009-12-23,63,2.1341,8.8135
2009-09-18,2009-12-24,63,4.7043,20.1871
2009-09-21,2009-12-25,63,4.8529,20.871
2009-09-22,2009-12-28,63,5.8505,25.537
2009-09-23,2009-12-29,63,6.5209,28.7475
2009-09-24,2009-12-30,63,6.4153,28.2377
2009-09-25,2009-12-31,63,7.3376,32.7418
2009-09-28,2010-01-04,63,8.4035,38.0934
2009-09-29,2010-01-05,63,9.3616,43.0404
2009-09-30,2010-01-06,63,8.4844,38.5062
2009-10-09,2010-01-07,63,5.3016,22.9532
2009-10-12,2010-01-08,63,5.0749,21.8977
2009-10-13,2010-01-11,63,5.2564,22.7425
2009-10-14,2010-01-12,63,5.1865,22.4165
2009-10-15,2010-01-13,63,3.7488,15.8599
2009-10-16,2010-01-14,63,4.5181,19.3347
2009-10-19,2010-01-15,63,3.6798,15.5517
2009-10-20,2010-01-18,63,3.0598,12.8127
2009-10-21,2010-01-19,63,3.5104,14.7982
2009-10-22,2010-01-20,63,2.7713,11.5544
2009-10-23,2010-01-21,63,1.898,7.811
2009-10-26,2010-01-22,63,1.1838,4.82
2009-10-27,2010-01-25,63,2.1566,8.9094
2009-10-28,2010-01-26,63,1.203,4.8997
2009-10-29,2010-01-27,63,1.7325,7.1122
2009-10-30,2010-01-28,63,0.9172,3.7195
2009-11-02,2010-01-29,63,-0.1392,-0.5558
2009-11-03,2010-02-01,63,-1.1345,-4.4615
2009-11-04,2010-02-02,63,-1.2122,-4.7613
2009-11-05,2010-02-03,63,-0.4148,-1.6488
2009-11-06,2010-02-04,63,-0.9706,-3.8264
2009-11-09,2010-02-05,63,-2.798,-10.731
2009-11-10,2010-02-08,63,-2.6168,-10.0636
2009-11-11,2010-02-09,63,-2.449,-9.4421
2009-11-12,2010-02-10,63,-2.3097,-8.9236
2009-11-13,2010-02-11,63,-2.0747,-8.044
2009-11-16,2010-02-12,63,-2.7933,-10.7137
2009-11-17,2010-02-22,63,-2.4233,-9.3464
2009-11-18,2010-02-23,63,-2.8862,-11.0545
2009-11-19,2010-02-24,63,-2.9373,-11.2417
2009-11-20,2010-02-25,63,-2.8806,-11.034
2009-11-23,2010-02-26,63,-3.1873,-12.1525
2009-11-24,2010-03-01,63,-1.974,-7.6654
2009-11-25,2010-03-02,63,-3.0315,-11.5857
2009-11-26,2010-03-03,63,-1.7237,-6.7184
2009-11-27,2010-03-04,63,-1.2423,-4.8775
2009-11-30,2010-03-05,63,-2.1527,-8.3367
2009-12-01,2010-03-08,63,-2.3205,-8.9637
2009-12-02,2010-03-09,63,-3.5009,-13.2851
2009-12-03,2010-03-10,63,-3.5452,-13.4443
2009-12-04,2010-03-11,63,-4.0721,-15.3202
2009-12-07,2010-03-12,63,-3.4394,-13.0639
2009-12-08,2010-03-15,63,-3.7934,-14.3319
2009-12-09,2010-03-16,63,-2.4039,-9.2744
2009-12-10,2010-03-17,63,-1.72,-6.7047
2009-12-11,2010-03-18,63,-2.053,-7.9625
2009-12-14,2010-03-19,63,-1.9923,-7.734
2009-12-15,2010-03-22,63,-1.9792,-7.6849
2009-12-16,2010-03-23,63,-2.4691,-9.5167
2009-12-17,2010-03-24,63,-1.7319,-6.7496
2009-12-18,2010-03-25,63,-1.2518,-4.914
2009-12-21,2010-03-26,63,-0.8774,-3.4638
2009-12-22,2010-03-29,63,1.0835,4.4049
2009-12-23,2010-03-30,63,1.0746,4.3682
2009-12-24,2010-03-31,63,-0.3977,-1.5814
2009-12-25,2010-04-01,63,0.0291,0.1163
2009-12-28,2010-04-02,63,-0.1924,-0.7673
2009-12-29,2010-04-06,63,-0.1358,-0.5421
2009-12-30,2010-04-07,63,-0.1453,-0.58
2009-12-31,2010-04-08,63,-0.4233,-1.6826
2010-01-04,2010-04-09,63,-0.0034,-0.0135
2010-01-05,2010-04-12,63,-0.9613,-3.7901
2010-01-06,2010-04-13,63,-0.5114,-2.03
2010-01-07,2010-04-14,63,0.0326,0.1307
2010-01-08,2010-04-15,63,0.1597,0.6404
2010-01-11,2010-04-16,63,-0.8441,-3.334
2010-01-12,2010-04-19,63,-2.9462,-11.274
2010-01-13,2010-04-20,63,-1.4622,-5.7217
2010-01-14,2010-04-21,63,-1.4016,-5.4897
2010-01-15,2010-04-22,63,-1.6763,-6.5383
2010-01-18,2010-04-23,63,-1.9598,-7.6118
2010-01-19,2010-04-26,63,-1.7786,-6.9267
2010-01-20,2010-04-27,63,-1.4937,-5.8424
2010-01-21,2010-04-28,63,-1.1133,-4.3794
2010-01-22,2010-04-29,63,-0.5463,-2.1674
2010-01-25,2010-04-30,63,-0.2965,-1.1806
2010-01-26,2010-05-04,63,0.1866,0.7487
2010-01-27,2010-05-05,63,0.4323,1.7404
2010-01-28,2010-05-06,63,-0.3658,-1.455
2010-01-29,2010-05-07,63,0.0834,0.3339
2010-02-01,2010-05-10,63,0.3985,1.6035
2010-02-02,2010-05-11,63,-0.2959,-1.1785
2010-02-03,2010-05-12,63,-0.5603,-2.2226
2010-02-04,2010-05-13,63,0.3907,1.5719
2010-02-05,2010-05-14,63,1.8229,7.4933
2010-02-08,2010-05-17,63,0.5494,2.2159
2010-02-09,2010-05-18,63,0.2311,0.9275
2010-02-10,2010-05-19,63,-0.446,-1.7721
2010-02-11,2010-05-20,63,-1.3427,-5.2636
2010-02-12,2010-05-21,63,-1.5881,-6.2025
2010-02-22,2010-05-24,63,-1.0677,-4.2028
2010-02-23,2010-05-25,63,-1.1814,-4.6424
2010-02-24,2010-05-26,63,-0.8882,-3.5056
2010-02-25,2010-05-27,63,-0.4484,-1.7815
2010-02-26,2010-05-28,63,-0.8136,-3.2148
2010-03-01,2010-05-31,63,-1.9395,-7.5354
2010-03-02,2010-06-01,63,-1.8245,-7.1006
2010-03-03,2010-06-02,63,-2.3476,-9.0647
2010-03-04,2010-06-03,63,-1.8381,-7.152
2010-03-05,2010-06-04,63,-2.2919,-8.8573
2010-03-08,2010-06-07,63,-2.6151,-10.0571
2010-03-09,2010-06-08,63,-1.803,-7.0195
2010-03-10,2010-06-09,63,-1.2833,-5.0353
2010-03-11,2010-06-10,63,-1.2336,-4.844
2010-03-12,2010-06-11,63,-1.1638,-4.5747
2010-03-15,2010-06-17,63,-0.4435,-1.7624
2010-03-16,2010-06-18,63,-0.8488,-3.3523
2010-03-17,2010-06-21,63,-0.7694,-3.0424
2010-03-18,2010-06-22,63,-1.1039,-4.3429
2010-03-19,2010-06-23,63,-1.4008,-5.4866
2010-03-22,2010-06-24,63,-1.1843,-4.6537
2010-03-23,2010-06-25,63,-0.8935,-3.5263
2010-03-24,2010-06-28,63,-0.7797,-3.0827
2010-03-25,2010-06-29,63,-1.6413,-6.4055
2010-03-26,2010-06-30,63,-2.2344,-8.6426
2010-03-29,2010-07-01,63,-3.364,-12.7919
2010-03-30,2010-07-02,63,-4.1792,-15.6977
2010-03-31,2010-07-05,63,-3.9762,-14.9812
2010-04-01,2010-07-06,63,-4.0584,-15.2718
2010-04-02,2010-07-07,63,-4.6073,-17.1942
2010-04-06,2010-07-08,63,-4.321,-16.1955
2010-04-07,2010-07-09,63,-4.0824,-15.3566
2010-04-08,2010-07-12,63,-3.5535,-13.4742
2010-04-09,2010-07-13,63,-4.456,-16.6677
2010-04-12,2010-07-14,63,-3.9937,-15.0429
2010-04-13,2010-07-15,63,-4.4434,-16.6236
2010-04-14,2010-07-16,63,-4.6292,-17.2703
2010-04-15,2010-07-19,63,-4.327,-16.2165
2010-04-16,2010-07-20,63,-3.8118,-14.3974
2010-04-19,2010-07-21,63,-2.0564,-7.9754
2010-04-20,2010-07-22,63,-2.0127,-7.8108
2010-04-21,2010-07-23,63,-2.2319,-8.6331
2010-04-22,2010-07-26,63,-1.8822,-7.319
2010-04-23,2010-07-27,63,-1.9606,-7.6146
2010-04-26,2010-07-28,63,-2.1387,-8.2841
2010-04-27,2010-07-29,63,-1.3649,-5.3487
2010-04-28,2010-07-30,63,-1.6146,-6.3036
2010-04-29,2010-08-02,63,-0.642,-2.5435
2010-04-30,2010-08-03,63,-1.2931,-5.073
2010-05-04,2010-08-04,63,-0.5845,-2.3175
2010-05-05,2010-08-05,63,-0.8189,-3.2357
2010-05-06,2010-08-06,63,0.7755,3.1383
2010-05-07,2010-08-09,63,1.0342,4.2012
2010-05-10,2010-08-10,63,0.0183,0.0731
2010-05-11,2010-08-11,63,0.4523,1.8215
2010-05-12,2010-08-12,63,-0.375,-1.4914
2010-05-13,2010-08-13,63,-0.3647,-1.4509
2010-05-14,2010-08-16,63,0.4309,1.7348
2010-05-17,2010-08-17,63,2.0332,8.3842
2010-05-18,2010-08-18,63,1.8046,7.416
2010-05-19,2010-08-19,63,2.3149,9.5859
2010-05-20,2010-08-20,63,2.6123,10.866
2010-05-21,2010-08-23,63,2.3186,9.602
2010-05-24,2010-08-24,63,1.0867,4.4181
2010-05-25,2010-08-25,63,1.2994,5.3
2010-05-26,2010-08-26,63,1.1341,4.6141
2010-05-27,2010-08-27,63,0.6311,2.5484
2010-05-28,2010-08-30,63,1.136,4.6221
2010-05-31,2010-08-31,63,1.8355,7.5467
2010-06-01,2010-09-01,63,2.1007,8.6713
2010-06-02,2010-09-02,63,2.2076,9.127
2010-06-03,2010-09-03,63,2.4176,10.0266
2010-06-04,2010-09-06,63,3.2109,13.4754
2010-06-07,2010-09-07,63,3.4811,14.6684
2010-06-08,2010-09-08,63,3.1444,13.1836
2010-06-09,2010-09-09,63,1.8389,7.561
2010-06-10,2010-09-10,63,2.1366,8.8242
2010-06-11,2010-09-13,63,2.4961,10.3646
2010-06-17,2010-09-14,63,2.4436,10.1386
2010-06-18,2010-09-15,63,2.565,10.6615
2010-06-21,2010-09-16,63,0.9139,3.7062
2010-06-22,2010-09-17,63,1.656,6.7905
2010-06-23,2010-09-20,63,1.7955,7.3776
2010-06-24,2010-09-21,63,1.834,7.5401
2010-06-25,2010-09-27,63,2.6063,10.8397
2010-06-28,2010-09-28,63,2.234,9.2398
2010-06-29,2010-09-29,63,4.2042,17.9073
2010-06-30,2010-09-30,63,5.0561,21.8106
2010-07-01,2010-10-08,63,6.8163,30.1816
2010-07-02,2010-10-11,63,8.8555,40.4113
2010-07-05,2010-10-12,63,9.3142,42.7929
2010-07-06,2010-10-13,63,9.4998,43.7653
2010-07-07,2010-10-14,63,10.2184,47.5764
2010-07-08,2010-10-15,63,10.8414,50.9414
2010-07-09,2010-10-18,63,9.5079,43.8073
2010-07-12,2010-10-19,63,9.6998,44.818
2010-07-13,2010-10-20,63,10.0153,46.4917
2010-07-14,2010-10-21,63,9.2185,42.2936
2010-07-15,2010-10-22,63,9.6528,44.5701
2010-07-16,2010-10-25,63,11.2861,53.3782
2010-07-19,2010-10-26,63,10.3999,48.5507
2010-07-20,2010-10-27,63,9.1526,41.9504
2010-07-21,2010-10-28,63,8.9062,40.6727
2010-07-22,2010-10-29,63,8.7174,39.7001
2010-07-23,2010-11-01,63,9.6321,44.4609
2010-07-26,2010-11-02,63,9.2875,42.6533
2010-07-27,2010-11-03,63,9.0719,41.531
2010-07-28,2010-11-04,63,9.4688,43.6023
2010-07-29,2010-11-05,63,10.2959,47.9919
2010-07-30,2010-11-08,63,10.6988,50.1659
2010-08-02,2010-11-09,63,10.5251,49.2255
2010-08-03,2010-11-10,63,10.3556,48.3125
2010-08-04,2010-11-11,63,10.1771,47.3554
2010-08-05,2010-11-12,63,7.9681,35.8884
2010-08-06,2010-11-15,63,7.0513,31.3313
2010-08-09,2010-11-16,63,5.2929,22.9126
2010-08-10,2010-11-17,63,5.2267,22.6038
2010-08-11,2010-11-18,63,5.8364,25.4702
2010-08-12,2010-11-19,63,6.4883,28.5902
2010-08-13,2010-11-22,63,5.6685,24.6758
2010-08-16,2010-11-23,63,4.4674,19.1029
2010-08-17,2010-11-24,63,5.1909,22.4369
2010-08-18,2010-11-25,63,5.5426,24.0825
2010-08-19,2010-11-26,63,4.777,20.5214
2010-08-20,2010-11-29,63,5.2499,22.7121
2010-08-23,2010-11-30,63,4.9711,21.4171
2010-08-24,2010-12-01,63,5.7131,24.8862
2010-08-25,2010-12-02,63,6.3153,27.7567
2010-08-26,2010-12-03,63,6.0163,26.3256
2010-08-27,2010-12-06,63,6.5409,28.8445
2010-08-30,2010-12-07,63,6.406,28.1928
2010-08-31,2010-12-08,63,5.4965,23.8662
2010-09-01,2010-12-09,63,4.7823,20.5455
2010-09-02,2010-12-10,63,4.9611,21.3706
2010-09-03,2010-12-13,63,5.8456,25.5136
2010-09-06,2010-12-14,63,5.779,25.1982
2010-09-07,2010-12-15,63,5.0886,21.9613
2010-09-08,2010-12-16,63,4.6703,20.0313
2010-09-09,2010-12-17,63,5.2158,22.5532
2010-09-10,2010-12-20,63,5.2,22.4795
2010-09-13,2010-12-21,63,5.5213,23.9825
2010-09-14,2010-12-22,63,5.1517,22.2545
2010-09-15,2010-12-23,63,4.9786,21.4514
2010-09-16,2010-12-24,63,5.2978,22.9356
2010-09-17,2010-12-27,63,4.4948,19.2281
2010-09-20,2010-12-28,63,4.2215,17.9856
2010-09-21,2010-12-29,63,4.778,20.5261
2010-09-27,2010-12-30,63,4.1028,17.4492
2010-09-28,2010-12-31,63,5.0502,21.7832
2010-09-29,2011-01-04,63,5.2251,22.5965
2010-09-30,2011-01-05,63,3.752,15.8738
2010-10-08,2011-01-06,63,2.4181,10.029
2010-10-11,2011-01-07,63,1.1121,4.5233
2010-10-12,2011-01-10,63,0.6007,2.4245
2010-10-13,2011-01-11,63,0.2082,0.8353
2010-10-14,2011-01-12,63,-0.0191,-0.0763
2010-10-15,2011-01-13,63,-0.8631,-3.4079
2010-10-18,2011-01-14,63,-0.8803,-3.475
2010-10-19,2011-01-17,63,-2.709,-10.4034
2010-10-20,2011-01-18,63,-2.1325,-8.2611
2010-10-21,2011-01-19,63,-1.3537,-5.3057
2010-10-22,2011-01-20,63,-2.116,-8.199
2010-10-25,2011-01-21,63,-3.3718,-12.8202
2010-10-26,2011-01-24,63,-3.1779,-12.1183
2010-10-27,2011-01-25,63,-3.1103,-11.8726
2010-10-28,2011-01-26,63,-2.6497,-10.1848
2010-10-29,2011-01-27,63,-2.2668,-8.7635
2010-11-01,2011-01-28,63,-3.7193,-14.0675
2010-11-02,2011-01-31,63,-2.9813,-11.4023
2010-11-03,2011-02-01,63,-2.4317,-9.3776
2010-11-04,2011-02-09,63,-2.9042,-11.1205
2010-11-05,2011-02-10,63,-3.3536,-12.7546
2010-11-08,2011-02-11,63,-3.387,-12.8751
2010-11-09,2011-02-14,63,-3.3133,-12.6088
2010-11-10,2011-02-15,63,-2.6924,-10.3423
2010-11-11,2011-02-16,63,-2.4668,-9.5079
2010-11-12,2011-02-17,63,-0.4456,-1.7705
2010-11-15,2011-02-18,63,-0.335,-1.3333
2010-11-16,2011-02-21,63,1.4111,5.7652
2010-11-17,2011-02-22,63,1.7563,7.2126
2010-11-18,2011-02-23,63,1.0987,4.4679
2010-11-19,2011-02-24,63,1.0208,4.1462
2010-11-22,2011-02-25,63,0.9661,3.9207
2010-11-23,2011-02-28,63,1.9126,7.8726
2010-11-24,2011-03-01,63,1.204,4.9036
2010-11-25,2011-03-02,63,0.9824,3.9878
2010-11-26,2011-03-03,63,1.0657,4.3315
2010-11-29,2011-03-04,63,1.3854,5.6579
2010-11-30,2011-03-07,63,2.5643,10.6586
2010-12-01,2011-03-08,63,1.7523,7.1957
2010-12-02,2011-03-09,63,1.5092,6.1748
2010-12-03,2011-03-10,63,1.2406,5.0553
2010-12-06,2011-03-11,63,0.1986,0.797
2010-12-07,2011-03-14,63,0.1101,0.441
2010-12-08,2011-03-15,63,0.407,1.6381
2010-12-09,2011-03-16,63,1.0188,4.138
2010-12-10,2011-03-17,63,0.1283,0.5143
2010-12-13,2011-03-18,63,-0.3064,-1.22
2010-12-14,2011-03-21,63,-0.3962,-1.5756
2010-12-15,2011-03-22,63,0.2223,0.8922
2010-12-16,2011-03-23,63,0.7593,3.072
2010-12-17,2011-03-24,63,0.8273,3.3507
2010-12-20,2011-03-25,63,1.3014,5.308
2010-12-21,2011-03-28,63,0.4244,1.7083
2010-12-22,2011-03-29,63,0.4366,1.7578
2010-12-23,2011-03-30,63,0.7051,2.8504
2010-12-24,2011-03-31,63,0.7705,3.1177
2010-12-27,2011-04-01,63,1.733,7.1143
2010-12-28,2011-04-06,63,2.6961,11.2285
2010-12-29,2011-04-07,63,2.3135,9.58
2010-12-30,2011-04-08,63,2.6274,10.9309
2010-12-31,2011-04-11,63,1.8802,7.7354
2011-01-04,2011-04-12,63,1.232,5.02
2011-01-05,2011-04-13,63,2.4562,10.1926
2011-01-06,2011-04-14,63,2.5822,10.7356
2011-01-07,2011-04-15,63,2.7838,11.609
2011-01-10,2011-04-18,63,3.4214,14.4042
2011-01-11,2011-04-19,63,2.6476,11.0184
2011-01-12,2011-04-20,63,2.6535,11.0439
2011-01-13,2011-04-21,63,2.9905,12.5096
2011-01-14,2011-04-22,63,3.5293,14.8822
2011-01-17,2011-04-25,63,4.6712,20.0353
2011-01-18,2011-04-26,63,4.0091,17.0268
2011-01-19,2011-04-27,63,3.1441,13.1822
2011-01-20,2011-04-28,63,4.2702,18.2063
2011-01-21,2011-04-29,63,4.4103,18.8428
2011-01-24,2011-05-03,63,4.678,20.0665
2011-01-25,2011-05-04,63,4.2319,18.033
2011-01-26,2011-05-05,63,3.6435,15.3898
2011-01-27,2011-05-06,63,2.7307,11.3784
2011-01-28,2011-05-09,63,3.3771,14.2083
2011-01-31,2011-05-10,63,2.9951,12.5296
2011-02-01,2011-05-11,63,3.025,12.6602
2011-02-09,2011-05-12,63,2.2748,9.4144
2011-02-10,2011-05-13,63,2.346,9.7194
2011-02-11,2011-05-16,63,1.6477,6.7555
2011-02-14,2011-05-17,63,1.0989,4.4685
2011-02-15,2011-05-18,63,1.1758,4.7868
2011-02-16,2011-05-19,63,0.7226,2.9219
2011-02-17,2011-05-20,63,0.8068,3.2664
2011-02-18,2011-05-23,63,0.2486,0.9982
2011-02-21,2011-05-24,63,0.0243,0.0971
2011-02-22,2011-05-25,63,0.4245,1.7088
2011-02-23,2011-05-26,63,0.2854,1.1465
2011-02-24,2011-05-27,63,-0.1136,-0.4538
2011-02-25,2011-05-30,63,0.0716,0.2867
2011-02-28,2011-05-31,63,0.031,0.1241
2011-03-01,2011-06-01,63,-0.3266,-1.3001
2011-03-02,2011-06-02,63,-0.5305,-2.1053
2011-03-03,2011-06-03,63,-0.0425,-0.1698
2011-03-04,2011-06-07,63,0.0531,0.2125
2011-03-07,2011-06-08,63,-0.8382,-3.3109
2011-03-08,2011-06-09,63,-1.1604,-4.5614
2011-03-09,2011-06-10,63,-0.953,-3.7578
2011-03-10,2011-06-13,63,-0.9367,-3.6946
2011-03-11,2011-06-14,63,-0.1369,-0.5466
2011-03-14,2011-06-15,63,-0.6616,-2.6202
2011-03-15,2011-06-16,63,-0.3537,-1.4073
2011-03-16,2011-06-17,63,-0.6715,-2.6591
2011-03-17,2011-06-20,63,-0.1379,-0.5504
2011-03-18,2011-06-21,63,-0.2093,-0.8347
2011-03-21,2011-06-22,63,-0.5207,-2.0665
2011-03-22,2011-06-23,63,-0.1915,-0.7638
2011-03-23,2011-06-24,63,-0.3143,-1.2514
2011-03-24,2011-06-27,63,-0.6611,-2.6183
2011-03-25,2011-06-28,63,-0.8725,-3.4445
2011-03-28,2011-06-29,63,-0.7533,-2.9792
2011-03-29,2011-06-30,63,-0.1304,-0.5205
2011-03-30,2011-07-01,63,-0.3177,-1.2646
2011-03-31,2011-07-04,63,0.4149,1.6698
2011-04-01,2011-07-05,63,-0.0598,-0.239
2011-04-06,2011-07-06,63,-0.3249,-1.2931
2011-04-07,2011-07-07,63,-0.1972,-0.7865
2011-04-08,2011-07-08,63,-0.5818,-2.3068
2011-04-11,2011-07-11,63,-0.1681,-0.6706
2011-04-12,2011-07-12,63,-0.3921,-1.5593
2011-04-13,2011-07-13,63,-0.0656,-0.262
2011-04-14,2011-07-14,63,0.3265,1.3126
2011-04-15,2011-07-15,63,0.2059,0.8262
2011-04-18,2011-07-18,63,0.1733,0.6949
2011-04-19,2011-07-19,63,0.6274,2.5331
2011-04-20,2011-07-20,63,0.0403,0.1612
2011-04-21,2011-07-21,63,-0.18,-0.7181
2011-04-22,2011-07-22,63,-0.2906,-1.1572
2011-04-25,2011-07-25,63,-0.3183,-1.267
2011-04-26,2011-07-26,63,0.1614,0.6473
2011-04-27,2011-07-27,63,0.5377,2.1682
2011-04-28,2011-07-28,63,0.228,0.9153
2011-04-29,2011-07-29,63,-0.0673,-0.269
2011-05-03,2011-08-01,63,-0.2141,-0.8536
2011-05-04,2011-08-02,63,0.6344,2.5619
2011-05-05,2011-08-03,63,1.5142,6.1958
2011-05-06,2011-08-04,63,1.9518,8.0386
2011-05-09,2011-08-05,63,1.1257,4.5792
2011-05-10,2011-08-08,63,0.8595,3.4825
2011-05-11,2011-08-09,63,1.3556,5.5338
2011-05-12,2011-08-10,63,2.2433,9.2796
2011-05-13,2011-08-11,63,2.4579,10.1999
2011-05-16,2011-08-12,63,2.6871,11.1895
2011-05-17,2011-08-15,63,2.6296,10.9404
2011-05-18,2011-08-16,63,2.8594,11.9378
2011-05-19,2011-08-17,63,2.991,12.5114
2011-05-20,2011-08-18,63,2.5727,10.6946
2011-05-23,2011-08-19,63,4.0765,17.3307
2011-05-24,2011-08-22,63,4.1972,17.8755
2011-05-25,2011-08-23,63,4.7658,20.4696
2011-05-26,2011-08-24,63,3.8547,16.3333
2011-05-27,2011-08-25,63,3.431,14.4466
2011-05-30,2011-08-26,63,3.6428,15.387
2011-05-31,2011-08-29,63,3.5104,14.7984
2011-06-01,2011-08-30,63,3.274,13.7531
2011-06-02,2011-08-31,63,4.0713,17.3071
2011-06-03,2011-09-01,63,3.5048,14.7735
2011-06-07,2011-09-02,63,3.3097,13.9105
2011-06-08,2011-09-05,63,3.6237,15.3021
2011-06-09,2011-09-06,63,4.3533,18.5835
2011-06-10,2011-09-07,63,3.3045,13.8877
2011-06-13,2011-09-08,63,3.6519,15.4273
2011-06-14,2011-09-09,63,3.9018,16.5447
2011-06-15,2011-09-13,63,3.1041,13.0064
2011-06-16,2011-09-14,63,3.4617,14.5827
2011-06-17,2011-09-15,63,3.4588,14.5696
2011-06-20,2011-09-16,63,2.6508,11.0322
2011-06-21,2011-09-19,63,2.7456,11.4429
2011-06-22,2011-09-20,63,2.1383,8.8313
2011-06-23,2011-09-21,63,2.9509,12.3364
2011-06-24,2011-09-22,63,1.4516,5.9341
2011-06-27,2011-09-23,63,1.2819,5.2272
2011-06-28,2011-09-26,63,-0.8424,-3.3271
2011-06-29,2011-09-27,63,-0.4834,-1.9197
2011-06-30,2011-09-28,63,-1.0926,-4.2995
2011-07-01,2011-09-29,63,-1.6027,-6.2584
2011-07-04,2011-09-30,63,-1.8968,-7.374
2011-07-05,2011-10-10,63,-1.7724,-6.9034
2011-07-06,2011-10-11,63,-1.8771,-7.2995
2011-07-07,2011-10-12,63,-1.2351,-4.8496
2011-07-08,2011-10-13,63,-1.1446,-4.5003
2011-07-11,2011-10-14,63,-1.4938,-5.8426
2011-07-12,2011-10-17,63,-0.9133,-3.6035
2011-07-13,2011-10-18,63,-2.5723,-9.8991
2011-07-14,2011-10-19,63,-3.1377,-11.9723
2011-07-15,2011-10-20,63,-4.1534,-15.6069
2011-07-18,2011-10-21,63,-4.3998,-16.4713
2011-07-19,2011-10-24,63,-3.3063,-12.5835
2011-07-20,2011-10-25,63,-2.6612,-10.2273
2011-07-21,2011-10-26,63,-1.4654,-5.7339
2011-07-22,2011-10-27,63,-1.1206,-4.4077
2011-07-25,2011-10-28,63,-0.2464,-0.982
2011-07-26,2011-10-31,63,-0.7751,-3.0647
2011-07-27,2011-11-01,63,-1.0162,-4.0032
2011-07-28,2011-11-02,63,-0.1512,-0.6035
2011-07-29,2011-11-03,63,0.0029,0.0116
2011-08-01,2011-11-04,63,0.6549,2.6455
2011-08-02,2011-11-07,63,0.6139,2.4783
2011-08-03,2011-11-08,63,0.0481,0.1926
2011-08-04,2011-11-09,63,0.0993,0.398
2011-08-05,2011-11-10,63,-0.2258,-0.9003
2011-08-08,2011-11-11,63,0.0231,0.0926
2011-08-09,2011-11-14,63,0.2227,0.8936
2011-08-10,2011-11-15,63,-0.2688,-1.0709
2011-08-11,2011-11-16,63,-1.7164,-6.6907
2011-08-12,2011-11-17,63,-1.549,-6.0537
2011-08-15,2011-11-18,63,-2.82,-10.8119
2011-08-16,2011-11-21,63,-3.0402,-11.6175
2011-08-17,2011-11-22,63,-3.62,-13.7126
2011-08-18,2011-11-23,63,-3.2019,-12.2056
2011-08-19,2011-11-24,63,-3.9141,-14.761
2011-08-22,2011-11-25,63,-4.48,-16.7514
2011-08-23,2011-11-28,63,-4.462,-16.6884
2011-08-24,2011-11-29,63,-3.3342,-12.6845
2011-08-25,2011-11-30,63,-3.687,-13.9524
2011-08-26,2011-12-01,63,-3.0215,-11.549
2011-08-29,2011-12-02,63,-3.4524,-13.1108
2011-08-30,2011-12-05,63,-3.4006,-12.9241
2011-08-31,2011-12-06,63,-4.3927,-16.4466
2011-09-01,2011-12-07,63,-3.7246,-14.0865
2011-09-02,2011-12-08,63,-3.7047,-14.0154
2011-09-05,2011-12-09,63,-4.3886,-16.4324
2011-09-06,2011-12-12,63,-4.9956,-18.5343
2011-09-07,2011-12-13,63,-5.4767,-20.1719
2011-09-08,2011-12-14,63,-5.8498,-21.425
2011-09-09,2011-12-15,63,-7.663,-27.3052
2011-09-13,2011-12-16,63,-6.0151,-21.9754
2011-09-14,2011-12-19,63,-6.1761,-22.5086
2011-09-15,2011-12-20,63,-5.9625,-21.8003
2011-09-16,2011-12-21,63,-5.4447,-20.0639
2011-09-19,2011-12-22,63,-5.9116,-21.6309
2011-09-20,2011-12-23,63,-5.3278,-19.6676
2011-09-21,2011-12-26,63,-6.8021,-24.5562
2011-09-22,2011-12-27,63,-6.0077,-21.9507
2011-09-23,2011-12-28,63,-5.6372,-20.7129
2011-09-26,2011-12-29,63,-4.4513,-16.6514
2011-09-27,2011-12-30,63,-4.0653,-15.2961
2011-09-28,2012-01-04,63,-3.6947,-13.9799
2011-09-29,2012-01-05,63,-2.9325,-11.2241
2011-09-30,2012-01-06,63,-2.8703,-10.9962
2011-10-10,2012-01-09,63,-2.3586,-9.106
2011-10-11,2012-01-10,63,-1.7039,-6.6433
2011-10-12,2012-01-11,63,-2.4297,-9.3705
2011-10-13,2012-01-12,63,-2.5027,-9.6413
2011-10-14,2012-01-13,63,-2.8125,-10.7844
2011-10-17,2012-01-16,63,-3.5765,-13.5565
2011-10-18,2012-01-17,63,-1.1919,-4.6831
2011-10-19,2012-01-18,63,-1.381,-5.4105
2011-10-20,2012-01-19,63,0.351,1.4115
2011-10-21,2012-01-20,63,0.5979,2.413
2011-10-24,2012-01-30,63,0.0306,0.1226
2011-10-25,2012-01-31,63,-0.2009,-0.8013
2011-10-26,2012-02-01,63,-1.7907,-6.9726
2011-10-27,2012-02-02,63,-1.199,-4.7103
2011-10-28,2012-02-03,63,-1.5138,-5.9191
2011-10-31,2012-02-06,63,-1.4076,-5.5127
2011-11-01,2012-02-07,63,-1.909,-7.4201
2011-11-02,2012-02-08,63,-1.5081,-5.8972
2011-11-03,2012-02-09,63,-1.7082,-6.6599
2011-11-04,2012-02-10,63,-2.3848,-9.2033
2011-11-07,2012-02-13,63,-2.3784,-9.1794
2011-11-08,2012-02-14,63,-2.785,-10.6831
2011-11-09,2012-02-15,63,-2.533,-9.7536
2011-11-10,2012-02-16,63,-1.8491,-7.1937
2011-11-11,2012-02-17,63,-1.81,-7.0457
2011-11-14,2012-02-20,63,-2.5184,-9.6993
2011-11-15,2012-02-21,63,-1.8924,-7.3573
2011-11-16,2012-02-22,63,-0.6836,-2.7064
2011-11-17,2012-02-23,63,-0.237,-0.9448
2011-11-18,2012-02-24,63,1.3248,5.4055
2011-11-21,2012-02-27,63,1.2708,5.1811
2011-11-22,2012-02-28,63,1.9219,7.912
2011-11-23,2012-02-29,63,1.7779,7.3034
2011-11-24,2012-03-01,63,0.8164,3.3057
2011-11-25,2012-03-02,63,1.6711,6.8536
2011-11-28,2012-03-05,63,1.0081,4.094
2011-11-29,2012-03-06,63,0.017,0.0679
2011-11-30,2012-03-07,63,0.2777,1.1154
2011-12-01,2012-03-08,63,-0.1837,-0.7328
2011-12-02,2012-03-09,63,0.5664,2.2849
2011-12-05,2012-03-12,63,0.8663,3.5104
2011-12-06,2012-03-13,63,1.5816,6.478
2011-12-07,2012-03-14,63,0.0322,0.129
2011-12-08,2012-03-15,63,-0.5205,-2.0657
2011-12-09,2012-03-16,63,0.7546,3.0529
2011-12-12,2012-03-19,63,1.4152,5.7822
2011-12-13,2012-03-20,63,1.9072,7.8496
2011-12-14,2012-03-21,63,2.3773,9.8535
2011-12-15,2012-03-22,63,4.1229,17.54
2011-12-16,2012-03-23,63,2.6637,11.0881
2011-12-19,2012-03-26,63,3.05,12.7696
2011-12-20,2012-03-27,63,3.326,13.9825
2011-12-21,2012-03-28,63,2.356,9.7625
2011-12-22,2012-03-29,63,2.0383,8.4061
2011-12-23,2012-03-30,63,2.0291,8.3669
2011-12-26,2012-04-05,63,2.6546,11.0489
2011-12-27,2012-04-06,63,3.2692,13.7322
2011-12-28,2012-04-09,63,3.2854,13.8036
2011-12-29,2012-04-10,63,4.2775,18.2396
2011-12-30,2012-04-11,63,3.7621,15.919
2012-01-04,2012-04-12,63,4.1924,17.854
2012-01-05,2012-04-13,63,4.4565,19.0533
2012-01-06,2012-04-16,63,3.5863,15.1353
2012-01-09,2012-04-17,63,2.5969,10.7994
2012-01-10,2012-04-18,63,2.343,9.7066
2012-01-11,2012-04-19,63,1.9448,8.009
2012-01-12,2012-04-20,63,2.2302,9.2238
2012-01-13,2012-04-23,63,2.469,10.2479
2012-01-16,2012-04-24,63,3.0688,12.8518
2012-01-17,2012-04-25,63,1.7312,7.1067
2012-01-18,2012-04-26,63,2.4279,10.0712
2012-01-19,2012-04-27,63,1.7313,7.1071
2012-01-20,2012-05-02,63,2.0,8.2434
2012-01-30,2012-05-03,63,1.4353,5.8658
2012-01-31,2012-05-04,63,1.4254,5.8248
2012-02-01,2012-05-07,63,1.9605,8.0755
2012-02-02,2012-05-08,63,0.9257,3.7547
2012-02-03,2012-05-09,63,-0.4537,-1.8024
2012-02-06,2012-05-10,63,-0.0657,-0.2624
2012-02-07,2012-05-11,63,0.1153,0.4622
2012-02-08,2012-05-14,63,-1.2536,-4.9211
2012-02-09,2012-05-15,63,-1.3625,-5.3396
2012-02-10,2012-05-16,63,-2.0522,-7.9595
2012-02-13,2012-05-17,63,-1.3038,-5.114
2012-02-14,2012-05-18,63,-1.1071,-4.3555
2012-02-15,2012-05-21,63,-1.0674,-4.2017
2012-02-16,2012-05-22,63,-0.6058,-2.4012
2012-02-17,2012-05-23,63,-1.2578,-4.9372
2012-02-20,2012-05-24,63,-1.4346,-5.6162
2012-02-21,2012-05-25,63,-1.9624,-7.6217
2012-02-22,2012-05-28,63,-1.7485,-6.8127
2012-02-23,2012-05-29,63,-1.8098,-7.0451
2012-02-24,2012-05-30,63,-2.6651,-10.2418
2012-02-27,2012-05-31,63,-2.5427,-9.7895
2012-02-28,2012-06-01,63,-2.6729,-10.2704
2012-02-29,2012-06-04,63,-2.3926,-9.2322
2012-03-01,2012-06-05,63,-1.4993,-5.8638
2012-03-02,2012-06-06,63,-1.8381,-7.1523
2012-03-05,2012-06-07,63,-1.83,-7.1214
2012-03-06,2012-06-08,63,-2.1829,-8.4499
2012-03-07,2012-06-11,63,-0.9535,-3.7597
2012-03-08,2012-06-12,63,-1.7737,-6.9082
2012-03-09,2012-06-13,63,-1.5552,-6.0772
2012-03-12,2012-06-14,63,-1.6027,-6.2581
2012-03-13,2012-06-15,63,-1.6244,-6.341
2012-03-14,2012-06-18,63,-0.4936,-1.9598
2012-03-15,2012-06-19,63,-0.0847,-0.3383
2012-03-16,2012-06-20,63,-0.8913,-3.5177
2012-03-19,2012-06-21,63,-1.597,-6.2367
2012-03-20,2012-06-25,63,-1.9136,-7.4374
2012-03-21,2012-06-26,63,-1.834,-7.1368
2012-03-22,2012-06-27,63,-2.0174,-7.8287
2012-03-23,2012-06-28,63,-1.8085,-7.0403
2012-03-26,2012-06-29,63,-1.798,-7.0004
2012-03-27,2012-07-02,63,-1.7728,-6.9048
2012-03-28,2012-07-03,63,-0.5273,-2.0924
2012-03-29,2012-07-04,63,0.0461,0.1844
2012-03-30,2012-07-05,63,-0.4066,-1.6165
2012-04-05,2012-07-06,63,-0.281,-1.1191
2012-04-06,2012-07-09,63,-1.277,-5.0109
2012-04-09,2012-07-10,63,-1.2503,-4.9084
2012-04-10,2012-07-11,63,-1.4736,-5.7653
2012-04-11,2012-07-12,63,-1.499,-5.8624
2012-04-12,2012-07-13,63,-1.8056,-7.0291
2012-04-13,2012-07-16,63,-2.4443,-9.4246
2012-04-16,2012-07-17,63,-1.6976,-6.6193
2012-04-17,2012-07-18,63,-1.6226,-6.3343
2012-04-18,2012-07-19,63,-2.2251,-8.6076
2012-04-19,2012-07-20,63,-2.2211,-8.5928
2012-04-20,2012-07-23,63,-2.9289,-11.2108
2012-04-23,2012-07-24,63,-2.5937,-9.9781
2012-04-24,2012-07-25,63,-2.5999,-10.0009
2012-04-25,2012-07-26,63,-2.5848,-9.9451
2012-04-26,2012-07-27,63,-2.5711,-9.8945
2012-04-27,2012-07-30,63,-2.7293,-10.4784
2012-05-02,2012-07-31,63,-3.1424,-11.9896
2012-05-03,2012-08-01,63,-2.913,-11.1527
2012-05-04,2012-08-02,63,-3.4238,-13.0077
2012-05-07,2012-08-03,63,-3.4416,-13.0717
2012-05-08,2012-08-06,63,-2.7235,-10.4571
2012-05-09,2012-08-07,63,-1.6177,-6.3153
2012-05-10,2012-08-08,63,-1.7314,-6.7479
2012-05-11,2012-08-09,63,-1.0004,-3.9419
2012-05-14,2012-08-10,63,-0.8888,-3.5081
2012-05-15,2012-08-13,63,-0.8806,-3.4762
2012-05-16,2012-08-14,63,-0.2024,-0.8072
2012-05-17,2012-08-15,63,-1.3807,-5.4095
2012-05-18,2012-08-16,63,-1.4974,-5.8565
2012-05-21,2012-08-17,63,-1.7402,-6.7812
2012-05-22,2012-08-20,63,-2.0272,-7.8654
2012-05-23,2012-08-21,63,-1.3118,-5.1447
2012-05-24,2012-08-22,63,-1.1638,-4.5745
2012-05-25,2012-08-23,63,-0.4343,-1.7259
2012-05-28,2012-08-24,63,-1.5113,-5.9094
2012-05-29,2012-08-27,63,-2.0496,-7.9497
2012-05-30,2012-08-28,63,-1.6348,-6.3808
2012-05-31,2012-08-29,63,-1.908,-7.4163
2012-06-01,2012-08-30,63,-2.0819,-8.0712
2012-06-04,2012-08-31,63,-2.5714,-9.8957
2012-06-05,2012-09-03,63,-1.7675,-6.8848
2012-06-06,2012-09-04,63,-2.1003,-8.1404
2012-06-07,2012-09-05,63,-1.898,-7.3787
2012-06-08,2012-09-06,63,-0.5931,-2.3514
2012-06-11,2012-09-07,63,-0.5448,-2.1615
2012-06-12,2012-09-10,63,0.488,1.9663
2012-06-13,2012-09-11,63,-0.3973,-1.5798
2012-06-14,2012-09-12,63,-0.2138,-0.8524
2012-06-15,2012-09-13,63,-0.7547,-2.9849
2012-06-18,2012-09-14,63,0.116,0.4646
2012-06-19,2012-09-17,63,-0.4634,-1.8409
2012-06-20,2012-09-18,63,-0.6673,-2.6426
2012-06-21,2012-09-19,63,0.3377,1.3579
2012-06-25,2012-09-20,63,0.4914,1.9803
2012-06-26,2012-09-21,63,0.52,2.0963
2012-06-27,2012-09-24,63,0.7046,2.8484
2012-06-28,2012-09-25,63,0.8169,3.308
2012-06-29,2012-09-26,63,0.3035,1.2196
2012-07-02,2012-09-27,63,0.6025,2.4317
2012-07-03,2012-09-28,63,1.0786,4.3846
2012-07-04,2012-10-08,63,0.4433,1.7851
2012-07-05,2012-10-09,63,1.2769,5.2061
2012-07-06,2012-10-10,63,1.0021,4.0691
2012-07-09,2012-10-11,63,1.636,6.7062
2012-07-10,2012-10-12,63,1.746,7.1692
2012-07-11,2012-10-15,63,1.1197,4.5547
2012-07-12,2012-10-16,63,0.9979,4.0517
2012-07-13,2012-10-17,63,0.9561,3.8796
2012-07-16,2012-10-18,63,1.5998,6.5542
2012-07-17,2012-10-19,63,1.1379,4.6299
2012-07-18,2012-10-22,63,1.3149,5.3643
2012-07-19,2012-10-23,63,0.8956,3.6307
2012-07-20,2012-10-24,63,0.8798,3.5659
2012-07-23,2012-10-25,63,1.1812,4.8093
2012-07-24,2012-10-26,63,0.3823,1.5382
2012-07-25,2012-10-29,63,0.5304,2.1387
2012-07-26,2012-10-30,63,0.249,0.9997
2012-07-27,2012-10-31,63,0.2025,0.8126
2012-07-30,2012-11-01,63,1.2196,4.9684
2012-07-31,2012-11-02,63,0.9511,3.8591
2012-08-01,2012-11-05,63,0.3029,1.217
2012-08-02,2012-11-06,63,0.7933,3.211
2012-08-03,2012-11-07,63,1.2873,5.2495
2012-08-06,2012-11-08,63,0.1794,0.7197
2012-08-07,2012-11-09,63,0.3281,1.3187
2012-08-08,2012-11-12,63,0.4694,1.891
2012-08-09,2012-11-13,63,-0.5036,-1.9992
2012-08-10,2012-11-14,63,-0.151,-0.6024
2012-08-13,2012-11-15,63,-0.2361,-0.9412
2012-08-14,2012-11-16,63,-0.4766,-1.893
2012-08-15,2012-11-19,63,0.1576,0.6318
2012-08-16,2012-11-20,63,0.2687,1.0791
2012-08-17,2012-11-21,63,0.2453,0.9847
2012-08-20,2012-11-22,63,0.2703,1.0856
2012-08-21,2012-11-23,63,0.2852,1.1456
2012-08-22,2012-11-26,63,0.2814,1.1303
2012-08-23,2012-11-27,63,-0.5693,-2.2578
2012-08-24,2012-11-28,63,-0.6152,-2.4383
2012-08-27,2012-11-29,63,-0.7118,-2.8168
2012-08-28,2012-11-30,63,-0.1888,-0.753
2012-08-29,2012-12-03,63,-0.6076,-2.4084
2012-08-30,2012-12-04,63,-0.4332,-1.7216
2012-08-31,2012-12-05,63,0.5719,2.3072
2012-09-03,2012-12-06,63,-0.4011,-1.595
2012-09-04,2012-12-07,63,0.5069,2.043
2012-09-05,2012-12-10,63,0.916,3.7145
2012-09-06,2012-12-11,63,0.4239,1.7064
2012-09-07,2012-12-12,63,-0.3011,-1.1991
2012-09-10,2012-12-13,63,-1.5134,-5.9176
2012-09-11,2012-12-14,63,-0.0739,-0.2954
2012-09-12,2012-12-17,63,-0.162,-0.6464
2012-09-13,2012-12-18,63,0.4562,1.8374
2012-09-14,2012-12-19,63,-0.685,-2.7122
2012-09-17,2012-12-20,63,0.0875,0.3504
2012-09-18,2012-12-21,63,0.0504,0.2016
2012-09-19,2012-12-24,63,-0.0041,-0.0163
2012-09-20,2012-12-25,63,1.4827,6.0639
2012-09-21,2012-12-26,63,1.4456,5.9091
2012-09-24,2012-12-27,63,1.3601,5.5522
2012-09-25,2012-12-28,63,1.8658,7.6748
2012-09-26,2012-12-31,63,2.6811,11.1634
2012-09-27,2013-01-04,63,1.7126,7.0286
2012-09-28,2013-01-07,63,1.1186,4.5502
2012-10-08,2013-01-08,63,1.4057,5.7426
2012-10-09,2013-01-09,63,0.9795,3.9759
2012-10-10,2013-01-10,63,1.0831,4.4035
2012-10-11,2013-01-11,63,1.0127,4.113
2012-10-12,2013-01-14,63,1.9159,7.8865
2012-10-15,2013-01-15,63,2.6545,11.0483
2012-10-16,2013-01-16,63,2.633,10.9553
2012-10-17,2013-01-17,63,2.1838,9.0255
2012-10-18,2013-01-18,63,2.3711,9.8272
2012-10-19,2013-01-21,63,2.7568,11.4915
2012-10-22,2013-01-22,63,2.7115,11.2952
2012-10-23,2013-01-23,63,3.1578,13.2421
2012-10-24,2013-01-24,63,2.8913,12.0767
2012-10-25,2013-01-25,63,2.8269,11.7962
2012-10-26,2013-01-28,63,4.3329,18.4909
2012-10-29,2013-01-29,63,4.6221,19.81
2012-10-30,2013-01-30,63,4.763,20.4567
2012-10-31,2013-01-31,63,4.6741,20.0488
2012-11-01,2013-02-01,63,4.213,17.947
2012-11-02,2013-02-04,63,4.5387,19.4288
2012-11-05,2013-02-05,63,5.4034,23.4292
2012-11-06,2013-02-06,63,5.3651,23.2502
2012-11-07,2013-02-07,63,4.7479,20.3876
2012-11-08,2013-02-08,63,5.4898,23.8346
2012-11-09,2013-02-18,63,4.1057,17.4622
2012-11-12,2013-02-19,63,3.4269,14.4286
2012-11-13,2013-02-20,63,4.2482,18.1065
2012-11-14,2013-02-21,63,2.4328,10.0921
2012-11-15,2013-02-22,63,2.9894,12.5046
2012-11-16,2013-02-25,63,3.4401,14.487
2012-11-19,2013-02-26,63,2.92,12.2015
2012-11-20,2013-02-27,63,3.4962,14.7353
2012-11-21,2013-02-28,63,3.9744,16.8705
2012-11-22,2013-03-01,63,3.8597,16.3559
2012-11-23,2013-03-04,63,2.1506,8.8839
2012-11-26,2013-03-05,63,3.1152,13.0551
2012-11-27,2013-03-06,63,3.7213,15.7368
2012-11-28,2013-03-07,63,3.8733,16.417
2012-11-29,2013-03-08,63,4.0736,17.3176
2012-11-30,2013-03-11,63,3.5197,14.8396
2012-12-03,2013-03-12,63,3.6638,15.4804
2012-12-04,2013-03-13,63,3.4223,14.408
2012-12-05,2013-03-14,63,2.3122,9.5745
2012-12-06,2013-03-15,63,2.7163,11.3158
2012-12-07,2013-03-18,63,1.5658,6.4116
2012-12-10,2013-03-19,63,1.5595,6.3853
2012-12-11,2013-03-20,63,2.71,11.2886
2012-12-12,2013-03-21,63,2.535,10.532
2012-12-13,2013-03-22,63,3.1491,13.2042
2012-12-14,2013-03-25,63,1.6066,6.5829
2012-12-17,2013-03-26,63,1.1098,4.5138
2012-12-18,2013-03-27,63,0.8315,3.3678
2012-12-19,2013-03-28,63,0.4357,1.7544
2012-12-20,2013-03-29,63,0.1995,0.8003
2012-12-21,2013-04-01,63,0.6277,2.5346
2012-12-24,2013-04-02,63,0.305,1.2255
2012-12-25,2013-04-03,63,-0.8843,-3.4907
2012-12-26,2013-04-08,63,-0.8776,-3.4646
2012-12-27,2013-04-09,63,-0.6438,-2.5505
2012-12-28,2013-04-10,63,-1.0301,-4.0573
2012-12-31,2013-04-11,63,-1.9647,-7.6301
2013-01-04,2013-04-12,63,-1.9622,-7.621
2013-01-07,2013-04-15,63,-3.5892,-13.602
2013-01-08,2013-04-16,63,-4.8057,-17.8809
2013-01-09,2013-04-17,63,-5.0883,-18.8517
2013-01-10,2013-04-18,63,-4.9788,-18.4765
2013-01-11,2013-04-19,63,-3.5057,-13.3026
2013-01-14,2013-04-22,63,-4.3775,-16.3933
2013-01-15,2013-04-23,63,-5.3197,-19.6402
2013-01-16,2013-04-24,63,-4.6264,-17.2607
2013-01-17,2013-04-25,63,-4.3237,-16.2052
2013-01-18,2013-04-26,63,-4.6083,-17.1978
2013-01-21,2013-05-02,63,-5.0933,-18.8688
2013-01-22,2013-05-03,63,-4.312,-16.1642
2013-01-23,2013-05-06,63,-4.1407,-15.5621
2013-01-24,2013-05-07,63,-3.9836,-15.0074
2013-01-25,2013-05-08,63,-3.6301,-13.7487
2013-01-28,2013-05-09,63,-4.2242,-15.8561
2013-01-29,2013-05-10,63,-4.4481,-16.64
2013-01-30,2013-05-13,63,-5.1367,-19.0171
2013-01-31,2013-05-14,63,-5.5153,-20.3023
2013-02-01,2013-05-15,63,-6.0374,-22.0492
2013-02-04,2013-05-16,63,-6.018,-21.9849
2013-02-05,2013-05-17,63,-6.1875,-22.5462
2013-02-06,2013-05-20,63,-6.4158,-23.2972
2013-02-07,2013-05-21,63,-5.552,-20.4259
2013-02-08,2013-05-22,63,-5.6339,-20.7015
2013-02-18,2013-05-23,63,-5.1568,-19.0859
2013-02-19,2013-05-24,63,-4.4041,-16.4863
2013-02-20,2013-05-27,63,-4.4129,-16.517
2013-02-21,2013-05-28,63,-2.6665,-10.2471
2013-02-22,2013-05-29,63,-2.8562,-10.9446
2013-02-25,2013-05-30,63,-2.6574,-10.2133
2013-02-26,2013-05-31,63,-2.4644,-9.4992
2013-02-27,2013-06-03,63,-3.3109,-12.6003
2013-02-28,2013-06-04,63,-4.1507,-15.5975
2013-03-01,2013-06-05,63,-3.9879,-15.0224
2013-03-04,2013-06-06,63,-3.2373,-12.334
2013-03-05,2013-06-07,63,-4.2271,-15.866
2013-03-06,2013-06-13,63,-5.4669,-20.139
2013-03-07,2013-06-14,63,-5.1732,-19.1417
2013-03-08,2013-06-17,63,-5.0359,-18.6724
2013-03-11,2013-06-18,63,-4.9838,-18.4938
2013-03-12,2013-06-19,63,-4.898,-18.1991
2013-03-13,2013-06-20,63,-6.1461,-22.4095
2013-03-14,2013-06-21,63,-6.5984,-23.8942
2013-03-15,2013-06-24,63,-8.5043,-29.9187
2013-03-18,2013-06-25,63,-8.1671,-28.8796
2013-03-19,2013-06-26,63,-8.9508,-31.2765
2013-03-20,2013-06-27,63,-9.8328,-33.901
2013-03-21,2013-06-28,63,-9.9561,-34.2618
2013-03-22,2013-07-01,63,-9.2172,-32.0773
2013-03-25,2013-07-02,63,-8.8633,-31.012
2013-03-26,2013-07-03,63,-8.8533,-30.9817
2013-03-27,2013-07-04,63,-8.5664,-30.1087
2013-03-28,2013-07-05,63,-8.0828,-28.6183
2013-03-29,2013-07-08,63,-8.9978,-31.4183
2013-04-01,2013-07-09,63,-8.3904,-29.5689
2013-04-02,2013-07-10,63,-7.8828,-27.9948
2013-04-03,2013-07-11,63,-5.7431,-21.0681
2013-04-08,2013-07-12,63,-6.5472,-23.7273
2013-04-09,2013-07-15,63,-6.1945,-22.5694
2013-04-10,2013-07-16,63,-6.1954,-22.5721
2013-04-11,2013-07-17,63,-6.0284,-22.0195
2013-04-12,2013-07-18,63,-6.4896,-23.539
2013-04-15,2013-07-19,63,-5.5908,-20.5567
2013-04-16,2013-07-22,63,-3.4,-12.9221
2013-04-17,2013-07-23,63,-2.4532,-9.4577
2013-04-18,2013-07-24,63,-2.6022,-10.0095
2013-04-19,2013-07-25,63,-4.2229,-15.8516
2013-04-22,2013-07-26,63,-4.2016,-15.7766
2013-04-23,2013-07-29,63,-4.2437,-15.9244
2013-04-24,2013-07-30,63,-4.76,-17.7232
2013-04-25,2013-07-31,63,-4.576,-17.0856
2013-04-26,2013-08-01,63,-4.5056,-16.8406
2013-05-02,2013-08-02,63,-4.6566,-17.3654
2013-05-03,2013-08-05,63,-4.6278,-17.2653
2013-05-06,2013-08-06,63,-5.0202,-18.6186
2013-05-07,2013-08-07,63,-5.071,-18.7927
2013-05-08,2013-08-08,63,-5.0726,-18.798
2013-05-09,2013-08-09,63,-4.7513,-17.6931
2013-05-10,2013-08-12,63,-3.7272,-14.0958
2013-05-13,2013-08-13,63,-2.9399,-11.2512
2013-05-14,2013-08-14,63,-3.0985,-11.8296
2013-05-15,2013-08-15,63,-2.7564,-10.578
2013-05-16,2013-08-16,63,-2.6807,-10.2993
2013-05-17,2013-08-19,63,-2.2465,-8.6876
2013-05-20,2013-08-20,63,-2.3754,-9.1684
2013-05-21,2013-08-21,63,-3.179,-12.1224
2013-05-22,2013-08-22,63,-3.2695,-12.4506
2013-05-23,2013-08-23,63,-2.6847,-10.3141
2013-05-24,2013-08-26,63,-2.1876,-8.4675
2013-05-27,2013-08-27,63,-2.1807,-8.4417
2013-05-28,2013-08-28,63,-2.1552,-8.3461
2013-05-29,2013-08-29,63,-2.4396,-9.4071
2013-05-30,2013-08-30,63,-2.8807,-11.0343
2013-05-31,2013-09-02,63,-2.8731,-11.0064
2013-06-03,2013-09-03,63,-2.2416,-8.6694
2013-06-04,2013-09-04,63,-1.8487,-7.1923
2013-06-05,2013-09-05,63,-2.1899,-8.4759
2013-06-06,2013-09-06,63,-1.8307,-7.1243
2013-06-07,2013-09-09,63,-0.5701,-2.261
2013-06-13,2013-09-10,63,0.8077,3.2702
2013-06-14,2013-09-11,63,0.6141,2.4791
2013-06-17,2013-09-12,63,0.5778,2.3314
2013-06-18,2013-09-13,63,-0.1635,-0.6523
2013-06-19,2013-09-16,63,0.1719,0.6892
2013-06-20,2013-09-17,63,1.0236,4.1577
2013-06-21,2013-09-18,63,1.4693,6.0078
2013-06-24,2013-09-23,63,4.5003,19.2534
2013-06-25,2013-09-24,63,4.1052,17.4598
2013-06-26,2013-09-25,63,4.6491,19.934
2013-06-27,2013-09-26,63,4.3839,18.7226
2013-06-28,2013-09-27,63,4.6131,19.7688
2013-07-01,2013-09-30,63,4.0099,17.0306
2013-07-02,2013-10-08,63,3.7778,15.9892
2013-07-03,2013-10-09,63,4.2464,18.0983
2013-07-04,2013-10-10,63,3.3614,14.139
2013-07-05,2013-10-11,63,3.6781,15.5443
2013-07-08,2013-10-14,63,4.8233,20.7343
2013-07-09,2013-10-15,63,3.9263,16.6546
2013-07-10,2013-10-16,63,3.0775,12.8901
2013-07-11,2013-10-17,63,0.7726,3.1263
2013-07-12,2013-10-18,63,2.5622,10.6495
2013-07-15,2013-10-21,63,2.4573,10.1976
2013-07-16,2013-10-22,63,2.0428,8.425
2013-07-17,2013-10-23,63,2.3534,9.751
2013-07-18,2013-10-24,63,2.9279,12.2362
2013-07-19,2013-10-25,63,2.9309,12.2493
2013-07-22,2013-10-28,63,2.3193,9.6048
2013-07-23,2013-10-29,63,1.49,6.0947
2013-07-24,2013-10-30,63,1.8445,7.5847
2013-07-25,2013-10-31,63,1.7576,7.2178
2013-07-26,2013-11-01,63,1.742,7.1521
2013-07-29,2013-11-04,63,2.5157,10.4488
2013-07-30,2013-11-05,63,2.3718,9.8301
2013-07-31,2013-11-06,63,1.7159,7.0423
2013-08-01,2013-11-07,63,1.2832,5.2324
2013-08-02,2013-11-08,63,1.3095,5.3416
2013-08-05,2013-11-11,63,0.1303,0.5222
2013-08-06,2013-11-12,63,0.4754,1.9152
2013-08-07,2013-11-13,63,0.137,0.5489
2013-08-08,2013-11-14,63,0.366,1.4722
2013-08-09,2013-11-15,63,0.5052,2.0361
2013-08-12,2013-11-18,63,0.2013,0.8078
2013-08-13,2013-11-19,63,-0.4735,-1.8807
2013-08-14,2013-11-20,63,0.1911,0.7668
2013-08-15,2013-11-21,63,-0.5345,-2.1207
2013-08-16,2013-11-22,63,-0.8013,-3.1669
2013-08-19,2013-11-25,63,-1.6997,-6.6274
2013-08-20,2013-11-26,63,-0.8167,-3.2268
2013-08-21,2013-11-27,63,-0.7772,-3.0726
2013-08-22,2013-11-28,63,-0.4778,-1.8977
2013-08-23,2013-11-29,63,-0.4496,-1.7865
2013-08-26,2013-12-02,63,-1.4259,-5.5829
2013-08-27,2013-12-03,63,-1.6376,-6.3912
2013-08-28,2013-12-04,63,-1.5635,-6.109
2013-08-29,2013-12-05,63,-1.0111,-3.9834
2013-08-30,2013-12-06,63,-1.2389,-4.8643
2013-09-02,2013-12-09,63,-1.1342,-4.4603
2013-09-03,2013-12-10,63,-1.1904,-4.6771
2013-09-04,2013-12-11,63,-1.6557,-6.46
2013-09-05,2013-12-12,63,-1.3445,-5.2706
2013-09-06,2013-12-13,63,-1.825,-7.1027
2013-09-09,2013-12-16,63,-3.2354,-12.327
2013-09-10,2013-12-17,63,-3.3423,-12.7139
2013-09-11,2013-12-18,63,-3.4481,-13.0954
2013-09-12,2013-12-19,63,-3.7404,-14.143
2013-09-13,2013-12-20,63,-4.1208,-15.4922
2013-09-16,2013-12-23,63,-3.8994,-14.7087
2013-09-17,2013-12-24,63,-3.344,-12.7197
2013-09-18,2013-12-25,63,-2.868,-10.9877
2013-09-23,2013-12-26,63,-4.021,-15.1397
2013-09-24,2013-12-27,63,-3.1126,-11.881
2013-09-25,2013-12-30,63,-3.2279,-12.2998
2013-09-26,2013-12-31,63,-2.5465,-9.8034
2013-09-27,2014-01-02,63,-2.3173,-8.9519
2013-09-30,2014-01-03,63,-2.9742,-11.3765
2013-10-08,2014-01-06,63,-3.5783,-13.5631
2013-10-09,2014-01-07,63,-3.5649,-13.515
2013-10-10,2014-01-08,63,-3.3579,-12.7701
2013-10-11,2014-01-09,63,-3.6841,-13.9419
2013-10-14,2014-01-10,63,-3.5473,-13.4521
2013-10-15,2014-01-13,63,-3.2781,-12.4817
2013-10-16,2014-01-14,63,-2.8907,-11.0712
2013-10-17,2014-01-15,63,-2.8355,-10.8687
2013-10-18,2014-01-16,63,-3.6763,-13.9139
2013-10-21,2014-01-17,63,-4.4151,-16.525
2013-10-22,2014-01-20,63,-4.0285,-15.1663
2013-10-23,2014-01-21,63,-3.866,-14.59
2013-10-24,2014-01-22,63,-3.3811,-12.8538
2013-10-25,2014-01-23,63,-3.1521,-12.0247
2013-10-28,2014-01-24,63,-2.7023,-10.3789
2013-10-29,2014-01-27,63,-2.9865,-11.4212
2013-10-30,2014-01-28,63,-3.3883,-12.8797
2013-10-31,2014-01-29,63,-2.8179,-10.8041
2013-11-01,2014-01-30,63,-3.037,-11.6058
2013-11-04,2014-02-07,63,-2.8018,-10.7448
2013-11-05,2014-02-10,63,-2.0348,-7.8942
2013-11-06,2014-02-11,63,-1.3136,-5.1518
2013-11-07,2014-02-12,63,-1.1854,-4.6579
2013-11-08,2014-02-13,63,-0.7231,-2.8611
2013-11-11,2014-02-14,63,0.0852,0.3414
2013-11-12,2014-02-17,63,0.5603,2.2602
2013-11-13,2014-02-18,63,0.7369,2.9805
2013-11-14,2014-02-19,63,0.6677,2.6977
2013-11-15,2014-02-20,63,-0.2039,-0.813
2013-11-18,2014-02-21,63,-1.1499,-4.521
2013-11-19,2014-02-24,63,-1.0359,-4.0797
2013-11-20,2014-02-25,63,-1.7042,-6.6444
2013-11-21,2014-02-26,63,-0.7708,-3.0477
2013-11-22,2014-02-27,63,-1.0666,-4.1986
2013-11-25,2014-02-28,63,-0.3312,-1.3183
2013-11-26,2014-03-03,63,-0.3391,-1.3497
2013-11-27,2014-03-04,63,-0.6962,-2.756
2013-11-28,2014-03-05,63,-1.1336,-4.458
2013-11-29,2014-03-06,63,-1.1046,-4.3457
2013-12-02,2014-03-07,63,-0.8003,-3.1629
2013-12-03,2014-03-10,63,-1.813,-7.0571
2013-12-04,2014-03-11,63,-1.7562,-6.8419
2013-12-05,2014-03-12,63,-1.5884,-6.2037
2013-12-06,2014-03-13,63,-0.6842,-2.709
2013-12-09,2014-03-14,63,-0.9552,-3.7664
2013-12-10,2014-03-17,63,-0.7013,-2.7757
2013-12-11,2014-03-18,63,-0.9351,-3.6882
2013-12-12,2014-03-19,63,-1.0991,-4.3245
2013-12-13,2014-03-20,63,-1.1771,-4.6258
2013-12-16,2014-03-21,63,-0.1082,-0.4322
2013-12-17,2014-03-24,63,-0.1766,-0.7045
2013-12-18,2014-03-25,63,-0.2111,-0.8418
2013-12-19,2014-03-26,63,0.2531,1.0162
2013-12-20,2014-03-27,63,1.031,4.1884
2013-12-23,2014-03-28,63,0.6891,2.7852
2013-12-24,2014-03-31,63,0.6493,2.6227
2013-12-25,2014-04-01,63,0.3002,1.2061
2013-12-26,2014-04-02,63,1.0075,4.0912
2013-12-27,2014-04-03,63,0.3266,1.3127
2013-12-30,2014-04-04,63,0.6973,2.8184
2013-12-31,2014-04-08,63,1.3317,5.4343
2014-01-02,2014-04-09,63,1.0927,4.4429
2014-01-03,2014-04-10,63,1.7139,7.0339
2014-01-06,2014-04-11,63,2.271,9.3983
2014-01-07,2014-04-14,63,2.4929,10.3506
2014-01-08,2014-04-15,63,2.0205,8.3301
2014-01-09,2014-04-16,63,2.0346,8.39
2014-01-10,2014-04-17,63,1.9383,7.9814
2014-01-13,2014-04-18,63,1.7455,7.1671
2014-01-14,2014-04-21,63,0.8923,3.6172
2014-01-15,2014-04-22,63,1.4184,5.7955
2014-01-16,2014-04-23,63,1.2536,5.1097
2014-01-17,2014-04-24,63,1.5539,6.3621
2014-01-20,2014-04-25,63,1.4183,5.7952
2014-01-21,2014-04-28,63,1.1996,4.8854
2014-01-22,2014-04-29,63,0.8883,3.6009
2014-01-23,2014-04-30,63,1.1248,4.5756
2014-01-24,2014-05-05,63,0.836,3.3862
2014-01-27,2014-05-06,63,1.1499,4.6794
2014-01-28,2014-05-07,63,1.013,4.1138
2014-01-29,2014-05-08,63,0.5605,2.2607
2014-01-30,2014-05-09,63,0.7454,3.0153
2014-02-07,2014-05-12,63,1.0578,4.299
2014-02-10,2014-05-13,63,0.2383,0.9564
2014-02-11,2014-05-14,63,-0.1233,-0.4921
2014-02-12,2014-05-15,63,-0.423,-1.6812
2014-02-13,2014-05-16,63,-0.4664,-1.8528
2014-02-14,2014-05-19,63,-1.2184,-4.7851
2014-02-17,2014-05-20,63,-1.9197,-7.4605
2014-02-18,2014-05-21,63,-1.1613,-4.5649
2014-02-19,2014-05-22,63,-1.4527,-5.6853
2014-02-20,2014-05-23,63,-0.9641,-3.8011
2014-02-21,2014-05-26,63,-0.7765,-3.0699
2014-02-24,2014-05-27,63,-0.6702,-2.6538
2014-02-25,2014-05-28,63,-0.2863,-1.1402
2014-02-26,2014-05-29,63,-0.9751,-3.8438
2014-02-27,2014-05-30,63,-0.4755,-1.8883
2014-02-28,2014-06-03,63,-1.0911,-4.2933
2014-03-03,2014-06-04,63,-1.7274,-6.7325
2014-03-04,2014-06-05,63,-1.2842,-5.0388
2014-03-05,2014-06-06,63,-0.9366,-3.6939
2014-03-06,2014-06-09,63,-1.0763,-4.2363
2014-03-07,2014-06-10,63,-0.9874,-3.8915
2014-03-10,2014-06-11,63,0.3801,1.5291
2014-03-11,2014-06-12,63,-0.0812,-0.3243
2014-03-12,2014-06-13,63,0.0035,0.0142
2014-03-13,2014-06-16,63,-0.1785,-0.7121
2014-03-14,2014-06-17,63,-0.5125,-2.0341
2014-03-17,2014-06-18,63,-1.1042,-4.3442
2014-03-18,2014-06-19,63,-0.8183,-3.2333
2014-03-19,2014-06-20,63,0.2109,0.8462
2014-03-20,2014-06-23,63,0.9726,3.9477
2014-03-21,2014-06-24,63,0.1941,0.7787
2014-03-24,2014-06-25,63,-0.0733,-0.293
2014-03-25,2014-06-26,63,0.3428,1.3784
2014-03-26,2014-06-27,63,0.4328,1.7423
2014-03-27,2014-06-30,63,0.8661,3.5098
2014-03-28,2014-07-01,63,1.0969,4.4602
2014-03-31,2014-07-02,63,1.335,5.448
2014-04-01,2014-07-03,63,1.3186,5.3795
2014-04-02,2014-07-04,63,1.0674,4.3383
2014-04-03,2014-07-07,63,0.8398,3.4019
2014-04-04,2014-07-08,63,0.8572,3.4732
2014-04-08,2014-07-09,63,-0.352,-1.4005
2014-04-09,2014-07-10,63,-0.3744,-1.4894
2014-04-10,2014-07-11,63,-0.5655,-2.243
2014-04-11,2014-07-14,63,-0.6232,-2.4696
2014-04-14,2014-07-15,63,-0.9683,-3.8172
2014-04-15,2014-07-16,63,-0.5154,-2.0459
2014-04-16,2014-07-17,63,-0.3291,-1.3099
2014-04-17,2014-07-18,63,0.0814,0.3261
2014-04-18,2014-07-21,63,0.1583,0.6349
2014-04-21,2014-07-22,63,0.9415,3.8197
2014-04-22,2014-07-23,63,0.7328,2.9634
2014-04-23,2014-07-24,63,1.0976,4.4631
2014-04-24,2014-07-25,63,1.2777,5.2095
2014-04-25,2014-07-28,63,2.3211,9.6126
2014-04-28,2014-07-29,63,2.5036,10.3968
2014-04-29,2014-07-30,63,2.1884,9.0454
2014-04-30,2014-07-31,63,2.4027,9.963
2014-05-05,2014-08-01,63,1.6821,6.9003
2014-05-06,2014-08-04,63,2.3092,9.5618
2014-05-07,2014-08-05,63,2.4689,10.2474
2014-05-08,2014-08-06,63,2.7537,11.4782
2014-05-09,2014-08-07,63,2.6339,10.9592
2014-05-12,2014-08-08,63,2.3444,9.7125
2014-05-13,2014-08-11,63,2.5177,10.4574
2014-05-14,2014-08-12,63,2.458,10.2005
2014-05-15,2014-08-13,63,2.7371,11.4063
2014-05-16,2014-08-14,63,2.6373,10.9737
2014-05-19,2014-08-15,63,3.2247,13.5361
2014-05-20,2014-08-18,63,3.2656,13.7163
2014-05-21,2014-08-19,63,2.8885,12.0645
2014-05-22,2014-08-20,63,2.7625,11.5163
2014-05-23,2014-08-21,63,2.0908,8.6293
2014-05-26,2014-08-22,63,2.2092,9.1339
2014-05-27,2014-08-25,63,2.1516,8.8881
2014-05-28,2014-08-26,63,2.278,9.4282
2014-05-29,2014-08-27,63,2.6704,11.1169
2014-05-30,2014-08-28,63,2.4044,9.9699
2014-06-03,2014-08-29,63,3.0461,12.7525
2014-06-04,2014-09-01,63,3.4528,14.5433
2014-06-05,2014-09-02,63,3.3141,13.93
2014-06-06,2014-09-03,63,3.4005,14.3118
2014-06-09,2014-09-04,63,3.6887,15.5915
2014-06-10,2014-09-05,63,3.526,14.8677
2014-06-11,2014-09-09,63,3.1572,13.2395
2014-06-12,2014-09-10,63,3.1439,13.181
2014-06-13,2014-09-11,63,2.4105,9.9962
2014-06-16,2014-09-12,63,1.9958,8.2253
2014-06-17,2014-09-15,63,2.5173,10.4557
2014-06-18,2014-09-16,63,2.12,8.7533
2014-06-19,2014-09-17,63,2.4726,10.2631
2014-06-20,2014-09-18,63,1.5815,6.4779
2014-06-23,2014-09-19,63,1.645,6.744
2014-06-24,2014-09-22,63,0.7806,3.159
2014-06-25,2014-09-23,63,1.2861,5.2447
2014-06-26,2014-09-24,63,1.7615,7.2343
2014-06-27,2014-09-25,63,1.3369,5.4558
2014-06-30,2014-09-26,63,1.5889,6.5088
2014-07-01,2014-09-29,63,1.4482,5.9197
2014-07-02,2014-09-30,63,1.368,5.5851
2014-07-03,2014-10-08,63,1.5788,6.4663
2014-07-04,2014-10-09,63,1.7771,7.3003
2014-07-07,2014-10-10,63,1.7582,7.2207
2014-07-08,2014-10-13,63,1.6622,6.8165
2014-07-09,2014-10-14,63,1.861,7.6543
2014-07-10,2014-10-15,63,1.9117,7.8688
2014-07-11,2014-10-16,63,1.6393,6.7204
2014-07-14,2014-10-17,63,1.6714,6.855
2014-07-15,2014-10-20,63,1.9429,8.0009
2014-07-16,2014-10-21,63,2.0868,8.6119
2014-07-17,2014-10-22,63,1.9541,8.0484
2014-07-18,2014-10-23,63,1.3482,5.5029
2014-07-21,2014-10-24,63,1.0518,4.2741
2014-07-22,2014-10-27,63,0.5189,2.092
2014-07-23,2014-10-28,63,0.9555,3.877
2014-07-24,2014-10-29,63,1.0698,4.3483
2014-07-25,2014-10-30,63,0.6462,2.61
2014-07-28,2014-10-31,63,-0.3328,-1.3245
2014-07-29,2014-11-03,63,-0.7184,-2.8427
2014-07-30,2014-11-04,63,-0.4099,-1.6295
2014-07-31,2014-11-05,63,-1.2905,-5.063
2014-08-01,2014-11-06,63,-0.7815,-3.0896
2014-08-04,2014-11-07,63,-1.4835,-5.8034
2014-08-05,2014-11-10,63,-0.1377,-0.5496
2014-08-06,2014-11-11,63,-0.5082,-2.0174
2014-08-07,2014-11-12,63,0.4208,1.694
2014-08-08,2014-11-13,63,-0.1209,-0.4826
2014-08-11,2014-11-14,63,-0.4671,-1.8553
2014-08-12,2014-11-17,63,0.1467,0.5883
2014-08-13,2014-11-18,63,-0.1464,-0.5841
2014-08-14,2014-11-19,63,0.0933,0.3737
2014-08-15,2014-11-20,63,-0.4095,-1.6279
2014-08-18,2014-11-21,63,0.3594,1.4455
2014-08-19,2014-11-24,63,1.2905,5.2628
2014-08-20,2014-11-25,63,1.831,7.5276
2014-08-21,2014-11-26,63,2.6336,10.9579
2014-08-22,2014-11-27,63,2.7357,11.4003
2014-08-25,2014-11-28,63,3.4686,14.6133
2014-08-26,2014-12-01,63,2.9562,12.3596
2014-08-27,2014-12-02,63,5.1949,22.4558
2014-08-28,2014-12-03,63,5.7734,25.1715
2014-08-29,2014-12-04,63,6.9363,30.7676
2014-09-01,2014-12-05,63,6.935,30.7612
2014-09-02,2014-12-08,63,7.853,35.3096
2014-09-03,2014-12-09,63,6.5378,28.8295
2014-09-04,2014-12-10,63,8.0728,36.4163
2014-09-05,2014-12-11,63,7.2064,32.0938
2014-09-09,2014-12-12,63,7.4754,33.4248
2014-09-10,2014-12-15,63,7.9186,35.6393
2014-09-11,2014-12-16,63,8.6303,39.2527
2014-09-12,2014-12-17,63,9.2056,42.2262
2014-09-15,2014-12-18,63,9.2281,42.3434
2014-09-16,2014-12-19,63,10.3199,48.1205
2014-09-17,2014-12-22,63,10.1772,47.3555
2014-09-18,2014-12-23,63,9.2351,42.3801
2014-09-19,2014-12-24,63,8.0801,36.453
2014-09-22,2014-12-25,63,10.0286,46.5623
2014-09-23,2014-12-26,63,10.9779,51.6862
2014-09-24,2014-12-29,63,10.4855,49.0118
2014-09-25,2014-12-30,63,10.7159,50.2586
2014-09-26,2014-12-31,63,11.1311,52.5255
2014-09-29,2015-01-05,63,12.3159,59.1346
2014-09-30,2015-01-06,63,12.5361,60.3864
2014-10-08,2015-01-07,63,12.3684,59.4323
2014-10-09,2015-01-08,63,11.2212,53.0209
2014-10-10,2015-01-09,63,11.4794,54.4468
2014-10-13,2015-01-12,63,11.6458,55.3707
2014-10-14,2015-01-13,63,11.9463,57.0505
2014-10-15,2015-01-14,63,11.3344,53.6447
2014-10-16,2015-01-15,63,12.3428,59.2872
2014-10-17,2015-01-16,63,13.401,65.3742
2014-10-20,2015-01-19,63,11.537,54.7661
2014-10-21,2015-01-20,63,12.0349,57.548
2014-10-22,2015-01-21,63,13.9727,68.7345
2014-10-23,2015-01-22,63,13.9544,68.6262
2014-10-24,2015-01-23,63,14.5631,72.258
2014-10-27,2015-01-26,63,15.2863,76.6488
2014-10-28,2015-01-27,63,14.3911,71.2256
2014-10-29,2015-01-28,63,13.5312,66.135
2014-10-30,2015-01-29,63,12.7957,61.8713
2014-10-31,2015-01-30,63,11.8565,56.5473
2014-11-03,2015-02-02,63,11.8609,56.5717
2014-11-04,2015-02-03,63,12.5996,60.7488
2014-11-05,2015-02-04,63,12.7045,61.3486
2014-11-06,2015-02-05,63,12.3986,59.6038
2014-11-07,2015-02-06,63,11.7425,55.91
2014-11-10,2015-02-09,63,10.0002,46.4112
2014-11-11,2015-02-10,63,11.2274,53.055
2014-11-12,2015-02-11,63,10.4613,48.8812
2014-11-13,2015-02-12,63,10.5889,49.5705
2014-11-14,2015-02-13,63,11.1958,52.8813
2014-11-17,2015-02-16,63,10.9084,51.3068
2014-11-18,2015-02-17,63,11.3342,53.6438
2014-11-19,2015-02-25,63,10.5934,49.5949
2014-11-20,2015-02-26,63,11.7514,55.9594
2014-11-21,2015-02-27,63,10.9497,51.532
2014-11-24,2015-03-02,63,10.4403,48.768
2014-11-25,2015-03-03,63,8.8541,40.4037
2014-11-26,2015-03-04,63,8.6112,39.1548
2014-11-27,2015-03-05,63,7.8665,35.3774
2014-11-28,2015-03-06,63,7.2221,32.1713
2014-12-01,2015-03-09,63,7.8286,35.1874
2014-12-02,2015-03-10,63,5.1187,22.101
2014-12-03,2015-03-11,63,4.8763,20.9789
2014-12-04,2015-03-12,63,4.0137,17.0475
2014-12-05,2015-03-13,63,3.9333,16.6861
2014-12-08,2015-03-16,63,3.7777,15.9887
2014-12-09,2015-03-17,63,4.9514,21.326
2014-12-10,2015-03-18,63,3.7085,15.6799
2014-12-11,2015-03-19,63,4.6922,20.1317
2014-12-12,2015-03-20,63,5.033,21.7036
2014-12-15,2015-03-23,63,5.6841,24.7492
2014-12-16,2015-03-24,63,5.4333,23.5694
2014-12-17,2015-03-25,63,4.6736,20.0461
2014-12-18,2015-03-26,63,5.0545,21.8034
2014-12-19,2015-03-27,63,4.7398,20.3501
2014-12-22,2015-03-30,63,5.2418,22.6743
2014-12-23,2015-03-31,63,5.701,24.8293
2014-12-24,2015-04-01,63,7.2127,32.1248
2014-12-25,2015-04-02,63,6.7446,29.8324
2014-12-26,2015-04-03,63,5.8061,25.3267
2014-12-29,2015-04-07,63,6.3726,28.0324
2014-12-30,2015-04-08,63,6.7651,29.9325
2014-12-31,2015-04-09,63,5.5191,23.972
2015-01-05,2015-04-10,63,4.9427,21.2857
2015-01-06,2015-04-13,63,5.4851,23.8125
2015-01-07,2015-04-14,63,5.244,22.6842
2015-01-08,2015-04-15,63,5.632,24.5038
2015-01-09,2015-04-16,63,6.7817,30.0131
2015-01-12,2015-04-17,63,7.3199,32.6544
2015-01-13,2015-04-20,63,6.8564,30.3772
2015-01-14,2015-04-21,63,7.4779,33.4373
2015-01-15,2015-04-22,63,7.6289,34.1887
2015-01-16,2015-04-23,63,6.3164,27.762
2015-01-19,2015-04-24,63,8.5166,38.6707
2015-01-20,2015-04-27,63,8.6554,39.3816
2015-01-21,2015-04-28,63,6.6722,29.4806
2015-01-22,2015-04-29,63,7.1675,31.9024
2015-01-23,2015-04-30,63,6.628,29.2661
2015-01-26,2015-05-04,63,6.1898,27.1542
2015-01-27,2015-05-05,63,5.4014,23.4198
2015-01-28,2015-05-06,63,5.5858,24.286
2015-01-29,2015-05-07,63,5.5537,24.1347
2015-01-30,2015-05-08,63,7.1233,31.6847
2015-02-02,2015-05-11,63,8.5442,38.8118
2015-02-03,2015-05-12,63,8.0289,36.1945
2015-02-04,2015-05-13,63,8.6587,39.3983
2015-02-05,2015-05-14,63,9.2125,42.2623
2015-02-06,2015-05-15,63,9.7107,44.8756
2015-02-09,2015-05-18,63,9.2792,42.6099
2015-02-10,2015-05-19,63,9.6045,44.3157
2015-02-11,2015-05-20,63,9.2758,42.5924
2015-02-12,2015-05-21,63,10.1883,47.4149
2015-02-13,2015-05-22,63,10.5016,49.0991
2015-02-16,2015-05-25,63,11.1346,52.5446
2015-02-17,2015-05-26,63,11.4491,54.2789
2015-02-25,2015-05-27,63,11.9221,56.9144
2015-02-26,2015-05-28,63,8.6525,39.3666
2015-02-27,2015-05-29,63,8.5929,39.0613
2015-03-02,2015-06-01,63,9.6749,44.6869
2015-03-03,2015-06-02,63,11.4062,54.0415
2015-03-04,2015-06-03,63,11.1703,52.7408
2015-03-05,2015-06-04,63,11.5833,55.0235
2015-03-06,2015-06-05,63,12.0056,57.3831
2015-03-09,2015-06-08,63,12.8043,61.921
2015-03-10,2015-06-09,63,12.9304,62.6463
2015-03-11,2015-06-10,63,12.8879,62.4011
2015-03-12,2015-06-11,63,12.4184,59.7165
2015-03-13,2015-06-12,63,12.4245,59.7511
2015-03-16,2015-06-15,63,10.7215,50.2892
2015-03-17,2015-06-16,63,9.47,43.6086
2015-03-18,2015-06-17,63,9.2517,42.4668
2015-03-19,2015-06-18,63,7.6838,34.4624
2015-03-20,2015-06-19,63,5.6372,24.5283
2015-03-23,2015-06-23,63,5.4109,23.4647
2015-03-24,2015-06-24,63,5.762,25.1176
2015-03-25,2015-06-25,63,4.8734,20.9655
2015-03-26,2015-06-26,63,2.0864,8.6104
2015-03-27,2015-06-29,63,1.2863,5.2452
2015-03-30,2015-06-30,63,2.4224,10.0473
2015-03-31,2015-07-01,63,1.5431,6.317
2015-04-01,2015-07-02,63,-0.0399,-0.1593
2015-04-02,2015-07-03,63,-1.7773,-6.9221
2015-04-03,2015-07-06,63,-1.276,-5.007
2015-04-07,2015-07-07,63,-2.3526,-9.0834
2015-04-08,2015-07-08,63,-4.6049,-17.1858
2015-04-09,2015-07-09,63,-2.3547,-9.0914
2015-04-10,2015-07-10,63,-1.5808,-6.1747
2015-04-13,2015-07-13,63,-1.6425,-6.41
2015-04-14,2015-07-14,63,-2.2361,-8.6489
2015-04-15,2015-07-15,63,-2.735,-10.4995
2015-04-16,2015-07-16,63,-3.6056,-13.6609
2015-04-17,2015-07-17,63,-3.0963,-11.8219
2015-04-20,2015-07-20,63,-3.4451,-13.0845
2015-04-21,2015-07-21,63,-3.895,-14.6933
2015-04-22,2015-07-22,63,-4.8897,-18.1703
2015-04-23,2015-07-23,63,-3.9874,-15.0206
2015-04-24,2015-07-24,63,-4.5358,-16.9457
2015-04-27,2015-07-27,63,-6.1867,-22.5437
2015-04-28,2015-07-28,63,-6.5667,-23.7909
2015-04-29,2015-07-29,63,-6.2298,-22.6859
2015-04-30,2015-07-30,63,-6.9007,-24.8748
2015-05-04,2015-07-31,63,-6.7986,-24.5448
2015-05-05,2015-08-03,63,-5.6326,-20.6973
2015-05-06,2015-08-04,63,-5.1416,-19.034
2015-05-07,2015-08-05,63,-5.2366,-19.3578
2015-05-08,2015-08-06,63,-5.9892,-21.8891
2015-05-11,2015-08-07,63,-5.9311,-21.6961
2015-05-12,2015-08-10,63,-5.1576,-19.0885
2015-05-13,2015-08-11,63,-4.8291,-17.9618
2015-05-14,2015-08-12,63,-4.5112,-16.8599
2015-05-15,2015-08-13,63,-3.9546,-14.9047
2015-05-18,2015-08-14,63,-4.0676,-15.3045
2015-05-19,2015-08-17,63,-4.6424,-17.3159
2015-05-20,2015-08-18,63,-5.7814,-21.1962
2015-05-21,2015-08-19,63,-5.7956,-21.2439
2015-05-22,2015-08-20,63,-6.4763,-23.4954
2015-05-25,2015-08-21,63,-7.4371,-26.5911
2015-05-26,2015-08-24,63,-9.1932,-32.0055
2015-05-27,2015-08-25,63,-10.2604,-35.1459
2015-05-28,2015-08-26,63,-9.4793,-32.8585
2015-05-29,2015-08-27,63,-8.7594,-30.6969
2015-06-01,2015-08-28,63,-8.0851,-28.6254
2015-06-02,2015-08-31,63,-8.1639,-28.8697
2015-06-03,2015-09-01,63,-8.0629,-28.5566
2015-06-04,2015-09-02,63,-7.9534,-28.2155
2015-06-05,2015-09-07,63,-9.2164,-32.0751
2015-06-08,2015-09-08,63,-9.5717,-33.132
2015-06-09,2015-09-09,63,-9.0496,-31.5743
2015-06-10,2015-09-10,63,-9.0613,-31.6096
2015-06-11,2015-09-11,63,-9.1974,-32.0182
2015-06-12,2015-09-14,63,-10.3578,-35.4272
2015-06-15,2015-09-15,63,-10.3887,-35.5162
2015-06-16,2015-09-16,63,-8.8614,-31.0063
2015-06-17,2015-09-17,63,-9.1657,-31.9232
2015-06-18,2015-09-18,63,-8.9294,-31.212
2015-06-19,2015-09-21,63,-7.5566,-26.9696
2015-06-23,2015-09-22,63,-7.808,-27.7609
2015-06-24,2015-09-23,63,-8.4945,-29.8885
2015-06-25,2015-09-24,63,-7.5259,-26.8724
2015-06-26,2015-09-25,63,-6.0687,-22.1532
2015-06-29,2015-09-28,63,-5.8157,-21.311
2015-06-30,2015-09-29,63,-7.5287,-26.8814
2015-07-01,2015-09-30,63,-6.5637,-23.7811
2015-07-02,2015-10-08,63,-4.7311,-17.6233
2015-07-03,2015-10-09,63,-3.3722,-12.8216
2015-07-06,2015-10-12,63,-2.9296,-11.2133
2015-07-07,2015-10-13,63,-2.8078,-10.767
2015-07-08,2015-10-14,63,-0.5067,-2.0114
2015-07-09,2015-10-15,63,-1.6577,-6.4679
2015-07-10,2015-10-16,63,-2.5605,-9.8555
2015-07-13,2015-10-19,63,-3.1718,-12.0963
2015-07-14,2015-10-20,63,-2.2231,-8.6002
2015-07-15,2015-10-21,63,-2.0794,-8.0618
2015-07-16,2015-10-22,63,-1.7905,-6.9718
2015-07-17,2015-10-23,63,-2.1431,-8.3009
2015-07-20,2015-10-26,63,-1.6738,-6.5289
2015-07-21,2015-10-27,63,-1.3437,-5.2674
2015-07-22,2015-10-28,63,-1.2452,-4.8887
2015-07-23,2015-10-29,63,-2.0236,-7.8522
2015-07-24,2015-10-30,63,-1.7581,-6.8493
2015-07-27,2015-11-02,63,-0.8353,-3.2995
2015-07-28,2015-11-03,63,-0.736,-2.9116
2015-07-29,2015-11-04,63,-0.7725,-3.0545
2015-07-30,2015-11-05,63,0.5494,2.2157
2015-07-31,2015-11-06,63,1.2666,5.1635
2015-08-03,2015-11-09,63,0.7302,2.9529
2015-08-04,2015-11-10,63,0.2128,0.8541
2015-08-05,2015-11-11,63,1.0168,4.1298
2015-08-06,2015-11-12,63,0.9497,3.8531
2015-08-07,2015-11-13,63,-0.2514,-1.0019
2015-08-10,2015-11-16,63,-0.8342,-3.2952
2015-08-11,2015-11-17,63,-1.7805,-6.9341
2015-08-12,2015-11-18,63,-2.8687,-10.9904
2015-08-13,2015-11-19,63,-2.581,-9.9313
2015-08-14,2015-11-20,63,-2.2687,-8.7705
2015-08-17,2015-11-23,63,-2.739,-10.5142
2015-08-18,2015-11-24,63,-1.1595,-4.558
2015-08-19,2015-11-25,63,-1.2795,-5.0207
2015-08-20,2015-11-26,63,-1.1138,-4.3812
2015-08-21,2015-11-27,63,-1.7664,-6.8804
2015-08-24,2015-11-30,63,0.3617,1.4547
2015-08-25,2015-12-01,63,3.2198,13.5145
2015-08-26,2015-12-02,63,4.5989,19.7041
2015-08-27,2015-12-03,63,2.9826,12.4747
2015-08-28,2015-12-04,63,1.4082,5.7528
2015-08-31,2015-12-07,63,1.8487,7.6024
2015-09-01,2015-12-08,63,1.0447,4.2448
2015-09-02,2015-12-09,63,1.2314,5.0173
2015-09-07,2015-12-10,63,2.422,10.0456
2015-09-08,2015-12-11,63,1.6902,6.9341
2015-09-09,2015-12-14,63,1.9695,8.1139
2015-09-10,2015-12-15,63,2.283,9.4494
2015-09-11,2015-12-16,63,2.3662,9.8062
2015-09-14,2015-12-17,63,3.56,15.0188
2015-09-15,2015-12-18,63,4.6404,19.8938
2015-09-16,2015-12-21,63,4.2958,18.3223
2015-09-17,2015-12-22,63,4.9094,21.1316
2015-09-18,2015-12-23,63,4.4432,18.9926
2015-09-21,2015-12-24,63,3.4298,14.4412
2015-09-22,2015-12-25,63,3.4004,14.3114
2015-09-23,2015-12-28,63,3.2363,13.5875
2015-09-24,2015-12-29,63,3.1784,13.3325
2015-09-25,2015-12-30,63,3.4843,14.6827
2015-09-28,2015-12-31,63,3.3748,14.1981
2015-09-29,2016-01-04,63,2.1599,8.9236
2015-09-30,2016-01-05,63,2.3907,9.9112
2015-10-08,2016-01-06,63,1.7863,7.3391
2015-10-09,2016-01-07,63,0.1361,0.5454
2015-10-12,2016-01-08,63,-0.4632,-1.84
2015-10-13,2016-01-11,63,-1.4138,-5.5363
2015-10-14,2016-01-12,63,-1.6821,-6.5605
2015-10-15,2016-01-13,63,-3.0317,-11.5866
2015-10-16,2016-01-14,63,-2.613,-10.0494
2015-10-19,2016-01-15,63,-3.4163,-12.9808
2015-10-20,2016-01-18,63,-3.4818,-13.2167
2015-10-21,2016-01-19,63,-2.2155,-8.5716
2015-10-22,2016-01-20,63,-2.755,-10.5729
2015-10-23,2016-01-21,63,-3.5985,-13.6356
2015-10-26,2016-01-22,63,-3.3671,-12.8033
2015-10-27,2016-01-25,63,-3.2446,-12.3604
2015-10-28,2016-01-26,63,-3.9925,-15.0388
2015-10-29,2016-01-27,63,-3.7845,-14.3
2015-10-30,2016-01-28,63,-4.0786,-15.3432
2015-11-02,2016-01-29,63,-2.9836,-11.4107
2015-11-03,2016-02-01,63,-2.9682,-11.3547
2015-11-04,2016-02-02,63,-3.0511,-11.6573
2015-11-05,2016-02-03,63,-3.2507,-12.3825
2015-11-06,2016-02-04,63,-3.2432,-12.3553
2015-11-09,2016-02-05,63,-3.028,-11.5729
2015-11-10,2016-02-15,63,-1.9819,-7.6951
2015-11-11,2016-02-16,63,-2.0315,-7.8815
2015-11-12,2016-02-17,63,-1.3384,-5.247
2015-11-13,2016-02-18,63,-1.0291,-4.0534
2015-11-16,2016-02-19,63,-1.2222,-4.8
2015-11-17,2016-02-22,63,-0.4104,-1.6314
2015-11-18,2016-02-23,63,-0.1796,-0.7167
2015-11-19,2016-02-24,63,-0.2999,-1.1941
2015-11-20,2016-02-25,63,-1.4141,-5.5374
2015-11-23,2016-02-26,63,-0.6885,-2.7255
2015-11-24,2016-02-29,63,-1.4556,-5.6964
2015-11-25,2016-03-01,63,-1.0776,-4.2411
2015-11-26,2016-03-02,63,-0.3358,-1.3365
2015-11-27,2016-03-03,63,1.1937,4.8611
2015-11-30,2016-03-04,63,2.3001,9.5226
2015-12-01,2016-03-07,63,1.5533,6.3596
2015-12-02,2016-03-08,63,1.0999,4.4729
2015-12-03,2016-03-09,63,0.8024,3.2484
2015-12-04,2016-03-10,63,0.2965,1.1914
2015-12-07,2016-03-11,63,-0.0273,-0.109
2015-12-08,2016-03-14,63,0.5956,2.4037
2015-12-09,2016-03-15,63,-0.0595,-0.2378
2015-12-10,2016-03-16,63,0.3737,1.5033
2015-12-11,2016-03-17,63,1.0935,4.4461
2015-12-14,2016-03-18,63,0.69,2.7887
2015-12-15,2016-03-21,63,1.1773,4.7931
2015-12-16,2016-03-22,63,1.2077,4.919
2015-12-17,2016-03-23,63,0.4511,1.8168
2015-12-18,2016-03-24,63,-0.1294,-0.5167
2015-12-21,2016-03-25,63,-0.8334,-3.2921
2015-12-22,2016-03-28,63,-1.3715,-5.374
2015-12-23,2016-03-29,63,-1.3332,-5.2273
2015-12-24,2016-03-30,63,-0.3278,-1.3047
2015-12-25,2016-03-31,63,-0.682,-2.7003
2015-12-28,2016-04-01,63,0.1668,0.6689
2015-12-29,2016-04-05,63,0.0468,0.1874
2015-12-30,2016-04-06,63,0.0767,0.3073
2015-12-31,2016-04-07,63,-0.0813,-0.3247
2016-01-04,2016-04-08,63,1.5363,6.2882
2016-01-05,2016-04-11,63,1.8101,7.4394
2016-01-06,2016-04-12,63,1.3283,5.4198
2016-01-07,2016-04-13,63,2.5779,10.7171
2016-01-08,2016-04-14,63,1.893,7.7896
2016-01-11,2016-04-15,63,3.0174,12.6272
2016-01-12,2016-04-18,63,2.8369,11.8397
2016-01-13,2016-04-19,63,3.9374,16.7043
2016-01-14,2016-04-20,63,2.8401,11.8538
2016-01-15,2016-04-21,63,4.0241,17.0941
2016-01-18,2016-04-22,63,3.5677,15.053
2016-01-19,2016-04-25,63,2.568,10.6744
2016-01-20,2016-04-26,63,2.9495,12.3305
2016-01-21,2016-04-27,63,3.6504,15.421
2016-01-22,2016-04-28,63,3.5671,15.05
2016-01-25,2016-04-29,63,3.7857,16.0245
2016-01-26,2016-05-03,63,6.0463,26.4682
2016-01-27,2016-05-04,63,5.964,26.0761
2016-01-28,2016-05-05,63,6.7612,29.9133
2016-01-29,2016-05-06,63,5.2815,22.8592
2016-02-01,2016-05-09,63,4.8736,20.9664
2016-02-02,2016-05-10,63,4.0346,17.1418
2016-02-03,2016-05-11,63,4.2933,18.311
2016-02-04,2016-05-12,63,3.671,15.5126
2016-02-05,2016-05-13,63,3.7114,15.6926
2016-02-15,2016-05-16,63,3.1261,13.1029
2016-02-16,2016-05-17,63,2.396,9.9338
2016-02-17,2016-05-18,63,1.837,7.5529
2016-02-18,2016-05-19,63,1.4744,6.0294
2016-02-19,2016-05-20,63,1.3166,5.3712
2016-02-22,2016-05-23,63,0.9625,3.9058
2016-02-23,2016-05-24,63,0.8167,3.3071
2016-02-24,2016-05-25,63,0.0299,0.1195
2016-02-25,2016-05-26,63,1.4829,6.065
2016-02-26,2016-05-27,63,1.0599,4.3073
2016-02-29,2016-05-30,63,1.6734,6.8634
2016-03-01,2016-05-31,63,1.9615,8.0797
2016-03-02,2016-06-01,63,1.1602,4.7222
2016-03-03,2016-06-02,63,0.9729,3.9487
2016-03-04,2016-06-03,63,0.4305,1.7331
2016-03-07,2016-06-06,63,0.7913,3.2029
2016-03-08,2016-06-07,63,0.6982,2.8223
2016-03-09,2016-06-08,63,1.2996,5.3005
2016-03-10,2016-06-13,63,1.9242,7.9218
2016-03-11,2016-06-14,63,1.5064,6.163
2016-03-14,2016-06-15,63,1.9363,7.973
2016-03-15,2016-06-16,63,2.618,10.8904
2016-03-16,2016-06-17,63,1.8029,7.4088
2016-03-17,2016-06-20,63,1.2135,4.9429
2016-03-18,2016-06-21,63,0.7312,2.957
2016-03-21,2016-06-22,63,0.3781,1.521
2016-03-22,2016-06-23,63,0.2714,1.0901
2016-03-23,2016-06-24,63,1.3984,5.7121
2016-03-24,2016-06-27,63,2.7277,11.3655
2016-03-25,2016-06-28,63,2.4935,10.3531
2016-03-28,2016-06-29,63,3.036,12.7081
2016-03-29,2016-06-30,63,3.1248,13.0975
2016-03-30,2016-07-01,63,2.591,10.774
2016-03-31,2016-07-04,63,3.723,15.7446
2016-04-01,2016-07-05,63,3.4668,14.6053
2016-04-05,2016-07-06,63,3.9173,16.6142
2016-04-06,2016-07-07,63,3.741,15.8248
2016-04-07,2016-07-08,63,3.7246,15.7515
2016-04-08,2016-07-11,63,4.0369,17.1521
2016-04-11,2016-07-12,63,3.8182,16.1698
2016-04-12,2016-07-13,63,3.5832,15.1216
2016-04-13,2016-07-14,63,3.1628,13.2641
2016-04-14,2016-07-15,63,3.3377,14.034
2016-04-15,2016-07-18,63,3.2441,13.6214
2016-04-18,2016-07-19,63,3.5121,14.8062
2016-04-19,2016-07-20,63,2.9731,12.4334
2016-04-20,2016-07-21,63,3.1725,13.307
2016-04-21,2016-07-22,63,2.9359,12.271
2016-04-22,2016-07-25,63,3.0759,12.883
2016-04-25,2016-07-26,63,3.7301,15.7761
2016-04-26,2016-07-27,63,3.2264,13.5438
2016-04-27,2016-07-28,63,3.4237,14.4142
2016-04-28,2016-07-29,63,3.0587,12.8076
2016-04-29,2016-08-01,63,2.6492,11.0252
2016-05-03,2016-08-02,63,1.9324,7.9565
2016-05-04,2016-08-03,63,2.2168,9.1662
2016-05-05,2016-08-04,63,2.0191,8.3245
2016-05-06,2016-08-05,63,2.9927,12.519
2016-05-09,2016-08-08,63,3.262,13.7002
2016-05-10,2016-08-09,63,3.6375,15.3635
2016-05-11,2016-08-10,63,3.6607,15.4667
2016-05-12,2016-08-11,63,3.3745,14.1967
2016-05-13,2016-08-12,63,3.7764,15.983
2016-05-16,2016-08-15,63,4.1595,17.705
2016-05-17,2016-08-16,63,4.4301,18.9333
2016-05-18,2016-08-17,63,4.4088,18.8362
2016-05-19,2016-08-18,63,4.9736,21.4286
2016-05-20,2016-08-19,63,4.8224,20.7304
2016-05-23,2016-08-22,63,4.3358,18.5042
2016-05-24,2016-08-23,63,4.8273,20.753
2016-05-25,2016-08-24,63,5.1917,22.4407
2016-05-26,2016-08-25,63,4.6167,19.7856
2016-05-27,2016-08-26,63,4.7475,20.3858
2016-05-30,2016-08-29,63,4.9547,21.3409
2016-05-31,2016-08-30,63,3.9181,16.6177
2016-06-01,2016-08-31,63,3.9547,16.7823
2016-06-02,2016-09-01,63,3.5992,15.1927
2016-06-03,2016-09-02,63,3.6597,15.4623
2016-06-06,2016-09-05,63,3.5254,14.8649
2016-06-07,2016-09-06,63,3.7025,15.6528
2016-06-08,2016-09-07,63,3.9898,16.9402
2016-06-13,2016-09-08,63,4.0275,17.1097
2016-06-14,2016-09-09,63,3.6802,15.5533
2016-06-15,2016-09-12,63,2.604,10.83
2016-06-16,2016-09-13,63,2.3215,9.6145
2016-06-17,2016-09-14,63,2.5166,10.4529
2016-06-20,2016-09-19,63,2.5082,10.4165
2016-06-21,2016-09-20,63,2.5955,10.7933
2016-06-22,2016-09-21,63,2.8324,11.8199
2016-06-23,2016-09-22,63,3.3709,14.181
2016-06-24,2016-09-23,63,2.4489,10.1612
2016-06-27,2016-09-26,63,1.4156,5.7836
2016-06-28,2016-09-27,63,1.5291,6.2581
2016-06-29,2016-09-28,63,1.0453,4.2472
2016-06-30,2016-09-29,63,1.1852,4.8257
2016-07-01,2016-09-30,63,0.9378,3.8042
2016-07-04,2016-10-10,63,-0.544,-2.1583
2016-07-05,2016-10-11,63,-0.3664,-1.4575
2016-07-06,2016-10-12,63,-1.0115,-3.9852
2016-07-07,2016-10-13,63,-0.7823,-3.0927
2016-07-08,2016-10-14,63,-0.4493,-1.7849
2016-07-11,2016-10-17,63,-0.9098,-3.5897
2016-07-12,2016-10-18,63,-0.8855,-3.4952
2016-07-13,2016-10-19,63,-0.7735,-3.0582
2016-07-14,2016-10-20,63,-0.3713,-1.4768
2016-07-15,2016-10-21,63,-0.3883,-1.5441
2016-07-18,2016-10-24,63,0.1594,0.6393
2016-07-19,2016-10-25,63,0.2959,1.1887
2016-07-20,2016-10-26,63,0.4925,1.9846
2016-07-21,2016-10-27,63,0.4719,1.9008
2016-07-22,2016-10-28,63,0.5235,2.1107
2016-07-25,2016-10-31,63,0.6769,2.7354
2016-07-26,2016-11-01,63,0.5637,2.2738
2016-07-27,2016-11-02,63,1.0279,4.1753
2016-07-28,2016-11-03,63,0.9553,3.8765
2016-07-29,2016-11-04,63,1.0466,4.2528
2016-08-01,2016-11-07,63,1.0551,4.2876
2016-08-02,2016-11-08,63,0.8864,3.593
2016-08-03,2016-11-09,63,1.4813,6.0583
2016-08-04,2016-11-10,63,1.4814,6.0585
2016-08-05,2016-11-11,63,0.9835,3.9924
2016-08-08,2016-11-14,63,0.6011,2.426
2016-08-09,2016-11-15,63,0.6948,2.8082
2016-08-10,2016-11-16,63,0.5589,2.2543
2016-08-11,2016-11-17,63,0.8446,3.4213
2016-08-12,2016-11-18,63,-0.035,-0.1398
2016-08-15,2016-11-21,63,-0.391,-1.5547
2016-08-16,2016-11-22,63,-0.1225,-0.4892
2016-08-17,2016-11-23,63,0.1109,0.4445
2016-08-18,2016-11-24,63,-0.1113,-0.4444
2016-08-19,2016-11-25,63,-0.0723,-0.2888
2016-08-22,2016-11-28,63,0.6742,2.7243
2016-08-23,2016-11-29,63,0.7139,2.8862
2016-08-24,2016-11-30,63,0.4539,1.8281
2016-08-25,2016-12-01,63,0.8873,3.5966
2016-08-26,2016-12-02,63,0.5906,2.3834
2016-08-29,2016-12-05,63,0.201,0.8063
2016-08-30,2016-12-06,63,-0.0248,-0.0991
2016-08-31,2016-12-07,63,0.04,0.1602
2016-09-01,2016-12-08,63,0.4405,1.7736
2016-09-02,2016-12-09,63,0.463,1.865
2016-09-05,2016-12-12,63,-0.6434,-2.5489
2016-09-06,2016-12-13,63,-0.8533,-3.3697
2016-09-07,2016-12-14,63,-1.2234,-4.8046
2016-09-08,2016-12-15,63,-1.7027,-6.6388
2016-09-09,2016-12-16,63,-1.4936,-5.842
2016-09-12,2016-12-19,63,-0.9953,-3.922
2016-09-13,2016-12-20,63,-1.2436,-4.8824
2016-09-14,2016-12-21,63,-0.7649,-3.0245
2016-09-19,2016-12-22,63,-0.9977,-3.9313
2016-09-20,2016-12-23,63,-1.1707,-4.601
2016-09-21,2016-12-26,63,-1.0645,-4.1906
2016-09-22,2016-12-27,63,-1.3715,-5.3743
2016-09-23,2016-12-28,63,-1.2953,-5.0815
2016-09-26,2016-12-29,63,-0.7641,-3.0215
2016-09-27,2016-12-30,63,-0.5725,-2.2702
2016-09-28,2017-01-03,63,-0.2,-0.7977
2016-09-29,2017-01-04,63,-0.0915,-0.3654
2016-09-30,2017-01-05,63,-0.295,-1.175
2016-10-10,2017-01-06,63,0.1516,0.608
2016-10-11,2017-01-09,63,0.2673,1.0735
2016-10-12,2017-01-10,63,0.4924,1.9842
2016-10-13,2017-01-11,63,0.2463,0.9888
2016-10-14,2017-01-12,63,0.2005,0.8046
2016-10-17,2017-01-13,63,0.3189,1.2817
2016-10-18,2017-01-16,63,0.0037,0.0146
2016-10-19,2017-01-17,63,0.2466,0.99
2016-10-20,2017-01-18,63,0.0417,0.1668
2016-10-21,2017-01-19,63,-0.2776,-1.1058
2016-10-24,2017-01-20,63,-0.3885,-1.545
2016-10-25,2017-01-23,63,-0.2702,-1.0764
2016-10-26,2017-01-24,63,-0.3233,-1.2867
2016-10-27,2017-01-25,63,-0.3407,-1.3559
2016-10-28,2017-01-26,63,-0.4157,-1.6523
2016-10-31,2017-02-03,63,-0.2916,-1.1613
2016-11-01,2017-02-06,63,-0.2025,-0.8077
2016-11-02,2017-02-07,63,-0.0931,-0.372
2016-11-03,2017-02-08,63,-0.2483,-0.9894
2016-11-04,2017-02-09,63,0.1769,0.7095
2016-11-07,2017-02-10,63,0.0618,0.2474
2016-11-08,2017-02-13,63,0.2817,1.1314
2016-11-09,2017-02-14,63,-0.4929,-1.9571
2016-11-10,2017-02-15,63,-0.5227,-2.0745
2016-11-11,2017-02-16,63,-0.0772,-0.3084
2016-11-14,2017-02-17,63,0.5676,2.2896
2016-11-15,2017-02-20,63,0.6105,2.4646
2016-11-16,2017-02-21,63,0.6573,2.6553
2016-11-17,2017-02-22,63,0.6796,2.7463
2016-11-18,2017-02-23,63,1.0248,4.1624
2016-11-21,2017-02-24,63,0.9767,3.9644
2016-11-22,2017-02-27,63,0.6062,2.4468
2016-11-23,2017-02-28,63,0.4908,1.9779
2016-11-24,2017-03-01,63,0.509,2.0514
2016-11-25,2017-03-02,63,0.3509,1.411
2016-11-28,2017-03-03,63,-0.2049,-0.8169
2016-11-29,2017-03-06,63,-0.164,-0.6546
2016-11-30,2017-03-07,63,0.1284,0.5147
2016-12-01,2017-03-08,63,-0.0928,-0.3708
2016-12-02,2017-03-09,63,-0.0902,-0.3603
2016-12-05,2017-03-10,63,0.1368,0.5483
2016-12-06,2017-03-13,63,0.7283,2.945
2016-12-07,2017-03-14,63,0.5236,2.111
2016-12-08,2017-03-15,63,0.4343,1.7486
2016-12-09,2017-03-16,63,0.8503,3.4447
2016-12-12,2017-03-17,63,1.3307,5.43
2016-12-13,2017-03-20,63,1.4948,6.1147
2016-12-14,2017-03-21,63,1.5735,6.4441
2016-12-15,2017-03-22,63,2.2286,9.2169
2016-12-16,2017-03-23,63,2.4253,10.0599
2016-12-19,2017-03-24,63,2.5667,10.6689
2016-12-20,2017-03-27,63,3.0511,12.7744
2016-12-21,2017-03-28,63,2.7251,11.3542
2016-12-22,2017-03-29,63,2.8098,11.7218
2016-12-23,2017-03-30,63,2.7899,11.6354
2016-12-26,2017-03-31,63,2.5144,10.4433
2016-12-27,2017-04-05,63,3.0339,12.6993
2016-12-28,2017-04-06,63,3.1072,13.02
2016-12-29,2017-04-07,63,3.235,13.5814
2016-12-30,2017-04-10,63,2.6782,11.1508
2017-01-03,2017-04-11,63,2.7205,11.3342
2017-01-04,2017-04-12,63,2.7894,11.6332
2017-01-05,2017-04-13,63,3.0404,12.7274
2017-01-06,2017-04-14,63,3.1032,13.0025
2017-01-09,2017-04-17,63,2.7931,11.6494
2017-01-10,2017-04-18,63,2.4678,10.2428
2017-01-11,2017-04-19,63,2.4774,10.2841
2017-01-12,2017-04-20,63,2.6699,11.1148
2017-01-13,2017-04-21,63,2.7697,11.5478
2017-01-16,2017-04-24,63,2.1585,8.9178
2017-01-17,2017-04-25,63,2.0216,8.335
2017-01-18,2017-04-26,63,1.9238,7.9201
2017-01-19,2017-04-27,63,2.3174,9.5968
2017-01-20,2017-04-28,63,2.0328,8.3827
2017-01-23,2017-05-02,63,1.7999,7.3965
2017-01-24,2017-05-03,63,1.6803,6.8927
2017-01-25,2017-05-04,63,1.4564,5.9539
2017-01-26,2017-05-05,63,1.3199,5.3851
2017-02-03,2017-05-08,63,0.9064,3.6753
2017-02-06,2017-05-09,63,0.5385,2.1716
2017-02-07,2017-05-10,63,0.1554,0.6229
2017-02-08,2017-05-11,63,0.1708,0.6851
2017-02-09,2017-05-12,63,0.2242,0.8998
2017-02-10,2017-05-15,63,0.5858,2.3637
2017-02-13,2017-05-16,63,0.5836,2.3551
2017-02-14,2017-05-17,63,0.5739,2.3153
2017-02-15,2017-05-18,63,0.8958,3.6315
2017-02-16,2017-05-19,63,0.614,2.4787
2017-02-17,2017-05-22,63,0.7661,3.0997
2017-02-20,2017-05-23,63,0.7276,2.9423
2017-02-21,2017-05-24,63,0.2844,1.1423
2017-02-22,2017-05-25,63,0.8343,3.3791
2017-02-23,2017-05-26,63,0.8687,3.5205
2017-02-24,2017-05-31,63,0.4949,1.9945
2017-02-27,2017-06-01,63,0.6606,2.6688
2017-02-28,2017-06-02,63,0.5264,2.1222
2017-03-01,2017-06-05,63,0.8717,3.5326
2017-03-02,2017-06-06,63,1.3469,5.4973
2017-03-03,2017-06-07,63,1.9158,7.8861
2017-03-06,2017-06-08,63,1.8919,7.7851
2017-03-07,2017-06-09,63,1.7498,7.1852
2017-03-08,2017-06-12,63,1.8163,7.4655
2017-03-09,2017-06-13,63,2.1694,8.964
2017-03-10,2017-06-14,63,2.0791,8.5795
2017-03-13,2017-06-15,63,1.391,5.6812
2017-03-14,2017-06-16,63,1.405,5.7394
2017-03-15,2017-06-19,63,1.5458,6.3282
2017-03-16,2017-06-20,63,0.8794,3.5642
2017-03-17,2017-06-21,63,1.4441,5.9027
2017-03-20,2017-06-22,63,1.4636,5.9841
2017-03-21,2017-06-23,63,1.7219,7.0676
2017-03-22,2017-06-26,63,1.965,8.0946
2017-03-23,2017-06-27,63,1.8185,7.4747
2017-03-24,2017-06-28,63,1.4172,5.7906
2017-03-27,2017-06-29,63,1.3436,5.4836
2017-03-28,2017-06-30,63,1.2261,4.9951
2017-03-29,2017-07-03,63,1.1183,4.549
2017-03-30,2017-07-04,63,0.9336,3.787
2017-03-31,2017-07-05,63,1.2302,5.0122
2017-04-05,2017-07-06,63,0.6813,2.7533
2017-04-06,2017-07-07,63,0.5184,2.09
2017-04-07,2017-07-10,63,-0.0146,-0.0584
2017-04-10,2017-07-11,63,0.4143,1.6676
2017-04-11,2017-07-12,63,0.2803,1.1259
2017-04-12,2017-07-13,63,0.3447,1.3858
2017-04-13,2017-07-14,63,0.218,0.8749
2017-04-14,2017-07-17,63,0.3057,1.2284
2017-04-17,2017-07-18,63,0.4835,1.948
2017-04-18,2017-07-19,63,1.159,4.7171
2017-04-19,2017-07-20,63,1.448,5.919
2017-04-20,2017-07-21,63,1.3422,5.4777
2017-04-21,2017-07-24,63,1.4824,6.0627
2017-04-24,2017-07-25,63,1.7888,7.3496
2017-04-25,2017-07-26,63,1.398,5.7104
2017-04-26,2017-07-27,63,1.8218,7.4888
2017-04-27,2017-07-28,63,1.8144,7.4576
2017-04-28,2017-07-31,63,2.0256,8.3519
2017-05-02,2017-08-01,63,2.3023,9.5323
2017-05-03,2017-08-02,63,2.3884,9.9012
2017-05-04,2017-08-03,63,2.4428,10.1352
2017-05-05,2017-08-04,63,2.6844,11.1776
2017-05-08,2017-08-07,63,2.8235,11.7815
2017-05-09,2017-08-08,63,2.8979,12.1053
2017-05-10,2017-08-09,63,3.2056,13.4521
2017-05-11,2017-08-10,63,3.0885,12.9382
2017-05-12,2017-08-11,63,2.4054,9.9743
2017-05-15,2017-08-14,63,2.518,10.459
2017-05-16,2017-08-15,63,2.1443,8.8569
2017-05-17,2017-08-16,63,2.0944,8.6443
2017-05-18,2017-08-17,63,2.3998,9.9502
2017-05-19,2017-08-18,63,2.4797,10.2938
2017-05-22,2017-08-21,63,2.4125,10.0049
2017-05-23,2017-08-22,63,2.1743,8.9849
2017-05-24,2017-08-23,63,2.4974,10.37
2017-05-25,2017-08-24,63,1.7419,7.1518
2017-05-26,2017-08-25,63,2.1991,9.0906
2017-05-31,2017-08-28,63,2.7108,11.2923
2017-06-01,2017-08-29,63,2.8937,12.0871
2017-06-02,2017-08-30,63,2.7629,11.5179
2017-06-05,2017-08-31,63,2.4515,10.1727
2017-06-06,2017-09-01,63,2.3373,9.6821
2017-06-07,2017-09-04,63,2.3096,9.5632
2017-06-08,2017-09-05,63,2.2083,9.1302
2017-06-09,2017-09-06,63,2.3655,9.8031
2017-06-12,2017-09-07,63,2.2783,9.4294
2017-06-13,2017-09-08,63,2.2411,9.2705
2017-06-14,2017-09-11,63,2.4288,10.075
2017-06-15,2017-09-12,63,2.6153,10.8788
2017-06-16,2017-09-13,63,2.8068,11.7086
2017-06-19,2017-09-14,63,2.4634,10.2237
2017-06-20,2017-09-15,63,2.6985,11.2388
2017-06-21,2017-09-18,63,2.2444,9.2843
2017-06-22,2017-09-19,63,1.9881,8.1926
2017-06-23,2017-09-20,63,1.7929,7.3667
2017-06-26,2017-09-21,63,1.1941,4.8626
2017-06-27,2017-09-22,63,1.2928,5.2723
2017-06-28,2017-09-25,63,1.3871,5.665
2017-06-29,2017-09-26,63,1.677,6.8786
2017-06-30,2017-09-27,63,1.702,6.9836
2017-07-03,2017-09-28,63,1.7714,7.2763
2017-07-04,2017-09-29,63,2.3866,9.8935
2017-07-05,2017-10-09,63,2.2329,9.2351
2017-07-06,2017-10-10,63,2.2311,9.2275
2017-07-07,2017-10-11,63,2.3591,9.7755
2017-07-10,2017-10-12,63,2.8595,11.9379
2017-07-11,2017-10-13,63,2.6841,11.1765
2017-07-12,2017-10-16,63,2.7636,11.5212
2017-07-13,2017-10-17,63,2.3529,9.7491
2017-07-14,2017-10-18,63,2.449,10.1619
2017-07-17,2017-10-19,63,2.3875,9.8974
2017-07-18,2017-10-20,63,2.2984,9.5154
2017-07-19,2017-10-23,63,1.7387,7.1381
2017-07-20,2017-10-24,63,1.8703,7.6935
2017-07-21,2017-10-25,63,1.8654,7.6729
2017-07-24,2017-10-26,63,1.925,7.9252
2017-07-25,2017-10-27,63,2.0887,8.62
2017-07-26,2017-10-30,63,2.3577,9.7696
2017-07-27,2017-10-31,63,2.0178,8.3188
2017-07-28,2017-11-01,63,1.8568,7.6366
2017-07-31,2017-11-02,63,1.6834,6.9054
2017-08-01,2017-11-03,63,1.4279,5.835
2017-08-02,2017-11-06,63,1.6328,6.693
2017-08-03,2017-11-07,63,2.3085,9.5586
2017-08-04,2017-11-08,63,2.2813,9.4421
2017-08-07,2017-11-09,63,2.6372,10.9736
2017-08-08,2017-11-10,63,3.3239,13.9732
2017-08-09,2017-11-13,63,3.2632,13.7057
2017-08-10,2017-11-14,63,2.9695,12.4175
2017-08-11,2017-11-15,63,3.2312,13.5647
2017-08-14,2017-11-16,63,3.0364,12.7099
2017-08-15,2017-11-17,63,3.314,13.9298
2017-08-16,2017-11-20,63,3.7259,15.7574
2017-08-17,2017-11-21,63,3.6441,15.3926
2017-08-18,2017-11-22,63,3.6399,15.374
2017-08-21,2017-11-23,63,2.7644,11.5247
2017-08-22,2017-11-24,63,2.779,11.5881
2017-08-23,2017-11-27,63,2.3858,9.8903
2017-08-24,2017-11-28,63,2.6694,11.1128
2017-08-25,2017-11-29,63,2.2547,9.3282
2017-08-28,2017-11-30,63,1.2962,5.2866
2017-08-29,2017-12-01,63,0.8472,3.432
2017-08-30,2017-12-04,63,1.2671,5.1657
2017-08-31,2017-12-05,63,1.5434,6.3181
2017-09-01,2017-12-06,63,1.0126,4.1125
2017-09-04,2017-12-07,63,0.2449,0.9833
2017-09-05,2017-12-08,63,0.266,1.0684
2017-09-06,2017-12-11,63,0.7262,2.9367
2017-09-07,2017-12-12,63,0.5438,2.1929
2017-09-08,2017-12-13,63,0.7336,2.9669
2017-09-11,2017-12-14,63,0.9023,3.6583
2017-09-12,2017-12-15,63,0.6353,2.5654
2017-09-13,2017-12-18,63,0.6113,2.4675
2017-09-14,2017-12-19,63,1.1561,4.7053
2017-09-15,2017-12-20,63,0.9494,3.8522
2017-09-18,2017-12-21,63,1.3152,5.3654
2017-09-19,2017-12-22,63,1.3271,5.4151
2017-09-20,2017-12-25,63,1.301,5.3063
2017-09-21,2017-12-26,63,1.6292,6.6777
2017-09-22,2017-12-27,63,1.2413,5.0586
2017-09-25,2017-12-28,63,1.6709,6.8531
2017-09-26,2017-12-29,63,1.3332,5.4403
2017-09-27,2018-01-02,63,2.073,8.5535
2017-09-28,2018-01-03,63,2.3388,9.6884
2017-09-29,2018-01-04,63,2.1178,8.7443
2017-10-09,2018-01-05,63,2.1368,8.8251
2017-10-10,2018-01-08,63,2.2585,9.3445
2017-10-11,2018-01-09,63,2.4345,10.0992
2017-10-12,2018-01-10,63,2.3332,9.6647
2017-10-13,2018-01-11,63,2.3378,9.6841
2017-10-16,2018-01-12,63,2.4352,10.1024
2017-10-17,2018-01-15,63,2.6171,10.8865
2017-10-18,2018-01-16,63,2.679,11.1543
2017-10-19,2018-01-17,63,2.6661,11.0983
2017-10-20,2018-01-18,63,2.6666,11.1008
2017-10-23,2018-01-19,63,2.7521,11.4712
2017-10-24,2018-01-22,63,2.8074,11.7114
2017-10-25,2018-01-23,63,3.1741,13.3136
2017-10-26,2018-01-24,63,3.1095,13.0303
2017-10-27,2018-01-25,63,3.0413,12.7315
2017-10-30,2018-01-26,63,3.0247,12.659
2017-10-31,2018-01-29,63,2.424,10.0542
2017-11-01,2018-01-30,63,2.0502,8.4565
2017-11-02,2018-01-31,63,2.1822,9.0188
2017-11-03,2018-02-01,63,1.9762,8.1424
2017-11-06,2018-02-02,63,2.039,8.409
2017-11-07,2018-02-05,63,1.5025,6.1466
2017-11-08,2018-02-06,63,0.948,3.8462
2017-11-09,2018-02-07,63,-0.2482,-0.989
2017-11-10,2018-02-08,63,-1.2107,-4.7555
2017-11-13,2018-02-09,63,-2.1237,-8.228
2017-11-14,2018-02-12,63,-1.6344,-6.3789
2017-11-15,2018-02-13,63,-1.1246,-4.4232
2017-11-16,2018-02-14,63,-0.9005,-3.5538
2017-11-17,2018-02-22,63,-0.7765,-3.0702
2017-11-20,2018-02-23,63,-0.8542,-3.3734
2017-11-21,2018-02-26,63,-0.734,-2.9039
2017-11-22,2018-02-27,63,-1.2829,-5.0338
2017-11-23,2018-02-28,63,-0.9851,-3.8825
2017-11-24,2018-03-01,63,-0.9032,-3.5641
2017-11-27,2018-03-02,63,-0.6808,-2.6957
2017-11-28,2018-03-05,63,-0.7187,-2.8439
2017-11-29,2018-03-06,63,-0.4591,-1.8238
2017-11-30,2018-03-07,63,-0.0411,-0.1642
2017-12-01,2018-03-08,63,0.3771,1.5168
2017-12-04,2018-03-09,63,0.3249,1.3058
2017-12-05,2018-03-12,63,0.2879,1.1565
2017-12-06,2018-03-13,63,0.35,1.4073
2017-12-07,2018-03-14,63,0.7415,2.9991
2017-12-08,2018-03-15,63,0.82,3.3206
2017-12-11,2018-03-16,63,0.0395,0.158
2017-12-12,2018-03-19,63,0.4258,1.7142
2017-12-13,2018-03-20,63,0.3424,1.3767
2017-12-14,2018-03-21,63,0.1616,0.6482
2017-12-15,2018-03-22,63,0.411,1.6541
2017-12-18,2018-03-23,63,-0.071,-0.2837
2017-12-19,2018-03-26,63,-0.6762,-2.6775
2017-12-20,2018-03-27,63,-0.418,-1.6616
2017-12-21,2018-03-28,63,-1.2016,-4.7206
2017-12-22,2018-03-29,63,-1.1073,-4.356
2017-12-25,2018-03-30,63,-1.1083,-4.36
2017-12-26,2018-04-02,63,-1.2264,-4.8162
2017-12-27,2018-04-03,63,-0.8657,-3.4181
2017-12-28,2018-04-04,63,-1.1979,-4.7063
2017-12-29,2018-04-09,63,-1.338,-5.2457
2018-01-02,2018-04-10,63,-1.3594,-5.3278
2018-01-03,2018-04-11,63,-1.374,-5.3839
2018-01-04,2018-04-12,63,-1.4207,-5.5629
2018-01-05,2018-04-13,63,-1.9015,-7.3918
2018-01-08,2018-04-16,63,-2.3284,-8.9935
2018-01-09,2018-04-17,63,-2.8419,-10.8922
2018-01-10,2018-04-18,63,-2.7965,-10.7254
2018-01-11,2018-04-19,63,-2.53,-9.7425
2018-01-12,2018-04-20,63,-3.1166,-11.8958
2018-01-15,2018-04-23,63,-3.2439,-12.3576
2018-01-16,2018-04-24,63,-2.9926,-11.4437
2018-01-17,2018-04-25,63,-2.9738,-11.3751
2018-01-18,2018-04-26,63,-3.3641,-12.7926
2018-01-19,2018-04-27,63,-3.4164,-12.9812
2018-01-22,2018-05-02,63,-3.7166,-14.058
2018-01-23,2018-05-03,63,-3.5196,-13.3525
2018-01-24,2018-05-04,63,-3.7605,-14.2146
2018-01-25,2018-05-07,63,-3.3127,-12.6067
2018-01-26,2018-05-08,63,-3.001,-11.4744
2018-01-29,2018-05-09,63,-2.5554,-9.8366
2018-01-30,2018-05-10,63,-1.9592,-7.6095
2018-01-31,2018-05-11,63,-2.1696,-8.4001
2018-02-01,2018-05-14,63,-1.7499,-6.8182
2018-02-02,2018-05-15,63,-1.9535,-7.5879
2018-02-05,2018-05-16,63,-2.1677,-8.3929
2018-02-06,2018-05-17,63,-1.9599,-7.6121
2018-02-07,2018-05-18,63,-0.7801,-3.084
2018-02-08,2018-05-21,63,-0.4548,-1.8066
2018-02-09,2018-05-22,63,0.4839,1.9495
2018-02-12,2018-05-23,63,-0.1346,-0.5375
2018-02-13,2018-05-24,63,-0.5575,-2.2114
2018-02-14,2018-05-25,63,-0.8656,-3.4178
2018-02-22,2018-05-28,63,-1.1591,-4.5565
2018-02-23,2018-05-29,63,-1.4495,-5.6732
2018-02-26,2018-05-30,63,-2.2386,-8.6582
2018-02-27,2018-05-31,63,-1.2579,-4.9373
2018-02-28,2018-06-01,63,-1.0934,-4.3023
2018-03-01,2018-06-04,63,-1.1132,-4.3791
2018-03-02,2018-06-05,63,-0.8251,-3.2598
2018-03-05,2018-06-06,63,-0.9253,-3.65
2018-03-06,2018-06-07,63,-1.2398,-4.8677
2018-03-07,2018-06-08,63,-1.497,-5.8548
2018-03-08,2018-06-11,63,-1.6298,-6.3616
2018-03-09,2018-06-12,63,-1.4216,-5.5663
2018-03-12,2018-06-13,63,-1.7784,-6.9261
2018-03-13,2018-06-14,63,-1.5326,-5.9908
2018-03-14,2018-06-15,63,-1.5674,-6.1239
2018-03-15,2018-06-19,63,-2.6868,-10.3216
2018-03-16,2018-06-20,63,-2.387,-9.2114
2018-03-19,2018-06-21,63,-2.6952,-10.3529
2018-03-20,2018-06-22,63,-2.6206,-10.0774
2018-03-21,2018-06-25,63,-2.768,-10.6209
2018-03-22,2018-06-26,63,-2.9344,-11.2311
2018-03-23,2018-06-27,63,-2.9828,-11.4079
2018-03-26,2018-06-28,63,-3.1024,-11.8439
2018-03-27,2018-06-29,63,-2.6553,-10.2057
2018-03-28,2018-07-02,63,-2.7064,-10.3939
2018-03-29,2018-07-03,63,-2.7203,-10.4454
2018-03-30,2018-07-04,63,-3.0144,-11.5234
2018-04-02,2018-07-05,63,-3.0965,-11.8225
2018-04-03,2018-07-06,63,-2.9513,-11.2929
2018-04-04,2018-07-09,63,-2.28,-8.8129
2018-04-09,2018-07-10,63,-2.2377,-8.6549
2018-04-10,2018-07-11,63,-2.9807,-11.4004
2018-04-11,2018-07-12,63,-2.808,-10.7678
2018-04-12,2018-07-13,63,-2.6076,-10.0294
2018-04-13,2018-07-16,63,-2.3643,-9.1271
2018-04-16,2018-07-17,63,-2.2922,-8.8582
2018-04-17,2018-07-18,63,-2.3125,-8.9339
2018-04-18,2018-07-19,63,-2.3122,-8.9329
2018-04-19,2018-07-20,63,-2.1917,-8.4826
2018-04-20,2018-07-23,63,-1.4274,-5.5883
2018-04-23,2018-07-24,63,-0.9899,-3.9013
2018-04-24,2018-07-25,63,-1.4288,-5.5938
2018-04-25,2018-07-26,63,-1.5501,-6.0577
2018-04-26,2018-07-27,63,-1.2828,-5.0332
2018-04-27,2018-07-30,63,-1.2587,-4.9404
2018-05-02,2018-07-31,63,-1.2049,-4.7332
2018-05-03,2018-08-01,63,-2.2107,-8.5538
2018-05-04,2018-08-02,63,-2.6834,-10.3094
2018-05-07,2018-08-03,63,-3.5197,-13.3526
2018-05-08,2018-08-06,63,-4.016,-15.1219
2018-05-09,2018-08-07,63,-3.3425,-12.7146
2018-05-10,2018-08-08,63,-3.8839,-14.6538
2018-05-11,2018-08-09,63,-3.268,-12.445
2018-05-14,2018-08-10,63,-3.4338,-13.0437
2018-05-15,2018-08-13,63,-3.4248,-13.0115
2018-05-16,2018-08-14,63,-3.3573,-12.7679
2018-05-17,2018-08-15,63,-3.6147,-13.6937
2018-05-18,2018-08-16,63,-4.281,-16.0555
2018-05-21,2018-08-17,63,-4.6618,-17.3834
2018-05-22,2018-08-20,63,-4.2477,-15.9384
2018-05-23,2018-08-21,63,-3.4941,-13.2608
2018-05-24,2018-08-22,63,-3.6294,-13.7461
2018-05-25,2018-08-23,63,-3.6104,-13.678
2018-05-28,2018-08-24,63,-3.5545,-13.4776
2018-05-29,2018-08-27,63,-2.8291,-10.8452
2018-05-30,2018-08-28,63,-2.39,-9.2229
2018-05-31,2018-08-29,63,-3.0988,-11.831
2018-06-01,2018-08-30,63,-3.0521,-11.6608
2018-06-04,2018-08-31,63,-3.2148,-12.2523
2018-06-05,2018-09-03,63,-3.5772,-13.5593
2018-06-06,2018-09-04,63,-3.3951,-12.9043
2018-06-07,2018-09-05,63,-3.7655,-14.2326
2018-06-08,2018-09-06,63,-3.6281,-13.7416
2018-06-11,2018-09-07,63,-3.5131,-13.329
2018-06-12,2018-09-10,63,-4.1446,-15.576
2018-06-13,2018-09-11,63,-3.8779,-14.6323
2018-06-14,2018-09-12,63,-4.0709,-15.316
2018-06-15,2018-09-13,63,-3.6362,-13.7704
2018-06-19,2018-09-14,63,-2.5566,-9.8409
2018-06-20,2018-09-17,63,-2.9108,-11.1446
2018-06-21,2018-09-18,63,-2.1047,-8.1566
2018-06-22,2018-09-19,63,-1.9802,-7.6885
2018-06-25,2018-09-20,63,-1.7163,-6.6906
2018-06-26,2018-09-21,63,-0.7433,-2.9401
2018-06-27,2018-09-25,63,-0.5967,-2.3656
2018-06-28,2018-09-26,63,0.0323,0.1292
2018-06-29,2018-09-27,63,-0.8197,-3.2386
2018-07-02,2018-09-28,63,-0.1213,-0.4845
2018-07-03,2018-10-08,63,-0.8534,-3.3702
2018-07-04,2018-10-09,63,-0.6799,-2.6919
2018-07-05,2018-10-10,63,-0.5861,-2.3239
2018-07-06,2018-10-11,63,-1.8247,-7.1013
2018-07-09,2018-10-12,63,-1.7941,-6.9856
2018-07-10,2018-10-15,63,-1.8376,-7.1502
2018-07-11,2018-10-16,63,-1.7157,-6.6882
2018-07-12,2018-10-17,63,-2.053,-7.9627
2018-07-13,2018-10-18,63,-2.6147,-10.0557
2018-07-16,2018-10-19,63,-1.7464,-6.8048
2018-07-17,2018-10-22,63,-0.5887,-2.3341
2018-07-18,2018-10-23,63,-0.7586,-2.9999
2018-07-19,2018-10-24,63,-0.8041,-3.1778
2018-07-20,2018-10-25,63,-1.0985,-4.3221
2018-07-23,2018-10-26,63,-1.5948,-6.2282
2018-07-24,2018-10-29,63,-2.6442,-10.1646
2018-07-25,2018-10-30,63,-2.4425,-9.4178
2018-07-26,2018-10-31,63,-2.1328,-8.2623
2018-07-27,2018-11-01,63,-1.7803,-6.9332
2018-07-30,2018-11-02,63,-0.9311,-3.6728
2018-07-31,2018-11-05,63,-1.134,-4.4594
2018-08-01,2018-11-06,63,-0.7624,-3.0148
2018-08-02,2018-11-07,63,-0.3164,-1.2594
2018-08-03,2018-11-08,63,0.3917,1.5761
2018-08-06,2018-11-09,63,0.2869,1.1526
2018-08-07,2018-11-12,63,-0.3045,-1.2125
2018-08-08,2018-11-13,63,0.2837,1.1397
2018-08-09,2018-11-14,63,-0.5518,-2.1889
2018-08-10,2018-11-15,63,-0.1708,-0.6813
2018-08-13,2018-11-16,63,0.0201,0.0806
2018-08-14,2018-11-19,63,0.7232,2.9242
2018-08-15,2018-11-20,63,0.8674,3.5149
2018-08-16,2018-11-21,63,1.3507,5.5132
2018-08-17,2018-11-22,63,1.7382,7.1363
2018-08-20,2018-11-23,63,0.7336,2.9667
2018-08-21,2018-11-26,63,0.1544,0.6192
2018-08-22,2018-11-27,63,0.2111,0.8471
2018-08-23,2018-11-28,63,0.317,1.274
2018-08-24,2018-11-29,63,0.1464,0.5869
2018-08-27,2018-11-30,63,-0.2812,-1.1201
2018-08-28,2018-12-03,63,0.2263,0.9084
2018-08-29,2018-12-04,63,0.4939,1.9902
2018-08-30,2018-12-05,63,0.6446,2.6033
2018-08-31,2018-12-06,63,0.2972,1.1943
2018-09-03,2018-12-07,63,0.5379,2.1691
2018-09-04,2018-12-10,63,0.3321,1.3352
2018-09-05,2018-12-11,63,0.8699,3.5251
2018-09-06,2018-12-12,63,0.9954,4.0415
2018-09-07,2018-12-13,63,1.1439,4.6548
2018-09-10,2018-12-14,63,1.1409,4.6422
2018-09-11,2018-12-17,63,1.0608,4.3114
2018-09-12,2018-12-18,63,1.1538,4.6957
2018-09-13,2018-12-19,63,0.5375,2.1675
2018-09-14,2018-12-20,63,0.2229,0.8945
2018-09-17,2018-12-21,63,0.5761,2.3242
2018-09-18,2018-12-24,63,0.208,0.8345
2018-09-19,2018-12-25,63,-0.1277,-0.5099
2018-09-20,2018-12-26,63,-0.2144,-0.8547
2018-09-21,2018-12-27,63,-1.1622,-4.5685
2018-09-25,2018-12-28,63,-0.5604,-2.2227
2018-09-26,2019-01-02,63,-1.1033,-4.3406
2018-09-27,2019-01-03,63,-0.8301,-3.2792
2018-09-28,2019-01-04,63,-0.2157,-0.86
2018-10-08,2019-01-07,63,0.3653,1.4691
2018-10-09,2019-01-08,63,0.2807,1.1276
2018-10-10,2019-01-09,63,0.4985,2.0092
2018-10-11,2019-01-10,63,1.4974,6.1254
2018-10-12,2019-01-11,63,0.8276,3.3517
2018-10-15,2019-01-14,63,0.6976,2.8198
2018-10-16,2019-01-15,63,1.3479,5.5016
2018-10-17,2019-01-16,63,1.3187,5.3799
2018-10-18,2019-01-17,63,1.7723,7.2799
2018-10-19,2019-01-18,63,1.4135,5.775
2018-10-22,2019-01-21,63,0.431,1.7351
2018-10-23,2019-01-22,63,0.5992,2.4185
2018-10-24,2019-01-23,63,0.5558,2.242
2018-10-25,2019-01-24,63,0.5058,2.0384
2018-10-26,2019-01-25,63,0.8587,3.4793
2018-10-29,2019-01-28,63,1.8715,7.6989
2018-10-30,2019-01-29,63,1.839,7.5614
2018-10-31,2019-01-30,63,1.5989,6.5506
2018-11-01,2019-01-31,63,1.6905,6.9354
2018-11-02,2019-02-01,63,1.3609,5.5558
2018-11-05,2019-02-11,63,1.9904,8.2025
2018-11-06,2019-02-12,63,2.3156,9.5893
2018-11-07,2019-02-13,63,2.9735,12.4353
2018-11-08,2019-02-14,63,2.687,11.1889
2018-11-09,2019-02-15,63,2.7346,11.3952
2018-11-12,2019-02-18,63,3.6731,15.5218
2018-11-13,2019-02-19,63,3.5251,14.8636
2018-11-14,2019-02-20,63,4.0358,17.147
2018-11-15,2019-02-21,63,3.368,14.168
2018-11-16,2019-02-22,63,3.6961,15.6243
2018-11-19,2019-02-25,63,5.0715,21.8822
2018-11-20,2019-02-26,63,5.1335,22.17
2018-11-21,2019-02-27,63,5.0192,21.6395
2018-11-22,2019-02-28,63,4.8173,20.7068
2018-11-23,2019-03-01,63,5.9561,26.0388
2018-11-26,2019-03-04,63,6.0143,26.316
2018-11-27,2019-03-05,63,6.2039,27.222
2018-11-28,2019-03-06,63,6.4106,28.2151
2018-11-29,2019-03-07,63,6.0839,26.6478
2018-11-30,2019-03-08,63,4.7748,20.5113
2018-12-03,2019-03-11,63,4.922,21.1899
2018-12-04,2019-03-12,63,5.0366,21.7204
2018-12-05,2019-03-13,63,4.9615,21.3725
2018-12-06,2019-03-14,63,5.1348,22.1761
2018-12-07,2019-03-15,63,5.4731,23.7563
2018-12-10,2019-03-18,63,6.4037,28.1822
2018-12-11,2019-03-19,63,6.2421,27.4051
2018-12-12,2019-03-20,63,6.2764,27.5698
2018-12-13,2019-03-21,63,6.1034,26.741
2018-12-14,2019-03-22,63,6.4513,28.4115
2018-12-17,2019-03-25,63,5.8864,25.7072
2018-12-18,2019-03-26,63,5.647,24.5746
2018-12-19,2019-03-27,63,6.2439,27.4135
2018-12-20,2019-03-28,63,6.2849,27.6103
2018-12-21,2019-03-29,63,7.0967,31.554
2018-12-24,2019-04-01,63,7.8216,35.152
2018-12-25,2019-04-02,63,7.8279,35.1835
2018-12-26,2019-04-03,63,8.4171,38.1626
2018-12-27,2019-04-04,63,8.9772,41.0403
2018-12-28,2019-04-08,63,8.7086,39.6547
2019-01-02,2019-04-09,63,9.2115,42.2567
2019-01-03,2019-04-10,63,9.0785,41.5653
2019-01-04,2019-04-11,63,7.8544,35.3168
2019-01-07,2019-04-12,63,7.4977,33.5353
2019-01-08,2019-04-15,63,7.4456,33.277
2019-01-09,2019-04-16,63,8.0832,36.4688
2019-01-10,2019-04-17,63,7.9669,35.882
2019-01-11,2019-04-18,63,7.616,34.1244
2019-01-14,2019-04-19,63,8.4064,38.1083
2019-01-15,2019-04-22,63,7.1359,31.7466
2019-01-16,2019-04-23,63,6.9361,30.7667
2019-01-17,2019-04-24,63,7.1469,31.801
2019-01-18,2019-04-25,63,6.0105,26.2976
2019-01-21,2019-04-26,63,5.681,24.7347
2019-01-22,2019-04-29,63,6.1622,27.0224
2019-01-23,2019-04-30,63,6.2785,27.5796
2019-01-24,2019-05-06,63,4.7355,20.3306
2019-01-25,2019-05-07,63,4.7704,20.491
2019-01-28,2019-05-08,63,4.2472,18.102
2019-01-29,2019-05-09,63,3.5416,14.9369
2019-01-30,2019-05-10,63,4.7215,20.266
2019-01-31,2019-05-13,63,4.0781,17.3374
2019-02-01,2019-05-14,63,3.6825,15.5637
2019-02-11,2019-05-15,63,3.7102,15.6874
2019-02-12,2019-05-16,63,3.7214,15.7375
2019-02-13,2019-05-17,63,2.4653,10.232
2019-02-14,2019-05-20,63,2.0546,8.4754
2019-02-15,2019-05-21,63,2.7312,11.3807
2019-02-18,2019-05-22,63,1.6148,6.6173
2019-02-19,2019-05-23,63,1.1911,4.8503
2019-02-20,2019-05-24,63,1.1501,4.6802
2019-02-21,2019-05-27,63,1.7044,6.9939
2019-02-22,2019-05-28,63,1.5149,6.1986
2019-02-25,2019-05-29,63,0.0597,0.2391
2019-02-26,2019-05-30,63,0.1134,0.4545
2019-02-27,2019-05-31,63,0.3989,1.6052
2019-02-28,2019-06-03,63,0.9174,3.7206
2019-03-01,2019-06-04,63,0.5208,2.0995
2019-03-04,2019-06-05,63,0.7809,3.1603
2019-03-05,2019-06-06,63,0.5277,2.1275
2019-03-06,2019-06-10,63,0.4096,1.6484
2019-03-07,2019-06-11,63,1.3854,5.6579
2019-03-08,2019-06-12,63,2.2222,9.1895
2019-03-11,2019-06-13,63,1.6347,6.7008
2019-03-12,2019-06-14,63,1.7162,7.0438
2019-03-13,2019-06-17,63,1.4626,5.9799
2019-03-14,2019-06-18,63,1.9507,8.0341
2019-03-15,2019-06-19,63,1.8218,7.4888
2019-03-18,2019-06-20,63,2.4462,10.1498
2019-03-19,2019-06-21,63,2.7307,11.3785
2019-03-20,2019-06-24,63,2.9999,12.5503
2019-03-21,2019-06-25,63,3.074,12.8747
2019-03-22,2019-06-26,63,2.6797,11.1572
2019-03-25,2019-06-27,63,3.319,13.9518
2019-03-26,2019-06-28,63,3.6347,15.3509
2019-03-27,2019-07-01,63,3.3852,14.2442
2019-03-28,2019-07-02,63,3.8529,16.3254
2019-03-29,2019-07-03,63,3.9166,16.6112
2019-04-01,2019-07-04,63,2.8297,11.8083
2019-04-02,2019-07-05,63,2.9985,12.5442
2019-04-03,2019-07-08,63,1.906,7.8448
2019-04-04,2019-07-09,63,1.3522,5.5195
2019-04-08,2019-07-10,63,1.2027,4.8981
2019-04-09,2019-07-11,63,1.5748,6.4494
2019-04-10,2019-07-12,63,1.3165,5.3708
2019-04-11,2019-07-15,63,1.9899,8.2006
2019-04-12,2019-07-16,63,2.2142,9.1555
2019-04-15,2019-07-17,63,2.2602,9.3519
2019-04-16,2019-07-18,63,1.7107,7.0206
2019-04-17,2019-07-19,63,2.4713,10.2577
2019-04-18,2019-07-22,63,2.3454,9.7167
2019-04-19,2019-07-23,63,1.8134,7.4534
2019-04-22,2019-07-24,63,2.5452,10.5761
2019-04-23,2019-07-25,63,2.9696,12.4179
2019-04-24,2019-07-26,63,2.8581,11.9318
2019-04-25,2019-07-29,63,3.2533,13.662
2019-04-26,2019-07-30,63,3.6914,15.6034
2019-04-29,2019-07-31,63,3.5364,14.9137
2019-04-30,2019-08-01,63,2.7246,11.3521
2019-05-06,2019-08-02,63,4.0585,17.2494
2019-05-07,2019-08-05,63,4.2377,18.0592
2019-05-08,2019-08-06,63,4.3151,18.4103
2019-05-09,2019-08-07,63,5.2172,22.5595
2019-05-10,2019-08-08,63,4.8732,20.9645
2019-05-13,2019-08-09,63,4.9751,21.4354
2019-05-14,2019-08-12,63,5.0815,21.9284
2019-05-15,2019-08-13,63,5.1424,22.2113
2019-05-16,2019-08-14,63,4.2294,18.0216
2019-05-17,2019-08-15,63,5.3972,23.4004
2019-05-20,2019-08-16,63,5.995,26.2239
2019-05-21,2019-08-19,63,6.111,26.7771
2019-05-22,2019-08-20,63,6.0943,26.6974
2019-05-23,2019-08-21,63,6.5316,28.7996
2019-05-24,2019-08-22,63,6.4554,28.4314
2019-05-27,2019-08-23,63,6.297,27.6684
2019-05-28,2019-08-26,63,6.7285,29.7545
2019-05-29,2019-08-27,63,7.1263,31.6996
2019-05-30,2019-08-28,63,7.3463,32.785
2019-05-31,2019-08-29,63,7.3264,32.6863
2019-06-03,2019-08-30,63,6.5226,28.7557
2019-06-04,2019-09-02,63,6.7241,29.7327
2019-06-05,2019-09-03,63,6.7159,29.6929
2019-06-06,2019-09-04,63,7.3151,32.6306
2019-06-10,2019-09-05,63,7.4816,33.4555
2019-06-11,2019-09-06,63,5.9981,26.2384
2019-06-12,2019-09-09,63,6.1881,27.1464
2019-06-13,2019-09-10,63,5.6055,24.3789
2019-06-14,2019-09-11,63,5.2992,22.9421
2019-06-17,2019-09-12,63,5.9426,25.9744
2019-06-18,2019-09-16,63,5.5655,24.1902
2019-06-19,2019-09-17,63,4.8324,20.7764
2019-06-20,2019-09-18,63,3.6774,15.5413
2019-06-21,2019-09-19,63,3.4862,14.691
2019-06-24,2019-09-20,63,3.374,14.1943
2019-06-25,2019-09-23,63,3.1152,13.0555
2019-06-26,2019-09-24,63,3.8337,16.2392
2019-06-27,2019-09-25,63,3.5792,15.1041
2019-06-28,2019-09-26,63,2.9952,12.53
2019-07-01,2019-09-27,63,2.8207,11.7694
2019-07-02,2019-09-30,63,2.1786,9.0032
2019-07-03,2019-10-08,63,1.7767,7.2986
2019-07-04,2019-10-09,63,2.6274,10.9312
2019-07-05,2019-10-10,63,2.5292,10.5071
2019-07-08,2019-10-11,63,3.3609,14.1368
2019-07-09,2019-10-14,63,3.5422,14.9394
2019-07-10,2019-10-15,63,3.5715,15.0697
2019-07-11,2019-10-16,63,2.8828,12.0397
2019-07-12,2019-10-17,63,3.1348,13.1413
2019-07-15,2019-10-18,63,2.5169,10.454
2019-07-16,2019-10-21,63,2.6877,11.1921
2019-07-17,2019-10-22,63,2.8644,11.9596
2019-07-18,2019-10-23,63,2.7849,11.6137
2019-07-19,2019-10-24,63,2.1326,8.8071
2019-07-22,2019-10-25,63,2.9457,12.3136
2019-07-23,2019-10-28,63,3.2467,13.6332
2019-07-24,2019-10-29,63,2.5671,10.6705
2019-07-25,2019-10-30,63,2.1548,8.9016
2019-07-26,2019-10-31,63,2.2197,9.1788
2019-07-29,2019-11-01,63,2.8625,11.9509
2019-07-30,2019-11-04,63,2.7903,11.637
2019-07-31,2019-11-05,63,2.8907,12.0737
2019-08-01,2019-11-06,63,3.0813,12.9064
2019-08-02,2019-11-07,63,3.0313,12.6878
2019-08-05,2019-11-08,63,2.1935,9.067
2019-08-06,2019-11-11,63,1.845,7.5867
2019-08-07,2019-11-12,63,1.2746,5.1967
2019-08-08,2019-11-13,63,1.2863,5.2453
2019-08-09,2019-11-14,63,1.5476,6.3355
2019-08-12,2019-11-15,63,0.9318,3.7795
2019-08-13,2019-11-18,63,0.8226,3.3313
2019-08-14,2019-11-19,63,1.7712,7.2751
2019-08-15,2019-11-20,63,1.1672,4.7511
2019-08-16,2019-11-21,63,0.8765,3.5524
2019-08-19,2019-11-22,63,0.0885,0.3543
2019-08-20,2019-11-25,63,0.2326,0.9338
2019-08-21,2019-11-26,63,0.3052,1.2265
2019-08-22,2019-11-27,63,0.0861,0.345
2019-08-23,2019-11-28,63,-0.2421,-0.9648
2019-08-26,2019-11-29,63,-0.8435,-3.3315
2019-08-27,2019-12-02,63,-1.1295,-4.4419
2019-08-28,2019-12-03,63,-0.9003,-3.5528
2019-08-29,2019-12-04,63,-0.6507,-2.5774
2019-08-30,2019-12-05,63,-0.2234,-0.8906
2019-09-02,2019-12-06,63,-0.5087,-2.0193
2019-09-03,2019-12-09,63,-0.8838,-3.4887
2019-09-04,2019-12-10,63,-1.1427,-4.4931
2019-09-05,2019-12-11,63,-1.4886,-5.8229
2019-09-06,2019-12-12,63,-0.785,-3.1032
2019-09-09,2019-12-13,63,-0.8557,-3.3792
2019-09-10,2019-12-16,63,0.0129,0.0515
2019-09-11,2019-12-17,63,0.4539,1.8279
2019-09-12,2019-12-18,63,0.1469,0.589
2019-09-16,2019-12-19,63,0.1593,0.6388
2019-09-17,2019-12-20,63,0.6992,2.8265
2019-09-18,2019-12-23,63,0.2206,0.8853
2019-09-19,2019-12-24,63,0.4411,1.7762
2019-09-20,2019-12-25,63,0.4537,1.8271
2019-09-23,2019-12-26,63,0.742,3.0012
2019-09-24,2019-12-27,63,0.6093,2.4595
2019-09-25,2019-12-30,63,1.0812,4.3953
2019-09-26,2019-12-31,63,1.6835,6.9061
2019-09-27,2020-01-02,63,2.2496,9.3066
2019-09-30,2020-01-03,63,2.8189,11.7615
2019-10-08,2020-01-06,63,3.1238,13.0928
2019-10-09,2020-01-07,63,2.6621,11.0813
2019-10-10,2020-01-08,63,2.6958,11.2271
2019-10-11,2020-01-09,63,1.9789,8.1535
2019-10-14,2020-01-10,63,2.1686,8.9606
2019-10-15,2020-01-13,63,2.4704,10.2538
2019-10-16,2020-01-14,63,2.2402,9.2663
2019-10-17,2020-01-15,63,2.0994,8.6657
2019-10-18,2020-01-16,63,2.4533,10.1803
2019-10-21,2020-01-17,63,2.4161,10.0202
2019-10-22,2020-01-20,63,2.6145,10.8752
2019-10-23,2020-01-21,63,2.4776,10.2848
2019-10-24,2020-01-22,63,2.4028,9.9631
2019-10-25,2020-01-23,63,1.3752,5.6151
2019-10-28,2020-02-03,63,-0.1392,-0.5557
2019-10-29,2020-02-04,63,0.6142,2.4795
2019-10-30,2020-02-05,63,0.8881,3.6
2019-10-31,2020-02-06,63,1.1853,4.8261
2019-11-01,2020-02-07,63,0.6697,2.7056
2019-11-04,2020-02-10,63,0.7182,2.9038
2019-11-05,2020-02-11,63,0.8837,3.5821
2019-11-06,2020-02-12,63,1.5199,6.2196
2019-11-07,2020-02-13,63,1.3693,5.5906
2019-11-08,2020-02-14,63,2.1677,8.9569
2019-11-11,2020-02-17,63,3.3211,13.9608
2019-11-12,2020-02-18,63,3.5816,15.1146
2019-11-13,2020-02-19,63,3.2678,13.7258
2019-11-14,2020-02-20,63,3.8048,16.1102
2019-11-15,2020-02-21,63,4.6014,19.7155
2019-11-18,2020-02-24,63,4.8544,20.8779
2019-11-19,2020-02-25,63,3.7861,16.0266
2019-11-20,2020-02-26,63,3.8568,16.3426
2019-11-21,2020-02-27,63,4.0863,17.3747
2019-11-22,2020-02-28,63,3.2183,13.5082
2019-11-25,2020-03-02,63,3.3806,14.2235
2019-11-26,2020-03-03,63,3.3666,14.1616
2019-11-27,2020-03-04,63,4.184,17.8158
2019-11-28,2020-03-05,63,4.932,21.2363
2019-11-29,2020-03-06,63,5.2238,22.5904
2019-12-02,2020-03-09,63,4.0565,17.2402
2019-12-03,2020-03-10,63,4.0808,17.3498
2019-12-04,2020-03-11,63,3.463,14.5883
2019-12-05,2020-03-12,63,2.6059,10.8383
2019-12-06,2020-03-13,63,1.4987,6.1311
2019-12-09,2020-03-16,63,0.0364,0.1458
2019-12-10,2020-03-17,63,-1.3227,-5.1866
2019-12-11,2020-03-18,63,-1.2081,-4.7455
2019-12-12,2020-03-19,63,-1.7483,-6.812
2019-12-13,2020-03-20,63,-1.2979,-5.0915
2019-12-16,2020-03-23,63,-2.4573,-9.4728
2019-12-17,2020-03-24,63,-0.8343,-3.2956
2019-12-18,2020-03-25,63,0.2092,0.8396
2019-12-19,2020-03-26,63,0.0589,0.2359
2019-12-20,2020-03-27,63,0.422,1.6988
2019-12-23,2020-03-30,63,0.2348,0.9424
2019-12-24,2020-03-31,63,0.0411,0.1644
2019-12-25,2020-04-01,63,-0.6181,-2.4495
2019-12-26,2020-04-02,63,-0.3517,-1.3993
2019-12-27,2020-04-03,63,-0.3422,-1.3619
2019-12-30,2020-04-07,63,0.5367,2.164
2019-12-31,2020-04-08,63,0.0735,0.2942
2020-01-02,2020-04-09,63,-0.155,-0.6185
2020-01-03,2020-04-10,63,-0.4787,-1.9012
2020-01-06,2020-04-13,63,-0.9222,-3.6382
2020-01-07,2020-04-14,63,-0.1007,-0.4023
2020-01-08,2020-04-15,63,-0.5171,-2.0526
2020-01-09,2020-04-16,63,0.3915,1.5754
2020-01-10,2020-04-17,63,0.0073,0.029
2020-01-13,2020-04-20,63,-0.2413,-0.9619
2020-01-14,2020-04-21,63,0.1907,0.7648
2020-01-15,2020-04-22,63,0.1938,0.7775
2020-01-16,2020-04-23,63,0.6772,2.7366
2020-01-17,2020-04-24,63,0.6761,2.7318
2020-01-20,2020-04-27,63,0.4587,1.8476
2020-01-21,2020-04-28,63,0.5353,2.1583
2020-01-22,2020-04-29,63,0.8941,3.6246
2020-01-23,2020-04-30,63,1.8504,7.6095
2020-02-03,2020-05-06,63,3.4396,14.4848
2020-02-04,2020-05-07,63,2.7758,11.5742
2020-02-05,2020-05-08,63,3.2537,13.6639
2020-02-06,2020-05-11,63,2.7822,11.6018
2020-02-07,2020-05-12,63,2.576,10.7091
2020-02-10,2020-05-13,63,2.4963,10.3651
2020-02-11,2020-05-14,63,2.2464,9.2927
2020-02-12,2020-05-15,63,2.4178,10.0277
2020-02-13,2020-05-18,63,3.2101,13.4721
2020-02-14,2020-05-19,63,2.7592,11.5021
2020-02-17,2020-05-20,63,2.293,9.4922
2020-02-18,2020-05-21,63,1.8871,7.7649
2020-02-19,2020-05-22,63,0.9933,4.0327
2020-02-20,2020-05-25,63,0.3618,1.4552
2020-02-21,2020-05-26,63,0.222,0.891
2020-02-24,2020-05-27,63,-0.6668,-2.6406
2020-02-25,2020-05-28,63,0.2026,0.813
2020-02-26,2020-05-29,63,0.3958,1.5926
2020-02-27,2020-06-01,63,1.2016,4.8937
2020-02-28,2020-06-02,63,2.4127,10.0057
2020-03-02,2020-06-03,63,1.9858,8.1831
2020-03-03,2020-06-04,63,1.6921,6.9423
2020-03-04,2020-06-05,63,1.0901,4.4322
2020-03-05,2020-06-08,63,0.4131,1.6629
2020-03-06,2020-06-09,63,0.4403,1.7728
2020-03-09,2020-06-10,63,1.7166,7.0451
2020-03-10,2020-06-11,63,1.4812,6.0577
2020-03-11,2020-06-12,63,1.6647,6.8271
2020-03-12,2020-06-15,63,2.0602,8.4988
2020-03-13,2020-06-16,63,3.6041,15.2149
2020-03-16,2020-06-17,63,5.546,24.0988
2020-03-17,2020-06-18,63,7.2007,32.0658
2020-03-18,2020-06-19,63,7.464,33.3681
2020-03-19,2020-06-22,63,8.4079,38.116
2020-03-20,2020-06-23,63,7.7272,34.6794
2020-03-23,2020-06-24,63,9.073,41.5367
2020-03-24,2020-06-29,63,6.5624,28.9482
2020-03-25,2020-06-30,63,5.77,25.1554
2020-03-26,2020-07-01,63,6.7656,29.9349
2020-03-27,2020-07-02,63,6.6713,29.4765
2020-03-30,2020-07-03,63,7.8429,35.2589
2020-03-31,2020-07-06,63,9.3682,43.0751
2020-04-01,2020-07-07,63,10.1799,47.3699
2020-04-02,2020-07-08,63,10.1595,47.2609
2020-04-03,2020-07-09,63,10.7566,50.4798
2020-04-07,2020-07-10,63,8.4727,38.4463
2020-04-08,2020-07-13,63,9.6719,44.6708
2020-04-09,2020-07-14,63,9.1205,41.7832
2020-04-10,2020-07-15,63,8.7811,40.0275
2020-04-13,2020-07-16,63,7.3287,32.6977
2020-04-14,2020-07-17,63,6.4792,28.546
2020-04-15,2020-07-20,63,7.8178,35.1329
2020-04-16,2020-07-21,63,7.8143,35.1154
2020-04-17,2020-07-22,63,8.8345,40.3028
2020-04-20,2020-07-23,63,8.9688,40.9967
2020-04-21,2020-07-24,63,7.963,35.8625
2020-04-22,2020-07-27,63,8.6108,39.153
2020-04-23,2020-07-28,63,8.4348,38.2529
2020-04-24,2020-07-29,63,9.2951,42.6933
2020-04-27,2020-07-30,63,8.973,41.0182
2020-04-28,2020-07-31,63,9.5042,43.7882
2020-04-29,2020-08-03,63,9.6356,44.4794
2020-04-30,2020-08-04,63,9.2267,42.3362
2020-05-06,2020-08-05,63,9.8623,45.6781
2020-05-07,2020-08-06,63,10.2368,47.675
2020-05-08,2020-08-07,63,9.3341,42.8968
2020-05-11,2020-08-10,63,9.3741,43.1061
2020-05-12,2020-08-11,63,8.5481,38.8317
2020-05-13,2020-08-12,63,6.9047,30.6134
2020-05-14,2020-08-13,63,6.9377,30.7748
2020-05-15,2020-08-14,63,7.3039,32.5749
2020-05-18,2020-08-17,63,7.4508,33.3028
2020-05-19,2020-08-18,63,8.2252,37.1873
2020-05-20,2020-08-19,63,7.3391,32.749
2020-05-21,2020-08-20,63,6.6718,29.4785
2020-05-22,2020-08-21,63,7.7543,34.8149
2020-05-25,2020-08-24,63,7.7599,34.8433
2020-05-26,2020-08-25,63,7.3915,33.0088
2020-05-27,2020-08-26,63,7.4708,33.4018
2020-05-28,2020-08-27,63,7.6555,34.3214
2020-05-29,2020-08-28,63,8.278,37.4552
2020-06-01,2020-08-31,63,7.1823,31.9753
2020-06-02,2020-09-01,63,7.5922,34.0057
2020-06-03,2020-09-02,63,7.5923,34.0061
2020-06-04,2020-09-03,63,7.1946,32.0357
2020-06-05,2020-09-04,63,6.807,30.1365
2020-06-08,2020-09-07,63,6.2845,27.6086
2020-06-09,2020-09-08,63,6.2708,27.5428
2020-06-10,2020-09-09,63,5.3569,23.2118
2020-06-11,2020-09-10,63,5.6161,24.4288
2020-06-12,2020-09-11,63,5.7818,25.2113
2020-06-15,2020-09-14,63,6.3629,27.9856
2020-06-16,2020-09-15,63,6.2558,27.471
2020-06-17,2020-09-16,63,5.935,25.9386
2020-06-18,2020-09-17,63,5.4444,23.6216
2020-06-19,2020-09-18,63,5.733,24.9803
2020-06-22,2020-09-21,63,5.1344,22.1743
2020-06-23,2020-09-22,63,4.0997,17.4351
2020-06-24,2020-09-23,63,3.4666,14.6043
2020-06-29,2020-09-24,63,2.8489,11.8918
2020-06-30,2020-09-25,63,2.7726,11.5604
2020-07-01,2020-09-28,63,2.0964,8.653
2020-07-02,2020-09-29,63,2.2178,9.1708
2020-07-03,2020-09-30,63,1.6097,6.596
2020-07-06,2020-10-09,63,0.7292,2.9488
2020-07-07,2020-10-12,63,1.5846,6.4906
2020-07-08,2020-10-13,63,1.0389,4.2208
2020-07-09,2020-10-14,63,0.0841,0.3366
2020-07-10,2020-10-15,63,0.6616,2.6728
2020-07-13,2020-10-16,63,0.0746,0.2986
2020-07-14,2020-10-19,63,0.1638,0.6569
2020-07-15,2020-10-20,63,0.5692,2.2963
2020-07-16,2020-10-21,63,2.0024,8.2535
2020-07-17,2020-10-22,63,1.9157,7.8859
2020-07-20,2020-10-23,63,0.6295,2.5417
2020-07-21,2020-10-26,63,0.1304,0.5225
2020-07-22,2020-10-27,63,-0.3053,-1.2155
2020-07-23,2020-10-28,63,-0.2246,-0.8953
2020-07-24,2020-10-29,63,0.5706,2.302
2020-07-27,2020-10-30,63,-0.6812,-2.6971
2020-07-28,2020-11-02,63,-0.5529,-2.1935
2020-07-29,2020-11-03,63,-0.8278,-3.2704
2020-07-30,2020-11-04,63,-0.2781,-1.1077
2020-07-31,2020-11-05,63,-0.3286,-1.3078
2020-08-03,2020-11-06,63,-0.4257,-1.692
2020-08-04,2020-11-09,63,-0.0308,-0.1231
2020-08-05,2020-11-10,63,-1.4367,-5.6243
2020-08-06,2020-11-11,63,-1.8406,-7.1616
2020-08-07,2020-11-12,63,-1.6646,-6.494
2020-08-10,2020-11-13,63,-1.7605,-6.8581
2020-08-11,2020-11-16,63,-0.8048,-3.1805
2020-08-12,2020-11-17,63,0.3856,1.5513
2020-08-13,2020-11-18,63,0.3081,1.2381
2020-08-14,2020-11-19,63,-0.1829,-0.7296
2020-08-17,2020-11-20,63,-0.9218,-3.6364
2020-08-18,2020-11-23,63,-1.0579,-4.1649
2020-08-19,2020-11-24,63,-1.1249,-4.4242
2020-08-20,2020-11-25,63,-0.7827,-3.0944
2020-08-21,2020-11-26,63,-0.9628,-3.7958
2020-08-24,2020-11-27,63,-0.5738,-2.2754
2020-08-25,2020-11-30,63,-1.3561,-5.3151
2020-08-26,2020-12-01,63,-0.2626,-1.0462
2020-08-27,2020-12-02,63,-0.3436,-1.3672
2020-08-28,2020-12-03,63,-0.7708,-3.0476
2020-08-31,2020-12-04,63,-0.6509,-2.5784
2020-09-01,2020-12-07,63,-1.3094,-5.1356
2020-09-02,2020-12-08,63,-0.8068,-3.1885
2020-09-03,2020-12-09,63,-0.7382,-2.9203
2020-09-04,2020-12-10,63,-0.7914,-3.1281
2020-09-07,2020-12-11,63,-0.5235,-2.0776
2020-09-08,2020-12-14,63,-0.4309,-1.7126
2020-09-09,2020-12-15,63,0.4282,1.724
2020-09-10,2020-12-16,63,0.4914,1.9801
2020-09-11,2020-12-17,63,0.7579,3.0663
2020-09-14,2020-12-18,63,0.7037,2.8446
2020-09-15,2020-12-21,63,0.9475,3.8444
2020-09-16,2020-12-22,63,0.4182,1.6832
2020-09-17,2020-12-23,63,0.8795,3.5647
2020-09-18,2020-12-24,63,0.2692,1.081
2020-09-21,2020-12-25,63,0.8605,3.4867
2020-09-22,2020-12-28,63,1.9014,7.8252
2020-09-23,2020-12-29,63,1.9735,8.1307
2020-09-24,2020-12-30,63,3.1488,13.2027
2020-09-25,2020-12-31,63,3.3627,14.1447
2020-09-28,2021-01-04,63,4.0492,17.2074
2020-09-29,2021-01-05,63,4.3218,18.4404
2020-09-30,2021-01-06,63,4.64,19.8923
2020-10-09,2021-01-07,63,4.3711,18.6644
2020-10-12,2021-01-08,63,2.9469,12.3191
2020-10-13,2021-01-11,63,1.9828,8.1702
2020-10-14,2021-01-12,63,3.3897,14.2641
2020-10-15,2021-01-13,63,3.3771,14.2082
2020-10-16,2021-01-14,63,2.6401,10.9859
2020-10-19,2021-01-15,63,2.9575,12.365
2020-10-20,2021-01-18,63,3.0568,12.7992
2020-10-21,2021-01-19,63,2.6298,10.9413
2020-10-22,2021-01-20,63,2.9776,12.4528
2020-10-23,2021-01-21,63,4.1257,17.5524
2020-10-26,2021-01-22,63,4.3317,18.4853
2020-10-27,2021-01-25,63,4.2378,18.0594
2020-10-28,2021-01-26,63,3.4684,14.6123
2020-10-29,2021-01-27,63,3.5281,14.8771
2020-10-30,2021-01-28,63,3.2638,13.7085
2020-11-02,2021-01-29,63,2.8858,12.0527
2020-11-03,2021-02-01,63,3.0445,12.7454
2020-11-04,2021-02-02,63,2.9698,12.4188
2020-11-05,2021-02-03,63,2.202,9.1032
2020-11-06,2021-02-04,63,1.729,7.0976
2020-11-09,2021-02-05,63,1.0194,4.1402
2020-11-10,2021-02-08,63,2.4156,10.0183
2020-11-11,2021-02-09,63,3.6616,15.4706
2020-11-12,2021-02-10,63,4.3037,18.3585
2020-11-13,2021-02-18,63,3.5756,15.0879
2020-11-16,2021-02-19,63,3.2483,13.6399
2020-11-17,2021-02-22,63,2.67,11.1153
2020-11-18,2021-02-23,63,3.0053,12.5741
2020-11-19,2021-02-24,63,2.1078,8.7016
2020-11-20,2021-02-25,63,1.9398,7.9879
2020-11-23,2021-02-26,63,0.4876,1.9646
2020-11-24,2021-03-01,63,1.5444,6.3222
2020-11-25,2021-03-02,63,1.3944,5.6955
2020-11-26,2021-03-03,63,1.9208,7.9073
2020-11-27,2021-03-04,63,0.4547,1.8311
2020-11-30,2021-03-05,63,0.846,3.4272
2020-12-01,2021-03-08,63,-0.5474,-2.1715
2020-12-02,2021-03-09,63,-1.5174,-5.9329
2020-12-03,2021-03-10,63,-1.3059,-5.1224
2020-12-04,2021-03-11,63,-0.5872,-2.3283
2020-12-07,2021-03-12,63,-0.5436,-2.1566
2020-12-08,2021-03-15,63,-1.1849,-4.6561
2020-12-09,2021-03-16,63,-0.4449,-1.7677
2020-12-10,2021-03-17,63,0.012,0.048
2020-12-11,2021-03-18,63,0.7183,2.9044
2020-12-14,2021-03-19,63,-0.3105,-1.2361
2020-12-15,2021-03-22,63,-0.4139,-1.6454
2020-12-16,2021-03-23,63,-0.7973,-3.1514
2020-12-17,2021-03-24,63,-1.6821,-6.5604
2020-12-18,2021-03-25,63,-1.729,-6.7386
2020-12-21,2021-03-26,63,-1.7461,-6.8036
2020-12-22,2021-03-29,63,-0.9484,-3.7399
2020-12-23,2021-03-30,63,-1.1613,-4.5648
2020-12-24,2021-03-31,63,-1.713,-6.6779
2020-12-25,2021-04-01,63,-1.2455,-4.8899
2020-12-28,2021-04-02,63,-0.8367,-3.3049
2020-12-29,2021-04-06,63,-0.8895,-3.5108
2020-12-30,2021-04-07,63,-1.2973,-5.0892
2020-12-31,2021-04-08,63,-1.6617,-6.4829
2021-01-04,2021-04-09,63,-2.5442,-9.7949
2021-01-05,2021-04-12,63,-3.7052,-14.0172
2021-01-06,2021-04-13,63,-4.1933,-15.7473
2021-01-07,2021-04-14,63,-3.9527,-14.8978
2021-01-08,2021-04-15,63,-3.8464,-14.5206
2021-01-11,2021-04-16,63,-2.6571,-10.2124
2021-01-12,2021-04-19,63,-2.731,-10.4846
2021-01-13,2021-04-20,63,-2.8993,-11.1025
2021-01-14,2021-04-21,63,-1.9899,-7.7253
2021-01-15,2021-04-22,63,-2.1171,-8.2032
2021-01-18,2021-04-23,63,-2.1729,-8.4123
2021-01-19,2021-04-26,63,-2.2831,-8.8243
2021-01-20,2021-04-27,63,-2.4345,-9.3882
2021-01-21,2021-04-28,63,-3.0461,-11.6388
2021-01-22,2021-04-29,63,-2.6723,-10.2684
2021-01-25,2021-04-30,63,-3.0914,-11.804
2021-01-26,2021-05-06,63,-2.6236,-10.0888
2021-01-27,2021-05-07,63,-2.5781,-9.9204
2021-01-28,2021-05-10,63,-1.769,-6.8904
2021-01-29,2021-05-11,63,-1.6606,-6.4789
2021-02-01,2021-05-12,63,-2.0576,-7.98
2021-02-02,2021-05-13,63,-2.5618,-9.86
2021-02-03,2021-05-14,63,-1.5328,-5.9916
2021-02-04,2021-05-17,63,-0.6766,-2.6791
2021-02-05,2021-05-18,63,-0.2346,-0.9351
2021-02-08,2021-05-19,63,-0.8387,-3.3129
2021-02-09,2021-05-20,63,-1.5729,-6.1446
2021-02-10,2021-05-21,63,-2.2787,-8.8079
2021-02-18,2021-05-24,63,-1.1744,-4.6156
2021-02-19,2021-05-25,63,-0.5129,-2.0357
2021-02-22,2021-05-26,63,0.1885,0.7563
2021-02-23,2021-05-27,63,-0.0918,-0.3667
2021-02-24,2021-05-28,63,0.5538,2.2336
2021-02-25,2021-05-31,63,0.9091,3.6861
2021-02-26,2021-06-01,63,2.1904,9.0537
2021-03-01,2021-06-02,63,1.2168,4.9566
2021-03-02,2021-06-03,63,1.6529,6.7773
2021-03-03,2021-06-04,63,0.8493,3.4407
2021-03-04,2021-06-07,63,2.032,8.3792
2021-03-05,2021-06-08,63,2.3621,9.7885
2021-03-08,2021-06-09,63,2.98,12.4636
2021-03-09,2021-06-10,63,3.7339,15.793
2021-03-10,2021-06-11,63,3.2796,13.7778
2021-03-11,2021-06-15,63,1.647,6.7525
2021-03-12,2021-06-16,63,1.482,6.0609
2021-03-15,2021-06-17,63,1.4537,5.9426
2021-03-16,2021-06-18,63,0.9114,3.6956
2021-03-17,2021-06-21,63,0.654,2.6419
2021-03-18,2021-06-22,63,0.5025,2.0253
2021-03-19,2021-06-23,63,1.4465,5.9127
2021-03-22,2021-06-24,63,1.2286,5.0057
2021-03-23,2021-06-25,63,1.7785,7.3061
2021-03-24,2021-06-28,63,2.3564,9.7638
2021-03-25,2021-06-29,63,1.898,7.8107
2021-03-26,2021-06-30,63,1.3228,5.3969
2021-03-29,2021-07-01,63,1.5833,6.4851
2021-03-30,2021-07-02,63,1.0171,4.1309
2021-03-31,2021-07-05,63,1.6531,6.7782
2021-04-01,2021-07-06,63,1.033,4.1964
2021-04-02,2021-07-07,63,0.7061,2.8544
2021-04-06,2021-07-08,63,0.6945,2.8073
2021-04-07,2021-07-09,63,0.7334,2.9659
2021-04-08,2021-07-12,63,0.8812,3.5717
2021-04-09,2021-07-13,63,1.3033,5.316
2021-04-12,2021-07-14,63,1.6962,6.9593
2021-04-13,2021-07-15,63,2.5255,10.4912
2021-04-14,2021-07-16,63,1.6942,6.951
2021-04-15,2021-07-19,63,1.7061,7.001
2021-04-16,2021-07-20,63,1.5568,6.3739
2021-04-19,2021-07-21,63,0.8454,3.4248
2021-04-20,2021-07-22,63,0.932,3.7805
2021-04-21,2021-07-23,63,0.4025,1.6197
2021-04-22,2021-07-26,63,-0.3165,-1.26
2021-04-23,2021-07-27,63,-1.5139,-5.9194
2021-04-26,2021-07-28,63,-0.7933,-3.1355
2021-04-27,2021-07-29,63,-0.3523,-1.4017
2021-04-28,2021-07-30,63,-0.4438,-1.7634
2021-04-29,2021-08-02,63,-0.4559,-1.8111
2021-04-30,2021-08-03,63,-0.1328,-0.5302
2021-05-06,2021-08-04,63,0.0652,0.2611
2021-05-07,2021-08-05,63,-0.0787,-0.3144
2021-05-10,2021-08-06,63,-0.4251,-1.6895
2021-05-11,2021-08-09,63,-0.9176,-3.6201
2021-05-12,2021-08-10,63,-0.9041,-3.5676
2021-05-13,2021-08-11,63,-0.7014,-2.7764
2021-05-14,2021-08-12,63,-1.3893,-5.4424
2021-05-17,2021-08-13,63,-2.0821,-8.0719
2021-05-18,2021-08-16,63,-2.0747,-8.0441
2021-05-19,2021-08-17,63,-2.2838,-8.827
2021-05-20,2021-08-18,63,-2.0554,-7.9716
2021-05-21,2021-08-19,63,-2.0433,-7.926
2021-05-24,2021-08-20,63,-2.5913,-9.9693
2021-05-25,2021-08-23,63,-2.9131,-11.1532
2021-05-26,2021-08-24,63,-2.7163,-10.4304
2021-05-27,2021-08-25,63,-2.7335,-10.4938
2021-05-28,2021-08-26,63,-3.2399,-12.3433
2021-05-31,2021-08-27,63,-3.1045,-11.8517
2021-06-01,2021-08-30,63,-3.2845,-12.5048
2021-06-02,2021-08-31,63,-2.6897,-10.3325
2021-06-03,2021-09-01,63,-2.0626,-7.9985
2021-06-04,2021-09-02,63,-1.8823,-7.3192
2021-06-07,2021-09-03,63,-2.1849,-8.4574
2021-06-08,2021-09-06,63,-1.5595,-6.0938
2021-06-09,2021-09-07,63,-1.3835,-5.4203
2021-06-10,2021-09-08,63,-1.85,-7.1973
2021-06-11,2021-09-09,63,-1.9772,-7.6773
2021-06-15,2021-09-10,63,-0.8948,-3.5314
2021-06-16,2021-09-13,63,-0.7083,-2.8033
2021-06-17,2021-09-14,63,-0.7142,-2.8262
2021-06-18,2021-09-15,63,-0.6233,-2.4702
2021-06-21,2021-09-16,63,-1.0869,-4.2774
2021-06-22,2021-09-17,63,-1.3594,-5.3277
2021-06-23,2021-09-22,63,-1.3683,-5.3618
2021-06-24,2021-09-23,63,-1.3347,-5.233
2021-06-25,2021-09-24,63,-1.8608,-7.2379
2021-06-28,2021-09-27,63,-1.7576,-6.8471
2021-06-29,2021-09-28,63,-1.6074,-6.2763
2021-06-30,2021-09-29,63,-1.7589,-6.852
2021-07-01,2021-09-30,63,-2.0283,-7.8698
2021-07-02,2021-10-08,63,-0.7725,-3.0542
2021-07-05,2021-10-11,63,-0.9381,-3.6999
2021-07-06,2021-10-12,63,-1.2785,-5.0169
2021-07-07,2021-10-13,63,-1.2706,-4.9864
2021-07-08,2021-10-14,63,-0.7689,-3.0405
2021-07-09,2021-10-15,63,-0.7078,-2.8015
2021-07-12,2021-10-18,63,-1.5675,-6.1241
2021-07-13,2021-10-19,63,-1.4157,-5.5436
2021-07-14,2021-10-20,63,-1.3168,-5.1642
2021-07-15,2021-10-21,63,-1.6167,-6.3116
2021-07-16,2021-10-22,63,-1.0307,-4.0596
2021-07-19,2021-10-25,63,-0.851,-3.3606
2021-07-20,2021-10-26,63,-0.9941,-3.9175
2021-07-21,2021-10-27,63,-1.5643,-6.1121
2021-07-22,2021-10-28,63,-1.3307,-5.2174
2021-07-23,2021-10-29,63,-1.0716,-4.2181
2021-07-26,2021-11-01,63,-0.5389,-2.1382
2021-07-27,2021-11-02,63,0.4747,1.9123
2021-07-28,2021-11-03,63,-0.1486,-0.593
2021-07-29,2021-11-04,63,-0.5476,-2.1725
2021-07-30,2021-11-05,63,-0.2278,-0.908
2021-08-02,2021-11-08,63,-0.2484,-0.9898
2021-08-03,2021-11-09,63,-0.1547,-0.6174
2021-08-04,2021-11-10,63,-0.5573,-2.2108
2021-08-05,2021-11-11,63,0.4126,1.6608
2021-08-06,2021-11-12,63,0.657,2.6541
2021-08-09,2021-11-15,63,0.9312,3.7772
2021-08-10,2021-11-16,63,0.902,3.6571
2021-08-11,2021-11-17,63,0.9563,3.8806
2021-08-12,2021-11-18,63,0.7465,3.0197
2021-08-13,2021-11-19,63,1.0294,4.1814
2021-08-16,2021-11-22,63,0.7004,2.8314
2021-08-17,2021-11-23,63,0.49,1.9744
2021-08-18,2021-11-24,63,0.0524,0.2099
2021-08-19,2021-11-25,63,0.1893,0.7594
2021-08-20,2021-11-26,63,0.6034,2.4354
2021-08-23,2021-11-29,63,0.1631,0.6541
2021-08-24,2021-11-30,63,-0.4672,-1.8559
2021-08-25,2021-12-01,63,-0.4164,-1.655
2021-08-26,2021-12-02,63,0.1323,0.5301
2021-08-27,2021-12-03,63,-0.0882,-0.3524
2021-08-30,2021-12-06,63,0.0423,0.1695
2021-08-31,2021-12-07,63,0.1963,0.7874
2021-09-01,2021-12-08,63,0.248,0.9957
2021-09-02,2021-12-09,63,0.583,2.3526
2021-09-03,2021-12-10,63,0.5549,2.238
2021-09-06,2021-12-13,63,0.2327,0.9339
2021-09-07,2021-12-14,63,-0.12,-0.479
2021-09-08,2021-12-15,63,-0.2235,-0.8908
2021-09-09,2021-12-16,63,0.2961,1.1895
2021-09-10,2021-12-17,63,-0.1606,-0.6409
2021-09-13,2021-12-20,63,-0.3079,-1.226
2021-09-14,2021-12-21,63,0.0206,0.0825
2021-09-15,2021-12-22,63,0.1607,0.6445
2021-09-16,2021-12-23,63,1.1155,4.5372
2021-09-17,2021-12-24,63,1.0376,4.2155
2021-09-22,2021-12-27,63,0.8811,3.5711
2021-09-23,2021-12-28,63,1.1949,4.8661
2021-09-24,2021-12-29,63,0.8844,3.5847
2021-09-27,2021-12-30,63,0.7396,2.9912
2021-09-28,2021-12-31,63,1.0546,4.2856
2021-09-29,2022-01-04,63,1.2451,5.074
2021-09-30,2022-01-05,63,1.0336,4.1989
2021-10-08,2022-01-06,63,-0.0421,-0.1684
2021-10-11,2022-01-07,63,-0.1278,-0.5102
2021-10-12,2022-01-10,63,0.1329,0.5326
2021-10-13,2022-01-11,63,-0.146,-0.5827
2021-10-14,2022-01-12,63,0.0129,0.0516
2021-10-15,2022-01-13,63,-0.3719,-1.4792
2021-10-18,2022-01-14,63,0.0304,0.1215
2021-10-19,2022-01-17,63,-0.221,-0.8812
2021-10-20,2022-01-18,63,0.0992,0.3976
2021-10-21,2022-01-19,63,-0.1973,-0.787
2021-10-22,2022-01-20,63,0.12,0.481
2021-10-25,2022-01-21,63,-0.1459,-0.5824
2021-10-26,2022-01-24,63,-0.2008,-0.8009
2021-10-27,2022-01-25,63,-0.198,-0.7897
2021-10-28,2022-01-26,63,-0.0629,-0.2513
2021-10-29,2022-01-27,63,-1.0836,-4.2644
2021-11-01,2022-01-28,63,-1.2681,-4.9768
2021-11-02,2022-02-07,63,-0.6901,-2.7318
2021-11-03,2022-02-08,63,-0.3284,-1.3071
2021-11-04,2022-02-09,63,-0.1171,-0.4677
2021-11-05,2022-02-10,63,-0.3512,-1.3975
2021-11-08,2022-02-11,63,-1.003,-3.9519
2021-11-09,2022-02-14,63,-0.9276,-3.6591
2021-11-10,2022-02-15,63,-0.2951,-1.1754
2021-11-11,2022-02-16,63,-1.3484,-5.2855
2021-11-12,2022-02-17,63,-1.0161,-4.0027
2021-11-15,2022-02-18,63,-0.5796,-2.2984
2021-11-16,2022-02-21,63,-0.8324,-3.2882
2021-11-17,2022-02-22,63,-0.7276,-2.879
2021-11-18,2022-02-23,63,-0.532,-2.1112
2021-11-19,2022-02-24,63,-0.662,-2.6219
2021-11-22,2022-02-25,63,-0.6019,-2.3858
2021-11-23,2022-02-28,63,-0.215,-0.8571
2021-11-24,2022-03-01,63,0.1138,0.4559
2021-11-25,2022-03-02,63,0.3619,1.4557
2021-11-26,2022-03-03,63,0.1017,0.4075
2021-11-29,2022-03-04,63,0.0471,0.1885
2021-11-30,2022-03-07,63,0.0663,0.2655
2021-12-01,2022-03-08,63,0.2745,1.1025
2021-12-02,2022-03-09,63,0.488,1.9665
2021-12-03,2022-03-10,63,-0.1872,-0.7465
2021-12-06,2022-03-11,63,-0.2334,-0.9303
2021-12-07,2022-03-14,63,-1.1297,-4.4428
2021-12-08,2022-03-15,63,-2.974,-11.3759
2021-12-09,2022-03-16,63,-2.5701,-9.8909
2021-12-10,2022-03-17,63,-1.69,-6.5907
2021-12-13,2022-03-18,63,-1.8234,-7.0966
2021-12-14,2022-03-21,63,-1.8222,-7.0921
2021-12-15,2022-03-22,63,-1.1846,-4.6548
2021-12-16,2022-03-23,63,-1.642,-6.4081
2021-12-17,2022-03-24,63,-1.4761,-5.7751
2021-12-20,2022-03-25,63,-1.3309,-5.2182
2021-12-21,2022-03-28,63,-1.6883,-6.5842
2021-12-22,2022-03-29,63,-1.8506,-7.1994
2021-12-23,2022-03-30,63,-1.723,-6.7157
2021-12-24,2022-03-31,63,-1.8454,-7.1798
2021-12-27,2022-04-01,63,-1.4274,-5.5884
2021-12-28,2022-04-06,63,-1.8399,-7.1591
2021-12-29,2022-04-07,63,-1.6385,-6.3947
2021-12-30,2022-04-08,63,-1.4936,-5.8418
2021-12-31,2022-04-11,63,-1.997,-7.7518
2022-01-04,2022-04-12,63,-1.4169,-5.5483
2022-01-05,2022-04-13,63,-1.3767,-5.3941
2022-01-06,2022-04-14,63,-0.6663,-2.6386
2022-01-07,2022-04-15,63,-0.4125,-1.6398
2022-01-10,2022-04-18,63,-0.5073,-2.0136
2022-01-11,2022-04-19,63,-0.9117,-3.5972
2022-01-12,2022-04-20,63,-1.9362,-7.5228
2022-01-13,2022-04-21,63,-1.7163,-6.6905
2022-01-14,2022-04-22,63,-1.3097,-5.1369
2022-01-17,2022-04-25,63,-2.5399,-9.7792
2022-01-18,2022-04-26,63,-3.0457,-11.6374
2022-01-19,2022-04-27,63,-2.4483,-9.4394
2022-01-20,2022-04-28,63,-2.8824,-11.0405
2022-01-21,2022-04-29,63,-1.8537,-7.2112
2022-01-24,2022-05-05,63,-1.9314,-7.5047
2022-01-25,2022-05-06,63,-2.1004,-8.1406
2022-01-26,2022-05-09,63,-2.3473,-9.0636
2022-01-27,2022-05-10,63,-1.4077,-5.5129
2022-01-28,2022-05-11,63,-0.8883,-3.5061
2022-02-07,2022-05-12,63,-1.1734,-4.6118
2022-02-08,2022-05-13,63,-1.3924,-5.4542
2022-02-09,2022-05-16,63,-2.1456,-8.3101
2022-02-10,2022-05-17,63,-1.7391,-6.7771
2022-02-11,2022-05-18,63,-1.7934,-6.9828
2022-02-14,2022-05-19,63,-1.8504,-7.1985
2022-02-15,2022-05-20,63,-1.774,-6.9094
2022-02-16,2022-05-23,63,-1.5999,-6.2475
2022-02-17,2022-05-24,63,-2.3572,-9.1005
2022-02-18,2022-05-25,63,-2.4884,-9.5882
2022-02-21,2022-05-26,63,-2.2158,-8.5729
2022-02-22,2022-05-27,63,-2.0867,-8.0893
2022-02-23,2022-05-30,63,-2.1029,-8.1498
2022-02-24,2022-05-31,63,-1.9136,-7.4375
2022-02-25,2022-06-01,63,-2.0509,-7.9545
2022-02-28,2022-06-02,63,-1.7315,-6.7481
2022-03-01,2022-06-06,63,-1.572,-6.1413
2022-03-02,2022-06-07,63,-1.7726,-6.9042
2022-03-03,2022-06-08,63,-1.2026,-4.7241
2022-03-04,2022-06-09,63,-1.2051,-4.7339
2022-03-07,2022-06-10,63,-0.6971,-2.7592
2022-03-08,2022-06-13,63,-0.6162,-2.4419
2022-03-09,2022-06-14,63,-0.9245,-3.6471
2022-03-10,2022-06-15,63,-0.362,-1.4401
2022-03-11,2022-06-16,63,-0.5714,-2.2659
2022-03-14,2022-06-17,63,0.8742,3.5428
2022-03-15,2022-06-20,63,2.6497,11.0274
2022-03-16,2022-06-21,63,1.6667,6.8354
2022-03-17,2022-06-22,63,0.5558,2.2418
2022-03-18,2022-06-23,63,0.821,3.3246
2022-03-21,2022-06-24,63,1.0411,4.2298
2022-03-22,2022-06-27,63,1.3708,5.5971
2022-03-23,2022-06-28,63,1.5101,6.1784
2022-03-24,2022-06-29,63,0.9576,3.8859
2022-03-25,2022-06-30,63,1.6125,6.6076
2022-03-28,2022-07-01,63,1.682,6.8995
2022-03-29,2022-07-04,63,2.2099,9.1369
2022-03-30,2022-07-05,63,1.4298,5.8432
2022-03-31,2022-07-06,63,0.7779,3.1483
2022-04-01,2022-07-07,63,0.1043,0.418
2022-04-06,2022-07-08,63,0.1741,0.6983
2022-04-07,2022-07-11,63,0.0422,0.1689
2022-04-08,2022-07-12,63,-0.3231,-1.286
2022-04-11,2022-07-13,63,0.1619,0.6493
2022-04-12,2022-07-14,63,-0.4345,-1.7267
2022-04-13,2022-07-15,63,-0.9071,-3.5795
2022-04-14,2022-07-18,63,-0.8981,-3.5445
2022-04-15,2022-07-19,63,-1.1756,-4.62
2022-04-18,2022-07-20,63,-1.0958,-4.3117
2022-04-19,2022-07-21,63,-1.2213,-4.7964
2022-04-20,2022-07-22,63,-0.1629,-0.6502
2022-04-21,2022-07-25,63,-0.0507,-0.2028
2022-04-22,2022-07-26,63,-0.0399,-0.1593
2022-04-25,2022-07-27,63,1.2839,5.2352
2022-04-26,2022-07-28,63,1.9486,8.025
2022-04-27,2022-07-29,63,1.1526,4.6909
2022-04-28,2022-08-01,63,1.0826,4.4014
2022-04-29,2022-08-02,63,-0.1477,-0.5896
2022-05-05,2022-08-03,63,-0.3968,-1.578
2022-05-06,2022-08-04,63,0.5736,2.3143
2022-05-09,2022-08-05,63,1.236,5.0363
2022-05-10,2022-08-08,63,0.9238,3.7468
2022-05-11,2022-08-09,63,0.8518,3.4508
2022-05-12,2022-08-10,63,0.4594,1.8502
2022-05-13,2022-08-11,63,0.9663,3.9215
2022-05-16,2022-08-12,63,1.5042,6.1538
2022-05-17,2022-08-15,63,1.0599,4.3073
2022-05-18,2022-08-16,63,1.3635,5.5666
2022-05-19,2022-08-17,63,1.3519,5.5181
2022-05-20,2022-08-18,63,0.349,1.4033
2022-05-23,2022-08-19,63,0.308,1.2375
2022-05-24,2022-08-22,63,0.9745,3.9555
2022-05-25,2022-08-23,63,0.708,2.8622
2022-05-26,2022-08-24,63,0.1974,0.792
2022-05-27,2022-08-25,63,0.3279,1.3181
2022-05-30,2022-08-26,63,0.2607,1.0467
2022-05-31,2022-08-29,63,-0.3941,-1.5672
2022-06-01,2022-08-30,63,-0.177,-0.7061
2022-06-02,2022-08-31,63,-0.5078,-2.0156
2022-06-06,2022-09-01,63,-1.3189,-5.1722
2022-06-07,2022-09-02,63,-1.4363,-5.6224
2022-06-08,2022-09-05,63,-1.5983,-6.2417
2022-06-09,2022-09-06,63,-1.0421,-4.1037
2022-06-10,2022-09-07,63,-1.4748,-5.77
2022-06-13,2022-09-08,63,-1.5045,-5.8834
2022-06-14,2022-09-09,63,-0.9123,-3.5997
2022-06-15,2022-09-13,63,-0.9672,-3.813
2022-06-16,2022-09-14,63,-1.3137,-5.1521
2022-06-17,2022-09-15,63,-2.1589,-8.3599
2022-06-20,2022-09-16,63,-2.8266,-10.8359
2022-06-21,2022-09-19,63,-2.7136,-10.4205
2022-06-22,2022-09-20,63,-2.3176,-8.9531
2022-06-23,2022-09-21,63,-2.8322,-10.8564
2022-06-24,2022-09-22,63,-3.1581,-12.0465
2022-06-27,2022-09-23,63,-3.543,-13.4366
2022-06-28,2022-09-26,63,-3.9284,-14.8115
2022-06-29,2022-09-27,63,-3.2157,-12.2556
2022-06-30,2022-09-28,63,-3.7777,-14.2759
2022-07-01,2022-09-29,63,-3.2199,-12.2707
2022-07-04,2022-09-30,63,-3.536,-13.4113
2022-07-05,2022-10-10,63,-3.7923,-14.328
2022-07-06,2022-10-11,63,-2.9774,-11.3881
2022-07-07,2022-10-12,63,-2.3619,-9.1179
2022-07-08,2022-10-13,63,-2.4448,-9.4264
2022-07-11,2022-10-14,63,-1.6042,-6.2641
2022-07-12,2022-10-17,63,-1.5957,-6.2317
2022-07-13,2022-10-18,63,-1.4714,-5.7571
2022-07-14,2022-10-19,63,-1.9061,-7.4092
2022-07-15,2022-10-20,63,-1.6054,-6.2688
2022-07-18,2022-10-21,63,-2.0559,-7.9733
2022-07-19,2022-10-24,63,-2.148,-8.319
2022-07-20,2022-10-25,63,-2.1582,-8.3574
2022-07-21,2022-10-26,63,-1.5315,-5.9869
2022-07-22,2022-10-27,63,-2.1558,-8.3482
2022-07-25,2022-10-28,63,-2.6364,-10.136
2022-07-26,2022-10-31,63,-3.087,-11.7879
2022-07-27,2022-11-01,63,-2.199,-8.5101
2022-07-28,2022-11-02,63,-2.1805,-8.441
2022-07-29,2022-11-03,63,-2.5076,-9.6595
2022-08-01,2022-11-04,63,-1.8782,-7.3039
2022-08-02,2022-11-07,63,-1.3948,-5.4637
2022-08-03,2022-11-08,63,-1.1537,-4.5356
2022-08-04,2022-11-09,63,-1.0571,-4.1616
2022-08-05,2022-11-10,63,-1.7253,-6.7245
2022-08-08,2022-11-11,63,-0.695,-2.7511
2022-08-09,2022-11-14,63,-1.0345,-4.0742
2022-08-10,2022-11-15,63,-0.2887,-1.1497
2022-08-11,2022-11-16,63,-0.7007,-2.7735
2022-08-12,2022-11-17,63,-0.8553,-3.3774
2022-08-15,2022-11-18,63,-0.9973,-3.9298
2022-08-16,2022-11-21,63,-1.2587,-4.9405
2022-08-17,2022-11-22,63,-1.3796,-5.4052
2022-08-18,2022-11-23,63,-1.0285,-4.0509
2022-08-19,2022-11-24,63,-0.8457,-3.3401
2022-08-22,2022-11-25,63,-0.7305,-2.89
2022-08-23,2022-11-28,63,-0.9209,-3.6329
2022-08-24,2022-11-29,63,-0.0271,-0.1085
2022-08-25,2022-11-30,63,-0.3064,-1.2198
2022-08-26,2022-12-01,63,0.0292,0.117
2022-08-29,2022-12-02,63,0.3809,1.5323
2022-08-30,2022-12-05,63,0.5772,2.3289
2022-08-31,2022-12-06,63,0.5955,2.4034
2022-09-01,2022-12-07,63,0.9198,3.7305
2022-09-02,2022-12-08,63,1.1807,4.8072
2022-09-05,2022-12-09,63,1.2793,5.2161
2022-09-06,2022-12-12,63,0.6241,2.5199
2022-09-07,2022-12-13,63,0.7513,3.0392
2022-09-08,2022-12-14,63,0.9974,4.0496
2022-09-09,2022-12-15,63,0.4321,1.7397
2022-09-13,2022-12-16,63,0.2089,0.8383
2022-09-14,2022-12-19,63,0.4236,1.7051
2022-09-15,2022-12-20,63,0.3933,1.5824
2022-09-16,2022-12-21,63,1.3521,5.5192
2022-09-19,2022-12-22,63,1.3632,5.5652
2022-09-20,2022-12-23,63,1.0066,4.0874
2022-09-21,2022-12-26,63,1.2365,5.0386
2022-09-22,2022-12-27,63,1.8526,7.619
2022-09-23,2022-12-28,63,1.7641,7.2453
2022-09-26,2022-12-29,63,2.0036,8.2586
2022-09-27,2022-12-30,63,1.8592,7.647
2022-09-28,2023-01-03,63,2.339,9.6894
2022-09-29,2023-01-04,63,2.1552,8.9037
2022-09-30,2023-01-05,63,2.6748,11.1361
2022-10-10,2023-01-06,63,2.9881,12.4987
2022-10-11,2023-01-09,63,3.4648,14.5962
2022-10-12,2023-01-10,63,3.0598,12.8125
2022-10-13,2023-01-11,63,3.3002,13.8686
2022-10-14,2023-01-12,63,2.7663,11.5329
2022-10-17,2023-01-13,63,3.2951,13.8464
2022-10-18,2023-01-16,63,3.8587,16.3512
2022-10-19,2023-01-17,63,4.4236,18.9035
2022-10-20,2023-01-18,63,4.6363,19.875
2022-10-21,2023-01-19,63,5.0139,21.615
2022-10-24,2023-01-20,63,5.8583,25.5738
2022-10-25,2023-01-30,63,5.9079,25.8097
2022-10-26,2023-01-31,63,5.2065,22.5095
2022-10-27,2023-02-01,63,5.8521,25.5447
2022-10-28,2023-02-02,63,6.6504,29.3751
2022-10-31,2023-02-03,63,6.377,28.0535
2022-11-01,2023-02-06,63,4.7051,20.1911
2022-11-02,2023-02-07,63,4.315,18.4097
2022-11-03,2023-02-08,63,4.5031,19.266
2022-11-04,2023-02-09,63,4.0648,17.2775
2022-11-07,2023-02-10,63,3.4589,14.57
2022-11-08,2023-02-13,63,3.9726,16.8628
2022-11-09,2023-02-14,63,3.6554,15.4428
2022-11-10,2023-02-15,63,3.6354,15.3541
2022-11-11,2023-02-16,63,2.4989,10.3766
2022-11-14,2023-02-17,63,2.2111,9.142
2022-11-15,2023-02-20,63,2.398,9.9425
2022-11-16,2023-02-21,63,2.5048,10.4019
2022-11-17,2023-02-22,63,2.4076,9.9838
2022-11-18,2023-02-23,63,2.4589,10.2043
2022-11-21,2023-02-24,63,2.6192,10.8957
2022-11-22,2023-02-27,63,2.4681,10.2441
2022-11-23,2023-02-28,63,2.6473,11.0171
2022-11-24,2023-03-01,63,3.1129,13.0451
2022-11-25,2023-03-02,63,2.8191,11.7621
2022-11-28,2023-03-03,63,3.2945,13.8435
2022-11-29,2023-03-06,63,2.628,10.9337
2022-11-30,2023-03-07,63,2.2592,9.3477
2022-12-01,2023-03-08,63,1.5397,6.3023
2022-12-02,2023-03-09,63,1.4355,5.8668
2022-12-05,2023-03-10,63,1.0251,4.164
2022-12-06,2023-03-13,63,1.6327,6.6924
2022-12-07,2023-03-14,63,1.944,8.0057
2022-12-08,2023-03-15,63,1.8774,7.7236
2022-12-09,2023-03-16,63,1.4993,6.1334
2022-12-12,2023-03-17,63,2.0349,8.3912
2022-12-13,2023-03-20,63,2.7043,11.2641
2022-12-14,2023-03-21,63,2.4214,10.0429
2022-12-15,2023-03-22,63,2.3851,9.8872
2022-12-16,2023-03-23,63,2.931,12.2497
2022-12-19,2023-03-24,63,3.2354,13.5831
2022-12-20,2023-03-27,63,3.4074,14.3421
2022-12-21,2023-03-28,63,2.9339,12.2623
2022-12-22,2023-03-29,63,3.0129,12.6073
2022-12-23,2023-03-30,63,3.539,14.9252
2022-12-26,2023-03-31,63,3.6271,15.3172
2022-12-27,2023-04-03,63,3.2005,13.4297
2022-12-28,2023-04-04,63,3.659,15.4593
2022-12-29,2023-04-06,63,4.1243,17.5461
2022-12-30,2023-04-07,63,4.0527,17.2233
2023-01-03,2023-04-10,63,3.5208,14.8444
2023-01-04,2023-04-11,63,3.5545,14.9943
2023-01-05,2023-04-12,63,3.3267,13.9858
2023-01-06,2023-04-13,63,3.2645,13.7115
2023-01-09,2023-04-14,63,3.0392,12.7222
2023-01-10,2023-04-17,63,3.0911,12.9495
2023-01-11,2023-04-18,63,3.0367,12.7113
2023-01-12,2023-04-19,63,2.7502,11.4631
2023-01-13,2023-04-20,63,2.3159,9.5905
2023-01-16,2023-04-21,63,1.1877,4.8361
2023-01-17,2023-04-24,63,0.7015,2.8357
2023-01-18,2023-04-25,63,0.887,3.5953
2023-01-19,2023-04-26,63,0.7192,2.908
2023-01-20,2023-04-27,63,0.5627,2.2701
2023-01-30,2023-04-28,63,0.5518,2.2257
2023-01-31,2023-05-04,63,1.6844,6.9099
2023-02-01,2023-05-05,63,1.4016,5.7256
2023-02-02,2023-05-08,63,1.2232,4.9834
2023-02-03,2023-05-09,63,1.6443,6.7412
2023-02-06,2023-05-10,63,2.246,9.2912
2023-02-07,2023-05-11,63,2.2379,9.2567
2023-02-08,2023-05-12,63,1.8152,7.4607
2023-02-09,2023-05-15,63,1.927,7.9338
2023-02-10,2023-05-16,63,2.0594,8.4955
2023-02-13,2023-05-17,63,1.4559,5.9519
2023-02-14,2023-05-18,63,1.3929,5.6889
2023-02-15,2023-05-19,63,1.4112,5.7656
2023-02-16,2023-05-22,63,1.8676,7.6823
2023-02-17,2023-05-23,63,1.8383,7.5587
2023-02-20,2023-05-24,63,0.9338,3.7879
2023-02-21,2023-05-25,63,0.7452,3.0141
2023-02-22,2023-05-26,63,0.7264,2.9374
2023-02-23,2023-05-29,63,0.7168,2.8983
2023-02-24,2023-05-30,63,0.8438,3.4183
2023-02-27,2023-05-31,63,1.1417,4.6457
2023-02-28,2023-06-01,63,1.0232,4.1559
2023-03-01,2023-06-02,63,1.0177,4.1334
2023-03-02,2023-06-05,63,0.6863,2.7737
2023-03-03,2023-06-06,63,0.4497,1.811
2023-03-06,2023-06-07,63,0.3199,1.2857
2023-03-07,2023-06-08,63,0.6708,2.7105
2023-03-08,2023-06-09,63,1.4001,5.7191
2023-03-09,2023-06-12,63,1.5461,6.3293
2023-03-10,2023-06-13,63,1.884,7.7516
2023-03-13,2023-06-14,63,1.2238,4.9858
2023-03-14,2023-06-15,63,1.1606,4.7237
2023-03-15,2023-06-16,63,1.5701,6.4301
2023-03-16,2023-06-19,63,1.4668,5.9976
2023-03-17,2023-06-20,63,1.212,4.937
2023-03-20,2023-06-21,63,0.108,0.4327
2023-03-21,2023-06-26,63,-0.3414,-1.3585
2023-03-22,2023-06-27,63,0.1225,0.4908
2023-03-23,2023-06-28,63,-0.4154,-1.6512
2023-03-24,2023-06-29,63,-0.5746,-2.2789
2023-03-27,2023-06-30,63,-0.149,-0.5947
2023-03-28,2023-07-03,63,0.4116,1.6564
2023-03-29,2023-07-04,63,0.3405,1.3692
2023-03-30,2023-07-05,63,-0.065,-0.2597
2023-03-31,2023-07-06,63,-0.3785,-1.5055
2023-04-03,2023-07-07,63,-0.433,-1.7206
2023-04-04,2023-07-10,63,-0.6177,-2.4478
2023-04-06,2023-07-11,63,-0.7921,-3.1308
2023-04-07,2023-07-12,63,-1.115,-4.3858
2023-04-10,2023-07-13,63,-0.1802,-0.7187
2023-04-11,2023-07-14,63,-0.3975,-1.5807
2023-04-12,2023-07-17,63,-0.7285,-2.8824
2023-04-13,2023-07-18,63,-0.5493,-2.1791
2023-04-14,2023-07-19,63,-0.5233,-2.077
2023-04-17,2023-07-20,63,-0.7588,-3.0008
2023-04-18,2023-07-21,63,-0.8832,-3.4861
2023-04-19,2023-07-24,63,-0.7707,-3.0473
2023-04-20,2023-07-25,63,-0.1999,-0.7973
2023-04-21,2023-07-26,63,0.4493,1.8091
2023-04-24,2023-07-27,63,0.8635,3.499
2023-04-25,2023-07-28,63,1.1392,4.6353
2023-04-26,2023-07-31,63,1.2033,4.9006
2023-04-27,2023-08-01,63,0.9493,3.8515
2023-04-28,2023-08-02,63,0.686,2.7725
2023-05-04,2023-08-03,63,0.1447,0.5801
2023-05-05,2023-08-04,63,0.1444,0.5787
2023-05-08,2023-08-07,63,0.0486,0.1945
2023-05-09,2023-08-08,63,0.1504,0.603
2023-05-10,2023-08-09,63,0.1555,0.6234
2023-05-11,2023-08-10,63,0.1539,0.617
2023-05-12,2023-08-11,63,0.1986,0.7968
2023-05-15,2023-08-14,63,-0.4525,-1.7976
2023-05-16,2023-08-15,63,-0.3149,-1.2538
2023-05-17,2023-08-16,63,-0.201,-0.8014
2023-05-18,2023-08-17,63,-0.0612,-0.2447
2023-05-19,2023-08-18,63,-0.2862,-1.1399
2023-05-22,2023-08-21,63,-0.7773,-3.0733
2023-05-23,2023-08-22,63,-0.1805,-0.7202
2023-05-24,2023-08-23,63,-0.2955,-1.1768
2023-05-25,2023-08-24,63,0.1603,0.6429
2023-05-26,2023-08-25,63,0.1225,0.4908
2023-05-29,2023-08-28,63,0.5102,2.0566
2023-05-30,2023-08-29,63,0.8758,3.5494
2023-05-31,2023-08-30,63,0.8363,3.3876
2023-06-01,2023-08-31,63,0.7155,2.8929
2023-06-02,2023-09-01,63,0.4197,1.6894
2023-06-05,2023-09-04,63,1.301,5.3065
2023-06-06,2023-09-05,63,1.2094,4.9263
2023-06-07,2023-09-06,63,1.1914,4.8514
2023-06-08,2023-09-07,63,0.7826,3.1675
2023-06-09,2023-09-08,63,0.4847,1.953
2023-06-12,2023-09-11,63,0.5892,2.3775
2023-06-13,2023-09-12,63,0.3596,1.4462
2023-06-14,2023-09-13,63,0.4187,1.6852
2023-06-15,2023-09-14,63,0.4807,1.9368
2023-06-16,2023-09-15,63,-0.2257,-0.8998
2023-06-19,2023-09-18,63,-0.0879,-0.3512
2023-06-20,2023-09-19,63,0.0139,0.0556
2023-06-21,2023-09-20,63,0.4861,1.9588
2023-06-26,2023-09-21,63,0.6229,2.5151
2023-06-27,2023-09-22,63,0.8253,3.3422
2023-06-28,2023-09-25,63,0.8553,3.4654
2023-06-29,2023-09-26,63,0.7605,3.0768
2023-06-30,2023-09-27,63,0.4097,1.649
2023-07-03,2023-09-28,63,-0.4375,-1.7384
2023-07-04,2023-10-09,63,-0.7904,-3.1245
2023-07-05,2023-10-10,63,-1.061,-4.177
2023-07-06,2023-10-11,63,-0.8961,-3.5365
2023-07-07,2023-10-12,63,-0.3349,-1.3327
2023-07-10,2023-10-13,63,-0.706,-2.7941
2023-07-11,2023-10-16,63,-0.7582,-2.9984
2023-07-12,2023-10-17,63,-0.3899,-1.5506
2023-07-13,2023-10-18,63,-0.8958,-3.5353
2023-07-14,2023-10-19,63,-1.0799,-4.2502
2023-07-17,2023-10-20,63,-0.8201,-3.2401
2023-07-18,2023-10-23,63,-1.1126,-4.3766
2023-07-19,2023-10-24,63,-1.3603,-5.3311
2023-07-20,2023-10-25,63,-1.1265,-4.4304
2023-07-21,2023-10-26,63,-0.7547,-2.985
2023-07-24,2023-10-27,63,-0.3083,-1.2274
2023-07-25,2023-10-30,63,-0.6355,-2.5178
2023-07-26,2023-10-31,63,-0.7227,-2.8595
2023-07-27,2023-11-01,63,-0.8618,-3.403
2023-07-28,2023-11-02,63,-1.2041,-4.7299
2023-07-31,2023-11-03,63,-1.149,-4.5175
2023-08-01,2023-11-06,63,-0.9672,-3.8128
2023-08-02,2023-11-07,63,-0.9717,-3.8304
2023-08-03,2023-11-08,63,-1.2224,-4.8006
2023-08-04,2023-11-09,63,-1.4242,-5.5761
2023-08-07,2023-11-10,63,-1.3531,-5.3035
2023-08-08,2023-11-13,63,-1.4144,-5.5388
2023-08-09,2023-11-14,63,-1.2284,-4.8238
2023-08-10,2023-11-15,63,-0.9365,-3.6939
2023-08-11,2023-11-16,63,-0.7994,-3.1594
2023-08-14,2023-11-17,63,-0.5818,-2.3068
2023-08-15,2023-11-20,63,-0.7769,-3.0717
2023-08-16,2023-11-21,63,-0.6996,-2.7692
2023-08-17,2023-11-22,63,-1.0516,-4.1407
2023-08-18,2023-11-23,63,-0.5873,-2.3285
2023-08-21,2023-11-24,63,-0.4881,-1.938
2023-08-22,2023-11-27,63,-0.5811,-2.3042
2023-08-23,2023-11-28,63,-0.1419,-0.5666
2023-08-24,2023-11-29,63,-0.4272,-1.6979
2023-08-25,2023-11-30,63,-0.1829,-0.7294
2023-08-28,2023-12-01,63,-0.5481,-2.1744
2023-08-29,2023-12-04,63,-0.696,-2.755
2023-08-30,2023-12-05,63,-1.5557,-6.0791
2023-08-31,2023-12-06,63,-1.525,-5.9618
2023-09-01,2023-12-07,63,-1.654,-6.4535
2023-09-04,2023-12-08,63,-2.0236,-7.8519
2023-09-05,2023-12-11,63,-1.9538,-7.5891
2023-09-06,2023-12-12,63,-1.9081,-7.4166
2023-09-07,2023-12-13,63,-2.0092,-7.7977
2023-09-08,2023-12-14,63,-1.779,-6.9285
2023-09-11,2023-12-15,63,-2.0352,-7.8956
2023-09-12,2023-12-18,63,-2.1173,-8.2041
2023-09-13,2023-12-19,63,-1.9397,-7.5358
2023-09-14,2023-12-20,63,-2.3455,-9.0569
2023-09-15,2023-12-21,63,-1.8454,-7.1796
2023-09-18,2023-12-22,63,-1.6516,-6.4444
2023-09-19,2023-12-25,63,-1.6079,-6.278
2023-09-20,2023-12-26,63,-1.7248,-6.7227
2023-09-21,2023-12-27,63,-1.3522,-5.2999
2023-09-22,2023-12-28,63,-1.1584,-4.5535
2023-09-25,2023-12-29,63,-1.0526,-4.1442
2023-09-26,2024-01-02,63,-1.086,-4.2736
2023-09-27,2024-01-03,63,-1.0691,-4.2084
2023-09-28,2024-01-04,63,-0.9143,-3.6074
2023-10-09,2024-01-05,63,-0.7082,-2.8029
2023-10-10,2024-01-08,63,-0.6416,-2.5418
2023-10-11,2024-01-09,63,-0.6845,-2.7101
2023-10-12,2024-01-10,63,-1.2637,-4.9598
2023-10-13,2024-01-11,63,-0.94,-3.7072
2023-10-16,2024-01-12,63,-1.1238,-4.4198
2023-10-17,2024-01-15,63,-1.2082,-4.7459
2023-10-18,2024-01-16,63,-1.1411,-4.4867
2023-10-19,2024-01-17,63,-1.5347,-5.9991
2023-10-20,2024-01-18,63,-1.3803,-5.4079
2023-10-23,2024-01-19,63,-1.0474,-4.1241
2023-10-24,2024-01-22,63,-1.5461,-6.0423
2023-10-25,2024-01-23,63,-1.4847,-5.8077
2023-10-26,2024-01-24,63,-1.3888,-5.4407
2023-10-27,2024-01-25,63,-1.3381,-5.2458
2023-10-30,2024-01-26,63,-1.5092,-5.9015
2023-10-31,2024-01-29,63,-1.6296,-6.3608
2023-11-01,2024-01-30,63,-1.9104,-7.4255
2023-11-02,2024-01-31,63,-2.0683,-8.02
2023-11-03,2024-02-01,63,-2.1554,-8.3468
2023-11-06,2024-02-02,63,-2.5257,-9.7265
2023-11-07,2024-02-05,63,-2.3614,-9.1162
2023-11-08,2024-02-06,63,-1.4148,-5.5404
2023-11-09,2024-02-07,63,-0.958,-3.7774
2023-11-10,2024-02-08,63,-0.6907,-2.7342
2023-11-13,2024-02-19,63,-0.4289,-1.7046
2023-11-14,2024-02-20,63,-0.493,-1.9576
2023-11-15,2024-02-21,63,-0.3999,-1.5899
2023-11-16,2024-02-22,63,0.0913,0.3656
2023-11-17,2024-02-23,63,-0.0002,-0.0006
2023-11-20,2024-02-26,63,0.1083,0.4341
2023-11-21,2024-02-27,63,0.4325,1.7413
2023-11-22,2024-02-28,63,0.3915,1.5752
2023-11-23,2024-02-29,63,0.8259,3.3448
2023-11-24,2024-03-01,63,1.223,4.9823
2023-11-27,2024-03-04,63,1.5163,6.2047
2023-11-28,2024-03-05,63,1.9421,7.9977
2023-11-29,2024-03-06,63,2.0072,8.2737
2023-11-30,2024-03-07,63,2.0464,8.4405
2023-12-01,2024-03-08,63,2.2703,9.3951
2023-12-04,2024-03-11,63,2.5482,10.5892
2023-12-05,2024-03-12,63,3.3762,14.2041
2023-12-06,2024-03-13,63,3.1419,13.1726
2023-12-07,2024-03-14,63,3.1223,13.0866
2023-12-08,2024-03-15,63,3.1951,13.4062
2023-12-11,2024-03-18,63,3.2806,13.7824
2023-12-12,2024-03-19,63,3.1903,13.3851
2023-12-13,2024-03-20,63,3.7546,15.8854
2023-12-14,2024-03-21,63,3.9763,16.8791
2023-12-15,2024-03-22,63,3.6617,15.4711
2023-12-18,2024-03-25,63,3.6931,15.6112
2023-12-19,2024-03-26,63,3.7761,15.9817
2023-12-20,2024-03-27,63,3.8191,16.1738
2023-12-21,2024-03-28,63,3.8714,16.4084
2023-12-22,2024-03-29,63,4.3938,18.7679
2023-12-25,2024-04-01,63,4.8186,20.713
2023-12-26,2024-04-02,63,4.8903,21.0437
2023-12-27,2024-04-03,63,4.9891,21.5003
2023-12-28,2024-04-08,63,4.7781,20.5261
2023-12-29,2024-04-09,63,4.8467,20.8421
2024-01-02,2024-04-10,63,4.9834,21.4738
2024-01-03,2024-04-11,63,4.853,20.8716
2024-01-04,2024-04-12,63,5.8878,25.7141
2024-01-05,2024-04-15,63,6.1892,27.1514
2024-01-08,2024-04-16,63,6.4515,28.4126
2024-01-09,2024-04-17,63,6.8948,30.565
2024-01-10,2024-04-18,63,7.009,31.1235
2024-01-11,2024-04-19,63,6.7637,29.9254
2024-01-12,2024-04-22,63,6.2289,27.3419
2024-01-15,2024-04-23,63,5.1973,22.4667
2024-01-16,2024-04-24,63,5.485,23.8119
2024-01-17,2024-04-25,63,6.3262,27.8087
2024-01-18,2024-04-26,63,6.6382,29.3157
2024-01-19,2024-04-29,63,6.7215,29.7202
2024-01-22,2024-04-30,63,6.9942,31.0512
2024-01-23,2024-05-06,63,7.2155,32.1389
2024-01-24,2024-05-07,63,6.9435,30.803
2024-01-25,2024-05-08,63,6.2453,27.4206
2024-01-26,2024-05-09,63,6.4169,28.2455
2024-01-29,2024-05-10,63,7.2922,32.5172
2024-01-30,2024-05-13,63,7.5289,33.6904
2024-01-31,2024-05-14,63,7.5394,33.743
2024-02-01,2024-05-15,63,7.4305,33.2019
2024-02-02,2024-05-16,63,8.0406,36.2538
2024-02-05,2024-05-17,63,8.3756,37.9516
2024-02-06,2024-05-20,63,8.2831,37.4812
2024-02-07,2024-05-21,63,7.4731,33.4133
2024-02-08,2024-05-22,63,7.3292,32.7003
2024-02-19,2024-05-23,63,6.1711,27.0646
2024-02-20,2024-05-24,63,5.5646,24.1861
2024-02-21,2024-05-27,63,5.5284,24.016
2024-02-22,2024-05-28,63,5.1445,22.2209
2024-02-23,2024-05-29,63,5.4146,23.4818
2024-02-26,2024-05-30,63,5.1062,22.043
2024-02-27,2024-05-31,63,4.8401,20.812
2024-02-28,2024-06-03,63,4.9676,21.4009
2024-02-29,2024-06-04,63,4.883,21.0097
2024-03-01,2024-06-05,63,4.3241,18.451
2024-03-04,2024-06-06,63,4.351,18.5732
2024-03-05,2024-06-07,63,3.638,15.3657
2024-03-06,2024-06-11,63,2.4569,10.1957
2024-03-07,2024-06-12,63,2.499,10.377
2024-03-08,2024-06-13,63,2.2629,9.3636
2024-03-11,2024-06-14,63,1.9572,8.0618
2024-03-12,2024-06-17,63,1.9951,8.2226
2024-03-13,2024-06-18,63,2.3244,9.627
2024-03-14,2024-06-19,63,2.3527,9.7483
2024-03-15,2024-06-20,63,2.257,9.3382
2024-03-18,2024-06-21,63,2.3276,9.6403
2024-03-19,2024-06-24,63,1.8832,7.7484
2024-03-20,2024-06-25,63,1.7193,7.0564
2024-03-21,2024-06-26,63,1.2094,4.9261
2024-03-22,2024-06-27,63,1.2785,5.2129
2024-03-25,2024-06-28,63,1.7142,7.0349
2024-03-26,2024-07-01,63,1.6606,6.8096
2024-03-27,2024-07-02,63,1.8379,7.5568
2024-03-28,2024-07-03,63,1.6212,6.6443
2024-03-29,2024-07-04,63,0.938,3.8051
2024-04-01,2024-07-05,63,0.3685,1.4822
2024-04-02,2024-07-08,63,0.2799,1.1242
2024-04-03,2024-07-09,63,0.2079,0.8344
2024-04-08,2024-07-10,63,-0.1594,-0.6362
2024-04-09,2024-07-11,63,0.2347,0.9422
2024-04-10,2024-07-12,63,0.5197,2.0951
2024-04-11,2024-07-15,63,0.7045,2.848
2024-04-12,2024-07-16,63,0.6695,2.705
2024-04-15,2024-07-17,63,0.7628,3.0864
2024-04-16,2024-07-18,63,1.0218,4.1504
2024-04-17,2024-07-19,63,0.0475,0.19
2024-04-18,2024-07-22,63,-0.0761,-0.3041
