entry_date,end_date,holding_days,total_return_pct,annualized_return_pct
2009-01-05,2009-02-10,21,8.6914,171.8577
2009-01-06,2009-02-11,21,8.8976,178.1126
2009-01-07,2009-02-12,21,9.6524,202.1468
2009-01-08,2009-02-13,21,12.1537,296.061
2009-01-09,2009-02-16,21,11.4453,267.0635
2009-01-12,2009-02-17,21,10.4942,231.1858
2009-01-13,2009-02-18,21,11.5221,270.1103
2009-01-14,2009-02-19,21,10.7843,241.773
2009-01-15,2009-02-20,21,12.1352,295.2781
2009-01-16,2009-02-23,21,12.8043,324.5284
2009-01-19,2009-02-24,21,10.9424,247.6745
2009-01-20,2009-02-25,21,10.2339,221.9439
2009-01-21,2009-02-26,21,7.0144,125.584
2009-01-22,2009-02-27,21,4.5455,70.4754
2009-01-23,2009-03-02,21,5.6998,94.4859
2009-02-02,2009-03-03,21,2.8894,40.7497
2009-02-03,2009-03-04,21,3.6051,52.9589
2009-02-04,2009-03-05,21,3.3765,48.957
2009-02-05,2009-03-06,21,4.0507,61.0428
2009-02-06,2009-03-09,21,1.2457,16.0159
2009-02-09,2009-03-10,21,0.729,9.1077
2009-02-10,2009-03-11,21,-0.1972,-2.3413
2009-02-11,2009-03-12,21,-0.1909,-2.267
2009-02-12,2009-03-13,21,-1.5118,-16.7068
2009-02-13,2009-03-16,21,-1.9929,-21.4597
2009-02-16,2009-03-17,21,-1.6789,-18.3868
2009-02-17,2009-03-18,21,-1.1492,-12.9509
2009-02-18,2009-03-19,21,0.6912,8.6168
2009-02-19,2009-03-20,21,0.5825,7.2183
2009-02-20,2009-03-23,21,0.3605,4.4122
2009-02-23,2009-03-24,21,-1.0536,-11.9354
2009-02-24,2009-03-25,21,-1.0404,-11.7944
2009-02-25,2009-03-26,21,0.4557,5.6077
2009-02-26,2009-03-27,21,2.772,38.8341
2009-02-27,2009-03-30,21,4.645,72.4342
2009-03-02,2009-03-31,21,3.6801,54.2927
2009-03-03,2009-04-01,21,4.5104,69.7911
2009-03-04,2009-04-02,21,3.2381,46.5813
2009-03-05,2009-04-03,21,2.1228,28.6694
2009-03-06,2009-04-07,21,1.348,17.4303
2009-03-09,2009-04-08,21,2.0913,28.193
2009-03-10,2009-04-09,21,2.1482,29.0538
2009-03-11,2009-04-10,21,3.6906,54.4804
2009-03-12,2009-04-13,21,3.7214,55.0325
2009-03-13,2009-04-14,21,4.6669,72.8662
2009-03-16,2009-04-15,21,4.3979,67.6103
2009-03-17,2009-04-16,21,3.7126,54.8739
2009-03-18,2009-04-17,21,2.607,36.1838
2009-03-19,2009-04-20,21,2.0548,27.6442
2009-03-20,2009-04-21,21,2.2483,30.579
2009-03-23,2009-04-22,21,-0.0545,-0.6525
2009-03-24,2009-04-23,21,0.5608,6.9415
2009-03-25,2009-04-24,21,1.9602,26.2323
2009-03-26,2009-04-27,21,0.0576,0.693
2009-03-27,2009-04-28,21,-0.1798,-2.1359
2009-03-30,2009-04-29,21,0.613,7.6092
2009-03-31,2009-04-30,21,1.0485,13.3333
2009-04-01,2009-05-04,21,1.427,18.5343
2009-04-02,2009-05-05,21,1.8054,23.9515
2009-04-03,2009-05-06,21,2.925,41.3345
2009-04-07,2009-05-07,21,3.4378,50.0208
2009-04-08,2009-05-08,21,4.3038,65.8061
2009-04-09,2009-05-11,21,3.0284,43.0489
2009-04-10,2009-05-12,21,2.5775,35.7148
2009-04-13,2009-05-13,21,2.655,36.95
2009-04-14,2009-05-14,21,1.8934,25.2433
2009-04-15,2009-05-15,21,1.9961,26.7661
2009-04-16,2009-05-18,21,2.1695,29.3763
2009-04-17,2009-05-19,21,3.058,43.5418
2009-04-20,2009-05-20,21,2.5131,34.6953
2009-04-21,2009-05-21,21,1.733,22.898
2009-04-22,2009-05-22,21,3.5196,51.4504
2009-04-23,2009-05-25,21,3.3726,48.8906
2009-04-24,2009-05-26,21,2.9182,41.2226
2009-04-27,2009-05-27,21,4.0089,60.2686
2009-04-28,2009-06-01,21,5.4782,89.6503
2009-04-29,2009-06-02,21,4.5808,71.1682
2009-04-30,2009-06-03,21,4.7563,74.6464
2009-05-04,2009-06-04,21,3.4151,49.6256
2009-05-05,2009-06-05,21,3.0484,43.3816
2009-05-06,2009-06-08,21,2.0706,27.8818
2009-05-07,2009-06-09,21,2.0298,27.2696
2009-05-08,2009-06-10,21,2.2243,30.2116
2009-05-11,2009-06-11,21,3.0332,43.1282
2009-05-12,2009-06-12,21,1.8827,25.0856
2009-05-13,2009-06-15,21,1.1632,14.8873
2009-05-14,2009-06-16,21,1.2189,15.6488
2009-05-15,2009-06-17,21,1.5002,19.565
2009-05-18,2009-06-18,21,1.3654,17.6726
2009-05-19,2009-06-19,21,1.2412,15.9544
2009-05-20,2009-06-22,21,1.006,12.7635
2009-05-21,2009-06-23,21,0.5832,7.2275
2009-05-22,2009-06-24,21,0.9246,11.6768
2009-05-25,2009-06-25,21,0.8987,11.3333
2009-05-26,2009-06-26,21,1.3203,17.0456
2009-05-27,2009-06-29,21,1.3829,17.9165
2009-06-01,2009-06-30,21,0.1145,1.3831
2009-06-02,2009-07-01,21,0.3137,3.8305
2009-06-03,2009-07-02,21,0.1197,1.4458
2009-06-04,2009-07-03,21,0.8475,10.6579
2009-06-05,2009-07-06,21,0.5962,7.3941
2009-06-08,2009-07-07,21,1.14,14.5718
2009-06-09,2009-07-08,21,1.3337,17.232
2009-06-10,2009-07-09,21,1.2516,16.0978
2009-06-11,2009-07-10,21,1.5287,19.9686
2009-06-12,2009-07-13,21,2.4085,33.0546
2009-06-15,2009-07-14,21,3.2016,45.961
2009-06-16,2009-07-15,21,3.6788,54.2692
2009-06-17,2009-07-16,21,3.1087,44.3918
2009-06-18,2009-07-17,21,3.0439,43.3066
2009-06-19,2009-07-20,21,3.9426,59.0461
2009-06-22,2009-07-21,21,3.5195,51.4485
2009-06-23,2009-07-22,21,4.5936,71.4193
2009-06-24,2009-07-23,21,4.4054,67.7544
2009-06-25,2009-07-24,21,3.9217,58.6624
2009-06-26,2009-07-27,21,4.2629,65.028
2009-06-29,2009-07-28,21,4.4755,69.1123
2009-06-30,2009-07-29,21,2.0686,27.8517
2009-07-01,2009-07-30,21,2.2465,30.5507
2009-07-02,2009-07-31,21,2.8288,39.7574
2009-07-03,2009-08-03,21,3.6611,53.9534
2009-07-06,2009-08-04,21,4.1909,63.6656
2009-07-07,2009-08-05,21,4.4602,68.8151
2009-07-08,2009-08-06,21,3.8072,56.5785
2009-07-09,2009-08-07,21,2.5764,35.6975
2009-07-10,2009-08-10,21,2.6868,37.4604
2009-07-13,2009-08-11,21,2.4598,33.8573
2009-07-14,2009-08-12,21,0.4106,5.04
2009-07-15,2009-08-13,21,0.3189,3.8942
2009-07-16,2009-08-14,21,-0.7712,-8.8716
2009-07-17,2009-08-17,21,-2.882,-29.5965
2009-07-20,2009-08-18,21,-3.1761,-32.1126
2009-07-21,2009-08-19,21,-3.9344,-38.225
2009-07-22,2009-08-20,21,-3.2868,-33.0377
2009-07-23,2009-08-21,21,-3.1686,-32.049
2009-07-24,2009-08-24,21,-2.0315,-21.8301
2009-07-27,2009-08-25,21,-3.2478,-32.7136
2009-07-28,2009-08-26,21,-2.7117,-28.1
2009-07-29,2009-08-27,21,-0.4148,-4.866
2009-07-30,2009-08-28,21,-1.1562,-13.025
2009-07-31,2009-08-31,21,-3.6279,-35.8177
2009-08-03,2009-09-01,21,-4.678,-43.7247
2009-08-04,2009-09-02,21,-4.7974,-44.5649
2009-08-05,2009-09-03,21,-3.3437,-33.5088
2009-08-06,2009-09-04,21,-2.4851,-26.0648
2009-08-07,2009-09-07,21,-1.2537,-14.0496
2009-08-10,2009-09-08,21,-0.5068,-5.915
2009-08-11,2009-09-09,21,-0.5692,-6.6207
2009-08-12,2009-09-10,21,0.3415,4.1755
2009-08-13,2009-09-11,21,0.4774,5.8815
2009-08-14,2009-09-14,21,2.1347,28.8493
2009-08-17,2009-09-15,21,4.6684,72.8968
2009-08-18,2009-09-16,21,4.9739,79.0499
2009-08-19,2009-09-17,21,7.3696,134.7346
2009-08-20,2009-09-18,21,4.6895,73.3164
2009-08-21,2009-09-21,21,4.2934,65.6089
2009-08-24,2009-09-22,21,2.8913,40.7803
2009-08-25,2009-09-23,21,2.7553,38.5643
2009-08-26,2009-09-24,21,1.751,23.1587
2009-08-27,2009-09-25,21,0.7758,9.7178
2009-08-28,2009-09-28,21,0.3808,4.666
2009-08-31,2009-09-29,21,1.8347,24.3799
2009-09-01,2009-09-30,21,2.3715,32.4793
2009-09-02,2009-10-09,21,4.7443,74.4078
2009-09-03,2009-10-12,21,2.9918,42.4402
2009-09-04,2009-10-13,21,2.9555,41.8387
2009-09-07,2009-10-14,21,2.9839,42.3094
2009-09-08,2009-10-15,21,1.8963,25.2855
2009-09-09,2009-10-16,21,1.9227,25.6755
2009-09-10,2009-10-19,21,3.0783,43.883
2009-09-11,2009-10-20,21,3.2674,47.081
2009-09-14,2009-10-21,21,2.2362,30.3937
2009-09-15,2009-10-22,21,2.072,27.903
2009-09-16,2009-10-23,21,1.8299,24.3099
2009-09-17,2009-10-26,21,1.0481,13.3282
2009-09-18,2009-10-27,21,1.2631,16.2556
2009-09-21,2009-10-28,21,1.2741,16.4073
2009-09-22,2009-10-29,21,1.0417,13.2426
2009-09-23,2009-10-30,21,2.5631,35.4853
2009-09-24,2009-11-02,21,3.6215,53.2493
2009-09-25,2009-11-03,21,5.463,89.3223
2009-09-28,2009-11-04,21,7.2747,132.2563
2009-09-29,2009-11-05,21,8.0283,152.6104
2009-09-30,2009-11-06,21,7.9267,149.7751
2009-10-09,2009-11-09,21,5.7401,95.3793
2009-10-12,2009-11-10,21,5.3753,87.4413
2009-10-13,2009-11-11,21,4.9876,79.3314
2009-10-14,2009-11-12,21,4.8807,77.1523
2009-10-15,2009-11-13,21,5.0937,81.5185
2009-10-16,2009-11-16,21,6.3091,108.3754
2009-10-19,2009-11-17,21,5.7183,94.8949
2009-10-20,2009-11-18,21,5.1904,83.5328
2009-10-21,2009-11-19,21,6.1883,105.5518
2009-10-22,2009-11-20,21,6.3914,110.3188
2009-10-23,2009-11-23,21,6.8545,121.5712
2009-10-26,2009-11-24,21,5.3771,87.4789
2009-10-27,2009-11-25,21,7.9923,151.6017
2009-10-28,2009-11-26,21,6.8309,120.985
2009-10-29,2009-11-27,21,6.2459,106.8923
2009-10-30,2009-11-30,21,6.8628,121.7786
2009-11-02,2009-12-01,21,6.8048,120.337
2009-11-03,2009-12-02,21,7.0199,125.7213
2009-11-04,2009-12-03,21,6.4978,112.8557
2009-11-05,2009-12-04,21,5.3148,86.154
2009-11-06,2009-12-07,21,4.3604,66.8896
2009-11-09,2009-12-08,21,3.8897,58.0777
2009-11-10,2009-12-09,21,2.8207,39.6269
2009-11-11,2009-12-10,21,2.7957,39.2196
2009-11-12,2009-12-11,21,2.5353,35.0465
2009-11-13,2009-12-14,21,2.2478,30.5715
2009-11-16,2009-12-15,21,1.1052,14.0984
2009-11-17,2009-12-16,21,1.1718,15.0041
2009-11-18,2009-12-17,21,-0.1091,-1.3015
2009-11-19,2009-12-18,21,-1.9041,-20.6015
2009-11-20,2009-12-21,21,-1.7031,-18.6275
2009-11-23,2009-12-22,21,-3.642,-35.9304
2009-11-24,2009-12-23,21,-2.0341,-21.855
2009-11-25,2009-12-24,21,-2.1425,-22.8863
2009-11-26,2009-12-25,21,-1.1059,-12.4923
2009-11-27,2009-12-28,21,0.6001,7.4438
2009-11-30,2009-12-29,21,-0.7103,-8.1985
2009-12-01,2009-12-30,21,-1.87,-20.2704
2009-12-02,2010-01-04,21,-2.3491,-24.8176
2009-12-03,2010-01-05,21,-1.5825,-17.4212
2009-12-04,2010-01-06,21,-1.0331,-11.7169
2009-12-07,2010-01-07,21,-0.8023,-9.2143
2009-12-08,2010-01-08,21,-0.8285,-9.5014
2009-12-09,2010-01-11,21,1.1569,14.8017
2009-12-10,2010-01-12,21,1.4626,19.0343
2009-12-11,2010-01-13,21,0.4164,5.1133
2009-12-14,2010-01-14,21,1.5422,20.1602
2009-12-15,2010-01-15,21,1.7358,22.9374
2009-12-16,2010-01-18,21,1.84,24.4571
2009-12-17,2010-01-19,21,3.0344,43.1478
2009-12-18,2010-01-20,21,3.3755,48.9405
2009-12-21,2010-01-21,21,2.6692,37.1769
2009-12-22,2010-01-22,21,2.6198,36.3867
2009-12-23,2010-01-25,21,2.134,28.8385
2009-12-24,2010-01-26,21,-0.4441,-5.2013
2009-12-25,2010-01-27,21,-0.7766,-8.9316
2009-12-28,2010-01-28,21,-1.1781,-13.2557
2009-12-29,2010-01-29,21,-1.1082,-12.5174
2009-12-30,2010-02-01,21,-0.9341,-10.6507
2010-01-04,2010-02-02,21,-1.1768,-13.2425
2010-01-05,2010-02-03,21,-1.5534,-17.1283
2010-01-06,2010-02-04,21,-1.2714,-14.2337
2010-01-07,2010-02-05,21,-2.3682,-24.994
2010-01-08,2010-02-08,21,-2.2952,-24.3185
2010-01-11,2010-02-09,21,-2.9562,-30.2391
2010-01-12,2010-02-10,21,-3.0507,-31.0497
2010-01-13,2010-02-11,21,-2.2117,-23.5387
2010-01-14,2010-02-12,21,-2.5398,-26.561
2010-01-15,2010-02-22,21,-2.008,-21.6054
2010-01-18,2010-02-23,21,-2.2664,-24.0505
2010-01-19,2010-02-24,21,-2.0386,-21.8987
2010-01-20,2010-02-25,21,-0.9142,-10.4352
2010-01-21,2010-02-26,21,-0.2613,-3.0911
2010-01-22,2010-03-01,21,1.381,17.8909
2010-01-25,2010-03-02,21,1.4768,19.2347
2010-01-26,2010-03-03,21,3.7108,54.8408
2010-01-27,2010-03-04,21,2.718,37.9618
2010-01-28,2010-03-05,21,2.6694,37.1806
2010-01-29,2010-03-08,21,3.0253,42.9962
2010-02-01,2010-03-09,21,2.9202,41.2558
2010-02-02,2010-03-10,21,2.3117,31.5542
2010-02-03,2010-03-11,21,1.1166,14.2536
2010-02-04,2010-03-12,21,0.7574,9.4775
2010-02-05,2010-03-15,21,1.9138,25.5447
2010-02-08,2010-03-16,21,2.152,29.1114
2010-02-09,2010-03-17,21,3.0902,44.0809
2010-02-10,2010-03-18,21,2.5246,34.8771
2010-02-11,2010-03-19,21,2.7432,38.3679
2010-02-12,2010-03-22,21,1.9432,25.9799
2010-02-22,2010-03-23,21,1.0711,13.638
2010-02-23,2010-03-24,21,1.0239,13.0026
2010-02-24,2010-03-25,21,0.1254,1.5156
2010-02-25,2010-03-26,21,0.577,7.1476
2010-02-26,2010-03-29,21,0.5445,6.7327
2010-03-01,2010-03-30,21,0.2803,3.4164
2010-03-02,2010-03-31,21,0.2431,2.9567
2010-03-03,2010-04-01,21,-0.1288,-1.5353
2010-03-04,2010-04-02,21,1.2025,15.4235
2010-03-05,2010-04-06,21,1.1958,15.332
2010-03-08,2010-04-07,21,1.0952,13.9635
2010-03-09,2010-04-08,21,1.5492,20.2592
2010-03-10,2010-04-09,21,2.3805,32.6186
2010-03-11,2010-04-12,21,3.3346,48.2343
2010-03-12,2010-04-13,21,3.1519,45.1194
2010-03-15,2010-04-14,21,4.0033,60.1636
2010-03-16,2010-04-15,21,3.2539,46.8517
2010-03-17,2010-04-16,21,2.0447,27.4925
2010-03-18,2010-04-19,21,0.5344,6.6053
2010-03-19,2010-04-20,21,0.8027,10.0686
2010-03-22,2010-04-21,21,1.963,26.2726
2010-03-23,2010-04-22,21,2.2305,30.3062
2010-03-24,2010-04-23,21,1.8255,24.2443
2010-03-25,2010-04-26,21,2.8413,39.9625
2010-03-26,2010-04-27,21,1.4608,19.0091
2010-03-29,2010-04-28,21,1.1522,14.7371
2010-03-30,2010-04-29,21,0.2171,2.6367
2010-03-31,2010-04-30,21,-0.2079,-2.4662
2010-04-01,2010-05-04,21,-0.6404,-7.4195
2010-04-02,2010-05-05,21,-0.3952,-4.6412
2010-04-06,2010-05-06,21,-1.172,-13.1921
2010-04-07,2010-05-07,21,-1.1438,-12.8943
2010-04-08,2010-05-10,21,-1.8703,-20.2733
2010-04-09,2010-05-11,21,-2.7422,-28.3703
2010-04-12,2010-05-12,21,-3.1435,-31.8376
2010-04-13,2010-05-13,21,-2.023,-21.7492
2010-04-14,2010-05-14,21,-2.2195,-23.6114
2010-04-15,2010-05-17,21,-3.2334,-32.5926
2010-04-16,2010-05-18,21,-3.3074,-33.2089
2010-04-19,2010-05-19,21,-2.0281,-21.7979
2010-04-20,2010-05-20,21,-3.3469,-33.5352
2010-04-21,2010-05-21,21,-3.8437,-37.5211
2010-04-22,2010-05-24,21,-2.6986,-27.9837
2010-04-23,2010-05-25,21,-2.5663,-26.8004
2010-04-26,2010-05-26,21,-2.5872,-26.988
2010-04-27,2010-05-27,21,-1.4323,-15.8967
2010-04-28,2010-05-28,21,-1.3772,-15.3302
2010-04-29,2010-05-31,21,-1.4807,-16.3904
2010-04-30,2010-06-01,21,-1.2545,-14.0573
2010-05-04,2010-06-02,21,-0.8956,-10.2331
2010-05-05,2010-06-03,21,-1.5421,-17.0135
2010-05-06,2010-06-04,21,-1.1256,-12.7014
2010-05-07,2010-06-07,21,-1.1947,-13.4312
2010-05-10,2010-06-08,21,0.1343,1.6233
2010-05-11,2010-06-09,21,1.049,13.3404
2010-05-12,2010-06-10,21,1.2304,15.8063
2010-05-13,2010-06-11,21,0.0968,1.1673
2010-05-14,2010-06-17,21,-0.1185,-1.4123
2010-05-17,2010-06-18,21,0.6528,8.1209
2010-05-18,2010-06-21,21,1.7016,22.4425
2010-05-19,2010-06-22,21,1.4637,19.0498
2010-05-20,2010-06-23,21,2.3774,32.5715
2010-05-21,2010-06-24,21,1.8748,24.9687
2010-05-24,2010-06-25,21,0.3134,3.8264
2010-05-25,2010-06-28,21,0.279,3.4003
2010-05-26,2010-06-29,21,-1.9033,-20.5943
2010-05-27,2010-06-30,21,-2.6792,-27.8118
2010-05-28,2010-07-01,21,-3.3156,-33.2764
2010-05-31,2010-07-02,21,-3.3765,-33.7792
2010-06-01,2010-07-05,21,-3.1672,-32.0373
2010-06-02,2010-07-06,21,-2.9868,-30.5021
2010-06-03,2010-07-07,21,-2.8719,-29.5082
2010-06-04,2010-07-08,21,-2.4411,-25.6634
2010-06-07,2010-07-09,21,-2.1207,-22.6803
2010-06-08,2010-07-12,21,-2.3557,-24.8788
2010-06-09,2010-07-13,21,-3.3424,-33.4983
2010-06-10,2010-07-14,21,-2.7823,-28.724
2010-06-11,2010-07-15,21,-3.0874,-31.3622
2010-06-17,2010-07-16,21,-3.0128,-30.7255
2010-06-18,2010-07-19,21,-1.9577,-21.1205
2010-06-21,2010-07-20,21,-2.3619,-24.9364
2010-06-22,2010-07-21,21,-1.9266,-20.8197
2010-06-23,2010-07-22,21,-1.5907,-17.504
2010-06-24,2010-07-23,21,-1.2408,-13.9148
2010-06-25,2010-07-26,21,-0.7145,-8.2451
2010-06-28,2010-07-27,21,-0.6224,-7.2186
2010-06-29,2010-07-28,21,1.5251,19.9176
2010-06-30,2010-07-29,21,2.2588,30.7394
2010-07-01,2010-07-30,21,2.7843,39.0337
2010-07-02,2010-08-02,21,4.494,69.4705
2010-07-05,2010-08-03,21,4.0196,60.4652
2010-07-06,2010-08-04,21,3.9417,59.0288
2010-07-07,2010-08-05,21,3.9898,59.9156
2010-07-08,2010-08-06,21,4.5253,70.0812
2010-07-09,2010-08-09,21,4.3957,67.5682
2010-07-12,2010-08-10,21,2.5587,35.4159
2010-07-13,2010-08-11,21,3.5816,52.5433
2010-07-14,2010-08-12,21,2.6734,37.2445
2010-07-15,2010-08-13,21,4.3198,66.1114
2010-07-16,2010-08-16,21,4.9586,78.7385
2010-07-19,2010-08-17,21,4.829,76.1072
2010-07-20,2010-08-18,21,4.1445,62.7931
2010-07-21,2010-08-19,21,4.1617,63.1154
2010-07-22,2010-08-20,21,3.2453,46.7045
2010-07-23,2010-08-23,21,3.2104,46.111
2010-07-26,2010-08-24,21,3.0205,42.9176
2010-07-27,2010-08-25,21,2.9404,41.5892
2010-07-28,2010-08-26,21,3.0882,44.0481
2010-07-29,2010-08-27,21,2.8906,40.7688
2010-07-30,2010-08-30,21,3.6764,54.226
2010-08-02,2010-08-31,21,3.0505,43.418
2010-08-03,2010-09-01,21,3.5734,52.3987
2010-08-04,2010-09-02,21,3.4272,49.8364
2010-08-05,2010-09-03,21,3.5963,52.8032
2010-08-06,2010-09-06,21,2.787,39.0781
2010-08-09,2010-09-07,21,2.418,33.2036
2010-08-10,2010-09-08,21,4.1663,63.2021
2010-08-11,2010-09-09,21,3.2849,47.3817
2010-08-12,2010-09-10,21,3.7037,54.7151
2010-08-13,2010-09-13,21,3.3043,47.7134
2010-08-16,2010-09-14,21,2.7424,38.3555
2010-08-17,2010-09-15,21,2.4487,33.6834
2010-08-18,2010-09-16,21,1.7518,23.1697
2010-08-19,2010-09-17,21,1.7606,23.2985
2010-08-20,2010-09-20,21,2.1413,28.9489
2010-08-23,2010-09-21,21,1.7293,22.844
2010-08-24,2010-09-27,21,2.6609,37.0443
2010-08-25,2010-09-28,21,2.6327,36.5932
2010-08-26,2010-09-29,21,2.3038,31.4321
2010-08-27,2010-09-30,21,2.6822,37.385
2010-08-30,2010-10-08,21,2.6972,37.6264
2010-08-31,2010-10-11,21,3.0957,44.1738
2010-09-01,2010-10-12,21,3.0746,43.821
2010-09-02,2010-10-13,21,3.0197,42.9041
2010-09-03,2010-10-14,21,2.3624,32.3382
2010-09-06,2010-10-15,21,2.5059,34.5813
2010-09-07,2010-10-18,21,1.6357,21.4944
2010-09-08,2010-10-19,21,2.048,27.5421
2010-09-09,2010-10-20,21,2.0367,27.3724
2010-09-10,2010-10-21,21,2.1601,29.2333
2010-09-13,2010-10-22,21,1.6978,22.3873
2010-09-14,2010-10-25,21,2.8421,39.9752
2010-09-15,2010-10-26,21,2.9252,41.339
2010-09-16,2010-10-27,21,3.2618,46.9861
2010-09-17,2010-10-28,21,3.0919,44.1097
2010-09-20,2010-10-29,21,3.8306,57.0019
2010-09-21,2010-11-01,21,5.3042,85.9288
2010-09-27,2010-11-02,21,3.9435,59.0631
2010-09-28,2010-11-03,21,3.6506,53.767
2010-09-29,2010-11-04,21,4.504,69.6668
2010-09-30,2010-11-05,21,5.1045,81.7429
2010-10-08,2010-11-08,21,4.9752,79.0782
2010-10-11,2010-11-09,21,5.3989,87.9449
2010-10-12,2010-11-10,21,4.9952,79.488
2010-10-13,2010-11-11,21,4.4786,69.1719
2010-10-14,2010-11-12,21,2.7069,37.7836
2010-10-15,2010-11-15,21,3.0011,42.5942
2010-10-18,2010-11-16,21,2.6156,36.3199
2010-10-19,2010-11-17,21,0.0874,1.0535
2010-10-20,2010-11-18,21,1.3476,17.4258
2010-10-21,2010-11-19,21,1.9971,26.7816
2010-10-22,2010-11-22,21,2.3723,32.4922
2010-10-25,2010-11-23,21,0.7265,9.0751
2010-10-26,2010-11-24,21,1.7093,22.5545
2010-10-27,2010-11-25,21,2.2664,30.8566
2010-10-28,2010-11-26,21,1.9106,25.4971
2010-10-29,2010-11-29,21,1.4729,19.1787
2010-11-01,2010-11-30,21,-0.2339,-2.7711
2010-11-02,2010-12-01,21,0.654,8.1369
2010-11-03,2010-12-02,21,1.3749,17.8057
2010-11-04,2010-12-03,21,0.3421,4.1839
2010-11-05,2010-12-06,21,-0.682,-7.8833
2010-11-08,2010-12-07,21,-0.8094,-9.2921
2010-11-09,2010-12-08,21,-2.5125,-26.3136
2010-11-10,2010-12-09,21,-2.7076,-28.0635
2010-11-11,2010-12-10,21,-2.2087,-23.51
2010-11-12,2010-12-13,21,0.5474,6.7696
2010-11-15,2010-12-14,21,0.9,11.3504
2010-11-16,2010-12-15,21,1.4603,19.0022
2010-11-17,2010-12-16,21,2.9901,42.4114
2010-11-18,2010-12-17,21,2.1623,29.2667
2010-11-19,2010-12-20,21,1.2202,15.6665
2010-11-22,2010-12-21,21,1.1399,14.5693
2010-11-23,2010-12-22,21,1.2768,16.4441
2010-11-24,2010-12-23,21,-0.2731,-3.2282
2010-11-25,2010-12-24,21,-0.8304,-9.5221
2010-11-26,2010-12-27,21,-1.1624,-13.0904
2010-11-29,2010-12-28,21,-1.6069,-17.6665
2010-11-30,2010-12-29,21,-0.4447,-5.208
2010-12-01,2010-12-30,21,-0.941,-10.7255
2010-12-02,2011-01-04,21,-0.2799,-3.3078
2010-12-03,2011-01-05,21,-0.5513,-6.4187
2010-12-06,2011-01-06,21,-0.7496,-8.6338
2010-12-07,2011-01-07,21,-1.469,-16.2715
2010-12-08,2011-01-10,21,-1.2497,-14.007
2010-12-09,2011-01-11,21,-0.7592,-8.7396
2010-12-10,2011-01-12,21,-0.9422,-10.7386
2010-12-13,2011-01-13,21,-1.8029,-19.6132
2010-12-14,2011-01-14,21,-3.0763,-31.2678
2010-12-15,2011-01-17,21,-3.9861,-38.6227
2010-12-16,2011-01-18,21,-3.6468,-35.9683
2010-12-17,2011-01-19,21,-2.9861,-30.4968
2010-12-20,2011-01-20,21,-3.9662,-38.4699
2010-12-21,2011-01-21,21,-4.3323,-41.226
2010-12-22,2011-01-24,21,-4.5323,-42.6841
2010-12-23,2011-01-25,21,-4.6643,-43.6278
2010-12-24,2011-01-26,21,-3.7744,-36.9788
2010-12-27,2011-01-27,21,-2.6112,-27.2035
2010-12-28,2011-01-28,21,-2.423,-25.4977
2010-12-29,2011-01-31,21,-2.4697,-25.9249
2010-12-30,2011-02-01,21,-2.4413,-25.6654
2011-01-04,2011-02-09,21,-3.1061,-31.5212
2011-01-05,2011-02-10,21,-1.9655,-21.1964
2011-01-06,2011-02-11,21,-1.4354,-15.9276
2011-01-07,2011-02-14,21,-0.7491,-8.6276
2011-01-10,2011-02-15,21,-0.1628,-1.9363
2011-01-11,2011-02-16,21,0.5582,6.9075
2011-01-12,2011-02-17,21,0.4851,5.9787
2011-01-13,2011-02-18,21,0.4965,6.1228
2011-01-14,2011-02-21,21,1.9527,26.1206
2011-01-17,2011-02-22,21,2.8369,39.8903
2011-01-18,2011-02-23,21,2.9965,42.5172
2011-01-19,2011-02-24,21,2.6091,36.2164
2011-01-20,2011-02-25,21,3.7435,55.4284
2011-01-21,2011-02-28,21,4.3258,66.2264
2011-01-24,2011-03-01,21,5.1106,81.8697
2011-01-25,2011-03-02,21,5.8949,98.8382
2011-01-26,2011-03-03,21,4.5,69.5884
2011-01-27,2011-03-04,21,4.0649,61.3056
2011-01-28,2011-03-07,21,5.0685,80.996
2011-01-31,2011-03-08,21,4.2893,65.5305
2011-02-01,2011-03-09,21,4.1285,62.4927
2011-02-09,2011-03-10,21,3.87,57.7174
2011-02-10,2011-03-11,21,2.7955,39.2159
2011-02-11,2011-03-14,21,2.887,40.7097
2011-02-14,2011-03-15,21,1.9767,26.4769
2011-02-15,2011-03-16,21,2.0718,27.8994
2011-02-16,2011-03-17,21,0.8621,10.8499
2011-02-17,2011-03-18,21,1.0558,13.4315
2011-02-18,2011-03-21,21,1.3137,16.9544
2011-02-21,2011-03-22,21,0.569,7.0452
2011-02-22,2011-03-23,21,1.5985,20.9623
2011-02-23,2011-03-24,21,1.3596,17.5924
2011-02-24,2011-03-25,21,1.1949,15.3196
2011-02-25,2011-03-28,21,0.9568,12.1057
2011-02-28,2011-03-29,21,0.0614,0.7388
2011-03-01,2011-03-30,21,-0.3149,-3.7138
2011-03-02,2011-03-31,21,-0.6169,-7.1572
2011-03-03,2011-04-01,21,0.4071,4.9964
2011-03-04,2011-04-06,21,0.5677,7.0293
2011-03-07,2011-04-07,21,-0.0495,-0.5928
2011-03-08,2011-04-08,21,0.5092,6.2844
2011-03-09,2011-04-11,21,0.2175,2.6412
2011-03-10,2011-04-12,21,0.1878,2.2775
2011-03-11,2011-04-13,21,0.8959,11.2968
2011-03-14,2011-04-14,21,0.4492,5.5256
2011-03-15,2011-04-15,21,1.0023,12.7127
2011-03-16,2011-04-18,21,1.303,16.8061
2011-03-17,2011-04-19,21,1.4689,19.1227
2011-03-18,2011-04-20,21,1.5234,19.8925
2011-03-21,2011-04-21,21,1.5987,20.9648
2011-03-22,2011-04-22,21,1.5982,20.9575
2011-03-23,2011-04-25,21,0.7962,9.9845
2011-03-24,2011-04-26,21,-0.0736,-0.8797
2011-03-25,2011-04-27,21,-0.4982,-5.817
2011-03-28,2011-04-28,21,-0.514,-5.9967
2011-03-29,2011-04-29,21,0.2285,2.7773
2011-03-30,2011-05-03,21,0.7919,9.9284
2011-03-31,2011-05-04,21,0.2509,3.0527
2011-04-01,2011-05-05,21,-0.1406,-1.6744
2011-04-06,2011-05-06,21,-0.6578,-7.614
2011-04-07,2011-05-09,21,-0.4212,-4.9389
2011-04-08,2011-05-10,21,-0.6647,-7.6907
2011-04-11,2011-05-11,21,-0.1824,-2.1664
2011-04-12,2011-05-12,21,-0.7769,-8.9348
2011-04-13,2011-05-13,21,-0.5865,-6.8157
2011-04-14,2011-05-16,21,-0.8491,-9.7265
2011-04-15,2011-05-17,21,-1.0275,-11.6566
2011-04-18,2011-05-18,21,-1.321,-14.75
2011-04-19,2011-05-19,21,-0.9602,-10.9331
2011-04-20,2011-05-20,21,-1.4023,-15.5889
2011-04-21,2011-05-23,21,-2.4258,-25.5231
2011-04-22,2011-05-24,21,-2.1673,-23.1209
2011-04-25,2011-05-25,21,-2.0096,-21.6203
2011-04-26,2011-05-26,21,-1.488,-16.4652
2011-04-27,2011-05-27,21,-2.0279,-21.7961
2011-04-28,2011-05-30,21,-1.9439,-20.9871
2011-04-29,2011-05-31,21,-1.7193,-18.7883
2011-05-03,2011-06-01,21,-2.0488,-21.9964
2011-05-04,2011-06-02,21,-1.4131,-15.6992
2011-05-05,2011-06-03,21,-1.06,-12.0043
2011-05-06,2011-06-07,21,-0.4927,-5.7543
2011-05-09,2011-06-08,21,-0.8315,-9.5341
2011-05-10,2011-06-09,21,-1.6901,-18.4983
2011-05-11,2011-06-10,21,-1.7605,-19.1956
2011-05-12,2011-06-13,21,-1.2489,-13.9988
2011-05-13,2011-06-14,21,-1.5115,-16.7032
2011-05-16,2011-06-15,21,-1.4356,-15.9302
2011-05-17,2011-06-16,21,-1.7895,-19.4812
2011-05-18,2011-06-17,21,-2.2473,-23.8723
2011-05-19,2011-06-20,21,-2.3431,-24.7627
2011-05-20,2011-06-21,21,-1.9493,-21.0396
2011-05-23,2011-06-22,21,-1.2481,-13.9907
2011-05-24,2011-06-23,21,-1.0221,-11.5984
2011-05-25,2011-06-24,21,-0.5211,-6.077
2011-05-26,2011-06-27,21,-0.4234,-4.9646
2011-05-27,2011-06-28,21,0.5025,6.1993
2011-05-30,2011-06-29,21,0.599,7.4297
2011-05-31,2011-06-30,21,0.4085,5.0141
2011-06-01,2011-07-01,21,0.2869,3.4982
2011-06-02,2011-07-04,21,1.0895,13.8863
2011-06-03,2011-07-05,21,0.8188,10.2804
2011-06-07,2011-07-06,21,0.9099,11.4816
2011-06-08,2011-07-07,21,1.1527,14.7435
2011-06-09,2011-07-08,21,1.8014,23.8919
2011-06-10,2011-07-11,21,2.0538,27.6287
2011-06-13,2011-07-12,21,1.8521,24.6345
2011-06-14,2011-07-13,21,2.4234,33.2872
2011-06-15,2011-07-14,21,3.124,44.6495
2011-06-16,2011-07-15,21,3.6918,54.5017
2011-06-17,2011-07-18,21,4.4862,69.3203
2011-06-20,2011-07-19,21,4.4855,69.3065
2011-06-21,2011-07-20,21,3.7688,55.8846
2011-06-22,2011-07-21,21,3.7374,55.318
2011-06-23,2011-07-22,21,3.075,43.8275
2011-06-24,2011-07-25,21,2.2053,29.9214
2011-06-27,2011-07-26,21,2.3782,32.5838
2011-06-28,2011-07-27,21,2.8059,39.3855
2011-06-29,2011-07-28,21,2.7672,38.757
2011-06-30,2011-07-29,21,1.9886,26.6545
2011-07-01,2011-08-01,21,2.0606,27.7313
2011-07-04,2011-08-02,21,1.4227,18.4734
2011-07-05,2011-08-03,21,2.1861,29.6285
2011-07-06,2011-08-04,21,1.8138,24.0738
2011-07-07,2011-08-05,21,0.9605,12.1548
2011-07-08,2011-08-08,21,0.6294,7.8193
2011-07-11,2011-08-09,21,0.7455,9.3217
2011-07-12,2011-08-10,21,1.3244,17.1036
2011-07-13,2011-08-11,21,1.3022,16.7963
2011-07-14,2011-08-12,21,0.7801,9.7735
2011-07-15,2011-08-15,21,0.8986,11.3327
2011-07-18,2011-08-16,21,0.8109,10.1767
2011-07-19,2011-08-17,21,1.0338,13.1353
2011-07-20,2011-08-18,21,0.9842,12.4716
2011-07-21,2011-08-19,21,1.8446,24.5252
2011-07-22,2011-08-22,21,2.5365,35.0653
2011-07-25,2011-08-23,21,3.2703,47.1316
2011-07-26,2011-08-24,21,2.3867,32.7153
2011-07-27,2011-08-25,21,1.0918,13.9179
2011-07-28,2011-08-26,21,1.732,22.8827
2011-07-29,2011-08-29,21,2.5187,34.7832
2011-08-01,2011-08-30,21,1.9745,26.4447
2011-08-02,2011-08-31,21,2.4503,33.7088
2011-08-03,2011-09-01,21,1.1086,14.1445
2011-08-04,2011-09-02,21,1.0438,13.2701
2011-08-05,2011-09-05,21,1.7243,22.7717
2011-08-08,2011-09-06,21,2.2538,30.6638
2011-08-09,2011-09-07,21,1.1622,14.8729
2011-08-10,2011-09-08,21,0.8247,10.3581
2011-08-11,2011-09-09,21,0.2866,3.4938
2011-08-12,2011-09-13,21,-0.7166,-8.2683
2011-08-15,2011-09-14,21,-0.6089,-7.0668
2011-08-16,2011-09-15,21,-1.029,-11.6724
2011-08-17,2011-09-16,21,-1.7802,-19.3901
2011-08-18,2011-09-19,21,-1.0992,-12.4214
2011-08-19,2011-09-20,21,-2.256,-23.9531
2011-08-22,2011-09-21,21,-1.4994,-16.5808
2011-08-23,2011-09-22,21,-3.0669,-31.1881
2011-08-24,2011-09-23,21,-2.9377,-30.0791
2011-08-25,2011-09-26,21,-3.9717,-38.5119
2011-08-26,2011-09-27,21,-4.238,-40.5268
2011-08-29,2011-09-28,21,-4.9841,-45.8553
2011-08-30,2011-09-29,21,-5.6553,-50.2709
2011-08-31,2011-09-30,21,-5.8816,-51.6836
2011-09-01,2011-10-10,21,-5.4017,-48.6427
2011-09-02,2011-10-11,21,-5.2437,-47.6043
2011-09-05,2011-10-12,21,-4.3926,-41.6693
2011-09-06,2011-10-13,21,-4.1915,-40.1799
2011-09-07,2011-10-14,21,-3.913,-38.0592
2011-09-08,2011-10-17,21,-3.707,-36.4467
2011-09-09,2011-10-18,21,-4.9186,-45.406
2011-09-13,2011-10-19,21,-4.2714,-40.7759
2011-09-14,2011-10-20,21,-5.672,-50.3767
2011-09-15,2011-10-21,21,-5.8029,-51.1965
2011-09-16,2011-10-24,21,-4.3854,-41.6162
2011-09-19,2011-10-25,21,-4.0813,-39.3484
2011-09-20,2011-10-26,21,-2.5,-26.2
2011-09-21,2011-10-27,21,-3.4702,-34.546
2011-09-22,2011-10-28,21,-1.556,-17.1536
2011-09-23,2011-10-31,21,-1.211,-13.6017
2011-09-26,2011-11-01,21,0.5697,7.0543
2011-09-27,2011-11-02,21,1.1837,15.1661
2011-09-28,2011-11-03,21,1.7949,23.7977
2011-09-29,2011-11-04,21,3.7938,56.3346
2011-09-30,2011-11-07,21,3.7126,54.8741
2011-10-10,2011-11-08,21,3.5147,51.3647
2011-10-11,2011-11-09,21,3.6457,53.6798
2011-10-12,2011-11-10,21,1.784,23.6386
2011-10-13,2011-11-11,21,1.6702,21.9904
2011-10-14,2011-11-14,21,2.7346,38.2297
2011-10-17,2011-11-15,21,2.4918,34.3604
2011-10-18,2011-11-16,21,2.9106,41.0984
2011-10-19,2011-11-17,21,3.2077,46.065
2011-10-20,2011-11-18,21,3.1146,44.4907
2011-10-21,2011-11-21,21,3.4891,50.9154
2011-10-24,2011-11-22,21,1.9417,25.957
2011-10-25,2011-11-23,21,1.4786,19.2592
2011-10-26,2011-11-24,21,0.0548,0.6594
2011-10-27,2011-11-25,21,-0.3808,-4.4746
2011-10-28,2011-11-28,21,-0.7606,-8.7549
2011-10-31,2011-11-29,21,-0.0122,-0.1461
2011-11-01,2011-11-30,21,-0.9818,-11.1658
2011-11-02,2011-12-01,21,-0.7498,-8.6353
2011-11-03,2011-12-02,21,-1.3913,-15.475
2011-11-04,2011-12-05,21,-2.7638,-28.5609
2011-11-07,2011-12-06,21,-3.278,-32.9651
2011-11-08,2011-12-07,21,-2.8972,-29.7283
2011-11-09,2011-12-08,21,-3.099,-31.4606
2011-11-10,2011-12-09,21,-2.9702,-30.3598
2011-11-11,2011-12-12,21,-3.739,-36.7001
2011-11-14,2011-12-13,21,-5.8027,-51.195
2011-11-15,2011-12-14,21,-6.2703,-54.0243
2011-11-16,2011-12-15,21,-7.3254,-59.8645
2011-11-17,2011-12-16,21,-6.248,-53.8932
2011-11-18,2011-12-19,21,-5.0087,-46.0232
2011-11-21,2011-12-20,21,-5.0099,-46.0316
2011-11-22,2011-12-21,21,-4.6572,-43.5771
2011-11-23,2011-12-22,21,-5.3672,-48.4179
2011-11-24,2011-12-23,21,-5.039,-46.2296
2011-11-25,2011-12-26,21,-5.1334,-46.8674
2011-11-28,2011-12-27,21,-6.0903,-52.9537
2011-11-29,2011-12-28,21,-6.7689,-56.8747
2011-11-30,2011-12-29,21,-6.5391,-55.5818
2011-12-01,2011-12-30,21,-6.693,-56.4519
2011-12-02,2012-01-04,21,-6.1993,-53.6047
2011-12-05,2012-01-05,21,-5.9604,-52.1666
2011-12-06,2012-01-06,21,-5.3583,-48.3593
2011-12-07,2012-01-09,21,-5.019,-46.0935
2011-12-08,2012-01-10,21,-4.0862,-39.3858
2011-12-09,2012-01-11,21,-3.1374,-31.7863
2011-12-12,2012-01-12,21,-2.4834,-26.0491
2011-12-13,2012-01-13,21,-1.9559,-21.1033
2011-12-14,2012-01-16,21,-2.211,-23.5322
2011-12-15,2012-01-17,21,1.2715,16.3716
2011-12-16,2012-01-18,21,-0.5203,-6.0676
2011-12-19,2012-01-19,21,-0.1543,-1.8363
2011-12-20,2012-01-20,21,0.0581,0.699
2011-12-21,2012-01-30,21,1.1303,14.4392
2011-12-22,2012-01-31,21,1.8452,24.5331
2011-12-23,2012-02-01,21,1.3937,18.0674
2011-12-26,2012-02-02,21,2.5082,34.6182
2011-12-27,2012-02-03,21,3.8155,56.7275
2011-12-28,2012-02-06,21,3.9502,59.1851
2011-12-29,2012-02-07,21,4.1688,63.2494
2011-12-30,2012-02-08,21,4.4625,68.8587
2012-01-04,2012-02-09,21,4.4011,67.6715
2012-01-05,2012-02-10,21,5.0625,80.8736
2012-01-06,2012-02-13,21,5.0408,80.4244
2012-01-09,2012-02-14,21,4.0436,60.9103
2012-01-10,2012-02-15,21,3.3473,48.4529
2012-01-11,2012-02-16,21,2.9122,41.1246
2012-01-12,2012-02-17,21,2.9581,41.881
2012-01-13,2012-02-20,21,4.0071,60.2339
2012-01-16,2012-02-21,21,5.524,90.6402
2012-01-17,2012-02-22,21,4.3675,67.0266
2012-01-18,2012-02-23,21,5.4394,88.814
2012-01-19,2012-02-24,21,5.4009,87.9878
2012-01-20,2012-02-27,21,5.0581,80.7809
2012-01-30,2012-02-28,21,4.1568,63.0247
2012-01-31,2012-02-29,21,3.8373,57.124
2012-02-01,2012-03-01,21,3.2449,46.6983
2012-02-02,2012-03-02,21,3.1618,45.2873
2012-02-03,2012-03-05,21,2.493,34.3785
2012-02-06,2012-03-06,21,2.1903,29.6921
2012-02-07,2012-03-07,21,2.0989,28.3075
2012-02-08,2012-03-08,21,1.7048,22.4895
2012-02-09,2012-03-09,21,2.3072,31.4848
2012-02-10,2012-03-12,21,2.4845,34.2453
2012-02-13,2012-03-13,21,2.5203,34.8095
2012-02-14,2012-03-14,21,0.9557,12.0912
2012-02-15,2012-03-15,21,-0.1731,-2.0581
2012-02-16,2012-03-16,21,0.8473,10.6556
2012-02-17,2012-03-19,21,1.0794,13.7505
2012-02-20,2012-03-20,21,0.2311,2.8083
2012-02-21,2012-03-21,21,-0.1109,-1.3222
2012-02-22,2012-03-22,21,-0.9458,-10.7773
2012-02-23,2012-03-23,21,-1.847,-20.0455
2012-02-24,2012-03-26,21,-1.9787,-21.3232
2012-02-27,2012-03-27,21,-1.6791,-18.389
2012-02-28,2012-03-28,21,-2.946,-30.1511
2012-02-29,2012-03-29,21,-3.4234,-34.1638
2012-03-01,2012-03-30,21,-2.5944,-27.0534
2012-03-02,2012-04-05,21,-2.8624,-29.425
2012-03-05,2012-04-06,21,-2.5375,-26.5397
2012-03-06,2012-04-09,21,-2.2877,-24.2485
2012-03-07,2012-04-10,21,-1.3612,-15.1655
2012-03-08,2012-04-11,21,-1.7319,-18.913
2012-03-09,2012-04-12,21,-1.8398,-19.9748
2012-03-12,2012-04-13,21,-1.5458,-17.0507
2012-03-13,2012-04-16,21,-2.1769,-23.2109
2012-03-14,2012-04-17,21,-0.9564,-10.8921
2012-03-15,2012-04-18,21,0.3553,4.3473
2012-03-16,2012-04-19,21,-0.7821,-8.9922
2012-03-19,2012-04-20,21,-0.8438,-9.6684
2012-03-20,2012-04-23,21,-0.4536,-5.3091
2012-03-21,2012-04-24,21,-0.7805,-8.9744
2012-03-22,2012-04-25,21,-0.185,-2.1971
2012-03-23,2012-04-26,21,0.3687,4.5156
2012-03-26,2012-04-27,21,-0.0947,-1.1307
2012-03-27,2012-05-02,21,-0.0041,-0.0497
2012-03-28,2012-05-03,21,1.3791,17.8636
2012-03-29,2012-05-04,21,2.1315,28.8003
2012-03-30,2012-05-07,21,2.4345,33.4617
2012-04-05,2012-05-08,21,1.9184,25.6122
2012-04-06,2012-05-09,21,0.6193,7.6895
2012-04-09,2012-05-10,21,0.9126,11.5184
2012-04-10,2012-05-11,21,0.2433,2.9585
2012-04-11,2012-05-14,21,-0.1317,-1.569
2012-04-12,2012-05-15,21,-0.9554,-10.8807
2012-04-13,2012-05-16,21,-2.0863,-22.354
2012-04-16,2012-05-17,21,-1.0009,-11.3711
2012-04-17,2012-05-18,21,-0.703,-8.1174
2012-04-18,2012-05-21,21,-1.1101,-12.5375
2012-04-19,2012-05-22,21,-0.6513,-7.5412
2012-04-20,2012-05-23,21,-1.2896,-14.4234
2012-04-23,2012-05-24,21,-1.0669,-12.0779
2012-04-24,2012-05-25,21,-1.0994,-12.4238
2012-04-25,2012-05-28,21,-0.8434,-9.6638
2012-04-26,2012-05-29,21,-0.514,-5.9963
2012-04-27,2012-05-30,21,-0.6554,-7.5869
2012-05-02,2012-05-31,21,-0.7782,-8.9491
2012-05-03,2012-06-01,21,-0.8144,-9.3467
2012-05-04,2012-06-04,21,-0.7188,-8.2929
2012-05-07,2012-06-05,21,-1.0686,-12.0957
2012-05-08,2012-06-06,21,-0.9001,-10.2826
2012-05-09,2012-06-07,21,-0.1383,-1.647
2012-05-10,2012-06-08,21,-1.1271,-12.7175
2012-05-11,2012-06-11,21,-0.0293,-0.3513
2012-05-14,2012-06-12,21,-0.1591,-1.8924
2012-05-15,2012-06-13,21,0.9683,12.2586
2012-05-16,2012-06-14,21,1.6162,21.2142
2012-05-17,2012-06-15,21,0.9942,12.6054
2012-05-18,2012-06-18,21,1.0992,14.0179
2012-05-21,2012-06-19,21,0.7428,9.287
2012-05-22,2012-06-20,21,0.2318,2.8178
2012-05-23,2012-06-21,21,0.0989,1.1935
2012-05-24,2012-06-25,21,-0.8637,-9.8855
2012-05-25,2012-06-26,21,-0.4956,-5.7881
2012-05-28,2012-06-27,21,-1.4768,-16.3505
2012-05-29,2012-06-28,21,-2.0257,-21.7747
2012-05-30,2012-06-29,21,-1.4062,-15.6286
2012-05-31,2012-07-02,21,-1.1267,-12.7132
2012-06-01,2012-07-03,21,-0.7172,-8.2754
2012-06-04,2012-07-04,21,-0.9286,-10.5911
2012-06-05,2012-07-05,21,-1.3157,-14.6941
2012-06-06,2012-07-06,21,-1.1128,-12.5661
2012-06-07,2012-07-09,21,-1.7512,-19.104
2012-06-08,2012-07-10,21,-1.1057,-12.4901
2012-06-11,2012-07-11,21,-1.7377,-18.9708
2012-06-12,2012-07-12,21,-1.2682,-14.2002
2012-06-13,2012-07-13,21,-1.9893,-21.4253
2012-06-14,2012-07-16,21,-2.5928,-27.0385
2012-06-15,2012-07-17,21,-2.4709,-25.9357
2012-06-18,2012-07-18,21,-2.625,-27.3272
2012-06-19,2012-07-19,21,-2.346,-24.7893
2012-06-20,2012-07-20,21,-2.1749,-23.1922
2012-06-21,2012-07-23,21,-1.9592,-21.1351
2012-06-25,2012-07-24,21,-0.7345,-8.4666
2012-06-26,2012-07-25,21,-0.9816,-11.1637
2012-06-27,2012-07-26,21,-0.4892,-5.7155
2012-06-28,2012-07-27,21,-0.1862,-2.2119
2012-06-29,2012-07-30,21,-0.9559,-10.8867
2012-07-02,2012-07-31,21,-1.8212,-19.7932
2012-07-03,2012-08-01,21,-1.846,-20.0354
2012-07-04,2012-08-02,21,-2.1899,-23.3342
2012-07-05,2012-08-03,21,-1.3497,-15.0463
2012-07-06,2012-08-06,21,-0.7914,-9.0945
2012-07-09,2012-08-07,21,0.398,4.8825
2012-07-10,2012-08-08,21,0.4371,5.3731
2012-07-11,2012-08-09,21,0.779,9.7594
2012-07-12,2012-08-10,21,0.4258,5.2306
2012-07-13,2012-08-13,21,-0.0142,-0.1707
2012-07-16,2012-08-14,21,0.791,9.9167
2012-07-17,2012-08-15,21,0.043,0.5171
2012-07-18,2012-08-16,21,-0.038,-0.4548
2012-07-19,2012-08-17,21,-0.039,-0.4667
2012-07-20,2012-08-20,21,0.0897,1.0819
2012-07-23,2012-08-21,21,0.8658,10.8985
2012-07-24,2012-08-22,21,0.6923,8.631
2012-07-25,2012-08-23,21,1.4858,19.3613
2012-07-26,2012-08-24,21,0.7218,9.0134
2012-07-27,2012-08-27,21,0.1933,2.3445
2012-07-30,2012-08-28,21,0.6768,8.4307
2012-07-31,2012-08-29,21,1.0043,12.7403
2012-08-01,2012-08-30,21,0.1233,1.4895
2012-08-02,2012-08-31,21,0.5616,6.9515
2012-08-03,2012-09-03,21,1.1528,14.7455
2012-08-06,2012-09-04,21,0.1192,1.4397
2012-08-07,2012-09-05,21,-0.0449,-0.5375
2012-08-08,2012-09-06,21,0.5796,7.1815
2012-08-09,2012-09-07,21,0.6925,8.6341
2012-08-10,2012-09-10,21,1.6805,22.1386
2012-08-13,2012-09-11,21,1.9642,26.2916
2012-08-14,2012-09-12,21,2.0881,28.145
2012-08-15,2012-09-13,21,2.1295,28.7702
2012-08-16,2012-09-14,21,3.0171,42.8599
2012-08-17,2012-09-17,21,1.9023,25.3745
2012-08-20,2012-09-18,21,1.6036,21.0352
2012-08-21,2012-09-19,21,1.6704,21.9922
2012-08-22,2012-09-20,21,0.6621,8.2415
2012-08-23,2012-09-21,21,-0.0026,-0.0306
2012-08-24,2012-09-24,21,0.4611,5.6758
2012-08-27,2012-09-25,21,0.8172,10.2588
2012-08-28,2012-09-26,21,0.3358,4.1044
2012-08-29,2012-09-27,21,0.8735,11.0008
2012-08-30,2012-09-28,21,2.2745,30.9814
2012-08-31,2012-10-08,21,1.7633,23.3374
2012-09-03,2012-10-09,21,1.4788,19.2619
2012-09-04,2012-10-10,21,1.8079,23.9875
2012-09-05,2012-10-11,21,1.2952,16.6985
2012-09-06,2012-10-12,21,0.7999,10.0328
2012-09-07,2012-10-15,21,-0.4039,-4.7408
2012-09-10,2012-10-16,21,-1.1872,-13.3516
2012-09-11,2012-10-17,21,-0.9197,-10.4947
2012-09-12,2012-10-18,21,-0.7373,-8.4969
2012-09-13,2012-10-19,21,-0.5381,-6.2697
2012-09-14,2012-10-22,21,-1.2256,-13.7557
2012-09-17,2012-10-23,21,-0.7393,-8.5194
2012-09-18,2012-10-24,21,-0.6413,-7.4299
2012-09-19,2012-10-25,21,-1.3354,-14.8985
2012-09-20,2012-10-26,21,-1.0524,-11.9226
2012-09-21,2012-10-29,21,-0.8814,-10.0784
2012-09-24,2012-10-30,21,-0.8382,-9.6074
2012-09-25,2012-10-31,21,-0.6489,-7.5146
2012-09-26,2012-11-01,21,0.7616,9.5324
2012-09-27,2012-11-02,21,0.1065,1.2858
2012-09-28,2012-11-05,21,-1.2223,-13.7208
2012-10-08,2012-11-06,21,-0.8702,-9.9569
2012-10-09,2012-11-07,21,-1.0066,-11.4327
2012-10-10,2012-11-08,21,-1.7815,-19.4028
2012-10-11,2012-11-09,21,-1.2529,-14.0408
2012-10-12,2012-11-12,21,-1.1246,-12.6905
2012-10-15,2012-11-13,21,-1.2552,-14.0649
2012-10-16,2012-11-14,21,-1.1578,-13.042
2012-10-17,2012-11-15,21,-1.7962,-19.5475
2012-10-18,2012-11-16,21,-2.452,-25.763
2012-10-19,2012-11-19,21,-1.969,-21.2297
2012-10-22,2012-11-20,21,-1.9007,-20.5686
2012-10-23,2012-11-21,21,-1.4801,-16.3844
2012-10-24,2012-11-22,21,-1.5282,-16.8726
2012-10-25,2012-11-23,21,-1.189,-13.3713
2012-10-26,2012-11-26,21,-0.5636,-6.5571
2012-10-29,2012-11-27,21,-1.5827,-17.423
2012-10-30,2012-11-28,21,-2.2477,-23.8754
2012-10-31,2012-11-29,21,-2.8135,-28.9974
2012-11-01,2012-11-30,21,-3.0773,-31.2766
2012-11-02,2012-12-03,21,-3.645,-35.9543
2012-11-05,2012-12-04,21,-3.1314,-31.735
2012-11-06,2012-12-05,21,-2.2536,-23.9309
2012-11-07,2012-12-06,21,-3.0211,-30.7971
2012-11-08,2012-12-07,21,-1.6423,-18.0215
2012-11-09,2012-12-10,21,-1.3287,-14.8293
2012-11-12,2012-12-11,21,-1.5587,-17.1809
2012-11-13,2012-12-12,21,-0.8395,-9.6219
2012-11-14,2012-12-13,21,-1.5395,-16.9875
2012-11-15,2012-12-14,21,0.0154,0.1844
2012-11-16,2012-12-17,21,0.429,5.2714
2012-11-19,2012-12-18,21,0.4062,4.985
2012-11-20,2012-12-19,21,0.0866,1.0439
2012-11-21,2012-12-20,21,-0.057,-0.6821
2012-11-22,2012-12-21,21,-0.1964,-2.3321
2012-11-23,2012-12-24,21,-0.001,-0.012
2012-11-26,2012-12-25,21,0.573,7.0972
2012-11-27,2012-12-26,21,1.9417,25.9577
2012-11-28,2012-12-27,21,2.5207,34.8151
2012-11-29,2012-12-28,21,3.4929,50.9833
2012-11-30,2013-01-04,21,2.942,41.615
2012-12-03,2013-01-07,21,4.2378,64.5527
2012-12-04,2013-01-08,21,4.3358,66.4189
2012-12-05,2013-01-09,21,3.4758,50.6843
2012-12-06,2013-01-10,21,3.8374,57.1245
2012-12-07,2013-01-11,21,2.4713,34.0374
2012-12-10,2013-01-14,21,2.7914,39.1486
2012-12-11,2013-01-15,21,3.545,51.898
2012-12-12,2013-01-16,21,3.6674,54.0653
2012-12-13,2013-01-17,21,3.8706,57.7296
2012-12-14,2013-01-18,21,3.2694,47.1168
2012-12-17,2013-01-21,21,3.3448,48.4106
2012-12-18,2013-01-22,21,2.7952,39.2116
2012-12-19,2013-01-23,21,3.0856,44.0048
2012-12-20,2013-01-24,21,2.2732,30.9618
2012-12-21,2013-01-25,21,2.5355,35.0487
2012-12-24,2013-01-28,21,2.7422,38.3519
2012-12-25,2013-01-29,21,2.5402,35.1233
2012-12-26,2013-01-30,21,2.3667,32.4057
2012-12-27,2013-01-31,21,2.5404,35.1268
2012-12-28,2013-02-01,21,2.1711,29.4002
2013-01-04,2013-02-04,21,2.0849,28.096
2013-01-07,2013-02-05,21,2.1146,28.5447
2013-01-08,2013-02-06,21,2.0569,27.6755
2013-01-09,2013-02-07,21,1.9511,26.0966
2013-01-10,2013-02-08,21,2.161,29.2472
2013-01-11,2013-02-18,21,1.9779,26.4949
2013-01-14,2013-02-19,21,0.6287,7.8104
2013-01-15,2013-02-20,21,0.5675,7.0263
2013-01-16,2013-02-21,21,-0.7497,-8.6347
2013-01-17,2013-02-22,21,-0.1926,-2.2867
2013-01-18,2013-02-25,21,-0.4783,-5.5915
2013-01-21,2013-02-26,21,-1.0127,-11.4982
2013-01-22,2013-02-27,21,-0.4244,-4.9758
2013-01-23,2013-02-28,21,-0.0214,-0.2569
2013-01-24,2013-03-01,21,0.809,10.1512
2013-01-25,2013-03-04,21,-0.0357,-0.4279
2013-01-28,2013-03-05,21,0.0698,0.8409
2013-01-29,2013-03-06,21,0.1006,1.2134
2013-01-30,2013-03-07,21,-0.3282,-3.8679
2013-01-31,2013-03-08,21,-0.7088,-8.1813
2013-02-01,2013-03-11,21,-0.6198,-7.1894
2013-02-04,2013-03-12,21,-1.2445,-13.9528
2013-02-05,2013-03-13,21,-1.6855,-18.452
2013-02-06,2013-03-14,21,-1.7682,-19.2718
2013-02-07,2013-03-15,21,-1.7864,-19.4513
2013-02-08,2013-03-18,21,-2.3901,-25.1961
2013-02-18,2013-03-19,21,-1.5086,-16.6737
2013-02-19,2013-03-20,21,-0.3476,-4.092
2013-02-20,2013-03-21,21,-0.5992,-6.9578
2013-02-21,2013-03-22,21,0.6697,8.3392
2013-02-22,2013-03-25,21,0.3435,4.2004
2013-02-25,2013-03-26,21,-0.1599,-1.9018
2013-02-26,2013-03-27,21,0.1181,1.427
2013-02-27,2013-03-28,21,-0.7434,-8.5654
2013-02-28,2013-03-29,21,-1.2366,-13.8704
2013-03-01,2013-04-01,21,-1.121,-12.6532
2013-03-04,2013-04-02,21,-0.446,-5.2229
2013-03-05,2013-04-03,21,-1.849,-20.065
2013-03-06,2013-04-08,21,-1.7928,-19.5137
2013-03-07,2013-04-09,21,-1.3677,-15.2325
2013-03-08,2013-04-10,21,-0.9095,-10.3842
2013-03-11,2013-04-11,21,-1.5809,-17.4056
2013-03-12,2013-04-12,21,-1.1095,-12.5306
2013-03-13,2013-04-15,21,-2.5944,-27.0527
2013-03-14,2013-04-16,21,-4.0908,-39.4208
2013-03-15,2013-04-17,21,-4.1056,-39.5326
2013-03-18,2013-04-18,21,-3.6602,-36.0749
2013-03-19,2013-04-19,21,-2.8148,-29.0095
2013-03-20,2013-04-22,21,-3.3891,-33.8827
2013-03-21,2013-04-23,21,-4.2167,-40.3682
2013-03-22,2013-04-24,21,-3.6137,-35.7043
2013-03-25,2013-04-25,21,-3.5615,-35.2852
2013-03-26,2013-04-26,21,-3.3267,-33.3687
2013-03-27,2013-05-02,21,-3.5665,-35.3256
2013-03-28,2013-05-03,21,-2.1764,-23.2068
2013-03-29,2013-05-06,21,-1.6732,-18.3303
2013-04-01,2013-05-07,21,-2.0862,-22.3527
2013-04-02,2013-05-08,21,-1.5657,-17.2515
2013-04-03,2013-05-09,21,-0.5766,-6.7034
2013-04-08,2013-05-10,21,-0.8458,-9.6902
2013-04-09,2013-05-13,21,-1.4515,-16.0923
2013-04-10,2013-05-14,21,-1.7304,-18.8978
2013-04-11,2013-05-15,21,-1.2129,-13.6219
2013-04-12,2013-05-16,21,-1.0055,-11.4203
2013-04-15,2013-05-17,21,0.6858,8.5478
2013-04-16,2013-05-20,21,2.1028,28.367
2013-04-17,2013-05-21,21,3.2507,46.796
2013-04-18,2013-05-22,21,2.8145,39.5258
2013-04-19,2013-05-23,21,1.2063,15.4758
2013-04-22,2013-05-24,21,1.6458,21.6398
2013-04-23,2013-05-27,21,2.7083,37.8057
2013-04-24,2013-05-28,21,1.8642,24.8126
2013-04-25,2013-05-29,21,2.0902,28.1768
2013-04-26,2013-05-30,21,2.5918,35.9409
2013-05-02,2013-05-31,21,2.8572,40.2217
2013-05-03,2013-06-03,21,1.4118,18.3212
2013-05-06,2013-06-04,21,0.6112,7.5857
2013-05-07,2013-06-05,21,0.9562,12.0978
2013-05-08,2013-06-06,21,0.0834,1.0051
2013-05-09,2013-06-07,21,-0.414,-4.8567
2013-05-10,2013-06-13,21,-1.4764,-16.3462
2013-05-13,2013-06-14,21,-0.6612,-7.652
2013-05-14,2013-06-17,21,-0.3476,-4.0925
2013-05-15,2013-06-18,21,-0.3545,-4.1725
2013-05-16,2013-06-19,21,-0.5889,-6.8429
2013-05-17,2013-06-20,21,-2.1714,-23.1597
2013-05-20,2013-06-21,21,-2.6045,-27.144
2013-05-21,2013-06-24,21,-5.5758,-49.7661
2013-05-22,2013-06-25,21,-5.3475,-48.2886
2013-05-23,2013-06-26,21,-5.1176,-46.7612
2013-05-24,2013-06-27,21,-6.0258,-52.5648
2013-05-27,2013-06-28,21,-6.8994,-57.5936
2013-05-28,2013-07-01,21,-5.6508,-50.2426
2013-05-29,2013-07-02,21,-5.1612,-47.0539
2013-05-30,2013-07-03,21,-5.7549,-50.8975
2013-05-31,2013-07-04,21,-5.4847,-49.1809
2013-06-03,2013-07-05,21,-5.323,-48.1276
2013-06-04,2013-07-08,21,-6.3717,-54.618
2013-06-05,2013-07-09,21,-5.6222,-50.0613
2013-06-06,2013-07-10,21,-4.5568,-42.8601
2013-06-07,2013-07-11,21,-2.9752,-30.4028
2013-06-13,2013-07-12,21,-2.4347,-25.6045
2013-06-14,2013-07-15,21,-2.1577,-23.0306
2013-06-17,2013-07-16,21,-2.0156,-21.6783
2013-06-18,2013-07-17,21,-2.2381,-23.7856
2013-06-19,2013-07-18,21,-2.2366,-23.7716
2013-06-20,2013-07-19,21,-1.1916,-13.398
2013-06-21,2013-07-22,21,0.4939,6.0899
2013-06-24,2013-07-23,21,3.422,49.7455
2013-06-25,2013-07-24,21,3.7551,55.6368
2013-06-26,2013-07-25,21,3.0151,42.8264
2013-06-27,2013-07-26,21,3.6588,53.913
2013-06-28,2013-07-29,21,3.5765,52.4523
2013-07-01,2013-07-30,21,2.0104,26.9792
2013-07-02,2013-07-31,21,1.7269,22.8092
2013-07-03,2013-08-01,21,2.3754,32.5394
2013-07-04,2013-08-02,21,1.5196,19.8394
2013-07-05,2013-08-05,21,2.8523,40.1419
2013-07-08,2013-08-06,21,4.3887,67.4326
2013-07-09,2013-08-07,21,2.9555,41.8389
2013-07-10,2013-08-08,21,2.553,35.3252
2013-07-11,2013-08-09,21,1.4702,19.1412
2013-07-12,2013-08-12,21,2.807,39.4037
2013-07-15,2013-08-13,21,2.3706,32.4659
2013-07-16,2013-08-14,21,1.6452,21.6309
2013-07-17,2013-08-15,21,1.992,26.7049
2013-07-18,2013-08-16,21,2.1251,28.7033
2013-07-19,2013-08-19,21,3.2377,46.5747
2013-07-22,2013-08-20,21,1.7611,23.3053
2013-07-23,2013-08-21,21,1.3437,17.3715
2013-07-24,2013-08-22,21,1.0258,13.0284
2013-07-25,2013-08-23,21,2.0444,27.4887
2013-07-26,2013-08-26,21,2.7921,39.1606
2013-07-29,2013-08-27,21,3.8476,57.3111
2013-07-30,2013-08-28,21,4.2181,64.1791
2013-07-31,2013-08-29,21,3.4893,50.9188
2013-08-01,2013-08-30,21,2.6992,37.6596
2013-08-02,2013-09-02,21,3.2962,47.5748
2013-08-05,2013-09-03,21,2.6075,36.1908
2013-08-06,2013-09-04,21,3.0917,44.1068
2013-08-07,2013-09-05,21,3.2514,46.8083
2013-08-08,2013-09-06,21,2.9262,41.3554
2013-08-09,2013-09-09,21,3.0347,43.1535
2013-08-12,2013-09-10,21,2.2742,30.9769
2013-08-13,2013-09-11,21,1.533,20.0289
2013-08-14,2013-09-12,21,1.6681,21.9602
2013-08-15,2013-09-13,21,1.1096,14.1582
2013-08-16,2013-09-16,21,1.4871,19.3801
2013-08-19,2013-09-17,21,0.2169,2.6345
2013-08-20,2013-09-18,21,0.6539,8.1352
2013-08-21,2013-09-23,21,1.1653,14.9152
2013-08-22,2013-09-24,21,1.1599,14.8425
2013-08-23,2013-09-25,21,0.9628,12.185
2013-08-26,2013-09-26,21,-0.3742,-4.3992
2013-08-27,2013-09-27,21,-0.6358,-7.3682
2013-08-28,2013-09-30,21,-0.2372,-2.8095
2013-08-29,2013-10-08,21,0.2769,3.3734
2013-08-30,2013-10-09,21,0.7762,9.723
2013-09-02,2013-10-10,21,0.3293,4.0238
2013-09-03,2013-10-11,21,0.2085,2.531
2013-09-04,2013-10-14,21,-0.0663,-0.7931
2013-09-05,2013-10-15,21,0.1623,1.9656
2013-09-06,2013-10-16,21,-0.2881,-3.4031
2013-09-09,2013-10-17,21,-1.076,-12.1745
2013-09-10,2013-10-18,21,-0.3288,-3.8748
2013-09-11,2013-10-21,21,0.7235,9.0365
2013-09-12,2013-10-22,21,0.6789,8.4582
2013-09-13,2013-10-23,21,0.8158,10.2411
2013-09-16,2013-10-24,21,0.5456,6.7469
2013-09-17,2013-10-25,21,0.553,6.8415
2013-09-18,2013-10-28,21,0.5349,6.6114
2013-09-23,2013-10-29,21,-0.9663,-10.9988
2013-09-24,2013-10-30,21,-0.649,-7.5157
2013-09-25,2013-10-31,21,-1.1319,-12.7682
2013-09-26,2013-11-01,21,-0.9198,-10.4964
2013-09-27,2013-11-04,21,-0.746,-8.594
2013-09-30,2013-11-05,21,-1.0357,-11.7441
2013-10-08,2013-11-06,21,-1.5065,-16.6531
2013-10-09,2013-11-07,21,-1.84,-19.9775
2013-10-10,2013-11-08,21,-2.0061,-21.5866
2013-10-11,2013-11-11,21,-2.4215,-25.4841
2013-10-14,2013-11-12,21,-2.3081,-24.4378
2013-10-15,2013-11-13,21,-2.8114,-28.9792
2013-10-16,2013-11-14,21,-1.9795,-21.3314
2013-10-17,2013-11-15,21,-1.1466,-12.9238
2013-10-18,2013-11-18,21,-1.4547,-16.1254
2013-10-21,2013-11-19,21,-2.2276,-23.6879
2013-10-22,2013-11-20,21,-1.5822,-17.4183
2013-10-23,2013-11-21,21,-1.8123,-19.7052
2013-10-24,2013-11-22,21,-1.8459,-20.0344
2013-10-25,2013-11-25,21,-1.5601,-17.1958
2013-10-28,2013-11-26,21,-1.125,-12.6953
2013-10-29,2013-11-27,21,-0.2842,-3.3574
2013-10-30,2013-11-28,21,-0.5035,-5.8777
2013-10-31,2013-11-29,21,0.231,2.8073
2013-11-01,2013-12-02,21,-0.6367,-7.3786
2013-11-04,2013-12-03,21,-0.5833,-6.7793
2013-11-05,2013-12-04,21,-0.475,-5.5535
2013-11-06,2013-12-05,21,0.0995,1.2011
2013-11-07,2013-12-06,21,0.1141,1.3783
2013-11-08,2013-12-09,21,0.9823,12.4455
2013-11-11,2013-12-10,21,1.5151,19.7753
2013-11-12,2013-12-11,21,1.2585,16.1929
2013-11-13,2013-12-12,21,1.8864,25.1394
2013-11-14,2013-12-13,21,0.8667,10.9112
2013-11-15,2013-12-16,21,-0.0994,-1.1864
2013-11-18,2013-12-17,21,-0.6605,-7.644
2013-11-19,2013-12-18,21,-0.6823,-7.8875
2013-11-20,2013-12-19,21,-1.4432,-16.0077
2013-11-21,2013-12-20,21,-1.7068,-18.6639
2013-11-22,2013-12-23,21,-1.4057,-15.6236
2013-11-25,2013-12-24,21,-1.044,-11.8334
2013-11-26,2013-12-25,21,-1.0622,-12.027
2013-11-27,2013-12-26,21,-1.6572,-18.1702
2013-11-28,2013-12-27,21,-1.1621,-13.0872
2013-11-29,2013-12-30,21,-1.4511,-16.0883
2013-12-02,2014-01-02,21,0.1334,1.6128
2013-12-03,2014-01-03,21,-0.1662,-1.9762
2013-12-04,2014-01-06,21,-1.225,-13.7491
2013-12-05,2014-01-07,21,-1.343,-14.9777
2013-12-06,2014-01-08,21,-1.379,-15.3491
2013-12-09,2014-01-09,21,-1.9102,-20.6614
2013-12-10,2014-01-10,21,-2.4956,-26.1606
2013-12-11,2014-01-13,21,-2.2509,-23.9053
2013-12-12,2014-01-14,21,-1.7377,-18.9702
2013-12-13,2014-01-15,21,-1.3174,-14.7121
2013-12-16,2014-01-16,21,-0.9303,-10.6095
2013-12-17,2014-01-17,21,-1.2609,-14.1244
2013-12-18,2014-01-20,21,-0.9999,-11.3605
2013-12-19,2014-01-21,21,-0.2461,-2.9137
2013-12-20,2014-01-22,21,1.0521,13.3821
2013-12-23,2014-01-23,21,0.9962,12.6314
2013-12-24,2014-01-24,21,1.7225,22.7447
2013-12-25,2014-01-27,21,1.3851,17.9484
2013-12-26,2014-01-28,21,1.6245,21.3332
2013-12-27,2014-01-29,21,1.1948,15.3179
2013-12-30,2014-01-30,21,1.1936,15.302
2014-01-02,2014-02-07,21,1.1567,14.7985
2014-01-03,2014-02-10,21,2.1988,29.8226
2014-01-06,2014-02-11,21,3.1807,45.607
2014-01-07,2014-02-12,21,3.35,48.4992
2014-01-08,2014-02-13,21,3.2857,47.3952
2014-01-09,2014-02-14,21,4.4114,67.8714
2014-01-10,2014-02-17,21,5.7925,96.5442
2014-01-13,2014-02-18,21,5.4042,88.0588
2014-01-14,2014-02-19,21,4.8396,76.3207
2014-01-15,2014-02-20,21,4.4008,67.6666
2014-01-16,2014-02-21,21,4.2516,64.8135
2014-01-17,2014-02-24,21,4.6338,72.2127
2014-01-20,2014-02-25,21,3.7781,56.0524
2014-01-21,2014-02-26,21,3.8244,56.8895
2014-01-22,2014-02-27,21,2.7166,37.9384
2014-01-23,2014-02-28,21,2.944,41.6491
2014-01-24,2014-03-03,21,2.9806,42.2534
2014-01-27,2014-03-04,21,2.6855,37.4382
2014-01-28,2014-03-05,21,2.7058,37.7647
2014-01-29,2014-03-06,21,2.4344,33.4601
2014-01-30,2014-03-07,21,2.6962,37.6105
2014-02-07,2014-03-10,21,0.7605,9.517
2014-02-10,2014-03-11,21,0.064,0.7712
2014-02-11,2014-03-12,21,0.1936,2.3476
2014-02-12,2014-03-13,21,0.4213,5.1738
2014-02-13,2014-03-14,21,0.5978,7.4139
2014-02-14,2014-03-17,21,0.6322,7.8558
2014-02-17,2014-03-18,21,-0.514,-5.9971
2014-02-18,2014-03-19,21,-0.4196,-4.9209
2014-02-19,2014-03-20,21,-1.3393,-14.9395
2014-02-20,2014-03-21,21,-0.4667,-5.4587
2014-02-21,2014-03-24,21,-0.3549,-4.1767
2014-02-24,2014-03-25,21,-0.6416,-7.4335
2014-02-25,2014-03-26,21,0.2192,2.6623
2014-02-26,2014-03-27,21,-0.7058,-8.1483
2014-02-27,2014-03-28,21,-0.609,-7.0679
2014-02-28,2014-03-31,21,-1.147,-12.9278
2014-03-03,2014-04-01,21,-1.6913,-18.5106
2014-03-04,2014-04-02,21,-1.4909,-16.4945
2014-03-05,2014-04-03,21,-1.1851,-13.33
2014-03-06,2014-04-04,21,-0.9322,-10.6306
2014-03-07,2014-04-08,21,-0.4361,-5.1095
2014-03-10,2014-04-09,21,1.1964,15.3409
2014-03-11,2014-04-10,21,1.2005,15.3965
2014-03-12,2014-04-11,21,0.7167,8.948
2014-03-13,2014-04-14,21,0.6004,7.4481
2014-03-14,2014-04-15,21,0.2445,2.9741
2014-03-17,2014-04-16,21,-0.7783,-8.9505
2014-03-18,2014-04-17,21,-0.6652,-7.6964
2014-03-19,2014-04-18,21,-0.4779,-5.5867
2014-03-20,2014-04-21,21,-0.1258,-1.4993
2014-03-21,2014-04-22,21,-0.6037,-7.0083
2014-03-24,2014-04-23,21,-0.8636,-9.8851
2014-03-25,2014-04-24,21,-0.9594,-10.924
2014-03-26,2014-04-25,21,-1.4038,-15.6042
2014-03-27,2014-04-28,21,-1.2703,-14.2229
2014-03-28,2014-04-29,21,-0.6214,-7.2067
2014-03-31,2014-04-30,21,-0.1863,-2.2126
2014-04-01,2014-05-05,21,0.0783,0.9434
2014-04-02,2014-05-06,21,0.2651,3.2283
2014-04-03,2014-05-07,21,-0.3322,-3.9146
2014-04-04,2014-05-08,21,-0.8483,-9.7177
2014-04-08,2014-05-09,21,-1.7448,-19.0408
2014-04-09,2014-05-12,21,-1.3954,-15.5176
2014-04-10,2014-05-13,21,-1.588,-17.477
2014-04-11,2014-05-14,21,-1.4281,-15.8529
2014-04-14,2014-05-15,21,-2.1659,-23.1081
2014-04-15,2014-05-16,21,-1.8551,-20.1249
2014-04-16,2014-05-19,21,-1.6686,-18.2844
2014-04-17,2014-05-20,21,-1.6236,-17.8343
2014-04-18,2014-05-21,21,-1.4222,-15.7932
2014-04-21,2014-05-22,21,-0.8192,-9.3997
2014-04-22,2014-05-23,21,-0.5928,-6.8863
2014-04-23,2014-05-26,21,-0.1778,-2.1124
2014-04-24,2014-05-27,21,-0.0997,-1.1898
2014-04-25,2014-05-28,21,0.1571,1.9013
2014-04-28,2014-05-29,21,0.1057,1.2757
2014-04-29,2014-05-30,21,0.0686,0.8262
2014-04-30,2014-06-03,21,-0.3894,-4.5739
2014-05-05,2014-06-04,21,-1.0848,-12.2685
2014-05-06,2014-06-05,21,-1.0699,-12.1092
2014-05-07,2014-06-06,21,-0.4295,-5.0342
2014-05-08,2014-06-09,21,-0.3126,-3.6878
2014-05-09,2014-06-10,21,0.2316,2.815
2014-05-12,2014-06-11,21,-0.1329,-1.5833
2014-05-13,2014-06-12,21,-0.2551,-3.0188
2014-05-14,2014-06-13,21,0.1969,2.389
2014-05-15,2014-06-16,21,0.9458,11.9595
2014-05-16,2014-06-17,21,0.5672,7.0222
2014-05-19,2014-06-18,21,0.532,6.5744
2014-05-20,2014-06-19,21,0.1666,2.0172
2014-05-21,2014-06-20,21,0.7781,9.747
2014-05-22,2014-06-23,21,1.0295,13.0774
2014-05-23,2014-06-24,21,0.8637,10.8712
2014-05-26,2014-06-25,21,0.3856,4.7272
2014-05-27,2014-06-26,21,0.8917,11.2406
2014-05-28,2014-06-27,21,1.2636,16.2633
2014-05-29,2014-06-30,21,1.9225,25.6728
2014-05-30,2014-07-01,21,2.1179,28.5951
2014-06-03,2014-07-02,21,2.5858,35.846
2014-06-04,2014-07-03,21,2.9964,42.5155
2014-06-05,2014-07-04,21,2.6432,36.7608
2014-06-06,2014-07-07,21,2.3105,31.535
2014-06-09,2014-07-08,21,2.8114,39.4744
2014-06-10,2014-07-09,21,2.2832,31.1153
2014-06-11,2014-07-10,21,2.0742,27.9352
2014-06-12,2014-07-11,21,2.7193,37.9824
2014-06-13,2014-07-14,21,2.22,30.1464
2014-06-16,2014-07-15,21,1.6828,22.1721
2014-06-17,2014-07-16,21,1.8074,23.9798
2014-06-18,2014-07-17,21,1.8648,24.8209
2014-06-19,2014-07-18,21,2.5371,35.0744
2014-06-20,2014-07-21,21,1.5755,20.6331
2014-06-23,2014-07-22,21,1.5082,19.678
2014-06-24,2014-07-23,21,1.2029,15.4286
2014-06-25,2014-07-24,21,1.2533,16.1215
2014-06-26,2014-07-25,21,1.0306,13.0932
2014-06-27,2014-07-28,21,1.4973,19.523
2014-06-30,2014-07-29,21,1.6271,21.3715
2014-07-01,2014-07-30,21,1.2182,15.6382
2014-07-02,2014-07-31,21,1.1958,15.3324
2014-07-03,2014-08-01,21,0.4788,5.8996
2014-07-04,2014-08-04,21,1.2089,15.5116
2014-07-07,2014-08-05,21,1.4266,18.5282
2014-07-08,2014-08-06,21,1.3006,16.7734
2014-07-09,2014-08-07,21,1.563,20.4555
2014-07-10,2014-08-08,21,1.8722,24.9297
2014-07-11,2014-08-11,21,1.5275,19.9509
2014-07-14,2014-08-12,21,1.6805,22.1389
2014-07-15,2014-08-13,21,1.8564,24.6977
2014-07-16,2014-08-14,21,2.1793,29.5258
2014-07-17,2014-08-15,21,2.5268,34.9118
2014-07-18,2014-08-18,21,2.4186,33.2123
2014-07-21,2014-08-19,21,2.5103,34.6504
2014-07-22,2014-08-20,21,2.2248,30.2186
2014-07-23,2014-08-21,21,2.1036,28.3793
2014-07-24,2014-08-22,21,2.5161,34.7425
2014-07-25,2014-08-25,21,2.1511,29.0974
2014-07-28,2014-08-26,21,1.1653,14.9152
2014-07-29,2014-08-27,21,0.8928,11.256
2014-07-30,2014-08-28,21,0.7607,9.5207
2014-07-31,2014-08-29,21,0.8903,11.2231
2014-08-01,2014-09-01,21,1.8253,24.2423
2014-08-04,2014-09-02,21,1.3439,17.3732
2014-08-05,2014-09-03,21,1.3357,17.2594
2014-08-06,2014-09-04,21,1.42,18.436
2014-08-07,2014-09-05,21,1.4497,18.8523
2014-08-08,2014-09-09,21,1.1101,14.1655
2014-08-11,2014-09-10,21,0.9502,12.0172
2014-08-12,2014-09-11,21,0.6072,7.5352
2014-08-13,2014-09-12,21,0.7039,8.782
2014-08-14,2014-09-15,21,1.0614,13.5077
2014-08-15,2014-09-16,21,-0.0714,-0.8536
2014-08-18,2014-09-17,21,0.0698,0.8413
2014-08-19,2014-09-18,21,-0.0024,-0.0292
2014-08-20,2014-09-19,21,0.1942,2.3552
2014-08-21,2014-09-22,21,-0.0915,-1.0929
2014-08-22,2014-09-23,21,0.0875,1.0555
2014-08-25,2014-09-24,21,0.8595,10.8152
2014-08-26,2014-09-25,21,0.8232,10.3376
2014-08-27,2014-09-26,21,1.2677,16.3197
2014-08-28,2014-09-29,21,1.627,21.3689
2014-08-29,2014-09-30,21,1.5074,19.6671
2014-09-01,2014-10-08,21,1.4534,18.9054
2014-09-02,2014-10-09,21,1.4763,19.2277
2014-09-03,2014-10-10,21,1.2078,15.4958
2014-09-04,2014-10-13,21,1.1822,15.1455
2014-09-05,2014-10-14,21,1.063,13.529
2014-09-09,2014-10-15,21,0.9791,12.4035
2014-09-10,2014-10-16,21,0.7507,9.3898
2014-09-11,2014-10-17,21,0.6953,8.6705
2014-09-12,2014-10-20,21,0.9636,12.1967
2014-09-15,2014-10-21,21,0.6342,7.8815
2014-09-16,2014-10-22,21,1.124,14.3539
2014-09-17,2014-10-23,21,0.3822,4.6843
2014-09-18,2014-10-24,21,0.348,4.2564
2014-09-19,2014-10-27,21,0.3198,3.906
2014-09-22,2014-10-28,21,1.4626,19.0336
2014-09-23,2014-10-29,21,1.4709,19.1505
2014-09-24,2014-10-30,21,0.4583,5.6401
2014-09-25,2014-10-31,21,0.2477,3.0137
2014-09-26,2014-11-03,21,-0.3309,-3.8991
2014-09-29,2014-11-04,21,-0.4899,-5.7234
2014-09-30,2014-11-05,21,-1.2784,-14.307
2014-10-08,2014-11-06,21,-1.4359,-15.9327
2014-10-09,2014-11-07,21,-1.8176,-19.7579
2014-10-10,2014-11-10,21,-0.7756,-8.9206
2014-10-13,2014-11-11,21,-2.1422,-22.884
2014-10-14,2014-11-12,21,-1.2416,-13.923
2014-10-15,2014-11-13,21,-1.5579,-17.1736
2014-10-16,2014-11-14,21,-1.6039,-17.637
2014-10-17,2014-11-17,21,-0.3898,-4.5786
2014-10-20,2014-11-18,21,-0.6922,-7.997
2014-10-21,2014-11-19,21,-0.4107,-4.8189
2014-10-22,2014-11-20,21,-0.4043,-4.7456
2014-10-23,2014-11-21,21,0.5972,7.4071
2014-10-24,2014-11-24,21,1.3174,17.0066
2014-10-27,2014-11-25,21,1.604,21.0399
2014-10-28,2014-11-26,21,1.1345,14.4969
2014-10-29,2014-11-27,21,0.8798,11.0836
2014-10-30,2014-11-28,21,1.1541,14.7627
2014-10-31,2014-12-01,21,0.7768,9.7309
2014-11-03,2014-12-02,21,2.4783,34.1481
2014-11-04,2014-12-03,21,2.7175,37.9543
2014-11-05,2014-12-04,21,4.0686,61.3742
2014-11-06,2014-12-05,21,3.2355,46.5371
2014-11-07,2014-12-08,21,3.5772,52.4648
2014-11-10,2014-12-09,21,1.9932,26.7228
2014-11-11,2014-12-10,21,4.8137,75.7991
2014-11-12,2014-12-11,21,4.0391,60.8272
2014-11-13,2014-12-12,21,4.5872,71.2942
2014-11-14,2014-12-15,21,5.3185,86.2318
2014-11-17,2014-12-16,21,3.8598,57.5332
2014-11-18,2014-12-17,21,3.5641,52.2342
2014-11-19,2014-12-18,21,3.4949,51.017
2014-11-20,2014-12-19,21,3.7407,55.3785
2014-11-21,2014-12-22,21,2.0597,27.7183
2014-11-24,2014-12-23,21,0.5191,6.4098
2014-11-25,2014-12-24,21,0.4473,5.5011
2014-11-26,2014-12-25,21,0.7989,10.0198
2014-11-27,2014-12-26,21,1.0935,13.9406
2014-11-28,2014-12-29,21,1.2753,16.4242
2014-12-01,2014-12-30,21,1.5865,20.7905
2014-12-02,2015-01-05,21,0.9516,12.0368
2014-12-03,2015-01-06,21,1.2806,16.4964
2014-12-04,2015-01-07,21,0.7485,9.3613
2014-12-05,2015-01-08,21,1.0575,13.4544
2014-12-08,2015-01-09,21,0.8224,10.3277
2014-12-09,2015-01-12,21,1.3566,17.5509
2014-12-10,2015-01-13,21,0.3442,4.2095
2014-12-11,2015-01-14,21,0.0166,0.1989
2014-12-12,2015-01-15,21,0.1024,1.2361
2014-12-15,2015-01-16,21,0.708,8.8349
2014-12-16,2015-01-19,21,0.4484,5.5156
2014-12-17,2015-01-20,21,1.4834,19.3275
2014-12-18,2015-01-21,21,2.466,33.9543
2014-12-19,2015-01-22,21,2.5619,35.4662
2014-12-22,2015-01-23,21,3.6377,53.5372
2014-12-23,2015-01-26,21,5.2408,84.5902
2014-12-24,2015-01-27,21,4.7772,75.0662
2014-12-25,2015-01-28,21,4.2427,64.645
2014-12-26,2015-01-29,21,3.4548,50.3171
2014-12-29,2015-01-30,21,2.7307,38.1667
2014-12-30,2015-02-02,21,3.6782,54.2588
2015-01-05,2015-02-03,21,3.2257,46.3705
2015-01-06,2015-02-04,21,2.2504,30.6111
2015-01-07,2015-02-05,21,2.109,28.4608
2015-01-08,2015-02-06,21,1.7684,23.4121
2015-01-09,2015-02-09,21,1.185,15.1837
2015-01-12,2015-02-10,21,1.7032,22.4658
2015-01-13,2015-02-11,21,1.3798,17.8734
2015-01-14,2015-02-12,21,1.5008,19.5731
2015-01-15,2015-02-13,21,1.8471,24.5609
2015-01-16,2015-02-16,21,1.3573,17.5609
2015-01-19,2015-02-17,21,2.2243,30.2121
2015-01-20,2015-02-25,21,0.9857,12.4915
2015-01-21,2015-02-26,21,0.1968,2.3877
2015-01-22,2015-02-27,21,0.35,4.2822
2015-01-23,2015-03-02,21,1.1949,15.3191
2015-01-26,2015-03-03,21,0.2752,3.3524
2015-01-27,2015-03-04,21,0.725,9.0555
2015-01-28,2015-03-05,21,0.695,8.6666
2015-01-29,2015-03-06,21,0.6191,7.6876
2015-01-30,2015-03-09,21,1.1913,15.2709
2015-02-02,2015-03-10,21,0.9933,12.5923
2015-02-03,2015-03-11,21,0.4988,6.1521
2015-02-04,2015-03-12,21,0.8901,11.2199
2015-02-05,2015-03-13,21,1.1195,14.2926
2015-02-06,2015-03-16,21,2.7186,37.971
2015-02-09,2015-03-17,21,3.6526,53.802
2015-02-10,2015-03-18,21,3.4191,49.6958
2015-02-11,2015-03-19,21,3.858,57.5001
2015-02-12,2015-03-20,21,4.1967,63.7748
2015-02-13,2015-03-23,21,4.5747,71.0479
2015-02-16,2015-03-24,21,4.1959,63.7596
2015-02-17,2015-03-25,21,4.4496,68.6088
2015-02-25,2015-03-26,21,4.8039,75.6023
2015-02-26,2015-03-27,21,4.7482,74.4844
2015-02-27,2015-03-30,21,4.5677,70.9121
2015-03-02,2015-03-31,21,3.4892,50.9185
2015-03-03,2015-04-01,21,4.5644,70.847
2015-03-04,2015-04-02,21,5.1596,82.8885
2015-03-05,2015-04-03,21,5.6263,92.87
2015-03-06,2015-04-07,21,7.0451,126.3601
2015-03-09,2015-04-08,21,6.9273,123.3905
2015-03-10,2015-04-09,21,6.2739,107.5489
2015-03-11,2015-04-10,21,7.0574,126.6737
2015-03-12,2015-04-13,21,7.9889,151.507
2015-03-13,2015-04-14,21,7.4867,137.8243
2015-03-16,2015-04-15,21,5.2582,84.9577
2015-03-17,2015-04-16,21,5.5746,91.7393
2015-03-18,2015-04-17,21,5.5294,90.7571
2015-03-19,2015-04-20,21,4.5277,70.1289
2015-03-20,2015-04-21,21,4.972,79.0121
2015-03-23,2015-04-22,21,4.8727,76.9896
2015-03-24,2015-04-23,21,4.5622,70.8037
2015-03-25,2015-04-24,21,4.4122,67.8868
2015-03-26,2015-04-27,21,4.4346,68.3192
2015-03-27,2015-04-28,21,3.7271,55.1341
2015-03-30,2015-04-29,21,4.3985,67.6214
2015-03-31,2015-04-30,21,4.6497,72.5257
2015-04-01,2015-05-04,21,3.6724,54.1542
2015-04-02,2015-05-05,21,1.7583,23.2641
2015-04-03,2015-05-06,21,1.2127,15.5632
2015-04-07,2015-05-07,21,-0.1626,-1.9334
2015-04-08,2015-05-08,21,1.0866,13.8477
2015-04-09,2015-05-11,21,2.7927,39.1708
2015-04-10,2015-05-12,21,2.6353,36.634
2015-04-13,2015-05-13,21,2.2701,30.9134
2015-04-14,2015-05-14,21,2.968,42.0447
2015-04-15,2015-05-15,21,3.8818,57.9329
2015-04-16,2015-05-18,21,4.0076,60.2434
2015-04-17,2015-05-19,21,4.4043,67.7345
2015-04-20,2015-05-20,21,4.8425,76.3787
2015-04-21,2015-05-21,21,5.2887,85.6013
2015-04-22,2015-05-22,21,4.8261,76.0489
2015-04-23,2015-05-25,21,5.6636,93.6881
2015-04-24,2015-05-26,21,6.2847,107.8023
2015-04-27,2015-05-27,21,6.4125,110.8192
2015-04-28,2015-05-28,21,4.9801,79.1779
2015-04-29,2015-05-29,21,4.4979,69.5477
2015-04-30,2015-06-01,21,5.9953,101.1133
2015-05-04,2015-06-02,21,7.431,136.3489
2015-05-05,2015-06-03,21,8.8603,176.9713
2015-05-06,2015-06-04,21,8.962,180.091
2015-05-07,2015-06-05,21,10.1792,220.0326
2015-05-08,2015-06-08,21,8.3824,162.7269
2015-05-11,2015-06-09,21,7.0129,125.5455
2015-05-12,2015-06-10,21,7.0444,126.3436
2015-05-13,2015-06-11,21,7.0358,126.1259
2015-05-14,2015-06-12,21,7.0814,127.2846
2015-05-15,2015-06-15,21,6.7324,118.5517
2015-05-18,2015-06-16,21,4.7855,75.2325
2015-05-19,2015-06-17,21,4.599,71.5268
2015-05-20,2015-06-18,21,3.6183,53.1918
2015-05-21,2015-06-19,21,0.8011,10.0479
2015-05-22,2015-06-23,21,0.3058,3.732
2015-05-25,2015-06-24,21,0.0976,1.1769
2015-05-26,2015-06-25,21,-1.4605,-16.1842
2015-05-27,2015-06-26,21,-3.6647,-36.1107
2015-05-28,2015-06-29,21,-3.588,-35.4979
2015-05-29,2015-06-30,21,-2.8421,-29.2484
2015-06-01,2015-07-01,21,-5.1412,-46.9202
2015-06-02,2015-07-02,21,-7.4167,-60.3362
2015-06-03,2015-07-03,21,-8.6096,-66.0524
2015-06-04,2015-07-06,21,-8.6963,-66.4369
2015-06-05,2015-07-07,21,-9.9656,-71.6273
2015-06-08,2015-07-08,21,-10.775,-74.5412
2015-06-09,2015-07-09,21,-9.3718,-69.2983
2015-06-10,2015-07-10,21,-8.7514,-66.6794
2015-06-11,2015-07-13,21,-7.5248,-60.8888
2015-06-12,2015-07-14,21,-7.3352,-59.9153
2015-06-15,2015-07-15,21,-8.5615,-65.8375
2015-06-16,2015-07-16,21,-7.457,-60.5433
2015-06-17,2015-07-17,21,-6.376,-54.6428
2015-06-18,2015-07-20,21,-7.5115,-60.8212
2015-06-19,2015-07-21,21,-6.3286,-54.3662
2015-06-23,2015-07-22,21,-6.1934,-53.57
2015-06-24,2015-07-23,21,-5.9066,-51.8376
2015-06-25,2015-07-24,21,-5.6219,-50.059
2015-06-26,2015-07-27,21,-4.8692,-45.0641
2015-06-29,2015-07-28,21,-4.1842,-40.1247
2015-06-30,2015-07-29,21,-4.0763,-39.3111
2015-07-01,2015-07-30,21,-3.6741,-36.1858
2015-07-02,2015-07-31,21,-2.1216,-22.6884
2015-07-03,2015-08-03,21,-0.8628,-9.8757
2015-07-06,2015-08-04,21,0.7403,9.2548
2015-07-07,2015-08-05,21,2.2076,29.9572
2015-07-08,2015-08-06,21,3.2062,46.0399
2015-07-09,2015-08-07,21,2.6453,36.795
2015-07-10,2015-08-10,21,2.6193,36.3801
2015-07-13,2015-08-11,21,1.5663,20.503
2015-07-14,2015-08-12,21,1.8529,24.6469
2015-07-15,2015-08-13,21,3.9965,60.0384
2015-07-16,2015-08-14,21,3.7021,54.6857
2015-07-17,2015-08-17,21,2.854,40.17
2015-07-20,2015-08-18,21,0.9956,12.6231
2015-07-21,2015-08-19,21,1.6477,21.6659
2015-07-22,2015-08-20,21,1.1376,14.5391
2015-07-23,2015-08-21,21,-0.4135,-4.8503
2015-07-24,2015-08-24,21,-1.7462,-19.0551
2015-07-27,2015-08-25,21,-2.3407,-24.7402
2015-07-28,2015-08-26,21,-2.8112,-28.9775
2015-07-29,2015-08-27,21,-3.3242,-33.3479
2015-07-30,2015-08-28,21,-1.1161,-12.601
2015-07-31,2015-08-31,21,-1.6086,-17.6839
2015-08-03,2015-09-01,21,-2.7322,-28.2818
2015-08-04,2015-09-02,21,-3.6511,-36.0025
2015-08-05,2015-09-07,21,-3.7522,-36.804
2015-08-06,2015-09-08,21,-2.8937,-29.6975
2015-08-07,2015-09-09,21,-3.1355,-31.7701
2015-08-10,2015-09-10,21,-4.7837,-44.4689
2015-08-11,2015-09-11,21,-5.2867,-47.889
2015-08-12,2015-09-14,21,-7.4112,-60.3082
2015-08-13,2015-09-15,21,-8.7034,-66.4684
2015-08-14,2015-09-16,21,-7.6402,-61.4701
2015-08-17,2015-09-17,21,-8.0845,-63.6364
2015-08-18,2015-09-18,21,-6.3118,-54.2684
2015-08-19,2015-09-21,21,-5.9315,-51.9899
2015-08-20,2015-09-22,21,-5.6057,-49.9566
2015-08-21,2015-09-23,21,-5.2023,-47.3286
2015-08-24,2015-09-24,21,-2.8304,-29.1462
2015-08-25,2015-09-25,21,-1.5747,-17.3425
2015-08-26,2015-09-28,21,-0.1876,-2.2284
2015-08-27,2015-09-29,21,-1.5268,-16.8584
2015-08-28,2015-09-30,21,-2.9748,-30.3991
2015-08-31,2015-10-08,21,-0.7579,-8.7256
2015-09-01,2015-10-09,21,1.1439,14.6241
2015-09-02,2015-10-12,21,2.7129,37.8801
2015-09-07,2015-10-13,21,3.1814,45.6189
2015-09-08,2015-10-14,21,2.3474,32.105
2015-09-09,2015-10-15,21,2.4869,34.2831
2015-09-10,2015-10-16,21,3.6745,54.1928
2015-09-11,2015-10-19,21,3.3916,49.219
2015-09-14,2015-10-20,21,5.8675,98.222
2015-09-15,2015-10-21,21,5.6931,94.3387
2015-09-16,2015-10-22,21,4.8188,75.9014
2015-09-17,2015-10-23,21,5.984,100.8561
2015-09-18,2015-10-26,21,5.4448,88.9305
2015-09-21,2015-10-27,21,4.3727,67.1257
2015-09-22,2015-10-28,21,3.734,55.2574
2015-09-23,2015-10-29,21,4.1003,61.9667
2015-09-24,2015-10-30,21,3.083,43.9603
2015-09-25,2015-11-02,21,3.1033,44.3019
2015-09-28,2015-11-03,21,2.6853,37.4353
2015-09-29,2015-11-04,21,4.5506,70.5759
2015-09-30,2015-11-05,21,4.4206,68.0491
2015-10-08,2015-11-06,21,3.5634,52.2222
2015-10-09,2015-11-09,21,3.1471,45.038
2015-10-12,2015-11-10,21,1.8791,25.0325
2015-10-13,2015-11-11,21,2.3701,32.4576
2015-10-14,2015-11-12,21,2.2095,29.9857
2015-10-15,2015-11-13,21,0.7142,8.9146
2015-10-16,2015-11-16,21,1.2198,15.66
2015-10-19,2015-11-17,21,0.6093,7.5623
2015-10-20,2015-11-18,21,-0.3777,-4.4393
2015-10-21,2015-11-19,21,2.206,29.9319
2015-10-22,2015-11-20,21,1.7169,22.6647
2015-10-23,2015-11-23,21,0.3637,4.4523
2015-10-26,2015-11-24,21,0.5984,7.4225
2015-10-27,2015-11-25,21,1.0282,13.061
2015-10-28,2015-11-26,21,1.2738,16.4033
2015-10-29,2015-11-27,21,-0.5125,-5.9796
2015-10-30,2015-11-30,21,-0.4258,-4.9911
2015-11-02,2015-12-01,21,0.9324,11.7803
2015-11-03,2015-12-02,21,0.8217,10.319
2015-11-04,2015-12-03,21,0.1361,1.646
2015-11-05,2015-12-04,21,0.3133,3.8248
2015-11-06,2015-12-07,21,0.5985,7.4228
2015-11-09,2015-12-08,21,-0.2862,-3.3811
2015-11-10,2015-12-09,21,-0.3914,-4.597
2015-11-11,2015-12-10,21,-1.1488,-12.9475
2015-11-12,2015-12-11,21,-1.2147,-13.6412
2015-11-13,2015-12-14,21,-0.1292,-1.5391
2015-11-16,2015-12-15,21,-1.0367,-11.7548
2015-11-17,2015-12-16,21,-0.2075,-2.4622
2015-11-18,2015-12-17,21,1.0412,13.2351
2015-11-19,2015-12-18,21,0.0196,0.2359
2015-11-20,2015-12-21,21,0.197,2.3896
2015-11-23,2015-12-22,21,1.1176,14.2668
2015-11-24,2015-12-23,21,0.5389,6.662
2015-11-25,2015-12-24,21,-0.0967,-1.1544
2015-11-26,2015-12-25,21,0.3809,4.6673
2015-11-27,2015-12-28,21,1.4015,18.1765
2015-11-30,2015-12-29,21,2.0457,27.5073
2015-12-01,2015-12-30,21,1.5482,20.2449
2015-12-02,2016-01-04,21,-0.7274,-8.3876
2015-12-03,2016-01-05,21,-0.9734,-11.0749
2015-12-04,2016-01-06,21,-0.3159,-3.7254
2015-12-07,2016-01-07,21,-2.6503,-27.5537
2015-12-08,2016-01-08,21,-1.4347,-15.9204
2015-12-09,2016-01-11,21,-2.8868,-29.6379
2015-12-10,2016-01-12,21,-3.0375,-30.9369
2015-12-11,2016-01-13,21,-3.885,-37.8422
2015-12-14,2016-01-14,21,-3.5358,-35.0773
2015-12-15,2016-01-15,21,-4.3837,-41.6037
2015-12-16,2016-01-18,21,-4.1282,-39.7038
2015-12-17,2016-01-19,21,-4.0041,-38.7601
2015-12-18,2016-01-20,21,-3.8934,-37.9077
2015-12-21,2016-01-21,21,-5.0097,-46.0302
2015-12-22,2016-01-22,21,-5.1603,-47.048
2015-12-23,2016-01-25,21,-4.5766,-43.0023
2015-12-24,2016-01-26,21,-5.6718,-50.3755
2015-12-25,2016-01-27,21,-5.9999,-52.4073
2015-12-28,2016-01-28,21,-6.3393,-54.4292
2015-12-29,2016-01-29,21,-5.9845,-52.3138
2015-12-30,2016-02-01,21,-6.1704,-53.4329
2016-01-04,2016-02-02,21,-3.5431,-35.1365
2016-01-05,2016-02-03,21,-3.3284,-33.3825
2016-01-06,2016-02-04,21,-3.2957,-33.1119
2016-01-07,2016-02-05,21,-2.0004,-21.5321
2016-01-08,2016-02-15,21,-1.2864,-14.3901
2016-01-11,2016-02-16,21,0.8296,10.4221
2016-01-12,2016-02-17,21,1.6103,21.1304
2016-01-13,2016-02-18,21,2.6766,37.2964
2016-01-14,2016-02-19,21,2.0694,27.8634
2016-01-15,2016-02-22,21,3.5318,51.6645
2016-01-18,2016-02-23,21,2.9284,41.3908
2016-01-19,2016-02-24,21,2.464,33.9237
2016-01-20,2016-02-25,21,0.9792,12.404
2016-01-21,2016-02-26,21,1.8028,23.9126
2016-01-22,2016-02-29,21,0.0423,0.5088
2016-01-25,2016-03-01,21,0.6442,8.01
2016-01-26,2016-03-02,21,3.0294,43.066
2016-01-27,2016-03-03,21,3.6667,54.0533
2016-01-28,2016-03-04,21,4.5715,70.9854
2016-01-29,2016-03-07,21,4.2691,65.1461
2016-02-01,2016-03-08,21,4.5864,71.278
2016-02-02,2016-03-09,21,2.6827,37.3936
2016-02-03,2016-03-10,21,1.8285,24.2895
2016-02-04,2016-03-11,21,1.4098,18.2931
2016-02-05,2016-03-14,21,1.9084,25.4648
2016-02-15,2016-03-15,21,0.1456,1.7617
2016-02-16,2016-03-16,21,-0.7074,-8.1664
2016-02-17,2016-03-17,21,-0.0309,-0.3699
2016-02-18,2016-03-18,21,0.9051,11.4182
2016-02-19,2016-03-21,21,0.7706,9.649
2016-02-22,2016-03-22,21,0.4961,6.1178
2016-02-23,2016-03-23,21,0.5038,6.2164
2016-02-24,2016-03-24,21,-0.5987,-6.9522
2016-02-25,2016-03-25,21,1.5938,20.8941
2016-02-26,2016-03-28,21,1.1759,15.0602
2016-02-29,2016-03-29,21,2.4225,33.2742
2016-03-01,2016-03-30,21,2.7135,37.8887
2016-03-02,2016-03-31,21,1.4981,19.5344
2016-03-03,2016-04-01,21,1.1456,14.6475
2016-03-04,2016-04-05,21,2.1628,29.2751
2016-03-07,2016-04-06,21,1.7477,23.1108
2016-03-08,2016-04-07,21,1.1586,14.825
2016-03-09,2016-04-08,21,1.987,26.6297
2016-03-10,2016-04-11,21,3.5174,51.4123
2016-03-11,2016-04-12,21,3.108,44.3811
2016-03-14,2016-04-13,21,2.7758,38.8968
2016-03-15,2016-04-14,21,3.4774,50.7122
2016-03-16,2016-04-15,21,3.5796,52.5075
2016-03-17,2016-04-18,21,1.868,24.8691
2016-03-18,2016-04-19,21,1.2805,16.4952
2016-03-21,2016-04-20,21,-0.121,-1.4421
2016-03-22,2016-04-21,21,-0.0783,-0.9361
2016-03-23,2016-04-22,21,-0.1178,-1.4045
2016-03-24,2016-04-25,21,0.2846,3.4689
2016-03-25,2016-04-26,21,0.1734,2.1007
2016-03-28,2016-04-27,21,0.6296,7.8226
2016-03-29,2016-04-28,21,1.0287,13.0671
2016-03-30,2016-04-29,21,0.2444,2.9725
2016-03-31,2016-05-03,21,1.6497,21.695
2016-04-01,2016-05-04,21,1.5964,20.9309
2016-04-05,2016-05-05,21,1.1616,14.8649
2016-04-06,2016-05-06,21,0.0365,0.4389
2016-04-07,2016-05-09,21,-0.5178,-6.0396
2016-04-08,2016-05-10,21,-0.7075,-8.1676
2016-04-11,2016-05-11,21,-1.3981,-15.5452
2016-04-12,2016-05-12,21,-1.3985,-15.549
2016-04-13,2016-05-13,21,-1.4467,-16.0436
2016-04-14,2016-05-16,21,-0.8152,-9.3553
2016-04-15,2016-05-17,21,-0.9679,-11.0157
2016-04-18,2016-05-18,21,-1.2345,-13.8489
2016-04-19,2016-05-19,21,-1.8511,-20.086
2016-04-20,2016-05-20,21,-0.574,-6.6748
2016-04-21,2016-05-23,21,-0.4334,-5.0787
2016-04-22,2016-05-24,21,-0.7231,-8.3401
2016-04-25,2016-05-25,21,-0.8936,-10.2121
2016-04-26,2016-05-26,21,-0.8941,-10.2167
2016-04-27,2016-05-27,21,-1.2194,-13.6898
2016-04-28,2016-05-30,21,-1.6131,-17.7286
2016-04-29,2016-05-31,21,-0.7593,-8.7403
2016-05-03,2016-06-01,21,-1.7996,-19.5807
2016-05-04,2016-06-02,21,-1.5435,-17.0274
2016-05-05,2016-06-03,21,-1.6588,-18.1859
2016-05-06,2016-06-06,21,-0.1031,-1.23
2016-05-09,2016-06-07,21,0.9361,11.8302
2016-05-10,2016-06-08,21,1.2476,16.0428
2016-05-11,2016-06-13,21,0.693,8.6402
2016-05-12,2016-06-14,21,0.7523,9.411
2016-05-13,2016-06-15,21,1.6199,21.2678
2016-05-16,2016-06-16,21,1.3378,17.2888
2016-05-17,2016-06-17,21,1.1422,14.6005
2016-05-18,2016-06-20,21,2.006,26.9138
2016-05-19,2016-06-21,21,1.889,25.1783
2016-05-20,2016-06-22,21,1.6366,21.5072
2016-05-23,2016-06-23,21,1.2352,15.8721
2016-05-24,2016-06-24,21,2.5715,35.6183
2016-05-25,2016-06-27,21,3.9454,59.0973
2016-05-26,2016-06-28,21,3.8566,57.475
2016-05-27,2016-06-29,21,4.1513,62.9211
2016-05-30,2016-06-30,21,4.4967,69.5243
2016-05-31,2016-07-01,21,3.5171,51.4068
2016-06-01,2016-07-04,21,4.3462,66.6165
2016-06-02,2016-07-05,21,4.1661,63.1986
2016-06-03,2016-07-06,21,4.8794,77.1254
2016-06-06,2016-07-07,21,4.1706,63.2839
2016-06-07,2016-07-08,21,3.795,56.357
2016-06-08,2016-07-11,21,3.9704,59.5582
2016-06-13,2016-07-12,21,4.7001,73.5267
2016-06-14,2016-07-13,21,4.6667,72.8628
2016-06-15,2016-07-14,21,3.4556,50.331
2016-06-16,2016-07-15,21,3.0599,43.5736
2016-06-17,2016-07-18,21,3.3493,48.4883
2016-06-20,2016-07-19,21,3.3339,48.2228
2016-06-21,2016-07-20,21,3.5348,51.7172
2016-06-22,2016-07-21,21,3.3001,47.6425
2016-06-23,2016-07-22,21,3.3642,48.7444
2016-06-24,2016-07-25,21,2.4693,34.007
2016-06-27,2016-07-26,21,2.0149,27.0469
2016-06-28,2016-07-27,21,0.7483,9.3589
2016-06-29,2016-07-28,21,1.0423,13.2507
2016-06-30,2016-07-29,21,0.8215,10.3163
2016-07-01,2016-08-01,21,0.3127,3.8174
2016-07-04,2016-08-02,21,-0.2355,-2.79
2016-07-05,2016-08-03,21,-0.0246,-0.2943
2016-07-06,2016-08-04,21,-0.7162,-8.264
2016-07-07,2016-08-05,21,-0.5595,-6.5113
2016-07-08,2016-08-08,21,-0.4228,-4.957
2016-07-11,2016-08-09,21,-0.4756,-5.5601
2016-07-12,2016-08-10,21,-0.4262,-4.9957
2016-07-13,2016-08-11,21,-0.9476,-10.7968
2016-07-14,2016-08-12,21,-0.5537,-6.4456
2016-07-15,2016-08-15,21,0.002,0.0239
2016-07-18,2016-08-16,21,0.3996,4.9015
2016-07-19,2016-08-17,21,0.2283,2.7748
2016-07-20,2016-08-18,21,0.5388,6.6604
2016-07-21,2016-08-19,21,0.7377,9.2208
2016-07-22,2016-08-22,21,0.2543,3.0949
2016-07-25,2016-08-23,21,0.397,4.8697
2016-07-26,2016-08-24,21,0.0684,0.824
2016-07-27,2016-08-25,21,0.6975,8.6988
2016-07-28,2016-08-26,21,0.3902,4.7837
2016-07-29,2016-08-29,21,0.7009,8.7427
2016-08-01,2016-08-30,21,0.9678,12.2519
2016-08-02,2016-08-31,21,0.5157,6.3664
2016-08-03,2016-09-01,21,0.0011,0.0135
2016-08-04,2016-09-02,21,0.0106,0.1273
2016-08-05,2016-09-05,21,0.2971,3.6246
2016-08-08,2016-09-06,21,0.8992,11.3402
2016-08-09,2016-09-07,21,1.0596,13.4824
2016-08-10,2016-09-08,21,0.8558,10.7675
2016-08-11,2016-09-09,21,1.1,14.028
2016-08-12,2016-09-12,21,0.0096,0.1157
2016-08-15,2016-09-13,21,-0.3928,-4.6129
2016-08-16,2016-09-14,21,-0.8924,-10.1982
2016-08-17,2016-09-19,21,-0.7164,-8.266
2016-08-18,2016-09-20,21,-0.8518,-9.756
2016-08-19,2016-09-21,21,-0.8363,-9.5871
2016-08-22,2016-09-22,21,0.0563,0.6775
2016-08-23,2016-09-23,21,-0.0434,-0.5195
2016-08-24,2016-09-26,21,-0.5867,-6.8181
2016-08-25,2016-09-27,21,-0.0114,-0.137
2016-08-26,2016-09-28,21,-0.3435,-4.0448
2016-08-29,2016-09-29,21,-0.3216,-3.7917
2016-08-30,2016-09-30,21,-0.2186,-2.5922
2016-08-31,2016-10-10,21,-0.6726,-7.7787
2016-09-01,2016-10-11,21,-0.2671,-3.1582
2016-09-02,2016-10-12,21,-0.2707,-3.2009
2016-09-05,2016-10-13,21,-0.6176,-7.1651
2016-09-06,2016-10-14,21,-1.1623,-13.0896
2016-09-07,2016-10-17,21,-1.6823,-18.4207
2016-09-08,2016-10-18,21,-1.2417,-13.924
2016-09-09,2016-10-19,21,-0.9671,-11.0076
2016-09-12,2016-10-20,21,0.0339,0.4077
2016-09-13,2016-10-21,21,-0.2513,-2.9748
2016-09-14,2016-10-24,21,0.3625,4.4375
2016-09-19,2016-10-25,21,0.3837,4.7028
2016-09-20,2016-10-26,21,0.3509,4.2929
2016-09-21,2016-10-27,21,0.1664,2.015
2016-09-22,2016-10-28,21,-0.4203,-4.929
2016-09-23,2016-10-31,21,-0.3129,-3.6906
2016-09-26,2016-11-01,21,0.4903,6.0445
2016-09-27,2016-11-02,21,0.3605,4.4122
2016-09-28,2016-11-03,21,0.7611,9.526
2016-09-29,2016-11-04,21,0.5481,6.779
2016-09-30,2016-11-07,21,0.3579,4.3808
2016-10-10,2016-11-08,21,0.9763,12.3662
2016-10-11,2016-11-09,21,1.5978,20.9512
2016-10-12,2016-11-10,21,1.4888,19.4042
2016-10-13,2016-11-11,21,1.1745,15.0412
2016-10-14,2016-11-14,21,0.6209,7.7103
2016-10-17,2016-11-15,21,1.1959,15.3335
2016-10-18,2016-11-16,21,0.7905,9.909
2016-10-19,2016-11-17,21,0.7659,9.5879
2016-10-20,2016-11-18,21,0.1621,1.9623
2016-10-21,2016-11-21,21,0.5625,6.9626
2016-10-24,2016-11-22,21,0.4976,6.1379
2016-10-25,2016-11-23,21,0.2457,2.988
2016-10-26,2016-11-24,21,-0.0335,-0.401
2016-10-27,2016-11-25,21,0.0084,0.1012
2016-10-28,2016-11-28,21,0.5148,6.3559
2016-10-31,2016-11-29,21,0.1407,1.701
2016-11-01,2016-11-30,21,-0.4182,-4.9048
2016-11-02,2016-12-01,21,-0.4504,-5.2725
2016-11-03,2016-12-02,21,-1.0649,-12.0563
2016-11-04,2016-12-05,21,-1.0135,-11.5065
2016-11-07,2016-12-06,21,-1.0256,-11.6362
2016-11-08,2016-12-07,21,-0.8851,-10.119
2016-11-09,2016-12-08,21,-1.4868,-16.453
2016-11-10,2016-12-09,21,-1.4385,-15.96
2016-11-11,2016-12-12,21,-2.3915,-25.2089
2016-11-14,2016-12-13,21,-1.6038,-17.6351
2016-11-15,2016-12-14,21,-1.976,-21.2977
2016-11-16,2016-12-15,21,-2.1759,-23.2023
2016-11-17,2016-12-16,21,-2.1016,-22.4989
2016-11-18,2016-12-19,21,-1.5883,-17.4792
2016-11-21,2016-12-20,21,-2.0058,-21.5843
2016-11-22,2016-12-21,21,-2.1045,-22.5266
2016-11-23,2016-12-22,21,-2.1888,-23.3236
2016-11-24,2016-12-23,21,-2.1102,-22.5807
2016-11-25,2016-12-26,21,-1.8538,-20.1122
2016-11-28,2016-12-27,21,-2.0302,-21.818
2016-11-29,2016-12-28,21,-1.719,-18.7848
2016-11-30,2016-12-29,21,-1.3719,-15.2754
2016-12-01,2016-12-30,21,-1.0625,-12.0308
2016-12-02,2017-01-03,21,-0.5796,-6.7378
2016-12-05,2017-01-04,21,-0.1942,-2.3061
2016-12-06,2017-01-05,21,-0.2216,-2.6267
2016-12-07,2017-01-06,21,-0.5986,-6.9518
2016-12-08,2017-01-09,21,-0.4228,-4.9571
2016-12-09,2017-01-10,21,-0.2713,-3.2075
2016-12-12,2017-01-11,21,0.7026,8.7649
2016-12-13,2017-01-12,21,0.3654,4.4746
2016-12-14,2017-01-13,21,-0.013,-0.1565
2016-12-15,2017-01-16,21,-0.4122,-4.8359
2016-12-16,2017-01-17,21,-0.0592,-0.7077
2016-12-19,2017-01-18,21,-0.3415,-4.0225
2016-12-20,2017-01-19,21,-0.4931,-5.7592
2016-12-21,2017-01-20,21,-0.2668,-3.1553
2016-12-22,2017-01-23,21,0.2285,2.7763
2016-12-23,2017-01-24,21,0.378,4.6317
2016-12-26,2017-01-25,21,0.0115,0.1379
2016-12-27,2017-01-26,21,-0.1056,-1.26
2016-12-28,2017-02-03,21,0.1633,1.9773
2016-12-29,2017-02-06,21,0.5556,6.8753
2016-12-30,2017-02-07,21,0.4613,5.678
2017-01-03,2017-02-08,21,0.5413,6.6929
2017-01-04,2017-02-09,21,0.5772,7.1506
2017-01-05,2017-02-10,21,0.3948,4.8414
2017-01-06,2017-02-13,21,0.7986,10.016
2017-01-09,2017-02-14,21,0.5256,6.4923
2017-01-10,2017-02-15,21,0.1004,1.2118
2017-01-11,2017-02-16,21,0.6262,7.7784
2017-01-12,2017-02-17,21,0.7185,8.9713
2017-01-13,2017-02-20,21,1.3888,17.9998
2017-01-16,2017-02-21,21,2.1923,29.7234
2017-01-17,2017-02-22,21,1.9529,26.1237
2017-01-18,2017-02-23,21,2.1628,29.2751
2017-01-19,2017-02-24,21,2.8584,40.2415
2017-01-20,2017-02-27,21,2.3288,31.8182
2017-01-23,2017-02-28,21,2.0081,26.9446
2017-01-24,2017-03-01,21,1.9546,26.1484
2017-01-25,2017-03-02,21,2.0495,27.5651
2017-01-26,2017-03-03,21,1.9402,25.9352
2017-02-03,2017-03-06,21,1.8923,25.2259
2017-02-06,2017-03-07,21,1.3499,17.4569
2017-02-07,2017-03-08,21,0.8917,11.241
2017-02-08,2017-03-09,21,0.3753,4.5981
2017-02-09,2017-03-10,21,-0.0773,-0.9234
2017-02-10,2017-03-13,21,0.6327,7.8624
2017-02-13,2017-03-14,21,0.224,2.7211
2017-02-14,2017-03-15,21,0.2232,2.712
2017-02-15,2017-03-16,21,1.2218,15.6886
2017-02-16,2017-03-17,21,0.6547,8.1458
2017-02-17,2017-03-20,21,0.9522,12.0438
2017-02-20,2017-03-21,21,0.6619,8.2382
2017-02-21,2017-03-22,21,0.5654,6.9999
2017-02-22,2017-03-23,21,0.4808,5.9252
2017-02-23,2017-03-24,21,0.4927,6.0756
2017-02-24,2017-03-27,21,0.3338,4.0794
2017-02-27,2017-03-28,21,0.3098,3.7811
2017-02-28,2017-03-29,21,0.1655,2.0046
2017-03-01,2017-03-30,21,-0.1211,-1.4433
2017-03-02,2017-03-31,21,-0.0999,-1.1922
2017-03-03,2017-04-05,21,0.7888,9.8873
2017-03-06,2017-04-06,21,0.609,7.5585
2017-03-07,2017-04-07,21,0.9593,12.139
2017-03-08,2017-04-10,21,1.0681,13.598
2017-03-09,2017-04-11,21,1.7103,22.5679
2017-03-10,2017-04-12,21,1.9678,26.3444
2017-03-13,2017-04-13,21,1.7517,23.1693
2017-03-14,2017-04-14,21,1.6468,21.6537
2017-03-15,2017-04-17,21,1.3393,17.3104
2017-03-16,2017-04-18,21,0.4651,5.7261
2017-03-17,2017-04-19,21,0.4276,5.2542
2017-03-20,2017-04-20,21,0.2119,2.5721
2017-03-21,2017-04-21,21,0.0492,0.5916
2017-03-22,2017-04-24,21,-0.919,-10.4874
2017-03-23,2017-04-25,21,-0.8751,-10.0104
2017-03-24,2017-04-26,21,-0.9958,-11.3166
2017-03-27,2017-04-27,21,-1.0624,-12.0298
2017-03-28,2017-04-28,21,-0.8213,-9.4226
2017-03-29,2017-05-02,21,-0.6218,-7.2116
2017-03-30,2017-05-03,21,-0.3542,-4.1682
2017-03-31,2017-05-04,21,-0.6815,-7.8786
2017-04-05,2017-05-05,21,-1.8348,-19.926
2017-04-06,2017-05-08,21,-2.3663,-24.9768
2017-04-07,2017-05-09,21,-2.4947,-26.1518
2017-04-10,2017-05-10,21,-2.9435,-30.1294
2017-04-11,2017-05-11,21,-3.2262,-32.5327
2017-04-12,2017-05-12,21,-3.2828,-33.0045
2017-04-13,2017-05-15,21,-3.2996,-33.1438
2017-04-14,2017-05-16,21,-2.531,-26.4815
2017-04-17,2017-05-17,21,-2.1007,-22.4901
2017-04-18,2017-05-18,21,-1.8963,-20.5263
2017-04-19,2017-05-19,21,-1.6933,-18.5302
2017-04-20,2017-05-22,21,-1.948,-21.0268
2017-04-21,2017-05-23,21,-2.083,-22.3225
2017-04-24,2017-05-24,21,-1.4579,-16.1581
2017-04-25,2017-05-25,21,-1.2052,-13.5413
2017-04-26,2017-05-26,21,-1.1901,-13.3826
2017-04-27,2017-05-31,21,-1.4883,-16.4679
2017-04-28,2017-06-01,21,-2.0347,-21.8609
2017-05-02,2017-06-02,21,-1.9484,-21.0308
2017-05-03,2017-06-05,21,-1.3251,-14.7916
2017-05-04,2017-06-06,21,-0.6563,-7.5979
2017-05-05,2017-06-07,21,0.2508,3.052
2017-05-08,2017-06-08,21,0.6858,8.5471
2017-05-09,2017-06-09,21,0.2902,3.5387
2017-05-10,2017-06-12,21,0.5375,6.644
2017-05-11,2017-06-13,21,0.9041,11.4051
2017-05-12,2017-06-14,21,0.8655,10.8954
2017-05-15,2017-06-15,21,0.6861,8.5505
2017-05-16,2017-06-16,21,0.039,0.4694
2017-05-17,2017-06-19,21,0.0408,0.4913
2017-05-18,2017-06-20,21,0.042,0.505
2017-05-19,2017-06-21,21,0.1381,1.6701
2017-05-22,2017-06-22,21,0.2437,2.9642
2017-05-23,2017-06-23,21,0.7523,9.4102
2017-05-24,2017-06-26,21,1.3401,17.3209
2017-05-25,2017-06-27,21,0.8812,11.102
2017-05-26,2017-06-28,21,0.7661,9.5905
2017-05-31,2017-06-29,21,1.0508,13.3649
2017-06-01,2017-06-30,21,1.4156,18.3746
2017-06-02,2017-07-03,21,1.3014,16.7845
2017-06-05,2017-07-04,21,0.4774,5.8821
2017-06-06,2017-07-05,21,0.3989,4.8927
2017-06-07,2017-07-06,21,-0.0597,-0.7141
2017-06-08,2017-07-07,21,0.0391,0.4702
2017-06-09,2017-07-10,21,-0.1143,-1.3636
2017-06-12,2017-07-11,21,0.0791,0.9534
2017-06-13,2017-07-12,21,-0.1589,-1.8904
2017-06-14,2017-07-13,21,-0.0099,-0.1183
2017-06-15,2017-07-14,21,-0.2709,-3.2033
2017-06-16,2017-07-17,21,-1.0317,-11.7015
2017-06-19,2017-07-18,21,-0.8485,-9.7199
2017-06-20,2017-07-19,21,-0.3042,-3.5897
2017-06-21,2017-07-20,21,-0.164,-1.9504
2017-06-22,2017-07-21,21,0.2962,3.6125
2017-06-23,2017-07-24,21,0.4,4.9067
2017-06-26,2017-07-25,21,-0.0627,-0.7493
2017-06-27,2017-07-26,21,-0.206,-2.4437
2017-06-28,2017-07-27,21,0.4029,4.9434
2017-06-29,2017-07-28,21,0.4258,5.2313
2017-06-30,2017-07-31,21,0.9867,12.5045
2017-07-03,2017-08-01,21,0.8555,10.7632
2017-07-04,2017-08-02,21,1.022,12.9775
2017-07-05,2017-08-03,21,0.7917,9.9258
2017-07-06,2017-08-04,21,0.712,8.886
2017-07-07,2017-08-07,21,0.7595,9.5048
2017-07-10,2017-08-08,21,1.1374,14.5355
2017-07-11,2017-08-09,21,1.5623,20.4451
2017-07-12,2017-08-10,21,1.4284,18.5532
2017-07-13,2017-08-11,21,0.8952,11.2874
2017-07-14,2017-08-14,21,1.6134,21.175
2017-07-17,2017-08-15,21,2.4131,33.1265
2017-07-18,2017-08-16,21,2.0024,26.8602
2017-07-19,2017-08-17,21,1.9078,25.4553
2017-07-20,2017-08-18,21,1.6971,22.3781
2017-07-21,2017-08-21,21,1.5909,20.8537
2017-07-24,2017-08-22,21,1.1906,15.2603
2017-07-25,2017-08-23,21,1.0039,12.7342
2017-07-26,2017-08-24,21,1.0826,13.7928
2017-07-27,2017-08-25,21,0.8918,11.2429
2017-07-28,2017-08-28,21,1.234,15.8549
2017-07-31,2017-08-29,21,1.0585,13.4687
2017-08-01,2017-08-30,21,0.9794,12.4075
2017-08-02,2017-08-31,21,1.1537,14.757
2017-08-03,2017-09-01,21,1.6028,21.023
2017-08-04,2017-09-04,21,1.9842,26.5889
2017-08-07,2017-09-05,21,1.8665,24.8468
2017-08-08,2017-09-06,21,2.0692,27.8611
2017-08-09,2017-09-07,21,1.563,20.4555
2017-08-10,2017-09-08,21,1.7084,22.541
2017-08-11,2017-09-11,21,2.314,31.5892
2017-08-14,2017-09-12,21,1.6209,21.2816
2017-08-15,2017-09-13,21,1.896,25.2812
2017-08-16,2017-09-14,21,1.8816,25.0682
2017-08-17,2017-09-15,21,1.3329,17.2211
2017-08-18,2017-09-18,21,1.3133,16.9496
2017-08-21,2017-09-19,21,1.0199,12.9487
2017-08-22,2017-09-20,21,1.4303,18.5806
2017-08-23,2017-09-21,21,1.1002,14.0319
2017-08-24,2017-09-22,21,1.1562,14.792
2017-08-25,2017-09-25,21,0.5389,6.662
2017-08-28,2017-09-26,21,0.5987,7.4258
2017-08-29,2017-09-27,21,0.3817,4.678
2017-08-30,2017-09-28,21,0.3109,3.7947
2017-08-31,2017-09-29,21,0.5282,6.5257
2017-09-01,2017-10-09,21,0.238,2.8936
2017-09-04,2017-10-10,21,-0.0237,-0.2836
2017-09-05,2017-10-11,21,-0.2012,-2.3884
2017-09-06,2017-10-12,21,-0.315,-3.7156
2017-09-07,2017-10-13,21,0.164,1.9859
2017-09-08,2017-10-16,21,-0.1651,-1.9636
2017-09-11,2017-10-17,21,-0.4896,-5.7191
2017-09-12,2017-10-18,21,-0.6391,-7.4058
2017-09-13,2017-10-19,21,-1.0952,-12.3787
2017-09-14,2017-10-20,21,-0.7268,-8.3808
2017-09-15,2017-10-23,21,-0.599,-6.9561
2017-09-18,2017-10-24,21,-0.5066,-5.9128
2017-09-19,2017-10-25,21,-0.3201,-3.7741
2017-09-20,2017-10-26,21,-0.3519,-4.1416
2017-09-21,2017-10-27,21,-0.1446,-1.7216
2017-09-22,2017-10-30,21,-0.4532,-5.3049
2017-09-25,2017-10-31,21,0.0961,1.1598
2017-09-26,2017-11-01,21,-0.473,-5.5304
2017-09-27,2017-11-02,21,-0.7343,-8.4645
2017-09-28,2017-11-03,21,-0.7648,-8.8014
2017-09-29,2017-11-06,21,-0.7377,-8.5015
2017-10-09,2017-11-07,21,-0.5497,-6.4005
2017-10-10,2017-11-08,21,-0.599,-6.9559
2017-10-11,2017-11-09,21,-0.1341,-1.5976
2017-10-12,2017-11-10,21,0.3755,4.5999
2017-10-13,2017-11-13,21,0.1814,2.1983
2017-10-16,2017-11-14,21,0.1404,1.6976
2017-10-17,2017-11-15,21,0.0496,0.5967
2017-10-18,2017-11-16,21,0.3563,4.3608
2017-10-19,2017-11-17,21,-0.033,-0.3953
2017-10-20,2017-11-20,21,0.0855,1.0304
2017-10-23,2017-11-21,21,-0.0323,-0.3874
2017-10-24,2017-11-22,21,-0.1388,-1.6532
2017-10-25,2017-11-23,21,-0.7945,-9.128
2017-10-26,2017-11-24,21,-0.9502,-10.8248
2017-10-27,2017-11-27,21,-0.9474,-10.7942
2017-10-30,2017-11-28,21,-0.0506,-0.6054
2017-10-31,2017-11-29,21,-0.157,-1.8683
2017-11-01,2017-11-30,21,-0.4846,-5.6629
2017-11-02,2017-12-01,21,-0.2032,-2.4117
2017-11-03,2017-12-04,21,-0.145,-1.7265
2017-11-06,2017-12-05,21,-0.9546,-10.8725
2017-11-07,2017-12-06,21,-1.2241,-13.7393
2017-11-08,2017-12-07,21,-1.5788,-17.3836
2017-11-09,2017-12-08,21,-1.7476,-19.0681
2017-11-10,2017-12-11,21,-1.9711,-21.2501
2017-11-13,2017-12-12,21,-2.2299,-23.7092
2017-11-14,2017-12-13,21,-1.8366,-19.9434
2017-11-15,2017-12-14,21,-1.3613,-15.1662
2017-11-16,2017-12-15,21,-1.5641,-17.2358
2017-11-17,2017-12-18,21,-1.0409,-11.7998
2017-11-20,2017-12-19,21,-1.1442,-12.8981
2017-11-21,2017-12-20,21,-1.3329,-14.8733
2017-11-22,2017-12-21,21,-1.1447,-12.9036
2017-11-23,2017-12-22,21,-0.4859,-5.677
2017-11-24,2017-12-25,21,-0.607,-7.046
2017-11-27,2017-12-26,21,-0.1445,-1.7208
2017-11-28,2017-12-27,21,-0.7871,-9.0469
2017-11-29,2017-12-28,21,-0.6755,-7.8113
2017-11-30,2017-12-29,21,-0.1025,-1.2233
2017-12-01,2018-01-02,21,0.3154,3.8512
2017-12-04,2018-01-03,21,0.6882,8.5779
2017-12-05,2018-01-04,21,1.2765,16.4407
2017-12-06,2018-01-05,21,1.3348,17.2474
2017-12-07,2018-01-08,21,1.8149,24.0897
2017-12-08,2018-01-09,21,1.7297,22.8499
2017-12-11,2018-01-10,21,1.1587,14.8254
2017-12-12,2018-01-11,21,1.5966,20.9351
2017-12-13,2018-01-12,21,1.3787,17.8579
2017-12-14,2018-01-15,21,0.5943,7.3693
2017-12-15,2018-01-16,21,0.9434,11.9267
2017-12-18,2018-01-17,21,0.8667,10.9107
2017-12-19,2018-01-18,21,0.4874,6.008
2017-12-20,2018-01-19,21,0.617,7.6605
2017-12-21,2018-01-22,21,0.7907,9.9126
2017-12-22,2018-01-23,21,0.8646,10.8825
2017-12-25,2018-01-24,21,1.2173,15.627
2017-12-26,2018-01-25,21,1.1318,14.4604
2017-12-27,2018-01-26,21,1.1094,14.1559
2017-12-28,2018-01-29,21,0.4945,6.0976
2017-12-29,2018-01-30,21,0.1293,1.5629
2018-01-02,2018-01-31,21,-0.8048,-9.2416
2018-01-03,2018-02-01,21,-1.95,-21.0463
2018-01-04,2018-02-02,21,-1.7364,-18.9572
2018-01-05,2018-02-05,21,-2.0508,-22.0147
2018-01-08,2018-02-06,21,-3.1478,-31.8739
2018-01-09,2018-02-07,21,-3.4793,-34.6202
2018-01-10,2018-02-08,21,-3.128,-31.7069
2018-01-11,2018-02-09,21,-3.9788,-38.5666
2018-01-12,2018-02-12,21,-3.3995,-33.9684
2018-01-15,2018-02-13,21,-2.6517,-27.5661
2018-01-16,2018-02-14,21,-2.5558,-26.7056
2018-01-17,2018-02-22,21,-2.0949,-22.435
2018-01-18,2018-02-23,21,-1.8594,-20.1667
2018-01-19,2018-02-26,21,-1.0876,-12.2981
2018-01-22,2018-02-27,21,-1.5914,-17.5104
2018-01-23,2018-02-28,21,-1.8568,-20.141
2018-01-24,2018-03-01,21,-1.8861,-20.4273
2018-01-25,2018-03-02,21,-1.9771,-21.3082
2018-01-26,2018-03-05,21,-1.7097,-18.693
2018-01-29,2018-03-06,21,-1.0311,-11.6952
2018-01-30,2018-03-07,21,-0.9618,-10.95
2018-01-31,2018-03-08,21,-0.3643,-4.285
2018-02-01,2018-03-09,21,0.7156,8.9338
2018-02-02,2018-03-12,21,0.9627,12.1848
2018-02-05,2018-03-13,21,1.0158,12.8945
2018-02-06,2018-03-14,21,1.9357,25.8685
2018-02-07,2018-03-15,21,2.1746,29.454
2018-02-08,2018-03-16,21,1.7188,22.6911
2018-02-09,2018-03-19,21,2.5251,34.8852
2018-02-12,2018-03-20,21,2.0304,27.2792
2018-02-13,2018-03-21,21,1.531,20.0009
2018-02-14,2018-03-22,21,1.3736,17.788
2018-02-22,2018-03-23,21,-0.0122,-0.1466
2018-02-23,2018-03-26,21,0.2678,3.2611
2018-02-26,2018-03-27,21,0.1209,1.4601
2018-02-27,2018-03-28,21,-0.0687,-0.8218
2018-02-28,2018-03-29,21,0.0588,0.7076
2018-03-01,2018-03-30,21,0.1911,2.3174
2018-03-02,2018-04-02,21,0.2881,3.5124
2018-03-05,2018-04-03,21,0.0953,1.1498
2018-03-06,2018-04-04,21,-0.4068,-4.7742
2018-03-07,2018-04-09,21,-0.3232,-3.8103
2018-03-08,2018-04-10,21,-0.2907,-3.4328
2018-03-09,2018-04-11,21,-0.22,-2.6082
2018-03-12,2018-04-12,21,-0.6187,-7.1767
2018-03-13,2018-04-13,21,-0.7249,-8.3605
2018-03-14,2018-04-16,21,-0.4728,-5.5286
2018-03-15,2018-04-17,21,-0.8686,-9.9392
2018-03-16,2018-04-18,21,-0.32,-3.7726
2018-03-19,2018-04-19,21,-0.0247,-0.2958
2018-03-20,2018-04-20,21,-0.8374,-9.5983
2018-03-21,2018-04-23,21,-1.0118,-11.4887
2018-03-22,2018-04-24,21,-0.6367,-7.3789
2018-03-23,2018-04-25,21,0.4054,4.9751
2018-03-26,2018-04-26,21,-0.5133,-5.9891
2018-03-27,2018-04-27,21,-1.0372,-11.7602
2018-03-28,2018-05-02,21,-0.7361,-8.4845
2018-03-29,2018-05-03,21,-0.1245,-1.4841
2018-03-30,2018-05-04,21,-0.4825,-5.6388
2018-04-02,2018-05-07,21,-0.0028,-0.034
2018-04-03,2018-05-08,21,0.14,1.6934
2018-04-04,2018-05-09,21,0.262,3.1894
2018-04-09,2018-05-10,21,0.3726,4.5636
2018-04-10,2018-05-11,21,0.035,0.4204
2018-04-11,2018-05-14,21,-0.3073,-3.6256
2018-04-12,2018-05-15,21,-0.15,-1.7853
2018-04-13,2018-05-16,21,-0.1655,-1.9681
2018-04-16,2018-05-17,21,-0.4574,-5.3531
2018-04-17,2018-05-18,21,0.1509,1.8262
2018-04-18,2018-05-21,21,0.0741,0.8924
2018-04-19,2018-05-22,21,0.0217,0.2608
2018-04-20,2018-05-23,21,0.3639,4.4552
2018-04-23,2018-05-24,21,0.8009,10.046
2018-04-24,2018-05-25,21,0.0953,1.1494
2018-04-25,2018-05-28,21,-0.1126,-1.3431
2018-04-26,2018-05-29,21,0.1748,2.1183
2018-04-27,2018-05-30,21,-0.3801,-4.4667
2018-05-02,2018-05-31,21,0.0528,0.635
2018-05-03,2018-06-01,21,-0.8768,-10.0291
2018-05-04,2018-06-04,21,-1.0256,-11.6365
2018-05-07,2018-06-05,21,-1.1881,-13.3615
2018-05-08,2018-06-06,21,-1.2347,-13.8504
2018-05-09,2018-06-07,21,-1.3263,-14.8043
2018-05-10,2018-06-08,21,-1.6779,-18.377
2018-05-11,2018-06-11,21,-1.6208,-17.8058
2018-05-14,2018-06-12,21,-1.2943,-14.4727
2018-05-15,2018-06-13,21,-1.7682,-19.2718
2018-05-16,2018-06-14,21,-1.4391,-15.9656
2018-05-17,2018-06-15,21,-1.5936,-17.5331
2018-05-18,2018-06-19,21,-3.3529,-33.5847
2018-05-21,2018-06-20,21,-3.4284,-34.2046
2018-05-22,2018-06-21,21,-4.0879,-39.3986
2018-05-23,2018-06-22,21,-3.4401,-34.3005
2018-05-24,2018-06-25,21,-3.6161,-35.7235
2018-05-25,2018-06-26,21,-3.3061,-33.1979
2018-05-28,2018-06-27,21,-3.282,-32.9984
2018-05-29,2018-06-28,21,-3.4538,-34.4125
2018-05-30,2018-06-29,21,-2.1914,-23.3483
2018-05-31,2018-07-02,21,-2.7891,-28.7841
2018-06-01,2018-07-03,21,-2.2196,-23.6129
2018-06-04,2018-07-04,21,-2.3441,-24.772
2018-06-05,2018-07-05,21,-3.2624,-32.8348
2018-06-06,2018-07-06,21,-3.1845,-32.183
2018-06-07,2018-07-09,21,-2.5553,-26.7013
2018-06-08,2018-07-10,21,-2.2543,-23.937
2018-06-11,2018-07-11,21,-2.5283,-26.4567
2018-06-12,2018-07-12,21,-2.2287,-23.6977
2018-06-13,2018-07-13,21,-1.7286,-18.8802
2018-06-14,2018-07-16,21,-1.7675,-19.265
2018-06-15,2018-07-17,21,-1.3994,-15.5582
2018-06-19,2018-07-18,21,-0.0396,-0.4744
2018-06-20,2018-07-19,21,-0.3052,-3.6015
2018-06-21,2018-07-20,21,0.6381,7.9314
2018-06-22,2018-07-23,21,0.4901,6.0419
2018-06-25,2018-07-24,21,1.0311,13.0998
2018-06-26,2018-07-25,21,0.8646,10.8828
2018-06-27,2018-07-26,21,0.9526,12.05
2018-06-28,2018-07-27,21,1.12,14.2991
2018-06-29,2018-07-30,21,-0.0382,-0.4571
2018-07-02,2018-07-31,21,0.3059,3.7327
2018-07-03,2018-08-01,21,-0.3785,-4.4484
2018-07-04,2018-08-02,21,-0.6818,-7.8812
2018-07-05,2018-08-03,21,-0.3954,-4.6434
2018-07-06,2018-08-06,21,-1.0277,-11.6584
2018-07-09,2018-08-07,21,-0.9079,-10.3667
2018-07-10,2018-08-08,21,-1.3713,-15.2696
2018-07-11,2018-08-09,21,-0.3539,-4.1649
2018-07-12,2018-08-10,21,-0.8119,-9.3188
2018-07-13,2018-08-13,21,-0.7583,-8.7294
2018-07-16,2018-08-14,21,-1.0571,-11.973
2018-07-17,2018-08-15,21,-1.545,-17.0432
2018-07-18,2018-08-16,21,-1.6656,-18.2537
2018-07-19,2018-08-17,21,-2.0418,-21.9292
2018-07-20,2018-08-20,21,-2.0588,-22.0911
2018-07-23,2018-08-21,21,-1.9501,-21.0471
2018-07-24,2018-08-22,21,-2.601,-27.1127
2018-07-25,2018-08-23,21,-2.4974,-26.1765
2018-07-26,2018-08-24,21,-2.4254,-25.5193
2018-07-27,2018-08-27,21,-1.6461,-18.0594
2018-07-30,2018-08-28,21,-1.212,-13.6125
2018-07-31,2018-08-29,21,-1.508,-16.6678
2018-08-01,2018-08-30,21,-1.4308,-15.8808
2018-08-02,2018-08-31,21,-1.0748,-12.1616
2018-08-03,2018-09-03,21,-0.6897,-7.9692
2018-08-06,2018-09-04,21,0.011,0.1326
2018-08-07,2018-09-05,21,-1.0276,-11.6576
2018-08-08,2018-09-06,21,-0.6301,-7.3044
2018-08-09,2018-09-07,21,-1.1776,-13.2514
2018-08-10,2018-09-10,21,-1.8064,-19.6472
2018-08-13,2018-09-11,21,-1.9253,-20.8071
2018-08-14,2018-09-12,21,-1.6817,-18.415
2018-08-15,2018-09-13,21,-0.9027,-10.31
2018-08-16,2018-09-14,21,-0.5718,-6.6495
2018-08-17,2018-09-17,21,-0.5652,-6.575
2018-08-20,2018-09-18,21,-0.4316,-5.0575
2018-08-21,2018-09-19,21,-0.5381,-6.2695
2018-08-22,2018-09-20,21,-0.2478,-2.9329
2018-08-23,2018-09-21,21,0.0715,0.8612
2018-08-24,2018-09-25,21,-0.0486,-0.5817
2018-08-27,2018-09-26,21,-0.5396,-6.2863
2018-08-28,2018-09-27,21,-1.0794,-12.2108
2018-08-29,2018-09-28,21,-0.8115,-9.3144
2018-08-30,2018-10-08,21,-0.9168,-10.4636
2018-08-31,2018-10-09,21,-0.8206,-9.4151
2018-09-03,2018-10-10,21,-0.8535,-9.7751
2018-09-04,2018-10-11,21,-2.513,-26.3184
2018-09-05,2018-10-12,21,-2.0014,-21.5422
2018-09-06,2018-10-15,21,-2.1549,-23.0036
2018-09-07,2018-10-16,21,-2.7534,-28.4691
2018-09-10,2018-10-17,21,-2.1578,-23.0312
2018-09-11,2018-10-18,21,-2.8085,-28.9538
2018-09-12,2018-10-19,21,-2.0434,-21.9445
2018-09-13,2018-10-22,21,-1.228,-13.7799
2018-09-14,2018-10-23,21,-1.3531,-15.0816
2018-09-17,2018-10-24,21,-0.918,-10.4765
2018-09-18,2018-10-25,21,-1.2794,-14.3176
2018-09-19,2018-10-26,21,-1.5844,-17.4405
2018-09-20,2018-10-29,21,-2.0117,-21.6409
2018-09-21,2018-10-30,21,-2.2589,-23.9802
2018-09-25,2018-10-31,21,-1.9598,-21.1414
2018-09-26,2018-11-01,21,-1.9304,-20.8568
2018-09-27,2018-11-02,21,-0.8166,-9.3708
2018-09-28,2018-11-05,21,-0.7601,-8.7496
2018-10-08,2018-11-06,21,-0.347,-4.085
2018-10-09,2018-11-07,21,-0.3345,-3.9412
2018-10-10,2018-11-08,21,-0.1593,-1.895
2018-10-11,2018-11-09,21,1.3177,17.0097
2018-10-12,2018-11-12,21,1.6334,21.4611
2018-10-15,2018-11-13,21,2.2827,31.1076
2018-10-16,2018-11-14,21,2.8456,40.0331
2018-10-17,2018-11-15,21,3.2786,47.2734
2018-10-18,2018-11-16,21,4.3401,66.4999
2018-10-19,2018-11-19,21,3.5905,52.7008
2018-10-22,2018-11-20,21,1.5957,20.9212
2018-10-23,2018-11-21,21,2.0591,27.7093
2018-10-24,2018-11-22,21,2.1307,28.7887
2018-10-25,2018-11-23,21,1.0361,13.1666
2018-10-26,2018-11-26,21,1.0004,12.6873
2018-10-29,2018-11-27,21,1.5508,20.2826
2018-10-30,2018-11-28,21,1.5424,20.1624
2018-10-31,2018-11-29,21,0.9552,12.084
2018-11-01,2018-11-30,21,0.9328,11.786
2018-11-02,2018-12-03,21,0.8071,10.127
2018-11-05,2018-12-04,21,0.8907,11.2278
2018-11-06,2018-12-05,21,0.7446,9.3106
2018-11-07,2018-12-06,21,0.4438,5.4576
2018-11-08,2018-12-07,21,0.3437,4.2027
2018-11-09,2018-12-10,21,0.4457,5.4819
2018-11-12,2018-12-11,21,0.1753,2.1243
2018-11-13,2018-12-12,21,-0.3063,-3.6144
2018-11-14,2018-12-13,21,0.0223,0.2678
2018-11-15,2018-12-14,21,-1.1278,-12.7252
2018-11-16,2018-12-17,21,-1.4149,-15.7178
2018-11-19,2018-12-18,21,-1.5132,-16.7213
2018-11-20,2018-12-19,21,-1.2002,-13.4882
2018-11-21,2018-12-20,21,-1.2322,-13.8245
2018-11-22,2018-12-21,21,-1.1941,-13.4242
2018-11-23,2018-12-24,21,0.0511,0.6147
2018-11-26,2018-12-25,21,-0.0285,-0.3413
2018-11-27,2018-12-26,21,-0.1462,-1.7398
2018-11-28,2018-12-27,21,-0.6868,-7.9373
2018-11-29,2018-12-28,21,-0.1755,-2.0863
2018-11-30,2019-01-02,21,-0.5017,-5.8572
2018-12-03,2019-01-03,21,-1.1134,-12.5718
2018-12-04,2019-01-04,21,-0.6428,-7.4469
2018-12-05,2019-01-07,21,-0.2212,-2.6225
2018-12-06,2019-01-08,21,-0.0231,-0.2771
2018-12-07,2019-01-09,21,-0.0755,-0.9026
2018-12-10,2019-01-10,21,-0.0424,-0.5071
2018-12-11,2019-01-11,21,-0.1644,-1.9551
2018-12-12,2019-01-14,21,-0.1813,-2.154
2018-12-13,2019-01-15,21,-0.1061,-1.2663
2018-12-14,2019-01-16,21,0.4684,5.768
2018-12-17,2019-01-17,21,0.36,4.4072
2018-12-18,2019-01-18,21,0.5949,7.3768
2018-12-19,2019-01-21,21,0.8695,10.9473
2018-12-20,2019-01-22,21,0.4457,5.4818
2018-12-21,2019-01-23,21,0.444,5.4599
2018-12-24,2019-01-24,21,0.2465,2.999
2018-12-25,2019-01-25,21,0.2276,2.7654
2018-12-26,2019-01-28,21,0.455,5.5984
2018-12-27,2019-01-29,21,0.6046,7.502
2018-12-28,2019-01-30,21,0.2496,3.0369
2019-01-02,2019-01-31,21,0.2383,2.8976
2019-01-03,2019-02-01,21,0.9682,12.2572
2019-01-04,2019-02-11,21,1.0892,13.8829
2019-01-07,2019-02-12,21,1.0028,12.7205
2019-01-08,2019-02-13,21,1.5655,20.4909
2019-01-09,2019-02-14,21,1.6454,21.633
2019-01-10,2019-02-15,21,1.6291,21.4001
2019-01-11,2019-02-18,21,2.6361,36.6473
2019-01-14,2019-02-19,21,2.8773,40.552
2019-01-15,2019-02-20,21,2.7418,38.3463
2019-01-16,2019-02-21,21,2.5681,35.5649
2019-01-17,2019-02-22,21,3.2498,46.781
2019-01-18,2019-02-25,21,4.4821,69.2401
2019-01-21,2019-02-26,21,4.417,67.978
2019-01-22,2019-02-27,21,4.6987,73.4994
2019-01-23,2019-02-28,21,4.5014,69.6152
2019-01-24,2019-03-01,21,4.5307,70.1869
2019-01-25,2019-03-04,21,4.8688,76.9114
2019-01-28,2019-03-05,21,5.4191,88.3777
2019-01-29,2019-03-06,21,6.4076,110.7046
2019-01-30,2019-03-07,21,6.9282,123.4121
2019-01-31,2019-03-08,21,6.1311,104.2266
2019-02-01,2019-03-11,21,6.4851,112.5517
2019-02-11,2019-03-12,21,6.2296,106.5123
2019-02-12,2019-03-13,21,5.3763,87.4621
2019-02-13,2019-03-14,21,4.1862,63.5779
2019-02-14,2019-03-15,21,4.4305,68.24
2019-02-15,2019-03-18,21,5.268,85.164
2019-02-18,2019-03-19,21,4.2937,65.6145
2019-02-19,2019-03-20,21,4.1515,62.9252
2019-02-20,2019-03-21,21,4.5347,70.265
2019-02-21,2019-03-22,21,4.8298,76.1241
2019-02-22,2019-03-25,21,4.0124,60.3317
2019-02-25,2019-03-26,21,1.7551,23.2182
2019-02-26,2019-03-27,21,2.0704,27.8789
2019-02-27,2019-03-28,21,1.7553,23.2203
2019-02-28,2019-03-29,21,2.2803,31.0696
2019-03-01,2019-04-01,21,3.1836,45.6552
2019-03-04,2019-04-02,21,3.1272,44.7026
2019-03-05,2019-04-03,21,2.8442,40.0098
2019-03-06,2019-04-04,21,2.3908,32.7799
2019-03-07,2019-04-08,21,2.1752,29.4628
2019-03-08,2019-04-09,21,3.0975,44.2048
2019-03-11,2019-04-10,21,2.0034,26.8753
2019-03-12,2019-04-11,21,1.0692,13.6129
2019-03-13,2019-04-12,21,1.2328,15.8384
2019-03-14,2019-04-15,21,1.4972,19.5226
2019-03-15,2019-04-16,21,1.7559,23.2299
2019-03-18,2019-04-17,21,1.0415,13.24
2019-03-19,2019-04-18,21,0.572,7.0847
2019-03-20,2019-04-19,21,0.9089,11.4691
2019-03-21,2019-04-22,21,0.0841,1.0134
2019-03-22,2019-04-23,21,-0.5111,-5.9636
2019-03-25,2019-04-24,21,-0.1083,-1.2922
2019-03-26,2019-04-25,21,-0.2863,-3.3824
2019-03-27,2019-04-26,21,-0.6684,-7.7319
2019-03-28,2019-04-29,21,-0.9172,-10.4677
2019-03-29,2019-04-30,21,-1.0176,-11.5503
2019-04-01,2019-05-06,21,-3.2144,-32.4339
2019-04-02,2019-05-07,21,-3.0533,-31.0722
2019-04-03,2019-05-08,21,-3.3254,-33.3576
2019-04-04,2019-05-09,21,-3.7063,-36.4411
2019-04-08,2019-05-10,21,-2.9718,-30.3734
2019-04-09,2019-05-13,21,-3.1104,-31.5576
2019-04-10,2019-05-14,21,-3.07,-31.2141
2019-04-11,2019-05-15,21,-2.2902,-24.2719
2019-04-12,2019-05-16,21,-1.7484,-19.0759
2019-04-15,2019-05-17,21,-2.1662,-23.1102
2019-04-16,2019-05-20,21,-2.8874,-29.6434
2019-04-17,2019-05-21,21,-2.5132,-26.3201
2019-04-18,2019-05-22,21,-2.392,-25.2132
2019-04-19,2019-05-23,21,-3.0475,-31.0226
2019-04-22,2019-05-24,21,-2.7822,-28.7229
2019-04-23,2019-05-27,21,-1.7525,-19.117
2019-04-24,2019-05-28,21,-1.9943,-21.4732
2019-04-25,2019-05-29,21,-1.2077,-13.5674
2019-04-26,2019-05-30,21,-1.3538,-15.0893
2019-04-29,2019-05-31,21,-0.4947,-5.778
2019-04-30,2019-06-03,21,-0.6878,-7.9479
2019-05-06,2019-06-04,21,0.7059,8.807
2019-05-07,2019-06-05,21,0.5514,6.8209
2019-05-08,2019-06-06,21,0.012,0.1446
2019-05-09,2019-06-10,21,0.4581,5.6379
2019-05-10,2019-06-11,21,0.3709,4.5422
2019-05-13,2019-06-12,21,0.5514,6.8215
2019-05-14,2019-06-13,21,0.5538,6.8521
2019-05-15,2019-06-14,21,0.1366,1.652
2019-05-16,2019-06-17,21,-0.3862,-4.5376
2019-05-17,2019-06-18,21,0.6071,7.5334
2019-05-20,2019-06-19,21,1.0632,13.5314
2019-05-21,2019-06-20,21,1.7399,22.9973
2019-05-22,2019-06-21,21,2.4673,33.9752
2019-05-23,2019-06-24,21,3.1657,45.3533
2019-05-24,2019-06-25,21,3.4288,49.8633
2019-05-27,2019-06-26,21,2.2613,30.7782
2019-05-28,2019-06-27,21,2.48,34.1743
2019-05-29,2019-06-28,21,2.2508,30.6178
2019-05-30,2019-07-01,21,2.6024,36.1097
2019-05-31,2019-07-02,21,2.5664,35.5374
2019-06-03,2019-07-03,21,3.1229,44.6312
2019-06-04,2019-07-04,21,2.7942,39.195
2019-06-05,2019-07-05,21,2.8076,39.413
2019-06-06,2019-07-08,21,2.3441,32.055
2019-06-10,2019-07-09,21,1.9786,26.5047
2019-06-11,2019-07-10,21,0.9497,12.0104
2019-06-12,2019-07-11,21,1.3618,17.6231
2019-06-13,2019-07-12,21,1.1308,14.4468
2019-06-14,2019-07-15,21,1.5933,20.887
2019-06-17,2019-07-16,21,1.8991,25.3269
2019-06-18,2019-07-17,21,1.5799,20.6957
2019-06-19,2019-07-18,21,1.244,15.9929
2019-06-20,2019-07-19,21,0.6885,8.5815
2019-06-21,2019-07-22,21,-0.5522,-6.4284
2019-06-24,2019-07-23,21,-0.6628,-7.6695
2019-06-25,2019-07-24,21,-0.5751,-6.6873
2019-06-26,2019-07-25,21,0.055,0.662
2019-06-27,2019-07-26,21,-0.1645,-1.9565
2019-06-28,2019-07-29,21,0.0513,0.617
2019-07-01,2019-07-30,21,0.2063,2.5043
2019-07-02,2019-07-31,21,0.0305,0.3661
2019-07-03,2019-08-01,21,-1.0905,-12.3287
2019-07-04,2019-08-02,21,-0.4464,-5.2276
2019-07-05,2019-08-05,21,-0.0789,-0.9432
2019-07-08,2019-08-06,21,0.4913,6.0573
2019-07-09,2019-08-07,21,1.0582,13.4635
2019-07-10,2019-08-08,21,1.6216,21.2924
2019-07-11,2019-08-09,21,0.9523,12.0452
2019-07-12,2019-08-12,21,1.3756,17.815
2019-07-15,2019-08-13,21,1.4677,19.1059
2019-07-16,2019-08-14,21,0.8288,10.4122
2019-07-17,2019-08-15,21,1.4772,19.2396
2019-07-18,2019-08-16,21,1.7221,22.7393
2019-07-19,2019-08-19,21,1.8718,24.9248
2019-07-22,2019-08-20,21,2.4859,34.2668
2019-07-23,2019-08-21,21,2.4995,34.4817
2019-07-24,2019-08-22,21,2.2767,31.0147
2019-07-25,2019-08-23,21,2.1106,28.4843
2019-07-26,2019-08-26,21,2.9538,41.8105
2019-07-29,2019-08-27,21,3.3624,48.7142
2019-07-30,2019-08-28,21,3.092,44.111
2019-07-31,2019-08-29,21,3.4081,49.5044
2019-08-01,2019-08-30,21,3.353,48.5513
2019-08-02,2019-09-02,21,3.5679,52.3005
2019-08-05,2019-09-03,21,3.3967,49.3078
2019-08-06,2019-09-04,21,4.2312,64.4277
2019-08-07,2019-09-05,21,4.2683,65.1299
2019-08-08,2019-09-06,21,3.1332,44.8041
2019-08-09,2019-09-09,21,4.0475,60.9834
2019-08-12,2019-09-10,21,3.1375,44.8764
2019-08-13,2019-09-11,21,2.6531,36.9195
2019-08-14,2019-09-12,21,3.32,47.9832
2019-08-15,2019-09-16,21,2.91,41.0881
2019-08-16,2019-09-17,21,2.1146,28.5445
2019-08-19,2019-09-18,21,1.4756,19.2173
2019-08-20,2019-09-19,21,1.8319,24.3393
2019-08-21,2019-09-20,21,1.8495,24.5962
2019-08-22,2019-09-23,21,1.8325,24.3468
2019-08-23,2019-09-24,21,2.0208,27.1353
2019-08-26,2019-09-25,21,0.9894,12.5413
2019-08-27,2019-09-26,21,-0.3607,-4.2431
2019-08-28,2019-09-27,21,-0.3737,-4.3938
2019-08-29,2019-09-30,21,-1.0848,-12.2684
2019-08-30,2019-10-08,21,-0.468,-5.474
2019-09-02,2019-10-09,21,-0.4649,-5.4382
2019-09-03,2019-10-10,21,-0.5668,-6.594
2019-09-04,2019-10-11,21,-0.9968,-11.3266
2019-09-05,2019-10-14,21,-1.3304,-14.8469
2019-09-06,2019-10-15,21,-0.8904,-10.1765
2019-09-09,2019-10-16,21,-1.7065,-18.6611
2019-09-10,2019-10-17,21,-1.0785,-12.2009
2019-09-11,2019-10-18,21,-1.4054,-15.6203
2019-09-12,2019-10-21,21,-1.6039,-17.6368
2019-09-16,2019-10-22,21,-1.4801,-16.3841
2019-09-17,2019-10-23,21,-0.9558,-10.885
2019-09-18,2019-10-24,21,-1.1454,-12.9107
2019-09-19,2019-10-25,21,-0.9424,-10.7406
2019-09-20,2019-10-28,21,-0.6237,-7.2325
2019-09-23,2019-10-29,21,-1.3583,-15.1352
2019-09-24,2019-10-30,21,-1.836,-19.9378
2019-09-25,2019-10-31,21,-1.63,-17.8982
2019-09-26,2019-11-01,21,-0.3288,-3.8747
2019-09-27,2019-11-04,21,-0.1759,-2.0902
2019-09-30,2019-11-05,21,0.2669,3.2498
2019-10-08,2019-11-06,21,-0.3058,-3.609
2019-10-09,2019-11-07,21,-0.5723,-6.6557
2019-10-10,2019-11-08,21,-1.305,-14.5839
2019-10-11,2019-11-11,21,-1.82,-19.7808
2019-10-14,2019-11-12,21,-2.0213,-21.7329
2019-10-15,2019-11-13,21,-1.218,-13.6752
2019-10-16,2019-11-14,21,-0.7536,-8.6781
2019-10-17,2019-11-15,21,-1.1722,-13.194
2019-10-18,2019-11-18,21,-0.6691,-7.7402
2019-10-21,2019-11-19,21,-0.0265,-0.3178
2019-10-22,2019-11-20,21,-0.2872,-3.393
2019-10-23,2019-11-21,21,-0.2341,-2.7734
2019-10-24,2019-11-22,21,-0.4324,-5.0668
2019-10-25,2019-11-25,21,-1.0325,-11.7104
2019-10-28,2019-11-26,21,-1.5724,-17.3196
2019-10-29,2019-11-27,21,-0.7862,-9.0372
2019-10-30,2019-11-28,21,-0.6141,-7.1253
2019-10-31,2019-11-29,21,-0.4058,-4.762
2019-11-01,2019-12-02,21,-0.7529,-8.6704
2019-11-04,2019-12-03,21,-0.7016,-8.1022
2019-11-05,2019-12-04,21,-0.2918,-3.4457
2019-11-06,2019-12-05,21,0.4398,5.4078
2019-11-07,2019-12-06,21,0.1769,2.1433
2019-11-08,2019-12-09,21,0.6137,7.6183
2019-11-11,2019-12-10,21,1.3874,17.9794
2019-11-12,2019-12-11,21,1.5097,19.6992
2019-11-13,2019-12-12,21,1.0152,12.8865
2019-11-14,2019-12-13,21,0.7464,9.3335
2019-11-15,2019-12-16,21,1.7842,23.6414
2019-11-18,2019-12-17,21,1.9984,26.7996
2019-11-19,2019-12-18,21,1.4315,18.5975
2019-11-20,2019-12-19,21,1.5158,19.7855
2019-11-21,2019-12-20,21,1.3343,17.2406
2019-11-22,2019-12-23,21,1.1905,15.2589
2019-11-25,2019-12-24,21,1.9044,25.4047
2019-11-26,2019-12-25,21,2.2852,31.1455
2019-11-27,2019-12-26,21,2.3288,31.8186
2019-11-28,2019-12-27,21,2.3708,32.469
2019-11-29,2019-12-30,21,2.6033,36.1249
2019-12-02,2020-01-02,21,3.1989,45.9145
2019-12-03,2020-01-03,21,3.3677,48.8046
2019-12-04,2020-01-06,21,3.7109,54.8441
2019-12-05,2020-01-07,21,3.6295,53.3912
2019-12-06,2020-01-08,21,3.6399,53.5761
2019-12-09,2020-01-09,21,3.1965,45.8751
2019-12-10,2020-01-10,21,3.0521,43.4444
2019-12-11,2020-01-13,21,3.5404,51.8157
2019-12-12,2020-01-14,21,3.0417,43.2707
2019-12-13,2020-01-15,21,3.1989,45.9153
2019-12-16,2020-01-16,21,2.4607,33.8714
2019-12-17,2020-01-17,21,2.0288,27.2546
2019-12-18,2020-01-20,21,2.3707,32.4678
2019-12-19,2020-01-21,21,2.3256,31.7684
2019-12-20,2020-01-22,21,2.5532,35.3296
2019-12-23,2020-01-23,21,2.223,30.1915
2019-12-24,2020-02-03,21,0.1229,1.4853
2019-12-25,2020-02-04,21,0.0471,0.5661
2019-12-26,2020-02-05,21,0.3025,3.6912
2019-12-27,2020-02-06,21,1.03,13.0845
2019-12-30,2020-02-07,21,1.0523,13.3851
2020-01-02,2020-02-10,21,0.7776,9.7405
2020-01-03,2020-02-11,21,0.1639,1.9841
2020-01-06,2020-02-12,21,-0.0831,-0.9923
2020-01-07,2020-02-13,21,-0.1799,-2.1375
2020-01-08,2020-02-14,21,-0.1798,-2.137
2020-01-09,2020-02-17,21,1.2532,16.1188
2020-01-10,2020-02-18,21,1.671,22.0014
2020-01-13,2020-02-19,21,1.3479,17.43
2020-01-14,2020-02-20,21,2.3224,31.7191
2020-01-15,2020-02-21,21,3.0049,42.6573
2020-01-16,2020-02-24,21,3.9125,58.4938
2020-01-17,2020-02-25,21,3.5856,52.6131
2020-01-20,2020-02-26,21,2.6927,37.5553
2020-01-21,2020-02-27,21,2.778,38.9315
2020-01-22,2020-02-28,21,1.1019,14.054
2020-01-23,2020-03-02,21,2.1497,29.0755
2020-02-03,2020-03-03,21,4.2392,64.578
2020-02-04,2020-03-04,21,4.5731,71.0169
2020-02-05,2020-03-05,21,4.4245,68.1231
2020-02-06,2020-03-06,21,4.0602,61.2198
2020-02-07,2020-03-09,21,2.3863,32.7095
2020-02-10,2020-03-10,21,2.354,32.2081
2020-02-11,2020-03-11,21,2.3404,31.9971
2020-02-12,2020-03-12,21,1.1961,15.3363
2020-02-13,2020-03-13,21,0.3007,3.6692
2020-02-14,2020-03-16,21,-1.5862,-17.4585
2020-02-17,2020-03-17,21,-3.4919,-34.7219
2020-02-18,2020-03-18,21,-3.7183,-36.5363
2020-02-19,2020-03-19,21,-3.7674,-36.9239
2020-02-20,2020-03-20,21,-3.7623,-36.8835
2020-02-21,2020-03-23,21,-5.4592,-49.016
2020-02-24,2020-03-24,21,-4.5737,-42.9811
2020-02-25,2020-03-25,21,-3.2731,-32.9238
2020-02-26,2020-03-26,21,-3.138,-31.7909
2020-02-27,2020-03-27,21,-3.0228,-30.8111
2020-02-28,2020-03-30,21,-2.1961,-23.392
2020-03-02,2020-03-31,21,-2.3604,-24.9224
2020-03-03,2020-04-01,21,-3.0341,-30.9076
2020-03-04,2020-04-02,21,-2.9173,-29.9027
2020-03-05,2020-04-03,21,-3.2355,-32.6102
2020-03-06,2020-04-07,21,-2.1967,-23.3978
2020-03-09,2020-04-08,21,-1.2605,-14.1207
2020-03-10,2020-04-09,21,-1.258,-14.0938
2020-03-11,2020-04-10,21,-1.4302,-15.8746
2020-03-12,2020-04-13,21,-0.9649,-10.9835
2020-03-13,2020-04-14,21,0.819,10.2824
2020-03-16,2020-04-15,21,2.5326,35.0028
2020-03-17,2020-04-16,21,4.2719,65.1999
2020-03-18,2020-04-17,21,3.5164,51.3944
2020-03-19,2020-04-20,21,3.7283,55.1553
2020-03-20,2020-04-21,21,3.2498,46.7814
2020-03-23,2020-04-22,21,4.5187,69.9521
2020-03-24,2020-04-23,21,2.8767,40.5408
2020-03-25,2020-04-24,21,1.6342,21.4722
2020-03-26,2020-04-27,21,1.7423,23.0319
2020-03-27,2020-04-28,21,1.1922,15.2828
2020-03-30,2020-04-29,21,2.0579,27.6906
2020-03-31,2020-04-30,21,2.7072,37.7874
2020-04-01,2020-05-06,21,3.7525,55.5904
2020-04-02,2020-05-07,21,2.7659,38.7352
2020-04-03,2020-05-08,21,3.4343,49.9597
2020-04-07,2020-05-11,21,1.7174,22.6706
2020-04-08,2020-05-12,21,1.9668,26.3298
2020-04-09,2020-05-13,21,1.8085,23.9968
2020-04-10,2020-05-14,21,2.1586,29.2105
2020-04-13,2020-05-15,21,2.8745,40.5061
2020-04-14,2020-05-18,21,2.5634,35.49
2020-04-15,2020-05-19,21,2.6365,36.6533
2020-04-16,2020-05-20,21,2.1909,29.7019
2020-04-17,2020-05-21,21,2.1475,29.0428
2020-04-20,2020-05-22,21,1.4453,18.7907
2020-04-21,2020-05-25,21,1.2533,16.121
2020-04-22,2020-05-26,21,1.74,22.9993
2020-04-23,2020-05-27,21,0.9093,11.4742
2020-04-24,2020-05-28,21,1.2642,16.271
2020-04-27,2020-05-29,21,1.711,22.5787
2020-04-28,2020-06-01,21,3.1236,44.6423
2020-04-29,2020-06-02,21,2.9314,41.441
2020-04-30,2020-06-03,21,1.9632,26.2762
2020-05-06,2020-06-04,21,1.3149,16.9719
2020-05-07,2020-06-05,21,1.5387,20.1106
2020-05-08,2020-06-08,21,0.6003,7.4457
2020-05-11,2020-06-09,21,0.9223,11.6465
2020-05-12,2020-06-10,21,1.1953,15.3246
2020-05-13,2020-06-11,21,1.118,14.2719
2020-05-14,2020-06-12,21,1.1755,15.0545
2020-05-15,2020-06-15,21,0.6322,7.8557
2020-05-18,2020-06-16,21,0.5462,6.7544
2020-05-19,2020-06-17,21,0.8455,10.6307
2020-05-20,2020-06-18,21,0.8086,10.1463
2020-05-21,2020-06-19,21,1.6332,21.4587
2020-05-22,2020-06-22,21,2.4407,33.5576
2020-05-25,2020-06-23,21,2.615,36.3108
2020-05-26,2020-06-24,21,2.1041,28.3868
2020-05-27,2020-06-29,21,2.5051,34.569
2020-05-28,2020-06-30,21,2.8658,40.3627
2020-05-29,2020-07-01,21,2.8535,40.1612
2020-06-01,2020-07-02,21,1.9924,26.7106
2020-06-02,2020-07-03,21,2.5083,34.6191
2020-06-03,2020-07-06,21,3.7894,56.2566
2020-06-04,2020-07-07,21,4.3839,67.3414
2020-06-05,2020-07-08,21,5.1368,82.4133
2020-06-08,2020-07-09,21,6.3271,108.7987
2020-06-09,2020-07-10,21,5.863,98.1198
2020-06-10,2020-07-13,21,6.6763,117.1787
2020-06-11,2020-07-14,21,6.147,104.5938
2020-06-12,2020-07-15,21,5.4222,88.4451
2020-06-15,2020-07-16,21,3.9759,59.6585
2020-06-16,2020-07-17,21,3.4233,49.7685
2020-06-17,2020-07-20,21,4.1216,62.3639
2020-06-18,2020-07-21,21,4.506,69.7047
2020-06-19,2020-07-22,21,5.059,80.8003
2020-06-22,2020-07-23,21,4.9142,77.8316
2020-06-23,2020-07-24,21,3.6464,53.6911
2020-06-24,2020-07-27,21,4.1799,63.4581
2020-06-29,2020-07-28,21,4.5572,70.7045
2020-06-30,2020-07-29,21,4.8556,76.6447
2020-07-01,2020-07-30,21,4.3826,67.3168
2020-07-02,2020-07-31,21,4.7505,74.5306
2020-07-03,2020-08-03,21,4.8739,77.0151
2020-07-06,2020-08-04,21,3.7036,54.7119
2020-07-07,2020-08-05,21,4.3751,67.1712
2020-07-08,2020-08-06,21,3.8112,56.6504
2020-07-09,2020-08-07,21,2.8507,40.1161
2020-07-10,2020-08-10,21,3.0555,43.5002
2020-07-13,2020-08-11,21,1.0778,13.729
2020-07-14,2020-08-12,21,-0.0444,-0.5311
2020-07-15,2020-08-13,21,0.5924,7.3449
2020-07-16,2020-08-14,21,2.4353,33.4744
2020-07-17,2020-08-17,21,3.2237,46.3362
2020-07-20,2020-08-18,21,3.1111,44.4323
2020-07-21,2020-08-19,21,2.0179,27.0915
2020-07-22,2020-08-20,21,0.2477,3.0135
2020-07-23,2020-08-21,21,0.372,4.5569
2020-07-24,2020-08-24,21,1.4264,18.526
2020-07-27,2020-08-25,21,0.7203,8.9946
2020-07-28,2020-08-26,21,-0.0727,-0.8687
2020-07-29,2020-08-27,21,-0.3382,-3.9837
2020-07-30,2020-08-28,21,0.2968,3.6198
2020-07-31,2020-08-31,21,-0.1464,-1.7429
2020-08-03,2020-09-01,21,-0.2607,-3.0843
2020-08-04,2020-09-02,21,-0.3633,-4.2741
2020-08-05,2020-09-03,21,-1.9231,-20.7861
2020-08-06,2020-09-04,21,-2.1887,-23.3226
2020-08-07,2020-09-07,21,-2.5354,-26.5207
2020-08-10,2020-09-08,21,-2.31,-24.456
2020-08-11,2020-09-09,21,-2.0182,-21.7032
2020-08-12,2020-09-10,21,-0.8793,-10.0556
2020-08-13,2020-09-11,21,-0.718,-8.2841
2020-08-14,2020-09-14,21,-1.0342,-11.7284
2020-08-17,2020-09-15,21,-1.4911,-16.4961
2020-08-18,2020-09-16,21,-2.381,-25.1121
2020-08-19,2020-09-17,21,-1.8067,-19.6511
2020-08-20,2020-09-18,21,-0.4483,-5.2495
2020-08-21,2020-09-21,21,-0.7861,-9.0359
2020-08-24,2020-09-22,21,-1.6092,-17.6894
2020-08-25,2020-09-23,21,-1.8111,-19.6939
2020-08-26,2020-09-24,21,-2.1207,-22.6803
2020-08-27,2020-09-25,21,-2.353,-24.854
2020-08-28,2020-09-28,21,-3.0163,-30.7552
2020-08-31,2020-09-29,21,-2.5365,-26.531
2020-09-01,2020-09-30,21,-3.0479,-31.026
2020-09-02,2020-10-09,21,-2.2538,-23.933
2020-09-03,2020-10-12,21,-0.6679,-7.7269
2020-09-04,2020-10-13,21,-0.6296,-7.2992
2020-09-07,2020-10-14,21,-0.5214,-6.0804
2020-09-08,2020-10-15,21,-0.9216,-10.5153
2020-09-09,2020-10-16,21,-0.2743,-3.2428
2020-09-10,2020-10-19,21,-0.2714,-3.2082
2020-09-11,2020-10-20,21,-0.3376,-3.9764
2020-09-14,2020-10-21,21,-0.7239,-8.3487
2020-09-15,2020-10-22,21,-1.0623,-12.0283
2020-09-16,2020-10-23,21,-1.3482,-15.0308
2020-09-17,2020-10-26,21,-1.3408,-14.9546
2020-09-18,2020-10-27,21,-1.5513,-17.1071
2020-09-21,2020-10-28,21,-1.3714,-15.271
2020-09-22,2020-10-29,21,-0.7809,-8.9789
2020-09-23,2020-10-30,21,-1.23,-13.801
2020-09-24,2020-11-02,21,-0.0437,-0.5232
2020-09-25,2020-11-03,21,0.2198,2.67
2020-09-28,2020-11-04,21,0.5883,7.2922
2020-09-29,2020-11-05,21,0.4953,6.1084
2020-09-30,2020-11-06,21,0.6787,8.4557
2020-10-09,2020-11-09,21,0.4817,5.9362
2020-10-12,2020-11-10,21,-1.3601,-15.1537
2020-10-13,2020-11-11,21,-1.665,-18.2486
2020-10-14,2020-11-12,21,-1.1972,-13.4572
2020-10-15,2020-11-13,21,-0.9056,-10.3417
2020-10-16,2020-11-16,21,-0.5712,-6.6433
2020-10-19,2020-11-17,21,-0.5182,-6.0441
2020-10-20,2020-11-18,21,-0.831,-9.5287
2020-10-21,2020-11-19,21,-0.6362,-7.3727
2020-10-22,2020-11-20,21,-0.2598,-3.074
2020-10-23,2020-11-23,21,0.4813,5.9311
2020-10-26,2020-11-24,21,0.0179,0.2153
2020-10-27,2020-11-25,21,-0.9847,-11.1969
2020-10-28,2020-11-26,21,-1.0928,-12.3529
2020-10-29,2020-11-27,21,-0.676,-7.8172
2020-10-30,2020-11-30,21,-0.6606,-7.6458
2020-11-02,2020-12-01,21,-0.3942,-4.629
2020-11-03,2020-12-02,21,-0.5476,-6.3768
2020-11-04,2020-12-03,21,-0.3394,-3.9972
2020-11-05,2020-12-04,21,-0.674,-7.7954
2020-11-06,2020-12-07,21,-0.9318,-10.6265
2020-11-09,2020-12-08,21,-1.0072,-11.4386
2020-11-10,2020-12-09,21,-0.7555,-8.6991
2020-11-11,2020-12-10,21,-0.5768,-6.7058
2020-11-12,2020-12-11,21,-1.0878,-12.3001
2020-11-13,2020-12-14,21,-0.9715,-11.0544
2020-11-16,2020-12-15,21,-1.0645,-12.0517
2020-11-17,2020-12-16,21,-0.7871,-9.047
2020-11-18,2020-12-17,21,-0.2218,-2.6288
2020-11-19,2020-12-18,21,-0.0649,-0.7762
2020-11-20,2020-12-21,21,0.4033,4.9485
2020-11-23,2020-12-22,21,-0.759,-8.7377
2020-11-24,2020-12-23,21,-0.0132,-0.1579
2020-11-25,2020-12-24,21,0.4426,5.4424
2020-11-26,2020-12-25,21,0.8558,10.7674
2020-11-27,2020-12-28,21,0.6429,7.9934
2020-11-30,2020-12-29,21,1.1415,14.5912
2020-12-01,2020-12-30,21,0.7949,9.9668
2020-12-02,2021-01-04,21,1.6334,21.461
2020-12-03,2021-01-05,21,1.7011,22.4363
2020-12-04,2021-01-06,21,1.5473,20.2316
2020-12-07,2021-01-07,21,1.5682,20.5288
2020-12-08,2021-01-08,21,1.0675,13.5899
2020-12-09,2021-01-11,21,0.5624,6.9616
2020-12-10,2021-01-12,21,1.2583,16.1892
2020-12-11,2021-01-13,21,1.5726,20.5923
2020-12-14,2021-01-14,21,0.9887,12.5307
2020-12-15,2021-01-15,21,0.8556,10.765
2020-12-16,2021-01-18,21,1.1213,14.3172
2020-12-17,2021-01-19,21,0.5899,7.3135
2020-12-18,2021-01-20,21,0.7694,9.6342
2020-12-21,2021-01-21,21,0.6251,7.7647
2020-12-22,2021-01-22,21,1.5368,20.0836
2020-12-23,2021-01-25,21,1.2869,16.5847
2020-12-24,2021-01-26,21,1.2402,15.941
2020-12-25,2021-01-27,21,0.767,9.6028
2020-12-28,2021-01-28,21,0.1857,2.2507
2020-12-29,2021-01-29,21,0.3438,4.2041
2020-12-30,2021-02-01,21,0.5316,6.5686
2021-01-04,2021-02-02,21,-0.6624,-7.6655
2021-01-05,2021-02-03,21,-1.5025,-16.6121
2021-01-06,2021-02-04,21,-1.9387,-20.9374
2021-01-07,2021-02-05,21,-2.3643,-24.9577
2021-01-08,2021-02-08,21,-1.7401,-18.9941
2021-01-11,2021-02-09,21,0.1528,1.8497
2021-01-12,2021-02-10,21,-0.0783,-0.9357
2021-01-13,2021-02-18,21,-0.3049,-3.5984
2021-01-14,2021-02-19,21,0.2945,3.5913
2021-01-15,2021-02-22,21,0.3131,3.8222
2021-01-18,2021-02-23,21,0.1543,1.8668
2021-01-19,2021-02-24,21,-0.1884,-2.2377
2021-01-20,2021-02-25,21,-0.8626,-9.874
2021-01-21,2021-02-26,21,-2.3484,-24.8111
2021-01-22,2021-03-01,21,-1.9267,-20.821
2021-01-25,2021-03-02,21,-2.4452,-25.7005
2021-01-26,2021-03-03,21,-1.6342,-17.9406
2021-01-27,2021-03-04,21,-2.266,-24.046
2021-01-28,2021-03-05,21,-1.8602,-20.1747
2021-01-29,2021-03-08,21,-2.0505,-22.0118
2021-02-01,2021-03-09,21,-3.1506,-31.8976
2021-02-02,2021-03-10,21,-3.1233,-31.6672
2021-02-03,2021-03-11,21,-1.8681,-20.2519
2021-02-04,2021-03-12,21,-1.7222,-18.8167
2021-02-05,2021-03-15,21,-1.0864,-12.2856
2021-02-08,2021-03-16,21,-1.4802,-16.3856
2021-02-09,2021-03-17,21,-2.0537,-22.0423
2021-02-10,2021-03-18,21,-1.923,-20.7851
2021-02-18,2021-03-19,21,-1.8732,-20.3011
2021-02-19,2021-03-22,21,-1.833,-19.9084
2021-02-22,2021-03-23,21,-2.1946,-23.3781
2021-02-23,2021-03-24,21,-2.6851,-27.8642
2021-02-24,2021-03-25,21,-2.1598,-23.0504
2021-02-25,2021-03-26,21,-1.4923,-16.5083
2021-02-26,2021-03-29,21,-0.5325,-6.2066
2021-03-01,2021-03-30,21,-1.135,-12.8015
2021-03-02,2021-03-31,21,-0.8936,-10.2121
2021-03-03,2021-04-01,21,-0.6104,-7.0838
2021-03-04,2021-04-02,21,0.4787,5.8981
2021-03-05,2021-04-06,21,0.6186,7.6811
2021-03-08,2021-04-07,21,1.0769,13.7164
2021-03-09,2021-04-08,21,1.8911,25.2092
2021-03-10,2021-04-09,21,1.8542,24.6653
2021-03-11,2021-04-12,21,0.3804,4.6615
2021-03-12,2021-04-13,21,0.4029,4.9436
2021-03-15,2021-04-14,21,0.913,11.5231
2021-03-16,2021-04-15,21,0.7735,9.6875
2021-03-17,2021-04-16,21,1.0177,12.9194
2021-03-18,2021-04-19,21,1.1314,14.4548
2021-03-19,2021-04-20,21,1.3001,16.7672
2021-03-22,2021-04-21,21,1.2613,16.2304
2021-03-23,2021-04-22,21,1.6683,21.9621
2021-03-24,2021-04-23,21,2.0191,27.1102
2021-03-25,2021-04-26,21,1.6654,21.921
2021-03-26,2021-04-27,21,1.3762,17.8237
2021-03-29,2021-04-28,21,1.3811,17.8923
2021-03-30,2021-04-29,21,1.7196,22.7035
2021-03-31,2021-04-30,21,1.9662,26.3208
2021-04-01,2021-05-06,21,1.5821,20.7273
2021-04-02,2021-05-07,21,1.274,16.4061
2021-04-06,2021-05-10,21,1.6123,21.1585
2021-04-07,2021-05-11,21,1.372,17.7655
2021-04-08,2021-05-12,21,1.55,20.2703
2021-04-09,2021-05-13,21,1.0999,14.0276
2021-04-12,2021-05-14,21,2.2395,30.4442
2021-04-13,2021-05-17,21,3.0566,43.5198
2021-04-14,2021-05-18,21,2.7697,38.797
2021-04-15,2021-05-19,21,2.7352,38.2398
2021-04-16,2021-05-20,21,2.105,28.3994
2021-04-19,2021-05-21,21,1.4955,19.4983
2021-04-20,2021-05-24,21,1.8679,24.8675
2021-04-21,2021-05-25,21,1.801,23.8871
2021-04-22,2021-05-26,21,1.9422,25.9643
2021-04-23,2021-05-27,21,2.0157,27.058
2021-04-26,2021-05-28,21,2.2015,29.863
2021-04-27,2021-05-31,21,2.5997,36.0668
2021-04-28,2021-06-01,21,2.7839,39.0273
2021-04-29,2021-06-02,21,1.9945,26.7428
2021-04-30,2021-06-03,21,1.9346,25.8525
2021-05-06,2021-06-04,21,1.3103,16.9075
2021-05-07,2021-06-07,21,1.5024,19.596
2021-05-10,2021-06-08,21,1.3115,16.9246
2021-05-11,2021-06-09,21,1.4251,18.5078
2021-05-12,2021-06-10,21,1.3406,17.3282
2021-05-13,2021-06-11,21,1.8249,24.2368
2021-05-14,2021-06-15,21,0.6128,7.6068
2021-05-17,2021-06-16,21,-0.2674,-3.162
2021-05-18,2021-06-17,21,-0.7497,-8.6345
2021-05-19,2021-06-18,21,-0.8136,-9.3384
2021-05-20,2021-06-21,21,-0.4729,-5.5295
2021-05-21,2021-06-22,21,-0.1702,-2.0229
2021-05-24,2021-06-23,21,-0.0826,-0.9867
2021-05-25,2021-06-24,21,-0.5318,-6.1985
2021-05-26,2021-06-25,21,-0.5952,-6.9136
2021-05-27,2021-06-28,21,-0.5627,-6.5477
2021-05-28,2021-06-29,21,-0.8457,-9.6894
2021-05-31,2021-06-30,21,-1.3054,-14.5881
2021-06-01,2021-07-01,21,-1.5637,-17.2314
2021-06-02,2021-07-02,21,-1.0948,-12.3749
2021-06-03,2021-07-05,21,-0.6121,-7.1032
2021-06-04,2021-07-06,21,-0.1715,-2.0383
2021-06-07,2021-07-07,21,-0.2575,-3.0468
2021-06-08,2021-07-08,21,-0.383,-4.5006
2021-06-09,2021-07-09,21,-0.1184,-1.4117
2021-06-10,2021-07-12,21,0.005,0.0596
2021-06-11,2021-07-13,21,0.2683,3.2671
2021-06-15,2021-07-14,21,0.7798,9.7696
2021-06-16,2021-07-15,21,1.5139,19.7586
2021-06-17,2021-07-16,21,1.659,21.8287
2021-06-18,2021-07-19,21,1.3923,18.048
2021-06-21,2021-07-20,21,1.4147,18.3613
2021-06-22,2021-07-21,21,1.4031,18.199
2021-06-23,2021-07-22,21,1.1278,14.4057
2021-06-24,2021-07-23,21,1.3675,17.7016
2021-06-25,2021-07-26,21,0.8196,10.2908
2021-06-28,2021-07-27,21,-0.0485,-0.5809
2021-06-29,2021-07-28,21,0.1878,2.2768
2021-06-30,2021-07-29,21,0.8525,10.7237
2021-07-01,2021-07-30,21,1.0137,12.8654
2021-07-02,2021-08-02,21,1.2565,16.165
2021-07-05,2021-08-03,21,0.7589,9.4962
2021-07-06,2021-08-04,21,1.0103,12.821
2021-07-07,2021-08-05,21,0.6992,8.7206
2021-07-08,2021-08-06,21,0.7611,9.5256
2021-07-09,2021-08-09,21,-0.0588,-0.7039
2021-07-12,2021-08-10,21,-0.3473,-4.0884
2021-07-13,2021-08-11,21,-0.5032,-5.8735
2021-07-14,2021-08-12,21,0.0033,0.0393
2021-07-15,2021-08-13,21,-0.2753,-3.2535
2021-07-16,2021-08-16,21,-0.107,-1.2765
2021-07-19,2021-08-17,21,-0.0639,-0.7645
2021-07-20,2021-08-18,21,-0.098,-1.1699
2021-07-21,2021-08-19,21,-0.3595,-4.2294
2021-07-22,2021-08-20,21,-0.3279,-3.8643
2021-07-23,2021-08-23,21,0.0355,0.4271
2021-07-26,2021-08-24,21,0.8247,10.3584
2021-07-27,2021-08-25,21,1.6981,22.3929
2021-07-28,2021-08-26,21,1.5892,20.8285
2021-07-29,2021-08-27,21,1.4406,18.7251
2021-07-30,2021-08-30,21,1.5759,20.6387
2021-08-02,2021-08-31,21,1.565,20.4841
2021-08-03,2021-09-01,21,1.5734,20.6034
2021-08-04,2021-09-02,21,1.4764,19.2288
2021-08-05,2021-09-03,21,1.4642,19.0573
2021-08-06,2021-09-06,21,1.9415,25.9544
2021-08-09,2021-09-07,21,2.9097,41.084
2021-08-10,2021-09-08,21,2.7319,38.1856
2021-08-11,2021-09-09,21,2.6924,37.5497
2021-08-12,2021-09-10,21,2.4778,34.1405
2021-08-13,2021-09-13,21,2.436,33.4847
2021-08-16,2021-09-14,21,2.0651,27.7985
2021-08-17,2021-09-15,21,2.6216,36.4164
2021-08-18,2021-09-16,21,1.6841,22.1903
2021-08-19,2021-09-17,21,1.2895,16.6197
2021-08-20,2021-09-22,21,1.8336,24.3637
2021-08-23,2021-09-23,21,1.4316,18.599
2021-08-24,2021-09-24,21,0.4038,4.9549
2021-08-25,2021-09-27,21,-0.3455,-4.0684
2021-08-26,2021-09-28,21,-0.2657,-3.1426
2021-08-27,2021-09-29,21,-1.3674,-15.2293
2021-08-30,2021-09-30,21,-1.3946,-15.5096
2021-08-31,2021-10-08,21,-1.2065,-13.5554
2021-09-01,2021-10-11,21,-1.107,-12.5048
2021-09-02,2021-10-12,21,-1.8156,-19.7385
2021-09-03,2021-10-13,21,-1.6056,-17.6538
2021-09-06,2021-10-14,21,-1.582,-17.4161
2021-09-07,2021-10-15,21,-1.9292,-20.8453
2021-09-08,2021-10-18,21,-1.965,-21.1911
2021-09-09,2021-10-19,21,-1.8245,-19.8254
2021-09-10,2021-10-20,21,-2.0242,-21.7608
2021-09-13,2021-10-21,21,-1.9468,-21.0159
2021-09-14,2021-10-22,21,-1.8342,-19.9204
2021-09-15,2021-10-25,21,-1.8158,-19.7402
2021-09-16,2021-10-26,21,-1.0603,-12.0074
2021-09-17,2021-10-27,21,-0.9966,-11.3245
2021-09-22,2021-10-28,21,-1.5813,-17.4093
2021-09-23,2021-10-29,21,-1.4137,-15.7051
2021-09-24,2021-11-01,21,-0.8421,-9.65
2021-09-27,2021-11-02,21,-0.3114,-3.673
2021-09-28,2021-11-03,21,-0.2622,-3.1019
2021-09-29,2021-11-04,21,0.4752,5.8544
2021-09-30,2021-11-05,21,0.3286,4.0155
2021-10-08,2021-11-08,21,0.446,5.4854
2021-10-11,2021-11-09,21,0.8451,10.6258
2021-10-12,2021-11-10,21,1.1277,14.4039
2021-10-13,2021-11-11,21,1.6358,21.4953
2021-10-14,2021-11-12,21,1.3271,17.1411
2021-10-15,2021-11-15,21,1.0133,12.8612
2021-10-18,2021-11-16,21,1.144,14.6255
2021-10-19,2021-11-17,21,0.9639,12.1998
2021-10-20,2021-11-18,21,1.0643,13.5461
2021-10-21,2021-11-19,21,1.2495,16.069
2021-10-22,2021-11-22,21,1.4621,19.0276
2021-10-25,2021-11-23,21,0.7689,9.6276
2021-10-26,2021-11-24,21,0.5187,6.4056
2021-10-27,2021-11-25,21,0.8185,10.2763
2021-10-28,2021-11-26,21,1.0834,13.8036
2021-10-29,2021-11-29,21,0.8776,11.0542
2021-11-01,2021-11-30,21,0.8831,11.1268
2021-11-02,2021-12-01,21,0.9644,12.2069
2021-11-03,2021-12-02,21,0.7893,9.8941
2021-11-04,2021-12-03,21,0.8653,10.892
2021-11-05,2021-12-06,21,0.7872,9.8661
2021-11-08,2021-12-07,21,0.2108,2.5586
2021-11-09,2021-12-08,21,0.2773,3.3785
2021-11-10,2021-12-09,21,0.3062,3.7368
2021-11-11,2021-12-10,21,-0.3967,-4.6583
2021-11-12,2021-12-13,21,-0.2171,-2.5748
2021-11-15,2021-12-14,21,0.0051,0.0618
2021-11-16,2021-12-15,21,-0.2236,-2.6501
2021-11-17,2021-12-16,21,0.1497,1.8117
2021-11-18,2021-12-17,21,0.2141,2.5995
2021-11-19,2021-12-20,21,-0.484,-5.6563
2021-11-22,2021-12-21,21,-0.4466,-5.2294
2021-11-23,2021-12-22,21,0.0521,0.6265
2021-11-24,2021-12-23,21,0.5878,7.2862
2021-11-25,2021-12-24,21,0.5161,6.372
2021-11-26,2021-12-27,21,0.337,4.1203
2021-11-29,2021-12-28,21,0.5309,6.5603
2021-11-30,2021-12-29,21,0.2451,2.9813
2021-12-01,2021-12-30,21,0.375,4.5938
2021-12-02,2022-01-04,21,0.8576,10.7901
2021-12-03,2022-01-05,21,0.3235,3.952
2021-12-06,2022-01-06,21,0.2009,2.4381
2021-12-07,2022-01-07,21,0.0139,0.1668
2021-12-08,2022-01-10,21,-0.2585,-3.0588
2021-12-09,2022-01-11,21,-0.172,-2.0445
2021-12-10,2022-01-12,21,0.2964,3.6156
2021-12-13,2022-01-13,21,-0.3032,-3.5785
2021-12-14,2022-01-14,21,-0.314,-3.7041
2021-12-15,2022-01-17,21,0.1296,1.5662
2021-12-16,2022-01-18,21,-0.3836,-4.5075
2021-12-17,2022-01-19,21,-0.5462,-6.3605
2021-12-20,2022-01-20,21,0.0276,0.3317
2021-12-21,2022-01-21,21,-0.3479,-4.0956
2021-12-22,2022-01-24,21,-0.4398,-5.1515
2021-12-23,2022-01-25,21,-1.5723,-17.319
2021-12-24,2022-01-26,21,-1.264,-14.1565
2021-12-27,2022-01-27,21,-2.3125,-24.4787
2021-12-28,2022-01-28,21,-2.6076,-27.1712
2021-12-29,2022-02-07,21,-1.8954,-20.5171
2021-12-30,2022-02-08,21,-1.571,-17.305
2022-01-04,2022-02-09,21,-1.3087,-14.6222
2022-01-05,2022-02-10,21,-0.9305,-10.6117
2022-01-06,2022-02-11,21,-1.2623,-14.1388
2022-01-07,2022-02-14,21,-0.6471,-7.495
2022-01-10,2022-02-15,21,-0.2401,-2.8439
2022-01-11,2022-02-16,21,-0.6372,-7.3846
2022-01-12,2022-02-17,21,-0.7398,-8.525
2022-01-13,2022-02-18,21,-0.0396,-0.4747
2022-01-14,2022-02-21,21,0.1108,1.3382
2022-01-17,2022-02-22,21,0.0226,0.2713
2022-01-18,2022-02-23,21,0.2058,2.4977
2022-01-19,2022-02-24,21,0.4014,4.9252
2022-01-20,2022-02-25,21,0.1236,1.4934
2022-01-21,2022-02-28,21,0.3763,4.61
2022-01-24,2022-03-01,21,0.5188,6.4063
2022-01-25,2022-03-02,21,1.6877,22.2427
2022-01-26,2022-03-03,21,1.3535,17.5067
2022-01-27,2022-03-04,21,2.4048,32.9972
2022-01-28,2022-03-07,21,2.6465,36.8139
2022-02-07,2022-03-08,21,1.8716,24.9221
2022-02-08,2022-03-09,21,1.3109,16.9165
2022-02-09,2022-03-10,21,0.3607,4.4147
2022-02-10,2022-03-11,21,0.5791,7.1744
2022-02-11,2022-03-14,21,0.3584,4.3864
2022-02-14,2022-03-15,21,-1.7883,-19.4697
2022-02-15,2022-03-16,21,-1.7754,-19.3425
2022-02-16,2022-03-17,21,-0.7315,-8.4328
2022-02-17,2022-03-18,21,-0.7025,-8.112
2022-02-18,2022-03-21,21,-1.112,-12.5575
2022-02-21,2022-03-22,21,-1.026,-11.6402
2022-02-22,2022-03-23,21,-1.0645,-12.0523
2022-02-23,2022-03-24,21,-1.1299,-12.7473
2022-02-24,2022-03-25,21,-1.3738,-15.2952
2022-02-25,2022-03-28,21,-1.4614,-16.1939
2022-02-28,2022-03-29,21,-1.6663,-18.2613
2022-03-01,2022-03-30,21,-1.3405,-14.9511
2022-03-02,2022-03-31,21,-1.9068,-20.6282
2022-03-03,2022-04-01,21,-1.5053,-16.641
2022-03-04,2022-04-06,21,-1.5467,-17.0602
2022-03-07,2022-04-07,21,-2.0575,-22.079
2022-03-08,2022-04-08,21,-1.6759,-18.3568
2022-03-09,2022-04-11,21,-2.0412,-21.9234
2022-03-10,2022-04-12,21,-1.1556,-13.019
2022-03-11,2022-04-13,21,-1.6221,-17.8193
2022-03-14,2022-04-14,21,-0.5619,-6.5378
2022-03-15,2022-04-15,21,1.2675,16.3169
2022-03-16,2022-04-18,21,0.8558,10.7667
2022-03-17,2022-04-19,21,0.0164,0.1974
2022-03-18,2022-04-20,21,-1.1147,-12.5863
2022-03-21,2022-04-21,21,-1.5989,-17.5867
2022-03-22,2022-04-22,21,-1.7154,-18.75
2022-03-23,2022-04-25,21,-3.2997,-33.1449
2022-03-24,2022-04-26,21,-4.1274,-39.698
2022-03-25,2022-04-27,21,-3.2606,-32.8203
2022-03-28,2022-04-28,21,-3.1381,-31.7918
2022-03-29,2022-04-29,21,-1.7454,-19.0469
2022-03-30,2022-05-05,21,-1.9856,-21.3897
2022-03-31,2022-05-06,21,-2.3174,-24.524
2022-04-01,2022-05-09,21,-2.2912,-24.2813
2022-04-06,2022-05-10,21,-2.0239,-21.7579
2022-04-07,2022-05-11,21,-1.5232,-16.8218
2022-04-08,2022-05-12,21,-1.3102,-14.6371
2022-04-11,2022-05-13,21,-0.8584,-9.8279
2022-04-12,2022-05-16,21,-1.6356,-17.9546
2022-04-13,2022-05-17,21,-1.1929,-13.4123
2022-04-14,2022-05-18,21,-1.9184,-20.7408
2022-04-15,2022-05-19,21,-1.5216,-16.8055
2022-04-18,2022-05-20,21,-1.1547,-13.0098
2022-04-19,2022-05-23,21,-0.9055,-10.3409
2022-04-20,2022-05-24,21,-0.906,-10.3464
2022-04-21,2022-05-25,21,0.0869,1.0484
2022-04-22,2022-05-26,21,0.4513,5.5521
2022-04-25,2022-05-27,21,2.4318,33.4189
2022-04-26,2022-05-30,21,3.404,49.4332
2022-04-27,2022-05-31,21,2.6975,37.6314
2022-04-28,2022-06-01,21,2.6168,36.339
2022-04-29,2022-06-02,21,1.6842,22.1923
2022-05-05,2022-06-06,21,1.9027,25.38
2022-05-06,2022-06-07,21,2.432,33.4216
2022-05-09,2022-06-08,21,2.3676,32.419
2022-05-10,2022-06-09,21,1.8238,24.2206
2022-05-11,2022-06-10,21,2.1427,28.9704
2022-05-12,2022-06-13,21,2.2383,30.4256
2022-05-13,2022-06-14,21,1.9964,26.7705
2022-05-16,2022-06-15,21,2.046,27.5124
2022-05-17,2022-06-16,21,1.8925,25.2296
2022-05-18,2022-06-17,21,2.6759,37.2842
2022-05-19,2022-06-20,21,2.3401,31.9925
2022-05-20,2022-06-21,21,1.5116,19.7253
2022-05-23,2022-06-22,21,0.94,11.8815
2022-05-24,2022-06-23,21,2.4316,33.4158
2022-05-25,2022-06-24,21,2.02,27.1224
2022-05-26,2022-06-27,21,1.9504,26.0856
2022-05-27,2022-06-28,21,2.138,28.899
2022-05-30,2022-06-29,21,1.508,19.675
2022-05-31,2022-06-30,21,1.482,19.3074
2022-06-01,2022-07-01,21,1.3582,17.5728
2022-06-02,2022-07-04,21,1.4282,18.5512
2022-06-06,2022-07-05,21,0.9439,11.9334
2022-06-07,2022-07-06,21,0.2122,2.5758
2022-06-08,2022-07-07,21,-0.2429,-2.8759
2022-06-09,2022-07-08,21,-0.1447,-1.7224
2022-06-10,2022-07-11,21,-0.8708,-9.963
2022-06-13,2022-07-12,21,-1.4735,-16.3169
2022-06-14,2022-07-13,21,-1.2655,-14.1728
2022-06-15,2022-07-14,21,-0.8942,-10.2175
2022-06-16,2022-07-15,21,-1.5809,-17.4053
2022-06-17,2022-07-18,21,-1.3916,-15.4788
2022-06-20,2022-07-19,21,-1.3332,-14.8756
2022-06-21,2022-07-20,21,-0.7979,-9.1651
2022-06-22,2022-07-21,21,-0.849,-9.7251
2022-06-23,2022-07-22,21,-1.2449,-13.9574
2022-06-24,2022-07-25,21,-1.4791,-16.3742
2022-06-27,2022-07-26,21,-1.4748,-16.3299
2022-06-28,2022-07-27,21,-1.6391,-17.9892
2022-06-29,2022-07-28,21,-0.8003,-9.1921
2022-06-30,2022-07-29,21,-0.9355,-10.6662
2022-07-01,2022-08-01,21,-0.4521,-5.2926
2022-07-04,2022-08-02,21,-1.3617,-15.1702
2022-07-05,2022-08-03,21,-1.5885,-17.4818
2022-07-06,2022-08-04,21,-0.5786,-6.7262
2022-07-07,2022-08-05,21,0.3021,3.6862
2022-07-08,2022-08-08,21,0.5598,6.9283
2022-07-11,2022-08-09,21,1.0852,13.8289
2022-07-12,2022-08-10,21,1.285,16.5583
2022-07-13,2022-08-11,21,1.7149,22.6351
2022-07-14,2022-08-12,21,1.5791,20.6843
2022-07-15,2022-08-15,21,2.3435,32.045
2022-07-18,2022-08-16,21,1.8123,24.0516
2022-07-19,2022-08-17,21,1.8009,23.8853
2022-07-20,2022-08-18,21,1.2839,16.5431
2022-07-21,2022-08-19,21,1.4419,18.743
2022-07-22,2022-08-22,21,1.5158,19.7854
2022-07-25,2022-08-23,21,1.7199,22.7071
2022-07-26,2022-08-24,21,0.8117,10.1873
2022-07-27,2022-08-25,21,1.0078,12.7875
2022-07-28,2022-08-26,21,0.6016,7.463
2022-07-29,2022-08-29,21,0.2881,3.5126
2022-08-01,2022-08-30,21,0.0897,1.0812
2022-08-02,2022-08-31,21,-0.0974,-1.1621
2022-08-03,2022-09-01,21,-0.1181,-1.4079
2022-08-04,2022-09-02,21,-0.248,-2.936
2022-08-05,2022-09-05,21,-0.5171,-6.0313
2022-08-08,2022-09-06,21,-0.0023,-0.0273
2022-08-09,2022-09-07,21,-0.3156,-3.7222
2022-08-10,2022-09-08,21,-0.2013,-2.3892
2022-08-11,2022-09-09,21,-0.3734,-4.3904
2022-08-12,2022-09-13,21,-0.4643,-5.4317
2022-08-15,2022-09-14,21,-0.9501,-10.8244
2022-08-16,2022-09-15,21,-1.6787,-18.3848
2022-08-17,2022-09-16,21,-2.3748,-25.0552
2022-08-18,2022-09-19,21,-2.2405,-23.8079
2022-08-19,2022-09-20,21,-1.7019,-18.6159
2022-08-22,2022-09-21,21,-1.7575,-19.1665
2022-08-23,2022-09-22,21,-1.9134,-20.6924
2022-08-24,2022-09-23,21,-1.5889,-17.4855
2022-08-25,2022-09-26,21,-2.3494,-24.821
2022-08-26,2022-09-27,21,-1.8063,-19.6468
2022-08-29,2022-09-28,21,-2.17,-23.1464
2022-08-30,2022-09-29,21,-1.917,-20.7275
2022-08-31,2022-09-30,21,-1.4375,-15.9497
2022-09-01,2022-10-10,21,-1.2779,-14.3015
2022-09-02,2022-10-11,21,-1.1527,-12.9883
2022-09-05,2022-10-12,21,-0.9609,-10.9406
2022-09-06,2022-10-13,21,-1.4701,-16.2825
2022-09-07,2022-10-14,21,-0.8054,-9.2476
2022-09-08,2022-10-17,21,-0.8673,-9.9253
2022-09-09,2022-10-18,21,-0.9281,-10.5861
2022-09-13,2022-10-19,21,-1.1627,-13.0935
2022-09-14,2022-10-20,21,-1.042,-11.812
2022-09-15,2022-10-21,21,-0.3694,-4.3435
2022-09-16,2022-10-24,21,0.4568,5.6215
2022-09-19,2022-10-25,21,0.5136,6.3402
2022-09-20,2022-10-26,21,0.6642,8.2683
2022-09-21,2022-10-27,21,0.4087,5.0157
2022-09-22,2022-10-28,21,-0.2307,-2.7331
2022-09-23,2022-10-31,21,0.0134,0.1604
2022-09-26,2022-11-01,21,1.1453,14.6429
2022-09-27,2022-11-02,21,0.9016,11.372
2022-09-28,2022-11-03,21,1.4114,18.3151
2022-09-29,2022-11-04,21,1.7436,23.0503
2022-09-30,2022-11-07,21,2.1774,29.4966
2022-10-10,2022-11-08,21,2.4163,33.1764
2022-10-11,2022-11-09,21,2.6941,37.5778
2022-10-12,2022-11-10,21,1.9286,25.7628
2022-10-13,2022-11-11,21,2.2989,31.3572
2022-10-14,2022-11-14,21,1.4595,18.991
2022-10-17,2022-11-15,21,1.9622,26.2612
2022-10-18,2022-11-16,21,1.8465,24.5526
2022-10-19,2022-11-17,21,2.2502,30.6075
2022-10-20,2022-11-18,21,2.3691,32.4423
2022-10-21,2022-11-21,21,2.226,30.2383
2022-10-24,2022-11-22,21,1.8458,24.5426
2022-10-25,2022-11-23,21,1.8394,24.4485
2022-10-26,2022-11-24,21,1.5375,20.0932
2022-10-27,2022-11-25,21,1.5763,20.6447
2022-10-28,2022-11-28,21,2.2568,30.7095
2022-10-31,2022-11-29,21,2.591,35.9293
2022-11-01,2022-11-30,21,1.9452,26.0094
2022-11-02,2022-12-01,21,1.8455,24.5384
2022-11-03,2022-12-02,21,2.0234,27.1732
2022-11-04,2022-12-05,21,1.3916,18.0382
2022-11-07,2022-12-06,21,0.8822,11.116
2022-11-08,2022-12-07,21,0.7862,9.853
2022-11-09,2022-12-08,21,0.3208,3.9181
2022-11-10,2022-12-09,21,0.5205,6.4285
2022-11-11,2022-12-12,21,-0.04,-0.4792
2022-11-14,2022-12-13,21,0.0784,0.9455
2022-11-15,2022-12-14,21,-0.2631,-3.1118
2022-11-16,2022-12-15,21,-0.4457,-5.2191
2022-11-17,2022-12-16,21,-0.7705,-8.8638
2022-11-18,2022-12-19,21,-1.0561,-11.9626
2022-11-21,2022-12-20,21,-1.141,-12.8647
2022-11-22,2022-12-21,21,-0.7502,-8.6402
2022-11-23,2022-12-22,21,-0.9502,-10.8255
2022-11-24,2022-12-23,21,-1.3283,-14.8251
2022-11-25,2022-12-26,21,-0.9223,-10.5228
2022-11-28,2022-12-27,21,-0.5997,-6.9638
2022-11-29,2022-12-28,21,-0.9941,-11.2976
2022-11-30,2022-12-29,21,-0.971,-11.0498
2022-12-01,2022-12-30,21,-0.9733,-11.0737
2022-12-02,2023-01-03,21,-0.6652,-7.6963
2022-12-05,2023-01-04,21,-0.5872,-6.8233
2022-12-06,2023-01-05,21,-0.1258,-1.4996
2022-12-07,2023-01-06,21,-0.223,-2.6429
2022-12-08,2023-01-09,21,0.143,1.729
2022-12-09,2023-01-10,21,0.0709,0.8541
2022-12-12,2023-01-11,21,0.1513,1.8306
2022-12-13,2023-01-12,21,0.2587,3.1491
2022-12-14,2023-01-13,21,0.289,3.5241
2022-12-15,2023-01-16,21,0.8822,11.1161
2022-12-16,2023-01-17,21,1.2564,16.1635
2022-12-19,2023-01-18,21,1.7148,22.6331
2022-12-20,2023-01-19,21,2.2596,30.7521
2022-12-21,2023-01-20,21,2.5763,35.6958
2022-12-22,2023-01-30,21,2.9384,41.5558
2022-12-23,2023-01-31,21,3.0321,43.1096
2022-12-26,2023-02-01,21,3.0976,44.2062
2022-12-27,2023-02-02,21,3.0816,43.9374
2022-12-28,2023-02-03,21,2.6973,37.6289
2022-12-29,2023-02-06,21,2.2212,30.1644
2022-12-30,2023-02-07,21,2.0337,27.3284
2023-01-03,2023-02-08,21,1.4077,18.2639
2023-01-04,2023-02-09,21,1.8088,24.0011
2023-01-05,2023-02-10,21,1.3456,17.3973
2023-01-06,2023-02-13,21,1.863,24.7946
2023-01-09,2023-02-14,21,1.5066,19.6558
2023-01-10,2023-02-15,21,1.37,17.7375
2023-01-11,2023-02-16,21,1.0487,13.3356
2023-01-12,2023-02-17,21,0.7669,9.6012
2023-01-13,2023-02-20,21,1.1186,14.2806
2023-01-16,2023-02-21,21,0.8198,10.2929
2023-01-17,2023-02-22,21,0.731,9.1331
2023-01-18,2023-02-23,21,0.5671,7.0218
2023-01-19,2023-02-24,21,0.266,3.2386
2023-01-20,2023-02-27,21,-0.3397,-4.0017
2023-01-30,2023-02-28,21,-0.1943,-2.3068
2023-01-31,2023-03-01,21,0.2292,2.7855
2023-02-01,2023-03-02,21,-0.3036,-3.5834
2023-02-02,2023-03-03,21,-0.3626,-4.2655
2023-02-03,2023-03-06,21,0.2537,3.0873
2023-02-06,2023-03-07,21,0.336,4.1076
2023-02-07,2023-03-08,21,0.1305,1.5775
2023-02-08,2023-03-09,21,0.2547,3.1
2023-02-09,2023-03-10,21,-0.2886,-3.4093
2023-02-10,2023-03-13,21,0.34,4.1567
2023-02-13,2023-03-14,21,0.1466,1.7731
2023-02-14,2023-03-15,21,0.2657,3.2359
2023-02-15,2023-03-16,21,0.2936,3.5812
2023-02-16,2023-03-17,21,0.9552,12.0844
2023-02-17,2023-03-20,21,1.9136,25.5413
2023-02-20,2023-03-21,21,1.4397,18.7116
2023-02-21,2023-03-22,21,1.0994,14.0205
2023-02-22,2023-03-23,21,1.3714,17.7572
2023-02-23,2023-03-24,21,1.6523,21.7321
2023-02-24,2023-03-27,21,1.5018,19.587
2023-02-27,2023-03-28,21,1.4505,18.8643
2023-02-28,2023-03-29,21,1.2448,16.004
2023-03-01,2023-03-30,21,1.1525,14.7413
2023-03-02,2023-03-31,21,1.6051,21.0563
2023-03-03,2023-04-03,21,1.4017,18.1798
2023-03-06,2023-04-04,21,1.4877,19.3879
2023-03-07,2023-04-06,21,2.3244,31.7503
2023-03-08,2023-04-07,21,2.7576,38.6014
2023-03-09,2023-04-10,21,2.3375,31.9532
2023-03-10,2023-04-11,21,2.6589,37.012
2023-03-13,2023-04-12,21,2.5886,35.891
2023-03-14,2023-04-13,21,2.2907,31.2296
2023-03-15,2023-04-14,21,2.367,32.4094
2023-03-16,2023-04-17,21,2.3065,31.4739
2023-03-17,2023-04-18,21,1.8658,24.8364
2023-03-20,2023-04-19,21,1.0873,13.8562
2023-03-21,2023-04-20,21,0.983,12.4557
2023-03-22,2023-04-21,21,0.4342,5.3373
2023-03-23,2023-04-24,21,-0.1205,-1.4368
2023-03-24,2023-04-25,21,-0.4134,-4.8495
2023-03-27,2023-04-26,21,-0.099,-1.1816
2023-03-28,2023-04-27,21,0.2549,3.1016
2023-03-29,2023-04-28,21,0.3858,4.7294
2023-03-30,2023-05-04,21,0.9415,11.9024
2023-03-31,2023-05-05,21,0.5026,6.2009
2023-04-03,2023-05-08,21,0.421,5.1701
2023-04-04,2023-05-09,21,-0.0729,-0.8719
2023-04-06,2023-05-10,21,-0.411,-4.8221
2023-04-07,2023-05-11,21,-0.6754,-7.8105
2023-04-10,2023-05-12,21,-0.6481,-7.5059
2023-04-11,2023-05-15,21,-0.4316,-5.0585
2023-04-12,2023-05-16,21,-0.9957,-11.3157
2023-04-13,2023-05-17,21,-0.9197,-10.495
2023-04-14,2023-05-18,21,-1.1619,-13.0852
2023-04-17,2023-05-19,21,-1.1337,-12.7875
2023-04-18,2023-05-22,21,-0.8953,-10.2299
2023-04-19,2023-05-23,21,-1.111,-12.5466
2023-04-20,2023-05-24,21,-1.1772,-13.2466
2023-04-21,2023-05-25,21,-0.6343,-7.3519
2023-04-24,2023-05-26,21,-0.3496,-4.1153
2023-04-25,2023-05-29,21,-0.2375,-2.8134
2023-04-26,2023-05-30,21,-0.3211,-3.7861
2023-04-27,2023-05-31,21,-0.1427,-1.6996
2023-04-28,2023-06-01,21,-0.2652,-3.1363
2023-05-04,2023-06-02,21,-0.6857,-7.9252
2023-05-05,2023-06-05,21,-0.8949,-10.2255
2023-05-08,2023-06-06,21,-1.0716,-12.1274
2023-05-09,2023-06-07,21,-0.7989,-9.1767
2023-05-10,2023-06-08,21,-1.0905,-12.3295
2023-05-11,2023-06-09,21,-0.6206,-7.198
2023-05-12,2023-06-12,21,-0.1027,-1.2259
2023-05-15,2023-06-13,21,-0.3496,-4.1153
2023-05-16,2023-06-14,21,-0.244,-2.8888
2023-05-17,2023-06-15,21,-0.1709,-2.0321
2023-05-18,2023-06-16,21,0.2464,2.9971
2023-05-19,2023-06-19,21,0.3649,4.4678
2023-05-22,2023-06-20,21,0.2719,3.3118
2023-05-23,2023-06-21,21,-0.0261,-0.3129
2023-05-24,2023-06-26,21,-0.4323,-5.0661
2023-05-25,2023-06-27,21,-0.0155,-0.1859
2023-05-26,2023-06-28,21,-0.1898,-2.2544
2023-05-29,2023-06-29,21,-0.1434,-1.7078
2023-05-30,2023-06-30,21,0.0699,0.8426
2023-05-31,2023-07-03,21,0.0073,0.0874
2023-06-01,2023-07-04,21,0.0623,0.7503
2023-06-02,2023-07-05,21,-0.3298,-3.8861
2023-06-05,2023-07-06,21,-0.0949,-1.1327
2023-06-06,2023-07-07,21,0.0431,0.5186
2023-06-07,2023-07-10,21,0.1472,1.7806
2023-06-08,2023-07-11,21,0.5771,7.1494
2023-06-09,2023-07-12,21,-0.1025,-1.2234
2023-06-12,2023-07-13,21,0.3831,4.6956
2023-06-13,2023-07-14,21,0.066,0.7948
2023-06-14,2023-07-17,21,0.2206,2.6798
2023-06-15,2023-07-18,21,0.2626,3.1974
2023-06-16,2023-07-19,21,0.1404,1.6983
2023-06-19,2023-07-20,21,-0.1413,-1.683
2023-06-20,2023-07-21,21,-0.2966,-3.5021
2023-06-21,2023-07-24,21,0.3095,3.7785
2023-06-26,2023-07-25,21,1.081,13.7718
2023-06-27,2023-07-26,21,0.8762,11.0367
2023-06-28,2023-07-27,21,0.8916,11.2394
2023-06-29,2023-07-28,21,1.0279,13.0572
2023-06-30,2023-07-31,21,0.8886,11.2002
2023-07-03,2023-08-01,21,0.7866,9.8581
2023-07-04,2023-08-02,21,0.5982,7.4198
2023-07-05,2023-08-03,21,0.6683,8.3214
2023-07-06,2023-08-04,21,0.8404,10.5642
2023-07-07,2023-08-07,21,0.9131,11.5239
2023-07-10,2023-08-08,21,0.643,7.9943
2023-07-11,2023-08-09,21,0.248,3.0164
2023-07-12,2023-08-10,21,0.4762,5.866
2023-07-13,2023-08-11,21,-0.478,-5.5877
2023-07-14,2023-08-14,21,-0.2713,-3.2078
2023-07-17,2023-08-15,21,-0.4198,-4.923
2023-07-18,2023-08-16,21,-0.5892,-6.8457
2023-07-19,2023-08-17,21,-0.6961,-8.0409
2023-07-20,2023-08-18,21,-0.8901,-10.1732
2023-07-21,2023-08-21,21,-0.923,-10.5306
2023-07-24,2023-08-22,21,-0.7795,-8.9632
2023-07-25,2023-08-23,21,-1.4452,-16.0283
2023-07-26,2023-08-24,21,-1.2748,-14.2697
2023-07-27,2023-08-25,21,-1.5578,-17.1719
2023-07-28,2023-08-28,21,-1.4196,-15.7666
2023-07-31,2023-08-29,21,-0.9731,-11.0725
2023-08-01,2023-08-30,21,-1.0096,-11.465
2023-08-02,2023-08-31,21,-0.9594,-10.9241
2023-08-03,2023-09-01,21,-0.9141,-10.4345
2023-08-04,2023-09-04,21,-0.5654,-6.578
2023-08-07,2023-09-05,21,-0.6229,-7.2241
2023-08-08,2023-09-06,21,-0.5602,-6.5189
2023-08-09,2023-09-07,21,-0.7394,-8.5203
2023-08-10,2023-09-08,21,-0.5063,-5.9088
2023-08-11,2023-09-11,21,0.1208,1.4591
2023-08-14,2023-09-12,21,0.0924,1.1147
2023-08-15,2023-09-13,21,0.0525,0.6316
2023-08-16,2023-09-14,21,0.3573,4.3724
2023-08-17,2023-09-15,21,0.0858,1.0344
2023-08-18,2023-09-18,21,0.5241,6.474
2023-08-21,2023-09-19,21,0.6998,8.7291
2023-08-22,2023-09-20,21,0.527,6.5108
2023-08-23,2023-09-21,21,0.736,9.1983
2023-08-24,2023-09-22,21,0.8757,11.0295
2023-08-25,2023-09-25,21,1.1948,15.3181
2023-08-28,2023-09-26,21,0.7685,9.6213
2023-08-29,2023-09-27,21,0.0558,0.6711
2023-08-30,2023-09-28,21,-0.3683,-4.3309
2023-08-31,2023-10-09,21,-0.7012,-8.097
2023-09-01,2023-10-10,21,-1.0615,-12.0199
2023-09-04,2023-10-11,21,-1.506,-16.6476
2023-09-05,2023-10-12,21,-1.01,-11.4685
2023-09-06,2023-10-13,21,-1.0755,-12.1689
2023-09-07,2023-10-16,21,-0.588,-6.8322
2023-09-08,2023-10-17,21,-0.576,-6.6976
2023-09-11,2023-10-18,21,-0.9036,-10.32
2023-09-12,2023-10-19,21,-0.9842,-11.1917
2023-09-13,2023-10-20,21,-0.6896,-7.9681
2023-09-14,2023-10-23,21,-1.4892,-16.4769
2023-09-15,2023-10-24,21,-1.1495,-12.9546
2023-09-18,2023-10-25,21,-1.0449,-11.8425
2023-09-19,2023-10-26,21,-0.8008,-9.1971
2023-09-20,2023-10-27,21,-0.302,-3.565
2023-09-21,2023-10-30,21,0.1967,2.3865
2023-09-22,2023-10-31,21,-0.1945,-2.3091
2023-09-25,2023-11-01,21,-0.2848,-3.3646
2023-09-26,2023-11-02,21,-0.2932,-3.462
2023-09-27,2023-11-03,21,-0.0132,-0.1579
2023-09-28,2023-11-06,21,0.6233,7.7413
2023-10-09,2023-11-07,21,0.9521,12.0426
2023-10-10,2023-11-08,21,1.1846,15.179
2023-10-11,2023-11-09,21,0.9636,12.1959
2023-10-12,2023-11-10,21,0.6453,8.0246
2023-10-13,2023-11-13,21,0.8085,10.1447
2023-10-16,2023-11-14,21,0.8872,11.1811
2023-10-17,2023-11-15,21,0.9306,11.7572
2023-10-18,2023-11-16,21,0.6973,8.6957
2023-10-19,2023-11-17,21,0.9858,12.4928
2023-10-20,2023-11-20,21,0.7373,9.2156
2023-10-23,2023-11-21,21,1.288,16.5998
2023-10-24,2023-11-22,21,0.6573,8.1794
2023-10-25,2023-11-23,21,0.8066,10.1201
2023-10-26,2023-11-24,21,0.334,4.0826
2023-10-27,2023-11-27,21,0.0817,0.9843
2023-10-30,2023-11-28,21,-0.0333,-0.3991
2023-10-31,2023-11-29,21,0.0361,0.4342
2023-11-01,2023-11-30,21,0.187,2.2668
2023-11-02,2023-12-01,21,0.4426,5.4427
2023-11-03,2023-12-04,21,0.5041,6.2194
2023-11-06,2023-12-05,21,-0.5913,-6.8698
2023-11-07,2023-12-06,21,-0.4675,-5.4678
2023-11-08,2023-12-07,21,-0.3003,-3.5444
2023-11-09,2023-12-08,21,0.0196,0.2358
2023-11-10,2023-12-11,21,0.08,0.9644
2023-11-13,2023-12-12,21,-0.0757,-0.9041
2023-11-14,2023-12-13,21,-0.5746,-6.6812
2023-11-15,2023-12-14,21,-0.4991,-5.828
2023-11-16,2023-12-15,21,-0.4162,-4.8815
2023-11-17,2023-12-18,21,-0.9114,-10.4048
2023-11-20,2023-12-19,21,-0.7101,-8.1958
2023-11-21,2023-12-20,21,-0.834,-9.5618
2023-11-22,2023-12-21,21,-0.3604,-4.2395
2023-11-23,2023-12-22,21,-0.5235,-6.1046
2023-11-24,2023-12-25,21,-0.2408,-2.8521
2023-11-27,2023-12-26,21,-0.678,-7.8391
2023-11-28,2023-12-27,21,-0.6806,-7.8683
2023-11-29,2023-12-28,21,-0.2354,-2.7891
2023-11-30,2023-12-29,21,-0.1036,-1.2367
2023-12-01,2024-01-02,21,-0.2065,-2.4496
2023-12-04,2024-01-03,21,-0.6026,-6.9959
2023-12-05,2024-01-04,21,-0.1287,-1.5338
2023-12-06,2024-01-05,21,-0.4778,-5.5856
2023-12-07,2024-01-08,21,-1.0804,-12.2215
2023-12-08,2024-01-09,21,-1.1481,-12.9395
2023-12-11,2024-01-10,21,-1.412,-15.6877
2023-12-12,2024-01-11,21,-1.0021,-11.3844
2023-12-13,2024-01-12,21,-0.7527,-8.668
2023-12-14,2024-01-15,21,-0.9716,-11.0557
2023-12-15,2024-01-16,21,-0.7816,-8.9866
2023-12-18,2024-01-17,21,-1.2486,-13.996
2023-12-19,2024-01-18,21,-1.2999,-14.531
2023-12-20,2024-01-19,21,-1.1664,-13.1331
2023-12-21,2024-01-22,21,-2.4915,-26.1228
2023-12-22,2024-01-23,21,-2.0853,-22.3438
2023-12-25,2024-01-24,21,-1.8775,-20.3429
2023-12-26,2024-01-25,21,-1.0834,-12.2531
2023-12-27,2024-01-26,21,-1.3911,-15.4735
2023-12-28,2024-01-29,21,-2.285,-24.2234
2023-12-29,2024-01-30,21,-2.8705,-29.4961
2024-01-02,2024-01-31,21,-3.3794,-33.803
2024-01-03,2024-02-01,21,-3.3929,-33.9145
2024-01-04,2024-02-02,21,-3.4284,-34.2049
2024-01-05,2024-02-05,21,-3.8332,-37.4396
2024-01-08,2024-02-06,21,-1.701,-18.6069
2024-01-09,2024-02-07,21,-0.1826,-2.1696
2024-01-10,2024-02-08,21,0.258,3.1398
2024-01-11,2024-02-19,21,-0.2654,-3.1393
2024-01-12,2024-02-20,21,-0.2276,-2.6976
2024-01-15,2024-02-21,21,-0.3203,-3.7765
2024-01-16,2024-02-22,21,-0.1331,-1.5853
2024-01-17,2024-02-23,21,0.7404,9.2553
2024-01-18,2024-02-26,21,0.8856,11.1602
2024-01-19,2024-02-27,21,1.601,20.9971
2024-01-22,2024-02-28,21,2.3373,31.9487
2024-01-23,2024-02-29,21,2.7136,37.8913
2024-01-24,2024-03-01,21,2.6294,36.5403
2024-01-25,2024-03-04,21,2.3549,32.2223
2024-01-26,2024-03-05,21,2.6926,37.5533
2024-01-29,2024-03-06,21,3.322,48.0185
2024-01-30,2024-03-07,21,3.7978,56.4071
2024-01-31,2024-03-08,21,4.8601,76.7353
2024-02-01,2024-03-11,21,5.4958,90.0309
2024-02-02,2024-03-12,21,5.9489,100.0585
2024-02-05,2024-03-13,21,6.7119,118.048
2024-02-06,2024-03-14,21,4.4936,69.4638
2024-02-07,2024-03-15,21,3.1416,44.9459
2024-02-08,2024-03-18,21,3.0001,42.5776
2024-02-19,2024-03-19,21,3.0162,42.8462
2024-02-20,2024-03-20,21,3.1358,44.8488
2024-02-21,2024-03-21,21,3.5299,51.6319
2024-02-22,2024-03-22,21,2.7983,39.2608
2024-02-23,2024-03-25,21,2.3697,32.4512
2024-02-26,2024-03-26,21,2.2279,30.2669
2024-02-27,2024-03-27,21,1.21,15.5268
2024-02-28,2024-03-28,21,2.3073,31.4862
2024-02-29,2024-03-29,21,2.3881,32.738
2024-03-01,2024-04-01,21,2.8035,39.3454
2024-03-04,2024-04-02,21,2.3461,32.0863
2024-03-05,2024-04-03,21,2.4304,33.3963
2024-03-06,2024-04-08,21,2.5618,35.4651
2024-03-07,2024-04-09,21,2.9374,41.5393
2024-03-08,2024-04-10,21,2.3503,32.151
2024-03-11,2024-04-11,21,1.7722,23.4666
2024-03-12,2024-04-12,21,2.5746,35.6682
2024-03-13,2024-04-15,21,2.6368,36.6593
2024-03-14,2024-04-16,21,2.1658,29.3201
2024-03-15,2024-04-17,21,2.513,34.6943
2024-03-18,2024-04-18,21,2.3459,32.0832
2024-03-19,2024-04-19,21,2.4802,34.1774
2024-03-20,2024-04-22,21,1.6806,22.1403
2024-03-21,2024-04-23,21,0.3389,4.1432
2024-03-22,2024-04-24,21,1.4191,18.4237
2024-03-25,2024-04-25,21,1.7319,22.8814
2024-03-26,2024-04-26,21,2.4824,34.2124
2024-03-27,2024-04-29,21,3.3607,48.6846
2024-03-28,2024-04-30,21,2.5627,35.4788
2024-03-29,2024-05-06,21,2.0517,27.5982
2024-04-01,2024-05-07,21,1.4255,18.5135
2024-04-02,2024-05-08,21,1.1311,14.4506
2024-04-03,2024-05-09,21,1.2554,16.1504
2024-04-08,2024-05-10,21,1.5217,19.8691
2024-04-09,2024-05-13,21,0.8954,11.2902
