entry_date,end_date,holding_days,total_return_pct,annualized_return_pct
2009-01-05,2009-04-10,63,11.079,52.2399
2009-01-06,2009-04-13,63,11.9471,57.0548
2009-01-07,2009-04-14,63,12.3437,59.2923
2009-01-08,2009-04-15,63,13.6734,66.9688
2009-01-09,2009-04-16,63,12.8556,62.2158
2009-01-12,2009-04-17,63,11.3834,53.9153
2009-01-13,2009-04-20,63,13.7399,67.3597
2009-01-14,2009-04-21,63,12.503,60.1975
2009-01-15,2009-04-22,63,11.4858,54.482
2009-01-16,2009-04-23,63,11.1603,52.6861
2009-01-19,2009-04-24,63,10.6222,49.7508
2009-01-20,2009-04-27,63,9.7405,45.0334
2009-01-21,2009-04-28,63,8.8722,40.4971
2009-01-22,2009-04-29,63,9.1283,41.8239
2009-01-23,2009-04-30,63,9.4825,43.6743
2009-02-02,2009-05-04,63,8.689,39.5542
2009-02-03,2009-05-05,63,8.3114,37.625
2009-02-04,2009-05-06,63,8.0943,36.5246
2009-02-05,2009-05-07,63,8.1003,36.555
2009-02-06,2009-05-08,63,6.4918,28.6071
2009-02-09,2009-05-11,63,4.6916,20.1288
2009-02-10,2009-05-12,63,5.0478,21.772
2009-02-11,2009-05-13,63,5.4122,23.4707
2009-02-12,2009-05-14,63,4.7437,20.3682
2009-02-13,2009-05-15,63,3.7416,15.8277
2009-02-16,2009-05-18,63,3.429,14.4377
2009-02-17,2009-05-19,63,3.8975,16.5254
2009-02-18,2009-05-20,63,5.1084,22.0533
2009-02-19,2009-05-21,63,4.1224,17.5374
2009-02-20,2009-05-22,63,3.1451,13.1863
2009-02-23,2009-05-25,63,2.3841,9.8828
2009-02-24,2009-05-26,63,3.0711,12.8619
2009-02-25,2009-05-27,63,4.2856,18.2764
2009-02-26,2009-06-01,63,8.1569,36.8412
2009-02-27,2009-06-02,63,9.9137,45.9511
2009-03-02,2009-06-03,63,10.0913,46.8967
2009-03-03,2009-06-04,63,10.447,48.8044
2009-03-04,2009-06-05,63,8.7936,40.0921
2009-03-05,2009-06-08,63,7.5384,33.7377
2009-03-06,2009-06-09,63,7.1253,31.6945
2009-03-09,2009-06-10,63,9.2718,42.5712
2009-03-10,2009-06-11,63,8.7646,39.9425
2009-03-11,2009-06-12,63,8.5899,39.0455
2009-03-12,2009-06-15,63,7.7407,34.7471
2009-03-13,2009-06-16,63,8.0379,36.24
2009-03-16,2009-06-17,63,8.0455,36.2783
2009-03-17,2009-06-18,63,7.3479,32.7925
2009-03-18,2009-06-19,63,6.9958,31.0591
2009-03-19,2009-06-22,63,5.6415,24.5486
2009-03-20,2009-06-23,63,4.4416,18.9854
2009-03-23,2009-06-24,63,4.7387,20.345
2009-03-24,2009-06-25,63,5.0982,22.0058
2009-03-25,2009-06-26,63,6.4549,28.4288
2009-03-26,2009-06-29,63,5.5724,24.2229
2009-03-27,2009-06-30,63,5.1372,22.1871
2009-03-30,2009-07-01,63,5.7403,25.0152
2009-03-31,2009-07-02,63,6.4459,28.3855
2009-04-01,2009-07-03,63,5.9041,25.7915
2009-04-02,2009-07-06,63,6.1003,26.726
2009-04-03,2009-07-07,63,6.8075,30.1389
2009-04-07,2009-07-08,63,7.5833,33.9614
2009-04-08,2009-07-09,63,8.7947,40.0974
2009-04-09,2009-07-10,63,8.488,38.5248
2009-04-10,2009-07-13,63,7.1155,31.6463
2009-04-13,2009-07-14,63,7.1396,31.7652
2009-04-14,2009-07-15,63,7.685,34.4688
2009-04-15,2009-07-16,63,7.6596,34.3416
2009-04-16,2009-07-17,63,7.9235,35.6639
2009-04-17,2009-07-20,63,10.3678,48.378
2009-04-20,2009-07-21,63,9.1377,41.8727
2009-04-21,2009-07-22,63,9.4184,43.3381
2009-04-22,2009-07-23,63,11.4202,54.1191
2009-04-23,2009-07-24,63,10.9261,51.4033
2009-04-24,2009-07-27,63,12.0287,57.5132
2009-04-27,2009-07-28,63,13.697,67.1077
2009-04-28,2009-07-29,63,11.3842,53.9196
2009-04-29,2009-07-30,63,11.173,52.7557
2009-04-30,2009-07-31,63,12.2795,58.9286
2009-05-04,2009-08-03,63,12.6514,61.0445
2009-05-05,2009-08-04,63,12.8286,62.0604
2009-05-06,2009-08-05,63,12.0316,57.5298
2009-05-07,2009-08-06,63,10.7098,50.2258
2009-05-08,2009-08-07,63,9.2298,42.3524
2009-05-11,2009-08-10,63,10.4649,48.9008
2009-05-12,2009-08-11,63,9.4645,43.5798
2009-05-13,2009-08-12,63,6.8115,30.1585
2009-05-14,2009-08-13,63,7.6451,34.2693
2009-05-15,2009-08-14,63,6.6819,29.5277
2009-05-18,2009-08-17,63,3.6235,15.3012
2009-05-19,2009-08-18,63,4.1347,17.5933
2009-05-20,2009-08-19,63,2.3485,9.7301
2009-05-21,2009-08-20,63,3.8809,16.451
2009-05-22,2009-08-21,63,4.4934,19.2219
2009-05-25,2009-08-24,63,5.1705,22.3418
2009-05-26,2009-08-25,63,4.4692,19.1112
2009-05-27,2009-08-26,63,4.9824,21.469
2009-06-01,2009-08-27,63,3.1252,13.0989
2009-06-02,2009-08-28,63,2.2224,9.1903
2009-06-03,2009-08-31,63,-0.7653,-3.0262
2009-06-04,2009-09-01,63,-0.6326,-2.5064
2009-06-05,2009-09-02,63,-0.5026,-1.9952
2009-06-08,2009-09-03,63,2.5656,10.6641
2009-06-09,2009-09-04,63,3.153,13.2212
2009-06-10,2009-09-07,63,2.8983,12.1068
2009-06-11,2009-09-08,63,4.4357,18.9588
2009-06-12,2009-09-09,63,5.4027,23.426
2009-06-15,2009-09-10,63,5.3723,23.2837
2009-06-16,2009-09-11,63,5.7212,24.9248
2009-06-17,2009-09-14,63,5.6667,24.6671
2009-06-18,2009-09-15,63,5.6065,24.3835
2009-06-19,2009-09-16,63,6.0373,26.4257
2009-06-22,2009-09-17,63,6.6786,29.5117
2009-06-23,2009-09-18,63,5.592,24.3152
2009-06-24,2009-09-21,63,4.357,18.6005
2009-06-25,2009-09-22,63,3.7723,15.9645
2009-06-26,2009-09-23,63,2.8245,11.7856
2009-06-29,2009-09-24,63,2.5394,10.5513
2009-06-30,2009-09-25,63,1.7616,7.2349
2009-07-01,2009-09-28,63,0.7947,3.217
2009-07-02,2009-09-29,63,0.3252,1.3073
2009-07-03,2009-09-30,63,0.6736,2.7216
2009-07-06,2009-10-09,63,2.8647,11.9608
2009-07-07,2009-10-12,63,2.945,12.3109
2009-07-08,2009-10-13,63,3.4208,14.4013
2009-07-09,2009-10-14,63,3.7118,15.6943
2009-07-10,2009-10-15,63,3.7266,15.7606
2009-07-13,2009-10-16,63,3.8899,16.4914
2009-07-14,2009-10-19,63,3.8323,16.233
2009-07-15,2009-10-20,63,3.4898,14.7073
2009-07-16,2009-10-21,63,2.9608,12.3795
2009-07-17,2009-10-22,63,2.3671,9.8097
2009-07-20,2009-10-23,63,2.0486,8.4497
2009-07-21,2009-10-26,63,2.5597,10.6386
2009-07-22,2009-10-27,63,0.9455,3.8358
2009-07-23,2009-10-28,63,0.7955,3.2202
2009-07-24,2009-10-29,63,0.0488,0.1952
2009-07-27,2009-10-30,63,-0.26,-1.0359
2009-07-28,2009-11-02,63,0.1403,0.5624
2009-07-29,2009-11-03,63,2.8476,11.8864
2009-07-30,2009-11-04,63,3.1484,13.2008
2009-07-31,2009-11-05,63,2.2732,9.4074
2009-08-03,2009-11-06,63,1.2425,5.0634
2009-08-04,2009-11-09,63,1.4333,5.8576
2009-08-05,2009-11-10,63,1.2911,5.2654
2009-08-06,2009-11-11,63,2.1895,9.05
2009-08-07,2009-11-12,63,3.8134,16.1485
2009-08-10,2009-11-13,63,3.439,14.4822
2009-08-11,2009-11-16,63,4.9747,21.4334
2009-08-12,2009-11-17,63,6.7014,29.6227
2009-08-13,2009-11-18,63,6.2403,27.3964
2009-08-14,2009-11-19,63,7.3087,32.5988
2009-08-17,2009-11-20,63,9.7636,45.1552
2009-08-18,2009-11-23,63,10.236,47.6705
2009-08-19,2009-11-24,63,11.1553,52.6584
2009-08-20,2009-11-25,63,11.3272,53.605
2009-08-21,2009-11-26,63,9.9302,46.0388
2009-08-24,2009-11-27,63,7.4853,33.474
2009-08-25,2009-11-30,63,9.9696,46.2483
2009-08-26,2009-12-01,63,10.0722,46.7946
2009-08-27,2009-12-02,63,11.4343,54.197
2009-08-28,2009-12-03,63,12.7021,61.3347
2009-08-31,2009-12-04,63,14.9365,74.5144
2009-09-01,2009-12-07,63,14.1727,69.9216
2009-09-02,2009-12-08,63,13.6242,66.6801
2009-09-03,2009-12-09,63,9.548,44.0183
2009-09-04,2009-12-10,63,9.1617,41.9976
2009-09-07,2009-12-11,63,9.0776,41.5605
2009-09-08,2009-12-14,63,7.8337,35.213
2009-09-09,2009-12-15,63,7.3763,32.9334
2009-09-10,2009-12-16,63,8.0835,36.4699
2009-09-11,2009-12-17,63,6.471,28.5064
2009-09-14,2009-12-18,63,4.7775,20.5235
2009-09-15,2009-12-21,63,4.8282,20.7571
2009-09-16,2009-12-22,63,3.0937,12.9612
2009-09-17,2009-12-23,63,2.6731,11.1287
2009-09-18,2009-12-24,63,5.5393,24.0671
2009-09-21,2009-12-25,63,5.7174,24.9069
2009-09-22,2009-12-28,63,6.912,30.649
2009-09-23,2009-12-29,63,7.7433,34.7598
2009-09-24,2009-12-30,63,7.8679,35.3847
2009-09-25,2010-01-04,63,8.9157,40.722
2009-09-28,2010-01-05,63,11.2953,53.4292
2009-09-29,2010-01-06,63,11.0499,52.0804
2009-09-30,2010-01-07,63,9.9385,46.0828
2009-10-09,2010-01-08,63,6.6791,29.5143
2009-10-12,2010-01-11,63,7.4864,33.4794
2009-10-13,2010-01-12,63,7.3167,32.6383
2009-10-14,2010-01-13,63,5.1688,22.334
2009-10-15,2010-01-14,63,5.8394,25.4844
2009-10-16,2010-01-15,63,5.9183,25.8591
2009-10-19,2010-01-18,63,5.1346,22.1749
2009-10-20,2010-01-19,63,4.6311,19.8514
2009-10-21,2010-01-20,63,4.0351,17.1438
2009-10-22,2010-01-21,63,3.968,16.842
2009-10-23,2010-01-22,63,2.4152,10.0166
2009-10-26,2010-01-25,63,2.253,9.3212
2009-10-27,2010-01-26,63,2.5044,10.4002
2009-10-28,2010-01-27,63,2.0416,8.42
2009-10-29,2010-01-28,63,2.6079,10.8467
2009-10-30,2010-01-29,63,1.7821,7.3213
2009-11-02,2010-02-01,63,0.5844,2.358
2009-11-03,2010-02-02,63,0.3359,1.3505
2009-11-04,2010-02-03,63,0.6326,2.5545
2009-11-05,2010-02-04,63,0.0652,0.2612
2009-11-06,2010-02-05,63,-1.7395,-6.7786
2009-11-09,2010-02-08,63,-2.1335,-8.2649
2009-11-10,2010-02-09,63,-1.6346,-6.3799
2009-11-11,2010-02-10,63,-1.3454,-5.274
2009-11-12,2010-02-11,63,-1.6355,-6.3833
2009-11-13,2010-02-12,63,-0.9719,-3.8311
2009-11-16,2010-02-22,63,-1.7149,-6.685
2009-11-17,2010-02-23,63,-2.0674,-8.0166
2009-11-18,2010-02-24,63,-2.0904,-8.1032
2009-11-19,2010-02-25,63,-2.392,-9.2302
2009-11-20,2010-02-26,63,-2.0874,-8.0919
2009-11-23,2010-03-01,63,-2.4885,-9.5884
2009-11-24,2010-03-02,63,-1.8979,-7.3782
2009-11-25,2010-03-03,63,-2.5613,-9.8584
2009-11-26,2010-03-04,63,-2.5733,-9.9025
2009-11-27,2010-03-05,63,-1.2165,-4.778
2009-11-30,2010-03-08,63,-2.0494,-7.9491
2009-12-01,2010-03-09,63,-2.9353,-11.2344
2009-12-02,2010-03-10,63,-3.9119,-14.7533
2009-12-03,2010-03-11,63,-4.4761,-16.7377
2009-12-04,2010-03-12,63,-4.4566,-16.6698
2009-12-07,2010-03-15,63,-4.1537,-15.6081
2009-12-08,2010-03-16,63,-3.8982,-14.7046
2009-12-09,2010-03-17,63,-2.0383,-7.9074
2009-12-10,2010-03-18,63,-2.3753,-9.1682
2009-12-11,2010-03-19,63,-2.3523,-9.0825
2009-12-14,2010-03-22,63,-2.6813,-10.3015
2009-12-15,2010-03-23,63,-2.73,-10.4808
2009-12-16,2010-03-24,63,-2.9765,-11.385
2009-12-17,2010-03-25,63,-2.459,-9.4791
2009-12-18,2010-03-26,63,-0.8879,-3.5047
2009-12-21,2010-03-29,63,-0.3777,-1.5022
2009-12-22,2010-03-30,63,0.9602,3.8966
2009-12-23,2010-03-31,63,0.522,2.1043
2009-12-24,2010-04-01,63,-0.4948,-1.9647
2009-12-25,2010-04-02,63,-0.1374,-0.5485
2009-12-28,2010-04-06,63,-0.5757,-2.2832
2009-12-29,2010-04-07,63,-0.4085,-1.624
2009-12-30,2010-04-08,63,-0.4947,-1.9642
2010-01-04,2010-04-09,63,-0.2276,-0.9074
2010-01-05,2010-04-12,63,-1.2347,-4.8479
2010-01-06,2010-04-13,63,-0.8967,-3.5389
2010-01-07,2010-04-14,63,-0.3124,-1.2436
2010-01-08,2010-04-15,63,-0.1286,-0.5132
2010-01-11,2010-04-16,63,-1.0858,-4.273
2010-01-12,2010-04-19,63,-3.2181,-12.2642
2010-01-13,2010-04-20,63,-1.6966,-6.6155
2010-01-14,2010-04-21,63,-1.6872,-6.5799
2010-01-15,2010-04-22,63,-1.9506,-7.5771
2010-01-18,2010-04-23,63,-2.3623,-9.1197
2010-01-19,2010-04-26,63,-2.1901,-8.4767
2010-01-20,2010-04-27,63,-1.9343,-7.5156
2010-01-21,2010-04-28,63,-1.4507,-5.6777
2010-01-22,2010-04-29,63,-0.8658,-3.4186
2010-01-25,2010-04-30,63,-0.549,-2.178
2010-01-26,2010-05-04,63,0.015,0.06
2010-01-27,2010-05-05,63,0.2889,1.1605
2010-01-28,2010-05-06,63,-0.4016,-1.5967
2010-01-29,2010-05-07,63,-0.047,-0.1878
2010-02-01,2010-05-10,63,0.2698,1.0836
2010-02-02,2010-05-11,63,-0.3147,-1.253
2010-02-03,2010-05-12,63,-0.5868,-2.3265
2010-02-04,2010-05-13,63,0.3736,1.5028
2010-02-05,2010-05-14,63,1.8621,7.6589
2010-02-08,2010-05-17,63,0.593,2.3931
2010-02-09,2010-05-18,63,0.1774,0.7115
2010-02-10,2010-05-19,63,-0.4213,-1.6746
2010-02-11,2010-05-20,63,-1.2629,-4.9567
2010-02-12,2010-05-21,63,-1.5925,-6.2193
2010-02-22,2010-05-24,63,-1.1567,-4.5471
2010-02-23,2010-05-25,63,-1.3857,-5.4287
2010-02-24,2010-05-26,63,-1.1352,-4.4642
2010-02-25,2010-05-27,63,-0.6086,-2.4122
2010-02-26,2010-05-28,63,-0.8235,-3.2534
2010-03-01,2010-05-31,63,-1.8975,-7.3767
2010-03-02,2010-06-01,63,-1.8123,-7.0545
2010-03-03,2010-06-02,63,-2.3736,-9.1617
2010-03-04,2010-06-03,63,-1.8646,-7.2524
2010-03-05,2010-06-04,63,-2.3761,-9.1711
2010-03-08,2010-06-07,63,-2.7608,-10.5942
2010-03-09,2010-06-08,63,-1.9327,-7.5096
2010-03-10,2010-06-09,63,-1.4991,-5.8629
2010-03-11,2010-06-10,63,-1.3447,-5.2714
2010-03-12,2010-06-11,63,-1.261,-4.9492
2010-03-15,2010-06-17,63,-0.5775,-2.29
2010-03-16,2010-06-18,63,-0.8794,-3.4715
2010-03-17,2010-06-21,63,-0.928,-3.6606
2010-03-18,2010-06-22,63,-1.2122,-4.7614
2010-03-19,2010-06-23,63,-1.5023,-5.875
2010-03-22,2010-06-24,63,-1.2947,-5.0792
2010-03-23,2010-06-25,63,-1.1111,-4.3708
2010-03-24,2010-06-28,63,-0.9849,-3.8818
2010-03-25,2010-06-29,63,-1.8726,-7.2827
2010-03-26,2010-06-30,63,-2.4644,-9.4991
2010-03-29,2010-07-01,63,-3.5124,-13.3266
2010-03-30,2010-07-02,63,-4.3127,-16.1667
2010-03-31,2010-07-05,63,-4.0901,-15.3837
2010-04-01,2010-07-06,63,-4.1523,-15.603
2010-04-02,2010-07-07,63,-4.7528,-17.6981
2010-04-06,2010-07-08,63,-4.5988,-17.1648
2010-04-07,2010-07-09,63,-4.3338,-16.2404
2010-04-08,2010-07-12,63,-3.7731,-14.2596
2010-04-09,2010-07-13,63,-4.6522,-17.3499
2010-04-12,2010-07-14,63,-4.1836,-15.7133
2010-04-13,2010-07-15,63,-4.6688,-17.4075
2010-04-14,2010-07-16,63,-4.7821,-17.7997
2010-04-15,2010-07-19,63,-4.4786,-16.7465
2010-04-16,2010-07-20,63,-3.9764,-14.9816
2010-04-19,2010-07-21,63,-2.276,-8.7978
2010-04-20,2010-07-22,63,-2.3019,-8.8945
2010-04-21,2010-07-23,63,-2.5152,-9.6874
2010-04-22,2010-07-26,63,-2.1116,-8.1827
2010-04-23,2010-07-27,63,-2.1409,-8.2923
2010-04-26,2010-07-28,63,-2.342,-9.0441
2010-04-27,2010-07-29,63,-1.5254,-5.9632
2010-04-28,2010-07-30,63,-1.8763,-7.2965
2010-04-29,2010-08-02,63,-0.8866,-3.4995
2010-04-30,2010-08-03,63,-1.494,-5.8433
2010-05-04,2010-08-04,63,-0.8531,-3.3689
2010-05-05,2010-08-05,63,-1.1453,-4.5032
2010-05-06,2010-08-06,63,0.421,1.6946
2010-05-07,2010-08-09,63,0.7424,3.0027
2010-05-10,2010-08-10,63,-0.1605,-0.6406
2010-05-11,2010-08-11,63,0.0936,0.3749
2010-05-12,2010-08-12,63,-0.7642,-3.0219
2010-05-13,2010-08-13,63,-0.7708,-3.0476
2010-05-14,2010-08-16,63,-0.0505,-0.2017
2010-05-17,2010-08-17,63,1.3555,5.5334
2010-05-18,2010-08-18,63,1.2265,4.9969
2010-05-19,2010-08-19,63,1.7295,7.0994
2010-05-20,2010-08-20,63,2.0021,8.2519
2010-05-21,2010-08-23,63,1.7773,7.301
2010-05-24,2010-08-24,63,0.6744,2.7251
2010-05-25,2010-08-25,63,0.8733,3.5393
2010-05-26,2010-08-26,63,0.7892,3.1944
2010-05-27,2010-08-27,63,0.3121,1.2542
2010-05-28,2010-08-30,63,0.6504,2.6269
2010-05-31,2010-08-31,63,1.3196,5.3839
2010-06-01,2010-09-01,63,1.7685,7.264
2010-06-02,2010-09-02,63,1.8517,7.615
2010-06-03,2010-09-03,63,2.0012,8.2484
2010-06-04,2010-09-06,63,2.8231,11.7797
2010-06-07,2010-09-07,63,3.1797,13.3386
2010-06-08,2010-09-08,63,2.8739,12.0007
2010-06-09,2010-09-09,63,1.762,7.2367
2010-06-10,2010-09-10,63,1.966,8.0988
2010-06-11,2010-09-13,63,2.1981,9.0865
2010-06-17,2010-09-14,63,2.088,8.6171
2010-06-18,2010-09-15,63,2.2532,9.3221
2010-06-21,2010-09-16,63,0.7838,3.1723
2010-06-22,2010-09-17,63,1.4097,5.759
2010-06-23,2010-09-20,63,1.4682,6.0033
2010-06-24,2010-09-21,63,1.5232,6.2332
2010-06-25,2010-09-27,63,2.335,9.6721
2010-06-28,2010-09-28,63,1.967,8.1032
2010-06-29,2010-09-29,63,3.9262,16.6542
2010-06-30,2010-09-30,63,4.7593,20.4398
2010-07-01,2010-10-08,63,6.4477,28.3939
2010-07-02,2010-10-11,63,8.509,38.6317
2010-07-05,2010-10-12,63,8.96,40.9512
2010-07-06,2010-10-13,63,8.9586,40.9436
2010-07-07,2010-10-14,63,9.754,45.1046
2010-07-08,2010-10-15,63,10.3927,48.5121
2010-07-09,2010-10-18,63,8.8385,40.3234
2010-07-12,2010-10-19,63,8.9032,40.6572
2010-07-13,2010-10-20,63,9.1687,42.0339
2010-07-14,2010-10-21,63,8.5089,38.6314
2010-07-15,2010-10-22,63,9.0519,41.4274
2010-07-16,2010-10-25,63,10.498,49.0792
2010-07-19,2010-10-26,63,9.6821,44.7249
2010-07-20,2010-10-27,63,8.6214,39.2072
2010-07-21,2010-10-28,63,8.3443,37.7922
2010-07-22,2010-10-29,63,8.1857,36.9872
2010-07-23,2010-11-01,63,9.2815,42.6219
2010-07-26,2010-11-02,63,8.9283,40.7872
2010-07-27,2010-11-03,63,8.5707,38.9475
2010-07-28,2010-11-04,63,9.056,41.4486
2010-07-29,2010-11-05,63,9.9005,45.8808
2010-07-30,2010-11-08,63,10.4396,48.7647
2010-08-02,2010-11-09,63,10.3171,48.1057
2010-08-03,2010-11-10,63,10.1491,47.2053
2010-08-04,2010-11-11,63,9.9624,46.2099
2010-08-05,2010-11-12,63,7.9292,35.6925
2010-08-06,2010-11-15,63,6.9948,31.0543
2010-08-09,2010-11-16,63,5.3081,22.9838
2010-08-10,2010-11-17,63,5.0802,21.9225
2010-08-11,2010-11-18,63,5.7199,24.9185
2010-08-12,2010-11-19,63,6.4062,28.1942
2010-08-13,2010-11-22,63,5.6264,24.477
2010-08-16,2010-11-23,63,4.5878,19.6531
2010-08-17,2010-11-24,63,5.1369,22.1856
2010-08-18,2010-11-25,63,5.3778,23.3094
2010-08-19,2010-11-26,63,4.7398,20.3503
2010-08-20,2010-11-29,63,5.0674,21.8631
2010-08-23,2010-11-30,63,4.7758,20.5156
2010-08-24,2010-12-01,63,5.5759,24.2395
2010-08-25,2010-12-02,63,6.2562,27.4726
2010-08-26,2010-12-03,63,5.8787,25.6706
2010-08-27,2010-12-06,63,6.3773,28.0549
2010-08-30,2010-12-07,63,6.3096,27.7292
2010-08-31,2010-12-08,63,5.3938,23.3844
2010-09-01,2010-12-09,63,4.6112,19.7602
2010-09-02,2010-12-10,63,4.8176,20.7084
2010-09-03,2010-12-13,63,5.7762,25.1847
2010-09-06,2010-12-14,63,5.7381,25.0047
2010-09-07,2010-12-15,63,5.0728,21.8882
2010-09-08,2010-12-16,63,4.6661,20.0121
2010-09-09,2010-12-17,63,5.1554,22.2717
2010-09-10,2010-12-20,63,5.1586,22.2867
2010-09-13,2010-12-21,63,5.5214,23.9829
2010-09-14,2010-12-22,63,5.3343,23.1058
2010-09-15,2010-12-23,63,5.1697,22.3381
2010-09-16,2010-12-24,63,5.5158,23.9567
2010-09-17,2010-12-27,63,4.8944,21.0624
2010-09-20,2010-12-28,63,4.6863,20.1045
2010-09-21,2010-12-29,63,5.2161,22.5546
2010-09-27,2010-12-30,63,4.638,19.8832
2010-09-28,2011-01-04,63,6.033,26.4049
2010-09-29,2011-01-05,63,4.9087,21.1282
2010-09-30,2011-01-06,63,4.0662,17.2839
2010-10-08,2011-01-07,63,2.8435,11.8686
2010-10-11,2011-01-10,63,1.3897,5.6757
2010-10-12,2011-01-11,63,1.383,5.6479
2010-10-13,2011-01-12,63,1.1368,4.6255
2010-10-14,2011-01-13,63,0.5659,2.2827
2010-10-15,2011-01-14,63,-0.7151,-2.8298
2010-10-18,2011-01-17,63,-1.2004,-4.7157
2010-10-19,2011-01-18,63,-1.5845,-6.1889
2010-10-20,2011-01-19,63,-0.5185,-2.0579
2010-10-21,2011-01-20,63,-1.4144,-5.5388
2010-10-22,2011-01-21,63,-1.2495,-4.9051
2010-10-25,2011-01-24,63,-2.6839,-10.311
2010-10-26,2011-01-25,63,-2.8361,-10.871
2010-10-27,2011-01-26,63,-2.1138,-8.1908
2010-10-28,2011-01-27,63,-1.4476,-5.6658
2010-10-29,2011-01-28,63,-1.9831,-7.6994
2010-11-01,2011-01-31,63,-2.6002,-10.002
2010-11-02,2011-02-01,63,-2.3005,-8.8894
2010-11-03,2011-02-09,63,-1.7697,-6.893
2010-11-04,2011-02-10,63,-1.8743,-7.289
2010-11-05,2011-02-11,63,-2.6754,-10.2796
2010-11-08,2011-02-14,63,-2.1606,-8.3664
2010-11-09,2011-02-15,63,-2.8487,-10.9171
2010-11-10,2011-02-16,63,-1.8343,-7.1377
2010-11-11,2011-02-17,63,-2.0331,-7.8877
2010-11-12,2011-02-18,63,-0.2845,-1.133
2010-11-15,2011-02-21,63,0.4596,1.851
2010-11-16,2011-02-22,63,1.0353,4.2061
2010-11-17,2011-02-23,63,2.2936,9.495
2010-11-18,2011-02-24,63,1.8497,7.6068
2010-11-19,2011-02-25,63,1.4374,5.8746
2010-11-22,2011-02-28,63,1.9267,7.9325
2010-11-23,2011-03-01,63,2.4174,10.0261
2010-11-24,2011-03-02,63,1.7941,7.372
2010-11-25,2011-03-03,63,1.2755,5.2005
2010-11-26,2011-03-04,63,1.8351,7.5448
2010-11-29,2011-03-07,63,3.0526,12.7808
2010-11-30,2011-03-08,63,3.2456,13.6283
2010-12-01,2011-03-09,63,2.4508,10.1697
2010-12-02,2011-03-10,63,1.7848,7.3325
2010-12-03,2011-03-11,63,1.3252,5.4071
2010-12-06,2011-03-14,63,1.2341,5.0285
2010-12-07,2011-03-15,63,0.2069,0.8303
2010-12-08,2011-03-16,63,1.2697,5.1764
2010-12-09,2011-03-17,63,1.32,5.3854
2010-12-10,2011-03-18,63,1.3135,5.3583
2010-12-13,2011-03-21,63,0.6284,2.5373
2010-12-14,2011-03-22,63,0.338,1.3588
2010-12-15,2011-03-23,63,1.1323,4.6066
2010-12-16,2011-03-24,63,1.2868,5.2473
2010-12-17,2011-03-25,63,1.6451,6.7447
2010-12-20,2011-03-28,63,1.4625,5.9797
2010-12-21,2011-03-29,63,0.7342,2.9695
2010-12-22,2011-03-30,63,0.897,3.6366
2010-12-23,2011-03-31,63,1.0307,4.1869
2010-12-24,2011-04-01,63,1.7375,7.1332
2010-12-27,2011-04-06,63,2.7909,11.6395
2010-12-28,2011-04-07,63,3.0872,12.9323
2010-12-29,2011-04-08,63,3.1602,13.2525
2010-12-30,2011-04-11,63,2.8885,12.0645
2011-01-04,2011-04-12,63,1.8124,7.4489
2011-01-05,2011-04-13,63,2.8382,11.8455
2011-01-06,2011-04-14,63,3.0679,12.8482
2011-01-07,2011-04-15,63,3.2719,13.7441
2011-01-10,2011-04-18,63,3.9239,16.6436
2011-01-11,2011-04-19,63,2.9476,12.3219
2011-01-12,2011-04-20,63,3.0079,12.5855
2011-01-13,2011-04-21,63,3.3605,14.135
2011-01-14,2011-04-22,63,3.8575,16.3462
2011-01-17,2011-04-25,63,4.6943,20.1414
2011-01-18,2011-04-26,63,3.9958,16.9668
2011-01-19,2011-04-27,63,3.2742,13.7541
2011-01-20,2011-04-28,63,4.3955,18.7758
2011-01-21,2011-04-29,63,4.6694,20.0272
2011-01-24,2011-05-03,63,5.122,22.1164
2011-01-25,2011-05-04,63,4.5779,19.6076
2011-01-26,2011-05-05,63,4.1113,17.4876
2011-01-27,2011-05-06,63,3.063,12.8267
2011-01-28,2011-05-09,63,3.7661,15.937
2011-01-31,2011-05-10,63,3.4541,14.5487
2011-02-01,2011-05-11,63,3.3974,14.2978
2011-02-09,2011-05-12,63,2.6809,11.1628
2011-02-10,2011-05-13,63,2.7765,11.5771
2011-02-11,2011-05-16,63,2.1031,8.6814
2011-02-14,2011-05-17,63,1.4597,5.9678
2011-02-15,2011-05-18,63,1.5906,6.5157
2011-02-16,2011-05-19,63,1.0703,4.3502
2011-02-17,2011-05-20,63,1.0859,4.415
2011-02-18,2011-05-23,63,0.4893,1.9718
2011-02-21,2011-05-24,63,0.1845,0.7401
2011-02-22,2011-05-25,63,0.5392,2.1744
2011-02-23,2011-05-26,63,0.4892,1.9712
2011-02-24,2011-05-27,63,0.0809,0.3239
2011-02-25,2011-05-30,63,0.2712,1.0893
2011-02-28,2011-05-31,63,0.2457,0.9866
2011-03-01,2011-06-01,63,-0.0634,-0.2534
2011-03-02,2011-06-02,63,-0.1347,-0.5379
2011-03-03,2011-06-03,63,0.2858,1.1479
2011-03-04,2011-06-07,63,0.3056,1.228
2011-03-07,2011-06-08,63,-0.7935,-3.1363
2011-03-08,2011-06-09,63,-1.0994,-4.3257
2011-03-09,2011-06-10,63,-0.7991,-3.1583
2011-03-10,2011-06-13,63,-0.8418,-3.3248
2011-03-11,2011-06-14,63,-0.1416,-0.5651
2011-03-14,2011-06-15,63,-0.6194,-2.4547
2011-03-15,2011-06-16,63,-0.3862,-1.536
2011-03-16,2011-06-17,63,-0.6871,-2.7204
2011-03-17,2011-06-20,63,-0.2378,-0.9477
2011-03-18,2011-06-21,63,-0.2365,-0.9426
2011-03-21,2011-06-22,63,-0.5553,-2.2026
2011-03-22,2011-06-23,63,-0.2199,-0.8768
2011-03-23,2011-06-24,63,-0.3407,-1.3557
2011-03-24,2011-06-27,63,-0.7338,-2.9031
2011-03-25,2011-06-28,63,-0.9486,-3.7406
2011-03-28,2011-06-29,63,-0.8372,-3.3069
2011-03-29,2011-06-30,63,-0.2902,-1.1559
2011-03-30,2011-07-01,63,-0.3715,-1.4779
2011-03-31,2011-07-04,63,0.2039,0.818
2011-04-01,2011-07-05,63,-0.2608,-1.039
2011-04-06,2011-07-06,63,-0.4831,-1.9183
2011-04-07,2011-07-07,63,-0.2893,-1.1523
2011-04-08,2011-07-08,63,-0.7242,-2.8655
2011-04-11,2011-07-11,63,-0.4473,-1.7773
2011-04-12,2011-07-12,63,-0.777,-3.0721
2011-04-13,2011-07-13,63,-0.3638,-1.4473
2011-04-14,2011-07-14,63,-0.023,-0.0918
2011-04-15,2011-07-15,63,-0.1482,-0.5914
2011-04-18,2011-07-18,63,-0.2801,-1.1157
2011-04-19,2011-07-19,63,0.2781,1.1171
2011-04-20,2011-07-20,63,-0.2923,-1.1642
2011-04-21,2011-07-21,63,-0.5254,-2.0851
2011-04-22,2011-07-22,63,-0.5972,-2.3673
2011-04-25,2011-07-25,63,-0.4674,-1.8564
2011-04-26,2011-07-26,63,0.0184,0.0734
2011-04-27,2011-07-27,63,0.307,1.2337
2011-04-28,2011-07-28,63,-0.0019,-0.0075
2011-04-29,2011-07-29,63,-0.3631,-1.4447
2011-05-03,2011-08-01,63,-0.5499,-2.1814
2011-05-04,2011-08-02,63,0.3007,1.2081
2011-05-05,2011-08-03,63,1.1338,4.613
2011-05-06,2011-08-04,63,1.5975,6.5449
2011-05-09,2011-08-05,63,0.7289,2.9474
2011-05-10,2011-08-08,63,0.3342,1.3434
2011-05-11,2011-08-09,63,0.8053,3.2601
2011-05-12,2011-08-10,63,1.6635,6.8218
2011-05-13,2011-08-11,63,1.8487,7.6024
2011-05-16,2011-08-12,63,2.1052,8.6905
2011-05-17,2011-08-15,63,1.9938,8.2168
2011-05-18,2011-08-16,63,2.2581,9.3431
2011-05-19,2011-08-17,63,2.4293,10.0771
2011-05-20,2011-08-18,63,2.0923,8.6354
2011-05-23,2011-08-19,63,3.5819,15.1158
2011-05-24,2011-08-22,63,3.8007,16.0916
2011-05-25,2011-08-23,63,4.3111,18.392
2011-05-26,2011-08-24,63,3.3591,14.1287
2011-05-27,2011-08-25,63,2.8619,11.9485
2011-05-30,2011-08-26,63,2.9924,12.5177
2011-05-31,2011-08-29,63,2.955,12.3542
2011-06-01,2011-08-30,63,2.7548,11.4831
2011-06-02,2011-08-31,63,3.4539,14.5479
2011-06-03,2011-09-01,63,2.9607,12.3793
2011-06-07,2011-09-02,63,2.8373,11.8415
2011-06-08,2011-09-05,63,3.1767,13.3251
2011-06-09,2011-09-06,63,3.8678,16.3921
2011-06-10,2011-09-07,63,2.7954,11.6592
2011-06-13,2011-09-08,63,3.2613,13.6976
2011-06-14,2011-09-09,63,3.6162,15.2685
2011-06-15,2011-09-13,63,2.7896,11.6341
2011-06-16,2011-09-14,63,3.2599,13.6913
2011-06-17,2011-09-15,63,3.1622,13.2614
2011-06-20,2011-09-16,63,2.3606,9.7821
2011-06-21,2011-09-19,63,2.4813,10.3009
2011-06-22,2011-09-20,63,1.9691,8.1122
2011-06-23,2011-09-21,63,2.7704,11.5506
2011-06-24,2011-09-22,63,1.3874,5.6662
2011-06-27,2011-09-23,63,1.2927,5.272
2011-06-28,2011-09-26,63,-0.6426,-2.5459
2011-06-29,2011-09-27,63,-0.3035,-1.2085
2011-06-30,2011-09-28,63,-0.8967,-3.5388
2011-07-01,2011-09-29,63,-1.4402,-5.6377
2011-07-04,2011-09-30,63,-1.6749,-6.5333
2011-07-05,2011-10-10,63,-1.4598,-5.7125
2011-07-06,2011-10-11,63,-1.6899,-6.5902
2011-07-07,2011-10-12,63,-1.1675,-4.5888
2011-07-08,2011-10-13,63,-1.0877,-4.2802
2011-07-11,2011-10-14,63,-1.3585,-5.3241
2011-07-12,2011-10-17,63,-0.811,-3.2046
2011-07-13,2011-10-18,63,-2.4196,-9.3326
2011-07-14,2011-10-19,63,-2.9655,-11.3447
2011-07-15,2011-10-20,63,-3.9566,-14.9116
2011-07-18,2011-10-21,63,-4.2078,-15.7984
2011-07-19,2011-10-24,63,-3.1628,-12.0635
2011-07-20,2011-10-25,63,-2.5211,-9.7093
2011-07-21,2011-10-26,63,-1.4437,-5.6508
2011-07-22,2011-10-27,63,-1.0934,-4.3025
2011-07-25,2011-10-28,63,-0.2915,-1.1608
2011-07-26,2011-10-31,63,-0.7522,-2.9749
2011-07-27,2011-11-01,63,-0.975,-3.8435
2011-07-28,2011-11-02,63,-0.2392,-0.9533
2011-07-29,2011-11-03,63,-0.0452,-0.1805
2011-08-01,2011-11-04,63,0.5592,2.2556
2011-08-02,2011-11-07,63,0.6714,2.7127
2011-08-03,2011-11-08,63,0.1964,0.7877
2011-08-04,2011-11-09,63,0.2388,0.9587
2011-08-05,2011-11-10,63,-0.0103,-0.0411
2011-08-08,2011-11-11,63,0.4084,1.6436
2011-08-09,2011-11-14,63,0.7216,2.9178
2011-08-10,2011-11-15,63,0.2781,1.1171
2011-08-11,2011-11-16,63,-1.1381,-4.4754
2011-08-12,2011-11-17,63,-0.9523,-3.755
2011-08-15,2011-11-18,63,-2.2073,-8.5411
2011-08-16,2011-11-21,63,-2.4701,-9.5204
2011-08-17,2011-11-22,63,-3.1568,-12.0416
2011-08-18,2011-11-23,63,-2.7536,-10.5677
2011-08-19,2011-11-24,63,-3.433,-13.0409
2011-08-22,2011-11-25,63,-4.039,-15.2033
2011-08-23,2011-11-28,63,-3.994,-15.0441
2011-08-24,2011-11-29,63,-2.8937,-11.0821
2011-08-25,2011-11-30,63,-3.2176,-12.2624
2011-08-26,2011-12-01,63,-2.5943,-9.9802
2011-08-29,2011-12-02,63,-3.1504,-12.0185
2011-08-30,2011-12-05,63,-3.1007,-11.8377
2011-08-31,2011-12-06,63,-4.0891,-15.3803
2011-09-01,2011-12-07,63,-3.4701,-13.1743
2011-09-02,2011-12-08,63,-3.4371,-13.0558
2011-09-05,2011-12-09,63,-4.0134,-15.1126
2011-09-06,2011-12-12,63,-4.5651,-17.0475
2011-09-07,2011-12-13,63,-4.9174,-18.2658
2011-09-08,2011-12-14,63,-5.3213,-19.6457
2011-09-09,2011-12-15,63,-7.1929,-25.8136
2011-09-13,2011-12-16,63,-5.6791,-20.8534
2011-09-14,2011-12-19,63,-5.9247,-21.6748
2011-09-15,2011-12-20,63,-5.723,-21.0009
2011-09-16,2011-12-21,63,-5.1174,-18.9514
2011-09-19,2011-12-22,63,-5.6208,-20.6575
2011-09-20,2011-12-23,63,-5.0574,-18.746
2011-09-21,2011-12-26,63,-6.4386,-23.372
2011-09-22,2011-12-27,63,-5.7105,-20.9588
2011-09-23,2011-12-28,63,-5.3682,-19.8049
2011-09-26,2011-12-29,63,-4.3195,-16.1903
2011-09-27,2011-12-30,63,-3.9893,-15.0274
2011-09-28,2012-01-04,63,-3.555,-13.4795
2011-09-29,2012-01-05,63,-2.7428,-10.528
2011-09-30,2012-01-06,63,-2.6538,-10.2002
2011-10-10,2012-01-09,63,-2.2631,-8.7497
2011-10-11,2012-01-10,63,-1.5844,-6.1887
2011-10-12,2012-01-11,63,-2.1827,-8.4491
2011-10-13,2012-01-12,63,-2.1952,-8.496
2011-10-14,2012-01-13,63,-2.5052,-9.6506
2011-10-17,2012-01-16,63,-3.0398,-11.616
2011-10-18,2012-01-17,63,-0.7749,-3.0636
2011-10-19,2012-01-18,63,-0.9798,-3.8621
2011-10-20,2012-01-19,63,0.7565,3.0605
2011-10-21,2012-01-20,63,1.0165,4.1284
2011-10-24,2012-01-30,63,0.4196,1.6892
2011-10-25,2012-01-31,63,0.1844,0.7394
2011-10-26,2012-02-01,63,-1.3008,-5.1025
2011-10-27,2012-02-02,63,-0.732,-2.896
2011-10-28,2012-02-03,63,-1.0495,-4.1324
2011-10-31,2012-02-06,63,-0.9715,-3.8296
2011-11-01,2012-02-07,63,-1.4974,-5.8562
2011-11-02,2012-02-08,63,-1.0696,-4.2103
2011-11-03,2012-02-09,63,-1.3151,-5.1574
2011-11-04,2012-02-10,63,-2.036,-7.8988
2011-11-07,2012-02-13,63,-2.1642,-8.3798
2011-11-08,2012-02-14,63,-2.6113,-10.0431
2011-11-09,2012-02-15,63,-2.3736,-9.1617
2011-11-10,2012-02-16,63,-1.6999,-6.6281
2011-11-11,2012-02-17,63,-1.6775,-6.5429
2011-11-14,2012-02-20,63,-2.4766,-9.5446
2011-11-15,2012-02-21,63,-1.9237,-7.4755
2011-11-16,2012-02-22,63,-0.777,-3.0718
2011-11-17,2012-02-23,63,-0.4095,-1.6279
2011-11-18,2012-02-24,63,1.1461,4.6639
2011-11-21,2012-02-27,63,1.1108,4.518
2011-11-22,2012-02-28,63,1.825,7.5025
2011-11-23,2012-02-29,63,1.6629,6.8193
2011-11-24,2012-03-01,63,0.7791,3.153
2011-11-25,2012-03-02,63,1.6039,6.5715
2011-11-28,2012-03-05,63,0.9342,3.7895
2011-11-29,2012-03-06,63,-0.0329,-0.1316
2011-11-30,2012-03-07,63,0.1888,0.7575
2011-12-01,2012-03-08,63,-0.2221,-0.8853
2011-12-02,2012-03-09,63,0.5584,2.2524
2011-12-05,2012-03-12,63,0.7753,3.1375
2011-12-06,2012-03-13,63,1.458,5.9608
2011-12-07,2012-03-14,63,-0.0186,-0.0743
2011-12-08,2012-03-15,63,-0.5373,-2.1318
2011-12-09,2012-03-16,63,0.6109,2.4662
2011-12-12,2012-03-19,63,1.1617,4.7282
2011-12-13,2012-03-20,63,1.5119,6.1863
2011-12-14,2012-03-21,63,1.9376,7.9784
2011-12-15,2012-03-22,63,3.7314,15.7822
2011-12-16,2012-03-23,63,2.4416,10.1301
2011-12-19,2012-03-26,63,2.8735,11.999
2011-12-20,2012-03-27,63,3.2453,13.627
2011-12-21,2012-03-28,63,2.2142,9.1553
2011-12-22,2012-03-29,63,1.9403,7.9901
2011-12-23,2012-03-30,63,1.9779,8.1494
2011-12-26,2012-04-05,63,2.3844,9.8842
2011-12-27,2012-04-06,63,2.9875,12.4963
2011-12-28,2012-04-09,63,2.9793,12.4605
2011-12-29,2012-04-10,63,3.9351,16.6942
2011-12-30,2012-04-11,63,3.4736,14.6353
2012-01-04,2012-04-12,63,3.8476,16.3016
2012-01-05,2012-04-13,63,4.0206,17.0788
2012-01-06,2012-04-16,63,3.1124,13.043
2012-01-09,2012-04-17,63,2.1635,8.939
2012-01-10,2012-04-18,63,2.0089,8.2811
2012-01-11,2012-04-19,63,1.5922,6.5225
2012-01-12,2012-04-20,63,1.8737,7.7083
2012-01-13,2012-04-23,63,2.0303,8.3717
2012-01-16,2012-04-24,63,2.4691,10.248
2012-01-17,2012-04-25,63,1.2354,5.0339
2012-01-18,2012-04-26,63,1.8286,7.5175
2012-01-19,2012-04-27,63,1.1112,4.5194
2012-01-20,2012-05-02,63,1.4056,5.742
2012-01-30,2012-05-03,63,0.8866,3.5939
2012-01-31,2012-05-04,63,0.7667,3.1022
2012-02-01,2012-05-07,63,1.2117,4.9355
2012-02-02,2012-05-08,63,0.1673,0.671
2012-02-03,2012-05-09,63,-1.1514,-4.5267
2012-02-06,2012-05-10,63,-0.7511,-2.9706
2012-02-07,2012-05-11,63,-0.5786,-2.2943
2012-02-08,2012-05-14,63,-1.8326,-7.1312
2012-02-09,2012-05-15,63,-2.0095,-7.7988
2012-02-10,2012-05-16,63,-2.5679,-9.8827
2012-02-13,2012-05-17,63,-1.758,-6.8486
2012-02-14,2012-05-18,63,-1.5597,-6.0945
2012-02-15,2012-05-21,63,-1.5457,-6.0411
2012-02-16,2012-05-22,63,-1.1649,-4.5789
2012-02-17,2012-05-23,63,-1.7759,-6.9166
2012-02-20,2012-05-24,63,-1.8984,-7.3801
2012-02-21,2012-05-25,63,-2.3404,-9.0381
2012-02-22,2012-05-28,63,-2.201,-8.5177
2012-02-23,2012-05-29,63,-2.2636,-8.7517
2012-02-24,2012-05-30,63,-3.0923,-11.8072
2012-02-27,2012-05-31,63,-2.9628,-11.3349
2012-02-28,2012-06-01,63,-3.0872,-11.7886
2012-02-29,2012-06-04,63,-2.7824,-10.6735
2012-03-01,2012-06-05,63,-1.8935,-7.3614
2012-03-02,2012-06-06,63,-2.2384,-8.6576
2012-03-05,2012-06-07,63,-2.3246,-8.9793
2012-03-06,2012-06-08,63,-2.6966,-10.3579
2012-03-07,2012-06-11,63,-1.5763,-6.1577
2012-03-08,2012-06-12,63,-2.4041,-9.275
2012-03-09,2012-06-13,63,-2.196,-8.4989
2012-03-12,2012-06-14,63,-2.2411,-8.6674
2012-03-13,2012-06-15,63,-2.1482,-8.3199
2012-03-14,2012-06-18,63,-1.0461,-4.119
2012-03-15,2012-06-19,63,-0.6368,-2.523
2012-03-16,2012-06-20,63,-1.3684,-5.3624
2012-03-19,2012-06-21,63,-2.1024,-8.1482
2012-03-20,2012-06-25,63,-2.3648,-9.129
2012-03-21,2012-06-26,63,-2.2685,-8.7699
2012-03-22,2012-06-27,63,-2.5063,-9.6545
2012-03-23,2012-06-28,63,-2.3464,-9.0604
2012-03-26,2012-06-29,63,-2.367,-9.1372
2012-03-27,2012-07-02,63,-2.454,-9.4607
2012-03-28,2012-07-03,63,-1.3048,-5.1181
2012-03-29,2012-07-04,63,-0.7216,-2.8551
2012-03-30,2012-07-05,63,-1.2512,-4.9117
2012-04-05,2012-07-06,63,-1.1779,-4.6292
2012-04-06,2012-07-09,63,-2.2492,-8.6977
2012-04-09,2012-07-10,63,-2.1954,-8.4968
2012-04-10,2012-07-11,63,-2.373,-9.1594
2012-04-11,2012-07-12,63,-2.3765,-9.1723
2012-04-12,2012-07-13,63,-2.7088,-10.403
2012-04-13,2012-07-16,63,-3.1903,-12.1634
2012-04-16,2012-07-17,63,-2.3813,-9.1905
2012-04-17,2012-07-18,63,-2.2238,-8.6029
2012-04-18,2012-07-19,63,-2.8283,-10.8424
2012-04-19,2012-07-20,63,-2.8085,-10.7695
2012-04-20,2012-07-23,63,-3.5674,-13.5239
2012-04-23,2012-07-24,63,-3.2659,-12.4376
2012-04-24,2012-07-25,63,-3.3121,-12.6045
2012-04-25,2012-07-26,63,-3.2131,-12.2461
2012-04-26,2012-07-27,63,-3.0829,-11.773
2012-04-27,2012-07-30,63,-3.1695,-12.0877
2012-05-02,2012-07-31,63,-3.5176,-13.3451
2012-05-03,2012-08-01,63,-3.3045,-12.5771
2012-05-04,2012-08-02,63,-3.7029,-14.009
2012-05-07,2012-08-03,63,-3.7021,-14.0061
2012-05-08,2012-08-06,63,-3.0179,-11.536
2012-05-09,2012-08-07,63,-1.9744,-7.6667
2012-05-10,2012-08-08,63,-2.0637,-8.0026
2012-05-11,2012-08-09,63,-1.4244,-5.577
2012-05-14,2012-08-10,63,-1.2835,-5.036
2012-05-15,2012-08-13,63,-1.1933,-4.6885
2012-05-16,2012-08-14,63,-0.5672,-2.2494
2012-05-17,2012-08-15,63,-1.8326,-7.1314
2012-05-18,2012-08-16,63,-1.9152,-7.4436
2012-05-21,2012-08-17,63,-2.0203,-7.8394
2012-05-22,2012-08-20,63,-2.2546,-8.718
2012-05-23,2012-08-21,63,-1.6048,-6.2663
2012-05-24,2012-08-22,63,-1.3715,-5.3741
2012-05-25,2012-08-23,63,-0.7078,-2.8014
2012-05-28,2012-08-24,63,-1.6634,-6.4893
2012-05-29,2012-08-27,63,-2.1691,-8.3981
2012-05-30,2012-08-28,63,-1.6878,-6.5821
2012-05-31,2012-08-29,63,-1.9294,-7.4972
2012-06-01,2012-08-30,63,-2.0108,-7.8038
2012-06-04,2012-08-31,63,-2.515,-9.6866
2012-06-05,2012-09-03,63,-1.8423,-7.1679
2012-06-06,2012-09-04,63,-2.14,-8.2892
2012-06-07,2012-09-05,63,-1.9406,-7.5392
2012-06-08,2012-09-06,63,-0.6717,-2.66
2012-06-11,2012-09-07,63,-0.5628,-2.2324
2012-06-12,2012-09-10,63,0.5082,2.0485
2012-06-13,2012-09-11,63,-0.2941,-1.1714
2012-06-14,2012-09-12,63,-0.0973,-0.3888
2012-06-15,2012-09-13,63,-0.6838,-2.7074
2012-06-18,2012-09-14,63,0.2256,0.9054
2012-06-19,2012-09-17,63,-0.3321,-1.3218
2012-06-20,2012-09-18,63,-0.5552,-2.2022
2012-06-21,2012-09-19,63,0.4615,1.8587
2012-06-25,2012-09-20,63,0.5734,2.3134
2012-06-26,2012-09-21,63,0.6242,2.5203
2012-06-27,2012-09-24,63,0.7737,3.1309
2012-06-28,2012-09-25,63,0.9417,3.8205
2012-06-29,2012-09-26,63,0.492,1.9826
2012-07-02,2012-09-27,63,0.8953,3.6294
2012-07-03,2012-09-28,63,1.3227,5.3968
2012-07-04,2012-10-08,63,0.6743,2.7244
2012-07-05,2012-10-09,63,1.4823,6.0624
2012-07-06,2012-10-10,63,1.3363,5.4534
2012-07-09,2012-10-11,63,2.076,8.5662
2012-07-10,2012-10-12,63,2.197,9.0818
2012-07-11,2012-10-15,63,1.5989,6.5505
2012-07-12,2012-10-16,63,1.4262,5.828
2012-07-13,2012-10-17,63,1.4561,5.9527
2012-07-16,2012-10-18,63,1.9162,7.8878
2012-07-17,2012-10-19,63,1.3123,5.3534
2012-07-18,2012-10-22,63,1.4188,5.7971
2012-07-19,2012-10-23,63,1.0513,4.272
2012-07-20,2012-10-24,63,1.0739,4.3655
2012-07-23,2012-10-25,63,1.4204,5.8038
2012-07-24,2012-10-26,63,0.7774,3.1459
2012-07-25,2012-10-29,63,0.9182,3.7236
2012-07-26,2012-10-30,63,0.6065,2.4481
2012-07-27,2012-10-31,63,0.465,1.8728
2012-07-30,2012-11-01,63,1.4324,5.8538
2012-07-31,2012-11-02,63,1.1791,4.8007
2012-08-01,2012-11-05,63,0.6008,2.4248
2012-08-02,2012-11-06,63,1.0777,4.3808
2012-08-03,2012-11-07,63,1.5762,6.4555
2012-08-06,2012-11-08,63,0.5383,2.1707
2012-08-07,2012-11-09,63,0.7261,2.9363
2012-08-08,2012-11-12,63,0.8563,3.4696
2012-08-09,2012-11-13,63,-0.0096,-0.0385
2012-08-10,2012-11-14,63,0.2976,1.1959
2012-08-13,2012-11-15,63,0.2099,0.8423
2012-08-14,2012-11-16,63,-0.004,-0.016
2012-08-15,2012-11-19,63,0.7545,3.0523
2012-08-16,2012-11-20,63,0.7826,3.1673
2012-08-17,2012-11-21,63,0.6649,2.6863
2012-08-20,2012-11-22,63,0.6987,2.8241
2012-08-21,2012-11-23,63,0.7607,3.0776
2012-08-22,2012-11-26,63,0.7006,2.832
2012-08-23,2012-11-27,63,-0.1158,-0.4624
2012-08-24,2012-11-28,63,-0.1012,-0.404
2012-08-27,2012-11-29,63,-0.2584,-1.0296
2012-08-28,2012-11-30,63,0.1406,0.5636
2012-08-29,2012-12-03,63,-0.2643,-1.0531
2012-08-30,2012-12-04,63,-0.2088,-0.8326
2012-08-31,2012-12-05,63,0.768,3.1075
2012-09-03,2012-12-06,63,-0.0385,-0.1538
2012-09-04,2012-12-07,63,0.9196,3.7296
2012-09-05,2012-12-10,63,1.3755,5.6164
2012-09-06,2012-12-11,63,0.9691,3.933
2012-09-07,2012-12-12,63,0.2172,0.8717
2012-09-10,2012-12-13,63,-0.9673,-3.8136
2012-09-11,2012-12-14,63,0.4857,1.9571
2012-09-12,2012-12-17,63,0.468,1.8852
2012-09-13,2012-12-18,63,1.0575,4.2976
2012-09-14,2012-12-19,63,-0.0947,-0.3783
2012-09-17,2012-12-20,63,0.5904,2.3827
2012-09-18,2012-12-21,63,0.4768,1.9207
2012-09-19,2012-12-24,63,0.5439,2.1934
2012-09-20,2012-12-25,63,2.0621,8.507
2012-09-21,2012-12-26,63,1.9231,7.9173
2012-09-24,2012-12-27,63,1.8978,7.8102
2012-09-25,2012-12-28,63,2.4703,10.2535
2012-09-26,2013-01-04,63,3.2091,13.4677
2012-09-27,2013-01-07,63,2.7415,11.4253
2012-09-28,2013-01-08,63,1.6402,6.7239
2012-10-08,2013-01-09,63,2.2849,9.4577
2012-10-09,2013-01-10,63,1.697,6.9626
2012-10-10,2013-01-11,63,1.4668,5.9976
2012-10-11,2013-01-14,63,2.7757,11.5736
2012-10-12,2013-01-15,63,2.7752,11.5715
2012-10-15,2013-01-16,63,3.0465,12.7544
2012-10-16,2013-01-17,63,2.8249,11.7875
2012-10-17,2013-01-18,63,3.2333,13.5741
2012-10-18,2013-01-21,63,3.143,13.1773
2012-10-19,2013-01-22,63,3.4803,14.6648
2012-10-22,2013-01-23,63,3.5438,14.9469
2012-10-23,2013-01-24,63,3.5252,14.864
2012-10-24,2013-01-25,63,3.4744,14.6387
2012-10-25,2013-01-28,63,4.6654,20.0085
2012-10-26,2013-01-29,63,5.7174,24.9069
2012-10-29,2013-01-30,63,5.8694,25.6267
2012-10-30,2013-01-31,63,6.0771,26.6155
2012-10-31,2013-02-01,63,6.6273,29.2631
2012-11-01,2013-02-04,63,5.9685,26.0976
2012-11-02,2013-02-05,63,6.2697,27.5373
2012-11-05,2013-02-06,63,6.6712,29.4757
2012-11-06,2013-02-07,63,6.1934,27.1715
2012-11-07,2013-02-08,63,5.5297,24.022
2012-11-08,2013-02-18,63,5.131,22.1585
2012-11-09,2013-02-19,63,4.5658,19.5523
2012-11-12,2013-02-20,63,4.3721,18.6691
2012-11-13,2013-02-21,63,3.216,13.4979
2012-11-14,2013-02-22,63,2.9358,12.2705
2012-11-15,2013-02-25,63,3.6136,15.2571
2012-11-16,2013-02-26,63,3.6309,15.3338
2012-11-19,2013-02-27,63,4.0865,17.3753
2012-11-20,2013-02-28,63,5.0354,21.7144
2012-11-21,2013-03-01,63,4.4197,18.8857
2012-11-22,2013-03-04,63,3.0338,12.6987
2012-11-23,2013-03-05,63,4.0908,17.3949
2012-11-26,2013-03-06,63,4.3041,18.3602
2012-11-27,2013-03-07,63,4.2653,18.1841
2012-11-28,2013-03-08,63,4.4292,18.9289
2012-11-29,2013-03-11,63,4.7502,20.398
2012-11-30,2013-03-12,63,3.7148,15.7079
2012-12-03,2013-03-13,63,4.1556,17.6874
2012-12-04,2013-03-14,63,4.1258,17.553
2012-12-05,2013-03-15,63,3.2877,13.8138
2012-12-06,2013-03-18,63,3.0975,12.9776
2012-12-07,2013-03-19,63,2.7727,11.5607
2012-12-10,2013-03-20,63,3.5656,15.0435
2012-12-11,2013-03-21,63,3.5881,15.1435
2012-12-12,2013-03-22,63,3.4818,14.6717
2012-12-13,2013-03-25,63,3.8921,16.5013
2012-12-14,2013-03-26,63,1.778,7.3039
2012-12-17,2013-03-27,63,1.6961,6.9588
2012-12-18,2013-03-28,63,0.3904,1.5706
2012-12-19,2013-03-29,63,0.6344,2.5619
2012-12-20,2013-04-01,63,0.4834,1.9477
2012-12-21,2013-04-02,63,1.0273,4.1731
2012-12-24,2013-04-03,63,0.1623,0.6509
2012-12-25,2013-04-08,63,-0.4742,-1.8835
2012-12-26,2013-04-09,63,-0.3993,-1.5878
2012-12-27,2013-04-10,63,-0.2916,-1.1615
2012-12-28,2013-04-11,63,-1.3197,-5.175
2013-01-04,2013-04-12,63,-1.8444,-7.1761
2013-01-07,2013-04-15,63,-3.5528,-13.4716
2013-01-08,2013-04-16,63,-4.8787,-18.1327
2013-01-09,2013-04-17,63,-5.3025,-19.5819
2013-01-10,2013-04-18,63,-5.1266,-18.9825
2013-01-11,2013-04-19,63,-3.4394,-13.0638
2013-01-14,2013-04-22,63,-4.2893,-16.0847
2013-01-15,2013-04-23,63,-5.0745,-18.8047
2013-01-16,2013-04-24,63,-4.255,-15.9643
2013-01-17,2013-04-25,63,-3.9741,-14.9735
2013-01-18,2013-04-26,63,-4.2567,-15.9702
2013-01-21,2013-05-02,63,-4.7931,-17.8374
2013-01-22,2013-05-03,63,-4.0877,-15.3753
2013-01-23,2013-05-06,63,-4.0062,-15.0874
2013-01-24,2013-05-07,63,-3.9944,-15.0454
2013-01-25,2013-05-08,63,-3.7087,-14.0298
2013-01-28,2013-05-09,63,-4.4608,-16.6842
2013-01-29,2013-05-10,63,-4.7566,-17.7116
2013-01-30,2013-05-13,63,-5.3997,-19.9115
2013-01-31,2013-05-14,63,-5.7627,-21.1336
2013-02-01,2013-05-15,63,-6.4531,-23.4198
2013-02-04,2013-05-16,63,-6.5697,-23.8009
2013-02-05,2013-05-17,63,-6.6742,-24.1412
2013-02-06,2013-05-20,63,-6.8445,-24.6932
2013-02-07,2013-05-21,63,-5.8389,-21.3885
2013-02-08,2013-05-22,63,-5.7412,-21.0616
2013-02-18,2013-05-23,63,-5.4646,-20.1311
2013-02-19,2013-05-24,63,-4.9256,-18.2941
2013-02-20,2013-05-27,63,-4.7787,-17.7878
2013-02-21,2013-05-28,63,-2.8848,-11.0492
2013-02-22,2013-05-29,63,-2.9862,-11.4204
2013-02-25,2013-05-30,63,-2.8231,-10.823
2013-02-26,2013-05-31,63,-2.6098,-10.0375
2013-02-27,2013-06-03,63,-3.5849,-13.5869
2013-02-28,2013-06-04,63,-4.4227,-16.5515
2013-03-01,2013-06-05,63,-4.3299,-16.2267
2013-03-04,2013-06-06,63,-3.569,-13.5297
2013-03-05,2013-06-07,63,-4.7295,-17.6176
2013-03-06,2013-06-13,63,-5.9345,-21.7072
2013-03-07,2013-06-14,63,-5.6714,-20.8277
2013-03-08,2013-06-17,63,-5.6009,-20.5908
2013-03-11,2013-06-18,63,-5.5056,-20.2696
2013-03-12,2013-06-19,63,-5.4414,-20.0526
2013-03-13,2013-06-20,63,-6.7087,-24.2533
2013-03-14,2013-06-21,63,-7.1992,-25.8338
2013-03-15,2013-06-24,63,-9.1413,-31.8501
2013-03-18,2013-06-25,63,-8.8307,-30.9133
2013-03-19,2013-06-26,63,-9.8631,-33.9898
2013-03-20,2013-06-27,63,-10.6594,-36.2919
2013-03-21,2013-06-28,63,-10.6269,-36.199
2013-03-22,2013-07-01,63,-9.9485,-34.2397
2013-03-25,2013-07-02,63,-9.6451,-33.3491
2013-03-26,2013-07-03,63,-9.5753,-33.1427
2013-03-27,2013-07-04,63,-9.3638,-32.5151
2013-03-28,2013-07-05,63,-8.6937,-30.4972
2013-03-29,2013-07-08,63,-9.5883,-33.1813
2013-04-01,2013-07-09,63,-8.8297,-30.9103
2013-04-02,2013-07-10,63,-8.4592,-29.7805
2013-04-03,2013-07-11,63,-6.2082,-22.6145
2013-04-08,2013-07-12,63,-7.0237,-25.2711
2013-04-09,2013-07-15,63,-6.7155,-24.2753
2013-04-10,2013-07-16,63,-6.7183,-24.2845
2013-04-11,2013-07-17,63,-6.5621,-23.7759
2013-04-12,2013-07-18,63,-7.0714,-25.4242
2013-04-15,2013-07-19,63,-6.1362,-22.3767
2013-04-16,2013-07-22,63,-3.8513,-14.538
2013-04-17,2013-07-23,63,-2.8543,-10.9377
2013-04-18,2013-07-24,63,-3.0741,-11.7408
2013-04-19,2013-07-25,63,-4.8013,-17.8659
2013-04-22,2013-07-26,63,-4.8176,-17.922
2013-04-23,2013-07-29,63,-4.9249,-18.2917
2013-04-24,2013-07-30,63,-5.3225,-19.6499
2013-04-25,2013-07-31,63,-5.2191,-19.2981
2013-04-26,2013-08-01,63,-5.2327,-19.3444
2013-05-02,2013-08-02,63,-5.4876,-20.2088
2013-05-03,2013-08-05,63,-5.5321,-20.3589
2013-05-06,2013-08-06,63,-5.9487,-21.7546
2013-05-07,2013-08-07,63,-5.9655,-21.8104
2013-05-08,2013-08-08,63,-5.9617,-21.7979
2013-05-09,2013-08-09,63,-5.704,-20.937
2013-05-10,2013-08-12,63,-4.5913,-17.1388
2013-05-13,2013-08-13,63,-3.7537,-14.1904
2013-05-14,2013-08-14,63,-4.0387,-15.2022
2013-05-15,2013-08-15,63,-3.6147,-13.6936
2013-05-16,2013-08-16,63,-3.3123,-12.6052
2013-05-17,2013-08-19,63,-2.8419,-10.8921
2013-05-20,2013-08-20,63,-2.9309,-11.2181
2013-05-21,2013-08-21,63,-3.6672,-13.8813
2013-05-22,2013-08-22,63,-3.7699,-14.2483
2013-05-23,2013-08-23,63,-3.1551,-12.0355
2013-05-24,2013-08-26,63,-2.6231,-10.0867
2013-05-27,2013-08-27,63,-2.6291,-10.1089
2013-05-28,2013-08-28,63,-2.6005,-10.0032
2013-05-29,2013-08-29,63,-2.8151,-10.7939
2013-05-30,2013-08-30,63,-3.2683,-12.446
2013-05-31,2013-09-02,63,-3.3257,-12.6539
2013-06-03,2013-09-03,63,-2.66,-10.2231
2013-06-04,2013-09-04,63,-2.2763,-8.799
2013-06-05,2013-09-05,63,-2.4796,-9.5556
2013-06-06,2013-09-06,63,-2.0164,-7.825
2013-06-07,2013-09-09,63,-0.4987,-1.9799
2013-06-13,2013-09-10,63,0.8717,3.5325
2013-06-14,2013-09-11,63,0.7093,2.8676
2013-06-17,2013-09-12,63,0.8516,3.4503
2013-06-18,2013-09-13,63,-0.0088,-0.0352
2013-06-19,2013-09-16,63,0.4278,1.7221
2013-06-20,2013-09-17,63,1.2425,5.0635
2013-06-21,2013-09-18,63,1.6824,6.9014
2013-06-24,2013-09-23,63,4.5826,19.6291
2013-06-25,2013-09-24,63,3.9612,16.8113
2013-06-26,2013-09-25,63,4.7493,20.394
2013-06-27,2013-09-26,63,4.3538,18.5857
2013-06-28,2013-09-27,63,4.4331,18.9468
2013-07-01,2013-09-30,63,3.8683,16.3943
2013-07-02,2013-10-08,63,3.5706,15.0658
2013-07-03,2013-10-09,63,4.0836,17.3624
2013-07-04,2013-10-10,63,3.0879,12.9354
2013-07-05,2013-10-11,63,3.5146,14.8172
2013-07-08,2013-10-14,63,4.4768,19.146
2013-07-09,2013-10-15,63,3.3525,14.0996
2013-07-10,2013-10-16,63,2.7629,11.518
2013-07-11,2013-10-17,63,0.2741,1.1008
2013-07-12,2013-10-18,63,2.0929,8.6381
2013-07-15,2013-10-21,63,1.9591,8.0698
2013-07-16,2013-10-22,63,1.637,6.7104
2013-07-17,2013-10-23,63,2.0791,8.5793
2013-07-18,2013-10-24,63,2.6712,11.1206
2013-07-19,2013-10-25,63,2.7901,11.6363
2013-07-22,2013-10-28,63,2.2784,9.4298
2013-07-23,2013-10-29,63,1.7968,7.3831
2013-07-24,2013-10-30,63,2.1246,8.7729
2013-07-25,2013-10-31,63,1.9909,8.2044
2013-07-26,2013-11-01,63,2.0366,8.3989
2013-07-29,2013-11-04,63,2.7932,11.6497
2013-07-30,2013-11-05,63,2.4174,10.0259
2013-07-31,2013-11-06,63,1.831,7.5277
2013-08-01,2013-11-07,63,1.6225,6.6496
2013-08-02,2013-11-08,63,1.7672,7.2585
2013-08-05,2013-11-11,63,0.6601,2.6668
2013-08-06,2013-11-12,63,1.1039,4.4894
2013-08-07,2013-11-13,63,0.6667,2.6935
2013-08-08,2013-11-14,63,0.7692,3.1123
2013-08-09,2013-11-15,63,0.9039,3.6649
2013-08-12,2013-11-18,63,0.6038,2.4373
2013-08-13,2013-11-19,63,-0.2034,-0.8112
2013-08-14,2013-11-20,63,0.4197,1.6893
2013-08-15,2013-11-21,63,-0.3226,-1.2841
2013-08-16,2013-11-22,63,-0.7051,-2.7908
2013-08-19,2013-11-25,63,-1.6364,-6.3865
2013-08-20,2013-11-26,63,-0.868,-3.4271
2013-08-21,2013-11-27,63,-0.8384,-3.3115
2013-08-22,2013-11-28,63,-0.5806,-2.3021
2013-08-23,2013-11-29,63,-0.5026,-1.9955
2013-08-26,2013-12-02,63,-1.005,-3.9599
2013-08-27,2013-12-03,63,-1.3865,-5.4317
2013-08-28,2013-12-04,63,-1.4495,-5.6732
2013-08-29,2013-12-05,63,-0.9372,-3.6962
2013-08-30,2013-12-06,63,-1.2108,-4.7561
2013-09-02,2013-12-09,63,-1.1686,-4.5933
2013-09-03,2013-12-10,63,-1.1984,-4.7083
2013-09-04,2013-12-11,63,-1.7647,-6.8742
2013-09-05,2013-12-12,63,-1.5622,-6.104
2013-09-06,2013-12-13,63,-2.2226,-8.5983
2013-09-09,2013-12-16,63,-3.7995,-14.3535
2013-09-10,2013-12-17,63,-3.9082,-14.7399
2013-09-11,2013-12-18,63,-3.9762,-14.9812
2013-09-12,2013-12-19,63,-4.356,-16.3183
2013-09-13,2013-12-20,63,-4.4341,-16.5911
2013-09-16,2013-12-23,63,-4.2571,-15.9717
2013-09-17,2013-12-24,63,-3.6266,-13.7361
2013-09-18,2013-12-25,63,-3.1566,-12.041
2013-09-23,2013-12-26,63,-4.2207,-15.8436
2013-09-24,2013-12-27,63,-3.1649,-12.071
2013-09-25,2013-12-30,63,-3.3161,-12.6192
2013-09-26,2014-01-02,63,-2.4835,-9.5702
2013-09-27,2014-01-03,63,-2.7223,-10.4526
2013-09-30,2014-01-06,63,-3.5995,-13.6392
2013-10-08,2014-01-07,63,-3.5508,-13.4645
2013-10-09,2014-01-08,63,-3.9182,-14.7756
2013-10-10,2014-01-09,63,-3.5363,-13.4123
2013-10-11,2014-01-10,63,-3.857,-14.5582
2013-10-14,2014-01-13,63,-3.3696,-12.8121
2013-10-15,2014-01-14,63,-2.8316,-10.8542
2013-10-16,2014-01-15,63,-3.0201,-11.5439
2013-10-17,2014-01-16,63,-2.6404,-10.1506
2013-10-18,2014-01-17,63,-3.7051,-14.0169
2013-10-21,2014-01-20,63,-3.9398,-14.852
2013-10-22,2014-01-21,63,-3.4766,-13.1979
2013-10-23,2014-01-22,63,-3.3246,-12.6499
2013-10-24,2014-01-23,63,-3.2932,-12.5364
2013-10-25,2014-01-24,63,-2.4747,-9.5375
2013-10-28,2014-01-27,63,-2.635,-10.1307
2013-10-29,2014-01-28,63,-3.0211,-11.5478
2013-10-30,2014-01-29,63,-3.0256,-11.5642
2013-10-31,2014-01-30,63,-2.6804,-10.2983
2013-11-01,2014-02-07,63,-2.4262,-9.3573
2013-11-04,2014-02-10,63,-1.4469,-5.663
2013-11-05,2014-02-11,63,-1.0477,-4.1255
2013-11-06,2014-02-12,63,-0.5261,-2.088
2013-11-07,2014-02-13,63,-0.7698,-3.0439
2013-11-08,2014-02-14,63,0.3319,1.3343
2013-11-11,2014-02-17,63,1.4556,5.9507
2013-11-12,2014-02-18,63,1.0831,4.4034
2013-11-13,2014-02-19,63,2.0977,8.6587
2013-11-14,2014-02-20,63,1.7469,7.1729
2013-11-15,2014-02-21,63,1.028,4.176
2013-11-18,2014-02-24,63,-0.0566,-0.2263
2013-11-19,2014-02-25,63,-0.1314,-0.5244
2013-11-20,2014-02-26,63,0.0529,0.2117
2013-11-21,2014-02-27,63,0.3888,1.5643
2013-11-22,2014-02-28,63,0.7305,2.9541
2013-11-25,2014-03-03,63,1.831,7.5276
2013-11-26,2014-03-04,63,1.1012,4.4782
2013-11-27,2014-03-05,63,0.7592,3.0714
2013-11-28,2014-03-06,63,0.6198,2.5024
2013-11-29,2014-03-07,63,0.7821,3.1651
2013-12-02,2014-03-10,63,-0.9096,-3.589
2013-12-03,2014-03-11,63,-0.3217,-1.2806
2013-12-04,2014-03-12,63,-0.0101,-0.0406
2013-12-05,2014-03-13,63,0.4405,1.7738
2013-12-06,2014-03-14,63,0.6607,2.6691
2013-12-09,2014-03-17,63,1.3144,5.3623
2013-12-10,2014-03-18,63,0.7376,2.9833
2013-12-11,2014-03-19,63,0.7969,3.2261
2013-12-12,2014-03-20,63,0.1785,0.716
2013-12-13,2014-03-21,63,1.4373,5.8745
2013-12-16,2014-03-24,63,1.6169,6.626
2013-12-17,2014-03-25,63,1.33,5.4269
2013-12-18,2014-03-26,63,1.6787,6.8856
2013-12-19,2014-03-27,63,1.5409,6.3075
2013-12-20,2014-03-28,63,2.3093,9.5623
2013-12-23,2014-03-31,63,2.0087,8.2801
2013-12-24,2014-04-01,63,2.257,9.3382
2013-12-25,2014-04-02,63,2.1548,8.9017
2013-12-26,2014-04-03,63,2.5378,10.5444
2013-12-27,2014-04-04,63,1.9686,8.11
2013-12-30,2014-04-08,63,3.0461,12.7523
2014-01-02,2014-04-09,63,2.6387,10.98
2014-01-03,2014-04-10,63,3.2042,13.446
2014-01-06,2014-04-11,63,3.8083,16.1257
2014-01-07,2014-04-14,63,4.1267,17.5568
2014-01-08,2014-04-15,63,3.737,15.8071
2014-01-09,2014-04-16,63,3.7889,16.0388
2014-01-10,2014-04-17,63,3.7707,15.9577
2014-01-13,2014-04-18,63,3.501,14.7568
2014-01-14,2014-04-21,63,2.468,10.2434
2014-01-15,2014-04-22,63,2.8646,11.9601
2014-01-16,2014-04-23,63,2.5292,10.5073
2014-01-17,2014-04-24,63,2.6857,11.1835
2014-01-20,2014-04-25,63,2.4,9.9513
2014-01-21,2014-04-28,63,2.0717,8.5478
2014-01-22,2014-04-29,63,1.831,7.5275
2014-01-23,2014-04-30,63,2.1426,8.85
2014-01-24,2014-05-05,63,1.8713,7.698
2014-01-27,2014-05-06,63,2.1185,8.7471
2014-01-28,2014-05-07,63,1.848,7.5993
2014-01-29,2014-05-08,63,1.2457,5.0767
2014-01-30,2014-05-09,63,1.266,5.1609
2014-02-07,2014-05-12,63,1.5554,6.3681
2014-02-10,2014-05-13,63,0.6683,2.7002
2014-02-11,2014-05-14,63,0.3103,1.2472
2014-02-12,2014-05-15,63,-0.12,-0.479
2014-02-13,2014-05-16,63,-0.189,-0.7539
2014-02-14,2014-05-19,63,-0.9362,-3.6924
2014-02-17,2014-05-20,63,-1.8047,-7.0256
2014-02-18,2014-05-21,63,-1.3152,-5.158
2014-02-19,2014-05-22,63,-1.5265,-5.9675
2014-02-20,2014-05-23,63,-1.2266,-4.8167
2014-02-21,2014-05-26,63,-0.8645,-3.4136
2014-02-24,2014-05-27,63,-0.97,-3.8237
2014-02-25,2014-05-28,63,-0.6301,-2.4966
2014-02-26,2014-05-29,63,-1.4442,-5.6528
2014-02-27,2014-05-30,63,-1.1062,-4.3518
2014-02-28,2014-06-03,63,-1.6202,-6.3249
2014-03-03,2014-06-04,63,-2.4441,-9.4239
2014-03-04,2014-06-05,63,-1.9782,-7.6809
2014-03-05,2014-06-06,63,-1.6552,-6.4583
2014-03-06,2014-06-09,63,-1.7405,-6.7823
2014-03-07,2014-06-10,63,-1.6242,-6.3402
2014-03-10,2014-06-11,63,-0.0712,-0.2845
2014-03-11,2014-06-12,63,-0.4797,-1.905
2014-03-12,2014-06-13,63,-0.4251,-1.6897
2014-03-13,2014-06-16,63,-0.6417,-2.5422
2014-03-14,2014-06-17,63,-1.0395,-4.0935
2014-03-17,2014-06-18,63,-1.8818,-7.3172
2014-03-18,2014-06-19,63,-1.8906,-7.3506
2014-03-19,2014-06-20,63,-0.8861,-3.4974
2014-03-20,2014-06-23,63,-0.0072,-0.0288
2014-03-21,2014-06-24,63,-0.5282,-2.0961
2014-03-24,2014-06-25,63,-0.7458,-2.9501
2014-03-25,2014-06-26,63,-0.3534,-1.4063
2014-03-26,2014-06-27,63,-0.2467,-0.9833
2014-03-27,2014-06-30,63,0.3682,1.481
2014-03-28,2014-07-01,63,0.8704,3.5274
2014-03-31,2014-07-02,63,1.2032,4.9004
2014-04-01,2014-07-03,63,1.1048,4.4932
2014-04-02,2014-07-04,63,0.7799,3.1561
2014-04-03,2014-07-07,63,0.6967,2.8159
2014-04-04,2014-07-08,63,0.856,3.4683
2014-04-08,2014-07-09,63,-0.162,-0.6466
2014-04-09,2014-07-10,63,-0.2609,-1.0396
2014-04-10,2014-07-11,63,-0.3412,-1.3576
2014-04-11,2014-07-14,63,-0.2906,-1.1574
2014-04-14,2014-07-15,63,-0.7308,-2.8912
2014-04-15,2014-07-16,63,-0.3259,-1.2971
2014-04-16,2014-07-17,63,-0.0929,-0.371
2014-04-17,2014-07-18,63,0.2983,1.1987
2014-04-18,2014-07-21,63,0.277,1.1125
2014-04-21,2014-07-22,63,1.2147,4.9479
2014-04-22,2014-07-23,63,1.0809,4.3941
2014-04-23,2014-07-24,63,1.4097,5.7593
2014-04-24,2014-07-25,63,1.6351,6.7027
2014-04-25,2014-07-28,63,2.6474,11.0177
2014-04-28,2014-07-29,63,3.1231,13.0898
2014-04-29,2014-07-30,63,2.7826,11.6037
2014-04-30,2014-07-31,63,2.8406,11.8559
2014-05-05,2014-08-01,63,2.0757,8.5648
2014-05-06,2014-08-04,63,2.567,10.6701
2014-05-07,2014-08-05,63,2.8809,12.0314
2014-05-08,2014-08-06,63,3.3078,13.9024
2014-05-09,2014-08-07,63,3.3605,14.1349
2014-05-12,2014-08-08,63,2.9455,12.313
2014-05-13,2014-08-11,63,3.1903,13.385
2014-05-14,2014-08-12,63,3.2738,13.7525
2014-05-15,2014-08-13,63,3.6539,15.4364
2014-05-16,2014-08-14,63,3.6877,15.5869
2014-05-19,2014-08-15,63,4.0846,17.3669
2014-05-20,2014-08-18,63,4.1941,17.8619
2014-05-21,2014-08-19,63,3.814,16.1513
2014-05-22,2014-08-20,63,3.6662,15.4911
2014-05-23,2014-08-21,63,2.9425,12.2999
2014-05-26,2014-08-22,63,2.8995,12.1122
2014-05-27,2014-08-25,63,2.8923,12.081
2014-05-28,2014-08-26,63,3.0647,12.8337
2014-05-29,2014-08-27,63,3.5086,14.7905
2014-05-30,2014-08-28,63,3.1817,13.3473
2014-06-03,2014-08-29,63,3.8639,16.3749
2014-06-04,2014-09-01,63,4.3961,18.7785
2014-06-05,2014-09-02,63,4.3088,18.3817
2014-06-06,2014-09-03,63,4.3155,18.412
2014-06-09,2014-09-04,63,4.6723,20.0401
2014-06-10,2014-09-05,63,4.4566,19.0538
2014-06-11,2014-09-09,63,4.114,17.4995
2014-06-12,2014-09-10,63,4.2079,17.9242
2014-06-13,2014-09-11,63,3.4178,14.3881
2014-06-16,2014-09-12,63,2.9271,12.2327
2014-06-17,2014-09-15,63,3.5663,15.0465
2014-06-18,2014-09-16,63,3.2533,13.6623
2014-06-19,2014-09-17,63,3.7235,15.7467
2014-06-20,2014-09-18,63,2.7947,11.6561
2014-06-23,2014-09-19,63,2.8728,11.9961
2014-06-24,2014-09-22,63,2.102,8.6768
2014-06-25,2014-09-23,63,2.5626,10.6513
2014-06-26,2014-09-24,63,2.9097,12.1569
2014-06-27,2014-09-25,63,2.4045,9.9703
2014-06-30,2014-09-26,63,2.6307,10.9453
2014-07-01,2014-09-29,63,2.509,10.4203
2014-07-02,2014-09-30,63,2.2484,9.3013
2014-07-03,2014-10-08,63,2.262,9.3595
2014-07-04,2014-10-09,63,2.634,10.9596
2014-07-07,2014-10-10,63,2.5922,10.7788
2014-07-08,2014-10-13,63,2.4038,9.9673
2014-07-09,2014-10-14,63,2.6349,10.9635
2014-07-10,2014-10-15,63,2.6649,11.0933
2014-07-11,2014-10-16,63,2.2967,9.508
2014-07-14,2014-10-17,63,1.9962,8.2272
2014-07-15,2014-10-20,63,2.3596,9.7779
2014-07-16,2014-10-21,63,2.5766,10.7115
2014-07-17,2014-10-22,63,2.3585,9.773
2014-07-18,2014-10-23,63,1.6808,6.8945
2014-07-21,2014-10-24,63,1.5749,6.45
2014-07-22,2014-10-27,63,1.0728,4.3606
2014-07-23,2014-10-28,63,1.6614,6.8129
2014-07-24,2014-10-29,63,2.0383,8.4059
2014-07-25,2014-10-30,63,1.6347,6.7007
2014-07-28,2014-10-31,63,0.6115,2.4687
2014-07-29,2014-11-03,63,0.2169,0.8704
2014-07-30,2014-11-04,63,0.5111,2.06
2014-07-31,2014-11-05,63,-0.3148,-1.2533
2014-08-01,2014-11-06,63,0.2847,1.1437
2014-08-04,2014-11-07,63,-0.4274,-1.6986
2014-08-05,2014-11-10,63,0.7931,3.2104
2014-08-06,2014-11-11,63,-0.0863,-0.3447
2014-08-07,2014-11-12,63,0.8334,3.3756
2014-08-08,2014-11-13,63,0.2763,1.11
2014-08-11,2014-11-14,63,-0.288,-1.147
2014-08-12,2014-11-17,63,0.4249,1.7106
2014-08-13,2014-11-18,63,0.2533,1.0172
2014-08-14,2014-11-19,63,0.3751,1.5089
2014-08-15,2014-11-20,63,-0.028,-0.1119
2014-08-18,2014-11-21,63,0.5635,2.2732
2014-08-19,2014-11-24,63,1.2839,5.2352
2014-08-20,2014-11-25,63,1.9953,8.2232
2014-08-21,2014-11-26,63,2.6991,11.2416
2014-08-22,2014-11-27,63,2.5799,10.7257
2014-08-25,2014-11-28,63,2.9957,12.5323
2014-08-26,2014-12-01,63,2.5281,10.5023
2014-08-27,2014-12-02,63,4.3298,18.4766
2014-08-28,2014-12-03,63,4.8471,20.8443
2014-08-29,2014-12-04,63,5.5572,24.1515
2014-09-01,2014-12-05,63,4.992,21.5137
2014-09-02,2014-12-08,63,5.3777,23.3091
2014-09-03,2014-12-09,63,4.4897,19.2048
2014-09-04,2014-12-10,63,6.1566,26.9956
2014-09-05,2014-12-11,63,6.0083,26.2872
2014-09-09,2014-12-12,63,6.1849,27.1309
2014-09-10,2014-12-15,63,6.5621,28.9472
2014-09-11,2014-12-16,63,6.8523,30.3575
2014-09-12,2014-12-17,63,7.1088,31.6135
2014-09-15,2014-12-18,63,7.1208,31.6723
2014-09-16,2014-12-19,63,8.5804,38.997
2014-09-17,2014-12-22,63,8.5501,38.842
2014-09-18,2014-12-23,63,7.2096,32.1098
2014-09-19,2014-12-24,63,6.4692,28.4979
2014-09-22,2014-12-25,63,8.1256,36.683
2014-09-23,2014-12-26,63,8.53,38.7392
2014-09-24,2014-12-29,63,7.9358,35.7259
2014-09-25,2014-12-30,63,7.7443,34.7651
2014-09-26,2015-01-05,63,9.475,43.635
2014-09-29,2015-01-06,63,9.7943,45.3179
2014-09-30,2015-01-07,63,9.7555,45.1127
2014-10-08,2015-01-08,63,8.7382,39.8071
2014-10-09,2015-01-09,63,8.3195,37.6658
2014-10-10,2015-01-12,63,8.1609,36.8613
2014-10-13,2015-01-13,63,8.4938,38.5541
2014-10-14,2015-01-14,63,8.4235,38.1954
2014-10-15,2015-01-15,63,9.1125,41.7418
2014-10-16,2015-01-16,63,10.1462,47.1899
2014-10-17,2015-01-19,63,8.2441,37.2832
2014-10-20,2015-01-20,63,8.6884,39.5511
2014-10-21,2015-01-21,63,10.4667,48.9108
2014-10-22,2015-01-22,63,10.6693,50.006
2014-10-23,2015-01-23,63,11.2712,53.2958
2014-10-24,2015-01-26,63,12.0231,57.4818
2014-10-27,2015-01-27,63,11.9577,57.1141
2014-10-28,2015-01-28,63,11.0474,52.0667
2014-10-29,2015-01-29,63,10.051,46.6818
2014-10-30,2015-01-30,63,9.4377,43.4391
2014-10-31,2015-02-02,63,9.3908,43.1935
2014-11-03,2015-02-03,63,10.12,47.0502
2014-11-04,2015-02-04,63,9.4712,43.6146
2014-11-05,2015-02-05,63,9.888,45.8145
2014-11-06,2015-02-06,63,8.872,40.4964
2014-11-07,2015-02-09,63,8.3603,37.8734
2014-11-10,2015-02-10,63,7.6537,34.3123
2014-11-11,2015-02-11,63,8.6049,39.1228
2014-11-12,2015-02-12,63,7.4419,33.2584
2014-11-13,2015-02-13,63,8.3537,37.8402
2014-11-14,2015-02-16,63,9.0121,41.2207
2014-11-17,2015-02-17,63,8.154,36.8266
2014-11-18,2015-02-25,63,7.9126,35.6092
2014-11-19,2015-02-26,63,8.6069,39.1329
2014-11-20,2015-02-27,63,8.926,40.7755
2014-11-21,2015-03-02,63,8.9348,40.8209
2014-11-24,2015-03-03,63,7.4836,33.4657
2014-11-25,2015-03-04,63,7.1467,31.8
2014-11-26,2015-03-05,63,6.6409,29.3288
2014-11-27,2015-03-06,63,6.4654,28.4797
2014-11-28,2015-03-09,63,6.3471,27.9095
2014-12-01,2015-03-10,63,6.711,29.6694
2014-12-02,2015-03-11,63,5.0454,21.761
2014-12-03,2015-03-12,63,5.2152,22.5503
2014-12-04,2015-03-13,63,4.2271,18.0112
2014-12-05,2015-03-16,63,5.1961,22.4611
2014-12-08,2015-03-17,63,4.9449,21.2959
2014-12-09,2015-03-18,63,6.253,27.4575
2014-12-10,2015-03-19,63,4.9555,21.3445
2014-12-11,2015-03-20,63,5.1834,22.4022
2014-12-12,2015-03-23,63,5.9906,26.2028
2014-12-15,2015-03-24,63,5.9784,26.1448
2014-12-16,2015-03-25,63,5.8845,25.6984
2014-12-17,2015-03-26,63,5.9602,26.0581
2014-12-18,2015-03-27,63,6.0549,26.5096
2014-12-19,2015-03-30,63,5.7508,25.0646
2014-12-22,2015-03-31,63,5.1626,22.3055
2014-12-23,2015-04-01,63,7.19,32.0129
2014-12-24,2015-04-02,63,8.803,40.1403
2014-12-25,2015-04-03,63,8.452,38.3406
2014-12-26,2015-04-07,63,8.953,40.9149
2014-12-29,2015-04-08,63,9.093,41.6406
2014-12-30,2015-04-09,63,9.0172,41.2471
2015-01-05,2015-04-10,63,7.7541,34.8141
2015-01-06,2015-04-13,63,8.2675,37.4016
2015-01-07,2015-04-14,63,8.1994,37.0563
2015-01-08,2015-04-15,63,8.1767,36.9412
2015-01-09,2015-04-16,63,9.2145,42.2723
2015-01-12,2015-04-17,63,9.9828,46.3186
2015-01-13,2015-04-20,63,9.0082,41.2006
2015-01-14,2015-04-21,63,9.5978,44.2803
2015-01-15,2015-04-22,63,9.9326,46.0515
2015-01-16,2015-04-23,63,8.7606,39.9223
2015-01-19,2015-04-24,63,10.5549,49.3867
2015-01-20,2015-04-27,63,10.1679,47.3059
2015-01-21,2015-04-28,63,8.4092,38.1224
2015-01-22,2015-04-29,63,8.8885,40.5817
2015-01-23,2015-04-30,63,8.7595,39.9163
2015-01-26,2015-05-04,63,8.4484,38.3222
2015-01-27,2015-05-05,63,7.2259,32.1902
2015-01-28,2015-05-06,63,6.8445,30.3194
2015-01-29,2015-05-07,63,6.2765,27.5701
2015-01-30,2015-05-08,63,8.5727,38.9578
2015-02-02,2015-05-11,63,9.846,45.5916
2015-02-03,2015-05-12,63,9.5734,44.152
2015-02-04,2015-05-13,63,10.2427,47.7063
2015-02-05,2015-05-14,63,11.2494,53.1758
2015-02-06,2015-05-15,63,11.3903,53.9534
2015-02-09,2015-05-18,63,12.1816,58.3749
2015-02-10,2015-05-19,63,12.4056,59.6438
2015-02-11,2015-05-20,63,12.3335,59.2346
2015-02-12,2015-05-21,63,13.5409,66.1915
2015-02-13,2015-05-22,63,13.6306,66.7172
2015-02-16,2015-05-25,63,14.2032,70.1036
2015-02-17,2015-05-26,63,14.56,72.239
2015-02-25,2015-05-27,63,15.0828,75.405
2015-02-26,2015-05-28,63,12.4857,60.0992
2015-02-27,2015-05-29,63,12.4704,60.0123
2015-03-02,2015-06-01,63,13.5141,66.0349
2015-03-03,2015-06-02,63,15.0659,75.302
2015-03-04,2015-06-03,63,14.9061,74.3303
2015-03-05,2015-06-04,63,15.2893,76.6675
2015-03-06,2015-06-05,63,15.9243,80.5915
2015-03-09,2015-06-08,63,16.3732,83.4053
2015-03-10,2015-06-09,63,16.5315,84.4056
2015-03-11,2015-06-10,63,16.4689,84.0092
2015-03-12,2015-06-11,63,16.348,83.2463
2015-03-13,2015-06-12,63,16.6851,85.3793
2015-03-16,2015-06-15,63,15.6115,78.6507
2015-03-17,2015-06-16,63,14.0063,68.9331
2015-03-18,2015-06-17,63,14.0613,69.2593
2015-03-19,2015-06-18,63,12.8957,62.4461
2015-03-20,2015-06-19,63,11.0493,52.077
2015-03-23,2015-06-23,63,10.14,47.1568
2015-03-24,2015-06-24,63,10.4087,48.5978
2015-03-25,2015-06-25,63,9.5544,44.0521
2015-03-26,2015-06-26,63,7.1419,31.7765
2015-03-27,2015-06-29,63,6.4438,28.3755
2015-03-30,2015-06-30,63,7.0329,31.2408
2015-03-31,2015-07-01,63,6.202,27.2126
2015-04-01,2015-07-02,63,1.9947,8.2207
2015-04-02,2015-07-03,63,-0.6275,-2.4863
2015-04-03,2015-07-06,63,-0.7483,-2.9596
2015-04-07,2015-07-07,63,-2.4715,-9.5254
2015-04-08,2015-07-08,63,-4.2901,-16.0875
2015-04-09,2015-07-09,63,-1.9779,-7.68
2015-04-10,2015-07-10,63,-1.2474,-4.8971
2015-04-13,2015-07-13,63,-0.9796,-3.8613
2015-04-14,2015-07-14,63,-1.3024,-5.1086
2015-04-15,2015-07-15,63,-1.8582,-7.2282
2015-04-16,2015-07-16,63,-2.5832,-9.9393
2015-04-17,2015-07-17,63,-1.808,-7.0382
2015-04-20,2015-07-20,63,-1.9341,-7.5149
2015-04-21,2015-07-21,63,-2.1671,-8.3908
2015-04-22,2015-07-22,63,-3.1266,-11.9322
2015-04-23,2015-07-23,63,-2.2668,-8.7636
2015-04-24,2015-07-24,63,-2.8022,-10.7465
2015-04-27,2015-07-27,63,-4.4508,-16.6495
2015-04-28,2015-07-28,63,-4.8609,-18.0711
2015-04-29,2015-07-29,63,-4.2481,-15.9398
2015-04-30,2015-07-30,63,-5.0561,-18.7418
2015-05-04,2015-07-31,63,-5.1621,-19.1038
2015-05-05,2015-08-03,63,-3.7944,-14.3355
2015-05-06,2015-08-04,63,-2.8165,-10.7989
2015-05-07,2015-08-05,63,-2.4391,-9.4053
2015-05-08,2015-08-06,63,-3.3635,-12.7903
2015-05-11,2015-08-07,63,-3.4378,-13.0581
2015-05-12,2015-08-10,63,-2.6522,-10.1942
2015-05-13,2015-08-11,63,-2.2037,-8.5275
2015-05-14,2015-08-12,63,-2.122,-8.2215
2015-05-15,2015-08-13,63,-1.2967,-5.0869
2015-05-18,2015-08-14,63,-1.6853,-6.5727
2015-05-19,2015-08-17,63,-1.9245,-7.4785
2015-05-20,2015-08-18,63,-3.6964,-13.9858
2015-05-21,2015-08-19,63,-3.9948,-15.0471
2015-05-22,2015-08-20,63,-4.8653,-18.0865
2015-05-25,2015-08-21,63,-6.1426,-22.3977
2015-05-26,2015-08-24,63,-8.0615,-28.5521
2015-05-27,2015-08-25,63,-9.4007,-32.6248
2015-05-28,2015-08-26,63,-8.8981,-31.1175
2015-05-29,2015-08-27,63,-8.3199,-29.352
2015-06-01,2015-08-28,63,-7.5659,-26.9989
2015-06-02,2015-08-31,63,-8.5503,-30.0593
2015-06-03,2015-09-01,63,-9.1741,-31.9485
2015-06-04,2015-09-02,63,-9.0682,-31.6303
2015-06-05,2015-09-07,63,-10.1053,-34.6966
2015-06-08,2015-09-08,63,-9.5573,-33.0896
2015-06-09,2015-09-09,63,-8.9409,-31.2468
2015-06-10,2015-09-10,63,-9.7385,-33.6241
2015-06-11,2015-09-11,63,-9.8028,-33.8132
2015-06-12,2015-09-14,63,-11.7195,-39.2621
2015-06-15,2015-09-15,63,-12.0122,-40.0637
2015-06-16,2015-09-16,63,-10.1117,-34.7151
2015-06-17,2015-09-17,63,-10.5771,-36.0567
2015-06-18,2015-09-18,63,-10.0591,-34.5622
2015-06-19,2015-09-21,63,-8.6534,-30.3743
2015-06-23,2015-09-22,63,-8.526,-29.985
2015-06-24,2015-09-23,63,-8.995,-31.4101
2015-06-25,2015-09-24,63,-8.2679,-29.1914
2015-06-26,2015-09-25,63,-6.9291,-24.9664
2015-06-29,2015-09-28,63,-6.4592,-23.4395
2015-06-30,2015-09-29,63,-7.8285,-27.8251
2015-07-01,2015-09-30,63,-6.7986,-24.5448
2015-07-02,2015-10-08,63,-4.5474,-16.986
2015-07-03,2015-10-09,63,-2.9712,-11.3655
2015-07-06,2015-10-12,63,-2.074,-8.0414
2015-07-07,2015-10-13,63,-1.4263,-5.5842
2015-07-08,2015-10-14,63,0.3581,1.4403
2015-07-09,2015-10-15,63,-0.7579,-2.9974
2015-07-10,2015-10-16,63,-1.7208,-6.7076
2015-07-13,2015-10-19,63,-2.5548,-9.8343
2015-07-14,2015-10-20,63,-1.9137,-7.438
2015-07-15,2015-10-21,63,-1.9059,-7.4082
2015-07-16,2015-10-22,63,-1.4931,-5.84
2015-07-17,2015-10-23,63,-1.7664,-6.8805
2015-07-20,2015-10-26,63,-1.3188,-5.1716
2015-07-21,2015-10-27,63,-1.1224,-4.4144
2015-07-22,2015-10-28,63,-1.107,-4.3549
2015-07-23,2015-10-29,63,-1.8639,-7.2498
2015-07-24,2015-10-30,63,-1.6654,-6.4971
2015-07-27,2015-11-02,63,-0.8393,-3.3151
2015-07-28,2015-11-03,63,-0.5581,-2.2137
2015-07-29,2015-11-04,63,-0.8935,-3.5262
2015-07-30,2015-11-05,63,0.2227,0.8936
2015-07-31,2015-11-06,63,0.83,3.3614
2015-08-03,2015-11-09,63,0.2571,1.0324
2015-08-04,2015-11-10,63,-0.3029,-1.206
2015-08-05,2015-11-11,63,0.3721,1.4966
2015-08-06,2015-11-12,63,0.2957,1.188
2015-08-07,2015-11-13,63,-0.8726,-3.4448
2015-08-10,2015-11-16,63,-1.2695,-4.9821
2015-08-11,2015-11-17,63,-2.3593,-9.1086
2015-08-12,2015-11-18,63,-3.3913,-12.8906
2015-08-13,2015-11-19,63,-3.2971,-12.5504
2015-08-14,2015-11-20,63,-2.7747,-10.6452
2015-08-17,2015-11-23,63,-3.4436,-13.0791
2015-08-18,2015-11-24,63,-1.5562,-6.0809
2015-08-19,2015-11-25,63,-1.5256,-5.9642
2015-08-20,2015-11-26,63,-1.2634,-4.9587
2015-08-21,2015-11-27,63,-1.6356,-6.3837
2015-08-24,2015-11-30,63,0.7239,2.9273
2015-08-25,2015-12-01,63,3.8007,16.0919
2015-08-26,2015-12-02,63,4.8562,20.8859
2015-08-27,2015-12-03,63,3.6727,15.5199
2015-08-28,2015-12-04,63,1.8422,7.5749
2015-08-31,2015-12-07,63,3.0294,12.6793
2015-09-01,2015-12-08,63,2.8484,11.8898
2015-09-02,2015-12-09,63,3.0825,12.9121
2015-09-07,2015-12-10,63,3.9674,16.8393
2015-09-08,2015-12-11,63,2.8119,11.7308
2015-09-09,2015-12-14,63,2.8229,11.7788
2015-09-10,2015-12-15,63,3.3472,14.076
2015-09-11,2015-12-16,63,3.289,13.8195
2015-09-14,2015-12-17,63,5.3381,23.1237
2015-09-15,2015-12-18,63,6.6459,29.3533
2015-09-16,2015-12-21,63,5.9617,26.0655
2015-09-17,2015-12-22,63,6.7393,29.807
2015-09-18,2015-12-23,63,6.1595,27.0091
2015-09-21,2015-12-24,63,4.8704,20.9518
2015-09-22,2015-12-25,63,4.9599,21.3651
2015-09-23,2015-12-28,63,4.7917,20.589
2015-09-24,2015-12-29,63,4.645,19.9152
2015-09-25,2015-12-30,63,5.0816,21.9291
2015-09-28,2016-01-04,63,2.5532,10.6108
2015-09-29,2016-01-05,63,3.626,15.3123
2015-09-30,2016-01-06,63,4.4606,19.0722
2015-10-08,2016-01-07,63,1.7155,7.0405
2015-10-09,2016-01-08,63,2.1112,8.7158
2015-10-12,2016-01-11,63,-0.5652,-2.2415
2015-10-13,2016-01-12,63,-0.7746,-3.0626
2015-10-14,2016-01-13,63,-1.4683,-5.745
2015-10-15,2016-01-14,63,-1.5864,-6.1961
2015-10-16,2016-01-15,63,-2.9317,-11.221
2015-10-19,2016-01-18,63,-2.8887,-11.0638
2015-10-20,2016-01-19,63,-2.4349,-9.3897
2015-10-21,2016-01-20,63,-1.5337,-5.9952
2015-10-22,2016-01-21,63,-2.34,-9.0366
2015-10-23,2016-01-22,63,-2.7916,-10.7073
2015-10-26,2016-01-25,63,-2.4982,-9.6244
2015-10-27,2016-01-26,63,-3.6685,-13.8861
2015-10-28,2016-01-27,63,-3.5338,-13.4035
2015-10-29,2016-01-28,63,-3.9421,-14.8603
2015-10-30,2016-01-29,63,-2.9635,-11.3374
2015-11-02,2016-02-01,63,-2.5092,-9.6655
2015-11-03,2016-02-02,63,-1.7758,-6.9162
2015-11-04,2016-02-03,63,-2.3412,-9.0409
2015-11-05,2016-02-04,63,-1.9322,-7.5078
2015-11-06,2016-02-05,63,-2.223,-8.5998
2015-11-09,2016-02-15,63,-1.1188,-4.4007
2015-11-10,2016-02-16,63,-0.9043,-3.5685
2015-11-11,2016-02-17,63,-0.8851,-3.4939
2015-11-12,2016-02-18,63,-0.6345,-2.514
2015-11-13,2016-02-19,63,0.0537,0.2148
2015-11-16,2016-02-22,63,-0.3743,-1.489
2015-11-17,2016-02-23,63,0.0308,0.1233
2015-11-18,2016-02-24,63,0.8475,3.4335
2015-11-19,2016-02-25,63,-0.6604,-2.6157
2015-11-20,2016-02-26,63,-0.7376,-2.9178
2015-11-23,2016-02-29,63,-1.1176,-4.3959
2015-11-24,2016-03-01,63,-0.4087,-1.6249
2015-11-25,2016-03-02,63,-0.3968,-1.578
2015-11-26,2016-03-03,63,0.1572,0.6301
2015-11-27,2016-03-04,63,1.7876,7.3444
2015-11-30,2016-03-07,63,2.2822,9.446
2015-12-01,2016-03-08,63,1.6786,6.8852
2015-12-02,2016-03-09,63,0.857,3.4723
2015-12-03,2016-03-10,63,0.4399,1.7711
2015-12-04,2016-03-11,63,0.9119,3.6979
2015-12-07,2016-03-14,63,0.0925,0.3706
2015-12-08,2016-03-15,63,0.3495,1.4053
2015-12-09,2016-03-16,63,0.3486,1.4019
2015-12-10,2016-03-17,63,1.1545,4.6988
2015-12-11,2016-03-18,63,1.6781,6.8834
2015-12-14,2016-03-21,63,1.0039,4.0764
2015-12-15,2016-03-22,63,1.391,5.6811
2015-12-16,2016-03-23,63,1.0304,4.1857
2015-12-17,2016-03-24,63,-0.1762,-0.7029
2015-12-18,2016-03-25,63,0.3184,1.2795
2015-12-21,2016-03-28,63,-0.8252,-3.2602
2015-12-22,2016-03-29,63,-1.2599,-4.9453
2015-12-23,2016-03-30,63,-0.3045,-1.2124
2015-12-24,2016-03-31,63,-0.3179,-1.2657
2015-12-25,2016-04-01,63,-0.3327,-1.324
2015-12-28,2016-04-05,63,0.5131,2.0681
2015-12-29,2016-04-06,63,0.2895,1.1629
2015-12-30,2016-04-07,63,-0.0812,-0.3245
2016-01-04,2016-04-08,63,1.7876,7.3443
2016-01-05,2016-04-11,63,2.0784,8.5764
2016-01-06,2016-04-12,63,1.4172,5.7905
2016-01-07,2016-04-13,63,2.6957,11.2267
2016-01-08,2016-04-14,63,1.893,7.7896
2016-01-11,2016-04-15,63,3.1468,13.1938
2016-01-12,2016-04-18,63,3.2281,13.5512
2016-01-13,2016-04-19,63,4.3337,18.4945
2016-01-14,2016-04-20,63,3.0911,12.9498
2016-01-15,2016-04-21,63,4.4414,18.9846
2016-01-18,2016-04-22,63,4.0296,17.1191
2016-01-19,2016-04-25,63,3.084,12.9186
2016-01-20,2016-04-26,63,3.3949,14.2867
2016-01-21,2016-04-27,63,4.1095,17.4792
2016-01-22,2016-04-28,63,3.9938,16.9579
2016-01-25,2016-04-29,63,4.1483,17.6547
2016-01-26,2016-05-03,63,6.4883,28.5902
2016-01-27,2016-05-04,63,6.4027,28.1772
2016-01-28,2016-05-05,63,7.1829,31.978
2016-01-29,2016-05-06,63,5.6957,24.8041
2016-02-01,2016-05-09,63,5.1111,22.0658
2016-02-02,2016-05-10,63,4.3081,18.3783
2016-02-03,2016-05-11,63,4.59,19.6634
2016-02-04,2016-05-12,63,3.9521,16.7705
2016-02-05,2016-05-13,63,3.967,16.8374
2016-02-15,2016-05-16,63,3.3956,14.2898
2016-02-16,2016-05-17,63,2.6395,10.9835
2016-02-17,2016-05-18,63,1.8451,7.5873
2016-02-18,2016-05-19,63,1.4246,5.8212
2016-02-19,2016-05-20,63,1.2104,4.9304
2016-02-22,2016-05-23,63,0.8961,3.6327
2016-02-23,2016-05-24,63,0.6752,2.7282
2016-02-24,2016-05-25,63,-0.0795,-0.3176
2016-02-25,2016-05-26,63,1.402,5.7269
2016-02-26,2016-05-27,63,1.0486,4.2608
2016-02-29,2016-05-30,63,1.6709,6.8531
2016-03-01,2016-05-31,63,1.7865,7.34
2016-03-02,2016-06-01,63,0.9523,3.8641
2016-03-03,2016-06-02,63,0.8009,3.2424
2016-03-04,2016-06-03,63,0.4508,1.8155
2016-03-07,2016-06-06,63,0.7182,2.9039
2016-03-08,2016-06-07,63,0.6312,2.5489
2016-03-09,2016-06-08,63,1.2494,5.0921
2016-03-10,2016-06-13,63,1.8152,7.4608
2016-03-11,2016-06-14,63,1.4328,5.8554
2016-03-14,2016-06-15,63,1.8407,7.5684
2016-03-15,2016-06-16,63,2.5969,10.7993
2016-03-16,2016-06-17,63,1.9088,7.8566
2016-03-17,2016-06-20,63,1.2765,5.2047
2016-03-18,2016-06-21,63,0.7654,3.0969
2016-03-21,2016-06-22,63,0.6072,2.4511
2016-03-22,2016-06-23,63,0.3907,1.5721
2016-03-23,2016-06-24,63,1.5818,6.479
2016-03-24,2016-06-27,63,2.8304,11.8113
2016-03-25,2016-06-28,63,2.5478,10.5872
2016-03-28,2016-06-29,63,2.9211,12.2064
2016-03-29,2016-06-30,63,2.9872,12.4951
2016-03-30,2016-07-01,63,2.5273,10.4991
2016-03-31,2016-07-04,63,3.6193,15.2822
2016-04-01,2016-07-05,63,3.3842,14.2397
2016-04-05,2016-07-06,63,3.7792,15.9956
2016-04-06,2016-07-07,63,3.4882,14.6999
2016-04-07,2016-07-08,63,3.413,14.367
2016-04-08,2016-07-11,63,3.6959,15.6235
2016-04-11,2016-07-12,63,3.4695,14.617
2016-04-12,2016-07-13,63,3.2456,13.6284
2016-04-13,2016-07-14,63,2.7597,11.504
2016-04-14,2016-07-15,63,3.007,12.5816
2016-04-15,2016-07-18,63,3.0974,12.9771
2016-04-18,2016-07-19,63,3.2637,13.7079
2016-04-19,2016-07-20,63,2.7457,11.4437
2016-04-20,2016-07-21,63,3.0935,12.9602
2016-04-21,2016-07-22,63,2.7489,11.4573
2016-04-22,2016-07-25,63,2.9263,12.2293
2016-04-25,2016-07-26,63,3.4913,14.7138
2016-04-26,2016-07-27,63,3.0272,12.67
2016-04-27,2016-07-28,63,3.5127,14.8088
2016-04-28,2016-07-29,63,3.2675,13.7245
2016-04-29,2016-08-01,63,2.8555,11.9208
2016-05-03,2016-08-02,63,2.1426,8.8498
2016-05-04,2016-08-03,63,2.5009,10.385
2016-05-05,2016-08-04,63,2.319,9.6039
2016-05-06,2016-08-05,63,3.3305,14.0025
2016-05-09,2016-08-08,63,3.7391,15.8164
2016-05-10,2016-08-09,63,4.0453,17.1899
2016-05-11,2016-08-10,63,4.0209,17.0801
2016-05-12,2016-08-11,63,3.7391,15.8163
2016-05-13,2016-08-12,63,4.0799,17.3456
2016-05-16,2016-08-15,63,4.3321,18.4875
2016-05-17,2016-08-16,63,4.6506,19.9406
2016-05-18,2016-08-17,63,4.8878,21.0321
2016-05-19,2016-08-18,63,5.4357,23.5805
2016-05-20,2016-08-19,63,5.3475,23.1679
2016-05-23,2016-08-22,63,4.863,20.9177
2016-05-24,2016-08-23,63,5.3517,23.1874
2016-05-25,2016-08-24,63,5.6809,24.7341
2016-05-26,2016-08-25,63,5.1259,22.1346
2016-05-27,2016-08-26,63,5.1353,22.1783
2016-05-30,2016-08-29,63,5.3624,23.2375
2016-05-31,2016-08-30,63,4.4669,19.101
2016-06-01,2016-08-31,63,4.4345,18.953
2016-06-02,2016-09-01,63,4.0478,17.201
2016-06-03,2016-09-02,63,4.1249,17.549
2016-06-06,2016-09-05,63,3.9683,16.8433
2016-06-07,2016-09-06,63,4.2262,18.0068
2016-06-08,2016-09-07,63,4.6246,19.8218
2016-06-13,2016-09-08,63,4.6512,19.9438
2016-06-14,2016-09-09,63,4.263,18.1737
2016-06-15,2016-09-12,63,3.0986,12.9825
2016-06-16,2016-09-13,63,2.8426,11.8645
2016-06-17,2016-09-14,63,2.8736,11.9996
2016-06-20,2016-09-19,63,2.9477,12.3225
2016-06-21,2016-09-20,63,3.13,13.12
2016-06-22,2016-09-21,63,3.3202,13.9572
2016-06-23,2016-09-22,63,3.9494,16.7585
2016-06-24,2016-09-23,63,3.0587,12.8077
2016-06-27,2016-09-26,63,2.0649,8.519
2016-06-28,2016-09-27,63,2.161,8.9284
2016-06-29,2016-09-28,63,1.7541,7.2031
2016-06-30,2016-09-29,63,1.8957,7.8013
2016-07-01,2016-09-30,63,1.6246,6.6586
2016-07-04,2016-10-10,63,0.1909,0.7657
2016-07-05,2016-10-11,63,0.3216,1.2926
2016-07-06,2016-10-12,63,-0.3423,-1.3621
2016-07-07,2016-10-13,63,0.0155,0.0621
2016-07-08,2016-10-14,63,0.3864,1.5546
2016-07-11,2016-10-17,63,-0.0353,-0.141
2016-07-12,2016-10-18,63,-0.0435,-0.1738
2016-07-13,2016-10-19,63,0.0572,0.2292
2016-07-14,2016-10-20,63,0.5372,2.1662
2016-07-15,2016-10-21,63,0.5208,2.0995
2016-07-18,2016-10-24,63,0.868,3.5173
2016-07-19,2016-10-25,63,1.141,4.6429
2016-07-20,2016-10-26,63,1.2491,5.0907
2016-07-21,2016-10-27,63,1.2316,5.0182
2016-07-22,2016-10-28,63,1.2445,5.0718
2016-07-25,2016-10-31,63,1.387,5.6644
2016-07-26,2016-11-01,63,1.2253,4.9921
2016-07-27,2016-11-02,63,1.6173,6.6277
2016-07-28,2016-11-03,63,1.1661,4.7466
2016-07-29,2016-11-04,63,1.1356,4.6205
2016-08-01,2016-11-07,63,1.19,4.8455
2016-08-02,2016-11-08,63,1.0388,4.2203
2016-08-03,2016-11-09,63,1.6041,6.5726
2016-08-04,2016-11-10,63,1.6583,6.8001
2016-08-05,2016-11-11,63,1.0927,4.4431
2016-08-08,2016-11-14,63,0.5857,2.3635
2016-08-09,2016-11-15,63,0.7158,2.8942
2016-08-10,2016-11-16,63,0.5741,2.3161
2016-08-11,2016-11-17,63,0.9541,3.8715
2016-08-12,2016-11-18,63,0.1391,0.5574
2016-08-15,2016-11-21,63,-0.0634,-0.2533
2016-08-16,2016-11-22,63,0.156,0.6253
2016-08-17,2016-11-23,63,0.3966,1.596
2016-08-18,2016-11-24,63,0.2107,0.8456
2016-08-19,2016-11-25,63,0.2104,0.8443
2016-08-22,2016-11-28,63,0.9467,3.8408
2016-08-23,2016-11-29,63,0.9023,3.6584
2016-08-24,2016-11-30,63,0.5283,2.1301
2016-08-25,2016-12-01,63,0.9871,4.0071
2016-08-26,2016-12-02,63,0.7146,2.8893
2016-08-29,2016-12-05,63,0.3681,1.4807
2016-08-30,2016-12-06,63,0.1638,0.6569
2016-08-31,2016-12-07,63,0.2426,0.9739
2016-09-01,2016-12-08,63,0.6957,2.8119
2016-09-02,2016-12-09,63,0.8096,3.2781
2016-09-05,2016-12-12,63,-0.3727,-1.4826
2016-09-06,2016-12-13,63,-0.6301,-2.4966
2016-09-07,2016-12-14,63,-1.0313,-4.0617
2016-09-08,2016-12-15,63,-1.5436,-6.0329
2016-09-09,2016-12-16,63,-1.2634,-4.9585
2016-09-12,2016-12-19,63,-0.6121,-2.426
2016-09-13,2016-12-20,63,-0.9328,-3.6793
2016-09-14,2016-12-21,63,-0.3437,-1.3677
2016-09-19,2016-12-22,63,-0.5784,-2.2937
2016-09-20,2016-12-23,63,-0.8824,-3.4832
2016-09-21,2016-12-26,63,-0.7639,-3.0209
2016-09-22,2016-12-27,63,-1.0569,-4.1612
2016-09-23,2016-12-28,63,-0.9721,-3.8321
2016-09-26,2016-12-29,63,-0.481,-1.9103
2016-09-27,2016-12-30,63,-0.2574,-1.0258
2016-09-28,2017-01-03,63,0.0931,0.3728
2016-09-29,2017-01-04,63,0.2339,0.9388
2016-09-30,2017-01-05,63,0.064,0.2564
2016-10-10,2017-01-06,63,0.5297,2.1356
2016-10-11,2017-01-09,63,0.6997,2.8283
2016-10-12,2017-01-10,63,0.9016,3.6556
2016-10-13,2017-01-11,63,0.5844,2.3581
2016-10-14,2017-01-12,63,0.5348,2.1563
2016-10-17,2017-01-13,63,0.6206,2.5058
2016-10-18,2017-01-16,63,0.3195,1.2841
2016-10-19,2017-01-17,63,0.5698,2.2988
2016-10-20,2017-01-18,63,0.4098,1.6493
2016-10-21,2017-01-19,63,0.0602,0.2409
2016-10-24,2017-01-20,63,0.0326,0.1305
2016-10-25,2017-01-23,63,0.0143,0.0571
2016-10-26,2017-01-24,63,0.1325,0.5309
2016-10-27,2017-01-25,63,0.0319,0.1277
2016-10-28,2017-01-26,63,0.0225,0.09
2016-10-31,2017-02-03,63,0.1165,0.4667
2016-11-01,2017-02-06,63,0.2191,0.8792
2016-11-02,2017-02-07,63,0.447,1.7999
2016-11-03,2017-02-08,63,0.3145,1.2639
2016-11-04,2017-02-09,63,0.7603,3.0761
2016-11-07,2017-02-10,63,0.6472,2.6142
2016-11-08,2017-02-13,63,0.8707,3.5284
2016-11-09,2017-02-14,63,0.0477,0.191
2016-11-10,2017-02-15,63,0.057,0.2283
2016-11-11,2017-02-16,63,0.5735,2.3138
2016-11-14,2017-02-17,63,1.2653,5.1582
2016-11-15,2017-02-20,63,1.3719,5.6015
2016-11-16,2017-02-21,63,1.3911,5.6814
2016-11-17,2017-02-22,63,1.4435,5.9001
2016-11-18,2017-02-23,63,1.7107,7.0206
2016-11-21,2017-02-24,63,1.5969,6.5424
2016-11-22,2017-02-27,63,1.2322,5.0208
2016-11-23,2017-02-28,63,1.1355,4.62
2016-11-24,2017-03-01,63,1.0908,4.4352
2016-11-25,2017-03-02,63,0.9862,4.0036
2016-11-28,2017-03-03,63,0.4471,1.8004
2016-11-29,2017-03-06,63,0.5762,2.325
2016-11-30,2017-03-07,63,0.9362,3.7979
2016-12-01,2017-03-08,63,0.6256,2.5259
2016-12-02,2017-03-09,63,0.5981,2.4139
2016-12-05,2017-03-10,63,0.8149,3.2995
2016-12-06,2017-03-13,63,1.3947,5.6967
2016-12-07,2017-03-14,63,1.1841,4.8211
2016-12-08,2017-03-15,63,1.1045,4.4916
2016-12-09,2017-03-16,63,1.4391,5.8818
2016-12-12,2017-03-17,63,1.9216,7.9106
2016-12-13,2017-03-20,63,2.1929,9.0644
2016-12-14,2017-03-21,63,2.4,9.9512
2016-12-15,2017-03-22,63,3.0229,12.6511
2016-12-16,2017-03-23,63,3.1613,13.2575
2016-12-19,2017-03-24,63,3.2219,13.5241
2016-12-20,2017-03-27,63,3.7263,15.7592
2016-12-21,2017-03-28,63,3.3455,14.0686
2016-12-22,2017-03-29,63,3.3571,14.1198
2016-12-23,2017-03-30,63,3.4332,14.4564
2016-12-26,2017-03-31,63,3.254,13.665
2016-12-27,2017-04-05,63,3.7114,15.6928
2016-12-28,2017-04-06,63,3.8071,16.1202
2016-12-29,2017-04-07,63,3.9602,16.8067
2016-12-30,2017-04-10,63,3.4519,14.5389
2017-01-03,2017-04-11,63,3.4866,14.6928
2017-01-04,2017-04-12,63,3.6113,15.2468
2017-01-05,2017-04-13,63,3.9567,16.7909
2017-01-06,2017-04-14,63,3.8665,16.3865
2017-01-09,2017-04-17,63,3.446,14.5128
2017-01-10,2017-04-18,63,3.2151,13.4941
2017-01-11,2017-04-19,63,3.2668,13.7218
2017-01-12,2017-04-20,63,3.4892,14.7044
2017-01-13,2017-04-21,63,3.5687,15.0571
2017-01-16,2017-04-24,63,2.8682,11.9758
2017-01-17,2017-04-25,63,2.7799,11.5919
2017-01-18,2017-04-26,63,2.612,10.8645
2017-01-19,2017-04-27,63,2.9154,12.1816
2017-01-20,2017-04-28,63,2.4866,10.3234
2017-01-23,2017-05-02,63,2.2596,9.3495
2017-01-24,2017-05-03,63,1.9829,8.1708
2017-01-25,2017-05-04,63,1.8587,7.6446
2017-01-26,2017-05-05,63,1.7881,7.3466
2017-02-03,2017-05-08,63,1.3266,5.413
2017-02-06,2017-05-09,63,0.9847,3.9976
2017-02-07,2017-05-10,63,0.369,1.4843
2017-02-08,2017-05-11,63,0.4201,1.6912
2017-02-09,2017-05-12,63,0.4382,1.7643
2017-02-10,2017-05-15,63,0.8251,3.3413
2017-02-13,2017-05-16,63,0.8776,3.5568
2017-02-14,2017-05-17,63,0.9793,3.9752
2017-02-15,2017-05-18,63,1.1847,4.8238
2017-02-16,2017-05-19,63,0.9601,3.8961
2017-02-17,2017-05-22,63,1.0177,4.1334
2017-02-20,2017-05-23,63,0.8721,3.5345
2017-02-21,2017-05-24,63,0.5134,2.0693
2017-02-22,2017-05-25,63,0.8672,3.5143
2017-02-23,2017-05-26,63,0.9838,3.9936
2017-02-24,2017-05-31,63,0.6012,2.4265
2017-02-27,2017-06-01,63,0.7217,2.9182
2017-02-28,2017-06-02,63,0.651,2.6296
2017-03-01,2017-06-05,63,1.0165,4.1284
2017-03-02,2017-06-06,63,1.4039,5.7349
2017-03-03,2017-06-07,63,1.954,8.0483
2017-03-06,2017-06-08,63,1.9771,8.1459
2017-03-07,2017-06-09,63,1.8279,7.5146
2017-03-08,2017-06-12,63,2.0033,8.2571
2017-03-09,2017-06-13,63,2.4278,10.0707
2017-03-10,2017-06-14,63,2.2882,9.4716
2017-03-13,2017-06-15,63,1.5013,6.1419
2017-03-14,2017-06-16,63,1.4182,5.7947
2017-03-15,2017-06-19,63,1.4504,5.929
2017-03-16,2017-06-20,63,0.8391,3.3989
2017-03-17,2017-06-21,63,1.41,5.7604
2017-03-20,2017-06-22,63,1.3106,5.3464
2017-03-21,2017-06-23,63,1.4224,5.812
2017-03-22,2017-06-26,63,1.6523,6.7747
2017-03-23,2017-06-27,63,1.5496,6.3438
2017-03-24,2017-06-28,63,1.1895,4.8434
2017-03-27,2017-06-29,63,1.0322,4.1933
2017-03-28,2017-06-30,63,0.9675,3.9267
2017-03-29,2017-07-03,63,0.9324,3.782
2017-03-30,2017-07-04,63,0.7251,2.9322
2017-03-31,2017-07-05,63,0.8565,3.4702
2017-04-05,2017-07-06,63,0.3265,1.3123
2017-04-06,2017-07-07,63,0.1756,0.7044
2017-04-07,2017-07-10,63,-0.4243,-1.6864
2017-04-10,2017-07-11,63,-0.0812,-0.3245
2017-04-11,2017-07-12,63,-0.2485,-0.9904
2017-04-12,2017-07-13,63,-0.3888,-1.5461
2017-04-13,2017-07-14,63,-0.5959,-2.3624
2017-04-14,2017-07-17,63,-0.445,-1.768
2017-04-17,2017-07-18,63,-0.2123,-0.8467
2017-04-18,2017-07-19,63,0.2876,1.1554
2017-04-19,2017-07-20,63,0.6417,2.5915
2017-04-20,2017-07-21,63,0.6691,2.7035
2017-04-21,2017-07-24,63,0.8937,3.6229
2017-04-24,2017-07-25,63,1.2936,5.2757
2017-04-25,2017-07-26,63,0.8229,3.3325
2017-04-26,2017-07-27,63,1.1788,4.7992
2017-04-27,2017-07-28,63,1.2716,5.1843
2017-04-28,2017-07-31,63,1.5848,6.4914
2017-05-02,2017-08-01,63,1.8194,7.4787
2017-05-03,2017-08-02,63,1.9119,7.8699
2017-05-04,2017-08-03,63,1.9355,7.9696
2017-05-05,2017-08-04,63,2.1706,8.9694
2017-05-08,2017-08-07,63,2.3699,9.8218
2017-05-09,2017-08-08,63,2.33,9.6507
2017-05-10,2017-08-09,63,2.8916,12.078
2017-05-11,2017-08-10,63,2.8199,11.7656
2017-05-12,2017-08-11,63,2.1967,9.0805
2017-05-15,2017-08-14,63,2.1175,8.7428
2017-05-16,2017-08-15,63,1.7509,7.1897
2017-05-17,2017-08-16,63,1.5735,6.4443
2017-05-18,2017-08-17,63,1.8954,7.7999
2017-05-19,2017-08-18,63,1.959,8.0693
2017-05-22,2017-08-21,63,2.0209,8.332
2017-05-23,2017-08-22,63,1.7395,7.1417
2017-05-24,2017-08-23,63,1.9758,8.1404
2017-05-25,2017-08-24,63,1.4769,6.0398
2017-05-26,2017-08-25,63,1.7538,7.2018
2017-05-31,2017-08-28,63,2.1748,8.9871
2017-06-01,2017-08-29,63,2.4817,10.3026
2017-06-02,2017-08-30,63,2.2432,9.2795
2017-06-05,2017-08-31,63,1.8559,7.6329
2017-06-06,2017-09-01,63,1.7909,7.3582
2017-06-07,2017-09-04,63,1.6513,6.7706
2017-06-08,2017-09-05,63,1.4515,5.9336
2017-06-09,2017-09-06,63,1.6546,6.7843
2017-06-12,2017-09-07,63,1.5665,6.4147
2017-06-13,2017-09-08,63,1.503,6.1489
2017-06-14,2017-09-11,63,1.7616,7.235
2017-06-15,2017-09-12,63,2.0493,8.4527
2017-06-16,2017-09-13,63,2.3628,9.7916
2017-06-19,2017-09-14,63,2.1237,8.7691
2017-06-20,2017-09-15,63,2.2805,9.4389
2017-06-21,2017-09-18,63,1.8059,7.4216
2017-06-22,2017-09-19,63,1.5729,6.4415
2017-06-23,2017-09-20,63,1.4559,5.9522
2017-06-26,2017-09-21,63,0.9106,3.6924
2017-06-27,2017-09-22,63,1.039,4.221
2017-06-28,2017-09-25,63,1.0906,4.4344
2017-06-29,2017-09-26,63,1.4207,5.8052
2017-06-30,2017-09-27,63,1.4558,5.9517
2017-07-03,2017-09-28,63,1.3943,5.6948
2017-07-04,2017-09-29,63,1.942,7.9972
2017-07-05,2017-10-09,63,1.8529,7.6201
2017-07-06,2017-10-10,63,1.8271,7.5113
2017-07-07,2017-10-11,63,1.9016,7.8262
2017-07-10,2017-10-12,63,2.3841,9.8829
2017-07-11,2017-10-13,63,2.1662,8.9505
2017-07-12,2017-10-16,63,2.15,8.8812
2017-07-13,2017-10-17,63,1.8798,7.734
2017-07-14,2017-10-18,63,1.9018,7.827
2017-07-17,2017-10-19,63,1.961,8.0776
2017-07-18,2017-10-20,63,1.9358,7.9708
2017-07-19,2017-10-23,63,1.4718,6.0185
2017-07-20,2017-10-24,63,1.4784,6.0462
2017-07-21,2017-10-25,63,1.2989,5.2976
2017-07-24,2017-10-26,63,1.2118,4.9359
2017-07-25,2017-10-27,63,1.2229,4.9822
2017-07-26,2017-10-30,63,1.4932,6.108
2017-07-27,2017-10-31,63,1.1482,4.6726
2017-07-28,2017-11-01,63,0.9014,3.6545
2017-07-31,2017-11-02,63,0.7346,2.9711
2017-08-01,2017-11-03,63,0.474,1.9095
2017-08-02,2017-11-06,63,0.7205,2.9134
2017-08-03,2017-11-07,63,1.3069,5.3311
2017-08-04,2017-11-08,63,1.3064,5.329
2017-08-07,2017-11-09,63,1.5885,6.5068
2017-08-08,2017-11-10,63,2.2523,9.3183
2017-08-09,2017-11-13,63,2.1475,8.8708
2017-08-10,2017-11-14,63,1.8334,7.5376
2017-08-11,2017-11-15,63,2.1042,8.6862
2017-08-14,2017-11-16,63,1.9086,7.8558
2017-08-15,2017-11-17,63,2.0437,8.4288
2017-08-16,2017-11-20,63,2.4778,10.2858
2017-08-17,2017-11-21,63,2.2692,9.3906
2017-08-18,2017-11-22,63,2.1995,9.0925
2017-08-21,2017-11-23,63,1.4705,6.0129
2017-08-22,2017-11-24,63,1.5496,6.344
2017-08-23,2017-11-27,63,1.3279,5.4182
2017-08-24,2017-11-28,63,1.4594,5.9667
2017-08-25,2017-11-29,63,1.1441,4.6556
2017-08-28,2017-11-30,63,0.479,1.9296
2017-08-29,2017-12-01,63,0.0029,0.0116
2017-08-30,2017-12-04,63,0.2931,1.1777
2017-08-31,2017-12-05,63,0.5589,2.2544
2017-09-01,2017-12-06,63,0.0458,0.1833
2017-09-04,2017-12-07,63,-0.6174,-2.4466
2017-09-05,2017-12-08,63,-0.664,-2.6296
2017-09-06,2017-12-11,63,-0.3776,-1.502
2017-09-07,2017-12-12,63,-0.5453,-2.1636
2017-09-08,2017-12-13,63,-0.3872,-1.5398
2017-09-11,2017-12-14,63,-0.1689,-0.6738
2017-09-12,2017-12-15,63,-0.3623,-1.4414
2017-09-13,2017-12-18,63,-0.4386,-1.7427
2017-09-14,2017-12-19,63,-0.0328,-0.1309
2017-09-15,2017-12-20,63,-0.2237,-0.8918
2017-09-18,2017-12-21,63,0.064,0.2562
2017-09-19,2017-12-22,63,0.1636,0.6562
2017-09-20,2017-12-25,63,0.1383,0.5544
2017-09-21,2017-12-26,63,0.474,1.9093
2017-09-22,2017-12-27,63,0.2769,1.1122
2017-09-25,2017-12-28,63,0.6205,2.5051
2017-09-26,2017-12-29,63,0.4107,1.653
2017-09-27,2018-01-02,63,1.2022,4.8962
2017-09-28,2018-01-03,63,1.5036,6.1514
2017-09-29,2018-01-04,63,1.3165,5.3711
2017-10-09,2018-01-05,63,1.507,6.1658
2017-10-10,2018-01-08,63,1.7243,7.0776
2017-10-11,2018-01-09,63,1.7144,7.036
2017-10-12,2018-01-10,63,1.6417,6.7304
2017-10-13,2018-01-11,63,1.6382,6.7157
2017-10-16,2018-01-12,63,1.8683,7.6855
2017-10-17,2018-01-15,63,1.9518,8.0386
2017-10-18,2018-01-16,63,2.2088,9.1323
2017-10-19,2018-01-17,63,2.1425,8.8493
2017-10-20,2018-01-18,63,2.1695,8.9645
2017-10-23,2018-01-19,63,2.1618,8.9317
2017-10-24,2018-01-22,63,2.1961,9.0781
2017-10-25,2018-01-23,63,2.6457,11.0103
2017-10-26,2018-01-24,63,2.6596,11.0704
2017-10-27,2018-01-25,63,2.7398,11.418
2017-10-30,2018-01-26,63,2.8317,11.8171
2017-10-31,2018-01-29,63,2.5356,10.5348
2017-11-01,2018-01-30,63,2.1839,9.0259
2017-11-02,2018-01-31,63,2.1666,8.9521
2017-11-03,2018-02-01,63,1.9573,8.0622
2017-11-06,2018-02-02,63,2.0826,8.5944
2017-11-07,2018-02-05,63,1.7755,7.2933
2017-11-08,2018-02-06,63,1.1804,4.806
2017-11-09,2018-02-07,63,0.1048,0.4198
2017-11-10,2018-02-08,63,-0.78,-3.0837
2017-11-13,2018-02-09,63,-1.6509,-6.4419
2017-11-14,2018-02-12,63,-1.2017,-4.721
2017-11-15,2018-02-13,63,-0.7505,-2.9682
2017-11-16,2018-02-14,63,-0.5284,-2.0971
2017-11-17,2018-02-22,63,-0.3431,-1.3652
2017-11-20,2018-02-23,63,-0.4355,-1.7306
2017-11-21,2018-02-26,63,-0.2581,-1.0286
2017-11-22,2018-02-27,63,-0.8204,-3.2414
2017-11-23,2018-02-28,63,-0.5499,-2.1817
2017-11-24,2018-03-01,63,-0.5779,-2.2915
2017-11-27,2018-03-02,63,-0.3312,-1.3181
2017-11-28,2018-03-05,63,-0.3992,-1.5871
2017-11-29,2018-03-06,63,-0.0923,-0.3687
2017-11-30,2018-03-07,63,0.2735,1.0983
2017-12-01,2018-03-08,63,0.6663,2.6918
2017-12-04,2018-03-09,63,0.6103,2.4635
2017-12-05,2018-03-12,63,0.5813,2.3456
2017-12-06,2018-03-13,63,0.7035,2.8439
2017-12-07,2018-03-14,63,1.0825,4.4009
2017-12-08,2018-03-15,63,1.1766,4.7901
2017-12-11,2018-03-16,63,0.585,2.3607
2017-12-12,2018-03-19,63,0.6749,2.7272
2017-12-13,2018-03-20,63,0.5827,2.3512
2017-12-14,2018-03-21,63,0.3684,1.4816
2017-12-15,2018-03-22,63,0.59,2.3808
2017-12-18,2018-03-23,63,0.1387,0.556
2017-12-19,2018-03-26,63,-0.4154,-1.6514
2017-12-20,2018-03-27,63,-0.226,-0.901
2017-12-21,2018-03-28,63,-0.8275,-3.2691
2017-12-22,2018-03-29,63,-0.7261,-2.8731
2017-12-25,2018-03-30,63,-0.7891,-3.1193
2017-12-26,2018-04-02,63,-0.99,-3.9016
2017-12-27,2018-04-03,63,-0.9207,-3.6323
2017-12-28,2018-04-04,63,-1.1676,-4.5892
2017-12-29,2018-04-09,63,-1.4383,-5.6304
2018-01-02,2018-04-10,63,-1.6141,-6.3019
2018-01-03,2018-04-11,63,-1.5411,-6.0235
2018-01-04,2018-04-12,63,-1.5483,-6.051
2018-01-05,2018-04-13,63,-2.0794,-8.0616
2018-01-08,2018-04-16,63,-2.5844,-9.9437
2018-01-09,2018-04-17,63,-2.8244,-10.8278
2018-01-10,2018-04-18,63,-2.7593,-10.5886
2018-01-11,2018-04-19,63,-2.505,-9.6497
2018-01-12,2018-04-20,63,-3.1085,-11.8663
2018-01-15,2018-04-23,63,-3.1752,-12.1087
2018-01-16,2018-04-24,63,-3.0694,-11.7239
2018-01-17,2018-04-25,63,-3.056,-11.6749
2018-01-18,2018-04-26,63,-3.4086,-12.9532
2018-01-19,2018-04-27,63,-3.3875,-12.877
2018-01-22,2018-05-02,63,-3.5806,-13.5713
2018-01-23,2018-05-03,63,-3.419,-12.9903
2018-01-24,2018-05-04,63,-3.6113,-13.6812
2018-01-25,2018-05-07,63,-3.2154,-12.2546
2018-01-26,2018-05-08,63,-3.0404,-11.6181
2018-01-29,2018-05-09,63,-2.768,-10.6207
2018-01-30,2018-05-10,63,-2.1344,-8.2681
2018-01-31,2018-05-11,63,-2.194,-8.4913
2018-02-01,2018-05-14,63,-1.8158,-7.0679
2018-02-02,2018-05-15,63,-2.0621,-7.9969
2018-02-05,2018-05-16,63,-2.3745,-9.165
2018-02-06,2018-05-17,63,-2.1002,-8.14
2018-02-07,2018-05-18,63,-1.0225,-4.0276
2018-02-08,2018-05-21,63,-0.7051,-2.7907
2018-02-09,2018-05-22,63,0.1502,0.602
2018-02-12,2018-05-23,63,-0.3408,-1.3562
2018-02-13,2018-05-24,63,-0.7276,-2.8788
2018-02-14,2018-05-25,63,-0.8948,-3.5314
2018-02-22,2018-05-28,63,-1.225,-4.8105
2018-02-23,2018-05-29,63,-1.3655,-5.3511
2018-02-26,2018-05-30,63,-2.0491,-7.9479
2018-02-27,2018-05-31,63,-1.0395,-4.0935
2018-02-28,2018-06-01,63,-0.8922,-3.5213
2018-03-01,2018-06-04,63,-0.8558,-3.3796
2018-03-02,2018-06-05,63,-0.8279,-3.2707
2018-03-05,2018-06-06,63,-0.8396,-3.3165
2018-03-06,2018-06-07,63,-1.299,-5.0958
2018-03-07,2018-06-08,63,-1.6429,-6.4115
2018-03-08,2018-06-11,63,-1.7898,-6.9695
2018-03-09,2018-06-12,63,-1.4862,-5.8138
2018-03-12,2018-06-13,63,-1.7305,-6.7442
2018-03-13,2018-06-14,63,-1.5592,-6.0925
2018-03-14,2018-06-15,63,-1.5864,-6.1963
2018-03-15,2018-06-19,63,-2.6696,-10.2585
2018-03-16,2018-06-20,63,-2.3788,-9.1812
2018-03-19,2018-06-21,63,-2.4313,-9.3761
2018-03-20,2018-06-22,63,-2.3498,-9.073
2018-03-21,2018-06-25,63,-2.4545,-9.4624
2018-03-22,2018-06-26,63,-2.7457,-10.5386
2018-03-23,2018-06-27,63,-2.604,-10.0161
2018-03-26,2018-06-28,63,-2.7423,-10.5262
2018-03-27,2018-06-29,63,-2.2642,-8.7537
2018-03-28,2018-07-02,63,-2.3389,-9.0326
2018-03-29,2018-07-03,63,-2.418,-9.3269
2018-03-30,2018-07-04,63,-2.6252,-10.0944
2018-04-02,2018-07-05,63,-2.7358,-10.5023
2018-04-03,2018-07-06,63,-2.5907,-9.9671
2018-04-04,2018-07-09,63,-2.0386,-7.9085
2018-04-09,2018-07-10,63,-1.9463,-7.561
2018-04-10,2018-07-11,63,-2.6324,-10.1212
2018-04-11,2018-07-12,63,-2.5792,-9.9245
2018-04-12,2018-07-13,63,-2.4476,-9.4369
2018-04-13,2018-07-16,63,-2.2688,-8.7709
2018-04-16,2018-07-17,63,-2.1877,-8.468
2018-04-17,2018-07-18,63,-2.1405,-8.2912
2018-04-18,2018-07-19,63,-2.1395,-8.2873
2018-04-19,2018-07-20,63,-1.9781,-7.6809
2018-04-20,2018-07-23,63,-1.1863,-4.6613
2018-04-23,2018-07-24,63,-0.7864,-3.1086
2018-04-24,2018-07-25,63,-1.2359,-4.8526
2018-04-25,2018-07-26,63,-1.2618,-4.9526
2018-04-26,2018-07-27,63,-1.0726,-4.2219
2018-04-27,2018-07-30,63,-0.9783,-3.8563
2018-05-02,2018-07-31,63,-0.9938,-3.9162
2018-05-03,2018-08-01,63,-1.9664,-7.6364
2018-05-04,2018-08-02,63,-2.4398,-9.4077
2018-05-07,2018-08-03,63,-3.1807,-12.1287
2018-05-08,2018-08-06,63,-3.6207,-13.715
2018-05-09,2018-08-07,63,-3.0309,-11.5834
2018-05-10,2018-08-08,63,-3.5329,-13.4004
2018-05-11,2018-08-09,63,-3.0847,-11.7794
2018-05-14,2018-08-10,63,-3.2455,-12.3635
2018-05-15,2018-08-13,63,-3.2776,-12.4797
2018-05-16,2018-08-14,63,-3.1629,-12.0638
2018-05-17,2018-08-15,63,-3.4195,-12.9922
2018-05-18,2018-08-16,63,-4.1023,-15.4269
2018-05-21,2018-08-17,63,-4.416,-16.5279
2018-05-22,2018-08-20,63,-4.069,-15.3092
2018-05-23,2018-08-21,63,-3.5017,-13.2879
2018-05-24,2018-08-22,63,-3.6711,-13.8955
2018-05-25,2018-08-23,63,-3.685,-13.9449
2018-05-28,2018-08-24,63,-3.5742,-13.5486
2018-05-29,2018-08-27,63,-3.0308,-11.5832
2018-05-30,2018-08-28,63,-2.6356,-10.133
2018-05-31,2018-08-29,63,-3.377,-12.839
2018-06-01,2018-08-30,63,-3.2355,-12.3272
2018-06-04,2018-08-31,63,-3.3389,-12.7016
2018-06-05,2018-09-03,63,-3.553,-13.4723
2018-06-06,2018-09-04,63,-3.4743,-13.1894
2018-06-07,2018-09-05,63,-3.665,-13.8735
2018-06-08,2018-09-06,63,-3.4973,-13.2722
2018-06-11,2018-09-07,63,-3.3756,-12.8339
2018-06-12,2018-09-10,63,-3.8947,-14.6921
2018-06-13,2018-09-11,63,-3.6858,-13.9478
2018-06-14,2018-09-12,63,-3.7599,-14.2123
2018-06-15,2018-09-13,63,-3.373,-12.8247
2018-06-19,2018-09-14,63,-2.2065,-8.5381
2018-06-20,2018-09-17,63,-2.5474,-9.8068
2018-06-21,2018-09-18,63,-1.9041,-7.4014
2018-06-22,2018-09-19,63,-1.7405,-6.7824
2018-06-25,2018-09-20,63,-1.5719,-6.141
2018-06-26,2018-09-21,63,-0.6026,-2.3887
2018-06-27,2018-09-25,63,-0.6376,-2.5263
2018-06-28,2018-09-26,63,-0.046,-0.1839
2018-06-29,2018-09-27,63,-0.7833,-3.0967
2018-07-02,2018-09-28,63,-0.1487,-0.5934
2018-07-03,2018-10-08,63,-0.7154,-2.831
2018-07-04,2018-10-09,63,-0.6628,-2.6248
2018-07-05,2018-10-10,63,-0.3949,-1.5702
2018-07-06,2018-10-11,63,-1.5556,-6.0788
2018-07-09,2018-10-12,63,-1.5122,-5.913
2018-07-10,2018-10-15,63,-1.7043,-6.645
2018-07-11,2018-10-16,63,-1.6423,-6.4091
2018-07-12,2018-10-17,63,-1.8699,-7.2723
2018-07-13,2018-10-18,63,-2.3216,-8.9681
2018-07-16,2018-10-19,63,-1.4785,-5.7842
2018-07-17,2018-10-22,63,-0.3626,-1.4426
2018-07-18,2018-10-23,63,-0.6353,-2.5171
2018-07-19,2018-10-24,63,-0.7077,-2.8008
2018-07-20,2018-10-25,63,-0.9657,-3.8072
2018-07-23,2018-10-26,63,-1.315,-5.1572
2018-07-24,2018-10-29,63,-2.1885,-8.4707
2018-07-25,2018-10-30,63,-1.9972,-7.7526
2018-07-26,2018-10-31,63,-1.8471,-7.1863
2018-07-27,2018-11-01,63,-1.6296,-6.361
2018-07-30,2018-11-02,63,-1.0493,-4.1318
2018-07-31,2018-11-05,63,-1.1329,-4.4552
2018-08-01,2018-11-06,63,-0.7008,-2.774
2018-08-02,2018-11-07,63,-0.2636,-1.0501
2018-08-03,2018-11-08,63,0.3885,1.5633
2018-08-06,2018-11-09,63,0.3784,1.5222
2018-08-07,2018-11-12,63,-0.03,-0.1198
2018-08-08,2018-11-13,63,0.4666,1.8794
2018-08-09,2018-11-14,63,-0.1534,-0.6123
2018-08-10,2018-11-15,63,0.2821,1.1331
2018-08-13,2018-11-16,63,0.5752,2.3206
2018-08-14,2018-11-19,63,1.1571,4.7092
2018-08-15,2018-11-20,63,1.2304,5.013
2018-08-16,2018-11-21,63,1.7655,7.2511
2018-08-17,2018-11-22,63,2.084,8.6001
2018-08-20,2018-11-23,63,1.1118,4.5218
2018-08-21,2018-11-26,63,0.6694,2.7046
2018-08-22,2018-11-27,63,0.7259,2.9353
2018-08-23,2018-11-28,63,0.8056,3.2617
2018-08-24,2018-11-29,63,0.6576,2.6566
2018-08-27,2018-11-30,63,0.2463,0.9889
2018-08-28,2018-12-03,63,0.6971,2.8175
2018-08-29,2018-12-04,63,1.04,4.2252
2018-08-30,2018-12-05,63,1.0902,4.4326
2018-08-31,2018-12-06,63,0.8669,3.5129
2018-09-03,2018-12-07,63,1.218,4.9617
2018-09-04,2018-12-10,63,1.1188,4.551
2018-09-05,2018-12-11,63,1.5761,6.455
2018-09-06,2018-12-12,63,1.7705,7.2724
2018-09-07,2018-12-13,63,1.8854,7.7575
2018-09-10,2018-12-14,63,1.7953,7.3768
2018-09-11,2018-12-17,63,1.9315,7.9529
2018-09-12,2018-12-18,63,1.9748,8.1361
2018-09-13,2018-12-19,63,1.5121,6.187
2018-09-14,2018-12-20,63,1.342,5.477
2018-09-17,2018-12-21,63,1.7712,7.2753
2018-09-18,2018-12-24,63,1.6055,6.5782
2018-09-19,2018-12-25,63,1.2394,5.0507
2018-09-20,2018-12-26,63,1.2566,5.1221
2018-09-21,2018-12-27,63,0.3332,1.3394
2018-09-25,2018-12-28,63,0.8597,3.4835
2018-09-26,2019-01-02,63,0.349,1.4032
2018-09-27,2019-01-03,63,0.4954,1.9965
2018-09-28,2019-01-04,63,0.9893,4.0162
2018-10-08,2019-01-07,63,1.6344,6.6996
2018-10-09,2019-01-08,63,1.6877,6.9235
2018-10-10,2019-01-09,63,1.7807,7.3155
2018-10-11,2019-01-10,63,2.784,11.6098
2018-10-12,2019-01-11,63,2.1053,8.6909
2018-10-15,2019-01-14,63,2.3222,9.6174
2018-10-16,2019-01-15,63,2.7764,11.5767
2018-10-17,2019-01-16,63,2.7158,11.3137
2018-10-18,2019-01-17,63,3.2136,13.4876
2018-10-19,2019-01-18,63,2.6813,11.1641
2018-10-22,2019-01-21,63,1.5972,6.5435
2018-10-23,2019-01-22,63,1.8275,7.5129
2018-10-24,2019-01-23,63,1.9558,8.0556
2018-10-25,2019-01-24,63,1.8349,7.5439
2018-10-26,2019-01-25,63,1.9361,7.9721
2018-10-29,2019-01-28,63,2.8497,11.8955
2018-10-30,2019-01-29,63,2.8208,11.7696
2018-10-31,2019-01-30,63,2.6799,11.1582
2018-11-01,2019-01-31,63,2.6953,11.2251
2018-11-02,2019-02-01,63,2.5181,10.4595
2018-11-05,2019-02-11,63,2.9535,12.3478
2018-11-06,2019-02-12,63,3.2358,13.5852
2018-11-07,2019-02-13,63,3.6499,15.4185
2018-11-08,2019-02-14,63,3.2903,13.825
2018-11-09,2019-02-15,63,3.416,14.3803
2018-11-12,2019-02-18,63,4.0148,17.0523
2018-11-13,2019-02-19,63,3.9111,16.5864
2018-11-14,2019-02-20,63,4.2978,18.3315
2018-11-15,2019-02-21,63,3.5753,15.0865
2018-11-16,2019-02-22,63,3.5685,15.0564
2018-11-19,2019-02-25,63,4.426,18.9144
2018-11-20,2019-02-26,63,4.7421,20.3606
2018-11-21,2019-02-27,63,4.5953,19.6873
2018-11-22,2019-02-28,63,4.4372,18.9655
2018-11-23,2019-03-01,63,5.3373,23.1201
2018-11-26,2019-03-04,63,5.3673,23.2606
2018-11-27,2019-03-05,63,5.7489,25.0555
2018-11-28,2019-03-06,63,6.1106,26.7755
2018-11-29,2019-03-07,63,6.0305,26.3931
2018-11-30,2019-03-08,63,4.7806,20.5378
2018-12-03,2019-03-11,63,4.9709,21.4158
2018-12-04,2019-03-12,63,5.0931,21.9822
2018-12-05,2019-03-13,63,4.9728,21.4246
2018-12-06,2019-03-14,63,4.8216,20.7268
2018-12-07,2019-03-15,63,5.16,22.2934
2018-12-10,2019-03-18,63,6.0098,26.2946
2018-12-11,2019-03-19,63,5.8472,25.5214
2018-12-12,2019-03-20,63,5.818,25.3827
2018-12-13,2019-03-21,63,5.8332,25.4548
2018-12-14,2019-03-22,63,6.3547,27.9461
2018-12-17,2019-03-25,63,5.8684,25.6219
2018-12-18,2019-03-26,63,5.442,23.6104
2018-12-19,2019-03-27,63,5.9943,26.2205
2018-12-20,2019-03-28,63,5.6737,24.7003
2018-12-21,2019-03-29,63,5.9989,26.2427
2018-12-24,2019-04-01,63,6.6789,29.5134
2018-12-25,2019-04-02,63,6.7193,29.7097
2018-12-26,2019-04-03,63,7.21,32.1116
2018-12-27,2019-04-04,63,7.8995,35.5433
2018-12-28,2019-04-08,63,8.0975,36.5409
2019-01-02,2019-04-09,63,8.4467,38.3139
2019-01-03,2019-04-10,63,8.4707,38.4363
2019-01-04,2019-04-11,63,7.6841,34.464
2019-01-07,2019-04-12,63,6.9959,31.0597
2019-01-08,2019-04-15,63,6.58,29.0335
2019-01-09,2019-04-16,63,6.8373,30.2841
2019-01-10,2019-04-17,63,6.9047,30.6134
2019-01-11,2019-04-18,63,6.3836,28.0849
2019-01-14,2019-04-19,63,6.698,29.6061
2019-01-15,2019-04-22,63,5.8883,25.7162
2019-01-16,2019-04-23,63,5.4747,23.7635
2019-01-17,2019-04-24,63,5.7561,25.0897
2019-01-18,2019-04-25,63,4.756,20.4248
2019-01-21,2019-04-26,63,4.5645,19.5464
2019-01-22,2019-04-29,63,4.6189,19.7955
2019-01-23,2019-04-30,63,4.8827,21.0082
2019-01-24,2019-05-06,63,3.5883,15.1444
2019-01-25,2019-05-07,63,3.8071,16.1201
2019-01-28,2019-05-08,63,3.2962,13.8509
2019-01-29,2019-05-09,63,2.6956,11.2264
2019-01-30,2019-05-10,63,3.5391,14.9259
2019-01-31,2019-05-13,63,3.3514,14.0949
2019-02-01,2019-05-14,63,3.0221,12.6477
2019-02-11,2019-05-15,63,3.0059,12.5767
2019-02-12,2019-05-16,63,2.9747,12.4403
2019-02-13,2019-05-17,63,1.948,8.0226
2019-02-14,2019-05-20,63,1.5917,6.5203
2019-02-15,2019-05-21,63,2.2592,9.3478
2019-02-18,2019-05-22,63,1.3097,5.3428
2019-02-19,2019-05-23,63,1.0147,4.121
2019-02-20,2019-05-24,63,0.9482,3.8471
2019-02-21,2019-05-27,63,1.5859,6.4962
2019-02-22,2019-05-28,63,1.6141,6.6144
2019-02-25,2019-05-29,63,0.537,2.1655
2019-02-26,2019-05-30,63,0.4935,1.9888
2019-02-27,2019-05-31,63,0.8715,3.5318
2019-02-28,2019-06-03,63,1.0866,4.4178
2019-03-01,2019-06-04,63,0.8375,3.3923
2019-03-04,2019-06-05,63,0.9956,4.0425
2019-03-05,2019-06-06,63,0.5238,2.1116
2019-03-06,2019-06-10,63,0.2244,0.9004
2019-03-07,2019-06-11,63,0.911,3.6943
2019-03-08,2019-06-12,63,1.6986,6.9695
2019-03-11,2019-06-13,63,1.0563,4.2924
2019-03-12,2019-06-14,63,1.0717,4.3561
2019-03-13,2019-06-17,63,0.8202,3.3216
2019-03-14,2019-06-18,63,1.3612,5.5571
2019-03-15,2019-06-19,63,0.9212,3.736
2019-03-18,2019-06-20,63,1.2292,5.0083
2019-03-19,2019-06-21,63,1.5067,6.1644
2019-03-20,2019-06-24,63,1.7924,7.3648
2019-03-21,2019-06-25,63,1.7564,7.213
2019-03-22,2019-06-26,63,1.2582,5.1284
2019-03-25,2019-06-27,63,1.506,6.1615
2019-03-26,2019-06-28,63,1.7797,7.3112
2019-03-27,2019-07-01,63,1.172,4.771
2019-03-28,2019-07-02,63,1.905,7.8407
2019-03-29,2019-07-03,63,2.5056,10.4055
2019-04-01,2019-07-04,63,1.466,5.9941
2019-04-02,2019-07-05,63,1.5584,6.3807
2019-04-03,2019-07-08,63,0.4333,1.7443
2019-04-04,2019-07-09,63,-0.0673,-0.2689
2019-04-08,2019-07-10,63,-0.6055,-2.4001
2019-04-09,2019-07-11,63,-0.1282,-0.5119
2019-04-10,2019-07-12,63,-0.46,-1.8272
2019-04-11,2019-07-15,63,-0.0043,-0.0171
2019-04-12,2019-07-16,63,0.3789,1.5241
2019-04-15,2019-07-17,63,0.5748,2.3191
2019-04-16,2019-07-18,63,0.2563,1.0291
2019-04-17,2019-07-19,63,0.8243,3.338
2019-04-18,2019-07-22,63,0.7836,3.1713
2019-04-19,2019-07-23,63,0.4719,1.9009
2019-04-22,2019-07-24,63,1.0493,4.2636
2019-04-23,2019-07-25,63,1.478,6.0443
2019-04-24,2019-07-26,63,1.246,5.0781
2019-04-25,2019-07-29,63,1.7043,6.9936
2019-04-26,2019-07-30,63,2.1564,8.9087
2019-04-29,2019-07-31,63,2.2328,9.2347
2019-04-30,2019-08-01,63,1.2322,5.0205
2019-05-06,2019-08-02,63,2.3887,9.9029
2019-05-07,2019-08-05,63,2.6074,10.8445
2019-05-08,2019-08-06,63,2.5041,10.399
2019-05-09,2019-08-07,63,3.3562,14.116
2019-05-10,2019-08-08,63,3.1159,13.0585
2019-05-13,2019-08-09,63,3.044,12.7434
2019-05-14,2019-08-12,63,3.0068,12.5807
2019-05-15,2019-08-13,63,3.2502,13.6487
2019-05-16,2019-08-14,63,2.3474,9.7255
2019-05-17,2019-08-15,63,3.4267,14.4274
2019-05-20,2019-08-16,63,3.9124,16.5924
2019-05-21,2019-08-19,63,3.8302,16.2236
2019-05-22,2019-08-20,63,3.8588,16.352
2019-05-23,2019-08-21,63,4.1238,17.5441
2019-05-24,2019-08-22,63,4.0519,17.2196
2019-05-27,2019-08-23,63,3.7969,16.0746
2019-05-28,2019-08-26,63,4.376,18.687
2019-05-29,2019-08-27,63,4.7387,20.3452
2019-05-30,2019-08-28,63,4.9597,21.3643
2019-05-31,2019-08-29,63,4.8236,20.7358
2019-06-03,2019-08-30,63,4.0759,17.3276
2019-06-04,2019-09-02,63,4.3052,18.3651
2019-06-05,2019-09-03,63,4.3983,18.7884
2019-06-06,2019-09-04,63,5.1522,22.257
2019-06-10,2019-09-05,63,5.3146,23.0141
2019-06-11,2019-09-06,63,3.9694,16.8483
2019-06-12,2019-09-09,63,4.1901,17.8436
2019-06-13,2019-09-10,63,3.6287,15.3243
2019-06-14,2019-09-11,63,3.4642,14.5935
2019-06-17,2019-09-12,63,3.9895,16.9385
2019-06-18,2019-09-16,63,3.8364,16.2515
2019-06-19,2019-09-17,63,3.3513,14.0941
2019-06-20,2019-09-18,63,2.5851,10.7482
2019-06-21,2019-09-19,63,2.366,9.805
2019-06-24,2019-09-20,63,2.2096,9.1355
2019-06-25,2019-09-23,63,1.9396,7.9869
2019-06-26,2019-09-24,63,2.5438,10.5703
2019-06-27,2019-09-25,63,2.3115,9.5715
2019-06-28,2019-09-26,63,1.8769,7.7216
2019-07-01,2019-09-27,63,1.8458,7.5902
2019-07-02,2019-09-30,63,1.1954,4.868
2019-07-03,2019-10-08,63,0.6058,2.4452
2019-07-04,2019-10-09,63,1.5502,6.3463
2019-07-05,2019-10-10,63,1.424,5.8186
2019-07-08,2019-10-11,63,2.1928,9.0638
2019-07-09,2019-10-14,63,2.2414,9.2715
2019-07-10,2019-10-15,63,2.3736,9.8377
2019-07-11,2019-10-16,63,1.697,6.9629
2019-07-12,2019-10-17,63,1.9336,7.9614
2019-07-15,2019-10-18,63,1.3169,5.3725
2019-07-16,2019-10-21,63,1.3947,5.6966
2019-07-17,2019-10-22,63,1.5922,6.5224
2019-07-18,2019-10-23,63,1.6884,6.9264
2019-07-19,2019-10-24,63,1.1988,4.8821
2019-07-22,2019-10-25,63,2.1005,8.6706
2019-07-23,2019-10-28,63,2.2659,9.3763
2019-07-24,2019-10-29,63,1.5909,6.5171
2019-07-25,2019-10-30,63,1.232,5.0198
2019-07-26,2019-10-31,63,1.1637,4.7368
2019-07-29,2019-11-01,63,1.6873,6.9218
2019-07-30,2019-11-04,63,1.4647,5.9888
2019-07-31,2019-11-05,63,1.5176,6.21
2019-08-01,2019-11-06,63,1.6022,6.5643
2019-08-02,2019-11-07,63,1.5773,6.4599
2019-08-05,2019-11-08,63,0.7123,2.8796
2019-08-06,2019-11-11,63,0.5422,2.1865
2019-08-07,2019-11-12,63,-0.0068,-0.0273
2019-08-08,2019-11-13,63,0.0707,0.283
2019-08-09,2019-11-14,63,0.2744,1.1022
2019-08-12,2019-11-15,63,-0.3055,-1.2163
2019-08-13,2019-11-18,63,-0.4016,-1.5969
2019-08-14,2019-11-19,63,0.543,2.1899
2019-08-15,2019-11-20,63,0.0334,0.1338
2019-08-16,2019-11-21,63,-0.0672,-0.2683
2019-08-19,2019-11-22,63,-0.611,-2.4218
2019-08-20,2019-11-25,63,-0.3365,-1.339
2019-08-21,2019-11-26,63,-0.4006,-1.5928
2019-08-22,2019-11-27,63,-0.5477,-2.1727
2019-08-23,2019-11-28,63,-0.735,-2.9078
2019-08-26,2019-11-29,63,-1.2501,-4.9076
2019-08-27,2019-12-02,63,-1.4818,-5.7967
2019-08-28,2019-12-03,63,-1.3708,-5.3715
2019-08-29,2019-12-04,63,-1.1999,-4.7138
2019-08-30,2019-12-05,63,-0.6547,-2.5933
2019-09-02,2019-12-06,63,-1.0878,-4.2809
2019-09-03,2019-12-09,63,-1.3196,-5.175
2019-09-04,2019-12-10,63,-1.7254,-6.7251
2019-09-05,2019-12-11,63,-1.8211,-7.0878
2019-09-06,2019-12-12,63,-1.0332,-4.069
2019-09-09,2019-12-13,63,-1.3652,-5.35
2019-09-10,2019-12-16,63,-0.4089,-1.6255
2019-09-11,2019-12-17,63,-0.2179,-0.8687
2019-09-12,2019-12-18,63,-0.4003,-1.5916
2019-09-16,2019-12-19,63,-0.4166,-1.6561
2019-09-17,2019-12-20,63,0.0568,0.2274
2019-09-18,2019-12-23,63,-0.4375,-1.7385
2019-09-19,2019-12-24,63,-0.2017,-0.8043
2019-09-20,2019-12-25,63,-0.2055,-0.8195
2019-09-23,2019-12-26,63,0.1783,0.7151
2019-09-24,2019-12-27,63,0.0759,0.3039
2019-09-25,2019-12-30,63,0.6423,2.5942
2019-09-26,2020-01-02,63,1.7053,6.9977
2019-09-27,2020-01-03,63,2.2458,9.2904
2019-09-30,2020-01-06,63,2.9218,12.2095
2019-10-08,2020-01-07,63,2.7186,11.3259
2019-10-09,2020-01-08,63,2.2387,9.2598
2019-10-10,2020-01-09,63,1.6214,6.645
2019-10-11,2020-01-10,63,1.5976,6.5452
2019-10-14,2020-01-13,63,1.8803,7.7359
2019-10-15,2020-01-14,63,1.6754,6.8721
2019-10-16,2020-01-15,63,1.9647,8.0934
2019-10-17,2020-01-16,63,1.7581,7.22
2019-10-18,2020-01-17,63,2.1611,8.9288
2019-10-21,2020-01-20,63,2.1228,8.7656
2019-10-22,2020-01-21,63,1.8784,7.7282
2019-10-23,2020-01-22,63,1.7431,7.157
2019-10-24,2020-01-23,63,1.228,5.0034
2019-10-25,2020-02-03,63,-0.7021,-2.7788
2019-10-28,2020-02-04,63,-0.5871,-2.328
2019-10-29,2020-02-05,63,-0.0237,-0.0947
2019-10-30,2020-02-06,63,0.3758,1.5117
2019-10-31,2020-02-07,63,0.7141,2.8871
2019-11-01,2020-02-10,63,0.6154,2.4844
2019-11-04,2020-02-11,63,0.5964,2.4069
2019-11-05,2020-02-12,63,0.7617,3.082
2019-11-06,2020-02-13,63,1.3534,5.5244
2019-11-07,2020-02-14,63,1.3401,5.469
2019-11-08,2020-02-17,63,2.4591,10.2051
2019-11-11,2020-02-18,63,3.1743,13.3146
2019-11-12,2020-02-19,63,3.5821,15.117
2019-11-13,2020-02-20,63,3.5163,14.8246
2019-11-14,2020-02-21,63,4.0262,17.104
2019-11-15,2020-02-24,63,4.7769,20.5209
2019-11-18,2020-02-25,63,3.6688,15.5027
2019-11-19,2020-02-26,63,3.3949,14.2869
2019-11-20,2020-02-27,63,3.5793,15.1045
2019-11-21,2020-02-28,63,2.5454,10.577
2019-11-22,2020-03-02,63,3.0176,12.628
2019-11-25,2020-03-03,63,2.7853,11.6152
2019-11-26,2020-03-04,63,3.784,16.0168
2019-11-27,2020-03-05,63,4.192,17.852
2019-11-28,2020-03-06,63,4.6007,19.7122
2019-11-29,2020-03-09,63,3.6048,15.2176
2019-12-02,2020-03-10,63,3.5575,15.0073
2019-12-03,2020-03-11,63,3.3719,14.1852
2019-12-04,2020-03-12,63,2.3038,9.5384
2019-12-05,2020-03-13,63,1.1278,4.588
2019-12-06,2020-03-16,63,-0.1397,-0.5575
2019-12-09,2020-03-17,63,-1.3263,-5.2004
2019-12-10,2020-03-18,63,-1.0676,-4.2024
2019-12-11,2020-03-19,63,-1.6483,-6.4319
2019-12-12,2020-03-20,63,-1.2866,-5.0481
2019-12-13,2020-03-23,63,-1.8638,-7.2493
2019-12-16,2020-03-24,63,-0.4124,-1.6394
2019-12-17,2020-03-25,63,0.3001,1.2057
2019-12-18,2020-03-26,63,0.009,0.0359
2019-12-19,2020-03-27,63,0.4895,1.9725
2019-12-20,2020-03-30,63,0.0232,0.093
2019-12-23,2020-03-31,63,0.241,0.9676
2019-12-24,2020-04-01,63,-0.6092,-2.4148
2019-12-25,2020-04-02,63,-0.268,-1.0677
2019-12-26,2020-04-03,63,-0.4986,-1.9794
2019-12-27,2020-04-07,63,0.6265,2.5296
2019-12-30,2020-04-08,63,-0.006,-0.0242
2020-01-02,2020-04-09,63,-0.4186,-1.6637
2020-01-03,2020-04-10,63,-0.8721,-3.443
2020-01-06,2020-04-13,63,-1.2828,-5.0331
2020-01-07,2020-04-14,63,-0.6252,-2.4775
2020-01-08,2020-04-15,63,-0.997,-3.9286
2020-01-09,2020-04-16,63,-0.1799,-0.7178
2020-01-10,2020-04-17,63,-0.6432,-2.5481
2020-01-13,2020-04-20,63,-0.7784,-3.0775
2020-01-14,2020-04-21,63,-0.3112,-1.239
2020-01-15,2020-04-22,63,-0.4146,-1.6482
2020-01-16,2020-04-23,63,0.0765,0.3063
2020-01-17,2020-04-24,63,0.1596,0.6398
2020-01-20,2020-04-27,63,0.0613,0.2454
2020-01-21,2020-04-28,63,-0.1375,-0.549
2020-01-22,2020-04-29,63,0.3332,1.3393
2020-01-23,2020-04-30,63,1.101,4.4773
2020-02-03,2020-05-06,63,2.7815,11.5987
2020-02-04,2020-05-07,63,2.3839,9.8821
2020-02-05,2020-05-08,63,2.8062,11.7063
2020-02-06,2020-05-11,63,2.5276,10.5003
2020-02-07,2020-05-12,63,2.155,8.9029
2020-02-10,2020-05-13,63,1.7809,7.3164
2020-02-11,2020-05-14,63,1.6941,6.9504
2020-02-12,2020-05-15,63,1.9023,7.829
2020-02-13,2020-05-18,63,2.6083,10.8485
2020-02-14,2020-05-19,63,2.087,8.6131
2020-02-17,2020-05-20,63,1.6172,6.6275
2020-02-18,2020-05-21,63,1.0485,4.2606
2020-02-19,2020-05-22,63,0.3613,1.4531
2020-02-20,2020-05-25,63,0.024,0.0962
2020-02-21,2020-05-26,63,-0.2604,-1.0376
2020-02-24,2020-05-27,63,-0.8191,-3.2364
2020-02-25,2020-05-28,63,0.1208,0.4841
2020-02-26,2020-05-29,63,-0.1686,-0.6726
2020-02-27,2020-06-01,63,0.501,2.0189
2020-02-28,2020-06-02,63,1.5525,6.356
2020-03-02,2020-06-03,63,1.0047,4.0798
2020-03-03,2020-06-04,63,0.9274,3.7616
2020-03-04,2020-06-05,63,-0.0386,-0.1542
2020-03-05,2020-06-08,63,-0.5749,-2.2797
2020-03-06,2020-06-09,63,-0.7296,-2.8867
2020-03-09,2020-06-10,63,0.316,1.27
2020-03-10,2020-06-11,63,0.2436,0.9778
2020-03-11,2020-06-12,63,0.2141,0.8593
2020-03-12,2020-06-15,63,0.6541,2.6422
2020-03-13,2020-06-16,63,2.2437,9.2814
2020-03-16,2020-06-17,63,3.8301,16.2232
2020-03-17,2020-06-18,63,5.4595,23.6921
2020-03-18,2020-06-19,63,5.2168,22.5575
2020-03-19,2020-06-22,63,5.8338,25.4576
2020-03-20,2020-06-23,63,5.1596,22.2915
2020-03-23,2020-06-24,63,6.1575,26.9997
2020-03-24,2020-06-29,63,3.8432,16.282
2020-03-25,2020-06-30,63,3.0852,12.9236
2020-03-26,2020-07-01,63,4.0377,17.1557
2020-03-27,2020-07-02,63,3.8368,16.2533
2020-03-30,2020-07-03,63,4.76,20.4431
2020-03-31,2020-07-06,63,6.1595,27.0093
2020-04-01,2020-07-07,63,6.7186,29.7059
2020-04-02,2020-07-08,63,6.6406,29.3272
2020-04-03,2020-07-09,63,6.9836,30.9993
2020-04-07,2020-07-10,63,4.8344,20.7857
2020-04-08,2020-07-13,63,5.9988,26.2418
2020-04-09,2020-07-14,63,5.6299,24.4936
2020-04-10,2020-07-15,63,5.2696,22.8038
2020-04-13,2020-07-16,63,4.3814,18.7116
2020-04-14,2020-07-17,63,3.7163,15.7147
2020-04-15,2020-07-20,63,5.2642,22.7784
2020-04-16,2020-07-21,63,5.258,22.7495
2020-04-17,2020-07-22,63,6.3116,27.7388
2020-04-20,2020-07-23,63,6.0759,26.6096
2020-04-21,2020-07-24,63,5.1919,22.4416
2020-04-22,2020-07-27,63,5.75,25.0608
2020-04-23,2020-07-28,63,5.5778,24.2481
2020-04-24,2020-07-29,63,6.0651,26.5583
2020-04-27,2020-07-30,63,5.9229,25.8809
2020-04-28,2020-07-31,63,6.8121,30.1613
2020-04-29,2020-08-03,63,6.8841,30.5128
2020-04-30,2020-08-04,63,6.6353,29.3016
2020-05-06,2020-08-05,63,7.4022,33.0615
2020-05-07,2020-08-06,63,7.7265,34.676
2020-05-08,2020-08-07,63,7.0371,31.2617
2020-05-11,2020-08-10,63,7.2858,32.4859
2020-05-12,2020-08-11,63,6.5423,28.8513
2020-05-13,2020-08-12,63,4.97,21.412
2020-05-14,2020-08-13,63,5.1537,22.264
2020-05-15,2020-08-14,63,5.2943,22.919
2020-05-18,2020-08-17,63,5.4194,23.5044
2020-05-19,2020-08-18,63,6.3383,27.8669
2020-05-20,2020-08-19,63,5.7018,24.8329
2020-05-21,2020-08-20,63,5.2016,22.4871
2020-05-22,2020-08-21,63,5.7958,25.2778
2020-05-25,2020-08-24,63,5.6214,24.4534
2020-05-26,2020-08-25,63,5.3168,23.0242
2020-05-27,2020-08-26,63,4.9425,21.2847
2020-05-28,2020-08-27,63,5.2723,22.8166
2020-05-29,2020-08-28,63,5.9162,25.8489
2020-06-01,2020-08-31,63,5.1018,22.0226
2020-06-02,2020-09-01,63,5.4315,23.5611
2020-06-03,2020-09-02,63,5.3957,23.3935
2020-06-04,2020-09-03,63,5.0242,21.6628
2020-06-05,2020-09-04,63,5.1,22.0144
2020-06-08,2020-09-07,63,5.0149,21.6195
2020-06-09,2020-09-08,63,5.0816,21.929
2020-06-10,2020-09-09,63,4.5523,19.4909
2020-06-11,2020-09-10,63,4.5162,19.3258
2020-06-12,2020-09-11,63,4.6165,19.7844
2020-06-15,2020-09-14,63,5.0504,21.7842
2020-06-16,2020-09-15,63,4.8031,20.6415
2020-06-17,2020-09-16,63,4.6433,19.9073
2020-06-18,2020-09-17,63,4.391,18.7552
2020-06-19,2020-09-18,63,4.7991,20.6231
2020-06-22,2020-09-21,63,4.5433,19.4494
2020-06-23,2020-09-22,63,3.5834,15.1227
2020-06-24,2020-09-23,63,3.0141,12.6126
2020-06-29,2020-09-24,63,2.3602,9.7804
2020-06-30,2020-09-25,63,2.2546,9.3278
2020-07-01,2020-09-28,63,1.5521,6.3545
2020-07-02,2020-09-29,63,1.6855,6.9142
2020-07-03,2020-09-30,63,1.2235,4.9844
2020-07-06,2020-10-09,63,0.4847,1.9531
2020-07-07,2020-10-12,63,1.4747,6.0308
2020-07-08,2020-10-13,63,1.0085,4.0954
2020-07-09,2020-10-14,63,0.3646,1.4665
2020-07-10,2020-10-15,63,1.0126,4.1123
2020-07-13,2020-10-16,63,0.3712,1.493
2020-07-14,2020-10-19,63,0.3634,1.4617
2020-07-15,2020-10-20,63,0.7428,3.0046
2020-07-16,2020-10-21,63,1.6557,6.7892
2020-07-17,2020-10-22,63,1.4695,6.0089
2020-07-20,2020-10-23,63,-0.0103,-0.0411
2020-07-21,2020-10-26,63,-0.2168,-0.8642
2020-07-22,2020-10-27,63,-0.6363,-2.5208
2020-07-23,2020-10-28,63,-0.4752,-1.8874
2020-07-24,2020-10-29,63,0.0693,0.2775
2020-07-27,2020-10-30,63,-0.9457,-3.7296
2020-07-28,2020-11-02,63,-0.726,-2.8726
2020-07-29,2020-11-03,63,-0.7959,-3.1456
2020-07-30,2020-11-04,63,-0.4073,-1.6193
2020-07-31,2020-11-05,63,-0.4011,-1.5949
2020-08-03,2020-11-06,63,-0.5398,-2.142
2020-08-04,2020-11-09,63,-0.2765,-1.1015
2020-08-05,2020-11-10,63,-1.5996,-6.2467
2020-08-06,2020-11-11,63,-1.6982,-6.6218
2020-08-07,2020-11-12,63,-1.4949,-5.8468
2020-08-10,2020-11-13,63,-1.7329,-6.7536
2020-08-11,2020-11-16,63,-0.4617,-1.8342
2020-08-12,2020-11-17,63,0.9355,3.795
2020-08-13,2020-11-18,63,0.8092,3.2761
2020-08-14,2020-11-19,63,0.1998,0.8018
2020-08-17,2020-11-20,63,-0.4249,-1.6887
2020-08-18,2020-11-23,63,-0.5708,-2.2637
2020-08-19,2020-11-24,63,-0.7202,-2.8499
2020-08-20,2020-11-25,63,-0.551,-2.186
2020-08-21,2020-11-26,63,-0.6373,-2.5249
2020-08-24,2020-11-27,63,-0.3332,-1.3262
2020-08-25,2020-11-30,63,-1.2428,-4.8794
2020-08-26,2020-12-01,63,-0.2214,-0.8828
2020-08-27,2020-12-02,63,-0.2742,-1.0924
2020-08-28,2020-12-03,63,-0.6759,-2.6762
2020-08-31,2020-12-04,63,-0.6511,-2.579
2020-09-01,2020-12-07,63,-1.2587,-4.9405
2020-09-02,2020-12-08,63,-0.7375,-2.9175
2020-09-03,2020-12-09,63,-0.7458,-2.9498
2020-09-04,2020-12-10,63,-0.9228,-3.6406
2020-09-07,2020-12-11,63,-0.8003,-3.1631
2020-09-08,2020-12-14,63,-1.1376,-4.4735
2020-09-09,2020-12-15,63,-0.622,-2.4651
2020-09-10,2020-12-16,63,-0.4864,-1.9316
2020-09-11,2020-12-17,63,-0.1456,-0.5813
2020-09-14,2020-12-18,63,0.0352,0.1408
2020-09-15,2020-12-21,63,0.2079,0.834
2020-09-16,2020-12-22,63,-0.6508,-2.5781
2020-09-17,2020-12-23,63,-0.6442,-2.5521
2020-09-18,2020-12-24,63,-1.2386,-4.8633
2020-09-21,2020-12-25,63,-0.7963,-3.1472
2020-09-22,2020-12-28,63,-0.0006,-0.0024
2020-09-23,2020-12-29,63,0.0345,0.1382
2020-09-24,2020-12-30,63,0.8805,3.5687
2020-09-25,2021-01-04,63,1.4292,5.8405
2020-09-28,2021-01-05,63,1.7097,7.0162
2020-09-29,2021-01-06,63,1.3418,5.4761
2020-09-30,2021-01-07,63,1.0461,4.2506
2020-10-09,2021-01-08,63,0.4172,1.6794
2020-10-12,2021-01-11,63,-1.4339,-5.6135
2020-10-13,2021-01-12,63,-1.048,-4.1266
2020-10-14,2021-01-13,63,-0.8094,-3.1987
2020-10-15,2021-01-14,63,-0.9124,-3.6001
2020-10-16,2021-01-15,63,-0.7502,-2.9672
2020-10-19,2021-01-18,63,-0.4402,-1.749
2020-10-20,2021-01-19,63,-0.1958,-0.7809
2020-10-21,2021-01-20,63,-0.1447,-0.5774
2020-10-22,2021-01-21,63,0.4036,1.6244
2020-10-23,2021-01-22,63,0.2942,1.1822
2020-10-26,2021-01-25,63,-0.1129,-0.4507
2020-10-27,2021-01-26,63,-0.3357,-1.3361
2020-10-28,2021-01-27,63,-0.452,-1.7958
2020-10-29,2021-01-28,63,-0.7093,-2.807
2020-10-30,2021-01-29,63,-0.2501,-0.9967
2020-11-02,2021-02-01,63,-0.1596,-0.6369
2020-11-03,2021-02-02,63,-0.6133,-2.4307
2020-11-04,2021-02-03,63,-1.3244,-5.1932
2020-11-05,2021-02-04,63,-2.1529,-8.3373
2020-11-06,2021-02-05,63,-2.6106,-10.0404
2020-11-09,2021-02-08,63,-2.5157,-9.6894
2020-11-10,2021-02-09,63,-1.2085,-4.7471
2020-11-11,2021-02-10,63,-1.0842,-4.2668
2020-11-12,2021-02-18,63,-1.3207,-5.179
2020-11-13,2021-02-19,63,-0.9427,-3.7179
2020-11-16,2021-02-22,63,-0.9134,-3.6039
2020-11-17,2021-02-23,63,-0.9868,-3.8893
2020-11-18,2021-02-24,63,-1.2615,-4.9514
2020-11-19,2021-02-25,63,-0.9438,-3.7221
2020-11-20,2021-02-26,63,-2.0026,-7.7728
2020-11-23,2021-03-01,63,-1.9887,-7.7205
2020-11-24,2021-03-02,63,-1.9308,-7.5024
2020-11-25,2021-03-03,63,-0.6513,-2.5797
2020-11-26,2021-03-04,63,-1.0147,-3.9975
2020-11-27,2021-03-05,63,-1.6486,-6.433
2020-11-30,2021-03-08,63,-0.7236,-2.8632
2020-12-01,2021-03-09,63,-1.5281,-5.9736
2020-12-02,2021-03-10,63,-1.7867,-6.9576
2020-12-03,2021-03-11,63,-1.1224,-4.4147
2020-12-04,2021-03-12,63,-1.2628,-4.9564
2020-12-07,2021-03-15,63,-0.6802,-2.6933
2020-12-08,2021-03-16,63,-0.7475,-2.9566
2020-12-09,2021-03-17,63,-0.312,-1.2423
2020-12-10,2021-03-18,63,0.1674,0.6715
2020-12-11,2021-03-19,63,-0.0078,-0.0313
2020-12-14,2021-03-22,63,0.3954,1.5911
2020-12-15,2021-03-23,63,-0.0332,-0.1326
2020-12-16,2021-03-24,63,-0.5348,-2.1221
2020-12-17,2021-03-25,63,-0.9475,-3.7366
2020-12-18,2021-03-26,63,-0.9922,-3.91
2020-12-21,2021-03-29,63,-1.0568,-4.1606
2020-12-22,2021-03-30,63,-0.4779,-1.8979
2020-12-23,2021-03-31,63,-0.7562,-2.9906
2020-12-24,2021-04-01,63,0.0843,0.3378
2020-12-25,2021-04-02,63,-0.0562,-0.2246
2020-12-28,2021-04-06,63,0.0191,0.0763
2020-12-29,2021-04-07,63,0.7002,2.8304
2020-12-30,2021-04-08,63,0.6048,2.4412
2021-01-04,2021-04-09,63,0.0888,0.3556
2021-01-05,2021-04-12,63,-0.3954,-1.5724
2021-01-06,2021-04-13,63,-0.9263,-3.6541
2021-01-07,2021-04-14,63,-0.1051,-0.4198
2021-01-08,2021-04-15,63,0.0217,0.0869
2021-01-11,2021-04-16,63,1.5269,6.2491
2021-01-12,2021-04-19,63,1.4901,6.0951
2021-01-13,2021-04-20,63,1.2877,5.2511
2021-01-14,2021-04-21,63,1.7476,7.1758
2021-01-15,2021-04-22,63,1.5671,6.4172
2021-01-18,2021-04-23,63,1.2738,5.1935
2021-01-19,2021-04-26,63,0.7564,3.06
2021-01-20,2021-04-27,63,0.7562,3.0593
2021-01-21,2021-04-28,63,0.4295,1.729
2021-01-22,2021-04-29,63,1.0669,4.3365
2021-01-25,2021-04-30,63,1.3182,5.3778
2021-01-26,2021-05-06,63,2.1798,9.0086
2021-01-27,2021-05-07,63,2.6064,10.8405
2021-01-28,2021-05-10,63,3.4384,14.4793
2021-01-29,2021-05-11,63,3.2725,13.7468
2021-02-01,2021-05-12,63,3.0011,12.5557
2021-02-02,2021-05-13,63,2.5419,10.5619
2021-02-03,2021-05-14,63,3.3901,14.2658
2021-02-04,2021-05-17,63,4.0942,17.4103
2021-02-05,2021-05-18,63,4.6196,19.7987
2021-02-08,2021-05-19,63,4.133,17.5856
2021-02-09,2021-05-20,63,3.0785,12.8944
2021-02-10,2021-05-21,63,2.9589,12.3712
2021-02-18,2021-05-24,63,3.3461,14.0715
2021-02-19,2021-05-25,63,3.2141,13.4897
2021-02-22,2021-05-26,63,3.0308,12.6854
2021-02-23,2021-05-27,63,2.8838,12.0437
2021-02-24,2021-05-28,63,3.3185,13.9494
2021-02-25,2021-05-31,63,3.6183,15.278
2021-02-26,2021-06-01,63,4.9856,21.4839
2021-03-01,2021-06-02,63,3.936,16.6982
2021-03-02,2021-06-03,63,4.4354,18.9574
2021-03-03,2021-06-04,63,3.2183,13.508
2021-03-04,2021-06-07,63,3.794,16.0619
2021-03-05,2021-06-08,63,4.2776,18.2401
2021-03-08,2021-06-09,63,4.295,18.3187
2021-03-09,2021-06-10,63,4.5968,19.6944
2021-03-10,2021-06-11,63,4.5789,19.6126
2021-03-11,2021-06-15,63,3.0327,12.6937
2021-03-12,2021-06-16,63,2.8119,11.7308
2021-03-15,2021-06-17,63,2.0269,8.3573
2021-03-16,2021-06-18,63,1.4295,5.8418
2021-03-17,2021-06-21,63,1.5964,6.5401
2021-03-18,2021-06-22,63,1.7003,6.9765
2021-03-19,2021-06-23,63,2.4862,10.3217
2021-03-22,2021-06-24,63,2.0903,8.6269
2021-03-23,2021-06-25,63,2.477,10.2822
2021-03-24,2021-06-28,63,2.7722,11.5586
2021-03-25,2021-06-29,63,2.6761,11.1419
2021-03-26,2021-06-30,63,2.2707,9.3969
2021-03-29,2021-07-01,63,2.13,8.7961
2021-03-30,2021-07-02,63,2.3923,9.9179
2021-03-31,2021-07-05,63,2.8958,12.0961
2021-04-01,2021-07-06,63,2.3407,9.6968
2021-04-02,2021-07-07,63,2.153,8.894
2021-04-06,2021-07-08,63,1.6761,6.8747
2021-04-07,2021-07-09,63,1.6273,6.6696
2021-04-08,2021-07-12,63,1.7439,7.1601
2021-04-09,2021-07-13,63,1.8822,7.7442
2021-04-12,2021-07-14,63,2.0645,8.5171
2021-04-13,2021-07-15,63,2.8708,11.9874
2021-04-14,2021-07-16,63,2.3744,9.8412
2021-04-15,2021-07-19,63,2.042,8.4217
2021-04-16,2021-07-20,63,1.6037,6.5706
2021-04-19,2021-07-21,63,1.1727,4.7741
2021-04-20,2021-07-22,63,1.4985,6.1302
2021-04-21,2021-07-23,63,0.974,3.9534
2021-04-22,2021-07-26,63,0.3887,1.5638
2021-04-23,2021-07-27,63,-0.4145,-1.6475
2021-04-26,2021-07-28,63,-0.1036,-0.4137
2021-04-27,2021-07-29,63,0.1996,0.8007
2021-04-28,2021-07-30,63,0.5856,2.3629
2021-04-29,2021-08-02,63,0.1048,0.4199
2021-04-30,2021-08-03,63,0.0629,0.2518
2021-05-06,2021-08-04,63,-0.2377,-0.9476
2021-05-07,2021-08-05,63,-0.7397,-2.9261
2021-05-10,2021-08-06,63,-1.0462,-4.1194
2021-05-11,2021-08-09,63,-1.1434,-4.4956
2021-05-12,2021-08-10,63,-1.4925,-5.8378
2021-05-13,2021-08-11,63,-0.7127,-2.8205
2021-05-14,2021-08-12,63,-0.4697,-1.8656
2021-05-17,2021-08-13,63,-0.607,-2.4062
2021-05-18,2021-08-16,63,-0.7016,-2.7772
2021-05-19,2021-08-17,63,-0.9472,-3.7355
2021-05-20,2021-08-18,63,-0.403,-1.6023
2021-05-21,2021-08-19,63,-0.6928,-2.7426
2021-05-24,2021-08-20,63,-0.819,-3.236
2021-05-25,2021-08-23,63,-0.7702,-3.0455
2021-05-26,2021-08-24,63,-0.7513,-2.9715
2021-05-27,2021-08-25,63,-0.5174,-2.0535
2021-05-28,2021-08-26,63,-0.5814,-2.3052
2021-05-31,2021-08-27,63,-0.5663,-2.246
2021-06-01,2021-08-30,63,-0.6423,-2.5444
2021-06-02,2021-08-31,63,0.4473,1.8011
2021-06-03,2021-09-01,63,0.5208,2.0997
2021-06-04,2021-09-02,63,1.3658,5.5762
2021-06-07,2021-09-03,63,1.1365,4.624
2021-06-08,2021-09-06,63,1.5208,6.2234
2021-06-09,2021-09-07,63,1.889,7.773
2021-06-10,2021-09-08,63,1.8421,7.5745
2021-06-11,2021-09-09,63,2.15,8.8814
2021-06-15,2021-09-10,63,2.6042,10.8308
2021-06-16,2021-09-13,63,3.3694,14.1741
2021-06-17,2021-09-14,63,3.3776,14.2106
2021-06-18,2021-09-15,63,3.909,16.5768
2021-06-21,2021-09-16,63,3.1055,13.0128
2021-06-22,2021-09-17,63,1.9019,7.8274
2021-06-23,2021-09-22,63,2.1748,8.9871
2021-06-24,2021-09-23,63,2.16,8.924
2021-06-25,2021-09-24,63,1.0601,4.3081
2021-06-28,2021-09-27,63,0.55,2.2184
2021-06-29,2021-09-28,63,0.8337,3.3768
2021-06-30,2021-09-29,63,0.1692,0.6785
2021-07-01,2021-09-30,63,0.2713,1.0898
2021-07-02,2021-10-08,63,0.704,2.8457
2021-07-05,2021-10-11,63,0.6413,2.59
2021-07-06,2021-10-12,63,0.1647,0.6605
2021-07-07,2021-10-13,63,-0.0307,-0.1229
2021-07-08,2021-10-14,63,0.7467,3.0205
2021-07-09,2021-10-15,63,0.4744,1.911
2021-07-12,2021-10-18,63,0.3944,1.5869
2021-07-13,2021-10-19,63,0.3686,1.4824
2021-07-14,2021-10-20,63,0.1714,0.6872
2021-07-15,2021-10-21,63,0.1579,0.6331
2021-07-16,2021-10-22,63,-0.1626,-0.6488
2021-07-19,2021-10-25,63,0.0921,0.3688
2021-07-20,2021-10-26,63,-0.0199,-0.0796
2021-07-21,2021-10-27,63,-0.4882,-1.9385
2021-07-22,2021-10-28,63,-0.8812,-3.4787
2021-07-23,2021-10-29,63,-0.6275,-2.4865
2021-07-26,2021-11-01,63,-0.1657,-0.6611
2021-07-27,2021-11-02,63,0.452,1.8202
2021-07-28,2021-11-03,63,0.5998,2.4207
2021-07-29,2021-11-04,63,0.1646,0.6601
2021-07-30,2021-11-05,63,-0.2687,-1.0706
2021-08-02,2021-11-08,63,0.3972,1.5982
2021-08-03,2021-11-09,63,0.9395,3.8113
2021-08-04,2021-11-10,63,0.4682,1.8861
2021-08-05,2021-11-11,63,1.4286,5.8379
2021-08-06,2021-11-12,63,1.2782,5.2118
2021-08-09,2021-11-15,63,1.5915,6.5195
2021-08-10,2021-11-16,63,1.6552,6.7869
2021-08-11,2021-11-17,63,1.3841,5.6522
2021-08-12,2021-11-18,63,0.8785,3.5608
2021-08-13,2021-11-19,63,1.0738,4.365
2021-08-16,2021-11-22,63,0.6451,2.6057
2021-08-17,2021-11-23,63,0.5162,2.0808
2021-08-18,2021-11-24,63,0.3169,1.2738
2021-08-19,2021-11-25,63,0.4269,1.7185
2021-08-20,2021-11-26,63,0.3213,1.2913
2021-08-23,2021-11-29,63,-0.1679,-0.6698
2021-08-24,2021-11-30,63,-0.5621,-2.2294
2021-08-25,2021-12-01,63,-0.5312,-2.1081
2021-08-26,2021-12-02,63,-0.5882,-2.332
2021-08-27,2021-12-03,63,-0.9035,-3.5653
2021-08-30,2021-12-06,63,-1.2168,-4.7791
2021-08-31,2021-12-07,63,-1.6462,-6.424
2021-09-01,2021-12-08,63,-1.5056,-5.8878
2021-09-02,2021-12-09,63,-1.9477,-7.5663
2021-09-03,2021-12-10,63,-1.982,-7.6955
2021-09-06,2021-12-13,63,-2.1949,-8.4948
2021-09-07,2021-12-14,63,-2.7648,-10.609
2021-09-08,2021-12-15,63,-2.8412,-10.8897
2021-09-09,2021-12-16,63,-2.5686,-9.8854
2021-09-10,2021-12-17,63,-2.2448,-8.6814
2021-09-13,2021-12-20,63,-2.732,-10.4884
2021-09-14,2021-12-21,63,-2.0964,-8.1254
2021-09-15,2021-12-22,63,-2.3692,-9.1452
2021-09-16,2021-12-23,63,-1.4684,-5.7454
2021-09-17,2021-12-24,63,-0.846,-3.3414
2021-09-22,2021-12-27,63,-1.3636,-5.344
2021-09-23,2021-12-28,63,-1.2203,-4.7927
2021-09-24,2021-12-29,63,-0.4936,-1.9597
2021-09-27,2021-12-30,63,0.0679,0.2717
2021-09-28,2022-01-04,63,0.5378,2.1687
2021-09-29,2022-01-05,63,1.35,5.5104
2021-09-30,2022-01-06,63,1.028,4.1759
2021-10-08,2022-01-07,63,0.6014,2.4275
2021-10-11,2022-01-10,63,0.8215,3.3266
2021-10-12,2022-01-11,63,1.4541,5.9445
2021-10-13,2022-01-12,63,1.6629,6.8195
2021-10-14,2022-01-13,63,1.4034,5.7331
2021-10-15,2022-01-14,63,0.8965,3.6345
2021-10-18,2022-01-17,63,0.7966,3.2247
2021-10-19,2022-01-18,63,0.7349,2.9722
2021-10-20,2022-01-19,63,1.3179,5.3766
2021-10-21,2022-01-20,63,1.269,5.1735
2021-10-22,2022-01-21,63,1.4104,5.7622
2021-10-25,2022-01-24,63,1.2611,5.1407
2021-10-26,2022-01-25,63,0.4365,1.7575
2021-10-27,2022-01-26,63,1.2057,4.9108
2021-10-28,2022-01-27,63,0.7228,2.9229
2021-10-29,2022-01-28,63,0.5148,2.0752
2021-11-01,2022-02-07,63,1.2945,5.2794
2021-11-02,2022-02-08,63,2.4233,10.0514
2021-11-03,2022-02-09,63,2.5403,10.5549
2021-11-04,2022-02-10,63,2.9799,12.463
2021-11-05,2022-02-11,63,2.8192,11.7628
2021-11-08,2022-02-14,63,2.3833,9.8796
2021-11-09,2022-02-15,63,2.2871,9.4671
2021-11-10,2022-02-16,63,2.1729,8.9789
2021-11-11,2022-02-17,63,1.5212,6.2251
2021-11-12,2022-02-18,63,2.3936,9.9235
2021-11-15,2022-02-21,63,2.5732,10.697
2021-11-16,2022-02-22,63,2.6811,11.1635
2021-11-17,2022-02-23,63,2.2962,9.506
2021-11-18,2022-02-24,63,2.2667,9.3798
2021-11-19,2022-02-25,63,1.6501,6.7657
2021-11-22,2022-02-28,63,1.7135,7.0321
2021-11-23,2022-03-01,63,2.305,9.5437
2021-11-24,2022-03-02,63,2.8578,11.9307
2021-11-25,2022-03-03,63,3.1574,13.2403
2021-11-26,2022-03-04,63,3.1096,13.0307
2021-11-29,2022-03-07,63,3.6634,15.4788
2021-11-30,2022-03-08,63,3.3746,14.1973
2021-12-01,2022-03-09,63,3.2109,13.4757
2021-12-02,2022-03-10,63,2.7021,11.2544
2021-12-03,2022-03-11,63,2.8241,11.7839
2021-12-06,2022-03-14,63,2.1964,9.0793
2021-12-07,2022-03-15,63,0.0702,0.281
2021-12-08,2022-03-16,63,0.3331,1.3389
2021-12-09,2022-03-17,63,1.1304,4.5988
2021-12-10,2022-03-18,63,1.9294,7.944
2021-12-13,2022-03-21,63,1.7762,7.2962
2021-12-14,2022-03-22,63,2.5888,10.7644
2021-12-15,2022-03-23,63,2.6834,11.1734
2021-12-16,2022-03-24,63,2.2483,9.301
2021-12-17,2022-03-25,63,2.2264,9.2075
2021-12-20,2022-03-28,63,2.5215,10.4741
2021-12-21,2022-03-29,63,2.0171,8.3158
2021-12-22,2022-03-30,63,2.4398,10.1223
2021-12-23,2022-03-31,63,2.3202,9.6089
2021-12-24,2022-04-01,63,2.809,11.7185
2021-12-27,2022-04-06,63,2.9824,12.4739
2021-12-28,2022-04-07,63,2.562,10.6486
2021-12-29,2022-04-08,63,3.1243,13.0953
2021-12-30,2022-04-11,63,2.8449,11.8744
2022-01-04,2022-04-12,63,2.2961,9.5055
2022-01-05,2022-04-13,63,2.3471,9.724
2022-01-06,2022-04-14,63,3.0499,12.7693
2022-01-07,2022-04-15,63,3.116,13.0586
2022-01-10,2022-04-18,63,2.657,11.059
2022-01-11,2022-04-19,63,2.3871,9.8956
2022-01-12,2022-04-20,63,1.2907,5.2638
2022-01-13,2022-04-21,63,1.0635,4.3225
2022-01-14,2022-04-22,63,1.9503,8.0322
2022-01-17,2022-04-25,63,0.5881,2.3731
2022-01-18,2022-04-26,63,-0.229,-0.9129
2022-01-19,2022-04-27,63,-0.2455,-0.9785
2022-01-20,2022-04-28,63,-0.25,-0.9963
2022-01-21,2022-04-29,63,0.9179,3.7223
2022-01-24,2022-05-05,63,1.1705,4.7647
2022-01-25,2022-05-06,63,1.2782,5.2115
2022-01-26,2022-05-09,63,1.2558,5.1187
2022-01-27,2022-05-10,63,1.8677,7.6828
2022-01-28,2022-05-11,63,1.8977,7.8095
2022-02-07,2022-05-12,63,1.356,5.5352
2022-02-08,2022-05-13,63,0.8954,3.63
2022-02-09,2022-05-16,63,0.6442,2.602
2022-02-10,2022-05-17,63,0.293,1.177
2022-02-11,2022-05-18,63,0.02,0.0799
2022-02-14,2022-05-19,63,0.1393,0.5585
2022-02-15,2022-05-20,63,0.3453,1.3884
2022-02-16,2022-05-23,63,0.5841,2.3571
2022-02-17,2022-05-24,63,-0.1358,-0.5421
2022-02-18,2022-05-25,63,-0.3657,-1.4546
2022-02-21,2022-05-26,63,-0.1392,-0.5558
2022-02-22,2022-05-27,63,-0.1732,-0.6909
2022-02-23,2022-05-30,63,-0.0532,-0.2126
2022-02-24,2022-05-31,63,-0.1966,-0.7842
2022-02-25,2022-06-01,63,0.0443,0.1775
2022-02-28,2022-06-02,63,0.1636,0.656
2022-03-01,2022-06-06,63,-0.0219,-0.0876
2022-03-02,2022-06-07,63,-0.5881,-2.3316
2022-03-03,2022-06-08,63,-0.4531,-1.7999
2022-03-04,2022-06-09,63,-0.4934,-1.9592
2022-03-07,2022-06-10,63,-0.6951,-2.7516
2022-03-08,2022-06-13,63,-0.2611,-1.0403
2022-03-09,2022-06-14,63,-0.3112,-1.2389
2022-03-10,2022-06-15,63,-0.0311,-0.1243
2022-03-11,2022-06-16,63,-0.546,-2.1662
2022-03-14,2022-06-17,63,0.3073,1.2348
2022-03-15,2022-06-20,63,2.2575,9.3404
2022-03-16,2022-06-21,63,1.8211,7.4859
2022-03-17,2022-06-22,63,0.7394,2.9904
2022-03-18,2022-06-23,63,0.4359,1.755
2022-03-21,2022-06-24,63,0.1806,0.7246
2022-03-22,2022-06-27,63,0.0055,0.022
2022-03-23,2022-06-28,63,0.1589,0.6371
2022-03-24,2022-06-29,63,-0.2237,-0.8918
2022-03-25,2022-06-30,63,-0.3336,-1.3276
2022-03-28,2022-07-01,63,-0.531,-2.1073
2022-03-29,2022-07-04,63,-0.1422,-0.5675
2022-03-30,2022-07-05,63,-0.3979,-1.5821
2022-03-31,2022-07-06,63,-1.6054,-6.2686
2022-04-01,2022-07-07,63,-2.1635,-8.377
2022-04-06,2022-07-08,63,-2.5226,-9.715
2022-04-07,2022-07-11,63,-2.4347,-9.389
2022-04-08,2022-07-12,63,-2.6721,-10.2674
2022-04-11,2022-07-13,63,-2.4936,-9.6074
2022-04-12,2022-07-14,63,-2.8368,-10.8735
2022-04-13,2022-07-15,63,-3.6601,-13.8561
2022-04-14,2022-07-18,63,-3.581,-13.5729
2022-04-15,2022-07-19,63,-3.5102,-13.3185
2022-04-18,2022-07-20,63,-3.2613,-12.4207
2022-04-19,2022-07-21,63,-3.9042,-14.7259
2022-04-20,2022-07-22,63,-2.6799,-10.2962
2022-04-21,2022-07-25,63,-2.3603,-9.1122
2022-04-22,2022-07-26,63,-2.4139,-9.3116
2022-04-25,2022-07-27,63,-0.9712,-3.8287
2022-04-26,2022-07-28,63,0.0603,0.2415
2022-04-27,2022-07-29,63,-0.085,-0.3394
2022-04-28,2022-08-01,63,-0.3432,-1.3657
2022-04-29,2022-08-02,63,-1.8108,-7.049
2022-05-05,2022-08-03,63,-2.314,-8.9395
2022-05-06,2022-08-04,63,-1.4694,-5.7494
2022-05-09,2022-08-05,63,-1.2596,-4.9441
2022-05-10,2022-08-08,63,-0.8229,-3.2511
2022-05-11,2022-08-09,63,-0.4803,-1.9073
2022-05-12,2022-08-10,63,-0.7432,-2.9398
2022-05-13,2022-08-11,63,-0.8383,-3.3112
2022-05-16,2022-08-12,63,-0.576,-2.2842
2022-05-17,2022-08-15,63,-0.4141,-1.6462
2022-05-18,2022-08-16,63,0.1487,0.5961
2022-05-19,2022-08-17,63,-0.0675,-0.2697
2022-05-20,2022-08-18,63,-0.779,-3.0797
2022-05-23,2022-08-19,63,-0.6742,-2.6697
2022-05-24,2022-08-22,63,0.073,0.2923
2022-05-25,2022-08-23,63,-0.1883,-0.751
2022-05-26,2022-08-24,63,-0.8419,-3.3254
2022-05-27,2022-08-25,63,-0.3942,-1.5676
2022-05-30,2022-08-26,63,-0.3293,-1.3108
2022-05-31,2022-08-29,63,-0.2817,-1.1222
2022-06-01,2022-08-30,63,-0.2906,-1.1575
2022-06-02,2022-08-31,63,-0.6628,-2.6251
2022-06-06,2022-09-01,63,-0.733,-2.9
2022-06-07,2022-09-02,63,-0.7383,-2.9208
2022-06-08,2022-09-05,63,-0.433,-1.7209
2022-06-09,2022-09-06,63,0.1916,0.7686
2022-06-10,2022-09-07,63,-0.1315,-0.5251
2022-06-13,2022-09-08,63,-0.1221,-0.4873
2022-06-14,2022-09-09,63,0.2354,0.945
2022-06-15,2022-09-13,63,0.2539,1.0195
2022-06-16,2022-09-14,63,0.1989,0.798
2022-06-17,2022-09-15,63,-0.1405,-0.5607
2022-06-20,2022-09-16,63,-0.8278,-3.2705
2022-06-21,2022-09-19,63,-0.722,-2.857
2022-06-22,2022-09-20,63,-0.2909,-1.1584
2022-06-23,2022-09-21,63,-0.3949,-1.5704
2022-06-24,2022-09-22,63,-0.2631,-1.0482
2022-06-27,2022-09-23,63,-0.8116,-3.2071
2022-06-28,2022-09-26,63,-1.5206,-5.9452
2022-06-29,2022-09-27,63,-1.0142,-3.9954
2022-06-30,2022-09-28,63,-1.2789,-5.0181
2022-07-01,2022-09-29,63,-1.0027,-3.9507
2022-07-04,2022-09-30,63,-1.0237,-4.0324
2022-07-05,2022-10-10,63,-0.945,-3.7269
2022-07-06,2022-10-11,63,-0.0026,-0.0106
2022-07-07,2022-10-12,63,0.5773,2.3291
2022-07-08,2022-10-13,63,0.4224,1.7003
2022-07-11,2022-10-14,63,1.019,4.1386
2022-07-12,2022-10-17,63,0.8017,3.2455
2022-07-13,2022-10-18,63,1.0094,4.099
2022-07-14,2022-10-19,63,1.0665,4.3345
2022-07-15,2022-10-20,63,1.5149,6.1988
2022-07-18,2022-10-21,63,0.8737,3.5407
2022-07-19,2022-10-24,63,0.6749,2.7271
2022-07-20,2022-10-25,63,0.592,2.3892
2022-07-21,2022-10-26,63,1.0978,4.4642
2022-07-22,2022-10-27,63,0.8108,3.2829
2022-07-25,2022-10-28,63,0.1102,0.4417
2022-07-26,2022-10-31,63,-0.6533,-2.5877
2022-07-27,2022-11-01,63,-0.3267,-1.3004
2022-07-28,2022-11-02,63,-0.3666,-1.4585
2022-07-29,2022-11-03,63,-0.7352,-2.9086
2022-08-01,2022-11-04,63,-0.311,-1.2383
2022-08-02,2022-11-07,63,0.5523,2.2275
2022-08-03,2022-11-08,63,1.0835,4.4049
2022-08-04,2022-11-09,63,1.4764,6.0378
2022-08-05,2022-11-10,63,1.0896,4.43
2022-08-08,2022-11-11,63,1.6099,6.5969
2022-08-09,2022-11-14,63,1.3012,5.3071
2022-08-10,2022-11-15,63,1.7045,6.9943
2022-08-11,2022-11-16,63,1.5421,6.3124
2022-08-12,2022-11-17,63,1.1994,4.8848
2022-08-15,2022-11-18,63,0.903,3.6612
2022-08-16,2022-11-21,63,0.6769,2.7353
2022-08-17,2022-11-22,63,0.7098,2.8695
2022-08-18,2022-11-23,63,1.1084,4.508
2022-08-19,2022-11-24,63,1.2241,4.9869
2022-08-22,2022-11-25,63,1.4803,6.0541
2022-08-23,2022-11-28,63,1.21,4.9286
2022-08-24,2022-11-29,63,2.1339,8.8128
2022-08-25,2022-11-30,63,1.521,6.2242
2022-08-26,2022-12-01,63,1.5339,6.2784
2022-08-29,2022-12-02,63,1.6501,6.7657
2022-08-30,2022-12-05,63,1.814,7.4557
2022-08-31,2022-12-06,63,1.8523,7.6176
2022-09-01,2022-12-07,63,1.7095,7.0155
2022-09-02,2022-12-08,63,1.9114,7.8674
2022-09-05,2022-12-09,63,1.5608,6.3909
2022-09-06,2022-12-12,63,0.6385,2.5785
2022-09-07,2022-12-13,63,1.013,4.1139
2022-09-08,2022-12-14,63,1.093,4.4441
2022-09-09,2022-12-15,63,0.3778,1.5198
2022-09-13,2022-12-16,63,0.6604,2.6678
2022-09-14,2022-12-19,63,0.6771,2.7361
2022-09-15,2022-12-20,63,0.6223,2.5123
2022-09-16,2022-12-21,63,1.7791,7.3086
2022-09-19,2022-12-22,63,1.5487,6.34
2022-09-20,2022-12-23,63,1.2179,4.9613
2022-09-21,2022-12-26,63,0.912,3.6983
2022-09-22,2022-12-27,63,1.3026,5.3133
2022-09-23,2022-12-28,63,1.5378,6.2944
2022-09-26,2022-12-29,63,1.9773,8.1469
2022-09-27,2022-12-30,63,1.9691,8.1122
2022-09-28,2023-01-03,63,2.405,9.9727
2022-09-29,2023-01-04,63,2.5004,10.3831
2022-09-30,2023-01-05,63,2.3207,9.6112
2022-10-10,2023-01-06,63,1.9958,8.2255
2022-10-11,2023-01-09,63,2.2887,9.4737
2022-10-12,2023-01-10,63,1.7496,7.184
2022-10-13,2023-01-11,63,2.198,9.0862
2022-10-14,2023-01-12,63,1.8333,7.5372
2022-10-17,2023-01-13,63,2.2278,9.2134
2022-10-18,2023-01-16,63,2.3916,9.9151
2022-10-19,2023-01-17,63,2.7047,11.2658
2022-10-20,2023-01-18,63,3.0836,12.9167
2022-10-21,2023-01-19,63,3.1885,13.3768
2022-10-24,2023-01-20,63,3.8922,16.5016
2022-10-25,2023-01-30,63,3.7813,16.0047
2022-10-26,2023-01-31,63,3.7198,15.7301
2022-10-27,2023-02-01,63,3.9218,16.6346
2022-10-28,2023-02-02,63,4.8858,21.0228
2022-10-31,2023-02-03,63,4.7798,20.5342
2022-11-01,2023-02-06,63,3.9397,16.7146
2022-11-02,2023-02-07,63,3.6296,15.3281
2022-11-03,2023-02-08,63,3.7452,15.8434
2022-11-04,2023-02-09,63,3.4488,14.5256
2022-11-07,2023-02-10,63,2.884,12.0449
2022-11-08,2023-02-13,63,3.0382,12.7178
2022-11-09,2023-02-14,63,2.5719,10.6913
2022-11-10,2023-02-15,63,2.3365,9.6787
2022-11-11,2023-02-16,63,1.3337,5.4424
2022-11-14,2023-02-17,63,1.4247,5.8217
2022-11-15,2023-02-20,63,1.7804,7.3142
2022-11-16,2023-02-21,63,1.995,8.2218
2022-11-17,2023-02-22,63,2.1511,8.8862
2022-11-18,2023-02-23,63,2.3151,9.5868
2022-11-21,2023-02-24,63,2.4073,9.9827
2022-11-22,2023-02-27,63,2.3082,9.5574
2022-11-23,2023-02-28,63,2.4041,9.9687
2022-11-24,2023-03-01,63,2.3744,9.8412
2022-11-25,2023-03-02,63,2.0751,8.5625
2022-11-28,2023-03-03,63,2.3908,9.9117
2022-11-29,2023-03-06,63,1.8187,7.4755
2022-11-30,2023-03-07,63,1.7577,7.2184
2022-12-01,2023-03-08,63,1.5172,6.2081
2022-12-02,2023-03-09,63,1.3448,5.4887
2022-12-05,2023-03-10,63,0.9366,3.7995
2022-12-06,2023-03-13,63,1.8457,7.5899
2022-12-07,2023-03-14,63,2.1777,8.9993
2022-12-08,2023-03-15,63,2.362,9.7879
2022-12-09,2023-03-16,63,2.0734,8.5552
2022-12-12,2023-03-17,63,2.7169,11.3187
2022-12-13,2023-03-20,63,3.2221,13.525
2022-12-14,2023-03-21,63,2.8103,11.7242
2022-12-15,2023-03-22,63,3.0286,12.676
2022-12-16,2023-03-23,63,3.0914,12.9509
2022-12-19,2023-03-24,63,3.3931,14.279
2022-12-20,2023-03-27,63,3.2797,13.7784
2022-12-21,2023-03-28,63,2.8984,12.1074
2022-12-22,2023-03-29,63,3.0807,12.904
2022-12-23,2023-03-30,63,3.5393,14.9268
2022-12-26,2023-03-31,63,3.8032,16.1028
2022-12-27,2023-04-03,63,3.2647,13.7125
2022-12-28,2023-04-04,63,3.5833,15.1223
2022-12-29,2023-04-06,63,4.0643,17.2756
2022-12-30,2023-04-07,63,3.8461,16.2948
2023-01-03,2023-04-10,63,3.3805,14.2231
2023-01-04,2023-04-11,63,3.4417,14.4941
2023-01-05,2023-04-12,63,3.9217,16.634
2023-01-06,2023-04-13,63,4.177,17.7842
2023-01-09,2023-04-14,63,3.9972,16.9732
2023-01-10,2023-04-17,63,4.2362,18.0524
2023-01-11,2023-04-18,63,4.0092,17.0273
2023-01-12,2023-04-19,63,4.0878,17.3813
2023-01-13,2023-04-20,63,3.8932,16.5063
2023-01-16,2023-04-21,63,3.2151,13.4938
2023-01-17,2023-04-24,63,3.0465,12.7543
2023-01-18,2023-04-25,63,3.368,14.1681
2023-01-19,2023-04-26,63,3.3282,13.9924
2023-01-20,2023-04-27,63,2.9472,12.3204
2023-01-30,2023-04-28,63,3.1809,13.3438
2023-01-31,2023-05-04,63,4.5251,19.3664
2023-02-01,2023-05-05,63,4.5333,19.4041
2023-02-02,2023-05-08,63,4.5141,19.3163
2023-02-03,2023-05-09,63,4.937,21.2593
2023-02-06,2023-05-10,63,5.0227,21.6556
2023-02-07,2023-05-11,63,4.9342,21.2463
2023-02-08,2023-05-12,63,4.6872,20.1088
2023-02-09,2023-05-15,63,4.5443,19.4541
2023-02-10,2023-05-16,63,4.4579,19.0599
2023-02-13,2023-05-17,63,3.9555,16.7857
2023-02-14,2023-05-18,63,3.9369,16.7022
2023-02-15,2023-05-19,63,3.7407,15.8236
2023-02-16,2023-05-22,63,4.0688,17.2958
2023-02-17,2023-05-23,63,3.666,15.4903
2023-02-20,2023-05-24,63,2.7344,11.3946
2023-02-21,2023-05-25,63,2.2652,9.3734
2023-02-22,2023-05-26,63,2.2315,9.2294
2023-02-23,2023-05-29,63,2.4398,10.122
2023-02-24,2023-05-30,63,2.3715,9.8289
2023-02-27,2023-05-31,63,2.6172,10.8871
2023-02-28,2023-06-01,63,2.3968,9.9373
2023-03-01,2023-06-02,63,2.3574,9.7683
2023-03-02,2023-06-05,63,2.0998,8.6674
2023-03-03,2023-06-06,63,1.8445,7.5848
2023-03-06,2023-06-07,63,2.005,8.2646
2023-03-07,2023-06-08,63,2.1962,9.0783
2023-03-08,2023-06-09,63,2.7041,11.2632
2023-03-09,2023-06-12,63,2.6467,11.0145
2023-03-10,2023-06-13,63,2.9489,12.3278
2023-03-13,2023-06-14,63,2.106,8.6939
2023-03-14,2023-06-15,63,1.7286,7.0957
2023-03-15,2023-06-16,63,1.5237,6.2356
2023-03-16,2023-06-19,63,1.2431,5.0657
2023-03-17,2023-06-20,63,0.8055,3.261
2023-03-20,2023-06-21,63,-0.1635,-0.6526
2023-03-21,2023-06-26,63,-0.3211,-1.2783
2023-03-22,2023-06-27,63,0.3234,1.2998
2023-03-23,2023-06-28,63,0.144,0.5774
2023-03-24,2023-06-29,63,0.1485,0.5952
2023-03-27,2023-06-30,63,0.5844,2.3583
2023-03-28,2023-07-03,63,1.003,4.0728
2023-03-29,2023-07-04,63,0.8835,3.5812
2023-03-30,2023-07-05,63,0.6372,2.5734
2023-03-31,2023-07-06,63,0.3177,1.2767
2023-04-03,2023-07-07,63,0.5762,2.3249
2023-04-04,2023-07-10,63,0.3622,1.4568
2023-04-06,2023-07-11,63,0.1984,0.7959
2023-04-07,2023-07-12,63,-0.0938,-0.3748
2023-04-10,2023-07-13,63,0.6303,2.5451
2023-04-11,2023-07-14,63,0.2148,0.8619
2023-04-12,2023-07-17,63,-0.4172,-1.6583
2023-04-13,2023-07-18,63,-0.3542,-1.4092
2023-04-14,2023-07-19,63,-0.0465,-0.186
2023-04-17,2023-07-20,63,-0.2472,-0.9851
2023-04-18,2023-07-21,63,-0.3863,-1.5364
2023-04-19,2023-07-24,63,-0.3536,-1.4069
2023-04-20,2023-07-25,63,-0.1612,-0.6431
2023-04-21,2023-07-26,63,0.3965,1.5955
2023-04-24,2023-07-27,63,0.58,2.3404
2023-04-25,2023-07-28,63,0.5259,2.1203
2023-04-26,2023-07-31,63,0.5414,2.1833
2023-04-27,2023-08-01,63,0.5418,2.185
2023-04-28,2023-08-02,63,0.2238,0.8984
2023-05-04,2023-08-03,63,-0.8742,-3.4511
2023-05-05,2023-08-04,63,-1.1833,-4.6499
2023-05-08,2023-08-07,63,-1.4949,-5.8468
2023-05-09,2023-08-08,63,-1.387,-5.4335
2023-05-10,2023-08-09,63,-1.1458,-4.5049
2023-05-11,2023-08-10,63,-1.1627,-4.5703
2023-05-12,2023-08-11,63,-1.0966,-4.3146
2023-05-15,2023-08-14,63,-1.1999,-4.7141
2023-05-16,2023-08-15,63,-0.808,-3.1932
2023-05-17,2023-08-16,63,-0.5202,-2.0647
2023-05-18,2023-08-17,63,-0.6146,-2.4358
2023-05-19,2023-08-18,63,-0.425,-1.6892
2023-05-22,2023-08-21,63,-0.6474,-2.5645
2023-05-23,2023-08-22,63,-0.0777,-0.3104
2023-05-24,2023-08-23,63,0.1508,0.6045
2023-05-25,2023-08-24,63,0.375,1.5083
2023-05-26,2023-08-25,63,0.2726,1.0948
2023-05-29,2023-08-28,63,0.4414,1.7775
2023-05-30,2023-08-29,63,0.6588,2.6612
2023-05-31,2023-08-30,63,0.4201,1.6912
2023-06-01,2023-08-31,63,0.3402,1.3679
2023-06-02,2023-09-01,63,0.3473,1.3965
2023-06-05,2023-09-04,63,0.9924,4.029
2023-06-06,2023-09-05,63,0.8629,3.4967
2023-06-07,2023-09-06,63,0.5883,2.374
2023-06-08,2023-09-07,63,0.3858,1.5522
2023-06-09,2023-09-08,63,0.2063,0.8277
2023-06-12,2023-09-11,63,0.504,2.0314
2023-06-13,2023-09-12,63,0.4591,1.8492
2023-06-14,2023-09-13,63,0.8694,3.523
2023-06-15,2023-09-14,63,1.5686,6.4237
2023-06-16,2023-09-15,63,1.2775,5.2086
2023-06-19,2023-09-18,63,1.4461,5.9112
2023-06-20,2023-09-19,63,1.9335,7.9614
2023-06-21,2023-09-20,63,2.4187,10.0313
2023-06-26,2023-09-21,63,2.6066,10.841
2023-06-27,2023-09-22,63,2.2643,9.3696
2023-06-28,2023-09-25,63,2.2517,9.3154
2023-06-29,2023-09-26,63,2.1496,8.8798
2023-06-30,2023-09-27,63,1.7654,7.2507
2023-07-03,2023-09-28,63,1.0401,4.2256
2023-07-04,2023-10-09,63,0.7891,3.1939
2023-07-05,2023-10-10,63,0.3307,1.3295
2023-07-06,2023-10-11,63,0.3513,1.4128
2023-07-07,2023-10-12,63,0.74,2.993
2023-07-10,2023-10-13,63,0.6046,2.4402
2023-07-11,2023-10-16,63,0.9442,3.8305
2023-07-12,2023-10-17,63,1.3112,5.349
2023-07-13,2023-10-18,63,0.8485,3.4374
2023-07-14,2023-10-19,63,0.7576,3.065
2023-07-17,2023-10-20,63,1.097,4.4609
2023-07-18,2023-10-23,63,0.6618,2.6734
2023-07-19,2023-10-24,63,0.394,1.5854
2023-07-20,2023-10-25,63,0.7055,2.8521
2023-07-21,2023-10-26,63,1.1314,4.6028
2023-07-24,2023-10-27,63,1.2525,5.1048
2023-07-25,2023-10-30,63,0.783,3.1689
2023-07-26,2023-10-31,63,0.722,2.9193
2023-07-27,2023-11-01,63,0.5103,2.0569
2023-07-28,2023-11-02,63,0.3944,1.5868
2023-07-31,2023-11-03,63,0.1068,0.428
2023-08-01,2023-11-06,63,-0.166,-0.6625
2023-08-02,2023-11-07,63,-0.0456,-0.1821
2023-08-03,2023-11-08,63,-0.2014,-0.803
2023-08-04,2023-11-09,63,-0.1034,-0.4129
2023-08-07,2023-11-10,63,0.0838,0.3358
2023-08-08,2023-11-13,63,0.0844,0.3378
2023-08-09,2023-11-14,63,0.2581,1.0364
2023-08-10,2023-11-15,63,0.4947,1.9935
2023-08-11,2023-11-16,63,0.6693,2.7042
2023-08-14,2023-11-17,63,0.6954,2.8108
2023-08-15,2023-11-20,63,0.2906,1.1673
2023-08-16,2023-11-21,63,0.2672,1.0733
2023-08-17,2023-11-22,63,0.1561,0.626
2023-08-18,2023-11-23,63,0.5173,2.0853
2023-08-21,2023-11-24,63,0.7055,2.8519
2023-08-22,2023-11-27,63,0.7042,2.8467
2023-08-23,2023-11-28,63,0.7763,3.1416
2023-08-24,2023-11-29,63,0.8085,3.2736
2023-08-25,2023-11-30,63,0.9406,3.8159
2023-08-28,2023-12-01,63,0.6737,2.7221
2023-08-29,2023-12-04,63,0.8645,3.5029
2023-08-30,2023-12-05,63,0.2915,1.1712
2023-08-31,2023-12-06,63,0.3906,1.5717
2023-09-01,2023-12-07,63,0.2506,1.0063
2023-09-04,2023-12-08,63,-0.213,-0.8492
2023-09-05,2023-12-11,63,0.1161,0.4652
2023-09-06,2023-12-12,63,0.2562,1.0288
2023-09-07,2023-12-13,63,0.141,0.565
2023-09-08,2023-12-14,63,0.5173,2.0854
2023-09-11,2023-12-15,63,0.1698,0.6808
2023-09-12,2023-12-18,63,0.1047,0.4193
2023-09-13,2023-12-19,63,-0.0006,-0.0025
2023-09-14,2023-12-20,63,-0.5284,-2.0967
2023-09-15,2023-12-21,63,-0.3688,-1.467
2023-09-18,2023-12-22,63,-0.185,-0.7381
2023-09-19,2023-12-25,63,-0.3749,-1.491
2023-09-20,2023-12-26,63,-0.6,-2.3785
2023-09-21,2023-12-27,63,-0.2186,-0.8713
2023-09-22,2023-12-28,63,-0.2757,-1.0981
2023-09-25,2023-12-29,63,-0.2591,-1.0324
2023-09-26,2024-01-02,63,0.2309,0.927
2023-09-27,2024-01-03,63,0.689,2.7848
2023-09-28,2024-01-04,63,1.1094,4.5118
2023-10-09,2024-01-05,63,1.5233,6.2337
2023-10-10,2024-01-08,63,1.7175,7.049
2023-10-11,2024-01-09,63,1.9115,7.868
2023-10-12,2024-01-10,63,1.2687,5.1723
2023-10-13,2024-01-11,63,1.1166,4.5416
2023-10-16,2024-01-12,63,0.7967,3.2249
2023-10-17,2024-01-15,63,0.8959,3.6321
2023-10-18,2024-01-16,63,0.9476,3.8446
2023-10-19,2024-01-17,63,0.6414,2.5903
2023-10-20,2024-01-18,63,0.2697,1.083
2023-10-23,2024-01-19,63,0.5885,2.3749
2023-10-24,2024-01-22,63,-0.4543,-1.8049
2023-10-25,2024-01-23,63,-0.3085,-1.2282
2023-10-26,2024-01-24,63,-0.0657,-0.2626
2023-10-27,2024-01-25,63,0.4284,1.7246
2023-10-30,2024-01-26,63,1.057,4.2957
2023-10-31,2024-01-29,63,1.1041,4.4899
2023-11-01,2024-01-30,63,0.9402,3.8141
2023-11-02,2024-01-31,63,0.753,3.0463
2023-11-03,2024-02-01,63,0.7142,2.8874
2023-11-06,2024-02-02,63,0.9569,3.8827
2023-11-07,2024-02-05,63,0.8768,3.5537
2023-11-08,2024-02-06,63,1.5752,6.4511
2023-11-09,2024-02-07,63,2.1493,8.8785
2023-11-10,2024-02-08,63,2.2016,9.1016
2023-11-13,2024-02-19,63,2.6051,10.8348
2023-11-14,2024-02-20,63,2.8466,11.8819
2023-11-15,2024-02-21,63,2.647,11.0161
2023-11-16,2024-02-22,63,3.1151,13.0548
2023-11-17,2024-02-23,63,2.9408,12.2924
2023-11-20,2024-02-26,63,2.8322,11.8193
2023-11-21,2024-02-27,63,2.9288,12.2399
2023-11-22,2024-02-28,63,2.797,11.6664
2023-11-23,2024-02-29,63,2.969,12.4155
2023-11-24,2024-03-01,63,3.0329,12.6945
2023-11-27,2024-03-04,63,3.3217,13.9636
2023-11-28,2024-03-05,63,3.7636,15.9256
2023-11-29,2024-03-06,63,3.8993,16.5332
2023-11-30,2024-03-07,63,4.1986,17.8819
2023-12-01,2024-03-08,63,4.2885,18.2894
2023-12-04,2024-03-11,63,3.8654,16.3814
2023-12-05,2024-03-12,63,3.9725,16.8623
2023-12-06,2024-03-13,63,3.8632,16.3715
2023-12-07,2024-03-14,63,3.8881,16.4832
2023-12-08,2024-03-15,63,3.9692,16.8476
2023-12-11,2024-03-18,63,3.4945,14.7279
2023-12-12,2024-03-19,63,3.3593,14.1295
2023-12-13,2024-03-20,63,3.7532,15.8791
2023-12-14,2024-03-21,63,3.9282,16.6632
2023-12-15,2024-03-22,63,3.866,16.3839
2023-12-18,2024-03-25,63,4.0272,17.1084
2023-12-19,2024-03-26,63,4.0405,17.1683
2023-12-20,2024-03-27,63,4.1284,17.5647
2023-12-21,2024-03-28,63,4.3108,18.3904
2023-12-22,2024-03-29,63,5.0965,21.998
2023-12-25,2024-04-01,63,5.2083,22.5178
2023-12-26,2024-04-02,63,5.4701,23.7422
2023-12-27,2024-04-03,63,5.8691,25.625
2023-12-28,2024-04-08,63,6.4926,28.6106
2023-12-29,2024-04-09,63,6.4701,28.5021
2024-01-02,2024-04-10,63,6.2636,27.5082
2024-01-03,2024-04-11,63,6.0284,26.3832
2024-01-04,2024-04-12,63,6.8277,30.2375
2024-01-05,2024-04-15,63,6.9201,30.6885
2024-01-08,2024-04-16,63,7.3192,32.6506
2024-01-09,2024-04-17,63,7.7524,34.8054
2024-01-10,2024-04-18,63,7.9809,35.9529
2024-01-11,2024-04-19,63,8.332,37.7294
2024-01-12,2024-04-22,63,7.1425,31.7792
2024-01-15,2024-04-23,63,5.6744,24.7035
2024-01-16,2024-04-24,63,5.9513,26.0159
2024-01-17,2024-04-25,63,6.6554,29.3994
2024-01-18,2024-04-26,63,6.9446,30.8085
2024-01-19,2024-04-29,63,6.8124,30.1628
2024-01-22,2024-04-30,63,7.7721,34.9041
2024-01-23,2024-05-06,63,7.6345,34.2166
2024-01-24,2024-05-07,63,7.1304,31.7197
2024-01-25,2024-05-08,63,6.4427,28.3702
2024-01-26,2024-05-09,63,6.1218,26.8287
2024-01-29,2024-05-10,63,6.7868,30.0378
2024-01-30,2024-05-13,63,6.9727,30.9457
2024-01-31,2024-05-14,63,6.8054,30.1288
2024-02-01,2024-05-15,63,7.2036,32.0802
2024-02-02,2024-05-16,63,7.4468,33.283
2024-02-05,2024-05-17,63,7.9735,35.9156
2024-02-06,2024-05-20,63,8.3547,37.8448
2024-02-07,2024-05-21,63,7.4518,33.3077
2024-02-08,2024-05-22,63,7.3885,32.9935
2024-02-19,2024-05-23,63,5.9494,26.007
2024-02-20,2024-05-24,63,5.2796,22.8504
2024-02-21,2024-05-27,63,5.718,24.9098
2024-02-22,2024-05-28,63,5.2437,22.6828
2024-02-23,2024-05-29,63,5.6484,24.5811
2024-02-26,2024-05-30,63,5.4351,23.578
2024-02-27,2024-05-31,63,5.4647,23.7166
2024-02-28,2024-06-03,63,5.2834,22.8681
2024-02-29,2024-06-04,63,5.327,23.0721
2024-03-01,2024-06-05,63,4.7394,20.3483
2024-03-04,2024-06-06,63,4.7068,20.1985
2024-03-05,2024-06-07,63,4.3099,18.3864
2024-03-06,2024-06-11,63,2.8259,11.792
2024-03-07,2024-06-12,63,2.8696,11.9819
2024-03-08,2024-06-13,63,2.4168,10.0236
2024-03-11,2024-06-14,63,2.4366,10.1085
2024-03-12,2024-06-17,63,2.7163,11.3158
2024-03-13,2024-06-18,63,2.9988,12.5455
2024-03-14,2024-06-19,63,2.9013,12.1199
2024-03-15,2024-06-20,63,2.9612,12.3815
2024-03-18,2024-06-21,63,3.3562,14.1159
2024-03-19,2024-06-24,63,2.6313,10.948
2024-03-20,2024-06-25,63,2.616,10.882
2024-03-21,2024-06-26,63,1.9279,7.9373
2024-03-22,2024-06-27,63,1.8564,7.6347
2024-03-25,2024-06-28,63,2.1802,9.0104
2024-03-26,2024-07-01,63,2.6966,11.2306
2024-03-27,2024-07-02,63,2.6866,11.1872
2024-03-28,2024-07-03,63,2.4705,10.2541
2024-03-29,2024-07-04,63,1.6024,6.5653
2024-04-01,2024-07-05,63,1.366,5.577
2024-04-02,2024-07-08,63,1.1104,4.5161
2024-04-03,2024-07-09,63,0.7016,2.8362
2024-04-08,2024-07-10,63,-0.2625,-1.0458
2024-04-09,2024-07-11,63,-0.0314,-0.1255
