entry_date,end_date,holding_days,total_return_pct,annualized_return_pct
2009-01-05,2009-04-10,63,8.8572,40.4199
2009-01-06,2009-04-13,63,9.5385,43.9682
2009-01-07,2009-04-14,63,9.87,45.7193
2009-01-08,2009-04-15,63,10.8433,50.9514
2009-01-09,2009-04-16,63,10.1979,47.4666
2009-01-12,2009-04-17,63,9.5001,43.7668
2009-01-13,2009-04-20,63,11.5961,55.0943
2009-01-14,2009-04-21,63,10.1724,47.3302
2009-01-15,2009-04-22,63,9.7258,44.9559
2009-01-16,2009-04-23,63,8.8029,40.1398
2009-01-19,2009-04-24,63,8.0387,36.2438
2009-01-20,2009-04-27,63,7.7146,34.6165
2009-01-21,2009-04-28,63,6.4948,28.6217
2009-01-22,2009-04-29,63,7.4424,33.2609
2009-01-23,2009-04-30,63,7.545,33.7706
2009-02-02,2009-05-04,63,6.9188,30.6821
2009-02-03,2009-05-05,63,6.5779,29.0235
2009-02-04,2009-05-06,63,5.924,25.8861
2009-02-05,2009-05-07,63,6.1874,27.1429
2009-02-06,2009-05-08,63,5.4362,23.5833
2009-02-09,2009-05-11,63,4.8949,21.0648
2009-02-10,2009-05-12,63,5.4499,23.6472
2009-02-11,2009-05-13,63,5.5595,24.1623
2009-02-12,2009-05-14,63,4.7108,20.2169
2009-02-13,2009-05-15,63,3.7661,15.9371
2009-02-16,2009-05-18,63,3.1099,13.0318
2009-02-17,2009-05-19,63,3.3735,14.1922
2009-02-18,2009-05-20,63,4.2844,18.2709
2009-02-19,2009-05-21,63,3.9034,16.5518
2009-02-20,2009-05-22,63,3.6299,15.3294
2009-02-23,2009-05-25,63,2.8505,11.8987
2009-02-24,2009-05-26,63,3.9477,16.7509
2009-02-25,2009-05-27,63,5.0651,21.8525
2009-02-26,2009-06-01,63,8.4665,38.4148
2009-02-27,2009-06-02,63,8.5808,38.9991
2009-03-02,2009-06-03,63,9.877,45.7563
2009-03-03,2009-06-04,63,11.0456,52.0568
2009-03-04,2009-06-05,63,9.2179,42.2904
2009-03-05,2009-06-08,63,8.4234,38.1949
2009-03-06,2009-06-09,63,8.239,37.2571
2009-03-09,2009-06-10,63,9.9081,45.9215
2009-03-10,2009-06-11,63,9.6143,44.3675
2009-03-11,2009-06-12,63,9.6203,44.399
2009-03-12,2009-06-15,63,9.7387,45.024
2009-03-13,2009-06-16,63,9.575,44.1604
2009-03-16,2009-06-17,63,9.3947,43.2141
2009-03-17,2009-06-18,63,9.3333,42.8928
2009-03-18,2009-06-19,63,9.784,45.2636
2009-03-19,2009-06-22,63,8.7427,39.8303
2009-03-20,2009-06-23,63,8.033,36.215
2009-03-23,2009-06-24,63,7.4737,33.4164
2009-03-24,2009-06-25,63,8.0144,36.1212
2009-03-25,2009-06-26,63,9.1858,42.1232
2009-03-26,2009-06-29,63,8.2531,37.3287
2009-03-27,2009-06-30,63,8.1301,36.7055
2009-03-30,2009-07-01,63,8.9269,40.7798
2009-03-31,2009-07-02,63,9.6435,44.5212
2009-04-01,2009-07-03,63,9.5445,44.0001
2009-04-02,2009-07-06,63,9.3143,42.7931
2009-04-03,2009-07-07,63,9.0893,41.6216
2009-04-07,2009-07-08,63,9.5603,44.0829
2009-04-08,2009-07-09,63,10.8707,51.1011
2009-04-09,2009-07-10,63,10.2834,47.9246
2009-04-10,2009-07-13,63,8.5712,38.9502
2009-04-13,2009-07-14,63,9.0049,41.1835
2009-04-14,2009-07-15,63,9.1411,41.8906
2009-04-15,2009-07-16,63,9.8849,45.798
2009-04-16,2009-07-17,63,9.9081,45.9213
2009-04-17,2009-07-20,63,11.804,56.2533
2009-04-20,2009-07-21,63,10.9739,51.6645
2009-04-21,2009-07-22,63,11.418,54.1066
2009-04-22,2009-07-23,63,13.3221,64.9146
2009-04-23,2009-07-24,63,13.302,64.7972
2009-04-24,2009-07-27,63,13.9962,68.8737
2009-04-27,2009-07-28,63,14.3388,70.9129
2009-04-28,2009-07-29,63,13.124,63.7642
2009-04-29,2009-07-30,63,12.4579,59.9412
2009-04-30,2009-07-31,63,13.4395,65.5989
2009-05-04,2009-08-03,63,13.0803,63.5115
2009-05-05,2009-08-04,63,12.4521,59.908
2009-05-06,2009-08-05,63,11.7398,55.8947
2009-05-07,2009-08-06,63,10.4629,48.8898
2009-05-08,2009-08-07,63,8.9614,40.9584
2009-05-11,2009-08-10,63,8.9355,40.8244
2009-05-12,2009-08-11,63,8.3706,37.9259
2009-05-13,2009-08-12,63,6.0565,26.5172
2009-05-14,2009-08-13,63,7.4304,33.2016
2009-05-15,2009-08-14,63,6.5885,29.0746
2009-05-18,2009-08-17,63,4.3665,18.6434
2009-05-19,2009-08-18,63,4.3851,18.7282
2009-05-20,2009-08-19,63,3.1516,13.2149
2009-05-21,2009-08-20,63,4.969,21.4071
2009-05-22,2009-08-21,63,5.1701,22.3404
2009-05-25,2009-08-24,63,5.4661,23.7234
2009-05-26,2009-08-25,63,4.3047,18.3628
2009-05-27,2009-08-26,63,4.1287,17.5659
2009-06-01,2009-08-27,63,1.8943,7.7954
2009-06-02,2009-08-28,63,1.3498,5.5093
2009-06-03,2009-08-31,63,-1.6811,-6.5566
2009-06-04,2009-09-01,63,-1.07,-4.2116
2009-06-05,2009-09-02,63,-0.6175,-2.4474
2009-06-08,2009-09-03,63,1.5513,6.3509
2009-06-09,2009-09-04,63,1.7613,7.2333
2009-06-10,2009-09-07,63,1.8632,7.6636
2009-06-11,2009-09-08,63,3.0203,12.6395
2009-06-12,2009-09-09,63,3.4383,14.4788
2009-06-15,2009-09-10,63,2.847,11.8838
2009-06-16,2009-09-11,63,3.8226,16.1897
2009-06-17,2009-09-14,63,3.5824,15.1181
2009-06-18,2009-09-15,63,2.983,12.4765
2009-06-19,2009-09-16,63,3.073,12.8702
2009-06-22,2009-09-17,63,3.5405,14.9322
2009-06-23,2009-09-18,63,2.6024,10.823
2009-06-24,2009-09-21,63,1.932,7.9548
2009-06-25,2009-09-22,63,1.3809,5.6392
2009-06-26,2009-09-23,63,0.6977,2.8201
2009-06-29,2009-09-24,63,0.8142,3.2966
2009-06-30,2009-09-25,63,0.0771,0.3087
2009-07-01,2009-09-28,63,-1.0276,-4.0475
2009-07-02,2009-09-29,63,-1.3253,-5.1969
2009-07-03,2009-09-30,63,-1.1225,-4.4149
2009-07-06,2009-10-09,63,1.0911,4.4365
2009-07-07,2009-10-12,63,1.3689,5.5893
2009-07-08,2009-10-13,63,2.1519,8.8894
2009-07-09,2009-10-14,63,2.6159,10.8816
2009-07-10,2009-10-15,63,2.6723,11.1252
2009-07-13,2009-10-16,63,2.9971,12.5384
2009-07-14,2009-10-19,63,2.6081,10.8475
2009-07-15,2009-10-20,63,2.8699,11.9833
2009-07-16,2009-10-21,63,2.1684,8.9599
2009-07-17,2009-10-22,63,1.8575,7.6397
2009-07-20,2009-10-23,63,1.7974,7.3856
2009-07-21,2009-10-26,63,1.9094,7.859
2009-07-22,2009-10-27,63,0.4253,1.7119
2009-07-23,2009-10-28,63,-0.1494,-0.5962
2009-07-24,2009-10-29,63,-0.9403,-3.7086
2009-07-27,2009-10-30,63,-1.0586,-4.1676
2009-07-28,2009-11-02,63,-0.1818,-0.7253
2009-07-29,2009-11-03,63,2.1264,8.7806
2009-07-30,2009-11-04,63,2.1312,8.8011
2009-07-31,2009-11-05,63,1.4546,5.9467
2009-08-03,2009-11-06,63,1.0099,4.1011
2009-08-04,2009-11-09,63,1.5975,6.5446
2009-08-05,2009-11-10,63,1.6128,6.6091
2009-08-06,2009-11-11,63,2.2538,9.3246
2009-08-07,2009-11-12,63,3.2749,13.7574
2009-08-10,2009-11-13,63,3.4194,14.3952
2009-08-11,2009-11-16,63,4.8704,20.9514
2009-08-12,2009-11-17,63,6.4277,28.2976
2009-08-13,2009-11-18,63,5.8374,25.4748
2009-08-14,2009-11-19,63,6.5344,28.8129
2009-08-17,2009-11-20,63,8.2858,37.4948
2009-08-18,2009-11-23,63,8.9169,40.7281
2009-08-19,2009-11-24,63,9.6143,44.3671
2009-08-20,2009-11-25,63,9.0499,41.417
2009-08-21,2009-11-26,63,7.9875,35.9858
2009-08-24,2009-11-27,63,6.1652,27.0366
2009-08-25,2009-11-30,63,8.7036,39.6291
2009-08-26,2009-12-01,63,8.6187,39.1933
2009-08-27,2009-12-02,63,10.0715,46.7913
2009-08-28,2009-12-03,63,10.8097,50.7687
2009-08-31,2009-12-04,63,13.6669,66.9303
2009-09-01,2009-12-07,63,11.9278,56.9468
2009-09-02,2009-12-08,63,10.8303,50.881
2009-09-03,2009-12-09,63,7.1377,31.7559
2009-09-04,2009-12-10,63,7.0217,31.1859
2009-09-07,2009-12-11,63,6.756,29.888
2009-09-08,2009-12-14,63,6.1526,26.9762
2009-09-09,2009-12-15,63,5.832,25.4491
2009-09-10,2009-12-16,63,6.5634,28.9532
2009-09-11,2009-12-17,63,4.8008,20.6307
2009-09-14,2009-12-18,63,3.6745,15.5281
2009-09-15,2009-12-21,63,3.7431,15.8342
2009-09-16,2009-12-22,63,2.4424,10.1336
2009-09-17,2009-12-23,63,1.8748,7.7128
2009-09-18,2009-12-24,63,4.2952,18.32
2009-09-21,2009-12-25,63,4.4385,18.9714
2009-09-22,2009-12-28,63,5.4627,23.7076
2009-09-23,2009-12-29,63,6.016,26.324
2009-09-24,2009-12-30,63,5.9727,26.1177
2009-09-25,2010-01-04,63,6.6457,29.3519
2009-09-28,2010-01-05,63,8.9254,40.7719
2009-09-29,2010-01-06,63,8.0042,36.07
2009-09-30,2010-01-07,63,7.1788,31.9578
2009-10-09,2010-01-08,63,4.2693,18.2024
2009-10-12,2010-01-11,63,5.2785,22.8454
2009-10-13,2010-01-12,63,4.964,21.3841
2009-10-14,2010-01-13,63,2.6208,10.9025
2009-10-15,2010-01-14,63,3.2167,13.5011
2009-10-16,2010-01-15,63,3.412,14.3624
2009-10-19,2010-01-18,63,2.568,10.6746
2009-10-20,2010-01-19,63,1.9816,8.1652
2009-10-21,2010-01-20,63,1.4481,5.9194
2009-10-22,2010-01-21,63,1.5601,6.388
2009-10-23,2010-01-22,63,0.376,1.5125
2009-10-26,2010-01-25,63,0.4367,1.7585
2009-10-27,2010-01-26,63,0.7557,3.0573
2009-10-28,2010-01-27,63,0.4287,1.7259
2009-10-29,2010-01-28,63,0.8194,3.3179
2009-10-30,2010-01-29,63,-0.1351,-0.5392
2009-11-02,2010-02-01,63,-1.2937,-5.0754
2009-11-03,2010-02-02,63,-1.2738,-4.9988
2009-11-04,2010-02-03,63,-0.9668,-3.8115
2009-11-05,2010-02-04,63,-1.3854,-5.4277
2009-11-06,2010-02-05,63,-2.9638,-11.3386
2009-11-09,2010-02-08,63,-3.29,-12.5246
2009-11-10,2010-02-09,63,-2.824,-10.8266
2009-11-11,2010-02-10,63,-2.4771,-9.5462
2009-11-12,2010-02-11,63,-2.6474,-10.1765
2009-11-13,2010-02-12,63,-2.1328,-8.2622
2009-11-16,2010-02-22,63,-2.7864,-10.6884
2009-11-17,2010-02-23,63,-3.4384,-13.0605
2009-11-18,2010-02-24,63,-3.5279,-13.3824
2009-11-19,2010-02-25,63,-3.5592,-13.4946
2009-11-20,2010-02-26,63,-3.1245,-11.9244
2009-11-23,2010-03-01,63,-3.1604,-12.0547
2009-11-24,2010-03-02,63,-2.6289,-10.1082
2009-11-25,2010-03-03,63,-2.8809,-11.035
2009-11-26,2010-03-04,63,-2.7295,-10.4791
2009-11-27,2010-03-05,63,-1.5111,-5.9088
2009-11-30,2010-03-08,63,-2.1407,-8.2919
2009-12-01,2010-03-09,63,-2.6453,-10.1686
2009-12-02,2010-03-10,63,-3.5708,-13.5362
2009-12-03,2010-03-11,63,-3.6811,-13.9313
2009-12-04,2010-03-12,63,-4.4925,-16.795
2009-12-07,2010-03-15,63,-4.0627,-15.287
2009-12-08,2010-03-16,63,-3.4719,-13.1811
2009-12-09,2010-03-17,63,-1.4411,-5.6411
2009-12-10,2010-03-18,63,-1.9004,-7.3875
2009-12-11,2010-03-19,63,-1.8458,-7.1813
2009-12-14,2010-03-22,63,-2.4799,-9.5566
2009-12-15,2010-03-23,63,-2.3757,-9.1695
2009-12-16,2010-03-24,63,-2.7229,-10.4547
2009-12-17,2010-03-25,63,-2.5663,-9.8769
2009-12-18,2010-03-26,63,-1.2025,-4.7238
2009-12-21,2010-03-29,63,-0.2752,-1.0962
2009-12-22,2010-03-30,63,0.8483,3.4366
2009-12-23,2010-03-31,63,0.5227,2.1071
2009-12-24,2010-04-01,63,-0.209,-0.8335
2009-12-25,2010-04-02,63,0.1993,0.7997
2009-12-28,2010-04-06,63,-0.3052,-1.2153
2009-12-29,2010-04-07,63,-0.3556,-1.415
2009-12-30,2010-04-08,63,-0.9485,-3.7402
2010-01-04,2010-04-09,63,-0.5789,-2.2954
2010-01-05,2010-04-12,63,-1.6972,-6.6179
2010-01-06,2010-04-13,63,-0.936,-3.6917
2010-01-07,2010-04-14,63,-0.4652,-1.8479
2010-01-08,2010-04-15,63,-0.2353,-0.9378
2010-01-11,2010-04-16,63,-1.4512,-5.6797
2010-01-12,2010-04-19,63,-3.3734,-12.8262
2010-01-13,2010-04-20,63,-1.6814,-6.5578
2010-01-14,2010-04-21,63,-1.6285,-6.3564
2010-01-15,2010-04-22,63,-2.0424,-7.9229
2010-01-18,2010-04-23,63,-2.1783,-8.4325
2010-01-19,2010-04-26,63,-2.0839,-8.0785
2010-01-20,2010-04-27,63,-1.7992,-7.0047
2010-01-21,2010-04-28,63,-1.4721,-5.7596
2010-01-22,2010-04-29,63,-0.9582,-3.778
2010-01-25,2010-04-30,63,-0.5057,-2.0074
2010-01-26,2010-05-04,63,-0.2723,-1.0848
2010-01-27,2010-05-05,63,-0.0064,-0.0257
2010-01-28,2010-05-06,63,-0.6768,-2.6798
2010-01-29,2010-05-07,63,0.0105,0.0418
2010-02-01,2010-05-10,63,0.454,1.8285
2010-02-02,2010-05-11,63,-0.3335,-1.3275
2010-02-03,2010-05-12,63,-0.4045,-1.6081
2010-02-04,2010-05-13,63,0.5385,2.1713
2010-02-05,2010-05-14,63,1.8319,7.5313
2010-02-08,2010-05-17,63,0.8061,3.2636
2010-02-09,2010-05-18,63,0.4459,1.7955
2010-02-10,2010-05-19,63,-0.2909,-1.1586
2010-02-11,2010-05-20,63,-1.2562,-4.931
2010-02-12,2010-05-21,63,-1.6095,-6.2841
2010-02-22,2010-05-24,63,-1.1639,-4.575
2010-02-23,2010-05-25,63,-1.1987,-4.7093
2010-02-24,2010-05-26,63,-0.8322,-3.2874
2010-02-25,2010-05-27,63,-0.4489,-1.7837
2010-02-26,2010-05-28,63,-0.8328,-3.2899
2010-03-01,2010-05-31,63,-1.9591,-7.6092
2010-03-02,2010-06-01,63,-1.7863,-6.9561
2010-03-03,2010-06-02,63,-2.3863,-9.2091
2010-03-04,2010-06-03,63,-1.9349,-7.5179
2010-03-05,2010-06-04,63,-2.4564,-9.4696
2010-03-08,2010-06-07,63,-2.8428,-10.8953
2010-03-09,2010-06-08,63,-2.1814,-8.4441
2010-03-10,2010-06-09,63,-1.6957,-6.6121
2010-03-11,2010-06-10,63,-1.848,-7.1896
2010-03-12,2010-06-11,63,-1.7979,-7.0001
2010-03-15,2010-06-17,63,-0.9853,-3.8831
2010-03-16,2010-06-18,63,-1.2049,-4.7332
2010-03-17,2010-06-21,63,-1.0499,-4.1337
2010-03-18,2010-06-22,63,-1.3776,-5.3975
2010-03-19,2010-06-23,63,-1.632,-6.3701
2010-03-22,2010-06-24,63,-1.3959,-5.4676
2010-03-23,2010-06-25,63,-0.8797,-3.4728
2010-03-24,2010-06-28,63,-0.668,-2.6452
2010-03-25,2010-06-29,63,-1.4242,-5.5761
2010-03-26,2010-06-30,63,-1.9637,-7.6265
2010-03-29,2010-07-01,63,-3.1328,-11.9546
2010-03-30,2010-07-02,63,-3.8645,-14.5848
2010-03-31,2010-07-05,63,-3.6346,-13.7648
2010-04-01,2010-07-06,63,-3.7358,-14.1264
2010-04-02,2010-07-07,63,-4.3159,-16.1779
2010-04-06,2010-07-08,63,-4.0184,-15.1304
2010-04-07,2010-07-09,63,-3.828,-14.455
2010-04-08,2010-07-12,63,-3.253,-12.3909
2010-04-09,2010-07-13,63,-4.1334,-15.5365
2010-04-12,2010-07-14,63,-3.5816,-13.5749
2010-04-13,2010-07-15,63,-4.2118,-15.8124
2010-04-14,2010-07-16,63,-4.4157,-16.5268
2010-04-15,2010-07-19,63,-4.2381,-15.905
2010-04-16,2010-07-20,63,-3.7313,-14.1103
2010-04-19,2010-07-21,63,-2.032,-7.8836
2010-04-20,2010-07-22,63,-1.9959,-7.7476
2010-04-21,2010-07-23,63,-2.0784,-8.0578
2010-04-22,2010-07-26,63,-1.6146,-6.3035
2010-04-23,2010-07-27,63,-1.7203,-6.7057
2010-04-26,2010-07-28,63,-1.8595,-7.2331
2010-04-27,2010-07-29,63,-1.1295,-4.4422
2010-04-28,2010-07-30,63,-1.4134,-5.5348
2010-04-29,2010-08-02,63,-0.7551,-2.9864
2010-04-30,2010-08-03,63,-1.641,-6.4043
2010-05-04,2010-08-04,63,-0.9205,-3.6314
2010-05-05,2010-08-05,63,-1.1359,-4.4669
2010-05-06,2010-08-06,63,0.4225,1.7007
2010-05-07,2010-08-09,63,0.4154,1.6721
2010-05-10,2010-08-10,63,-0.6661,-2.638
2010-05-11,2010-08-11,63,-0.342,-1.3611
2010-05-12,2010-08-12,63,-1.4421,-5.6449
2010-05-13,2010-08-13,63,-1.451,-5.6788
2010-05-14,2010-08-16,63,-0.6398,-2.5349
2010-05-17,2010-08-17,63,0.6131,2.4749
2010-05-18,2010-08-18,63,0.3869,1.5566
2010-05-19,2010-08-19,63,1.0509,4.2705
2010-05-20,2010-08-20,63,1.5751,6.4509
2010-05-21,2010-08-23,63,1.4172,5.7903
2010-05-24,2010-08-24,63,0.1589,0.6372
2010-05-25,2010-08-25,63,0.4863,1.9594
2010-05-26,2010-08-26,63,0.26,1.0439
2010-05-27,2010-08-27,63,-0.1807,-0.7209
2010-05-28,2010-08-30,63,0.175,0.7018
2010-05-31,2010-08-31,63,0.6357,2.5672
2010-06-01,2010-09-01,63,0.9035,3.6633
2010-06-02,2010-09-02,63,1.0891,4.4281
2010-06-03,2010-09-03,63,1.1842,4.8215
2010-06-04,2010-09-06,63,2.1812,9.0146
2010-06-07,2010-09-07,63,2.4315,10.0864
2010-06-08,2010-09-08,63,2.0428,8.4249
2010-06-09,2010-09-09,63,0.6913,2.7941
2010-06-10,2010-09-10,63,1.0352,4.2056
2010-06-11,2010-09-13,63,1.1695,4.7608
2010-06-17,2010-09-14,63,0.9871,4.0074
2010-06-18,2010-09-15,63,0.8487,3.4382
2010-06-21,2010-09-16,63,-0.7513,-2.9715
2010-06-22,2010-09-17,63,0.0171,0.0683
2010-06-23,2010-09-20,63,0.2783,1.1178
2010-06-24,2010-09-21,63,0.2716,1.091
2010-06-25,2010-09-27,63,0.6161,2.4874
2010-06-28,2010-09-28,63,0.114,0.4568
2010-06-29,2010-09-29,63,1.9637,8.0893
2010-06-30,2010-09-30,63,2.7146,11.3084
2010-07-01,2010-10-08,63,4.329,18.4734
2010-07-02,2010-10-11,63,6.4566,28.4371
2010-07-05,2010-10-12,63,6.837,30.2829
2010-07-06,2010-10-13,63,7.2095,32.1094
2010-07-07,2010-10-14,63,8.5093,38.6335
2010-07-08,2010-10-15,63,9.3746,43.1085
2010-07-09,2010-10-18,63,8.2482,37.304
2010-07-12,2010-10-19,63,8.3399,37.7696
2010-07-13,2010-10-20,63,8.5112,38.6429
2010-07-14,2010-10-21,63,7.3932,33.0169
2010-07-15,2010-10-22,63,7.5741,33.9154
2010-07-16,2010-10-25,63,9.2084,42.2406
2010-07-19,2010-10-26,63,8.336,37.7501
2010-07-20,2010-10-27,63,7.2408,32.2638
2010-07-21,2010-10-28,63,7.0353,31.2527
2010-07-22,2010-10-29,63,6.6402,29.3255
2010-07-23,2010-11-01,63,7.3118,32.614
2010-07-26,2010-11-02,63,7.0725,31.4351
2010-07-27,2010-11-03,63,7.2362,32.2409
2010-07-28,2010-11-04,63,7.5015,33.5545
2010-07-29,2010-11-05,63,8.2871,37.5012
2010-07-30,2010-11-08,63,8.5908,39.0503
2010-08-02,2010-11-09,63,8.3237,37.6875
2010-08-03,2010-11-10,63,7.9633,35.8642
2010-08-04,2010-11-11,63,8.0869,36.4872
2010-08-05,2010-11-12,63,6.3553,27.9491
2010-08-06,2010-11-15,63,5.3143,23.0125
2010-08-09,2010-11-16,63,3.6995,15.6394
2010-08-10,2010-11-17,63,3.8537,16.3291
2010-08-11,2010-11-18,63,4.4828,19.1735
2010-08-12,2010-11-19,63,4.9031,21.1028
2010-08-13,2010-11-22,63,4.0509,17.2151
2010-08-16,2010-11-23,63,3.0102,12.5954
2010-08-17,2010-11-24,63,3.6302,15.3309
2010-08-18,2010-11-25,63,3.9515,16.7677
2010-08-19,2010-11-26,63,3.0552,12.7925
2010-08-20,2010-11-29,63,3.3035,13.8835
2010-08-23,2010-11-30,63,3.1106,13.035
2010-08-24,2010-12-01,63,4.0975,17.425
2010-08-25,2010-12-02,63,4.657,19.9702
2010-08-26,2010-12-03,63,4.5348,19.4107
2010-08-27,2010-12-06,63,5.3481,23.1705
2010-08-30,2010-12-07,63,5.2994,22.9431
2010-08-31,2010-12-08,63,4.4114,18.848
2010-09-01,2010-12-09,63,3.7385,15.8136
2010-09-02,2010-12-10,63,4.0094,17.0281
2010-09-03,2010-12-13,63,4.8084,20.666
2010-09-06,2010-12-14,63,4.4978,19.2419
2010-09-07,2010-12-15,63,3.8963,16.5202
2010-09-08,2010-12-16,63,3.6014,15.2028
2010-09-09,2010-12-17,63,4.1436,17.6334
2010-09-10,2010-12-20,63,4.1967,17.8733
2010-09-13,2010-12-21,63,4.7505,20.3993
2010-09-14,2010-12-22,63,4.2993,18.3382
2010-09-15,2010-12-23,63,4.2611,18.165
2010-09-16,2010-12-24,63,4.7106,20.2162
2010-09-17,2010-12-27,63,4.0328,17.1335
2010-09-20,2010-12-28,63,3.712,15.6955
2010-09-21,2010-12-29,63,4.1825,17.8091
2010-09-27,2010-12-30,63,3.5972,15.1838
2010-09-28,2011-01-04,63,4.882,21.0053
2010-09-29,2011-01-05,63,3.5385,14.9231
2010-09-30,2011-01-06,63,2.5458,10.5788
2010-10-08,2011-01-07,63,1.5096,6.1766
2010-10-11,2011-01-10,63,-0.071,-0.2839
2010-10-12,2011-01-11,63,0.0483,0.1933
2010-10-13,2011-01-12,63,-0.2279,-0.9086
2010-10-14,2011-01-13,63,-1.1842,-4.6534
2010-10-15,2011-01-14,63,-2.6818,-10.3032
2010-10-18,2011-01-17,63,-3.2629,-12.4267
2010-10-19,2011-01-18,63,-3.4937,-13.2595
2010-10-20,2011-01-19,63,-2.5444,-9.7956
2010-10-21,2011-01-20,63,-3.0331,-11.5915
2010-10-22,2011-01-21,63,-2.5977,-9.9928
2010-10-25,2011-01-24,63,-3.8477,-14.5252
2010-10-26,2011-01-25,63,-3.7896,-14.3181
2010-10-27,2011-01-26,63,-2.952,-11.2953
2010-10-28,2011-01-27,63,-2.5273,-9.7323
2010-10-29,2011-01-28,63,-2.9316,-11.2206
2010-11-01,2011-01-31,63,-3.3366,-12.6932
2010-11-02,2011-02-01,63,-3.0296,-11.5787
2010-11-03,2011-02-09,63,-2.8207,-10.8143
2010-11-04,2011-02-10,63,-2.8601,-10.959
2010-11-05,2011-02-11,63,-3.6625,-13.8645
2010-11-08,2011-02-14,63,-3.0459,-11.6381
2010-11-09,2011-02-15,63,-3.4813,-13.2147
2010-11-10,2011-02-16,63,-2.4559,-9.4676
2010-11-11,2011-02-17,63,-2.8688,-10.9909
2010-11-12,2011-02-18,63,-1.1603,-4.5611
2010-11-15,2011-02-21,63,-0.3494,-1.3903
2010-11-16,2011-02-22,63,0.2234,0.8964
2010-11-17,2011-02-23,63,1.0705,4.3511
2010-11-18,2011-02-24,63,0.5891,2.3774
2010-11-19,2011-02-25,63,0.3887,1.5637
2010-11-22,2011-02-28,63,0.9326,3.7828
2010-11-23,2011-03-01,63,1.5912,6.5181
2010-11-24,2011-03-02,63,1.0555,4.2893
2010-11-25,2011-03-03,63,0.7894,3.1953
2010-11-26,2011-03-04,63,1.4831,6.0656
2010-11-29,2011-03-07,63,2.5057,10.4059
2010-11-30,2011-03-08,63,2.6037,10.8287
2010-12-01,2011-03-09,63,1.8473,7.5964
2010-12-02,2011-03-10,63,1.0873,4.4207
2010-12-03,2011-03-11,63,0.4509,1.8158
2010-12-06,2011-03-14,63,-0.0096,-0.0384
2010-12-07,2011-03-15,63,-0.8766,-3.4605
2010-12-08,2011-03-16,63,0.3192,1.2828
2010-12-09,2011-03-17,63,0.2687,1.079
2010-12-10,2011-03-18,63,0.2789,1.1204
2010-12-13,2011-03-21,63,-0.0829,-0.3311
2010-12-14,2011-03-22,63,-0.1688,-0.6733
2010-12-15,2011-03-23,63,0.6762,2.7322
2010-12-16,2011-03-24,63,0.9064,3.6752
2010-12-17,2011-03-25,63,1.4157,5.784
2010-12-20,2011-03-28,63,1.4052,5.7404
2010-12-21,2011-03-29,63,0.6916,2.7952
2010-12-22,2011-03-30,63,1.1323,4.6066
2010-12-23,2011-03-31,63,1.0702,4.3501
2010-12-24,2011-04-01,63,1.7515,7.1924
2010-12-27,2011-04-06,63,3.193,13.3969
2010-12-28,2011-04-07,63,3.3174,13.9448
2010-12-29,2011-04-08,63,3.3395,14.0423
2010-12-30,2011-04-11,63,3.1875,13.3725
2011-01-04,2011-04-12,63,2.0274,8.3598
2011-01-05,2011-04-13,63,3.4114,14.3597
2011-01-06,2011-04-14,63,3.6416,15.3815
2011-01-07,2011-04-15,63,3.6917,15.6046
2011-01-10,2011-04-18,63,4.2555,18.1397
2011-01-11,2011-04-19,63,3.1831,13.3532
2011-01-12,2011-04-20,63,3.0084,12.5877
2011-01-13,2011-04-21,63,3.4079,14.3446
2011-01-14,2011-04-22,63,3.9784,16.8886
2011-01-17,2011-04-25,63,5.082,21.9309
2011-01-18,2011-04-26,63,4.4117,18.8494
2011-01-19,2011-04-27,63,3.8357,16.2481
2011-01-20,2011-04-28,63,5.2834,22.8681
2011-01-21,2011-04-29,63,5.0976,22.0034
2011-01-24,2011-05-03,63,5.1542,22.2663
2011-01-25,2011-05-04,63,4.5141,19.3163
2011-01-26,2011-05-05,63,4.0138,17.0479
2011-01-27,2011-05-06,63,3.0799,12.9006
2011-01-28,2011-05-09,63,3.7889,16.0388
2011-01-31,2011-05-10,63,3.5626,15.0303
2011-02-01,2011-05-11,63,3.4857,14.6889
2011-02-09,2011-05-12,63,2.7834,11.6071
2011-02-10,2011-05-13,63,3.0045,12.5705
2011-02-11,2011-05-16,63,2.3566,9.7647
2011-02-14,2011-05-17,63,1.7298,7.1008
2011-02-15,2011-05-18,63,1.9186,7.8982
2011-02-16,2011-05-19,63,1.6413,6.7286
2011-02-17,2011-05-20,63,1.8322,7.5328
2011-02-18,2011-05-23,63,1.2602,5.137
2011-02-21,2011-05-24,63,1.1813,4.8095
2011-02-22,2011-05-25,63,1.5434,6.318
2011-02-23,2011-05-26,63,1.5642,6.4052
2011-02-24,2011-05-27,63,1.3435,5.4831
2011-02-25,2011-05-30,63,1.6494,6.7626
2011-02-28,2011-05-31,63,1.7282,7.0939
2011-03-01,2011-06-01,63,1.1974,4.8762
2011-03-02,2011-06-02,63,0.7328,2.9635
2011-03-03,2011-06-03,63,0.8494,3.4409
2011-03-04,2011-06-07,63,0.9393,3.8103
2011-03-07,2011-06-08,63,-0.0742,-0.2966
2011-03-08,2011-06-09,63,-0.3429,-1.3645
2011-03-09,2011-06-10,63,-0.1256,-0.5014
2011-03-10,2011-06-13,63,0.0571,0.2287
2011-03-11,2011-06-14,63,0.8531,3.4562
2011-03-14,2011-06-15,63,0.4004,1.6114
2011-03-15,2011-06-16,63,0.7495,3.032
2011-03-16,2011-06-17,63,0.4026,1.6203
2011-03-17,2011-06-20,63,0.9204,3.7326
2011-03-18,2011-06-21,63,0.8145,3.2979
2011-03-21,2011-06-22,63,0.4231,1.7032
2011-03-22,2011-06-23,63,0.6028,2.4329
2011-03-23,2011-06-24,63,0.57,2.2994
2011-03-24,2011-06-27,63,0.1483,0.5946
2011-03-25,2011-06-28,63,-0.1777,-0.7087
2011-03-28,2011-06-29,63,-0.2382,-0.9495
2011-03-29,2011-06-30,63,0.2221,0.8914
2011-03-30,2011-07-01,63,-0.1064,-0.425
2011-03-31,2011-07-04,63,0.602,2.4299
2011-04-01,2011-07-05,63,-0.0506,-0.2022
2011-04-06,2011-07-06,63,-0.6571,-2.6028
2011-04-07,2011-07-07,63,-0.4567,-1.8145
2011-04-08,2011-07-08,63,-0.7129,-2.8211
2011-04-11,2011-07-11,63,-0.4153,-1.651
2011-04-12,2011-07-12,63,-0.6468,-2.5623
2011-04-13,2011-07-13,63,-0.3778,-1.5029
2011-04-14,2011-07-14,63,-0.0054,-0.0217
2011-04-15,2011-07-15,63,-0.2291,-0.9133
2011-04-18,2011-07-18,63,-0.319,-1.27
2011-04-19,2011-07-19,63,0.2484,0.9971
2011-04-20,2011-07-20,63,-0.2833,-1.1285
2011-04-21,2011-07-21,63,-0.5411,-2.1467
2011-04-22,2011-07-22,63,-0.7042,-2.7871
2011-04-25,2011-07-25,63,-0.7119,-2.8172
2011-04-26,2011-07-26,63,-0.289,-1.1511
2011-04-27,2011-07-27,63,-0.1288,-0.5141
2011-04-28,2011-07-28,63,-0.844,-3.3336
2011-04-29,2011-07-29,63,-0.7719,-3.0519
2011-05-03,2011-08-01,63,-0.8144,-3.218
2011-05-04,2011-08-02,63,0.0401,0.1603
2011-05-05,2011-08-03,63,0.9683,3.9299
2011-05-06,2011-08-04,63,1.4959,6.1193
2011-05-09,2011-08-05,63,0.6909,2.7924
2011-05-10,2011-08-08,63,0.5101,2.0562
2011-05-11,2011-08-09,63,1.1043,4.4909
2011-05-12,2011-08-10,63,1.9244,7.9226
2011-05-13,2011-08-11,63,2.0617,8.5055
2011-05-16,2011-08-12,63,2.2569,9.3377
2011-05-17,2011-08-15,63,2.2354,9.2459
2011-05-18,2011-08-16,63,2.4629,10.2217
2011-05-19,2011-08-17,63,2.5759,10.7085
2011-05-20,2011-08-18,63,2.1007,8.6712
2011-05-23,2011-08-19,63,3.5143,14.8157
2011-05-24,2011-08-22,63,3.6792,15.5492
2011-05-25,2011-08-23,63,4.2802,18.2517
2011-05-26,2011-08-24,63,3.1464,13.1923
2011-05-27,2011-08-25,63,2.6906,11.2045
2011-05-30,2011-08-26,63,2.776,11.5749
2011-05-31,2011-08-29,63,2.5896,10.7678
2011-06-01,2011-08-30,63,2.5336,10.5263
2011-06-02,2011-08-31,63,3.4452,14.5093
2011-06-03,2011-09-01,63,3.0721,12.8664
2011-06-07,2011-09-02,63,2.9142,12.1763
2011-06-08,2011-09-05,63,3.3731,14.1905
2011-06-09,2011-09-06,63,4.1284,17.5648
2011-06-10,2011-09-07,63,3.0901,12.9454
2011-06-13,2011-09-08,63,3.4227,14.4099
2011-06-14,2011-09-09,63,3.78,15.9993
2011-06-15,2011-09-13,63,2.9899,12.5065
2011-06-16,2011-09-14,63,3.227,13.5465
2011-06-17,2011-09-15,63,3.134,13.1377
2011-06-20,2011-09-16,63,2.3029,9.5348
2011-06-21,2011-09-19,63,2.4579,10.2
2011-06-22,2011-09-20,63,1.8619,7.6583
2011-06-23,2011-09-21,63,2.7022,11.2547
2011-06-24,2011-09-22,63,1.1862,4.8299
2011-06-27,2011-09-23,63,1.1167,4.5423
2011-06-28,2011-09-26,63,-1.1109,-4.3699
2011-06-29,2011-09-27,63,-0.6493,-2.5719
2011-06-30,2011-09-28,63,-1.2219,-4.7988
2011-07-01,2011-09-29,63,-1.5513,-6.0624
2011-07-04,2011-09-30,63,-1.8619,-7.242
2011-07-05,2011-10-10,63,-1.6832,-6.5646
2011-07-06,2011-10-11,63,-1.6026,-6.2578
2011-07-07,2011-10-12,63,-0.9017,-3.5585
2011-07-08,2011-10-13,63,-0.8768,-3.4612
2011-07-11,2011-10-14,63,-1.1053,-4.3483
2011-07-12,2011-10-17,63,-0.4047,-1.6091
2011-07-13,2011-10-18,63,-2.0522,-7.9595
2011-07-14,2011-10-19,63,-2.5631,-9.8651
2011-07-15,2011-10-20,63,-3.4924,-13.2546
2011-07-18,2011-10-21,63,-3.5566,-13.4851
2011-07-19,2011-10-24,63,-2.3784,-9.1797
2011-07-20,2011-10-25,63,-1.8155,-7.0665
2011-07-21,2011-10-26,63,-0.6295,-2.4942
2011-07-22,2011-10-27,63,-0.1971,-0.7863
2011-07-25,2011-10-28,63,0.5922,2.3897
2011-07-26,2011-10-31,63,0.0015,0.0061
2011-07-27,2011-11-01,63,-0.103,-0.4112
2011-07-28,2011-11-02,63,0.8662,3.5103
2011-07-29,2011-11-03,63,0.7506,3.0365
2011-08-01,2011-11-04,63,1.4278,5.8348
2011-08-02,2011-11-07,63,1.3599,5.5517
2011-08-03,2011-11-08,63,0.8555,3.4661
2011-08-04,2011-11-09,63,0.8897,3.6066
2011-08-05,2011-11-10,63,0.5591,2.2553
2011-08-08,2011-11-11,63,0.7002,2.8305
2011-08-09,2011-11-14,63,0.849,3.4394
2011-08-10,2011-11-15,63,0.345,1.3872
2011-08-11,2011-11-16,63,-1.1532,-4.5335
2011-08-12,2011-11-17,63,-0.9142,-3.607
2011-08-15,2011-11-18,63,-2.1766,-8.4263
2011-08-16,2011-11-21,63,-2.4553,-9.4654
2011-08-17,2011-11-22,63,-3.0551,-11.6715
2011-08-18,2011-11-23,63,-2.6905,-10.3355
2011-08-19,2011-11-24,63,-3.3724,-12.8225
2011-08-22,2011-11-25,63,-3.9848,-15.0115
2011-08-23,2011-11-28,63,-4.0175,-15.1274
2011-08-24,2011-11-29,63,-2.7969,-10.7269
2011-08-25,2011-11-30,63,-3.2666,-12.4401
2011-08-26,2011-12-01,63,-2.4602,-9.4837
2011-08-29,2011-12-02,63,-2.6651,-10.2419
2011-08-30,2011-12-05,63,-2.4974,-9.6216
2011-08-31,2011-12-06,63,-3.5615,-13.503
2011-09-01,2011-12-07,63,-2.8965,-11.0923
2011-09-02,2011-12-08,63,-2.8523,-10.9303
2011-09-05,2011-12-09,63,-3.5198,-13.353
2011-09-06,2011-12-12,63,-4.1573,-15.6206
2011-09-07,2011-12-13,63,-4.5799,-17.0991
2011-09-08,2011-12-14,63,-4.8579,-18.0609
2011-09-09,2011-12-15,63,-6.7374,-24.3464
2011-09-13,2011-12-16,63,-5.1426,-19.0372
2011-09-14,2011-12-19,63,-5.2508,-19.406
2011-09-15,2011-12-20,63,-4.9188,-18.2706
2011-09-16,2011-12-21,63,-4.3646,-16.3481
2011-09-19,2011-12-22,63,-4.7796,-17.791
2011-09-20,2011-12-23,63,-4.2413,-15.916
2011-09-21,2011-12-26,63,-5.7352,-21.0415
2011-09-22,2011-12-27,63,-4.7438,-17.6671
2011-09-23,2011-12-28,63,-4.3412,-16.2665
2011-09-26,2011-12-29,63,-2.9639,-11.3389
2011-09-27,2011-12-30,63,-2.6609,-10.2263
2011-09-28,2012-01-04,63,-2.1932,-8.4886
2011-09-29,2012-01-05,63,-1.2961,-5.0843
2011-09-30,2012-01-06,63,-1.1844,-4.6541
2011-10-10,2012-01-09,63,-0.6698,-2.6523
2011-10-11,2012-01-10,63,-0.2412,-0.9613
2011-10-12,2012-01-11,63,-1.0728,-4.2228
2011-10-13,2012-01-12,63,-1.0186,-4.0128
2011-10-14,2012-01-13,63,-1.2179,-4.7833
2011-10-17,2012-01-16,63,-1.9172,-7.4509
2011-10-18,2012-01-17,63,0.477,1.9216
2011-10-19,2012-01-18,63,0.2604,1.0456
2011-10-20,2012-01-19,63,2.011,8.2897
2011-10-21,2012-01-20,63,2.1122,8.7203
2011-10-24,2012-01-30,63,1.3549,5.5309
2011-10-25,2012-01-31,63,1.2343,5.0292
2011-10-26,2012-02-01,63,-0.4269,-1.6968
2011-10-27,2012-02-02,63,0.235,0.9431
2011-10-28,2012-02-03,63,-0.1234,-0.4928
2011-10-31,2012-02-06,63,-0.0161,-0.0643
2011-11-01,2012-02-07,63,-0.571,-2.2645
2011-11-02,2012-02-08,63,-0.1501,-0.599
2011-11-03,2012-02-09,63,-0.3117,-1.2411
2011-11-04,2012-02-10,63,-1.0325,-4.0664
2011-11-07,2012-02-13,63,-1.082,-4.2583
2011-11-08,2012-02-14,63,-1.5865,-6.1967
2011-11-09,2012-02-15,63,-1.3641,-5.3458
2011-11-10,2012-02-16,63,-0.6159,-2.441
2011-11-11,2012-02-17,63,-0.5398,-2.1419
2011-11-14,2012-02-20,63,-1.2562,-4.9308
2011-11-15,2012-02-21,63,-0.6229,-2.4685
2011-11-16,2012-02-22,63,0.564,2.2752
2011-11-17,2012-02-23,63,1.0187,4.1374
2011-11-18,2012-02-24,63,2.4659,10.2343
2011-11-21,2012-02-27,63,2.376,9.8481
2011-11-22,2012-02-28,63,3.11,13.0325
2011-11-23,2012-02-29,63,3.0815,12.9075
2011-11-24,2012-03-01,63,2.0531,8.469
2011-11-25,2012-03-02,63,2.8503,11.898
2011-11-28,2012-03-05,63,2.1218,8.7611
2011-11-29,2012-03-06,63,1.0361,4.2093
2011-11-30,2012-03-07,63,1.178,4.796
2011-12-01,2012-03-08,63,0.5527,2.229
2011-12-02,2012-03-09,63,1.0903,4.433
2011-12-05,2012-03-12,63,1.0588,4.3028
2011-12-06,2012-03-13,63,1.7832,7.3258
2011-12-07,2012-03-14,63,0.358,1.4398
2011-12-08,2012-03-15,63,-0.2561,-1.0207
2011-12-09,2012-03-16,63,0.8561,3.4687
2011-12-12,2012-03-19,63,1.3718,5.601
2011-12-13,2012-03-20,63,1.8991,7.8157
2011-12-14,2012-03-21,63,2.25,9.3085
2011-12-15,2012-03-22,63,4.0503,17.2125
2011-12-16,2012-03-23,63,2.7857,11.6173
2011-12-19,2012-03-26,63,3.1738,13.3126
2011-12-20,2012-03-27,63,3.4571,14.562
2011-12-21,2012-03-28,63,2.5348,10.5312
2011-12-22,2012-03-29,63,2.1928,9.0639
2011-12-23,2012-03-30,63,2.3695,9.8203
2011-12-26,2012-04-05,63,2.8477,11.8867
2011-12-27,2012-04-06,63,3.2419,13.6118
2011-12-28,2012-04-09,63,3.2418,13.6115
2011-12-29,2012-04-10,63,4.2099,17.9331
2011-12-30,2012-04-11,63,3.7124,15.6974
2012-01-04,2012-04-12,63,3.9934,16.9563
2012-01-05,2012-04-13,63,3.943,16.7297
2012-01-06,2012-04-16,63,3.0158,12.6199
2012-01-09,2012-04-17,63,2.129,8.792
2012-01-10,2012-04-18,63,2.0294,8.3681
2012-01-11,2012-04-19,63,1.7309,7.1056
2012-01-12,2012-04-20,63,1.9444,8.0074
2012-01-13,2012-04-23,63,1.9489,8.0266
2012-01-16,2012-04-24,63,2.5152,10.4468
2012-01-17,2012-04-25,63,1.2401,5.0534
2012-01-18,2012-04-26,63,1.8352,7.5452
2012-01-19,2012-04-27,63,1.1615,4.7278
2012-01-20,2012-05-02,63,1.4436,5.9006
2012-01-30,2012-05-03,63,0.833,3.3737
2012-01-31,2012-05-04,63,0.7635,3.089
2012-02-01,2012-05-07,63,1.2193,4.9671
2012-02-02,2012-05-08,63,0.11,0.4409
2012-02-03,2012-05-09,63,-1.1469,-4.5092
2012-02-06,2012-05-10,63,-0.6742,-2.6695
2012-02-07,2012-05-11,63,-0.4967,-1.9719
2012-02-08,2012-05-14,63,-1.8581,-7.2279
2012-02-09,2012-05-15,63,-1.9108,-7.427
2012-02-10,2012-05-16,63,-2.5142,-9.684
2012-02-13,2012-05-17,63,-1.6526,-6.4484
2012-02-14,2012-05-18,63,-1.3855,-5.4279
2012-02-15,2012-05-21,63,-1.2703,-4.9852
2012-02-16,2012-05-22,63,-0.8186,-3.2345
2012-02-17,2012-05-23,63,-1.5369,-6.0074
2012-02-20,2012-05-24,63,-1.6885,-6.585
2012-02-21,2012-05-25,63,-2.1164,-8.2006
2012-02-22,2012-05-28,63,-1.8355,-7.1422
2012-02-23,2012-05-29,63,-1.8933,-7.3608
2012-02-24,2012-05-30,63,-2.7248,-10.4616
2012-02-27,2012-05-31,63,-2.6375,-10.1399
2012-02-28,2012-06-01,63,-2.8112,-10.7794
2012-02-29,2012-06-04,63,-2.5274,-9.7329
2012-03-01,2012-06-05,63,-1.5425,-6.0285
2012-03-02,2012-06-06,63,-1.7157,-6.6881
2012-03-05,2012-06-07,63,-1.6582,-6.4696
2012-03-06,2012-06-08,63,-2.0361,-7.8991
2012-03-07,2012-06-11,63,-0.8099,-3.2006
2012-03-08,2012-06-12,63,-1.5988,-6.2434
2012-03-09,2012-06-13,63,-1.3231,-5.1881
2012-03-12,2012-06-14,63,-1.2829,-5.0335
2012-03-13,2012-06-15,63,-1.1732,-4.6108
2012-03-14,2012-06-18,63,-0.2666,-1.0621
2012-03-15,2012-06-19,63,0.2382,0.9563
2012-03-16,2012-06-20,63,-0.4465,-1.7741
2012-03-19,2012-06-21,63,-1.0903,-4.2906
2012-03-20,2012-06-25,63,-1.4045,-5.5009
2012-03-21,2012-06-26,63,-1.3766,-5.3939
2012-03-22,2012-06-27,63,-1.6236,-6.3379
2012-03-23,2012-06-28,63,-1.5144,-5.9214
2012-03-26,2012-06-29,63,-1.4663,-5.7374
2012-03-27,2012-07-02,63,-1.5837,-6.1859
2012-03-28,2012-07-03,63,-0.442,-1.7565
2012-03-29,2012-07-04,63,0.191,0.7662
2012-03-30,2012-07-05,63,-0.3074,-1.2241
2012-04-05,2012-07-06,63,-0.2223,-0.8864
2012-04-06,2012-07-09,63,-1.2471,-4.8957
2012-04-09,2012-07-10,63,-1.1921,-4.6836
2012-04-10,2012-07-11,63,-1.4602,-5.714
2012-04-11,2012-07-12,63,-1.5822,-6.18
2012-04-12,2012-07-13,63,-1.8534,-7.2101
2012-04-13,2012-07-16,63,-2.3738,-9.1625
2012-04-16,2012-07-17,63,-1.5707,-6.1364
2012-04-17,2012-07-18,63,-1.5619,-6.1029
2012-04-18,2012-07-19,63,-2.1482,-8.3197
2012-04-19,2012-07-20,63,-2.1755,-8.422
2012-04-20,2012-07-23,63,-3.013,-11.5182
2012-04-23,2012-07-24,63,-2.7058,-10.3917
2012-04-24,2012-07-25,63,-2.7508,-10.5574
2012-04-25,2012-07-26,63,-2.6097,-10.0373
2012-04-26,2012-07-27,63,-2.5211,-9.7096
2012-04-27,2012-07-30,63,-2.6661,-10.2456
2012-05-02,2012-07-31,63,-2.975,-11.3794
2012-05-03,2012-08-01,63,-2.7537,-10.568
2012-05-04,2012-08-02,63,-3.1419,-11.9875
2012-05-07,2012-08-03,63,-3.1066,-11.8592
2012-05-08,2012-08-06,63,-2.477,-9.546
2012-05-09,2012-08-07,63,-1.4431,-5.6485
2012-05-10,2012-08-08,63,-1.4952,-5.8478
2012-05-11,2012-08-09,63,-0.8448,-3.3365
2012-05-14,2012-08-10,63,-0.7053,-2.7916
2012-05-15,2012-08-13,63,-0.6919,-2.7391
2012-05-16,2012-08-14,63,-0.0774,-0.3092
2012-05-17,2012-08-15,63,-1.3274,-5.2049
2012-05-18,2012-08-16,63,-1.4252,-5.5801
2012-05-21,2012-08-17,63,-1.6012,-6.2526
2012-05-22,2012-08-20,63,-1.886,-7.3332
2012-05-23,2012-08-21,63,-1.2322,-4.8383
2012-05-24,2012-08-22,63,-1.0447,-4.1137
2012-05-25,2012-08-23,63,-0.3327,-1.3241
2012-05-28,2012-08-24,63,-1.2239,-4.8066
2012-05-29,2012-08-27,63,-1.7259,-6.727
2012-05-30,2012-08-28,63,-1.2227,-4.8017
2012-05-31,2012-08-29,63,-1.411,-5.5258
2012-06-01,2012-08-30,63,-1.5102,-5.9052
2012-06-04,2012-08-31,63,-2.0894,-8.0993
2012-06-05,2012-09-03,63,-1.425,-5.5795
2012-06-06,2012-09-04,63,-1.767,-6.8829
2012-06-07,2012-09-05,63,-1.664,-6.4919
2012-06-08,2012-09-06,63,-0.2554,-1.0177
2012-06-11,2012-09-07,63,-0.1367,-0.5456
2012-06-12,2012-09-10,63,0.7929,3.2094
2012-06-13,2012-09-11,63,-0.1415,-0.5648
2012-06-14,2012-09-12,63,0.0218,0.0874
2012-06-15,2012-09-13,63,-0.565,-2.241
2012-06-18,2012-09-14,63,0.4154,1.6719
2012-06-19,2012-09-17,63,-0.1222,-0.4879
2012-06-20,2012-09-18,63,-0.3749,-1.4912
2012-06-21,2012-09-19,63,0.589,2.377
2012-06-25,2012-09-20,63,0.7436,3.0079
2012-06-26,2012-09-21,63,0.8536,3.4584
2012-06-27,2012-09-24,63,0.9909,4.0231
2012-06-28,2012-09-25,63,1.1402,4.6394
2012-06-29,2012-09-26,63,0.6602,2.6673
2012-07-02,2012-09-27,63,1.0357,4.2074
2012-07-03,2012-09-28,63,1.4345,5.8627
2012-07-04,2012-10-08,63,0.7151,2.8914
2012-07-05,2012-10-09,63,1.4123,5.7699
2012-07-06,2012-10-10,63,1.2437,5.0684
2012-07-09,2012-10-11,63,2.027,8.3577
2012-07-10,2012-10-12,63,2.12,8.7535
2012-07-11,2012-10-15,63,1.5805,6.4735
2012-07-12,2012-10-16,63,1.5586,6.3817
2012-07-13,2012-10-17,63,1.4853,6.0747
2012-07-16,2012-10-18,63,1.9921,8.2096
2012-07-17,2012-10-19,63,1.506,6.1615
2012-07-18,2012-10-22,63,1.7301,7.1023
2012-07-19,2012-10-23,63,1.3295,5.425
2012-07-20,2012-10-24,63,1.3024,5.3124
2012-07-23,2012-10-25,63,1.718,7.0511
2012-07-24,2012-10-26,63,0.9913,4.0244
2012-07-25,2012-10-29,63,0.9797,3.9769
2012-07-26,2012-10-30,63,0.6541,2.642
2012-07-27,2012-10-31,63,0.5426,2.1883
2012-07-30,2012-11-01,63,1.5038,6.1523
2012-07-31,2012-11-02,63,1.1505,4.6819
2012-08-01,2012-11-05,63,0.587,2.3687
2012-08-02,2012-11-06,63,1.0236,4.1578
2012-08-03,2012-11-07,63,1.6289,6.6764
2012-08-06,2012-11-08,63,0.6424,2.5944
2012-08-07,2012-11-09,63,0.8803,3.5678
2012-08-08,2012-11-12,63,0.982,3.9862
2012-08-09,2012-11-13,63,0.1161,0.4653
2012-08-10,2012-11-14,63,0.4397,1.7704
2012-08-13,2012-11-15,63,0.4003,1.6109
2012-08-14,2012-11-16,63,0.1813,0.7271
2012-08-15,2012-11-19,63,0.913,3.7022
2012-08-16,2012-11-20,63,0.9279,3.7637
2012-08-17,2012-11-21,63,0.8569,3.4717
2012-08-20,2012-11-22,63,0.9707,3.9395
2012-08-21,2012-11-23,63,1.1277,4.5876
2012-08-22,2012-11-26,63,1.1461,4.6637
2012-08-23,2012-11-27,63,0.393,1.5812
2012-08-24,2012-11-28,63,0.2696,1.0829
2012-08-27,2012-11-29,63,0.1616,0.6478
2012-08-28,2012-11-30,63,0.553,2.2306
2012-08-29,2012-12-03,63,0.231,0.9271
2012-08-30,2012-12-04,63,0.2404,0.9651
2012-08-31,2012-12-05,63,1.3522,5.5196
2012-09-03,2012-12-06,63,0.5231,2.1088
2012-09-04,2012-12-07,63,1.4296,5.8423
2012-09-05,2012-12-10,63,1.9893,8.1978
2012-09-06,2012-12-11,63,1.4812,6.0576
2012-09-07,2012-12-12,63,0.8174,3.3098
2012-09-10,2012-12-13,63,-0.3698,-1.4709
2012-09-11,2012-12-14,63,1.3662,5.5776
2012-09-12,2012-12-17,63,1.3701,5.5942
2012-09-13,2012-12-18,63,2.0104,8.2873
2012-09-14,2012-12-19,63,0.7172,2.8999
2012-09-17,2012-12-20,63,1.3755,5.6164
2012-09-18,2012-12-21,63,1.2845,5.2377
2012-09-19,2012-12-24,63,1.3197,5.384
2012-09-20,2012-12-25,63,2.7932,11.6498
2012-09-21,2012-12-26,63,2.6234,10.9138
2012-09-24,2012-12-27,63,2.5205,10.4695
2012-09-25,2012-12-28,63,3.0633,12.8277
2012-09-26,2013-01-04,63,3.9922,16.9509
2012-09-27,2013-01-07,63,3.4049,14.3312
2012-09-28,2013-01-08,63,2.124,8.7706
2012-10-08,2013-01-09,63,2.8472,11.8843
2012-10-09,2013-01-10,63,2.2153,9.16
2012-10-10,2013-01-11,63,2.0295,8.3686
2012-10-11,2013-01-14,63,3.2699,13.7353
2012-10-12,2013-01-15,63,3.3365,14.0288
2012-10-15,2013-01-16,63,3.6515,15.4258
2012-10-16,2013-01-17,63,3.2568,13.6777
2012-10-17,2013-01-18,63,3.7315,15.7823
2012-10-18,2013-01-21,63,3.5255,14.8653
2012-10-19,2013-01-22,63,3.855,16.3346
2012-10-22,2013-01-23,63,3.9952,16.964
2012-10-23,2013-01-24,63,3.9626,16.8178
2012-10-24,2013-01-25,63,3.8419,16.276
2012-10-25,2013-01-28,63,4.9887,21.4981
2012-10-26,2013-01-29,63,6.1614,27.0185
2012-10-29,2013-01-30,63,6.3793,28.0644
2012-10-30,2013-01-31,63,6.4954,28.6245
2012-10-31,2013-02-01,63,7.0771,31.458
2012-11-01,2013-02-04,63,6.3899,28.1156
2012-11-02,2013-02-05,63,6.6773,29.5056
2012-11-05,2013-02-06,63,7.2091,32.1071
2012-11-06,2013-02-07,63,6.7747,29.9789
2012-11-07,2013-02-08,63,6.1011,26.7299
2012-11-08,2013-02-18,63,5.4657,23.7215
2012-11-09,2013-02-19,63,4.6768,20.0608
2012-11-12,2013-02-20,63,4.4517,19.0315
2012-11-13,2013-02-21,63,3.2513,13.6532
2012-11-14,2013-02-22,63,3.0879,12.9356
2012-11-15,2013-02-25,63,3.6059,15.2227
2012-11-16,2013-02-26,63,3.6172,15.273
2012-11-19,2013-02-27,63,4.1177,17.5163
2012-11-20,2013-02-28,63,5.1663,22.3226
2012-11-21,2013-03-01,63,4.3917,18.7581
2012-11-22,2013-03-04,63,2.7938,11.6523
2012-11-23,2013-03-05,63,3.7348,15.7974
2012-11-26,2013-03-06,63,3.8218,16.1859
2012-11-27,2013-03-07,63,3.5904,15.1536
2012-11-28,2013-03-08,63,3.8193,16.1751
2012-11-29,2013-03-11,63,4.0291,17.1168
2012-11-30,2013-03-12,63,3.1419,13.1726
2012-12-03,2013-03-13,63,3.4753,14.6427
2012-12-04,2013-03-14,63,3.4083,14.3462
2012-12-05,2013-03-15,63,2.4453,10.1459
2012-12-06,2013-03-18,63,2.196,9.0775
2012-12-07,2013-03-19,63,1.8276,7.5132
2012-12-10,2013-03-20,63,2.6635,11.0872
2012-12-11,2013-03-21,63,2.6698,11.1144
2012-12-12,2013-03-22,63,2.4565,10.194
2012-12-13,2013-03-25,63,2.9773,12.4519
2012-12-14,2013-03-26,63,0.7308,2.9553
2012-12-17,2013-03-27,63,0.6558,2.6491
2012-12-18,2013-03-28,63,-0.6239,-2.4724
2012-12-19,2013-03-29,63,-0.3265,-1.2996
2012-12-20,2013-04-01,63,-0.5324,-2.1125
2012-12-21,2013-04-02,63,0.0569,0.2277
2012-12-24,2013-04-03,63,-0.7331,-2.9002
2012-12-25,2013-04-08,63,-1.3754,-5.3892
2012-12-26,2013-04-09,63,-1.2275,-4.8202
2012-12-27,2013-04-10,63,-0.9805,-3.8646
2012-12-28,2013-04-11,63,-1.9818,-7.6947
2013-01-04,2013-04-12,63,-2.6283,-10.106
2013-01-07,2013-04-15,63,-4.2132,-15.8173
2013-01-08,2013-04-16,63,-5.2994,-19.5713
2013-01-09,2013-04-17,63,-5.6817,-20.8621
2013-01-10,2013-04-18,63,-5.5063,-20.2718
2013-01-11,2013-04-19,63,-3.8914,-14.6805
2013-01-14,2013-04-22,63,-4.8343,-17.9797
2013-01-15,2013-04-23,63,-5.7437,-21.0701
2013-01-16,2013-04-24,63,-4.9427,-18.3527
2013-01-17,2013-04-25,63,-4.5254,-16.9095
2013-01-18,2013-04-26,63,-4.7815,-17.7974
2013-01-21,2013-05-02,63,-5.3321,-19.6823
2013-01-22,2013-05-03,63,-4.6675,-17.4029
2013-01-23,2013-05-06,63,-4.5838,-17.1125
2013-01-24,2013-05-07,63,-4.5545,-17.0109
2013-01-25,2013-05-08,63,-4.1721,-15.6726
2013-01-28,2013-05-09,63,-4.9644,-18.4274
2013-01-29,2013-05-10,63,-5.2483,-19.3974
2013-01-30,2013-05-13,63,-5.9125,-21.6339
2013-01-31,2013-05-14,63,-6.3192,-22.9803
2013-02-01,2013-05-15,63,-7.1215,-25.5849
2013-02-04,2013-05-16,63,-7.1938,-25.8165
2013-02-05,2013-05-17,63,-7.2878,-26.1165
2013-02-06,2013-05-20,63,-7.5316,-26.8904
2013-02-07,2013-05-21,63,-6.6484,-24.0572
2013-02-08,2013-05-22,63,-6.5026,-23.5815
2013-02-18,2013-05-23,63,-6.113,-22.2998
2013-02-19,2013-05-24,63,-5.4987,-20.2461
2013-02-20,2013-05-27,63,-5.3683,-19.8053
2013-02-21,2013-05-28,63,-3.3565,-12.7652
2013-02-22,2013-05-29,63,-3.5877,-13.5967
2013-02-25,2013-05-30,63,-3.406,-12.9438
2013-02-26,2013-05-31,63,-3.161,-12.0571
2013-02-27,2013-06-03,63,-4.0601,-15.2778
2013-02-28,2013-06-04,63,-4.8957,-18.1911
2013-03-01,2013-06-05,63,-4.7426,-17.663
2013-03-04,2013-06-06,63,-3.8346,-14.4783
2013-03-05,2013-06-07,63,-4.9466,-18.366
2013-03-06,2013-06-13,63,-6.1172,-22.3136
2013-03-07,2013-06-14,63,-5.8436,-21.4041
2013-03-08,2013-06-17,63,-5.8362,-21.3796
2013-03-11,2013-06-18,63,-5.6447,-20.7378
2013-03-12,2013-06-19,63,-5.6344,-20.7034
2013-03-13,2013-06-20,63,-6.8875,-24.8321
2013-03-14,2013-06-21,63,-7.2494,-25.9939
2013-03-15,2013-06-24,63,-9.1681,-31.9303
2013-03-18,2013-06-25,63,-8.7257,-30.5944
2013-03-19,2013-06-26,63,-9.805,-33.8194
2013-03-20,2013-06-27,63,-10.6909,-36.3815
2013-03-21,2013-06-28,63,-10.5933,-36.1031
2013-03-22,2013-07-01,63,-10.0115,-34.4235
2013-03-25,2013-07-02,63,-9.8612,-33.9844
2013-03-26,2013-07-03,63,-9.7939,-33.7868
2013-03-27,2013-07-04,63,-9.525,-32.9938
2013-03-28,2013-07-05,63,-8.8403,-30.9423
2013-03-29,2013-07-08,63,-9.6704,-33.4236
2013-04-01,2013-07-09,63,-8.9826,-31.3724
2013-04-02,2013-07-10,63,-8.5604,-30.0904
2013-04-03,2013-07-11,63,-6.3154,-22.9678
2013-04-08,2013-07-12,63,-7.1716,-25.7453
2013-04-09,2013-07-15,63,-6.9369,-24.9914
2013-04-10,2013-07-16,63,-7.0499,-25.3553
2013-04-11,2013-07-17,63,-6.8909,-24.8433
2013-04-12,2013-07-18,63,-7.4605,-26.6655
2013-04-15,2013-07-19,63,-6.5924,-23.8747
2013-04-16,2013-07-22,63,-4.4307,-16.5793
2013-04-17,2013-07-23,63,-3.4147,-12.9751
2013-04-18,2013-07-24,63,-3.7484,-14.1714
2013-04-19,2013-07-25,63,-5.3859,-19.8648
2013-04-22,2013-07-26,63,-5.3161,-19.6282
2013-04-23,2013-07-29,63,-5.3778,-19.8374
2013-04-24,2013-07-30,63,-5.7753,-21.1757
2013-04-25,2013-07-31,63,-5.6455,-20.7407
2013-04-26,2013-08-01,63,-5.6735,-20.8346
2013-05-02,2013-08-02,63,-5.8037,-21.2708
2013-05-03,2013-08-05,63,-5.8357,-21.3777
2013-05-06,2013-08-06,63,-6.3029,-22.9267
2013-05-07,2013-08-07,63,-6.276,-22.838
2013-05-08,2013-08-08,63,-6.2907,-22.8866
2013-05-09,2013-08-09,63,-5.8838,-21.5383
2013-05-10,2013-08-12,63,-4.7472,-17.6791
2013-05-13,2013-08-13,63,-3.8806,-14.642
2013-05-14,2013-08-14,63,-4.1072,-15.4441
2013-05-15,2013-08-15,63,-3.6223,-13.7207
2013-05-16,2013-08-16,63,-3.3848,-12.8672
2013-05-17,2013-08-19,63,-2.9184,-11.1725
2013-05-20,2013-08-20,63,-3.1112,-11.8761
2013-05-21,2013-08-21,63,-3.8029,-14.3656
2013-05-22,2013-08-22,63,-3.9777,-14.9866
2013-05-23,2013-08-23,63,-3.3495,-12.7398
2013-05-24,2013-08-26,63,-2.7824,-10.6736
2013-05-27,2013-08-27,63,-2.7747,-10.6454
2013-05-28,2013-08-28,63,-2.8709,-10.9984
2013-05-29,2013-08-29,63,-3.0454,-11.6364
2013-05-30,2013-08-30,63,-3.4196,-12.9928
2013-05-31,2013-09-02,63,-3.5156,-13.338
2013-06-03,2013-09-03,63,-2.9054,-11.1247
2013-06-04,2013-09-04,63,-2.584,-9.9423
2013-06-05,2013-09-05,63,-2.7823,-10.6734
2013-06-06,2013-09-06,63,-2.374,-9.1631
2013-06-07,2013-09-09,63,-0.7971,-3.1503
2013-06-13,2013-09-10,63,0.5675,2.2894
2013-06-14,2013-09-11,63,0.4754,1.9154
2013-06-17,2013-09-12,63,0.6847,2.7671
2013-06-18,2013-09-13,63,-0.2282,-0.9096
2013-06-19,2013-09-16,63,0.1136,0.4553
2013-06-20,2013-09-17,63,0.9114,3.6958
2013-06-21,2013-09-18,63,1.2595,5.1339
2013-06-24,2013-09-23,63,4.1139,17.4992
2013-06-25,2013-09-24,63,3.2933,13.8382
2013-06-26,2013-09-25,63,4.1588,17.7018
2013-06-27,2013-09-26,63,3.7875,16.0327
2013-06-28,2013-09-27,63,3.8027,16.1008
2013-07-01,2013-09-30,63,3.3108,13.9157
2013-07-02,2013-10-08,63,3.2244,13.535
2013-07-03,2013-10-09,63,3.8027,16.1009
2013-07-04,2013-10-10,63,2.6995,11.2431
2013-07-05,2013-10-11,63,3.0276,12.6716
2013-07-08,2013-10-14,63,3.8329,16.2356
2013-07-09,2013-10-15,63,2.9095,12.1556
2013-07-10,2013-10-16,63,2.2736,9.4094
2013-07-11,2013-10-17,63,-0.288,-1.1472
2013-07-12,2013-10-18,63,1.6816,6.8979
2013-07-15,2013-10-21,63,1.5046,6.1555
2013-07-16,2013-10-22,63,1.1866,4.8316
2013-07-17,2013-10-23,63,1.7583,7.2209
2013-07-18,2013-10-24,63,2.366,9.8053
2013-07-19,2013-10-25,63,2.5546,10.6165
2013-07-22,2013-10-28,63,2.0558,8.4801
2013-07-23,2013-10-29,63,1.5697,6.4281
2013-07-24,2013-10-30,63,2.0599,8.4976
2013-07-25,2013-10-31,63,1.9011,7.8239
2013-07-26,2013-11-01,63,1.9559,8.0562
2013-07-29,2013-11-04,63,2.7654,11.5289
2013-07-30,2013-11-05,63,2.3629,9.7919
2013-07-31,2013-11-06,63,1.7147,7.0374
2013-08-01,2013-11-07,63,1.4064,5.7456
2013-08-02,2013-11-08,63,1.4631,5.9822
2013-08-05,2013-11-11,63,0.3125,1.256
2013-08-06,2013-11-12,63,0.8453,3.4242
2013-08-07,2013-11-13,63,0.3464,1.3927
2013-08-08,2013-11-14,63,0.5165,2.0822
2013-08-09,2013-11-15,63,0.6309,2.5474
2013-08-12,2013-11-18,63,0.4001,1.6101
2013-08-13,2013-11-19,63,-0.4221,-1.6778
2013-08-14,2013-11-20,63,0.216,0.867
2013-08-15,2013-11-21,63,-0.6569,-2.6019
2013-08-16,2013-11-22,63,-1.0391,-4.0922
2013-08-19,2013-11-25,63,-1.9259,-7.4838
2013-08-20,2013-11-26,63,-1.0563,-4.1585
2013-08-21,2013-11-27,63,-0.9682,-3.8169
2013-08-22,2013-11-28,63,-0.6538,-2.5896
2013-08-23,2013-11-29,63,-0.5933,-2.352
2013-08-26,2013-12-02,63,-1.1065,-4.353
2013-08-27,2013-12-03,63,-1.4851,-5.8095
2013-08-28,2013-12-04,63,-1.4745,-5.7688
2013-08-29,2013-12-05,63,-0.9867,-3.8888
2013-08-30,2013-12-06,63,-1.3898,-5.4443
2013-09-02,2013-12-09,63,-1.3166,-5.1634
2013-09-03,2013-12-10,63,-1.3723,-5.3771
2013-09-04,2013-12-11,63,-1.9184,-7.4556
2013-09-05,2013-12-12,63,-1.727,-6.731
2013-09-06,2013-12-13,63,-2.3345,-9.0161
2013-09-09,2013-12-16,63,-4.1094,-15.452
2013-09-10,2013-12-17,63,-4.164,-15.6442
2013-09-11,2013-12-18,63,-4.2307,-15.8789
2013-09-12,2013-12-19,63,-4.7108,-17.5529
2013-09-13,2013-12-20,63,-5.0312,-18.6565
2013-09-16,2013-12-23,63,-4.7777,-17.7842
2013-09-17,2013-12-24,63,-4.2521,-15.9542
2013-09-18,2013-12-25,63,-3.8112,-14.3952
2013-09-23,2013-12-26,63,-4.6748,-17.4283
2013-09-24,2013-12-27,63,-3.5187,-13.3492
2013-09-25,2013-12-30,63,-3.6048,-13.6582
2013-09-26,2014-01-02,63,-2.7519,-10.5614
2013-09-27,2014-01-03,63,-3.0401,-11.6171
2013-09-30,2014-01-06,63,-3.6895,-13.961
2013-10-08,2014-01-07,63,-3.7376,-14.133
2013-10-09,2014-01-08,63,-3.9665,-14.9469
2013-10-10,2014-01-09,63,-3.4817,-13.2162
2013-10-11,2014-01-10,63,-3.6346,-13.7649
2013-10-14,2014-01-13,63,-3.0972,-11.825
2013-10-15,2014-01-14,63,-2.8268,-10.8368
2013-10-16,2014-01-15,63,-3.1861,-12.1482
2013-10-17,2014-01-16,63,-2.7499,-10.5542
2013-10-18,2014-01-17,63,-3.9178,-14.774
2013-10-21,2014-01-20,63,-4.1562,-15.6167
2013-10-22,2014-01-21,63,-3.669,-13.888
2013-10-23,2014-01-22,63,-3.5956,-13.625
2013-10-24,2014-01-23,63,-3.7023,-14.007
2013-10-25,2014-01-24,63,-3.032,-11.5874
2013-10-28,2014-01-27,63,-3.3583,-12.7716
2013-10-29,2014-01-28,63,-3.7625,-14.2217
2013-10-30,2014-01-29,63,-3.8828,-14.6498
2013-10-31,2014-01-30,63,-3.6179,-13.705
2013-11-01,2014-02-07,63,-3.6463,-13.8067
2013-11-04,2014-02-10,63,-2.8508,-10.9247
2013-11-05,2014-02-11,63,-2.2529,-8.7117
2013-11-06,2014-02-12,63,-1.9091,-7.4204
2013-11-07,2014-02-13,63,-1.9031,-7.3978
2013-11-08,2014-02-14,63,-0.9315,-3.6741
2013-11-11,2014-02-17,63,-0.101,-0.4035
2013-11-12,2014-02-18,63,-0.9565,-3.7713
2013-11-13,2014-02-19,63,0.2443,0.9809
2013-11-14,2014-02-20,63,-0.3061,-1.2187
2013-11-15,2014-02-21,63,-0.9931,-3.9136
2013-11-18,2014-02-24,63,-2.4178,-9.3262
2013-11-19,2014-02-25,63,-2.2028,-8.5244
2013-11-20,2014-02-26,63,-2.0738,-8.0407
2013-11-21,2014-02-27,63,-1.5209,-5.9461
2013-11-22,2014-02-28,63,-1.1822,-4.6456
2013-11-25,2014-03-03,63,-0.4791,-1.9025
2013-11-26,2014-03-04,63,-1.0163,-4.0037
2013-11-27,2014-03-05,63,-1.4678,-5.7432
2013-11-28,2014-03-06,63,-1.4465,-5.6616
2013-11-29,2014-03-07,63,-1.2263,-4.8156
2013-12-02,2014-03-10,63,-2.7418,-10.5245
2013-12-03,2014-03-11,63,-2.1113,-8.1813
2013-12-04,2014-03-12,63,-1.8755,-7.2937
2013-12-05,2014-03-13,63,-1.5109,-5.908
2013-12-06,2014-03-14,63,-1.2786,-5.0173
2013-12-09,2014-03-17,63,-0.8442,-3.3343
2013-12-10,2014-03-18,63,-1.6122,-6.2947
2013-12-11,2014-03-19,63,-1.5797,-6.1707
2013-12-12,2014-03-20,63,-1.8585,-7.2294
2013-12-13,2014-03-21,63,-0.3174,-1.2635
2013-12-16,2014-03-24,63,0.0013,0.0051
2013-12-17,2014-03-25,63,-0.5096,-2.0229
2013-12-18,2014-03-26,63,-0.2959,-1.1783
2013-12-19,2014-03-27,63,-0.0689,-0.2752
2013-12-20,2014-03-28,63,1.2752,5.1993
2013-12-23,2014-03-31,63,0.844,3.4189
2013-12-24,2014-04-01,63,0.9726,3.9475
2013-12-25,2014-04-02,63,0.9858,4.002
2013-12-26,2014-04-03,63,1.3075,5.3336
2013-12-27,2014-04-04,63,0.7784,3.1501
2013-12-30,2014-04-08,63,2.1277,8.7861
2014-01-02,2014-04-09,63,1.5102,6.1791
2014-01-03,2014-04-10,63,2.4657,10.2336
2014-01-06,2014-04-11,63,2.7788,11.5873
2014-01-07,2014-04-14,63,2.9295,12.243
2014-01-08,2014-04-15,63,2.2894,9.4769
2014-01-09,2014-04-16,63,2.3038,9.5388
2014-01-10,2014-04-17,63,2.084,8.6003
2014-01-13,2014-04-18,63,1.8405,7.5679
2014-01-14,2014-04-21,63,1.0893,4.4289
2014-01-15,2014-04-22,63,1.9092,7.8583
2014-01-16,2014-04-23,63,1.6813,6.8968
2014-01-17,2014-04-24,63,2.0028,8.255
2014-01-20,2014-04-25,63,2.0151,8.3071
2014-01-21,2014-04-28,63,1.8816,7.7417
2014-01-22,2014-04-29,63,1.54,6.3036
2014-01-23,2014-04-30,63,1.8746,7.712
2014-01-24,2014-05-05,63,1.5872,6.5017
2014-01-27,2014-05-06,63,1.9188,7.8991
2014-01-28,2014-05-07,63,1.7471,7.1738
2014-01-29,2014-05-08,63,1.3322,5.4363
2014-01-30,2014-05-09,63,1.5808,6.4748
2014-02-07,2014-05-12,63,1.9842,8.1762
2014-02-10,2014-05-13,63,1.2216,4.9768
2014-02-11,2014-05-14,63,0.6651,2.6869
2014-02-12,2014-05-15,63,0.5568,2.246
2014-02-13,2014-05-16,63,0.3397,1.3659
2014-02-14,2014-05-19,63,-0.4759,-1.8901
2014-02-17,2014-05-20,63,-1.0575,-4.1635
2014-02-18,2014-05-21,63,-0.1264,-0.5045
2014-02-19,2014-05-22,63,-0.5357,-2.1258
2014-02-20,2014-05-23,63,-0.0329,-0.1314
2014-02-21,2014-05-26,63,0.0992,0.3975
2014-02-24,2014-05-27,63,0.2876,1.1553
2014-02-25,2014-05-28,63,0.4637,1.8676
2014-02-26,2014-05-29,63,-0.1856,-0.7403
2014-02-27,2014-05-30,63,0.0073,0.0291
2014-02-28,2014-06-03,63,-0.5323,-2.1124
2014-03-03,2014-06-04,63,-0.9554,-3.7671
2014-03-04,2014-06-05,63,-0.5581,-2.2139
2014-03-05,2014-06-06,63,-0.1853,-0.7393
2014-03-06,2014-06-09,63,-0.3524,-1.4021
2014-03-07,2014-06-10,63,-0.2539,-1.0117
2014-03-10,2014-06-11,63,1.0472,4.255
2014-03-11,2014-06-12,63,0.647,2.6131
2014-03-12,2014-06-13,63,0.754,3.0502
2014-03-13,2014-06-16,63,0.6339,2.56
2014-03-14,2014-06-17,63,0.26,1.044
2014-03-17,2014-06-18,63,-0.2368,-0.9437
2014-03-18,2014-06-19,63,0.1957,0.785
2014-03-19,2014-06-20,63,1.183,4.8165
2014-03-20,2014-06-23,63,1.6312,6.6864
2014-03-21,2014-06-24,63,0.63,2.5439
2014-03-24,2014-06-25,63,0.2945,1.183
2014-03-25,2014-06-26,63,0.7685,3.1097
2014-03-26,2014-06-27,63,0.7859,3.1809
2014-03-27,2014-06-30,63,1.0621,4.3167
2014-03-28,2014-07-01,63,1.1139,4.5305
2014-03-31,2014-07-02,63,1.374,5.6103
2014-04-01,2014-07-03,63,1.3996,5.7169
2014-04-02,2014-07-04,63,1.1101,4.5149
2014-04-03,2014-07-07,63,0.9693,3.9338
2014-04-04,2014-07-08,63,0.9417,3.8205
2014-04-08,2014-07-09,63,-0.3329,-1.3249
2014-04-09,2014-07-10,63,-0.2799,-1.1151
2014-04-10,2014-07-11,63,-0.8044,-3.1789
2014-04-11,2014-07-14,63,-0.8524,-3.3661
2014-04-14,2014-07-15,63,-1.1086,-4.3613
2014-04-15,2014-07-16,63,-0.5156,-2.0465
2014-04-16,2014-07-17,63,-0.3581,-1.4248
2014-04-17,2014-07-18,63,0.0757,0.3031
2014-04-18,2014-07-21,63,0.1312,0.5259
2014-04-21,2014-07-22,63,0.9156,3.7129
2014-04-22,2014-07-23,63,0.6747,2.7263
2014-04-23,2014-07-24,63,1.1934,4.8598
2014-04-24,2014-07-25,63,1.2525,5.105
2014-04-25,2014-07-28,63,2.3272,9.6386
2014-04-28,2014-07-29,63,2.3618,9.787
2014-04-29,2014-07-30,63,2.0551,8.4772
2014-04-30,2014-07-31,63,2.3085,9.5589
2014-05-05,2014-08-01,63,1.7015,6.9818
2014-05-06,2014-08-04,63,2.4624,10.2192
2014-05-07,2014-08-05,63,2.4007,9.9541
2014-05-08,2014-08-06,63,2.4597,10.2076
2014-05-09,2014-08-07,63,2.2689,9.389
2014-05-12,2014-08-08,63,2.0584,8.4912
2014-05-13,2014-08-11,63,2.2523,9.3183
2014-05-14,2014-08-12,63,2.1164,8.7383
2014-05-15,2014-08-13,63,2.2704,9.3957
2014-05-16,2014-08-14,63,2.2573,9.3394
2014-05-19,2014-08-15,63,2.9408,12.2923
2014-05-20,2014-08-18,63,2.8143,11.7412
2014-05-21,2014-08-19,63,2.3814,9.8714
2014-05-22,2014-08-20,63,2.1901,9.0525
2014-05-23,2014-08-21,63,1.4245,5.821
2014-05-26,2014-08-22,63,1.6003,6.5566
2014-05-27,2014-08-25,63,1.525,6.2409
2014-05-28,2014-08-26,63,1.8629,7.6623
2014-05-29,2014-08-27,63,2.1605,8.926
2014-05-30,2014-08-28,63,1.9893,8.1977
2014-06-03,2014-08-29,63,2.6114,10.8618
2014-06-04,2014-09-01,63,2.8255,11.79
2014-06-05,2014-09-02,63,2.6484,11.022
2014-06-06,2014-09-03,63,2.7673,11.5372
2014-06-09,2014-09-04,63,3.0131,12.6082
2014-06-10,2014-09-05,63,2.9182,12.1938
2014-06-11,2014-09-09,63,2.4915,10.3446
2014-06-12,2014-09-10,63,2.3664,9.8071
2014-06-13,2014-09-11,63,1.5642,6.4052
2014-06-16,2014-09-12,63,1.0196,4.1413
2014-06-17,2014-09-15,63,1.4677,6.0013
2014-06-18,2014-09-16,63,1.2387,5.0477
2014-06-19,2014-09-17,63,1.393,5.6897
2014-06-20,2014-09-18,63,0.5116,2.062
2014-06-23,2014-09-19,63,0.6713,2.7122
2014-06-24,2014-09-22,63,-0.1956,-0.78
2014-06-25,2014-09-23,63,0.3056,1.2279
2014-06-26,2014-09-24,63,0.8542,3.4609
2014-06-27,2014-09-25,63,0.4593,1.8497
2014-06-30,2014-09-26,63,0.7018,2.8367
2014-07-01,2014-09-29,63,0.5416,2.1842
2014-07-02,2014-09-30,63,0.4126,1.6606
2014-07-03,2014-10-08,63,0.5767,2.327
2014-07-04,2014-10-09,63,0.6689,2.7024
2014-07-07,2014-10-10,63,0.5794,2.3378
2014-07-08,2014-10-13,63,0.4259,1.7144
2014-07-09,2014-10-14,63,0.5167,2.0828
2014-07-10,2014-10-15,63,0.5727,2.3104
2014-07-11,2014-10-16,63,0.5764,2.3257
2014-07-14,2014-10-17,63,0.6836,2.7625
2014-07-15,2014-10-20,63,0.8785,3.5605
2014-07-16,2014-10-21,63,1.0469,4.2537
2014-07-17,2014-10-22,63,1.0169,4.1299
2014-07-18,2014-10-23,63,0.4931,1.987
2014-07-21,2014-10-24,63,0.2119,0.8503
2014-07-22,2014-10-27,63,-0.42,-1.6695
2014-07-23,2014-10-28,63,-0.223,-0.889
2014-07-24,2014-10-29,63,-0.2477,-0.987
2014-07-25,2014-10-30,63,-0.6626,-2.6243
2014-07-28,2014-10-31,63,-1.5742,-6.1497
2014-07-29,2014-11-03,63,-2.0532,-7.9633
2014-07-30,2014-11-04,63,-1.7773,-6.9217
2014-07-31,2014-11-05,63,-2.6769,-10.2852
2014-08-01,2014-11-06,63,-2.2424,-8.6722
2014-08-04,2014-11-07,63,-2.8807,-11.0342
2014-08-05,2014-11-10,63,-1.3427,-5.2635
2014-08-06,2014-11-11,63,-1.1566,-4.5468
2014-08-07,2014-11-12,63,-0.2867,-1.1419
2014-08-08,2014-11-13,63,-0.7398,-2.9264
2014-08-11,2014-11-14,63,-1.0559,-4.1573
2014-08-12,2014-11-17,63,-0.5234,-2.0773
2014-08-13,2014-11-18,63,-1.0049,-3.9595
2014-08-14,2014-11-19,63,-0.8896,-3.511
2014-08-15,2014-11-20,63,-1.2765,-5.0092
2014-08-18,2014-11-21,63,-0.2655,-1.0578
2014-08-19,2014-11-24,63,0.7159,2.8944
2014-08-20,2014-11-25,63,1.2264,4.9964
2014-08-21,2014-11-26,63,2.3952,9.9307
2014-08-22,2014-11-27,63,2.6818,11.1666
2014-08-25,2014-11-28,63,3.8378,16.2577
2014-08-26,2014-12-01,63,3.1372,13.1518
2014-08-27,2014-12-02,63,5.9228,25.8802
2014-08-28,2014-12-03,63,6.2472,27.4295
2014-08-29,2014-12-04,63,7.9057,35.5745
2014-09-01,2014-12-05,63,8.4485,38.3229
2014-09-02,2014-12-08,63,9.5285,43.9159
2014-09-03,2014-12-09,63,7.8928,35.5095
2014-09-04,2014-12-10,63,9.307,42.7553
2014-09-05,2014-12-11,63,7.8272,35.1801
2014-09-09,2014-12-12,63,8.1582,36.8477
2014-09-10,2014-12-15,63,8.6189,39.1942
2014-09-11,2014-12-16,63,9.974,46.2717
2014-09-12,2014-12-17,63,11.3091,53.505
2014-09-15,2014-12-18,63,11.2972,53.4396
2014-09-16,2014-12-19,63,12.1306,58.0872
2014-09-17,2014-12-22,63,12.3844,59.5233
2014-09-18,2014-12-23,63,11.501,54.5664
2014-09-19,2014-12-24,63,10.2721,47.8642
2014-09-22,2014-12-25,63,12.1728,58.325
2014-09-23,2014-12-26,63,13.2555,64.5268
2014-09-24,2014-12-29,63,12.9445,62.7272
2014-09-25,2014-12-30,63,13.7193,67.2385
2014-09-26,2015-01-05,63,15.1186,75.623
2014-09-29,2015-01-06,63,15.1517,75.8255
2014-09-30,2015-01-07,63,15.368,77.1504
2014-10-08,2015-01-08,63,14.1164,69.5872
2014-10-09,2015-01-09,63,14.1409,69.7328
2014-10-10,2015-01-12,63,14.5376,72.1044
2014-10-13,2015-01-13,63,14.5173,71.9825
2014-10-14,2015-01-14,63,14.6256,72.6343
2014-10-15,2015-01-15,63,15.5304,78.1497
2014-10-16,2015-01-16,63,16.413,83.6563
2014-10-17,2015-01-19,63,14.042,69.145
2014-10-20,2015-01-20,63,13.8524,68.0229
2014-10-21,2015-01-21,63,16.1547,82.0319
2014-10-22,2015-01-22,63,15.9079,80.4899
2014-10-23,2015-01-23,63,16.7797,85.9815
2014-10-24,2015-01-26,63,17.0801,87.9024
2014-10-27,2015-01-27,63,16.7901,86.0478
2014-10-28,2015-01-28,63,16.1652,82.0976
2014-10-29,2015-01-29,63,14.8837,74.1939
2014-10-30,2015-01-30,63,14.3682,71.0887
2014-10-31,2015-02-02,63,14.0936,69.4511
2014-11-03,2015-02-03,63,15.501,77.9686
2014-11-04,2015-02-04,63,14.5663,72.2768
2014-11-05,2015-02-05,63,15.4553,77.6871
2014-11-06,2015-02-06,63,14.863,74.0687
2014-11-07,2015-02-09,63,14.7482,73.3739
2014-11-10,2015-02-10,63,14.0243,69.0401
2014-11-11,2015-02-11,63,13.9536,68.6215
2014-11-12,2015-02-12,63,12.7628,61.6828
2014-11-13,2015-02-13,63,13.3422,65.0312
2014-11-14,2015-02-16,63,13.6118,66.607
2014-11-17,2015-02-17,63,13.2548,64.5231
2014-11-18,2015-02-25,63,12.6475,61.0221
2014-11-19,2015-02-26,63,13.5506,66.2486
2014-11-20,2015-02-27,63,13.6955,67.0987
2014-11-21,2015-03-02,63,13.4474,65.6448
2014-11-24,2015-03-03,63,11.1684,52.7303
2014-11-25,2015-03-04,63,10.7127,50.2413
2014-11-26,2015-03-05,63,8.5882,39.0371
2014-11-27,2015-03-06,63,8.062,36.3617
2014-11-28,2015-03-09,63,7.452,33.3087
2014-12-01,2015-03-10,63,7.3862,32.9822
2014-12-02,2015-03-11,63,4.8806,20.9985
2014-12-03,2015-03-12,63,5.6896,24.7754
2014-12-04,2015-03-13,63,3.8268,16.2085
2014-12-05,2015-03-16,63,4.0579,17.2468
2014-12-08,2015-03-17,63,3.2063,13.4555
2014-12-09,2015-03-18,63,4.7992,20.6235
2014-12-10,2015-03-19,63,3.4378,14.4768
2014-12-11,2015-03-20,63,5.0505,21.7844
2014-12-12,2015-03-23,63,5.8449,25.5102
2014-12-15,2015-03-24,63,5.3953,23.3913
2014-12-16,2015-03-25,63,4.1749,17.7749
2014-12-17,2015-03-26,63,3.8319,16.2313
2014-12-18,2015-03-27,63,3.9128,16.5942
2014-12-19,2015-03-30,63,4.2197,17.9775
2014-12-22,2015-03-31,63,3.2484,13.6405
2014-12-23,2015-04-01,63,4.761,20.4478
2014-12-24,2015-04-02,63,6.4029,28.1779
2014-12-25,2015-04-03,63,5.5495,24.1149
2014-12-26,2015-04-07,63,5.0797,21.9202
2014-12-29,2015-04-08,63,5.2749,22.8285
2014-12-30,2015-04-09,63,4.4088,18.8362
2015-01-05,2015-04-10,63,3.2967,13.8533
2015-01-06,2015-04-13,63,4.044,17.1841
2015-01-07,2015-04-14,63,3.7513,15.8709
2015-01-08,2015-04-15,63,4.7031,20.1816
2015-01-09,2015-04-16,63,5.9446,25.9838
2015-01-12,2015-04-17,63,6.4128,28.226
2015-01-13,2015-04-20,63,5.9822,26.1631
2015-01-14,2015-04-21,63,6.2162,27.2808
2015-01-15,2015-04-22,63,6.0782,26.6206
2015-01-16,2015-04-23,63,4.5577,19.5154
2015-01-19,2015-04-24,63,6.917,30.6731
2015-01-20,2015-04-27,63,7.6758,34.4227
2015-01-21,2015-04-28,63,5.5452,24.0951
2015-01-22,2015-04-29,63,5.9725,26.117
2015-01-23,2015-04-30,63,5.0688,21.8695
2015-01-26,2015-05-04,63,4.9389,21.2677
2015-01-27,2015-05-05,63,4.4672,19.1022
2015-01-28,2015-05-06,63,4.859,20.8992
2015-01-29,2015-05-07,63,5.1409,22.2046
2015-01-30,2015-05-08,63,6.2693,27.5357
2015-02-02,2015-05-11,63,7.5482,33.7866
2015-02-03,2015-05-12,63,6.6337,29.2939
2015-02-04,2015-05-13,63,7.0841,31.492
2015-02-05,2015-05-14,63,7.6066,34.0775
2015-02-06,2015-05-15,63,7.3169,32.6393
2015-02-09,2015-05-18,63,6.7665,29.9393
2015-02-10,2015-05-19,63,7.2983,32.5475
2015-02-11,2015-05-20,63,6.9865,31.0135
2015-02-12,2015-05-21,63,7.6346,34.2169
2015-02-13,2015-05-22,63,8.2866,37.499
2015-02-16,2015-05-25,63,9.1515,41.9448
2015-02-17,2015-05-26,63,9.2849,42.64
2015-02-25,2015-05-27,63,9.5188,43.8648
2015-02-26,2015-05-28,63,6.2886,27.6281
2015-02-27,2015-05-29,63,6.1533,26.9797
2015-03-02,2015-06-01,63,7.1509,31.8208
2015-03-03,2015-06-02,63,8.6721,39.4671
2015-03-04,2015-06-03,63,8.5129,38.652
2015-03-05,2015-06-04,63,9.5026,43.7796
2015-03-06,2015-06-05,63,9.4633,43.5733
2015-03-09,2015-06-08,63,10.6696,50.0076
2015-03-10,2015-06-09,63,11.0596,52.1335
2015-03-11,2015-06-10,63,10.4446,48.7915
2015-03-12,2015-06-11,63,9.1634,42.0066
2015-03-13,2015-06-12,63,9.1218,41.7902
2015-03-16,2015-06-15,63,7.4716,33.4059
2015-03-17,2015-06-16,63,6.541,28.8447
2015-03-18,2015-06-17,63,6.1517,26.972
2015-03-19,2015-06-18,63,4.7471,20.3837
2015-03-20,2015-06-19,63,2.9297,12.2441
2015-03-23,2015-06-23,63,2.8833,12.0415
2015-03-24,2015-06-24,63,3.4228,14.4103
2015-03-25,2015-06-25,63,2.7951,11.6581
2015-03-26,2015-06-26,63,0.0973,0.3896
2015-03-27,2015-06-29,63,-0.1987,-0.7923
2015-03-30,2015-06-30,63,0.8374,3.3919
2015-03-31,2015-07-01,63,0.1361,0.5455
2015-04-01,2015-07-02,63,-0.7044,-2.7879
2015-04-02,2015-07-03,63,-2.1215,-8.2198
2015-04-03,2015-07-06,63,-0.8411,-3.3223
2015-04-07,2015-07-07,63,-1.0703,-4.2129
2015-04-08,2015-07-08,63,-3.828,-14.455
2015-04-09,2015-07-09,63,-1.5017,-5.8727
2015-04-10,2015-07-10,63,-0.9502,-3.7472
2015-04-13,2015-07-13,63,-1.8738,-7.2871
2015-04-14,2015-07-14,63,-2.7693,-10.6255
2015-04-15,2015-07-15,63,-2.792,-10.709
2015-04-16,2015-07-16,63,-4.2056,-15.7906
2015-04-17,2015-07-17,63,-3.9871,-15.0196
2015-04-20,2015-07-20,63,-4.4552,-16.6648
2015-04-21,2015-07-21,63,-4.8769,-18.1265
2015-04-22,2015-07-22,63,-6.0556,-22.1097
2015-04-23,2015-07-23,63,-5.089,-18.8543
2015-04-24,2015-07-24,63,-5.4823,-20.1909
2015-04-27,2015-07-27,63,-7.2043,-25.8499
2015-04-28,2015-07-28,63,-7.7273,-27.5074
2015-04-29,2015-07-29,63,-7.5354,-26.9025
2015-04-30,2015-07-30,63,-8.0054,-28.3776
2015-05-04,2015-07-31,63,-7.9229,-28.1202
2015-05-05,2015-08-03,63,-6.7702,-24.4527
2015-05-06,2015-08-04,63,-6.6318,-24.0031
2015-05-07,2015-08-05,63,-6.773,-24.4618
2015-05-08,2015-08-06,63,-7.172,-25.7466
2015-05-11,2015-08-07,63,-7.0033,-25.2054
2015-05-12,2015-08-10,63,-6.1405,-22.3909
2015-05-13,2015-08-11,63,-5.7577,-21.1169
2015-05-14,2015-08-12,63,-5.4044,-19.9273
2015-05-15,2015-08-13,63,-4.9381,-18.337
2015-05-18,2015-08-14,63,-4.8399,-17.9989
2015-05-19,2015-08-17,63,-5.7279,-21.0173
2015-05-20,2015-08-18,63,-6.6173,-23.9558
2015-05-21,2015-08-19,63,-6.5822,-23.8413
2015-05-22,2015-08-20,63,-7.3319,-26.2569
2015-05-25,2015-08-21,63,-8.0839,-28.6215
2015-05-26,2015-08-24,63,-9.8404,-33.9233
2015-05-27,2015-08-25,63,-11.1394,-37.6499
2015-05-28,2015-08-26,63,-9.5435,-33.0485
2015-05-29,2015-08-27,63,-7.8473,-27.8838
2015-06-01,2015-08-28,63,-7.6507,-27.2665
2015-06-02,2015-08-31,63,-7.1283,-25.6067
2015-06-03,2015-09-01,63,-6.7221,-24.2968
2015-06-04,2015-09-02,63,-6.6525,-24.0706
2015-06-05,2015-09-07,63,-8.23,-29.0744
2015-06-08,2015-09-08,63,-9.0545,-31.5891
2015-06-09,2015-09-09,63,-8.5524,-30.066
2015-06-10,2015-09-10,63,-8.7893,-30.7876
2015-06-11,2015-09-11,63,-8.8929,-31.1018
2015-06-12,2015-09-14,63,-8.5176,-29.9593
2015-06-15,2015-09-15,63,-8.0356,-28.4716
2015-06-16,2015-09-16,63,-6.9446,-25.0163
2015-06-17,2015-09-17,63,-7.2012,-25.8401
2015-06-18,2015-09-18,63,-7.4988,-26.7869
2015-06-19,2015-09-21,63,-6.3226,-22.9913
2015-06-23,2015-09-22,63,-6.6247,-23.98
2015-06-24,2015-09-23,63,-7.3256,-26.2368
2015-06-25,2015-09-24,63,-6.3941,-23.2262
2015-06-26,2015-09-25,63,-4.7567,-17.7117
2015-06-29,2015-09-28,63,-4.9024,-18.2141
2015-06-30,2015-09-29,63,-6.7661,-24.4395
2015-07-01,2015-09-30,63,-5.7872,-21.2158
2015-07-02,2015-10-08,63,-4.6088,-17.1993
2015-07-03,2015-10-09,63,-3.3749,-12.8313
2015-07-06,2015-10-12,63,-3.7271,-14.0953
2015-07-07,2015-10-13,63,-4.5474,-16.986
2015-07-08,2015-10-14,63,-2.1556,-8.3474
2015-07-09,2015-10-15,63,-3.3662,-12.7999
2015-07-10,2015-10-16,63,-4.0318,-15.1778
2015-07-13,2015-10-19,63,-3.9472,-14.8783
2015-07-14,2015-10-20,63,-2.8282,-10.842
2015-07-15,2015-10-21,63,-2.7545,-10.571
2015-07-16,2015-10-22,63,-2.58,-9.9274
2015-07-17,2015-10-23,63,-2.7733,-10.6402
2015-07-20,2015-10-26,63,-2.136,-8.274
2015-07-21,2015-10-27,63,-1.7171,-6.6935
2015-07-22,2015-10-28,63,-1.3584,-5.324
2015-07-23,2015-10-29,63,-2.1344,-8.2681
2015-07-24,2015-10-30,63,-1.8181,-7.0764
2015-07-27,2015-11-02,63,-0.729,-2.8843
2015-07-28,2015-11-03,63,-0.6215,-2.4627
2015-07-29,2015-11-04,63,-0.442,-1.7564
2015-07-30,2015-11-05,63,0.9958,4.043
2015-07-31,2015-11-06,63,1.7469,7.1729
2015-08-03,2015-11-09,63,1.2056,4.9105
2015-08-04,2015-11-10,63,0.8219,3.3282
2015-08-05,2015-11-11,63,1.4205,5.8041
2015-08-06,2015-11-12,63,1.2782,5.2117
2015-08-07,2015-11-13,63,0.2175,0.8729
2015-08-10,2015-11-16,63,-0.5011,-1.9895
2015-08-11,2015-11-17,63,-1.2118,-4.7596
2015-08-12,2015-11-18,63,-2.1856,-8.4599
2015-08-13,2015-11-19,63,-1.8255,-7.1044
2015-08-14,2015-11-20,63,-1.5025,-5.876
2015-08-17,2015-11-23,63,-1.6672,-6.5037
2015-08-18,2015-11-24,63,-0.2775,-1.1052
2015-08-19,2015-11-25,63,-0.3059,-1.2178
2015-08-20,2015-11-26,63,-0.1028,-0.4104
2015-08-21,2015-11-27,63,-0.8454,-3.3389
2015-08-24,2015-11-30,63,1.5187,6.2148
2015-08-25,2015-12-01,63,4.3378,18.513
2015-08-26,2015-12-02,63,5.4866,23.8196
2015-08-27,2015-12-03,63,3.1195,13.074
2015-08-28,2015-12-04,63,1.6502,6.766
2015-08-31,2015-12-07,63,1.5583,6.3805
2015-09-01,2015-12-08,63,0.6067,2.449
2015-09-02,2015-12-09,63,0.6303,2.5453
2015-09-07,2015-12-10,63,2.1714,8.9728
2015-09-08,2015-12-11,63,1.4967,6.1227
2015-09-09,2015-12-14,63,1.9781,8.1501
2015-09-10,2015-12-15,63,1.76,7.2279
2015-09-11,2015-12-16,63,1.9026,7.8305
2015-09-14,2015-12-17,63,1.9642,8.0914
2015-09-15,2015-12-18,63,2.6039,10.8296
2015-09-16,2015-12-21,63,2.9682,12.4121
2015-09-17,2015-12-22,63,3.3998,14.3084
2015-09-18,2015-12-23,63,3.1703,13.2972
2015-09-21,2015-12-24,63,2.5092,10.4211
2015-09-22,2015-12-25,63,2.5127,10.436
2015-09-23,2015-12-28,63,2.3489,9.7321
2015-09-24,2015-12-29,63,2.346,9.7196
2015-09-25,2015-12-30,63,2.2149,9.1585
2015-09-28,2016-01-04,63,0.774,3.1323
2015-09-29,2016-01-05,63,1.9947,8.2207
2015-09-30,2016-01-06,63,2.3549,9.7577
2015-10-08,2016-01-07,63,0.3717,1.4953
2015-10-09,2016-01-08,63,0.5032,2.0281
2015-10-12,2016-01-11,63,-1.5572,-6.0847
2015-10-13,2016-01-12,63,-1.4187,-5.5551
2015-10-14,2016-01-13,63,-2.1751,-8.4205
2015-10-15,2016-01-14,63,-2.2769,-8.8011
2015-10-16,2016-01-15,63,-3.2731,-12.4634
2015-10-19,2016-01-18,63,-3.0709,-11.7293
2015-10-20,2016-01-19,63,-2.6202,-10.076
2015-10-21,2016-01-20,63,-3.0406,-11.6189
2015-10-22,2016-01-21,63,-3.1334,-11.9566
2015-10-23,2016-01-22,63,-3.2858,-12.5094
2015-10-26,2016-01-25,63,-3.0176,-11.535
2015-10-27,2016-01-26,63,-3.929,-14.8139
2015-10-28,2016-01-27,63,-3.6659,-13.8768
2015-10-29,2016-01-28,63,-3.8518,-14.5397
2015-10-30,2016-01-29,63,-2.9938,-11.4482
2015-11-02,2016-02-01,63,-2.7623,-10.5997
2015-11-03,2016-02-02,63,-2.1504,-8.3283
2015-11-04,2016-02-03,63,-2.7659,-10.6128
2015-11-05,2016-02-04,63,-2.6446,-10.1661
2015-11-06,2016-02-05,63,-2.9761,-11.3834
2015-11-09,2016-02-15,63,-1.9603,-7.6138
2015-11-10,2016-02-16,63,-1.7101,-6.6671
2015-11-11,2016-02-17,63,-1.5245,-5.9598
2015-11-12,2016-02-18,63,-1.2547,-4.9253
2015-11-13,2016-02-19,63,-0.5893,-2.3365
2015-11-16,2016-02-22,63,-0.7055,-2.7924
2015-11-17,2016-02-23,63,-0.4634,-1.8407
2015-11-18,2016-02-24,63,0.1953,0.7836
2015-11-19,2016-02-25,63,-0.9805,-3.8648
2015-11-20,2016-02-26,63,-0.8905,-3.5147
2015-11-23,2016-02-29,63,-0.8115,-3.2068
2015-11-24,2016-03-01,63,-0.0579,-0.2315
2015-11-25,2016-03-02,63,-0.0378,-0.1513
2015-11-26,2016-03-03,63,0.5626,2.2693
2015-11-27,2016-03-04,63,2.8238,11.7826
2015-11-30,2016-03-07,63,3.1717,13.3033
2015-12-01,2016-03-08,63,2.6105,10.8579
2015-12-02,2016-03-09,63,1.4053,5.7407
2015-12-03,2016-03-10,63,1.0122,4.1108
2015-12-04,2016-03-11,63,1.839,7.5615
2015-12-07,2016-03-14,63,0.8433,3.4162
2015-12-08,2016-03-15,63,1.1421,4.6471
2015-12-09,2016-03-16,63,1.5112,6.1831
2015-12-10,2016-03-17,63,2.0843,8.6015
2015-12-11,2016-03-18,63,2.3035,9.5371
2015-12-14,2016-03-21,63,1.6278,6.6717
2015-12-15,2016-03-22,63,2.1689,8.9621
2015-12-16,2016-03-23,63,1.8701,7.693
2015-12-17,2016-03-24,63,0.7409,2.9967
2015-12-18,2016-03-25,63,1.0471,4.2548
2015-12-21,2016-03-28,63,-0.3984,-1.584
2015-12-22,2016-03-29,63,-0.6338,-2.511
2015-12-23,2016-03-30,63,0.2551,1.0241
2015-12-24,2016-03-31,63,0.1302,0.522
2015-12-25,2016-04-01,63,0.2165,0.8689
2015-12-28,2016-04-05,63,1.0359,4.2086
2015-12-29,2016-04-06,63,0.7074,2.8599
2015-12-30,2016-04-07,63,0.3998,1.6087
2016-01-04,2016-04-08,63,1.9633,8.0877
2016-01-05,2016-04-11,63,2.0712,8.5457
2016-01-06,2016-04-12,63,1.7236,7.0749
2016-01-07,2016-04-13,63,2.722,11.3405
2016-01-08,2016-04-14,63,2.0717,8.5477
2016-01-11,2016-04-15,63,3.122,13.0849
2016-01-12,2016-04-18,63,3.0529,12.7824
2016-01-13,2016-04-19,63,3.9743,16.8702
2016-01-14,2016-04-20,63,3.4222,14.4078
2016-01-15,2016-04-21,63,4.6154,19.7795
2016-01-18,2016-04-22,63,4.2836,18.2671
2016-01-19,2016-04-25,63,3.2733,13.7502
2016-01-20,2016-04-26,63,3.7146,15.7071
2016-01-21,2016-04-27,63,4.2431,18.0836
2016-01-22,2016-04-28,63,4.1598,17.7066
2016-01-25,2016-04-29,63,4.4111,18.8468
2016-01-26,2016-05-03,63,6.3722,28.0304
2016-01-27,2016-05-04,63,6.1355,26.8946
2016-01-28,2016-05-05,63,6.745,29.8345
2016-01-29,2016-05-06,63,5.4158,23.4874
2016-02-01,2016-05-09,63,5.2028,22.4926
2016-02-02,2016-05-10,63,4.4292,18.9288
2016-02-03,2016-05-11,63,4.7697,20.4878
2016-02-04,2016-05-12,63,4.189,17.8384
2016-02-05,2016-05-13,63,4.1581,17.6989
2016-02-15,2016-05-16,63,3.5892,15.1483
2016-02-16,2016-05-17,63,2.9243,12.2203
2016-02-17,2016-05-18,63,2.5967,10.7984
2016-02-18,2016-05-19,63,2.2053,9.1173
2016-02-19,2016-05-20,63,2.084,8.6002
2016-02-22,2016-05-23,63,1.5636,6.4027
2016-02-23,2016-05-24,63,1.4828,6.0645
2016-02-24,2016-05-25,63,0.8082,3.2721
2016-02-25,2016-05-26,63,2.0938,8.6418
2016-02-26,2016-05-27,63,1.6173,6.6278
2016-02-29,2016-05-30,63,1.9261,7.9299
2016-03-01,2016-05-31,63,2.2356,9.2468
2016-03-02,2016-06-01,63,1.4345,5.8625
2016-03-03,2016-06-02,63,1.1119,4.5224
2016-03-04,2016-06-03,63,0.0171,0.0682
2016-03-07,2016-06-06,63,0.5357,2.1601
2016-03-08,2016-06-07,63,0.4227,1.7016
2016-03-09,2016-06-08,63,0.7993,3.2358
2016-03-10,2016-06-13,63,1.7599,7.2278
2016-03-11,2016-06-14,63,1.3218,5.3931
2016-03-14,2016-06-15,63,1.8625,7.6606
2016-03-15,2016-06-16,63,2.3812,9.8706
2016-03-16,2016-06-17,63,1.2414,5.0587
2016-03-17,2016-06-20,63,0.986,4.0026
2016-03-18,2016-06-21,63,0.821,3.3247
2016-03-21,2016-06-22,63,0.3819,1.5362
2016-03-22,2016-06-23,63,0.333,1.3388
2016-03-23,2016-06-24,63,1.4887,6.089
2016-03-24,2016-06-27,63,2.7218,11.3396
2016-03-25,2016-06-28,63,2.4251,10.0591
2016-03-28,2016-06-29,63,3.1798,13.3389
2016-03-29,2016-06-30,63,3.1644,13.2711
2016-03-30,2016-07-01,63,2.7209,11.3358
2016-03-31,2016-07-04,63,3.9053,16.5605
2016-04-01,2016-07-05,63,3.5918,15.16
2016-04-05,2016-07-06,63,4.1315,17.5788
2016-04-06,2016-07-07,63,4.0928,17.404
2016-04-07,2016-07-08,63,3.9664,16.8348
2016-04-08,2016-07-11,63,4.2744,18.2255
2016-04-11,2016-07-12,63,4.0887,17.3855
2016-04-12,2016-07-13,63,3.7112,15.6919
2016-04-13,2016-07-14,63,3.3202,13.957
2016-04-14,2016-07-15,63,3.4894,14.7055
2016-04-15,2016-07-18,63,3.3896,14.2637
2016-04-18,2016-07-19,63,3.5578,15.0089
2016-04-19,2016-07-20,63,3.0191,12.6344
2016-04-20,2016-07-21,63,2.8762,12.0109
2016-04-21,2016-07-22,63,2.536,10.5364
2016-04-22,2016-07-25,63,2.6563,11.056
2016-04-25,2016-07-26,63,3.278,13.7709
2016-04-26,2016-07-27,63,3.1299,13.1199
2016-04-27,2016-07-28,63,3.2024,13.4381
2016-04-28,2016-07-29,63,2.8696,11.9822
2016-04-29,2016-08-01,63,2.6313,10.9481
2016-05-03,2016-08-02,63,2.0092,8.2822
2016-05-04,2016-08-03,63,2.258,9.3428
2016-05-05,2016-08-04,63,2.0124,8.296
2016-05-06,2016-08-05,63,2.8901,12.0715
2016-05-09,2016-08-08,63,2.9392,12.2856
2016-05-10,2016-08-09,63,3.3493,14.0855
2016-05-11,2016-08-10,63,3.4618,14.5828
2016-05-12,2016-08-11,63,3.3217,13.9636
2016-05-13,2016-08-12,63,3.7551,15.8877
2016-05-16,2016-08-15,63,4.213,17.9471
2016-05-17,2016-08-16,63,4.258,18.1508
2016-05-18,2016-08-17,63,4.0278,17.1108
2016-05-19,2016-08-18,63,4.5689,19.5666
2016-05-20,2016-08-19,63,4.488,19.1973
2016-05-23,2016-08-22,63,4.1722,17.7627
2016-05-24,2016-08-23,63,4.6772,20.0627
2016-05-25,2016-08-24,63,4.9143,21.1544
2016-05-26,2016-08-25,63,4.378,18.6962
2016-05-27,2016-08-26,63,4.4906,19.2088
2016-05-30,2016-08-29,63,4.4485,19.0168
2016-05-31,2016-08-30,63,3.588,15.1431
2016-06-01,2016-08-31,63,3.7275,15.7647
2016-06-02,2016-09-01,63,3.5054,14.7764
2016-06-03,2016-09-02,63,3.5788,15.1021
2016-06-06,2016-09-05,63,3.4986,14.7459
2016-06-07,2016-09-06,63,3.491,14.7123
2016-06-08,2016-09-07,63,3.8067,16.1185
2016-06-13,2016-09-08,63,3.627,15.3165
2016-06-14,2016-09-09,63,3.3153,13.9352
2016-06-15,2016-09-12,63,2.5386,10.5478
2016-06-16,2016-09-13,63,2.1573,8.9126
2016-06-17,2016-09-14,63,2.3687,9.8166
2016-06-20,2016-09-19,63,2.3125,9.576
2016-06-21,2016-09-20,63,2.3257,9.6325
2016-06-22,2016-09-21,63,2.6175,10.8882
2016-06-23,2016-09-22,63,3.107,13.0194
2016-06-24,2016-09-23,63,2.2808,9.4403
2016-06-27,2016-09-26,63,1.4678,6.0018
2016-06-28,2016-09-27,63,1.5821,6.4801
2016-06-29,2016-09-28,63,0.9299,3.7716
2016-06-30,2016-09-29,63,1.0892,4.4286
2016-07-01,2016-09-30,63,0.7431,3.0058
2016-07-04,2016-10-10,63,-0.7822,-3.0924
2016-07-05,2016-10-11,63,-0.674,-2.6689
2016-07-06,2016-10-12,63,-1.2672,-4.9731
2016-07-07,2016-10-13,63,-1.0977,-4.3191
2016-07-08,2016-10-14,63,-0.6283,-2.4897
2016-07-11,2016-10-17,63,-1.0605,-4.1751
2016-07-12,2016-10-18,63,-0.9984,-3.934
2016-07-13,2016-10-19,63,-0.7575,-2.9958
2016-07-14,2016-10-20,63,-0.3694,-1.4693
2016-07-15,2016-10-21,63,-0.2296,-0.9151
2016-07-18,2016-10-24,63,0.2984,1.1991
2016-07-19,2016-10-25,63,0.4215,1.6966
2016-07-20,2016-10-26,63,0.6257,2.5265
2016-07-21,2016-10-27,63,0.5878,2.3718
2016-07-22,2016-10-28,63,0.7515,3.0402
2016-07-25,2016-10-31,63,0.9139,3.706
2016-07-26,2016-11-01,63,0.8071,3.2678
2016-07-27,2016-11-02,63,0.9475,3.8443
2016-07-28,2016-11-03,63,1.107,4.5021
2016-07-29,2016-11-04,63,1.2278,5.0025
2016-08-01,2016-11-07,63,1.1466,4.6658
2016-08-02,2016-11-08,63,1.018,4.1344
2016-08-03,2016-11-09,63,1.6087,6.5918
2016-08-04,2016-11-10,63,1.7008,6.9789
2016-08-05,2016-11-11,63,1.1877,4.836
2016-08-08,2016-11-14,63,0.9156,3.7131
2016-08-09,2016-11-15,63,0.9256,3.7541
2016-08-10,2016-11-16,63,0.7342,2.9694
2016-08-11,2016-11-17,63,0.8774,3.5559
2016-08-12,2016-11-18,63,-0.0164,-0.0655
2016-08-15,2016-11-21,63,-0.2284,-0.9106
2016-08-16,2016-11-22,63,0.2659,1.0677
2016-08-17,2016-11-23,63,0.5398,2.1767
2016-08-18,2016-11-24,63,0.3466,1.3936
2016-08-19,2016-11-25,63,0.3738,1.5038
2016-08-22,2016-11-28,63,1.0438,4.2409
2016-08-23,2016-11-29,63,1.2776,5.2091
2016-08-24,2016-11-30,63,0.9879,4.0104
2016-08-25,2016-12-01,63,1.3057,5.326
2016-08-26,2016-12-02,63,1.1348,4.6171
2016-08-29,2016-12-05,63,0.7972,3.227
2016-08-30,2016-12-06,63,0.49,1.9744
2016-08-31,2016-12-07,63,0.5432,2.1907
2016-09-01,2016-12-08,63,0.9498,3.8535
2016-09-02,2016-12-09,63,1.1423,4.648
2016-09-05,2016-12-12,63,0.4599,1.8522
2016-09-06,2016-12-13,63,0.2531,1.0163
2016-09-07,2016-12-14,63,-0.1245,-0.4972
2016-09-08,2016-12-15,63,-0.8911,-3.5172
2016-09-09,2016-12-16,63,-0.8858,-3.4965
2016-09-12,2016-12-19,63,-0.4652,-1.8477
2016-09-13,2016-12-20,63,-0.6314,-2.5017
2016-09-14,2016-12-21,63,-0.1472,-0.5875
2016-09-19,2016-12-22,63,-0.3822,-1.52
2016-09-20,2016-12-23,63,-0.4769,-1.894
2016-09-21,2016-12-26,63,-0.2619,-1.0435
2016-09-22,2016-12-27,63,-0.5835,-2.3136
2016-09-23,2016-12-28,63,-0.5747,-2.2792
2016-09-26,2016-12-29,63,-0.1216,-0.4856
2016-09-27,2016-12-30,63,0.1614,0.6474
2016-09-28,2017-01-03,63,0.5673,2.2886
2016-09-29,2017-01-04,63,0.6404,2.5862
2016-09-30,2017-01-05,63,0.4919,1.9821
2016-10-10,2017-01-06,63,0.9484,3.8478
2016-10-11,2017-01-09,63,1.0684,4.3427
2016-10-12,2017-01-10,63,1.322,5.3936
2016-10-13,2017-01-11,63,1.1281,4.5895
2016-10-14,2017-01-12,63,1.0862,4.416
2016-10-17,2017-01-13,63,1.3105,5.3458
2016-10-18,2017-01-16,63,1.2975,5.292
2016-10-19,2017-01-17,63,1.3814,5.6413
2016-10-20,2017-01-18,63,1.2172,4.9584
2016-10-21,2017-01-19,63,0.7537,3.0491
2016-10-24,2017-01-20,63,0.539,2.1735
2016-10-25,2017-01-23,63,0.6423,2.5939
2016-10-26,2017-01-24,63,0.652,2.6336
2016-10-27,2017-01-25,63,0.6266,2.5301
2016-10-28,2017-01-26,63,0.4363,1.7565
2016-10-31,2017-02-03,63,0.4857,1.9568
2016-11-01,2017-02-06,63,0.5772,2.3287
2016-11-02,2017-02-07,63,0.6949,2.8087
2016-11-03,2017-02-08,63,0.4142,1.6671
2016-11-04,2017-02-09,63,0.7727,3.1269
2016-11-07,2017-02-10,63,0.6336,2.5586
2016-11-08,2017-02-13,63,0.853,3.4558
2016-11-09,2017-02-14,63,0.0933,0.3737
2016-11-10,2017-02-15,63,0.1443,0.5783
2016-11-11,2017-02-16,63,0.4834,1.9478
2016-11-14,2017-02-17,63,1.1138,4.5302
2016-11-15,2017-02-20,63,1.1986,4.8813
2016-11-16,2017-02-21,63,1.1999,4.8869
2016-11-17,2017-02-22,63,1.1609,4.725
2016-11-18,2017-02-23,63,1.4766,6.0385
2016-11-21,2017-02-24,63,1.3248,5.4054
2016-11-22,2017-02-27,63,0.9497,3.8533
2016-11-23,2017-02-28,63,0.7547,3.0532
2016-11-24,2017-03-01,63,0.754,3.0502
2016-11-25,2017-03-02,63,0.5502,2.2191
2016-11-28,2017-03-03,63,-0.035,-0.1398
2016-11-29,2017-03-06,63,-0.2896,-1.1534
2016-11-30,2017-03-07,63,0.0596,0.2386
2016-12-01,2017-03-08,63,-0.041,-0.1638
2016-12-02,2017-03-09,63,-0.0981,-0.3918
2016-12-05,2017-03-10,63,0.0501,0.2004
2016-12-06,2017-03-13,63,0.5824,2.35
2016-12-07,2017-03-14,63,0.4198,1.6897
2016-12-08,2017-03-15,63,0.2446,0.9821
2016-12-09,2017-03-16,63,0.4918,1.9818
2016-12-12,2017-03-17,63,0.6379,2.5761
2016-12-13,2017-03-20,63,0.9237,3.7463
2016-12-14,2017-03-21,63,0.8926,3.6187
2016-12-15,2017-03-22,63,1.7203,7.0608
2016-12-16,2017-03-23,63,2.0493,8.4527
2016-12-19,2017-03-24,63,2.1726,8.9777
2016-12-20,2017-03-27,63,2.7071,11.2761
2016-12-21,2017-03-28,63,2.3843,9.8839
2016-12-22,2017-03-29,63,2.5012,10.3865
2016-12-23,2017-03-30,63,2.5639,10.6567
2016-12-26,2017-03-31,63,2.2189,9.1755
2016-12-27,2017-04-05,63,2.687,11.189
2016-12-28,2017-04-06,63,2.7483,11.4549
2016-12-29,2017-04-07,63,2.8192,11.7626
2016-12-30,2017-04-10,63,2.2199,9.1795
2017-01-03,2017-04-11,63,2.2178,9.1706
2017-01-04,2017-04-12,63,2.3519,9.7447
2017-01-05,2017-04-13,63,2.4397,10.1217
2017-01-06,2017-04-14,63,2.5707,10.6863
2017-01-09,2017-04-17,63,2.3533,9.7507
2017-01-10,2017-04-18,63,1.9577,8.0637
2017-01-11,2017-04-19,63,1.9093,7.8589
2017-01-12,2017-04-20,63,2.0236,8.3435
2017-01-13,2017-04-21,63,2.0929,8.638
2017-01-16,2017-04-24,63,1.3649,5.5726
2017-01-17,2017-04-25,63,1.3227,5.3968
2017-01-18,2017-04-26,63,1.1501,4.6802
2017-01-19,2017-04-27,63,1.6142,6.6149
2017-01-20,2017-04-28,63,1.3989,5.7142
2017-01-23,2017-05-02,63,1.2257,4.9935
2017-01-24,2017-05-03,63,1.0778,4.3816
2017-01-25,2017-05-04,63,0.8929,3.6196
2017-01-26,2017-05-05,63,0.9006,3.6515
2017-02-03,2017-05-08,63,0.8002,3.2395
2017-02-06,2017-05-09,63,0.3966,1.5958
2017-02-07,2017-05-10,63,0.2283,0.9165
2017-02-08,2017-05-11,63,0.2917,1.1718
2017-02-09,2017-05-12,63,0.5227,2.1071
2017-02-10,2017-05-15,63,0.8337,3.3766
2017-02-13,2017-05-16,63,0.6602,2.6673
2017-02-14,2017-05-17,63,0.657,2.6541
2017-02-15,2017-05-18,63,0.8844,3.5848
2017-02-16,2017-05-19,63,0.7246,2.93
2017-02-17,2017-05-22,63,1.04,4.2254
2017-02-20,2017-05-23,63,1.2521,5.1034
2017-02-21,2017-05-24,63,0.8169,3.3077
2017-02-22,2017-05-25,63,1.6486,6.7595
2017-02-23,2017-05-26,63,1.695,6.9545
2017-02-24,2017-05-31,63,1.2911,5.2652
2017-02-27,2017-06-01,63,1.6145,6.6163
2017-02-28,2017-06-02,63,1.3871,5.6649
2017-03-01,2017-06-05,63,1.6237,6.6546
2017-03-02,2017-06-06,63,2.1057,8.6925
2017-03-03,2017-06-07,63,2.6006,10.8155
2017-03-06,2017-06-08,63,2.7332,11.3893
2017-03-07,2017-06-09,63,2.5944,10.7886
2017-03-08,2017-06-12,63,2.6345,10.9617
2017-03-09,2017-06-13,63,2.8324,11.8202
2017-03-10,2017-06-14,63,2.7715,11.5555
2017-03-13,2017-06-15,63,2.0167,8.3143
2017-03-14,2017-06-16,63,1.9953,8.2232
2017-03-15,2017-06-19,63,2.2409,9.2695
2017-03-16,2017-06-20,63,1.5231,6.2332
2017-03-17,2017-06-21,63,2.0137,8.3014
2017-03-20,2017-06-22,63,2.216,9.1632
2017-03-21,2017-06-23,63,2.4168,10.0232
2017-03-22,2017-06-26,63,2.5741,10.7008
2017-03-23,2017-06-27,63,2.4896,10.3365
2017-03-24,2017-06-28,63,2.1136,8.7264
2017-03-27,2017-06-29,63,1.9658,8.098
2017-03-28,2017-06-30,63,1.8614,7.656
2017-03-29,2017-07-03,63,1.7094,7.015
2017-03-30,2017-07-04,63,1.3531,5.5231
2017-03-31,2017-07-05,63,1.7526,7.1967
2017-04-05,2017-07-06,63,1.3453,5.4908
2017-04-06,2017-07-07,63,1.112,4.5229
2017-04-07,2017-07-10,63,0.7114,2.8759
2017-04-10,2017-07-11,63,1.2443,5.0708
2017-04-11,2017-07-12,63,1.1955,4.8685
2017-04-12,2017-07-13,63,1.4143,5.7785
2017-04-13,2017-07-14,63,1.5677,6.4198
2017-04-14,2017-07-17,63,1.9643,8.0917
2017-04-17,2017-07-18,63,1.9674,8.1051
2017-04-18,2017-07-19,63,2.6597,11.0709
2017-04-19,2017-07-20,63,2.9171,12.1891
2017-04-20,2017-07-21,63,2.6627,11.084
2017-04-21,2017-07-24,63,2.7532,11.476
2017-04-24,2017-07-25,63,2.903,12.1274
2017-04-25,2017-07-26,63,2.5845,10.7459
2017-04-26,2017-07-27,63,2.9992,12.5473
2017-04-27,2017-07-28,63,2.8457,11.8781
2017-04-28,2017-07-31,63,2.9594,12.3737
2017-05-02,2017-08-01,63,3.485,14.686
2017-05-03,2017-08-02,63,3.6064,15.2249
2017-05-04,2017-08-03,63,3.5163,14.8246
2017-05-05,2017-08-04,63,3.5916,15.1591
2017-05-08,2017-08-07,63,3.3957,14.2905
2017-05-09,2017-08-08,63,3.5084,14.7896
2017-05-10,2017-08-09,63,3.4364,14.4707
2017-05-11,2017-08-10,63,3.3201,13.9564
2017-05-12,2017-08-11,63,2.521,10.4719
2017-05-15,2017-08-14,63,2.546,10.5794
2017-05-16,2017-08-15,63,2.4724,10.2624
2017-05-17,2017-08-16,63,2.4056,9.9752
2017-05-18,2017-08-17,63,2.6693,11.1126
2017-05-19,2017-08-18,63,2.7867,11.6217
2017-05-22,2017-08-21,63,2.4656,10.233
2017-05-23,2017-08-22,63,2.1806,9.0117
2017-05-24,2017-08-23,63,2.6929,11.2147
2017-05-25,2017-08-24,63,1.7037,6.991
2017-05-26,2017-08-25,63,2.3118,9.5727
2017-05-31,2017-08-28,63,2.8025,11.6903
2017-06-01,2017-08-29,63,2.9167,12.1874
2017-06-02,2017-08-30,63,2.8217,11.7736
2017-06-05,2017-08-31,63,2.6014,10.8186
2017-06-06,2017-09-01,63,2.3953,9.9311
2017-06-07,2017-09-04,63,2.3919,9.9164
2017-06-08,2017-09-05,63,2.3517,9.7437
2017-06-09,2017-09-06,63,2.3908,9.9114
2017-06-12,2017-09-07,63,2.1837,9.025
2017-06-13,2017-09-08,63,2.2454,9.2886
2017-06-14,2017-09-11,63,2.368,9.8139
2017-06-15,2017-09-12,63,2.7664,11.5335
2017-06-16,2017-09-13,63,2.8999,12.1141
2017-06-19,2017-09-14,63,2.419,10.0327
2017-06-20,2017-09-15,63,2.6504,11.0306
2017-06-21,2017-09-18,63,2.2375,9.2547
2017-06-22,2017-09-19,63,1.8345,7.5426
2017-06-23,2017-09-20,63,1.5978,6.5459
2017-06-26,2017-09-21,63,1.3371,5.4566
2017-06-27,2017-09-22,63,1.4007,5.7215
2017-06-28,2017-09-25,63,1.6193,6.6363
2017-06-29,2017-09-26,63,1.8756,7.716
2017-06-30,2017-09-27,63,1.7432,7.1574
2017-07-03,2017-09-28,63,1.8477,7.598
2017-07-04,2017-09-29,63,2.4959,10.3635
2017-07-05,2017-10-09,63,2.1253,8.7762
2017-07-06,2017-10-10,63,2.0484,8.4487
2017-07-07,2017-10-11,63,2.2822,9.4461
2017-07-10,2017-10-12,63,2.7347,11.396
2017-07-11,2017-10-13,63,2.3688,9.8173
2017-07-12,2017-10-16,63,2.5978,10.8032
2017-07-13,2017-10-17,63,1.9977,8.2335
2017-07-14,2017-10-18,63,2.0608,8.5017
2017-07-17,2017-10-19,63,1.7447,7.1637
2017-07-18,2017-10-20,63,1.6078,6.588
2017-07-19,2017-10-23,63,1.1104,4.5162
2017-07-20,2017-10-24,63,1.2866,5.2468
2017-07-21,2017-10-25,63,1.2699,5.1771
2017-07-24,2017-10-26,63,1.3535,5.525
2017-07-25,2017-10-27,63,1.6754,6.872
2017-07-26,2017-10-30,63,1.9441,8.0062
2017-07-27,2017-10-31,63,1.5238,6.2359
2017-07-28,2017-11-01,63,1.4623,5.979
2017-07-31,2017-11-02,63,1.4275,5.8333
2017-08-01,2017-11-03,63,1.06,4.3078
2017-08-02,2017-11-06,63,0.945,3.8339
2017-08-03,2017-11-07,63,1.7797,7.311
2017-08-04,2017-11-08,63,1.8139,7.4553
2017-08-07,2017-11-09,63,2.182,9.0178
2017-08-08,2017-11-10,63,2.9356,12.2695
2017-08-09,2017-11-13,63,3.0179,12.6293
2017-08-10,2017-11-14,63,2.784,11.6098
2017-08-11,2017-11-15,63,3.0305,12.6842
2017-08-14,2017-11-16,63,3.0377,12.7158
2017-08-15,2017-11-17,63,3.7168,15.7166
2017-08-16,2017-11-20,63,4.0726,17.3126
2017-08-17,2017-11-21,63,3.9868,16.9265
2017-08-18,2017-11-22,63,4.0824,17.3571
2017-08-21,2017-11-23,63,3.4437,14.5027
2017-08-22,2017-11-24,63,3.2085,13.465
2017-08-23,2017-11-27,63,2.8505,11.8988
2017-08-24,2017-11-28,63,2.8878,12.0611
2017-08-25,2017-11-29,63,2.2833,9.4506
2017-08-28,2017-11-30,63,1.3934,5.6912
2017-08-29,2017-12-01,63,0.7211,2.9159
2017-08-30,2017-12-04,63,1.2837,5.2347
2017-08-31,2017-12-05,63,1.9206,7.9066
2017-09-01,2017-12-06,63,1.3311,5.4317
2017-09-04,2017-12-07,63,0.6976,2.8199
2017-09-05,2017-12-08,63,0.5584,2.2524
2017-09-06,2017-12-11,63,0.999,4.0561
2017-09-07,2017-12-12,63,0.7995,3.2366
2017-09-08,2017-12-13,63,1.0023,4.0701
2017-09-11,2017-12-14,63,1.2304,5.0133
2017-09-12,2017-12-15,63,0.8893,3.6049
2017-09-13,2017-12-18,63,0.9981,4.0526
2017-09-14,2017-12-19,63,1.688,6.925
2017-09-15,2017-12-20,63,1.629,6.6771
2017-09-18,2017-12-21,63,1.9213,7.9094
2017-09-19,2017-12-22,63,1.8422,7.5751
2017-09-20,2017-12-25,63,2.0474,8.4445
2017-09-21,2017-12-26,63,2.2677,9.3841
2017-09-22,2017-12-27,63,1.74,7.144
2017-09-25,2017-12-28,63,2.0178,8.3189
2017-09-26,2017-12-29,63,1.6519,6.773
2017-09-27,2018-01-02,63,2.6532,11.0425
2017-09-28,2018-01-03,63,2.8162,11.7497
2017-09-29,2018-01-04,63,2.5261,10.4937
2017-10-09,2018-01-05,63,2.7126,11.2999
2017-10-10,2018-01-08,63,2.8547,11.9171
2017-10-11,2018-01-09,63,3.0071,12.5817
2017-10-12,2018-01-10,63,2.9831,12.4772
2017-10-13,2018-01-11,63,3.1185,13.0699
2017-10-16,2018-01-12,63,3.1025,12.9994
2017-10-17,2018-01-15,63,3.5765,15.0921
2017-10-18,2018-01-16,63,3.484,14.6813
2017-10-19,2018-01-17,63,3.5271,14.8725
2017-10-20,2018-01-18,63,3.7995,16.0862
2017-10-23,2018-01-19,63,3.9565,16.7901
2017-10-24,2018-01-22,63,3.8058,16.1144
2017-10-25,2018-01-23,63,4.4248,18.909
2017-10-26,2018-01-24,63,4.2737,18.2222
2017-10-27,2018-01-25,63,3.9319,16.6798
2017-10-30,2018-01-26,63,3.9176,16.6157
2017-10-31,2018-01-29,63,3.4765,14.6481
2017-11-01,2018-01-30,63,2.9976,12.5405
2017-11-02,2018-01-31,63,3.2959,13.8496
2017-11-03,2018-02-01,63,3.3988,14.3041
2017-11-06,2018-02-02,63,3.6391,15.3704
2017-11-07,2018-02-05,63,3.2904,13.8254
2017-11-08,2018-02-06,63,2.9294,12.2426
2017-11-09,2018-02-07,63,1.6228,6.6509
2017-11-10,2018-02-08,63,0.1191,0.4774
2017-11-13,2018-02-09,63,-0.9229,-3.6408
2017-11-14,2018-02-12,63,-0.8414,-3.3234
2017-11-15,2018-02-13,63,-0.2539,-1.0116
2017-11-16,2018-02-14,63,-0.1237,-0.4939
2017-11-17,2018-02-22,63,-0.4192,-1.6662
2017-11-20,2018-02-23,63,-0.2753,-1.0966
2017-11-21,2018-02-26,63,-0.2483,-0.9897
2017-11-22,2018-02-27,63,-0.9831,-3.8747
2017-11-23,2018-02-28,63,-1.0336,-4.0709
2017-11-24,2018-03-01,63,-0.955,-3.7655
2017-11-27,2018-03-02,63,-0.9339,-3.6835
2017-11-28,2018-03-05,63,-0.775,-3.0643
2017-11-29,2018-03-06,63,-0.5462,-2.167
2017-11-30,2018-03-07,63,-0.1073,-0.4287
2017-12-01,2018-03-08,63,0.372,1.4963
2017-12-04,2018-03-09,63,0.1751,0.7023
2017-12-05,2018-03-12,63,-0.2578,-1.0271
2017-12-06,2018-03-13,63,-0.0517,-0.2067
2017-12-07,2018-03-14,63,0.2955,1.1874
2017-12-08,2018-03-15,63,0.5003,2.0163
2017-12-11,2018-03-16,63,-0.1254,-0.5007
2017-12-12,2018-03-19,63,0.4753,1.9149
2017-12-13,2018-03-20,63,0.4453,1.7933
2017-12-14,2018-03-21,63,0.3306,1.3288
2017-12-15,2018-03-22,63,0.5723,2.3088
2017-12-18,2018-03-23,63,0.0955,0.3827
2017-12-19,2018-03-26,63,-0.8849,-3.493
2017-12-20,2018-03-27,63,-0.8435,-3.3316
2017-12-21,2018-03-28,63,-1.5547,-6.0752
2017-12-22,2018-03-29,63,-1.351,-5.2956
2017-12-25,2018-03-30,63,-1.5971,-6.2371
2017-12-26,2018-04-02,63,-1.7846,-6.9497
2017-12-27,2018-04-03,63,-1.3112,-5.1424
2017-12-28,2018-04-04,63,-1.5487,-6.0523
2017-12-29,2018-04-09,63,-1.4993,-5.8636
2018-01-02,2018-04-10,63,-1.482,-5.7976
2018-01-03,2018-04-11,63,-1.4213,-5.565
2018-01-04,2018-04-12,63,-1.4809,-5.7931
2018-01-05,2018-04-13,63,-2.041,-7.9173
2018-01-08,2018-04-16,63,-2.618,-10.0678
2018-01-09,2018-04-17,63,-3.0211,-11.5477
2018-01-10,2018-04-18,63,-3.0257,-11.5645
2018-01-11,2018-04-19,63,-2.8128,-10.7853
2018-01-12,2018-04-20,63,-3.4447,-13.0829
2018-01-15,2018-04-23,63,-3.6764,-13.9144
2018-01-16,2018-04-24,63,-3.3389,-12.7016
2018-01-17,2018-04-25,63,-3.5386,-13.4206
2018-01-18,2018-04-26,63,-3.8897,-14.6742
2018-01-19,2018-04-27,63,-4.0559,-15.2631
2018-01-22,2018-05-02,63,-4.2279,-15.869
2018-01-23,2018-05-03,63,-4.19,-15.7358
2018-01-24,2018-05-04,63,-4.454,-16.6606
2018-01-25,2018-05-07,63,-4.0221,-15.1434
2018-01-26,2018-05-08,63,-3.678,-13.92
2018-01-29,2018-05-09,63,-3.2864,-12.5116
2018-01-30,2018-05-10,63,-2.6662,-10.2456
2018-01-31,2018-05-11,63,-2.9582,-11.318
2018-02-01,2018-05-14,63,-2.8535,-10.9348
2018-02-02,2018-05-15,63,-3.0872,-11.7886
2018-02-05,2018-05-16,63,-3.5881,-13.5981
2018-02-06,2018-05-17,63,-3.5845,-13.5854
2018-02-07,2018-05-18,63,-2.2555,-8.7212
2018-02-08,2018-05-21,63,-1.5866,-6.1969
2018-02-09,2018-05-22,63,-0.6726,-2.6635
2018-02-12,2018-05-23,63,-0.9893,-3.899
2018-02-13,2018-05-24,63,-1.508,-5.8968
2018-02-14,2018-05-25,63,-1.7498,-6.8178
2018-02-22,2018-05-28,63,-2.011,-7.8047
2018-02-23,2018-05-29,63,-2.2929,-8.8611
2018-02-26,2018-05-30,63,-2.9333,-11.227
2018-02-27,2018-05-31,63,-1.9732,-7.6623
2018-02-28,2018-06-01,63,-1.5314,-5.9863
2018-03-01,2018-06-04,63,-1.3231,-5.1881
2018-03-02,2018-06-05,63,-1.1317,-4.4504
2018-03-05,2018-06-06,63,-1.3004,-5.1012
2018-03-06,2018-06-07,63,-1.4964,-5.8528
2018-03-07,2018-06-08,63,-1.8687,-7.268
2018-03-08,2018-06-11,63,-1.8567,-7.2227
2018-03-09,2018-06-12,63,-1.5957,-6.2317
2018-03-12,2018-06-13,63,-1.7678,-6.8857
2018-03-13,2018-06-14,63,-1.4289,-5.5943
2018-03-14,2018-06-15,63,-1.3746,-5.3861
2018-03-15,2018-06-19,63,-2.3367,-9.0242
2018-03-16,2018-06-20,63,-2.1647,-8.3817
2018-03-19,2018-06-21,63,-2.4878,-9.5859
2018-03-20,2018-06-22,63,-2.5068,-9.6564
2018-03-21,2018-06-25,63,-2.7765,-10.652
2018-03-22,2018-06-26,63,-3.0313,-11.5849
2018-03-23,2018-06-27,63,-3.164,-12.068
2018-03-26,2018-06-28,63,-3.0251,-11.5624
2018-03-27,2018-06-29,63,-2.5209,-9.7086
2018-03-28,2018-07-02,63,-2.7395,-10.5157
2018-03-29,2018-07-03,63,-2.8013,-10.7429
2018-03-30,2018-07-04,63,-2.8338,-10.8625
2018-04-02,2018-07-05,63,-2.702,-10.3776
2018-04-03,2018-07-06,63,-2.4632,-9.4947
2018-04-04,2018-07-09,63,-1.8517,-7.2037
2018-04-09,2018-07-10,63,-1.9877,-7.717
2018-04-10,2018-07-11,63,-2.8061,-10.7606
2018-04-11,2018-07-12,63,-2.6941,-10.3486
2018-04-12,2018-07-13,63,-2.485,-9.5757
2018-04-13,2018-07-16,63,-2.3329,-9.0103
2018-04-16,2018-07-17,63,-2.1304,-8.2532
2018-04-17,2018-07-18,63,-2.235,-8.6448
2018-04-18,2018-07-19,63,-2.2132,-8.5632
2018-04-19,2018-07-20,63,-1.8592,-7.2321
2018-04-20,2018-07-23,63,-1.003,-3.9522
2018-04-23,2018-07-24,63,-0.7151,-2.8298
2018-04-24,2018-07-25,63,-1.1616,-4.5662
2018-04-25,2018-07-26,63,-1.2312,-4.8346
2018-04-26,2018-07-27,63,-1.0448,-4.1143
2018-04-27,2018-07-30,63,-0.707,-2.7983
2018-05-02,2018-07-31,63,-0.585,-2.3197
2018-05-03,2018-08-01,63,-1.5631,-6.1072
2018-05-04,2018-08-02,63,-1.9565,-7.5994
2018-05-07,2018-08-03,63,-2.6545,-10.2027
2018-05-08,2018-08-06,63,-3.0183,-11.5376
2018-05-09,2018-08-07,63,-2.2809,-8.8163
2018-05-10,2018-08-08,63,-2.7553,-10.5741
2018-05-11,2018-08-09,63,-2.2192,-8.5858
2018-05-14,2018-08-10,63,-2.4817,-9.5635
2018-05-15,2018-08-13,63,-2.4992,-9.6284
2018-05-16,2018-08-14,63,-2.2966,-8.8746
2018-05-17,2018-08-15,63,-2.6177,-10.0669
2018-05-18,2018-08-16,63,-3.3285,-12.664
2018-05-21,2018-08-17,63,-3.636,-13.7698
2018-05-22,2018-08-20,63,-3.0805,-11.7642
2018-05-23,2018-08-21,63,-2.2248,-8.6067
2018-05-24,2018-08-22,63,-2.2587,-8.7334
2018-05-25,2018-08-23,63,-2.2391,-8.6601
2018-05-28,2018-08-24,63,-2.1235,-8.2272
2018-05-29,2018-08-27,63,-1.5412,-6.0239
2018-05-30,2018-08-28,63,-1.129,-4.4402
2018-05-31,2018-08-29,63,-1.8209,-7.0872
2018-06-01,2018-08-30,63,-1.8571,-7.2241
2018-06-04,2018-08-31,63,-2.1507,-8.3294
2018-06-05,2018-09-03,63,-2.4008,-9.2628
2018-06-06,2018-09-04,63,-2.0911,-8.1058
2018-06-07,2018-09-05,63,-2.6443,-10.1649
2018-06-08,2018-09-06,63,-2.4353,-9.3912
2018-06-11,2018-09-07,63,-2.2837,-8.8267
2018-06-12,2018-09-10,63,-2.8021,-10.7462
2018-06-13,2018-09-11,63,-2.7084,-10.4013
2018-06-14,2018-09-12,63,-2.9987,-11.4661
2018-06-15,2018-09-13,63,-2.5611,-9.8575
2018-06-19,2018-09-14,63,-1.6165,-6.3108
2018-06-20,2018-09-17,63,-1.8596,-7.2333
2018-06-21,2018-09-18,63,-1.0195,-4.016
2018-06-22,2018-09-19,63,-0.8618,-3.4027
2018-06-25,2018-09-20,63,-0.4418,-1.7556
2018-06-26,2018-09-21,63,0.7778,3.1477
2018-06-27,2018-09-25,63,0.9474,3.8439
2018-06-28,2018-09-26,63,1.7027,6.9868
2018-06-29,2018-09-27,63,0.9082,3.6824
2018-07-02,2018-09-28,63,1.9598,8.0726
2018-07-03,2018-10-08,63,1.0386,4.2196
2018-07-04,2018-10-09,63,1.1788,4.7993
2018-07-05,2018-10-10,63,1.1293,4.5943
2018-07-06,2018-10-11,63,-0.1602,-0.6393
2018-07-09,2018-10-12,63,0.0159,0.0637
2018-07-10,2018-10-15,63,0.0271,0.1083
2018-07-11,2018-10-16,63,0.3609,1.4513
2018-07-12,2018-10-17,63,0.0938,0.3757
2018-07-13,2018-10-18,63,-0.4939,-1.961
2018-07-16,2018-10-19,63,0.6561,2.6504
2018-07-17,2018-10-22,63,1.8378,7.5565
2018-07-18,2018-10-23,63,1.5025,6.1469
2018-07-19,2018-10-24,63,1.4759,6.0357
2018-07-20,2018-10-25,63,0.9517,3.8616
2018-07-23,2018-10-26,63,0.3291,1.3228
2018-07-24,2018-10-29,63,-0.8175,-3.2302
2018-07-25,2018-10-30,63,-0.6194,-2.4548
2018-07-26,2018-10-31,63,-0.2182,-0.8698
2018-07-27,2018-11-01,63,0.0206,0.0823
2018-07-30,2018-11-02,63,0.6823,2.7573
2018-07-31,2018-11-05,63,0.3476,1.3978
2018-08-01,2018-11-06,63,0.8134,3.2937
2018-08-02,2018-11-07,63,1.2195,4.968
2018-08-03,2018-11-08,63,1.9157,7.8856
2018-08-06,2018-11-09,63,1.3827,5.6465
2018-08-07,2018-11-12,63,0.5595,2.257
2018-08-08,2018-11-13,63,1.0287,4.1786
2018-08-09,2018-11-14,63,0.1204,0.4825
2018-08-10,2018-11-15,63,0.5833,2.3538
2018-08-13,2018-11-16,63,0.8263,3.3464
2018-08-14,2018-11-19,63,1.5353,6.2841
2018-08-15,2018-11-20,63,1.8212,7.4862
2018-08-16,2018-11-21,63,2.2132,9.1511
2018-08-17,2018-11-22,63,2.5241,10.4853
2018-08-20,2018-11-23,63,1.5776,6.4615
2018-08-21,2018-11-26,63,1.0331,4.197
2018-08-22,2018-11-27,63,0.9313,3.7777
2018-08-23,2018-11-28,63,0.9738,3.9524
2018-08-24,2018-11-29,63,0.848,3.4353
2018-08-27,2018-11-30,63,0.5006,2.0175
2018-08-28,2018-12-03,63,1.0201,4.1433
2018-08-29,2018-12-04,63,1.2981,5.2943
2018-08-30,2018-12-05,63,1.4098,5.7597
2018-08-31,2018-12-06,63,1.0391,4.2216
2018-09-03,2018-12-07,63,1.2371,5.0408
2018-09-04,2018-12-10,63,1.0426,4.2359
2018-09-05,2018-12-11,63,1.6557,6.7889
2018-09-06,2018-12-12,63,1.7778,7.303
2018-09-07,2018-12-13,63,1.7934,7.3689
2018-09-10,2018-12-14,63,1.7406,7.1462
2018-09-11,2018-12-17,63,1.8327,7.5348
2018-09-12,2018-12-18,63,1.9014,7.8254
2018-09-13,2018-12-19,63,1.1873,4.8343
2018-09-14,2018-12-20,63,0.637,2.5723
2018-09-17,2018-12-21,63,0.9688,3.9318
2018-09-18,2018-12-24,63,0.4557,1.8353
2018-09-19,2018-12-25,63,0.1929,0.7739
2018-09-20,2018-12-26,63,0.0435,0.174
2018-09-21,2018-12-27,63,-0.974,-3.8395
2018-09-25,2018-12-28,63,-0.329,-1.3093
2018-09-26,2019-01-02,63,-0.9251,-3.6495
2018-09-27,2019-01-03,63,-0.58,-2.2999
2018-09-28,2019-01-04,63,-0.1029,-0.4111
2018-10-08,2019-01-07,63,0.3984,1.6032
2018-10-09,2019-01-08,63,0.2085,0.8364
2018-10-10,2019-01-09,63,0.3999,1.6093
2018-10-11,2019-01-10,63,1.2822,5.2284
2018-10-12,2019-01-11,63,0.5048,2.0344
2018-10-15,2019-01-14,63,0.3186,1.2807
2018-10-16,2019-01-15,63,0.755,3.0544
2018-10-17,2019-01-16,63,0.7512,3.039
2018-10-18,2019-01-17,63,1.2576,5.1262
2018-10-19,2019-01-18,63,0.8726,3.5363
2018-10-22,2019-01-21,63,0.0331,0.1326
2018-10-23,2019-01-22,63,0.2795,1.1226
2018-10-24,2019-01-23,63,0.1257,0.5039
2018-10-25,2019-01-24,63,0.0597,0.2391
2018-10-26,2019-01-25,63,0.5242,2.1135
2018-10-29,2019-01-28,63,1.5205,6.222
2018-10-30,2019-01-29,63,1.6113,6.6028
2018-10-31,2019-01-30,63,1.4005,5.7207
2018-11-01,2019-01-31,63,1.7773,7.3011
2018-11-02,2019-02-01,63,1.2932,5.2739
2018-11-05,2019-02-11,63,1.8224,7.4913
2018-11-06,2019-02-12,63,1.9791,8.1544
2018-11-07,2019-02-13,63,2.6045,10.8322
2018-11-08,2019-02-14,63,2.1267,8.7818
2018-11-09,2019-02-15,63,2.2208,9.1836
2018-11-12,2019-02-18,63,3.1564,13.2359
2018-11-13,2019-02-19,63,3.0817,12.9085
2018-11-14,2019-02-20,63,3.6721,15.5176
2018-11-15,2019-02-21,63,2.9536,12.3484
2018-11-16,2019-02-22,63,3.2263,13.5435
2018-11-19,2019-02-25,63,4.6274,19.8343
2018-11-20,2019-02-26,63,4.3546,18.5897
2018-11-21,2019-02-27,63,4.4891,19.2019
2018-11-22,2019-02-28,63,4.3379,18.5134
2018-11-23,2019-03-01,63,5.4722,23.752
2018-11-26,2019-03-04,63,5.2556,22.7384
2018-11-27,2019-03-05,63,5.2668,22.7907
2018-11-28,2019-03-06,63,5.3812,23.3255
2018-11-29,2019-03-07,63,4.7024,20.1785
2018-11-30,2019-03-08,63,3.5311,14.8901
2018-12-03,2019-03-11,63,3.404,14.3273
2018-12-04,2019-03-12,63,3.4016,14.3164
2018-12-05,2019-03-13,63,3.6538,15.4361
2018-12-06,2019-03-14,63,4.0307,17.1239
2018-12-07,2019-03-15,63,4.3089,18.3819
2018-12-10,2019-03-18,63,5.0434,21.7516
2018-12-11,2019-03-19,63,4.8785,20.9892
2018-12-12,2019-03-20,63,4.9708,21.4153
2018-12-13,2019-03-21,63,4.7101,20.2139
2018-12-14,2019-03-22,63,4.9289,21.2218
2018-12-17,2019-03-25,63,4.2178,17.9691
2018-12-18,2019-03-26,63,4.2304,18.0259
2018-12-19,2019-03-27,63,4.8489,20.8523
2018-12-20,2019-03-28,63,5.1076,22.0497
2018-12-21,2019-03-29,63,5.8574,25.5695
2018-12-24,2019-04-01,63,6.3654,27.9976
2018-12-25,2019-04-02,63,6.3041,27.7029
2018-12-26,2019-04-03,63,6.8594,30.3918
2018-12-27,2019-04-04,63,7.3937,33.0193
2018-12-28,2019-04-08,63,7.2651,32.3833
2019-01-02,2019-04-09,63,7.6573,34.3303
2019-01-03,2019-04-10,63,7.4959,33.5266
2019-01-04,2019-04-11,63,6.5642,28.9572
2019-01-07,2019-04-12,63,6.3985,28.1567
2019-01-08,2019-04-15,63,6.5562,28.9183
2019-01-09,2019-04-16,63,7.301,32.561
2019-01-10,2019-04-17,63,7.0623,31.3849
2019-01-11,2019-04-18,63,6.6275,29.2638
2019-01-14,2019-04-19,63,7.455,33.3232
2019-01-15,2019-04-22,63,6.1858,27.135
2019-01-16,2019-04-23,63,6.096,26.7055
2019-01-17,2019-04-24,63,6.1279,26.8579
2019-01-18,2019-04-25,63,5.1866,22.4168
2019-01-21,2019-04-26,63,4.8905,21.0443
2019-01-22,2019-04-29,63,5.7445,25.0347
2019-01-23,2019-04-30,63,5.8502,25.5355
2019-01-24,2019-05-06,63,4.6529,19.9511
2019-01-25,2019-05-07,63,4.2943,18.3155
2019-01-28,2019-05-08,63,3.7444,15.8399
2019-01-29,2019-05-09,63,2.8383,11.8457
2019-01-30,2019-05-10,63,3.9118,16.5896
2019-01-31,2019-05-13,63,3.0243,12.6572
2019-02-01,2019-05-14,63,2.8716,11.9907
2019-02-11,2019-05-15,63,3.0628,12.8257
2019-02-12,2019-05-16,63,3.1649,13.2735
2019-02-13,2019-05-17,63,2.1104,8.7127
2019-02-14,2019-05-20,63,1.82,7.4813
2019-02-15,2019-05-21,63,2.4825,10.3058
2019-02-18,2019-05-22,63,1.5204,6.2215
2019-02-19,2019-05-23,63,1.178,4.7959
2019-02-20,2019-05-24,63,1.2216,4.9765
2019-02-21,2019-05-27,63,1.6997,6.974
2019-02-22,2019-05-28,63,1.6326,6.6921
2019-02-25,2019-05-29,63,0.2133,0.8559
2019-02-26,2019-05-30,63,0.4915,1.9807
2019-02-27,2019-05-31,63,0.5348,2.1563
2019-02-28,2019-06-03,63,1.1637,4.7366
2019-03-01,2019-06-04,63,0.6589,2.6616
2019-03-04,2019-06-05,63,1.0817,4.3974
2019-03-05,2019-06-06,63,1.0951,4.4531
2019-03-06,2019-06-10,63,1.0987,4.4676
2019-03-07,2019-06-11,63,2.1812,9.0146
2019-03-08,2019-06-12,63,3.0277,12.672
2019-03-11,2019-06-13,63,2.7265,11.3604
2019-03-12,2019-06-14,63,2.9902,12.5082
2019-03-13,2019-06-17,63,2.5683,10.6759
2019-03-14,2019-06-18,63,2.8676,11.9735
2019-03-15,2019-06-19,63,2.8045,11.6987
2019-03-18,2019-06-20,63,3.6363,15.3578
2019-03-19,2019-06-21,63,3.9055,16.5611
2019-03-20,2019-06-24,63,4.1759,17.7795
2019-03-21,2019-06-25,63,4.2616,18.1673
2019-03-22,2019-06-26,63,3.9038,16.5535
2019-03-25,2019-06-27,63,4.7183,20.2515
2019-03-26,2019-06-28,63,4.8627,20.916
2019-03-27,2019-07-01,63,4.4833,19.1758
2019-03-28,2019-07-02,63,4.8771,20.9828
2019-03-29,2019-07-03,63,4.8915,21.0492
2019-04-01,2019-07-04,63,3.9882,16.9327
2019-04-02,2019-07-05,63,4.1252,17.5502
2019-04-03,2019-07-08,63,3.077,12.8876
2019-04-04,2019-07-09,63,2.4118,10.002
2019-04-08,2019-07-10,63,2.1647,8.9441
2019-04-09,2019-07-11,63,2.6837,11.1747
2019-04-10,2019-07-12,63,2.3662,9.8059
2019-04-11,2019-07-15,63,2.8539,11.9136
2019-04-12,2019-07-16,63,3.0458,12.7512
2019-04-15,2019-07-17,63,2.9083,12.1507
2019-04-16,2019-07-18,63,2.2977,9.5123
2019-04-17,2019-07-19,63,3.1705,13.298
2019-04-18,2019-07-22,63,3.1047,13.0093
2019-04-19,2019-07-23,63,2.4941,10.3557
2019-04-22,2019-07-24,63,3.285,13.8019
2019-04-23,2019-07-25,63,3.6142,15.2594
2019-04-24,2019-07-26,63,3.6238,15.3023
2019-04-25,2019-07-29,63,3.8298,16.2219
2019-04-26,2019-07-30,63,4.2554,18.1394
2019-04-29,2019-07-31,63,3.7254,15.7552
2019-04-30,2019-08-01,63,2.9387,12.2832
2019-05-06,2019-08-02,63,3.9775,16.8847
2019-05-07,2019-08-05,63,4.3659,18.6409
2019-05-08,2019-08-06,63,4.5494,19.4775
2019-05-09,2019-08-07,63,5.5153,23.9542
2019-05-10,2019-08-08,63,5.2214,22.5791
2019-05-13,2019-08-09,63,5.498,23.8732
2019-05-14,2019-08-12,63,5.6296,24.4924
2019-05-15,2019-08-13,63,5.638,24.5319
2019-05-16,2019-08-14,63,4.7564,20.4265
2019-05-17,2019-08-15,63,5.8109,25.3493
2019-05-20,2019-08-16,63,6.3557,27.951
2019-05-21,2019-08-19,63,6.5175,28.7313
2019-05-22,2019-08-20,63,6.5215,28.7507
2019-05-23,2019-08-21,63,6.8579,30.3847
2019-05-24,2019-08-22,63,6.6952,29.5926
2019-05-27,2019-08-23,63,6.8257,30.2274
2019-05-28,2019-08-26,63,7.134,31.7374
2019-05-29,2019-08-27,63,7.2744,32.4293
2019-05-30,2019-08-28,63,7.3689,32.8967
2019-05-31,2019-08-29,63,7.3806,32.9544
2019-06-03,2019-08-30,63,6.5479,28.8781
2019-06-04,2019-09-02,63,6.5835,29.0503
2019-06-05,2019-09-03,63,6.5197,28.7417
2019-06-06,2019-09-04,63,7.0281,31.2174
2019-06-10,2019-09-05,63,7.2397,32.2581
2019-06-11,2019-09-06,63,5.9519,26.0186
2019-06-12,2019-09-09,63,5.9315,25.9219
2019-06-13,2019-09-10,63,5.3157,23.0189
2019-06-14,2019-09-11,63,4.9562,21.3478
2019-06-17,2019-09-12,63,5.6126,24.4121
2019-06-18,2019-09-16,63,5.1558,22.2737
2019-06-19,2019-09-17,63,4.4822,19.1706
2019-06-20,2019-09-18,63,3.2445,13.6233
2019-06-21,2019-09-19,63,3.05,12.7696
2019-06-24,2019-09-20,63,2.8776,12.017
2019-06-25,2019-09-23,63,2.7062,11.2723
2019-06-26,2019-09-24,63,3.4454,14.5105
2019-06-27,2019-09-25,63,3.2729,13.7483
2019-06-28,2019-09-26,63,2.8704,11.9854
2019-07-01,2019-09-27,63,2.7373,11.4069
2019-07-02,2019-09-30,63,2.1123,8.7206
2019-07-03,2019-10-08,63,1.778,7.3038
2019-07-04,2019-10-09,63,2.5638,10.6562
2019-07-05,2019-10-10,63,2.4701,10.2527
2019-07-08,2019-10-11,63,3.3834,14.2361
2019-07-09,2019-10-14,63,3.6319,15.3386
2019-07-10,2019-10-15,63,3.771,15.959
2019-07-11,2019-10-16,63,2.9869,12.4935
2019-07-12,2019-10-17,63,3.3145,13.932
2019-07-15,2019-10-18,63,2.7431,11.4321
2019-07-16,2019-10-21,63,2.9328,12.2573
2019-07-17,2019-10-22,63,3.1187,13.0705
2019-07-18,2019-10-23,63,2.9356,12.2696
2019-07-19,2019-10-24,63,2.2683,9.3866
2019-07-22,2019-10-25,63,2.9233,12.2162
2019-07-23,2019-10-28,63,3.2152,13.4945
2019-07-24,2019-10-29,63,2.5065,10.4091
2019-07-25,2019-10-30,63,2.0727,8.552
2019-07-26,2019-10-31,63,2.1679,8.9577
2019-07-29,2019-11-01,63,2.8416,11.8603
2019-07-30,2019-11-04,63,2.7584,11.4986
2019-07-31,2019-11-05,63,2.8919,12.0793
2019-08-01,2019-11-06,63,3.1434,13.1791
2019-08-02,2019-11-07,63,3.0668,12.8432
2019-08-05,2019-11-08,63,2.1964,9.0794
2019-08-06,2019-11-11,63,1.8684,7.6858
2019-08-07,2019-11-12,63,1.3655,5.5749
2019-08-08,2019-11-13,63,1.3364,5.4538
2019-08-09,2019-11-14,63,1.4452,5.9075
2019-08-12,2019-11-15,63,0.8785,3.5606
2019-08-13,2019-11-18,63,0.8541,3.4605
2019-08-14,2019-11-19,63,1.7253,7.0818
2019-08-15,2019-11-20,63,1.0854,4.4129
2019-08-16,2019-11-21,63,0.7776,3.1467
2019-08-19,2019-11-22,63,0.0914,0.366
2019-08-20,2019-11-25,63,0.2927,1.1758
2019-08-21,2019-11-26,63,0.2527,1.0145
2019-08-22,2019-11-27,63,0.1211,0.4851
2019-08-23,2019-11-28,63,-0.4009,-1.594
2019-08-26,2019-11-29,63,-0.9874,-3.8915
2019-08-27,2019-12-02,63,-1.149,-4.5175
2019-08-28,2019-12-03,63,-0.8477,-3.3481
2019-08-29,2019-12-04,63,-0.6446,-2.5537
2019-08-30,2019-12-05,63,-0.3171,-1.2623
2019-09-02,2019-12-06,63,-0.4725,-1.8767
2019-09-03,2019-12-09,63,-0.802,-3.1698
2019-09-04,2019-12-10,63,-1.087,-4.2776
2019-09-05,2019-12-11,63,-1.3972,-5.4729
2019-09-06,2019-12-12,63,-0.7819,-3.0911
2019-09-09,2019-12-13,63,-0.6186,-2.4517
2019-09-10,2019-12-16,63,0.0818,0.3275
2019-09-11,2019-12-17,63,0.3858,1.5523
2019-09-12,2019-12-18,63,-0.0147,-0.0587
2019-09-16,2019-12-19,63,0.0163,0.0653
2019-09-17,2019-12-20,63,0.5332,2.1499
2019-09-18,2019-12-23,63,0.109,0.4366
2019-09-19,2019-12-24,63,0.3419,1.3747
2019-09-20,2019-12-25,63,0.2933,1.1785
2019-09-23,2019-12-26,63,0.561,2.263
2019-09-24,2019-12-27,63,0.4948,1.9941
2019-09-25,2019-12-30,63,0.8638,3.5003
2019-09-26,2020-01-02,63,1.4682,6.0034
2019-09-27,2020-01-03,63,1.8287,7.518
2019-09-30,2020-01-06,63,2.5563,10.6242
2019-10-08,2020-01-07,63,2.268,9.3853
2019-10-09,2020-01-08,63,2.0141,8.303
2019-10-10,2020-01-09,63,1.3152,5.3656
2019-10-11,2020-01-10,63,1.1737,4.7781
2019-10-14,2020-01-13,63,1.4888,6.0895
2019-10-15,2020-01-14,63,0.9821,3.9868
2019-10-16,2020-01-15,63,1.2006,4.8895
2019-10-17,2020-01-16,63,0.8613,3.4901
2019-10-18,2020-01-17,63,1.4004,5.7203
2019-10-21,2020-01-20,63,1.4868,6.0812
2019-10-22,2020-01-21,63,1.3481,5.5024
2019-10-23,2020-01-22,63,1.2292,5.0081
2019-10-24,2020-01-23,63,0.6893,2.7857
2019-10-25,2020-02-03,63,-0.6857,-2.7148
2019-10-28,2020-02-04,63,-0.4709,-1.8702
2019-10-29,2020-02-05,63,-0.0808,-0.3229
2019-10-30,2020-02-06,63,0.3001,1.2058
2019-10-31,2020-02-07,63,0.3483,1.4004
2019-11-01,2020-02-10,63,-0.2003,-0.7987
2019-11-04,2020-02-11,63,-0.1629,-0.65
2019-11-05,2020-02-12,63,-0.0533,-0.2131
2019-11-06,2020-02-13,63,0.3882,1.5621
2019-11-07,2020-02-14,63,0.4272,1.7198
2019-11-08,2020-02-17,63,1.6214,6.6452
2019-11-11,2020-02-18,63,1.9859,8.1834
2019-11-12,2020-02-19,63,2.5085,10.4181
2019-11-13,2020-02-20,63,2.4461,10.1494
2019-11-14,2020-02-21,63,2.7782,11.5845
2019-11-15,2020-02-24,63,3.2183,13.5079
2019-11-18,2020-02-25,63,2.2375,9.255
2019-11-19,2020-02-26,63,2.0239,8.3446
2019-11-20,2020-02-27,63,2.33,9.6508
2019-11-21,2020-02-28,63,1.4547,5.947
2019-11-22,2020-03-02,63,1.8485,7.6015
2019-11-25,2020-03-03,63,1.8253,7.5038
2019-11-26,2020-03-04,63,2.7026,11.2564
2019-11-27,2020-03-05,63,3.2673,13.7239
2019-11-28,2020-03-06,63,3.5719,15.0713
2019-11-29,2020-03-09,63,2.8328,11.822
2019-12-02,2020-03-10,63,2.8632,11.9542
2019-12-03,2020-03-11,63,2.6097,10.8546
2019-12-04,2020-03-12,63,1.5406,6.3063
2019-12-05,2020-03-13,63,0.3208,1.2895
2019-12-06,2020-03-16,63,-1.1919,-4.6829
2019-12-09,2020-03-17,63,-2.1932,-8.4883
2019-12-10,2020-03-18,63,-2.1495,-8.3248
2019-12-11,2020-03-19,63,-2.9144,-11.1576
2019-12-12,2020-03-20,63,-2.2451,-8.6825
2019-12-13,2020-03-23,63,-3.0743,-11.7418
2019-12-16,2020-03-24,63,-1.263,-4.9572
2019-12-17,2020-03-25,63,-0.5996,-2.3771
2019-12-18,2020-03-26,63,-0.7443,-2.944
2019-12-19,2020-03-27,63,-0.2306,-0.9193
2019-12-20,2020-03-30,63,-0.5696,-2.2591
2019-12-23,2020-03-31,63,-0.4014,-1.5961
2019-12-24,2020-04-01,63,-1.1353,-4.4643
2019-12-25,2020-04-02,63,-0.7342,-2.9045
2019-12-26,2020-04-03,63,-0.8644,-3.4132
2019-12-27,2020-04-07,63,0.1437,0.576
2019-12-30,2020-04-08,63,-0.6128,-2.4289
2020-01-02,2020-04-09,63,-0.7344,-2.9052
2020-01-03,2020-04-10,63,-0.8889,-3.5083
2020-01-06,2020-04-13,63,-1.2436,-4.8824
2020-01-07,2020-04-14,63,-0.4351,-1.7289
2020-01-08,2020-04-15,63,-0.8521,-3.365
2020-01-09,2020-04-16,63,0.1256,0.5032
2020-01-10,2020-04-17,63,-0.1579,-0.6302
2020-01-13,2020-04-20,63,-0.3439,-1.3685
2020-01-14,2020-04-21,63,0.0663,0.2655
2020-01-15,2020-04-22,63,0.0833,0.3334
2020-01-16,2020-04-23,63,0.5848,2.3599
2020-01-17,2020-04-24,63,0.5601,2.2594
2020-01-20,2020-04-27,63,0.5008,2.0183
2020-01-21,2020-04-28,63,0.5946,2.3999
2020-01-22,2020-04-29,63,1.0632,4.321
2020-01-23,2020-04-30,63,1.8188,7.4763
2020-02-03,2020-05-06,63,3.013,12.6078
2020-02-04,2020-05-07,63,2.3908,9.9116
2020-02-05,2020-05-08,63,2.9058,12.1398
2020-02-06,2020-05-11,63,2.5435,10.5686
2020-02-07,2020-05-12,63,2.3458,9.7187
2020-02-10,2020-05-13,63,2.3175,9.5973
2020-02-11,2020-05-14,63,2.0252,8.3503
2020-02-12,2020-05-15,63,2.2119,9.1455
2020-02-13,2020-05-18,63,3.1107,13.0356
2020-02-14,2020-05-19,63,2.6596,11.0702
2020-02-17,2020-05-20,63,2.3689,9.8175
2020-02-18,2020-05-21,63,2.1095,8.7086
2020-02-19,2020-05-22,63,1.1305,4.5992
2020-02-20,2020-05-25,63,0.6818,2.755
2020-02-21,2020-05-26,63,0.5475,2.208
2020-02-24,2020-05-27,63,-0.0774,-0.3091
2020-02-25,2020-05-28,63,0.9662,3.9214
2020-02-26,2020-05-29,63,0.8416,3.4091
2020-02-27,2020-06-01,63,1.5386,6.298
2020-02-28,2020-06-02,63,2.7115,11.2953
2020-03-02,2020-06-03,63,2.3528,9.7487
2020-03-03,2020-06-04,63,2.0334,8.3849
2020-03-04,2020-06-05,63,1.3471,5.4981
2020-03-05,2020-06-08,63,0.6126,2.473
2020-03-06,2020-06-09,63,0.6848,2.7676
2020-03-09,2020-06-10,63,1.7958,7.3789
2020-03-10,2020-06-11,63,1.6052,6.5769
2020-03-11,2020-06-12,63,1.7853,7.3347
2020-03-12,2020-06-15,63,2.0047,8.263
2020-03-13,2020-06-16,63,3.5553,14.9979
2020-03-16,2020-06-17,63,5.3392,23.1289
2020-03-17,2020-06-18,63,6.8382,30.2887
2020-03-18,2020-06-19,63,7.1427,31.7801
2020-03-19,2020-06-22,63,8.2603,37.3654
2020-03-20,2020-06-23,63,7.3455,32.781
2020-03-23,2020-06-24,63,8.5117,38.6458
2020-03-24,2020-06-29,63,5.9303,25.9159
2020-03-25,2020-06-30,63,5.0448,21.7582
2020-03-26,2020-07-01,63,6.0294,26.3878
2020-03-27,2020-07-02,63,5.997,26.2335
2020-03-30,2020-07-03,63,7.1301,31.7181
2020-03-31,2020-07-06,63,9.0604,41.4711
2020-04-01,2020-07-07,63,9.7423,45.0428
2020-04-02,2020-07-08,63,9.7275,44.9646
2020-04-03,2020-07-09,63,9.9318,46.0474
2020-04-07,2020-07-10,63,7.5746,33.9182
2020-04-08,2020-07-13,63,8.4664,38.4142
2020-04-09,2020-07-14,63,7.8456,35.2725
2020-04-10,2020-07-15,63,7.439,33.2442
2020-04-13,2020-07-16,63,6.1058,26.7527
2020-04-14,2020-07-17,63,5.3719,23.282
2020-04-15,2020-07-20,63,6.7384,29.8023
2020-04-16,2020-07-21,63,6.6545,29.3947
2020-04-17,2020-07-22,63,7.4296,33.1975
2020-04-20,2020-07-23,63,7.5126,33.6096
2020-04-21,2020-07-24,63,6.7392,29.8063
2020-04-22,2020-07-27,63,7.3245,32.6767
2020-04-23,2020-07-28,63,7.0832,31.4875
2020-04-24,2020-07-29,63,7.6965,34.5263
2020-04-27,2020-07-30,63,7.322,32.6646
2020-04-28,2020-07-31,63,7.7639,34.8632
2020-04-29,2020-08-03,63,7.6236,34.1619
2020-04-30,2020-08-04,63,7.6439,34.2635
2020-05-06,2020-08-05,63,8.2621,37.3745
2020-05-07,2020-08-06,63,8.7341,39.786
2020-05-08,2020-08-07,63,8.0395,36.2482
2020-05-11,2020-08-10,63,8.1499,36.806
2020-05-12,2020-08-11,63,7.4189,33.1446
2020-05-13,2020-08-12,63,5.955,26.0333
2020-05-14,2020-08-13,63,6.005,26.2713
2020-05-15,2020-08-14,63,6.4014,28.1711
2020-05-18,2020-08-17,63,6.4492,28.4014
2020-05-19,2020-08-18,63,7.2407,32.2631
2020-05-20,2020-08-19,63,6.1743,27.0801
2020-05-21,2020-08-20,63,5.4511,23.6529
2020-05-22,2020-08-21,63,6.4881,28.5892
2020-05-25,2020-08-24,63,6.2726,27.5513
2020-05-26,2020-08-25,63,6.1196,26.8184
2020-05-27,2020-08-26,63,6.1908,27.1593
2020-05-28,2020-08-27,63,6.2663,27.521
2020-05-29,2020-08-28,63,6.9642,30.904
2020-06-01,2020-08-31,63,5.9881,26.1909
2020-06-02,2020-09-01,63,6.2685,27.5315
2020-06-03,2020-09-02,63,6.1586,27.0048
2020-06-04,2020-09-03,63,5.8638,25.6003
2020-06-05,2020-09-04,63,5.5661,24.1932
2020-06-08,2020-09-07,63,5.2146,22.5476
2020-06-09,2020-09-08,63,5.359,23.2216
2020-06-10,2020-09-09,63,4.7976,20.616
2020-06-11,2020-09-10,63,5.1562,22.2754
2020-06-12,2020-09-11,63,5.1894,22.4301
2020-06-15,2020-09-14,63,5.9751,26.1289
2020-06-16,2020-09-15,63,5.8682,25.621
2020-06-17,2020-09-16,63,5.5503,24.1189
2020-06-18,2020-09-17,63,5.0591,21.8246
2020-06-19,2020-09-18,63,5.4435,23.6174
2020-06-22,2020-09-21,63,4.8768,20.981
2020-06-23,2020-09-22,63,3.9315,16.678
2020-06-24,2020-09-23,63,3.1881,13.3751
2020-06-29,2020-09-24,63,2.5969,10.7994
2020-06-30,2020-09-25,63,2.7794,11.5899
2020-07-01,2020-09-28,63,2.1287,8.7905
2020-07-02,2020-09-29,63,2.0153,8.3082
2020-07-03,2020-09-30,63,1.2403,5.0542
2020-07-06,2020-10-09,63,0.0234,0.0935
2020-07-07,2020-10-12,63,0.9645,3.9143
2020-07-08,2020-10-13,63,0.3837,1.5436
2020-07-09,2020-10-14,63,-0.2688,-1.0709
2020-07-10,2020-10-15,63,0.5681,2.2918
2020-07-13,2020-10-16,63,0.3169,1.2738
2020-07-14,2020-10-19,63,0.477,1.9217
2020-07-15,2020-10-20,63,0.6863,2.7734
2020-07-16,2020-10-21,63,2.1744,8.9856
2020-07-17,2020-10-22,63,2.0735,8.5554
2020-07-20,2020-10-23,63,0.8718,3.533
2020-07-21,2020-10-26,63,0.2654,1.0659
2020-07-22,2020-10-27,63,-0.2041,-0.8141
2020-07-23,2020-10-28,63,-0.1347,-0.5375
2020-07-24,2020-10-29,63,0.4025,1.6198
2020-07-27,2020-10-30,63,-0.6766,-2.6791
2020-07-28,2020-11-02,63,-0.7601,-3.0058
2020-07-29,2020-11-03,63,-0.8603,-3.3971
2020-07-30,2020-11-04,63,-0.3449,-1.3726
2020-07-31,2020-11-05,63,-0.4161,-1.654
2020-08-03,2020-11-06,63,-0.4307,-1.7118
2020-08-04,2020-11-09,63,-0.3056,-1.2169
2020-08-05,2020-11-10,63,-1.4215,-5.5659
2020-08-06,2020-11-11,63,-1.6828,-6.5631
2020-08-07,2020-11-12,63,-1.7061,-6.6516
2020-08-10,2020-11-13,63,-2.059,-7.985
2020-08-11,2020-11-16,63,-1.1166,-4.3923
2020-08-12,2020-11-17,63,0.0527,0.211
2020-08-13,2020-11-18,63,0.0475,0.19
2020-08-14,2020-11-19,63,-0.4455,-1.7703
2020-08-17,2020-11-20,63,-1.2669,-4.9722
2020-08-18,2020-11-23,63,-1.2958,-5.0835
2020-08-19,2020-11-24,63,-1.336,-5.2378
2020-08-20,2020-11-25,63,-0.8271,-3.2674
2020-08-21,2020-11-26,63,-0.8008,-3.1651
2020-08-24,2020-11-27,63,-0.2408,-0.9598
2020-08-25,2020-11-30,63,-1.1998,-4.7134
2020-08-26,2020-12-01,63,-0.0742,-0.2963
2020-08-27,2020-12-02,63,-0.1841,-0.7342
2020-08-28,2020-12-03,63,-0.6193,-2.4542
2020-08-31,2020-12-04,63,-0.4695,-1.8648
2020-09-01,2020-12-07,63,-1.0855,-4.2718
2020-09-02,2020-12-08,63,-0.5301,-2.1038
2020-09-03,2020-12-09,63,-0.3845,-1.5293
2020-09-04,2020-12-10,63,-0.552,-2.1899
2020-09-07,2020-12-11,63,-0.3624,-1.4418
2020-09-08,2020-12-14,63,-0.3599,-1.4319
2020-09-09,2020-12-15,63,0.2636,1.0584
2020-09-10,2020-12-16,63,0.3103,1.2469
2020-09-11,2020-12-17,63,0.7478,3.0249
2020-09-14,2020-12-18,63,0.451,1.8161
2020-09-15,2020-12-21,63,0.5786,2.3347
2020-09-16,2020-12-22,63,0.098,0.3924
2020-09-17,2020-12-23,63,0.6196,2.5014
2020-09-18,2020-12-24,63,-0.0618,-0.2469
2020-09-21,2020-12-25,63,0.5089,2.0511
2020-09-22,2020-12-28,63,1.5261,6.2455
2020-09-23,2020-12-29,63,1.7184,7.0529
2020-09-24,2020-12-30,63,2.8925,12.0817
2020-09-25,2021-01-04,63,3.4512,14.5362
2020-09-28,2021-01-05,63,3.7789,15.9941
2020-09-29,2021-01-06,63,3.9479,16.7516
2020-09-30,2021-01-07,63,4.3323,18.4882
2020-10-09,2021-01-08,63,3.5541,14.9923
2020-10-12,2021-01-11,63,1.6559,6.7898
2020-10-13,2021-01-12,63,2.8537,11.9129
2020-10-14,2021-01-13,63,3.03,12.6821
2020-10-15,2021-01-14,63,2.4402,10.1239
2020-10-16,2021-01-15,63,2.4969,10.3679
2020-10-19,2021-01-18,63,2.8871,12.0584
2020-10-20,2021-01-19,63,2.64,10.9857
2020-10-21,2021-01-20,63,2.5713,10.6888
2020-10-22,2021-01-21,63,3.1291,13.1162
2020-10-23,2021-01-22,63,3.2616,13.6985
2020-10-26,2021-01-25,63,4.0209,17.0801
2020-10-27,2021-01-26,63,3.3188,13.9508
2020-10-28,2021-01-27,63,3.0499,12.7692
2020-10-29,2021-01-28,63,2.5582,10.6323
2020-10-30,2021-01-29,63,3.0609,12.8172
2020-11-02,2021-02-01,63,3.4898,14.7072
2020-11-03,2021-02-02,63,3.0071,12.582
2020-11-04,2021-02-03,63,2.4551,10.1879
2020-11-05,2021-02-04,63,2.1614,8.93
2020-11-06,2021-02-05,63,2.0343,8.3889
2020-11-09,2021-02-08,63,2.1457,8.8632
2020-11-10,2021-02-09,63,3.5514,14.9803
2020-11-11,2021-02-10,63,4.2069,17.9196
2020-11-12,2021-02-18,63,3.5371,14.9167
2020-11-13,2021-02-19,63,3.8388,16.2622
2020-11-16,2021-02-22,63,2.7908,11.6392
2020-11-17,2021-02-23,63,3.1696,13.294
2020-11-18,2021-02-24,63,2.5103,10.4255
2020-11-19,2021-02-25,63,2.5218,10.4754
2020-11-20,2021-02-26,63,1.3951,5.6983
2020-11-23,2021-03-01,63,1.0229,4.155
2020-11-24,2021-03-02,63,0.9107,3.6927
2020-11-25,2021-03-03,63,2.1786,9.0033
2020-11-26,2021-03-04,63,0.914,3.7062
2020-11-27,2021-03-05,63,0.0617,0.247
2020-11-30,2021-03-08,63,0.3238,1.3014
2020-12-01,2021-03-09,63,-1.0116,-3.9856
2020-12-02,2021-03-10,63,-0.8826,-3.4838
2020-12-03,2021-03-11,63,-0.2221,-0.8853
2020-12-04,2021-03-12,63,-0.5848,-2.3189
2020-12-07,2021-03-15,63,-0.5539,-2.1971
2020-12-08,2021-03-16,63,-0.5528,-2.1928
2020-12-09,2021-03-17,63,-0.1486,-0.5932
2020-12-10,2021-03-18,63,0.4583,1.8459
2020-12-11,2021-03-19,63,-0.0602,-0.2406
2020-12-14,2021-03-22,63,-0.2951,-1.1752
2020-12-15,2021-03-23,63,-0.5665,-2.2468
2020-12-16,2021-03-24,63,-1.2517,-4.9138
2020-12-17,2021-03-25,63,-1.7113,-6.6716
2020-12-18,2021-03-26,63,-1.2681,-4.9767
2020-12-21,2021-03-29,63,-1.5801,-6.172
2020-12-22,2021-03-30,63,-0.9103,-3.5918
2020-12-23,2021-03-31,63,-1.5414,-6.0246
2020-12-24,2021-04-01,63,-0.8023,-3.1707
2020-12-25,2021-04-02,63,-0.5278,-2.0947
2020-12-28,2021-04-06,63,-0.9827,-3.8731
2020-12-29,2021-04-07,63,-0.9659,-3.8078
2020-12-30,2021-04-08,63,-1.194,-4.6912
2021-01-04,2021-04-09,63,-2.3282,-8.9926
2021-01-05,2021-04-12,63,-3.146,-12.0025
2021-01-06,2021-04-13,63,-3.8286,-14.4571
2021-01-07,2021-04-14,63,-3.7607,-14.2153
2021-01-08,2021-04-15,63,-3.7153,-14.0532
2021-01-11,2021-04-16,63,-2.6489,-10.1821
2021-01-12,2021-04-19,63,-2.9692,-11.3583
2021-01-13,2021-04-20,63,-3.0262,-11.5664
2021-01-14,2021-04-21,63,-2.2271,-8.6153
2021-01-15,2021-04-22,63,-2.5918,-9.9713
2021-01-18,2021-04-23,63,-2.5507,-9.8189
2021-01-19,2021-04-26,63,-2.8651,-10.9773
2021-01-20,2021-04-27,63,-2.8903,-11.0694
2021-01-21,2021-04-28,63,-3.4918,-13.2526
2021-01-22,2021-04-29,63,-2.9913,-11.439
2021-01-25,2021-04-30,63,-3.4687,-13.1694
2021-01-26,2021-05-06,63,-2.9568,-11.3128
2021-01-27,2021-05-07,63,-2.8697,-10.994
2021-01-28,2021-05-10,63,-2.2229,-8.5996
2021-01-29,2021-05-11,63,-1.9793,-7.6853
2021-02-01,2021-05-12,63,-2.3279,-8.9916
2021-02-02,2021-05-13,63,-2.6229,-10.086
2021-02-03,2021-05-14,63,-1.6309,-6.3659
2021-02-04,2021-05-17,63,-1.0779,-4.2424
2021-02-05,2021-05-18,63,-0.8587,-3.3906
2021-02-08,2021-05-19,63,-1.5117,-5.911
2021-02-09,2021-05-20,63,-2.0973,-8.1288
2021-02-10,2021-05-21,63,-2.7717,-10.6343
2021-02-18,2021-05-24,63,-1.7357,-6.7641
2021-02-19,2021-05-25,63,-0.8451,-3.338
2021-02-22,2021-05-26,63,-0.0224,-0.0895
2021-02-23,2021-05-27,63,-0.5031,-1.9971
2021-02-24,2021-05-28,63,0.129,0.5171
2021-02-25,2021-05-31,63,0.2362,0.9481
2021-02-26,2021-06-01,63,1.4623,5.9786
2021-03-01,2021-06-02,63,0.7189,2.9068
2021-03-02,2021-06-03,63,1.2359,5.0358
2021-03-03,2021-06-04,63,0.2878,1.1564
2021-03-04,2021-06-07,63,1.3216,5.392
2021-03-05,2021-06-08,63,1.7732,7.2836
2021-03-08,2021-06-09,63,2.3089,9.5603
2021-03-09,2021-06-10,63,2.9213,12.2073
2021-03-10,2021-06-11,63,2.4915,10.3445
2021-03-11,2021-06-15,63,0.7936,3.2126
2021-03-12,2021-06-16,63,0.7952,3.2191
2021-03-15,2021-06-17,63,0.5266,2.1229
2021-03-16,2021-06-18,63,-0.2066,-0.8238
2021-03-17,2021-06-21,63,-0.4057,-1.6128
2021-03-18,2021-06-22,63,-0.3791,-1.5077
2021-03-19,2021-06-23,63,0.4564,1.8381
2021-03-22,2021-06-24,63,0.3549,1.4272
2021-03-23,2021-06-25,63,0.7597,3.0734
2021-03-24,2021-06-28,63,1.1122,4.5234
2021-03-25,2021-06-29,63,0.6933,2.8024
2021-03-26,2021-06-30,63,0.1794,0.7195
2021-03-29,2021-07-01,63,0.6604,2.668
2021-03-30,2021-07-02,63,-0.0972,-0.3883
2021-03-31,2021-07-05,63,0.5171,2.0847
2021-04-01,2021-07-06,63,-0.0694,-0.2772
2021-04-02,2021-07-07,63,-0.5216,-2.0702
2021-04-06,2021-07-08,63,-0.5923,-2.3481
2021-04-07,2021-07-09,63,-0.4817,-1.913
2021-04-08,2021-07-12,63,-0.5381,-2.1353
2021-04-09,2021-07-13,63,-0.0973,-0.3887
2021-04-12,2021-07-14,63,0.0224,0.0896
2021-04-13,2021-07-15,63,1.0911,4.4364
2021-04-14,2021-07-16,63,0.4059,1.6334
2021-04-15,2021-07-19,63,0.539,2.1733
2021-04-16,2021-07-20,63,0.3341,1.3431
2021-04-19,2021-07-21,63,-0.3234,-1.2873
2021-04-20,2021-07-22,63,-0.2405,-0.9586
2021-04-21,2021-07-23,63,-0.6789,-2.688
2021-04-22,2021-07-26,63,-1.3682,-5.3616
2021-04-23,2021-07-27,63,-2.4648,-9.5007
2021-04-26,2021-07-28,63,-1.4903,-5.8294
2021-04-27,2021-07-29,63,-1.2832,-5.0348
2021-04-28,2021-07-30,63,-1.3883,-5.4387
2021-04-29,2021-08-02,63,-1.5158,-5.9269
2021-04-30,2021-08-03,63,-1.125,-4.4246
2021-05-06,2021-08-04,63,-1.0997,-4.3267
2021-05-07,2021-08-05,63,-1.155,-4.5405
2021-05-10,2021-08-06,63,-1.5724,-6.1427
2021-05-11,2021-08-09,63,-2.2036,-8.5275
2021-05-12,2021-08-10,63,-2.0516,-7.9572
2021-05-13,2021-08-11,63,-1.9215,-7.4673
2021-05-14,2021-08-12,63,-2.6942,-10.3492
2021-05-17,2021-08-13,63,-3.2043,-12.2143
2021-05-18,2021-08-16,63,-3.1132,-11.8831
2021-05-19,2021-08-17,63,-3.2396,-12.3421
2021-05-20,2021-08-18,63,-3.0026,-11.4804
2021-05-21,2021-08-19,63,-3.142,-11.9878
2021-05-24,2021-08-20,63,-3.7556,-14.1972
2021-05-25,2021-08-23,63,-4.3618,-16.3384
2021-05-26,2021-08-24,63,-4.1678,-15.6576
2021-05-27,2021-08-25,63,-4.1183,-15.4832
2021-05-28,2021-08-26,63,-4.6966,-17.5039
2021-05-31,2021-08-27,63,-4.3494,-16.295
2021-06-01,2021-08-30,63,-4.4969,-16.8101
2021-06-02,2021-08-31,63,-4.0263,-15.1583
2021-06-03,2021-09-01,63,-3.1936,-12.1753
2021-06-04,2021-09-02,63,-3.0118,-11.514
2021-06-07,2021-09-03,63,-3.0785,-11.7568
2021-06-08,2021-09-06,63,-2.711,-10.4109
2021-06-09,2021-09-07,63,-2.5861,-9.95
2021-06-10,2021-09-08,63,-3.1636,-12.0666
2021-06-11,2021-09-09,63,-3.3621,-12.7853
2021-06-15,2021-09-10,63,-2.1121,-8.1846
2021-06-16,2021-09-13,63,-2.0227,-7.8487
2021-06-17,2021-09-14,63,-1.9153,-7.4439
2021-06-18,2021-09-15,63,-1.6998,-6.6279
2021-06-21,2021-09-16,63,-1.9038,-7.4004
2021-06-22,2021-09-17,63,-2.2448,-8.6815
2021-06-23,2021-09-22,63,-2.3002,-8.8883
2021-06-24,2021-09-23,63,-2.4219,-9.3412
2021-06-25,2021-09-24,63,-2.7549,-10.5727
2021-06-28,2021-09-27,63,-2.2531,-8.7122
2021-06-29,2021-09-28,63,-2.0796,-8.0625
2021-06-30,2021-09-29,63,-2.0315,-7.8817
2021-07-01,2021-09-30,63,-2.6837,-10.3105
2021-07-02,2021-10-08,63,-1.1434,-4.4958
2021-07-05,2021-10-11,63,-1.1454,-4.5034
2021-07-06,2021-10-12,63,-1.3696,-5.3669
2021-07-07,2021-10-13,63,-1.2571,-4.9342
2021-07-08,2021-10-14,63,-0.671,-2.6571
2021-07-09,2021-10-15,63,-0.5271,-2.0919
2021-07-12,2021-10-18,63,-1.4552,-5.6949
2021-07-13,2021-10-19,63,-1.3447,-5.2714
2021-07-14,2021-10-20,63,-1.0982,-4.321
2021-07-15,2021-10-21,63,-1.5051,-5.886
2021-07-16,2021-10-22,63,-0.7521,-2.9747
2021-07-19,2021-10-25,63,-0.7355,-2.9098
2021-07-20,2021-10-26,63,-0.9357,-3.6906
2021-07-21,2021-10-27,63,-1.4128,-5.5324
2021-07-22,2021-10-28,63,-1.0632,-4.1854
2021-07-23,2021-10-29,63,-0.8568,-3.3833
2021-07-26,2021-11-01,63,-0.1886,-0.7524
2021-07-27,2021-11-02,63,0.6937,2.804
2021-07-28,2021-11-03,63,-0.2545,-1.0139
2021-07-29,2021-11-04,63,-0.4506,-1.7903
2021-07-30,2021-11-05,63,0.1587,0.6362
2021-08-02,2021-11-08,63,0.0693,0.2777
2021-08-03,2021-11-09,63,0.0038,0.0151
2021-08-04,2021-11-10,63,-0.2505,-0.9984
2021-08-05,2021-11-11,63,0.7119,2.8781
2021-08-06,2021-11-12,63,1.02,4.1429
2021-08-09,2021-11-15,63,1.3442,5.486
2021-08-10,2021-11-16,63,1.1889,4.8413
2021-08-11,2021-11-17,63,1.19,4.8458
2021-08-12,2021-11-18,63,1.0201,4.1434
2021-08-13,2021-11-19,63,1.2737,5.1931
2021-08-16,2021-11-22,63,0.7643,3.0923
2021-08-17,2021-11-23,63,0.687,2.7766
2021-08-18,2021-11-24,63,0.2614,1.0496
2021-08-19,2021-11-25,63,0.5987,2.4164
2021-08-20,2021-11-26,63,1.0595,4.3058
2021-08-23,2021-11-29,63,0.7857,3.1801
2021-08-24,2021-11-30,63,-0.0393,-0.1573
2021-08-25,2021-12-01,63,0.0239,0.0957
2021-08-26,2021-12-02,63,0.6741,2.7238
2021-08-27,2021-12-03,63,0.3161,1.2705
2021-08-30,2021-12-06,63,0.5574,2.2482
2021-08-31,2021-12-07,63,0.8611,3.4893
2021-09-01,2021-12-08,63,0.7019,2.8374
2021-09-02,2021-12-09,63,1.0327,4.1954
2021-09-03,2021-12-10,63,0.8595,3.4824
2021-09-06,2021-12-13,63,0.6779,2.7393
2021-09-07,2021-12-14,63,0.3838,1.5441
2021-09-08,2021-12-15,63,0.4293,1.7283
2021-09-09,2021-12-16,63,0.9581,3.8878
2021-09-10,2021-12-17,63,0.3367,1.3535
2021-09-13,2021-12-20,63,0.3519,1.415
2021-09-14,2021-12-21,63,0.704,2.8459
2021-09-15,2021-12-22,63,0.8239,3.3364
2021-09-16,2021-12-23,63,1.6494,6.7628
2021-09-17,2021-12-24,63,1.7154,7.0402
2021-09-22,2021-12-27,63,1.6251,6.6606
2021-09-23,2021-12-28,63,2.0689,8.5361
2021-09-24,2021-12-29,63,1.4698,6.0101
2021-09-27,2021-12-30,63,0.9963,4.045
2021-09-28,2022-01-04,63,1.2416,5.0597
2021-09-29,2022-01-05,63,1.335,5.4477
2021-09-30,2022-01-06,63,0.9599,3.8952
2021-10-08,2022-01-07,63,0.101,0.4046
2021-10-11,2022-01-10,63,0.1699,0.6815
2021-10-12,2022-01-11,63,0.2221,0.8912
2021-10-13,2022-01-12,63,0.2802,1.1253
2021-10-14,2022-01-13,63,-0.2358,-0.9398
2021-10-15,2022-01-14,63,-0.7344,-2.9052
2021-10-18,2022-01-17,63,0.0153,0.0611
2021-10-19,2022-01-18,63,-0.0139,-0.0556
2021-10-20,2022-01-19,63,0.1599,0.6412
2021-10-21,2022-01-20,63,0.571,2.3035
2021-10-22,2022-01-21,63,0.0457,0.1828
2021-10-25,2022-01-24,63,0.0163,0.0651
2021-10-26,2022-01-25,63,-0.3665,-1.458
2021-10-27,2022-01-26,63,0.3258,1.3097
2021-10-28,2022-01-27,63,-0.6812,-2.6969
2021-10-29,2022-01-28,63,-1.3437,-5.2674
2021-11-01,2022-02-07,63,-0.5096,-2.0229
2021-11-02,2022-02-08,63,-0.1916,-0.7641
2021-11-03,2022-02-09,63,0.5645,2.277
2021-11-04,2022-02-10,63,0.5669,2.2872
2021-11-05,2022-02-11,63,0.091,0.3646
2021-11-08,2022-02-14,63,-0.0225,-0.0899
2021-11-09,2022-02-15,63,0.3255,1.3083
2021-11-10,2022-02-16,63,0.2005,0.8043
2021-11-11,2022-02-17,63,-0.403,-1.6025
2021-11-12,2022-02-18,63,0.0635,0.2543
2021-11-15,2022-02-21,63,-0.0341,-0.1362
2021-11-16,2022-02-22,63,-0.1802,-0.7188
2021-11-17,2022-02-23,63,-0.0455,-0.182
2021-11-18,2022-02-24,63,0.2323,0.9323
2021-11-19,2022-02-25,63,-0.188,-0.7501
2021-11-22,2022-02-28,63,-0.0575,-0.2298
2021-11-23,2022-03-01,63,0.7174,2.9005
2021-11-24,2022-03-02,63,1.0224,4.1528
2021-11-25,2022-03-03,63,0.9572,3.884
2021-11-26,2022-03-04,63,0.8049,3.2589
2021-11-29,2022-03-07,63,0.7934,3.2116
2021-11-30,2022-03-08,63,1.313,5.3563
2021-12-01,2022-03-09,63,1.4485,5.921
2021-12-02,2022-03-10,63,0.8172,3.3089
2021-12-03,2022-03-11,63,0.751,3.0379
2021-12-06,2022-03-14,63,-0.3071,-1.2229
2021-12-07,2022-03-15,63,-2.1178,-8.2058
2021-12-08,2022-03-16,63,-1.7496,-6.8171
2021-12-09,2022-03-17,63,-1.3219,-5.1837
2021-12-10,2022-03-18,63,-0.8994,-3.5493
2021-12-13,2022-03-21,63,-1.3989,-5.4793
2021-12-14,2022-03-22,63,-1.0993,-4.3251
2021-12-15,2022-03-23,63,-0.635,-2.5159
2021-12-16,2022-03-24,63,-0.7917,-3.1295
2021-12-17,2022-03-25,63,-0.9682,-3.8167
2021-12-20,2022-03-28,63,-1.0736,-4.2258
2021-12-21,2022-03-29,63,-1.2317,-4.8365
2021-12-22,2022-03-30,63,-0.5812,-2.3046
2021-12-23,2022-03-31,63,-1.1942,-4.6919
2021-12-24,2022-04-01,63,-0.8039,-3.1769
2021-12-27,2022-04-06,63,-0.9245,-3.6472
2021-12-28,2022-04-07,63,-1.3533,-5.3044
2021-12-29,2022-04-08,63,-0.545,-2.1622
2021-12-30,2022-04-11,63,-0.9287,-3.6633
2022-01-04,2022-04-12,63,-0.4987,-1.9799
2022-01-05,2022-04-13,63,-0.4939,-1.961
2022-01-06,2022-04-14,63,0.3909,1.5728
2022-01-07,2022-04-15,63,0.6022,2.4306
2022-01-10,2022-04-18,63,0.2987,1.2001
2022-01-11,2022-04-19,63,-0.2027,-0.8083
2022-01-12,2022-04-20,63,-1.0361,-4.0805
2022-01-13,2022-04-21,63,-0.712,-2.8175
2022-01-14,2022-04-22,63,-0.1238,-0.4943
2022-01-17,2022-04-25,63,-1.2332,-4.8422
2022-01-18,2022-04-26,63,-1.6725,-6.524
2022-01-19,2022-04-27,63,-1.3714,-5.3738
2022-01-20,2022-04-28,63,-1.7924,-6.9791
2022-01-21,2022-04-29,63,-1.073,-4.2236
2022-01-24,2022-05-05,63,-1.06,-4.1729
2022-01-25,2022-05-06,63,-1.3677,-5.3594
2022-01-26,2022-05-09,63,-1.6206,-6.3263
2022-01-27,2022-05-10,63,-0.8325,-3.2887
2022-01-28,2022-05-11,63,-0.2313,-0.922
2022-02-07,2022-05-12,63,-0.6808,-2.6955
2022-02-08,2022-05-13,63,-0.9825,-3.8723
2022-02-09,2022-05-16,63,-1.7456,-6.8017
2022-02-10,2022-05-17,63,-1.4103,-5.5231
2022-02-11,2022-05-18,63,-1.6429,-6.4114
2022-02-14,2022-05-19,63,-1.7131,-6.6783
2022-02-15,2022-05-20,63,-1.4343,-5.6151
2022-02-16,2022-05-23,63,-1.3648,-5.3485
2022-02-17,2022-05-24,63,-1.964,-7.6276
2022-02-18,2022-05-25,63,-2.2128,-8.5616
2022-02-21,2022-05-26,63,-1.936,-7.5219
2022-02-22,2022-05-27,63,-1.6897,-6.5893
2022-02-23,2022-05-30,63,-1.6133,-6.2987
2022-02-24,2022-05-31,63,-1.5106,-5.9069
2022-02-25,2022-06-01,63,-1.6268,-6.3501
2022-02-28,2022-06-02,63,-1.4035,-5.4968
2022-03-01,2022-06-06,63,-1.5171,-5.9316
2022-03-02,2022-06-07,63,-1.6868,-6.5784
2022-03-03,2022-06-08,63,-1.138,-4.4747
2022-03-04,2022-06-09,63,-1.0051,-3.9602
2022-03-07,2022-06-10,63,-0.6747,-2.6716
2022-03-08,2022-06-13,63,-0.9243,-3.6462
2022-03-09,2022-06-14,63,-1.1111,-4.371
2022-03-10,2022-06-15,63,-0.3576,-1.4226
2022-03-11,2022-06-16,63,-0.6213,-2.462
2022-03-14,2022-06-17,63,0.8092,3.2763
2022-03-15,2022-06-20,63,2.5284,10.5038
2022-03-16,2022-06-21,63,1.5201,6.2202
2022-03-17,2022-06-22,63,0.4925,1.9845
2022-03-18,2022-06-23,63,0.5588,2.254
2022-03-21,2022-06-24,63,0.957,3.8833
2022-03-22,2022-06-27,63,1.2361,5.0367
2022-03-23,2022-06-28,63,1.3126,5.3545
2022-03-24,2022-06-29,63,0.867,3.5134
2022-03-25,2022-06-30,63,1.5211,6.2245
2022-03-28,2022-07-01,63,1.4472,5.9155
2022-03-29,2022-07-04,63,1.8511,7.6125
2022-03-30,2022-07-05,63,1.2177,4.9606
2022-03-31,2022-07-06,63,0.43,1.7312
2022-04-01,2022-07-07,63,-0.4834,-1.9197
2022-04-06,2022-07-08,63,-0.2632,-1.0488
2022-04-07,2022-07-11,63,-0.4792,-1.903
2022-04-08,2022-07-12,63,-0.8424,-3.3274
2022-04-11,2022-07-13,63,-0.5915,-2.3451
2022-04-12,2022-07-14,63,-1.2754,-5.0048
2022-04-13,2022-07-15,63,-1.9361,-7.5224
2022-04-14,2022-07-18,63,-1.9271,-7.4885
2022-04-15,2022-07-19,63,-2.2109,-8.5545
2022-04-18,2022-07-20,63,-1.9185,-7.4559
2022-04-19,2022-07-21,63,-2.0505,-7.953
2022-04-20,2022-07-22,63,-1.0759,-4.2347
2022-04-21,2022-07-25,63,-1.0522,-4.1427
2022-04-22,2022-07-26,63,-1.1297,-4.4428
2022-04-25,2022-07-27,63,-0.0388,-0.1552
2022-04-26,2022-07-28,63,0.3936,1.5836
2022-04-27,2022-07-29,63,-0.0811,-0.324
2022-04-28,2022-08-01,63,-0.5153,-2.0453
2022-04-29,2022-08-02,63,-1.3775,-5.397
2022-05-05,2022-08-03,63,-1.5559,-6.0797
2022-05-06,2022-08-04,63,-0.463,-1.839
2022-05-09,2022-08-05,63,0.1687,0.6766
2022-05-10,2022-08-08,63,-0.1381,-0.5515
2022-05-11,2022-08-09,63,-0.0708,-0.283
2022-05-12,2022-08-10,63,-0.4098,-1.629
2022-05-13,2022-08-11,63,0.0349,0.1397
2022-05-16,2022-08-12,63,0.7246,2.93
2022-05-17,2022-08-15,63,0.173,0.6937
2022-05-18,2022-08-16,63,0.4152,1.6712
2022-05-19,2022-08-17,63,0.3695,1.4862
2022-05-20,2022-08-18,63,-0.7126,-2.8199
2022-05-23,2022-08-19,63,-0.5775,-2.2903
2022-05-24,2022-08-22,63,-0.226,-0.9011
2022-05-25,2022-08-23,63,-0.4792,-1.9032
2022-05-26,2022-08-24,63,-0.6974,-2.7605
2022-05-27,2022-08-25,63,-0.4854,-1.9274
2022-05-30,2022-08-26,63,-0.4683,-1.8601
2022-05-31,2022-08-29,63,-1.1018,-4.3351
2022-06-01,2022-08-30,63,-0.7698,-3.0439
2022-06-02,2022-08-31,63,-0.6978,-2.7622
2022-06-06,2022-09-01,63,-1.4098,-5.521
2022-06-07,2022-09-02,63,-1.6963,-6.6144
2022-06-08,2022-09-05,63,-1.9637,-7.6266
2022-06-09,2022-09-06,63,-1.5577,-6.0868
2022-06-10,2022-09-07,63,-2.0182,-7.8317
2022-06-13,2022-09-08,63,-1.7985,-7.0022
2022-06-14,2022-09-09,63,-1.2366,-4.8554
2022-06-15,2022-09-13,63,-1.3139,-5.1527
2022-06-16,2022-09-14,63,-1.4888,-5.8236
2022-06-17,2022-09-15,63,-2.1615,-8.3696
2022-06-20,2022-09-16,63,-2.6405,-10.1509
2022-06-21,2022-09-19,63,-2.5249,-9.7236
2022-06-22,2022-09-20,63,-2.228,-8.6187
2022-06-23,2022-09-21,63,-2.7146,-10.4242
2022-06-24,2022-09-22,63,-3.0718,-11.7325
2022-06-27,2022-09-23,63,-3.4204,-12.9954
2022-06-28,2022-09-26,63,-3.78,-14.284
2022-06-29,2022-09-27,63,-3.2675,-12.4431
2022-06-30,2022-09-28,63,-3.7685,-14.2431
2022-07-01,2022-09-29,63,-3.2219,-12.2782
2022-07-04,2022-09-30,63,-3.2996,-12.5593
2022-07-05,2022-10-10,63,-3.6657,-13.8762
2022-07-06,2022-10-11,63,-2.8533,-10.9341
2022-07-07,2022-10-12,63,-2.2845,-8.8295
2022-07-08,2022-10-13,63,-2.551,-9.82
2022-07-11,2022-10-14,63,-1.7025,-6.638
2022-07-12,2022-10-17,63,-1.7671,-6.8831
2022-07-13,2022-10-18,63,-1.6299,-6.3619
2022-07-14,2022-10-19,63,-1.992,-7.7331
2022-07-15,2022-10-20,63,-1.676,-6.5373
2022-07-18,2022-10-21,63,-2.2538,-8.7149
2022-07-19,2022-10-24,63,-2.5505,-9.8183
2022-07-20,2022-10-25,63,-2.4957,-9.6154
2022-07-21,2022-10-26,63,-1.9574,-7.6026
2022-07-22,2022-10-27,63,-2.675,-10.2783
2022-07-25,2022-10-28,63,-3.1491,-12.0137
2022-07-26,2022-10-31,63,-3.639,-13.7807
2022-07-27,2022-11-01,63,-2.5306,-9.7445
2022-07-28,2022-11-02,63,-2.5541,-9.8316
2022-07-29,2022-11-03,63,-3.0019,-11.4776
2022-08-01,2022-11-04,63,-2.1792,-8.4359
2022-08-02,2022-11-07,63,-1.6917,-6.5969
2022-08-03,2022-11-08,63,-1.5218,-5.9497
2022-08-04,2022-11-09,63,-1.4394,-5.6345
2022-08-05,2022-11-10,63,-1.9012,-7.3907
2022-08-08,2022-11-11,63,-0.7286,-2.8829
2022-08-09,2022-11-14,63,-0.8974,-3.5417
2022-08-10,2022-11-15,63,-0.1537,-0.6133
2022-08-11,2022-11-16,63,-0.4807,-1.9092
2022-08-12,2022-11-17,63,-0.7507,-2.969
2022-08-15,2022-11-18,63,-0.8229,-3.2512
2022-08-16,2022-11-21,63,-1.1097,-4.3654
2022-08-17,2022-11-22,63,-1.0112,-3.9839
2022-08-18,2022-11-23,63,-0.6243,-2.4741
2022-08-19,2022-11-24,63,-0.5623,-2.2301
2022-08-22,2022-11-25,63,-0.2259,-0.9005
2022-08-23,2022-11-28,63,-0.4709,-1.8704
2022-08-24,2022-11-29,63,0.4795,1.9319
2022-08-25,2022-11-30,63,-0.0339,-0.1357
2022-08-26,2022-12-01,63,0.2305,0.9253
2022-08-29,2022-12-02,63,0.6411,2.5891
2022-08-30,2022-12-05,63,0.9048,3.6685
2022-08-31,2022-12-06,63,0.5772,2.3289
2022-09-01,2022-12-07,63,0.8822,3.5758
2022-09-02,2022-12-08,63,1.2273,5.0002
2022-09-05,2022-12-09,63,1.4694,6.0084
2022-09-06,2022-12-12,63,0.7699,3.1155
2022-09-07,2022-12-13,63,1.1136,4.5292
2022-09-08,2022-12-14,63,1.3078,5.3346
2022-09-09,2022-12-15,63,0.5512,2.2231
2022-09-13,2022-12-16,63,0.4322,1.7401
2022-09-14,2022-12-19,63,0.5784,2.3337
2022-09-15,2022-12-20,63,0.3083,1.2388
2022-09-16,2022-12-21,63,1.3423,5.4783
2022-09-19,2022-12-22,63,1.3903,5.6785
2022-09-20,2022-12-23,63,1.1293,4.5942
2022-09-21,2022-12-26,63,1.2011,4.8916
2022-09-22,2022-12-27,63,1.7624,7.238
2022-09-23,2022-12-28,63,1.746,7.1692
2022-09-26,2022-12-29,63,1.9417,7.9961
2022-09-27,2022-12-30,63,1.9194,7.9013
2022-09-28,2023-01-03,63,2.2343,9.2412
2022-09-29,2023-01-04,63,2.1281,8.7882
2022-09-30,2023-01-05,63,2.466,10.2349
2022-10-10,2023-01-06,63,2.8994,12.1117
2022-10-11,2023-01-09,63,3.54,14.93
2022-10-12,2023-01-10,63,3.2618,13.6995
2022-10-13,2023-01-11,63,3.7216,15.7382
2022-10-14,2023-01-12,63,3.1385,13.1573
2022-10-17,2023-01-13,63,3.7536,15.8811
2022-10-18,2023-01-16,63,4.4571,19.0562
2022-10-19,2023-01-17,63,5.0573,21.8161
2022-10-20,2023-01-18,63,5.1968,22.4647
2022-10-21,2023-01-19,63,5.5799,24.258
2022-10-24,2023-01-20,63,6.6893,29.5635
2022-10-25,2023-01-30,63,6.5577,28.9259
2022-10-26,2023-01-31,63,5.9984,26.2403
2022-10-27,2023-02-01,63,6.548,28.8787
2022-10-28,2023-02-02,63,7.3247,32.6781
2022-10-31,2023-02-03,63,7.075,31.4475
2022-11-01,2023-02-06,63,5.1174,22.0952
2022-11-02,2023-02-07,63,4.8032,20.6418
2022-11-03,2023-02-08,63,5.1581,22.2842
2022-11-04,2023-02-09,63,4.5979,19.6994
2022-11-07,2023-02-10,63,3.9577,16.7957
2022-11-08,2023-02-13,63,4.4576,19.0584
2022-11-09,2023-02-14,63,4.1812,17.8031
2022-11-10,2023-02-15,63,3.8575,16.3458
2022-11-11,2023-02-16,63,2.7072,11.2763
2022-11-14,2023-02-17,63,2.3549,9.7575
2022-11-15,2023-02-20,63,2.6297,10.9409
2022-11-16,2023-02-21,63,2.6964,11.2297
2022-11-17,2023-02-22,63,2.5538,10.6132
2022-11-18,2023-02-23,63,2.6295,10.9403
2022-11-21,2023-02-24,63,2.7933,11.6503
2022-11-22,2023-02-27,63,2.5457,10.5781
2022-11-23,2023-02-28,63,2.6722,11.125
2022-11-24,2023-03-01,63,3.1548,13.2292
2022-11-25,2023-03-02,63,2.7581,11.4975
2022-11-28,2023-03-03,63,3.336,14.0265
2022-11-29,2023-03-06,63,2.2421,9.2747
2022-11-30,2023-03-07,63,2.0104,8.2876
2022-12-01,2023-03-08,63,1.218,4.9618
2022-12-02,2023-03-09,63,1.0214,4.1485
2022-12-05,2023-03-10,63,0.517,2.0843
2022-12-06,2023-03-13,63,1.1709,4.7664
2022-12-07,2023-03-14,63,1.5288,6.2569
2022-12-08,2023-03-15,63,1.4632,5.9824
2022-12-09,2023-03-16,63,1.0821,4.3992
2022-12-12,2023-03-17,63,1.569,6.4255
2022-12-13,2023-03-20,63,2.1775,8.9984
2022-12-14,2023-03-21,63,1.8392,7.5621
2022-12-15,2023-03-22,63,1.8552,7.6297
2022-12-16,2023-03-23,63,2.1989,9.0899
2022-12-19,2023-03-24,63,2.4402,10.1239
2022-12-20,2023-03-27,63,2.6043,10.8312
2022-12-21,2023-03-28,63,2.1399,8.8384
2022-12-22,2023-03-29,63,2.0682,8.5331
2022-12-23,2023-03-30,63,2.6339,10.9592
2022-12-26,2023-03-31,63,2.807,11.7095
2022-12-27,2023-04-03,63,2.2128,9.1495
2022-12-28,2023-04-04,63,2.5204,10.4693
2022-12-29,2023-04-06,63,2.9985,12.5443
2022-12-30,2023-04-07,63,2.9027,12.1261
2023-01-03,2023-04-10,63,2.5388,10.5487
2023-01-04,2023-04-11,63,2.4978,10.3717
2023-01-05,2023-04-12,63,2.1962,9.0783
2023-01-06,2023-04-13,63,2.3095,9.5629
2023-01-09,2023-04-14,63,1.9717,8.123
2023-01-10,2023-04-17,63,2.2643,9.3696
2023-01-11,2023-04-18,63,2.1279,8.7873
2023-01-12,2023-04-19,63,1.8928,7.7891
2023-01-13,2023-04-20,63,1.3389,5.4641
2023-01-16,2023-04-21,63,0.2361,0.9476
2023-01-17,2023-04-24,63,-0.2085,-0.8316
2023-01-18,2023-04-25,63,0.2038,0.8176
2023-01-19,2023-04-26,63,0.1053,0.4217
2023-01-20,2023-04-27,63,0.076,0.3044
2023-01-30,2023-04-28,63,0.156,0.6253
2023-01-31,2023-05-04,63,1.4197,5.8009
2023-02-01,2023-05-05,63,1.2658,5.1603
2023-02-02,2023-05-08,63,1.1179,4.5473
2023-02-03,2023-05-09,63,1.6925,6.9438
2023-02-06,2023-05-10,63,2.2381,9.2574
2023-02-07,2023-05-11,63,2.1918,9.0595
2023-02-08,2023-05-12,63,1.7458,7.1681
2023-02-09,2023-05-15,63,1.9578,8.0642
2023-02-10,2023-05-16,63,2.1451,8.8604
2023-02-13,2023-05-17,63,1.4927,6.1058
2023-02-14,2023-05-18,63,1.3388,5.4637
2023-02-15,2023-05-19,63,1.4169,5.7891
2023-02-16,2023-05-22,63,1.8601,7.6506
2023-02-17,2023-05-23,63,1.699,6.9712
2023-02-20,2023-05-24,63,0.7011,2.8342
2023-02-21,2023-05-25,63,0.3977,1.6003
2023-02-22,2023-05-26,63,0.3914,1.5749
2023-02-23,2023-05-29,63,0.3794,1.5261
2023-02-24,2023-05-30,63,0.4545,1.8306
2023-02-27,2023-05-31,63,0.5449,2.1975
2023-02-28,2023-06-01,63,0.4734,1.907
2023-03-01,2023-06-02,63,0.5499,2.2179
2023-03-02,2023-06-05,63,0.1736,0.6962
2023-03-03,2023-06-06,63,0.1004,0.4021
2023-03-06,2023-06-07,63,0.1444,0.5788
2023-03-07,2023-06-08,63,0.4877,1.9652
2023-03-08,2023-06-09,63,1.249,5.0902
2023-03-09,2023-06-12,63,1.424,5.8187
2023-03-10,2023-06-13,63,1.6611,6.8119
2023-03-13,2023-06-14,63,0.979,3.9738
2023-03-14,2023-06-15,63,0.8857,3.5903
2023-03-15,2023-06-16,63,1.2698,5.1766
2023-03-16,2023-06-19,63,0.9254,3.7532
2023-03-17,2023-06-20,63,0.6568,2.6534
2023-03-20,2023-06-21,63,-0.3489,-1.3882
2023-03-21,2023-06-26,63,-0.7197,-2.8478
2023-03-22,2023-06-27,63,-0.2813,-1.1207
2023-03-23,2023-06-28,63,-0.6678,-2.6444
2023-03-24,2023-06-29,63,-0.8308,-3.2821
2023-03-27,2023-06-30,63,-0.4868,-1.9332
2023-03-28,2023-07-03,63,0.0903,0.3616
2023-03-29,2023-07-04,63,0.0738,0.2955
2023-03-30,2023-07-05,63,-0.366,-1.4558
2023-03-31,2023-07-06,63,-0.6021,-2.3869
2023-04-03,2023-07-07,63,-0.4665,-1.8531
2023-04-04,2023-07-10,63,-0.6538,-2.5898
2023-04-06,2023-07-11,63,-0.7927,-3.1334
2023-04-07,2023-07-12,63,-1.0146,-3.9972
2023-04-10,2023-07-13,63,-0.2131,-0.8495
2023-04-11,2023-07-14,63,-0.404,-1.6063
2023-04-12,2023-07-17,63,-0.6841,-2.7086
2023-04-13,2023-07-18,63,-0.7171,-2.8379
2023-04-14,2023-07-19,63,-0.561,-2.225
2023-04-17,2023-07-20,63,-0.8649,-3.4149
2023-04-18,2023-07-21,63,-0.9823,-3.8717
2023-04-19,2023-07-24,63,-0.8632,-3.4085
2023-04-20,2023-07-25,63,-0.1663,-0.6635
2023-04-21,2023-07-26,63,0.4946,1.9932
2023-04-24,2023-07-27,63,0.9559,3.8789
2023-04-25,2023-07-28,63,1.2148,4.9485
2023-04-26,2023-07-31,63,1.1914,4.8515
2023-04-27,2023-08-01,63,0.8451,3.4235
2023-04-28,2023-08-02,63,0.5205,2.0981
2023-05-04,2023-08-03,63,-0.1399,-0.5586
2023-05-05,2023-08-04,63,-0.2169,-0.8648
2023-05-08,2023-08-07,63,-0.2932,-1.1677
2023-05-09,2023-08-08,63,-0.2217,-0.8837
2023-05-10,2023-08-09,63,-0.0838,-0.3349
2023-05-11,2023-08-10,63,-0.0958,-0.3828
2023-05-12,2023-08-11,63,-0.0513,-0.2051
2023-05-15,2023-08-14,63,-0.7516,-2.9728
2023-05-16,2023-08-15,63,-0.6484,-2.5686
2023-05-17,2023-08-16,63,-0.4242,-1.6861
2023-05-18,2023-08-17,63,-0.29,-1.1551
2023-05-19,2023-08-18,63,-0.4631,-1.8395
2023-05-22,2023-08-21,63,-0.9945,-3.9189
2023-05-23,2023-08-22,63,-0.3727,-1.4826
2023-05-24,2023-08-23,63,-0.3698,-1.4709
2023-05-25,2023-08-24,63,0.1689,0.6774
2023-05-26,2023-08-25,63,0.3175,1.2761
2023-05-29,2023-08-28,63,0.7452,3.0144
2023-05-30,2023-08-29,63,1.1278,4.588
2023-05-31,2023-08-30,63,1.1951,4.8667
2023-06-01,2023-08-31,63,1.0899,4.4312
2023-06-02,2023-09-01,63,0.7638,3.0904
2023-06-05,2023-09-04,63,1.7556,7.2095
2023-06-06,2023-09-05,63,1.5524,6.3558
2023-06-07,2023-09-06,63,1.5192,6.2166
2023-06-08,2023-09-07,63,1.1283,4.5903
2023-06-09,2023-09-08,63,0.8794,3.5643
2023-06-12,2023-09-11,63,1.0299,4.1839
2023-06-13,2023-09-12,63,0.9054,3.6709
2023-06-14,2023-09-13,63,1.0729,4.3611
2023-06-15,2023-09-14,63,1.2594,5.1338
2023-06-16,2023-09-15,63,0.554,2.2346
2023-06-19,2023-09-18,63,0.9248,3.7509
2023-06-20,2023-09-19,63,1.1648,4.7414
2023-06-21,2023-09-20,63,1.5352,6.2838
2023-06-26,2023-09-21,63,1.5939,6.5297
2023-06-27,2023-09-22,63,1.9603,8.0749
2023-06-28,2023-09-25,63,1.8603,7.6514
2023-06-29,2023-09-26,63,1.8299,7.5231
2023-06-30,2023-09-27,63,1.6146,6.6165
2023-07-03,2023-09-28,63,0.5984,2.4151
2023-07-04,2023-10-09,63,0.2089,0.8381
2023-07-05,2023-10-10,63,-0.0665,-0.2659
2023-07-06,2023-10-11,63,0.1392,0.5579
2023-07-07,2023-10-12,63,0.7206,2.9137
2023-07-10,2023-10-13,63,0.3292,1.3234
2023-07-11,2023-10-16,63,0.3138,1.2613
2023-07-12,2023-10-17,63,0.594,2.3971
2023-07-13,2023-10-18,63,0.1727,0.6924
2023-07-14,2023-10-19,63,-0.1687,-0.673
2023-07-17,2023-10-20,63,0.1803,0.7233
2023-07-18,2023-10-23,63,-0.0541,-0.2163
2023-07-19,2023-10-24,63,-0.3761,-1.4961
2023-07-20,2023-10-25,63,-0.2416,-0.9627
2023-07-21,2023-10-26,63,0.1071,0.4291
2023-07-24,2023-10-27,63,0.4363,1.7566
2023-07-25,2023-10-30,63,-0.1117,-0.4462
2023-07-26,2023-10-31,63,-0.1825,-0.7278
2023-07-27,2023-11-01,63,-0.2403,-0.9578
2023-07-28,2023-11-02,63,-0.6264,-2.482
2023-07-31,2023-11-03,63,-0.5074,-2.0143
2023-08-01,2023-11-06,63,-0.4692,-1.8636
2023-08-02,2023-11-07,63,-0.4525,-1.7979
2023-08-03,2023-11-08,63,-0.7337,-2.9025
2023-08-04,2023-11-09,63,-0.8954,-3.5337
2023-08-07,2023-11-10,63,-0.9169,-3.6176
2023-08-08,2023-11-13,63,-1.0258,-4.0407
2023-08-09,2023-11-14,63,-0.9135,-3.6043
2023-08-10,2023-11-15,63,-0.5431,-2.1548
2023-08-11,2023-11-16,63,-0.3936,-1.5653
2023-08-14,2023-11-17,63,-0.1971,-0.7862
2023-08-15,2023-11-20,63,-0.4116,-1.6364
2023-08-16,2023-11-21,63,-0.2779,-1.1069
2023-08-17,2023-11-22,63,-0.5566,-2.208
2023-08-18,2023-11-23,63,-0.1384,-0.5526
2023-08-21,2023-11-24,63,-0.0532,-0.2128
2023-08-22,2023-11-27,63,-0.1763,-0.7034
2023-08-23,2023-11-28,63,0.1487,0.596
2023-08-24,2023-11-29,63,-0.0844,-0.3372
2023-08-25,2023-11-30,63,0.052,0.2082
2023-08-28,2023-12-01,63,-0.4009,-1.5941
2023-08-29,2023-12-04,63,-0.4503,-1.7892
2023-08-30,2023-12-05,63,-1.2926,-5.071
2023-08-31,2023-12-06,63,-1.3516,-5.2977
2023-09-01,2023-12-07,63,-1.5566,-6.0824
2023-09-04,2023-12-08,63,-1.9733,-7.6625
2023-09-05,2023-12-11,63,-1.9568,-7.6003
2023-09-06,2023-12-12,63,-1.8649,-7.2536
2023-09-07,2023-12-13,63,-2.1171,-8.2033
2023-09-08,2023-12-14,63,-1.8642,-7.2507
2023-09-11,2023-12-15,63,-2.0759,-8.0484
2023-09-12,2023-12-18,63,-2.0212,-7.843
2023-09-13,2023-12-19,63,-1.8933,-7.3609
2023-09-14,2023-12-20,63,-2.324,-8.9768
2023-09-15,2023-12-21,63,-1.8188,-7.0792
2023-09-18,2023-12-22,63,-1.6138,-6.3006
2023-09-19,2023-12-25,63,-1.6613,-6.4814
2023-09-20,2023-12-26,63,-1.7264,-6.7289
2023-09-21,2023-12-27,63,-1.3601,-5.3305
2023-09-22,2023-12-28,63,-1.2755,-5.0053
2023-09-25,2023-12-29,63,-1.151,-4.525
2023-09-26,2024-01-02,63,-1.2107,-4.7557
2023-09-27,2024-01-03,63,-1.1274,-4.4338
2023-09-28,2024-01-04,63,-0.8632,-3.4085
2023-10-09,2024-01-05,63,-0.5997,-2.3773
2023-10-10,2024-01-08,63,-0.4986,-1.9796
2023-10-11,2024-01-09,63,-0.5814,-2.3054
2023-10-12,2024-01-10,63,-1.1596,-4.5585
2023-10-13,2024-01-11,63,-0.9304,-3.6701
2023-10-16,2024-01-12,63,-1.1014,-4.3332
2023-10-17,2024-01-15,63,-1.1642,-4.576
2023-10-18,2024-01-16,63,-1.2056,-4.7357
2023-10-19,2024-01-17,63,-1.488,-5.8204
2023-10-20,2024-01-18,63,-1.2738,-4.9986
2023-10-23,2024-01-19,63,-0.9045,-3.569
2023-10-24,2024-01-22,63,-1.1647,-4.5779
2023-10-25,2024-01-23,63,-1.2059,-4.737
2023-10-26,2024-01-24,63,-1.0812,-4.2552
2023-10-27,2024-01-25,63,-0.835,-3.2983
2023-10-30,2024-01-26,63,-0.7751,-3.0645
2023-10-31,2024-01-29,63,-0.8317,-3.2857
2023-11-01,2024-01-30,63,-1.1418,-4.4897
2023-11-02,2024-01-31,63,-1.3414,-5.2587
2023-11-03,2024-02-01,63,-1.5034,-5.8794
2023-11-06,2024-02-02,63,-1.6803,-6.5537
2023-11-07,2024-02-05,63,-1.344,-5.2685
2023-11-08,2024-02-06,63,-0.5109,-2.028
2023-11-09,2024-02-07,63,0.0025,0.0101
2023-11-10,2024-02-08,63,0.2505,1.0056
2023-11-13,2024-02-19,63,0.4497,1.8109
2023-11-14,2024-02-20,63,0.3358,1.3498
2023-11-15,2024-02-21,63,0.496,1.9986
2023-11-16,2024-02-22,63,1.0133,4.1152
2023-11-17,2024-02-23,63,0.9351,3.7933
2023-11-20,2024-02-26,63,0.8696,3.524
2023-11-21,2024-02-27,63,0.9309,3.7759
2023-11-22,2024-02-28,63,0.9551,3.8754
2023-11-23,2024-02-29,63,1.2354,5.0339
2023-11-24,2024-03-01,63,1.4743,6.0291
2023-11-27,2024-03-04,63,1.8149,7.4596
2023-11-28,2024-03-05,63,2.4029,9.9636
2023-11-29,2024-03-06,63,2.3658,9.8043
2023-11-30,2024-03-07,63,2.4577,10.1993
2023-12-01,2024-03-08,63,2.6144,10.8747
2023-12-04,2024-03-11,63,2.7803,11.5938
2023-12-05,2024-03-12,63,3.6638,15.4806
2023-12-06,2024-03-13,63,3.4341,14.4605
2023-12-07,2024-03-14,63,3.4911,14.7128
2023-12-08,2024-03-15,63,3.5272,14.873
2023-12-11,2024-03-18,63,3.5086,14.7905
2023-12-12,2024-03-19,63,3.2922,13.8334
2023-12-13,2024-03-20,63,3.973,16.8646
2023-12-14,2024-03-21,63,4.2284,18.0171
2023-12-15,2024-03-22,63,3.8928,16.5044
2023-12-18,2024-03-25,63,3.8814,16.4531
2023-12-19,2024-03-26,63,3.935,16.6939
2023-12-20,2024-03-27,63,4.0618,17.2641
2023-12-21,2024-03-28,63,3.998,16.9768
2023-12-22,2024-03-29,63,4.4833,19.1756
2023-12-25,2024-04-01,63,4.8194,20.7164
2023-12-26,2024-04-02,63,4.8845,21.0165
2023-12-27,2024-04-03,63,5.059,21.8239
2023-12-28,2024-04-08,63,4.9264,21.2101
2023-12-29,2024-04-09,63,4.9444,21.2935
2024-01-02,2024-04-10,63,5.2503,22.7139
2024-01-03,2024-04-11,63,5.0114,21.6032
2024-01-04,2024-04-12,63,5.9681,26.0958
2024-01-05,2024-04-15,63,6.2508,27.4467
2024-01-08,2024-04-16,63,6.6164,29.2102
2024-01-09,2024-04-17,63,6.985,31.0063
2024-01-10,2024-04-18,63,7.125,31.6932
2024-01-11,2024-04-19,63,7.0234,31.1944
2024-01-12,2024-04-22,63,6.4464,28.3878
2024-01-15,2024-04-23,63,5.4376,23.5895
2024-01-16,2024-04-24,63,5.76,25.1084
2024-01-17,2024-04-25,63,6.6356,29.3031
2024-01-18,2024-04-26,63,6.7701,29.9566
2024-01-19,2024-04-29,63,6.5857,29.0611
2024-01-22,2024-04-30,63,6.6187,29.2213
2024-01-23,2024-05-06,63,6.9457,30.8138
2024-01-24,2024-05-07,63,6.6756,29.4974
2024-01-25,2024-05-08,63,5.9685,26.0977
2024-01-26,2024-05-09,63,5.9605,26.0598
2024-01-29,2024-05-10,63,6.7653,29.9332
2024-01-30,2024-05-13,63,6.8881,30.5322
2024-01-31,2024-05-14,63,6.7938,30.0721
2024-02-01,2024-05-15,63,6.8056,30.1298
2024-02-02,2024-05-16,63,7.3387,32.7471
2024-02-05,2024-05-17,63,7.626,34.174
2024-02-06,2024-05-20,63,7.727,34.6786
2024-02-07,2024-05-21,63,6.918,30.6783
2024-02-08,2024-05-22,63,6.8305,30.251
2024-02-19,2024-05-23,63,5.7859,25.2307
2024-02-20,2024-05-24,63,5.2791,22.8479
2024-02-21,2024-05-27,63,5.1413,22.2064
2024-02-22,2024-05-28,63,4.8526,20.8696
2024-02-23,2024-05-29,63,5.1418,22.2086
2024-02-26,2024-05-30,63,4.9235,21.1969
2024-02-27,2024-05-31,63,4.8248,20.7416
2024-02-28,2024-06-03,63,4.8382,20.8034
2024-02-29,2024-06-04,63,4.902,21.0975
2024-03-01,2024-06-05,63,4.4737,19.1318
2024-03-04,2024-06-06,63,4.4979,19.2422
2024-03-05,2024-06-07,63,3.6885,15.5906
2024-03-06,2024-06-11,63,2.4066,9.9795
2024-03-07,2024-06-12,63,2.3623,9.7894
2024-03-08,2024-06-13,63,2.2501,9.3089
2024-03-11,2024-06-14,63,2.1199,8.7529
2024-03-12,2024-06-17,63,2.0729,8.5531
2024-03-13,2024-06-18,63,2.3865,9.8931
2024-03-14,2024-06-19,63,2.4857,10.3198
2024-03-15,2024-06-20,63,2.5299,10.5102
2024-03-18,2024-06-21,63,2.6739,11.1323
2024-03-19,2024-06-24,63,2.4559,10.1913
2024-03-20,2024-06-25,63,2.2759,9.4193
2024-03-21,2024-06-26,63,1.6162,6.623
2024-03-22,2024-06-27,63,1.7671,7.258
2024-03-25,2024-06-28,63,2.1027,8.68
2024-03-26,2024-07-01,63,2.0374,8.4021
2024-03-27,2024-07-02,63,2.2441,9.283
2024-03-28,2024-07-03,63,2.1639,8.9406
2024-03-29,2024-07-04,63,1.5132,6.1916
2024-04-01,2024-07-05,63,0.9439,3.8295
2024-04-02,2024-07-08,63,0.8715,3.5317
2024-04-03,2024-07-09,63,0.6852,2.7692
2024-04-08,2024-07-10,63,0.266,1.0684
2024-04-09,2024-07-11,63,0.6116,2.4689
