entry_date,end_date,holding_days,total_return_pct,annualized_return_pct
2010-06-01,2010-09-01,63,1.4006,5.721
2010-06-02,2010-09-02,63,1.1683,4.7557
2010-06-03,2010-09-03,63,1.6944,6.9519
2010-06-04,2010-09-06,63,0.6978,2.8205
2010-06-07,2010-09-07,63,-0.2793,-1.1124
2010-06-08,2010-09-08,63,-0.4203,-1.6708
2010-06-09,2010-09-09,63,-0.7567,-2.9927
2010-06-10,2010-09-10,63,-1.3693,-5.3657
2010-06-11,2010-09-13,63,-1.1234,-4.4185
2010-06-17,2010-09-14,63,-0.3718,-1.4788
2010-06-18,2010-09-15,63,0.2983,1.1987
2010-06-21,2010-09-16,63,-1.4176,-5.5511
2010-06-22,2010-09-17,63,-0.5574,-2.2111
2010-06-23,2010-09-20,63,-1.3749,-5.3873
2010-06-24,2010-09-21,63,-1.8361,-7.1447
2010-06-25,2010-09-27,63,-0.5495,-2.1798
2010-06-28,2010-09-28,63,-0.4349,-1.7284
2010-06-29,2010-09-29,63,1.8448,7.5859
2010-06-30,2010-09-30,63,2.0543,8.4739
2010-07-01,2010-10-08,63,3.8893,16.4884
2010-07-02,2010-10-11,63,5.0668,21.8602
2010-07-05,2010-10-12,63,5.3423,23.1432
2010-07-06,2010-10-13,63,5.0445,21.7567
2010-07-07,2010-10-14,63,5.3569,23.2116
2010-07-08,2010-10-15,63,4.6151,19.778
2010-07-09,2010-10-18,63,3.2892,13.8204
2010-07-12,2010-10-19,63,4.9329,21.2401
2010-07-13,2010-10-20,63,4.7544,20.4174
2010-07-14,2010-10-21,63,4.3084,18.3796
2010-07-15,2010-10-22,63,5.6579,24.6257
2010-07-16,2010-10-25,63,7.1323,31.7289
2010-07-19,2010-10-26,63,6.6197,29.226
2010-07-20,2010-10-27,63,5.6091,24.3955
2010-07-21,2010-10-28,63,5.5743,24.2319
2010-07-22,2010-10-29,63,6.3435,27.8923
2010-07-23,2010-11-01,63,7.3704,32.9041
2010-07-26,2010-11-02,63,6.3087,27.7247
2010-07-27,2010-11-03,63,5.6435,24.5576
2010-07-28,2010-11-04,63,6.274,27.5582
2010-07-29,2010-11-05,63,7.1945,32.0355
2010-07-30,2010-11-08,63,8.3542,37.8425
2010-08-02,2010-11-09,63,8.3792,37.9695
2010-08-03,2010-11-10,63,9.0847,41.5974
2010-08-04,2010-11-11,63,8.6255,39.2281
2010-08-05,2010-11-12,63,6.5034,28.6631
2010-08-06,2010-11-15,63,6.8417,30.3056
2010-08-09,2010-11-16,63,5.4125,23.472
2010-08-10,2010-11-17,63,5.1303,22.1552
2010-08-11,2010-11-18,63,5.6686,24.6764
2010-08-12,2010-11-19,63,7.3392,32.7497
2010-08-13,2010-11-22,63,7.0618,31.3828
2010-08-16,2010-11-23,63,6.6035,29.1475
2010-08-17,2010-11-24,63,7.4259,33.1793
2010-08-18,2010-11-25,63,6.9944,31.0522
2010-08-19,2010-11-26,63,6.9076,30.6276
2010-08-20,2010-11-29,63,8.3607,37.8754
2010-08-23,2010-11-30,63,7.5604,33.8471
2010-08-24,2010-12-01,63,8.0716,36.4099
2010-08-25,2010-12-02,63,8.7144,39.6847
2010-08-26,2010-12-03,63,7.8344,35.2164
2010-08-27,2010-12-06,63,7.231,32.2152
2010-08-30,2010-12-07,63,7.2948,32.5303
2010-08-31,2010-12-08,63,6.4655,28.4802
2010-09-01,2010-12-09,63,6.4478,28.3948
2010-09-02,2010-12-10,63,6.6434,29.3411
2010-09-03,2010-12-13,63,7.0889,31.516
2010-09-06,2010-12-14,63,8.4439,38.2992
2010-09-07,2010-12-15,63,7.4965,33.5297
2010-09-08,2010-12-16,63,7.4164,33.1319
2010-09-09,2010-12-17,63,7.8258,35.1733
2010-09-10,2010-12-20,63,7.3872,32.9874
2010-09-13,2010-12-21,63,7.2353,32.2366
2010-09-14,2010-12-22,63,7.1717,31.9232
2010-09-15,2010-12-23,63,7.3181,32.6455
2010-09-16,2010-12-24,63,7.0468,31.309
2010-09-17,2010-12-27,63,5.8341,25.4592
2010-09-20,2010-12-28,63,6.2576,27.4792
2010-09-21,2010-12-29,63,7.775,34.9185
2010-09-27,2010-12-30,63,7.1135,31.6368
2010-09-28,2011-01-04,63,8.5077,38.6251
2010-09-29,2011-01-05,63,7.9595,35.8449
2010-09-30,2011-01-06,63,6.7152,29.6894
2010-10-08,2011-01-07,63,5.6447,24.5633
2010-10-11,2011-01-10,63,4.9032,21.103
2010-10-12,2011-01-11,63,4.4727,19.1273
2010-10-13,2011-01-12,63,4.344,18.5412
2010-10-14,2011-01-13,63,4.0432,17.1805
2010-10-15,2011-01-14,63,3.5929,15.1648
2010-10-18,2011-01-17,63,2.9114,12.164
2010-10-19,2011-01-18,63,1.1458,4.6625
2010-10-20,2011-01-19,63,2.181,9.0137
2010-10-21,2011-01-20,63,1.5863,6.4977
2010-10-22,2011-01-21,63,1.0952,4.4533
2010-10-25,2011-01-24,63,-0.7387,-2.9221
2010-10-26,2011-01-25,63,-1.1944,-4.6927
2010-10-27,2011-01-26,63,-0.4346,-1.727
2010-10-28,2011-01-27,63,-0.054,-0.2158
2010-10-29,2011-01-28,63,-1.1652,-4.58
2010-11-01,2011-01-31,63,-2.0422,-7.9219
2010-11-02,2011-02-01,63,-1.0726,-4.2217
2010-11-03,2011-02-09,63,-0.0094,-0.0376
2010-11-04,2011-02-10,63,0.3782,1.5215
2010-11-05,2011-02-11,63,-0.3586,-1.4268
2010-11-08,2011-02-14,63,-0.864,-3.4114
2010-11-09,2011-02-15,63,-1.7292,-6.7393
2010-11-10,2011-02-16,63,-1.2464,-4.8931
2010-11-11,2011-02-17,63,-0.9737,-3.8383
2010-11-12,2011-02-18,63,0.4371,1.7598
2010-11-15,2011-02-21,63,-0.0736,-0.2943
2010-11-16,2011-02-22,63,-0.1079,-0.4309
2010-11-17,2011-02-23,63,1.9542,8.0489
2010-11-18,2011-02-24,63,0.9938,4.0349
2010-11-19,2011-02-25,63,-0.4684,-1.8606
2010-11-22,2011-02-28,63,-0.6937,-2.7461
2010-11-23,2011-03-01,63,-0.8976,-3.5424
2010-11-24,2011-03-02,63,-1.7496,-6.817
2010-11-25,2011-03-03,63,-1.9088,-7.4195
2010-11-26,2011-03-04,63,-1.877,-7.2991
2010-11-29,2011-03-07,63,-1.7879,-6.962
2010-11-30,2011-03-08,63,-1.2589,-4.9415
2010-12-01,2011-03-09,63,-1.7737,-6.9083
2010-12-02,2011-03-10,63,-1.6148,-6.3044
2010-12-03,2011-03-11,63,-1.2724,-4.9932
2010-12-06,2011-03-14,63,-0.8656,-3.4179
2010-12-07,2011-03-15,63,-1.9667,-7.6378
2010-12-08,2011-03-16,63,-1.3085,-5.1321
2010-12-09,2011-03-17,63,-1.5104,-5.9059
2010-12-10,2011-03-18,63,-1.6625,-6.486
2010-12-13,2011-03-21,63,-2.4905,-9.5959
2010-12-14,2011-03-22,63,-3.0884,-11.793
2010-12-15,2011-03-23,63,-2.367,-9.137
2010-12-16,2011-03-24,63,-2.4333,-9.3838
2010-12-17,2011-03-25,63,-2.6306,-10.1145
2010-12-20,2011-03-28,63,-3.1931,-12.1736
2010-12-21,2011-03-29,63,-3.9306,-14.8196
2010-12-22,2011-03-30,63,-3.913,-14.7571
2010-12-23,2011-03-31,63,-3.3204,-12.6344
2010-12-24,2011-04-01,63,-2.4813,-9.5618
2010-12-27,2011-04-06,63,-1.8224,-7.0929
2010-12-28,2011-04-07,63,-1.5491,-6.054
2010-12-29,2011-04-08,63,-1.7441,-6.796
2010-12-30,2011-04-11,63,-2.3196,-8.9606
2011-01-04,2011-04-12,63,-3.1958,-12.1835
2011-01-05,2011-04-13,63,-2.0023,-7.7719
2011-01-06,2011-04-14,63,-1.5556,-6.0788
2011-01-07,2011-04-15,63,-1.319,-5.1725
2011-01-10,2011-04-18,63,-0.6682,-2.646
2011-01-11,2011-04-19,63,-0.6685,-2.6473
2011-01-12,2011-04-20,63,-0.4368,-1.7357
2011-01-13,2011-04-21,63,-0.3145,-1.2522
2011-01-14,2011-04-22,63,0.3766,1.515
2011-01-17,2011-04-25,63,1.0695,4.3473
2011-01-18,2011-04-26,63,0.239,0.9593
2011-01-19,2011-04-27,63,-0.7349,-2.9074
2011-01-20,2011-04-28,63,-0.4206,-1.6718
2011-01-21,2011-04-29,63,-0.0712,-0.2845
2011-01-24,2011-05-03,63,0.6724,2.7169
2011-01-25,2011-05-04,63,0.6968,2.8165
2011-01-26,2011-05-05,63,0.3664,1.4736
2011-01-27,2011-05-06,63,-0.3916,-1.5571
2011-01-28,2011-05-09,63,0.4278,1.7223
2011-01-31,2011-05-10,63,-0.0068,-0.0274
2011-02-01,2011-05-11,63,-0.0111,-0.0443
2011-02-09,2011-05-12,63,-1.0502,-4.135
2011-02-10,2011-05-13,63,-1.4694,-5.7492
2011-02-11,2011-05-16,63,-2.0433,-7.9261
2011-02-14,2011-05-17,63,-2.5043,-9.6473
2011-02-15,2011-05-18,63,-2.7421,-10.5255
2011-02-16,2011-05-19,63,-3.3136,-12.6099
2011-02-17,2011-05-20,63,-3.6132,-13.6881
2011-02-18,2011-05-23,63,-4.1778,-15.6927
2011-02-21,2011-05-24,63,-3.7168,-14.0586
2011-02-22,2011-05-25,63,-3.8558,-14.5539
2011-02-23,2011-05-26,63,-4.5219,-16.8975
2011-02-24,2011-05-27,63,-4.6601,-17.3775
2011-02-25,2011-05-30,63,-3.9811,-14.9983
2011-02-28,2011-05-31,63,-3.8939,-14.6894
2011-03-01,2011-06-01,63,-4.021,-15.1398
2011-03-02,2011-06-02,63,-4.1719,-15.6722
2011-03-03,2011-06-03,63,-3.3077,-12.5886
2011-03-04,2011-06-07,63,-3.1387,-11.976
2011-03-07,2011-06-08,63,-3.8012,-14.3596
2011-03-08,2011-06-09,63,-4.1904,-15.737
2011-03-09,2011-06-10,63,-4.184,-15.7147
2011-03-10,2011-06-13,63,-4.4682,-16.7104
2011-03-11,2011-06-14,63,-4.1571,-15.6201
2011-03-14,2011-06-15,63,-4.685,-17.4636
2011-03-15,2011-06-16,63,-4.609,-17.2001
2011-03-16,2011-06-17,63,-4.7261,-17.6061
2011-03-17,2011-06-20,63,-4.263,-15.9921
2011-03-18,2011-06-21,63,-4.4699,-16.7161
2011-03-21,2011-06-22,63,-4.7107,-17.5526
2011-03-22,2011-06-23,63,-4.0559,-15.2629
2011-03-23,2011-06-24,63,-4.1678,-15.6577
2011-03-24,2011-06-27,63,-4.4387,-16.6073
2011-03-25,2011-06-28,63,-4.2738,-16.0303
2011-03-28,2011-06-29,63,-3.673,-13.9023
2011-03-29,2011-06-30,63,-2.7363,-10.504
2011-03-30,2011-07-01,63,-2.4869,-9.5828
2011-03-31,2011-07-04,63,-2.0754,-8.0468
2011-04-01,2011-07-05,63,-2.1548,-8.3446
2011-04-06,2011-07-06,63,-1.3488,-5.2869
2011-04-07,2011-07-07,63,-1.126,-4.4287
2011-04-08,2011-07-08,63,-1.8089,-7.0415
2011-04-11,2011-07-11,63,-0.9969,-3.9282
2011-04-12,2011-07-12,63,-1.0799,-4.2501
2011-04-13,2011-07-13,63,-0.7319,-2.8956
2011-04-14,2011-07-14,63,0.0376,0.1506
2011-04-15,2011-07-15,63,0.4598,1.8521
2011-04-18,2011-07-18,63,0.5119,2.0634
2011-04-19,2011-07-19,63,0.465,1.873
2011-04-20,2011-07-20,63,-0.3289,-1.3093
2011-04-21,2011-07-21,63,-0.5889,-2.3349
2011-04-22,2011-07-22,63,-0.5402,-2.1435
2011-04-25,2011-07-25,63,-0.4131,-1.6423
2011-04-26,2011-07-26,63,0.4052,1.6308
2011-04-27,2011-07-27,63,1.4532,5.9407
2011-04-28,2011-07-28,63,2.079,8.5791
2011-04-29,2011-07-29,63,1.6758,6.8736
2011-05-03,2011-08-01,63,1.7471,7.1738
2011-05-04,2011-08-02,63,2.7919,11.6441
2011-05-05,2011-08-03,63,3.7288,15.7702
2011-05-06,2011-08-04,63,3.7645,15.9297
2011-05-09,2011-08-05,63,2.6439,11.0024
2011-05-10,2011-08-08,63,2.265,9.3725
2011-05-11,2011-08-09,63,2.7369,11.4052
2011-05-12,2011-08-10,63,3.9987,16.9798
2011-05-13,2011-08-11,63,4.7022,20.1774
2011-05-16,2011-08-12,63,5.0527,21.7949
2011-05-17,2011-08-15,63,5.5413,24.0765
2011-05-18,2011-08-16,63,5.9734,26.1209
2011-05-19,2011-08-17,63,6.3191,27.7746
2011-05-20,2011-08-18,63,6.0235,26.3595
2011-05-23,2011-08-19,63,7.9836,35.9663
2011-05-24,2011-08-22,63,7.3881,32.9919
2011-05-25,2011-08-23,63,8.9733,41.0197
2011-05-26,2011-08-24,63,8.5557,38.8705
2011-05-27,2011-08-25,63,7.5782,33.9358
2011-05-30,2011-08-26,63,7.6443,34.2652
2011-05-31,2011-08-29,63,7.9312,35.7023
2011-06-01,2011-08-30,63,7.0641,31.3939
2011-06-02,2011-08-31,63,7.6241,34.1648
2011-06-03,2011-09-01,63,6.8466,30.3293
2011-06-07,2011-09-02,63,6.8101,30.1514
2011-06-08,2011-09-05,63,6.9751,30.9578
2011-06-09,2011-09-06,63,7.6999,34.5429
2011-06-10,2011-09-07,63,7.1409,31.7713
2011-06-13,2011-09-08,63,7.184,31.9835
2011-06-14,2011-09-09,63,7.2119,32.1208
2011-06-15,2011-09-13,63,6.1916,27.1629
2011-06-16,2011-09-14,63,7.0851,31.4969
2011-06-17,2011-09-15,63,7.1494,31.8133
2011-06-20,2011-09-16,63,6.5008,28.6506
2011-06-21,2011-09-19,63,6.5777,29.0223
2011-06-22,2011-09-20,63,6.0808,26.6332
2011-06-23,2011-09-21,63,6.5723,28.9961
2011-06-24,2011-09-22,63,4.8926,21.054
2011-06-27,2011-09-23,63,4.2924,18.3069
2011-06-28,2011-09-26,63,2.2593,9.3482
2011-06-29,2011-09-27,63,2.3711,9.8271
2011-06-30,2011-09-28,63,1.6281,6.6731
2011-07-01,2011-09-29,63,0.3284,1.32
2011-07-04,2011-09-30,63,0.0061,0.0245
2011-07-05,2011-10-10,63,0.1121,0.4492
2011-07-06,2011-10-11,63,-0.3898,-1.5499
2011-07-07,2011-10-12,63,0.1233,0.4943
2011-07-08,2011-10-13,63,0.7174,2.9004
2011-07-11,2011-10-14,63,0.1721,0.69
2011-07-12,2011-10-17,63,0.615,2.4826
2011-07-13,2011-10-18,63,-1.3507,-5.2944
2011-07-14,2011-10-19,63,-2.3034,-8.9002
2011-07-15,2011-10-20,63,-3.8183,-14.4205
2011-07-18,2011-10-21,63,-4.3091,-16.1539
2011-07-19,2011-10-24,63,-3.2943,-12.5404
2011-07-20,2011-10-25,63,-2.463,-9.4939
2011-07-21,2011-10-26,63,-0.9821,-3.8708
2011-07-22,2011-10-27,63,-0.8349,-3.298
2011-07-25,2011-10-28,63,0.4255,1.7131
2011-07-26,2011-10-31,63,0.4831,1.9464
2011-07-27,2011-11-01,63,-0.1934,-0.7713
2011-07-28,2011-11-02,63,0.8071,3.2679
2011-07-29,2011-11-03,63,0.9438,3.8291
2011-08-01,2011-11-04,63,1.2347,5.0312
2011-08-02,2011-11-07,63,1.0442,4.2427
2011-08-03,2011-11-08,63,-0.2285,-0.9108
2011-08-04,2011-11-09,63,0.6254,2.525
2011-08-05,2011-11-10,63,0.8307,3.3645
2011-08-08,2011-11-11,63,1.2998,5.3015
2011-08-09,2011-11-14,63,1.7102,7.0184
2011-08-10,2011-11-15,63,1.2537,5.1097
2011-08-11,2011-11-16,63,-0.6004,-2.3801
2011-08-12,2011-11-17,63,-0.4486,-1.7825
2011-08-15,2011-11-18,63,-2.0963,-8.1253
2011-08-16,2011-11-21,63,-2.4318,-9.3782
2011-08-17,2011-11-22,63,-3.0331,-11.5916
2011-08-18,2011-11-23,63,-2.3835,-9.1987
2011-08-19,2011-11-24,63,-3.1796,-12.1244
2011-08-22,2011-11-25,63,-3.9031,-14.7218
2011-08-23,2011-11-28,63,-4.1246,-15.5053
2011-08-24,2011-11-29,63,-3.1343,-11.9599
2011-08-25,2011-11-30,63,-3.175,-12.108
2011-08-26,2011-12-01,63,-2.9067,-11.1298
2011-08-29,2011-12-02,63,-4.1346,-15.5407
2011-08-30,2011-12-05,63,-4.3741,-16.3815
2011-08-31,2011-12-06,63,-4.8387,-17.9946
2011-09-01,2011-12-07,63,-4.1591,-15.627
2011-09-02,2011-12-08,63,-3.9776,-14.9862
2011-09-05,2011-12-09,63,-4.6039,-17.1823
2011-09-06,2011-12-12,63,-5.1401,-19.0287
2011-09-07,2011-12-13,63,-5.8956,-21.5776
2011-09-08,2011-12-14,63,-6.4136,-23.29
2011-09-09,2011-12-15,63,-7.7634,-27.6209
2011-09-13,2011-12-16,63,-5.3925,-19.8871
2011-09-14,2011-12-19,63,-5.3672,-19.8014
2011-09-15,2011-12-20,63,-5.4338,-20.027
2011-09-16,2011-12-21,63,-5.0785,-18.8182
2011-09-19,2011-12-22,63,-5.5902,-20.5546
2011-09-20,2011-12-23,63,-5.037,-18.6761
2011-09-21,2011-12-26,63,-6.5064,-23.594
2011-09-22,2011-12-27,63,-6.1501,-22.4227
2011-09-23,2011-12-28,63,-5.9836,-21.8706
2011-09-26,2011-12-29,63,-4.9832,-18.4919
2011-09-27,2011-12-30,63,-4.347,-16.2866
2011-09-28,2012-01-04,63,-4.0848,-15.3651
2011-09-29,2012-01-05,63,-3.8667,-14.5924
2011-09-30,2012-01-06,63,-3.9133,-14.7582
2011-10-10,2012-01-09,63,-3.6048,-13.6581
2011-10-11,2012-01-10,63,-2.8952,-11.0874
2011-10-12,2012-01-11,63,-3.4609,-13.1412
2011-10-13,2012-01-12,63,-4.0631,-15.2883
2011-10-14,2012-01-13,63,-5.3106,-19.6093
2011-10-17,2012-01-16,63,-6.5235,-23.6498
2011-10-18,2012-01-17,63,-4.383,-16.4128
2011-10-19,2012-01-18,63,-5.403,-19.9227
2011-10-20,2012-01-19,63,-3.8222,-14.4342
2011-10-21,2012-01-20,63,-3.1935,-12.1752
2011-10-24,2012-01-30,63,-2.766,-10.6134
2011-10-25,2012-01-31,63,-3.3406,-12.7075
2011-10-26,2012-02-01,63,-4.6338,-17.2864
2011-10-27,2012-02-02,63,-4.0743,-15.3279
2011-10-28,2012-02-03,63,-4.2419,-15.9183
2011-10-31,2012-02-06,63,-4.511,-16.8593
2011-11-01,2012-02-07,63,-4.9525,-18.3865
2011-11-02,2012-02-08,63,-4.9115,-18.2454
2011-11-03,2012-02-09,63,-4.8725,-18.1113
2011-11-04,2012-02-10,63,-5.5001,-20.2508
2011-11-07,2012-02-13,63,-5.1721,-19.138
2011-11-08,2012-02-14,63,-5.251,-19.4067
2011-11-09,2012-02-15,63,-5.3648,-19.7933
2011-11-10,2012-02-16,63,-5.1781,-19.1583
2011-11-11,2012-02-17,63,-5.2092,-19.2646
2011-11-14,2012-02-20,63,-5.9329,-21.702
2011-11-15,2012-02-21,63,-5.2297,-19.3344
2011-11-16,2012-02-22,63,-3.7512,-14.1815
2011-11-17,2012-02-23,63,-3.6496,-13.8184
2011-11-18,2012-02-24,63,-2.1481,-8.3197
2011-11-21,2012-02-27,63,-2.1547,-8.3442
2011-11-22,2012-02-28,63,-2.0594,-7.9866
2011-11-23,2012-02-29,63,-2.45,-9.4458
2011-11-24,2012-03-01,63,-3.2121,-12.2426
2011-11-25,2012-03-02,63,-2.4625,-9.4921
2011-11-28,2012-03-05,63,-2.9596,-11.3231
2011-11-29,2012-03-06,63,-3.7796,-14.2828
2011-11-30,2012-03-07,63,-3.1803,-12.1271
2011-12-01,2012-03-08,63,-3.361,-12.7813
2011-12-02,2012-03-09,63,-2.0317,-7.8826
2011-12-05,2012-03-12,63,-0.6559,-2.5981
2011-12-06,2012-03-13,63,-0.2341,-0.9333
2011-12-07,2012-03-14,63,-2.1659,-8.3863
2011-12-08,2012-03-15,63,-3.0654,-11.7094
2011-12-09,2012-03-16,63,-1.4856,-5.8115
2011-12-12,2012-03-19,63,-0.4769,-1.894
2011-12-13,2012-03-20,63,-0.2042,-0.8141
2011-12-14,2012-03-21,63,0.2614,1.0497
2011-12-15,2012-03-22,63,1.672,6.8574
2011-12-16,2012-03-23,63,-0.3517,-1.3993
2011-12-19,2012-03-26,63,-0.5149,-2.0437
2011-12-20,2012-03-27,63,0.0758,0.3034
2011-12-21,2012-03-28,63,-1.1591,-4.5565
2011-12-22,2012-03-29,63,-1.4874,-5.8182
2011-12-23,2012-03-30,63,-1.708,-6.6589
2011-12-26,2012-04-05,63,-1.0771,-4.2391
2011-12-27,2012-04-06,63,0.0707,0.2833
2011-12-28,2012-04-09,63,0.2875,1.1549
2011-12-29,2012-04-10,63,1.3469,5.4972
2011-12-30,2012-04-11,63,0.8416,3.409
2012-01-04,2012-04-12,63,1.4505,5.9293
2012-01-05,2012-04-13,63,3.0684,12.8502
2012-01-06,2012-04-16,63,2.2569,9.338
2012-01-09,2012-04-17,63,1.3714,5.5993
2012-01-10,2012-04-18,63,1.0292,4.1807
2012-01-11,2012-04-19,63,0.548,2.2103
2012-01-12,2012-04-20,63,0.9261,3.7562
2012-01-13,2012-04-23,63,1.1726,4.7737
2012-01-16,2012-04-24,63,2.1843,9.0277
2012-01-17,2012-04-25,63,0.7991,3.2348
2012-01-18,2012-04-26,63,2.4094,9.9914
2012-01-19,2012-04-27,63,2.2005,9.0967
2012-01-20,2012-05-02,63,2.0355,8.394
2012-01-30,2012-05-03,63,0.9354,3.7943
2012-01-31,2012-05-04,63,1.3587,5.5468
2012-02-01,2012-05-07,63,2.1486,8.8755
2012-02-02,2012-05-08,63,1.1764,4.7892
2012-02-03,2012-05-09,63,-0.5193,-2.061
2012-02-06,2012-05-10,63,-0.107,-0.4273
2012-02-07,2012-05-11,63,0.0541,0.2164
2012-02-08,2012-05-14,63,-1.1213,-4.4104
2012-02-09,2012-05-15,63,-1.4339,-5.6134
2012-02-10,2012-05-16,63,-2.0598,-7.9881
2012-02-13,2012-05-17,63,-2.0706,-8.0286
2012-02-14,2012-05-18,63,-1.8347,-7.1392
2012-02-15,2012-05-21,63,-2.1244,-8.2307
2012-02-16,2012-05-22,63,-1.7556,-6.8397
2012-02-17,2012-05-23,63,-2.2105,-8.5531
2012-02-20,2012-05-24,63,-2.2669,-8.7638
2012-02-21,2012-05-25,63,-3.2252,-12.2901
2012-02-22,2012-05-28,63,-3.6616,-13.8615
2012-02-23,2012-05-29,63,-3.4413,-13.0708
2012-02-24,2012-05-30,63,-3.7619,-14.2198
2012-02-27,2012-05-31,63,-3.1641,-12.0681
2012-02-28,2012-06-01,63,-2.8479,-10.9141
2012-02-29,2012-06-04,63,-2.2996,-8.8859
2012-03-01,2012-06-05,63,-1.7077,-6.6577
2012-03-02,2012-06-06,63,-2.0951,-8.1206
2012-03-05,2012-06-07,63,-2.2768,-8.8009
2012-03-06,2012-06-08,63,-2.4895,-9.5923
2012-03-07,2012-06-11,63,-1.0163,-4.0038
2012-03-08,2012-06-12,63,-1.7336,-6.7561
2012-03-09,2012-06-13,63,-1.7728,-6.9047
2012-03-12,2012-06-14,63,-2.1514,-8.3317
2012-03-13,2012-06-15,63,-2.1515,-8.3324
2012-03-14,2012-06-18,63,-0.3793,-1.5087
2012-03-15,2012-06-19,63,0.2109,0.8461
2012-03-16,2012-06-20,63,-0.7764,-3.0696
2012-03-19,2012-06-21,63,-1.7761,-6.9175
2012-03-20,2012-06-25,63,-1.8336,-7.1351
2012-03-21,2012-06-26,63,-1.7431,-6.7921
2012-03-22,2012-06-27,63,-1.759,-6.8527
2012-03-23,2012-06-28,63,-1.469,-5.7479
2012-03-26,2012-06-29,63,-1.2371,-4.8575
2012-03-27,2012-07-02,63,-0.7836,-3.0979
2012-03-28,2012-07-03,63,1.1607,4.7241
2012-03-29,2012-07-04,63,1.8577,7.6403
2012-03-30,2012-07-05,63,1.5305,6.2639
2012-04-05,2012-07-06,63,1.5358,6.2861
2012-04-06,2012-07-09,63,0.4787,1.9285
2012-04-09,2012-07-10,63,0.4989,2.0104
2012-04-10,2012-07-11,63,0.2549,1.0235
2012-04-11,2012-07-12,63,0.4866,1.9606
2012-04-12,2012-07-13,63,-0.1964,-0.7834
2012-04-13,2012-07-16,63,-1.6523,-6.447
2012-04-16,2012-07-17,63,-0.8162,-3.225
2012-04-17,2012-07-18,63,-0.615,-2.4374
2012-04-18,2012-07-19,63,-1.0307,-4.0594
2012-04-19,2012-07-20,63,-0.9688,-3.8192
2012-04-20,2012-07-23,63,-1.2694,-4.9816
2012-04-23,2012-07-24,63,0.1912,0.767
2012-04-24,2012-07-25,63,0.7313,2.9573
2012-04-25,2012-07-26,63,0.9531,3.8672
2012-04-26,2012-07-27,63,1.0379,4.2166
2012-04-27,2012-07-30,63,0.1568,0.6288
2012-05-02,2012-07-31,63,-0.4766,-1.8928
2012-05-03,2012-08-01,63,-0.1722,-0.6868
2012-05-04,2012-08-02,63,-0.695,-2.7511
2012-05-07,2012-08-03,63,-0.8131,-3.2131
2012-05-08,2012-08-06,63,0.2172,0.8718
2012-05-09,2012-08-07,63,1.4886,6.0886
2012-05-10,2012-08-08,63,0.8801,3.5672
2012-05-11,2012-08-09,63,1.9018,7.827
2012-05-14,2012-08-10,63,1.9794,8.1559
2012-05-15,2012-08-13,63,1.9159,7.8868
2012-05-16,2012-08-14,63,2.8401,11.8536
2012-05-17,2012-08-15,63,1.7929,7.3666
2012-05-18,2012-08-16,63,1.5855,6.4943
2012-05-21,2012-08-17,63,1.4813,6.0582
2012-05-22,2012-08-20,63,1.639,6.7188
2012-05-23,2012-08-21,63,2.8439,11.8701
2012-05-24,2012-08-22,63,2.9255,12.2256
2012-05-25,2012-08-23,63,3.8996,16.5349
2012-05-28,2012-08-24,63,2.6799,11.1583
2012-05-29,2012-08-27,63,2.01,8.2855
2012-05-30,2012-08-28,63,2.2009,9.0986
2012-05-31,2012-08-29,63,1.7993,7.3936
2012-06-01,2012-08-30,63,0.8924,3.6176
2012-06-04,2012-08-31,63,0.5233,2.1095
2012-06-05,2012-09-03,63,1.7385,7.1375
2012-06-06,2012-09-04,63,1.6119,6.605
2012-06-07,2012-09-05,63,2.1425,8.8496
2012-06-08,2012-09-06,63,3.3466,14.0734
2012-06-11,2012-09-07,63,2.6606,11.0746
2012-06-12,2012-09-10,63,3.508,14.7877
2012-06-13,2012-09-11,63,2.7161,11.315
2012-06-14,2012-09-12,63,2.8599,11.9398
2012-06-15,2012-09-13,63,2.1265,8.7813
2012-06-18,2012-09-14,63,2.4064,9.9786
2012-06-19,2012-09-17,63,1.6862,6.9172
2012-06-20,2012-09-18,63,1.6133,6.611
2012-06-21,2012-09-19,63,2.6191,10.8954
2012-06-25,2012-09-20,63,2.6607,11.0753
2012-06-26,2012-09-21,63,2.26,9.3511
2012-06-27,2012-09-24,63,2.0772,8.5714
2012-06-28,2012-09-25,63,2.0259,8.3533
2012-06-29,2012-09-26,63,0.871,3.5299
2012-07-02,2012-09-27,63,0.6014,2.4272
2012-07-03,2012-09-28,63,1.0334,4.1982
2012-07-04,2012-10-08,63,0.7683,3.1088
2012-07-05,2012-10-09,63,2.0098,8.2848
2012-07-06,2012-10-10,63,1.98,8.1581
2012-07-09,2012-10-11,63,2.4476,10.1556
2012-07-10,2012-10-12,63,2.6442,11.0037
2012-07-11,2012-10-15,63,1.8645,7.6691
2012-07-12,2012-10-16,63,1.5543,6.3637
2012-07-13,2012-10-17,63,1.9096,7.8598
2012-07-16,2012-10-18,63,3.3165,13.9408
2012-07-17,2012-10-19,63,2.7893,11.6328
2012-07-18,2012-10-22,63,2.8565,11.9248
2012-07-19,2012-10-23,63,2.127,8.7831
2012-07-20,2012-10-24,63,1.8782,7.7269
2012-07-23,2012-10-25,63,1.7121,7.0263
2012-07-24,2012-10-26,63,0.9846,3.997
2012-07-25,2012-10-29,63,1.1341,4.614
2012-07-26,2012-10-30,63,0.7895,3.1958
2012-07-27,2012-10-31,63,0.7822,3.1655
2012-07-30,2012-11-01,63,2.1085,8.7043
2012-07-31,2012-11-02,63,2.1331,8.8095
2012-08-01,2012-11-05,63,1.0271,4.1722
2012-08-02,2012-11-06,63,1.2327,5.0226
2012-08-03,2012-11-07,63,1.2119,4.9366
2012-08-06,2012-11-08,63,-0.219,-0.8732
2012-08-07,2012-11-09,63,-0.2752,-1.0961
2012-08-08,2012-11-12,63,0.0816,0.3267
2012-08-09,2012-11-13,63,-0.9902,-3.9025
2012-08-10,2012-11-14,63,-0.9312,-3.6732
2012-08-13,2012-11-15,63,-0.9043,-3.5686
2012-08-14,2012-11-16,63,-1.2911,-5.0651
2012-08-15,2012-11-19,63,-0.6569,-2.6018
2012-08-16,2012-11-20,63,-0.3755,-1.4936
2012-08-17,2012-11-21,63,-0.5889,-2.3349
2012-08-20,2012-11-22,63,-1.0839,-4.2657
2012-08-21,2012-11-23,63,-1.6619,-6.4837
2012-08-22,2012-11-26,63,-2.0262,-7.8619
2012-08-23,2012-11-27,63,-3.396,-12.9077
2012-08-24,2012-11-28,63,-3.2889,-12.5208
2012-08-27,2012-11-29,63,-3.5804,-13.5707
2012-08-28,2012-11-30,63,-3.2382,-12.3369
2012-08-29,2012-12-03,63,-3.9952,-15.0482
2012-08-30,2012-12-04,63,-3.1958,-12.1832
2012-08-31,2012-12-05,63,-2.3563,-9.0974
2012-09-03,2012-12-06,63,-3.5615,-13.5029
2012-09-04,2012-12-07,63,-2.9218,-11.1848
2012-09-05,2012-12-10,63,-2.7773,-10.6548
2012-09-06,2012-12-11,63,-3.366,-12.7993
2012-09-07,2012-12-12,63,-3.7166,-14.0579
2012-09-10,2012-12-13,63,-4.8782,-18.1307
2012-09-11,2012-12-14,63,-4.0124,-15.1093
2012-09-12,2012-12-17,63,-4.366,-16.3532
2012-09-13,2012-12-18,63,-3.7635,-14.2252
2012-09-14,2012-12-19,63,-4.3866,-16.4254
2012-09-17,2012-12-20,63,-3.5812,-13.5734
2012-09-18,2012-12-21,63,-3.3975,-12.9128
2012-09-19,2012-12-24,63,-3.171,-12.0935
2012-09-20,2012-12-25,63,-1.8362,-7.145
2012-09-21,2012-12-26,63,-0.8449,-3.3372
2012-09-24,2012-12-27,63,-0.8906,-3.515
2012-09-25,2012-12-28,63,-0.2589,-1.0316
2012-09-26,2013-01-04,63,0.3067,1.2326
2012-09-27,2013-01-07,63,0.3229,1.298
2012-09-28,2013-01-08,63,-0.0899,-0.3592
2012-10-08,2013-01-09,63,0.3704,1.4898
2012-10-09,2013-01-10,63,-0.2851,-1.1356
2012-10-10,2013-01-11,63,-0.6119,-2.4252
2012-10-11,2013-01-14,63,0.6908,2.792
2012-10-12,2013-01-15,63,1.4498,5.9265
2012-10-15,2013-01-16,63,2.1418,8.8462
2012-10-16,2013-01-17,63,1.7573,7.2167
2012-10-17,2013-01-18,63,2.3325,9.6616
2012-10-18,2013-01-21,63,2.0808,8.5867
2012-10-19,2013-01-22,63,1.8099,7.4387
2012-10-22,2013-01-23,63,1.8073,7.4275
2012-10-23,2013-01-24,63,1.3819,5.6433
2012-10-24,2013-01-25,63,1.7413,7.1494
2012-10-25,2013-01-28,63,2.78,11.5925
2012-10-26,2013-01-29,63,3.7629,15.9225
2012-10-29,2013-01-30,63,3.2049,13.4491
2012-10-30,2013-01-31,63,3.015,12.6166
2012-10-31,2013-02-01,63,2.9731,12.4335
2012-11-01,2013-02-04,63,1.97,8.1158
2012-11-02,2013-02-05,63,2.716,11.3149
2012-11-05,2013-02-06,63,3.7768,15.9848
2012-11-06,2013-02-07,63,4.3226,18.4443
2012-11-07,2013-02-08,63,4.3709,18.6635
2012-11-08,2013-02-18,63,4.7194,20.2567
2012-11-09,2013-02-19,63,4.0288,17.1155
2012-11-12,2013-02-20,63,4.9967,21.5355
2012-11-13,2013-02-21,63,4.5734,19.5874
2012-11-14,2013-02-22,63,4.8464,20.8411
2012-11-15,2013-02-25,63,5.8283,25.4317
2012-11-16,2013-02-26,63,5.9947,26.2223
2012-11-19,2013-02-27,63,5.8581,25.5732
2012-11-20,2013-02-28,63,6.1991,27.199
2012-11-21,2013-03-01,63,6.8073,30.1378
2012-11-22,2013-03-04,63,6.2995,27.6807
2012-11-23,2013-03-05,63,7.2724,32.4196
2012-11-26,2013-03-06,63,8.228,37.2013
2012-11-27,2013-03-07,63,8.547,38.826
2012-11-28,2013-03-08,63,8.6411,39.308
2012-11-29,2013-03-11,63,9.4473,43.4893
2012-11-30,2013-03-12,63,8.1298,36.7043
2012-12-03,2013-03-13,63,9.1105,41.7316
2012-12-04,2013-03-14,63,9.0569,41.4531
2012-12-05,2013-03-15,63,7.8717,35.4037
2012-12-06,2013-03-18,63,8.0246,36.173
2012-12-07,2013-03-19,63,6.877,30.478
2012-12-10,2013-03-20,63,7.3533,32.8196
2012-12-11,2013-03-21,63,8.1787,36.9516
2012-12-12,2013-03-22,63,8.2047,37.0835
2012-12-13,2013-03-25,63,8.7765,40.0042
2012-12-14,2013-03-26,63,7.1906,32.0163
2012-12-17,2013-03-27,63,7.7649,34.8684
2012-12-18,2013-03-28,63,7.2757,32.4359
2012-12-19,2013-03-29,63,7.1864,31.9954
2012-12-20,2013-04-01,63,7.314,32.6252
2012-12-21,2013-04-02,63,6.0324,26.4023
2012-12-24,2013-04-03,63,4.3626,18.6259
2012-12-25,2013-04-08,63,4.7228,20.2722
2012-12-26,2013-04-09,63,4.3296,18.4759
2012-12-27,2013-04-10,63,4.3983,18.7884
2012-12-28,2013-04-11,63,3.4318,14.4503
2013-01-04,2013-04-12,63,3.6618,15.4718
2013-01-07,2013-04-15,63,1.5044,6.1546
2013-01-08,2013-04-16,63,-0.3045,-1.2123
2013-01-09,2013-04-17,63,0.1083,0.4338
2013-01-10,2013-04-18,63,0.133,0.533
2013-01-11,2013-04-19,63,1.4737,6.0265
2013-01-14,2013-04-22,63,1.1894,4.843
2013-01-15,2013-04-23,63,-0.2114,-0.8428
2013-01-16,2013-04-24,63,0.9714,3.9426
2013-01-17,2013-04-25,63,0.9109,3.6938
2013-01-18,2013-04-26,63,0.0569,0.2279
2013-01-21,2013-05-02,63,0.269,1.0802
2013-01-22,2013-05-03,63,1.9809,8.162
2013-01-23,2013-05-06,63,2.4063,9.9784
2013-01-24,2013-05-07,63,3.1109,13.0365
2013-01-25,2013-05-08,63,3.7698,15.9536
2013-01-28,2013-05-09,63,3.5526,14.9855
2013-01-29,2013-05-10,63,3.0228,12.6505
2013-01-30,2013-05-13,63,3.0766,12.886
2013-01-31,2013-05-14,63,2.7393,11.4159
2013-02-01,2013-05-15,63,3.4758,14.6452
2013-02-04,2013-05-16,63,3.4549,14.5526
2013-02-05,2013-05-17,63,3.1929,13.3963
2013-02-06,2013-05-20,63,3.3085,13.9052
2013-02-07,2013-05-21,63,4.0785,17.3394
2013-02-08,2013-05-22,63,2.3373,9.6822
2013-02-18,2013-05-23,63,2.4694,10.2493
2013-02-19,2013-05-24,63,4.1675,17.7415
2013-02-20,2013-05-27,63,3.5586,15.0122
2013-02-21,2013-05-28,63,3.554,14.9918
2013-02-22,2013-05-29,63,3.4731,14.6331
2013-02-25,2013-05-30,63,3.435,14.4644
2013-02-26,2013-05-31,63,3.6719,15.5164
2013-02-27,2013-06-03,63,2.7007,11.2484
2013-02-28,2013-06-04,63,1.541,6.3078
2013-03-01,2013-06-05,63,1.2041,4.904
2013-03-04,2013-06-06,63,1.5308,6.2653
2013-03-05,2013-06-07,63,1.0929,4.4439
2013-03-06,2013-06-13,63,0.3929,1.581
2013-03-07,2013-06-14,63,2.1986,9.0888
2013-03-08,2013-06-17,63,2.954,12.3501
2013-03-11,2013-06-18,63,2.5521,10.6058
2013-03-12,2013-06-19,63,3.3975,14.2986
2013-03-13,2013-06-20,63,1.751,7.1902
2013-03-14,2013-06-21,63,0.988,4.0111
2013-03-15,2013-06-24,63,-1.4341,-5.6142
2013-03-18,2013-06-25,63,-0.9085,-3.5849
2013-03-19,2013-06-26,63,0.4051,1.6304
2013-03-20,2013-06-27,63,-1.0192,-4.0149
2013-03-21,2013-06-28,63,-2.3435,-9.0496
2013-03-22,2013-07-01,63,-0.4229,-1.6808
2013-03-25,2013-07-02,63,0.5914,2.3866
2013-03-26,2013-07-03,63,1.2611,5.1407
2013-03-27,2013-07-04,63,0.7422,3.0021
2013-03-28,2013-07-05,63,0.1111,0.445
2013-03-29,2013-07-08,63,-0.9404,-3.7088
2013-04-01,2013-07-09,63,-0.1242,-0.4959
2013-04-02,2013-07-10,63,1.3717,5.6009
2013-04-03,2013-07-11,63,3.1893,13.3805
2013-04-08,2013-07-12,63,2.5565,10.6248
2013-04-09,2013-07-15,63,3.685,15.5748
2013-04-10,2013-07-16,63,4.0915,17.3979
2013-04-11,2013-07-17,63,4.2463,18.0981
2013-04-12,2013-07-18,63,4.0198,17.0752
2013-04-15,2013-07-19,63,5.2962,22.9278
2013-04-16,2013-07-22,63,8.309,37.6127
2013-04-17,2013-07-23,63,8.4702,38.4338
2013-04-18,2013-07-24,63,9.0256,41.2907
2013-04-19,2013-07-25,63,5.9332,25.9296
2013-04-22,2013-07-26,63,5.4416,23.6082
2013-04-23,2013-07-29,63,5.3501,23.1799
2013-04-24,2013-07-30,63,3.7409,15.8244
2013-04-25,2013-07-31,63,4.582,19.6267
2013-04-26,2013-08-01,63,6.0107,26.2987
2013-05-02,2013-08-02,63,4.939,21.2682
2013-05-03,2013-08-05,63,4.5413,19.4404
2013-05-06,2013-08-06,63,3.9013,16.5424
2013-05-07,2013-08-07,63,3.0917,12.9523
2013-05-08,2013-08-08,63,2.7942,11.654
2013-05-09,2013-08-09,63,2.1845,9.0287
2013-05-10,2013-08-12,63,2.5137,10.4402
2013-05-13,2013-08-13,63,3.2085,13.4649
2013-05-14,2013-08-14,63,3.5799,15.1069
2013-05-15,2013-08-15,63,2.9047,12.1348
2013-05-16,2013-08-16,63,2.7887,11.6301
2013-05-17,2013-08-19,63,3.8825,16.4582
2013-05-20,2013-08-20,63,3.422,14.4069
2013-05-21,2013-08-21,63,2.2584,9.3443
2013-05-22,2013-08-22,63,3.5124,14.8072
2013-05-23,2013-08-23,63,4.4208,18.8908
2013-05-24,2013-08-26,63,4.1579,17.6981
2013-05-27,2013-08-27,63,4.0015,16.9924
2013-05-28,2013-08-28,63,4.8246,20.7405
2013-05-29,2013-08-29,63,4.3883,18.7429
2013-05-30,2013-08-30,63,2.7506,11.4648
2013-05-31,2013-09-02,63,3.0666,12.8424
2013-06-03,2013-09-03,63,4.477,19.147
2013-06-04,2013-09-04,63,5.4757,23.7685
2013-06-05,2013-09-05,63,5.6231,24.4617
2013-06-06,2013-09-06,63,6.2255,27.3254
2013-06-07,2013-09-09,63,5.8327,25.4527
2013-06-13,2013-09-10,63,5.7181,24.9101
2013-06-14,2013-09-11,63,3.5008,14.7557
2013-06-17,2013-09-12,63,2.9216,12.2088
2013-06-18,2013-09-13,63,3.3176,13.9454
2013-06-19,2013-09-16,63,4.3084,18.3799
2013-06-20,2013-09-17,63,5.7075,24.8598
2013-06-21,2013-09-18,63,6.6668,29.4546
2013-06-24,2013-09-23,63,10.1601,47.2641
2013-06-25,2013-09-24,63,9.6148,44.37
2013-06-26,2013-09-25,63,8.4781,38.4741
2013-06-27,2013-09-26,63,8.7354,39.7925
2013-06-28,2013-09-27,63,10.118,47.0392
2013-07-01,2013-09-30,63,9.1885,42.1369
2013-07-02,2013-10-08,63,8.33,37.7193
2013-07-03,2013-10-09,63,8.4578,38.3705
2013-07-04,2013-10-10,63,7.6984,34.5357
2013-07-05,2013-10-11,63,8.5939,39.0661
2013-07-08,2013-10-14,63,10.0592,46.7254
2013-07-09,2013-10-15,63,8.4691,38.4278
2013-07-10,2013-10-16,63,7.087,31.5062
2013-07-11,2013-10-17,63,5.4442,23.6205
2013-07-12,2013-10-18,63,6.6907,29.5705
2013-07-15,2013-10-21,63,6.4147,28.2351
2013-07-16,2013-10-22,63,5.1946,22.4542
2013-07-17,2013-10-23,63,4.8907,21.0451
2013-07-18,2013-10-24,63,4.9229,21.1938
2013-07-19,2013-10-25,63,4.3296,18.476
2013-07-22,2013-10-28,63,3.1747,13.3163
2013-07-23,2013-10-29,63,2.0808,8.5867
2013-07-24,2013-10-30,63,1.5387,6.2984
2013-07-25,2013-10-31,63,2.0886,8.6199
2013-07-26,2013-11-01,63,1.3055,5.3253
2013-07-29,2013-11-04,63,2.0457,8.4373
2013-07-30,2013-11-05,63,3.1751,13.3183
2013-07-31,2013-11-06,63,2.2616,9.3581
2013-08-01,2013-11-07,63,0.9363,3.798
2013-08-02,2013-11-08,63,1.1025,4.4833
2013-08-05,2013-11-11,63,-0.077,-0.3076
2013-08-06,2013-11-12,63,0.3118,1.2532
2013-08-07,2013-11-13,63,0.8284,3.3548
2013-08-08,2013-11-14,63,1.4047,5.7384
2013-08-09,2013-11-15,63,1.8556,7.6315
2013-08-12,2013-11-18,63,2.1743,8.9851
2013-08-13,2013-11-19,63,1.6473,6.7537
2013-08-14,2013-11-20,63,1.8963,7.8035
2013-08-15,2013-11-21,63,1.338,5.4603
2013-08-16,2013-11-22,63,1.7799,7.3119
2013-08-19,2013-11-25,63,0.2991,1.2016
2013-08-20,2013-11-26,63,0.841,3.4067
2013-08-21,2013-11-27,63,1.2111,4.933
2013-08-22,2013-11-28,63,0.9646,3.9144
2013-08-23,2013-11-29,63,0.9015,3.655
2013-08-26,2013-12-02,63,-1.998,-7.7558
2013-08-27,2013-12-03,63,-2.6344,-10.1284
2013-08-28,2013-12-04,63,-2.8927,-11.0784
2013-08-29,2013-12-05,63,-3.1214,-11.913
2013-08-30,2013-12-06,63,-2.2775,-8.8036
2013-09-02,2013-12-09,63,-1.8892,-7.3454
2013-09-03,2013-12-10,63,-2.2936,-8.8636
2013-09-04,2013-12-11,63,-2.1508,-8.3297
2013-09-05,2013-12-12,63,-1.8356,-7.1427
2013-09-06,2013-12-13,63,-2.4328,-9.3817
2013-09-09,2013-12-16,63,-2.4116,-9.303
2013-09-10,2013-12-17,63,-2.0643,-8.0052
2013-09-11,2013-12-18,63,-1.46,-5.7133
2013-09-12,2013-12-19,63,-1.2691,-4.9806
2013-09-13,2013-12-20,63,-1.9985,-7.7574
2013-09-16,2013-12-23,63,-2.6482,-10.1795
2013-09-17,2013-12-24,63,-2.1191,-8.2108
2013-09-18,2013-12-25,63,-1.5838,-6.1864
2013-09-23,2013-12-26,63,-2.9945,-11.4506
2013-09-24,2013-12-27,63,-2.3181,-8.9548
2013-09-25,2013-12-30,63,-2.1787,-8.4343
2013-09-26,2014-01-02,63,-1.1454,-4.5035
2013-09-27,2014-01-03,63,-0.9208,-3.6326
2013-09-30,2014-01-06,63,-2.5081,-9.6613
2013-10-08,2014-01-07,63,-2.1136,-8.1902
2013-10-09,2014-01-08,63,-1.832,-7.129
2013-10-10,2014-01-09,63,-1.3821,-5.415
2013-10-11,2014-01-10,63,-1.5277,-5.9722
2013-10-14,2014-01-13,63,-1.0928,-4.3001
2013-10-15,2014-01-14,63,-0.2143,-0.8544
2013-10-16,2014-01-15,63,0.5488,2.2133
2013-10-17,2014-01-16,63,0.6782,2.7405
2013-10-18,2014-01-17,63,-0.5955,-2.361
2013-10-21,2014-01-20,63,-1.7002,-6.6293
2013-10-22,2014-01-21,63,-0.1448,-0.5779
2013-10-23,2014-01-22,63,0.5484,2.2117
2013-10-24,2014-01-23,63,1.2903,5.2618
2013-10-25,2014-01-24,63,2.7628,11.5176
2013-10-28,2014-01-27,63,2.4556,10.1901
2013-10-29,2014-01-28,63,2.494,10.3554
2013-10-30,2014-01-29,63,2.7632,11.5194
2013-10-31,2014-01-30,63,3.8132,16.1477
2013-11-01,2014-02-07,63,5.0191,21.6392
2013-11-04,2014-02-10,63,5.6309,24.4985
2013-11-05,2014-02-11,63,4.4626,19.0814
2013-11-06,2014-02-12,63,5.1939,22.4509
2013-11-07,2014-02-13,63,4.5135,19.3133
2013-11-08,2014-02-14,63,5.9342,25.9345
2013-11-11,2014-02-17,63,7.5576,33.8335
2013-11-12,2014-02-18,63,6.8456,30.3249
2013-11-13,2014-02-19,63,7.3862,32.9824
2013-11-14,2014-02-20,63,5.6669,24.6681
2013-11-15,2014-02-21,63,5.363,23.2403
2013-11-18,2014-02-24,63,5.4472,23.6347
2013-11-19,2014-02-25,63,4.4954,19.2308
2013-11-20,2014-02-26,63,4.4872,19.1935
2013-11-21,2014-02-27,63,3.7472,15.8526
2013-11-22,2014-02-28,63,4.2765,18.2349
2013-11-25,2014-03-03,63,5.489,23.8307
2013-11-26,2014-03-04,63,4.8197,20.718
2013-11-27,2014-03-05,63,4.1892,17.8393
2013-11-28,2014-03-06,63,4.0774,17.3345
2013-11-29,2014-03-07,63,3.7036,15.6578
2013-12-02,2014-03-10,63,4.4626,19.0811
2013-12-03,2014-03-11,63,4.8452,20.8353
2013-12-04,2014-03-12,63,5.6412,24.5469
2013-12-05,2014-03-13,63,7.2341,32.2307
2013-12-06,2014-03-14,63,7.2444,32.2815
2013-12-09,2014-03-17,63,7.4916,33.5051
2013-12-10,2014-03-18,63,7.1914,32.02
2013-12-11,2014-03-19,63,6.2566,27.4744
2013-12-12,2014-03-20,63,4.3778,18.6953
2013-12-13,2014-03-21,63,5.0046,21.5721
2013-12-16,2014-03-24,63,4.283,18.2644
2013-12-17,2014-03-25,63,4.019,17.0713
2013-12-18,2014-03-26,63,4.9922,21.5144
2013-12-19,2014-03-27,63,4.0366,17.1507
2013-12-20,2014-03-28,63,3.9284,16.664
2013-12-23,2014-03-31,63,3.8475,16.3014
2013-12-24,2014-04-01,63,3.9938,16.9578
2013-12-25,2014-04-02,63,2.7019,11.2537
2013-12-26,2014-04-03,63,3.2425,13.6146
2013-12-27,2014-04-04,63,2.7863,11.6197
2013-12-30,2014-04-08,63,3.1854,13.3635
2014-01-02,2014-04-09,63,2.7084,11.2819
2014-01-03,2014-04-10,63,2.4339,10.097
2014-01-06,2014-04-11,63,2.6798,11.1578
2014-01-07,2014-04-14,63,2.529,10.5064
2014-01-08,2014-04-15,63,1.5341,6.2792
2014-01-09,2014-04-16,63,1.5393,6.301
2014-01-10,2014-04-17,63,1.976,8.1414
2014-01-13,2014-04-18,63,1.6629,6.8195
2014-01-14,2014-04-21,63,0.52,2.0965
2014-01-15,2014-04-22,63,0.158,0.6336
2014-01-16,2014-04-23,63,0.2163,0.868
2014-01-17,2014-04-24,63,0.0548,0.2193
2014-01-20,2014-04-25,63,-0.0749,-0.2994
2014-01-21,2014-04-28,63,-0.864,-3.4116
2014-01-22,2014-04-29,63,-1.0456,-4.1171
2014-01-23,2014-04-30,63,-1.1051,-4.3477
2014-01-24,2014-05-05,63,-1.2409,-4.8718
2014-01-27,2014-05-06,63,-0.9098,-3.5898
2014-01-28,2014-05-07,63,-1.1383,-4.4759
2014-01-29,2014-05-08,63,-2.0238,-7.8528
2014-01-30,2014-05-09,63,-2.4438,-9.4226
2014-02-07,2014-05-12,63,-2.7254,-10.4639
2014-02-10,2014-05-13,63,-3.2006,-12.2007
2014-02-11,2014-05-14,63,-2.953,-11.2991
2014-02-12,2014-05-15,63,-3.4616,-13.1441
2014-02-13,2014-05-16,63,-3.3554,-12.7609
2014-02-14,2014-05-19,63,-3.9937,-15.0431
2014-02-17,2014-05-20,63,-4.8374,-17.9902
2014-02-18,2014-05-21,63,-4.208,-15.7992
2014-02-19,2014-05-22,63,-3.9772,-14.9847
2014-02-20,2014-05-23,63,-3.0609,-11.6929
2014-02-21,2014-05-26,63,-2.8527,-10.9319
2014-02-24,2014-05-27,63,-3.7057,-14.0189
2014-02-25,2014-05-28,63,-2.6888,-10.3293
2014-02-26,2014-05-29,63,-3.4681,-13.1674
2014-02-27,2014-05-30,63,-2.2087,-8.5464
2014-02-28,2014-06-03,63,-2.766,-10.6135
2014-03-03,2014-06-04,63,-3.4659,-13.1592
2014-03-04,2014-06-05,63,-2.6957,-10.3547
2014-03-05,2014-06-06,63,-2.5467,-9.8043
2014-03-06,2014-06-09,63,-2.9459,-11.2732
2014-03-07,2014-06-10,63,-2.7326,-10.4906
2014-03-10,2014-06-11,63,-1.0755,-4.2333
2014-03-11,2014-06-12,63,-1.1862,-4.661
2014-03-12,2014-06-13,63,-1.0263,-4.0424
2014-03-13,2014-06-16,63,-1.4979,-5.8584
2014-03-14,2014-06-17,63,-2.0506,-7.9536
2014-03-17,2014-06-18,63,-3.2242,-12.2863
2014-03-18,2014-06-19,63,-3.4634,-13.1503
2014-03-19,2014-06-20,63,-2.2308,-8.6289
2014-03-20,2014-06-23,63,-0.5862,-2.3244
2014-03-21,2014-06-24,63,-0.5315,-2.109
2014-03-24,2014-06-25,63,-0.2677,-1.0665
2014-03-25,2014-06-26,63,0.4812,1.9387
2014-03-26,2014-06-27,63,0.1643,0.6587
2014-03-27,2014-06-30,63,1.4285,5.8378
2014-03-28,2014-07-01,63,2.477,10.2822
2014-03-31,2014-07-02,63,2.7837,11.6085
2014-04-01,2014-07-03,63,2.3675,9.8117
2014-04-02,2014-07-04,63,2.6655,11.0959
2014-04-03,2014-07-07,63,1.986,8.1839
2014-04-04,2014-07-08,63,2.1022,8.6777
2014-04-08,2014-07-09,63,1.256,5.1195
2014-04-09,2014-07-10,63,0.5751,2.3202
2014-04-10,2014-07-11,63,0.4225,1.7008
2014-04-11,2014-07-14,63,0.5239,2.1121
2014-04-14,2014-07-15,63,-0.5093,-2.0218
2014-04-15,2014-07-16,63,-0.7941,-3.1388
2014-04-16,2014-07-17,63,-0.3392,-1.35
2014-04-17,2014-07-18,63,-0.3643,-1.4492
2014-04-18,2014-07-21,63,-0.4665,-1.8529
2014-04-21,2014-07-22,63,0.2468,0.9909
2014-04-22,2014-07-23,63,-0.0853,-0.3408
2014-04-23,2014-07-24,63,-0.4131,-1.6423
2014-04-24,2014-07-25,63,-0.1602,-0.6393
2014-04-25,2014-07-28,63,0.959,3.8917
2014-04-28,2014-07-29,63,1.6852,6.9132
2014-04-29,2014-07-30,63,1.7983,7.3894
2014-04-30,2014-07-31,63,1.3788,5.6304
2014-05-05,2014-08-01,63,0.1341,0.5376
2014-05-06,2014-08-04,63,0.0257,0.1027
2014-05-07,2014-08-05,63,1.1243,4.5735
2014-05-08,2014-08-06,63,1.7658,7.2523
2014-05-09,2014-08-07,63,2.4212,10.0421
2014-05-12,2014-08-08,63,2.5512,10.6022
2014-05-13,2014-08-11,63,2.7087,11.2831
2014-05-14,2014-08-12,63,2.6354,10.9658
2014-05-15,2014-08-13,63,2.8329,11.8223
2014-05-16,2014-08-14,63,3.5595,15.0163
2014-05-19,2014-08-15,63,3.6625,15.4744
2014-05-20,2014-08-18,63,3.9054,16.5608
2014-05-21,2014-08-19,63,3.6426,15.386
2014-05-22,2014-08-20,63,3.1115,13.0389
2014-05-23,2014-08-21,63,2.6255,10.923
2014-05-26,2014-08-22,63,2.4494,10.1635
2014-05-27,2014-08-25,63,2.5064,10.4089
2014-05-28,2014-08-26,63,1.8424,7.5759
2014-05-29,2014-08-27,63,2.6928,11.2142
2014-05-30,2014-08-28,63,2.2344,9.2416
2014-06-03,2014-08-29,63,2.8419,11.8616
2014-06-04,2014-09-01,63,3.2661,13.7183
2014-06-05,2014-09-02,63,2.5928,10.7817
2014-06-06,2014-09-03,63,2.5455,10.5775
2014-06-09,2014-09-04,63,3.4506,14.5335
2014-06-10,2014-09-05,63,2.7054,11.2687
2014-06-11,2014-09-09,63,2.1812,9.0144
2014-06-12,2014-09-10,63,2.4926,10.3493
2014-06-13,2014-09-11,63,1.9261,7.9298
2014-06-16,2014-09-12,63,1.4862,6.0788
2014-06-17,2014-09-15,63,2.1338,8.8122
2014-06-18,2014-09-16,63,1.4756,6.0344
2014-06-19,2014-09-17,63,2.2467,9.2942
2014-06-20,2014-09-18,63,1.3385,5.4626
2014-06-23,2014-09-19,63,0.7663,3.1007
2014-06-24,2014-09-22,63,0.1315,0.527
2014-06-25,2014-09-23,63,0.7859,3.1809
2014-06-26,2014-09-24,63,0.7206,2.9138
2014-06-27,2014-09-25,63,0.1564,0.6272
2014-06-30,2014-09-26,63,0.3453,1.3883
2014-07-01,2014-09-29,63,0.2034,0.8161
2014-07-02,2014-09-30,63,0.2713,1.0897
2014-07-03,2014-10-08,63,0.5313,2.142
2014-07-04,2014-10-09,63,0.9454,3.8357
2014-07-07,2014-10-10,63,1.2967,5.2886
2014-07-08,2014-10-13,63,0.9538,3.87
2014-07-09,2014-10-14,63,1.1859,4.8286
2014-07-10,2014-10-15,63,1.4977,6.1266
2014-07-11,2014-10-16,63,1.2652,5.1575
2014-07-14,2014-10-17,63,1.1967,4.8733
2014-07-15,2014-10-20,63,2.2896,9.4778
2014-07-16,2014-10-21,63,2.8339,11.8266
2014-07-17,2014-10-22,63,2.5739,10.6999
2014-07-18,2014-10-23,63,1.9616,8.0805
2014-07-21,2014-10-24,63,1.7257,7.0837
2014-07-22,2014-10-27,63,1.5698,6.4286
2014-07-23,2014-10-28,63,2.893,12.0838
2014-07-24,2014-10-29,63,3.7493,15.8621
2014-07-25,2014-10-30,63,3.007,12.5816
2014-07-28,2014-10-31,63,1.4629,5.9811
2014-07-29,2014-11-03,63,1.0581,4.2999
2014-07-30,2014-11-04,63,0.7653,3.0964
2014-07-31,2014-11-05,63,0.2026,0.8128
2014-08-01,2014-11-06,63,1.2175,4.9596
2014-08-04,2014-11-07,63,0.8095,3.2775
2014-08-05,2014-11-10,63,0.622,2.5114
2014-08-06,2014-11-11,63,-0.8222,-3.2484
2014-08-07,2014-11-12,63,-0.3582,-1.4251
2014-08-08,2014-11-13,63,-1.5999,-6.2476
2014-08-11,2014-11-14,63,-1.9706,-7.6524
2014-08-12,2014-11-17,63,-0.734,-2.9039
2014-08-13,2014-11-18,63,-0.3189,-1.2697
2014-08-14,2014-11-19,63,0.2077,0.8332
2014-08-15,2014-11-20,63,-0.4445,-1.7662
2014-08-18,2014-11-21,63,-0.5084,-2.0179
2014-08-19,2014-11-24,63,-0.3562,-1.4172
2014-08-20,2014-11-25,63,0.4618,1.86
2014-08-21,2014-11-26,63,0.5537,2.2331
2014-08-22,2014-11-27,63,0.3622,1.4565
2014-08-25,2014-11-28,63,0.6964,2.8148
2014-08-26,2014-12-01,63,0.1245,0.4991
2014-08-27,2014-12-02,63,1.3394,5.4664
2014-08-28,2014-12-03,63,2.2482,9.3006
2014-08-29,2014-12-04,63,2.2099,9.1368
2014-09-01,2014-12-05,63,0.9874,4.0087
2014-09-02,2014-12-08,63,0.5193,2.0936
2014-09-03,2014-12-09,63,-0.2512,-1.0008
2014-09-04,2014-12-10,63,1.1678,4.7538
2014-09-05,2014-12-11,63,1.3585,5.5456
2014-09-09,2014-12-12,63,1.9957,8.2248
2014-09-10,2014-12-15,63,2.3874,9.8972
2014-09-11,2014-12-16,63,1.8094,7.4365
2014-09-12,2014-12-17,63,1.7199,7.0591
2014-09-15,2014-12-18,63,1.6743,6.8674
2014-09-16,2014-12-19,63,2.0118,8.2931
2014-09-17,2014-12-22,63,0.4935,1.9885
2014-09-18,2014-12-23,63,-0.1785,-0.7122
2014-09-19,2014-12-24,63,0.1248,0.5002
2014-09-22,2014-12-25,63,0.754,3.0503
2014-09-23,2014-12-26,63,0.6602,2.667
2014-09-24,2014-12-29,63,-0.1887,-0.7525
2014-09-25,2014-12-30,63,-0.5547,-2.2003
2014-09-26,2015-01-05,63,-0.6669,-2.6411
2014-09-29,2015-01-06,63,0.6967,2.816
2014-09-30,2015-01-07,63,0.2768,1.112
2014-10-08,2015-01-08,63,0.2836,1.1392
2014-10-09,2015-01-09,63,0.3095,1.2439
2014-10-10,2015-01-12,63,1.3154,5.3664
2014-10-13,2015-01-13,63,1.5593,6.3847
2014-10-14,2015-01-14,63,1.4138,5.7764
2014-10-15,2015-01-15,63,1.3369,5.4559
2014-10-16,2015-01-16,63,2.9834,12.4784
2014-10-17,2015-01-19,63,3.5081,14.7882
2014-10-20,2015-01-20,63,4.2673,18.1931
2014-10-21,2015-01-21,63,5.2309,22.6232
2014-10-22,2015-01-22,63,5.5178,23.966
2014-10-23,2015-01-23,63,5.5963,24.3355
2014-10-24,2015-01-26,63,6.5751,29.0098
2014-10-27,2015-01-27,63,6.2471,27.4289
2014-10-28,2015-01-28,63,5.6334,24.51
2014-10-29,2015-01-29,63,4.958,21.3563
2014-10-30,2015-01-30,63,4.6299,19.8457
2014-10-31,2015-02-02,63,6.0929,26.6908
2014-11-03,2015-02-03,63,7.133,31.7326
2014-11-04,2015-02-04,63,7.0539,31.3441
2014-11-05,2015-02-05,63,8.1889,37.0032
2014-11-06,2015-02-06,63,6.9593,30.8805
2014-11-07,2015-02-09,63,6.1194,26.8175
2014-11-10,2015-02-10,63,6.3112,27.7368
2014-11-11,2015-02-11,63,8.1271,36.6903
2014-11-12,2015-02-12,63,7.3536,32.821
2014-11-13,2015-02-13,63,9.0279,41.3027
2014-11-14,2015-02-16,63,10.5805,49.5252
2014-11-17,2015-02-17,63,8.8698,40.485
2014-11-18,2015-02-25,63,8.0611,36.3568
2014-11-19,2015-02-26,63,7.5565,33.828
2014-11-20,2015-02-27,63,8.8816,40.5459
2014-11-21,2015-03-02,63,9.6655,44.6372
2014-11-24,2015-03-03,63,8.7469,39.8518
2014-11-25,2015-03-04,63,8.7486,39.8604
2014-11-26,2015-03-05,63,8.4929,38.5496
2014-11-27,2015-03-06,63,7.2692,32.4039
2014-11-28,2015-03-09,63,7.4619,33.3575
2014-12-01,2015-03-10,63,9.1419,41.8949
2014-12-02,2015-03-11,63,7.6076,34.0826
2014-12-03,2015-03-12,63,6.6446,29.3467
2014-12-04,2015-03-13,63,6.8489,30.3407
2014-12-05,2015-03-16,63,8.9364,40.8289
2014-12-08,2015-03-17,63,9.2117,42.2579
2014-12-09,2015-03-18,63,10.7211,50.287
2014-12-10,2015-03-19,63,8.9912,41.1124
2014-12-11,2015-03-20,63,9.3573,43.0183
2014-12-12,2015-03-23,63,10.1515,47.2184
2014-12-15,2015-03-24,63,10.4858,49.0133
2014-12-16,2015-03-25,63,11.5164,54.6517
2014-12-17,2015-03-26,63,10.4922,49.048
2014-12-18,2015-03-27,63,11.0268,51.9538
2014-12-19,2015-03-30,63,11.2028,52.9192
2014-12-22,2015-03-31,63,13.0147,63.1323
2014-12-23,2015-04-01,63,14.8538,74.013
2014-12-24,2015-04-02,63,15.6768,79.0543
2014-12-25,2015-04-03,63,15.7696,79.6297
2014-12-26,2015-04-07,63,16.271,82.7621
2014-12-29,2015-04-08,63,15.8897,80.3765
2014-12-30,2015-04-09,63,16.7606,85.86
2015-01-05,2015-04-10,63,17.1011,88.0371
2015-01-06,2015-04-13,63,15.7666,79.6113
2015-01-07,2015-04-14,63,15.5758,78.43
2015-01-08,2015-04-15,63,13.7552,67.4502
2015-01-09,2015-04-16,63,14.1228,69.6247
2015-01-12,2015-04-17,63,12.9314,62.6517
2015-01-13,2015-04-20,63,12.2132,58.5534
2015-01-14,2015-04-21,63,13.9706,68.7216
2015-01-15,2015-04-22,63,15.0924,75.4632
2015-01-16,2015-04-23,63,13.7168,67.2242
2015-01-19,2015-04-24,63,13.9507,68.604
2015-01-20,2015-04-27,63,12.4692,60.0052
2015-01-21,2015-04-28,63,11.5191,54.6667
2015-01-22,2015-04-29,63,12.8316,62.0778
2015-01-23,2015-04-30,63,13.9527,68.6161
2015-01-26,2015-05-04,63,12.6502,61.0378
2015-01-27,2015-05-05,63,12.1639,58.2748
2015-01-28,2015-05-06,63,13.0743,63.4769
2015-01-29,2015-05-07,63,13.2408,64.4415
2015-01-30,2015-05-08,63,16.2068,82.3583
2015-02-02,2015-05-11,63,17.3827,89.8526
2015-02-03,2015-05-12,63,17.3208,89.4524
2015-02-04,2015-05-13,63,17.1086,88.0855
2015-02-05,2015-05-14,63,16.7565,85.8339
2015-02-06,2015-05-15,63,17.6733,91.7393
2015-02-09,2015-05-18,63,20.3151,109.5464
2015-02-10,2015-05-19,63,19.7506,105.6417
2015-02-11,2015-05-20,63,19.9101,106.7395
2015-02-12,2015-05-21,63,21.238,116.0507
2015-02-13,2015-05-22,63,20.2148,108.849
2015-02-16,2015-05-25,63,18.1652,94.9661
2015-02-17,2015-05-26,63,19.6485,104.9413
2015-02-25,2015-05-27,63,20.2319,108.9673
2015-02-26,2015-05-28,63,18.1929,95.149
2015-02-27,2015-05-29,63,18.3583,96.2431
2015-03-02,2015-06-01,63,18.737,98.7671
2015-03-03,2015-06-02,63,21.2446,116.0977
2015-03-04,2015-06-03,63,21.0966,115.0444
2015-03-05,2015-06-04,63,20.522,110.9917
2015-03-06,2015-06-05,63,21.2403,116.0669
2015-03-09,2015-06-08,63,19.13,101.4114
2015-03-10,2015-06-09,63,18.8178,99.3085
2015-03-11,2015-06-10,63,20.2162,108.8582
2015-03-12,2015-06-11,63,20.8593,113.3638
2015-03-13,2015-06-12,63,20.2497,109.0912
2015-03-16,2015-06-15,63,17.1955,88.6442
2015-03-17,2015-06-16,63,16.6592,85.215
2015-03-18,2015-06-17,63,17.3346,89.5414
2015-03-19,2015-06-18,63,14.8912,74.2395
2015-03-20,2015-06-19,63,13.438,65.5901
2015-03-23,2015-06-23,63,12.4927,60.1392
2015-03-24,2015-06-24,63,11.1275,52.506
2015-03-25,2015-06-25,63,9.5642,44.1033
2015-03-26,2015-06-26,63,7.616,34.1242
2015-03-27,2015-06-29,63,5.9589,26.052
2015-03-30,2015-06-30,63,7.9809,35.9527
2015-03-31,2015-07-01,63,6.7042,29.6362
2015-04-01,2015-07-02,63,4.9224,21.1915
2015-04-02,2015-07-03,63,3.6626,15.4753
2015-04-03,2015-07-06,63,2.4168,10.0231
2015-04-07,2015-07-07,63,1.277,5.2066
2015-04-08,2015-07-08,63,1.0117,4.1084
2015-04-09,2015-07-09,63,2.1739,8.9834
2015-04-10,2015-07-10,63,3.471,14.6237
2015-04-13,2015-07-13,63,4.4844,19.1806
2015-04-14,2015-07-14,63,5.2489,22.7072
2015-04-15,2015-07-15,63,3.558,15.0098
2015-04-16,2015-07-16,63,3.2169,13.5021
2015-04-17,2015-07-17,63,4.7476,20.3861
2015-04-20,2015-07-20,63,4.5776,19.6065
2015-04-21,2015-07-21,63,5.7695,25.1531
2015-04-22,2015-07-22,63,4.6162,19.7831
2015-04-23,2015-07-23,63,1.0152,4.1231
2015-04-24,2015-07-24,63,-0.2468,-0.9836
2015-04-27,2015-07-27,63,-1.6274,-6.3523
2015-04-28,2015-07-28,63,1.0745,4.3677
2015-04-29,2015-07-29,63,-2.737,-10.5067
2015-04-30,2015-07-30,63,-4.5777,-17.0916
2015-05-04,2015-07-31,63,-4.4117,-16.5128
2015-05-05,2015-08-03,63,-4.9085,-18.2351
2015-05-06,2015-08-04,63,-4.4572,-16.6717
2015-05-07,2015-08-05,63,-4.5716,-17.0703
2015-05-08,2015-08-06,63,-6.1465,-22.4108
2015-05-11,2015-08-07,63,-6.2818,-22.8571
2015-05-12,2015-08-10,63,-5.8469,-21.4153
2015-05-13,2015-08-11,63,-5.2387,-19.3649
2015-05-14,2015-08-12,63,-5.0033,-18.5606
2015-05-15,2015-08-13,63,-4.6849,-17.4632
2015-05-18,2015-08-14,63,-5.9361,-21.7124
2015-05-19,2015-08-17,63,-6.1293,-22.3539
2015-05-20,2015-08-18,63,-7.5152,-26.8387
2015-05-21,2015-08-19,63,-7.6452,-27.2492
2015-05-22,2015-08-20,63,-7.633,-27.2107
2015-05-25,2015-08-21,63,-8.1516,-28.8316
2015-05-26,2015-08-24,63,-10.1608,-34.8576
2015-05-27,2015-08-25,63,-11.7985,-39.4792
2015-05-28,2015-08-26,63,-11.8251,-39.5524
2015-05-29,2015-08-27,63,-12.1912,-40.5499
2015-06-01,2015-08-28,63,-11.5413,-38.7703
2015-06-02,2015-08-31,63,-13.6492,-44.4013
2015-06-03,2015-09-01,63,-14.8794,-47.5024
2015-06-04,2015-09-02,63,-14.8936,-47.5375
2015-06-05,2015-09-07,63,-14.5979,-46.8047
2015-06-08,2015-09-08,63,-12.3209,-40.9003
2015-06-09,2015-09-09,63,-11.6207,-38.9897
2015-06-10,2015-09-10,63,-13.3563,-43.6431
2015-06-11,2015-09-11,63,-13.3859,-43.7201
2015-06-12,2015-09-14,63,-14.9738,-47.7349
2015-06-15,2015-09-15,63,-14.8981,-47.5487
2015-06-16,2015-09-16,63,-13.2262,-43.3038
2015-06-17,2015-09-17,63,-13.2954,-43.4844
2015-06-18,2015-09-18,63,-11.8711,-39.6783
2015-06-19,2015-09-21,63,-9.4463,-32.7605
2015-06-23,2015-09-22,63,-9.6398,-33.3332
2015-06-24,2015-09-23,63,-9.5509,-33.0705
2015-06-25,2015-09-24,63,-7.7554,-27.5957
2015-06-26,2015-09-25,63,-7.4036,-26.485
2015-06-29,2015-09-28,63,-5.4314,-20.0187
2015-06-30,2015-09-29,63,-6.9426,-25.0098
2015-07-01,2015-09-30,63,-6.5223,-23.646
2015-07-02,2015-10-08,63,-4.1238,-15.5027
2015-07-03,2015-10-09,63,-3.5899,-13.6048
2015-07-06,2015-10-12,63,-1.2604,-4.947
2015-07-07,2015-10-13,63,0.16,0.6417
2015-07-08,2015-10-14,63,0.6224,2.513
2015-07-09,2015-10-15,63,0.6568,2.6532
2015-07-10,2015-10-16,63,0.0684,0.2738
2015-07-13,2015-10-19,63,-1.4741,-5.7674
2015-07-14,2015-10-20,63,-0.9446,-3.725
2015-07-15,2015-10-21,63,-1.3368,-5.2409
2015-07-16,2015-10-22,63,-0.441,-1.7525
2015-07-17,2015-10-23,63,-0.849,-3.3528
2015-07-20,2015-10-26,63,-1.0566,-4.1599
2015-07-21,2015-10-27,63,-0.6702,-2.6539
2015-07-22,2015-10-28,63,1.5731,6.4424
2015-07-23,2015-10-29,63,0.5488,2.2134
2015-07-24,2015-10-30,63,1.0969,4.4602
2015-07-27,2015-11-02,63,-0.9335,-3.682
2015-07-28,2015-11-03,63,0.0526,0.2107
2015-07-29,2015-11-04,63,0.1308,0.524
2015-07-30,2015-11-05,63,1.3009,5.3062
2015-07-31,2015-11-06,63,2.616,10.8818
2015-08-03,2015-11-09,63,4.0476,17.2003
2015-08-04,2015-11-10,63,2.9086,12.152
2015-08-05,2015-11-11,63,4.2557,18.1407
2015-08-06,2015-11-12,63,4.235,18.0466
2015-08-07,2015-11-13,63,2.0688,8.5355
2015-08-10,2015-11-16,63,1.9613,8.0791
2015-08-11,2015-11-17,63,0.2827,1.1355
2015-08-12,2015-11-18,63,-0.6262,-2.4814
2015-08-13,2015-11-19,63,0.0678,0.2716
2015-08-14,2015-11-20,63,0.7465,3.0196
2015-08-17,2015-11-23,63,0.2284,0.9169
2015-08-18,2015-11-24,63,2.4215,10.0434
2015-08-19,2015-11-25,63,2.5718,10.691
2015-08-20,2015-11-26,63,2.1321,8.8051
2015-08-21,2015-11-27,63,1.7438,7.16
2015-08-24,2015-11-30,63,4.1804,17.7997
2015-08-25,2015-12-01,63,7.6773,34.4301
2015-08-26,2015-12-02,63,8.8711,40.4918
2015-08-27,2015-12-03,63,8.703,39.626
2015-08-28,2015-12-04,63,6.2248,27.3221
2015-08-31,2015-12-07,63,8.745,39.842
2015-09-01,2015-12-08,63,9.96,46.1969
2015-09-02,2015-12-09,63,10.2983,48.0046
2015-09-07,2015-12-10,63,10.3778,48.4319
2015-09-08,2015-12-11,63,8.0072,36.0853
2015-09-09,2015-12-14,63,7.3683,32.8936
2015-09-10,2015-12-15,63,8.4378,38.2685
2015-09-11,2015-12-16,63,8.3646,37.8952
2015-09-14,2015-12-17,63,12.0106,57.4114
2015-09-15,2015-12-18,63,13.4022,65.3812
2015-09-16,2015-12-21,63,11.9756,57.215
2015-09-17,2015-12-22,63,11.8425,56.4686
2015-09-18,2015-12-23,63,9.8057,45.3785
2015-09-21,2015-12-24,63,8.1098,36.603
2015-09-22,2015-12-25,63,8.2743,37.4361
2015-09-23,2015-12-28,63,7.587,33.9795
2015-09-24,2015-12-29,63,7.1827,31.977
2015-09-25,2015-12-30,63,8.743,39.8317
2015-09-28,2016-01-04,63,3.9625,16.8174
2015-09-29,2016-01-05,63,3.8938,16.5087
2015-09-30,2016-01-06,63,4.9866,21.4885
2015-10-08,2016-01-07,63,1.2502,5.0953
2015-10-09,2016-01-08,63,0.8643,3.5023
2015-10-12,2016-01-11,63,-2.0411,-7.9178
2015-10-13,2016-01-12,63,-1.9584,-7.6063
2015-10-14,2016-01-13,63,-3.1887,-12.1578
2015-10-15,2016-01-14,63,-2.8591,-10.9552
2015-10-16,2016-01-15,63,-3.9841,-15.009
2015-10-19,2016-01-18,63,-3.0411,-11.6205
2015-10-20,2016-01-19,63,-3.0725,-11.735
2015-10-21,2016-01-20,63,-1.8463,-7.1832
2015-10-22,2016-01-21,63,-3.5317,-13.3958
2015-10-23,2016-01-22,63,-4.1072,-15.4441
2015-10-26,2016-01-25,63,-3.6367,-13.7723
2015-10-27,2016-01-26,63,-5.2487,-19.3989
2015-10-28,2016-01-27,63,-4.7075,-17.5418
2015-10-29,2016-01-28,63,-5.3985,-19.9076
2015-10-30,2016-01-29,63,-4.2038,-15.7843
2015-11-02,2016-02-01,63,-3.5175,-13.3448
2015-11-03,2016-02-02,63,-2.4694,-9.5176
2015-11-04,2016-02-03,63,-3.133,-11.9553
2015-11-05,2016-02-04,63,-2.1383,-8.2828
2015-11-06,2016-02-05,63,-3.002,-11.4782
2015-11-09,2016-02-15,63,-1.7578,-6.848
2015-11-10,2016-02-16,63,-1.497,-5.855
2015-11-11,2016-02-17,63,-1.8752,-7.2923
2015-11-12,2016-02-18,63,-1.8596,-7.2336
2015-11-13,2016-02-19,63,-0.6625,-2.6237
2015-11-16,2016-02-22,63,-1.6165,-6.3108
2015-11-17,2016-02-23,63,-0.7361,-2.9119
2015-11-18,2016-02-24,63,-0.0225,-0.0899
2015-11-19,2016-02-25,63,-2.1725,-8.4108
2015-11-20,2016-02-26,63,-2.7186,-10.4388
2015-11-23,2016-02-29,63,-3.6293,-13.7459
2015-11-24,2016-03-01,63,-3.0322,-11.5882
2015-11-25,2016-03-02,63,-3.4001,-12.9225
2015-11-26,2016-03-03,63,-2.6706,-10.2622
2015-11-27,2016-03-04,63,-1.91,-7.424
2015-11-30,2016-03-07,63,-1.1099,-4.3664
2015-12-01,2016-03-08,63,-1.0902,-4.2901
2015-12-02,2016-03-09,63,-1.2173,-4.7808
2015-12-03,2016-03-10,63,-2.044,-7.9289
2015-12-04,2016-03-11,63,-1.7853,-6.9523
2015-12-07,2016-03-14,63,-2.375,-9.1669
2015-12-08,2016-03-15,63,-2.5273,-9.7325
2015-12-09,2016-03-16,63,-2.4936,-9.6073
2015-12-10,2016-03-17,63,-1.1627,-4.5702
2015-12-11,2016-03-18,63,-0.1662,-0.6633
2015-12-14,2016-03-21,63,-0.5287,-2.0981
2015-12-15,2016-03-22,63,-0.3938,-1.5657
2015-12-16,2016-03-23,63,-0.5729,-2.2722
2015-12-17,2016-03-24,63,-1.8789,-7.3063
2015-12-18,2016-03-25,63,-1.5545,-6.0744
2015-12-21,2016-03-28,63,-2.1958,-8.4981
2015-12-22,2016-03-29,63,-2.7862,-10.6876
2015-12-23,2016-03-30,63,-1.0996,-4.3265
2015-12-24,2016-03-31,63,-1.5789,-6.1674
2015-12-25,2016-04-01,63,-1.8,-7.0081
2015-12-28,2016-04-05,63,-0.7348,-2.907
2015-12-29,2016-04-06,63,-0.6875,-2.7219
2015-12-30,2016-04-07,63,-1.3599,-5.3298
2016-01-04,2016-04-08,63,0.9559,3.8789
2016-01-05,2016-04-11,63,2.2154,9.1605
2016-01-06,2016-04-12,63,1.5282,6.2542
2016-01-07,2016-04-13,63,3.2437,13.6197
2016-01-08,2016-04-14,63,3.3688,14.1714
2016-01-11,2016-04-15,63,4.806,20.6549
2016-01-12,2016-04-18,63,4.1122,17.4917
2016-01-13,2016-04-19,63,5.8666,25.6132
2016-01-14,2016-04-20,63,2.8126,11.7338
2016-01-15,2016-04-21,63,3.656,15.4456
2016-01-18,2016-04-22,63,2.7781,11.5841
2016-01-19,2016-04-25,63,1.7609,7.2317
2016-01-20,2016-04-26,63,2.3568,9.7657
2016-01-21,2016-04-27,63,3.3691,14.173
2016-01-22,2016-04-28,63,3.2543,13.6667
2016-01-25,2016-04-29,63,3.3305,14.0023
2016-01-26,2016-05-03,63,6.5231,28.7582
2016-01-27,2016-05-04,63,6.2556,27.4697
2016-01-28,2016-05-05,63,7.7712,34.8998
2016-01-29,2016-05-06,63,5.412,23.4695
2016-02-01,2016-05-09,63,4.2195,17.9766
2016-02-02,2016-05-10,63,2.871,11.9881
2016-02-03,2016-05-11,63,2.4909,10.3423
2016-02-04,2016-05-12,63,1.7072,7.0057
2016-02-05,2016-05-13,63,1.9183,7.8969
2016-02-15,2016-05-16,63,1.1688,4.7576
2016-02-16,2016-05-17,63,0.6247,2.5225
2016-02-17,2016-05-18,63,-0.4005,-1.5925
2016-02-18,2016-05-19,63,-0.3493,-1.3898
2016-02-19,2016-05-20,63,-0.5491,-2.1784
2016-02-22,2016-05-23,63,-0.4241,-1.6857
2016-02-23,2016-05-24,63,-0.5818,-2.3068
2016-02-24,2016-05-25,63,-1.1139,-4.3819
2016-02-25,2016-05-26,63,0.8367,3.389
2016-02-26,2016-05-27,63,0.7711,3.1203
2016-02-29,2016-05-30,63,2.3935,9.9233
2016-03-01,2016-05-31,63,2.8294,11.8071
2016-03-02,2016-06-01,63,2.1391,8.8349
2016-03-03,2016-06-02,63,2.3451,9.7154
2016-03-04,2016-06-03,63,3.565,15.0409
2016-03-07,2016-06-06,63,3.3439,14.0618
2016-03-08,2016-06-07,63,2.5691,10.6793
2016-03-09,2016-06-08,63,3.2868,13.8096
2016-03-10,2016-06-13,63,3.0025,12.5617
2016-03-11,2016-06-14,63,2.6235,10.914
2016-03-14,2016-06-15,63,2.8288,11.8046
2016-03-15,2016-06-16,63,3.7644,15.9296
2016-03-16,2016-06-17,63,3.476,14.6457
2016-03-17,2016-06-20,63,1.693,6.946
2016-03-18,2016-06-21,63,0.2629,1.0556
2016-03-21,2016-06-22,63,0.3436,1.3815
2016-03-22,2016-06-23,63,0.1644,0.6594
2016-03-23,2016-06-24,63,1.1684,4.756
2016-03-24,2016-06-27,63,2.8945,12.0904
2016-03-25,2016-06-28,63,2.9806,12.4663
2016-03-28,2016-06-29,63,3.2954,13.8477
2016-03-29,2016-06-30,63,3.8511,16.3174
2016-03-30,2016-07-01,63,2.6555,11.0526
2016-03-31,2016-07-04,63,3.9435,16.732
2016-04-01,2016-07-05,63,4.0403,17.1673
2016-04-05,2016-07-06,63,3.8661,16.3848
2016-04-06,2016-07-07,63,3.4191,14.3941
2016-04-07,2016-07-08,63,3.7494,15.8626
2016-04-08,2016-07-11,63,3.7716,15.9615
2016-04-11,2016-07-12,63,3.0928,12.9571
2016-04-12,2016-07-13,63,3.3186,13.9498
2016-04-13,2016-07-14,63,3.0347,12.7025
2016-04-14,2016-07-15,63,2.6824,11.1689
2016-04-15,2016-07-18,63,2.6745,11.1351
2016-04-18,2016-07-19,63,3.4486,14.5247
2016-04-19,2016-07-20,63,2.9347,12.2656
2016-04-20,2016-07-21,63,4.0078,17.0209
2016-04-21,2016-07-22,63,4.082,17.355
2016-04-22,2016-07-25,63,3.9098,16.5806
2016-04-25,2016-07-26,63,4.6748,20.0519
2016-04-26,2016-07-27,63,2.9155,12.1819
2016-04-27,2016-07-28,63,2.9077,12.1478
2016-04-28,2016-07-29,63,2.3351,9.6728
2016-04-29,2016-08-01,63,2.0279,8.3615
2016-05-03,2016-08-02,63,0.9501,3.8548
2016-05-04,2016-08-03,63,1.1798,4.8032
2016-05-05,2016-08-04,63,1.0558,4.2905
2016-05-06,2016-08-05,63,2.1592,8.9207
2016-05-09,2016-08-08,63,2.8246,11.7863
2016-05-10,2016-08-09,63,3.3277,13.99
2016-05-11,2016-08-10,63,3.6129,15.2539
2016-05-12,2016-08-11,63,3.0615,12.8201
2016-05-13,2016-08-12,63,3.2108,13.4751
2016-05-16,2016-08-15,63,3.396,14.2919
2016-05-17,2016-08-16,63,3.5,14.7524
2016-05-18,2016-08-17,63,4.2461,18.0972
2016-05-19,2016-08-18,63,4.5232,19.3577
2016-05-20,2016-08-19,63,4.1788,17.7923
2016-05-23,2016-08-22,63,3.1389,13.1594
2016-05-24,2016-08-23,63,3.7447,15.8415
2016-05-25,2016-08-24,63,4.4907,19.2094
2016-05-26,2016-08-25,63,3.7542,15.8836
2016-05-27,2016-08-26,63,4.1986,17.882
2016-05-30,2016-08-29,63,4.6251,19.8241
2016-05-31,2016-08-30,63,3.2083,13.4639
2016-06-01,2016-08-31,63,2.8962,12.0979
2016-06-02,2016-09-01,63,2.455,10.1878
2016-06-03,2016-09-02,63,2.2948,9.4999
2016-06-06,2016-09-05,63,2.2285,9.2166
2016-06-07,2016-09-06,63,2.6967,11.2312
2016-06-08,2016-09-07,63,2.8843,12.0459
2016-06-13,2016-09-08,63,3.8533,16.3271
2016-06-14,2016-09-09,63,3.4698,14.6182
2016-06-15,2016-09-12,63,1.6277,6.6716
2016-06-16,2016-09-13,63,1.5121,6.1869
2016-06-17,2016-09-14,63,1.74,7.1437
2016-06-20,2016-09-19,63,1.8374,7.5548
2016-06-21,2016-09-20,63,2.1734,8.9813
2016-06-22,2016-09-21,63,1.9758,8.1405
2016-06-23,2016-09-22,63,2.3389,9.6891
2016-06-24,2016-09-23,63,1.1786,4.7984
2016-06-27,2016-09-26,63,-0.1694,-0.6761
2016-06-28,2016-09-27,63,-0.1588,-0.6336
2016-06-29,2016-09-28,63,-0.3791,-1.5078
2016-06-30,2016-09-29,63,-0.4477,-1.7788
2016-07-01,2016-09-30,63,-0.5404,-2.144
2016-07-04,2016-10-10,63,-1.6871,-6.5793
2016-07-05,2016-10-11,63,-1.5308,-5.9839
2016-07-06,2016-10-12,63,-2.0137,-7.8147
2016-07-07,2016-10-13,63,-1.788,-6.9623
2016-07-08,2016-10-14,63,-1.8386,-7.1541
2016-07-11,2016-10-17,63,-2.0632,-8.0008
2016-07-12,2016-10-18,63,-1.8007,-7.0106
2016-07-13,2016-10-19,63,-2.1266,-8.2387
2016-07-14,2016-10-20,63,-1.7788,-6.9275
2016-07-15,2016-10-21,63,-1.6952,-6.6104
2016-07-18,2016-10-24,63,-1.1948,-4.6941
2016-07-19,2016-10-25,63,-1.43,-5.5984
2016-07-20,2016-10-26,63,-1.3386,-5.248
2016-07-21,2016-10-27,63,-1.1565,-4.5464
2016-07-22,2016-10-28,63,-1.3072,-5.1273
2016-07-25,2016-10-31,63,-1.0973,-4.3174
2016-07-26,2016-11-01,63,-1.2511,-4.9114
2016-07-27,2016-11-02,63,0.0294,0.1178
2016-07-28,2016-11-03,63,-0.0048,-0.0193
2016-07-29,2016-11-04,63,0.1431,0.5735
2016-08-01,2016-11-07,63,0.0109,0.0437
2016-08-02,2016-11-08,63,-0.1021,-0.4078
2016-08-03,2016-11-09,63,0.4165,1.6763
2016-08-04,2016-11-10,63,0.1633,0.655
2016-08-05,2016-11-11,63,-0.2199,-0.8769
2016-08-08,2016-11-14,63,-0.5497,-2.1807
2016-08-09,2016-11-15,63,-0.3446,-1.3712
2016-08-10,2016-11-16,63,-0.3449,-1.3724
2016-08-11,2016-11-17,63,-0.0174,-0.0697
2016-08-12,2016-11-18,63,-0.5685,-2.2546
2016-08-15,2016-11-21,63,-1.2052,-4.7343
2016-08-16,2016-11-22,63,-1.0557,-4.1565
2016-08-17,2016-11-23,63,-1.1237,-4.4196
2016-08-18,2016-11-24,63,-1.6588,-6.4718
2016-08-19,2016-11-25,63,-1.6532,-6.4508
2016-08-22,2016-11-28,63,-0.827,-3.2672
2016-08-23,2016-11-29,63,-1.1073,-4.3562
2016-08-24,2016-11-30,63,-1.2128,-4.7635
2016-08-25,2016-12-01,63,-1.0328,-4.0676
2016-08-26,2016-12-02,63,-1.6152,-6.3059
2016-08-29,2016-12-05,63,-1.5828,-6.1825
2016-08-30,2016-12-06,63,-1.97,-7.6501
2016-08-31,2016-12-07,63,-1.719,-6.7008
2016-09-01,2016-12-08,63,-1.5994,-6.2458
2016-09-02,2016-12-09,63,-1.709,-6.6627
2016-09-05,2016-12-12,63,-3.5887,-13.6003
2016-09-06,2016-12-13,63,-3.9945,-15.0459
2016-09-07,2016-12-14,63,-4.3226,-16.2011
2016-09-08,2016-12-15,63,-4.4933,-16.7978
2016-09-09,2016-12-16,63,-4.0293,-15.1689
2016-09-12,2016-12-19,63,-3.4282,-13.0238
2016-09-13,2016-12-20,63,-3.5229,-13.3644
2016-09-14,2016-12-21,63,-3.3173,-12.6232
2016-09-19,2016-12-22,63,-3.6195,-13.7109
2016-09-20,2016-12-23,63,-3.8016,-14.3612
2016-09-21,2016-12-26,63,-3.6665,-13.8789
2016-09-22,2016-12-27,63,-3.867,-14.5937
2016-09-23,2016-12-28,63,-3.8065,-14.3786
2016-09-26,2016-12-29,63,-3.2929,-12.5352
2016-09-27,2016-12-30,63,-3.1946,-12.179
2016-09-28,2017-01-03,63,-3.1223,-11.9164
2016-09-29,2017-01-04,63,-2.8447,-10.9025
2016-09-30,2017-01-05,63,-3.104,-11.8497
2016-10-10,2017-01-06,63,-3.0323,-11.5885
2016-10-11,2017-01-09,63,-3.0084,-11.5013
2016-10-12,2017-01-10,63,-2.9066,-11.1293
2016-10-13,2017-01-11,63,-3.1174,-11.8986
2016-10-14,2017-01-12,63,-2.9585,-11.3192
2016-10-17,2017-01-13,63,-3.1684,-12.0838
2016-10-18,2017-01-16,63,-4.306,-16.143
2016-10-19,2017-01-17,63,-3.5694,-13.5312
2016-10-20,2017-01-18,63,-4.203,-15.7816
2016-10-21,2017-01-19,63,-4.2675,-16.008
2016-10-24,2017-01-20,63,-4.0247,-15.1527
2016-10-25,2017-01-23,63,-3.891,-14.679
2016-10-26,2017-01-24,63,-4.1965,-15.7585
2016-10-27,2017-01-25,63,-4.2258,-15.8617
2016-10-28,2017-01-26,63,-4.0609,-15.2807
2016-10-31,2017-02-03,63,-3.8555,-14.5527
2016-11-01,2017-02-06,63,-3.5498,-13.4607
2016-11-02,2017-02-07,63,-3.4008,-12.925
2016-11-03,2017-02-08,63,-3.3414,-12.7103
2016-11-04,2017-02-09,63,-2.8848,-11.0496
2016-11-07,2017-02-10,63,-3.0569,-11.6784
2016-11-08,2017-02-13,63,-3.0046,-11.4877
2016-11-09,2017-02-14,63,-3.6632,-13.867
2016-11-10,2017-02-15,63,-3.7334,-14.1181
2016-11-11,2017-02-16,63,-3.2179,-12.2636
2016-11-14,2017-02-17,63,-2.6864,-10.3202
2016-11-15,2017-02-20,63,-3.0449,-11.6347
2016-11-16,2017-02-21,63,-2.7973,-10.7285
2016-11-17,2017-02-22,63,-2.5851,-9.9462
2016-11-18,2017-02-23,63,-2.1358,-8.2734
2016-11-21,2017-02-24,63,-1.8063,-7.032
2016-11-22,2017-02-27,63,-2.1886,-8.4713
2016-11-23,2017-02-28,63,-2.1742,-8.4173
2016-11-24,2017-03-01,63,-1.8363,-7.1454
2016-11-25,2017-03-02,63,-1.9658,-7.6342
2016-11-28,2017-03-03,63,-2.257,-8.7269
2016-11-29,2017-03-06,63,-1.6734,-6.5275
2016-11-30,2017-03-07,63,-1.6679,-6.5065
2016-12-01,2017-03-08,63,-1.8189,-7.0793
2016-12-02,2017-03-09,63,-1.6215,-6.33
2016-12-05,2017-03-10,63,-1.8656,-7.256
2016-12-06,2017-03-13,63,-1.0781,-4.2431
2016-12-07,2017-03-14,63,-1.4533,-5.6878
2016-12-08,2017-03-15,63,-1.4106,-5.524
2016-12-09,2017-03-16,63,-0.6862,-2.7168
2016-12-12,2017-03-17,63,0.6214,2.5089
2016-12-13,2017-03-20,63,0.7717,3.1228
2016-12-14,2017-03-21,63,0.9066,3.6762
2016-12-15,2017-03-22,63,1.0668,4.3358
2016-12-16,2017-03-23,63,0.9308,3.7757
2016-12-19,2017-03-24,63,1.1718,4.7702
2016-12-20,2017-03-27,63,1.3389,5.464
2016-12-21,2017-03-28,63,1.1441,4.6554
2016-12-22,2017-03-29,63,1.1163,4.5406
2016-12-23,2017-03-30,63,0.9205,3.733
2016-12-26,2017-03-31,63,0.6691,2.7035
2016-12-27,2017-04-05,63,1.3078,5.3345
2016-12-28,2017-04-06,63,1.3557,5.5339
2016-12-29,2017-04-07,63,1.4231,5.815
2016-12-30,2017-04-10,63,0.6002,2.4226
2017-01-03,2017-04-11,63,0.8492,3.4405
2017-01-04,2017-04-12,63,0.5612,2.2639
2017-01-05,2017-04-13,63,1.0247,4.1622
2017-01-06,2017-04-14,63,1.0795,4.3882
2017-01-09,2017-04-17,63,0.7412,2.9979
2017-01-10,2017-04-18,63,0.3647,1.4667
2017-01-11,2017-04-19,63,0.4532,1.825
2017-01-12,2017-04-20,63,0.5523,2.2275
2017-01-13,2017-04-21,63,0.8619,3.4925
2017-01-16,2017-04-24,63,1.0305,4.1863
2017-01-17,2017-04-25,63,0.5044,2.0329
2017-01-18,2017-04-26,63,0.7888,3.1929
2017-01-19,2017-04-27,63,1.4191,5.7983
2017-01-20,2017-04-28,63,1.0015,4.0666
2017-01-23,2017-05-02,63,0.8523,3.4532
2017-01-24,2017-05-03,63,1.0398,4.2243
2017-01-25,2017-05-04,63,0.8098,3.2787
2017-01-26,2017-05-05,63,0.458,1.8447
2017-02-03,2017-05-08,63,-0.2243,-0.8942
2017-02-06,2017-05-09,63,-0.5969,-2.3661
2017-02-07,2017-05-10,63,-1.1959,-4.6984
2017-02-08,2017-05-11,63,-1.3555,-5.3128
2017-02-09,2017-05-12,63,-1.5169,-5.931
2017-02-10,2017-05-15,63,-0.964,-3.8007
2017-02-13,2017-05-16,63,-0.6508,-2.5779
2017-02-14,2017-05-17,63,-0.374,-1.4878
2017-02-15,2017-05-18,63,0.0265,0.106
2017-02-16,2017-05-19,63,-0.3886,-1.5453
2017-02-17,2017-05-22,63,-0.418,-1.6616
2017-02-20,2017-05-23,63,-0.7363,-2.9128
2017-02-21,2017-05-24,63,-1.179,-4.6331
2017-02-22,2017-05-25,63,-0.989,-3.8976
2017-02-23,2017-05-26,63,-1.3414,-5.2585
2017-02-24,2017-05-31,63,-1.8953,-7.3685
2017-02-27,2017-06-01,63,-2.2858,-8.8345
2017-02-28,2017-06-02,63,-2.0687,-8.0214
2017-03-01,2017-06-05,63,-1.4121,-5.5297
2017-03-02,2017-06-06,63,-1.0786,-4.2452
2017-03-03,2017-06-07,63,-0.5225,-2.0738
2017-03-06,2017-06-08,63,-1.0787,-4.2455
2017-03-07,2017-06-09,63,-1.4317,-5.6049
2017-03-08,2017-06-12,63,-1.5006,-5.8688
2017-03-09,2017-06-13,63,-0.9892,-3.8987
2017-03-10,2017-06-14,63,-0.7474,-2.9564
2017-03-13,2017-06-15,63,-1.0814,-4.2559
2017-03-14,2017-06-16,63,-0.9332,-3.681
2017-03-15,2017-06-19,63,-0.9098,-3.5897
2017-03-16,2017-06-20,63,-1.44,-5.6367
2017-03-17,2017-06-21,63,-1.1897,-4.6745
2017-03-20,2017-06-22,63,-1.5452,-6.0389
2017-03-21,2017-06-23,63,-1.3656,-5.3516
2017-03-22,2017-06-26,63,-1.2483,-4.9005
2017-03-23,2017-06-27,63,-1.3658,-5.3521
2017-03-24,2017-06-28,63,-1.701,-6.6322
2017-03-27,2017-06-29,63,-1.7476,-6.8094
2017-03-28,2017-06-30,63,-1.8171,-7.0728
2017-03-29,2017-07-03,63,-1.429,-5.5945
2017-03-30,2017-07-04,63,-1.2468,-4.8945
2017-03-31,2017-07-05,63,-1.1696,-4.5971
2017-04-05,2017-07-06,63,-1.7733,-6.9068
2017-04-06,2017-07-07,63,-1.8899,-7.3479
2017-04-07,2017-07-10,63,-2.8173,-10.8018
2017-04-10,2017-07-11,63,-2.4476,-9.4367
2017-04-11,2017-07-12,63,-2.4318,-9.378
2017-04-12,2017-07-13,63,-2.4828,-9.5675
2017-04-13,2017-07-14,63,-3.281,-12.4921
2017-04-14,2017-07-17,63,-4.0239,-15.1499
2017-04-17,2017-07-18,63,-3.5485,-13.4562
2017-04-18,2017-07-19,63,-2.9794,-11.3955
2017-04-19,2017-07-20,63,-2.8669,-10.9839
2017-04-20,2017-07-21,63,-2.7515,-10.5602
2017-04-21,2017-07-24,63,-2.5869,-9.9529
2017-04-24,2017-07-25,63,-1.9944,-7.7419
2017-04-25,2017-07-26,63,-2.4138,-9.3112
2017-04-26,2017-07-27,63,-1.1909,-4.6792
2017-04-27,2017-07-28,63,-1.658,-6.469
2017-04-28,2017-07-31,63,-1.6869,-6.5788
2017-05-02,2017-08-01,63,-1.6888,-6.586
2017-05-03,2017-08-02,63,-1.7291,-6.7393
2017-05-04,2017-08-03,63,-1.3602,-5.3307
2017-05-05,2017-08-04,63,-1.0733,-4.2245
2017-05-08,2017-08-07,63,-0.7019,-2.7783
2017-05-09,2017-08-08,63,-0.4892,-1.9423
2017-05-10,2017-08-09,63,0.1426,0.5718
2017-05-11,2017-08-10,63,0.1483,0.5944
2017-05-12,2017-08-11,63,0.0131,0.0525
2017-05-15,2017-08-14,63,0.5535,2.2324
2017-05-16,2017-08-15,63,-0.104,-0.4153
2017-05-17,2017-08-16,63,-0.0075,-0.0299
2017-05-18,2017-08-17,63,0.2965,1.1911
2017-05-19,2017-08-18,63,0.411,1.6542
2017-05-22,2017-08-21,63,0.571,2.3038
2017-05-23,2017-08-22,63,0.5847,2.3594
2017-05-24,2017-08-23,63,0.5116,2.062
2017-05-25,2017-08-24,63,0.2099,0.8422
2017-05-26,2017-08-25,63,0.6906,2.7912
2017-05-31,2017-08-28,63,1.3282,5.4195
2017-06-01,2017-08-29,63,1.9777,8.1486
2017-06-02,2017-08-30,63,1.5964,6.5403
2017-06-05,2017-08-31,63,1.156,4.7047
2017-06-06,2017-09-01,63,1.3197,5.3842
2017-06-07,2017-09-04,63,1.2677,5.1679
2017-06-08,2017-09-05,63,1.3892,5.6735
2017-06-09,2017-09-06,63,1.9405,7.991
2017-06-12,2017-09-07,63,2.1082,8.7034
2017-06-13,2017-09-08,63,1.7883,7.3474
2017-06-14,2017-09-11,63,1.8519,7.616
2017-06-15,2017-09-12,63,1.3643,5.5697
2017-06-16,2017-09-13,63,1.5885,6.5069
2017-06-19,2017-09-14,63,1.3848,5.6552
2017-06-20,2017-09-15,63,1.4413,5.8909
2017-06-21,2017-09-18,63,1.4269,5.8309
2017-06-22,2017-09-19,63,1.4433,5.8994
2017-06-23,2017-09-20,63,1.4569,5.9561
2017-06-26,2017-09-21,63,0.7441,3.0099
2017-06-27,2017-09-22,63,0.8224,3.3304
2017-06-28,2017-09-25,63,0.7001,2.83
2017-06-29,2017-09-26,63,0.9986,4.0548
2017-06-30,2017-09-27,63,1.1563,4.7062
2017-07-03,2017-09-28,63,0.851,3.4478
2017-07-04,2017-09-29,63,1.4034,5.7328
2017-07-05,2017-10-09,63,1.437,5.873
2017-07-06,2017-10-10,63,1.7283,7.0946
2017-07-07,2017-10-11,63,1.5722,6.4386
2017-07-10,2017-10-12,63,2.4266,10.0656
2017-07-11,2017-10-13,63,2.9724,12.4305
2017-07-12,2017-10-16,63,2.3662,9.8061
2017-07-13,2017-10-17,63,2.1986,9.0886
2017-07-14,2017-10-18,63,2.5773,10.7146
2017-07-17,2017-10-19,63,3.6725,15.5194
2017-07-18,2017-10-20,63,3.7175,15.7198
2017-07-19,2017-10-23,63,3.5664,15.0469
2017-07-20,2017-10-24,63,3.6141,15.2591
2017-07-21,2017-10-25,63,3.5005,14.7545
2017-07-24,2017-10-26,63,3.5795,15.1055
2017-07-25,2017-10-27,63,3.1384,13.1571
2017-07-26,2017-10-30,63,2.9017,12.1219
2017-07-27,2017-10-31,63,1.8653,7.6725
2017-07-28,2017-11-01,63,2.0107,8.2884
2017-07-31,2017-11-02,63,1.5514,6.3515
2017-08-01,2017-11-03,63,1.2733,5.1912
2017-08-02,2017-11-06,63,1.7228,7.0715
2017-08-03,2017-11-07,63,1.9361,7.9723
2017-08-04,2017-11-08,63,2.116,8.7364
2017-08-07,2017-11-09,63,2.4842,10.3132
2017-08-08,2017-11-10,63,2.741,11.4231
2017-08-09,2017-11-13,63,2.6361,10.9688
2017-08-10,2017-11-14,63,2.4291,10.0764
2017-08-11,2017-11-15,63,2.1163,8.7378
2017-08-14,2017-11-16,63,1.4416,5.8924
2017-08-15,2017-11-17,63,1.007,4.0892
2017-08-16,2017-11-20,63,1.2112,4.9335
2017-08-17,2017-11-21,63,0.6303,2.5453
2017-08-18,2017-11-22,63,0.6978,2.8205
2017-08-21,2017-11-23,63,-0.1214,-0.4847
2017-08-22,2017-11-24,63,-0.0099,-0.0397
2017-08-23,2017-11-27,63,-0.2128,-0.8485
2017-08-24,2017-11-28,63,0.4934,1.9881
2017-08-25,2017-11-29,63,0.2038,0.8177
2017-08-28,2017-11-30,63,-0.7506,-2.9689
2017-08-29,2017-12-01,63,-0.5876,-2.3296
2017-08-30,2017-12-04,63,-0.4918,-1.9529
2017-08-31,2017-12-05,63,-1.1103,-4.3677
2017-09-01,2017-12-06,63,-1.2814,-5.0279
2017-09-04,2017-12-07,63,-1.9858,-7.7096
2017-09-05,2017-12-08,63,-1.9159,-7.446
2017-09-06,2017-12-11,63,-1.8311,-7.1255
2017-09-07,2017-12-12,63,-1.8839,-7.3253
2017-09-08,2017-12-13,63,-1.7808,-6.9351
2017-09-11,2017-12-14,63,-1.7531,-6.83
2017-09-12,2017-12-15,63,-1.6291,-6.3589
2017-09-13,2017-12-18,63,-1.744,-6.7956
2017-09-14,2017-12-19,63,-1.2587,-4.9405
2017-09-15,2017-12-20,63,-1.5929,-6.2209
2017-09-18,2017-12-21,63,-1.5328,-5.9917
2017-09-19,2017-12-22,63,-1.4666,-5.7387
2017-09-20,2017-12-25,63,-1.8023,-7.0166
2017-09-21,2017-12-26,63,-1.2977,-5.0907
2017-09-22,2017-12-27,63,-1.3817,-5.4134
2017-09-25,2017-12-28,63,-0.9831,-3.8747
2017-09-26,2017-12-29,63,-1.2211,-4.7957
2017-09-27,2018-01-02,63,-0.8178,-3.2314
2017-09-28,2018-01-03,63,-0.3477,-1.3835
2017-09-29,2018-01-04,63,-0.7452,-2.9475
2017-10-09,2018-01-05,63,-0.6712,-2.6577
2017-10-10,2018-01-08,63,-0.9079,-3.5823
2017-10-11,2018-01-09,63,-0.6661,-2.6378
2017-10-12,2018-01-10,63,-0.9639,-3.8002
2017-10-13,2018-01-11,63,-1.0324,-4.066
2017-10-16,2018-01-12,63,-0.8251,-3.2596
2017-10-17,2018-01-15,63,-1.3116,-5.1441
2017-10-18,2018-01-16,63,-1.177,-4.6255
2017-10-19,2018-01-17,63,-0.9679,-3.8158
2017-10-20,2018-01-18,63,-1.4171,-5.5489
2017-10-23,2018-01-19,63,-1.7588,-6.8519
2017-10-24,2018-01-22,63,-1.3105,-5.1399
2017-10-25,2018-01-23,63,-1.2632,-4.9578
2017-10-26,2018-01-24,63,-0.6057,-2.401
2017-10-27,2018-01-25,63,-0.1944,-0.7753
2017-10-30,2018-01-26,63,0.2103,0.8439
2017-10-31,2018-01-29,63,-0.3348,-1.3323
2017-11-01,2018-01-30,63,-0.7668,-3.032
2017-11-02,2018-01-31,63,-1.088,-4.2816
2017-11-03,2018-02-01,63,-1.4713,-5.7566
2017-11-06,2018-02-02,63,-1.5402,-6.0198
2017-11-07,2018-02-05,63,-2.1866,-8.4637
2017-11-08,2018-02-06,63,-3.354,-12.756
2017-11-09,2018-02-07,63,-3.7361,-14.1276
2017-11-10,2018-02-08,63,-4.0923,-15.3914
2017-11-13,2018-02-09,63,-4.6115,-17.2088
2017-11-14,2018-02-12,63,-3.7132,-14.0458
2017-11-15,2018-02-13,63,-3.2772,-12.4785
2017-11-16,2018-02-14,63,-3.2088,-12.2304
2017-11-17,2018-02-22,63,-2.5154,-9.6882
2017-11-20,2018-02-23,63,-3.0221,-11.5515
2017-11-21,2018-02-26,63,-1.8901,-7.3489
2017-11-22,2018-02-27,63,-1.7778,-6.9239
2017-11-23,2018-02-28,63,-1.0789,-4.2461
2017-11-24,2018-03-01,63,-0.4675,-1.857
2017-11-27,2018-03-02,63,-0.3189,-1.2693
2017-11-28,2018-03-05,63,-0.4654,-1.8485
2017-11-29,2018-03-06,63,-0.3971,-1.579
2017-11-30,2018-03-07,63,-0.0263,-0.1052
2017-12-01,2018-03-08,63,-0.2779,-1.1071
2017-12-04,2018-03-09,63,0.5875,2.3706
2017-12-05,2018-03-12,63,1.4911,6.0992
2017-12-06,2018-03-13,63,1.1185,4.5496
2017-12-07,2018-03-14,63,0.9993,4.0576
2017-12-08,2018-03-15,63,1.0362,4.2098
2017-12-11,2018-03-16,63,0.1887,0.7568
2017-12-12,2018-03-19,63,0.6866,2.7748
2017-12-13,2018-03-20,63,0.9964,4.0457
2017-12-14,2018-03-21,63,0.443,1.7838
2017-12-15,2018-03-22,63,0.6214,2.5087
2017-12-18,2018-03-23,63,-0.3551,-1.4129
2017-12-19,2018-03-26,63,0.0236,0.0944
2017-12-20,2018-03-27,63,1.1697,4.7616
2017-12-21,2018-03-28,63,0.8126,3.2901
2017-12-22,2018-03-29,63,0.7567,3.0612
2017-12-25,2018-03-30,63,1.8016,7.4034
2017-12-26,2018-04-02,63,1.7814,7.3184
2017-12-27,2018-04-03,63,1.7114,7.0234
2017-12-28,2018-04-04,63,1.1001,4.4736
2017-12-29,2018-04-09,63,1.0022,4.0695
2018-01-02,2018-04-10,63,0.5386,2.1719
2018-01-03,2018-04-11,63,0.2177,0.8738
2018-01-04,2018-04-12,63,0.4227,1.7015
2018-01-05,2018-04-13,63,0.0366,0.1465
2018-01-08,2018-04-16,63,0.2332,0.9361
2018-01-09,2018-04-17,63,-0.4873,-1.9351
2018-01-10,2018-04-18,63,0.262,1.0522
2018-01-11,2018-04-19,63,0.0329,0.1317
2018-01-12,2018-04-20,63,-0.4108,-1.633
2018-01-15,2018-04-23,63,-0.2338,-0.9321
2018-01-16,2018-04-24,63,0.5604,2.2606
2018-01-17,2018-04-25,63,0.6048,2.4412
2018-01-18,2018-04-26,63,0.278,1.1165
2018-01-19,2018-04-27,63,0.7873,3.1868
2018-01-22,2018-05-02,63,0.058,0.2323
2018-01-23,2018-05-03,63,0.6776,2.7379
2018-01-24,2018-05-04,63,-0.2347,-0.9356
2018-01-25,2018-05-07,63,0.3008,1.2088
2018-01-26,2018-05-08,63,0.4183,1.6839
2018-01-29,2018-05-09,63,0.7241,2.9281
2018-01-30,2018-05-10,63,1.3369,5.4557
2018-01-31,2018-05-11,63,1.6238,6.6553
2018-02-01,2018-05-14,63,2.1996,9.0929
2018-02-02,2018-05-15,63,2.3631,9.7927
2018-02-05,2018-05-16,63,2.4082,9.9865
2018-02-06,2018-05-17,63,3.4027,14.3215
2018-02-07,2018-05-18,63,3.538,14.9208
2018-02-08,2018-05-21,63,3.4778,14.6539
2018-02-09,2018-05-22,63,4.5075,19.286
2018-02-12,2018-05-23,63,3.0956,12.9695
2018-02-13,2018-05-24,63,3.0097,12.5934
2018-02-14,2018-05-25,63,2.4779,10.286
2018-02-22,2018-05-28,63,1.9701,8.1165
2018-02-23,2018-05-29,63,1.7607,7.2311
2018-02-26,2018-05-30,63,0.117,0.4689
2018-02-27,2018-05-31,63,0.3255,1.3084
2018-02-28,2018-06-01,63,-0.1495,-0.5966
2018-03-01,2018-06-04,63,-0.8361,-3.3029
2018-03-02,2018-06-05,63,-0.1251,-0.4996
2018-03-05,2018-06-06,63,-0.5308,-2.1065
2018-03-06,2018-06-07,63,-0.7267,-2.8754
2018-03-07,2018-06-08,63,-0.9378,-3.6988
2018-03-08,2018-06-11,63,-1.2634,-4.9588
2018-03-09,2018-06-12,63,-1.6352,-6.3822
2018-03-12,2018-06-13,63,-2.3331,-9.0107
2018-03-13,2018-06-14,63,-2.2515,-8.7064
2018-03-14,2018-06-15,63,-2.3144,-8.9412
2018-03-15,2018-06-19,63,-3.8655,-14.5882
2018-03-16,2018-06-20,63,-3.3274,-12.6599
2018-03-19,2018-06-21,63,-4.0999,-15.4182
2018-03-20,2018-06-22,63,-3.9692,-14.9565
2018-03-21,2018-06-25,63,-3.6669,-13.8802
2018-03-22,2018-06-26,63,-3.3633,-12.7894
2018-03-23,2018-06-27,63,-2.7336,-10.4943
2018-03-26,2018-06-28,63,-3.4885,-13.2407
2018-03-27,2018-06-29,63,-3.3105,-12.5989
2018-03-28,2018-07-02,63,-3.2398,-12.3429
2018-03-29,2018-07-03,63,-2.7981,-10.7314
2018-03-30,2018-07-04,63,-3.9903,-15.0311
2018-04-02,2018-07-05,63,-4.4304,-16.5782
2018-04-03,2018-07-06,63,-4.1536,-15.6075
2018-04-04,2018-07-09,63,-3.183,-12.137
2018-04-09,2018-07-10,63,-3.1127,-11.8814
2018-04-10,2018-07-11,63,-3.3844,-12.8656
2018-04-11,2018-07-12,63,-2.903,-11.1162
2018-04-12,2018-07-13,63,-2.8567,-10.9463
2018-04-13,2018-07-16,63,-2.6328,-10.1224
2018-04-16,2018-07-17,63,-2.8841,-11.0469
2018-04-17,2018-07-18,63,-2.661,-10.2265
2018-04-18,2018-07-19,63,-3.2546,-12.3966
2018-04-19,2018-07-20,63,-2.9941,-11.4491
2018-04-20,2018-07-23,63,-2.1339,-8.2663
2018-04-23,2018-07-24,63,-1.5248,-5.9611
2018-04-24,2018-07-25,63,-2.1153,-8.1964
2018-04-25,2018-07-26,63,-2.5713,-9.8951
2018-04-26,2018-07-27,63,-2.3437,-9.0504
2018-04-27,2018-07-30,63,-3.0551,-11.6716
2018-05-02,2018-07-31,63,-2.9057,-11.126
2018-05-03,2018-08-01,63,-3.8321,-14.4694
2018-05-04,2018-08-02,63,-4.2083,-15.8
2018-05-07,2018-08-03,63,-5.1398,-19.0278
2018-05-08,2018-08-06,63,-5.7156,-20.9761
2018-05-09,2018-08-07,63,-5.1663,-19.1183
2018-05-10,2018-08-08,63,-5.7655,-21.143
2018-05-11,2018-08-09,63,-4.794,-17.8405
2018-05-14,2018-08-10,63,-4.5683,-17.0586
2018-05-15,2018-08-13,63,-4.4198,-16.5412
2018-05-16,2018-08-14,63,-4.4612,-16.6858
2018-05-17,2018-08-15,63,-4.7286,-17.6146
2018-05-18,2018-08-16,63,-5.3445,-19.7243
2018-05-21,2018-08-17,63,-5.9997,-21.9242
2018-05-22,2018-08-20,63,-6.0259,-22.0113
2018-05-23,2018-08-21,63,-5.3383,-19.7033
2018-05-24,2018-08-22,63,-5.6613,-20.7939
2018-05-25,2018-08-23,63,-5.1939,-19.2122
2018-05-28,2018-08-24,63,-5.0671,-18.7792
2018-05-29,2018-08-27,63,-4.1668,-15.6542
2018-05-30,2018-08-28,63,-3.596,-13.6267
2018-05-31,2018-08-29,63,-4.1292,-15.5216
2018-06-01,2018-08-30,63,-3.9506,-14.8903
2018-06-04,2018-08-31,63,-4.0391,-15.2036
2018-06-05,2018-09-03,63,-4.5038,-16.8342
2018-06-06,2018-09-04,63,-4.4371,-16.6018
2018-06-07,2018-09-05,63,-4.6245,-17.2538
2018-06-08,2018-09-06,63,-4.4265,-16.5647
2018-06-11,2018-09-07,63,-4.0902,-15.3841
2018-06-12,2018-09-10,63,-4.9501,-18.3782
2018-06-13,2018-09-11,63,-4.4663,-16.7034
2018-06-14,2018-09-12,63,-4.5812,-17.1037
2018-06-15,2018-09-13,63,-4.0065,-15.0883
2018-06-19,2018-09-14,63,-2.8578,-10.9503
2018-06-20,2018-09-17,63,-3.3716,-12.8196
2018-06-21,2018-09-18,63,-2.2254,-8.609
2018-06-22,2018-09-19,63,-2.4637,-9.4966
2018-06-25,2018-09-20,63,-2.4112,-9.3015
2018-06-26,2018-09-21,63,-2.3462,-9.0598
2018-06-27,2018-09-25,63,-2.2929,-8.861
2018-06-28,2018-09-26,63,-1.9124,-7.4331
2018-06-29,2018-09-27,63,-3.2658,-12.4371
2018-07-02,2018-09-28,63,-3.1344,-11.9604
2018-07-03,2018-10-08,63,-3.9279,-14.8101
2018-07-04,2018-10-09,63,-3.6296,-13.7468
2018-07-05,2018-10-10,63,-3.1645,-12.0699
2018-07-06,2018-10-11,63,-4.5665,-17.0525
2018-07-09,2018-10-12,63,-4.6642,-17.3915
2018-07-10,2018-10-15,63,-4.7578,-17.7156
2018-07-11,2018-10-16,63,-5.0059,-18.5698
2018-07-12,2018-10-17,63,-5.374,-19.8246
2018-07-13,2018-10-18,63,-5.792,-21.2319
2018-07-16,2018-10-19,63,-4.9937,-18.5276
2018-07-17,2018-10-22,63,-4.0187,-15.1314
2018-07-18,2018-10-23,63,-3.863,-14.5796
2018-07-19,2018-10-24,63,-3.8635,-14.5811
2018-07-20,2018-10-25,63,-4.1794,-15.6984
2018-07-23,2018-10-26,63,-4.6161,-17.2248
2018-07-24,2018-10-29,63,-4.9369,-18.3327
2018-07-25,2018-10-30,63,-4.8789,-18.1334
2018-07-26,2018-10-31,63,-4.5743,-17.0795
2018-07-27,2018-11-01,63,-4.1693,-15.6627
2018-07-30,2018-11-02,63,-2.72,-10.4442
2018-07-31,2018-11-05,63,-2.7238,-10.4581
2018-08-01,2018-11-06,63,-2.4066,-9.2843
2018-08-02,2018-11-07,63,-1.9313,-7.5044
2018-08-03,2018-11-08,63,-1.4003,-5.4847
2018-08-06,2018-11-09,63,-0.9517,-3.7527
2018-08-07,2018-11-12,63,-0.9593,-3.7823
2018-08-08,2018-11-13,63,-0.0964,-0.3851
2018-08-09,2018-11-14,63,-1.0022,-3.9489
2018-08-10,2018-11-15,63,-0.7372,-2.9162
2018-08-13,2018-11-16,63,-1.0922,-4.2976
2018-08-14,2018-11-19,63,-0.7394,-2.925
2018-08-15,2018-11-20,63,-0.6566,-2.6008
2018-08-16,2018-11-21,63,0.0117,0.047
2018-08-17,2018-11-22,63,0.4548,1.8315
2018-08-20,2018-11-23,63,-0.53,-2.1031
2018-08-21,2018-11-26,63,-1.0675,-4.2021
2018-08-22,2018-11-27,63,-0.6542,-2.5913
2018-08-23,2018-11-28,63,-0.5859,-2.3229
2018-08-24,2018-11-29,63,-0.811,-3.2047
2018-08-27,2018-11-30,63,-1.3109,-5.1413
2018-08-28,2018-12-03,63,-0.7645,-3.0231
2018-08-29,2018-12-04,63,-0.3576,-1.4228
2018-08-30,2018-12-05,63,0.078,0.3124
2018-08-31,2018-12-06,63,-0.1149,-0.4587
2018-09-03,2018-12-07,63,-0.1844,-0.7355
2018-09-04,2018-12-10,63,-0.2491,-0.9926
2018-09-05,2018-12-11,63,0.3074,1.2354
2018-09-06,2018-12-12,63,0.2241,0.8992
2018-09-07,2018-12-13,63,0.2401,0.9639
2018-09-10,2018-12-14,63,0.1929,0.7738
2018-09-11,2018-12-17,63,-0.1706,-0.6808
2018-09-12,2018-12-18,63,0.0604,0.2418
2018-09-13,2018-12-19,63,-0.5396,-2.1411
2018-09-14,2018-12-20,63,-0.0476,-0.1901
2018-09-17,2018-12-21,63,0.4733,1.9067
2018-09-18,2018-12-24,63,0.2886,1.1593
2018-09-19,2018-12-25,63,-0.0356,-0.1423
2018-09-20,2018-12-26,63,-0.1134,-0.4528
2018-09-21,2018-12-27,63,-0.9722,-3.8323
2018-09-25,2018-12-28,63,-0.5912,-2.344
2018-09-26,2019-01-02,63,-1.2061,-4.7379
2018-09-27,2019-01-03,63,-0.9254,-3.6505
2018-09-28,2019-01-04,63,-0.2247,-0.8959
2018-10-08,2019-01-07,63,0.6186,2.4973
2018-10-09,2019-01-08,63,0.6108,2.4656
2018-10-10,2019-01-09,63,0.4875,1.9641
2018-10-11,2019-01-10,63,1.8414,7.5715
2018-10-12,2019-01-11,63,1.2635,5.1508
2018-10-15,2019-01-14,63,1.056,4.2913
2018-10-16,2019-01-15,63,2.0938,8.6421
2018-10-17,2019-01-16,63,1.9051,7.8411
2018-10-18,2019-01-17,63,2.1433,8.8527
2018-10-19,2019-01-18,63,1.483,6.0654
2018-10-22,2019-01-21,63,0.243,0.9756
2018-10-23,2019-01-22,63,0.0897,0.3592
2018-10-24,2019-01-23,63,0.2236,0.8975
2018-10-25,2019-01-24,63,0.5548,2.2376
2018-10-26,2019-01-25,63,0.7432,3.0063
2018-10-29,2019-01-28,63,1.1453,4.6605
2018-10-30,2019-01-29,63,0.7713,3.121
2018-10-31,2019-01-30,63,0.5181,2.0886
2018-11-01,2019-01-31,63,0.2481,0.9959
2018-11-02,2019-02-01,63,0.1507,0.6043
2018-11-05,2019-02-11,63,0.9962,4.0447
2018-11-06,2019-02-12,63,1.3056,5.3256
2018-11-07,2019-02-13,63,1.8242,7.4987
2018-11-08,2019-02-14,63,1.7987,7.3911
2018-11-09,2019-02-15,63,2.0724,8.5507
2018-11-12,2019-02-18,63,2.7334,11.3899
2018-11-13,2019-02-19,63,2.3371,9.6812
2018-11-14,2019-02-20,63,2.652,11.0376
2018-11-15,2019-02-21,63,2.1085,8.7046
2018-11-16,2019-02-22,63,2.8173,11.7544
2018-11-19,2019-02-25,63,4.4767,19.1454
2018-11-20,2019-02-26,63,5.2302,22.6201
2018-11-21,2019-02-27,63,4.5571,19.5126
2018-11-22,2019-02-28,63,4.8083,20.6656
2018-11-23,2019-03-01,63,6.2036,27.2204
2018-11-26,2019-03-04,63,7.0114,31.1355
2018-11-27,2019-03-05,63,7.9394,35.7436
2018-11-28,2019-03-06,63,8.2153,37.137
2018-11-29,2019-03-07,63,8.2565,37.3459
2018-11-30,2019-03-08,63,7.4031,33.0661
2018-12-03,2019-03-11,63,8.3143,37.6393
2018-12-04,2019-03-12,63,9.0837,41.5922
2018-12-05,2019-03-13,63,7.4891,33.493
2018-12-06,2019-03-14,63,7.0984,31.5622
2018-12-07,2019-03-15,63,7.3847,32.9747
2018-12-10,2019-03-18,63,8.2899,37.5154
2018-12-11,2019-03-19,63,8.2236,37.1791
2018-12-12,2019-03-20,63,7.8975,35.5331
2018-12-13,2019-03-21,63,8.2369,37.2465
2018-12-14,2019-03-22,63,8.7075,39.6491
2018-12-17,2019-03-25,63,8.5766,38.9779
2018-12-18,2019-03-26,63,7.7526,34.8065
2018-12-19,2019-03-27,63,8.3313,37.7259
2018-12-20,2019-03-28,63,7.8877,35.484
2018-12-21,2019-03-29,63,8.6858,39.5373
2018-12-24,2019-04-01,63,9.7178,44.9135
2018-12-25,2019-04-02,63,9.6459,44.5337
2018-12-26,2019-04-03,63,10.1523,47.2225
2018-12-27,2019-04-04,63,10.8012,50.7226
2018-12-28,2019-04-08,63,9.9287,46.031
2019-01-02,2019-04-09,63,10.4121,48.6166
2019-01-03,2019-04-10,63,10.1394,47.1535
2019-01-04,2019-04-11,63,8.8885,40.5817
2019-01-07,2019-04-12,63,8.2818,37.4742
2019-01-08,2019-04-15,63,7.8163,35.1256
2019-01-09,2019-04-16,63,8.5169,38.6724
2019-01-10,2019-04-17,63,8.8157,40.2061
2019-01-11,2019-04-18,63,8.4998,38.5851
2019-01-14,2019-04-19,63,9.2528,42.4724
2019-01-15,2019-04-22,63,8.4756,38.4615
2019-01-16,2019-04-23,63,8.0377,36.2392
2019-01-17,2019-04-24,63,9.1035,41.6952
2019-01-18,2019-04-25,63,7.7921,35.0042
2019-01-21,2019-04-26,63,7.6708,34.3974
2019-01-22,2019-04-29,63,7.3959,33.0306
2019-01-23,2019-04-30,63,7.5792,33.9408
2019-01-24,2019-05-06,63,5.1133,22.076
2019-01-25,2019-05-07,63,5.2759,22.8332
2019-01-28,2019-05-08,63,4.8574,20.8918
2019-01-29,2019-05-09,63,4.9068,21.1195
2019-01-30,2019-05-10,63,6.4429,28.371
2019-01-31,2019-05-13,63,6.0309,26.395
2019-02-01,2019-05-14,63,5.0122,21.6071
2019-02-11,2019-05-15,63,4.5683,19.5638
2019-02-12,2019-05-16,63,4.3957,18.7764
2019-02-13,2019-05-17,63,2.8423,11.8633
2019-02-14,2019-05-20,63,2.4409,10.1271
2019-02-15,2019-05-21,63,2.7764,11.5769
2019-02-18,2019-05-22,63,1.4642,5.9868
2019-02-19,2019-05-23,63,0.9457,3.8368
2019-02-20,2019-05-24,63,0.7495,3.0319
2019-02-21,2019-05-27,63,1.6976,6.9654
2019-02-22,2019-05-28,63,1.2732,5.1909
2019-02-25,2019-05-29,63,-0.1268,-0.5064
2019-02-26,2019-05-30,63,-0.5892,-2.3359
2019-02-27,2019-05-31,63,0.1248,0.5
2019-02-28,2019-06-03,63,0.0862,0.3451
2019-03-01,2019-06-04,63,-0.2504,-0.9978
2019-03-04,2019-06-05,63,-0.5223,-2.0731
2019-03-05,2019-06-06,63,-1.7103,-6.6678
2019-03-06,2019-06-10,63,-2.0055,-7.784
2019-03-07,2019-06-11,63,-1.0558,-4.157
2019-03-08,2019-06-12,63,-0.7356,-2.9101
2019-03-11,2019-06-13,63,-1.6546,-6.456
2019-03-12,2019-06-14,63,-2.1185,-8.2085
2019-03-13,2019-06-17,63,-1.7839,-6.9468
2019-03-14,2019-06-18,63,-0.7864,-3.1086
2019-03-15,2019-06-19,63,-0.8807,-3.4766
2019-03-18,2019-06-20,63,-0.4645,-1.8449
2019-03-19,2019-06-21,63,0.0235,0.0939
2019-03-20,2019-06-24,63,0.3931,1.5817
2019-03-21,2019-06-25,63,0.2923,1.1741
2019-03-22,2019-06-26,63,0.1429,0.5728
2019-03-25,2019-06-27,63,0.5534,2.2322
2019-03-26,2019-06-28,63,0.9691,3.9333
2019-03-27,2019-07-01,63,1.0375,4.2151
2019-03-28,2019-07-02,63,1.5877,6.5037
2019-03-29,2019-07-03,63,1.5775,6.4608
2019-04-01,2019-07-04,63,0.2249,0.9026
2019-04-02,2019-07-05,63,0.5481,2.2107
2019-04-03,2019-07-08,63,-0.4281,-1.7013
2019-04-04,2019-07-09,63,-0.6415,-2.5415
2019-04-08,2019-07-10,63,-0.4247,-1.6879
2019-04-09,2019-07-11,63,0.0961,0.3849
2019-04-10,2019-07-12,63,-0.0077,-0.0308
2019-04-11,2019-07-15,63,0.9509,3.8581
2019-04-12,2019-07-16,63,1.1354,4.6196
2019-04-15,2019-07-17,63,1.5848,6.4917
2019-04-16,2019-07-18,63,1.1042,4.4905
2019-04-17,2019-07-19,63,1.6255,6.6624
2019-04-18,2019-07-22,63,1.3623,5.5617
2019-04-19,2019-07-23,63,1.1844,4.8225
2019-04-22,2019-07-24,63,1.7054,6.9982
2019-04-23,2019-07-25,63,2.2663,9.3782
2019-04-24,2019-07-26,63,1.6387,6.7177
2019-04-25,2019-07-29,63,2.2598,9.3501
2019-04-26,2019-07-30,63,2.6416,10.9925
2019-04-29,2019-07-31,63,3.2531,13.6611
2019-04-30,2019-08-01,63,2.6572,11.0601
2019-05-06,2019-08-02,63,4.6668,20.0149
2019-05-07,2019-08-05,63,4.9922,21.5144
2019-05-08,2019-08-06,63,4.9666,21.3961
2019-05-09,2019-08-07,63,5.5899,24.3051
2019-05-10,2019-08-08,63,5.1054,22.0396
2019-05-13,2019-08-09,63,5.2921,22.9091
2019-05-14,2019-08-12,63,5.4693,23.7385
2019-05-15,2019-08-13,63,5.483,23.8025
2019-05-16,2019-08-14,63,4.6892,20.1181
2019-05-17,2019-08-15,63,6.3894,28.1133
2019-05-20,2019-08-16,63,7.0332,31.2421
2019-05-21,2019-08-19,63,7.4245,33.1723
2019-05-22,2019-08-20,63,7.2116,32.1195
2019-05-23,2019-08-21,63,7.8839,35.4646
2019-05-24,2019-08-22,63,8.0057,36.0779
2019-05-27,2019-08-23,63,7.1058,31.5986
2019-05-28,2019-08-26,63,7.6794,34.4406
2019-05-29,2019-08-27,63,8.2556,37.3415
2019-05-30,2019-08-28,63,8.5938,39.0657
2019-05-31,2019-08-29,63,8.5336,38.7575
2019-06-03,2019-08-30,63,7.7843,34.9654
2019-06-04,2019-09-02,63,8.3533,37.8381
2019-06-05,2019-09-03,63,8.538,38.7801
2019-06-06,2019-09-04,63,9.5345,43.9474
2019-06-10,2019-09-05,63,9.8049,45.3739
2019-06-11,2019-09-06,63,7.9011,35.5511
2019-06-12,2019-09-09,63,8.6778,39.4966
2019-06-13,2019-09-10,63,7.8948,35.5194
2019-06-14,2019-09-11,63,7.7081,34.5838
2019-06-17,2019-09-12,63,8.4195,38.1751
2019-06-18,2019-09-16,63,8.0294,36.1973
2019-06-19,2019-09-17,63,7.1906,32.016
2019-06-20,2019-09-18,63,6.1704,27.0613
2019-06-21,2019-09-19,63,5.8789,25.6718
2019-06-24,2019-09-20,63,5.9057,25.799
2019-06-25,2019-09-23,63,5.6284,24.4868
2019-06-26,2019-09-24,63,6.2882,27.6264
2019-06-27,2019-09-25,63,5.7595,25.1058
2019-06-28,2019-09-26,63,4.7507,20.4005
2019-07-01,2019-09-27,63,4.6143,19.7746
2019-07-02,2019-09-30,63,3.8652,16.3804
2019-07-03,2019-10-08,63,3.3046,13.8881
2019-07-04,2019-10-09,63,4.2828,18.2634
2019-07-05,2019-10-10,63,4.5743,19.5912
2019-07-08,2019-10-11,63,5.3025,22.9575
2019-07-09,2019-10-14,63,5.1484,22.2393
2019-07-10,2019-10-15,63,5.0746,21.8965
2019-07-11,2019-10-16,63,4.3223,18.4427
2019-07-12,2019-10-17,63,4.6788,20.0701
2019-07-15,2019-10-18,63,3.8557,16.3379
2019-07-16,2019-10-21,63,3.8072,16.1209
2019-07-17,2019-10-22,63,4.1461,17.6447
2019-07-18,2019-10-23,63,4.1669,17.7385
2019-07-19,2019-10-24,63,3.5348,14.9068
2019-07-22,2019-10-25,63,4.813,20.6869
2019-07-23,2019-10-28,63,5.1058,22.0411
2019-07-24,2019-10-29,63,4.1133,17.4964
2019-07-25,2019-10-30,63,3.7778,15.9891
2019-07-26,2019-10-31,63,3.7891,16.04
2019-07-29,2019-11-01,63,4.1487,17.6563
2019-07-30,2019-11-04,63,3.9892,16.9372
2019-07-31,2019-11-05,63,4.074,17.3191
2019-08-01,2019-11-06,63,3.9403,16.7176
2019-08-02,2019-11-07,63,3.9513,16.767
2019-08-05,2019-11-08,63,3.1073,13.0205
2019-08-06,2019-11-11,63,2.7509,11.4662
2019-08-07,2019-11-12,63,2.1788,9.0041
2019-08-08,2019-11-13,63,2.3216,9.6149
2019-08-09,2019-11-14,63,2.7394,11.4161
2019-08-12,2019-11-15,63,1.9185,7.8976
2019-08-13,2019-11-18,63,1.7645,7.2469
2019-08-14,2019-11-19,63,3.105,13.0105
2019-08-15,2019-11-20,63,2.3534,9.7512
2019-08-16,2019-11-21,63,1.9853,8.1808
2019-08-19,2019-11-22,63,0.5775,2.3301
2019-08-20,2019-11-25,63,0.4139,1.666
2019-08-21,2019-11-26,63,0.6541,2.6424
2019-08-22,2019-11-27,63,0.4891,1.9708
2019-08-23,2019-11-28,63,0.388,1.5609
2019-08-26,2019-11-29,63,-0.259,-1.0321
2019-08-27,2019-12-02,63,-0.6187,-2.452
2019-08-28,2019-12-03,63,-0.447,-1.776
2019-08-29,2019-12-04,63,-0.2278,-0.9081
2019-08-30,2019-12-05,63,0.787,3.1853
2019-09-02,2019-12-06,63,0.2675,1.0743
2019-09-03,2019-12-09,63,-0.2422,-0.9651
2019-09-04,2019-12-10,63,-0.2677,-1.0663
2019-09-05,2019-12-11,63,-0.9126,-3.6006
2019-09-06,2019-12-12,63,0.0037,0.0146
2019-09-09,2019-12-13,63,-0.506,-2.0087
2019-09-10,2019-12-16,63,0.6316,2.5506
2019-09-11,2019-12-17,63,1.1827,4.8152
2019-09-12,2019-12-18,63,0.963,3.9078
2019-09-16,2019-12-19,63,0.83,3.3617
2019-09-17,2019-12-20,63,1.2858,5.2434
2019-09-18,2019-12-23,63,0.7094,2.8678
2019-09-19,2019-12-24,63,0.9463,3.8393
2019-09-20,2019-12-25,63,1.2664,5.1625
2019-09-23,2019-12-26,63,1.4949,6.1151
2019-09-24,2019-12-27,63,0.9109,3.6937
2019-09-25,2019-12-30,63,1.4783,6.0457
2019-09-26,2020-01-02,63,3.2938,13.8405
2019-09-27,2020-01-03,63,3.4172,14.3855
2019-09-30,2020-01-06,63,4.7235,20.2753
2019-10-08,2020-01-07,63,5.1771,22.3727
2019-10-09,2020-01-08,63,4.699,20.1628
2019-10-10,2020-01-09,63,3.8477,16.3019
2019-10-11,2020-01-10,63,3.9529,16.774
2019-10-14,2020-01-13,63,4.5753,19.5961
2019-10-15,2020-01-14,63,4.2865,18.2805
2019-10-16,2020-01-15,63,4.7061,20.1954
2019-10-17,2020-01-16,63,4.596,19.6909
2019-10-18,2020-01-17,63,4.8352,20.7892
2019-10-21,2020-01-20,63,5.6381,24.5326
2019-10-22,2020-01-21,63,5.3942,23.3861
2019-10-23,2020-01-22,63,5.717,24.9049
2019-10-24,2020-01-23,63,4.934,21.2455
2019-10-25,2020-02-03,63,3.1146,13.0528
2019-10-28,2020-02-04,63,3.6383,15.3667
2019-10-29,2020-02-05,63,4.8589,20.8988
2019-10-30,2020-02-06,63,5.8135,25.3614
2019-10-31,2020-02-07,63,6.1739,27.0784
2019-11-01,2020-02-10,63,6.1468,26.9486
2019-11-04,2020-02-11,63,5.6982,24.8161
2019-11-05,2020-02-12,63,6.4087,28.206
2019-11-06,2020-02-13,63,6.8546,30.3684
2019-11-07,2020-02-14,63,6.5904,29.0841
2019-11-08,2020-02-17,63,8.3322,37.7304
2019-11-11,2020-02-18,63,9.5042,43.7884
2019-11-12,2020-02-19,63,9.6826,44.7273
2019-11-13,2020-02-20,63,9.5929,44.2548
2019-11-14,2020-02-21,63,10.3944,48.5212
2019-11-15,2020-02-24,63,11.8742,56.6463
2019-11-18,2020-02-25,63,11.4811,54.4558
2019-11-19,2020-02-26,63,9.2103,42.2508
2019-11-20,2020-02-27,63,9.5222,43.8828
2019-11-21,2020-02-28,63,7.591,33.9999
2019-11-22,2020-03-02,63,8.4759,38.4627
2019-11-25,2020-03-03,63,9.4536,43.5225
2019-11-26,2020-03-04,63,9.7255,44.9539
2019-11-27,2020-03-05,63,10.329,48.1696
2019-11-28,2020-03-06,63,10.7378,50.378
2019-11-29,2020-03-09,63,9.212,42.2596
2019-12-02,2020-03-10,63,9.5243,43.894
2019-12-03,2020-03-11,63,8.8927,40.6032
2019-12-04,2020-03-12,63,7.3517,32.8116
2019-12-05,2020-03-13,63,5.8636,25.5989
2019-12-06,2020-03-16,63,3.4389,14.4814
2019-12-09,2020-03-17,63,2.6386,10.9796
2019-12-10,2020-03-18,63,2.5865,10.7544
2019-12-11,2020-03-19,63,2.7445,11.4384
2019-12-12,2020-03-20,63,3.0617,12.8209
2019-12-13,2020-03-23,63,1.6344,6.6998
2019-12-16,2020-03-24,63,3.0473,12.7579
2019-12-17,2020-03-25,63,4.0233,17.0908
2019-12-18,2020-03-26,63,3.8936,16.5079
2019-12-19,2020-03-27,63,3.948,16.7519
2019-12-20,2020-03-30,63,3.3324,14.0106
2019-12-23,2020-03-31,63,3.9552,16.7845
2019-12-24,2020-04-01,63,2.7784,11.5855
2019-12-25,2020-04-02,63,3.2777,13.7696
2019-12-26,2020-04-03,63,3.1754,13.3196
2019-12-27,2020-04-07,63,5.0919,21.9767
2019-12-30,2020-04-08,63,4.4054,18.8207
2020-01-02,2020-04-09,63,4.2641,18.1786
2020-01-03,2020-04-10,63,3.3522,14.0982
2020-01-06,2020-04-13,63,2.2034,9.1091
2020-01-07,2020-04-14,63,3.1272,13.1079
2020-01-08,2020-04-15,63,2.9386,12.2826
2020-01-09,2020-04-16,63,3.8093,16.1302
2020-01-10,2020-04-17,63,3.4816,14.6706
2020-01-13,2020-04-20,63,3.2432,13.6176
2020-01-14,2020-04-21,63,3.7874,16.032
2020-01-15,2020-04-22,63,3.7031,15.6556
2020-01-16,2020-04-23,63,3.8908,16.4954
2020-01-17,2020-04-24,63,3.751,15.8696
2020-01-20,2020-04-27,63,3.0873,12.9331
2020-01-21,2020-04-28,63,2.956,12.3589
2020-01-22,2020-04-29,63,2.9555,12.3563
2020-01-23,2020-04-30,63,4.2581,18.1515
2020-02-03,2020-05-06,63,6.1376,26.9045
2020-02-04,2020-05-07,63,4.8326,20.7775
2020-02-05,2020-05-08,63,4.7641,20.4618
2020-02-06,2020-05-11,63,3.5203,14.8421
2020-02-07,2020-05-12,63,3.5328,14.8978
2020-02-10,2020-05-13,63,3.3686,14.1705
2020-02-11,2020-05-14,63,3.5181,14.8326
2020-02-12,2020-05-15,63,3.3351,14.0229
2020-02-13,2020-05-18,63,4.0524,17.2217
2020-02-14,2020-05-19,63,3.8615,16.3641
2020-02-17,2020-05-20,63,2.838,11.8445
2020-02-18,2020-05-21,63,1.9491,8.0272
2020-02-19,2020-05-22,63,1.3107,5.3468
2020-02-20,2020-05-25,63,0.7269,2.9396
2020-02-21,2020-05-26,63,0.613,2.4746
2020-02-24,2020-05-27,63,-1.055,-4.1537
2020-02-25,2020-05-28,63,-0.7169,-2.837
2020-02-26,2020-05-29,63,0.5821,2.3489
2020-02-27,2020-06-01,63,1.4584,5.9625
2020-02-28,2020-06-02,63,3.0262,12.6656
2020-03-02,2020-06-03,63,2.6044,10.8318
2020-03-03,2020-06-04,63,2.1066,8.6965
2020-03-04,2020-06-05,63,1.7461,7.1695
2020-03-05,2020-06-08,63,0.8773,3.5558
2020-03-06,2020-06-09,63,0.8635,3.4991
2020-03-09,2020-06-10,63,2.7513,11.4678
2020-03-10,2020-06-11,63,2.5578,10.6305
2020-03-11,2020-06-12,63,3.0748,12.878
2020-03-12,2020-06-15,63,4.1559,17.6891
2020-03-13,2020-06-16,63,5.669,24.678
2020-03-16,2020-06-17,63,8.224,37.1809
2020-03-17,2020-06-18,63,9.4861,43.693
2020-03-18,2020-06-19,63,10.0132,46.4802
2020-03-19,2020-06-22,63,10.7446,50.4145
2020-03-20,2020-06-23,63,10.6171,49.7232
2020-03-23,2020-06-24,63,12.3626,59.3993
2020-03-24,2020-06-29,63,9.822,45.4646
2020-03-25,2020-06-30,63,9.2601,42.5104
2020-03-26,2020-07-01,63,9.4359,43.4297
2020-03-27,2020-07-02,63,9.2894,42.6633
2020-03-30,2020-07-03,63,10.8607,51.0463
2020-03-31,2020-07-06,63,11.477,54.4334
2020-04-01,2020-07-07,63,12.9596,62.8145
2020-04-02,2020-07-08,63,12.7867,61.8198
2020-04-03,2020-07-09,63,14.323,70.8182
2020-04-07,2020-07-10,63,12.4493,59.8919
2020-04-08,2020-07-13,63,14.3442,70.9451
2020-04-09,2020-07-14,63,13.2222,64.3336
2020-04-10,2020-07-15,63,13.3792,65.2472
2020-04-13,2020-07-16,63,11.6478,55.3819
2020-04-14,2020-07-17,63,10.305,48.0405
2020-04-15,2020-07-20,63,11.1045,52.3796
2020-04-16,2020-07-21,63,11.035,51.9986
2020-04-17,2020-07-22,63,12.3945,59.5806
2020-04-20,2020-07-23,63,12.648,61.0255
2020-04-21,2020-07-24,63,10.843,50.9503
2020-04-22,2020-07-27,63,11.3259,53.5979
2020-04-23,2020-07-28,63,11.4606,54.3422
2020-04-24,2020-07-29,63,13.0155,63.1367
2020-04-27,2020-07-30,63,12.5012,60.1872
2020-04-28,2020-07-31,63,13.424,65.5081
2020-04-29,2020-08-03,63,14.1123,69.5623
2020-04-30,2020-08-04,63,12.9335,62.6638
2020-05-06,2020-08-05,63,13.4066,65.4071
2020-05-07,2020-08-06,63,13.2956,64.7601
2020-05-08,2020-08-07,63,11.9882,57.2856
2020-05-11,2020-08-10,63,12.0656,57.7208
2020-05-12,2020-08-11,63,10.6376,49.834
2020-05-13,2020-08-12,63,8.4033,38.0927
2020-05-14,2020-08-13,63,8.3743,37.9446
2020-05-15,2020-08-14,63,8.6516,39.3618
2020-05-18,2020-08-17,63,8.6387,39.2958
2020-05-19,2020-08-18,63,9.3067,42.7535
2020-05-20,2020-08-19,63,8.0612,36.3576
2020-05-21,2020-08-20,63,7.5991,34.0401
2020-05-22,2020-08-21,63,9.0611,41.4748
2020-05-25,2020-08-24,63,9.4137,43.3136
2020-05-26,2020-08-25,63,8.6161,39.1799
2020-05-27,2020-08-26,63,8.788,40.0634
2020-05-28,2020-08-27,63,9.7009,44.8239
2020-05-29,2020-08-28,63,10.0014,46.4176
2020-06-01,2020-08-31,63,8.4674,38.4196
2020-06-02,2020-09-01,63,9.2561,42.4893
2020-06-03,2020-09-02,63,9.528,43.9134
2020-06-04,2020-09-03,63,8.8738,40.5056
2020-06-05,2020-09-04,63,8.5316,38.7473
2020-06-08,2020-09-07,63,7.9211,35.6518
2020-06-09,2020-09-08,63,7.6468,34.2779
2020-06-10,2020-09-09,63,5.6339,24.5127
2020-06-11,2020-09-10,63,5.2216,22.5799
2020-06-12,2020-09-11,63,5.6204,24.4489
2020-06-15,2020-09-14,63,5.9396,25.9603
2020-06-16,2020-09-15,63,5.7608,25.112
2020-06-17,2020-09-16,63,5.1657,22.3195
2020-06-18,2020-09-17,63,5.0214,21.6496
2020-06-19,2020-09-18,63,4.8208,20.7232
2020-06-22,2020-09-21,63,3.9576,16.7952
2020-06-23,2020-09-22,63,2.8032,11.6932
2020-06-24,2020-09-23,63,2.6474,11.0174
2020-06-29,2020-09-24,63,1.8121,7.448
2020-06-30,2020-09-25,63,1.3829,5.6475
2020-07-01,2020-09-28,63,1.1798,4.8036
2020-07-02,2020-09-29,63,2.1752,8.9889
2020-07-03,2020-09-30,63,1.7995,7.3948
2020-07-06,2020-10-09,63,2.0878,8.6164
2020-07-07,2020-10-12,63,2.715,11.3102
2020-07-08,2020-10-13,63,1.9489,8.0265
2020-07-09,2020-10-14,63,0.3177,1.2768
2020-07-10,2020-10-15,63,0.0574,0.2297
2020-07-13,2020-10-16,63,-1.0367,-4.0829
2020-07-14,2020-10-19,63,-1.0479,-4.126
2020-07-15,2020-10-20,63,-0.3331,-1.3257
2020-07-16,2020-10-21,63,0.9841,3.9951
2020-07-17,2020-10-22,63,0.7375,2.9826
2020-07-20,2020-10-23,63,-0.4685,-1.861
2020-07-21,2020-10-26,63,-0.9557,-3.7683
2020-07-22,2020-10-27,63,-1.2926,-5.071
2020-07-23,2020-10-28,63,-1.51,-5.9045
2020-07-24,2020-10-29,63,-0.227,-0.9048
2020-07-27,2020-10-30,63,-1.3735,-5.382
2020-07-28,2020-11-02,63,-0.9954,-3.9224
2020-07-29,2020-11-03,63,-1.563,-6.1068
2020-07-30,2020-11-04,63,-1.0607,-4.1758
2020-07-31,2020-11-05,63,-1.4079,-5.5137
2020-08-03,2020-11-06,63,-2.2086,-8.5462
2020-08-04,2020-11-09,63,-1.2731,-4.996
2020-08-05,2020-11-10,63,-3.1224,-11.9169
2020-08-06,2020-11-11,63,-3.7668,-14.2369
2020-08-07,2020-11-12,63,-3.179,-12.1224
2020-08-10,2020-11-13,63,-2.7188,-10.4395
2020-08-11,2020-11-16,63,-1.7719,-6.9013
2020-08-12,2020-11-17,63,-0.7295,-2.8863
2020-08-13,2020-11-18,63,-1.091,-4.2932
2020-08-14,2020-11-19,63,-1.5904,-6.2116
2020-08-17,2020-11-20,63,-1.8583,-7.2286
2020-08-18,2020-11-23,63,-2.1927,-8.4866
2020-08-19,2020-11-24,63,-1.764,-6.8713
2020-08-20,2020-11-25,63,-1.7526,-6.8281
2020-08-21,2020-11-26,63,-2.2454,-8.6834
2020-08-24,2020-11-27,63,-2.3673,-9.1384
2020-08-25,2020-11-30,63,-3.0423,-11.6251
2020-08-26,2020-12-01,63,-1.6667,-6.5021
2020-08-27,2020-12-02,63,-2.1755,-8.4222
2020-08-28,2020-12-03,63,-2.2798,-8.812
2020-08-31,2020-12-04,63,-1.9239,-7.4765
2020-09-01,2020-12-07,63,-2.4569,-9.4714
2020-09-02,2020-12-08,63,-1.8942,-7.3641
2020-09-03,2020-12-09,63,-1.8372,-7.1487
2020-09-04,2020-12-10,63,-1.8084,-7.0399
2020-09-07,2020-12-11,63,-1.2619,-4.9528
2020-09-08,2020-12-14,63,-0.9949,-3.9205
2020-09-09,2020-12-15,63,0.7951,3.2186
2020-09-10,2020-12-16,63,1.2574,5.1252
2020-09-11,2020-12-17,63,1.1038,4.4889
2020-09-14,2020-12-18,63,0.8508,3.4468
2020-09-15,2020-12-21,63,1.8043,7.4147
2020-09-16,2020-12-22,63,1.2824,5.2291
2020-09-17,2020-12-23,63,1.6515,6.7715
2020-09-18,2020-12-24,63,1.0451,4.2465
2020-09-21,2020-12-25,63,1.6349,6.7019
2020-09-22,2020-12-28,63,2.3999,9.9509
2020-09-23,2020-12-29,63,1.9237,7.9198
2020-09-24,2020-12-30,63,3.7271,15.7626
2020-09-25,2021-01-04,63,5.5412,24.0761
2020-09-28,2021-01-05,63,6.1684,27.0519
2020-09-29,2021-01-06,63,5.5082,23.921
2020-09-30,2021-01-07,63,5.5859,24.2864
2020-10-09,2021-01-08,63,4.2092,17.9302
2020-10-12,2021-01-11,63,1.6276,6.6712
2020-10-13,2021-01-12,63,2.5729,10.6957
2020-10-14,2021-01-13,63,2.6032,10.8264
2020-10-15,2021-01-14,63,2.3857,9.8896
2020-10-16,2021-01-15,63,2.6125,10.8666
2020-10-19,2021-01-18,63,3.4684,14.6124
2020-10-20,2021-01-19,63,2.4682,10.2444
2020-10-21,2021-01-20,63,4.0043,17.0054
2020-10-22,2021-01-21,63,5.2691,22.8014
2020-10-23,2021-01-22,63,6.8083,30.1428
2020-10-26,2021-01-25,63,6.5748,29.0085
2020-10-27,2021-01-26,63,5.1087,22.0549
2020-10-28,2021-01-27,63,4.9549,21.3418
2020-10-29,2021-01-28,63,3.7479,15.8556
2020-10-30,2021-01-29,63,4.2144,17.9536
2020-11-02,2021-02-01,63,3.9804,16.8978
2020-11-03,2021-02-02,63,3.9127,16.5933
2020-11-04,2021-02-03,63,3.4285,14.4355
2020-11-05,2021-02-04,63,2.6559,11.0544
2020-11-06,2021-02-05,63,2.6632,11.086
2020-11-09,2021-02-08,63,2.8151,11.745
2020-11-10,2021-02-09,63,4.6813,20.0816
2020-11-11,2021-02-10,63,6.51,28.6951
2020-11-12,2021-02-18,63,4.7332,20.3201
2020-11-13,2021-02-19,63,4.1203,17.5281
2020-11-16,2021-02-22,63,2.983,12.4766
2020-11-17,2021-02-23,63,3.6066,15.2259
2020-11-18,2021-02-24,63,3.1116,13.0393
2020-11-19,2021-02-25,63,2.4272,10.0681
2020-11-20,2021-02-26,63,1.1832,4.8174
2020-11-23,2021-03-01,63,1.6013,6.5605
2020-11-24,2021-03-02,63,1.6361,6.7068
2020-11-25,2021-03-03,63,2.9293,12.242
2020-11-26,2021-03-04,63,1.3296,5.4253
2020-11-27,2021-03-05,63,1.1187,4.5506
2020-11-30,2021-03-08,63,0.4953,1.9958
2020-12-01,2021-03-09,63,-1.3015,-5.1051
2020-12-02,2021-03-10,63,-0.8473,-3.3463
2020-12-03,2021-03-11,63,-0.5337,-2.1177
2020-12-04,2021-03-12,63,-0.9898,-3.9009
2020-12-07,2021-03-15,63,-1.7156,-6.6877
2020-12-08,2021-03-16,63,-1.9432,-7.549
2020-12-09,2021-03-17,63,-0.9717,-3.8305
2020-12-10,2021-03-18,63,-0.3235,-1.2876
2020-12-11,2021-03-19,63,-0.8253,-3.2605
2020-12-14,2021-03-22,63,-1.0644,-4.19
2020-12-15,2021-03-23,63,-1.7316,-6.7487
2020-12-16,2021-03-24,63,-2.2541,-8.7162
2020-12-17,2021-03-25,63,-2.3402,-9.0371
2020-12-18,2021-03-26,63,-1.7408,-6.7833
2020-12-21,2021-03-29,63,-2.9775,-11.3886
2020-12-22,2021-03-30,63,-2.0357,-7.8976
2020-12-23,2021-03-31,63,-2.6046,-10.0183
2020-12-24,2021-04-01,63,-1.5186,-5.9375
2020-12-25,2021-04-02,63,-1.1695,-4.5965
2020-12-28,2021-04-06,63,-1.5841,-6.1873
2020-12-29,2021-04-07,63,-1.3096,-5.1365
2020-12-30,2021-04-08,63,-1.8203,-7.0847
2021-01-04,2021-04-09,63,-3.8355,-14.4818
2021-01-05,2021-04-12,63,-4.7964,-17.8488
2021-01-06,2021-04-13,63,-4.9748,-18.463
2021-01-07,2021-04-14,63,-4.3659,-16.3528
2021-01-08,2021-04-15,63,-4.218,-15.8342
2021-01-11,2021-04-16,63,-2.9764,-11.3847
2021-01-12,2021-04-19,63,-2.6694,-10.2578
2021-01-13,2021-04-20,63,-2.5529,-9.8271
2021-01-14,2021-04-21,63,-1.6848,-6.5708
2021-01-15,2021-04-22,63,-1.6457,-6.4222
2021-01-18,2021-04-23,63,-1.6657,-6.4981
2021-01-19,2021-04-26,63,-1.5594,-6.0931
2021-01-20,2021-04-27,63,-2.3803,-9.1867
2021-01-21,2021-04-28,63,-2.8186,-10.8068
2021-01-22,2021-04-29,63,-3.1359,-11.9656
2021-01-25,2021-04-30,63,-2.8247,-10.8288
2021-01-26,2021-05-06,63,-2.4432,-9.4206
2021-01-27,2021-05-07,63,-2.9964,-11.4574
2021-01-28,2021-05-10,63,-1.879,-7.307
2021-01-29,2021-05-11,63,-1.7824,-6.9412
2021-02-01,2021-05-12,63,-1.9154,-7.4441
2021-02-02,2021-05-13,63,-2.46,-9.4829
2021-02-03,2021-05-14,63,-1.2985,-5.0939
2021-02-04,2021-05-17,63,-0.0428,-0.1709
2021-02-05,2021-05-18,63,0.3032,1.2184
2021-02-08,2021-05-19,63,-0.3219,-1.2815
2021-02-09,2021-05-20,63,-0.8046,-3.1798
2021-02-10,2021-05-21,63,-1.5802,-6.1727
2021-02-18,2021-05-24,63,0.1226,0.4912
2021-02-19,2021-05-25,63,1.036,4.209
2021-02-22,2021-05-26,63,1.888,7.7684
2021-02-23,2021-05-27,63,1.9037,7.8349
2021-02-24,2021-05-28,63,2.9583,12.3687
2021-02-25,2021-05-31,63,4.3267,18.4629
2021-02-26,2021-06-01,63,5.4792,23.7849
2021-03-01,2021-06-02,63,3.8836,16.4629
2021-03-02,2021-06-03,63,4.0731,17.3149
2021-03-03,2021-06-04,63,3.6706,15.5105
2021-03-04,2021-06-07,63,5.3459,23.1603
2021-03-05,2021-06-08,63,5.4379,23.5909
2021-03-08,2021-06-09,63,6.5965,29.1137
2021-03-09,2021-06-10,63,8.4129,38.1415
2021-03-10,2021-06-11,63,7.9824,35.9601
2021-03-11,2021-06-15,63,6.1533,26.9796
2021-03-12,2021-06-16,63,5.1473,22.234
2021-03-15,2021-06-17,63,6.2734,27.5553
2021-03-16,2021-06-18,63,6.1035,26.7413
2021-03-17,2021-06-21,63,5.9422,25.9724
2021-03-18,2021-06-22,63,5.448,23.6384
2021-03-19,2021-06-23,63,6.8046,30.1246
2021-03-22,2021-06-24,63,6.1222,26.831
2021-03-23,2021-06-25,63,6.9951,31.0554
2021-03-24,2021-06-28,63,8.1025,36.5659
2021-03-25,2021-06-29,63,7.619,34.1391
2021-03-26,2021-06-30,63,7.0632,31.3895
2021-03-29,2021-07-01,63,7.2744,32.4295
2021-03-30,2021-07-02,63,6.1589,27.0063
2021-03-31,2021-07-05,63,6.8476,30.3345
2021-04-01,2021-07-06,63,5.4002,23.4143
2021-04-02,2021-07-07,63,5.6934,24.7935
2021-04-06,2021-07-08,63,6.2572,27.4776
2021-04-07,2021-07-09,63,6.2636,27.5082
2021-04-08,2021-07-12,63,7.04,31.2759
2021-04-09,2021-07-13,63,7.345,32.7781
2021-04-12,2021-07-14,63,8.0775,36.4398
2021-04-13,2021-07-15,63,8.6954,39.5868
2021-04-14,2021-07-16,63,6.7217,29.7213
2021-04-15,2021-07-19,63,6.7776,29.9932
2021-04-16,2021-07-20,63,6.9493,30.8312
2021-04-19,2021-07-21,63,6.2687,27.5325
2021-04-20,2021-07-22,63,6.1922,27.166
2021-04-21,2021-07-23,63,5.1878,22.4224
2021-04-22,2021-07-26,63,4.1617,17.7149
2021-04-23,2021-07-27,63,2.3461,9.7197
2021-04-26,2021-07-28,63,3.4228,14.4103
2021-04-27,2021-07-29,63,4.7934,20.597
2021-04-28,2021-07-30,63,4.2535,18.1306
2021-04-29,2021-08-02,63,4.2804,18.2528
2021-04-30,2021-08-03,63,3.9098,16.5804
2021-05-06,2021-08-04,63,5.0185,21.6362
2021-05-07,2021-08-05,63,5.5021,23.8921
2021-05-10,2021-08-06,63,4.8,20.6272
2021-05-11,2021-08-09,63,3.8509,16.3163
2021-05-12,2021-08-10,63,3.3955,14.2897
2021-05-13,2021-08-11,63,3.3773,14.2093
2021-05-14,2021-08-12,63,2.1879,9.0429
2021-05-17,2021-08-13,63,0.9367,3.7997
2021-05-18,2021-08-16,63,0.8226,3.3312
2021-05-19,2021-08-17,63,0.2131,0.8551
2021-05-20,2021-08-18,63,0.186,0.7462
2021-05-21,2021-08-19,63,0.607,2.4502
2021-05-24,2021-08-20,63,-0.2943,-1.172
2021-05-25,2021-08-23,63,-0.1302,-0.5196
2021-05-26,2021-08-24,63,0.3603,1.4491
2021-05-27,2021-08-25,63,0.2772,1.1133
2021-05-28,2021-08-26,63,-0.5505,-2.1839
2021-05-31,2021-08-27,63,-1.1316,-4.4502
2021-06-01,2021-08-30,63,-1.0263,-4.0424
2021-06-02,2021-08-31,63,-0.6235,-2.4706
2021-06-03,2021-09-01,63,-0.3438,-1.3679
2021-06-04,2021-09-02,63,-0.7286,-2.8827
2021-06-07,2021-09-03,63,-1.1029,-4.3392
2021-06-08,2021-09-06,63,0.0183,0.0732
2021-06-09,2021-09-07,63,0.1214,0.4866
2021-06-10,2021-09-08,63,-0.9293,-3.6657
2021-06-11,2021-09-09,63,-1.3387,-5.2484
2021-06-15,2021-09-10,63,-0.3855,-1.5333
2021-06-16,2021-09-13,63,0.2773,1.1137
2021-06-17,2021-09-14,63,0.567,2.2875
2021-06-18,2021-09-15,63,0.2291,0.9196
2021-06-21,2021-09-16,63,-0.782,-3.0914
2021-06-22,2021-09-17,63,-0.7359,-2.9114
2021-06-23,2021-09-22,63,-0.9514,-3.7517
2021-06-24,2021-09-23,63,-0.6038,-2.3934
2021-06-25,2021-09-24,63,-1.0421,-4.1037
2021-06-28,2021-09-27,63,-1.3033,-5.1121
2021-06-29,2021-09-28,63,-1.5597,-6.0945
2021-06-30,2021-09-29,63,-2.0634,-8.0017
2021-07-01,2021-09-30,63,-1.8162,-7.0694
2021-07-02,2021-10-08,63,-0.7087,-2.8049
2021-07-05,2021-10-11,63,-1.3656,-5.3516
2021-07-06,2021-10-12,63,-1.4659,-5.7359
2021-07-07,2021-10-13,63,-1.7584,-6.8501
2021-07-08,2021-10-14,63,-1.4927,-5.8386
2021-07-09,2021-10-15,63,-1.0058,-3.9629
2021-07-12,2021-10-18,63,-2.1379,-8.2812
2021-07-13,2021-10-19,63,-1.8974,-7.3762
2021-07-14,2021-10-20,63,-1.9248,-7.4798
2021-07-15,2021-10-21,63,-2.355,-9.0924
2021-07-16,2021-10-22,63,-1.444,-5.6522
2021-07-19,2021-10-25,63,-0.9997,-3.9393
2021-07-20,2021-10-26,63,-1.2636,-4.9594
2021-07-21,2021-10-27,63,-2.1326,-8.2613
2021-07-22,2021-10-28,63,-1.8117,-7.0522
2021-07-23,2021-10-29,63,-1.044,-4.1112
2021-07-26,2021-11-01,63,-0.6547,-2.5934
2021-07-27,2021-11-02,63,0.8344,3.3797
2021-07-28,2021-11-03,63,-0.1461,-0.583
2021-07-29,2021-11-04,63,-1.3471,-5.2806
2021-07-30,2021-11-05,63,-1.0251,-4.0378
2021-08-02,2021-11-08,63,-0.624,-2.4728
2021-08-03,2021-11-09,63,-0.1941,-0.7741
2021-08-04,2021-11-10,63,-0.9126,-3.6009
2021-08-05,2021-11-11,63,-0.0372,-0.1485
2021-08-06,2021-11-12,63,0.3905,1.571
2021-08-09,2021-11-15,63,1.0518,4.2739
2021-08-10,2021-11-16,63,1.1541,4.6968
2021-08-11,2021-11-17,63,1.4879,6.0857
2021-08-12,2021-11-18,63,1.4102,5.7611
2021-08-13,2021-11-19,63,1.8638,7.6664
2021-08-16,2021-11-22,63,2.3929,9.9205
2021-08-17,2021-11-23,63,2.1804,9.0108
2021-08-18,2021-11-24,63,1.7102,7.0185
2021-08-19,2021-11-25,63,1.5083,6.171
2021-08-20,2021-11-26,63,2.2879,9.4703
2021-08-23,2021-11-29,63,1.6739,6.8658
2021-08-24,2021-11-30,63,1.0596,4.3064
2021-08-25,2021-12-01,63,0.7918,3.2051
2021-08-26,2021-12-02,63,1.3987,5.7134
2021-08-27,2021-12-03,63,1.2295,5.0095
2021-08-30,2021-12-06,63,0.6551,2.6463
2021-08-31,2021-12-07,63,0.7933,3.211
2021-09-01,2021-12-08,63,1.4646,5.9883
2021-09-02,2021-12-09,63,2.0614,8.5042
2021-09-03,2021-12-10,63,2.3989,9.9466
2021-09-06,2021-12-13,63,1.5545,6.3645
2021-09-07,2021-12-14,63,1.4681,6.0029
2021-09-08,2021-12-15,63,1.5075,6.1677
2021-09-09,2021-12-16,63,2.054,8.4724
2021-09-10,2021-12-17,63,1.6974,6.9646
2021-09-13,2021-12-20,63,1.3319,5.4348
2021-09-14,2021-12-21,63,0.919,3.7268
2021-09-15,2021-12-22,63,1.2333,5.0253
2021-09-16,2021-12-23,63,2.3386,9.6875
2021-09-17,2021-12-24,63,1.5139,6.1944
2021-09-22,2021-12-27,63,1.3982,5.7113
2021-09-23,2021-12-28,63,1.8132,7.4524
2021-09-24,2021-12-29,63,1.2862,5.2448
2021-09-27,2021-12-30,63,1.2189,4.9656
2021-09-28,2022-01-04,63,1.131,4.6012
2021-09-29,2022-01-05,63,0.7973,3.2276
2021-09-30,2022-01-06,63,-0.0476,-0.1903
2021-10-08,2022-01-07,63,-0.7736,-3.0587
2021-10-11,2022-01-10,63,-0.3087,-1.2292
2021-10-12,2022-01-11,63,-0.088,-0.3517
2021-10-13,2022-01-12,63,0.1366,0.5474
2021-10-14,2022-01-13,63,-0.6048,-2.3973
2021-10-15,2022-01-14,63,-0.7496,-2.965
2021-10-18,2022-01-17,63,-0.1599,-0.638
2021-10-19,2022-01-18,63,-0.6429,-2.5467
2021-10-20,2022-01-19,63,-0.9109,-3.5942
2021-10-21,2022-01-20,63,-0.7146,-2.8279
2021-10-22,2022-01-21,63,-1.1099,-4.3661
2021-10-25,2022-01-24,63,-1.3227,-5.1868
2021-10-26,2022-01-25,63,-1.913,-7.4353
2021-10-27,2022-01-26,63,-1.3328,-5.2257
2021-10-28,2022-01-27,63,-2.586,-9.9495
2021-10-29,2022-01-28,63,-3.0079,-11.4996
2021-11-01,2022-02-07,63,-2.5654,-9.8735
2021-11-02,2022-02-08,63,-3.1395,-11.9791
2021-11-03,2022-02-09,63,-2.4388,-9.4041
2021-11-04,2022-02-10,63,-2.932,-11.2223
2021-11-05,2022-02-11,63,-3.9726,-14.9682
2021-11-08,2022-02-14,63,-4.0953,-15.4022
2021-11-09,2022-02-15,63,-3.4999,-13.2817
2021-11-10,2022-02-16,63,-3.8033,-14.3671
2021-11-11,2022-02-17,63,-3.9959,-15.0507
2021-11-12,2022-02-18,63,-3.8856,-14.6599
2021-11-15,2022-02-21,63,-3.8273,-14.4524
2021-11-16,2022-02-22,63,-3.8751,-14.6224
2021-11-17,2022-02-23,63,-3.5581,-13.4908
2021-11-18,2022-02-24,63,-3.3045,-12.5772
2021-11-19,2022-02-25,63,-3.2374,-12.3343
2021-11-22,2022-02-28,63,-3.4879,-13.2385
2021-11-23,2022-03-01,63,-2.8637,-10.9721
2021-11-24,2022-03-02,63,-2.6422,-10.1572
2021-11-25,2022-03-03,63,-3.014,-11.5218
2021-11-26,2022-03-04,63,-3.4055,-12.9417
2021-11-29,2022-03-07,63,-3.7706,-14.2506
2021-11-30,2022-03-08,63,-3.38,-12.85
2021-12-01,2022-03-09,63,-2.9294,-11.2127
2021-12-02,2022-03-10,63,-3.1636,-12.0665
2021-12-03,2022-03-11,63,-2.8758,-11.0163
2021-12-06,2022-03-14,63,-3.5258,-13.3746
2021-12-07,2022-03-15,63,-4.292,-16.0941
2021-12-08,2022-03-16,63,-3.9056,-14.7309
2021-12-09,2022-03-17,63,-3.1386,-11.9755
2021-12-10,2022-03-18,63,-3.0461,-11.639
2021-12-13,2022-03-21,63,-3.3891,-12.8828
2021-12-14,2022-03-22,63,-3.5148,-13.3351
2021-12-15,2022-03-23,63,-3.0064,-11.4941
2021-12-16,2022-03-24,63,-3.2021,-12.206
2021-12-17,2022-03-25,63,-3.5443,-13.4412
2021-12-20,2022-03-28,63,-3.5249,-13.3714
2021-12-21,2022-03-29,63,-3.5948,-13.6223
2021-12-22,2022-03-30,63,-2.9215,-11.1838
2021-12-23,2022-03-31,63,-3.5331,-13.4009
2021-12-24,2022-04-01,63,-2.9453,-11.2708
2021-12-27,2022-04-06,63,-3.2853,-12.5076
2021-12-28,2022-04-07,63,-3.9525,-14.897
2021-12-29,2022-04-08,63,-3.5359,-13.4111
2021-12-30,2022-04-11,63,-4.2209,-15.8443
2022-01-04,2022-04-12,63,-3.2542,-12.395
2022-01-05,2022-04-13,63,-3.1293,-11.9417
2022-01-06,2022-04-14,63,-2.7001,-10.3706
2022-01-07,2022-04-15,63,-2.2661,-8.7608
2022-01-10,2022-04-18,63,-1.9192,-7.4587
2022-01-11,2022-04-19,63,-2.3871,-9.2119
2022-01-12,2022-04-20,63,-4.1,-15.4187
2022-01-13,2022-04-21,63,-3.9259,-14.8029
2022-01-14,2022-04-22,63,-4.1304,-15.5259
2022-01-17,2022-04-25,63,-5.4422,-20.0552
2022-01-18,2022-04-26,63,-5.6017,-20.5933
2022-01-19,2022-04-27,63,-4.3782,-16.3957
2022-01-20,2022-04-28,63,-5.041,-18.6901
2022-01-21,2022-04-29,63,-3.7569,-14.2017
2022-01-24,2022-05-05,63,-4.1579,-15.6226
2022-01-25,2022-05-06,63,-4.1222,-15.4968
2022-01-26,2022-05-09,63,-4.378,-16.3953
2022-01-27,2022-05-10,63,-3.0416,-11.6226
2022-01-28,2022-05-11,63,-2.5076,-9.6593
2022-02-07,2022-05-12,63,-2.3846,-9.2025
2022-02-08,2022-05-13,63,-2.3171,-8.9512
2022-02-09,2022-05-16,63,-3.1968,-12.1868
2022-02-10,2022-05-17,63,-2.3691,-9.1449
2022-02-11,2022-05-18,63,-1.9502,-7.5755
2022-02-14,2022-05-19,63,-2.0655,-8.0094
2022-02-15,2022-05-20,63,-2.4769,-9.5456
2022-02-16,2022-05-23,63,-2.1681,-8.3943
2022-02-17,2022-05-24,63,-3.3319,-12.6762
2022-02-18,2022-05-25,63,-3.3303,-12.6706
2022-02-21,2022-05-26,63,-3.066,-11.7115
2022-02-22,2022-05-27,63,-2.9638,-11.3384
2022-02-23,2022-05-30,63,-3.2287,-12.3025
2022-02-24,2022-05-31,63,-2.899,-11.1013
2022-02-25,2022-06-01,63,-3.1076,-11.863
2022-02-28,2022-06-02,63,-2.7171,-10.4333
2022-03-01,2022-06-06,63,-1.9859,-7.7101
2022-03-02,2022-06-07,63,-2.061,-7.9926
2022-03-03,2022-06-08,63,-1.3107,-5.1407
2022-03-04,2022-06-09,63,-1.6813,-6.5575
2022-03-07,2022-06-10,63,-0.7459,-2.9504
2022-03-08,2022-06-13,63,-0.5237,-2.0786
2022-03-09,2022-06-14,63,-1.0799,-4.2502
2022-03-10,2022-06-15,63,-0.8471,-3.3455
2022-03-11,2022-06-16,63,-0.9938,-3.9165
2022-03-14,2022-06-17,63,0.9139,3.706
2022-03-15,2022-06-20,63,2.5242,10.4854
2022-03-16,2022-06-21,63,1.1966,4.8729
2022-03-17,2022-06-22,63,0.0531,0.2127
2022-03-18,2022-06-23,63,0.7906,3.2001
2022-03-21,2022-06-24,63,1.1437,4.6537
2022-03-22,2022-06-27,63,1.5846,6.4905
2022-03-23,2022-06-28,63,1.4047,5.7384
2022-03-24,2022-06-29,63,0.534,2.1533
2022-03-25,2022-06-30,63,1.3897,5.6756
2022-03-28,2022-07-01,63,1.5741,6.4465
2022-03-29,2022-07-04,63,2.3552,9.759
2022-03-30,2022-07-05,63,1.2356,5.0349
2022-03-31,2022-07-06,63,0.932,3.7806
2022-04-01,2022-07-07,63,0.8391,3.3989
2022-04-06,2022-07-08,63,0.9509,3.8583
2022-04-07,2022-07-11,63,1.0096,4.1001
2022-04-08,2022-07-12,63,0.4791,1.93
2022-04-11,2022-07-13,63,1.7041,6.9925
2022-04-12,2022-07-14,63,1.6422,6.7325
2022-04-13,2022-07-15,63,1.4119,5.7684
2022-04-14,2022-07-18,63,1.8856,7.7586
2022-04-15,2022-07-19,63,1.2953,5.2826
2022-04-18,2022-07-20,63,0.9871,4.0074
2022-04-19,2022-07-21,63,1.2022,4.8963
2022-04-20,2022-07-22,63,2.7609,11.5094
2022-04-21,2022-07-25,63,2.836,11.8356
2022-04-22,2022-07-26,63,3.0482,12.7619
2022-04-25,2022-07-27,63,4.8807,20.9993
2022-04-26,2022-07-28,63,5.4879,23.8255
2022-04-27,2022-07-29,63,3.8116,16.1404
2022-04-28,2022-08-01,63,5.0562,21.8111
2022-04-29,2022-08-02,63,3.1624,13.2623
2022-05-05,2022-08-03,63,2.9682,12.4119
2022-05-06,2022-08-04,63,3.7487,15.8593
2022-05-09,2022-08-05,63,4.5453,19.4587
2022-05-10,2022-08-08,63,3.8541,16.3309
2022-05-11,2022-08-09,63,3.436,14.4688
2022-05-12,2022-08-10,63,2.7733,11.5635
2022-05-13,2022-08-11,63,3.5336,14.9012
2022-05-16,2022-08-12,63,3.8781,16.4382
2022-05-17,2022-08-15,63,3.626,15.3122
2022-05-18,2022-08-16,63,4.0676,17.2902
2022-05-19,2022-08-17,63,4.2082,17.9255
2022-05-20,2022-08-18,63,3.4279,14.4327
2022-05-23,2022-08-19,63,3.071,12.8617
2022-05-24,2022-08-22,63,4.5423,19.4452
2022-05-25,2022-08-23,63,4.4795,19.1583
2022-05-26,2022-08-24,63,3.4928,14.7204
2022-05-27,2022-08-25,63,3.3215,13.9628
2022-05-30,2022-08-26,63,2.857,11.9271
2022-05-31,2022-08-29,63,1.9612,8.0788
2022-06-01,2022-08-30,63,1.7536,7.2012
2022-06-02,2022-08-31,63,0.6985,2.8232
2022-06-06,2022-09-01,63,-0.7883,-3.1163
2022-06-07,2022-09-02,63,-0.7174,-2.8387
2022-06-08,2022-09-05,63,-0.7575,-2.9957
2022-06-09,2022-09-06,63,0.1009,0.4044
2022-06-10,2022-09-07,63,-0.2494,-0.9941
2022-06-13,2022-09-08,63,-0.8299,-3.2785
2022-06-14,2022-09-09,63,-0.1523,-0.6079
2022-06-15,2022-09-13,63,-0.2282,-0.9096
2022-06-16,2022-09-14,63,-1.0167,-4.0052
2022-06-17,2022-09-15,63,-2.7156,-10.4277
2022-06-20,2022-09-16,63,-3.692,-13.9701
2022-06-21,2022-09-19,63,-3.5964,-13.6279
2022-06-22,2022-09-20,63,-3.2385,-12.3382
2022-06-23,2022-09-21,63,-4.181,-15.7042
2022-06-24,2022-09-22,63,-4.6393,-17.3052
2022-06-27,2022-09-23,63,-4.8858,-18.1571
2022-06-28,2022-09-26,63,-4.8419,-18.0056
2022-06-29,2022-09-27,63,-3.7808,-14.2869
2022-06-30,2022-09-28,63,-4.5387,-16.9556
2022-07-01,2022-09-29,63,-3.6747,-13.9083
2022-07-04,2022-09-30,63,-4.5058,-16.8411
2022-07-05,2022-10-10,63,-4.7235,-17.597
2022-07-06,2022-10-11,63,-3.8668,-14.5928
2022-07-07,2022-10-12,63,-3.0958,-11.8201
2022-07-08,2022-10-13,63,-2.7714,-10.6331
2022-07-11,2022-10-14,63,-1.6743,-6.5309
2022-07-12,2022-10-17,63,-1.3639,-5.3451
2022-07-13,2022-10-18,63,-1.4059,-5.5061
2022-07-14,2022-10-19,63,-2.2372,-8.653
2022-07-15,2022-10-20,63,-1.9502,-7.5754
2022-07-18,2022-10-21,63,-2.4718,-9.5268
2022-07-19,2022-10-24,63,-2.1866,-8.4638
2022-07-20,2022-10-25,63,-2.4018,-9.2666
2022-07-21,2022-10-26,63,-1.553,-6.0689
2022-07-22,2022-10-27,63,-2.2285,-8.6205
2022-07-25,2022-10-28,63,-2.8525,-10.9312
2022-07-26,2022-10-31,63,-2.8771,-11.0211
2022-07-27,2022-11-01,63,-2.1715,-8.4071
2022-07-28,2022-11-02,63,-1.9885,-7.7198
2022-07-29,2022-11-03,63,-2.133,-8.2628
2022-08-01,2022-11-04,63,-1.9461,-7.56
2022-08-02,2022-11-07,63,-1.4655,-5.7345
2022-08-03,2022-11-08,63,-1.069,-4.2079
2022-08-04,2022-11-09,63,-0.9822,-3.8715
2022-08-05,2022-11-10,63,-1.9327,-7.5096
2022-08-08,2022-11-11,63,-1.0537,-4.1485
2022-08-09,2022-11-14,63,-1.8203,-7.0849
2022-08-10,2022-11-15,63,-0.939,-3.7036
2022-08-11,2022-11-16,63,-1.4862,-5.8135
2022-08-12,2022-11-17,63,-1.4668,-5.7394
2022-08-15,2022-11-18,63,-1.727,-6.7311
2022-08-16,2022-11-21,63,-1.9625,-7.6217
2022-08-17,2022-11-22,63,-2.6363,-10.1355
2022-08-18,2022-11-23,63,-2.519,-9.7017
2022-08-19,2022-11-24,63,-2.1166,-8.2014
2022-08-22,2022-11-25,63,-2.5303,-9.7436
2022-08-23,2022-11-28,63,-2.68,-10.2967
2022-08-24,2022-11-29,63,-1.76,-6.8563
2022-08-25,2022-11-30,63,-1.7257,-6.7262
2022-08-26,2022-12-01,63,-1.1291,-4.4405
2022-08-29,2022-12-02,63,-0.6321,-2.5046
2022-08-30,2022-12-05,63,-0.8815,-3.4796
2022-08-31,2022-12-06,63,-0.4492,-1.7846
2022-09-01,2022-12-07,63,0.2651,1.0646
2022-09-02,2022-12-08,63,0.3848,1.5479
2022-09-05,2022-12-09,63,0.2282,0.9159
2022-09-06,2022-12-12,63,-0.135,-0.539
2022-09-07,2022-12-13,63,-0.4672,-1.8558
2022-09-08,2022-12-14,63,-0.0251,-0.1004
2022-09-09,2022-12-15,63,-0.1647,-0.657
2022-09-13,2022-12-16,63,-0.5709,-2.2643
2022-09-14,2022-12-19,63,-0.0867,-0.3464
2022-09-15,2022-12-20,63,0.4537,1.8271
2022-09-16,2022-12-21,63,1.3288,5.4222
2022-09-19,2022-12-22,63,1.3629,5.5642
2022-09-20,2022-12-23,63,0.819,3.3166
2022-09-21,2022-12-26,63,1.6212,6.6443
2022-09-22,2022-12-27,63,2.1651,8.9456
2022-09-23,2022-12-28,63,2.038,8.4048
2022-09-26,2022-12-29,63,2.1565,8.9092
2022-09-27,2022-12-30,63,1.6975,6.9648
2022-09-28,2023-01-03,63,2.4134,10.0087
2022-09-29,2023-01-04,63,1.7486,7.1799
2022-09-30,2023-01-05,63,2.8075,11.7116
2022-10-10,2023-01-06,63,3.314,13.9295
2022-10-11,2023-01-09,63,3.5269,14.8716
2022-10-12,2023-01-10,63,2.9456,12.3133
2022-10-13,2023-01-11,63,2.6322,10.952
2022-10-14,2023-01-12,63,1.9304,7.948
2022-10-17,2023-01-13,63,2.4806,10.2978
2022-10-18,2023-01-16,63,2.9516,12.3396
2022-10-19,2023-01-17,63,3.3741,14.195
2022-10-20,2023-01-18,63,3.7139,15.7041
2022-10-21,2023-01-19,63,4.2027,17.9005
2022-10-24,2023-01-20,63,4.8543,20.8774
2022-10-25,2023-01-30,63,5.2801,22.8526
2022-10-26,2023-01-31,63,4.0992,17.4326
2022-10-27,2023-02-01,63,5.034,21.7083
2022-10-28,2023-02-02,63,6.1029,26.7387
2022-10-31,2023-02-03,63,5.4233,23.5225
2022-11-01,2023-02-06,63,3.8816,16.4542
2022-11-02,2023-02-07,63,3.2885,13.8172
2022-11-03,2023-02-08,63,3.2443,13.6225
2022-11-04,2023-02-09,63,3.0023,12.5608
2022-11-07,2023-02-10,63,2.3169,9.5947
2022-11-08,2023-02-13,63,2.9253,12.2247
2022-11-09,2023-02-14,63,2.5962,10.7961
2022-11-10,2023-02-15,63,2.7655,11.5293
2022-11-11,2023-02-16,63,1.6722,6.8585
2022-11-14,2023-02-17,63,1.4438,5.9016
2022-11-15,2023-02-20,63,1.2273,5.0003
2022-11-16,2023-02-21,63,1.2287,5.0061
2022-11-17,2023-02-22,63,1.2514,5.1003
2022-11-18,2023-02-23,63,1.2278,5.0025
2022-11-21,2023-02-24,63,1.161,4.7255
2022-11-22,2023-02-27,63,1.3808,5.6386
2022-11-23,2023-02-28,63,1.6617,6.8144
2022-11-24,2023-03-01,63,1.8487,7.6025
2022-11-25,2023-03-02,63,1.761,7.2322
2022-11-28,2023-03-03,63,2.0127,8.2973
2022-11-29,2023-03-06,63,1.9263,7.9308
2022-11-30,2023-03-07,63,1.4039,5.735
2022-12-01,2023-03-08,63,0.6113,2.4676
2022-12-02,2023-03-09,63,0.3699,1.4877
2022-12-05,2023-03-10,63,0.8252,3.3417
2022-12-06,2023-03-13,63,0.9887,4.0138
2022-12-07,2023-03-14,63,1.0309,4.1879
2022-12-08,2023-03-15,63,0.9174,3.7202
2022-12-09,2023-03-16,63,0.6224,2.5129
2022-12-12,2023-03-17,63,0.8549,3.4637
2022-12-13,2023-03-20,63,1.844,7.5827
2022-12-14,2023-03-21,63,1.9149,7.8824
2022-12-15,2023-03-22,63,1.4753,6.0332
2022-12-16,2023-03-23,63,2.253,9.3214
2022-12-19,2023-03-24,63,2.6253,10.922
2022-12-20,2023-03-27,63,3.1545,13.2275
2022-12-21,2023-03-28,63,2.5446,10.5736
2022-12-22,2023-03-29,63,2.7342,11.3935
2022-12-23,2023-03-30,63,3.2288,13.5543
2022-12-26,2023-03-31,63,3.0107,12.5979
2022-12-27,2023-04-03,63,2.7572,11.4934
2022-12-28,2023-04-04,63,3.056,12.796
2022-12-29,2023-04-06,63,3.3946,14.2854
2022-12-30,2023-04-07,63,3.4995,14.7499
2023-01-03,2023-04-10,63,3.054,12.787
2023-01-04,2023-04-11,63,3.3403,14.0456
2023-01-05,2023-04-12,63,2.8268,11.7956
2023-01-06,2023-04-13,63,2.5422,10.5633
2023-01-09,2023-04-14,63,2.422,10.0459
2023-01-10,2023-04-17,63,1.8704,7.6943
2023-01-11,2023-04-18,63,1.9371,7.9763
2023-01-12,2023-04-19,63,1.6518,6.7728
2023-01-13,2023-04-20,63,1.0114,4.1073
2023-01-16,2023-04-21,63,-0.128,-0.5108
2023-01-17,2023-04-24,63,-0.7637,-3.0202
2023-01-18,2023-04-25,63,-0.8962,-3.5369
2023-01-19,2023-04-26,63,-0.7939,-3.1379
2023-01-20,2023-04-27,63,-0.977,-3.8511
2023-01-30,2023-04-28,63,-1.1888,-4.6712
2023-01-31,2023-05-04,63,-0.2971,-1.1831
2023-02-01,2023-05-05,63,-0.8416,-3.324
2023-02-02,2023-05-08,63,-1.2282,-4.8229
2023-02-03,2023-05-09,63,-0.9081,-3.5833
2023-02-06,2023-05-10,63,0.0267,0.1068
2023-02-07,2023-05-11,63,0.2955,1.1871
2023-02-08,2023-05-12,63,-0.0431,-0.1722
2023-02-09,2023-05-15,63,0.1009,0.4042
2023-02-10,2023-05-16,63,0.3742,1.5052
2023-02-13,2023-05-17,63,-0.1534,-0.6122
2023-02-14,2023-05-18,63,-0.2648,-1.0552
2023-02-15,2023-05-19,63,-0.139,-0.5549
2023-02-16,2023-05-22,63,0.314,1.2618
2023-02-17,2023-05-23,63,0.5894,2.3784
2023-02-20,2023-05-24,63,0.2198,0.8821
2023-02-21,2023-05-25,63,0.234,0.9391
2023-02-22,2023-05-26,63,0.0148,0.059
2023-02-23,2023-05-29,63,-0.2204,-0.8786
2023-02-24,2023-05-30,63,0.0536,0.2144
2023-02-27,2023-05-31,63,0.4134,1.6638
2023-02-28,2023-06-01,63,0.3453,1.3884
2023-03-01,2023-06-02,63,0.4686,1.8878
2023-03-02,2023-06-05,63,0.1093,0.4379
2023-03-03,2023-06-06,63,-0.2578,-1.0272
2023-03-06,2023-06-07,63,-0.8367,-3.305
2023-03-07,2023-06-08,63,-0.6416,-2.542
2023-03-08,2023-06-09,63,0.1569,0.6291
2023-03-09,2023-06-12,63,0.3163,1.2712
2023-03-10,2023-06-13,63,0.383,1.5408
2023-03-13,2023-06-14,63,0.0712,0.2852
2023-03-14,2023-06-15,63,0.4077,1.6408
2023-03-15,2023-06-16,63,0.997,4.0479
2023-03-16,2023-06-19,63,1.1188,4.5508
2023-03-17,2023-06-20,63,1.1879,4.8369
2023-03-20,2023-06-21,63,-0.2892,-1.152
2023-03-21,2023-06-26,63,-0.8725,-3.4447
2023-03-22,2023-06-27,63,-0.5171,-2.0524
2023-03-23,2023-06-28,63,-1.0864,-4.2754
2023-03-24,2023-06-29,63,-1.308,-5.1302
2023-03-27,2023-06-30,63,-0.9976,-3.9312
2023-03-28,2023-07-03,63,-0.4094,-1.6274
2023-03-29,2023-07-04,63,-0.4505,-1.7899
2023-03-30,2023-07-05,63,-0.8043,-3.1787
2023-03-31,2023-07-06,63,-1.2538,-4.9216
2023-04-03,2023-07-07,63,-1.5906,-6.2121
2023-04-04,2023-07-10,63,-1.3409,-5.2567
2023-04-06,2023-07-11,63,-1.5672,-6.123
2023-04-07,2023-07-12,63,-1.9734,-7.663
2023-04-10,2023-07-13,63,-1.0308,-4.0601
2023-04-11,2023-07-14,63,-1.3782,-5.3999
2023-04-12,2023-07-17,63,-1.6075,-6.2766
2023-04-13,2023-07-18,63,-1.366,-5.3529
2023-04-14,2023-07-19,63,-1.6329,-6.3732
2023-04-17,2023-07-20,63,-1.6596,-6.4748
2023-04-18,2023-07-21,63,-1.5959,-6.2325
2023-04-19,2023-07-24,63,-1.6172,-6.3134
2023-04-20,2023-07-25,63,-1.0268,-4.0444
2023-04-21,2023-07-26,63,-0.3744,-1.489
2023-04-24,2023-07-27,63,0.0949,0.3803
2023-04-25,2023-07-28,63,0.5107,2.0584
2023-04-26,2023-07-31,63,0.2281,0.9155
2023-04-27,2023-08-01,63,-0.0153,-0.0611
2023-04-28,2023-08-02,63,-0.0882,-0.3525
2023-05-04,2023-08-03,63,-0.3045,-1.2124
2023-05-05,2023-08-04,63,0.0744,0.2978
2023-05-08,2023-08-07,63,0.136,0.5451
2023-05-09,2023-08-08,63,0.2609,1.0478
2023-05-10,2023-08-09,63,-0.0313,-0.125
2023-05-11,2023-08-10,63,-0.1617,-0.6452
2023-05-12,2023-08-11,63,-0.187,-0.7458
2023-05-15,2023-08-14,63,-1.0286,-4.0513
2023-05-16,2023-08-15,63,-1.0732,-4.2243
2023-05-17,2023-08-16,63,-1.0569,-4.161
2023-05-18,2023-08-17,63,-0.7082,-2.803
2023-05-19,2023-08-18,63,-1.0205,-4.0199
2023-05-22,2023-08-21,63,-1.4072,-5.5111
2023-05-23,2023-08-22,63,-1.0366,-4.0823
2023-05-24,2023-08-23,63,-1.5399,-6.0189
2023-05-25,2023-08-24,63,-1.0155,-4.0004
2023-05-26,2023-08-25,63,-1.075,-4.2313
2023-05-29,2023-08-28,63,-0.5907,-2.342
2023-05-30,2023-08-29,63,0.0547,0.219
2023-05-31,2023-08-30,63,0.0329,0.1317
2023-06-01,2023-08-31,63,-0.188,-0.7498
2023-06-02,2023-09-01,63,-0.614,-2.4333
2023-06-05,2023-09-04,63,0.3157,1.2686
2023-06-06,2023-09-05,63,0.512,2.0638
2023-06-07,2023-09-06,63,0.7072,2.8589
2023-06-08,2023-09-07,63,0.3981,1.6019
2023-06-09,2023-09-08,63,0.0271,0.1085
2023-06-12,2023-09-11,63,0.0528,0.2112
2023-06-13,2023-09-12,63,-0.3031,-1.207
2023-06-14,2023-09-13,63,-0.3244,-1.2913
2023-06-15,2023-09-14,63,-0.8198,-3.2392
2023-06-16,2023-09-15,63,-1.5641,-6.111
2023-06-19,2023-09-18,63,-1.4965,-5.8529
2023-06-20,2023-09-19,63,-1.6462,-6.4239
2023-06-21,2023-09-20,63,-1.0273,-4.0465
2023-06-26,2023-09-21,63,-0.9766,-3.8497
2023-06-27,2023-09-22,63,-0.5181,-2.0565
2023-06-28,2023-09-25,63,-0.3493,-1.3899
2023-06-29,2023-09-26,63,-0.5775,-2.2902
2023-06-30,2023-09-27,63,-1.0231,-4.0299
2023-07-03,2023-09-28,63,-1.6481,-6.4312
2023-07-04,2023-10-09,63,-2.0382,-7.9067
2023-07-05,2023-10-10,63,-2.2297,-8.625
2023-07-06,2023-10-11,63,-1.9035,-7.3992
2023-07-07,2023-10-12,63,-1.259,-4.9416
2023-07-10,2023-10-13,63,-1.8291,-7.1181
2023-07-11,2023-10-16,63,-2.1217,-8.2207
2023-07-12,2023-10-17,63,-1.7367,-6.7678
2023-07-13,2023-10-18,63,-2.3915,-9.2284
2023-07-14,2023-10-19,63,-2.225,-8.6075
2023-07-17,2023-10-20,63,-2.0313,-7.8811
2023-07-18,2023-10-23,63,-2.4575,-9.4736
2023-07-19,2023-10-24,63,-2.4027,-9.2698
2023-07-20,2023-10-25,63,-2.424,-9.3491
2023-07-21,2023-10-26,63,-2.0615,-7.9947
2023-07-24,2023-10-27,63,-1.24,-4.8683
2023-07-25,2023-10-30,63,-0.9732,-3.8363
2023-07-26,2023-10-31,63,-1.1259,-4.4281
2023-07-27,2023-11-01,63,-1.3143,-5.1546
2023-07-28,2023-11-02,63,-1.6101,-6.2864
2023-07-31,2023-11-03,63,-1.4689,-5.7474
2023-08-01,2023-11-06,63,-0.8347,-3.2973
2023-08-02,2023-11-07,63,-0.9731,-3.8359
2023-08-03,2023-11-08,63,-1.2039,-4.7293
2023-08-04,2023-11-09,63,-1.5947,-6.228
2023-08-07,2023-11-10,63,-1.4519,-5.6822
2023-08-08,2023-11-13,63,-1.3638,-5.3448
2023-08-09,2023-11-14,63,-1.311,-5.1418
2023-08-10,2023-11-15,63,-1.1197,-4.404
2023-08-11,2023-11-16,63,-1.1801,-4.6376
2023-08-14,2023-11-17,63,-0.7732,-3.0571
2023-08-15,2023-11-20,63,-0.8324,-3.2881
2023-08-16,2023-11-21,63,-0.889,-3.5088
2023-08-17,2023-11-22,63,-1.4753,-5.772
2023-08-18,2023-11-23,63,-0.9765,-3.8492
2023-08-21,2023-11-24,63,-0.9671,-3.8125
2023-08-22,2023-11-27,63,-0.8683,-3.4284
2023-08-23,2023-11-28,63,-0.1703,-0.6794
2023-08-24,2023-11-29,63,-0.6246,-2.4749
2023-08-25,2023-11-30,63,-0.191,-0.7619
2023-08-28,2023-12-01,63,-0.3743,-1.489
2023-08-29,2023-12-04,63,-0.9895,-3.8995
2023-08-30,2023-12-05,63,-1.8593,-7.2323
2023-08-31,2023-12-06,63,-1.7204,-6.7062
2023-09-01,2023-12-07,63,-1.6701,-6.5148
2023-09-04,2023-12-08,63,-1.7699,-6.8937
2023-09-05,2023-12-11,63,-1.6465,-6.4252
2023-09-06,2023-12-12,63,-1.7316,-6.7487
2023-09-07,2023-12-13,63,-1.6666,-6.5016
2023-09-08,2023-12-14,63,-1.4935,-5.8414
2023-09-11,2023-12-15,63,-1.8099,-7.0455
2023-09-12,2023-12-18,63,-2.0667,-8.014
2023-09-13,2023-12-19,63,-1.7125,-6.6761
2023-09-14,2023-12-20,63,-2.023,-7.8497
2023-09-15,2023-12-21,63,-1.4215,-5.5658
2023-09-18,2023-12-22,63,-1.4409,-5.6404
2023-09-19,2023-12-25,63,-1.237,-4.8569
2023-09-20,2023-12-26,63,-1.4043,-5.5
2023-09-21,2023-12-27,63,-1.0689,-4.2076
2023-09-22,2023-12-28,63,-0.6513,-2.5801
2023-09-25,2023-12-29,63,-0.5645,-2.2388
2023-09-26,2024-01-02,63,-0.6931,-2.7439
2023-09-27,2024-01-03,63,-1.0294,-4.0546
2023-09-28,2024-01-04,63,-1.1328,-4.4549
2023-10-09,2024-01-05,63,-1.1201,-4.4055
2023-10-10,2024-01-08,63,-1.2107,-4.7557
2023-10-11,2024-01-09,63,-1.3309,-5.2181
2023-10-12,2024-01-10,63,-1.8536,-7.2107
2023-10-13,2024-01-11,63,-1.1914,-4.6813
2023-10-16,2024-01-12,63,-1.2775,-5.0129
2023-10-17,2024-01-15,63,-1.5283,-5.9743
2023-10-18,2024-01-16,63,-1.4213,-5.5653
2023-10-19,2024-01-17,63,-2.2041,-8.5293
2023-10-20,2024-01-18,63,-1.8861,-7.3335
2023-10-23,2024-01-19,63,-1.588,-6.2024
2023-10-24,2024-01-22,63,-2.4881,-9.5872
2023-10-25,2024-01-23,63,-1.9053,-7.406
2023-10-26,2024-01-24,63,-2.1133,-8.1889
2023-10-27,2024-01-25,63,-2.5606,-9.8558
2023-10-30,2024-01-26,63,-3.6019,-13.6476
2023-10-31,2024-01-29,63,-4.2567,-15.9701
2023-11-01,2024-01-30,63,-4.5518,-17.0013
2023-11-02,2024-01-31,63,-4.5148,-16.8725
2023-11-03,2024-02-01,63,-4.5432,-16.9715
2023-11-06,2024-02-02,63,-5.5549,-20.4359
2023-11-07,2024-02-05,63,-5.359,-19.7735
2023-11-08,2024-02-06,63,-3.8847,-14.6564
2023-11-09,2024-02-07,63,-3.0707,-11.7287
2023-11-10,2024-02-08,63,-2.7165,-10.4314
2023-11-13,2024-02-19,63,-2.5689,-9.8862
2023-11-14,2024-02-20,63,-2.6199,-10.0749
2023-11-15,2024-02-21,63,-2.7317,-10.4872
2023-11-16,2024-02-22,63,-2.1943,-8.4926
2023-11-17,2024-02-23,63,-2.4276,-9.3624
2023-11-20,2024-02-26,63,-2.1637,-8.3779
2023-11-21,2024-02-27,63,-1.4437,-5.6511
2023-11-22,2024-02-28,63,-1.6089,-6.2819
2023-11-23,2024-02-29,63,-0.8938,-3.5276
2023-11-24,2024-03-01,63,-0.304,-1.2105
2023-11-27,2024-03-04,63,0.0803,0.3216
2023-11-28,2024-03-05,63,0.2031,0.8151
2023-11-29,2024-03-06,63,0.4054,1.6316
2023-11-30,2024-03-07,63,0.0214,0.0857
2023-12-01,2024-03-08,63,0.2273,0.9124
2023-12-04,2024-03-11,63,1.3612,5.557
2023-12-05,2024-03-12,63,2.3468,9.7228
2023-12-06,2024-03-13,63,2.0467,8.4415
2023-12-07,2024-03-14,63,1.9376,7.9785
2023-12-08,2024-03-15,63,1.8312,7.5285
2023-12-11,2024-03-18,63,2.0869,8.6127
2023-12-12,2024-03-19,63,2.131,8.8003
2023-12-13,2024-03-20,63,2.6535,11.044
2023-12-14,2024-03-21,63,2.7645,11.5251
2023-12-15,2024-03-22,63,2.4214,10.0433
2023-12-18,2024-03-25,63,2.4079,9.985
2023-12-19,2024-03-26,63,2.3971,9.9387
2023-12-20,2024-03-27,63,2.0989,8.6637
2023-12-21,2024-03-28,63,2.0946,8.6455
2023-12-22,2024-03-29,63,2.7938,11.6523
2023-12-25,2024-04-01,63,3.5229,14.8539
2023-12-26,2024-04-02,63,3.6977,15.6317
2023-12-27,2024-04-03,63,3.691,15.6018
2023-12-28,2024-04-08,63,2.8946,12.0909
2023-12-29,2024-04-09,63,3.2275,13.5486
2024-01-02,2024-04-10,63,3.2059,13.4538
2024-01-03,2024-04-11,63,3.1859,13.3655
2024-01-04,2024-04-12,63,4.3863,18.7339
2024-01-05,2024-04-15,63,4.8181,20.7106
2024-01-08,2024-04-16,63,4.9656,21.3914
2024-01-09,2024-04-17,63,5.4872,23.8222
2024-01-10,2024-04-18,63,5.4115,23.4671
2024-01-11,2024-04-19,63,4.5985,19.7019
2024-01-12,2024-04-22,63,4.1988,17.8831
2024-01-15,2024-04-23,63,3.5887,15.146
2024-01-16,2024-04-24,63,4.0012,16.9911
2024-01-17,2024-04-25,63,4.9519,21.3281
2024-01-18,2024-04-26,63,5.5939,24.324
2024-01-19,2024-04-29,63,6.5225,28.7552
2024-01-22,2024-04-30,63,6.8726,30.4562
2024-01-23,2024-05-06,63,6.996,31.0598
2024-01-24,2024-05-07,63,6.9241,30.7082
2024-01-25,2024-05-08,63,6.1935,27.1722
2024-01-26,2024-05-09,63,7.169,31.9097
2024-01-29,2024-05-10,63,8.4666,38.4155
2024-01-30,2024-05-13,63,8.6619,39.415
2024-01-31,2024-05-14,63,8.5896,39.0442
2024-02-01,2024-05-15,63,8.1887,37.0023
2024-02-02,2024-05-16,63,9.1563,41.9695
2024-02-05,2024-05-17,63,9.4822,43.6727
2024-02-06,2024-05-20,63,8.5458,38.8201
2024-02-07,2024-05-21,63,7.2489,32.3038
2024-02-08,2024-05-22,63,7.1423,31.7785
2024-02-19,2024-05-23,63,5.9354,25.9404
2024-02-20,2024-05-24,63,5.2038,22.4969
2024-02-21,2024-05-27,63,5.3546,23.2011
2024-02-22,2024-05-28,63,4.9543,21.339
2024-02-23,2024-05-29,63,5.2797,22.8509
2024-02-26,2024-05-30,63,4.9628,21.3785
2024-02-27,2024-05-31,63,4.3862,18.7332
2024-02-28,2024-06-03,63,4.9717,21.4197
2024-02-29,2024-06-04,63,4.6807,20.0787
2024-03-01,2024-06-05,63,4.0518,17.2191
2024-03-04,2024-06-06,63,3.7923,16.054
2024-03-05,2024-06-07,63,2.8607,11.9433
2024-03-06,2024-06-11,63,1.8967,7.8056
2024-03-07,2024-06-12,63,2.2501,9.3087
2024-03-08,2024-06-13,63,1.9872,8.1891
2024-03-11,2024-06-14,63,0.9798,3.9773
2024-03-12,2024-06-17,63,1.1115,4.5207
2024-03-13,2024-06-18,63,1.4066,5.7461
2024-03-14,2024-06-19,63,1.3327,5.4383
2024-03-15,2024-06-20,63,1.1135,4.5288
2024-03-18,2024-06-21,63,0.8632,3.4979
2024-03-19,2024-06-24,63,0.288,1.1568
2024-03-20,2024-06-25,63,-0.1314,-0.5246
2024-03-21,2024-06-26,63,-0.2802,-1.1163
2024-03-22,2024-06-27,63,-0.3005,-1.1965
2024-03-25,2024-06-28,63,0.1232,0.4938
2024-03-26,2024-07-01,63,-0.0333,-0.1331
2024-03-27,2024-07-02,63,0.3162,1.2708
2024-03-28,2024-07-03,63,-0.0009,-0.0035
2024-03-29,2024-07-04,63,-0.7651,-3.0256
2024-04-01,2024-07-05,63,-1.3786,-5.4013
2024-04-02,2024-07-08,63,-1.5849,-6.1903
2024-04-03,2024-07-09,63,-1.453,-5.6865
