entry_date,end_date,holding_days,total_return_pct,annualized_return_pct
2009-07-03,2009-09-30,63,2.5359,10.5359
2009-07-06,2009-10-09,63,5.0616,21.8363
2009-07-07,2009-10-12,63,5.144,22.2187
2009-07-08,2009-10-13,63,5.4901,23.8358
2009-07-09,2009-10-14,63,5.2951,22.923
2009-07-10,2009-10-15,63,4.6036,19.7255
2009-07-13,2009-10-16,63,4.1541,17.681
2009-07-14,2009-10-19,63,4.0353,17.1447
2009-07-15,2009-10-20,63,4.9756,21.4376
2009-07-16,2009-10-21,63,4.262,18.169
2009-07-17,2009-10-22,63,4.3705,18.6616
2009-07-20,2009-10-23,63,4.1986,17.8821
2009-07-21,2009-10-26,63,4.2676,18.1944
2009-07-22,2009-10-27,63,3.0584,12.8066
2009-07-23,2009-10-28,63,2.8887,12.0651
2009-07-24,2009-10-29,63,2.9395,12.2869
2009-07-27,2009-10-30,63,2.9822,12.4729
2009-07-28,2009-11-02,63,3.4232,14.4121
2009-07-29,2009-11-03,63,6.1448,26.9388
2009-07-30,2009-11-04,63,6.9468,30.8191
2009-07-31,2009-11-05,63,6.2573,27.478
2009-08-03,2009-11-06,63,4.8776,20.985
2009-08-04,2009-11-09,63,4.9707,21.4152
2009-08-05,2009-11-10,63,4.4365,18.9623
2009-08-06,2009-11-11,63,5.2856,22.8784
2009-08-07,2009-11-12,63,6.9438,30.8044
2009-08-10,2009-11-13,63,7.0499,31.3241
2009-08-11,2009-11-16,63,7.9365,35.7291
2009-08-12,2009-11-17,63,9.3654,43.0603
2009-08-13,2009-11-18,63,9.6583,44.5993
2009-08-14,2009-11-19,63,11.3703,53.8432
2009-08-17,2009-11-20,63,13.8707,68.1311
2009-08-18,2009-11-23,63,14.9647,74.6857
2009-08-19,2009-11-24,63,14.5034,71.8988
2009-08-20,2009-11-25,63,14.8544,74.0165
2009-08-21,2009-11-26,63,12.7628,61.6825
2009-08-24,2009-11-27,63,10.5949,49.6032
2009-08-25,2009-11-30,63,13.4251,65.5148
2009-08-26,2009-12-01,63,13.2749,64.6399
2009-08-27,2009-12-02,63,13.6842,67.0324
2009-08-28,2009-12-03,63,14.2797,70.5595
2009-08-31,2009-12-04,63,14.9918,74.8508
2009-09-01,2009-12-07,63,14.5608,72.2443
2009-09-02,2009-12-08,63,14.3537,71.0017
2009-09-03,2009-12-09,63,11.1263,52.499
2009-09-04,2009-12-10,63,10.711,50.2323
2009-09-07,2009-12-11,63,9.8807,45.7758
2009-09-08,2009-12-14,63,8.6415,39.3104
2009-09-09,2009-12-15,63,9.172,42.0512
2009-09-10,2009-12-16,63,9.7585,45.1285
2009-09-11,2009-12-17,63,8.0224,36.1617
2009-09-14,2009-12-18,63,5.96,26.0571
2009-09-15,2009-12-21,63,6.7495,29.8563
2009-09-16,2009-12-22,63,5.1921,22.4428
2009-09-17,2009-12-23,63,5.1925,22.4446
2009-09-18,2009-12-24,63,7.7887,34.9875
2009-09-21,2009-12-25,63,7.7743,34.915
2009-09-22,2009-12-28,63,8.2315,37.2193
2009-09-23,2009-12-29,63,9.0685,41.5133
2009-09-24,2009-12-30,63,8.8864,40.5704
2009-09-25,2010-01-04,63,10.2229,47.6005
2009-09-28,2010-01-05,63,12.0666,57.7268
2009-09-29,2010-01-06,63,11.7764,56.099
2009-09-30,2010-01-07,63,10.7568,50.4811
2009-10-09,2010-01-08,63,8.2185,37.1534
2009-10-12,2010-01-11,63,8.5476,38.829
2009-10-13,2010-01-12,63,8.9759,41.0333
2009-10-14,2010-01-13,63,8.0736,36.4201
2009-10-15,2010-01-14,63,9.8871,45.8101
2009-10-16,2010-01-15,63,9.9283,46.0288
2009-10-19,2010-01-18,63,9.6468,44.5387
2009-10-20,2010-01-19,63,8.3312,37.7254
2009-10-21,2010-01-20,63,8.0109,36.104
2009-10-22,2010-01-21,63,7.7023,34.5552
2009-10-23,2010-01-22,63,5.9187,25.8609
2009-10-26,2010-01-25,63,6.1929,27.1693
2009-10-27,2010-01-26,63,6.1558,26.9916
2009-10-28,2010-01-27,63,5.6545,24.6098
2009-10-29,2010-01-28,63,6.3922,28.1267
2009-10-30,2010-01-29,63,5.8037,25.3153
2009-11-02,2010-02-01,63,4.9237,21.1979
2009-11-03,2010-02-02,63,4.315,18.4096
2009-11-04,2010-02-03,63,3.7646,15.9302
2009-11-05,2010-02-04,63,3.766,15.9367
2009-11-06,2010-02-05,63,2.525,10.4889
2009-11-09,2010-02-08,63,2.1512,8.8865
2009-11-10,2010-02-09,63,2.0919,8.6337
2009-11-11,2010-02-10,63,2.0724,8.5508
2009-11-12,2010-02-11,63,1.4477,5.9178
2009-11-13,2010-02-12,63,1.7207,7.0625
2009-11-16,2010-02-22,63,1.3027,5.3137
2009-11-17,2010-02-23,63,1.0773,4.3793
2009-11-18,2010-02-24,63,0.8708,3.529
2009-11-19,2010-02-25,63,0.6542,2.6426
2009-11-20,2010-02-26,63,0.7939,3.2134
2009-11-23,2010-03-01,63,-0.1057,-0.4222
2009-11-24,2010-03-02,63,1.0367,4.2119
2009-11-25,2010-03-03,63,0.489,1.9704
2009-11-26,2010-03-04,63,0.5852,2.3613
2009-11-27,2010-03-05,63,1.5994,6.5527
2009-11-30,2010-03-08,63,0.018,0.072
2009-12-01,2010-03-09,63,-1.0862,-4.2745
2009-12-02,2010-03-10,63,-1.9027,-7.3964
2009-12-03,2010-03-11,63,-2.6115,-10.0438
2009-12-04,2010-03-12,63,-2.0075,-7.7913
2009-12-07,2010-03-15,63,-1.9557,-7.5961
2009-12-08,2010-03-16,63,-1.6383,-6.3939
2009-12-09,2010-03-17,63,0.2463,0.9888
2009-12-10,2010-03-18,63,-0.3241,-1.2902
2009-12-11,2010-03-19,63,-0.4806,-1.9086
2009-12-14,2010-03-22,63,-0.5593,-2.2183
2009-12-15,2010-03-23,63,-0.5098,-2.0236
2009-12-16,2010-03-24,63,-0.5887,-2.3342
2009-12-17,2010-03-25,63,-0.1566,-0.6251
2009-12-18,2010-03-26,63,1.5832,6.4847
2009-12-21,2010-03-29,63,1.411,5.7644
2009-12-22,2010-03-30,63,2.4419,10.1312
2009-12-23,2010-03-31,63,1.7674,7.2594
2009-12-24,2010-04-01,63,0.8079,3.2709
2009-12-25,2010-04-02,63,0.7881,3.1897
2009-12-28,2010-04-06,63,0.4772,1.9224
2009-12-29,2010-04-07,63,0.7769,3.1441
2009-12-30,2010-04-08,63,1.2146,4.9475
2010-01-04,2010-04-09,63,1.0732,4.3626
2010-01-05,2010-04-12,63,0.5376,2.1677
2010-01-06,2010-04-13,63,0.9133,3.7037
2010-01-07,2010-04-14,63,2.0366,8.3985
2010-01-08,2010-04-15,63,2.0103,8.2867
2010-01-11,2010-04-16,63,1.3769,5.6223
2010-01-12,2010-04-19,63,-0.5373,-2.1318
2010-01-13,2010-04-20,63,0.7401,2.9934
2010-01-14,2010-04-21,63,0.5474,2.2077
2010-01-15,2010-04-22,63,0.7834,3.1706
2010-01-18,2010-04-23,63,0.0809,0.3241
2010-01-19,2010-04-26,63,0.2509,1.0075
2010-01-20,2010-04-27,63,0.2903,1.1664
2010-01-21,2010-04-28,63,0.6511,2.6299
2010-01-22,2010-04-29,63,1.3222,5.3944
2010-01-25,2010-04-30,63,0.8274,3.3508
2010-01-26,2010-05-04,63,1.883,7.7476
2010-01-27,2010-05-05,63,2.6764,11.143
2010-01-28,2010-05-06,63,1.986,8.1839
2010-01-29,2010-05-07,63,2.5142,10.4425
2010-02-01,2010-05-10,63,1.9964,8.2279
2010-02-02,2010-05-11,63,1.3784,5.6286
2010-02-03,2010-05-12,63,0.8315,3.3676
2010-02-04,2010-05-13,63,1.4588,5.9643
2010-02-05,2010-05-14,63,3.0322,12.6919
2010-02-08,2010-05-17,63,1.675,6.8701
2010-02-09,2010-05-18,63,1.3014,5.308
2010-02-10,2010-05-19,63,0.9071,3.6779
2010-02-11,2010-05-20,63,-0.1087,-0.4342
2010-02-12,2010-05-21,63,-0.2668,-1.063
2010-02-22,2010-05-24,63,0.2009,0.8058
2010-02-23,2010-05-25,63,0.0301,0.1203
2010-02-24,2010-05-26,63,0.2545,1.0218
2010-02-25,2010-05-27,63,0.8424,3.4125
2010-02-26,2010-05-28,63,0.6849,2.7677
2010-03-01,2010-05-31,63,-0.1578,-0.6298
2010-03-02,2010-06-01,63,-0.1545,-0.6166
2010-03-03,2010-06-02,63,-0.8707,-3.4377
2010-03-04,2010-06-03,63,0.0653,0.2614
2010-03-05,2010-06-04,63,-0.0551,-0.22
2010-03-08,2010-06-07,63,0.2965,1.1911
2010-03-09,2010-06-08,63,1.3684,5.5871
2010-03-10,2010-06-09,63,1.7006,6.9781
2010-03-11,2010-06-10,63,2.3329,9.6632
2010-03-12,2010-06-11,63,2.0731,8.5538
2010-03-15,2010-06-17,63,2.3664,9.807
2010-03-16,2010-06-18,63,1.5778,6.4623
2010-03-17,2010-06-21,63,1.5574,6.3764
2010-03-18,2010-06-22,63,1.2673,5.1663
2010-03-19,2010-06-23,63,1.2018,4.8947
2010-03-22,2010-06-24,63,1.4447,5.9053
2010-03-23,2010-06-25,63,1.5081,6.1702
2010-03-24,2010-06-28,63,1.2257,4.9937
2010-03-25,2010-06-29,63,0.4557,1.8354
2010-03-26,2010-06-30,63,-0.0398,-0.159
2010-03-29,2010-07-01,63,-1.0162,-4.0033
2010-03-30,2010-07-02,63,-2.1926,-8.486
2010-03-31,2010-07-05,63,-1.9403,-7.5381
2010-04-01,2010-07-06,63,-1.882,-7.3181
2010-04-02,2010-07-07,63,-2.0674,-8.0166
2010-04-06,2010-07-08,63,-1.9085,-7.4182
2010-04-07,2010-07-09,63,-1.648,-6.431
2010-04-08,2010-07-12,63,-1.3861,-5.43
2010-04-09,2010-07-13,63,-2.2849,-8.8312
2010-04-12,2010-07-14,63,-2.219,-8.5848
2010-04-13,2010-07-15,63,-2.3911,-9.2266
2010-04-14,2010-07-16,63,-2.8467,-10.9097
2010-04-15,2010-07-19,63,-2.6507,-10.1885
2010-04-16,2010-07-20,63,-2.4199,-9.3341
2010-04-19,2010-07-21,63,-1.1462,-4.5067
2010-04-20,2010-07-22,63,-1.61,-6.2862
2010-04-21,2010-07-23,63,-1.9075,-7.4146
2010-04-22,2010-07-26,63,-1.771,-6.898
2010-04-23,2010-07-27,63,-1.3406,-5.2554
2010-04-26,2010-07-28,63,-1.6155,-6.3072
2010-04-27,2010-07-29,63,-0.8977,-3.5429
2010-04-28,2010-07-30,63,-1.1141,-4.3825
2010-04-29,2010-08-02,63,0.4133,1.6633
2010-04-30,2010-08-03,63,0.4003,1.6107
2010-05-04,2010-08-04,63,0.9039,3.665
2010-05-05,2010-08-05,63,0.7073,2.8594
2010-05-06,2010-08-06,63,1.8671,7.6801
2010-05-07,2010-08-09,63,1.7025,6.9859
2010-05-10,2010-08-10,63,1.1082,4.5071
2010-05-11,2010-08-11,63,1.8821,7.7436
2010-05-12,2010-08-12,63,2.1586,8.9179
2010-05-13,2010-08-13,63,2.1657,8.9484
2010-05-14,2010-08-16,63,2.5759,10.7085
2010-05-17,2010-08-17,63,4.0204,17.0778
2010-05-18,2010-08-18,63,3.9718,16.8591
2010-05-19,2010-08-19,63,4.0698,17.3005
2010-05-20,2010-08-20,63,4.4212,18.8927
2010-05-21,2010-08-23,63,4.2065,17.9176
2010-05-24,2010-08-24,63,3.0728,12.8693
2010-05-25,2010-08-25,63,3.2915,13.8303
2010-05-26,2010-08-26,63,3.24,13.6034
2010-05-27,2010-08-27,63,2.8523,11.9068
2010-05-28,2010-08-30,63,3.652,15.428
2010-05-31,2010-08-31,63,4.3435,18.5393
2010-06-01,2010-09-01,63,4.5272,19.3759
2010-06-02,2010-09-02,63,4.8891,21.0377
2010-06-03,2010-09-03,63,5.1576,22.2821
2010-06-04,2010-09-06,63,5.1686,22.3334
2010-06-07,2010-09-07,63,4.6836,20.0922
2010-06-08,2010-09-08,63,4.4062,18.824
2010-06-09,2010-09-09,63,3.7581,15.9014
2010-06-10,2010-09-10,63,4.0786,17.3398
2010-06-11,2010-09-13,63,4.7827,20.5477
2010-06-17,2010-09-14,63,5.0547,21.8043
2010-06-18,2010-09-15,63,5.7205,24.9216
2010-06-21,2010-09-16,63,4.056,17.2378
2010-06-22,2010-09-17,63,5.0613,21.8349
2010-06-23,2010-09-20,63,5.2394,22.663
2010-06-24,2010-09-21,63,5.2892,22.8952
2010-06-25,2010-09-27,63,6.5025,28.6588
2010-06-28,2010-09-28,63,7.0474,31.3118
2010-06-29,2010-09-29,63,8.6216,39.2081
2010-06-30,2010-09-30,63,9.2568,42.4929
2010-07-01,2010-10-08,63,10.9381,51.4688
2010-07-02,2010-10-11,63,12.6209,60.8706
2010-07-05,2010-10-12,63,12.2093,58.5316
2010-07-06,2010-10-13,63,11.3731,53.8584
2010-07-07,2010-10-14,63,10.831,50.8847
2010-07-08,2010-10-15,63,10.5788,49.5159
2010-07-09,2010-10-18,63,9.0858,41.6032
2010-07-12,2010-10-19,63,9.6069,44.3283
2010-07-13,2010-10-20,63,10.4342,48.7353
2010-07-14,2010-10-21,63,9.9304,46.04
2010-07-15,2010-10-22,63,10.3432,48.2458
2010-07-16,2010-10-25,63,11.9663,57.1626
2010-07-19,2010-10-26,63,11.1534,52.6481
2010-07-20,2010-10-27,63,10.2477,47.7333
2010-07-21,2010-10-28,63,9.9471,46.1283
2010-07-22,2010-10-29,63,10.1619,47.2738
2010-07-23,2010-11-01,63,10.9211,51.3759
2010-07-26,2010-11-02,63,10.2257,47.6154
2010-07-27,2010-11-03,63,9.9334,46.0556
2010-07-28,2010-11-04,63,10.732,50.3464
2010-07-29,2010-11-05,63,11.6837,55.5819
2010-07-30,2010-11-08,63,12.4437,59.8602
2010-08-02,2010-11-09,63,12.378,59.4868
2010-08-03,2010-11-10,63,13.2646,64.5802
2010-08-04,2010-11-11,63,12.227,58.6316
2010-08-05,2010-11-12,63,9.5237,43.8908
2010-08-06,2010-11-15,63,9.3508,42.9843
2010-08-09,2010-11-16,63,7.8697,35.3938
2010-08-10,2010-11-17,63,6.8838,30.5112
2010-08-11,2010-11-18,63,7.2906,32.5094
2010-08-12,2010-11-19,63,8.3143,37.6396
2010-08-13,2010-11-22,63,7.7896,34.9917
2010-08-16,2010-11-23,63,7.0025,31.0919
2010-08-17,2010-11-24,63,8.2741,37.4355
2010-08-18,2010-11-25,63,8.4484,38.3223
2010-08-19,2010-11-26,63,8.4549,38.3556
2010-08-20,2010-11-29,63,9.7065,44.8535
2010-08-23,2010-11-30,63,8.707,39.6466
2010-08-24,2010-12-01,63,9.2136,42.268
2010-08-25,2010-12-02,63,9.4814,43.6684
2010-08-26,2010-12-03,63,9.0732,41.538
2010-08-27,2010-12-06,63,8.5505,38.844
2010-08-30,2010-12-07,63,8.1342,36.7263
2010-08-31,2010-12-08,63,7.2601,32.359
2010-09-01,2010-12-09,63,6.4819,28.5594
2010-09-02,2010-12-10,63,6.1754,27.0855
2010-09-03,2010-12-13,63,6.5682,28.9764
2010-09-06,2010-12-14,63,7.3778,32.9407
2010-09-07,2010-12-15,63,6.9473,30.8215
2010-09-08,2010-12-16,63,6.5632,28.9525
2010-09-09,2010-12-17,63,6.6639,29.4404
2010-09-10,2010-12-20,63,6.1667,27.0438
2010-09-13,2010-12-21,63,5.8041,25.3171
2010-09-14,2010-12-22,63,5.4743,23.7619
2010-09-15,2010-12-23,63,5.176,22.3678
2010-09-16,2010-12-24,63,5.1953,22.4574
2010-09-17,2010-12-27,63,4.0073,17.0187
2010-09-20,2010-12-28,63,3.8877,16.4814
2010-09-21,2010-12-29,63,4.7189,20.2541
2010-09-27,2010-12-30,63,3.608,15.2319
2010-09-28,2011-01-04,63,4.2538,18.1319
2010-09-29,2011-01-05,63,3.2603,13.693
2010-09-30,2011-01-06,63,2.4595,10.2067
2010-10-08,2011-01-07,63,1.395,5.6979
2010-10-11,2011-01-10,63,0.5536,2.233
2010-10-12,2011-01-11,63,0.8482,3.4363
2010-10-13,2011-01-12,63,1.0394,4.2229
2010-10-14,2011-01-13,63,1.5813,6.4769
2010-10-15,2011-01-14,63,1.1431,4.6516
2010-10-18,2011-01-17,63,0.4072,1.6387
2010-10-19,2011-01-18,63,0.2387,0.9583
2010-10-20,2011-01-19,63,0.6169,2.4905
2010-10-21,2011-01-20,63,-0.3286,-1.3078
2010-10-22,2011-01-21,63,-0.6839,-2.7078
2010-10-25,2011-01-24,63,-2.4591,-9.4794
2010-10-26,2011-01-25,63,-2.5565,-9.8404
2010-10-27,2011-01-26,63,-1.7526,-6.8283
2010-10-28,2011-01-27,63,-1.2042,-4.7304
2010-10-29,2011-01-28,63,-1.7129,-6.6775
2010-11-01,2011-01-31,63,-2.0504,-7.9529
2010-11-02,2011-02-01,63,-1.7109,-6.6701
2010-11-03,2011-02-09,63,-1.2728,-4.995
2010-11-04,2011-02-10,63,-1.1227,-4.4159
2010-11-05,2011-02-11,63,-1.7145,-6.6838
2010-11-08,2011-02-14,63,-1.8811,-7.3148
2010-11-09,2011-02-15,63,-2.7884,-10.6959
2010-11-10,2011-02-16,63,-2.7209,-10.4473
2010-11-11,2011-02-17,63,-2.7631,-10.6025
2010-11-12,2011-02-18,63,-0.9446,-3.7253
2010-11-15,2011-02-21,63,-0.8476,-3.3476
2010-11-16,2011-02-22,63,-0.4491,-1.7842
2010-11-17,2011-02-23,63,1.5534,6.3598
2010-11-18,2011-02-24,63,1.0756,4.3724
2010-11-19,2011-02-25,63,0.0587,0.235
2010-11-22,2011-02-28,63,0.1011,0.4051
2010-11-23,2011-03-01,63,0.4096,1.6483
2010-11-24,2011-03-02,63,-0.5772,-2.2888
2010-11-25,2011-03-03,63,-1.2411,-4.8727
2010-11-26,2011-03-04,63,-1.2767,-5.0097
2010-11-29,2011-03-07,63,-1.1318,-4.4509
2010-11-30,2011-03-08,63,-0.7562,-2.9907
2010-12-01,2011-03-09,63,-1.324,-5.1918
2010-12-02,2011-03-10,63,-1.177,-4.6256
2010-12-03,2011-03-11,63,-1.4997,-5.8652
2010-12-06,2011-03-14,63,-0.8485,-3.3509
2010-12-07,2011-03-15,63,-1.9968,-7.7512
2010-12-08,2011-03-16,63,-1.2897,-5.0598
2010-12-09,2011-03-17,63,-0.7998,-3.161
2010-12-10,2011-03-18,63,-0.6444,-2.5528
2010-12-13,2011-03-21,63,-1.1701,-4.5987
2010-12-14,2011-03-22,63,-2.0333,-7.8884
2010-12-15,2011-03-23,63,-1.512,-5.9123
2010-12-16,2011-03-24,63,-1.5225,-5.9525
2010-12-17,2011-03-25,63,-1.3217,-5.1828
2010-12-20,2011-03-28,63,-1.8704,-7.2743
2010-12-21,2011-03-29,63,-2.0914,-8.1069
2010-12-22,2011-03-30,63,-1.8271,-7.1107
2010-12-23,2011-03-31,63,-1.36,-5.3301
2010-12-24,2011-04-01,63,-0.7903,-3.1239
2010-12-27,2011-04-06,63,-0.1447,-0.5777
2010-12-28,2011-04-07,63,-0.2063,-0.8226
2010-12-29,2011-04-08,63,-0.3937,-1.5657
2010-12-30,2011-04-11,63,-0.4081,-1.6226
2011-01-04,2011-04-12,63,-1.0858,-4.2731
2011-01-05,2011-04-13,63,0.2589,1.0397
2011-01-06,2011-04-14,63,0.6367,2.571
2011-01-07,2011-04-15,63,0.7816,3.1632
2011-01-10,2011-04-18,63,1.4782,6.0453
2011-01-11,2011-04-19,63,1.3288,5.422
2011-01-12,2011-04-20,63,1.6161,6.6229
2011-01-13,2011-04-21,63,1.4035,5.7333
2011-01-14,2011-04-22,63,1.8366,7.5513
2011-01-17,2011-04-25,63,3.2709,13.7394
2011-01-18,2011-04-26,63,2.1039,8.6849
2011-01-19,2011-04-27,63,1.4739,6.027
2011-01-20,2011-04-28,63,2.277,9.4238
2011-01-21,2011-04-29,63,3.0838,12.9176
2011-01-24,2011-05-03,63,4.0082,17.0225
2011-01-25,2011-05-04,63,3.934,16.6893
2011-01-26,2011-05-05,63,3.6408,15.3779
2011-01-27,2011-05-06,63,2.8991,12.1103
2011-01-28,2011-05-09,63,3.1748,13.3167
2011-01-31,2011-05-10,63,2.4995,10.3793
2011-02-01,2011-05-11,63,2.6417,10.9931
2011-02-09,2011-05-12,63,1.8068,7.4255
2011-02-10,2011-05-13,63,1.4617,5.976
2011-02-11,2011-05-16,63,1.0652,4.3293
2011-02-14,2011-05-17,63,0.7361,2.9769
2011-02-15,2011-05-18,63,0.9086,3.6844
2011-02-16,2011-05-19,63,0.7892,3.1943
2011-02-17,2011-05-20,63,0.9772,3.9666
2011-02-18,2011-05-23,63,0.1442,0.5779
2011-02-21,2011-05-24,63,-0.3323,-1.3228
2011-02-22,2011-05-25,63,0.02,0.08
2011-02-23,2011-05-26,63,0.1009,0.4041
2011-02-24,2011-05-27,63,-0.6927,-2.7422
2011-02-25,2011-05-30,63,-0.1224,-0.4888
2011-02-28,2011-05-31,63,-0.2089,-0.8328
2011-03-01,2011-06-01,63,-0.2732,-1.0883
2011-03-02,2011-06-02,63,-0.4905,-1.9476
2011-03-03,2011-06-03,63,0.5376,2.168
2011-03-04,2011-06-07,63,0.7139,2.8862
2011-03-07,2011-06-08,63,0.2579,1.0356
2011-03-08,2011-06-09,63,-0.1772,-0.707
2011-03-09,2011-06-10,63,0.1077,0.4314
2011-03-10,2011-06-13,63,-0.6551,-2.5946
2011-03-11,2011-06-14,63,-0.097,-0.3873
2011-03-14,2011-06-15,63,-0.6593,-2.6112
2011-03-15,2011-06-16,63,-0.3779,-1.5031
2011-03-16,2011-06-17,63,-0.5522,-2.1907
2011-03-17,2011-06-20,63,-0.4771,-1.8947
2011-03-18,2011-06-21,63,-0.4955,-1.9674
2011-03-21,2011-06-22,63,-0.4897,-1.9445
2011-03-22,2011-06-23,63,0.0207,0.0828
2011-03-23,2011-06-24,63,-0.1112,-0.4441
2011-03-24,2011-06-27,63,-0.3798,-1.5107
2011-03-25,2011-06-28,63,-0.1938,-0.7728
2011-03-28,2011-06-29,63,0.3074,1.2353
2011-03-29,2011-06-30,63,0.8888,3.6028
2011-03-30,2011-07-01,63,0.8916,3.6145
2011-03-31,2011-07-04,63,1.199,4.8831
2011-04-01,2011-07-05,63,1.1066,4.5002
2011-04-06,2011-07-06,63,1.665,6.8281
2011-04-07,2011-07-07,63,2.0837,8.5989
2011-04-08,2011-07-08,63,1.5542,6.3631
2011-04-11,2011-07-11,63,2.1751,8.9883
2011-04-12,2011-07-12,63,1.9862,8.1846
2011-04-13,2011-07-13,63,2.3456,9.7178
2011-04-14,2011-07-14,63,2.5059,10.4068
2011-04-15,2011-07-15,63,2.6932,11.2158
2011-04-18,2011-07-18,63,3.0331,12.6955
2011-04-19,2011-07-19,63,3.1461,13.1907
2011-04-20,2011-07-20,63,2.6751,11.1373
2011-04-21,2011-07-21,63,2.9928,12.5193
2011-04-22,2011-07-22,63,2.9016,12.1215
2011-04-25,2011-07-25,63,2.6883,11.1948
2011-04-26,2011-07-26,63,3.2244,13.5349
2011-04-27,2011-07-27,63,3.7785,15.9923
2011-04-28,2011-07-28,63,4.0205,17.0782
2011-04-29,2011-07-29,63,3.3888,14.26
2011-05-03,2011-08-01,63,2.6699,11.115
2011-05-04,2011-08-02,63,3.2747,13.7565
2011-05-05,2011-08-03,63,4.1687,17.7467
2011-05-06,2011-08-04,63,4.639,19.8876
2011-05-09,2011-08-05,63,4.1368,17.6027
2011-05-10,2011-08-08,63,4.1783,17.79
2011-05-11,2011-08-09,63,4.6001,19.7095
2011-05-12,2011-08-10,63,5.4904,23.8376
2011-05-13,2011-08-11,63,6.3271,27.813
2011-05-16,2011-08-12,63,6.5042,28.6669
2011-05-17,2011-08-15,63,6.3488,27.9176
2011-05-18,2011-08-16,63,6.3325,27.839
2011-05-19,2011-08-17,63,6.3767,28.052
2011-05-20,2011-08-18,63,6.0906,26.6798
2011-05-23,2011-08-19,63,7.9105,35.5985
2011-05-24,2011-08-22,63,7.9384,35.7388
2011-05-25,2011-08-23,63,8.1363,36.7367
2011-05-26,2011-08-24,63,7.1948,32.0367
2011-05-27,2011-08-25,63,6.9151,30.6643
2011-05-30,2011-08-26,63,6.9299,30.7363
2011-05-31,2011-08-29,63,7.5945,34.0169
2011-06-01,2011-08-30,63,6.8487,30.3399
2011-06-02,2011-08-31,63,7.5301,33.6968
2011-06-03,2011-09-01,63,6.448,28.3956
2011-06-07,2011-09-02,63,6.3639,27.9904
2011-06-08,2011-09-05,63,6.6741,29.4898
2011-06-09,2011-09-06,63,7.3767,32.9351
2011-06-10,2011-09-07,63,6.314,27.7503
2011-06-13,2011-09-08,63,6.9111,30.6446
2011-06-14,2011-09-09,63,7.0955,31.5482
2011-06-15,2011-09-13,63,6.0905,26.6792
2011-06-16,2011-09-14,63,6.4155,28.2388
2011-06-17,2011-09-15,63,6.4826,28.5626
2011-06-20,2011-09-16,63,5.9244,25.8878
2011-06-21,2011-09-19,63,6.2308,27.351
2011-06-22,2011-09-20,63,5.3406,23.1355
2011-06-23,2011-09-21,63,6.0523,26.4971
2011-06-24,2011-09-22,63,4.7573,20.4308
2011-06-27,2011-09-23,63,4.2149,17.9558
2011-06-28,2011-09-26,63,1.9644,8.0923
2011-06-29,2011-09-27,63,2.1682,8.9589
2011-06-30,2011-09-28,63,1.5994,6.5526
2011-07-01,2011-09-29,63,0.8273,3.3503
2011-07-04,2011-09-30,63,0.778,3.1484
2011-07-05,2011-10-10,63,0.8432,3.4156
2011-07-06,2011-10-11,63,0.294,1.1814
2011-07-07,2011-10-12,63,0.5655,2.2812
2011-07-08,2011-10-13,63,0.8381,3.3947
2011-07-11,2011-10-14,63,0.1129,0.4525
2011-07-12,2011-10-17,63,0.7268,2.9392
2011-07-13,2011-10-18,63,-0.6119,-2.4252
2011-07-14,2011-10-19,63,-1.0282,-4.05
2011-07-15,2011-10-20,63,-2.2749,-8.7937
2011-07-18,2011-10-21,63,-2.6995,-10.3686
2011-07-19,2011-10-24,63,-1.6956,-6.6118
2011-07-20,2011-10-25,63,-1.2827,-5.0331
2011-07-21,2011-10-26,63,-0.3649,-1.4518
2011-07-22,2011-10-27,63,-0.1075,-0.4292
2011-07-25,2011-10-28,63,0.5529,2.2298
2011-07-26,2011-10-31,63,0.3188,1.2812
2011-07-27,2011-11-01,63,0.0376,0.1504
2011-07-28,2011-11-02,63,0.6864,2.7742
2011-07-29,2011-11-03,63,1.0097,4.1003
2011-08-01,2011-11-04,63,1.8466,7.5935
2011-08-02,2011-11-07,63,1.9258,7.9286
2011-08-03,2011-11-08,63,0.9829,3.9899
2011-08-04,2011-11-09,63,1.0017,4.0676
2011-08-05,2011-11-10,63,0.635,2.5642
2011-08-08,2011-11-11,63,0.6685,2.701
2011-08-09,2011-11-14,63,0.7219,2.9192
2011-08-10,2011-11-15,63,-0.0458,-0.1832
2011-08-11,2011-11-16,63,-1.6769,-6.5406
2011-08-12,2011-11-17,63,-1.5312,-5.9854
2011-08-15,2011-11-18,63,-2.4102,-9.2979
2011-08-16,2011-11-21,63,-2.5149,-9.6864
2011-08-17,2011-11-22,63,-2.8032,-10.7501
2011-08-18,2011-11-23,63,-2.1118,-8.1833
2011-08-19,2011-11-24,63,-3.0252,-11.5626
2011-08-22,2011-11-25,63,-3.0324,-11.5888
2011-08-23,2011-11-28,63,-2.7107,-10.4099
2011-08-24,2011-11-29,63,-1.9761,-7.673
2011-08-25,2011-11-30,63,-1.6829,-6.5636
2011-08-26,2011-12-01,63,-1.4104,-5.5232
2011-08-29,2011-12-02,63,-2.4383,-9.4022
2011-08-30,2011-12-05,63,-2.6336,-10.1257
2011-08-31,2011-12-06,63,-3.7265,-14.0931
2011-09-01,2011-12-07,63,-2.8561,-10.9443
2011-09-02,2011-12-08,63,-2.9669,-11.3497
2011-09-05,2011-12-09,63,-4.0579,-15.2699
2011-09-06,2011-12-12,63,-4.4878,-16.7784
2011-09-07,2011-12-13,63,-4.9993,-18.5471
2011-09-08,2011-12-14,63,-5.3964,-19.9004
2011-09-09,2011-12-15,63,-6.862,-24.7498
2011-09-13,2011-12-16,63,-5.2589,-19.4336
2011-09-14,2011-12-19,63,-5.3947,-19.8946
2011-09-15,2011-12-20,63,-5.3083,-19.6015
2011-09-16,2011-12-21,63,-4.8267,-17.9533
2011-09-19,2011-12-22,63,-5.5949,-20.5706
2011-09-20,2011-12-23,63,-4.9759,-18.4668
2011-09-21,2011-12-26,63,-6.449,-23.4062
2011-09-22,2011-12-27,63,-6.1915,-22.5594
2011-09-23,2011-12-28,63,-5.7647,-21.1404
2011-09-26,2011-12-29,63,-4.4786,-16.7464
2011-09-27,2011-12-30,63,-3.8944,-14.691
2011-09-28,2012-01-04,63,-3.7956,-14.3396
2011-09-29,2012-01-05,63,-3.2943,-12.5401
2011-09-30,2012-01-06,63,-3.4726,-13.1835
2011-10-10,2012-01-09,63,-3.277,-12.4778
2011-10-11,2012-01-10,63,-2.3223,-8.9706
2011-10-12,2012-01-11,63,-2.7997,-10.7372
2011-10-13,2012-01-12,63,-3.1342,-11.9596
2011-10-14,2012-01-13,63,-3.4872,-13.2359
2011-10-17,2012-01-16,63,-4.967,-18.4362
2011-10-18,2012-01-17,63,-3.2267,-12.2955
2011-10-19,2012-01-18,63,-3.8666,-14.5924
2011-10-20,2012-01-19,63,-2.1898,-8.4758
2011-10-21,2012-01-20,63,-1.7298,-6.7419
2011-10-24,2012-01-30,63,-1.9348,-7.5176
2011-10-25,2012-01-31,63,-1.9707,-7.6527
2011-10-26,2012-02-01,63,-3.164,-12.068
2011-10-27,2012-02-02,63,-2.8618,-10.9652
2011-10-28,2012-02-03,63,-3.1082,-11.865
2011-10-31,2012-02-06,63,-2.8452,-10.9042
2011-11-01,2012-02-07,63,-3.3095,-12.5953
2011-11-02,2012-02-08,63,-3.0621,-11.6972
2011-11-03,2012-02-09,63,-3.2255,-12.2911
2011-11-04,2012-02-10,63,-3.789,-14.3161
2011-11-07,2012-02-13,63,-3.6318,-13.7547
2011-11-08,2012-02-14,63,-3.8771,-14.6296
2011-11-09,2012-02-15,63,-3.7744,-14.2641
2011-11-10,2012-02-16,63,-3.3771,-12.8392
2011-11-11,2012-02-17,63,-3.3518,-12.7479
2011-11-14,2012-02-20,63,-4.0437,-15.2201
2011-11-15,2012-02-21,63,-3.3445,-12.7217
2011-11-16,2012-02-22,63,-2.4075,-9.2878
2011-11-17,2012-02-23,63,-1.939,-7.5332
2011-11-18,2012-02-24,63,-0.6689,-2.6487
2011-11-21,2012-02-27,63,-0.7711,-3.049
2011-11-22,2012-02-28,63,-0.357,-1.4203
2011-11-23,2012-02-29,63,-0.6485,-2.569
2011-11-24,2012-03-01,63,-1.6641,-6.4922
2011-11-25,2012-03-02,63,-1.3656,-5.3514
2011-11-28,2012-03-05,63,-2.038,-7.9063
2011-11-29,2012-03-06,63,-2.6415,-10.1548
2011-11-30,2012-03-07,63,-2.6294,-10.11
2011-12-01,2012-03-08,63,-2.7666,-10.6154
2011-12-02,2012-03-09,63,-1.6984,-6.6226
2011-12-05,2012-03-12,63,-0.8809,-3.4775
2011-12-06,2012-03-13,63,0.1522,0.6103
2011-12-07,2012-03-14,63,-1.1981,-4.7068
2011-12-08,2012-03-15,63,-1.2688,-4.9795
2011-12-09,2012-03-16,63,0.7963,3.2233
2011-12-12,2012-03-19,63,1.3284,5.4205
2011-12-13,2012-03-20,63,1.6476,6.7549
2011-12-14,2012-03-21,63,1.8781,7.7266
2011-12-15,2012-03-22,63,3.3255,13.9802
2011-12-16,2012-03-23,63,2.168,8.9579
2011-12-19,2012-03-26,63,2.9426,12.3001
2011-12-20,2012-03-27,63,2.5765,10.7112
2011-12-21,2012-03-28,63,1.6292,6.678
2011-12-22,2012-03-29,63,1.5364,6.2887
2011-12-23,2012-03-30,63,1.1546,4.6992
2011-12-26,2012-04-05,63,2.2698,9.3932
2011-12-27,2012-04-06,63,3.6974,15.6304
2011-12-28,2012-04-09,63,3.978,16.8868
2011-12-29,2012-04-10,63,4.6074,19.7429
2011-12-30,2012-04-11,63,3.9461,16.7433
2012-01-04,2012-04-12,63,4.6782,20.0673
2012-01-05,2012-04-13,63,5.3108,22.996
2012-01-06,2012-04-16,63,4.5571,19.5126
2012-01-09,2012-04-17,63,3.9492,16.7577
2012-01-10,2012-04-18,63,3.1563,13.2357
2012-01-11,2012-04-19,63,2.3889,9.9034
2012-01-12,2012-04-20,63,2.8512,11.902
2012-01-13,2012-04-23,63,3.2083,13.4642
2012-01-16,2012-04-24,63,4.4862,19.189
2012-01-17,2012-04-25,63,3.2755,13.7598
2012-01-18,2012-04-26,63,4.7649,20.4658
2012-01-19,2012-04-27,63,4.4111,18.8464
2012-01-20,2012-05-02,63,3.9793,16.8928
2012-01-30,2012-05-03,63,3.5433,14.9444
2012-01-31,2012-05-04,63,3.6248,15.307
2012-02-01,2012-05-07,63,3.963,16.8195
2012-02-02,2012-05-08,63,3.0982,12.9805
2012-02-03,2012-05-09,63,1.7968,7.3831
2012-02-06,2012-05-10,63,1.7471,7.1739
2012-02-07,2012-05-11,63,2.0059,8.2684
2012-02-08,2012-05-14,63,0.618,2.4949
2012-02-09,2012-05-15,63,0.536,2.1611
2012-02-10,2012-05-16,63,-0.2491,-0.9927
2012-02-13,2012-05-17,63,-0.0485,-0.1938
2012-02-14,2012-05-18,63,0.0537,0.2149
2012-02-15,2012-05-21,63,0.4099,1.6497
2012-02-16,2012-05-22,63,1.0239,4.1589
2012-02-17,2012-05-23,63,0.5139,2.0713
2012-02-20,2012-05-24,63,-0.0764,-0.3052
2012-02-21,2012-05-25,63,-0.8928,-3.5237
2012-02-22,2012-05-28,63,-0.7132,-2.8223
2012-02-23,2012-05-29,63,-1.0844,-4.2674
2012-02-24,2012-05-30,63,-1.8042,-7.024
2012-02-27,2012-05-31,63,-1.4086,-5.5166
2012-02-28,2012-06-01,63,-1.5216,-5.9489
2012-02-29,2012-06-04,63,-1.3069,-5.126
2012-03-01,2012-06-05,63,-0.273,-1.0874
2012-03-02,2012-06-06,63,-0.5569,-2.2091
2012-03-05,2012-06-07,63,-0.5647,-2.2396
2012-03-06,2012-06-08,63,-1.0163,-4.0038
2012-03-07,2012-06-11,63,-0.131,-0.523
2012-03-08,2012-06-12,63,-0.8389,-3.3137
2012-03-09,2012-06-13,63,-0.7266,-2.875
2012-03-12,2012-06-14,63,-0.5206,-2.0661
2012-03-13,2012-06-15,63,-1.0188,-4.0135
2012-03-14,2012-06-18,63,0.0792,0.3172
2012-03-15,2012-06-19,63,0.1545,0.6193
2012-03-16,2012-06-20,63,-1.2365,-4.8551
2012-03-19,2012-06-21,63,-1.711,-6.6702
2012-03-20,2012-06-25,63,-1.6805,-6.5545
2012-03-21,2012-06-26,63,-1.4513,-5.68
2012-03-22,2012-06-27,63,-1.3497,-5.2905
2012-03-23,2012-06-28,63,-1.1958,-4.6982
2012-03-26,2012-06-29,63,-1.3955,-5.4661
2012-03-27,2012-07-02,63,-0.3354,-1.3347
2012-03-28,2012-07-03,63,1.1693,4.7598
2012-03-29,2012-07-04,63,1.7484,7.179
2012-03-30,2012-07-05,63,1.8011,7.4015
2012-04-05,2012-07-06,63,2.0739,8.5571
2012-04-06,2012-07-09,63,1.1032,4.4863
2012-04-09,2012-07-10,63,0.8788,3.5618
2012-04-10,2012-07-11,63,1.1785,4.798
2012-04-11,2012-07-12,63,1.2347,5.0312
2012-04-12,2012-07-13,63,1.1412,4.6434
2012-04-13,2012-07-16,63,0.624,2.5195
2012-04-16,2012-07-17,63,0.7933,3.2112
2012-04-17,2012-07-18,63,0.6789,2.7432
2012-04-18,2012-07-19,63,0.2829,1.1365
2012-04-19,2012-07-20,63,0.5023,2.0243
2012-04-20,2012-07-23,63,-0.1175,-0.4693
2012-04-23,2012-07-24,63,0.445,1.7921
2012-04-24,2012-07-25,63,0.5994,2.4192
2012-04-25,2012-07-26,63,0.4091,1.6464
2012-04-26,2012-07-27,63,0.1213,0.4862
2012-04-27,2012-07-30,63,-0.4165,-1.6556
2012-05-02,2012-07-31,63,-0.9916,-3.9077
2012-05-03,2012-08-01,63,-1.0243,-4.0348
2012-05-04,2012-08-02,63,-1.6617,-6.483
2012-05-07,2012-08-03,63,-1.6662,-6.5002
2012-05-08,2012-08-06,63,-0.6956,-2.7536
2012-05-09,2012-08-07,63,0.5089,2.0511
2012-05-10,2012-08-08,63,0.2132,0.8555
2012-05-11,2012-08-09,63,1.3122,5.3529
2012-05-14,2012-08-10,63,1.3259,5.4101
2012-05-15,2012-08-13,63,1.5381,6.296
2012-05-16,2012-08-14,63,2.2302,9.2235
2012-05-17,2012-08-15,63,1.1784,4.7974
2012-05-18,2012-08-16,63,0.7579,3.066
2012-05-21,2012-08-17,63,-0.1781,-0.7105
2012-05-22,2012-08-20,63,-0.1259,-0.5025
2012-05-23,2012-08-21,63,0.7729,3.1276
2012-05-24,2012-08-22,63,1.2527,5.1057
2012-05-25,2012-08-23,63,1.9416,7.9956
2012-05-28,2012-08-24,63,1.023,4.1553
2012-05-29,2012-08-27,63,0.7307,2.9548
2012-05-30,2012-08-28,63,0.8581,3.477
2012-05-31,2012-08-29,63,0.187,0.7502
2012-06-01,2012-08-30,63,-0.6049,-2.3976
2012-06-04,2012-08-31,63,-1.0654,-4.1939
2012-06-05,2012-09-03,63,-0.029,-0.1158
2012-06-06,2012-09-04,63,-0.1047,-0.4181
2012-06-07,2012-09-05,63,0.0236,0.0946
2012-06-08,2012-09-06,63,1.2276,5.0016
2012-06-11,2012-09-07,63,1.3693,5.5907
2012-06-12,2012-09-10,63,2.258,9.3426
2012-06-13,2012-09-11,63,1.1679,4.7541
2012-06-14,2012-09-12,63,0.9484,3.8477
2012-06-15,2012-09-13,63,0.7098,2.8694
2012-06-18,2012-09-14,63,1.4525,5.9379
2012-06-19,2012-09-17,63,0.8991,3.6454
2012-06-20,2012-09-18,63,0.7981,3.231
2012-06-21,2012-09-19,63,1.4471,5.9151
2012-06-25,2012-09-20,63,1.3768,5.6221
2012-06-26,2012-09-21,63,1.4631,5.9823
2012-06-27,2012-09-24,63,1.3689,5.5889
2012-06-28,2012-09-25,63,1.6658,6.8314
2012-06-29,2012-09-26,63,0.9874,4.0083
2012-07-02,2012-09-27,63,0.7668,3.1026
2012-07-03,2012-09-28,63,1.1197,4.5548
2012-07-04,2012-10-08,63,0.3791,1.5252
2012-07-05,2012-10-09,63,1.1433,4.6523
2012-07-06,2012-10-10,63,0.49,1.9746
2012-07-09,2012-10-11,63,0.7695,3.1136
2012-07-10,2012-10-12,63,0.9516,3.8609
2012-07-11,2012-10-15,63,0.2569,1.0316
2012-07-12,2012-10-16,63,0.4631,1.8652
2012-07-13,2012-10-17,63,0.2352,0.9442
2012-07-16,2012-10-18,63,0.699,2.8253
2012-07-17,2012-10-19,63,0.7704,3.1173
2012-07-18,2012-10-22,63,1.0059,4.0848
2012-07-19,2012-10-23,63,0.4893,1.9715
2012-07-20,2012-10-24,63,0.5262,2.1216
2012-07-23,2012-10-25,63,0.7554,3.056
2012-07-24,2012-10-26,63,-0.153,-0.6106
2012-07-25,2012-10-29,63,0.0001,0.0002
2012-07-26,2012-10-30,63,-0.118,-0.4711
2012-07-27,2012-10-31,63,-0.1254,-0.5008
2012-07-30,2012-11-01,63,0.9274,3.7613
2012-07-31,2012-11-02,63,1.0439,4.2412
2012-08-01,2012-11-05,63,0.2774,1.1142
2012-08-02,2012-11-06,63,0.4134,1.6638
2012-08-03,2012-11-07,63,0.7416,2.9998
2012-08-06,2012-11-08,63,-0.3357,-1.3359
2012-08-07,2012-11-09,63,-0.3727,-1.4824
2012-08-08,2012-11-12,63,-0.4075,-1.6201
2012-08-09,2012-11-13,63,-1.7583,-6.85
2012-08-10,2012-11-14,63,-1.1186,-4.3998
2012-08-13,2012-11-15,63,-1.5172,-5.9319
2012-08-14,2012-11-16,63,-1.9189,-7.4574
2012-08-15,2012-11-19,63,-1.8483,-7.1906
2012-08-16,2012-11-20,63,-1.3965,-5.4702
2012-08-17,2012-11-21,63,-1.3166,-5.1634
2012-08-20,2012-11-22,63,-1.7845,-6.9491
2012-08-21,2012-11-23,63,-1.9112,-7.4283
2012-08-22,2012-11-26,63,-2.081,-8.0676
2012-08-23,2012-11-27,63,-2.7797,-10.6637
2012-08-24,2012-11-28,63,-3.044,-11.6314
2012-08-27,2012-11-29,63,-3.2218,-12.2775
2012-08-28,2012-11-30,63,-2.6703,-10.2609
2012-08-29,2012-12-03,63,-3.7049,-14.0162
2012-08-30,2012-12-04,63,-3.2142,-12.25
2012-08-31,2012-12-05,63,-2.8154,-10.7949
2012-09-03,2012-12-06,63,-4.1148,-15.471
2012-09-04,2012-12-07,63,-3.3272,-12.6592
2012-09-05,2012-12-10,63,-2.9181,-11.1714
2012-09-06,2012-12-11,63,-3.1018,-11.8419
2012-09-07,2012-12-12,63,-3.5082,-13.3114
2012-09-10,2012-12-13,63,-4.6406,-17.3097
2012-09-11,2012-12-14,63,-3.8862,-14.6619
2012-09-12,2012-12-17,63,-3.7947,-14.3365
2012-09-13,2012-12-18,63,-3.151,-12.0206
2012-09-14,2012-12-19,63,-4.0255,-15.1555
2012-09-17,2012-12-20,63,-3.6382,-13.7778
2012-09-18,2012-12-21,63,-3.704,-14.0131
2012-09-19,2012-12-24,63,-3.8535,-14.5457
2012-09-20,2012-12-25,63,-2.7864,-10.6884
2012-09-21,2012-12-26,63,-2.5727,-9.9004
2012-09-24,2012-12-27,63,-2.369,-9.1447
2012-09-25,2012-12-28,63,-2.2882,-8.8432
2012-09-26,2013-01-04,63,-2.1129,-8.1874
2012-09-27,2013-01-07,63,-2.3738,-9.1624
2012-09-28,2013-01-08,63,-2.8004,-10.7399
2012-10-08,2013-01-09,63,-1.6361,-6.3855
2012-10-09,2013-01-10,63,-2.2084,-8.5454
2012-10-10,2013-01-11,63,-2.3425,-9.0459
2012-10-11,2013-01-14,63,-1.6002,-6.2487
2012-10-12,2013-01-15,63,-1.2771,-5.0115
2012-10-15,2013-01-16,63,-0.9186,-3.624
2012-10-16,2013-01-17,63,-1.4764,-5.7762
2012-10-17,2013-01-18,63,-1.2775,-5.0131
2012-10-18,2013-01-21,63,-1.9138,-7.4383
2012-10-19,2013-01-22,63,-1.7986,-7.0028
2012-10-22,2013-01-23,63,-1.7115,-6.6724
2012-10-23,2013-01-24,63,-1.8426,-7.1692
2012-10-24,2013-01-25,63,-2.0229,-7.8495
2012-10-25,2013-01-28,63,-2.1509,-8.3301
2012-10-26,2013-01-29,63,-1.3918,-5.4519
2012-10-29,2013-01-30,63,-1.4288,-5.5937
2012-10-30,2013-01-31,63,-1.4796,-5.7882
2012-10-31,2013-02-01,63,-1.4522,-5.6834
2012-11-01,2013-02-04,63,-2.475,-9.5384
2012-11-02,2013-02-05,63,-1.3922,-5.4536
2012-11-05,2013-02-06,63,-0.8406,-3.3204
2012-11-06,2013-02-07,63,-0.3778,-1.5027
2012-11-07,2013-02-08,63,-0.7391,-2.9236
2012-11-08,2013-02-18,63,-1.4384,-5.6308
2012-11-09,2013-02-19,63,-1.768,-6.8867
2012-11-12,2013-02-20,63,-1.0768,-4.238
2012-11-13,2013-02-21,63,-1.1677,-4.5895
2012-11-14,2013-02-22,63,-0.8516,-3.363
2012-11-15,2013-02-25,63,-0.584,-2.3155
2012-11-16,2013-02-26,63,-0.5431,-2.1548
2012-11-19,2013-02-27,63,0.0829,0.3321
2012-11-20,2013-02-28,63,0.1147,0.4596
2012-11-21,2013-03-01,63,0.0336,0.1345
2012-11-22,2013-03-04,63,0.1256,0.5032
2012-11-23,2013-03-05,63,0.4101,1.6507
2012-11-26,2013-03-06,63,1.1115,4.5205
2012-11-27,2013-03-07,63,1.5943,6.5315
2012-11-28,2013-03-08,63,1.6006,6.5577
2012-11-29,2013-03-11,63,1.835,7.5445
2012-11-30,2013-03-12,63,1.1327,4.6086
2012-12-03,2013-03-13,63,2.6628,11.0843
2012-12-04,2013-03-14,63,2.4753,10.2748
2012-12-05,2013-03-15,63,1.863,7.6629
2012-12-06,2013-03-18,63,1.8577,7.6404
2012-12-07,2013-03-19,63,0.8985,3.6428
2012-12-10,2013-03-20,63,1.1845,4.823
2012-12-11,2013-03-21,63,1.2439,5.0694
2012-12-12,2013-03-22,63,1.0919,4.4398
2012-12-13,2013-03-25,63,1.6419,6.7313
2012-12-14,2013-03-26,63,0.8585,3.4784
2012-12-17,2013-03-27,63,0.1387,0.5558
2012-12-18,2013-03-28,63,-0.4009,-1.5938
2012-12-19,2013-03-29,63,-0.5644,-2.2387
2012-12-20,2013-04-01,63,-0.6044,-2.3959
2012-12-21,2013-04-02,63,-0.4008,-1.5936
2012-12-24,2013-04-03,63,-0.9975,-3.9309
2012-12-25,2013-04-08,63,-0.9036,-3.5657
2012-12-26,2013-04-09,63,-1.3838,-5.4215
2012-12-27,2013-04-10,63,-1.0997,-4.3267
2012-12-28,2013-04-11,63,-2.0554,-7.9715
2013-01-04,2013-04-12,63,-1.6786,-6.5473
2013-01-07,2013-04-15,63,-3.406,-12.9434
2013-01-08,2013-04-16,63,-5.6136,-20.6335
2013-01-09,2013-04-17,63,-5.8285,-21.3536
2013-01-10,2013-04-18,63,-5.8118,-21.2979
2013-01-11,2013-04-19,63,-4.7324,-17.6278
2013-01-14,2013-04-22,63,-5.4068,-19.9356
2013-01-15,2013-04-23,63,-6.0349,-22.0409
2013-01-16,2013-04-24,63,-5.7437,-21.0702
2013-01-17,2013-04-25,63,-5.3755,-19.8294
2013-01-18,2013-04-26,63,-5.5861,-20.5407
2013-01-21,2013-05-02,63,-5.7549,-21.1077
2013-01-22,2013-05-03,63,-5.0333,-18.6635
2013-01-23,2013-05-06,63,-4.6377,-17.2996
2013-01-24,2013-05-07,63,-4.1393,-15.5574
2013-01-25,2013-05-08,63,-3.6531,-13.831
2013-01-28,2013-05-09,63,-3.0571,-11.6791
2013-01-29,2013-05-10,63,-3.2762,-12.4748
2013-01-30,2013-05-13,63,-3.8654,-14.5879
2013-01-31,2013-05-14,63,-4.1348,-15.5413
2013-02-01,2013-05-15,63,-4.4576,-16.673
2013-02-04,2013-05-16,63,-4.1712,-15.6695
2013-02-05,2013-05-17,63,-4.9747,-18.4624
2013-02-06,2013-05-20,63,-5.1528,-19.072
2013-02-07,2013-05-21,63,-4.7554,-17.7073
2013-02-08,2013-05-22,63,-4.811,-17.8993
2013-02-18,2013-05-23,63,-4.0858,-15.3687
2013-02-19,2013-05-24,63,-3.6431,-13.7954
2013-02-20,2013-05-27,63,-3.8796,-14.6384
2013-02-21,2013-05-28,63,-3.1225,-11.917
2013-02-22,2013-05-29,63,-3.6847,-13.9438
2013-02-25,2013-05-30,63,-3.2271,-12.2971
2013-02-26,2013-05-31,63,-2.9182,-11.1715
2013-02-27,2013-06-03,63,-3.2577,-12.4078
2013-02-28,2013-06-04,63,-3.6016,-13.6465
2013-03-01,2013-06-05,63,-3.4289,-13.0262
2013-03-04,2013-06-06,63,-3.5543,-13.477
2013-03-05,2013-06-07,63,-4.5218,-16.8969
2013-03-06,2013-06-13,63,-5.5737,-20.4993
2013-03-07,2013-06-14,63,-5.5415,-20.3905
2013-03-08,2013-06-17,63,-5.1029,-18.9018
2013-03-11,2013-06-18,63,-4.8959,-18.1917
2013-03-12,2013-06-19,63,-4.2405,-15.9132
2013-03-13,2013-06-20,63,-5.3371,-19.6995
2013-03-14,2013-06-21,63,-5.5455,-20.4042
2013-03-15,2013-06-24,63,-6.9384,-24.9965
2013-03-18,2013-06-25,63,-6.5303,-23.6722
2013-03-19,2013-06-26,63,-6.8597,-24.7425
2013-03-20,2013-06-27,63,-7.8089,-27.7636
2013-03-21,2013-06-28,63,-8.2682,-29.1924
2013-03-22,2013-07-01,63,-7.174,-25.7531
2013-03-25,2013-07-02,63,-6.3338,-23.0283
2013-03-26,2013-07-03,63,-6.4055,-23.2636
2013-03-27,2013-07-04,63,-6.0296,-22.0233
2013-03-28,2013-07-05,63,-6.1086,-22.2854
2013-03-29,2013-07-08,63,-6.7022,-24.232
2013-04-01,2013-07-09,63,-5.9779,-21.8518
2013-04-02,2013-07-10,63,-5.4469,-20.0713
2013-04-03,2013-07-11,63,-3.7292,-14.1029
2013-04-08,2013-07-12,63,-4.4816,-16.7568
2013-04-09,2013-07-15,63,-3.893,-14.6862
2013-04-10,2013-07-16,63,-4.1949,-15.7529
2013-04-11,2013-07-17,63,-4.1533,-15.6067
2013-04-12,2013-07-18,63,-4.7513,-17.693
2013-04-15,2013-07-19,63,-3.7733,-14.2604
2013-04-16,2013-07-22,63,-1.1267,-4.4311
2013-04-17,2013-07-23,63,-0.7796,-3.0823
2013-04-18,2013-07-24,63,-0.5764,-2.2859
2013-04-19,2013-07-25,63,-1.8159,-7.0681
2013-04-22,2013-07-26,63,-1.7616,-6.8623
2013-04-23,2013-07-29,63,-2.0429,-7.9246
2013-04-24,2013-07-30,63,-2.3898,-9.2221
2013-04-25,2013-07-31,63,-2.5624,-9.8622
2013-04-26,2013-08-01,63,-2.4242,-9.35
2013-05-02,2013-08-02,63,-2.2122,-8.5595
2013-05-03,2013-08-05,63,-1.8359,-7.1439
2013-05-06,2013-08-06,63,-2.4837,-9.5709
2013-05-07,2013-08-07,63,-2.6336,-10.1255
2013-05-08,2013-08-08,63,-2.5581,-9.8464
2013-05-09,2013-08-09,63,-2.5762,-9.9132
2013-05-10,2013-08-12,63,-1.6931,-6.6024
2013-05-13,2013-08-13,63,-1.1762,-4.6223
2013-05-14,2013-08-14,63,-1.318,-5.1689
2013-05-15,2013-08-15,63,-0.9438,-3.7219
2013-05-16,2013-08-16,63,-0.9543,-3.7629
2013-05-17,2013-08-19,63,-0.413,-1.642
2013-05-20,2013-08-20,63,-0.4294,-1.7066
2013-05-21,2013-08-21,63,-1.0268,-4.0444
2013-05-22,2013-08-22,63,-1.2732,-4.9962
2013-05-23,2013-08-23,63,-0.8468,-3.3444
2013-05-24,2013-08-26,63,-0.4524,-1.7973
2013-05-27,2013-08-27,63,-0.4159,-1.6533
2013-05-28,2013-08-28,63,-0.3624,-1.4415
2013-05-29,2013-08-29,63,-0.7095,-2.8079
2013-05-30,2013-08-30,63,-1.3678,-5.3599
2013-05-31,2013-09-02,63,-1.3579,-5.3218
2013-06-03,2013-09-03,63,-0.6748,-2.6719
2013-06-04,2013-09-04,63,-0.1354,-0.5406
2013-06-05,2013-09-05,63,-0.3556,-1.4147
2013-06-06,2013-09-06,63,-0.283,-1.1273
2013-06-07,2013-09-09,63,0.6087,2.4571
2013-06-13,2013-09-10,63,1.4747,6.0305
2013-06-14,2013-09-11,63,1.3571,5.5401
2013-06-17,2013-09-12,63,0.8038,3.2542
2013-06-18,2013-09-13,63,0.4705,1.8953
2013-06-19,2013-09-16,63,0.227,0.911
2013-06-20,2013-09-17,63,0.8251,3.3415
2013-06-21,2013-09-18,63,1.112,4.5227
2013-06-24,2013-09-23,63,3.5434,14.9449
2013-06-25,2013-09-24,63,3.7146,15.7069
2013-06-26,2013-09-25,63,4.2655,18.1849
2013-06-27,2013-09-26,63,4.7413,20.3573
2013-06-28,2013-09-27,63,5.0881,21.9589
2013-07-01,2013-09-30,63,4.3334,18.4933
2013-07-02,2013-10-08,63,3.4088,14.3482
2013-07-03,2013-10-09,63,3.6113,15.2467
2013-07-04,2013-10-10,63,3.2555,13.6717
2013-07-05,2013-10-11,63,3.6998,15.641
2013-07-08,2013-10-14,63,5.1499,22.2463
2013-07-09,2013-10-15,63,4.6363,19.8753
2013-07-10,2013-10-16,63,4.106,17.4633
2013-07-11,2013-10-17,63,2.5175,10.4566
2013-07-12,2013-10-18,63,3.8278,16.2128
2013-07-15,2013-10-21,63,4.2677,18.1951
2013-07-16,2013-10-22,63,3.7944,16.0634
2013-07-17,2013-10-23,63,3.664,15.4811
2013-07-18,2013-10-24,63,3.9336,16.6876
2013-07-19,2013-10-25,63,3.5495,14.9718
2013-07-22,2013-10-28,63,2.5954,10.7929
2013-07-23,2013-10-29,63,1.5384,6.2971
2013-07-24,2013-10-30,63,1.6087,6.5916
2013-07-25,2013-10-31,63,0.9765,3.9637
2013-07-26,2013-11-01,63,0.8107,3.2825
2013-07-29,2013-11-04,63,1.5498,6.345
2013-07-30,2013-11-05,63,1.6844,6.9098
2013-07-31,2013-11-06,63,1.3877,5.6675
2013-08-01,2013-11-07,63,1.0093,4.0989
2013-08-02,2013-11-08,63,0.8905,3.6099
2013-08-05,2013-11-11,63,-0.2552,-1.017
2013-08-06,2013-11-12,63,0.2468,0.9909
2013-08-07,2013-11-13,63,-0.0088,-0.0351
2013-08-08,2013-11-14,63,0.3504,1.4091
2013-08-09,2013-11-15,63,0.4697,1.8922
2013-08-12,2013-11-18,63,0.2093,0.8398
2013-08-13,2013-11-19,63,-0.4403,-1.7497
2013-08-14,2013-11-20,63,0.1942,0.7792
2013-08-15,2013-11-21,63,-0.6345,-2.5138
2013-08-16,2013-11-22,63,-0.5981,-2.3711
2013-08-19,2013-11-25,63,-1.4984,-5.8604
2013-08-20,2013-11-26,63,-0.7401,-2.9276
2013-08-21,2013-11-27,63,-0.927,-3.6569
2013-08-22,2013-11-28,63,-0.5341,-2.1195
2013-08-23,2013-11-29,63,-0.564,-2.2369
2013-08-26,2013-12-02,63,-2.1019,-8.1461
2013-08-27,2013-12-03,63,-2.0911,-8.1058
2013-08-28,2013-12-04,63,-1.7825,-6.9416
2013-08-29,2013-12-05,63,-1.2297,-4.8288
2013-08-30,2013-12-06,63,-1.1516,-4.5275
2013-09-02,2013-12-09,63,-0.8091,-3.1974
2013-09-03,2013-12-10,63,-1.0636,-4.187
2013-09-04,2013-12-11,63,-1.4402,-5.6374
2013-09-05,2013-12-12,63,-1.4169,-5.5484
2013-09-06,2013-12-13,63,-1.7377,-6.7718
2013-09-09,2013-12-16,63,-2.6025,-10.0105
2013-09-10,2013-12-17,63,-2.5325,-9.7516
2013-09-11,2013-12-18,63,-2.7193,-10.4415
2013-09-12,2013-12-19,63,-2.6307,-10.1148
2013-09-13,2013-12-20,63,-3.0893,-11.7961
2013-09-16,2013-12-23,63,-2.92,-11.1781
2013-09-17,2013-12-24,63,-2.3363,-9.0226
2013-09-18,2013-12-25,63,-1.7209,-6.7081
2013-09-23,2013-12-26,63,-2.8169,-10.8003
2013-09-24,2013-12-27,63,-2.5553,-9.8362
2013-09-25,2013-12-30,63,-2.6588,-10.2184
2013-09-26,2014-01-02,63,-2.2474,-8.6911
2013-09-27,2014-01-03,63,-2.2272,-8.6154
2013-09-30,2014-01-06,63,-3.4991,-13.2786
2013-10-08,2014-01-07,63,-3.4799,-13.2096
2013-10-09,2014-01-08,63,-3.7998,-14.3546
2013-10-10,2014-01-09,63,-3.7565,-14.2003
2013-10-11,2014-01-10,63,-3.7807,-14.2866
2013-10-14,2014-01-13,63,-3.7938,-14.3331
2013-10-15,2014-01-14,63,-3.6009,-13.6441
2013-10-16,2014-01-15,63,-3.7126,-14.0436
2013-10-17,2014-01-16,63,-3.295,-12.5427
2013-10-18,2014-01-17,63,-4.668,-17.4048
2013-10-21,2014-01-20,63,-5.3482,-19.737
2013-10-22,2014-01-21,63,-5.0636,-18.7671
2013-10-23,2014-01-22,63,-4.1248,-15.5063
2013-10-24,2014-01-23,63,-4.0132,-15.1119
2013-10-25,2014-01-24,63,-2.8021,-10.7461
2013-10-28,2014-01-27,63,-2.7747,-10.6454
2013-10-29,2014-01-28,63,-2.9927,-11.4442
2013-10-30,2014-01-29,63,-3.4749,-13.1916
2013-10-31,2014-01-30,63,-3.0092,-11.5042
2013-11-01,2014-02-07,63,-2.3601,-9.1116
2013-11-04,2014-02-10,63,-1.6084,-6.2799
2013-11-05,2014-02-11,63,-1.4855,-5.8108
2013-11-06,2014-02-12,63,-1.0279,-4.0486
2013-11-07,2014-02-13,63,-0.9648,-3.8038
2013-11-08,2014-02-14,63,0.3809,1.5323
2013-11-11,2014-02-17,63,1.2055,4.9097
2013-11-12,2014-02-18,63,0.4516,1.8187
2013-11-13,2014-02-19,63,1.158,4.713
2013-11-14,2014-02-20,63,0.4205,1.6926
2013-11-15,2014-02-21,63,-0.1877,-0.7489
2013-11-18,2014-02-24,63,-0.857,-3.3844
2013-11-19,2014-02-25,63,-0.9714,-3.8293
2013-11-20,2014-02-26,63,-0.9022,-3.5603
2013-11-21,2014-02-27,63,-0.7681,-3.0372
2013-11-22,2014-02-28,63,-0.1578,-0.6298
2013-11-25,2014-03-03,63,0.9124,3.7
2013-11-26,2014-03-04,63,0.1128,0.4518
2013-11-27,2014-03-05,63,0.1754,0.7036
2013-11-28,2014-03-06,63,-0.1798,-0.7175
2013-11-29,2014-03-07,63,0.179,0.7181
2013-12-02,2014-03-10,63,0.0372,0.1491
2013-12-03,2014-03-11,63,0.5332,2.1501
2013-12-04,2014-03-12,63,0.3941,1.5859
2013-12-05,2014-03-13,63,1.1204,4.5577
2013-12-06,2014-03-14,63,1.0639,4.3238
2013-12-09,2014-03-17,63,1.303,5.3149
2013-12-10,2014-03-18,63,0.8559,3.4678
2013-12-11,2014-03-19,63,0.4445,1.7898
2013-12-12,2014-03-20,63,-0.2622,-1.0446
2013-12-13,2014-03-21,63,0.7987,3.2335
2013-12-16,2014-03-24,63,1.0852,4.4119
2013-12-17,2014-03-25,63,0.6098,2.4616
2013-12-18,2014-03-26,63,0.7615,3.0811
2013-12-19,2014-03-27,63,0.6313,2.5492
2013-12-20,2014-03-28,63,0.9622,3.9048
2013-12-23,2014-03-31,63,0.8584,3.478
2013-12-24,2014-04-01,63,1.2235,4.9844
2013-12-25,2014-04-02,63,0.8851,3.5877
2013-12-26,2014-04-03,63,1.263,5.1485
2013-12-27,2014-04-04,63,0.8521,3.452
2013-12-30,2014-04-08,63,1.8187,7.4755
2014-01-02,2014-04-09,63,1.4067,5.7467
2014-01-03,2014-04-10,63,1.8179,7.4721
2014-01-06,2014-04-11,63,2.8701,11.9843
2014-01-07,2014-04-14,63,3.1021,12.9978
2014-01-08,2014-04-15,63,2.7451,11.4408
2014-01-09,2014-04-16,63,2.7138,11.3051
2014-01-10,2014-04-17,63,2.6166,10.8842
2014-01-13,2014-04-18,63,2.4003,9.9525
2014-01-14,2014-04-21,63,1.3857,5.6592
2014-01-15,2014-04-22,63,1.7653,7.2506
2014-01-16,2014-04-23,63,1.6691,6.8453
2014-01-17,2014-04-24,63,2.0895,8.6237
2014-01-20,2014-04-25,63,1.4834,6.0671
2014-01-21,2014-04-28,63,1.2188,4.9653
2014-01-22,2014-04-29,63,0.9508,3.8579
2014-01-23,2014-04-30,63,1.2983,5.2952
2014-01-24,2014-05-05,63,1.1678,4.7538
2014-01-27,2014-05-06,63,1.4128,5.7721
2014-01-28,2014-05-07,63,1.5352,6.2837
2014-01-29,2014-05-08,63,1.3666,5.5797
2014-01-30,2014-05-09,63,1.6118,6.6047
2014-02-07,2014-05-12,63,1.5701,6.4298
2014-02-10,2014-05-13,63,0.8825,3.5769
2014-02-11,2014-05-14,63,0.3732,1.5011
2014-02-12,2014-05-15,63,-0.0387,-0.1548
2014-02-13,2014-05-16,63,-0.0651,-0.26
2014-02-14,2014-05-19,63,-1.0828,-4.2613
2014-02-17,2014-05-20,63,-2.0735,-8.0394
2014-02-18,2014-05-21,63,-1.2336,-4.844
2014-02-19,2014-05-22,63,-1.462,-5.7209
2014-02-20,2014-05-23,63,-1.1142,-4.3828
2014-02-21,2014-05-26,63,-0.8892,-3.5095
2014-02-24,2014-05-27,63,-1.0447,-4.1138
2014-02-25,2014-05-28,63,-0.58,-2.2999
2014-02-26,2014-05-29,63,-1.1583,-4.5534
2014-02-27,2014-05-30,63,-0.47,-1.8668
2014-02-28,2014-06-03,63,-1.5265,-5.9677
2014-03-03,2014-06-04,63,-2.3914,-9.228
2014-03-04,2014-06-05,63,-1.8063,-7.0319
2014-03-05,2014-06-06,63,-1.826,-7.1064
2014-03-06,2014-06-09,63,-1.8163,-7.0697
2014-03-07,2014-06-10,63,-2.0544,-7.9677
2014-03-10,2014-06-11,63,-0.879,-3.4697
2014-03-11,2014-06-12,63,-1.5284,-5.975
2014-03-12,2014-06-13,63,-1.4441,-5.6526
2014-03-13,2014-06-16,63,-2.1355,-8.2723
2014-03-14,2014-06-17,63,-2.4111,-9.3011
2014-03-17,2014-06-18,63,-2.9724,-11.3698
2014-03-18,2014-06-19,63,-2.8643,-10.9741
2014-03-19,2014-06-20,63,-1.7438,-6.795
2014-03-20,2014-06-23,63,-0.6987,-2.7658
2014-03-21,2014-06-24,63,-0.8563,-3.3815
2014-03-24,2014-06-25,63,-0.996,-3.9251
2014-03-25,2014-06-26,63,-0.4733,-1.8799
2014-03-26,2014-06-27,63,-0.203,-0.8095
2014-03-27,2014-06-30,63,0.417,1.6784
2014-03-28,2014-07-01,63,0.8923,3.6171
2014-03-31,2014-07-02,63,0.8522,3.4526
2014-04-01,2014-07-03,63,0.6147,2.4817
2014-04-02,2014-07-04,63,0.5388,2.1727
2014-04-03,2014-07-07,63,0.2361,0.9477
2014-04-04,2014-07-08,63,0.2752,1.1052
2014-04-08,2014-07-09,63,-0.8419,-3.3254
2014-04-09,2014-07-10,63,-0.998,-3.9326
2014-04-10,2014-07-11,63,-1.0295,-4.0549
2014-04-11,2014-07-14,63,-1.1109,-4.3699
2014-04-14,2014-07-15,63,-1.0876,-4.2799
2014-04-15,2014-07-16,63,-0.9374,-3.6974
2014-04-16,2014-07-17,63,-0.7453,-2.9482
2014-04-17,2014-07-18,63,-0.1175,-0.4691
2014-04-18,2014-07-21,63,-0.0809,-0.3234
2014-04-21,2014-07-22,63,0.7017,2.8364
2014-04-22,2014-07-23,63,0.4818,1.9412
2014-04-23,2014-07-24,63,0.3636,1.4624
2014-04-24,2014-07-25,63,0.5207,2.0991
2014-04-25,2014-07-28,63,1.8088,7.4338
2014-04-28,2014-07-29,63,2.0754,8.5634
2014-04-29,2014-07-30,63,1.7637,7.2436
2014-04-30,2014-07-31,63,1.8739,7.709
2014-05-05,2014-08-01,63,1.3761,5.6189
2014-05-06,2014-08-04,63,1.8023,7.4065
2014-05-07,2014-08-05,63,2.125,8.775
2014-05-08,2014-08-06,63,2.4223,10.0469
2014-05-09,2014-08-07,63,2.3712,9.8274
2014-05-12,2014-08-08,63,2.3289,9.646
2014-05-13,2014-08-11,63,2.3777,9.8552
2014-05-14,2014-08-12,63,2.6632,11.0861
2014-05-15,2014-08-13,63,2.985,12.4853
2014-05-16,2014-08-14,63,2.9375,12.2779
2014-05-19,2014-08-15,63,3.4715,14.6261
2014-05-20,2014-08-18,63,3.6278,15.32
2014-05-21,2014-08-19,63,3.1388,13.159
2014-05-22,2014-08-20,63,3.2577,13.6816
2014-05-23,2014-08-21,63,2.5624,10.6505
2014-05-26,2014-08-22,63,2.5059,10.4067
2014-05-27,2014-08-25,63,2.5328,10.5226
2014-05-28,2014-08-26,63,2.7672,11.5368
2014-05-29,2014-08-27,63,3.0606,12.8159
2014-05-30,2014-08-28,63,2.8577,11.9303
2014-06-03,2014-08-29,63,3.7939,16.0611
2014-06-04,2014-09-01,63,4.1282,17.5638
2014-06-05,2014-09-02,63,3.9768,16.8816
2014-06-06,2014-09-03,63,4.013,17.0442
2014-06-09,2014-09-04,63,4.2277,18.0137
2014-06-10,2014-09-05,63,4.193,17.8566
2014-06-11,2014-09-09,63,3.7266,15.7607
2014-06-12,2014-09-10,63,3.7523,15.8751
2014-06-13,2014-09-11,63,3.0352,12.7049
2014-06-16,2014-09-12,63,2.6497,11.0276
2014-06-17,2014-09-15,63,3.2447,13.6242
2014-06-18,2014-09-16,63,2.7764,11.5765
2014-06-19,2014-09-17,63,3.1979,13.4184
2014-06-20,2014-09-18,63,2.4793,10.2921
2014-06-23,2014-09-19,63,2.3945,9.9275
2014-06-24,2014-09-22,63,1.2926,5.2716
2014-06-25,2014-09-23,63,1.8465,7.5929
2014-06-26,2014-09-24,63,2.2052,9.1167
2014-06-27,2014-09-25,63,1.6528,6.7768
2014-06-30,2014-09-26,63,2.045,8.4346
2014-07-01,2014-09-29,63,1.9999,8.243
2014-07-02,2014-09-30,63,2.0248,8.3485
2014-07-03,2014-10-08,63,2.258,9.3427
2014-07-04,2014-10-09,63,2.3841,9.8827
2014-07-07,2014-10-10,63,2.2521,9.3172
2014-07-08,2014-10-13,63,1.878,7.7261
2014-07-09,2014-10-14,63,2.1544,8.8999
2014-07-10,2014-10-15,63,2.2134,9.152
2014-07-11,2014-10-16,63,1.8093,7.4362
2014-07-14,2014-10-17,63,1.5992,6.5519
2014-07-15,2014-10-20,63,1.3771,5.623
2014-07-16,2014-10-21,63,1.6864,6.9183
2014-07-17,2014-10-22,63,1.4905,6.0966
2014-07-18,2014-10-23,63,0.3835,1.543
2014-07-21,2014-10-24,63,0.1063,0.426
2014-07-22,2014-10-27,63,-0.0878,-0.3506
2014-07-23,2014-10-28,63,0.1843,0.7392
2014-07-24,2014-10-29,63,0.4142,1.6672
2014-07-25,2014-10-30,63,-0.1091,-0.4357
2014-07-28,2014-10-31,63,-1.252,-4.9148
2014-07-29,2014-11-03,63,-1.548,-6.0495
2014-07-30,2014-11-04,63,-1.7153,-6.6865
2014-07-31,2014-11-05,63,-2.7456,-10.5384
2014-08-01,2014-11-06,63,-2.5243,-9.7213
2014-08-04,2014-11-07,63,-3.2313,-12.3121
2014-08-05,2014-11-10,63,-1.9967,-7.7507
2014-08-06,2014-11-11,63,-2.4596,-9.4814
2014-08-07,2014-11-12,63,-1.5557,-6.0792
2014-08-08,2014-11-13,63,-2.0675,-8.0169
2014-08-11,2014-11-14,63,-2.1264,-8.2382
2014-08-12,2014-11-17,63,-1.4785,-5.784
2014-08-13,2014-11-18,63,-1.7335,-6.7558
2014-08-14,2014-11-19,63,-1.5092,-5.9015
2014-08-15,2014-11-20,63,-2.1605,-8.366
2014-08-18,2014-11-21,63,-1.6108,-6.2892
2014-08-19,2014-11-24,63,-1.2273,-4.8195
2014-08-20,2014-11-25,63,-0.9102,-3.5916
2014-08-21,2014-11-26,63,-0.3526,-1.403
2014-08-22,2014-11-27,63,-0.4294,-1.7064
2014-08-25,2014-11-28,63,-0.4032,-1.603
2014-08-26,2014-12-01,63,-0.4971,-1.9736
2014-08-27,2014-12-02,63,0.945,3.834
2014-08-28,2014-12-03,63,1.4383,5.8785
2014-08-29,2014-12-04,63,1.8001,7.3972
2014-09-01,2014-12-05,63,0.8933,3.6213
2014-09-02,2014-12-08,63,0.826,3.3452
2014-09-03,2014-12-09,63,0.6596,2.6648
2014-09-04,2014-12-10,63,2.2067,9.1232
2014-09-05,2014-12-11,63,1.792,7.3629
2014-09-09,2014-12-12,63,2.0471,8.4431
2014-09-10,2014-12-15,63,2.4156,10.0182
2014-09-11,2014-12-16,63,2.0629,8.5105
2014-09-12,2014-12-17,63,1.7082,7.01
2014-09-15,2014-12-18,63,1.9376,7.9785
2014-09-16,2014-12-19,63,2.5726,10.6944
2014-09-17,2014-12-22,63,2.4707,10.2553
2014-09-18,2014-12-23,63,2.0523,8.4655
2014-09-19,2014-12-24,63,1.8204,7.483
2014-09-22,2014-12-25,63,2.7527,11.4739
2014-09-23,2014-12-26,63,2.7788,11.587
2014-09-24,2014-12-29,63,2.4073,9.9825
2014-09-25,2014-12-30,63,2.3817,9.8724
2014-09-26,2015-01-05,63,3.5447,14.9507
2014-09-29,2015-01-06,63,3.9664,16.835
2014-09-30,2015-01-07,63,3.7136,15.7026
2014-10-08,2015-01-08,63,3.2973,13.8561
2014-10-09,2015-01-09,63,2.8795,12.0251
2014-10-10,2015-01-12,63,3.324,13.9738
2014-10-13,2015-01-13,63,3.6285,15.3233
2014-10-14,2015-01-14,63,3.2673,13.7239
2014-10-15,2015-01-15,63,3.4563,14.5584
2014-10-16,2015-01-16,63,4.4763,19.1436
2014-10-17,2015-01-19,63,3.4694,14.6166
2014-10-20,2015-01-20,63,3.9803,16.8972
2014-10-21,2015-01-21,63,5.2109,22.5299
2014-10-22,2015-01-22,63,5.3667,23.2575
2014-10-23,2015-01-23,63,5.9055,25.798
2014-10-24,2015-01-26,63,6.7158,29.6925
2014-10-27,2015-01-27,63,6.534,28.8108
2014-10-28,2015-01-28,63,6.1387,26.9098
2014-10-29,2015-01-29,63,5.4454,23.6263
2014-10-30,2015-01-30,63,5.5108,23.933
2014-10-31,2015-02-02,63,6.0701,26.5819
2014-11-03,2015-02-03,63,6.8377,30.286
2014-11-04,2015-02-04,63,6.5809,29.0381
2014-11-05,2015-02-05,63,7.2297,32.209
2014-11-06,2015-02-06,63,6.6628,29.435
2014-11-07,2015-02-09,63,6.5567,28.921
2014-11-10,2015-02-10,63,5.4841,23.8077
2014-11-11,2015-02-11,63,6.369,28.0147
2014-11-12,2015-02-12,63,5.4927,23.8481
2014-11-13,2015-02-13,63,6.1358,26.8957
2014-11-14,2015-02-16,63,6.3586,27.9649
2014-11-17,2015-02-17,63,5.3292,23.0822
2014-11-18,2015-02-25,63,5.1787,22.38
2014-11-19,2015-02-26,63,5.553,24.1314
2014-11-20,2015-02-27,63,6.2477,27.4321
2014-11-21,2015-03-02,63,6.2316,27.3548
2014-11-24,2015-03-03,63,5.1726,22.3519
2014-11-25,2015-03-04,63,5.4064,23.4435
2014-11-26,2015-03-05,63,5.2771,22.8387
2014-11-27,2015-03-06,63,5.015,21.6202
2014-11-28,2015-03-09,63,5.3256,23.0655
2014-12-01,2015-03-10,63,5.3778,23.3094
2014-12-02,2015-03-11,63,3.9283,16.6634
2014-12-03,2015-03-12,63,3.5182,14.8329
2014-12-04,2015-03-13,63,2.8838,12.0439
2014-12-05,2015-03-16,63,4.5194,19.3405
2014-12-08,2015-03-17,63,4.5719,19.5803
2014-12-09,2015-03-18,63,4.9586,21.3591
2014-12-10,2015-03-19,63,3.4595,14.5728
2014-12-11,2015-03-20,63,3.7979,16.0792
2014-12-12,2015-03-23,63,4.5256,19.3686
2014-12-15,2015-03-24,63,4.2471,18.1017
2014-12-16,2015-03-25,63,5.289,22.8942
2014-12-17,2015-03-26,63,6.4172,28.2471
2014-12-18,2015-03-27,63,6.0973,26.7117
2014-12-19,2015-03-30,63,6.1146,26.7946
2014-12-22,2015-03-31,63,5.5322,24.034
2014-12-23,2015-04-01,63,6.5307,28.795
2014-12-24,2015-04-02,63,7.4456,33.277
2014-12-25,2015-04-03,63,7.4072,33.0863
2014-12-26,2015-04-07,63,8.0971,36.5389
2014-12-29,2015-04-08,63,7.9102,35.5968
2014-12-30,2015-04-09,63,7.7037,34.562
2015-01-05,2015-04-10,63,6.7952,30.079
2015-01-06,2015-04-13,63,6.9899,31.0301
2015-01-07,2015-04-14,63,7.0143,31.1496
2015-01-08,2015-04-15,63,6.0594,26.5307
2015-01-09,2015-04-16,63,7.7934,35.0108
2015-01-12,2015-04-17,63,7.8299,35.1941
2015-01-13,2015-04-20,63,7.4388,33.2428
2015-01-14,2015-04-21,63,9.2724,42.5744
2015-01-15,2015-04-22,63,9.8242,45.4761
2015-01-16,2015-04-23,63,8.3835,37.9916
2015-01-19,2015-04-24,63,9.6687,44.654
2015-01-20,2015-04-27,63,8.9161,40.7241
2015-01-21,2015-04-28,63,6.7911,30.0587
2015-01-22,2015-04-29,63,7.6537,34.3125
2015-01-23,2015-04-30,63,7.4226,33.1628
2015-01-26,2015-05-04,63,6.7365,29.7931
2015-01-27,2015-05-05,63,5.762,25.1178
2015-01-28,2015-05-06,63,5.6887,24.7711
2015-01-29,2015-05-07,63,5.9201,25.8677
2015-01-30,2015-05-08,63,7.2969,32.5408
2015-02-02,2015-05-11,63,8.2967,37.5503
2015-02-03,2015-05-12,63,8.4582,38.3725
2015-02-04,2015-05-13,63,9.6649,44.6341
2015-02-05,2015-05-14,63,10.1384,47.1482
2015-02-06,2015-05-15,63,10.4105,48.6075
2015-02-09,2015-05-18,63,10.4789,48.9762
2015-02-10,2015-05-19,63,10.8468,50.9707
2015-02-11,2015-05-20,63,10.4425,48.7801
2015-02-12,2015-05-21,63,11.8326,56.4133
2015-02-13,2015-05-22,63,11.9948,57.3229
2015-02-16,2015-05-25,63,12.4993,60.1765
2015-02-17,2015-05-26,63,13.0307,63.2248
2015-02-25,2015-05-27,63,13.4927,65.9096
2015-02-26,2015-05-28,63,11.3718,53.8515
2015-02-27,2015-05-29,63,11.0184,51.9075
2015-03-02,2015-06-01,63,11.7942,56.1983
2015-03-03,2015-06-02,63,13.3623,65.1486
2015-03-04,2015-06-03,63,12.3046,59.0709
2015-03-05,2015-06-04,63,11.8944,56.7594
2015-03-06,2015-06-05,63,12.3325,59.2289
2015-03-09,2015-06-08,63,12.6534,61.0559
2015-03-10,2015-06-09,63,12.7691,61.7189
2015-03-11,2015-06-10,63,13.4149,65.4553
2015-03-12,2015-06-11,63,13.7706,67.5406
2015-03-13,2015-06-12,63,14.1952,70.0555
2015-03-16,2015-06-15,63,12.8464,62.1626
2015-03-17,2015-06-16,63,12.1343,58.108
2015-03-18,2015-06-17,63,11.7063,55.7081
2015-03-19,2015-06-18,63,10.7543,50.4671
2015-03-20,2015-06-19,63,7.8636,35.3628
2015-03-23,2015-06-23,63,7.8898,35.4945
2015-03-24,2015-06-24,63,8.6524,39.3663
2015-03-25,2015-06-25,63,7.2744,32.4294
2015-03-26,2015-06-26,63,4.0205,17.0781
2015-03-27,2015-06-29,63,3.3426,14.056
2015-03-30,2015-06-30,63,4.7801,20.5356
2015-03-31,2015-07-01,63,3.848,16.3034
2015-04-01,2015-07-02,63,1.656,6.7905
2015-04-02,2015-07-03,63,-0.4929,-1.9569
2015-04-03,2015-07-06,63,-0.2211,-0.8813
2015-04-07,2015-07-07,63,-2.3229,-8.9729
2015-04-08,2015-07-08,63,-4.1724,-15.674
2015-04-09,2015-07-09,63,-1.6519,-6.4456
2015-04-10,2015-07-10,63,-0.7139,-2.8251
2015-04-13,2015-07-13,63,-0.1734,-0.6918
2015-04-14,2015-07-14,63,-0.5894,-2.337
2015-04-15,2015-07-15,63,-0.9551,-3.766
2015-04-16,2015-07-16,63,-1.7578,-6.8479
2015-04-17,2015-07-17,63,-0.6878,-2.7229
2015-04-20,2015-07-20,63,-1.0627,-4.1837
2015-04-21,2015-07-21,63,-1.9884,-7.7195
2015-04-22,2015-07-22,63,-2.5897,-9.9634
2015-04-23,2015-07-23,63,-1.5996,-6.2466
2015-04-24,2015-07-24,63,-2.3584,-9.105
2015-04-27,2015-07-27,63,-3.8257,-14.4467
2015-04-28,2015-07-28,63,-3.3659,-12.7991
2015-04-29,2015-07-29,63,-3.069,-11.7225
2015-04-30,2015-07-30,63,-3.7659,-14.2337
2015-05-04,2015-07-31,63,-3.7437,-14.1546
2015-05-05,2015-08-03,63,-2.6014,-10.0064
2015-05-06,2015-08-04,63,-1.7638,-6.8707
2015-05-07,2015-08-05,63,-2.01,-7.8009
2015-05-08,2015-08-06,63,-3.0733,-11.7379
2015-05-11,2015-08-07,63,-3.0304,-11.5815
2015-05-12,2015-08-10,63,-2.3715,-9.1537
2015-05-13,2015-08-11,63,-2.3947,-9.2402
2015-05-14,2015-08-12,63,-1.8668,-7.2606
2015-05-15,2015-08-13,63,-1.4375,-5.6273
2015-05-18,2015-08-14,63,-1.5632,-6.1079
2015-05-19,2015-08-17,63,-1.6559,-6.4609
2015-05-20,2015-08-18,63,-3.0875,-11.7898
2015-05-21,2015-08-19,63,-3.4873,-13.2364
2015-05-22,2015-08-20,63,-4.2588,-15.9776
2015-05-25,2015-08-21,63,-5.426,-20.0004
2015-05-26,2015-08-24,63,-7.3143,-26.201
2015-05-27,2015-08-25,63,-8.2581,-29.1612
2015-05-28,2015-08-26,63,-7.2707,-26.0621
2015-05-29,2015-08-27,63,-6.5253,-23.6557
2015-06-01,2015-08-28,63,-6.6905,-24.1942
2015-06-02,2015-08-31,63,-7.4995,-26.7889
2015-06-03,2015-09-01,63,-7.6353,-27.2181
2015-06-04,2015-09-02,63,-7.2854,-26.1088
2015-06-05,2015-09-07,63,-8.3152,-29.3375
2015-06-08,2015-09-08,63,-8.21,-29.0127
2015-06-09,2015-09-09,63,-7.881,-27.9894
2015-06-10,2015-09-10,63,-8.8748,-31.0468
2015-06-11,2015-09-11,63,-9.2194,-32.0839
2015-06-12,2015-09-14,63,-9.927,-34.1768
2015-06-15,2015-09-15,63,-10.2621,-35.1508
2015-06-16,2015-09-16,63,-9.0133,-31.4651
2015-06-17,2015-09-17,63,-9.2433,-32.1556
2015-06-18,2015-09-18,63,-8.4922,-29.8816
2015-06-19,2015-09-21,63,-6.7518,-24.393
2015-06-23,2015-09-22,63,-7.163,-25.7179
2015-06-24,2015-09-23,63,-7.9557,-28.2228
2015-06-25,2015-09-24,63,-7.0712,-25.4235
2015-06-26,2015-09-25,63,-5.5989,-20.5839
2015-06-29,2015-09-28,63,-5.3103,-19.6082
2015-06-30,2015-09-29,63,-6.6972,-24.2159
2015-07-01,2015-09-30,63,-5.9163,-21.6465
2015-07-02,2015-10-08,63,-3.4732,-13.1855
2015-07-03,2015-10-09,63,-2.1361,-8.2746
2015-07-06,2015-10-12,63,-1.537,-6.0077
2015-07-07,2015-10-13,63,-0.331,-1.3176
2015-07-08,2015-10-14,63,1.8223,7.4909
2015-07-09,2015-10-15,63,0.4386,1.7661
2015-07-10,2015-10-16,63,-0.9447,-3.7257
2015-07-13,2015-10-19,63,-2.1195,-8.2124
2015-07-14,2015-10-20,63,-1.4195,-5.5584
2015-07-15,2015-10-21,63,-1.2944,-5.0781
2015-07-16,2015-10-22,63,-1.0093,-3.9764
2015-07-17,2015-10-23,63,-1.3821,-5.4149
2015-07-20,2015-10-26,63,-0.8997,-3.5507
2015-07-21,2015-10-27,63,-0.8536,-3.3708
2015-07-22,2015-10-28,63,-0.9633,-3.7977
2015-07-23,2015-10-29,63,-1.5492,-6.0544
2015-07-24,2015-10-30,63,-1.2034,-4.7276
2015-07-27,2015-11-02,63,-0.2681,-1.0681
2015-07-28,2015-11-03,63,-0.4298,-1.7082
2015-07-29,2015-11-04,63,-0.7422,-2.936
2015-07-30,2015-11-05,63,0.0947,0.3793
2015-07-31,2015-11-06,63,0.5207,2.0989
2015-08-03,2015-11-09,63,0.0951,0.381
2015-08-04,2015-11-10,63,-0.5913,-2.3442
2015-08-05,2015-11-11,63,0.1733,0.6951
2015-08-06,2015-11-12,63,0.3249,1.3059
2015-08-07,2015-11-13,63,-1.0313,-4.0617
2015-08-10,2015-11-16,63,-1.4848,-5.8082
2015-08-11,2015-11-17,63,-2.4809,-9.5602
2015-08-12,2015-11-18,63,-3.5751,-13.5515
2015-08-13,2015-11-19,63,-3.3346,-12.6861
2015-08-14,2015-11-20,63,-3.2237,-12.2846
2015-08-17,2015-11-23,63,-3.9697,-14.958
2015-08-18,2015-11-24,63,-2.3991,-9.2565
2015-08-19,2015-11-25,63,-2.4027,-9.27
2015-08-20,2015-11-26,63,-2.2046,-8.5312
2015-08-21,2015-11-27,63,-2.7023,-10.3789
2015-08-24,2015-11-30,63,-0.8402,-3.3186
2015-08-25,2015-12-01,63,1.3874,5.6664
2015-08-26,2015-12-02,63,1.9153,7.8843
2015-08-27,2015-12-03,63,0.6115,2.4684
2015-08-28,2015-12-04,63,-0.3104,-1.2357
2015-08-31,2015-12-07,63,0.8577,3.475
2015-09-01,2015-12-08,63,0.4323,1.7404
2015-09-02,2015-12-09,63,0.6878,2.7795
2015-09-07,2015-12-10,63,1.6027,6.5668
2015-09-08,2015-12-11,63,0.928,3.7642
2015-09-09,2015-12-14,63,0.9605,3.8977
2015-09-10,2015-12-15,63,1.5419,6.3116
2015-09-11,2015-12-16,63,1.6345,6.7001
2015-09-14,2015-12-17,63,2.9808,12.467
2015-09-15,2015-12-18,63,4.284,18.2688
2015-09-16,2015-12-21,63,4.334,18.496
2015-09-17,2015-12-22,63,5.2779,22.8424
2015-09-18,2015-12-23,63,4.555,19.5031
2015-09-21,2015-12-24,63,3.4785,14.6568
2015-09-22,2015-12-25,63,3.4296,14.4405
2015-09-23,2015-12-28,63,3.1963,13.4113
2015-09-24,2015-12-29,63,3.2279,13.5504
2015-09-25,2015-12-30,63,3.6313,15.3359
2015-09-28,2016-01-04,63,1.544,6.3206
2015-09-29,2016-01-05,63,2.6563,11.056
2015-09-30,2016-01-06,63,3.2823,13.7898
2015-10-08,2016-01-07,63,0.6251,2.5238
2015-10-09,2016-01-08,63,1.03,4.1842
2015-10-12,2016-01-11,63,-1.17,-4.5986
2015-10-13,2016-01-12,63,-1.4464,-5.6612
2015-10-14,2016-01-13,63,-2.2527,-8.7109
2015-10-15,2016-01-14,63,-2.2856,-8.8337
2015-10-16,2016-01-15,63,-3.366,-12.7994
2015-10-19,2016-01-18,63,-3.0153,-11.5265
2015-10-20,2016-01-19,63,-2.4228,-9.3447
2015-10-21,2016-01-20,63,-1.8534,-7.2099
2015-10-22,2016-01-21,63,-2.7046,-10.3873
2015-10-23,2016-01-22,63,-3.2388,-12.3394
2015-10-26,2016-01-25,63,-2.8557,-10.9426
2015-10-27,2016-01-26,63,-3.6164,-13.6998
2015-10-28,2016-01-27,63,-3.4174,-12.9846
2015-10-29,2016-01-28,63,-3.8879,-14.6678
2015-10-30,2016-01-29,63,-3.0214,-11.5488
2015-11-02,2016-02-01,63,-2.535,-9.7609
2015-11-03,2016-02-02,63,-1.8605,-7.2367
2015-11-04,2016-02-03,63,-2.2783,-8.8066
2015-11-05,2016-02-04,63,-1.6274,-6.3524
2015-11-06,2016-02-05,63,-1.8159,-7.0682
2015-11-09,2016-02-15,63,-0.7422,-2.9359
2015-11-10,2016-02-16,63,-0.3546,-1.411
2015-11-11,2016-02-17,63,-0.3702,-1.4726
2015-11-12,2016-02-18,63,-0.3093,-1.2316
2015-11-13,2016-02-19,63,0.7036,2.8441
2015-11-16,2016-02-22,63,0.348,1.3993
2015-11-17,2016-02-23,63,0.8763,3.5514
2015-11-18,2016-02-24,63,1.5552,6.3674
2015-11-19,2016-02-25,63,0.1414,0.567
2015-11-20,2016-02-26,63,0.309,1.2418
2015-11-23,2016-02-29,63,-0.018,-0.0721
2015-11-24,2016-03-01,63,0.7233,2.9248
2015-11-25,2016-03-02,63,0.5411,2.1819
2015-11-26,2016-03-03,63,1.2087,4.9232
2015-11-27,2016-03-04,63,2.9863,12.4908
2015-11-30,2016-03-07,63,3.6198,15.2847
2015-12-01,2016-03-08,63,2.6918,11.2099
2015-12-02,2016-03-09,63,1.7694,7.2679
2015-12-03,2016-03-10,63,1.8258,7.5055
2015-12-04,2016-03-11,63,2.0328,8.3823
2015-12-07,2016-03-14,63,1.0724,4.3591
2015-12-08,2016-03-15,63,1.5796,6.4697
2015-12-09,2016-03-16,63,1.3766,5.621
2015-12-10,2016-03-17,63,2.2598,9.3502
2015-12-11,2016-03-18,63,2.7926,11.6469
2015-12-14,2016-03-21,63,2.3246,9.6278
2015-12-15,2016-03-22,63,2.728,11.3667
2015-12-16,2016-03-23,63,2.4882,10.3305
2015-12-17,2016-03-24,63,1.5413,6.3091
2015-12-18,2016-03-25,63,1.7388,7.1388
2015-12-21,2016-03-28,63,0.4539,1.828
2015-12-22,2016-03-29,63,-0.1225,-0.4891
2015-12-23,2016-03-30,63,0.9816,3.9847
2015-12-24,2016-03-31,63,0.8721,3.5343
2015-12-25,2016-04-01,63,0.7751,3.1367
2015-12-28,2016-04-05,63,1.6212,6.6444
2015-12-29,2016-04-06,63,1.5655,6.4106
2015-12-30,2016-04-07,63,1.0805,4.3925
2016-01-04,2016-04-08,63,2.7939,11.6529
2016-01-05,2016-04-11,63,2.7805,11.5947
2016-01-06,2016-04-12,63,2.2602,9.3521
2016-01-07,2016-04-13,63,3.3892,14.2616
2016-01-08,2016-04-14,63,2.7443,11.4373
2016-01-11,2016-04-15,63,3.897,16.5231
2016-01-12,2016-04-18,63,3.9412,16.7216
2016-01-13,2016-04-19,63,5.0078,21.5868
2016-01-14,2016-04-20,63,3.5847,15.1285
2016-01-15,2016-04-21,63,4.8507,20.8606
2016-01-18,2016-04-22,63,4.5609,19.5299
2016-01-19,2016-04-25,63,3.4989,14.7473
2016-01-20,2016-04-26,63,4.0991,17.4326
2016-01-21,2016-04-27,63,4.8365,20.7952
2016-01-22,2016-04-28,63,4.7683,20.4813
2016-01-25,2016-04-29,63,5.2346,22.6408
2016-01-26,2016-05-03,63,7.9728,35.9118
2016-01-27,2016-05-04,63,7.7761,34.9243
2016-01-28,2016-05-05,63,8.6068,39.1323
2016-01-29,2016-05-06,63,6.8396,30.2952
2016-02-01,2016-05-09,63,6.4517,28.4135
2016-02-02,2016-05-10,63,5.9034,25.7881
2016-02-03,2016-05-11,63,6.7084,29.6565
2016-02-04,2016-05-12,63,5.8759,25.6573
2016-02-05,2016-05-13,63,5.7947,25.2723
2016-02-15,2016-05-16,63,5.5826,24.2707
2016-02-16,2016-05-17,63,4.516,19.325
2016-02-17,2016-05-18,63,3.6663,15.4917
2016-02-18,2016-05-19,63,3.3335,14.0158
2016-02-19,2016-05-20,63,3.1599,13.2516
2016-02-22,2016-05-23,63,3.0361,12.7086
2016-02-23,2016-05-24,63,2.5419,10.562
2016-02-24,2016-05-25,63,1.5246,6.2393
2016-02-25,2016-05-26,63,2.979,12.459
2016-02-26,2016-05-27,63,2.4083,9.9869
2016-02-29,2016-05-30,63,2.9756,12.4444
2016-03-01,2016-05-31,63,3.282,13.7887
2016-03-02,2016-06-01,63,2.7558,11.4872
2016-03-03,2016-06-02,63,2.479,10.2911
2016-03-04,2016-06-03,63,2.4258,10.0619
2016-03-07,2016-06-06,63,2.6427,10.9971
2016-03-08,2016-06-07,63,2.9109,12.1618
2016-03-09,2016-06-08,63,3.4258,14.4237
2016-03-10,2016-06-13,63,3.5831,15.1212
2016-03-11,2016-06-14,63,3.6137,15.2574
2016-03-14,2016-06-15,63,4.3259,18.4589
2016-03-15,2016-06-16,63,4.8775,20.9843
2016-03-16,2016-06-17,63,4.6939,20.1396
2016-03-17,2016-06-20,63,3.8934,16.5071
2016-03-18,2016-06-21,63,3.1344,13.1395
2016-03-21,2016-06-22,63,2.8846,12.0474
2016-03-22,2016-06-23,63,2.478,10.2867
2016-03-23,2016-06-24,63,3.5516,14.9815
2016-03-24,2016-06-27,63,4.8851,21.0195
2016-03-25,2016-06-28,63,4.4768,19.1461
2016-03-28,2016-06-29,63,4.4062,18.8243
2016-03-29,2016-06-30,63,4.7924,20.5924
2016-03-30,2016-07-01,63,4.2712,18.2109
2016-03-31,2016-07-04,63,5.3433,23.1482
2016-04-01,2016-07-05,63,5.4361,23.5827
2016-04-05,2016-07-06,63,6.6265,29.2588
2016-04-06,2016-07-07,63,6.2845,27.6085
2016-04-07,2016-07-08,63,6.374,28.0388
2016-04-08,2016-07-11,63,7.1925,32.0255
2016-04-11,2016-07-12,63,7.1869,31.9979
2016-04-12,2016-07-13,63,6.7364,29.7928
2016-04-13,2016-07-14,63,6.4687,28.4955
2016-04-14,2016-07-15,63,6.5447,28.8628
2016-04-15,2016-07-18,63,6.4204,28.2625
2016-04-18,2016-07-19,63,6.3707,28.0231
2016-04-19,2016-07-20,63,5.9815,26.1597
2016-04-20,2016-07-21,63,6.5919,29.0913
2016-04-21,2016-07-22,63,5.9537,26.0272
2016-04-22,2016-07-25,63,5.929,25.91
2016-04-25,2016-07-26,63,6.8333,30.2648
2016-04-26,2016-07-27,63,5.9992,26.2437
2016-04-27,2016-07-28,63,6.3919,28.1249
2016-04-28,2016-07-29,63,6.1613,27.0177
2016-04-29,2016-08-01,63,5.0283,21.6818
2016-05-03,2016-08-02,63,3.618,15.2763
2016-05-04,2016-08-03,63,4.0714,17.3073
2016-05-05,2016-08-04,63,3.699,15.6375
2016-05-06,2016-08-05,63,4.8831,21.0101
2016-05-09,2016-08-08,63,4.8688,20.9442
2016-05-10,2016-08-09,63,5.0256,21.6691
2016-05-11,2016-08-10,63,4.3498,18.5676
2016-05-12,2016-08-11,63,4.26,18.1603
2016-05-13,2016-08-12,63,4.429,18.9279
2016-05-16,2016-08-15,63,4.2044,17.9084
2016-05-17,2016-08-16,63,4.7328,20.3183
2016-05-18,2016-08-17,63,5.1188,22.1019
2016-05-19,2016-08-18,63,5.5755,24.2374
2016-05-20,2016-08-19,63,5.2684,22.7982
2016-05-23,2016-08-22,63,4.826,20.7468
2016-05-24,2016-08-23,63,5.3991,23.409
2016-05-25,2016-08-24,63,5.9766,26.1362
2016-05-26,2016-08-25,63,5.5228,23.9894
2016-05-27,2016-08-26,63,5.6716,24.6905
2016-05-30,2016-08-29,63,5.8685,25.6222
2016-05-31,2016-08-30,63,4.7809,20.5392
2016-06-01,2016-08-31,63,4.6561,19.9658
2016-06-02,2016-09-01,63,4.2065,17.9178
2016-06-03,2016-09-02,63,3.5622,15.0283
2016-06-06,2016-09-05,63,3.5245,14.8609
2016-06-07,2016-09-06,63,3.6596,15.4618
2016-06-08,2016-09-07,63,4.0153,17.0547
2016-06-13,2016-09-08,63,3.9251,16.6492
2016-06-14,2016-09-09,63,3.2832,13.7938
2016-06-15,2016-09-12,63,1.8451,7.5874
2016-06-16,2016-09-13,63,1.6156,6.6208
2016-06-17,2016-09-14,63,1.7205,7.0618
2016-06-20,2016-09-19,63,1.8313,7.5291
2016-06-21,2016-09-20,63,2.1737,8.9826
2016-06-22,2016-09-21,63,2.3245,9.6271
2016-06-23,2016-09-22,63,2.9368,12.2747
2016-06-24,2016-09-23,63,2.1383,8.8313
2016-06-27,2016-09-26,63,0.6906,2.7912
2016-06-28,2016-09-27,63,0.8398,3.4018
2016-06-29,2016-09-28,63,0.5114,2.0615
2016-06-30,2016-09-29,63,0.5281,2.1292
2016-07-01,2016-09-30,63,0.4797,1.9327
2016-07-04,2016-10-10,63,-0.8377,-3.3088
2016-07-05,2016-10-11,63,-0.7689,-3.0401
2016-07-06,2016-10-12,63,-2.1294,-8.2494
2016-07-07,2016-10-13,63,-2.0925,-8.1108
2016-07-08,2016-10-14,63,-1.7351,-6.7618
2016-07-11,2016-10-17,63,-2.4145,-9.3139
2016-07-12,2016-10-18,63,-2.44,-9.4084
2016-07-13,2016-10-19,63,-2.037,-7.9023
2016-07-14,2016-10-20,63,-1.7304,-6.744
2016-07-15,2016-10-21,63,-1.9236,-7.4752
2016-07-18,2016-10-24,63,-1.3561,-5.3149
2016-07-19,2016-10-25,63,-0.7384,-2.9209
2016-07-20,2016-10-26,63,-0.2479,-0.9877
2016-07-21,2016-10-27,63,-0.3429,-1.3647
2016-07-22,2016-10-28,63,-0.1203,-0.4803
2016-07-25,2016-10-31,63,0.0596,0.2385
2016-07-26,2016-11-01,63,-0.271,-1.0797
2016-07-27,2016-11-02,63,0.3575,1.4376
2016-07-28,2016-11-03,63,-0.2164,-0.8626
2016-07-29,2016-11-04,63,-0.2314,-0.9223
2016-08-01,2016-11-07,63,-0.025,-0.0998
2016-08-02,2016-11-08,63,-0.0343,-0.137
2016-08-03,2016-11-09,63,0.4267,1.7177
2016-08-04,2016-11-10,63,0.4765,1.9198
2016-08-05,2016-11-11,63,-0.1969,-0.7854
2016-08-08,2016-11-14,63,-0.7597,-3.0045
2016-08-09,2016-11-15,63,-0.553,-2.1938
2016-08-10,2016-11-16,63,-0.6568,-2.6014
2016-08-11,2016-11-17,63,-0.4388,-1.7437
2016-08-12,2016-11-18,63,-0.9476,-3.7368
2016-08-15,2016-11-21,63,-1.2045,-4.7315
2016-08-16,2016-11-22,63,-1.1233,-4.418
2016-08-17,2016-11-23,63,-0.893,-3.5245
2016-08-18,2016-11-24,63,-0.8363,-3.3034
2016-08-19,2016-11-25,63,-0.932,-3.6763
2016-08-22,2016-11-28,63,-0.5191,-2.0605
2016-08-23,2016-11-29,63,-0.2171,-0.8657
2016-08-24,2016-11-30,63,-0.5798,-2.2989
2016-08-25,2016-12-01,63,-0.2419,-0.9643
2016-08-26,2016-12-02,63,-0.6157,-2.4402
2016-08-29,2016-12-05,63,-0.7519,-2.9738
2016-08-30,2016-12-06,63,-0.6823,-2.7012
2016-08-31,2016-12-07,63,-0.4201,-1.67
2016-09-01,2016-12-08,63,0.0764,0.3059
2016-09-02,2016-12-09,63,0.1179,0.4725
2016-09-05,2016-12-12,63,-1.0888,-4.2844
2016-09-06,2016-12-13,63,-0.9264,-3.6544
2016-09-07,2016-12-14,63,-1.181,-4.641
2016-09-08,2016-12-15,63,-1.4632,-5.7257
2016-09-09,2016-12-16,63,-1.1932,-4.688
2016-09-12,2016-12-19,63,-0.2068,-0.8247
2016-09-13,2016-12-20,63,-0.607,-2.406
2016-09-14,2016-12-21,63,-0.3249,-1.2934
2016-09-19,2016-12-22,63,-0.6318,-2.5034
2016-09-20,2016-12-23,63,-0.9529,-3.7574
2016-09-21,2016-12-26,63,-0.729,-2.8844
2016-09-22,2016-12-27,63,-1.0337,-4.071
2016-09-23,2016-12-28,63,-1.0865,-4.2756
2016-09-26,2016-12-29,63,-0.3276,-1.3038
2016-09-27,2016-12-30,63,0.0578,0.2316
2016-09-28,2017-01-03,63,0.3356,1.3492
2016-09-29,2017-01-04,63,0.7523,3.0433
2016-09-30,2017-01-05,63,0.3367,1.3534
2016-10-10,2017-01-06,63,0.7734,3.1298
2016-10-11,2017-01-09,63,0.7855,3.1793
2016-10-12,2017-01-10,63,1.0611,4.3125
2016-10-13,2017-01-11,63,0.7847,3.1758
2016-10-14,2017-01-12,63,0.6483,2.6184
2016-10-17,2017-01-13,63,0.4951,1.995
2016-10-18,2017-01-16,63,0.0132,0.0529
2016-10-19,2017-01-17,63,0.4608,1.8562
2016-10-20,2017-01-18,63,0.4927,1.9853
2016-10-21,2017-01-19,63,0.3271,1.3147
2016-10-24,2017-01-20,63,0.1729,0.6934
2016-10-25,2017-01-23,63,0.0698,0.2793
2016-10-26,2017-01-24,63,-0.3607,-1.4352
2016-10-27,2017-01-25,63,-0.4216,-1.6758
2016-10-28,2017-01-26,63,-0.5652,-2.2416
2016-10-31,2017-02-03,63,-0.417,-1.6577
2016-11-01,2017-02-06,63,-0.2982,-1.1874
2016-11-02,2017-02-07,63,-0.1733,-0.6912
2016-11-03,2017-02-08,63,-0.1662,-0.6633
2016-11-04,2017-02-09,63,0.3421,1.3754
2016-11-07,2017-02-10,63,0.2388,0.9587
2016-11-08,2017-02-13,63,0.6384,2.5781
2016-11-09,2017-02-14,63,-0.0806,-0.3219
2016-11-10,2017-02-15,63,-0.1721,-0.6867
2016-11-11,2017-02-16,63,0.4196,1.6888
2016-11-14,2017-02-17,63,1.483,6.0653
2016-11-15,2017-02-20,63,1.6149,6.6176
2016-11-16,2017-02-21,63,1.7776,7.302
2016-11-17,2017-02-22,63,2.1331,8.8092
2016-11-18,2017-02-23,63,2.3292,9.6474
2016-11-21,2017-02-24,63,2.5034,10.3958
2016-11-22,2017-02-27,63,2.1272,8.784
2016-11-23,2017-02-28,63,1.888,7.7687
2016-11-24,2017-03-01,63,1.7975,7.3863
2016-11-25,2017-03-02,63,1.9216,7.9108
2016-11-28,2017-03-03,63,1.5205,6.2222
2016-11-29,2017-03-06,63,1.3117,5.3508
2016-11-30,2017-03-07,63,2.0239,8.3448
2016-12-01,2017-03-08,63,1.8025,7.4075
2016-12-02,2017-03-09,63,1.9048,7.8395
2016-12-05,2017-03-10,63,2.0601,8.4987
2016-12-06,2017-03-13,63,2.4788,10.2898
2016-12-07,2017-03-14,63,1.9801,8.1589
2016-12-08,2017-03-15,63,1.8003,7.3978
2016-12-09,2017-03-16,63,2.2433,9.2796
2016-12-12,2017-03-17,63,3.0264,12.6664
2016-12-13,2017-03-20,63,2.9465,12.3171
2016-12-14,2017-03-21,63,3.5127,14.8084
2016-12-15,2017-03-22,63,4.1884,17.8359
2016-12-16,2017-03-23,63,4.1936,17.8596
2016-12-19,2017-03-24,63,3.9264,16.655
2016-12-20,2017-03-27,63,4.2543,18.1341
2016-12-21,2017-03-28,63,3.9902,16.9419
2016-12-22,2017-03-29,63,4.2337,18.0411
2016-12-23,2017-03-30,63,4.3687,18.6538
2016-12-26,2017-03-31,63,4.0275,17.1097
2016-12-27,2017-04-05,63,4.4521,19.0335
2016-12-28,2017-04-06,63,4.4682,19.1066
2016-12-29,2017-04-07,63,4.4086,18.8351
2016-12-30,2017-04-10,63,3.4773,14.6518
2017-01-03,2017-04-11,63,3.4543,14.5499
2017-01-04,2017-04-12,63,3.4357,14.4672
2017-01-05,2017-04-13,63,3.9526,16.7726
2017-01-06,2017-04-14,63,3.8391,16.2637
2017-01-09,2017-04-17,63,3.7849,16.0208
2017-01-10,2017-04-18,63,3.8222,16.1879
2017-01-11,2017-04-19,63,3.9543,16.7802
2017-01-12,2017-04-20,63,4.6906,20.1242
2017-01-13,2017-04-21,63,4.7196,20.2573
2017-01-16,2017-04-24,63,4.1165,17.5109
2017-01-17,2017-04-25,63,4.2527,18.1272
2017-01-18,2017-04-26,63,3.8929,16.5045
2017-01-19,2017-04-27,63,4.3489,18.5638
2017-01-20,2017-04-28,63,3.5546,14.9947
2017-01-23,2017-05-02,63,3.2644,13.7109
2017-01-24,2017-05-03,63,3.2677,13.7254
2017-01-25,2017-05-04,63,3.1503,13.2092
2017-01-26,2017-05-05,63,3.1791,13.3358
2017-02-03,2017-05-08,63,2.4318,10.0877
2017-02-06,2017-05-09,63,2.0141,8.3032
2017-02-07,2017-05-10,63,1.5318,6.2696
2017-02-08,2017-05-11,63,1.5436,6.319
2017-02-09,2017-05-12,63,1.3509,5.5142
2017-02-10,2017-05-15,63,1.9396,7.9872
2017-02-13,2017-05-16,63,2.0149,8.3066
2017-02-14,2017-05-17,63,1.9262,7.9303
2017-02-15,2017-05-18,63,2.4428,10.1352
2017-02-16,2017-05-19,63,2.4832,10.3091
2017-02-17,2017-05-22,63,2.4286,10.0739
2017-02-20,2017-05-23,63,2.2424,9.2757
2017-02-21,2017-05-24,63,1.5453,6.3258
2017-02-22,2017-05-25,63,1.5513,6.3512
2017-02-23,2017-05-26,63,1.7495,7.1837
2017-02-24,2017-05-31,63,1.2407,5.0558
2017-02-27,2017-06-01,63,1.5445,6.3224
2017-02-28,2017-06-02,63,1.4374,5.8746
2017-03-01,2017-06-05,63,1.7186,7.0538
2017-03-02,2017-06-06,63,2.2522,9.3177
2017-03-03,2017-06-07,63,3.027,12.6689
2017-03-06,2017-06-08,63,3.2402,13.6046
2017-03-07,2017-06-09,63,2.8229,11.7787
2017-03-08,2017-06-12,63,3.2588,13.6863
2017-03-09,2017-06-13,63,3.5746,15.0835
2017-03-10,2017-06-14,63,3.5475,14.9633
2017-03-13,2017-06-15,63,2.519,10.4631
2017-03-14,2017-06-16,63,2.5747,10.7035
2017-03-15,2017-06-19,63,2.7321,11.3846
2017-03-16,2017-06-20,63,2.1161,8.7371
2017-03-17,2017-06-21,63,2.8328,11.8219
2017-03-20,2017-06-22,63,2.4539,10.1828
2017-03-21,2017-06-23,63,2.1989,9.0901
2017-03-22,2017-06-26,63,2.4226,10.0482
2017-03-23,2017-06-27,63,2.4817,10.3027
2017-03-24,2017-06-28,63,2.0606,8.5005
2017-03-27,2017-06-29,63,2.2234,9.1947
2017-03-28,2017-06-30,63,2.2588,9.3459
2017-03-29,2017-07-03,63,1.8756,7.7162
2017-03-30,2017-07-04,63,1.4605,5.9711
2017-03-31,2017-07-05,63,1.79,7.3546
2017-04-05,2017-07-06,63,1.1778,4.7951
2017-04-06,2017-07-07,63,0.8289,3.3572
2017-04-07,2017-07-10,63,0.6277,2.5344
2017-04-10,2017-07-11,63,1.3391,5.465
2017-04-11,2017-07-12,63,1.1828,4.816
2017-04-12,2017-07-13,63,0.7688,3.111
2017-04-13,2017-07-14,63,0.4097,1.6488
2017-04-14,2017-07-17,63,0.2195,0.8811
2017-04-17,2017-07-18,63,0.3423,1.3763
2017-04-18,2017-07-19,63,0.5077,2.0462
2017-04-19,2017-07-20,63,0.9787,3.9725
2017-04-20,2017-07-21,63,0.763,3.087
2017-04-21,2017-07-24,63,1.427,5.8315
2017-04-24,2017-07-25,63,1.9255,7.9273
2017-04-25,2017-07-26,63,0.7347,2.9714
2017-04-26,2017-07-27,63,1.2748,5.1977
2017-04-27,2017-07-28,63,1.6569,6.7941
2017-04-28,2017-07-31,63,2.4079,9.9851
2017-05-02,2017-08-01,63,2.558,10.6314
2017-05-03,2017-08-02,63,2.4359,10.1055
2017-05-04,2017-08-03,63,2.525,10.4889
2017-05-05,2017-08-04,63,2.5885,10.7631
2017-05-08,2017-08-07,63,3.5011,14.7572
2017-05-09,2017-08-08,63,3.6993,15.6388
2017-05-10,2017-08-09,63,4.8307,20.7685
2017-05-11,2017-08-10,63,4.826,20.747
2017-05-12,2017-08-11,63,4.206,17.9153
2017-05-15,2017-08-14,63,4.2935,18.3121
2017-05-16,2017-08-15,63,3.4978,14.7424
2017-05-17,2017-08-16,63,3.4539,14.5478
2017-05-18,2017-08-17,63,3.39,14.2651
2017-05-19,2017-08-18,63,3.1935,13.3989
2017-05-22,2017-08-21,63,3.1022,12.9981
2017-05-23,2017-08-22,63,2.4176,10.0268
2017-05-24,2017-08-23,63,3.028,12.6734
2017-05-25,2017-08-24,63,2.491,10.3424
2017-05-26,2017-08-25,63,2.6618,11.0799
2017-05-31,2017-08-28,63,3.167,13.2826
2017-06-01,2017-08-29,63,3.4357,14.4673
2017-06-02,2017-08-30,63,3.5037,14.7687
2017-06-05,2017-08-31,63,3.296,13.8503
2017-06-06,2017-09-01,63,3.0371,12.713
2017-06-07,2017-09-04,63,2.4894,10.3355
2017-06-08,2017-09-05,63,2.2026,9.1057
2017-06-09,2017-09-06,63,2.2148,9.158
2017-06-12,2017-09-07,63,1.6923,6.943
2017-06-13,2017-09-08,63,1.567,6.417
2017-06-14,2017-09-11,63,1.725,7.0806
2017-06-15,2017-09-12,63,2.2677,9.3841
2017-06-16,2017-09-13,63,2.9007,12.1176
2017-06-19,2017-09-14,63,2.6293,10.9395
2017-06-20,2017-09-15,63,3.1363,13.1477
2017-06-21,2017-09-18,63,2.7083,11.2812
2017-06-22,2017-09-19,63,2.6547,11.0491
2017-06-23,2017-09-20,63,2.6959,11.2276
2017-06-26,2017-09-21,63,1.8983,7.8121
2017-06-27,2017-09-22,63,1.9678,8.1064
2017-06-28,2017-09-25,63,2.6497,11.0274
2017-06-29,2017-09-26,63,2.8787,12.0216
2017-06-30,2017-09-27,63,2.7075,11.2778
2017-07-03,2017-09-28,63,3.4009,14.3136
2017-07-04,2017-09-29,63,4.3577,18.6035
2017-07-05,2017-10-09,63,4.2229,17.9918
2017-07-06,2017-10-10,63,4.6354,19.8712
2017-07-07,2017-10-11,63,5.6295,24.492
2017-07-10,2017-10-12,63,5.7049,24.8475
2017-07-11,2017-10-13,63,5.4155,23.4859
2017-07-12,2017-10-16,63,5.525,24.0002
2017-07-13,2017-10-17,63,5.4301,23.5546
2017-07-14,2017-10-18,63,5.8583,25.5738
2017-07-17,2017-10-19,63,6.8846,30.5148
2017-07-18,2017-10-20,63,6.4083,28.2039
2017-07-19,2017-10-23,63,6.0404,26.4402
2017-07-20,2017-10-24,63,5.8246,25.4141
2017-07-21,2017-10-25,63,5.3524,23.1907
2017-07-24,2017-10-26,63,5.5174,23.9642
2017-07-25,2017-10-27,63,6.1666,27.0432
2017-07-26,2017-10-30,63,6.4502,28.4063
2017-07-27,2017-10-31,63,5.8928,25.7379
2017-07-28,2017-11-01,63,5.1725,22.3512
2017-07-31,2017-11-02,63,5.102,22.0235
2017-08-01,2017-11-03,63,5.2548,22.735
2017-08-02,2017-11-06,63,6.2002,27.2041
2017-08-03,2017-11-07,63,6.5306,28.7944
2017-08-04,2017-11-08,63,6.4837,28.5679
2017-08-07,2017-11-09,63,6.1853,27.1328
2017-08-08,2017-11-10,63,7.3514,32.8099
2017-08-09,2017-11-13,63,6.3195,27.7765
2017-08-10,2017-11-14,63,5.4522,23.658
2017-08-11,2017-11-15,63,6.3224,27.7906
2017-08-14,2017-11-16,63,6.5455,28.8665
2017-08-15,2017-11-17,63,6.2556,27.4699
2017-08-16,2017-11-20,63,6.4692,28.498
2017-08-17,2017-11-21,63,6.7905,30.056
2017-08-18,2017-11-22,63,6.0461,26.4676
2017-08-21,2017-11-23,63,4.8303,20.7667
2017-08-22,2017-11-24,63,5.0378,21.726
2017-08-23,2017-11-27,63,4.4995,19.2498
2017-08-24,2017-11-28,63,5.2312,22.6248
2017-08-25,2017-11-29,63,4.4292,18.929
2017-08-28,2017-11-30,63,3.6389,15.3697
2017-08-29,2017-12-01,63,3.2057,13.4525
2017-08-30,2017-12-04,63,3.9671,16.838
2017-08-31,2017-12-05,63,3.9123,16.5917
2017-09-01,2017-12-06,63,3.3668,14.1626
2017-09-04,2017-12-07,63,2.6663,11.0993
2017-09-05,2017-12-08,63,3.0145,12.6143
2017-09-06,2017-12-11,63,4.1395,17.6148
2017-09-07,2017-12-12,63,4.3514,18.575
2017-09-08,2017-12-13,63,5.2114,22.5325
2017-09-11,2017-12-14,63,5.4882,23.8272
2017-09-12,2017-12-15,63,5.0437,21.7529
2017-09-13,2017-12-18,63,4.9852,21.4822
2017-09-14,2017-12-19,63,5.4032,23.4283
2017-09-15,2017-12-20,63,5.8073,25.332
2017-09-18,2017-12-21,63,5.5766,24.2424
2017-09-19,2017-12-22,63,5.535,24.047
2017-09-20,2017-12-25,63,5.4498,23.6467
2017-09-21,2017-12-26,63,5.3769,23.3052
2017-09-22,2017-12-27,63,4.7543,20.4171
2017-09-25,2017-12-28,63,5.3588,23.2206
2017-09-26,2017-12-29,63,4.8051,20.6508
2017-09-27,2018-01-02,63,5.3684,23.2656
2017-09-28,2018-01-03,63,5.2584,22.7517
2017-09-29,2018-01-04,63,5.3232,23.0543
2017-10-09,2018-01-05,63,5.3211,23.0443
2017-10-10,2018-01-08,63,5.2242,22.5923
2017-10-11,2018-01-09,63,5.3801,23.3203
2017-10-12,2018-01-10,63,5.6481,24.5796
2017-10-13,2018-01-11,63,5.4004,23.4155
2017-10-16,2018-01-12,63,5.8999,25.7716
2017-10-17,2018-01-15,63,5.877,25.663
2017-10-18,2018-01-16,63,5.6987,24.8182
2017-10-19,2018-01-17,63,4.5671,19.5585
2017-10-20,2018-01-18,63,4.7324,20.3161
2017-10-23,2018-01-19,63,4.2848,18.2726
2017-10-24,2018-01-22,63,5.0685,21.8682
2017-10-25,2018-01-23,63,5.3333,23.1013
2017-10-26,2018-01-24,63,4.5307,19.392
2017-10-27,2018-01-25,63,3.9447,16.7371
2017-10-30,2018-01-26,63,4.2968,18.327
2017-10-31,2018-01-29,63,3.398,14.3008
2017-11-01,2018-01-30,63,3.2721,13.7447
2017-11-02,2018-01-31,63,3.5423,14.94
2017-11-03,2018-02-01,63,2.8068,11.7086
2017-11-06,2018-02-02,63,2.0938,8.6417
2017-11-07,2018-02-05,63,1.0177,4.1334
2017-11-08,2018-02-06,63,0.7529,3.0457
2017-11-09,2018-02-07,63,-0.5664,-2.2463
2017-11-10,2018-02-08,63,-1.4312,-5.603
2017-11-13,2018-02-09,63,-1.63,-6.3624
2017-11-14,2018-02-12,63,-0.402,-1.5983
2017-11-15,2018-02-13,63,-0.3557,-1.4152
2017-11-16,2018-02-14,63,-0.591,-2.3433
2017-11-17,2018-02-22,63,0.3781,1.521
2017-11-20,2018-02-23,63,0.3871,1.5575
2017-11-21,2018-02-26,63,0.1847,0.7407
2017-11-22,2018-02-27,63,0.1943,0.7796
2017-11-23,2018-02-28,63,0.4964,2.0005
2017-11-24,2018-03-01,63,0.7238,2.9267
2017-11-27,2018-03-02,63,1.0698,4.3485
2017-11-28,2018-03-05,63,0.4307,1.7341
2017-11-29,2018-03-06,63,1.0863,4.4166
2017-11-30,2018-03-07,63,1.4238,5.818
2017-12-01,2018-03-08,63,1.9974,8.232
2017-12-04,2018-03-09,63,1.4247,5.8218
2017-12-05,2018-03-12,63,1.447,5.9148
2017-12-06,2018-03-13,63,1.4606,5.9717
2017-12-07,2018-03-14,63,2.3002,9.523
2017-12-08,2018-03-15,63,2.3017,9.5295
2017-12-11,2018-03-16,63,0.962,3.9039
2017-12-12,2018-03-19,63,1.0932,4.4451
2017-12-13,2018-03-20,63,0.4218,1.6979
2017-12-14,2018-03-21,63,0.0578,0.2314
2017-12-15,2018-03-22,63,0.0069,0.0276
2017-12-18,2018-03-23,63,-0.4621,-1.8357
2017-12-19,2018-03-26,63,-1.0535,-4.1479
2017-12-20,2018-03-27,63,-1.4867,-5.8154
2017-12-21,2018-03-28,63,-2.5733,-9.9025
2017-12-22,2018-03-29,63,-2.1867,-8.464
2017-12-25,2018-03-30,63,-2.3458,-9.0582
2017-12-26,2018-04-02,63,-2.0728,-8.0369
2017-12-27,2018-04-03,63,-1.3266,-5.2018
2017-12-28,2018-04-04,63,-1.4468,-5.6627
2017-12-29,2018-04-09,63,-1.5874,-6.2001
2018-01-02,2018-04-10,63,-1.6647,-6.4944
2018-01-03,2018-04-11,63,-1.6874,-6.5808
2018-01-04,2018-04-12,63,-2.1266,-8.2387
2018-01-05,2018-04-13,63,-2.6857,-10.3176
2018-01-08,2018-04-16,63,-2.7773,-10.6551
2018-01-09,2018-04-17,63,-3.7033,-14.0103
2018-01-10,2018-04-18,63,-3.9697,-14.9581
2018-01-11,2018-04-19,63,-3.2232,-12.2826
2018-01-12,2018-04-20,63,-3.943,-14.8633
2018-01-15,2018-04-23,63,-4.0021,-15.0727
2018-01-16,2018-04-24,63,-3.6697,-13.8903
2018-01-17,2018-04-25,63,-3.0975,-11.8262
2018-01-18,2018-04-26,63,-3.483,-13.2209
2018-01-19,2018-04-27,63,-3.6351,-13.7667
2018-01-22,2018-05-02,63,-4.2881,-16.0802
2018-01-23,2018-05-03,63,-3.7867,-14.308
2018-01-24,2018-05-04,63,-3.6502,-13.8208
2018-01-25,2018-05-07,63,-2.6039,-10.0157
2018-01-26,2018-05-08,63,-2.411,-9.3008
2018-01-29,2018-05-09,63,-1.5701,-6.1339
2018-01-30,2018-05-10,63,-1.0127,-3.9898
2018-01-31,2018-05-11,63,-1.5239,-5.9579
2018-02-01,2018-05-14,63,-0.5914,-2.3447
2018-02-02,2018-05-15,63,-0.5324,-2.1126
2018-02-05,2018-05-16,63,0.2918,1.1721
2018-02-06,2018-05-17,63,0.2623,1.0535
2018-02-07,2018-05-18,63,1.6837,6.907
2018-02-08,2018-05-21,63,1.171,4.7667
2018-02-09,2018-05-22,63,1.8876,7.7667
2018-02-12,2018-05-23,63,0.6838,2.7635
2018-02-13,2018-05-24,63,0.2229,0.8945
2018-02-14,2018-05-25,63,0.0783,0.3134
2018-02-22,2018-05-28,63,0.0372,0.1491
2018-02-23,2018-05-29,63,-0.052,-0.2079
2018-02-26,2018-05-30,63,-0.0374,-0.1495
2018-02-27,2018-05-31,63,1.4634,5.9833
2018-02-28,2018-06-01,63,1.7014,6.9811
2018-03-01,2018-06-04,63,1.9009,7.8233
2018-03-02,2018-06-05,63,2.1694,8.9643
2018-03-05,2018-06-06,63,2.3521,9.7455
2018-03-06,2018-06-07,63,1.9683,8.1087
2018-03-07,2018-06-08,63,1.8883,7.7697
2018-03-08,2018-06-11,63,1.3027,5.3136
2018-03-09,2018-06-12,63,2.186,9.035
2018-03-12,2018-06-13,63,1.8593,7.6474
2018-03-13,2018-06-14,63,1.8985,7.8132
2018-03-14,2018-06-15,63,1.3822,5.6445
2018-03-15,2018-06-19,63,-0.2798,-1.1146
2018-03-16,2018-06-20,63,0.6732,2.72
2018-03-19,2018-06-21,63,0.3757,1.5113
2018-03-20,2018-06-22,63,0.5965,2.4075
2018-03-21,2018-06-25,63,0.8227,3.3315
2018-03-22,2018-06-26,63,0.9901,4.0195
2018-03-23,2018-06-27,63,0.123,0.4928
2018-03-26,2018-06-28,63,-0.2423,-0.9656
2018-03-27,2018-06-29,63,0.3969,1.5969
2018-03-28,2018-07-02,63,1.1848,4.8242
2018-03-29,2018-07-03,63,0.2736,1.099
2018-03-30,2018-07-04,63,0.0539,0.2158
2018-04-02,2018-07-05,63,-0.0543,-0.2172
2018-04-03,2018-07-06,63,-0.0191,-0.0766
2018-04-04,2018-07-09,63,0.0344,0.1375
2018-04-09,2018-07-10,63,0.2636,1.0586
2018-04-10,2018-07-11,63,-0.1574,-0.6282
2018-04-11,2018-07-12,63,0.1053,0.4217
2018-04-12,2018-07-13,63,0.7281,2.9444
2018-04-13,2018-07-16,63,1.2022,4.8963
2018-04-16,2018-07-17,63,0.7441,3.01
2018-04-17,2018-07-18,63,0.6898,2.7878
2018-04-18,2018-07-19,63,0.7197,2.9099
2018-04-19,2018-07-20,63,0.1477,0.5921
2018-04-20,2018-07-23,63,0.4679,1.8848
2018-04-23,2018-07-24,63,1.2153,4.9505
2018-04-24,2018-07-25,63,0.5017,2.0221
2018-04-25,2018-07-26,63,0.196,0.7865
2018-04-26,2018-07-27,63,0.8223,3.3299
2018-04-27,2018-07-30,63,0.9333,3.7858
2018-05-02,2018-07-31,63,0.8439,3.4186
2018-05-03,2018-08-01,63,-0.3505,-1.3945
2018-05-04,2018-08-02,63,-1.0149,-3.9982
2018-05-07,2018-08-03,63,-2.5591,-9.8501
2018-05-08,2018-08-06,63,-3.227,-12.2966
2018-05-09,2018-08-07,63,-2.5852,-9.9467
2018-05-10,2018-08-08,63,-3.3744,-12.8297
2018-05-11,2018-08-09,63,-2.6103,-10.0395
2018-05-14,2018-08-10,63,-2.9686,-11.3561
2018-05-15,2018-08-13,63,-3.1565,-12.0407
2018-05-16,2018-08-14,63,-3.1858,-12.1472
2018-05-17,2018-08-15,63,-3.3909,-12.8893
2018-05-18,2018-08-16,63,-4.3801,-16.4027
2018-05-21,2018-08-17,63,-4.6399,-17.3075
2018-05-22,2018-08-20,63,-4.5213,-16.8951
2018-05-23,2018-08-21,63,-3.2504,-12.3814
2018-05-24,2018-08-22,63,-3.3663,-12.8003
2018-05-25,2018-08-23,63,-3.4912,-13.2502
2018-05-28,2018-08-24,63,-4.236,-15.8973
2018-05-29,2018-08-27,63,-3.3248,-12.6504
2018-05-30,2018-08-28,63,-3.5485,-13.4563
2018-05-31,2018-08-29,63,-4.5403,-16.9615
2018-06-01,2018-08-30,63,-4.2416,-15.9173
2018-06-04,2018-08-31,63,-4.9759,-18.4665
2018-06-05,2018-09-03,63,-5.2627,-19.4465
2018-06-06,2018-09-04,63,-5.1326,-19.0032
2018-06-07,2018-09-05,63,-5.2875,-19.5309
2018-06-08,2018-09-06,63,-5.4841,-20.1968
2018-06-11,2018-09-07,63,-5.1334,-19.0058
2018-06-12,2018-09-10,63,-6.0686,-22.1528
2018-06-13,2018-09-11,63,-5.6457,-20.7412
2018-06-14,2018-09-12,63,-5.8442,-21.406
2018-06-15,2018-09-13,63,-5.4096,-19.9452
2018-06-19,2018-09-14,63,-4.0723,-15.3209
2018-06-20,2018-09-17,63,-4.6458,-17.3277
2018-06-21,2018-09-18,63,-3.8724,-14.613
2018-06-22,2018-09-19,63,-3.5607,-13.5
2018-06-25,2018-09-20,63,-3.6437,-13.7975
2018-06-26,2018-09-21,63,-2.6487,-10.1814
2018-06-27,2018-09-25,63,-2.0281,-7.869
2018-06-28,2018-09-26,63,-0.7458,-2.9501
2018-06-29,2018-09-27,63,-1.5941,-6.2256
2018-07-02,2018-09-28,63,-1.2334,-4.8431
2018-07-03,2018-10-08,63,-1.612,-6.2937
2018-07-04,2018-10-09,63,-1.3666,-5.3556
2018-07-05,2018-10-10,63,-1.7609,-6.8599
2018-07-06,2018-10-11,63,-2.818,-10.8044
2018-07-09,2018-10-12,63,-2.5695,-9.8886
2018-07-10,2018-10-15,63,-2.6268,-10.1003
2018-07-11,2018-10-16,63,-2.5399,-9.7789
2018-07-12,2018-10-17,63,-3.2351,-12.3259
2018-07-13,2018-10-18,63,-4.0287,-15.1669
2018-07-16,2018-10-19,63,-3.1766,-12.1138
2018-07-17,2018-10-22,63,-1.8695,-7.2709
2018-07-18,2018-10-23,63,-2.5271,-9.7318
2018-07-19,2018-10-24,63,-3.0837,-11.7761
2018-07-20,2018-10-25,63,-3.4634,-13.1504
2018-07-23,2018-10-26,63,-3.9347,-14.8339
2018-07-24,2018-10-29,63,-5.9234,-21.6702
2018-07-25,2018-10-30,63,-6.0186,-21.9869
2018-07-26,2018-10-31,63,-5.437,-20.0379
2018-07-27,2018-11-01,63,-5.1396,-19.0271
2018-07-30,2018-11-02,63,-3.7145,-14.0504
2018-07-31,2018-11-05,63,-4.125,-15.507
2018-08-01,2018-11-06,63,-3.8482,-14.5267
2018-08-02,2018-11-07,63,-3.2008,-12.2015
2018-08-03,2018-11-08,63,-2.3487,-9.069
2018-08-06,2018-11-09,63,-2.0537,-7.9653
2018-08-07,2018-11-12,63,-2.7129,-10.418
2018-08-08,2018-11-13,63,-1.7777,-6.9235
2018-08-09,2018-11-14,63,-2.7762,-10.6508
2018-08-10,2018-11-15,63,-2.5398,-9.7785
2018-08-13,2018-11-16,63,-2.2636,-8.7515
2018-08-14,2018-11-19,63,-1.7577,-6.8475
2018-08-15,2018-11-20,63,-1.4563,-5.6991
2018-08-16,2018-11-21,63,-0.3896,-1.5492
2018-08-17,2018-11-22,63,0.0947,0.3794
2018-08-20,2018-11-23,63,-0.7759,-3.0678
2018-08-21,2018-11-26,63,-1.8124,-7.055
2018-08-22,2018-11-27,63,-1.7226,-6.7143
2018-08-23,2018-11-28,63,-1.5969,-6.2364
2018-08-24,2018-11-29,63,-1.2388,-4.8638
2018-08-27,2018-11-30,63,-1.688,-6.5828
2018-08-28,2018-12-03,63,-0.8519,-3.3642
2018-08-29,2018-12-04,63,-0.6018,-2.3854
2018-08-30,2018-12-05,63,-0.2738,-1.0907
2018-08-31,2018-12-06,63,-0.3233,-1.2871
2018-09-03,2018-12-07,63,-0.1324,-0.5286
2018-09-04,2018-12-10,63,-0.2421,-0.9649
2018-09-05,2018-12-11,63,0.3215,1.2923
2018-09-06,2018-12-12,63,0.8415,3.4089
2018-09-07,2018-12-13,63,0.9205,3.733
2018-09-10,2018-12-14,63,0.8262,3.3458
2018-09-11,2018-12-17,63,0.4403,1.773
2018-09-12,2018-12-18,63,0.891,3.6118
2018-09-13,2018-12-19,63,0.2629,1.0557
2018-09-14,2018-12-20,63,-0.1236,-0.4936
2018-09-17,2018-12-21,63,0.0285,0.1142
2018-09-18,2018-12-24,63,-0.1808,-0.7211
2018-09-19,2018-12-25,63,-0.5501,-2.1822
2018-09-20,2018-12-26,63,-0.6974,-2.7606
2018-09-21,2018-12-27,63,-1.6705,-6.5164
2018-09-25,2018-12-28,63,-0.8599,-3.3953
2018-09-26,2019-01-02,63,-1.658,-6.4688
2018-09-27,2019-01-03,63,-1.8379,-7.1515
2018-09-28,2019-01-04,63,-1.4127,-5.5321
2018-10-08,2019-01-07,63,-0.5899,-2.3388
2018-10-09,2019-01-08,63,-0.8863,-3.4982
2018-10-10,2019-01-09,63,-0.1863,-0.7431
2018-10-11,2019-01-10,63,0.5536,2.2329
2018-10-12,2019-01-11,63,-0.169,-0.6742
2018-10-15,2019-01-14,63,-0.301,-1.1986
2018-10-16,2019-01-15,63,0.896,3.6324
2018-10-17,2019-01-16,63,1.1131,4.5275
2018-10-18,2019-01-17,63,1.5885,6.5069
2018-10-19,2019-01-18,63,1.2224,4.98
2018-10-22,2019-01-21,63,0.39,1.569
2018-10-23,2019-01-22,63,1.1265,4.5827
2018-10-24,2019-01-23,63,1.8136,7.4542
2018-10-25,2019-01-24,63,2.3041,9.54
2018-10-26,2019-01-25,63,2.9579,12.3672
2018-10-29,2019-01-28,63,5.4092,23.4565
2018-10-30,2019-01-29,63,5.9092,25.8157
2018-10-31,2019-01-30,63,4.9293,21.2236
2018-11-01,2019-01-31,63,4.7399,20.3509
2018-11-02,2019-02-01,63,3.958,16.797
2018-11-05,2019-02-11,63,5.5599,24.1642
2018-11-06,2019-02-12,63,5.7978,25.2873
2018-11-07,2019-02-13,63,6.0555,26.5123
2018-11-08,2019-02-14,63,6.0783,26.6213
2018-11-09,2019-02-15,63,6.0919,26.6859
2018-11-12,2019-02-18,63,7.2931,32.5215
2018-11-13,2019-02-19,63,6.564,28.9559
2018-11-14,2019-02-20,63,7.0869,31.506
2018-11-15,2019-02-21,63,6.5596,28.9349
2018-11-16,2019-02-22,63,6.5287,28.7853
2018-11-19,2019-02-25,63,7.1649,31.8896
2018-11-20,2019-02-26,63,7.1883,32.005
2018-11-21,2019-02-27,63,7.0146,31.1511
2018-11-22,2019-02-28,63,7.1354,31.7442
2018-11-23,2019-03-01,63,8.6417,39.3111
2018-11-26,2019-03-04,63,8.9437,40.8666
2018-11-27,2019-03-05,63,9.0955,41.6537
2018-11-28,2019-03-06,63,8.6647,39.4295
2018-11-29,2019-03-07,63,7.6709,34.3982
2018-11-30,2019-03-08,63,6.7962,30.0838
2018-12-03,2019-03-11,63,7.0062,31.1098
2018-12-04,2019-03-12,63,7.0369,31.2605
2018-12-05,2019-03-13,63,6.5515,28.8958
2018-12-06,2019-03-14,63,7.1139,31.6384
2018-12-07,2019-03-15,63,7.6577,34.3322
2018-12-10,2019-03-18,63,9.6752,44.6884
2018-12-11,2019-03-19,63,9.1711,42.0467
2018-12-12,2019-03-20,63,8.987,41.091
2018-12-13,2019-03-21,63,8.5389,38.7846
2018-12-14,2019-03-22,63,9.1081,41.719
2018-12-17,2019-03-25,63,8.6091,39.1441
2018-12-18,2019-03-26,63,8.7546,39.8914
2018-12-19,2019-03-27,63,10.0008,46.4144
2018-12-20,2019-03-28,63,10.4295,48.7102
2018-12-21,2019-03-29,63,11.5038,54.5817
2018-12-24,2019-04-01,63,11.7067,55.71
2018-12-25,2019-04-02,63,11.2613,53.2414
2018-12-26,2019-04-03,63,11.4829,54.466
2018-12-27,2019-04-04,63,12.2113,58.5426
2018-12-28,2019-04-08,63,11.7299,55.8395
2019-01-02,2019-04-09,63,12.6434,60.9988
2019-01-03,2019-04-10,63,13.5167,66.0501
2019-01-04,2019-04-11,63,12.1569,58.2356
2019-01-07,2019-04-12,63,11.7125,55.7428
2019-01-08,2019-04-15,63,11.6333,55.3014
2019-01-09,2019-04-16,63,11.9509,57.0761
2019-01-10,2019-04-17,63,12.0568,57.6716
2019-01-11,2019-04-18,63,11.5502,54.8392
2019-01-14,2019-04-19,63,12.169,58.3039
2019-01-15,2019-04-22,63,10.7684,50.544
2019-01-16,2019-04-23,63,11.0326,51.9855
2019-01-17,2019-04-24,63,11.1135,52.4289
2019-01-18,2019-04-25,63,9.953,46.16
2019-01-21,2019-04-26,63,9.6273,44.4356
2019-01-22,2019-04-29,63,10.4814,48.9897
2019-01-23,2019-04-30,63,10.8234,50.8433
2019-01-24,2019-05-06,63,8.9386,40.8406
2019-01-25,2019-05-07,63,9.6492,44.5512
2019-01-28,2019-05-08,63,8.9257,40.7738
2019-01-29,2019-05-09,63,7.7658,34.8724
2019-01-30,2019-05-10,63,9.7748,45.2149
2019-01-31,2019-05-13,63,9.7193,44.9213
2019-02-01,2019-05-14,63,9.0557,41.4471
2019-02-11,2019-05-15,63,9.2137,42.2686
2019-02-12,2019-05-16,63,9.493,43.7295
2019-02-13,2019-05-17,63,8.291,37.5213
2019-02-14,2019-05-20,63,6.8647,30.4178
2019-02-15,2019-05-21,63,7.4132,33.1163
2019-02-18,2019-05-22,63,6.0726,26.5941
2019-02-19,2019-05-23,63,5.4574,23.6826
2019-02-20,2019-05-24,63,5.6511,24.5938
2019-02-21,2019-05-27,63,6.2274,27.3347
2019-02-22,2019-05-28,63,6.5984,29.1226
2019-02-25,2019-05-29,63,5.766,25.1367
2019-02-26,2019-05-30,63,6.0812,26.6352
2019-02-27,2019-05-31,63,6.1103,26.774
2019-02-28,2019-06-03,63,6.3045,27.7046
2019-03-01,2019-06-04,63,5.2262,22.6014
2019-03-04,2019-06-05,63,5.2557,22.7391
2019-03-05,2019-06-06,63,4.7694,20.4865
2019-03-06,2019-06-10,63,5.2528,22.7255
2019-03-07,2019-06-11,63,7.4327,33.2129
2019-03-08,2019-06-12,63,7.6045,34.0671
2019-03-11,2019-06-13,63,6.5197,28.7416
2019-03-12,2019-06-14,63,6.6428,29.3381
2019-03-13,2019-06-17,63,6.272,27.5487
2019-03-14,2019-06-18,63,6.7701,29.9566
2019-03-15,2019-06-19,63,6.2832,27.6021
2019-03-18,2019-06-20,63,6.0201,26.3433
2019-03-19,2019-06-21,63,6.3405,27.8776
2019-03-20,2019-06-24,63,6.8995,30.5878
2019-03-21,2019-06-25,63,7.2054,32.0891
2019-03-22,2019-06-26,63,6.5789,29.0285
2019-03-25,2019-06-27,63,7.5563,33.827
2019-03-26,2019-06-28,63,7.501,33.5517
2019-03-27,2019-07-01,63,7.3122,32.6161
2019-03-28,2019-07-02,63,7.4238,33.1688
2019-03-29,2019-07-03,63,6.7467,29.8429
2019-04-01,2019-07-04,63,5.4606,23.6977
2019-04-02,2019-07-05,63,6.5213,28.7494
2019-04-03,2019-07-08,63,5.9545,26.0312
2019-04-04,2019-07-09,63,5.1928,22.4458
2019-04-08,2019-07-10,63,5.0325,21.701
2019-04-09,2019-07-11,63,4.8178,20.7092
2019-04-10,2019-07-12,63,4.3232,18.4468
2019-04-11,2019-07-15,63,5.4855,23.8144
2019-04-12,2019-07-16,63,5.398,23.4039
2019-04-15,2019-07-17,63,5.5873,24.293
2019-04-16,2019-07-18,63,5.0675,21.8634
2019-04-17,2019-07-19,63,5.606,24.3813
2019-04-18,2019-07-22,63,5.3506,23.1824
2019-04-19,2019-07-23,63,4.8069,20.6589
2019-04-22,2019-07-24,63,4.9067,21.1191
2019-04-23,2019-07-25,63,5.1435,22.2164
2019-04-24,2019-07-26,63,4.913,21.1482
2019-04-25,2019-07-29,63,5.4849,23.8115
2019-04-26,2019-07-30,63,5.5475,24.1055
2019-04-29,2019-07-31,63,5.0855,21.9471
2019-04-30,2019-08-01,63,4.1671,17.7394
2019-05-06,2019-08-02,63,5.8393,25.4839
2019-05-07,2019-08-05,63,5.8261,25.4214
2019-05-08,2019-08-06,63,5.9654,26.0829
2019-05-09,2019-08-07,63,7.0507,31.328
2019-05-10,2019-08-08,63,6.3517,27.9318
2019-05-13,2019-08-09,63,5.6967,24.8091
2019-05-14,2019-08-12,63,6.0013,26.2538
2019-05-15,2019-08-13,63,5.4978,23.8724
2019-05-16,2019-08-14,63,4.6896,20.1197
2019-05-17,2019-08-15,63,5.7078,24.8614
2019-05-20,2019-08-16,63,6.9747,30.9555
2019-05-21,2019-08-19,63,6.6984,29.6078
2019-05-22,2019-08-20,63,6.882,30.5021
2019-05-23,2019-08-21,63,7.476,33.4277
2019-05-24,2019-08-22,63,7.7291,34.689
2019-05-27,2019-08-23,63,7.4584,33.3404
2019-05-28,2019-08-26,63,7.7244,34.6655
2019-05-29,2019-08-27,63,8.2775,37.4524
2019-05-30,2019-08-28,63,8.7763,40.0031
2019-05-31,2019-08-29,63,9.052,41.4278
2019-06-03,2019-08-30,63,8.5307,38.7429
2019-06-04,2019-09-02,63,8.6416,39.311
2019-06-05,2019-09-03,63,8.6246,39.2233
2019-06-06,2019-09-04,63,8.9984,41.1497
2019-06-10,2019-09-05,63,8.9418,40.8571
2019-06-11,2019-09-06,63,6.4332,28.324
2019-06-12,2019-09-09,63,6.5222,28.754
2019-06-13,2019-09-10,63,6.0889,26.6718
2019-06-14,2019-09-11,63,5.0365,21.7199
2019-06-17,2019-09-12,63,5.9689,26.0996
2019-06-18,2019-09-16,63,5.4701,23.7421
2019-06-19,2019-09-17,63,5.1972,22.4661
2019-06-20,2019-09-18,63,4.4715,19.122
2019-06-21,2019-09-19,63,4.3458,18.5493
2019-06-24,2019-09-20,63,4.151,17.6667
2019-06-25,2019-09-23,63,3.7135,15.702
2019-06-26,2019-09-24,63,4.5172,19.3303
2019-06-27,2019-09-25,63,4.1959,17.8699
2019-06-28,2019-09-26,63,3.1947,13.4042
2019-07-01,2019-09-27,63,2.8676,11.9735
2019-07-02,2019-09-30,63,2.2254,9.2032
2019-07-03,2019-10-08,63,2.3833,9.8796
2019-07-04,2019-10-09,63,3.2953,13.847
2019-07-05,2019-10-10,63,2.727,11.3623
2019-07-08,2019-10-11,63,3.0603,12.8147
2019-07-09,2019-10-14,63,2.9046,12.1345
2019-07-10,2019-10-15,63,3.1654,13.2756
2019-07-11,2019-10-16,63,2.1931,9.0654
2019-07-12,2019-10-17,63,2.4361,10.1064
2019-07-15,2019-10-18,63,1.9952,8.223
2019-07-16,2019-10-21,63,2.5254,10.4908
2019-07-17,2019-10-22,63,2.7193,11.3291
2019-07-18,2019-10-23,63,2.6732,11.1291
2019-07-19,2019-10-24,63,1.8029,7.409
2019-07-22,2019-10-25,63,3.0775,12.8899
2019-07-23,2019-10-28,63,3.6622,15.4734
2019-07-24,2019-10-29,63,3.6369,15.3607
2019-07-25,2019-10-30,63,3.1482,13.2002
2019-07-26,2019-10-31,63,3.4312,14.4474
2019-07-29,2019-11-01,63,3.4066,14.3385
2019-07-30,2019-11-04,63,3.4709,14.6235
2019-07-31,2019-11-05,63,3.7189,15.7263
2019-08-01,2019-11-06,63,3.5428,14.9422
2019-08-02,2019-11-07,63,3.3732,14.1908
2019-08-05,2019-11-08,63,2.3514,9.7427
2019-08-06,2019-11-11,63,2.0719,8.5487
2019-08-07,2019-11-12,63,1.664,6.8238
2019-08-08,2019-11-13,63,1.8099,7.4387
2019-08-09,2019-11-14,63,2.3294,9.6481
2019-08-12,2019-11-15,63,1.4216,5.8088
2019-08-13,2019-11-18,63,1.1152,4.5361
2019-08-14,2019-11-19,63,1.8633,7.664
2019-08-15,2019-11-20,63,1.5549,6.3661
2019-08-16,2019-11-21,63,1.0756,4.3724
2019-08-19,2019-11-22,63,0.4543,1.8294
2019-08-20,2019-11-25,63,0.1334,0.5347
2019-08-21,2019-11-26,63,0.5009,2.0188
2019-08-22,2019-11-27,63,0.0076,0.0304
2019-08-23,2019-11-28,63,-0.2452,-0.977
2019-08-26,2019-11-29,63,-1.1661,-4.5833
2019-08-27,2019-12-02,63,-1.5716,-6.1398
2019-08-28,2019-12-03,63,-1.91,-7.424
2019-08-29,2019-12-04,63,-1.8469,-7.1853
2019-08-30,2019-12-05,63,-1.8272,-7.111
2019-09-02,2019-12-06,63,-1.5991,-6.2446
2019-09-03,2019-12-09,63,-1.9978,-7.7548
2019-09-04,2019-12-10,63,-2.0215,-7.8442
2019-09-05,2019-12-11,63,-2.5412,-9.7837
2019-09-06,2019-12-12,63,-1.5572,-6.0849
2019-09-09,2019-12-13,63,-1.5703,-6.1349
2019-09-10,2019-12-16,63,-1.0401,-4.096
2019-09-11,2019-12-17,63,0.0522,0.2091
2019-09-12,2019-12-18,63,-0.2866,-1.1416
2019-09-16,2019-12-19,63,-0.4392,-1.7451
2019-09-17,2019-12-20,63,-0.0929,-0.3712
2019-09-18,2019-12-23,63,-0.8746,-3.4528
2019-09-19,2019-12-24,63,-0.6721,-2.6616
2019-09-20,2019-12-25,63,-0.903,-3.5632
2019-09-23,2019-12-26,63,-0.7708,-3.0479
2019-09-24,2019-12-27,63,-0.5665,-2.2469
2019-09-25,2019-12-30,63,-0.0824,-0.329
2019-09-26,2020-01-02,63,1.1572,4.7098
2019-09-27,2020-01-03,63,1.1922,4.8546
2019-09-30,2020-01-06,63,1.9514,8.0372
2019-10-08,2020-01-07,63,1.953,8.0437
2019-10-09,2020-01-08,63,2.0239,8.3447
2019-10-10,2020-01-09,63,1.2404,5.0545
2019-10-11,2020-01-10,63,1.4598,5.9683
2019-10-14,2020-01-13,63,2.1953,9.0745
2019-10-15,2020-01-14,63,1.3513,5.5158
2019-10-16,2020-01-15,63,2.1437,8.8544
2019-10-17,2020-01-16,63,1.9875,8.1902
2019-10-18,2020-01-17,63,2.0462,8.4394
2019-10-21,2020-01-20,63,1.7989,7.3922
2019-10-22,2020-01-21,63,1.4393,5.8827
2019-10-23,2020-01-22,63,1.2339,5.0279
2019-10-24,2020-01-23,63,0.6384,2.5781
2019-10-25,2020-02-03,63,-1.5234,-5.9557
2019-10-28,2020-02-04,63,-1.3736,-5.3824
2019-10-29,2020-02-05,63,-1.209,-4.7491
2019-10-30,2020-02-06,63,-0.5436,-2.1569
2019-10-31,2020-02-07,63,-0.289,-1.151
2019-11-01,2020-02-10,63,-0.2177,-0.868
2019-11-04,2020-02-11,63,-0.1778,-0.7093
2019-11-05,2020-02-12,63,-0.149,-0.5945
2019-11-06,2020-02-13,63,0.604,2.4379
2019-11-07,2020-02-14,63,0.5292,2.1339
2019-11-08,2020-02-17,63,1.5533,6.3594
2019-11-11,2020-02-18,63,1.9194,7.9017
2019-11-12,2020-02-19,63,2.6846,11.1788
2019-11-13,2020-02-20,63,2.5237,10.4833
2019-11-14,2020-02-21,63,2.784,11.6099
2019-11-15,2020-02-24,63,3.4713,14.625
2019-11-18,2020-02-25,63,2.7427,11.4305
2019-11-19,2020-02-26,63,2.3366,9.6792
2019-11-20,2020-02-27,63,2.6659,11.0977
2019-11-21,2020-02-28,63,1.4834,6.067
2019-11-22,2020-03-02,63,2.1383,8.8314
2019-11-25,2020-03-03,63,2.6764,11.1431
2019-11-26,2020-03-04,63,3.4453,14.51
2019-11-27,2020-03-05,63,4.5644,19.5459
2019-11-28,2020-03-06,63,4.86,20.9039
2019-11-29,2020-03-09,63,4.3695,18.6572
2019-12-02,2020-03-10,63,4.2814,18.2571
2019-12-03,2020-03-11,63,4.3662,18.6424
2019-12-04,2020-03-12,63,2.8538,11.9133
2019-12-05,2020-03-13,63,1.8278,7.5142
2019-12-06,2020-03-16,63,-0.1284,-0.5128
2019-12-09,2020-03-17,63,-1.1832,-4.6493
2019-12-10,2020-03-18,63,-0.6609,-2.6175
2019-12-11,2020-03-19,63,-0.8814,-3.4791
2019-12-12,2020-03-20,63,-0.1235,-0.4932
2019-12-13,2020-03-23,63,-0.7846,-3.1016
2019-12-16,2020-03-24,63,1.23,5.0115
2019-12-17,2020-03-25,63,1.8622,7.6594
2019-12-18,2020-03-26,63,1.8434,7.5801
2019-12-19,2020-03-27,63,2.4971,10.369
2019-12-20,2020-03-30,63,2.1746,8.9865
2019-12-23,2020-03-31,63,3.4001,14.3101
2019-12-24,2020-04-01,63,2.4406,10.1255
2019-12-25,2020-04-02,63,2.8309,11.8138
2019-12-26,2020-04-03,63,3.182,13.3484
2019-12-27,2020-04-07,63,4.3617,18.6219
2019-12-30,2020-04-08,63,3.271,13.7401
2020-01-02,2020-04-09,63,3.0997,12.9873
2020-01-03,2020-04-10,63,3.108,13.0239
2020-01-06,2020-04-13,63,2.4117,10.0013
2020-01-07,2020-04-14,63,2.8897,12.0697
2020-01-08,2020-04-15,63,2.2442,9.2835
2020-01-09,2020-04-16,63,3.0036,12.5667
2020-01-10,2020-04-17,63,2.6264,10.927
2020-01-13,2020-04-20,63,2.2906,9.4819
2020-01-14,2020-04-21,63,2.8115,11.7291
2020-01-15,2020-04-22,63,3.2522,13.6573
2020-01-16,2020-04-23,63,3.7416,15.8274
2020-01-17,2020-04-24,63,4.2099,17.9331
2020-01-20,2020-04-27,63,4.2669,18.1913
2020-01-21,2020-04-28,63,4.8448,20.8337
2020-01-22,2020-04-29,63,4.7155,20.2386
2020-01-23,2020-04-30,63,5.6683,24.6748
2020-02-03,2020-05-06,63,7.7125,34.6058
2020-02-04,2020-05-07,63,7.3459,32.7827
2020-02-05,2020-05-08,63,7.5338,33.7148
2020-02-06,2020-05-11,63,6.3824,28.0795
2020-02-07,2020-05-12,63,6.2152,27.2759
2020-02-10,2020-05-13,63,6.1984,27.1956
2020-02-11,2020-05-14,63,5.7871,25.2366
2020-02-12,2020-05-15,63,5.9281,25.9056
2020-02-13,2020-05-18,63,7.4133,33.1168
2020-02-14,2020-05-19,63,6.6888,29.5614
2020-02-17,2020-05-20,63,6.2039,27.2219
2020-02-18,2020-05-21,63,5.8799,25.6766
2020-02-19,2020-05-22,63,4.4592,19.0659
2020-02-20,2020-05-25,63,4.371,18.6643
2020-02-21,2020-05-26,63,4.2483,18.107
2020-02-24,2020-05-27,63,3.4282,14.434
2020-02-25,2020-05-28,63,4.1344,17.5918
2020-02-26,2020-05-29,63,4.5976,19.698
2020-02-27,2020-06-01,63,5.2058,22.5064
2020-02-28,2020-06-02,63,6.3942,28.1361
2020-03-02,2020-06-03,63,5.8269,25.4249
2020-03-03,2020-06-04,63,5.5725,24.2232
2020-03-04,2020-06-05,63,4.5328,19.4014
2020-03-05,2020-06-08,63,3.2625,13.7026
2020-03-06,2020-06-09,63,3.4016,14.3165
2020-03-09,2020-06-10,63,4.604,19.7273
2020-03-10,2020-06-11,63,4.1063,17.4647
2020-03-11,2020-06-12,63,4.1988,17.8828
2020-03-12,2020-06-15,63,4.9849,21.4807
2020-03-13,2020-06-16,63,6.4549,28.4289
2020-03-16,2020-06-17,63,8.6056,39.1263
2020-03-17,2020-06-18,63,10.4685,48.9205
2020-03-18,2020-06-19,63,10.8218,50.8348
2020-03-19,2020-06-22,63,11.6257,55.2591
2020-03-20,2020-06-23,63,11.0737,52.2105
2020-03-23,2020-06-24,63,12.1907,58.4263
2020-03-24,2020-06-29,63,9.7568,45.1195
2020-03-25,2020-06-30,63,9.0913,41.6316
2020-03-26,2020-07-01,63,10.2856,47.9363
2020-03-27,2020-07-02,63,10.0357,46.6002
2020-03-30,2020-07-03,63,10.3455,48.2582
2020-03-31,2020-07-06,63,10.0168,46.4992
2020-04-01,2020-07-07,63,11.6979,55.6608
2020-04-02,2020-07-08,63,11.6535,55.4136
2020-04-03,2020-07-09,63,11.9717,57.1932
2020-04-07,2020-07-10,63,9.9138,45.9515
2020-04-08,2020-07-13,63,12.0899,57.8578
2020-04-09,2020-07-14,63,11.8298,56.3977
2020-04-10,2020-07-15,63,12.0689,57.7394
2020-04-13,2020-07-16,63,9.6075,44.3313
2020-04-14,2020-07-17,63,9.1617,41.9978
2020-04-15,2020-07-20,63,9.6901,44.7672
2020-04-16,2020-07-21,63,10.3623,48.3485
2020-04-17,2020-07-22,63,11.6291,55.2782
2020-04-20,2020-07-23,63,11.7348,55.8671
2020-04-21,2020-07-24,63,10.8489,50.9823
2020-04-22,2020-07-27,63,10.9707,51.6466
2020-04-23,2020-07-28,63,11.3604,53.7884
2020-04-24,2020-07-29,63,11.5223,54.6846
2020-04-27,2020-07-30,63,11.5059,54.5934
2020-04-28,2020-07-31,63,11.547,54.8217
2020-04-29,2020-08-03,63,12.4247,59.752
2020-04-30,2020-08-04,63,12.3781,59.4874
2020-05-06,2020-08-05,63,13.2681,64.6003
2020-05-07,2020-08-06,63,12.5665,60.5599
2020-05-08,2020-08-07,63,11.8092,56.2822
2020-05-11,2020-08-10,63,12.1471,58.1801
2020-05-12,2020-08-11,63,11.3774,53.8821
2020-05-13,2020-08-12,63,9.1147,41.7533
2020-05-14,2020-08-13,63,9.5195,43.8686
2020-05-15,2020-08-14,63,10.1031,46.9594
2020-05-18,2020-08-17,63,9.2256,42.3304
2020-05-19,2020-08-18,63,10.6401,49.8476
2020-05-20,2020-08-19,63,10.2944,47.9835
2020-05-21,2020-08-20,63,9.3121,42.7817
2020-05-22,2020-08-21,63,10.8212,50.8314
2020-05-25,2020-08-24,63,10.4802,48.9836
2020-05-26,2020-08-25,63,10.7166,50.2624
2020-05-27,2020-08-26,63,11.1488,52.6228
2020-05-28,2020-08-27,63,11.9064,56.8263
2020-05-29,2020-08-28,63,12.4432,59.8577
2020-06-01,2020-08-31,63,11.5521,54.8497
2020-06-02,2020-09-01,63,12.0698,57.7448
2020-06-03,2020-09-02,63,12.382,59.5097
2020-06-04,2020-09-03,63,11.6431,55.3556
2020-06-05,2020-09-04,63,10.9289,51.4187
2020-06-08,2020-09-07,63,9.8775,45.759
2020-06-09,2020-09-08,63,9.1992,42.1929
2020-06-10,2020-09-09,63,8.0304,36.2021
2020-06-11,2020-09-10,63,8.8794,40.5347
2020-06-12,2020-09-11,63,9.0395,41.363
2020-06-15,2020-09-14,63,9.4591,43.5512
2020-06-16,2020-09-15,63,9.404,43.2625
2020-06-17,2020-09-16,63,8.7066,39.6444
2020-06-18,2020-09-17,63,7.7052,34.5695
2020-06-19,2020-09-18,63,7.5038,33.5656
2020-06-22,2020-09-21,63,6.8778,30.482
2020-06-23,2020-09-22,63,5.6539,24.607
2020-06-24,2020-09-23,63,5.1032,22.029
2020-06-29,2020-09-24,63,4.1726,17.7646
2020-06-30,2020-09-25,63,4.1243,17.5463
2020-07-01,2020-09-28,63,3.1235,13.0915
2020-07-02,2020-09-29,63,3.4749,14.6408
2020-07-03,2020-09-30,63,3.5065,14.7811
2020-07-06,2020-10-09,63,3.1434,13.1791
2020-07-07,2020-10-12,63,3.9191,16.6223
2020-07-08,2020-10-13,63,3.7659,15.9363
2020-07-09,2020-10-14,63,2.6118,10.8637
2020-07-10,2020-10-15,63,2.4619,10.2174
2020-07-13,2020-10-16,63,1.131,4.6012
2020-07-14,2020-10-19,63,0.7783,3.1497
2020-07-15,2020-10-20,63,0.9659,3.9198
2020-07-16,2020-10-21,63,3.2381,13.5954
2020-07-17,2020-10-22,63,2.8477,11.8867
2020-07-20,2020-10-23,63,1.969,8.1116
2020-07-21,2020-10-26,63,1.0723,4.3585
2020-07-22,2020-10-27,63,0.5688,2.2948
2020-07-23,2020-10-28,63,0.9209,3.7346
2020-07-24,2020-10-29,63,2.0266,8.3564
2020-07-27,2020-10-30,63,0.1387,0.5558
2020-07-28,2020-11-02,63,-0.4216,-1.6757
2020-07-29,2020-11-03,63,-0.3738,-1.4867
2020-07-30,2020-11-04,63,-0.2322,-0.9254
2020-07-31,2020-11-05,63,-0.1088,-0.4346
2020-08-03,2020-11-06,63,-0.3771,-1.5
2020-08-04,2020-11-09,63,0.1305,0.5231
2020-08-05,2020-11-10,63,-1.3313,-5.2199
2020-08-06,2020-11-11,63,-1.1667,-4.5859
2020-08-07,2020-11-12,63,-1.0767,-4.2376
2020-08-10,2020-11-13,63,-1.2685,-4.9782
2020-08-11,2020-11-16,63,-0.2911,-1.1593
2020-08-12,2020-11-17,63,0.835,3.382
2020-08-13,2020-11-18,63,0.3913,1.5744
2020-08-14,2020-11-19,63,-0.0085,-0.0339
2020-08-17,2020-11-20,63,-0.4079,-1.6218
2020-08-18,2020-11-23,63,-0.9966,-3.9273
2020-08-19,2020-11-24,63,-1.3105,-5.1398
2020-08-20,2020-11-25,63,-1.1835,-4.6508
2020-08-21,2020-11-26,63,-1.5108,-5.9076
2020-08-24,2020-11-27,63,-1.4342,-5.6146
2020-08-25,2020-11-30,63,-2.8863,-11.0549
2020-08-26,2020-12-01,63,-2.1703,-8.4026
2020-08-27,2020-12-02,63,-2.3984,-9.2539
2020-08-28,2020-12-03,63,-2.6659,-10.2446
2020-08-31,2020-12-04,63,-2.2957,-8.8713
2020-09-01,2020-12-07,63,-2.3853,-9.2053
2020-09-02,2020-12-08,63,-1.7538,-6.8329
2020-09-03,2020-12-09,63,-1.5949,-6.2286
2020-09-04,2020-12-10,63,-1.2785,-5.0168
2020-09-07,2020-12-11,63,-0.5882,-2.3322
2020-09-08,2020-12-14,63,0.4165,1.6765
2020-09-09,2020-12-15,63,1.322,5.394
2020-09-10,2020-12-16,63,1.4027,5.73
2020-09-11,2020-12-17,63,1.53,6.2618
2020-09-14,2020-12-18,63,1.3259,5.4098
2020-09-15,2020-12-21,63,1.7418,7.1513
2020-09-16,2020-12-22,63,1.8446,7.5849
2020-09-17,2020-12-23,63,2.596,10.7954
2020-09-18,2020-12-24,63,1.851,7.6122
2020-09-21,2020-12-25,63,2.443,10.1358
2020-09-22,2020-12-28,63,4.015,17.0535
2020-09-23,2020-12-29,63,3.8887,16.486
2020-09-24,2020-12-30,63,5.229,22.6145
2020-09-25,2021-01-04,63,6.842,30.3073
2020-09-28,2021-01-05,63,8.566,38.9232
2020-09-29,2021-01-06,63,8.2776,37.453
2020-09-30,2021-01-07,63,8.3547,37.845
2020-10-09,2021-01-08,63,6.6477,29.3617
2020-10-12,2021-01-11,63,3.4136,14.3697
2020-10-13,2021-01-12,63,4.0078,17.0208
2020-10-14,2021-01-13,63,4.1802,17.7986
2020-10-15,2021-01-14,63,3.5664,15.0471
2020-10-16,2021-01-15,63,3.2962,13.8509
2020-10-19,2021-01-18,63,3.6073,15.2291
2020-10-20,2021-01-19,63,2.4974,10.3701
2020-10-21,2021-01-20,63,2.7301,11.3758
2020-10-22,2021-01-21,63,3.5798,15.1066
2020-10-23,2021-01-22,63,4.2638,18.1772
2020-10-26,2021-01-25,63,5.6141,24.4194
2020-10-27,2021-01-26,63,4.9836,21.4745
2020-10-28,2021-01-27,63,3.9798,16.895
2020-10-29,2021-01-28,63,3.0429,12.7386
2020-10-30,2021-01-29,63,4.2253,18.003
2020-11-02,2021-02-01,63,4.3212,18.4379
2020-11-03,2021-02-02,63,4.5871,19.6501
2020-11-04,2021-02-03,63,4.3118,18.395
2020-11-05,2021-02-04,63,3.7331,15.7895
2020-11-06,2021-02-05,63,3.8269,16.2091
2020-11-09,2021-02-08,63,4.0985,17.4299
2020-11-10,2021-02-09,63,5.6382,24.5327
2020-11-11,2021-02-10,63,6.9722,30.9436
2020-11-12,2021-02-18,63,5.3543,23.1997
2020-11-13,2021-02-19,63,6.1737,27.0773
2020-11-16,2021-02-22,63,4.2566,18.1447
2020-11-17,2021-02-23,63,4.6008,19.7128
2020-11-18,2021-02-24,63,3.7821,16.0084
2020-11-19,2021-02-25,63,2.9889,12.5026
2020-11-20,2021-02-26,63,1.5902,6.5142
2020-11-23,2021-03-01,63,1.5682,6.4219
2020-11-24,2021-03-02,63,1.2495,5.0924
2020-11-25,2021-03-03,63,2.7424,11.4292
2020-11-26,2021-03-04,63,1.1608,4.7248
2020-11-27,2021-03-05,63,0.6008,2.4249
2020-11-30,2021-03-08,63,0.5703,2.3006
2020-12-01,2021-03-09,63,-0.8707,-3.4375
2020-12-02,2021-03-10,63,-0.6446,-2.5536
2020-12-03,2021-03-11,63,-0.2651,-1.0562
2020-12-04,2021-03-12,63,-1.2072,-4.742
2020-12-07,2021-03-15,63,-2.0429,-7.9247
2020-12-08,2021-03-16,63,-2.0914,-8.1069
2020-12-09,2021-03-17,63,-1.141,-4.4866
2020-12-10,2021-03-18,63,-0.2724,-1.085
2020-12-11,2021-03-19,63,-0.8887,-3.5077
2020-12-14,2021-03-22,63,-1.5392,-6.0163
2020-12-15,2021-03-23,63,-1.6159,-6.3087
2020-12-16,2021-03-24,63,-2.2141,-8.5667
2020-12-17,2021-03-25,63,-2.6013,-10.0063
2020-12-18,2021-03-26,63,-2.0484,-7.9454
2020-12-21,2021-03-29,63,-2.4433,-9.421
2020-12-22,2021-03-30,63,-2.1093,-8.1738
2020-12-23,2021-03-31,63,-2.6318,-10.1189
2020-12-24,2021-04-01,63,-1.5735,-6.1471
2020-12-25,2021-04-02,63,-0.744,-2.943
2020-12-28,2021-04-06,63,-1.831,-7.1251
2020-12-29,2021-04-07,63,-1.9156,-7.4452
2020-12-30,2021-04-08,63,-2.0315,-7.8819
2021-01-04,2021-04-09,63,-3.9729,-14.9693
2021-01-05,2021-04-12,63,-5.5879,-20.5469
2021-01-06,2021-04-13,63,-5.8015,-21.2635
2021-01-07,2021-04-14,63,-5.5098,-20.2838
2021-01-08,2021-04-15,63,-4.9032,-18.2168
2021-01-11,2021-04-16,63,-3.1469,-12.0059
2021-01-12,2021-04-19,63,-3.2296,-12.3059
2021-01-13,2021-04-20,63,-2.9681,-11.3541
2021-01-14,2021-04-21,63,-1.8159,-7.068
2021-01-15,2021-04-22,63,-1.517,-5.9314
2021-01-18,2021-04-23,63,-1.1236,-4.4194
2021-01-19,2021-04-26,63,-1.3151,-5.1575
2021-01-20,2021-04-27,63,-1.3223,-5.1853
2021-01-21,2021-04-28,63,-2.0162,-7.824
2021-01-22,2021-04-29,63,-1.3919,-5.4523
2021-01-25,2021-04-30,63,-2.4807,-9.5597
2021-01-26,2021-05-06,63,-2.6733,-10.2719
2021-01-27,2021-05-07,63,-2.3944,-9.2391
2021-01-28,2021-05-10,63,-2.204,-8.5289
2021-01-29,2021-05-11,63,-1.7317,-6.7488
2021-02-01,2021-05-12,63,-1.7367,-6.7681
2021-02-02,2021-05-13,63,-2.4134,-9.3097
2021-02-03,2021-05-14,63,-1.7316,-6.7486
2021-02-04,2021-05-17,63,-0.8375,-3.3082
2021-02-05,2021-05-18,63,-0.6307,-2.499
2021-02-08,2021-05-19,63,-1.3982,-5.4765
2021-02-09,2021-05-20,63,-1.9893,-7.7228
2021-02-10,2021-05-21,63,-2.9488,-11.2836
2021-02-18,2021-05-24,63,-1.2457,-4.8906
2021-02-19,2021-05-25,63,-0.8841,-3.4898
2021-02-22,2021-05-26,63,0.0508,0.2034
2021-02-23,2021-05-27,63,-0.1147,-0.4579
2021-02-24,2021-05-28,63,0.719,2.9071
2021-02-25,2021-05-31,63,1.4454,5.9082
2021-02-26,2021-06-01,63,2.9429,12.3013
2021-03-01,2021-06-02,63,2.0714,8.5468
2021-03-02,2021-06-03,63,2.9099,12.1574
2021-03-03,2021-06-04,63,2.3392,9.6904
2021-03-04,2021-06-07,63,3.8003,16.0901
2021-03-05,2021-06-08,63,3.4188,14.3928
2021-03-08,2021-06-09,63,4.6872,20.1085
2021-03-09,2021-06-10,63,5.703,24.8386
2021-03-10,2021-06-11,63,4.6231,19.8146
2021-03-11,2021-06-15,63,2.9612,12.3816
2021-03-12,2021-06-16,63,3.1159,13.0583
2021-03-15,2021-06-17,63,3.5608,15.022
2021-03-16,2021-06-18,63,2.4117,10.0012
2021-03-17,2021-06-21,63,1.5639,6.4037
2021-03-18,2021-06-22,63,1.1302,4.5981
2021-03-19,2021-06-23,63,1.6353,6.7036
2021-03-22,2021-06-24,63,1.5676,6.4196
2021-03-23,2021-06-25,63,1.9753,8.1383
2021-03-24,2021-06-28,63,2.6453,11.0087
2021-03-25,2021-06-29,63,2.1376,8.8287
2021-03-26,2021-06-30,63,1.4125,5.7708
2021-03-29,2021-07-01,63,1.6738,6.8651
2021-03-30,2021-07-02,63,1.0645,4.3264
2021-03-31,2021-07-05,63,1.5599,6.3873
2021-04-01,2021-07-06,63,0.7257,2.9347
2021-04-02,2021-07-07,63,-0.2384,-0.9502
2021-04-06,2021-07-08,63,-0.3373,-1.3425
2021-04-07,2021-07-09,63,-0.2975,-1.1848
2021-04-08,2021-07-12,63,-0.4852,-1.9268
2021-04-09,2021-07-13,63,0.4774,1.9233
2021-04-12,2021-07-14,63,1.0087,4.0963
2021-04-13,2021-07-15,63,1.5905,6.5152
2021-04-14,2021-07-16,63,0.6608,2.6694
2021-04-15,2021-07-19,63,0.5989,2.4172
2021-04-16,2021-07-20,63,0.4267,1.7179
2021-04-19,2021-07-21,63,-0.4134,-1.6436
2021-04-20,2021-07-22,63,-0.8848,-3.4925
2021-04-21,2021-07-23,63,-1.7184,-6.6984
2021-04-22,2021-07-26,63,-2.7717,-10.6344
2021-04-23,2021-07-27,63,-4.0453,-15.2255
2021-04-26,2021-07-28,63,-3.1894,-12.16
2021-04-27,2021-07-29,63,-3.3975,-12.9129
2021-04-28,2021-07-30,63,-3.949,-14.8846
2021-04-29,2021-08-02,63,-3.784,-14.2983
2021-04-30,2021-08-03,63,-3.2031,-12.2098
2021-05-06,2021-08-04,63,-3.2398,-12.3431
2021-05-07,2021-08-05,63,-3.4105,-12.9599
2021-05-10,2021-08-06,63,-3.3325,-12.6784
2021-05-11,2021-08-09,63,-3.8752,-14.6229
2021-05-12,2021-08-10,63,-3.4438,-13.0797
2021-05-13,2021-08-11,63,-3.6779,-13.9198
2021-05-14,2021-08-12,63,-4.3541,-16.3114
2021-05-17,2021-08-13,63,-4.9349,-18.3259
2021-05-18,2021-08-16,63,-4.7651,-17.7409
2021-05-19,2021-08-17,63,-5.2617,-19.4431
2021-05-20,2021-08-18,63,-5.4459,-20.0677
2021-05-21,2021-08-19,63,-5.619,-20.6517
2021-05-24,2021-08-20,63,-6.6606,-24.0967
2021-05-25,2021-08-23,63,-7.0035,-25.2062
2021-05-26,2021-08-24,63,-6.5967,-23.8886
2021-05-27,2021-08-25,63,-6.3303,-23.0168
2021-05-28,2021-08-26,63,-6.8888,-24.8363
2021-05-31,2021-08-27,63,-6.8826,-24.8162
2021-06-01,2021-08-30,63,-7.0878,-25.477
2021-06-02,2021-08-31,63,-6.7705,-24.4536
2021-06-03,2021-09-01,63,-6.0642,-22.1381
2021-06-04,2021-09-02,63,-6.2436,-22.7313
2021-06-07,2021-09-03,63,-6.0827,-22.1994
2021-06-08,2021-09-06,63,-4.9685,-18.4413
2021-06-09,2021-09-07,63,-5.0976,-18.8837
2021-06-10,2021-09-08,63,-5.6732,-20.8338
2021-06-11,2021-09-09,63,-5.6237,-20.6674
2021-06-15,2021-09-10,63,-4.6054,-17.1875
2021-06-16,2021-09-13,63,-4.8053,-17.8796
2021-06-17,2021-09-14,63,-4.594,-17.1482
2021-06-18,2021-09-15,63,-4.4113,-16.5116
2021-06-21,2021-09-16,63,-4.1804,-15.702
2021-06-22,2021-09-17,63,-4.1919,-15.7423
2021-06-23,2021-09-22,63,-4.1605,-15.632
2021-06-24,2021-09-23,63,-4.0074,-15.0916
2021-06-25,2021-09-24,63,-3.9065,-14.7339
2021-06-28,2021-09-27,63,-3.1775,-12.1168
2021-06-29,2021-09-28,63,-3.1815,-12.1314
2021-06-30,2021-09-29,63,-2.8828,-11.0421
2021-07-01,2021-09-30,63,-3.3199,-12.6329
2021-07-02,2021-10-08,63,-1.6538,-6.4529
2021-07-05,2021-10-11,63,-1.7091,-6.6629
2021-07-06,2021-10-12,63,-1.7169,-6.6926
2021-07-07,2021-10-13,63,-1.2103,-4.7541
2021-07-08,2021-10-14,63,-0.5807,-2.3026
2021-07-09,2021-10-15,63,-0.3269,-1.3012
2021-07-12,2021-10-18,63,-1.7098,-6.6657
2021-07-13,2021-10-19,63,-1.5833,-6.1844
2021-07-14,2021-10-20,63,-1.789,-6.9663
2021-07-15,2021-10-21,63,-2.2557,-8.7221
2021-07-16,2021-10-22,63,-1.2965,-5.0862
2021-07-19,2021-10-25,63,-1.1978,-4.7057
2021-07-20,2021-10-26,63,-1.4178,-5.5519
2021-07-21,2021-10-27,63,-1.6581,-6.4694
2021-07-22,2021-10-28,63,-0.8172,-3.2289
2021-07-23,2021-10-29,63,-0.0219,-0.0877
2021-07-26,2021-11-01,63,0.8936,3.6228
2021-07-27,2021-11-02,63,2.405,9.9725
2021-07-28,2021-11-03,63,1.8564,7.6351
2021-07-29,2021-11-04,63,2.5818,10.7341
2021-07-30,2021-11-05,63,3.5644,15.0382
2021-08-02,2021-11-08,63,2.6757,11.1401
2021-08-03,2021-11-09,63,2.2632,9.365
2021-08-04,2021-11-10,63,2.1337,8.8117
2021-08-05,2021-11-11,63,2.9211,12.2063
2021-08-06,2021-11-12,63,3.0661,12.8401
2021-08-09,2021-11-15,63,3.0818,12.909
2021-08-10,2021-11-16,63,2.7135,11.3038
2021-08-11,2021-11-17,63,2.8664,11.968
2021-08-12,2021-11-18,63,3.1245,13.0963
2021-08-13,2021-11-19,63,3.066,12.8398
2021-08-16,2021-11-22,63,2.4865,10.323
2021-08-17,2021-11-23,63,2.7626,11.5169
2021-08-18,2021-11-24,63,2.795,11.6577
2021-08-19,2021-11-25,63,3.2202,13.5166
2021-08-20,2021-11-26,63,4.4176,18.8763
2021-08-23,2021-11-29,63,4.2155,17.9583
2021-08-24,2021-11-30,63,2.9188,12.1963
2021-08-25,2021-12-01,63,2.6206,10.9016
2021-08-26,2021-12-02,63,3.5567,15.0038
2021-08-27,2021-12-03,63,4.0413,17.1716
2021-08-30,2021-12-06,63,3.8767,16.4323
2021-08-31,2021-12-07,63,4.3562,18.5966
2021-09-01,2021-12-08,63,4.2949,18.3183
2021-09-02,2021-12-09,63,5.1487,22.2407
2021-09-03,2021-12-10,63,4.6207,19.804
2021-09-06,2021-12-13,63,4.0045,17.0059
2021-09-07,2021-12-14,63,4.0772,17.3337
2021-09-08,2021-12-15,63,3.9894,16.9382
2021-09-09,2021-12-16,63,4.1763,17.7813
2021-09-10,2021-12-17,63,3.4242,14.4164
2021-09-13,2021-12-20,63,3.9105,16.5837
2021-09-14,2021-12-21,63,3.9467,16.7464
2021-09-15,2021-12-22,63,4.6621,19.9937
2021-09-16,2021-12-23,63,5.2997,22.9443
2021-09-17,2021-12-24,63,5.4256,23.5334
2021-09-22,2021-12-27,63,5.7739,25.174
2021-09-23,2021-12-28,63,5.6971,24.8107
2021-09-24,2021-12-29,63,3.905,16.5591
2021-09-27,2021-12-30,63,2.5769,10.7128
2021-09-28,2022-01-04,63,3.3273,13.9884
2021-09-29,2022-01-05,63,3.2868,13.8096
2021-09-30,2022-01-06,63,2.6333,10.9567
2021-10-08,2022-01-07,63,0.9094,3.6875
2021-10-11,2022-01-10,63,1.2662,5.1619
2021-10-12,2022-01-11,63,0.8624,3.4946
2021-10-13,2022-01-12,63,0.5898,2.38
2021-10-14,2022-01-13,63,-0.2137,-0.8519
2021-10-15,2022-01-14,63,-0.2945,-1.1729
2021-10-18,2022-01-17,63,0.9368,3.8004
2021-10-19,2022-01-18,63,0.3607,1.4508
2021-10-20,2022-01-19,63,0.4064,1.6356
2021-10-21,2022-01-20,63,1.1489,4.6753
2021-10-22,2022-01-21,63,0.6729,2.719
2021-10-25,2022-01-24,63,0.5119,2.0633
2021-10-26,2022-01-25,63,-0.0102,-0.0407
2021-10-27,2022-01-26,63,0.7774,3.146
2021-10-28,2022-01-27,63,-0.5012,-1.9898
2021-10-29,2022-01-28,63,-1.1697,-4.5973
2021-11-01,2022-02-07,63,-0.6223,-2.4661
2021-11-02,2022-02-08,63,-0.9755,-3.8452
2021-11-03,2022-02-09,63,0.1859,0.7456
2021-11-04,2022-02-10,63,-0.1658,-0.6614
2021-11-05,2022-02-11,63,-0.7404,-2.9287
2021-11-08,2022-02-14,63,-0.3334,-1.3269
2021-11-09,2022-02-15,63,0.1332,0.5338
2021-11-10,2022-02-16,63,0.2194,0.8805
2021-11-11,2022-02-17,63,-0.0871,-0.3478
2021-11-12,2022-02-18,63,0.3723,1.4976
2021-11-15,2022-02-21,63,0.2067,0.8292
2021-11-16,2022-02-22,63,-0.4435,-1.7622
2021-11-17,2022-02-23,63,-0.3814,-1.5168
2021-11-18,2022-02-24,63,-0.5004,-1.9867
2021-11-19,2022-02-25,63,-0.682,-2.7
2021-11-22,2022-02-28,63,-0.5762,-2.2851
2021-11-23,2022-03-01,63,0.5926,2.3914
2021-11-24,2022-03-02,63,0.6977,2.8201
2021-11-25,2022-03-03,63,0.1846,0.7405
2021-11-26,2022-03-04,63,0.158,0.6334
2021-11-29,2022-03-07,63,-0.1984,-0.7914
2021-11-30,2022-03-08,63,0.4423,1.781
2021-12-01,2022-03-09,63,0.7146,2.8894
2021-12-02,2022-03-10,63,0.3565,1.4335
2021-12-03,2022-03-11,63,0.0718,0.2876
2021-12-06,2022-03-14,63,-1.0478,-4.1259
2021-12-07,2022-03-15,63,-2.7498,-10.554
2021-12-08,2022-03-16,63,-2.9597,-11.3233
2021-12-09,2022-03-17,63,-2.2507,-8.7035
2021-12-10,2022-03-18,63,-2.0159,-7.8232
2021-12-13,2022-03-21,63,-2.3418,-9.0433
2021-12-14,2022-03-22,63,-2.2454,-8.6835
2021-12-15,2022-03-23,63,-1.6559,-6.461
2021-12-16,2022-03-24,63,-1.7797,-6.9309
2021-12-17,2022-03-25,63,-1.89,-7.3483
2021-12-20,2022-03-28,63,-2.4917,-9.6003
2021-12-21,2022-03-29,63,-2.4159,-9.319
2021-12-22,2022-03-30,63,-1.923,-7.4729
2021-12-23,2022-03-31,63,-2.7383,-10.5115
2021-12-24,2022-04-01,63,-2.675,-10.2784
2021-12-27,2022-04-06,63,-2.9513,-11.2927
2021-12-28,2022-04-07,63,-3.2518,-12.3865
2021-12-29,2022-04-08,63,-2.4618,-9.4893
2021-12-30,2022-04-11,63,-2.6067,-10.0261
2022-01-04,2022-04-12,63,-1.9131,-7.4356
2022-01-05,2022-04-13,63,-2.0589,-7.9847
2022-01-06,2022-04-14,63,-0.7254,-2.8703
2022-01-07,2022-04-15,63,-0.2053,-0.8188
2022-01-10,2022-04-18,63,-0.1297,-0.5177
2022-01-11,2022-04-19,63,-0.1525,-0.6086
2022-01-12,2022-04-20,63,-0.6899,-2.7311
2022-01-13,2022-04-21,63,-0.2211,-0.8813
2022-01-14,2022-04-22,63,0.0738,0.2956
2022-01-17,2022-04-25,63,-0.963,-3.7967
2022-01-18,2022-04-26,63,-1.1457,-4.5048
2022-01-19,2022-04-27,63,-0.5429,-2.154
2022-01-20,2022-04-28,63,-1.2835,-5.0359
2022-01-21,2022-04-29,63,-0.9811,-3.8669
2022-01-24,2022-05-05,63,-0.731,-2.8921
2022-01-25,2022-05-06,63,-0.9577,-3.7762
2022-01-26,2022-05-09,63,-1.2532,-4.9193
2022-01-27,2022-05-10,63,-0.303,-1.2065
2022-01-28,2022-05-11,63,-0.0471,-0.1881
2022-02-07,2022-05-12,63,0.0318,0.1271
2022-02-08,2022-05-13,63,-0.293,-1.1667
2022-02-09,2022-05-16,63,-1.5171,-5.9318
2022-02-10,2022-05-17,63,-1.5216,-5.9489
2022-02-11,2022-05-18,63,-1.6322,-6.3706
2022-02-14,2022-05-19,63,-2.2963,-8.8738
2022-02-15,2022-05-20,63,-1.9696,-7.6487
2022-02-16,2022-05-23,63,-1.7602,-6.8571
2022-02-17,2022-05-24,63,-2.3473,-9.0638
2022-02-18,2022-05-25,63,-2.5197,-9.7042
2022-02-21,2022-05-26,63,-2.3911,-9.2267
2022-02-22,2022-05-27,63,-2.1592,-8.3612
2022-02-23,2022-05-30,63,-1.661,-6.4804
2022-02-24,2022-05-31,63,-1.0202,-4.0189
2022-02-25,2022-06-01,63,-1.37,-5.3686
2022-02-28,2022-06-02,63,-1.2162,-4.777
2022-03-01,2022-06-06,63,-1.6732,-6.5268
2022-03-02,2022-06-07,63,-1.6247,-6.3419
2022-03-03,2022-06-08,63,-0.6373,-2.5251
2022-03-04,2022-06-09,63,-0.8193,-3.237
2022-03-07,2022-06-10,63,-0.2276,-0.9071
2022-03-08,2022-06-13,63,-0.0673,-0.2689
2022-03-09,2022-06-14,63,-0.3081,-1.2265
2022-03-10,2022-06-15,63,-0.0486,-0.1943
2022-03-11,2022-06-16,63,-0.0528,-0.2112
2022-03-14,2022-06-17,63,1.7738,7.2862
2022-03-15,2022-06-20,63,3.9667,16.8362
2022-03-16,2022-06-21,63,3.196,13.4099
2022-03-17,2022-06-22,63,1.9118,7.8693
2022-03-18,2022-06-23,63,1.998,8.2349
2022-03-21,2022-06-24,63,2.1781,9.0014
2022-03-22,2022-06-27,63,3.0011,12.5557
2022-03-23,2022-06-28,63,2.9462,12.3158
2022-03-24,2022-06-29,63,2.5468,10.5832
2022-03-25,2022-06-30,63,3.5446,14.9504
2022-03-28,2022-07-01,63,3.8734,16.4174
2022-03-29,2022-07-04,63,4.5278,19.3788
2022-03-30,2022-07-05,63,3.4958,14.7337
2022-03-31,2022-07-06,63,2.5972,10.8004
2022-04-01,2022-07-07,63,1.6499,6.7647
2022-04-06,2022-07-08,63,2.1337,8.8119
2022-04-07,2022-07-11,63,2.1709,8.9706
2022-04-08,2022-07-12,63,2.0144,8.3045
2022-04-11,2022-07-13,63,2.2362,9.2494
2022-04-12,2022-07-14,63,0.8969,3.6361
2022-04-13,2022-07-15,63,0.7222,2.9204
2022-04-14,2022-07-18,63,-0.2294,-0.9145
2022-04-15,2022-07-19,63,-0.2552,-1.0167
2022-04-18,2022-07-20,63,-0.4507,-1.7908
2022-04-19,2022-07-21,63,-0.6569,-2.6018
2022-04-20,2022-07-22,63,-0.2915,-1.161
2022-04-21,2022-07-25,63,0.1543,0.6188
2022-04-22,2022-07-26,63,0.3697,1.4872
2022-04-25,2022-07-27,63,1.3231,5.3984
2022-04-26,2022-07-28,63,1.4519,5.9354
2022-04-27,2022-07-29,63,0.6824,2.7575
2022-04-28,2022-08-01,63,0.7442,3.0101
2022-04-29,2022-08-02,63,0.3443,1.3843
2022-05-05,2022-08-03,63,0.039,0.1561
2022-05-06,2022-08-04,63,1.2744,5.196
2022-05-09,2022-08-05,63,1.7836,7.3274
2022-05-10,2022-08-08,63,1.2782,5.2117
2022-05-11,2022-08-09,63,1.2424,5.063
2022-05-12,2022-08-10,63,0.5871,2.3693
2022-05-13,2022-08-11,63,1.3085,5.3378
2022-05-16,2022-08-12,63,1.9668,8.1022
2022-05-17,2022-08-15,63,1.5661,6.4129
2022-05-18,2022-08-16,63,1.9764,8.1431
2022-05-19,2022-08-17,63,2.2366,9.2512
2022-05-20,2022-08-18,63,0.7663,3.1007
2022-05-23,2022-08-19,63,1.1126,4.5254
2022-05-24,2022-08-22,63,1.6329,6.6934
2022-05-25,2022-08-23,63,1.274,5.1941
2022-05-26,2022-08-24,63,1.2041,4.904
2022-05-27,2022-08-25,63,1.6323,6.6909
2022-05-30,2022-08-26,63,1.5807,6.4745
2022-05-31,2022-08-29,63,0.4333,1.7445
2022-06-01,2022-08-30,63,0.9704,3.9383
2022-06-02,2022-08-31,63,1.0619,4.3157
2022-06-06,2022-09-01,63,0.3401,1.3675
2022-06-07,2022-09-02,63,-0.2193,-0.8742
2022-06-08,2022-09-05,63,-0.7772,-3.0728
2022-06-09,2022-09-06,63,-0.3764,-1.4971
2022-06-10,2022-09-07,63,-1.0417,-4.1021
2022-06-13,2022-09-08,63,-1.0854,-4.2714
2022-06-14,2022-09-09,63,-0.6837,-2.7069
2022-06-15,2022-09-13,63,-0.3361,-1.3378
2022-06-16,2022-09-14,63,-0.8712,-3.4395
2022-06-17,2022-09-15,63,-1.512,-5.9123
2022-06-20,2022-09-16,63,-2.213,-8.5626
2022-06-21,2022-09-19,63,-1.7912,-6.9746
2022-06-22,2022-09-20,63,-1.4351,-5.6179
2022-06-23,2022-09-21,63,-1.9335,-7.5124
2022-06-24,2022-09-22,63,-2.3894,-9.2205
2022-06-27,2022-09-23,63,-3.0552,-11.672
2022-06-28,2022-09-26,63,-3.0748,-11.7433
2022-06-29,2022-09-27,63,-1.8922,-7.3565
2022-06-30,2022-09-28,63,-2.472,-9.5272
2022-07-01,2022-09-29,63,-1.9072,-7.4134
2022-07-04,2022-09-30,63,-2.356,-9.0962
2022-07-05,2022-10-10,63,-2.668,-10.2525
2022-07-06,2022-10-11,63,-1.6781,-6.5452
2022-07-07,2022-10-12,63,-1.2537,-4.9213
2022-07-08,2022-10-13,63,-1.3985,-5.4777
2022-07-11,2022-10-14,63,-0.9143,-3.6072
2022-07-12,2022-10-17,63,-1.0247,-4.0362
2022-07-13,2022-10-18,63,-1.0039,-3.9556
2022-07-14,2022-10-19,63,-1.6487,-6.4335
2022-07-15,2022-10-20,63,-1.545,-6.0382
2022-07-18,2022-10-21,63,-1.8901,-7.3489
2022-07-19,2022-10-24,63,-2.5179,-9.6976
2022-07-20,2022-10-25,63,-2.5456,-9.8002
2022-07-21,2022-10-26,63,-2.3227,-8.9721
2022-07-22,2022-10-27,63,-3.2775,-12.4793
2022-07-25,2022-10-28,63,-3.9547,-14.9049
2022-07-26,2022-10-31,63,-4.4446,-16.6277
2022-07-27,2022-11-01,63,-3.096,-11.8207
2022-07-28,2022-11-02,63,-2.9149,-11.1597
2022-07-29,2022-11-03,63,-3.2751,-12.4707
2022-08-01,2022-11-04,63,-2.5327,-9.7523
2022-08-02,2022-11-07,63,-2.123,-8.2255
2022-08-03,2022-11-08,63,-2.0985,-8.1334
2022-08-04,2022-11-09,63,-2.2396,-8.662
2022-08-05,2022-11-10,63,-2.3979,-9.2521
2022-08-08,2022-11-11,63,-1.3911,-5.4493
2022-08-09,2022-11-14,63,-1.7001,-6.6288
2022-08-10,2022-11-15,63,-0.9244,-3.6465
2022-08-11,2022-11-16,63,-1.0402,-4.0962
2022-08-12,2022-11-17,63,-1.3713,-5.3736
2022-08-15,2022-11-18,63,-1.2803,-5.0238
2022-08-16,2022-11-21,63,-1.7955,-6.9908
2022-08-17,2022-11-22,63,-1.8856,-7.3316
2022-08-18,2022-11-23,63,-1.5283,-5.9745
2022-08-19,2022-11-24,63,-1.6898,-6.5897
2022-08-22,2022-11-25,63,-1.626,-6.3469
2022-08-23,2022-11-28,63,-1.5087,-5.8997
2022-08-24,2022-11-29,63,-0.8985,-3.5459
2022-08-25,2022-11-30,63,-1.4159,-5.5443
2022-08-26,2022-12-01,63,-0.9848,-3.8815
2022-08-29,2022-12-02,63,-0.2747,-1.0943
2022-08-30,2022-12-05,63,-0.2705,-1.0777
2022-08-31,2022-12-06,63,-0.0208,-0.0831
2022-09-01,2022-12-07,63,0.5705,2.3017
2022-09-02,2022-12-08,63,0.7932,3.2108
2022-09-05,2022-12-09,63,1.4215,5.8085
2022-09-06,2022-12-12,63,0.9001,3.6491
2022-09-07,2022-12-13,63,1.6948,6.9537
2022-09-08,2022-12-14,63,2.2932,9.4934
2022-09-09,2022-12-15,63,1.5289,6.2571
2022-09-13,2022-12-16,63,1.1036,4.4881
2022-09-14,2022-12-19,63,1.2552,5.1161
2022-09-15,2022-12-20,63,0.6236,2.5179
2022-09-16,2022-12-21,63,1.7694,7.2677
2022-09-19,2022-12-22,63,1.8915,7.7833
2022-09-20,2022-12-23,63,1.6054,6.5778
2022-09-21,2022-12-26,63,1.7073,7.0062
2022-09-22,2022-12-27,63,2.5613,10.6456
2022-09-23,2022-12-28,63,2.3282,9.6432
2022-09-26,2022-12-29,63,2.1922,9.0612
2022-09-27,2022-12-30,63,1.7655,7.2514
2022-09-28,2023-01-03,63,1.427,5.8313
2022-09-29,2023-01-04,63,1.2633,5.1496
2022-09-30,2023-01-05,63,2.0206,8.3308
2022-10-10,2023-01-06,63,2.3245,9.6274
2022-10-11,2023-01-09,63,3.0592,12.8099
2022-10-12,2023-01-10,63,3.1515,13.2143
2022-10-13,2023-01-11,63,3.2044,13.4472
2022-10-14,2023-01-12,63,2.7321,11.3844
2022-10-17,2023-01-13,63,3.821,16.1827
2022-10-18,2023-01-16,63,4.6028,19.7216
2022-10-19,2023-01-17,63,5.3446,23.1542
2022-10-20,2023-01-18,63,5.1953,22.4576
2022-10-21,2023-01-19,63,5.5309,24.0275
2022-10-24,2023-01-20,63,6.7189,29.7074
2022-10-25,2023-01-30,63,6.8981,30.5811
2022-10-26,2023-01-31,63,6.4245,28.2822
2022-10-27,2023-02-01,63,7.6811,34.4489
2022-10-28,2023-02-02,63,8.7974,40.1114
2022-10-31,2023-02-03,63,8.5729,38.9586
2022-11-01,2023-02-06,63,6.186,27.1363
2022-11-02,2023-02-07,63,5.5349,24.0465
2022-11-03,2023-02-08,63,5.7593,25.1047
2022-11-04,2023-02-09,63,5.2536,22.7292
2022-11-07,2023-02-10,63,4.7231,20.2734
2022-11-08,2023-02-13,63,5.8558,25.5622
2022-11-09,2023-02-14,63,5.5871,24.2923
2022-11-10,2023-02-15,63,5.0235,21.6594
2022-11-11,2023-02-16,63,4.1219,17.5351
2022-11-14,2023-02-17,63,4.2803,18.2522
2022-11-15,2023-02-20,63,4.3104,18.3886
2022-11-16,2023-02-21,63,4.0269,17.1068
2022-11-17,2023-02-22,63,4.1548,17.684
2022-11-18,2023-02-23,63,3.9817,16.9034
2022-11-21,2023-02-24,63,4.3817,18.7127
2022-11-22,2023-02-27,63,4.5837,19.6345
2022-11-23,2023-02-28,63,4.8519,20.8664
2022-11-24,2023-03-01,63,5.2512,22.7182
2022-11-25,2023-03-02,63,5.0421,21.7457
2022-11-28,2023-03-03,63,5.0523,21.7928
2022-11-29,2023-03-06,63,4.3621,18.6235
2022-11-30,2023-03-07,63,3.8197,16.1766
2022-12-01,2023-03-08,63,2.5243,10.4858
2022-12-02,2023-03-09,63,2.0686,8.5347
2022-12-05,2023-03-10,63,1.8107,7.4418
2022-12-06,2023-03-13,63,2.1267,8.7819
2022-12-07,2023-03-14,63,2.4343,10.0987
2022-12-08,2023-03-15,63,2.3369,9.6803
2022-12-09,2023-03-16,63,1.848,7.5995
2022-12-12,2023-03-17,63,2.0126,8.2965
2022-12-13,2023-03-20,63,2.1797,9.0079
2022-12-14,2023-03-21,63,1.7216,7.0663
2022-12-15,2023-03-22,63,1.7575,7.2176
2022-12-16,2023-03-23,63,2.1025,8.6789
2022-12-19,2023-03-24,63,2.4784,10.2884
2022-12-20,2023-03-27,63,3.019,12.6339
2022-12-21,2023-03-28,63,2.6582,11.0644
2022-12-22,2023-03-29,63,2.3616,9.7863
2022-12-23,2023-03-30,63,2.8185,11.7598
2022-12-26,2023-03-31,63,3.2262,13.543
2022-12-27,2023-04-03,63,2.3616,9.7865
2022-12-28,2023-04-04,63,3.0299,12.6816
2022-12-29,2023-04-06,63,3.2452,13.6266
2022-12-30,2023-04-07,63,2.7363,11.4027
2023-01-03,2023-04-10,63,2.581,10.7305
2023-01-04,2023-04-11,63,2.3231,9.6211
2023-01-05,2023-04-12,63,1.3274,5.4164
2023-01-06,2023-04-13,63,1.6851,6.9125
2023-01-09,2023-04-14,63,0.8833,3.5802
2023-01-10,2023-04-17,63,0.7586,3.0691
2023-01-11,2023-04-18,63,0.7937,3.2128
2023-01-12,2023-04-19,63,0.7701,3.1162
2023-01-13,2023-04-20,63,-0.1446,-0.5771
2023-01-16,2023-04-21,63,-1.0104,-3.9809
2023-01-17,2023-04-24,63,-1.4005,-5.4854
2023-01-18,2023-04-25,63,-0.5906,-2.3414
2023-01-19,2023-04-26,63,-0.5791,-2.2965
2023-01-20,2023-04-27,63,-0.6193,-2.4544
2023-01-30,2023-04-28,63,-0.7281,-2.8808
2023-01-31,2023-05-04,63,0.3557,1.4303
2023-02-01,2023-05-05,63,0.2806,1.127
2023-02-02,2023-05-08,63,-0.5925,-2.3489
2023-02-03,2023-05-09,63,0.0638,0.2553
2023-02-06,2023-05-10,63,0.7068,2.8573
2023-02-07,2023-05-11,63,0.7519,3.0416
2023-02-08,2023-05-12,63,0.5698,2.2987
2023-02-09,2023-05-15,63,0.3356,1.3491
2023-02-10,2023-05-16,63,0.2724,1.0941
2023-02-13,2023-05-17,63,-0.724,-2.8646
2023-02-14,2023-05-18,63,-0.8963,-3.5371
2023-02-15,2023-05-19,63,-0.6039,-2.3937
2023-02-16,2023-05-22,63,0.0276,0.1106
2023-02-17,2023-05-23,63,-0.1657,-0.6611
2023-02-20,2023-05-24,63,-0.826,-3.2633
2023-02-21,2023-05-25,63,-1.019,-4.014
2023-02-22,2023-05-26,63,-1.2489,-4.9026
2023-02-23,2023-05-29,63,-1.221,-4.7953
2023-02-24,2023-05-30,63,-1.3342,-5.2308
2023-02-27,2023-05-31,63,-1.4345,-5.6156
2023-02-28,2023-06-01,63,-1.3761,-5.3916
2023-03-01,2023-06-02,63,-1.1715,-4.6041
2023-03-02,2023-06-05,63,-1.6942,-6.6064
2023-03-03,2023-06-06,63,-1.5945,-6.2271
2023-03-06,2023-06-07,63,-1.8745,-7.2898
2023-03-07,2023-06-08,63,-1.3577,-5.3214
2023-03-08,2023-06-09,63,-0.725,-2.8687
2023-03-09,2023-06-12,63,-0.0884,-0.3532
2023-03-10,2023-06-13,63,0.0813,0.3258
2023-03-13,2023-06-14,63,-0.3867,-1.538
2023-03-14,2023-06-15,63,-0.6325,-2.5059
2023-03-15,2023-06-16,63,-0.0921,-0.3678
2023-03-16,2023-06-19,63,-0.5069,-2.0124
2023-03-17,2023-06-20,63,-0.5597,-2.2199
2023-03-20,2023-06-21,63,-1.3728,-5.3792
2023-03-21,2023-06-26,63,-2.0812,-8.0683
2023-03-22,2023-06-27,63,-1.6169,-6.3125
2023-03-23,2023-06-28,63,-1.9816,-7.694
2023-03-24,2023-06-29,63,-2.3721,-9.1562
2023-03-27,2023-06-30,63,-2.0998,-8.1384
2023-03-28,2023-07-03,63,-1.7609,-6.8598
2023-03-29,2023-07-04,63,-1.7803,-6.9332
2023-03-30,2023-07-05,63,-2.4459,-9.4303
2023-03-31,2023-07-06,63,-2.7259,-10.4656
2023-04-03,2023-07-07,63,-2.3881,-9.2155
2023-04-04,2023-07-10,63,-2.7754,-10.6479
2023-04-06,2023-07-11,63,-2.7921,-10.7092
2023-04-07,2023-07-12,63,-2.6708,-10.2627
2023-04-10,2023-07-13,63,-1.4274,-5.5887
2023-04-11,2023-07-14,63,-1.4971,-5.8551
2023-04-12,2023-07-17,63,-1.3298,-5.214
2023-04-13,2023-07-18,63,-1.4552,-5.6951
2023-04-14,2023-07-19,63,-1.0766,-4.2372
2023-04-17,2023-07-20,63,-1.0813,-4.2554
2023-04-18,2023-07-21,63,-0.8565,-3.3824
2023-04-19,2023-07-24,63,-0.9518,-3.7533
2023-04-20,2023-07-25,63,-0.1689,-0.6741
2023-04-21,2023-07-26,63,0.2424,0.9729
2023-04-24,2023-07-27,63,0.9949,4.0393
2023-04-25,2023-07-28,63,0.714,2.8866
2023-04-26,2023-07-31,63,0.8009,3.2423
2023-04-27,2023-08-01,63,0.4466,1.7984
2023-04-28,2023-08-02,63,0.1643,0.659
2023-05-04,2023-08-03,63,-0.2228,-0.8884
2023-05-05,2023-08-04,63,-0.463,-1.8393
2023-05-08,2023-08-07,63,-0.0512,-0.2048
2023-05-09,2023-08-08,63,-0.1355,-0.5408
2023-05-10,2023-08-09,63,-0.0917,-0.3665
2023-05-11,2023-08-10,63,-0.1358,-0.542
2023-05-12,2023-08-11,63,-0.2028,-0.8088
2023-05-15,2023-08-14,63,-0.7314,-2.8938
2023-05-16,2023-08-15,63,-0.5749,-2.2799
2023-05-17,2023-08-16,63,-0.1974,-0.7873
2023-05-18,2023-08-17,63,0.4148,1.6695
2023-05-19,2023-08-18,63,-0.2605,-1.0377
2023-05-22,2023-08-21,63,-0.9372,-3.6964
2023-05-23,2023-08-22,63,-0.6352,-2.5166
2023-05-24,2023-08-23,63,-0.6996,-2.7692
2023-05-25,2023-08-24,63,0.2213,0.8881
2023-05-26,2023-08-25,63,0.2755,1.1064
2023-05-29,2023-08-28,63,0.4129,1.6618
2023-05-30,2023-08-29,63,1.1242,4.5732
2023-05-31,2023-08-30,63,1.2335,5.0261
2023-06-01,2023-08-31,63,1.0384,4.2187
2023-06-02,2023-09-01,63,0.7811,3.1611
2023-06-05,2023-09-04,63,2.0251,8.3497
2023-06-06,2023-09-05,63,1.7034,6.9897
2023-06-07,2023-09-06,63,1.7995,7.3945
2023-06-08,2023-09-07,63,1.3288,5.422
2023-06-09,2023-09-08,63,1.1693,4.7597
2023-06-12,2023-09-11,63,0.8396,3.4009
2023-06-13,2023-09-12,63,0.8164,3.3057
2023-06-14,2023-09-13,63,0.6374,2.5741
2023-06-15,2023-09-14,63,0.6224,2.5129
2023-06-16,2023-09-15,63,-0.1033,-0.4125
2023-06-19,2023-09-18,63,0.32,1.286
2023-06-20,2023-09-19,63,0.5777,2.331
2023-06-21,2023-09-20,63,1.0139,4.1178
2023-06-26,2023-09-21,63,1.0146,4.1204
2023-06-27,2023-09-22,63,1.3815,5.6414
2023-06-28,2023-09-25,63,1.3866,5.6629
2023-06-29,2023-09-26,63,1.4058,5.7428
2023-06-30,2023-09-27,63,1.1925,4.856
2023-07-03,2023-09-28,63,-0.1049,-0.4188
2023-07-04,2023-10-09,63,-0.6597,-2.6128
2023-07-05,2023-10-10,63,-0.5657,-2.2437
2023-07-06,2023-10-11,63,-0.4171,-1.6579
2023-07-07,2023-10-12,63,-0.1463,-0.584
2023-07-10,2023-10-13,63,-0.6126,-2.4279
2023-07-11,2023-10-16,63,-0.658,-2.606
2023-07-12,2023-10-17,63,-0.4654,-1.8487
2023-07-13,2023-10-18,63,-1.0609,-4.1765
2023-07-14,2023-10-19,63,-1.3533,-5.3042
2023-07-17,2023-10-20,63,-1.0832,-4.2629
2023-07-18,2023-10-23,63,-1.1973,-4.7041
2023-07-19,2023-10-24,63,-1.3909,-5.4486
2023-07-20,2023-10-25,63,-0.9305,-3.6705
2023-07-21,2023-10-26,63,-0.8469,-3.345
2023-07-24,2023-10-27,63,-0.0562,-0.2248
2023-07-25,2023-10-30,63,-0.2662,-1.0604
2023-07-26,2023-10-31,63,-0.2894,-1.1527
2023-07-27,2023-11-01,63,-0.343,-1.365
2023-07-28,2023-11-02,63,-0.7179,-2.8409
2023-07-31,2023-11-03,63,-0.6395,-2.5336
2023-08-01,2023-11-06,63,-0.6483,-2.5681
2023-08-02,2023-11-07,63,-0.6307,-2.499
2023-08-03,2023-11-08,63,-0.8337,-3.2934
2023-08-04,2023-11-09,63,-0.9596,-3.7836
2023-08-07,2023-11-10,63,-0.8709,-3.4384
2023-08-08,2023-11-13,63,-1.0695,-4.2099
2023-08-09,2023-11-14,63,-0.9484,-3.7398
2023-08-10,2023-11-15,63,-0.6259,-2.4803
2023-08-11,2023-11-16,63,-0.5219,-2.0713
2023-08-14,2023-11-17,63,-0.2979,-1.1862
2023-08-15,2023-11-20,63,-0.3342,-1.3302
2023-08-16,2023-11-21,63,-0.1779,-0.7098
2023-08-17,2023-11-22,63,-0.6391,-2.5322
2023-08-18,2023-11-23,63,-0.1271,-0.5075
2023-08-21,2023-11-24,63,0.0067,0.0268
2023-08-22,2023-11-27,63,0.1108,0.4441
2023-08-23,2023-11-28,63,0.427,1.719
2023-08-24,2023-11-29,63,-0.0333,-0.1331
2023-08-25,2023-11-30,63,0.2659,1.0677
2023-08-28,2023-12-01,63,-0.0071,-0.0285
2023-08-29,2023-12-04,63,-0.2795,-1.1133
2023-08-30,2023-12-05,63,-1.0394,-4.0933
2023-08-31,2023-12-06,63,-0.8996,-3.5501
2023-09-01,2023-12-07,63,-1.1721,-4.6066
2023-09-04,2023-12-08,63,-1.7405,-6.7825
2023-09-05,2023-12-11,63,-1.8737,-7.2867
2023-09-06,2023-12-12,63,-1.7972,-6.9975
2023-09-07,2023-12-13,63,-2.1872,-8.4659
2023-09-08,2023-12-14,63,-2.102,-8.1466
2023-09-11,2023-12-15,63,-2.306,-8.91
2023-09-12,2023-12-18,63,-2.4046,-9.277
2023-09-13,2023-12-19,63,-2.4011,-9.2638
2023-09-14,2023-12-20,63,-2.7394,-10.5155
2023-09-15,2023-12-21,63,-2.1575,-8.3548
2023-09-18,2023-12-22,63,-2.0497,-7.9502
2023-09-19,2023-12-25,63,-1.8942,-7.3642
2023-09-20,2023-12-26,63,-2.0512,-7.9559
2023-09-21,2023-12-27,63,-1.3742,-5.3847
2023-09-22,2023-12-28,63,-1.0828,-4.2615
2023-09-25,2023-12-29,63,-1.1135,-4.3801
2023-09-26,2024-01-02,63,-1.2433,-4.8814
2023-09-27,2024-01-03,63,-1.2745,-5.0012
2023-09-28,2024-01-04,63,-1.0577,-4.164
2023-10-09,2024-01-05,63,-0.7461,-2.9512
2023-10-10,2024-01-08,63,-0.8828,-3.4848
2023-10-11,2024-01-09,63,-0.9712,-3.8287
2023-10-12,2024-01-10,63,-1.1895,-4.6736
2023-10-13,2024-01-11,63,-0.7166,-2.8359
2023-10-16,2024-01-12,63,-0.6948,-2.7505
2023-10-17,2024-01-15,63,-0.9676,-3.8146
2023-10-18,2024-01-16,63,-1.0606,-4.1754
2023-10-19,2024-01-17,63,-1.3051,-5.1191
2023-10-20,2024-01-18,63,-1.2065,-4.7394
2023-10-23,2024-01-19,63,-0.9518,-3.7534
2023-10-24,2024-01-22,63,-1.6175,-6.3147
2023-10-25,2024-01-23,63,-2.0859,-8.0863
2023-10-26,2024-01-24,63,-2.3126,-8.9343
2023-10-27,2024-01-25,63,-2.5325,-9.7516
2023-10-30,2024-01-26,63,-2.777,-10.6537
2023-10-31,2024-01-29,63,-2.7425,-10.5268
2023-11-01,2024-01-30,63,-3.4137,-12.9715
2023-11-02,2024-01-31,63,-3.5085,-13.3125
2023-11-03,2024-02-01,63,-3.5347,-13.4068
2023-11-06,2024-02-02,63,-3.3511,-12.7457
2023-11-07,2024-02-05,63,-3.06,-11.6894
2023-11-08,2024-02-06,63,-2.0549,-7.9696
2023-11-09,2024-02-07,63,-1.2837,-5.0369
2023-11-10,2024-02-08,63,-1.2448,-4.8868
2023-11-13,2024-02-19,63,-1.212,-4.7604
2023-11-14,2024-02-20,63,-1.3275,-5.2051
2023-11-15,2024-02-21,63,-0.8629,-3.4071
2023-11-16,2024-02-22,63,-0.4756,-1.8888
2023-11-17,2024-02-23,63,-0.4814,-1.9119
2023-11-20,2024-02-26,63,-0.5228,-2.0747
2023-11-21,2024-02-27,63,-0.637,-2.5236
2023-11-22,2024-02-28,63,-0.6898,-2.7309
2023-11-23,2024-02-29,63,-0.2464,-0.982
2023-11-24,2024-03-01,63,-0.2572,-1.0248
2023-11-27,2024-03-04,63,-0.1524,-0.6082
2023-11-28,2024-03-05,63,0.5123,2.0649
2023-11-29,2024-03-06,63,0.2373,0.9524
2023-11-30,2024-03-07,63,0.2822,1.1337
2023-12-01,2024-03-08,63,0.5088,2.0509
2023-12-04,2024-03-11,63,0.9707,3.9397
2023-12-05,2024-03-12,63,2.4327,10.0917
2023-12-06,2024-03-13,63,1.9735,8.1307
2023-12-07,2024-03-14,63,1.9327,7.9578
2023-12-08,2024-03-15,63,2.1828,9.0214
2023-12-11,2024-03-18,63,2.3809,9.869
2023-12-12,2024-03-19,63,2.7664,11.5332
2023-12-13,2024-03-20,63,3.5241,14.8594
2023-12-14,2024-03-21,63,4.1688,17.7471
2023-12-15,2024-03-22,63,3.517,14.8278
2023-12-18,2024-03-25,63,3.4045,14.3294
2023-12-19,2024-03-26,63,3.7473,15.853
2023-12-20,2024-03-27,63,3.7899,16.0434
2023-12-21,2024-03-28,63,3.605,15.2188
2023-12-22,2024-03-29,63,4.1607,17.7107
2023-12-25,2024-04-01,63,4.6038,19.7263
2023-12-26,2024-04-02,63,4.588,19.6538
2023-12-27,2024-04-03,63,4.7628,20.4559
2023-12-28,2024-04-08,63,3.9736,16.8673
2023-12-29,2024-04-09,63,4.1122,17.4914
2024-01-02,2024-04-10,63,4.2905,18.2986
2024-01-03,2024-04-11,63,4.1517,17.6699
2024-01-04,2024-04-12,63,5.154,22.2653
2024-01-05,2024-04-15,63,5.5879,24.2959
2024-01-08,2024-04-16,63,6.0015,26.2548
2024-01-09,2024-04-17,63,6.2226,27.3114
2024-01-10,2024-04-18,63,6.2781,27.578
2024-01-11,2024-04-19,63,5.9865,26.1832
2024-01-12,2024-04-22,63,5.9148,25.8421
2024-01-15,2024-04-23,63,5.4518,23.6564
2024-01-16,2024-04-24,63,5.6495,24.586
2024-01-17,2024-04-25,63,6.5067,28.6792
2024-01-18,2024-04-26,63,6.7662,29.9376
2024-01-19,2024-04-29,63,6.6042,29.1507
2024-01-22,2024-04-30,63,7.2017,32.0707
2024-01-23,2024-05-06,63,7.7508,34.7974
2024-01-24,2024-05-07,63,7.8167,35.1278
2024-01-25,2024-05-08,63,7.408,33.0905
2024-01-26,2024-05-09,63,7.3762,32.933
2024-01-29,2024-05-10,63,7.8377,35.2327
2024-01-30,2024-05-13,63,8.0298,36.199
2024-01-31,2024-05-14,63,8.2169,37.1452
2024-02-01,2024-05-15,63,8.0121,36.1096
2024-02-02,2024-05-16,63,8.3518,37.8303
2024-02-05,2024-05-17,63,8.6025,39.1104
2024-02-06,2024-05-20,63,8.602,39.1079
2024-02-07,2024-05-21,63,7.53,33.696
2024-02-08,2024-05-22,63,7.353,32.818
2024-02-19,2024-05-23,63,6.5325,28.8039
2024-02-20,2024-05-24,63,6.0089,26.2899
2024-02-21,2024-05-27,63,5.4687,23.7356
2024-02-22,2024-05-28,63,5.0875,21.9563
2024-02-23,2024-05-29,63,5.3282,23.0777
2024-02-26,2024-05-30,63,4.8492,20.854
2024-02-27,2024-05-31,63,4.8252,20.7433
2024-02-28,2024-06-03,63,4.8627,20.9161
2024-02-29,2024-06-04,63,4.9075,21.1229
2024-03-01,2024-06-05,63,4.3369,18.5089
2024-03-04,2024-06-06,63,4.4022,18.806
2024-03-05,2024-06-07,63,3.4296,14.4406
2024-03-06,2024-06-11,63,2.2378,9.2563
2024-03-07,2024-06-12,63,2.1608,8.9274
2024-03-08,2024-06-13,63,1.8639,7.6665
2024-03-11,2024-06-14,63,1.4893,6.0916
2024-03-12,2024-06-17,63,0.7992,3.2355
2024-03-13,2024-06-18,63,0.8525,3.4539
2024-03-14,2024-06-19,63,0.7928,3.2093
2024-03-15,2024-06-20,63,0.5769,2.3276
2024-03-18,2024-06-21,63,0.6658,2.6899
2024-03-19,2024-06-24,63,-0.1321,-0.5273
2024-03-20,2024-06-25,63,-0.0866,-0.3459
2024-03-21,2024-06-26,63,-0.9416,-3.7136
2024-03-22,2024-06-27,63,-0.6769,-2.6803
2024-03-25,2024-06-28,63,-0.485,-1.9259
2024-03-26,2024-07-01,63,-0.7153,-2.8306
2024-03-27,2024-07-02,63,-0.4403,-1.7498
2024-03-28,2024-07-03,63,-0.5323,-2.1121
2024-03-29,2024-07-04,63,-1.3591,-5.3265
2024-04-01,2024-07-05,63,-2.0408,-7.9166
2024-04-02,2024-07-08,63,-2.1818,-8.4455
2024-04-03,2024-07-09,63,-2.6987,-10.3656
2024-04-08,2024-07-10,63,-2.5741,-9.9054
2024-04-09,2024-07-11,63,-1.9837,-7.7017
