entry_date,end_date,holding_days,total_return_pct,annualized_return_pct
2006-02-22,2006-03-23,21,-0.5406,-6.2979
2006-02-23,2006-03-24,21,0.6896,8.5962
2006-02-24,2006-03-27,21,0.4074,5.0
2006-02-27,2006-03-28,21,0.0225,0.2701
2006-02-28,2006-03-29,21,0.546,6.7525
2006-03-01,2006-03-30,21,0.519,6.4083
2006-03-02,2006-03-31,21,0.0778,0.938
2006-03-03,2006-04-03,21,0.7073,8.8263
2006-03-06,2006-04-04,21,1.6135,21.1758
2006-03-07,2006-04-05,21,2.543,35.1673
2006-03-08,2006-04-06,21,3.4411,50.0778
2006-03-09,2006-04-07,21,2.552,35.3107
2006-03-10,2006-04-10,21,3.2995,47.6316
2006-03-13,2006-04-11,21,2.6314,36.573
2006-03-14,2006-04-12,21,1.8606,24.76
2006-03-15,2006-04-13,21,1.5705,20.5627
2006-03-16,2006-04-17,21,2.1933,29.739
2006-03-17,2006-04-18,21,2.9193,41.2418
2006-03-20,2006-04-19,21,3.473,50.6345
2006-03-21,2006-04-20,21,3.3207,47.9955
2006-03-22,2006-04-21,21,3.4196,49.7048
2006-03-23,2006-04-24,21,3.0586,43.5527
2006-03-24,2006-04-25,21,2.4262,33.3316
2006-03-27,2006-04-26,21,2.5327,35.0046
2006-03-28,2006-04-27,21,2.8663,40.3708
2006-03-29,2006-04-28,21,2.7738,38.8632
2006-03-30,2006-05-01,21,2.0572,27.6803
2006-03-31,2006-05-02,21,2.8761,40.531
2006-04-03,2006-05-03,21,2.602,36.1036
2006-04-04,2006-05-04,21,3.3155,47.9057
2006-04-05,2006-05-05,21,3.3974,49.3193
2006-04-06,2006-05-08,21,2.853,40.1529
2006-04-07,2006-05-09,21,4.4646,68.8991
2006-04-10,2006-05-10,21,3.9055,58.367
2006-04-11,2006-05-11,21,4.0905,61.7838
2006-04-12,2006-05-12,21,3.1608,45.2704
2006-04-13,2006-05-15,21,2.0094,26.9652
2006-04-17,2006-05-16,21,1.7279,22.8235
2006-04-18,2006-05-17,21,0.4625,5.6928
2006-04-19,2006-05-18,21,-0.427,-5.0048
2006-04-20,2006-05-19,21,-0.5658,-6.5819
2006-04-21,2006-05-22,21,-1.0677,-12.0866
2006-04-24,2006-05-23,21,-0.2163,-2.5655
2006-04-25,2006-05-24,21,-1.6967,-18.5642
2006-04-26,2006-05-25,21,-1.541,-17.0024
2006-04-27,2006-05-26,21,-1.2989,-14.5201
2006-04-28,2006-05-30,21,-2.2144,-23.5638
2006-05-01,2006-05-31,21,-2.4341,-25.5995
2006-05-02,2006-06-01,21,-2.7869,-28.7639
2006-05-03,2006-06-02,21,-2.3502,-24.8282
2006-05-04,2006-06-05,21,-3.0494,-31.0384
2006-05-05,2006-06-06,21,-4.038,-39.0196
2006-05-08,2006-06-07,21,-4.195,-40.2057
2006-05-09,2006-06-08,21,-5.5413,-49.5452
2006-05-10,2006-06-09,21,-5.3741,-48.4629
2006-05-11,2006-06-12,21,-5.7515,-50.8759
2006-05-12,2006-06-13,21,-6.5733,-55.7768
2006-05-15,2006-06-14,21,-5.8155,-51.2746
2006-05-16,2006-06-15,21,-5.2472,-47.6276
2006-05-17,2006-06-16,21,-4.5385,-42.7283
2006-05-18,2006-06-19,21,-4.9781,-45.8145
2006-05-19,2006-06-20,21,-4.2388,-40.533
2006-05-22,2006-06-21,21,-3.0386,-30.9467
2006-05-23,2006-06-22,21,-3.8943,-37.9145
2006-05-24,2006-06-23,21,-2.8335,-29.1733
2006-05-25,2006-06-26,21,-3.2795,-32.9769
2006-05-26,2006-06-27,21,-4.0424,-39.0533
2006-05-30,2006-06-28,21,-3.7705,-36.9484
2006-05-31,2006-06-29,21,-2.3631,-24.9473
2006-06-01,2006-06-30,21,-1.2685,-14.2035
2006-06-02,2006-07-03,21,-1.6144,-17.7423
2006-06-05,2006-07-05,21,-1.5901,-17.4983
2006-06-06,2006-07-06,21,-0.7435,-8.5658
2006-06-07,2006-07-07,21,-0.6335,-7.3431
2006-06-08,2006-07-10,21,-0.6225,-7.2197
2006-06-09,2006-07-11,21,0.4536,5.5814
2006-06-12,2006-07-12,21,0.8871,11.1809
2006-06-13,2006-07-13,21,2.9876,42.3711
2006-06-14,2006-07-14,21,3.4926,50.9776
2006-06-15,2006-07-17,21,1.8871,25.1494
2006-06-16,2006-07-18,21,0.4885,6.0225
2006-06-19,2006-07-19,21,2.3359,31.9284
2006-06-20,2006-07-20,21,1.075,13.6901
2006-06-21,2006-07-21,21,-0.9671,-11.0076
2006-06-22,2006-07-24,21,-0.0182,-0.2178
2006-06-23,2006-07-25,21,0.2925,3.5672
2006-06-26,2006-07-26,21,0.5331,6.5884
2006-06-27,2006-07-27,21,1.5847,20.7651
2006-06-28,2006-07-28,21,2.5612,35.4555
2006-06-29,2006-07-31,21,1.4347,18.6423
2006-06-30,2006-08-01,21,0.0986,1.1899
2006-07-03,2006-08-02,21,0.5667,7.0169
2006-07-05,2006-08-03,21,0.7166,8.9464
2006-07-06,2006-08-04,21,0.3011,3.6739
2006-07-07,2006-08-07,21,0.5624,6.9611
2006-07-10,2006-08-08,21,1.1781,15.0906
2006-07-11,2006-08-09,21,0.3539,4.3305
2006-07-12,2006-08-10,21,0.1923,2.3325
2006-07-13,2006-08-11,21,-0.1609,-1.9133
2006-07-14,2006-08-14,21,-0.4564,-5.3416
2006-07-17,2006-08-15,21,1.0718,13.6478
2006-07-18,2006-08-16,21,3.2221,46.3086
2006-07-19,2006-08-17,21,1.7132,22.6106
2006-07-20,2006-08-18,21,2.6506,36.879
2006-07-21,2006-08-21,21,4.0008,60.1174
2006-07-24,2006-08-22,21,3.5052,51.1979
2006-07-25,2006-08-23,21,2.9309,41.4331
2006-07-26,2006-08-24,21,2.756,38.5749
2006-07-27,2006-08-25,21,2.4908,34.3444
2006-07-28,2006-08-28,21,1.6602,21.8455
2006-07-31,2006-08-29,21,1.6263,21.3592
2006-08-01,2006-08-30,21,2.4119,33.1083
2006-08-02,2006-08-31,21,1.9304,25.7891
2006-08-03,2006-09-01,21,1.8577,24.7178
2006-08-04,2006-09-04,21,1.9181,25.6076
2006-08-07,2006-09-05,21,2.6011,36.0887
2006-08-08,2006-09-06,21,1.9787,26.5075
2006-08-09,2006-09-07,21,0.8823,11.1173
2006-08-10,2006-09-08,21,1.2475,16.0408
2006-08-11,2006-09-11,21,1.1824,15.1485
2006-08-14,2006-09-12,21,1.9764,26.4718
2006-08-15,2006-09-13,21,1.2445,15.9999
2006-08-16,2006-09-14,21,-0.2804,-3.3129
2006-08-17,2006-09-15,21,0.0682,0.8211
2006-08-18,2006-09-18,21,0.5426,6.7092
2006-08-21,2006-09-19,21,0.0108,0.1293
2006-08-22,2006-09-20,21,0.609,7.5577
2006-08-23,2006-09-21,21,0.9361,11.8305
2006-08-24,2006-09-22,21,1.0792,13.7474
2006-08-25,2006-09-25,21,1.6571,21.801
2006-08-28,2006-09-26,21,1.5262,19.9327
2006-08-29,2006-09-27,21,1.4473,18.8195
2006-08-30,2006-09-28,21,1.2494,16.0665
2006-08-31,2006-09-29,21,0.6122,7.5994
2006-09-01,2006-10-02,21,0.4543,5.5894
2006-09-04,2006-10-03,21,-0.4454,-5.2153
2006-09-05,2006-10-04,21,-0.787,-9.046
2006-09-06,2006-10-05,21,0.3178,3.881
2006-09-07,2006-10-06,21,0.9009,11.3633
2006-09-08,2006-10-09,21,1.3518,17.4842
2006-09-11,2006-10-10,21,1.4031,18.1991
2006-09-12,2006-10-11,21,0.6555,8.1565
2006-09-13,2006-10-12,21,0.9099,11.4825
2006-09-14,2006-10-13,21,1.8916,25.2156
2006-09-15,2006-10-16,21,2.3794,32.6028
2006-09-18,2006-10-17,21,1.2783,16.4649
2006-09-19,2006-10-18,21,1.3404,17.3258
2006-09-20,2006-10-19,21,1.0203,12.9542
2006-09-21,2006-10-20,21,0.4766,5.8716
2006-09-22,2006-10-23,21,-0.2217,-2.6277
2006-09-25,2006-10-24,21,-0.8858,-10.1263
2006-09-26,2006-10-25,21,-0.1404,-1.6718
2006-09-27,2006-10-26,21,0.5677,7.0289
2006-09-28,2006-10-27,21,-0.1713,-2.0365
2006-09-29,2006-10-30,21,1.0748,13.6875
2006-10-02,2006-10-31,21,1.5202,19.8473
2006-10-03,2006-11-01,21,2.7845,39.0367
2006-10-04,2006-11-02,21,2.9612,41.9322
2006-10-05,2006-11-03,21,2.4554,33.7888
2006-10-06,2006-11-06,21,3.184,45.6627
2006-10-09,2006-11-07,21,3.0933,44.1331
2006-10-10,2006-11-08,21,3.4538,50.2999
2006-10-11,2006-11-09,21,4.034,60.7322
2006-10-12,2006-11-10,21,3.4761,50.6889
2006-10-13,2006-11-13,21,3.003,42.6254
2006-10-16,2006-11-14,21,2.9856,42.3373
2006-10-17,2006-11-15,21,3.4644,50.4852
2006-10-18,2006-11-16,21,3.641,53.5966
2006-10-19,2006-11-17,21,3.5322,51.672
2006-10-20,2006-11-20,21,4.2092,64.0104
2006-10-23,2006-11-21,21,5.1223,82.1114
2006-10-24,2006-11-22,21,5.4549,89.1469
2006-10-25,2006-11-24,21,4.6987,73.4976
2006-10-26,2006-11-27,21,3.3108,47.8249
2006-10-27,2006-11-28,21,4.0677,61.3588
2006-10-30,2006-11-29,21,3.1716,45.452
2006-10-31,2006-11-30,21,3.7262,55.1178
2006-11-01,2006-12-01,21,3.0596,43.5687
2006-11-02,2006-12-04,21,3.2781,47.2654
2006-11-03,2006-12-05,21,3.1773,45.5495
2006-11-06,2006-12-06,21,2.0519,27.6009
2006-11-07,2006-12-07,21,1.4051,18.2273
2006-11-08,2006-12-08,21,1.1648,14.9085
2006-11-09,2006-12-11,21,0.9019,11.3764
2006-11-10,2006-12-12,21,0.7021,8.7585
2006-11-13,2006-12-13,21,0.2785,3.3931
2006-11-14,2006-12-14,21,0.089,1.0731
2006-11-15,2006-12-15,21,-0.1521,-1.8103
2006-11-16,2006-12-18,21,-0.2793,-3.3008
2006-11-17,2006-12-19,21,-0.3386,-3.988
2006-11-20,2006-12-20,21,-0.6346,-7.3546
2006-11-21,2006-12-21,21,-1.1662,-13.1309
2006-11-22,2006-12-22,21,-1.9174,-20.731
2006-11-24,2006-12-26,21,-1.5307,-16.8985
2006-11-27,2006-12-27,21,-0.7804,-8.9735
2006-11-28,2006-12-28,21,-1.0615,-12.0197
2006-11-29,2006-12-29,21,-1.0811,-12.2289
2006-11-30,2007-01-02,21,-1.8163,-19.7445
2006-12-01,2007-01-03,21,-1.6143,-17.741
2006-12-04,2007-01-04,21,-1.5827,-17.4237
2006-12-05,2007-01-05,21,-2.2863,-24.2352
2006-12-06,2007-01-08,21,-1.5131,-16.72
2006-12-07,2007-01-09,21,-0.9592,-10.922
2006-12-08,2007-01-10,21,-0.4156,-4.8751
2006-12-11,2007-01-11,21,-0.6227,-7.2222
2006-12-12,2007-01-12,21,0.0482,0.5795
2006-12-13,2007-01-16,21,0.0837,1.0086
2006-12-14,2007-01-17,21,-0.1577,-1.8761
2006-12-15,2007-01-18,21,-0.6946,-8.0237
2006-12-18,2007-01-19,21,-0.0937,-1.1189
2006-12-19,2007-01-22,21,-0.5048,-5.8923
2006-12-20,2007-01-23,21,-0.1056,-1.2596
2006-12-21,2007-01-24,21,0.7176,8.9598
2006-12-22,2007-01-25,21,0.6601,8.2147
2006-12-26,2007-01-26,21,0.1762,2.1348
2006-12-27,2007-01-29,21,-0.1058,-1.2617
2006-12-28,2007-01-30,21,-0.0801,-0.9575
2006-12-29,2007-01-31,21,0.5132,6.3347
2007-01-02,2007-02-01,21,0.8002,10.0362
2007-01-03,2007-02-02,21,0.602,7.4674
2007-01-04,2007-02-05,21,0.5146,6.3535
2007-01-05,2007-02-06,21,1.7503,23.1486
2007-01-08,2007-02-07,21,1.8805,25.0531
2007-01-09,2007-02-08,21,1.8181,24.1361
2007-01-10,2007-02-09,21,1.5061,19.6487
2007-01-11,2007-02-12,21,1.0451,13.2879
2007-01-12,2007-02-13,21,0.5682,7.0358
2007-01-16,2007-02-14,21,1.5937,20.8928
2007-01-17,2007-02-15,21,1.7993,23.862
2007-01-18,2007-02-16,21,2.8216,39.6401
2007-01-19,2007-02-20,21,2.2128,30.0363
2007-01-22,2007-02-21,21,3.3495,48.4908
2007-01-23,2007-02-22,21,3.0339,43.1399
2007-01-24,2007-02-23,21,2.6312,36.5696
2007-01-25,2007-02-26,21,3.4284,49.8564
2007-01-26,2007-02-27,21,2.5989,36.054
2007-01-29,2007-02-28,21,2.206,29.9322
2007-01-30,2007-03-01,21,1.5807,20.7071
2007-01-31,2007-03-02,21,-0.0422,-0.5048
2007-02-01,2007-03-05,21,-0.7144,-8.244
2007-02-02,2007-03-06,21,0.1734,2.1002
2007-02-05,2007-03-07,21,0.0474,0.5709
2007-02-06,2007-03-08,21,0.2048,2.4852
2007-02-07,2007-03-09,21,-0.5004,-5.8426
2007-02-08,2007-03-12,21,-0.5024,-5.8645
2007-02-09,2007-03-13,21,-0.7136,-8.2352
2007-02-12,2007-03-14,21,-0.4564,-5.3419
2007-02-13,2007-03-15,21,-0.3182,-3.7521
2007-02-14,2007-03-16,21,-0.948,-10.8014
2007-02-15,2007-03-19,21,-1.0871,-12.2927
2007-02-16,2007-03-20,21,-0.7842,-9.0147
2007-02-20,2007-03-21,21,0.1177,1.4212
2007-02-21,2007-03-22,21,-0.8718,-9.974
2007-02-22,2007-03-23,21,-1.2178,-13.6732
2007-02-23,2007-03-26,21,-1.0984,-12.4127
2007-02-26,2007-03-27,21,-1.6804,-18.4013
2007-02-27,2007-03-28,21,-1.0094,-11.4628
2007-02-28,2007-03-29,21,-0.8175,-9.3811
2007-03-01,2007-03-30,21,-0.34,-4.0044
2007-03-02,2007-04-02,21,0.8887,11.2012
2007-03-05,2007-04-03,21,1.5081,19.6764
2007-03-06,2007-04-04,21,1.3045,16.8276
2007-03-07,2007-04-05,21,1.2936,16.6771
2007-03-08,2007-04-09,21,0.633,7.8659
2007-03-09,2007-04-10,21,1.419,18.4221
2007-03-12,2007-04-11,21,0.9351,11.8168
2007-03-13,2007-04-12,21,1.5419,20.1548
2007-03-14,2007-04-13,21,2.0319,27.3009
2007-03-15,2007-04-16,21,2.3808,32.6236
2007-03-16,2007-04-17,21,2.2069,29.9452
2007-03-19,2007-04-18,21,2.3497,32.1409
2007-03-20,2007-04-19,21,1.6645,21.9085
2007-03-21,2007-04-20,21,1.2957,16.706
2007-03-22,2007-04-23,21,1.5078,19.6715
2007-03-23,2007-04-24,21,1.9895,26.6683
2007-03-26,2007-04-25,21,1.6339,21.4683
2007-03-27,2007-04-26,21,1.5274,19.9498
2007-03-28,2007-04-27,21,1.8426,24.495
2007-03-29,2007-04-30,21,2.1628,29.2742
2007-03-30,2007-05-01,21,1.969,26.3625
2007-04-02,2007-05-02,21,1.945,26.006
2007-04-03,2007-05-03,21,2.1792,29.524
2007-04-04,2007-05-04,21,2.1517,29.1063
2007-04-05,2007-05-07,21,2.0027,26.864
2007-04-09,2007-05-08,21,2.2013,29.8603
2007-04-10,2007-05-09,21,1.6714,22.007
2007-04-11,2007-05-10,21,0.9892,12.5383
2007-04-12,2007-05-11,21,1.3425,17.3551
2007-04-13,2007-05-14,21,0.6814,8.4901
2007-04-16,2007-05-15,21,-0.014,-0.1673
2007-04-17,2007-05-16,21,-0.328,-3.8658
2007-04-18,2007-05-17,21,-0.9417,-10.7336
2007-04-19,2007-05-18,21,-0.481,-5.6218
2007-04-20,2007-05-21,21,-0.5404,-6.2958
2007-04-23,2007-05-22,21,-0.7236,-8.3462
2007-04-24,2007-05-23,21,-1.0902,-12.3263
2007-04-25,2007-05-24,21,-1.947,-21.0173
2007-04-26,2007-05-25,21,-1.2968,-14.4987
2007-04-27,2007-05-29,21,-1.0867,-12.2885
2007-04-30,2007-05-30,21,-1.0036,-11.4
2007-05-01,2007-05-31,21,-0.3943,-4.6307
2007-05-02,2007-06-01,21,-0.1568,-1.865
2007-05-03,2007-06-04,21,-0.3774,-4.4355
2007-05-04,2007-06-05,21,-1.046,-11.8541
2007-05-07,2007-06-06,21,-1.3104,-14.6397
2007-05-08,2007-06-07,21,-2.4311,-25.572
2007-05-09,2007-06-08,21,-2.4712,-25.9385
2007-05-10,2007-06-11,21,-1.2713,-14.2326
2007-05-11,2007-06-12,21,-2.4918,-26.1253
2007-05-14,2007-06-13,21,-1.5775,-17.3705
2007-05-15,2007-06-14,21,-1.1923,-13.4061
2007-05-16,2007-06-15,21,-0.4318,-5.0599
2007-05-17,2007-06-18,21,-0.0469,-0.5611
2007-05-18,2007-06-19,21,0.0835,1.0061
2007-05-21,2007-06-20,21,-0.7664,-8.8183
2007-05-22,2007-06-21,21,-0.5029,-5.871
2007-05-23,2007-06-22,21,-0.2667,-3.1533
2007-05-24,2007-06-25,21,0.3478,4.2541
2007-05-25,2007-06-26,21,-0.3218,-3.7939
2007-05-29,2007-06-27,21,-0.2052,-2.4348
2007-05-30,2007-06-28,21,-0.0505,-0.6044
2007-05-31,2007-06-29,21,-0.2358,-2.7931
2007-06-01,2007-07-02,21,0.1139,1.3759
2007-06-04,2007-07-03,21,-0.3098,-3.6547
2007-06-05,2007-07-05,21,-0.3296,-3.8845
2007-06-06,2007-07-06,21,0.0911,1.0993
2007-06-07,2007-07-09,21,1.887,25.1486
2007-06-08,2007-07-10,21,2.3125,31.5655
2007-06-11,2007-07-11,21,1.8037,23.9254
2007-06-12,2007-07-12,21,3.3551,48.588
2007-06-13,2007-07-13,21,2.7205,38.0028
2007-06-14,2007-07-16,21,2.6305,36.5575
2007-06-15,2007-07-17,21,2.417,33.1872
2007-06-18,2007-07-18,21,2.6213,36.411
2007-06-19,2007-07-19,21,2.8618,40.2966
2007-06-20,2007-07-20,21,3.644,53.6493
2007-06-21,2007-07-23,21,3.3689,48.8259
2007-06-22,2007-07-24,21,3.2145,46.1804
2007-06-25,2007-07-25,21,3.1533,45.1427
2007-06-26,2007-07-26,21,2.86,40.2674
2007-06-27,2007-07-27,21,1.9911,26.6907
2007-06-28,2007-07-30,21,2.141,28.9437
2007-06-29,2007-07-31,21,1.6065,21.0753
2007-07-02,2007-08-01,21,0.9108,11.4935
2007-07-03,2007-08-02,21,1.4144,18.3568
2007-07-05,2007-08-03,21,1.3943,18.0761
2007-07-06,2007-08-06,21,1.3649,17.666
2007-07-09,2007-08-07,21,0.817,10.2571
2007-07-10,2007-08-08,21,0.8467,10.6477
2007-07-11,2007-08-09,21,0.0405,0.4867
2007-07-12,2007-08-10,21,-0.4912,-5.7383
2007-07-13,2007-08-13,21,-0.4358,-5.1065
2007-07-16,2007-08-14,21,-0.983,-11.1787
2007-07-17,2007-08-15,21,-1.7673,-19.2633
2007-07-18,2007-08-16,21,-2.6687,-27.718
2007-07-19,2007-08-17,21,-2.4454,-25.703
2007-07-20,2007-08-20,21,-2.4701,-25.9285
2007-07-23,2007-08-21,21,-2.0877,-22.3671
2007-07-24,2007-08-22,21,-1.5959,-17.5558
2007-07-25,2007-08-23,21,-1.3638,-15.192
2007-07-26,2007-08-24,21,0.0119,0.1431
2007-07-27,2007-08-27,21,0.3815,4.6748
2007-07-30,2007-08-28,21,-0.6268,-7.2674
2007-07-31,2007-08-29,21,0.2527,3.0744
2007-08-01,2007-08-30,21,0.4809,5.9253
2007-08-02,2007-08-31,21,0.8751,11.0211
2007-08-03,2007-09-04,21,2.0546,27.641
2007-08-06,2007-09-05,21,1.7815,23.602
2007-08-07,2007-09-06,21,2.3477,32.1106
2007-08-08,2007-09-07,21,1.9805,26.5335
2007-08-09,2007-09-10,21,3.3283,48.1263
2007-08-10,2007-09-11,21,3.8455,57.2719
2007-08-13,2007-09-12,21,3.5036,51.1707
2007-08-14,2007-09-13,21,3.6714,54.1371
2007-08-15,2007-09-14,21,4.2937,65.6147
2007-08-16,2007-09-17,21,5.2609,85.0134
2007-08-17,2007-09-18,21,4.9124,77.7954
2007-08-20,2007-09-19,21,4.8172,75.8692
2007-08-21,2007-09-20,21,4.3709,67.0903
2007-08-22,2007-09-21,21,4.2424,64.6392
2007-08-23,2007-09-24,21,4.2276,64.3581
2007-08-24,2007-09-25,21,3.6168,53.1667
2007-08-27,2007-09-26,21,3.6823,54.3323
2007-08-28,2007-09-27,21,4.8321,76.1705
2007-08-29,2007-09-28,21,4.5676,70.9099
2007-08-30,2007-10-01,21,4.9961,79.5066
2007-08-31,2007-10-02,21,3.7506,55.5556
2007-09-04,2007-10-03,21,2.6127,36.2742
2007-09-05,2007-10-04,21,3.1232,44.6365
2007-09-06,2007-10-05,21,2.8664,40.3721
2007-09-07,2007-10-08,21,2.7949,39.2064
2007-09-10,2007-10-09,21,2.5864,35.8548
2007-09-11,2007-10-10,21,2.0633,27.7718
2007-09-12,2007-10-11,21,2.1738,29.4411
2007-09-13,2007-10-12,21,2.8754,40.5205
2007-09-14,2007-10-15,21,2.9195,41.244
2007-09-17,2007-10-16,21,2.4208,33.2472
2007-09-18,2007-10-17,21,2.5394,35.1103
2007-09-19,2007-10-18,21,3.114,44.4811
2007-09-20,2007-10-19,21,2.9281,41.3871
2007-09-21,2007-10-22,21,2.6666,37.1351
2007-09-24,2007-10-23,21,3.2243,46.347
2007-09-25,2007-10-24,21,2.7634,38.6954
2007-09-26,2007-10-25,21,2.4849,34.2517
2007-09-27,2007-10-26,21,2.8197,39.6105
2007-09-28,2007-10-29,21,2.8327,39.8217
2007-10-01,2007-10-30,21,2.0596,27.7165
2007-10-02,2007-10-31,21,2.9298,41.4147
2007-10-03,2007-11-01,21,2.9841,42.3124
2007-10-04,2007-11-02,21,3.4354,49.9795
2007-10-05,2007-11-05,21,3.0633,43.6305
2007-10-08,2007-11-06,21,3.5199,51.4562
2007-10-09,2007-11-07,21,3.3037,47.7028
2007-10-10,2007-11-08,21,2.452,33.7347
2007-10-11,2007-11-09,21,2.0609,27.7361
2007-10-12,2007-11-12,21,0.363,4.4436
2007-10-15,2007-11-13,21,0.672,8.3686
2007-10-16,2007-11-14,21,1.143,14.6119
2007-10-17,2007-11-15,21,-0.3825,-4.4949
2007-10-18,2007-11-16,21,-0.7228,-8.3369
2007-10-19,2007-11-19,21,-0.9139,-10.4317
2007-10-22,2007-11-20,21,-0.6904,-7.9777
2007-10-23,2007-11-21,21,-0.9967,-11.3264
2007-10-24,2007-11-23,21,0.4144,5.088
2007-10-25,2007-11-26,21,0.7593,9.5018
2007-10-26,2007-11-27,21,-0.1538,-1.8306
2007-10-29,2007-11-28,21,-0.5455,-6.3528
2007-10-30,2007-11-29,21,-0.2605,-3.0819
2007-10-31,2007-11-30,21,-1.4203,-15.7734
2007-11-01,2007-12-03,21,-1.0212,-11.5894
2007-11-02,2007-12-04,21,-1.5819,-17.415
2007-11-05,2007-12-05,21,-1.4318,-15.8915
2007-11-06,2007-12-06,21,-1.4792,-16.3753
2007-11-07,2007-12-07,21,-1.7961,-19.5468
2007-11-08,2007-12-10,21,-0.7104,-8.1992
2007-11-09,2007-12-11,21,-0.2278,-2.6992
2007-11-12,2007-12-12,21,1.079,13.7447
2007-11-13,2007-12-13,21,-0.2491,-2.9481
2007-11-14,2007-12-14,21,-0.9372,-10.6844
2007-11-15,2007-12-17,21,-0.3666,-4.3117
2007-11-16,2007-12-18,21,-0.0862,-1.0295
2007-11-19,2007-12-19,21,0.7886,9.8852
2007-11-20,2007-12-20,21,0.9551,12.0822
2007-11-21,2007-12-21,21,1.3334,17.2278
2007-11-23,2007-12-24,21,0.1872,2.2692
2007-11-26,2007-12-26,21,0.5176,6.3911
2007-11-27,2007-12-27,21,0.4768,5.8744
2007-11-28,2007-12-28,21,1.0772,13.7208
2007-11-29,2007-12-31,21,0.6871,8.5644
2007-11-30,2008-01-02,21,2.1727,29.4251
2007-12-03,2008-01-03,21,2.05,27.5717
2007-12-04,2008-01-04,21,0.5787,7.1699
2007-12-05,2008-01-07,21,0.2148,2.608
2007-12-06,2008-01-08,21,-0.1532,-1.8231
2007-12-07,2008-01-09,21,0.6884,8.5805
2007-12-10,2008-01-10,21,0.353,4.3193
2007-12-11,2008-01-11,21,-0.0767,-0.9167
2007-12-12,2008-01-14,21,0.8586,10.8043
2007-12-13,2008-01-15,21,1.2686,16.3313
2007-12-14,2008-01-16,21,1.0591,13.4764
2007-12-17,2008-01-17,21,1.1184,14.2775
2007-12-18,2008-01-18,21,0.6661,8.2931
2007-12-19,2008-01-22,21,0.228,2.7709
2007-12-20,2008-01-23,21,-0.3449,-4.0615
2007-12-21,2008-01-24,21,0.2818,3.4339
2007-12-24,2008-01-25,21,0.4631,5.7009
2007-12-26,2008-01-28,21,0.7921,9.9302
2007-12-27,2008-01-29,21,0.6087,7.5535
2007-12-28,2008-01-30,21,-0.3849,-4.522
2007-12-31,2008-01-31,21,0.0566,0.6808
2008-01-02,2008-02-01,21,0.0641,0.7717
2008-01-03,2008-02-04,21,-0.8626,-9.8742
2008-01-04,2008-02-05,21,-0.7238,-8.3484
2008-01-07,2008-02-06,21,-0.6294,-7.2972
2008-01-08,2008-02-07,21,-0.7566,-8.711
2008-01-09,2008-02-08,21,-0.0963,-1.1493
2008-01-10,2008-02-11,21,0.3747,4.5908
2008-01-11,2008-02-12,21,0.0791,0.953
2008-01-14,2008-02-13,21,-0.3975,-4.6671
2008-01-15,2008-02-14,21,-0.8557,-9.7989
2008-01-16,2008-02-15,21,-0.2683,-3.1727
2008-01-17,2008-02-19,21,0.1631,1.9749
2008-01-18,2008-02-20,21,0.8057,10.1082
2008-01-22,2008-02-21,21,1.5038,19.6157
2008-01-23,2008-02-22,21,1.5518,20.2954
2008-01-24,2008-02-25,21,0.1543,1.8668
2008-01-25,2008-02-26,21,0.4257,5.2297
2008-01-28,2008-02-27,21,0.3453,4.2238
2008-01-29,2008-02-28,21,0.761,9.5236
2008-01-30,2008-02-29,21,0.8436,10.6067
2008-01-31,2008-03-03,21,0.6662,8.2943
2008-02-01,2008-03-04,21,-0.4844,-5.6601
2008-02-04,2008-03-05,21,0.7726,9.6756
2008-02-05,2008-03-06,21,1.2621,16.2419
2008-02-06,2008-03-07,21,1.2775,16.4538
2008-02-07,2008-03-10,21,1.3656,17.6762
2008-02-08,2008-03-11,21,1.1505,14.7134
2008-02-11,2008-03-12,21,0.9958,12.6269
2008-02-12,2008-03-13,21,2.0764,27.9689
2008-02-13,2008-03-14,21,1.4977,19.5298
2008-02-14,2008-03-17,21,2.3794,32.6025
2008-02-15,2008-03-18,21,3.4254,49.8049
2008-02-19,2008-03-19,21,1.3132,16.9476
2008-02-20,2008-03-20,21,0.3308,4.0428
2008-02-21,2008-03-24,21,0.2591,3.1536
2008-02-22,2008-03-25,21,1.0808,13.7691
2008-02-25,2008-03-26,21,1.3551,17.53
2008-02-26,2008-03-27,21,0.0919,1.109
2008-02-27,2008-03-28,21,-0.7201,-8.3069
2008-02-28,2008-03-31,21,-1.1995,-13.4813
2008-02-29,2008-04-01,21,-1.2806,-14.3297
2008-03-03,2008-04-02,21,-0.8656,-9.9068
2008-03-04,2008-04-03,21,0.2392,2.9087
2008-03-05,2008-04-04,21,0.0559,0.6725
2008-03-06,2008-04-07,21,0.8302,10.4303
2008-03-07,2008-04-08,21,0.4214,5.1762
2008-03-10,2008-04-09,21,1.2835,16.5368
2008-03-11,2008-04-10,21,0.5585,6.912
2008-03-12,2008-04-11,21,-0.6494,-7.5202
2008-03-13,2008-04-14,21,-1.2185,-13.681
2008-03-14,2008-04-15,21,-1.1439,-12.8951
2008-03-17,2008-04-16,21,0.1141,1.3775
2008-03-18,2008-04-17,21,-1.0977,-12.4058
2008-03-19,2008-04-18,21,1.022,12.9779
2008-03-20,2008-04-21,21,1.6633,21.8908
2008-03-24,2008-04-22,21,0.8713,10.9721
2008-03-25,2008-04-23,21,0.3322,4.06
2008-03-26,2008-04-24,21,-0.1508,-1.7952
2008-03-27,2008-04-25,21,0.6708,8.3534
2008-03-28,2008-04-28,21,1.0701,13.625
2008-03-31,2008-04-29,21,1.114,14.2182
2008-04-01,2008-04-30,21,0.9054,11.423
2008-04-02,2008-05-01,21,1.0475,13.3195
2008-04-03,2008-05-02,21,0.2673,3.2552
2008-04-04,2008-05-05,21,0.2292,2.785
2008-04-07,2008-05-06,21,0.4448,5.4698
2008-04-08,2008-05-07,21,0.3094,3.7766
2008-04-09,2008-05-08,21,0.3352,4.0978
2008-04-10,2008-05-09,21,0.3371,4.1215
2008-04-11,2008-05-12,21,1.5329,20.0277
2008-04-14,2008-05-13,21,1.2639,16.2668
2008-04-15,2008-05-14,21,1.4911,19.436
2008-04-16,2008-05-15,21,1.5691,20.5416
2008-04-17,2008-05-16,21,2.2575,30.7194
2008-04-18,2008-05-19,21,1.9492,26.0685
2008-04-21,2008-05-20,21,1.5519,20.2978
2008-04-22,2008-05-21,21,1.6184,21.2467
2008-04-23,2008-05-22,21,0.9874,12.5146
2008-04-24,2008-05-23,21,1.6082,21.0996
2008-04-25,2008-05-27,21,1.52,19.8442
2008-04-28,2008-05-28,21,1.1322,14.465
2008-04-29,2008-05-29,21,0.7025,8.7631
2008-04-30,2008-05-30,21,2.0292,27.2599
2008-05-01,2008-06-02,21,1.4314,18.5964
2008-05-02,2008-06-03,21,1.2757,16.4301
2008-05-05,2008-06-04,21,1.0361,13.1665
2008-05-06,2008-06-05,21,0.7398,9.2485
2008-05-07,2008-06-06,21,1.5871,20.7988
2008-05-08,2008-06-09,21,0.7462,9.3307
2008-05-09,2008-06-10,21,-0.7543,-8.6853
2008-05-12,2008-06-11,21,-1.4481,-16.0577
2008-05-13,2008-06-12,21,-1.3451,-14.9993
2008-05-14,2008-06-13,21,-0.8469,-9.703
2008-05-15,2008-06-16,21,-1.4581,-16.16
2008-05-16,2008-06-17,21,-2.2633,-24.021
2008-05-19,2008-06-18,21,-2.1527,-22.9827
2008-05-20,2008-06-19,21,-1.6456,-18.0541
2008-05-21,2008-06-20,21,-2.1055,-22.5364
2008-05-22,2008-06-23,21,-2.1626,-23.0765
2008-05-23,2008-06-24,21,-1.991,-21.4422
2008-05-27,2008-06-25,21,-1.6519,-18.1172
2008-05-28,2008-06-26,21,-1.2731,-14.2516
2008-05-29,2008-06-27,21,0.1376,1.6641
2008-05-30,2008-06-30,21,-1.052,-11.9184
2008-06-02,2008-07-01,21,-0.4559,-5.3355
2008-06-03,2008-07-02,21,-0.4347,-5.0938
2008-06-04,2008-07-03,21,-1.0315,-11.6993
2008-06-05,2008-07-07,21,-0.8265,-9.4794
2008-06-06,2008-07-08,21,-0.9451,-10.7694
2008-06-09,2008-07-09,21,-1.3555,-15.1068
2008-06-10,2008-07-10,21,0.6251,7.7639
2008-06-11,2008-07-11,21,0.6503,8.0894
2008-06-12,2008-07-14,21,1.4946,19.4855
2008-06-13,2008-07-15,21,1.2292,15.7892
2008-06-16,2008-07-16,21,0.3544,4.3363
2008-06-17,2008-07-17,21,1.1075,14.1296
2008-06-18,2008-07-18,21,0.3154,3.8516
2008-06-19,2008-07-21,21,-0.3353,-3.9504
2008-06-20,2008-07-22,21,-0.492,-5.7464
2008-06-23,2008-07-23,21,-0.4238,-4.9687
2008-06-24,2008-07-24,21,-1.1924,-13.4071
2008-06-25,2008-07-25,21,-1.002,-11.3825
2008-06-26,2008-07-28,21,-1.327,-14.8114
2008-06-27,2008-07-29,21,-1.8299,-19.8777
2008-06-30,2008-07-30,21,-1.7527,-19.119
2008-07-01,2008-07-31,21,-1.8522,-20.0963
2008-07-02,2008-08-01,21,-1.793,-19.5156
2008-07-03,2008-08-04,21,-1.6593,-18.1917
2008-07-07,2008-08-05,21,-1.8219,-19.7998
2008-07-08,2008-08-06,21,-1.8258,-19.8379
2008-07-09,2008-08-07,21,-0.9759,-11.1023
2008-07-10,2008-08-08,21,-1.4078,-15.6454
2008-07-11,2008-08-11,21,-1.8855,-20.4209
2008-07-14,2008-08-12,21,-2.1784,-23.2258
2008-07-15,2008-08-13,21,-2.1145,-22.6216
2008-07-16,2008-08-14,21,-2.0673,-22.1725
2008-07-17,2008-08-15,21,-2.8845,-29.6178
2008-07-18,2008-08-18,21,-2.2237,-23.6511
2008-07-21,2008-08-19,21,-2.3303,-24.644
2008-07-22,2008-08-20,21,-1.4854,-16.4385
2008-07-23,2008-08-21,21,-0.6438,-7.4583
2008-07-24,2008-08-22,21,0.0935,1.1276
2008-07-25,2008-08-25,21,-0.7154,-8.2554
2008-07-28,2008-08-26,21,-0.6263,-7.262
2008-07-29,2008-08-27,21,-0.4115,-4.828
2008-07-30,2008-08-28,21,0.1294,1.5639
2008-07-31,2008-08-29,21,-1.1394,-12.8477
2008-08-01,2008-09-02,21,-1.6242,-17.8403
2008-08-04,2008-09-03,21,-1.7451,-19.044
2008-08-05,2008-09-04,21,-2.5406,-26.568
2008-08-06,2008-09-05,21,-2.6081,-27.1764
2008-08-07,2008-09-08,21,-2.742,-28.3685
2008-08-08,2008-09-09,21,-3.6376,-35.8951
2008-08-11,2008-09-10,21,-3.4753,-34.5875
2008-08-12,2008-09-11,21,-3.5686,-35.342
2008-08-13,2008-09-12,21,-3.7156,-36.5152
2008-08-14,2008-09-15,21,-2.9656,-30.3199
2008-08-15,2008-09-16,21,-2.595,-27.0582
2008-08-18,2008-09-17,21,-1.2249,-13.748
2008-08-19,2008-09-18,21,0.8161,10.2446
2008-08-20,2008-09-19,21,-0.4699,-5.4952
2008-08-21,2008-09-22,21,-0.8234,-9.4455
2008-08-22,2008-09-23,21,-1.822,-19.801
2008-08-25,2008-09-24,21,-0.9877,-11.2292
2008-08-26,2008-09-25,21,-1.0137,-11.5085
2008-08-27,2008-09-26,21,-1.3793,-15.3522
2008-08-28,2008-09-29,21,-2.9199,-29.9253
2008-08-29,2008-09-30,21,-1.9892,-21.4248
2008-09-02,2008-10-01,21,-1.0052,-11.4174
2008-09-03,2008-10-02,21,-2.7142,-28.1226
2008-09-04,2008-10-03,21,-2.6145,-27.2333
2008-09-05,2008-10-06,21,-1.9839,-21.3731
2008-09-08,2008-10-07,21,-2.9917,-30.5442
2008-09-09,2008-10-08,21,-1.8964,-20.5268
2008-09-10,2008-10-09,21,-2.2977,-24.3414
2008-09-11,2008-10-10,21,-3.108,-31.5374
2008-09-12,2008-10-13,21,-2.0655,-22.1558
2008-09-15,2008-10-14,21,-4.0334,-38.9843
2008-09-16,2008-10-15,21,-5.5414,-49.5455
2008-09-17,2008-10-16,21,-7.3392,-59.9359
2008-09-18,2008-10-17,21,-9.7778,-70.9087
2008-09-19,2008-10-20,21,-7.8237,-62.3791
2008-09-22,2008-10-21,21,-9.5377,-69.9663
2008-09-23,2008-10-22,21,-10.0285,-71.8641
2008-09-24,2008-10-23,21,-11.0698,-75.5323
2008-09-25,2008-10-24,21,-11.2867,-76.2391
2008-09-26,2008-10-27,21,-11.045,-75.4505
2008-09-29,2008-10-28,21,-8.7464,-66.6575
2008-09-30,2008-10-29,21,-8.9042,-67.3428
2008-10-01,2008-10-30,21,-9.3091,-69.0427
2008-10-02,2008-10-31,21,-8.2981,-64.6378
2008-10-03,2008-11-03,21,-7.3938,-60.2183
2008-10-06,2008-11-04,21,-5.4841,-49.177
2008-10-07,2008-11-05,21,-5.538,-49.5237
2008-10-08,2008-11-06,21,-7.5914,-61.2252
2008-10-09,2008-11-07,21,-5.6617,-50.3114
2008-10-10,2008-11-10,21,-4.7416,-44.1737
2008-10-13,2008-11-11,21,-7.4865,-60.6939
2008-10-14,2008-11-12,21,-7.7309,-61.922
2008-10-15,2008-11-13,21,-5.4208,-48.7675
2008-10-16,2008-11-14,21,-4.9834,-45.8502
2008-10-17,2008-11-17,21,-4.8358,-44.8328
2008-10-20,2008-11-18,21,-5.8065,-51.219
2008-10-21,2008-11-19,21,-4.8417,-44.8732
2008-10-22,2008-11-20,21,-2.396,-25.2499
2008-10-23,2008-11-21,21,0.6365,7.9108
2008-10-24,2008-11-24,21,2.9018,40.9529
2008-10-27,2008-11-25,21,2.7711,38.8192
2008-10-28,2008-11-26,21,2.296,31.3125
2008-10-29,2008-11-28,21,2.5858,35.846
2008-10-30,2008-12-01,21,0.751,9.3942
2008-10-31,2008-12-02,21,2.9069,41.038
2008-11-03,2008-12-03,21,2.987,42.3597
2008-11-04,2008-12-04,21,-0.2628,-3.1088
2008-11-05,2008-12-05,21,1.0801,13.7594
2008-11-06,2008-12-08,21,4.431,68.2494
2008-11-07,2008-12-09,21,5.0234,80.0668
2008-11-10,2008-12-10,21,6.5206,113.4054
2008-11-11,2008-12-11,21,7.3387,133.9238
2008-11-12,2008-12-12,21,9.6906,203.4123
2008-11-13,2008-12-15,21,9.6438,201.8614
2008-11-14,2008-12-16,21,11.165,256.1374
2008-11-17,2008-12-17,21,13.4927,356.6853
2008-11-18,2008-12-18,21,12.8477,326.4928
2008-11-19,2008-12-19,21,13.6323,363.4704
2008-11-20,2008-12-22,21,12.0377,291.1728
2008-11-21,2008-12-23,21,8.8816,177.6221
2008-11-24,2008-12-24,21,6.9755,124.6002
2008-11-25,2008-12-26,21,7.2728,132.2082
2008-11-26,2008-12-29,21,6.0455,102.2593
2008-11-28,2008-12-30,21,6.3926,110.3472
2008-12-01,2008-12-31,21,9.2982,190.6412
2008-12-02,2009-01-02,21,8.506,166.3455
2008-12-03,2009-01-05,21,6.3976,110.4652
2008-12-04,2009-01-06,21,8.4824,165.6505
2008-12-05,2009-01-07,21,6.3065,108.3146
2008-12-08,2009-01-08,21,5.1114,81.8848
2008-12-09,2009-01-09,21,3.5295,51.6246
2008-12-10,2009-01-12,21,0.5155,6.3643
2008-12-11,2009-01-13,21,0.8654,10.8941
2008-12-12,2009-01-14,21,-0.4952,-5.7831
2008-12-15,2009-01-15,21,-0.3991,-4.6851
2008-12-16,2009-01-16,21,-1.6101,-17.6983
2008-12-17,2009-01-20,21,-3.8997,-37.9566
2008-12-18,2009-01-21,21,-3.1847,-32.1845
2008-12-19,2009-01-22,21,-3.7812,-37.0324
2008-12-22,2009-01-23,21,-1.7022,-18.6187
2008-12-23,2009-01-26,21,-0.7429,-8.5595
2008-12-24,2009-01-27,21,-0.1588,-1.8895
2008-12-26,2009-01-28,21,-0.7681,-8.8375
2008-12-29,2009-01-29,21,-1.5992,-17.5894
2008-12-30,2009-01-30,21,-2.4902,-26.1115
2008-12-31,2009-02-02,21,-2.5457,-26.6145
2009-01-02,2009-02-03,21,-3.6218,-35.7686
2009-01-05,2009-02-04,21,-2.0112,-21.6356
2009-01-06,2009-02-05,21,-1.6386,-17.9849
2009-01-07,2009-02-06,21,0.6532,8.1257
2009-01-08,2009-02-09,21,-0.3303,-3.892
2009-01-09,2009-02-10,21,0.0726,0.8746
2009-01-12,2009-02-11,21,2.7893,39.115
2009-01-13,2009-02-12,21,3.1103,44.4183
2009-01-14,2009-02-13,21,3.206,46.0354
2009-01-15,2009-02-17,21,3.0221,42.9443
2009-01-16,2009-02-18,21,1.9774,26.4874
2009-01-20,2009-02-19,21,1.8735,24.95
2009-01-21,2009-02-20,21,2.8185,39.5896
2009-01-22,2009-02-23,21,2.608,36.1987
2009-01-23,2009-02-24,21,1.3684,17.7143
2009-01-26,2009-02-25,21,0.7858,9.8483
2009-01-27,2009-02-26,21,-1.4151,-15.7203
2009-01-28,2009-02-27,21,-1.5534,-17.1281
2009-01-29,2009-03-02,21,-1.364,-15.1939
2009-01-30,2009-03-03,21,-1.8731,-20.2998
2009-02-02,2009-03-04,21,-1.5366,-16.9579
2009-02-03,2009-03-05,21,-0.3565,-4.1954
2009-02-04,2009-03-06,21,-0.5459,-6.3578
2009-02-05,2009-03-09,21,-2.9922,-30.5492
2009-02-06,2009-03-10,21,-3.1273,-31.7006
2009-02-09,2009-03-11,21,-1.513,-16.7192
2009-02-10,2009-03-12,21,-0.201,-2.3851
2009-02-11,2009-03-13,21,-1.0312,-11.696
2009-02-12,2009-03-16,21,-2.5336,-26.5047
2009-02-13,2009-03-17,21,-0.9139,-10.4325
2009-02-17,2009-03-18,21,0.4086,5.015
2009-02-18,2009-03-19,21,2.0698,27.869
2009-02-19,2009-03-20,21,2.3923,32.8036
2009-02-20,2009-03-23,21,2.8002,39.2931
2009-02-23,2009-03-24,21,2.929,41.4005
2009-02-24,2009-03-25,21,2.3478,32.112
2009-02-25,2009-03-26,21,4.1415,62.7365
2009-02-26,2009-03-27,21,4.3213,66.1412
2009-02-27,2009-03-30,21,3.4406,50.0689
2009-03-02,2009-03-31,21,5.2405,84.5853
2009-03-03,2009-04-01,21,6.7142,118.1062
2009-03-04,2009-04-02,21,6.2849,107.8056
2009-03-05,2009-04-03,21,5.8863,98.6445
2009-03-06,2009-04-06,21,4.6113,71.7692
2009-03-09,2009-04-07,21,5.4924,89.9556
2009-03-10,2009-04-08,21,5.5719,91.6809
2009-03-11,2009-04-09,21,4.9905,79.3908
2009-03-12,2009-04-13,21,3.8546,57.4371
2009-03-13,2009-04-14,21,3.5459,51.9129
2009-03-16,2009-04-15,21,4.6049,71.6424
2009-03-17,2009-04-16,21,4.0974,61.9111
2009-03-18,2009-04-17,21,2.1155,28.5582
2009-03-19,2009-04-20,21,0.2528,3.0764
2009-03-20,2009-04-21,21,1.2693,16.3411
2009-03-23,2009-04-22,21,0.3722,4.559
2009-03-24,2009-04-23,21,1.66,21.8435
2009-03-25,2009-04-24,21,2.3151,31.6056
2009-03-26,2009-04-27,21,0.3435,4.2009
2009-03-27,2009-04-28,21,0.43,5.2842
2009-03-30,2009-04-29,21,1.9695,26.3698
2009-03-31,2009-04-30,21,1.5229,19.8861
2009-04-01,2009-05-01,21,0.6077,7.5416
2009-04-02,2009-05-04,21,1.6289,21.3962
2009-04-03,2009-05-05,21,1.5861,20.7851
2009-04-06,2009-05-06,21,2.9635,41.9715
2009-04-07,2009-05-07,21,1.7681,23.4076
2009-04-08,2009-05-08,21,0.5963,7.3951
2009-04-09,2009-05-11,21,0.2959,3.6087
2009-04-13,2009-05-12,21,0.0224,0.2694
2009-04-14,2009-05-13,21,-0.2924,-3.4529
2009-04-15,2009-05-14,21,0.6225,7.7317
2009-04-16,2009-05-15,21,0.416,5.1076
2009-04-17,2009-05-18,21,1.0518,13.3774
2009-04-20,2009-05-19,21,1.3272,17.1421
2009-04-21,2009-05-20,21,1.7697,23.431
2009-04-22,2009-05-21,21,0.7098,8.8581
2009-04-23,2009-05-22,21,0.4666,5.7454
2009-04-24,2009-05-26,21,0.1968,2.3875
2009-04-27,2009-05-27,21,0.0043,0.0513
2009-04-28,2009-05-28,21,2.0534,27.6238
2009-04-29,2009-05-29,21,2.8777,40.5583
2009-04-30,2009-06-01,21,2.941,41.5991
2009-05-01,2009-06-02,21,2.8013,39.3096
2009-05-04,2009-06-03,21,0.9187,11.5988
2009-05-05,2009-06-04,21,1.5177,19.8126
2009-05-06,2009-06-05,21,0.554,6.8547
2009-05-07,2009-06-08,21,1.6864,22.2237
2009-05-08,2009-06-09,21,2.4645,33.9316
2009-05-11,2009-06-10,21,1.779,23.5656
2009-05-12,2009-06-11,21,2.2428,30.494
2009-05-13,2009-06-12,21,2.2652,30.8387
2009-05-14,2009-06-15,21,0.8151,10.2319
2009-05-15,2009-06-16,21,0.8454,10.6303
2009-05-18,2009-06-17,21,0.7888,9.8877
2009-05-19,2009-06-18,21,-0.1873,-2.2246
2009-05-20,2009-06-19,21,0.0924,1.1144
2009-05-21,2009-06-22,21,-0.4526,-5.2982
2009-05-22,2009-06-23,21,-0.0519,-0.621
2009-05-26,2009-06-24,21,0.0411,0.4943
2009-05-27,2009-06-25,21,1.6994,22.4107
2009-05-28,2009-06-26,21,0.8815,11.1059
2009-05-29,2009-06-29,21,-0.3542,-4.169
2009-06-01,2009-06-30,21,-1.0134,-11.5056
2009-06-02,2009-07-01,21,-0.3973,-4.665
2009-06-03,2009-07-02,21,-0.5211,-6.0766
2009-06-04,2009-07-06,21,-1.1502,-12.9614
2009-06-05,2009-07-07,21,-0.757,-8.7147
2009-06-08,2009-07-08,21,-0.4123,-4.8375
2009-06-09,2009-07-09,21,-0.8376,-9.6005
2009-06-10,2009-07-10,21,-0.0522,-0.6244
2009-06-11,2009-07-13,21,-0.0174,-0.2081
2009-06-12,2009-07-14,21,0.1499,1.8132
2009-06-15,2009-07-15,21,1.5977,20.9505
2009-06-16,2009-07-16,21,2.0101,26.9746
2009-06-17,2009-07-17,21,1.7729,23.4766
2009-06-18,2009-07-20,21,3.2806,47.3071
2009-06-19,2009-07-21,21,3.1463,45.0253
2009-06-22,2009-07-22,21,4.6173,71.8862
2009-06-23,2009-07-23,21,4.3726,67.124
2009-06-24,2009-07-24,21,3.84,57.1721
2009-06-25,2009-07-27,21,2.5809,35.7687
2009-06-26,2009-07-28,21,2.3588,32.2827
2009-06-29,2009-07-29,21,1.8498,24.6018
2009-06-30,2009-07-30,21,2.7253,38.0793
2009-07-01,2009-07-31,21,3.1318,44.7804
2009-07-02,2009-08-03,21,3.9904,59.9256
2009-07-06,2009-08-04,21,4.5819,71.1905
2009-07-07,2009-08-05,21,4.4482,68.5826
2009-07-08,2009-08-06,21,4.3347,66.3969
2009-07-09,2009-08-07,21,3.9736,59.6167
2009-07-10,2009-08-10,21,3.4149,49.6225
2009-07-13,2009-08-11,21,2.7591,38.6262
2009-07-14,2009-08-12,21,3.4341,49.9562
2009-07-15,2009-08-13,21,3.2686,47.1027
2009-07-16,2009-08-14,21,2.2478,30.571
2009-07-17,2009-08-17,21,1.6319,21.4403
2009-07-20,2009-08-18,21,1.2556,16.1524
2009-07-21,2009-08-19,21,1.1436,14.6195
2009-07-22,2009-08-20,21,1.2308,15.8122
2009-07-23,2009-08-21,21,1.3055,16.8409
2009-07-24,2009-08-24,21,1.207,15.4859
2009-07-27,2009-08-25,21,1.6991,22.4061
2009-07-28,2009-08-26,21,1.9298,25.7808
2009-07-29,2009-08-27,21,2.4462,33.6446
2009-07-30,2009-08-28,21,2.6494,36.8599
2009-07-31,2009-08-31,21,1.2152,15.597
2009-08-03,2009-09-01,21,0.6035,7.4875
2009-08-04,2009-09-02,21,1.3288,17.1635
2009-08-05,2009-09-03,21,2.5328,35.0069
2009-08-06,2009-09-04,21,2.9837,42.3052
2009-08-07,2009-09-08,21,3.3819,49.0501
2009-08-10,2009-09-09,21,3.8038,56.5155
2009-08-11,2009-09-10,21,4.645,72.4342
2009-08-12,2009-09-11,21,4.4952,69.4945
2009-08-13,2009-09-14,21,3.381,49.0348
2009-08-14,2009-09-15,21,4.0185,60.4446
2009-08-17,2009-09-16,21,5.4561,89.1742
2009-08-18,2009-09-17,21,4.8703,76.9416
2009-08-19,2009-09-18,21,4.1502,62.8992
2009-08-20,2009-09-21,21,3.773,55.96
2009-08-21,2009-09-22,21,4.0199,60.4703
2009-08-24,2009-09-23,21,4.1306,62.5324
2009-08-25,2009-09-24,21,3.1967,45.8786
2009-08-26,2009-09-25,21,2.8961,40.8593
2009-08-27,2009-09-28,21,3.5857,52.6145
2009-08-28,2009-09-29,21,2.7079,37.7995
2009-08-31,2009-09-30,21,3.7724,55.9495
2009-09-01,2009-10-01,21,3.4851,50.8458
2009-09-02,2009-10-02,21,2.372,32.4868
2009-09-03,2009-10-05,21,2.4832,34.2239
2009-09-04,2009-10-06,21,3.1348,44.8309
2009-09-08,2009-10-07,21,3.2356,46.5394
2009-09-09,2009-10-08,21,3.1619,45.2883
2009-09-10,2009-10-09,21,1.8989,25.3244
2009-09-11,2009-10-12,21,2.0036,26.8775
2009-09-14,2009-10-13,21,2.7158,37.9256
2009-09-15,2009-10-14,21,2.4775,34.1351
2009-09-16,2009-10-15,21,1.2913,16.6445
2009-09-17,2009-10-16,21,1.3755,17.8142
2009-09-18,2009-10-19,21,2.3028,31.4158
2009-09-21,2009-10-20,21,2.3657,32.3896
2009-09-22,2009-10-21,21,1.7553,23.2208
2009-09-23,2009-10-22,21,1.7498,23.1415
2009-09-24,2009-10-23,21,1.8149,24.0895
2009-09-25,2009-10-26,21,1.1534,14.7533
2009-09-28,2009-10-27,21,0.0395,0.4751
2009-09-29,2009-10-28,21,-0.4184,-4.9065
2009-09-30,2009-10-29,21,-0.1836,-2.1814
2009-10-01,2009-10-30,21,0.0799,0.9625
2009-10-02,2009-11-02,21,0.5983,7.421
2009-10-05,2009-11-03,21,0.4552,5.6007
2009-10-06,2009-11-04,21,-0.4245,-4.9762
2009-10-07,2009-11-05,21,-0.1783,-2.1184
2009-10-08,2009-11-06,21,-0.1083,-1.2921
2009-10-09,2009-11-09,21,1.0637,13.5383
2009-10-12,2009-11-10,21,0.6155,7.6415
2009-10-13,2009-11-11,21,0.8078,10.1356
2009-10-14,2009-11-12,21,0.4233,5.1996
2009-10-15,2009-11-13,21,1.6416,21.5783
2009-10-16,2009-11-16,21,2.8661,40.3673
2009-10-19,2009-11-17,21,2.3592,32.2891
2009-10-20,2009-11-18,21,1.912,25.5168
2009-10-21,2009-11-19,21,1.6455,21.6348
2009-10-22,2009-11-20,21,1.463,19.0404
2009-10-23,2009-11-23,21,2.8802,40.5989
2009-10-26,2009-11-24,21,3.7807,56.0979
2009-10-27,2009-11-25,21,4.8647,76.8274
2009-10-28,2009-11-27,21,4.9264,78.0801
2009-10-29,2009-11-30,21,4.2888,65.5209
2009-10-30,2009-12-01,21,5.5065,90.2607
2009-11-02,2009-12-02,21,5.6427,93.2295
2009-11-03,2009-12-03,21,4.8051,75.6269
2009-11-04,2009-12-04,21,3.8776,57.8568
2009-11-05,2009-12-07,21,3.1419,44.9516
2009-11-06,2009-12-08,21,2.3137,31.5843
2009-11-09,2009-12-09,21,1.0543,13.4122
2009-11-10,2009-12-10,21,0.9813,12.4325
2009-11-11,2009-12-11,21,0.1232,1.4887
2009-11-12,2009-12-14,21,1.0124,12.8491
2009-11-13,2009-12-15,21,0.1789,2.1676
2009-11-16,2009-12-16,21,-0.3137,-3.7006
2009-11-17,2009-12-17,21,-1.0807,-12.2246
2009-11-18,2009-12-18,21,-0.2651,-3.1358
2009-11-19,2009-12-21,21,-0.2478,-2.9339
2009-11-20,2009-12-22,21,-0.2734,-3.2324
2009-11-23,2009-12-23,21,-0.6796,-7.8572
2009-11-24,2009-12-24,21,-0.4414,-5.1699
2009-11-25,2009-12-28,21,-1.1857,-13.3362
2009-11-27,2009-12-29,21,-0.7382,-8.5076
2009-11-30,2009-12-30,21,-0.6281,-7.2824
2009-12-01,2009-12-31,21,-1.5523,-17.1167
2009-12-02,2010-01-04,21,-1.1115,-12.5525
2009-12-03,2010-01-05,21,-0.6992,-8.0747
2009-12-04,2010-01-06,21,0.045,0.541
2009-12-07,2010-01-07,21,-0.1399,-1.6659
2009-12-08,2010-01-08,21,0.7995,10.0272
2009-12-09,2010-01-11,21,1.2634,16.2604
2009-12-10,2010-01-12,21,0.8457,10.6334
2009-12-11,2010-01-13,21,1.4632,19.0426
2009-12-14,2010-01-14,21,1.5206,19.8539
2009-12-15,2010-01-15,21,1.139,14.5573
2009-12-16,2010-01-19,21,0.9609,12.1606
2009-12-17,2010-01-20,21,0.8206,10.3039
2009-12-18,2010-01-21,21,0.1854,2.2481
2009-12-21,2010-01-22,21,-0.6374,-7.3858
2009-12-22,2010-01-25,21,-0.2255,-2.6722
2009-12-23,2010-01-26,21,-0.5631,-6.5518
2009-12-24,2010-01-27,21,-0.9678,-11.0149
2009-12-28,2010-01-28,21,-1.5733,-17.3284
2009-12-29,2010-01-29,21,-1.8522,-20.0965
2009-12-30,2010-02-01,21,-1.3554,-15.1057
2009-12-31,2010-02-02,21,-0.4988,-5.8246
2010-01-04,2010-02-03,21,-1.7171,-18.7666
2010-01-05,2010-02-04,21,-3.347,-33.5362
2010-01-06,2010-02-05,21,-3.1113,-31.5654
2010-01-07,2010-02-08,21,-2.685,-27.8635
2010-01-08,2010-02-09,21,-2.7606,-28.5325
2010-01-11,2010-02-10,21,-3.0219,-30.8034
2010-01-12,2010-02-11,21,-1.9118,-20.6764
2010-01-13,2010-02-12,21,-2.1594,-23.0459
2010-01-14,2010-02-16,21,-1.5598,-17.1921
2010-01-15,2010-02-17,21,-1.1895,-13.3766
2010-01-19,2010-02-18,21,-1.618,-17.7776
2010-01-20,2010-02-19,21,-0.7058,-8.1485
2010-01-21,2010-02-22,21,-0.866,-9.9106
2010-01-22,2010-02-23,21,0.1785,2.1637
2010-01-25,2010-02-24,21,0.274,3.3385
2010-01-26,2010-02-25,21,0.5594,6.9233
2010-01-27,2010-02-26,21,1.1338,14.4866
2010-01-28,2010-03-01,21,2.4252,33.3157
2010-01-29,2010-03-02,21,3.3872,49.143
2010-02-01,2010-03-03,21,2.4882,34.3035
2010-02-02,2010-03-04,21,1.8476,24.5692
2010-02-03,2010-03-05,21,2.2727,30.9527
2010-02-04,2010-03-08,21,3.6388,53.5565
2010-02-05,2010-03-09,21,3.5038,51.1733
2010-02-08,2010-03-10,21,3.1732,45.4795
2010-02-09,2010-03-11,21,2.9059,41.0207
2010-02-10,2010-03-12,21,3.0878,44.0419
2010-02-11,2010-03-15,21,2.3026,31.4139
2010-02-12,2010-03-16,21,3.1688,45.4055
2010-02-16,2010-03-17,21,2.2232,30.1949
2010-02-17,2010-03-18,21,2.3976,32.8851
2010-02-18,2010-03-19,21,1.6634,21.8915
2010-02-19,2010-03-22,21,1.6509,21.7121
2010-02-22,2010-03-23,21,2.3517,32.1723
2010-02-23,2010-03-24,21,1.6076,21.0923
2010-02-24,2010-03-25,21,1.155,14.7753
2010-02-25,2010-03-26,21,1.0798,13.7558
2010-02-26,2010-03-29,21,0.7694,9.6343
2010-03-01,2010-03-30,21,0.1853,2.2466
2010-03-02,2010-03-31,21,0.0461,0.5542
2010-03-03,2010-04-01,21,0.3009,3.6708
2010-03-04,2010-04-05,21,0.5076,6.2639
2010-03-05,2010-04-06,21,0.5927,7.3492
2010-03-08,2010-04-07,21,1.4828,19.3183
2010-03-09,2010-04-08,21,1.3869,17.9728
2010-03-10,2010-04-09,21,2.052,27.6021
2010-03-11,2010-04-12,21,2.1807,29.5466
2010-03-12,2010-04-13,21,2.19,29.6877
2010-03-15,2010-04-14,21,2.7881,39.0956
2010-03-16,2010-04-15,21,2.0531,27.6189
2010-03-17,2010-04-16,21,1.109,14.1504
2010-03-18,2010-04-19,21,0.9051,11.4186
2010-03-19,2010-04-20,21,2.1194,28.6171
2010-03-22,2010-04-21,21,2.279,31.05
2010-03-23,2010-04-22,21,2.0277,27.2384
2010-03-24,2010-04-23,21,3.404,49.4327
2010-03-25,2010-04-26,21,3.5055,51.2026
2010-03-26,2010-04-27,21,3.1444,44.9932
2010-03-29,2010-04-28,21,3.1249,44.6645
2010-03-30,2010-04-29,21,3.4843,50.832
2010-03-31,2010-04-30,21,3.0766,43.8539
2010-04-01,2010-05-03,21,3.3284,48.1276
2010-04-05,2010-05-04,21,2.4541,33.7685
2010-04-06,2010-05-05,21,2.3739,32.5165
2010-04-07,2010-05-06,21,2.2983,31.3474
2010-04-08,2010-05-07,21,1.7467,23.096
2010-04-09,2010-05-10,21,1.6826,22.1681
2010-04-12,2010-05-11,21,1.7575,23.2531
2010-04-13,2010-05-12,21,2.6612,37.0496
2010-04-14,2010-05-13,21,1.5763,20.6453
2010-04-15,2010-05-14,21,1.2779,16.4599
2010-04-16,2010-05-17,21,1.9949,26.7478
2010-04-19,2010-05-18,21,1.8962,25.2841
2010-04-20,2010-05-19,21,0.9405,11.8886
2010-04-21,2010-05-20,21,0.1967,2.3861
2010-04-22,2010-05-21,21,0.3334,4.0748
2010-04-23,2010-05-24,21,0.0827,0.997
2010-04-26,2010-05-25,21,0.3009,3.671
2010-04-27,2010-05-26,21,0.3655,4.4753
2010-04-28,2010-05-27,21,0.6665,8.2981
2010-04-29,2010-05-28,21,0.2704,3.2937
2010-04-30,2010-06-01,21,0.402,4.9318
2010-05-03,2010-06-02,21,0.2924,3.5655
2010-05-04,2010-06-03,21,0.8656,10.8961
2010-05-05,2010-06-04,21,0.7007,8.7397
2010-05-06,2010-06-07,21,0.2157,2.6195
2010-05-07,2010-06-08,21,0.7461,9.3302
2010-05-10,2010-06-09,21,-0.247,-2.924
2010-05-11,2010-06-10,21,-0.4523,-5.2941
2010-05-12,2010-06-11,21,-0.5335,-6.2171
2010-05-13,2010-06-14,21,-0.2298,-2.7228
2010-05-14,2010-06-15,21,0.9838,12.4655
2010-05-17,2010-06-16,21,1.024,13.0042
2010-05-18,2010-06-17,21,2.0101,26.975
2010-05-19,2010-06-18,21,2.6547,36.9456
2010-05-20,2010-06-21,21,2.5032,34.5399
2010-05-21,2010-06-22,21,2.2396,30.4462
2010-05-24,2010-06-23,21,2.2531,30.6519
2010-05-25,2010-06-24,21,1.5524,20.3052
2010-05-26,2010-06-25,21,1.7643,23.3516
2010-05-27,2010-06-28,21,1.1186,14.281
2010-05-28,2010-06-29,21,0.551,6.8162
2010-06-01,2010-06-30,21,0.4471,5.4991
2010-06-02,2010-07-01,21,-0.5951,-6.912
2010-06-03,2010-07-02,21,-0.7649,-8.8028
2010-06-04,2010-07-06,21,-0.7425,-8.5552
2010-06-07,2010-07-07,21,0.0384,0.4612
2010-06-08,2010-07-08,21,-0.0656,-0.7838
2010-06-09,2010-07-09,21,0.8345,10.4868
2010-06-10,2010-07-12,21,0.6673,8.3085
2010-06-11,2010-07-13,21,0.5016,6.1875
2010-06-14,2010-07-14,21,0.8438,10.6084
2010-06-15,2010-07-15,21,0.2401,2.9194
2010-06-16,2010-07-16,21,-0.9464,-10.7835
2010-06-17,2010-07-19,21,-1.4564,-16.1422
2010-06-18,2010-07-20,21,-1.1668,-13.1371
2010-06-21,2010-07-21,21,-0.6565,-7.5999
2010-06-22,2010-07-22,21,-0.1388,-1.6528
2010-06-23,2010-07-23,21,-0.3675,-4.3217
2010-06-24,2010-07-26,21,0.2971,3.6241
2010-06-25,2010-07-27,21,-0.792,-9.1011
2010-06-28,2010-07-28,21,-0.8591,-9.8353
2010-06-29,2010-07-29,21,-0.0917,-1.0945
2010-06-30,2010-07-30,21,0.6397,7.9523
2010-07-01,2010-08-02,21,1.4985,19.5407
2010-07-02,2010-08-03,21,1.871,24.9123
2010-07-06,2010-08-04,21,2.1233,28.6758
2010-07-07,2010-08-05,21,1.2404,15.9436
2010-07-08,2010-08-06,21,1.7677,23.4011
2010-07-09,2010-08-09,21,1.3711,17.753
2010-07-12,2010-08-10,21,0.9558,12.0926
2010-07-13,2010-08-11,21,-0.0278,-0.3331
2010-07-14,2010-08-12,21,-0.2906,-3.4318
2010-07-15,2010-08-13,21,-0.4671,-5.4631
2010-07-16,2010-08-16,21,1.5321,20.0164
2010-07-19,2010-08-17,21,1.6096,21.1203
2010-07-20,2010-08-18,21,1.4322,18.6072
2010-07-21,2010-08-19,21,1.8538,24.6597
2010-07-22,2010-08-20,21,1.3775,17.8417
2010-07-23,2010-08-23,21,1.314,16.9589
2010-07-26,2010-08-24,21,1.4335,18.6245
2010-07-27,2010-08-25,21,2.5321,34.9959
2010-07-28,2010-08-26,21,2.5662,35.535
2010-07-29,2010-08-27,21,2.1576,29.1965
2010-07-30,2010-08-30,21,1.5855,20.7765
2010-08-02,2010-08-31,21,1.8432,24.5046
2010-08-03,2010-09-01,21,1.8276,24.2754
2010-08-04,2010-09-02,21,1.8013,23.8916
2010-08-05,2010-09-03,21,1.7086,22.5435
2010-08-06,2010-09-07,21,1.787,23.6822
2010-08-09,2010-09-08,21,1.8549,24.6763
2010-08-10,2010-09-09,21,1.641,21.5703
2010-08-11,2010-09-10,21,1.7488,23.1262
2010-08-12,2010-09-13,21,2.6669,37.1397
2010-08-13,2010-09-14,21,3.3884,49.164
2010-08-16,2010-09-15,21,2.1512,29.0992
2010-08-17,2010-09-16,21,1.8796,25.039
2010-08-18,2010-09-17,21,1.8612,24.7691
2010-08-19,2010-09-20,21,2.0948,28.2464
2010-08-20,2010-09-21,21,2.2371,30.407
2010-08-23,2010-09-22,21,2.7555,38.5666
2010-08-24,2010-09-23,21,2.8261,39.7147
2010-08-25,2010-09-24,21,3.0657,43.6721
2010-08-26,2010-09-27,21,3.5781,52.4814
2010-08-27,2010-09-28,21,4.479,69.18
2010-08-30,2010-09-29,21,4.5653,70.8632
2010-08-31,2010-09-30,21,4.1425,62.7561
2010-09-01,2010-10-01,21,3.9002,58.2699
2010-09-02,2010-10-04,21,3.3544,48.5762
2010-09-03,2010-10-05,21,4.2797,65.3469
2010-09-07,2010-10-06,21,3.7854,56.1834
2010-09-08,2010-10-07,21,3.4163,49.6478
2010-09-09,2010-10-08,21,4.2652,65.072
2010-09-10,2010-10-11,21,4.7895,75.313
2010-09-13,2010-10-12,21,3.9065,58.3845
2010-09-14,2010-10-13,21,3.6233,53.2816
2010-09-15,2010-10-14,21,3.6702,54.1151
2010-09-16,2010-10-15,21,3.7657,55.8281
2010-09-17,2010-10-18,21,3.7115,54.8534
2010-09-20,2010-10-19,21,2.2658,30.8472
2010-09-21,2010-10-20,21,2.5658,35.5283
2010-09-22,2010-10-21,21,1.7184,22.6862
2010-09-23,2010-10-22,21,2.1384,28.904
2010-09-24,2010-10-25,21,2.1868,29.6393
2010-09-27,2010-10-26,21,1.5286,19.9673
2010-09-28,2010-10-27,21,0.707,8.822
2010-09-29,2010-10-28,21,1.016,12.8975
2010-09-30,2010-10-29,21,1.8499,24.6023
2010-10-01,2010-11-01,21,1.5023,19.5942
2010-10-04,2010-11-02,21,2.4669,33.9692
2010-10-05,2010-11-03,21,0.7342,9.1745
2010-10-06,2010-11-04,21,2.3973,32.8805
2010-10-07,2010-11-05,21,2.5073,34.6035
2010-10-08,2010-11-08,21,2.5367,35.0676
2010-10-11,2010-11-09,21,1.8634,24.8007
2010-10-12,2010-11-10,21,1.8522,24.6358
2010-10-13,2010-11-11,21,0.9085,11.464
2010-10-14,2010-11-12,21,0.0909,1.0958
2010-10-15,2010-11-15,21,-0.5324,-6.205
2010-10-18,2010-11-16,21,-1.1977,-13.4626
2010-10-19,2010-11-17,21,-0.351,-4.1311
2010-10-20,2010-11-18,21,0.1026,1.2378
2010-10-21,2010-11-19,21,1.0146,12.8776
2010-10-22,2010-11-22,21,0.8265,10.3811
2010-10-25,2010-11-23,21,0.4053,4.9737
2010-10-26,2010-11-24,21,0.7536,9.4281
2010-10-27,2010-11-26,21,0.9554,12.0873
2010-10-28,2010-11-29,21,0.7078,8.8326
2010-10-29,2010-11-30,21,0.2165,2.629
2010-11-01,2010-12-01,21,0.7322,9.1491
2010-11-02,2010-12-02,21,0.4393,5.4009
2010-11-03,2010-12-03,21,1.543,20.1704
2010-11-04,2010-12-06,21,0.4362,5.362
2010-11-05,2010-12-07,21,-0.0072,-0.0866
2010-11-08,2010-12-08,21,-0.8153,-9.357
2010-11-09,2010-12-09,21,-0.118,-1.4071
2010-11-10,2010-12-10,21,-0.2033,-2.4131
2010-11-11,2010-12-13,21,0.2157,2.6196
2010-11-12,2010-12-14,21,1.055,13.4204
2010-11-15,2010-12-15,21,0.701,8.7443
2010-11-16,2010-12-16,21,1.302,16.7922
2010-11-17,2010-12-17,21,2.029,27.2576
2010-11-18,2010-12-20,21,1.1356,14.5118
2010-11-19,2010-12-21,21,1.3456,17.3978
2010-11-22,2010-12-22,21,0.7,8.7305
2010-11-23,2010-12-23,21,0.3873,4.748
2010-11-24,2010-12-27,21,0.6664,8.2969
2010-11-26,2010-12-28,21,0.5424,6.7071
2010-11-29,2010-12-29,21,0.9611,12.1626
2010-11-30,2010-12-30,21,0.6275,7.7959
2010-12-01,2010-12-31,21,0.8312,10.4438
2010-12-02,2011-01-03,21,0.6708,8.3531
2010-12-03,2011-01-04,21,-0.5797,-6.7387
2010-12-06,2011-01-05,21,-1.3429,-14.9759
2010-12-07,2011-01-06,21,-0.4364,-5.1135
2010-12-08,2011-01-07,21,0.1091,1.3172
2010-12-09,2011-01-10,21,0.2089,2.5357
2010-12-10,2011-01-11,21,0.4653,5.7292
2010-12-13,2011-01-12,21,0.5143,6.3487
2010-12-14,2011-01-13,21,1.0414,13.2375
2010-12-15,2011-01-14,21,1.7447,23.0673
2010-12-16,2011-01-18,21,1.7356,22.9352
2010-12-17,2011-01-19,21,0.8698,10.952
2010-12-20,2011-01-20,21,-0.3415,-4.0219
2010-12-21,2011-01-21,21,-0.8616,-9.8626
2010-12-22,2011-01-24,21,-0.1025,-1.2235
2010-12-23,2011-01-25,21,-0.0254,-0.3046
2010-12-27,2011-01-26,21,-0.5792,-6.7336
2010-12-28,2011-01-27,21,-0.2805,-3.3145
2010-12-29,2011-01-28,21,-0.9776,-11.1202
2010-12-30,2011-01-31,21,-1.0053,-11.4181
2010-12-31,2011-02-01,21,-0.8518,-9.7557
2011-01-03,2011-02-02,21,-1.0831,-12.2502
2011-01-04,2011-02-03,21,0.0491,0.5912
2011-01-05,2011-02-04,21,0.2986,3.6431
2011-01-06,2011-02-07,21,0.1596,1.9322
2011-01-07,2011-02-08,21,0.2615,3.1836
2011-01-10,2011-02-09,21,0.0518,0.6238
2011-01-11,2011-02-10,21,-0.3377,-3.9784
2011-01-12,2011-02-11,21,-0.091,-1.0862
2011-01-13,2011-02-14,21,-0.0899,-1.0729
2011-01-14,2011-02-15,21,0.2534,3.0832
2011-01-18,2011-02-16,21,0.3369,4.1182
2011-01-19,2011-02-17,21,0.8678,10.9259
2011-01-20,2011-02-18,21,2.089,28.1579
2011-01-21,2011-02-22,21,1.7669,23.3895
2011-01-24,2011-02-23,21,1.1135,14.2118
2011-01-25,2011-02-24,21,1.7349,22.9254
2011-01-26,2011-02-25,21,2.5654,35.5215
2011-01-27,2011-02-28,21,2.3584,32.2764
2011-01-28,2011-03-01,21,2.4025,32.9617
2011-01-31,2011-03-02,21,2.5585,35.413
2011-02-01,2011-03-03,21,1.844,24.5167
2011-02-02,2011-03-04,21,2.144,28.9899
2011-02-03,2011-03-07,21,1.4401,18.7177
2011-02-04,2011-03-08,21,1.3739,17.791
2011-02-07,2011-03-09,21,1.1519,14.7329
2011-02-08,2011-03-10,21,0.6267,7.7846
2011-02-09,2011-03-11,21,0.6703,8.3466
2011-02-10,2011-03-14,21,0.9056,11.4256
2011-02-11,2011-03-15,21,-0.1233,-1.4695
2011-02-14,2011-03-16,21,-0.4859,-5.6778
2011-02-15,2011-03-17,21,-0.4766,-5.5721
2011-02-16,2011-03-18,21,-0.3321,-3.9131
2011-02-17,2011-03-21,21,-0.2254,-2.6718
2011-02-18,2011-03-22,21,-0.2206,-2.615
2011-02-22,2011-03-23,21,0.4179,5.1317
2011-02-23,2011-03-24,21,0.8766,11.0418
2011-02-24,2011-03-25,21,0.1697,2.0549
2011-02-25,2011-03-28,21,-0.5902,-6.8567
2011-02-28,2011-03-29,21,-0.484,-5.6564
2011-03-01,2011-03-30,21,-0.0631,-0.755
2011-03-02,2011-03-31,21,0.2351,2.8578
2011-03-03,2011-04-01,21,0.2558,3.1137
2011-03-04,2011-04-04,21,-0.0008,-0.0096
2011-03-07,2011-04-05,21,0.7582,9.4879
2011-03-08,2011-04-06,21,0.7489,9.3668
2011-03-09,2011-04-07,21,0.7041,8.7846
2011-03-10,2011-04-08,21,1.1752,15.0507
2011-03-11,2011-04-11,21,0.8243,10.3531
2011-03-14,2011-04-12,21,0.6718,8.3667
2011-03-15,2011-04-13,21,1.7395,22.992
2011-03-16,2011-04-14,21,2.2743,30.9776
2011-03-17,2011-04-15,21,2.6166,36.3361
2011-03-18,2011-04-18,21,2.1539,29.1397
2011-03-21,2011-04-19,21,1.8462,24.5485
2011-03-22,2011-04-20,21,2.5595,35.4283
2011-03-23,2011-04-21,21,2.3056,31.4597
2011-03-24,2011-04-25,21,2.2429,30.4965
2011-03-25,2011-04-26,21,2.8933,40.8137
2011-03-28,2011-04-27,21,3.1766,45.5366
2011-03-29,2011-04-28,21,3.5525,52.029
2011-03-30,2011-04-29,21,3.6004,52.8758
2011-03-31,2011-05-02,21,3.2835,47.3573
2011-04-01,2011-05-03,21,2.9836,42.3043
2011-04-04,2011-05-04,21,2.6265,36.4943
2011-04-05,2011-05-05,21,2.0311,27.2889
2011-04-06,2011-05-06,21,2.4435,33.6023
2011-04-07,2011-05-09,21,2.7375,38.277
2011-04-08,2011-05-10,21,3.0367,43.1872
2011-04-11,2011-05-11,21,2.8005,39.2976
2011-04-12,2011-05-12,21,3.2377,46.5748
2011-04-13,2011-05-13,21,2.3375,31.9525
2011-04-14,2011-05-16,21,1.6913,22.294
2011-04-15,2011-05-17,21,1.1098,14.1615
2011-04-18,2011-05-18,21,1.5392,20.1167
2011-04-19,2011-05-19,21,1.2619,16.2395
2011-04-20,2011-05-20,21,0.7633,9.554
2011-04-21,2011-05-23,21,0.4103,5.0365
2011-04-25,2011-05-24,21,0.1862,2.2576
2011-04-26,2011-05-25,21,-0.1401,-1.6678
2011-04-27,2011-05-26,21,0.2364,2.8744
2011-04-28,2011-05-27,21,0.2603,3.1684
2011-04-29,2011-05-31,21,0.2007,2.4356
2011-05-02,2011-06-01,21,0.0626,0.7541
2011-05-03,2011-06-02,21,-0.1468,-1.7476
2011-05-04,2011-06-03,21,0.0288,0.3459
2011-05-05,2011-06-06,21,0.0277,0.3326
2011-05-06,2011-06-07,21,-0.1505,-1.7908
2011-05-09,2011-06-08,21,-0.5793,-6.7345
2011-05-10,2011-06-09,21,-0.8793,-10.0559
2011-05-11,2011-06-10,21,-0.8992,-10.2726
2011-05-12,2011-06-13,21,-1.5304,-16.8954
2011-05-13,2011-06-14,21,-1.063,-12.0364
2011-05-16,2011-06-15,21,-0.7753,-8.9173
2011-05-17,2011-06-16,21,-0.7955,-9.1392
2011-05-18,2011-06-17,21,-1.2522,-14.033
2011-05-19,2011-06-20,21,-1.0247,-11.6264
2011-05-20,2011-06-21,21,-0.6632,-7.6746
2011-05-23,2011-06-22,21,-0.5028,-5.8693
2011-05-24,2011-06-23,21,-0.5754,-6.6903
2011-05-25,2011-06-24,21,-1.5698,-17.2936
2011-05-26,2011-06-27,21,-2.1326,-22.7931
2011-05-27,2011-06-28,21,-2.4376,-25.6317
2011-05-31,2011-06-29,21,-2.6605,-27.6451
2011-06-01,2011-06-30,21,-2.2027,-23.4542
2011-06-02,2011-07-01,21,-1.616,-17.7579
2011-06-03,2011-07-05,21,-0.9031,-10.3146
2011-06-06,2011-07-06,21,-0.1757,-2.0877
2011-06-07,2011-07-07,21,0.145,1.7537
2011-06-08,2011-07-08,21,0.7539,9.431
2011-06-09,2011-07-11,21,0.7562,9.4614
2011-06-10,2011-07-12,21,0.9407,11.8914
2011-06-13,2011-07-13,21,1.877,25.0005
2011-06-14,2011-07-14,21,1.0401,13.2199
2011-06-15,2011-07-15,21,1.4559,18.94
2011-06-16,2011-07-18,21,1.2388,15.9208
2011-06-17,2011-07-19,21,2.615,36.3104
2011-06-20,2011-07-20,21,1.7716,23.4585
2011-06-21,2011-07-21,21,0.763,9.55
2011-06-22,2011-07-22,21,1.6742,22.0479
2011-06-23,2011-07-25,21,1.3774,17.8405
2011-06-24,2011-07-26,21,2.7946,39.201
2011-06-27,2011-07-27,21,2.0022,26.8563
2011-06-28,2011-07-28,21,1.838,24.4276
2011-06-29,2011-07-29,21,2.2873,31.1777
2011-06-30,2011-08-01,21,2.1089,28.4585
2011-07-01,2011-08-02,21,2.6865,37.4546
2011-07-05,2011-08-03,21,2.7677,38.7643
2011-07-06,2011-08-04,21,1.9715,26.3997
2011-07-07,2011-08-05,21,0.4635,5.7065
2011-07-08,2011-08-08,21,0.5655,7.0006
2011-07-11,2011-08-09,21,1.9402,25.9348
2011-07-12,2011-08-10,21,2.7258,38.0869
2011-07-13,2011-08-11,21,1.3974,18.1194
2011-07-14,2011-08-12,21,2.6219,36.4207
2011-07-15,2011-08-15,21,2.6663,37.1303
2011-07-18,2011-08-16,21,3.4947,51.0133
2011-07-19,2011-08-17,21,2.7426,38.3589
2011-07-20,2011-08-18,21,3.0578,43.5389
2011-07-21,2011-08-19,21,3.888,58.0461
2011-07-22,2011-08-22,21,3.7541,55.6188
2011-07-25,2011-08-23,21,4.1251,62.4293
2011-07-26,2011-08-24,21,1.3632,17.6419
2011-07-27,2011-08-25,21,2.0569,27.6754
2011-07-28,2011-08-26,21,3.5178,51.4193
2011-07-29,2011-08-29,21,3.1815,45.6211
2011-08-01,2011-08-30,21,4.2291,64.3877
2011-08-02,2011-08-31,21,3.2752,47.2144
2011-08-03,2011-09-01,21,2.7946,39.2007
2011-08-04,2011-09-02,21,4.1611,63.1049
2011-08-05,2011-09-06,21,5.5628,91.4831
2011-08-08,2011-09-07,21,4.9609,78.7838
2011-08-09,2011-09-08,21,3.9113,58.4724
2011-08-10,2011-09-09,21,3.2403,46.6201
2011-08-11,2011-09-12,21,3.6383,53.5482
2011-08-12,2011-09-13,21,3.3113,47.8347
2011-08-15,2011-09-14,21,3.6708,54.1273
2011-08-16,2011-09-15,21,2.5123,34.6825
2011-08-17,2011-09-16,21,2.8339,39.841
2011-08-18,2011-09-19,21,3.3679,48.8094
2011-08-19,2011-09-20,21,3.3092,47.798
2011-08-22,2011-09-21,21,3.1007,44.2583
2011-08-23,2011-09-22,21,1.8137,24.0715
2011-08-24,2011-09-23,21,2.3772,32.5678
2011-08-25,2011-09-26,21,1.8353,24.3889
2011-08-26,2011-09-27,21,1.2498,16.0727
2011-08-29,2011-09-28,21,-0.2828,-3.3417
2011-08-30,2011-09-29,21,-1.3028,-14.561
2011-08-31,2011-09-30,21,-0.8919,-10.1934
2011-09-01,2011-10-03,21,-0.584,-6.7877
2011-09-02,2011-10-04,21,-1.4388,-15.9629
2011-09-06,2011-10-05,21,-0.5828,-6.7732
2011-09-07,2011-10-06,21,-0.1978,-2.3475
2011-09-08,2011-10-07,21,-1.3518,-15.0681
2011-09-09,2011-10-10,21,-0.2192,-2.599
2011-09-12,2011-10-11,21,-0.2726,-3.2221
2011-09-13,2011-10-12,21,-0.4142,-4.8589
2011-09-14,2011-10-13,21,-0.7378,-8.5032
2011-09-15,2011-10-14,21,0.0947,1.1419
2011-09-16,2011-10-17,21,-0.6988,-8.0708
2011-09-19,2011-10-18,21,-0.5202,-6.0665
2011-09-20,2011-10-19,21,-1.3021,-14.5533
2011-09-21,2011-10-20,21,-2.565,-26.7882
2011-09-22,2011-10-21,21,-0.8471,-9.7043
2011-09-23,2011-10-24,21,1.621,21.2834
2011-09-26,2011-10-25,21,3.2393,46.602
2011-09-27,2011-10-26,21,2.2871,31.1749
2011-09-28,2011-10-27,21,4.0711,61.4212
2011-09-29,2011-10-28,21,4.5102,69.7876
2011-09-30,2011-10-31,21,4.6303,72.1437
2011-10-03,2011-11-01,21,4.0186,60.4478
2011-10-04,2011-11-02,21,4.3151,66.022
2011-10-05,2011-11-03,21,4.0557,61.136
2011-10-06,2011-11-04,21,3.8225,56.8551
2011-10-07,2011-11-07,21,5.1448,82.5797
2011-10-10,2011-11-08,21,4.201,63.8565
2011-10-11,2011-11-09,21,3.5731,52.3918
2011-10-12,2011-11-10,21,2.6996,37.6648
2011-10-13,2011-11-11,21,3.2545,46.8619
2011-10-14,2011-11-14,21,3.044,43.3081
2011-10-17,2011-11-15,21,3.6408,53.5926
2011-10-18,2011-11-16,21,3.5689,52.3182
2011-10-19,2011-11-17,21,2.6752,37.274
2011-10-20,2011-11-18,21,3.4157,49.6373
2011-10-21,2011-11-21,21,1.6876,22.2404
2011-10-24,2011-11-22,21,1.2727,16.3888
2011-10-25,2011-11-23,21,-0.2086,-2.4742
2011-10-26,2011-11-25,21,-0.9292,-10.5979
2011-10-27,2011-11-28,21,-0.0274,-0.3285
2011-10-28,2011-11-29,21,-0.6842,-7.9082
2011-10-31,2011-11-30,21,0.3754,4.5989
2011-11-01,2011-12-01,21,0.339,4.1453
2011-11-02,2011-12-02,21,0.4065,4.9886
2011-11-03,2011-12-05,21,-0.3917,-4.6002
2011-11-04,2011-12-06,21,-0.7992,-9.1803
2011-11-07,2011-12-07,21,-1.1928,-13.411
2011-11-08,2011-12-08,21,-1.8705,-20.2744
2011-11-09,2011-12-09,21,-1.2413,-13.9193
2011-11-10,2011-12-12,21,-1.4144,-15.7128
2011-11-11,2011-12-13,21,-2.4714,-25.9396
2011-11-14,2011-12-14,21,-3.6143,-35.7088
2011-11-15,2011-12-15,21,-4.2375,-40.5234
2011-11-16,2011-12-16,21,-3.4218,-34.1509
2011-11-17,2011-12-19,21,-2.2082,-23.5056
2011-11-18,2011-12-20,21,-1.4134,-15.7025
2011-11-21,2011-12-21,21,-1.3296,-14.8386
2011-11-22,2011-12-22,21,-1.1259,-12.7046
2011-11-23,2011-12-23,21,-0.7066,-8.1576
2011-11-25,2011-12-27,21,-0.0281,-0.3371
2011-11-28,2011-12-28,21,-1.6508,-18.1063
2011-11-29,2011-12-29,21,-1.4313,-15.8859
2011-11-30,2011-12-30,21,-2.2283,-23.6937
2011-12-01,2012-01-03,21,-1.6581,-18.1795
2011-12-02,2012-01-04,21,-2.27,-24.0835
2011-12-05,2012-01-05,21,-1.975,-21.2877
2011-12-06,2012-01-06,21,-1.38,-15.3588
2011-12-07,2012-01-09,21,-1.658,-18.1785
2011-12-08,2012-01-10,21,-0.4303,-5.0437
2011-12-09,2012-01-11,21,0.109,1.3156
2011-12-12,2012-01-12,21,1.1797,15.1122
2011-12-13,2012-01-13,21,1.0679,13.5955
2011-12-14,2012-01-17,21,3.0394,43.2322
2011-12-15,2012-01-18,21,3.8625,57.5817
2011-12-16,2012-01-19,21,3.0285,43.0498
2011-12-19,2012-01-20,21,3.0443,43.3134
2011-12-20,2012-01-23,21,2.2565,30.7046
2011-12-21,2012-01-24,21,3.1263,44.6877
2011-12-22,2012-01-25,21,3.1593,45.2452
2011-12-23,2012-01-26,21,3.7984,56.4185
2011-12-27,2012-01-27,21,4.146,62.8205
2011-12-28,2012-01-30,21,4.8379,76.2873
2011-12-29,2012-01-31,21,5.4006,87.9817
2011-12-30,2012-02-01,21,5.345,86.7964
2012-01-03,2012-02-02,21,5.1067,81.7884
2012-01-04,2012-02-03,21,4.9858,79.2954
2012-01-05,2012-02-06,21,4.366,66.9971
2012-01-06,2012-02-07,21,4.2613,64.9974
2012-01-09,2012-02-08,21,4.276,65.2773
2012-01-10,2012-02-09,21,3.8296,56.9828
2012-01-11,2012-02-10,21,2.9145,41.163
2012-01-12,2012-02-13,21,2.8202,39.6184
2012-01-13,2012-02-14,21,3.3379,48.2912
2012-01-17,2012-02-15,21,2.6521,36.904
2012-01-18,2012-02-16,21,2.5266,34.9076
2012-01-19,2012-02-17,21,2.2767,31.0156
2012-01-20,2012-02-21,21,2.4972,34.4455
2012-01-23,2012-02-22,21,3.0045,42.6503
2012-01-24,2012-02-23,21,3.3604,48.6798
2012-01-25,2012-02-24,21,2.6718,37.2188
2012-01-26,2012-02-27,21,2.4048,32.9978
2012-01-27,2012-02-28,21,2.3783,32.5845
2012-01-30,2012-02-29,21,0.5471,6.7662
2012-01-31,2012-03-01,21,0.2172,2.6383
2012-02-01,2012-03-02,21,-0.2302,-2.7274
2012-02-02,2012-03-05,21,-1.1718,-13.1901
2012-02-03,2012-03-06,21,-1.2315,-13.8174
2012-02-06,2012-03-07,21,-0.7871,-9.0464
2012-02-07,2012-03-08,21,-0.6262,-7.2609
2012-02-08,2012-03-09,21,-0.1829,-2.1723
2012-02-09,2012-03-12,21,-0.5892,-6.8462
2012-02-10,2012-03-13,21,-0.2162,-2.5633
2012-02-13,2012-03-14,21,-1.823,-19.811
2012-02-14,2012-03-15,21,-1.468,-16.2612
2012-02-15,2012-03-16,21,-1.4826,-16.4097
2012-02-16,2012-03-19,21,-1.8282,-19.8611
2012-02-17,2012-03-20,21,-1.8384,-19.9617
2012-02-21,2012-03-21,21,-1.4424,-15.9992
2012-02-22,2012-03-22,21,-1.9998,-21.5262
2012-02-23,2012-03-23,21,-1.799,-19.5746
2012-02-24,2012-03-26,21,-1.2146,-13.6398
2012-02-27,2012-03-27,21,-1.3103,-14.6388
2012-02-28,2012-03-28,21,-2.1801,-23.2417
2012-02-29,2012-03-29,21,-0.5624,-6.5435
2012-03-01,2012-03-30,21,-0.7366,-8.4896
2012-03-02,2012-04-02,21,-0.2889,-3.412
2012-03-05,2012-04-03,21,-0.3789,-4.4537
2012-03-06,2012-04-04,21,-0.8782,-10.0438
2012-03-07,2012-04-05,21,-0.7657,-8.8107
2012-03-08,2012-04-09,21,-0.5255,-6.127
2012-03-09,2012-04-10,21,-0.8819,-10.0838
2012-03-12,2012-04-11,21,-0.7336,-8.4567
2012-03-13,2012-04-12,21,-0.2078,-2.4653
2012-03-14,2012-04-13,21,1.0709,13.6349
2012-03-15,2012-04-16,21,0.3384,4.1377
2012-03-16,2012-04-17,21,0.7005,8.7381
2012-03-19,2012-04-18,21,0.5655,7.0011
2012-03-20,2012-04-19,21,0.7001,8.732
2012-03-21,2012-04-20,21,-0.0117,-0.1403
2012-03-22,2012-04-23,21,-0.1037,-1.2375
2012-03-23,2012-04-24,21,-0.8868,-10.1379
2012-03-26,2012-04-25,21,-1.1827,-13.3049
2012-03-27,2012-04-26,21,-0.5909,-6.8648
2012-03-28,2012-04-27,21,0.1028,1.2401
2012-03-29,2012-04-30,21,-0.0667,-0.7973
2012-03-30,2012-05-01,21,-0.0087,-0.1046
2012-04-02,2012-05-02,21,-0.3488,-4.106
2012-04-03,2012-05-03,21,-0.2889,-3.4128
2012-04-04,2012-05-04,21,0.4718,5.8106
2012-04-05,2012-05-07,21,-0.2069,-2.455
2012-04-09,2012-05-08,21,-1.2322,-13.8249
2012-04-10,2012-05-09,21,-1.5718,-17.3137
2012-04-11,2012-05-10,21,-1.7402,-18.9953
2012-04-12,2012-05-11,21,-2.1782,-23.2236
2012-04-13,2012-05-14,21,-2.0499,-22.0068
2012-04-16,2012-05-15,21,-1.8381,-19.9582
2012-04-17,2012-05-16,21,-2.7504,-28.4424
2012-04-18,2012-05-17,21,-1.9515,-21.0611
2012-04-19,2012-05-18,21,-1.9831,-21.3658
2012-04-20,2012-05-21,21,-1.2758,-14.2795
2012-04-23,2012-05-22,21,-1.6752,-18.3502
2012-04-24,2012-05-23,21,-1.6153,-17.751
2012-04-25,2012-05-24,21,-2.2535,-23.9294
2012-04-26,2012-05-25,21,-2.563,-26.7706
2012-04-27,2012-05-29,21,-2.7171,-28.1483
2012-04-30,2012-05-30,21,-2.2082,-23.5058
2012-05-01,2012-05-31,21,-2.027,-21.7878
2012-05-02,2012-06-01,21,-1.2301,-13.8025
2012-05-03,2012-06-04,21,-0.8197,-9.405
2012-05-04,2012-06-05,21,-0.6346,-7.3549
2012-05-07,2012-06-06,21,0.0152,0.1822
2012-05-08,2012-06-07,21,-0.3877,-4.5548
2012-05-09,2012-06-08,21,0.1111,1.3414
2012-05-10,2012-06-11,21,0.1431,1.7303
2012-05-11,2012-06-12,21,0.495,6.1043
2012-05-14,2012-06-13,21,0.8198,10.2939
2012-05-15,2012-06-14,21,0.789,9.8904
2012-05-16,2012-06-15,21,2.0839,28.0814
2012-05-17,2012-06-18,21,1.7262,22.7985
2012-05-18,2012-06-19,21,1.824,24.2237
2012-05-21,2012-06-20,21,1.3415,17.34
2012-05-22,2012-06-21,21,0.407,4.995
2012-05-23,2012-06-22,21,0.6236,7.745
2012-05-24,2012-06-25,21,1.0662,13.5726
2012-05-25,2012-06-26,21,0.4438,5.4579
2012-05-29,2012-06-27,21,0.8968,11.3082
2012-05-30,2012-06-28,21,-0.223,-2.6435
2012-05-31,2012-06-29,21,1.2357,15.8786
2012-06-01,2012-07-02,21,0.5539,6.8525
2012-06-04,2012-07-03,21,1.2979,16.736
2012-06-05,2012-07-05,21,1.0119,12.842
2012-06-06,2012-07-06,21,-0.4353,-5.1006
2012-06-07,2012-07-09,21,0.5478,6.7758
2012-06-08,2012-07-10,21,-0.1644,-1.9548
2012-06-11,2012-07-11,21,-0.0565,-0.6755
2012-06-12,2012-07-12,21,-0.7901,-9.0799
2012-06-13,2012-07-13,21,-0.3011,-3.5536
2012-06-14,2012-07-16,21,-0.3291,-3.8784
2012-06-15,2012-07-17,21,-1.2033,-13.5214
2012-06-18,2012-07-18,21,-1.1249,-12.6937
2012-06-19,2012-07-19,21,-0.5805,-6.7473
2012-06-20,2012-07-20,21,-0.6175,-7.1634
2012-06-21,2012-07-23,21,0.5672,7.0224
2012-06-22,2012-07-24,21,0.595,7.3778
2012-06-25,2012-07-25,21,1.3564,17.5476
2012-06-26,2012-07-26,21,2.1187,28.6063
2012-06-27,2012-07-27,21,1.8513,24.6236
2012-06-28,2012-07-30,21,2.5314,34.9838
2012-06-29,2012-07-31,21,0.9118,11.5075
2012-07-02,2012-08-01,21,0.6245,7.7567
2012-07-03,2012-08-02,21,-0.097,-1.1575
2012-07-05,2012-08-03,21,0.4739,5.8371
2012-07-06,2012-08-06,21,1.7816,23.604
2012-07-09,2012-08-07,21,1.7628,23.3295
2012-07-10,2012-08-08,21,2.2225,30.1843
2012-07-11,2012-08-09,21,2.5598,35.4337
2012-07-12,2012-08-10,21,3.2003,45.9384
2012-07-13,2012-08-13,21,2.1078,28.4427
2012-07-16,2012-08-14,21,1.4941,19.4779
2012-07-17,2012-08-15,21,1.581,20.7125
2012-07-18,2012-08-16,21,1.6332,21.4578
2012-07-19,2012-08-17,21,1.2753,16.4246
2012-07-20,2012-08-20,21,1.2523,16.1076
2012-07-23,2012-08-21,21,2.0071,26.9307
2012-07-24,2012-08-22,21,2.3617,32.3272
2012-07-25,2012-08-23,21,1.7684,23.411
2012-07-26,2012-08-24,21,1.1389,14.5556
2012-07-27,2012-08-27,21,1.0624,13.5203
2012-07-30,2012-08-28,21,1.0844,13.817
2012-07-31,2012-08-29,21,1.0138,12.8679
2012-08-01,2012-08-30,21,0.8665,10.9082
2012-08-02,2012-08-31,21,2.1671,29.3397
2012-08-03,2012-09-04,21,1.7093,22.5537
2012-08-06,2012-09-05,21,1.1414,14.5898
2012-08-07,2012-09-06,21,1.642,21.5849
2012-08-08,2012-09-07,21,1.9893,26.6649
2012-08-09,2012-09-10,21,1.4627,19.0355
2012-08-10,2012-09-11,21,1.1296,14.4304
2012-08-13,2012-09-12,21,1.1927,15.2893
2012-08-14,2012-09-13,21,2.7037,37.732
2012-08-15,2012-09-14,21,2.4389,33.5294
2012-08-16,2012-09-17,21,2.0389,27.4064
2012-08-17,2012-09-18,21,2.033,27.317
2012-08-20,2012-09-19,21,2.2311,30.3158
2012-08-21,2012-09-20,21,1.7564,23.2362
2012-08-22,2012-09-21,21,1.5751,20.6282
2012-08-23,2012-09-24,21,0.985,12.4813
2012-08-24,2012-09-25,21,0.914,11.537
2012-08-27,2012-09-26,21,0.7088,8.8457
2012-08-28,2012-09-27,21,1.3674,17.7003
2012-08-29,2012-09-28,21,1.4043,18.2162
2012-08-30,2012-10-01,21,1.9836,26.5797
2012-08-31,2012-10-02,21,0.9359,11.8277
2012-09-04,2012-10-03,21,0.9378,11.8527
2012-09-05,2012-10-04,21,1.1912,15.269
2012-09-06,2012-10-05,21,0.008,0.0961
2012-09-07,2012-10-08,21,-0.3557,-4.1855
2012-09-10,2012-10-09,21,-0.6624,-7.6657
2012-09-11,2012-10-10,21,-0.679,-7.8509
2012-09-12,2012-10-11,21,-0.0737,-0.8803
2012-09-13,2012-10-12,21,-0.9572,-10.9008
2012-09-14,2012-10-15,21,-0.7124,-8.2222
2012-09-17,2012-10-16,21,-0.649,-7.5155
2012-09-18,2012-10-17,21,-1.0928,-12.354
2012-09-19,2012-10-18,21,-1.683,-18.4278
2012-09-20,2012-10-19,21,-2.0984,-22.469
2012-09-21,2012-10-22,21,-2.286,-24.2329
2012-09-24,2012-10-23,21,-1.9886,-21.4184
2012-09-25,2012-10-24,21,-2.5004,-26.2039
2012-09-26,2012-10-25,21,-2.2061,-23.4857
2012-09-27,2012-10-26,21,-2.5175,-26.3591
2012-09-28,2012-10-31,21,-2.3155,-24.5072
2012-10-01,2012-11-01,21,-2.0333,-21.8474
2012-10-02,2012-11-02,21,-2.8888,-29.6553
2012-10-03,2012-11-05,21,-2.4059,-25.3411
2012-10-04,2012-11-06,21,-1.9028,-20.5897
2012-10-05,2012-11-07,21,-1.504,-16.6274
2012-10-08,2012-11-08,21,-1.1936,-13.4189
2012-10-09,2012-11-09,21,-0.3924,-4.6085
2012-10-10,2012-11-12,21,-0.3127,-3.6882
2012-10-11,2012-11-13,21,-0.8727,-9.9844
2012-10-12,2012-11-14,21,-0.8474,-9.7079
2012-10-15,2012-11-15,21,-0.9183,-10.4794
2012-10-16,2012-11-16,21,-1.0765,-12.1797
2012-10-17,2012-11-19,21,-0.1846,-2.1934
2012-10-18,2012-11-20,21,-0.2703,-3.1959
2012-10-19,2012-11-21,21,0.4287,5.268
2012-10-22,2012-11-23,21,1.3161,16.9884
2012-10-23,2012-11-26,21,1.4416,18.7386
2012-10-24,2012-11-27,21,1.7853,23.657
2012-10-25,2012-11-28,21,1.463,19.0402
2012-10-26,2012-11-29,21,1.501,19.5764
2012-10-31,2012-11-30,21,1.0646,13.5504
2012-11-01,2012-12-03,21,0.6514,8.1032
2012-11-02,2012-12-04,21,1.4639,19.0526
2012-11-05,2012-12-05,21,0.9099,11.4824
2012-11-06,2012-12-06,21,0.8199,10.2943
2012-11-07,2012-12-07,21,0.9598,12.1461
2012-11-08,2012-12-10,21,1.1296,14.4298
2012-11-09,2012-12-11,21,1.1155,14.2391
2012-11-12,2012-12-12,21,0.8574,10.7876
2012-11-13,2012-12-13,21,0.7063,8.8133
2012-11-14,2012-12-14,21,0.9931,12.5903
2012-11-15,2012-12-17,21,1.0663,13.5733
2012-11-16,2012-12-18,21,0.9066,11.4384
2012-11-19,2012-12-19,21,0.3788,4.6409
2012-11-20,2012-12-20,21,0.6573,8.1786
2012-11-21,2012-12-21,21,0.3249,3.9697
2012-11-23,2012-12-24,21,-0.6659,-7.705
2012-11-26,2012-12-26,21,-0.8548,-9.7892
2012-11-27,2012-12-27,21,-0.5534,-6.4424
2012-11-28,2012-12-28,21,-0.6987,-8.07
2012-11-29,2012-12-31,21,-0.7043,-8.1322
2012-11-30,2013-01-02,21,0.4702,5.7904
2012-12-03,2013-01-03,21,-0.4456,-5.218
2012-12-04,2013-01-04,21,-0.5984,-6.9493
2012-12-05,2013-01-07,21,-0.6039,-7.0103
2012-12-06,2013-01-08,21,-0.8335,-9.5555
2012-12-07,2013-01-09,21,-0.6494,-7.5207
2012-12-10,2013-01-10,21,-0.6155,-7.1414
2012-12-11,2013-01-11,21,-0.6665,-7.7112
2012-12-12,2013-01-14,21,-0.2933,-3.4635
2012-12-13,2013-01-15,21,0.4594,5.6549
2012-12-14,2013-01-16,21,0.4478,5.5076
2012-12-17,2013-01-17,21,0.7549,9.4447
2012-12-18,2013-01-18,21,1.0895,13.8862
2012-12-19,2013-01-22,21,1.2135,15.5737
2012-12-20,2013-01-23,21,1.4325,18.6108
2012-12-21,2013-01-24,21,1.1717,15.0034
2012-12-24,2013-01-25,21,1.042,13.2454
2012-12-26,2013-01-28,21,0.9297,11.7455
2012-12-27,2013-01-29,21,0.5979,7.4153
2012-12-28,2013-01-30,21,1.0761,13.7056
2012-12-31,2013-01-31,21,0.5717,7.0804
2013-01-02,2013-02-01,21,-0.0487,-0.5833
2013-01-03,2013-02-04,21,0.7017,8.7532
2013-01-04,2013-02-05,21,1.0202,12.9528
2013-01-07,2013-02-06,21,1.4053,18.2298
2013-01-08,2013-02-07,21,0.8012,10.0494
2013-01-09,2013-02-08,21,0.9326,11.7839
2013-01-10,2013-02-11,21,0.1232,1.488
2013-01-11,2013-02-12,21,-0.0126,-0.1508
2013-01-14,2013-02-13,21,-0.3585,-4.2182
2013-01-15,2013-02-14,21,-0.4483,-5.2491
2013-01-16,2013-02-15,21,-1.0654,-12.0619
2013-01-17,2013-02-19,21,-1.2063,-13.5527
2013-01-18,2013-02-20,21,-2.1441,-22.9022
2013-01-22,2013-02-21,21,-2.5517,-26.6686
2013-01-23,2013-02-22,21,-2.2763,-24.1421
2013-01-24,2013-02-25,21,-1.7009,-18.6056
2013-01-25,2013-02-26,21,-0.9626,-10.9586
2013-01-28,2013-02-27,21,-0.9962,-11.3202
2013-01-29,2013-02-28,21,-0.9143,-10.4359
2013-01-30,2013-03-01,21,-0.9925,-11.2805
2013-01-31,2013-03-04,21,-0.8834,-10.1005
2013-02-01,2013-03-05,21,-0.6543,-7.5747
2013-02-04,2013-03-06,21,-0.8742,-10.0006
2013-02-05,2013-03-07,21,-0.9973,-11.3328
2013-02-06,2013-03-08,21,-1.543,-17.0229
2013-02-07,2013-03-11,21,-1.0985,-12.4138
2013-02-08,2013-03-12,21,-0.9382,-10.6955
2013-02-11,2013-03-13,21,-0.6538,-7.569
2013-02-12,2013-03-14,21,-0.5116,-5.9689
2013-02-13,2013-03-15,21,-0.4314,-5.0553
2013-02-14,2013-03-18,21,-0.5021,-5.8614
2013-02-15,2013-03-19,21,0.168,2.0344
2013-02-19,2013-03-20,21,0.133,1.6079
2013-02-20,2013-03-21,21,1.0495,13.3474
2013-02-21,2013-03-22,21,1.332,17.2079
2013-02-22,2013-03-25,21,0.9305,11.7554
2013-02-25,2013-03-26,21,0.7534,9.4247
2013-02-26,2013-03-27,21,0.7052,8.798
2013-02-27,2013-03-28,21,0.6781,8.4472
2013-02-28,2013-04-01,21,0.8777,11.0566
2013-03-01,2013-04-02,21,0.3122,3.8112
2013-03-04,2013-04-03,21,-0.0858,-1.0246
2013-03-05,2013-04-04,21,-0.0762,-0.9111
2013-03-06,2013-04-05,21,0.7696,9.6362
2013-03-07,2013-04-08,21,0.7681,9.6167
2013-03-08,2013-04-09,21,1.3308,17.1925
2013-03-11,2013-04-10,21,0.9731,12.3225
2013-03-12,2013-04-11,21,0.6886,8.5841
2013-03-13,2013-04-12,21,0.0289,0.3473
2013-03-14,2013-04-15,21,-2.5575,-26.7208
2013-03-15,2013-04-16,21,-1.8573,-20.1463
2013-03-18,2013-04-17,21,-2.4985,-26.1866
2013-03-19,2013-04-18,21,-2.7894,-28.7863
2013-03-20,2013-04-19,21,-2.6754,-27.778
2013-03-21,2013-04-22,21,-2.1559,-23.0134
2013-03-22,2013-04-23,21,-2.1104,-22.5822
2013-03-25,2013-04-24,21,-1.4535,-16.1131
2013-03-26,2013-04-25,21,-0.8805,-10.0693
2013-03-27,2013-04-26,21,-1.3938,-15.5014
2013-03-28,2013-04-29,21,-0.8954,-10.2306
2013-04-01,2013-04-30,21,-0.6834,-7.8998
2013-04-02,2013-05-01,21,-0.647,-7.4941
2013-04-03,2013-05-02,21,0.3864,4.7365
2013-04-04,2013-05-03,21,-0.3794,-4.4591
2013-04-05,2013-05-06,21,-0.8294,-9.511
2013-04-08,2013-05-07,21,-1.0804,-12.2218
2013-04-09,2013-05-08,21,-0.8228,-9.4389
2013-04-10,2013-05-09,21,-0.8367,-9.5911
2013-04-11,2013-05-10,21,-1.5143,-16.7316
2013-04-12,2013-05-13,21,-1.2498,-14.0083
2013-04-15,2013-05-14,21,1.2948,16.6938
2013-04-16,2013-05-15,21,0.4367,5.3679
2013-04-17,2013-05-16,21,1.1045,14.089
2013-04-18,2013-05-17,21,0.7781,9.7478
2013-04-19,2013-05-20,21,0.9226,11.6507
2013-04-22,2013-05-21,21,0.3462,4.235
2013-04-23,2013-05-22,21,-0.7052,-8.1423
2013-04-24,2013-05-23,21,-0.7341,-8.4622
2013-04-25,2013-05-24,21,-1.5676,-17.2716
2013-04-26,2013-05-28,21,-2.0076,-21.601
2013-04-29,2013-05-29,21,-1.952,-21.066
2013-04-30,2013-05-30,21,-1.5207,-16.7973
2013-05-01,2013-05-31,21,-1.75,-19.0923
2013-05-02,2013-06-03,21,-1.9288,-20.8418
2013-05-03,2013-06-04,21,-2.0918,-22.4058
2013-05-06,2013-06-05,21,-2.1472,-22.931
2013-05-07,2013-06-06,21,-1.3307,-14.8505
2013-05-08,2013-06-07,21,-2.6347,-27.4144
2013-05-09,2013-06-10,21,-2.5079,-26.2722
2013-05-10,2013-06-11,21,-2.0819,-22.3119
2013-05-13,2013-06-12,21,-2.0034,-21.5608
2013-05-14,2013-06-13,21,-1.2448,-13.9562
2013-05-15,2013-06-14,21,-1.1713,-13.1848
2013-05-16,2013-06-17,21,-1.1818,-13.2949
2013-05-17,2013-06-18,21,-0.7436,-8.5669
2013-05-20,2013-06-19,21,-1.2928,-14.4569
2013-05-21,2013-06-20,21,-3.9596,-38.4189
2013-05-22,2013-06-21,21,-3.434,-34.251
2013-05-23,2013-06-24,21,-4.4547,-42.1221
2013-05-24,2013-06-25,21,-4.3006,-40.992
2013-05-28,2013-06-26,21,-4.1844,-40.1266
2013-05-29,2013-06-27,21,-4.5067,-42.499
2013-05-30,2013-06-28,21,-4.7735,-44.3973
2013-05-31,2013-07-01,21,-3.4492,-34.3747
2013-06-03,2013-07-02,21,-4.2092,-40.3125
2013-06-04,2013-07-03,21,-3.5494,-35.1873
2013-06-05,2013-07-05,21,-4.8972,-45.258
2013-06-06,2013-07-08,21,-4.8007,-44.5878
2013-06-07,2013-07-09,21,-3.743,-36.7315
2013-06-10,2013-07-10,21,-3.6067,-35.6476
2013-06-11,2013-07-11,21,-2.0919,-22.4069
2013-06-12,2013-07-12,21,-1.5941,-17.5383
2013-06-13,2013-07-15,21,-1.8095,-19.678
2013-06-14,2013-07-16,21,-1.5024,-16.6109
2013-06-17,2013-07-17,21,-1.6775,-18.3731
2013-06-18,2013-07-18,21,-1.7484,-19.0761
2013-06-19,2013-07-19,21,-1.0123,-11.4937
2013-06-20,2013-07-22,21,2.504,34.5521
2013-06-21,2013-07-23,21,2.5831,35.8024
2013-06-24,2013-07-24,21,2.4679,33.985
2013-06-25,2013-07-25,21,2.9368,41.5298
2013-06-26,2013-07-26,21,3.3973,49.3167
2013-06-27,2013-07-29,21,3.1989,45.9148
2013-06-28,2013-07-30,21,3.0218,42.9387
2013-07-01,2013-07-31,21,2.2002,29.8444
2013-07-02,2013-08-01,21,2.4621,33.8941
2013-07-03,2013-08-02,21,2.5851,35.8347
2013-07-05,2013-08-05,21,3.6356,53.4993
2013-07-08,2013-08-06,21,2.609,36.2156
2013-07-09,2013-08-07,21,2.3223,31.7179
2013-07-10,2013-08-08,21,2.9753,42.1658
2013-07-11,2013-08-09,21,1.5514,20.2897
2013-07-12,2013-08-12,21,1.8033,23.9198
2013-07-15,2013-08-13,21,1.023,12.9913
2013-07-16,2013-08-14,21,0.9282,11.7244
2013-07-17,2013-08-15,21,0.6758,8.4181
2013-07-18,2013-08-16,21,0.8575,10.7892
2013-07-19,2013-08-19,21,0.0185,0.2224
2013-07-22,2013-08-20,21,-0.4541,-5.3156
2013-07-23,2013-08-21,21,-0.5388,-6.2779
2013-07-24,2013-08-22,21,0.689,8.5884
2013-07-25,2013-08-23,21,1.0256,13.026
2013-07-26,2013-08-26,21,1.0984,14.0067
2013-07-29,2013-08-27,21,1.5166,19.7968
2013-07-30,2013-08-28,21,1.2639,16.2672
2013-07-31,2013-08-29,21,1.5294,19.9785
2013-08-01,2013-08-30,21,1.1823,15.1481
2013-08-02,2013-09-03,21,1.0371,13.1808
2013-08-05,2013-09-04,21,1.2398,15.9353
2013-08-06,2013-09-05,21,1.111,14.1777
2013-08-07,2013-09-06,21,1.3439,17.374
2013-08-08,2013-09-09,21,0.9162,11.5659
2013-08-09,2013-09-10,21,0.5701,7.0596
2013-08-12,2013-09-11,21,0.5167,6.3793
2013-08-13,2013-09-12,21,0.219,2.6593
2013-08-14,2013-09-13,21,-0.197,-2.3386
2013-08-15,2013-09-16,21,0.2422,2.9451
2013-08-16,2013-09-17,21,0.4581,5.6377
2013-08-19,2013-09-18,21,1.4049,18.2243
2013-08-20,2013-09-19,21,2.0209,27.1361
2013-08-21,2013-09-20,21,1.7515,23.1652
2013-08-22,2013-09-23,21,1.1376,14.5382
2013-08-23,2013-09-24,21,0.4405,5.4159
2013-08-26,2013-09-25,21,0.927,11.7096
2013-08-27,2013-09-26,21,0.4135,5.0768
2013-08-28,2013-09-27,21,0.7264,9.0731
2013-08-29,2013-09-30,21,0.118,1.4257
2013-08-30,2013-10-01,21,0.0192,0.2305
2013-09-03,2013-10-02,21,0.5297,6.5451
2013-09-04,2013-10-03,21,0.2678,3.2617
2013-09-05,2013-10-04,21,0.9888,12.5325
2013-09-06,2013-10-07,21,0.8104,10.1699
2013-09-09,2013-10-08,21,0.0301,0.3618
2013-09-10,2013-10-09,21,-0.2934,-3.4642
2013-09-11,2013-10-10,21,-0.2884,-3.407
2013-09-12,2013-10-11,21,0.0664,0.7996
2013-09-13,2013-10-14,21,0.4475,5.5044
2013-09-16,2013-10-15,21,0.0512,0.6162
2013-09-17,2013-10-16,21,0.452,5.5611
2013-09-18,2013-10-17,21,1.1089,14.1495
2013-09-19,2013-10-18,21,0.2731,3.3273
2013-09-20,2013-10-21,21,0.9279,11.7207
2013-09-23,2013-10-22,21,1.6991,22.4071
2013-09-24,2013-10-23,21,1.0022,12.712
2013-09-25,2013-10-24,21,0.7623,9.5411
2013-09-26,2013-10-25,21,1.2615,16.2333
2013-09-27,2013-10-28,21,0.9462,11.9638
2013-09-30,2013-10-29,21,1.3957,18.0964
2013-10-01,2013-10-30,21,1.8592,24.7399
2013-10-02,2013-10-31,21,0.6251,7.7645
2013-10-03,2013-11-01,21,0.5043,6.222
2013-10-04,2013-11-04,21,0.4788,5.8997
2013-10-07,2013-11-05,21,-0.2016,-2.3929
2013-10-08,2013-11-06,21,0.6085,7.5516
2013-10-09,2013-11-07,21,0.8527,10.7268
2013-10-10,2013-11-08,21,-0.2061,-2.445
2013-10-11,2013-11-11,21,0.0563,0.6772
2013-10-14,2013-11-12,21,-0.0182,-0.2182
2013-10-15,2013-11-13,21,0.6649,8.2778
2013-10-16,2013-11-14,21,0.4625,5.694
2013-10-17,2013-11-15,21,-0.4482,-5.2479
2013-10-18,2013-11-18,21,-1.0658,-12.0657
2013-10-21,2013-11-19,21,-1.4963,-16.5492
2013-10-22,2013-11-20,21,-2.956,-30.2368
2013-10-23,2013-11-21,21,-2.3158,-24.5096
2013-10-24,2013-11-22,21,-2.2982,-24.3463
2013-10-25,2013-11-25,21,-2.4919,-26.1268
2013-10-28,2013-11-26,21,-2.2961,-24.3266
2013-10-29,2013-11-27,21,-2.4174,-25.446
2013-10-30,2013-11-29,21,-1.9636,-21.1776
2013-10-31,2013-12-02,21,-2.2365,-23.7705
2013-11-01,2013-12-03,21,-1.6776,-18.3735
2013-11-04,2013-12-04,21,-1.4576,-16.1552
2013-11-05,2013-12-05,21,-1.3713,-15.2694
2013-11-06,2013-12-06,21,-1.3458,-15.0061
2013-11-07,2013-12-09,21,-0.7885,-9.0621
2013-11-08,2013-12-10,21,0.6719,8.3679
2013-11-11,2013-12-11,21,0.2,2.4263
2013-11-12,2013-12-12,21,-0.7278,-8.3925
2013-11-13,2013-12-13,21,-0.5736,-6.6707
2013-11-14,2013-12-16,21,-0.7503,-8.6417
2013-11-15,2013-12-17,21,-0.962,-10.9522
2013-11-18,2013-12-18,21,-0.3809,-4.4764
2013-11-19,2013-12-19,21,-0.9205,-10.5033
2013-11-20,2013-12-20,21,0.7641,9.5643
2013-11-21,2013-12-23,21,0.6303,7.8319
2013-11-22,2013-12-24,21,0.3517,4.3025
2013-11-25,2013-12-26,21,0.4926,6.0742
2013-11-26,2013-12-27,21,0.3091,3.7729
2013-11-27,2013-12-30,21,0.2627,3.1985
2013-11-29,2013-12-31,21,-0.0413,-0.4948
2013-12-02,2014-01-02,21,0.9464,11.9676
2013-12-03,2014-01-03,21,0.9595,12.1412
2013-12-04,2014-01-06,21,0.6012,7.4579
2013-12-05,2014-01-07,21,1.1522,14.7372
2013-12-06,2014-01-08,21,0.8545,10.7501
2013-12-09,2014-01-09,21,0.7246,9.0502
2013-12-10,2014-01-10,21,0.7048,8.7929
2013-12-11,2014-01-13,21,1.1818,15.141
2013-12-12,2014-01-14,21,2.3769,32.5628
2013-12-13,2014-01-15,21,2.0614,27.744
2013-12-16,2014-01-16,21,1.907,25.4438
2013-12-17,2014-01-17,21,2.138,28.8985
2013-12-18,2014-01-21,21,1.9172,25.5947
2013-12-19,2014-01-22,21,2.9559,41.8445
2013-12-20,2014-01-23,21,2.7562,38.5787
2013-12-23,2014-01-24,21,2.4794,34.165
2013-12-24,2014-01-27,21,2.0777,27.9879
2013-12-26,2014-01-28,21,1.8961,25.2826
2013-12-27,2014-01-29,21,2.1372,28.8859
2013-12-30,2014-01-30,21,2.061,27.7374
2013-12-31,2014-01-31,21,2.1417,28.9549
2014-01-02,2014-02-03,21,1.9904,26.6805
2014-01-03,2014-02-04,21,1.4802,19.2819
2014-01-06,2014-02-05,21,1.3544,17.5201
2014-01-07,2014-02-06,21,1.5167,19.7981
2014-01-08,2014-02-07,21,2.0409,27.4361
2014-01-09,2014-02-10,21,2.4191,33.2213
2014-01-10,2014-02-11,21,2.1335,28.8305
2014-01-13,2014-02-12,21,2.3879,32.7344
2014-01-14,2014-02-13,21,2.6419,36.7397
2014-01-15,2014-02-14,21,2.9698,42.0748
2014-01-16,2014-02-18,21,3.0584,43.5495
2014-01-17,2014-02-19,21,2.6061,36.1693
2014-01-21,2014-02-20,21,2.6974,37.6302
2014-01-22,2014-02-21,21,2.9453,41.6703
2014-01-23,2014-02-24,21,2.5874,35.871
2014-01-24,2014-02-25,21,3.1483,45.0592
2014-01-27,2014-02-26,21,3.5559,52.0889
2014-01-28,2014-02-27,21,3.8887,58.0583
2014-01-29,2014-02-28,21,3.3471,48.4503
2014-01-30,2014-03-03,21,4.0496,61.0223
2014-01-31,2014-03-04,21,3.8346,57.0747
2014-02-03,2014-03-05,21,3.9244,58.7113
2014-02-04,2014-03-06,21,4.1775,63.4128
2014-02-05,2014-03-07,21,3.8304,56.9976
2014-02-06,2014-03-10,21,3.4583,50.3771
2014-02-07,2014-03-11,21,2.8848,40.6737
2014-02-10,2014-03-12,21,3.1909,45.7796
2014-02-11,2014-03-13,21,2.5617,35.4636
2014-02-12,2014-03-14,21,2.5222,34.8396
2014-02-13,2014-03-17,21,1.9836,26.5799
2014-02-14,2014-03-18,21,1.6154,21.2032
2014-02-18,2014-03-19,21,0.7628,9.547
2014-02-19,2014-03-20,21,0.9851,12.4826
2014-02-20,2014-03-21,21,1.0629,13.5272
2014-02-21,2014-03-24,21,0.3266,3.9909
2014-02-24,2014-03-25,21,0.0383,0.4607
2014-02-25,2014-03-26,21,-0.4508,-5.2769
2014-02-26,2014-03-27,21,-0.6017,-6.9865
2014-02-27,2014-03-28,21,-0.8828,-10.0941
2014-02-28,2014-03-31,21,-0.5582,-6.4969
2014-03-03,2014-04-01,21,-0.954,-10.8662
2014-03-04,2014-04-02,21,-0.7358,-8.4804
2014-03-05,2014-04-03,21,-1.0431,-11.8237
2014-03-06,2014-04-04,21,-1.1629,-13.0957
2014-03-07,2014-04-07,21,-0.863,-9.8782
2014-03-10,2014-04-08,21,-0.2889,-3.4123
2014-03-11,2014-04-09,21,-0.176,-2.0914
2014-03-12,2014-04-10,21,-1.1928,-13.4111
2014-03-13,2014-04-11,21,-1.2645,-14.1615
2014-03-14,2014-04-14,21,-0.9212,-10.5108
2014-03-17,2014-04-15,21,-1.0742,-12.155
2014-03-18,2014-04-16,21,-0.9868,-11.2193
2014-03-19,2014-04-17,21,-0.6698,-7.7483
2014-03-20,2014-04-21,21,-0.6444,-7.4644
2014-03-21,2014-04-22,21,-0.6621,-7.6622
2014-03-24,2014-04-23,21,-0.1285,-1.5306
2014-03-25,2014-04-24,21,0.0408,0.4911
2014-03-26,2014-04-25,21,-0.0246,-0.2952
2014-03-27,2014-04-28,21,-0.1703,-2.0248
2014-03-28,2014-04-29,21,-0.002,-0.0236
2014-03-31,2014-04-30,21,0.2343,2.8481
2014-04-01,2014-05-01,21,0.2058,2.4974
2014-04-02,2014-05-02,21,0.7112,8.8767
2014-04-03,2014-05-05,21,0.8822,11.1153
2014-04-04,2014-05-06,21,0.8705,10.9614
2014-04-07,2014-05-07,21,0.4632,5.7026
2014-04-08,2014-05-08,21,-0.186,-2.209
2014-04-09,2014-05-09,21,-0.3577,-4.2087
2014-04-10,2014-05-12,21,0.4765,5.8699
2014-04-11,2014-05-13,21,0.7711,9.6553
2014-04-14,2014-05-14,21,0.747,9.3415
2014-04-15,2014-05-15,21,0.706,8.8093
2014-04-16,2014-05-16,21,0.5785,7.1676
2014-04-17,2014-05-19,21,0.9427,11.9181
2014-04-21,2014-05-20,21,0.8228,10.3335
2014-04-22,2014-05-21,21,0.6422,7.9851
2014-04-23,2014-05-22,21,0.8064,10.1174
2014-04-24,2014-05-23,21,0.9128,11.521
2014-04-25,2014-05-27,21,1.2271,15.7611
2014-04-28,2014-05-28,21,1.6628,21.8829
2014-04-29,2014-05-29,21,1.4322,18.6076
2014-04-30,2014-05-30,21,0.9253,11.6859
2014-05-01,2014-06-02,21,0.6889,8.5877
2014-05-02,2014-06-03,21,-0.1489,-1.7724
2014-05-05,2014-06-04,21,-0.0934,-1.1156
2014-05-06,2014-06-05,21,0.4806,5.9224
2014-05-07,2014-06-06,21,1.3124,16.9366
2014-05-08,2014-06-09,21,1.3847,17.942
2014-05-09,2014-06-10,21,1.4908,19.4321
2014-05-12,2014-06-11,21,1.0506,13.3613
2014-05-13,2014-06-12,21,1.2806,16.497
2014-05-14,2014-06-13,21,1.0898,13.8911
2014-05-15,2014-06-16,21,1.4549,18.9253
2014-05-16,2014-06-17,21,1.1952,15.3243
2014-05-19,2014-06-18,21,1.4286,18.5571
2014-05-20,2014-06-19,21,1.9141,25.5486
2014-05-21,2014-06-20,21,2.2323,30.3344
2014-05-22,2014-06-23,21,1.9372,25.8897
2014-05-23,2014-06-24,21,1.8394,24.4483
2014-05-27,2014-06-25,21,2.1336,28.8319
2014-05-28,2014-06-26,21,1.9439,25.9893
2014-05-29,2014-06-27,21,2.1358,28.8659
2014-05-30,2014-06-30,21,2.6679,37.1557
2014-06-02,2014-07-01,21,2.9969,42.524
2014-06-03,2014-07-02,21,3.1318,44.7811
2014-06-04,2014-07-03,21,2.9666,42.0229
2014-06-05,2014-07-07,21,2.4703,34.0213
2014-06-06,2014-07-08,21,2.2473,30.5633
2014-06-09,2014-07-09,21,2.5176,34.7662
2014-06-10,2014-07-10,21,2.6473,36.8268
2014-06-11,2014-07-11,21,2.7522,38.5146
2014-06-12,2014-07-14,21,1.8129,24.0606
2014-06-13,2014-07-15,21,1.3791,17.8637
2014-06-16,2014-07-16,21,1.546,20.2141
2014-06-17,2014-07-17,21,1.9451,26.0074
2014-06-18,2014-07-18,21,1.6889,22.2591
2014-06-19,2014-07-21,21,1.4939,19.4755
2014-06-20,2014-07-22,21,1.3203,17.0464
2014-06-23,2014-07-23,21,1.1017,14.0518
2014-06-24,2014-07-24,21,0.5626,6.9642
2014-06-25,2014-07-25,21,0.7628,9.5473
2014-06-26,2014-07-28,21,0.8168,10.2546
2014-06-27,2014-07-29,21,0.6273,7.7933
2014-06-30,2014-07-30,21,0.0806,0.9711
2014-07-01,2014-07-31,21,-0.8947,-10.2239
2014-07-02,2014-08-01,21,-0.3749,-4.4073
2014-07-03,2014-08-04,21,-0.2657,-3.1421
2014-07-07,2014-08-05,21,-0.4138,-4.8543
2014-07-08,2014-08-06,21,0.0083,0.0994
2014-07-09,2014-08-07,21,-0.1263,-1.5052
2014-07-10,2014-08-08,21,-0.1672,-1.9879
2014-07-11,2014-08-11,21,-0.2332,-2.7632
2014-07-14,2014-08-12,21,0.1019,1.2301
2014-07-15,2014-08-13,21,0.8521,10.7188
2014-07-16,2014-08-14,21,0.845,10.6247
2014-07-17,2014-08-15,21,0.7709,9.6536
2014-07-18,2014-08-18,21,0.4837,5.9611
2014-07-21,2014-08-19,21,0.2881,3.5127
2014-07-22,2014-08-20,21,0.2152,2.6127
2014-07-23,2014-08-21,21,0.3164,3.8641
2014-07-24,2014-08-22,21,0.8419,10.5835
2014-07-25,2014-08-25,21,0.4754,5.8569
2014-07-28,2014-08-26,21,0.5656,7.0022
2014-07-29,2014-08-27,21,0.7972,9.9978
2014-07-30,2014-08-28,21,1.3813,17.8942
2014-07-31,2014-08-29,21,2.3598,32.2976
2014-08-01,2014-09-02,21,1.2093,15.5161
2014-08-04,2014-09-03,21,1.4697,19.1347
2014-08-05,2014-09-04,21,1.3055,16.8416
2014-08-06,2014-09-05,21,1.1012,14.0444
2014-08-07,2014-09-08,21,0.8197,10.2924
2014-08-08,2014-09-09,21,0.2768,3.3731
2014-08-11,2014-09-10,21,0.0029,0.0353
2014-08-12,2014-09-11,21,0.0637,0.7665
2014-08-13,2014-09-12,21,-1.0031,-11.3948
2014-08-14,2014-09-15,21,-1.4942,-16.5278
2014-08-15,2014-09-16,21,-1.4499,-16.0758
2014-08-18,2014-09-17,21,-1.2827,-14.3512
2014-08-19,2014-09-18,21,-1.0888,-12.3104
2014-08-20,2014-09-19,21,-1.225,-13.7485
2014-08-21,2014-09-22,21,-1.3299,-14.8422
2014-08-22,2014-09-23,21,-1.3764,-15.3219
2014-08-25,2014-09-24,21,-1.3525,-15.0753
2014-08-26,2014-09-25,21,-1.5781,-17.3774
2014-08-27,2014-09-26,21,-1.6198,-17.7966
2014-08-28,2014-09-29,21,-1.6011,-17.6082
2014-08-29,2014-09-30,21,-2.0646,-22.1469
2014-09-02,2014-10-01,21,-1.2328,-13.8311
2014-09-03,2014-10-02,21,-1.7333,-18.9269
2014-09-04,2014-10-03,21,-1.5196,-16.7861
2014-09-05,2014-10-06,21,-1.5278,-16.8684
2014-09-08,2014-10-07,21,-1.355,-15.1009
2014-09-09,2014-10-08,21,-0.6681,-7.7291
2014-09-10,2014-10-09,21,-0.8175,-9.3805
2014-09-11,2014-10-10,21,-1.4939,-16.5251
2014-09-12,2014-10-13,21,-0.947,-10.79
2014-09-15,2014-10-14,21,-0.3994,-4.6886
2014-09-16,2014-10-15,21,-0.1172,-1.3974
2014-09-17,2014-10-16,21,-0.2616,-3.095
2014-09-18,2014-10-17,21,-0.3564,-4.194
2014-09-19,2014-10-20,21,0.1776,2.1518
2014-09-22,2014-10-21,21,1.0132,12.8596
2014-09-23,2014-10-22,21,0.5009,6.1793
2014-09-24,2014-10-23,21,0.2332,2.8346
2014-09-25,2014-10-24,21,0.7589,9.4968
2014-09-26,2014-10-27,21,0.7445,9.3084
2014-09-29,2014-10-28,21,0.6804,8.4767
2014-09-30,2014-10-29,21,0.8627,10.8578
2014-10-01,2014-10-30,21,0.4714,5.8053
2014-10-02,2014-10-31,21,0.6752,8.4105
2014-10-03,2014-11-03,21,0.8835,11.1328
2014-10-06,2014-11-04,21,0.7913,9.9203
2014-10-07,2014-11-05,21,0.5152,6.361
2014-10-08,2014-11-06,21,-0.1401,-1.6681
2014-10-09,2014-11-07,21,0.9702,12.2847
2014-10-10,2014-11-10,21,1.7635,23.3401
2014-10-13,2014-11-11,21,1.9451,26.0077
2014-10-14,2014-11-12,21,1.4462,18.8029
2014-10-15,2014-11-13,21,1.1642,14.901
2014-10-16,2014-11-14,21,2.1396,28.9223
2014-10-17,2014-11-17,21,1.8005,23.8797
2014-10-20,2014-11-18,21,1.8481,24.5765
2014-10-21,2014-11-19,21,0.7535,9.4264
2014-10-22,2014-11-20,21,1.3138,16.9559
2014-10-23,2014-11-21,21,1.9678,26.3443
2014-10-24,2014-11-24,21,1.7141,22.6242
2014-10-27,2014-11-25,21,1.8492,24.5922
2014-10-28,2014-11-26,21,1.9283,25.7581
2014-10-29,2014-11-28,21,1.9915,26.6979
2014-10-30,2014-12-01,21,2.7418,38.3463
2014-10-31,2014-12-02,21,2.2591,30.7452
2014-11-03,2014-12-03,21,2.7215,38.018
2014-11-04,2014-12-04,21,2.8563,40.2075
2014-11-05,2014-12-05,21,2.7907,39.1373
2014-11-06,2014-12-08,21,3.1926,45.8083
2014-11-07,2014-12-09,21,3.2629,47.0053
2014-11-10,2014-12-10,21,3.3468,48.4453
2014-11-11,2014-12-11,21,3.4428,50.1073
2014-11-12,2014-12-12,21,3.464,50.4778
2014-11-13,2014-12-15,21,2.77,38.8025
2014-11-14,2014-12-16,21,1.6823,22.1644
2014-11-17,2014-12-17,21,2.0755,27.9548
2014-11-18,2014-12-18,21,1.6356,21.493
2014-11-19,2014-12-19,21,2.4227,33.2763
2014-11-20,2014-12-22,21,2.2094,29.9839
2014-11-21,2014-12-23,21,1.1541,14.7628
2014-11-24,2014-12-24,21,1.0313,13.1023
2014-11-25,2014-12-26,21,1.3862,17.9628
2014-11-26,2014-12-29,21,0.8377,10.5284
2014-11-28,2014-12-30,21,1.2804,16.4942
2014-12-01,2014-12-31,21,0.2979,3.6335
2014-12-02,2015-01-02,21,1.1349,14.502
2014-12-03,2015-01-05,21,0.9061,11.4314
2014-12-04,2015-01-06,21,0.9934,12.5942
2014-12-05,2015-01-07,21,1.3712,17.7539
2014-12-08,2015-01-08,21,1.4225,18.4702
2014-12-09,2015-01-09,21,0.9352,11.8186
2014-12-10,2015-01-12,21,1.2524,16.1084
2014-12-11,2015-01-13,21,0.9592,12.1377
2014-12-12,2015-01-14,21,1.068,13.5956
2014-12-15,2015-01-15,21,2.3363,31.9346
2014-12-16,2015-01-16,21,2.8749,40.5123
2014-12-17,2015-01-20,21,3.4928,50.9808
2014-12-18,2015-01-21,21,3.2104,46.1098
2014-12-19,2015-01-22,21,3.1389,44.9006
2014-12-22,2015-01-23,21,3.355,48.5868
2014-12-23,2015-01-26,21,3.4545,50.3125
2014-12-24,2015-01-27,21,3.1008,44.2601
2014-12-26,2015-01-28,21,2.5552,35.3611
2014-12-29,2015-01-29,21,2.1236,28.6805
2014-12-30,2015-01-30,21,2.3115,31.5512
2014-12-31,2015-02-02,21,2.8518,40.1333
2015-01-02,2015-02-03,21,2.0371,27.379
2015-01-05,2015-02-04,21,1.9649,26.3019
2015-01-06,2015-02-05,21,1.5038,19.6159
2015-01-07,2015-02-06,21,0.388,4.7566
2015-01-08,2015-02-09,21,0.1921,2.3292
2015-01-09,2015-02-10,21,-0.0868,-1.037
2015-01-12,2015-02-11,21,-0.3229,-3.8066
2015-01-13,2015-02-12,21,0.1733,2.0993
2015-01-14,2015-02-13,21,0.2494,3.0345
2015-01-15,2015-02-17,21,-1.1147,-12.586
2015-01-16,2015-02-18,21,-1.5425,-17.0175
2015-01-20,2015-02-19,21,-2.2186,-23.6034
2015-01-21,2015-02-20,21,-1.8406,-19.983
2015-01-22,2015-02-23,21,-2.134,-22.8064
2015-01-23,2015-02-24,21,-1.9476,-21.023
2015-01-26,2015-02-25,21,-1.4246,-15.8175
2015-01-27,2015-02-26,21,-1.1041,-12.4739
2015-01-28,2015-02-27,21,-0.9178,-10.4747
2015-01-29,2015-03-02,21,-0.491,-5.7357
2015-01-30,2015-03-03,21,-1.4493,-16.0702
2015-02-02,2015-03-04,21,-1.5931,-17.528
2015-02-03,2015-03-05,21,-1.2286,-13.7866
2015-02-04,2015-03-06,21,-2.9272,-29.988
2015-02-05,2015-03-09,21,-2.4982,-26.1836
2015-02-06,2015-03-10,21,-1.7043,-18.6389
2015-02-09,2015-03-11,21,-1.7491,-19.0835
2015-02-10,2015-03-12,21,-1.7572,-19.1635
2015-02-11,2015-03-13,21,-1.7254,-18.8488
2015-02-12,2015-03-16,21,-1.4625,-16.2046
2015-02-13,2015-03-17,21,-1.5326,-16.917
2015-02-17,2015-03-18,21,0.0187,0.2243
2015-02-18,2015-03-19,21,0.4138,5.0797
2015-02-19,2015-03-20,21,1.031,13.0977
2015-02-20,2015-03-23,21,0.7067,8.8181
2015-02-23,2015-03-24,21,0.7963,9.9859
2015-02-24,2015-03-25,21,-0.5145,-6.0023
2015-02-25,2015-03-26,21,-1.0373,-11.7612
2015-02-26,2015-03-27,21,-0.4028,-4.7277
2015-02-27,2015-03-30,21,-0.6556,-7.5897
2015-03-02,2015-03-31,21,-0.7138,-8.2369
2015-03-03,2015-04-01,21,0.6171,7.6615
2015-03-04,2015-04-02,21,0.2962,3.6131
2015-03-05,2015-04-06,21,0.6712,8.3586
2015-03-06,2015-04-07,21,2.3257,31.7698
2015-03-09,2015-04-08,21,2.0115,26.9966
2015-03-10,2015-04-09,21,1.9518,26.1073
2015-03-11,2015-04-10,21,2.4268,33.3416
2015-03-12,2015-04-13,21,2.027,27.2283
2015-03-13,2015-04-14,21,2.0767,27.974
2015-03-16,2015-04-15,21,1.8925,25.2301
2015-03-17,2015-04-16,21,1.5935,20.89
2015-03-18,2015-04-17,21,0.8439,10.6103
2015-03-19,2015-04-20,21,0.3765,4.6132
2015-03-20,2015-04-21,21,-0.1163,-1.3865
2015-03-23,2015-04-22,21,-0.5299,-6.1763
2015-03-24,2015-04-23,21,-0.4968,-5.8016
2015-03-25,2015-04-24,21,0.1231,1.4869
2015-03-26,2015-04-27,21,1.1176,14.267
2015-03-27,2015-04-28,21,0.4579,5.6359
2015-03-30,2015-04-29,21,-0.0679,-0.8114
2015-03-31,2015-04-30,21,-0.6396,-7.4107
2015-04-01,2015-05-01,21,-1.4274,-15.8455
2015-04-02,2015-05-04,21,-0.9855,-11.2061
2015-04-06,2015-05-05,21,-1.6998,-18.5951
2015-04-07,2015-05-06,21,-2.3147,-24.4994
2015-04-08,2015-05-07,21,-2.0394,-21.9057
2015-04-09,2015-05-08,21,-1.3324,-14.8681
2015-04-10,2015-05-11,21,-2.483,-26.0455
2015-04-13,2015-05-12,21,-2.128,-22.7497
2015-04-14,2015-05-13,21,-1.583,-17.4262
2015-04-15,2015-05-14,21,-1.4542,-16.1198
2015-04-16,2015-05-15,21,-0.8018,-9.2088
2015-04-17,2015-05-18,21,-1.0328,-11.7134
2015-04-20,2015-05-19,21,-1.7034,-18.6307
2015-04-21,2015-05-20,21,-1.8192,-19.7729
2015-04-22,2015-05-21,21,-1.0436,-11.8286
2015-04-23,2015-05-22,21,-1.1459,-12.9168
2015-04-24,2015-05-26,21,-1.0445,-11.8386
2015-04-27,2015-05-27,21,-1.0022,-11.3849
2015-04-28,2015-05-28,21,-0.934,-10.65
2015-04-29,2015-05-29,21,-0.4036,-4.7376
2015-04-30,2015-06-01,21,0.2592,3.1554
2015-05-01,2015-06-02,21,-0.0104,-0.1246
2015-05-04,2015-06-03,21,-0.6619,-7.6604
2015-05-05,2015-06-04,21,-0.4304,-5.0439
2015-05-06,2015-06-05,21,-0.2479,-2.935
2015-05-07,2015-06-08,21,-0.8813,-10.0776
2015-05-08,2015-06-09,21,-1.472,-16.3014
2015-05-11,2015-06-10,21,-0.3609,-4.2461
2015-05-12,2015-06-11,21,-0.0794,-0.9489
2015-05-13,2015-06-12,21,-0.7592,-8.7394
2015-05-14,2015-06-15,21,-1.3079,-14.6132
2015-05-15,2015-06-16,21,-1.523,-16.8204
2015-05-18,2015-06-17,21,-1.5152,-16.7409
2015-05-19,2015-06-18,21,-0.0531,-0.6354
2015-05-20,2015-06-19,21,0.0082,0.099
2015-05-21,2015-06-22,21,-1.0043,-11.4075
2015-05-22,2015-06-23,21,-1.4559,-16.138
2015-05-26,2015-06-24,21,-1.296,-14.4898
2015-05-27,2015-06-25,21,-2.0985,-22.4693
2015-05-28,2015-06-26,21,-2.7448,-28.3929
2015-05-29,2015-06-29,21,-2.568,-26.815
2015-06-01,2015-06-30,21,-2.7086,-28.0729
2015-06-02,2015-07-01,21,-2.666,-27.694
2015-06-03,2015-07-02,21,-2.0674,-22.173
2015-06-04,2015-07-06,21,-1.5635,-17.2296
2015-06-05,2015-07-07,21,-1.288,-14.4069
2015-06-08,2015-07-08,21,-0.9887,-11.2403
2015-06-09,2015-07-09,21,-1.5002,-16.5892
2015-06-10,2015-07-10,21,-1.9613,-21.1561
2015-06-11,2015-07-13,21,-2.1989,-23.4187
2015-06-12,2015-07-14,21,-1.7644,-19.2344
2015-06-15,2015-07-15,21,-1.7452,-19.0451
2015-06-16,2015-07-16,21,-1.7723,-19.3127
2015-06-17,2015-07-17,21,-1.5368,-16.9596
2015-06-18,2015-07-20,21,-2.9109,-29.8475
2015-06-19,2015-07-21,21,-2.9981,-30.5993
2015-06-22,2015-07-22,21,-2.6226,-27.3062
2015-06-23,2015-07-23,21,-1.6926,-18.5229
2015-06-24,2015-07-24,21,-2.0815,-22.3077
2015-06-25,2015-07-27,21,-1.7553,-19.144
2015-06-26,2015-07-28,21,-1.0547,-11.9473
2015-06-29,2015-07-29,21,-1.2574,-14.0881
2015-06-30,2015-07-30,21,-0.6415,-7.4324
2015-07-01,2015-07-31,21,-0.1443,-1.7182
2015-07-02,2015-08-03,21,-0.0083,-0.099
2015-07-06,2015-08-04,21,-0.6914,-7.9879
2015-07-07,2015-08-05,21,-0.585,-6.7988
2015-07-08,2015-08-06,21,-0.5717,-6.6483
2015-07-09,2015-08-07,21,0.6423,7.9856
2015-07-10,2015-08-10,21,1.1564,14.7942
2015-07-13,2015-08-11,21,1.0136,12.8645
2015-07-14,2015-08-12,21,1.0068,12.773
2015-07-15,2015-08-13,21,0.5623,6.9608
2015-07-16,2015-08-14,21,0.4361,5.3603
2015-07-17,2015-08-17,21,0.8543,10.7475
2015-07-20,2015-08-18,21,1.1045,14.089
2015-07-21,2015-08-19,21,1.2659,16.2946
2015-07-22,2015-08-20,21,1.726,22.7956
2015-07-23,2015-08-21,21,0.6475,8.0533
2015-07-24,2015-08-24,21,0.1599,1.9355
2015-07-27,2015-08-25,21,-1.0781,-12.197
2015-07-28,2015-08-26,21,-0.8926,-10.2008
2015-07-29,2015-08-27,21,-0.2225,-2.6379
2015-07-30,2015-08-28,21,-0.1372,-1.6338
2015-07-31,2015-08-31,21,-0.7134,-8.2331
2015-08-03,2015-09-01,21,-1.1971,-13.4556
2015-08-04,2015-09-02,21,-0.8392,-9.6187
2015-08-05,2015-09-03,21,-0.7855,-9.0297
2015-08-06,2015-09-04,21,-1.0479,-11.8751
2015-08-07,2015-09-08,21,-1.1168,-12.6083
2015-08-10,2015-09-09,21,-2.0808,-22.3013
2015-08-11,2015-09-10,21,-1.9667,-21.2076
2015-08-12,2015-09-11,21,-2.1428,-22.8894
2015-08-13,2015-09-14,21,-1.6606,-18.2047
2015-08-14,2015-09-15,21,-2.0177,-21.6985
2015-08-17,2015-09-16,21,-2.005,-21.5763
2015-08-18,2015-09-17,21,-1.4467,-16.0433
2015-08-19,2015-09-18,21,-1.2377,-13.8824
2015-08-20,2015-09-21,21,-1.7145,-18.7405
2015-08-21,2015-09-22,21,-1.463,-16.2101
2015-08-24,2015-09-23,21,-0.4123,-4.837
2015-08-25,2015-09-24,21,1.2847,16.5537
2015-08-26,2015-09-25,21,0.5177,6.392
2015-08-27,2015-09-28,21,-0.6296,-7.2987
2015-08-28,2015-09-29,21,-0.9789,-11.1345
2015-08-31,2015-09-30,21,-0.2067,-2.4527
2015-09-01,2015-10-01,21,0.143,1.7295
2015-09-02,2015-10-02,21,1.1386,14.5517
2015-09-03,2015-10-05,21,1.3022,16.796
2015-09-04,2015-10-06,21,1.9392,25.9206
2015-09-08,2015-10-07,21,1.6131,21.1698
2015-09-09,2015-10-08,21,2.1397,28.9251
2015-09-10,2015-10-09,21,2.3853,32.6943
2015-09-11,2015-10-12,21,2.7233,38.0472
2015-09-14,2015-10-13,21,2.4466,33.6512
2015-09-15,2015-10-14,21,3.6698,54.1091
2015-09-16,2015-10-15,21,3.3864,49.1283
2015-09-17,2015-10-16,21,3.2779,47.2617
2015-09-18,2015-10-19,21,2.571,35.611
2015-09-21,2015-10-20,21,2.8658,40.3633
2015-09-22,2015-10-21,21,3.1289,44.7325
2015-09-23,2015-10-22,21,3.8918,58.1163
2015-09-24,2015-10-23,21,3.378,48.983
2015-09-25,2015-10-26,21,3.8387,57.1487
2015-09-28,2015-10-27,21,4.4833,69.2625
2015-09-29,2015-10-28,21,4.8428,76.3858
2015-09-30,2015-10-29,21,2.7825,39.0043
2015-10-01,2015-10-30,21,3.1019,44.2784
2015-10-02,2015-11-02,21,1.8997,25.3351
2015-10-05,2015-11-03,21,1.0865,13.8466
2015-10-06,2015-11-04,21,0.5456,6.7472
2015-10-07,2015-11-05,21,0.1496,1.8104
2015-10-08,2015-11-06,21,-0.1601,-1.9038
2015-10-09,2015-11-09,21,-0.9807,-11.1536
2015-10-12,2015-11-10,21,-1.5195,-16.7843
2015-10-13,2015-11-11,21,-1.5351,-16.9424
2015-10-14,2015-11-12,21,-2.6347,-27.4146
2015-10-15,2015-11-13,21,-3.0859,-31.3497
2015-10-16,2015-11-16,21,-2.6994,-27.9908
2015-10-19,2015-11-17,21,-2.7166,-28.1436
2015-10-20,2015-11-18,21,-2.2264,-23.6767
2015-10-21,2015-11-19,21,-1.7419,-19.0124
2015-10-22,2015-11-20,21,-2.4989,-26.1903
2015-10-23,2015-11-23,21,-2.8591,-29.3962
2015-10-26,2015-11-24,21,-2.6109,-27.2015
2015-10-27,2015-11-25,21,-2.7378,-28.3312
2015-10-28,2015-11-27,21,-3.2706,-32.9031
2015-10-29,2015-11-30,21,-1.328,-14.8219
2015-10-30,2015-12-01,21,-0.9583,-10.9119
2015-11-02,2015-12-02,21,-1.3311,-14.854
2015-11-03,2015-12-03,21,-1.5813,-17.4092
2015-11-04,2015-12-04,21,-0.2187,-2.5931
2015-11-05,2015-12-07,21,-0.1349,-1.6067
2015-11-06,2015-12-08,21,0.3207,3.917
2015-11-09,2015-12-09,21,0.3609,4.4179
2015-11-10,2015-12-10,21,0.5221,6.4487
2015-11-11,2015-12-11,21,0.6808,8.4823
2015-11-12,2015-12-14,21,0.2502,3.0435
2015-11-13,2015-12-15,21,0.6813,8.4896
2015-11-16,2015-12-16,21,0.8561,10.7715
2015-11-17,2015-12-17,21,0.3424,4.187
2015-11-18,2015-12-18,21,0.1009,1.2177
2015-11-19,2015-12-21,21,0.3517,4.3031
2015-11-20,2015-12-22,21,0.1668,2.0195
2015-11-23,2015-12-23,21,0.3134,3.8263
2015-11-24,2015-12-24,21,0.3459,4.2302
2015-11-25,2015-12-28,21,0.2789,3.3986
2015-11-27,2015-12-29,21,0.6111,7.5847
2015-11-30,2015-12-30,21,-0.5691,-6.6192
2015-12-01,2015-12-31,21,-1.3736,-15.2929
2015-12-02,2016-01-04,21,-0.8079,-9.275
2015-12-03,2016-01-05,21,-0.1057,-1.2608
2015-12-04,2016-01-06,21,-1.1497,-12.957
2015-12-07,2016-01-07,21,-1.3436,-14.9836
2015-12-08,2016-01-08,21,-1.7763,-19.3515
2015-12-09,2016-01-11,21,-1.7887,-19.4737
2015-12-10,2016-01-12,21,-1.4148,-15.7171
2015-12-11,2016-01-13,21,-1.8462,-20.038
2015-12-14,2016-01-14,21,-1.2896,-14.423
2015-12-15,2016-01-15,21,-1.4412,-15.9874
2015-12-16,2016-01-19,21,-2.1624,-23.0743
2015-12-17,2016-01-20,21,-0.7821,-8.992
2015-12-18,2016-01-21,21,-1.1953,-13.4373
2015-12-21,2016-01-22,21,-1.5283,-16.8735
2015-12-22,2016-01-25,21,-1.376,-15.3182
2015-12-23,2016-01-26,21,-0.529,-6.1664
2015-12-24,2016-01-27,21,-1.421,-15.7808
2015-12-28,2016-01-28,21,-1.0965,-12.3927
2015-12-29,2016-01-29,21,0.0196,0.235
2015-12-30,2016-02-01,21,0.9371,11.8434
2015-12-31,2016-02-02,21,0.9141,11.5383
2016-01-04,2016-02-03,21,0.9284,11.7277
2016-01-05,2016-02-04,21,1.7443,23.0612
2016-01-06,2016-02-05,21,0.759,9.4983
2016-01-07,2016-02-08,21,1.8765,24.9935
2016-01-08,2016-02-09,21,2.142,28.9596
2016-01-11,2016-02-10,21,2.8649,40.3481
2016-01-12,2016-02-11,21,3.7969,56.3911
2016-01-13,2016-02-12,21,4.0912,61.7964
2016-01-14,2016-02-16,21,3.914,58.5215
2016-01-15,2016-02-17,21,4.4794,69.1874
2016-01-19,2016-02-18,21,5.2506,84.7971
2016-01-20,2016-02-19,21,4.8439,76.4083
2016-01-21,2016-02-22,21,5.0233,80.0651
2016-01-22,2016-02-23,21,4.4962,69.5135
2016-01-25,2016-02-24,21,5.2192,84.1375
2016-01-26,2016-02-25,21,4.8116,75.7574
2016-01-27,2016-02-26,21,4.8561,76.6553
2016-01-28,2016-02-29,21,4.8949,77.4407
2016-01-29,2016-03-01,21,3.8799,57.8987
2016-02-01,2016-03-02,21,4.003,60.1594
2016-02-02,2016-03-03,21,4.8307,76.141
2016-02-03,2016-03-04,21,4.8113,75.7505
2016-02-04,2016-03-07,21,3.987,59.8636
2016-02-05,2016-03-08,21,4.6595,72.7214
2016-02-08,2016-03-09,21,4.04,60.8439
2016-02-09,2016-03-10,21,4.5166,69.9116
2016-02-10,2016-03-11,21,4.2024,63.8834
2016-02-11,2016-03-14,21,2.6936,37.5696
2016-02-12,2016-03-15,21,2.3005,31.3814
2016-02-16,2016-03-16,21,2.7561,38.5776
2016-02-17,2016-03-17,21,3.2283,46.4157
2016-02-18,2016-03-18,21,2.8576,40.228
2016-02-19,2016-03-21,21,2.2759,31.002
2016-02-22,2016-03-22,21,2.48,34.175
2016-02-23,2016-03-23,21,2.0117,26.9991
2016-02-24,2016-03-24,21,1.3289,17.1651
2016-02-25,2016-03-28,21,0.933,11.7882
2016-02-26,2016-03-29,21,2.3761,32.5514
2016-02-29,2016-03-30,21,1.8469,24.5585
2016-03-01,2016-03-31,21,1.9141,25.5484
2016-03-02,2016-04-01,21,1.4597,18.9934
2016-03-03,2016-04-04,21,0.8028,10.0703
2016-03-04,2016-04-05,21,0.7556,9.4535
2016-03-07,2016-04-06,21,0.8191,10.284
2016-03-08,2016-04-07,21,1.2305,15.808
2016-03-09,2016-04-08,21,1.24,15.9376
2016-03-10,2016-04-11,21,1.2352,15.8715
2016-03-11,2016-04-12,21,1.1081,14.1382
2016-03-14,2016-04-13,21,1.7192,22.698
2016-03-15,2016-04-14,21,1.2444,15.998
2016-03-16,2016-04-15,21,1.1216,14.3216
2016-03-17,2016-04-18,21,0.213,2.5865
2016-03-18,2016-04-19,21,0.2095,2.5433
2016-03-21,2016-04-20,21,0.3929,4.8178
2016-03-22,2016-04-21,21,-0.063,-0.7534
2016-03-23,2016-04-22,21,-0.1103,-1.3157
2016-03-24,2016-04-25,21,0.0762,0.9177
2016-03-28,2016-04-26,21,0.278,3.3877
2016-03-29,2016-04-27,21,-0.1325,-1.5785
2016-03-30,2016-04-28,21,0.1316,1.5905
2016-03-31,2016-04-29,21,-0.2127,-2.5232
2016-04-01,2016-05-02,21,-0.2224,-2.636
2016-04-04,2016-05-03,21,-0.0721,-0.8622
2016-04-05,2016-05-04,21,-0.6877,-7.9469
2016-04-06,2016-05-05,21,-0.5352,-6.2362
2016-04-07,2016-05-06,21,-0.3545,-4.1717
2016-04-08,2016-05-09,21,-0.8725,-9.9822
2016-04-11,2016-05-10,21,-0.7997,-9.1852
2016-04-12,2016-05-11,21,-0.4925,-5.7524
2016-04-13,2016-05-12,21,-1.1213,-12.6561
2016-04-14,2016-05-13,21,0.0431,0.5186
2016-04-15,2016-05-16,21,0.0088,0.1054
2016-04-18,2016-05-17,21,-0.0564,-0.675
2016-04-19,2016-05-18,21,-0.3748,-4.4056
2016-04-20,2016-05-19,21,-0.6273,-7.2734
2016-04-21,2016-05-20,21,0.1461,1.7672
2016-04-22,2016-05-23,21,0.8919,11.2432
2016-04-25,2016-05-24,21,0.8861,11.1669
2016-04-26,2016-05-25,21,0.5804,7.1912
2016-04-27,2016-05-26,21,0.2503,3.0449
2016-04-28,2016-05-27,21,0.3587,4.3909
2016-04-29,2016-05-31,21,0.603,7.4807
2016-05-02,2016-06-01,21,0.7731,9.6816
2016-05-03,2016-06-02,21,1.0576,13.4557
2016-05-04,2016-06-03,21,2.2505,30.6121
2016-05-05,2016-06-06,21,2.0034,26.8742
2016-05-06,2016-06-07,21,1.8226,24.2022
2016-05-09,2016-06-08,21,2.7357,38.2472
2016-05-10,2016-06-09,21,2.7304,38.1616
2016-05-11,2016-06-10,21,2.2943,31.285
2016-05-12,2016-06-13,21,2.8807,40.6071
2016-05-13,2016-06-14,21,2.5709,35.6096
2016-05-16,2016-06-15,21,2.429,33.3755
2016-05-17,2016-06-16,21,2.8844,40.6674
2016-05-18,2016-06-17,21,2.6143,36.2994
2016-05-19,2016-06-20,21,2.9951,42.4939
2016-05-20,2016-06-21,21,2.1325,28.8154
2016-05-23,2016-06-22,21,1.9426,25.9706
2016-05-24,2016-06-23,21,2.0318,27.2997
2016-05-25,2016-06-24,21,2.7577,38.6032
2016-05-26,2016-06-27,21,2.4015,32.9467
2016-05-27,2016-06-28,21,2.8975,40.882
2016-05-31,2016-06-29,21,3.2514,46.8089
2016-06-01,2016-06-30,21,3.5893,52.6787
2016-06-02,2016-07-01,21,3.9702,59.5535
2016-06-03,2016-07-05,21,3.442,50.0932
2016-06-06,2016-07-06,21,3.8892,58.069
2016-06-07,2016-07-07,21,3.8311,57.0101
2016-06-08,2016-07-08,21,3.9574,59.3173
2016-06-09,2016-07-11,21,3.5502,51.9881
2016-06-10,2016-07-12,21,3.3909,49.2069
2016-06-13,2016-07-13,21,3.6628,53.9834
2016-06-14,2016-07-14,21,3.1282,44.7198
2016-06-15,2016-07-15,21,2.6726,37.2325
2016-06-16,2016-07-18,21,2.5172,34.7596
2016-06-17,2016-07-19,21,3.0509,43.4238
2016-06-20,2016-07-20,21,3.0191,42.8945
2016-06-21,2016-07-21,21,3.4724,50.6241
2016-06-22,2016-07-22,21,3.6278,53.361
2016-06-23,2016-07-25,21,3.4274,49.84
2016-06-24,2016-07-26,21,3.661,53.9522
2016-06-27,2016-07-27,21,4.3314,66.3338
2016-06-28,2016-07-28,21,3.7827,56.1345
2016-06-29,2016-07-29,21,3.4785,50.7315
2016-06-30,2016-08-01,21,2.8385,39.9169
2016-07-01,2016-08-02,21,1.9094,25.4789
2016-07-05,2016-08-03,21,1.6218,21.2956
2016-07-06,2016-08-04,21,1.7061,22.5074
2016-07-07,2016-08-05,21,1.2729,16.3912
2016-07-08,2016-08-08,21,0.5713,7.0753
2016-07-11,2016-08-09,21,0.9861,12.4971
2016-07-12,2016-08-10,21,1.4113,18.3145
2016-07-13,2016-08-11,21,0.8796,11.0814
2016-07-14,2016-08-12,21,1.5753,20.6313
2016-07-15,2016-08-15,21,2.0874,28.135
2016-07-18,2016-08-16,21,1.8531,24.65
2016-07-19,2016-08-17,21,1.7089,22.5491
2016-07-20,2016-08-18,21,2.2186,30.1248
2016-07-21,2016-08-19,21,1.9938,26.731
2016-07-22,2016-08-22,21,2.0421,27.4531
2016-07-25,2016-08-23,21,2.284,31.1264
2016-07-26,2016-08-24,21,1.022,12.9778
2016-07-27,2016-08-25,21,0.6594,8.206
2016-07-28,2016-08-26,21,0.7094,8.853
2016-07-29,2016-08-29,21,0.8185,10.2771
2016-08-01,2016-08-30,21,0.6303,7.8319
2016-08-02,2016-08-31,21,0.9441,11.9367
2016-08-03,2016-09-01,21,1.229,15.7866
2016-08-04,2016-09-02,21,0.8279,10.3994
2016-08-05,2016-09-06,21,1.9558,26.1661
2016-08-08,2016-09-07,21,1.9314,25.8038
2016-08-09,2016-09-08,21,0.9387,11.8648
2016-08-10,2016-09-09,21,-0.414,-4.8566
2016-08-11,2016-09-12,21,-0.0503,-0.6016
2016-08-12,2016-09-13,21,-0.8592,-9.8369
2016-08-15,2016-09-14,21,-0.7867,-9.0424
2016-08-16,2016-09-15,21,-0.6119,-7.1004
2016-08-17,2016-09-16,21,-0.5781,-6.7204
2016-08-18,2016-09-19,21,-0.9574,-10.9024
2016-08-19,2016-09-20,21,-0.8215,-9.4245
2016-08-22,2016-09-21,21,-0.0316,-0.3791
2016-08-23,2016-09-22,21,0.2654,3.2317
2016-08-24,2016-09-23,21,0.5496,6.7984
2016-08-25,2016-09-26,21,0.6373,7.922
2016-08-26,2016-09-27,21,0.8134,10.2094
2016-08-29,2016-09-28,21,0.2454,2.985
2016-08-30,2016-09-29,21,0.7528,9.4166
2016-08-31,2016-09-30,21,0.6845,8.5304
2016-09-01,2016-10-03,21,0.1862,2.257
2016-09-02,2016-10-04,21,-0.9479,-10.8001
2016-09-06,2016-10-05,21,-1.7125,-18.7205
2016-09-07,2016-10-06,21,-2.0475,-21.9831
2016-09-08,2016-10-07,21,-1.558,-17.1742
2016-09-09,2016-10-10,21,-0.3893,-4.573
2016-09-12,2016-10-11,21,-1.1995,-13.4818
2016-09-13,2016-10-12,21,-0.6655,-7.7004
2016-09-14,2016-10-13,21,-0.8698,-9.9528
2016-09-15,2016-10-14,21,-1.3809,-15.3683
2016-09-16,2016-10-17,21,-1.2864,-14.3906
2016-09-19,2016-10-18,21,-0.8962,-10.2401
2016-09-20,2016-10-19,21,-0.7762,-8.9268
2016-09-21,2016-10-20,21,-1.6073,-17.6711
2016-09-22,2016-10-21,21,-2.108,-22.5599
2016-09-23,2016-10-24,21,-1.6265,-17.8632
2016-09-26,2016-10-25,21,-1.4684,-16.2649
2016-09-27,2016-10-26,21,-2.0177,-21.6987
2016-09-28,2016-10-27,21,-2.113,-22.6075
2016-09-29,2016-10-28,21,-2.1488,-22.946
2016-09-30,2016-10-31,21,-1.8416,-19.9927
2016-10-03,2016-11-01,21,-1.6388,-17.9867
2016-10-04,2016-11-02,21,-0.2974,-3.511
2016-10-05,2016-11-03,21,-0.737,-8.4942
2016-10-06,2016-11-04,21,-0.2082,-2.4695
2016-10-07,2016-11-07,21,-0.1652,-1.9645
2016-10-10,2016-11-08,21,-0.1811,-2.1518
2016-10-11,2016-11-09,21,-0.8341,-9.5625
2016-10-12,2016-11-10,21,-1.6427,-18.0255
2016-10-13,2016-11-11,21,-1.3881,-15.4424
2016-10-14,2016-11-14,21,-2.3158,-24.5097
2016-10-17,2016-11-15,21,-1.8504,-20.079
2016-10-18,2016-11-16,21,-1.9379,-20.9292
2016-10-19,2016-11-17,21,-2.2892,-24.2624
2016-10-20,2016-11-18,21,-2.5888,-27.0026
2016-10-21,2016-11-21,21,-2.3007,-24.3696
2016-10-24,2016-11-22,21,-2.4086,-25.3658
2016-10-25,2016-11-23,21,-3.1664,-32.0308
2016-10-26,2016-11-25,21,-3.0188,-30.7767
2016-10-27,2016-11-28,21,-2.3639,-24.9541
2016-10-28,2016-11-29,21,-2.392,-25.2131
2016-10-31,2016-11-30,21,-3.4191,-34.1287
2016-11-01,2016-12-01,21,-4.6608,-43.6029
2016-11-02,2016-12-02,21,-4.2502,-40.6179
2016-11-03,2016-12-05,21,-3.6299,-35.8337
2016-11-04,2016-12-06,21,-3.692,-36.3278
2016-11-07,2016-12-07,21,-2.865,-29.4484
2016-11-08,2016-12-08,21,-3.0638,-31.1616
2016-11-09,2016-12-09,21,-2.4984,-26.1857
2016-11-10,2016-12-12,21,-1.7085,-18.6813
2016-11-11,2016-12-13,21,-1.6953,-18.5504
2016-11-14,2016-12-14,21,-0.7635,-8.7864
2016-11-15,2016-12-15,21,-1.655,-18.1484
2016-11-16,2016-12-16,21,-2.2137,-23.5573
2016-11-17,2016-12-19,21,-1.4481,-16.0579
2016-11-18,2016-12-20,21,-1.3921,-15.4833
2016-11-21,2016-12-21,21,-1.5864,-17.4607
2016-11-22,2016-12-22,21,-1.7482,-19.0747
2016-11-23,2016-12-23,21,-0.9347,-10.6575
2016-11-25,2016-12-27,21,-0.6306,-7.3098
2016-11-28,2016-12-28,21,-1.1651,-13.1187
2016-11-29,2016-12-29,21,-0.8117,-9.3174
2016-11-30,2016-12-30,21,-0.2609,-3.0863
2016-12-01,2017-01-03,21,1.5945,20.9045
2016-12-02,2017-01-04,21,1.1372,14.5334
2016-12-05,2017-01-05,21,1.6953,22.3518
2016-12-06,2017-01-06,21,1.4903,19.425
2016-12-07,2017-01-09,21,1.1497,14.7027
2016-12-08,2017-01-10,21,1.591,20.8539
2016-12-09,2017-01-11,21,2.6284,36.5247
2016-12-12,2017-01-12,21,2.5958,36.0054
2016-12-13,2017-01-13,21,2.2884,31.1954
2016-12-14,2017-01-17,21,3.0019,42.6077
2016-12-15,2017-01-18,21,3.2586,46.9308
2016-12-16,2017-01-19,21,2.9552,41.834
2016-12-19,2017-01-20,21,2.6481,36.8387
2016-12-20,2017-01-23,21,3.3104,47.8192
2016-12-21,2017-01-24,21,3.3456,48.4244
2016-12-22,2017-01-25,21,3.1864,45.7039
2016-12-23,2017-01-26,21,2.6915,37.5349
2016-12-27,2017-01-27,21,2.8282,39.7483
2016-12-28,2017-01-30,21,2.7999,39.2872
2016-12-29,2017-01-31,21,2.7511,38.4957
2016-12-30,2017-02-01,21,3.045,43.3254
2017-01-03,2017-02-02,21,2.8222,39.6505
2017-01-04,2017-02-03,21,2.8629,40.3152
2017-01-05,2017-02-06,21,2.4688,33.9984
2017-01-06,2017-02-07,21,3.0912,44.0992
2017-01-09,2017-02-08,21,2.8654,40.3571
2017-01-10,2017-02-09,21,2.4207,33.2459
2017-01-11,2017-02-10,21,1.8866,25.1431
2017-01-12,2017-02-13,21,1.8487,24.5849
2017-01-13,2017-02-14,21,1.6253,21.3457
2017-01-17,2017-02-15,21,1.4218,18.4613
2017-01-18,2017-02-16,21,2.0211,27.1392
2017-01-19,2017-02-17,21,2.6661,37.1271
2017-01-20,2017-02-21,21,2.5183,34.7776
2017-01-23,2017-02-22,21,2.0437,27.4784
2017-01-24,2017-02-23,21,2.1612,29.2497
2017-01-25,2017-02-24,21,2.9072,41.0427
2017-01-26,2017-02-27,21,3.0929,44.1264
2017-01-27,2017-02-28,21,2.612,36.2633
2017-01-30,2017-03-01,21,2.5769,35.7041
2017-01-31,2017-03-02,21,1.5349,20.0565
2017-02-01,2017-03-03,21,1.6246,21.3349
2017-02-02,2017-03-06,21,1.1052,14.0986
2017-02-03,2017-03-07,21,0.6273,7.793
2017-02-06,2017-03-08,21,0.0212,0.2552
2017-02-07,2017-03-09,21,-0.7405,-8.5331
2017-02-08,2017-03-10,21,-0.8641,-9.8905
2017-02-09,2017-03-13,21,-0.448,-5.2454
2017-02-10,2017-03-14,21,-0.3929,-4.6139
2017-02-13,2017-03-15,21,0.1763,2.1358
2017-02-14,2017-03-16,21,0.8507,10.6994
2017-02-15,2017-03-17,21,0.9198,11.6137
2017-02-16,2017-03-20,21,0.6829,8.51
2017-02-17,2017-03-21,21,0.4408,5.4199
2017-02-21,2017-03-22,21,0.7337,9.168
2017-02-22,2017-03-23,21,0.6805,8.4792
2017-02-23,2017-03-24,21,0.6604,8.2194
2017-02-24,2017-03-27,21,0.4503,5.5399
2017-02-27,2017-03-28,21,0.4631,5.7011
2017-02-28,2017-03-29,21,0.7247,9.0512
2017-03-01,2017-03-30,21,0.5339,6.5982
2017-03-02,2017-03-31,21,1.2328,15.8384
2017-03-03,2017-04-03,21,1.4789,19.2639
2017-03-06,2017-04-04,21,1.5983,20.9588
2017-03-07,2017-04-05,21,1.6506,21.7082
2017-03-08,2017-04-06,21,2.0209,27.1365
2017-03-09,2017-04-07,21,2.4467,33.6523
2017-03-10,2017-04-10,21,2.1895,29.6811
2017-03-13,2017-04-11,21,2.6901,37.5129
2017-03-14,2017-04-12,21,2.6786,37.3286
2017-03-15,2017-04-13,21,2.4539,33.7644
2017-03-16,2017-04-17,21,2.2051,29.9188
2017-03-17,2017-04-18,21,2.3135,31.5817
2017-03-20,2017-04-19,21,1.8739,24.9559
2017-03-21,2017-04-20,21,2.0791,28.0098
2017-03-22,2017-04-21,21,1.7175,22.6726
2017-03-23,2017-04-24,21,1.8305,24.318
2017-03-24,2017-04-25,21,1.29,16.6275
2017-03-27,2017-04-26,21,0.7935,9.9485
2017-03-28,2017-04-27,21,1.1335,14.4829
2017-03-29,2017-04-28,21,1.0129,12.8559
2017-03-30,2017-05-01,21,1.0838,13.8098
2017-03-31,2017-05-02,21,1.1992,15.3787
2017-04-03,2017-05-03,21,0.7863,9.8549
2017-04-04,2017-05-04,21,0.3561,4.358
2017-04-05,2017-05-05,21,0.7077,8.8312
2017-04-06,2017-05-08,21,0.4336,5.3295
2017-04-07,2017-05-09,21,0.2884,3.5156
2017-04-10,2017-05-10,21,0.5691,7.0465
2017-04-11,2017-05-11,21,0.1175,1.4192
2017-04-12,2017-05-12,21,0.4244,5.2135
2017-04-13,2017-05-15,21,0.4969,6.1288
2017-04-17,2017-05-16,21,0.6898,8.5993
2017-04-18,2017-05-17,21,0.2582,3.1423
2017-04-19,2017-05-18,21,0.5397,6.6722
2017-04-20,2017-05-19,21,0.7386,9.2318
2017-04-21,2017-05-22,21,1.0984,14.0069
2017-04-24,2017-05-23,21,0.722,9.0168
2017-04-25,2017-05-24,21,1.231,15.8149
2017-04-26,2017-05-25,21,1.7371,22.9574
2017-04-27,2017-05-26,21,1.7437,23.053
2017-04-28,2017-05-30,21,1.8837,25.1001
2017-05-01,2017-05-31,21,2.353,32.1923
2017-05-02,2017-06-01,21,2.156,29.1719
2017-05-03,2017-06-02,21,3.0811,43.9283
2017-05-04,2017-06-05,21,3.4877,50.8916
2017-05-05,2017-06-06,21,3.8627,57.5854
2017-05-08,2017-06-07,21,3.9509,59.1983
2017-05-09,2017-06-08,21,3.9557,59.2865
2017-05-10,2017-06-09,21,2.5222,34.8394
2017-05-11,2017-06-12,21,2.3169,31.6339
2017-05-12,2017-06-13,21,2.1934,29.7405
2017-05-15,2017-06-14,21,2.257,30.7123
2017-05-16,2017-06-15,21,1.2315,15.8214
2017-05-17,2017-06-16,21,1.2521,16.1043
2017-05-18,2017-06-19,21,1.3697,17.7332
2017-05-19,2017-06-20,21,0.8826,11.1204
2017-05-22,2017-06-21,21,0.9493,12.0053
2017-05-23,2017-06-22,21,1.3887,17.998
2017-05-24,2017-06-23,21,1.5066,19.6549
2017-05-25,2017-06-26,21,0.9172,11.5783
2017-05-26,2017-06-27,21,-0.2042,-2.4225
2017-05-30,2017-06-28,21,-0.0432,-0.5167
2017-05-31,2017-06-29,21,-1.0963,-12.3905
2017-06-01,2017-06-30,21,-1.2915,-14.4436
2017-06-02,2017-07-03,21,-2.7921,-28.81
2017-06-05,2017-07-05,21,-2.2526,-23.9216
2017-06-06,2017-07-06,21,-3.0521,-31.0619
2017-06-07,2017-07-07,21,-3.0911,-31.394
2017-06-08,2017-07-10,21,-2.6692,-27.7221
2017-06-09,2017-07-11,21,-1.3521,-15.0718
2017-06-12,2017-07-12,21,-0.6214,-7.2073
2017-06-13,2017-07-13,21,-1.0228,-11.6062
2017-06-14,2017-07-14,21,-0.8068,-9.2635
2017-06-15,2017-07-17,21,-0.0477,-0.5708
2017-06-16,2017-07-18,21,0.3962,4.8591
2017-06-19,2017-07-19,21,0.3831,4.6947
2017-06-20,2017-07-20,21,0.6493,8.0763
2017-06-21,2017-07-21,21,0.3293,4.024
2017-06-22,2017-07-24,21,0.1431,1.7309
2017-06-23,2017-07-25,21,-0.7115,-8.2115
2017-06-26,2017-07-26,21,-0.3873,-4.5497
2017-06-27,2017-07-27,21,0.2119,2.5725
2017-06-28,2017-07-28,21,0.1759,2.1311
2017-06-29,2017-07-31,21,0.9106,11.4914
2017-06-30,2017-08-01,21,1.5344,20.0484
2017-07-03,2017-08-02,21,2.2258,30.234
2017-07-05,2017-08-03,21,1.9114,25.5086
2017-07-06,2017-08-04,21,1.8774,25.0072
2017-07-07,2017-08-07,21,2.2393,30.4405
2017-07-10,2017-08-08,21,1.6877,22.2428
2017-07-11,2017-08-09,21,1.9034,25.3905
2017-07-12,2017-08-10,21,1.0601,13.4901
2017-07-13,2017-08-11,21,1.6275,21.3772
2017-07-14,2017-08-14,21,1.3606,17.6058
2017-07-17,2017-08-15,21,0.8807,11.0952
2017-07-18,2017-08-16,21,0.6762,8.4227
2017-07-19,2017-08-17,21,0.2656,3.2343
2017-07-20,2017-08-18,21,0.1396,1.6877
2017-07-21,2017-08-21,21,0.1145,1.3833
2017-07-24,2017-08-22,21,0.3884,4.7615
2017-07-25,2017-08-23,21,1.122,14.3265
2017-07-26,2017-08-24,21,0.9597,12.1442
2017-07-27,2017-08-25,21,1.395,18.0865
2017-07-28,2017-08-28,21,1.4674,19.1018
2017-07-31,2017-08-29,21,1.7998,23.869
2017-08-01,2017-08-30,21,1.6328,21.4522
2017-08-02,2017-08-31,21,2.2703,30.9169
2017-08-03,2017-09-01,21,2.1623,29.2673
2017-08-04,2017-09-05,21,2.9775,42.2028
2017-08-07,2017-09-06,21,2.5108,34.6597
2017-08-08,2017-09-07,21,3.3233,48.0405
2017-08-09,2017-09-08,21,2.6122,36.2656
2017-08-10,2017-09-11,21,2.6735,37.2467
2017-08-11,2017-09-12,21,2.3038,31.4313
2017-08-14,2017-09-13,21,1.8277,24.2771
2017-08-15,2017-09-14,21,2.2712,30.9307
2017-08-16,2017-09-15,21,2.1163,28.5702
2017-08-17,2017-09-18,21,2.1786,29.515
2017-08-18,2017-09-19,21,2.1189,28.6092
2017-08-21,2017-09-20,21,1.8202,24.167
2017-08-22,2017-09-21,21,1.0428,13.2566
2017-08-23,2017-09-22,21,1.1058,14.1074
2017-08-24,2017-09-25,21,1.3038,16.8172
2017-08-25,2017-09-26,21,0.8822,11.1157
2017-08-28,2017-09-27,21,0.3236,3.9528
2017-08-29,2017-09-28,21,0.1405,1.6996
2017-08-30,2017-09-29,21,0.1239,1.4973
2017-08-31,2017-10-02,21,-0.4479,-5.2444
2017-09-01,2017-10-03,21,-0.4394,-5.1475
2017-09-05,2017-10-04,21,-0.7528,-8.6689
2017-09-06,2017-10-05,21,-0.593,-6.8885
2017-09-07,2017-10-06,21,-1.0775,-12.1906
2017-09-08,2017-10-09,21,-0.5066,-5.913
2017-09-11,2017-10-10,21,-0.0619,-0.7402
2017-09-12,2017-10-11,21,-0.0086,-0.1029
2017-09-13,2017-10-12,21,0.4281,5.2593
2017-09-14,2017-10-13,21,0.8406,10.5675
2017-09-15,2017-10-16,21,0.7255,9.0621
2017-09-18,2017-10-17,21,0.5786,7.1687
2017-09-19,2017-10-18,21,0.4692,5.7783
2017-09-20,2017-10-19,21,0.8888,11.2024
2017-09-21,2017-10-20,21,1.2057,15.4677
2017-09-22,2017-10-23,21,1.0276,13.0528
2017-09-25,2017-10-24,21,0.9039,11.4025
2017-09-26,2017-10-25,21,0.8321,10.4556
2017-09-27,2017-10-26,21,0.8159,10.2426
2017-09-28,2017-10-27,21,1.281,16.502
2017-09-29,2017-10-30,21,1.3865,17.9667
2017-10-02,2017-10-31,21,1.581,20.7121
2017-10-03,2017-11-01,21,1.6128,21.1664
2017-10-04,2017-11-02,21,1.6952,22.3504
2017-10-05,2017-11-03,21,1.8889,25.1768
2017-10-06,2017-11-06,21,2.3441,32.0544
2017-10-09,2017-11-07,21,1.9307,25.7937
2017-10-10,2017-11-08,21,1.8847,25.1142
2017-10-11,2017-11-09,21,1.4978,19.5302
2017-10-12,2017-11-10,21,0.6712,8.3591
2017-10-13,2017-11-13,21,0.3092,3.7743
2017-10-16,2017-11-14,21,0.528,6.5228
2017-10-17,2017-11-15,21,0.8862,11.1688
2017-10-18,2017-11-16,21,1.3039,16.8191
2017-10-19,2017-11-17,21,1.5917,20.8651
2017-10-20,2017-11-20,21,1.4957,19.5008
2017-10-23,2017-11-21,21,1.8169,24.1189
2017-10-24,2017-11-22,21,2.1871,29.6448
2017-10-25,2017-11-24,21,2.4657,33.9497
2017-10-26,2017-11-27,21,2.531,34.978
2017-10-27,2017-11-28,21,2.1692,29.3718
2017-10-30,2017-11-29,21,0.3759,4.6048
2017-10-31,2017-11-30,21,0.2045,2.4814
2017-11-01,2017-12-01,21,0.4069,4.9931
2017-11-02,2017-12-04,21,-0.2516,-2.9781
2017-11-03,2017-12-05,21,-0.4985,-5.8208
2017-11-06,2017-12-06,21,-0.7959,-9.1435
2017-11-07,2017-12-07,21,-0.9849,-11.1987
2017-11-08,2017-12-08,21,-1.2921,-14.449
2017-11-09,2017-12-11,21,-0.8734,-9.9917
2017-11-10,2017-12-12,21,-0.5212,-6.0777
2017-11-13,2017-12-13,21,-0.3053,-3.6031
2017-11-14,2017-12-14,21,-0.3185,-3.7557
2017-11-15,2017-12-15,21,0.0564,0.6783
2017-11-16,2017-12-18,21,0.01,0.1198
2017-11-17,2017-12-19,21,-0.9722,-11.0622
2017-11-20,2017-12-20,21,-0.79,-9.0793
2017-11-21,2017-12-21,21,-1.1562,-13.0247
2017-11-22,2017-12-22,21,-1.2563,-14.0765
2017-11-24,2017-12-26,21,-1.1514,-12.9748
2017-11-27,2017-12-27,21,-0.5779,-6.719
2017-11-28,2017-12-28,21,-0.596,-6.9219
2017-11-29,2017-12-29,21,0.8823,11.1166
2017-11-30,2018-01-02,21,1.3407,17.3289
2017-12-01,2018-01-03,21,1.436,18.6608
2017-12-04,2018-01-04,21,2.2151,30.0712
2017-12-05,2018-01-05,21,2.4711,34.0338
2017-12-06,2018-01-08,21,2.3575,32.262
2017-12-07,2018-01-09,21,2.0221,27.1545
2017-12-08,2018-01-10,21,2.0249,27.196
2017-12-11,2018-01-11,21,2.2219,30.1745
2017-12-12,2018-01-12,21,2.9465,41.6898
2017-12-13,2018-01-16,21,2.5787,35.7326
2017-12-14,2018-01-17,21,2.8831,40.6458
2017-12-15,2018-01-18,21,2.0525,27.6092
2017-12-18,2018-01-19,21,1.8896,25.1869
2017-12-19,2018-01-22,21,2.5309,34.976
2017-12-20,2018-01-23,21,3.093,44.1279
2017-12-21,2018-01-24,21,2.9276,41.3783
2017-12-22,2018-01-25,21,2.8784,40.5698
2017-12-26,2018-01-26,21,3.084,43.9771
2017-12-27,2018-01-29,21,2.2747,30.9846
2017-12-28,2018-01-30,21,1.353,17.4999
2017-12-29,2018-01-31,21,1.6705,21.9947
2018-01-02,2018-02-01,21,0.8856,11.1605
2018-01-03,2018-02-02,21,-0.6823,-7.8874
2018-01-04,2018-02-05,21,-1.5648,-17.2425
2018-01-05,2018-02-06,21,-1.3232,-14.7723
2018-01-08,2018-02-07,21,-2.362,-24.9371
2018-01-09,2018-02-08,21,-2.7398,-28.349
2018-01-10,2018-02-09,21,-2.385,-25.1486
2018-01-11,2018-02-12,21,-1.8831,-20.3979
2018-01-12,2018-02-13,21,-2.0976,-22.4614
2018-01-16,2018-02-14,21,-1.3699,-15.2548
2018-01-17,2018-02-15,21,-1.4176,-15.7452
2018-01-18,2018-02-16,21,-0.8912,-10.1853
2018-01-19,2018-02-20,21,-1.2805,-14.3287
2018-01-22,2018-02-21,21,-1.9005,-20.5667
2018-01-23,2018-02-22,21,-2.2573,-23.9652
2018-01-24,2018-02-23,21,-1.4775,-16.3579
2018-01-25,2018-02-26,21,-1.1664,-13.1332
2018-01-26,2018-02-27,21,-1.9892,-21.4249
2018-01-29,2018-02-28,21,-1.6557,-18.1554
2018-01-30,2018-03-01,21,-1.2993,-14.5243
2018-01-31,2018-03-02,21,-1.1499,-12.9584
2018-02-01,2018-03-05,21,-0.5392,-6.2819
2018-02-02,2018-03-06,21,1.1817,15.139
2018-02-05,2018-03-07,21,2.1071,28.4307
2018-02-06,2018-03-08,21,1.793,23.7703
2018-02-07,2018-03-09,21,3.2221,46.309
2018-02-08,2018-03-12,21,4.6651,72.8308
2018-02-09,2018-03-13,21,4.12,62.3336
2018-02-12,2018-03-14,21,3.466,50.5119
2018-02-13,2018-03-15,21,3.0873,44.0331
2018-02-14,2018-03-16,21,2.1153,28.5552
2018-02-15,2018-03-19,21,1.0874,13.8587
2018-02-16,2018-03-20,21,0.8519,10.7161
2018-02-20,2018-03-21,21,1.3531,17.5025
2018-02-21,2018-03-22,21,1.4777,19.2471
2018-02-22,2018-03-23,21,1.0427,13.2554
2018-02-23,2018-03-26,21,1.2493,16.0654
2018-02-26,2018-03-27,21,0.046,0.5539
2018-02-27,2018-03-28,21,0.0157,0.1888
2018-02-28,2018-03-29,21,0.5236,6.4675
2018-03-01,2018-04-02,21,0.6383,7.9345
2018-03-02,2018-04-03,21,0.0581,0.7
2018-03-05,2018-04-04,21,0.2411,2.932
2018-03-06,2018-04-05,21,-0.8766,-10.0264
2018-03-07,2018-04-06,21,-1.1205,-12.6475
2018-03-08,2018-04-09,21,-0.9554,-10.8813
2018-03-09,2018-04-10,21,-0.6203,-7.1946
2018-03-12,2018-04-11,21,-0.5574,-6.4875
2018-03-13,2018-04-12,21,-0.6993,-8.0765
2018-03-14,2018-04-13,21,-0.8713,-9.9687
2018-03-15,2018-04-16,21,-0.5467,-6.3662
2018-03-16,2018-04-17,21,0.1618,1.9592
2018-03-19,2018-04-18,21,0.3663,4.4849
2018-03-20,2018-04-19,21,-0.3849,-4.5227
2018-03-21,2018-04-20,21,-1.2472,-13.9814
2018-03-22,2018-04-23,21,-1.394,-15.5029
2018-03-23,2018-04-24,21,-1.1999,-13.4856
2018-03-26,2018-04-25,21,-2.4718,-25.944
2018-03-27,2018-04-26,21,-1.0912,-12.3365
2018-03-28,2018-04-27,21,-0.3335,-3.9289
2018-03-29,2018-04-30,21,-1.062,-12.0256
2018-04-02,2018-05-01,21,-0.7792,-8.9601
2018-04-03,2018-05-02,21,-0.9557,-10.8848
2018-04-04,2018-05-03,21,-0.9601,-10.9319
2018-04-05,2018-05-04,21,0.0794,0.9565
2018-04-06,2018-05-07,21,0.4956,6.1122
2018-04-09,2018-05-08,21,0.2996,3.6553
2018-04-10,2018-05-09,21,-0.294,-3.4717
2018-04-11,2018-05-10,21,0.1558,1.8862
2018-04-12,2018-05-11,21,-0.0257,-0.3084
2018-04-13,2018-05-14,21,-0.0791,-0.9453
2018-04-16,2018-05-15,21,-1.2807,-14.3312
2018-04-17,2018-05-16,21,-1.6667,-18.2656
2018-04-18,2018-05-17,21,-1.7271,-18.8658
2018-04-19,2018-05-18,21,-0.8637,-9.8859
2018-04-20,2018-05-21,21,-0.0845,-1.0092
2018-04-23,2018-05-22,21,0.3998,4.904
2018-04-24,2018-05-23,21,0.886,11.1656
2018-04-25,2018-05-24,21,1.7689,23.4188
2018-04-26,2018-05-25,21,1.3161,16.9875
2018-04-27,2018-05-29,21,1.4564,18.947
2018-04-30,2018-05-30,21,1.6966,22.3709
2018-05-01,2018-05-31,21,1.5628,20.4527
2018-05-02,2018-06-01,21,2.0396,27.4159
2018-05-03,2018-06-04,21,1.6415,21.577
2018-05-04,2018-06-05,21,1.3703,17.7414
2018-05-07,2018-06-06,21,1.1451,14.6402
2018-05-08,2018-06-07,21,0.9781,12.3898
2018-05-09,2018-06-08,21,0.7122,8.8887
2018-05-10,2018-06-11,21,-0.0272,-0.3263
2018-05-11,2018-06-12,21,0.3462,4.235
2018-05-14,2018-06-13,21,0.3777,4.6274
2018-05-15,2018-06-14,21,1.9179,25.6053
2018-05-16,2018-06-15,21,1.1328,14.4728
2018-05-17,2018-06-18,21,1.3747,17.8024
2018-05-18,2018-06-19,21,1.3207,17.0513
2018-05-21,2018-06-20,21,0.9733,12.3259
2018-05-22,2018-06-21,21,0.7697,9.6375
2018-05-23,2018-06-22,21,0.3107,3.7924
2018-05-24,2018-06-25,21,-0.7584,-8.7308
2018-05-25,2018-06-26,21,-0.9558,-10.8856
2018-05-29,2018-06-27,21,-1.6059,-17.6564
2018-05-30,2018-06-28,21,-1.5034,-16.6215
2018-05-31,2018-06-29,21,-1.2557,-14.0697
2018-06-01,2018-07-02,21,-1.5093,-16.6816
2018-06-04,2018-07-03,21,-1.3888,-15.4494
2018-06-05,2018-07-05,21,-1.053,-11.9292
2018-06-06,2018-07-06,21,-0.6421,-7.4387
2018-06-07,2018-07-09,21,-0.5278,-6.1527
2018-06-08,2018-07-10,21,-0.4109,-4.8209
2018-06-11,2018-07-11,21,-0.825,-9.4627
2018-06-12,2018-07-12,21,-0.2984,-3.5224
2018-06-13,2018-07-13,21,-0.3806,-4.4724
2018-06-14,2018-07-16,21,-1.0837,-12.2563
2018-06-15,2018-07-17,21,-0.5671,-6.5964
2018-06-18,2018-07-18,21,-0.4843,-5.6596
2018-06-19,2018-07-19,21,-0.4978,-5.8131
2018-06-20,2018-07-20,21,-0.541,-6.302
2018-06-21,2018-07-23,21,-0.7693,-8.8503
2018-06-22,2018-07-24,21,-0.6417,-7.4349
2018-06-25,2018-07-25,21,0.4136,5.0778
2018-06-26,2018-07-26,21,0.2978,3.6323
2018-06-27,2018-07-27,21,0.3446,4.2139
2018-06-28,2018-07-30,21,-0.3189,-3.7606
2018-06-29,2018-07-31,21,-0.0975,-1.1637
2018-07-02,2018-08-01,21,-0.4355,-5.1024
2018-07-03,2018-08-02,21,-0.3589,-4.2233
2018-07-05,2018-08-03,21,-0.7206,-8.3121
2018-07-06,2018-08-06,21,-0.997,-11.3288
2018-07-09,2018-08-07,21,-1.146,-12.917
2018-07-10,2018-08-08,21,-1.0448,-11.8419
2018-07-11,2018-08-09,21,-0.673,-7.7842
2018-07-12,2018-08-10,21,-1.4511,-16.0887
2018-07-13,2018-08-13,21,-1.8558,-20.1311
2018-07-16,2018-08-14,21,-1.6658,-18.2565
2018-07-17,2018-08-15,21,-2.0665,-22.165
2018-07-18,2018-08-16,21,-2.0132,-21.6555
2018-07-19,2018-08-17,21,-1.9146,-20.7041
2018-07-20,2018-08-20,21,-1.2617,-14.1332
2018-07-23,2018-08-21,21,-0.5955,-6.9167
2018-07-24,2018-08-22,21,-0.2622,-3.1019
2018-07-25,2018-08-23,21,-0.7995,-9.1834
2018-07-26,2018-08-24,21,0.1226,1.4807
2018-07-27,2018-08-27,21,0.5774,7.1534
2018-07-30,2018-08-28,21,0.9789,12.4002
2018-07-31,2018-08-29,21,0.7229,9.0283
2018-08-01,2018-08-30,21,0.7918,9.926
2018-08-02,2018-08-31,21,0.7156,8.9334
2018-08-03,2018-09-04,21,-0.0123,-0.148
2018-08-06,2018-09-05,21,-0.4073,-4.7795
2018-08-07,2018-09-06,21,-0.5345,-6.2285
2018-08-08,2018-09-07,21,-1.0319,-11.7035
2018-08-09,2018-09-10,21,-0.8145,-9.3479
2018-08-10,2018-09-11,21,-0.828,-9.4954
2018-08-13,2018-09-12,21,-0.225,-2.6669
2018-08-14,2018-09-13,21,0.0763,0.9192
2018-08-15,2018-09-14,21,0.3645,4.4626
2018-08-16,2018-09-17,21,0.0374,0.4501
2018-08-17,2018-09-18,21,-0.1034,-1.2342
2018-08-20,2018-09-19,21,-0.5357,-6.242
2018-08-21,2018-09-20,21,-0.2897,-3.4217
2018-08-22,2018-09-21,21,-0.8739,-9.9976
2018-08-23,2018-09-24,21,-0.6713,-7.7647
2018-08-24,2018-09-25,21,-1.6286,-17.8842
2018-08-27,2018-09-26,21,-1.8354,-19.9323
2018-08-28,2018-09-27,21,-1.8404,-19.9807
2018-08-29,2018-09-28,21,-1.6514,-18.1127
2018-08-30,2018-10-01,21,-1.6312,-17.9108
2018-08-31,2018-10-02,21,-1.2919,-14.4473
2018-09-04,2018-10-03,21,-1.2574,-14.0883
2018-09-05,2018-10-04,21,-1.6083,-17.6803
2018-09-06,2018-10-05,21,-1.9032,-20.593
2018-09-07,2018-10-08,21,-2.2589,-23.9804
2018-09-10,2018-10-09,21,-2.2255,-23.6683
2018-09-11,2018-10-10,21,-2.9964,-30.5848
2018-09-12,2018-10-11,21,-2.2681,-24.0656
2018-09-13,2018-10-12,21,-2.2454,-23.8538
2018-09-14,2018-10-15,21,-2.1154,-22.63
2018-09-17,2018-10-16,21,-1.0905,-12.3285
2018-09-18,2018-10-17,21,-1.1958,-13.4428
2018-09-19,2018-10-18,21,-1.6547,-18.1455
2018-09-20,2018-10-19,21,-2.3892,-25.1871
2018-09-21,2018-10-22,21,-2.0759,-22.2542
2018-09-24,2018-10-23,21,-1.7887,-19.4734
2018-09-25,2018-10-24,21,-2.8222,-29.0741
2018-09-26,2018-10-25,21,-2.1393,-22.856
2018-09-27,2018-10-26,21,-2.3662,-24.9752
2018-09-28,2018-10-29,21,-3.1379,-31.7899
2018-10-01,2018-10-30,21,-2.5823,-26.9443
2018-10-02,2018-10-31,21,-2.8418,-29.2457
2018-10-03,2018-11-01,21,-1.2505,-14.0156
2018-10-04,2018-11-02,21,-1.2339,-13.8423
2018-10-05,2018-11-05,21,-0.7696,-8.8546
2018-10-08,2018-11-06,21,0.1569,1.8986
2018-10-09,2018-11-07,21,0.4855,5.9839
2018-10-10,2018-11-08,21,1.3751,17.8083
2018-10-11,2018-11-09,21,-0.1163,-1.3866
2018-10-12,2018-11-12,21,-1.2769,-14.2914
2018-10-15,2018-11-13,21,-1.0459,-11.8538
2018-10-16,2018-11-14,21,-1.6957,-18.5536
2018-10-17,2018-11-15,21,-0.6539,-7.5707
2018-10-18,2018-11-16,21,0.077,0.9281
2018-10-19,2018-11-19,21,-0.4999,-5.837
2018-10-22,2018-11-20,21,-0.7676,-8.8322
2018-10-23,2018-11-21,21,-0.6742,-7.7968
2018-10-24,2018-11-23,21,0.4504,5.5403
2018-10-25,2018-11-26,21,0.159,1.9251
2018-10-26,2018-11-27,21,0.4405,5.4155
2018-10-29,2018-11-28,21,1.8166,24.1145
2018-10-30,2018-11-29,21,1.3352,17.2534
2018-10-31,2018-11-30,21,1.5392,20.1176
2018-11-01,2018-12-03,21,1.2642,16.2706
2018-11-02,2018-12-04,21,1.4764,19.2293
2018-11-05,2018-12-06,21,1.5359,20.0704
2018-11-06,2018-12-07,21,0.7135,8.9056
2018-11-07,2018-12-10,21,0.4963,6.1204
2018-11-08,2018-12-11,21,0.6987,8.7143
2018-11-09,2018-12-12,21,1.6048,21.0517
2018-11-12,2018-12-13,21,2.2748,30.9853
2018-11-13,2018-12-14,21,1.578,20.6695
2018-11-14,2018-12-17,21,1.2417,15.9613
2018-11-15,2018-12-18,21,0.8192,10.2855
2018-11-16,2018-12-19,21,0.2775,3.3811
2018-11-19,2018-12-20,21,0.8945,11.2784
2018-11-20,2018-12-21,21,0.3997,4.9036
2018-11-21,2018-12-24,21,-0.1516,-1.8042
2018-11-23,2018-12-26,21,1.0041,12.7373
2018-11-26,2018-12-27,21,1.0101,12.8177
2018-11-27,2018-12-28,21,1.4585,18.976
2018-11-28,2018-12-31,21,0.9475,11.9818
2018-11-29,2019-01-02,21,1.3589,17.5826
2018-11-30,2019-01-03,21,0.2798,3.4103
2018-12-03,2019-01-04,21,0.0309,0.3719
2018-12-04,2019-01-07,21,0.747,9.3413
2018-12-06,2019-01-08,21,0.6944,8.6588
2018-12-07,2019-01-09,21,1.8548,24.6745
2018-12-10,2019-01-10,21,1.4819,19.3063
2018-12-11,2019-01-11,21,1.5879,20.8102
2018-12-12,2019-01-14,21,0.9186,11.5969
2018-12-13,2019-01-15,21,1.2196,15.6574
2018-12-14,2019-01-16,21,1.7935,23.7778
2018-12-17,2019-01-17,21,2.1482,29.0538
2018-12-18,2019-01-18,21,2.0374,27.3829
2018-12-19,2019-01-22,21,1.8873,25.1523
2018-12-20,2019-01-23,21,2.0411,27.439
2018-12-21,2019-01-24,21,3.744,55.4379
2018-12-24,2019-01-25,21,4.8494,76.52
2018-12-26,2019-01-28,21,3.4344,49.9614
2018-12-27,2019-01-29,21,2.9128,41.1347
2018-12-28,2019-01-30,21,3.4639,50.4751
2018-12-31,2019-01-31,21,3.9295,58.8053
2019-01-02,2019-02-01,21,3.7087,54.8045
2019-01-03,2019-02-04,21,4.474,69.0834
2019-01-04,2019-02-05,21,4.152,62.934
2019-01-07,2019-02-06,21,4.0379,60.8054
2019-01-08,2019-02-07,21,3.6919,54.5033
2019-01-09,2019-02-08,21,3.3627,48.7191
2019-01-10,2019-02-11,21,3.218,46.2399
2019-01-11,2019-02-12,21,3.556,52.0917
2019-01-14,2019-02-13,21,3.9017,58.2974
2019-01-15,2019-02-14,21,3.9242,58.7093
2019-01-16,2019-02-15,21,4.16,63.0839
2019-01-17,2019-02-19,21,4.4278,68.1866
2019-01-18,2019-02-20,21,4.2787,65.3276
2019-01-22,2019-02-21,21,3.9644,59.4464
2019-01-23,2019-02-22,21,4.6333,72.2018
2019-01-24,2019-02-25,21,3.7486,55.5208
2019-01-25,2019-02-26,21,2.878,40.5629
2019-01-28,2019-02-27,21,2.5003,34.4942
2019-01-29,2019-02-28,21,2.3863,32.7099
2019-01-30,2019-03-01,21,1.2314,15.8202
2019-01-31,2019-03-04,21,0.4532,5.5759
2019-02-01,2019-03-05,21,0.3177,3.8796
2019-02-04,2019-03-06,21,0.0701,0.8442
2019-02-05,2019-03-07,21,-0.2738,-3.2368
2019-02-06,2019-03-08,21,-0.1901,-2.2572
2019-02-07,2019-03-11,21,0.4094,5.025
2019-02-08,2019-03-12,21,0.5879,7.2874
2019-02-11,2019-03-13,21,1.0529,13.3926
2019-02-12,2019-03-14,21,0.0909,1.0962
2019-02-13,2019-03-15,21,0.8898,11.2158
2019-02-14,2019-03-18,21,0.64,7.9557
2019-02-15,2019-03-19,21,0.6017,7.4639
2019-02-19,2019-03-20,21,0.1909,2.3148
2019-02-20,2019-03-21,21,0.9977,12.6516
2019-02-21,2019-03-22,21,1.534,20.0428
2019-02-22,2019-03-25,21,1.002,12.709
2019-02-25,2019-03-26,21,0.9877,12.5176
2019-02-26,2019-03-27,21,0.7855,9.8436
2019-02-27,2019-03-28,21,1.1499,14.7061
2019-02-28,2019-03-29,21,1.7733,23.482
2019-03-01,2019-04-01,21,2.2792,31.0539
2019-03-04,2019-04-02,21,2.5643,35.5042
2019-03-05,2019-04-03,21,2.8218,39.6437
2019-03-06,2019-04-04,21,2.8905,40.7685
2019-03-07,2019-04-05,21,3.2635,47.0159
2019-03-08,2019-04-08,21,3.0407,43.2543
2019-03-11,2019-04-09,21,2.7528,38.5236
2019-03-12,2019-04-10,21,2.6574,36.9883
2019-03-13,2019-04-11,21,1.8371,24.4147
2019-03-14,2019-04-12,21,2.4494,33.6942
2019-03-15,2019-04-15,21,1.625,21.3413
2019-03-18,2019-04-16,21,1.6095,21.1187
2019-03-19,2019-04-17,21,1.4298,18.5739
2019-03-20,2019-04-18,21,1.4685,19.1167
2019-03-21,2019-04-22,21,0.471,5.8001
2019-03-22,2019-04-23,21,1.0217,12.9733
2019-03-25,2019-04-24,21,1.3284,17.158
2019-03-26,2019-04-25,21,1.0968,13.9847
2019-03-27,2019-04-26,21,1.5456,20.2078
2019-03-28,2019-04-29,21,1.5235,19.8943
2019-03-29,2019-04-30,21,1.4291,18.5635
2019-04-01,2019-05-01,21,1.1025,14.0622
2019-04-02,2019-05-02,21,0.6401,7.9572
2019-04-03,2019-05-03,21,0.8412,10.5748
2019-04-04,2019-05-06,21,0.7099,8.8594
2019-04-05,2019-05-07,21,0.0408,0.4909
2019-04-08,2019-05-08,21,-0.3875,-4.5517
2019-04-09,2019-05-09,21,-0.4167,-4.8874
2019-04-10,2019-05-10,21,-0.7455,-8.5885
2019-04-11,2019-05-13,21,-0.7472,-8.6066
2019-04-12,2019-05-14,21,-0.5589,-6.5044
2019-04-15,2019-05-15,21,-0.002,-0.0236
2019-04-16,2019-05-16,21,-0.1074,-1.2817
2019-04-17,2019-05-17,21,-0.6998,-8.0817
2019-04-18,2019-05-20,21,-1.4958,-16.544
2019-04-22,2019-05-21,21,-1.1201,-12.6437
2019-04-23,2019-05-22,21,-1.4069,-15.6362
2019-04-24,2019-05-23,21,-1.6758,-18.3563
2019-04-25,2019-05-24,21,-1.5646,-17.2406
2019-04-26,2019-05-28,21,-1.8526,-20.1006
2019-04-29,2019-05-29,21,-1.5207,-16.7968
2019-04-30,2019-05-30,21,-1.3714,-15.2707
2019-05-01,2019-05-31,21,-0.9167,-10.4628
2019-05-02,2019-06-03,21,-0.4336,-5.0807
2019-05-03,2019-06-04,21,-0.354,-4.1663
2019-05-06,2019-06-05,21,-0.2099,-2.4896
2019-05-07,2019-06-06,21,0.6472,8.0487
2019-05-08,2019-06-07,21,1.5766,20.6494
2019-05-09,2019-06-10,21,1.3904,18.0219
2019-05-10,2019-06-11,21,1.4452,18.7897
2019-05-13,2019-06-12,21,1.834,24.3689
2019-05-14,2019-06-13,21,1.8489,24.5879
2019-05-15,2019-06-14,21,1.0903,13.8977
2019-05-16,2019-06-17,21,1.3116,16.9263
2019-05-17,2019-06-18,21,2.8064,39.3934
2019-05-20,2019-06-19,21,3.7414,55.3909
2019-05-21,2019-06-20,21,4.7588,74.6974
2019-05-22,2019-06-21,21,4.4712,69.0275
2019-05-23,2019-06-24,21,4.9526,78.6159
2019-05-24,2019-06-25,21,4.6657,72.8434
2019-05-28,2019-06-26,21,4.9893,79.3656
2019-05-29,2019-06-27,21,5.3812,87.5675
2019-05-30,2019-06-28,21,5.0271,80.1429
2019-05-31,2019-07-01,21,4.8693,76.921
2019-06-03,2019-07-02,21,5.2586,84.9661
2019-06-04,2019-07-03,21,5.0888,81.4157
2019-06-05,2019-07-05,21,4.2834,65.4176
2019-06-06,2019-07-08,21,3.6355,53.498
2019-06-07,2019-07-09,21,3.1656,45.3521
2019-06-10,2019-07-10,21,3.599,52.8503
2019-06-11,2019-07-11,21,3.1572,45.2101
2019-06-12,2019-07-12,21,3.8179,56.7711
2019-06-13,2019-07-15,21,3.6481,53.7216
2019-06-14,2019-07-16,21,3.5576,52.1198
2019-06-17,2019-07-17,21,4.0813,61.6118
2019-06-18,2019-07-18,21,3.4433,50.1167
2019-06-19,2019-07-19,21,3.0212,42.9291
2019-06-20,2019-07-22,21,2.1261,28.7191
2019-06-21,2019-07-23,21,2.4753,34.1001
2019-06-24,2019-07-24,21,2.5519,35.3087
2019-06-25,2019-07-25,21,2.3101,31.5286
2019-06-26,2019-07-26,21,2.2241,30.2085
2019-06-27,2019-07-29,21,1.742,23.0274
2019-06-28,2019-07-30,21,1.7457,23.0818
2019-07-01,2019-07-31,21,1.1333,14.4807
2019-07-02,2019-08-01,21,0.8357,10.503
2019-07-03,2019-08-02,21,0.4207,5.1674
2019-07-05,2019-08-05,21,1.0131,12.8586
2019-07-08,2019-08-06,21,1.7631,23.3348
2019-07-09,2019-08-07,21,2.3296,31.8297
2019-07-10,2019-08-08,21,2.6652,37.1139
2019-07-11,2019-08-09,21,2.6628,37.075
2019-07-12,2019-08-12,21,2.618,36.3579
2019-07-15,2019-08-13,21,2.9513,41.7685
2019-07-16,2019-08-14,21,3.4477,50.1924
2019-07-17,2019-08-15,21,3.2376,46.5725
2019-07-18,2019-08-16,21,3.0299,43.0742
2019-07-19,2019-08-19,21,3.0578,43.5397
2019-07-22,2019-08-20,21,2.8351,39.8608
2019-07-23,2019-08-21,21,2.9074,41.0457
2019-07-24,2019-08-22,21,2.0431,27.4682
2019-07-25,2019-08-23,21,2.8116,39.4782
2019-07-26,2019-08-26,21,2.7496,38.4723
2019-07-29,2019-08-27,21,3.4229,49.762
2019-07-30,2019-08-28,21,3.2401,46.6155
2019-07-31,2019-08-29,21,3.8621,57.5739
2019-08-01,2019-08-30,21,3.6268,53.3442
2019-08-02,2019-09-03,21,3.6819,54.3246
2019-08-05,2019-09-04,21,4.5412,70.3919
2019-08-06,2019-09-05,21,3.4268,49.8292
2019-08-07,2019-09-06,21,2.7618,38.6696
2019-08-08,2019-09-09,21,1.5232,19.8897
2019-08-09,2019-09-10,21,1.2857,16.5681
2019-08-12,2019-09-11,21,1.3814,17.8965
2019-08-13,2019-09-12,21,0.7248,9.0533
2019-08-14,2019-09-13,21,0.0595,0.7159
2019-08-15,2019-09-16,21,0.1962,2.3799
2019-08-16,2019-09-17,21,0.234,2.8448
2019-08-19,2019-09-18,21,0.4726,5.8207
2019-08-20,2019-09-19,21,0.1759,2.1308
2019-08-21,2019-09-20,21,0.2529,3.0769
2019-08-22,2019-09-23,21,0.8909,11.2299
2019-08-23,2019-09-24,21,0.88,11.0865
2019-08-26,2019-09-25,21,0.292,3.5611
2019-08-27,2019-09-26,21,0.0427,0.5138
2019-08-28,2019-09-27,21,-0.6121,-7.1032
2019-08-29,2019-09-30,21,-1.117,-12.6103
2019-08-30,2019-10-01,21,-1.0249,-11.6283
2019-09-03,2019-10-02,21,-1.2014,-13.5016
2019-09-04,2019-10-03,21,-1.129,-12.7377
2019-09-05,2019-10-04,21,-0.1804,-2.1436
2019-09-06,2019-10-07,21,-0.6852,-7.9194
2019-09-09,2019-10-08,21,-0.7603,-8.7517
2019-09-10,2019-10-09,21,0.2792,3.4027
2019-09-11,2019-10-10,21,-0.4337,-5.0824
2019-09-12,2019-10-11,21,-0.4103,-4.8146
2019-09-13,2019-10-14,21,0.7079,8.8332
2019-09-16,2019-10-15,21,0.149,1.8023
2019-09-17,2019-10-16,21,-0.2375,-2.8136
2019-09-18,2019-10-17,21,-0.3324,-3.9172
2019-09-19,2019-10-18,21,-0.5215,-6.081
2019-09-20,2019-10-21,21,-0.6322,-7.3277
2019-09-23,2019-10-22,21,-1.1179,-12.6205
2019-09-24,2019-10-23,21,-1.1397,-12.8506
2019-09-25,2019-10-24,21,-0.1216,-1.4497
2019-09-26,2019-10-25,21,-0.2724,-3.2207
2019-09-27,2019-10-28,21,0.314,3.8333
2019-09-30,2019-10-29,21,0.4227,5.1918
2019-10-01,2019-10-30,21,0.9238,11.6664
2019-10-02,2019-10-31,21,1.3438,17.3726
2019-10-03,2019-11-01,21,0.9714,12.3007
2019-10-04,2019-11-04,21,0.4343,5.3375
2019-10-07,2019-11-05,21,0.1769,2.1434
2019-10-08,2019-11-06,21,0.97,12.2813
2019-10-09,2019-11-07,21,-0.0722,-0.8629
2019-10-10,2019-11-08,21,0.2232,2.7111
2019-10-11,2019-11-11,21,0.0286,0.3441
2019-10-14,2019-11-12,21,-0.1505,-1.7912
2019-10-15,2019-11-13,21,0.2791,3.4017
2019-10-16,2019-11-14,21,0.7825,9.8054
2019-10-17,2019-11-15,21,0.8983,11.3287
2019-10-18,2019-11-18,21,1.3499,17.4569
2019-10-21,2019-11-19,21,1.5163,19.7931
2019-10-22,2019-11-20,21,1.7522,23.1764
2019-10-23,2019-11-21,21,1.2585,16.1929
2019-10-24,2019-11-22,21,0.7153,8.9291
2019-10-25,2019-11-25,21,0.9834,12.4601
2019-10-28,2019-11-26,21,1.2522,16.1056
2019-10-29,2019-11-27,21,1.468,19.1101
2019-10-30,2019-11-29,21,0.8576,10.7901
2019-10-31,2019-12-02,21,-0.3367,-3.9662
2019-11-01,2019-12-03,21,-0.1326,-1.5799
2019-11-04,2019-12-04,21,-0.2417,-2.8617
2019-11-05,2019-12-05,21,0.4609,5.6732
2019-11-06,2019-12-06,21,0.162,1.9612
2019-11-07,2019-12-09,21,0.7673,9.6065
2019-11-08,2019-12-10,21,0.9197,11.6117
2019-11-11,2019-12-11,21,1.738,22.9704
2019-11-12,2019-12-12,21,1.5339,20.0424
2019-11-13,2019-12-13,21,1.6389,21.5397
2019-11-14,2019-12-16,21,1.3152,16.9758
2019-11-15,2019-12-17,21,1.1541,14.7631
2019-11-18,2019-12-18,21,0.8912,11.234
2019-11-19,2019-12-19,21,0.9966,12.6369
2019-11-20,2019-12-20,21,1.0988,14.0122
2019-11-21,2019-12-23,21,1.7659,23.3753
2019-11-22,2019-12-24,21,2.0495,27.565
2019-11-25,2019-12-26,21,1.9859,26.6137
2019-11-26,2019-12-27,21,1.8292,24.2993
2019-11-27,2019-12-30,21,1.5296,19.9814
2019-11-29,2019-12-31,21,1.4662,19.0846
2019-12-02,2020-01-02,21,3.2284,46.4162
2019-12-03,2020-01-03,21,3.0956,44.1718
2019-12-04,2020-01-06,21,3.2589,46.9365
2019-12-05,2020-01-07,21,3.5182,51.4265
2019-12-06,2020-01-08,21,3.4193,49.6992
2019-12-09,2020-01-09,21,3.6979,54.61
2019-12-10,2020-01-10,21,3.8301,56.9922
2019-12-11,2020-01-13,21,3.2125,46.1467
2019-12-12,2020-01-14,21,3.2195,46.265
2019-12-13,2020-01-15,21,2.9752,42.1652
2019-12-16,2020-01-16,21,3.166,45.3577
2019-12-17,2020-01-17,21,3.1835,45.655
2019-12-18,2020-01-21,21,3.5883,52.6617
2019-12-19,2020-01-22,21,3.4038,49.4301
2019-12-20,2020-01-23,21,3.8059,56.5543
2019-12-23,2020-01-24,21,3.7181,54.9731
2019-12-24,2020-01-27,21,3.0845,43.9861
2019-12-26,2020-01-28,21,2.8439,40.0047
2019-12-27,2020-01-29,21,2.8059,39.3847
2019-12-30,2020-01-30,21,3.3114,47.8356
2019-12-31,2020-01-31,21,2.9579,41.878
2020-01-02,2020-02-03,21,2.3338,31.8947
2020-01-03,2020-02-04,21,1.7247,22.7769
2020-01-06,2020-02-05,21,1.8017,23.8964
2020-01-07,2020-02-06,21,1.9909,26.689
2020-01-08,2020-02-07,21,2.2342,30.3624
2020-01-09,2020-02-10,21,2.5454,35.2049
2020-01-10,2020-02-11,21,2.2381,30.4225
2020-01-13,2020-02-12,21,2.3898,32.7642
2020-01-14,2020-02-13,21,2.6083,36.2037
2020-01-15,2020-02-14,21,2.6264,36.4931
2020-01-16,2020-02-18,21,2.6713,37.2117
2020-01-17,2020-02-19,21,3.1794,45.585
2020-01-21,2020-02-20,21,2.9519,41.779
2020-01-22,2020-02-21,21,2.8383,39.9129
2020-01-23,2020-02-24,21,2.0861,28.1149
2020-01-24,2020-02-25,21,1.0332,13.1278
2020-01-27,2020-02-26,21,0.9758,12.3583
2020-01-28,2020-02-27,21,0.1141,1.3776
2020-01-29,2020-02-28,21,-0.2924,-3.4531
2020-01-30,2020-03-02,21,0.5168,6.3809
2020-01-31,2020-03-03,21,1.3204,17.047
2020-02-03,2020-03-04,21,1.777,23.537
2020-02-04,2020-03-05,21,2.2996,31.3673
2020-02-05,2020-03-06,21,3.3295,48.1465
2020-02-06,2020-03-09,21,2.059,27.7079
2020-02-07,2020-03-10,21,1.1887,15.2348
2020-02-10,2020-03-11,21,-1.6005,-17.6028
2020-02-11,2020-03-12,21,-4.1324,-39.7357
2020-02-12,2020-03-13,21,-4.2036,-40.2707
2020-02-13,2020-03-16,21,-5.7543,-50.8935
2020-02-14,2020-03-17,21,-5.866,-51.5876
2020-02-18,2020-03-18,21,-9.69,-70.5674
2020-02-19,2020-03-19,21,-8.9107,-67.3707
2020-02-20,2020-03-20,21,-7.6353,-61.4459
2020-02-21,2020-03-23,21,-5.1912,-47.2549
2020-02-24,2020-03-24,21,-2.5653,-26.7913
2020-02-25,2020-03-25,21,-2.3701,-25.0111
2020-02-26,2020-03-26,21,-0.3957,-4.6462
2020-02-27,2020-03-27,21,-0.3911,-4.5937
2020-02-28,2020-03-30,21,0.5988,7.4269
2020-03-02,2020-03-31,21,-1.6343,-17.9412
2020-03-03,2020-04-01,21,-2.8782,-29.5631
2020-03-04,2020-04-02,21,-2.2144,-23.5642
2020-03-05,2020-04-03,21,-2.7737,-28.6479
2020-03-06,2020-04-06,21,-1.1263,-12.7088
2020-03-09,2020-04-07,21,-0.4388,-5.1402
2020-03-10,2020-04-08,21,0.4552,5.6015
2020-03-11,2020-04-09,21,3.8847,57.9855
2020-03-12,2020-04-13,21,7.4592,137.0958
2020-03-13,2020-04-14,21,7.9977,151.7514
2020-03-16,2020-04-15,21,10.6598,237.1942
2020-03-17,2020-04-16,21,10.1602,219.3708
2020-03-18,2020-04-17,21,14.3879,401.8327
2020-03-19,2020-04-20,21,12.7476,321.9746
2020-03-20,2020-04-21,21,10.3351,225.5101
2020-03-23,2020-04-22,21,9.2282,188.4131
2020-03-24,2020-04-23,21,5.4414,88.8578
2020-03-25,2020-04-24,21,6.6565,116.6939
2020-03-26,2020-04-27,21,4.1722,63.3138
2020-03-27,2020-04-28,21,5.1526,82.743
2020-03-30,2020-04-29,21,5.1617,82.9329
2020-03-31,2020-04-30,21,5.3422,86.7354
2020-04-01,2020-05-01,21,5.5974,92.2368
2020-04-02,2020-05-04,21,4.4861,69.3176
2020-04-03,2020-05-05,21,5.1487,82.661
2020-04-06,2020-05-06,21,1.5944,20.9032
2020-04-07,2020-05-07,21,3.4658,50.5091
2020-04-08,2020-05-08,21,2.8667,40.3773
2020-04-09,2020-05-11,21,1.6145,21.1902
2020-04-13,2020-05-12,21,1.3239,17.0961
2020-04-14,2020-05-13,21,-0.1354,-1.6131
2020-04-15,2020-05-14,21,1.2431,15.9805
2020-04-16,2020-05-15,21,0.5788,7.1712
2020-04-17,2020-05-18,21,1.0132,12.8597
2020-04-20,2020-05-19,21,1.3319,17.2073
2020-04-21,2020-05-20,21,3.4895,50.9238
2020-04-22,2020-05-21,21,0.9594,12.1405
2020-04-23,2020-05-22,21,1.4505,18.8644
2020-04-24,2020-05-26,21,0.4464,5.4908
2020-04-27,2020-05-27,21,1.0344,13.144
2020-04-28,2020-05-28,21,0.8796,11.0807
2020-04-29,2020-05-29,21,1.1261,14.3826
2020-04-30,2020-06-01,21,2.0298,27.2695
2020-05-01,2020-06-02,21,2.9723,42.1165
2020-05-04,2020-06-03,21,2.4388,33.5281
2020-05-05,2020-06-04,21,1.9641,26.2896
2020-05-06,2020-06-05,21,2.3533,32.1973
2020-05-07,2020-06-08,21,1.5953,20.9163
2020-05-08,2020-06-09,21,1.9189,25.6197
2020-05-11,2020-06-10,21,2.7161,37.9308
2020-05-12,2020-06-11,21,2.0347,27.3435
2020-05-13,2020-06-12,21,2.4336,33.4477
2020-05-14,2020-06-15,21,1.5196,19.8392
2020-05-15,2020-06-16,21,1.9116,25.5112
2020-05-18,2020-06-17,21,2.0393,27.4125
2020-05-19,2020-06-18,21,1.994,26.7344
2020-05-20,2020-06-19,21,1.3641,17.6549
2020-05-21,2020-06-22,21,2.5259,34.8972
2020-05-22,2020-06-23,21,2.2122,30.0262
2020-05-26,2020-06-24,21,2.3566,32.2487
2020-05-27,2020-06-25,21,2.3319,31.8656
2020-05-28,2020-06-26,21,2.6844,37.4213
2020-05-29,2020-06-29,21,1.7467,23.0956
2020-06-01,2020-06-30,21,2.6486,36.847
2020-06-02,2020-07-01,21,2.2374,30.4123
2020-06-03,2020-07-02,21,2.9009,40.9385
2020-06-04,2020-07-06,21,3.5683,52.3082
2020-06-05,2020-07-07,21,4.0743,61.4821
2020-06-08,2020-07-08,21,3.9388,58.9756
2020-06-09,2020-07-09,21,3.9303,58.8209
2020-06-10,2020-07-10,21,3.2868,47.4142
2020-06-11,2020-07-13,21,3.8462,57.2841
2020-06-12,2020-07-14,21,4.0195,60.4632
2020-06-15,2020-07-15,21,3.7758,56.0109
2020-06-16,2020-07-16,21,3.2234,46.3323
2020-06-17,2020-07-17,21,3.3206,47.9939
2020-06-18,2020-07-20,21,3.9045,58.3482
2020-06-19,2020-07-21,21,3.8254,56.9069
2020-06-22,2020-07-22,21,3.8965,58.2021
2020-06-23,2020-07-23,21,3.9539,59.2545
2020-06-24,2020-07-24,21,4.0302,60.6627
2020-06-25,2020-07-27,21,4.6674,72.8762
2020-06-26,2020-07-28,21,4.555,70.6631
2020-06-29,2020-07-29,21,4.9655,78.878
2020-06-30,2020-07-30,21,4.5554,70.6699
2020-07-01,2020-07-31,21,5.3557,87.0229
2020-07-02,2020-08-03,21,5.1876,83.4739
2020-07-06,2020-08-04,21,5.6373,93.1119
2020-07-07,2020-08-05,21,5.4286,88.5816
2020-07-08,2020-08-06,21,5.401,87.99
2020-07-09,2020-08-07,21,3.8825,57.9468
2020-07-10,2020-08-10,21,4.0606,61.2255
2020-07-13,2020-08-11,21,2.4467,33.6517
2020-07-14,2020-08-12,21,2.5295,34.9543
2020-07-15,2020-08-13,21,2.4975,34.449
2020-07-16,2020-08-14,21,2.25,30.6047
2020-07-17,2020-08-17,21,2.9524,41.7868
2020-07-20,2020-08-18,21,2.5636,35.4933
2020-07-21,2020-08-19,21,1.5411,20.1444
2020-07-22,2020-08-20,21,1.1377,14.5402
2020-07-23,2020-08-21,21,1.1536,14.7556
2020-07-24,2020-08-24,21,1.5676,20.5202
2020-07-27,2020-08-25,21,0.5254,6.4908
2020-07-28,2020-08-26,21,1.2505,16.0819
2020-07-29,2020-08-27,21,-0.1972,-2.3413
2020-07-30,2020-08-28,21,0.4355,5.3535
2020-07-31,2020-08-31,21,0.232,2.8202
2020-08-03,2020-09-01,21,0.7765,9.7263
2020-08-04,2020-09-02,21,0.2056,2.4954
2020-08-05,2020-09-03,21,-1.3561,-15.1128
2020-08-06,2020-09-04,21,-2.6182,-27.2669
2020-08-07,2020-09-08,21,-2.5049,-26.2442
2020-08-10,2020-09-09,21,-1.8374,-19.9517
2020-08-11,2020-09-10,21,-0.229,-2.7141
2020-08-12,2020-09-11,21,-0.8008,-9.1971
2020-08-13,2020-09-14,21,-0.0622,-0.7438
2020-08-14,2020-09-15,21,0.6876,8.57
2020-08-17,2020-09-16,21,-0.559,-6.5058
2020-08-18,2020-09-17,21,-1.3368,-14.913
2020-08-19,2020-09-18,21,-0.8248,-9.461
2020-08-20,2020-09-21,21,-1.3983,-15.5475
2020-08-21,2020-09-22,21,-1.2704,-14.2239
2020-08-24,2020-09-23,21,-2.3368,-24.7045
2020-08-25,2020-09-24,21,-1.844,-20.0162
2020-08-26,2020-09-25,21,-2.1333,-22.7994
2020-08-27,2020-09-28,21,-0.6523,-7.5531
2020-08-28,2020-09-29,21,-1.2355,-13.8589
2020-08-31,2020-09-30,21,-1.7207,-18.8026
2020-09-01,2020-10-01,21,-1.7576,-19.1677
2020-09-02,2020-10-02,21,-2.8511,-29.3264
2020-09-03,2020-10-05,21,-1.2823,-14.3472
2020-09-04,2020-10-06,21,-0.6449,-7.4704
2020-09-08,2020-10-07,21,0.3486,4.2642
2020-09-09,2020-10-08,21,0.0869,1.0479
2020-09-10,2020-10-09,21,1.1003,14.0328
2020-09-11,2020-10-12,21,2.0265,27.2202
2020-09-14,2020-10-13,21,1.0441,13.2739
2020-09-15,2020-10-14,21,0.8538,10.741
2020-09-16,2020-10-15,21,1.0372,13.1816
2020-09-17,2020-10-16,21,1.2781,16.4628
2020-09-18,2020-10-19,21,1.203,15.4301
2020-09-21,2020-10-20,21,1.5711,20.5712
2020-09-22,2020-10-21,21,1.2453,16.0113
2020-09-23,2020-10-22,21,1.6674,21.9494
2020-09-24,2020-10-23,21,1.5262,19.9328
2020-09-25,2020-10-26,21,0.845,10.6243
2020-09-28,2020-10-27,21,0.4569,5.6228
2020-09-29,2020-10-28,21,-1.1392,-12.8453
2020-09-30,2020-10-29,21,-0.7154,-8.2548
2020-10-01,2020-10-30,21,-1.9893,-21.4257
2020-10-02,2020-11-02,21,-0.6821,-7.8848
2020-10-05,2020-11-03,21,-0.3503,-4.1231
2020-10-06,2020-11-04,21,1.333,17.2223
2020-10-07,2020-11-05,21,2.7458,38.4097
2020-10-08,2020-11-06,21,2.2618,30.7863
2020-10-09,2020-11-09,21,-0.7085,-8.1784
2020-10-12,2020-11-10,21,-1.8858,-20.4244
2020-10-13,2020-11-11,21,-1.0455,-11.8494
2020-10-14,2020-11-12,21,-0.8427,-9.657
2020-10-15,2020-11-13,21,-0.2516,-2.9781
2020-10-16,2020-11-16,21,0.1547,1.8722
2020-10-19,2020-11-17,21,0.487,6.0036
2020-10-20,2020-11-18,21,0.2741,3.3396
2020-10-21,2020-11-19,21,0.5732,7.0993
2020-10-22,2020-11-20,21,1.4366,18.6687
2020-10-23,2020-11-23,21,0.7966,9.9896
2020-10-26,2020-11-24,21,0.6661,8.2931
2020-10-27,2020-11-25,21,0.3509,4.2925
2020-10-28,2020-11-27,21,1.9642,26.2915
2020-10-29,2020-11-30,21,1.8501,24.6051
2020-10-30,2020-12-01,21,2.9324,41.4579
2020-11-02,2020-12-02,21,2.4968,34.4384
2020-11-03,2020-12-03,21,2.1094,28.4661
2020-11-04,2020-12-04,21,0.8073,10.129
2020-11-05,2020-12-07,21,-0.0679,-0.8112
2020-11-06,2020-12-08,21,0.319,3.8962
2020-11-09,2020-12-09,21,1.2761,16.4354
2020-11-10,2020-12-10,21,2.0908,28.1851
2020-11-11,2020-12-11,21,1.5951,20.9137
2020-11-12,2020-12-14,21,1.2938,16.68
2020-11-13,2020-12-15,21,1.4168,18.3909
2020-11-16,2020-12-16,21,1.2826,16.5254
2020-11-17,2020-12-17,21,1.8221,24.1956
2020-11-18,2020-12-18,21,2.1372,28.8861
2020-11-19,2020-12-21,21,1.7726,23.4727
2020-11-20,2020-12-22,21,1.7274,22.8162
2020-11-23,2020-12-23,21,1.8464,24.5519
2020-11-24,2020-12-24,21,2.5962,36.0115
2020-11-25,2020-12-28,21,2.5149,34.7234
2020-11-27,2020-12-29,21,2.1679,29.352
2020-11-30,2020-12-30,21,2.5749,35.6724
2020-12-01,2020-12-31,21,2.1811,29.5532
2020-12-02,2021-01-04,21,2.5536,35.336
2020-12-03,2021-01-05,21,2.4744,34.0862
2020-12-04,2021-01-06,21,0.815,10.23
2020-12-07,2021-01-07,21,0.8554,10.7621
2020-12-08,2021-01-08,21,-0.3455,-4.0683
2020-12-09,2021-01-11,21,0.9087,11.4664
2020-12-10,2021-01-12,21,0.7649,9.5751
2020-12-11,2021-01-13,21,1.067,13.583
2020-12-14,2021-01-14,21,0.9601,12.1492
2020-12-15,2021-01-15,21,-0.1749,-2.0782
2020-12-16,2021-01-19,21,0.5453,6.7438
2020-12-17,2021-01-20,21,0.5877,7.2846
2020-12-18,2021-01-21,21,0.578,7.1611
2020-12-21,2021-01-22,21,0.3516,4.3023
2020-12-22,2021-01-25,21,0.5235,6.4659
2020-12-23,2021-01-26,21,0.4926,6.0745
2020-12-24,2021-01-27,21,-0.8981,-10.2605
2020-12-28,2021-01-28,21,-0.4964,-5.7971
2020-12-29,2021-01-29,21,-0.8149,-9.3524
2020-12-30,2021-02-01,21,-0.1982,-2.3524
2020-12-31,2021-02-02,21,-0.3184,-3.7543
2021-01-04,2021-02-03,21,-1.3119,-14.6555
2021-01-05,2021-02-04,21,-1.7515,-19.1072
2021-01-06,2021-02-05,21,-0.137,-1.6313
2021-01-07,2021-02-08,21,-0.0288,-0.3448
2021-01-08,2021-02-09,21,0.9725,12.3149
2021-01-11,2021-02-10,21,1.2843,16.5483
2021-01-12,2021-02-11,21,1.4514,18.8773
2021-01-13,2021-02-12,21,0.9691,12.269
2021-01-14,2021-02-16,21,0.3755,4.6008
2021-01-15,2021-02-17,21,0.2873,3.5025
2021-01-19,2021-02-18,21,-0.8748,-10.0069
2021-01-20,2021-02-19,21,-1.285,-14.3756
2021-01-21,2021-02-22,21,-1.8858,-20.4244
2021-01-22,2021-02-23,21,-1.9253,-20.8077
2021-01-25,2021-02-24,21,-2.007,-21.5957
2021-01-26,2021-02-25,21,-3.638,-35.898
2021-01-27,2021-02-26,21,-2.1225,-22.6973
2021-01-28,2021-03-01,21,-1.9412,-20.9612
2021-01-29,2021-03-02,21,-2.0167,-21.6883
2021-02-01,2021-03-03,21,-4.4841,-42.3354
2021-02-02,2021-03-04,21,-5.6325,-50.1267
2021-02-03,2021-03-05,21,-4.5589,-42.8754
2021-02-04,2021-03-08,21,-5.826,-51.34
2021-02-05,2021-03-09,21,-3.8714,-37.7366
2021-02-08,2021-03-10,21,-4.8249,-44.7567
2021-02-09,2021-03-11,21,-4.2633,-40.7155
2021-02-10,2021-03-12,21,-5.5146,-49.3737
2021-02-11,2021-03-15,21,-5.0081,-46.0196
2021-02-12,2021-03-16,21,-4.8372,-44.8423
2021-02-16,2021-03-17,21,-4.2551,-40.6544
2021-02-17,2021-03-18,21,-4.7454,-44.2005
2021-02-18,2021-03-19,21,-3.9698,-38.4976
2021-02-19,2021-03-22,21,-3.3838,-33.8397
2021-02-22,2021-03-23,21,-3.0732,-31.2412
2021-02-23,2021-03-24,21,-2.9863,-30.4984
2021-02-24,2021-03-25,21,-3.5925,-35.5344
2021-02-25,2021-03-26,21,-0.8138,-9.3406
2021-02-26,2021-03-29,21,-2.0096,-21.6209
2021-03-01,2021-03-30,21,-2.8203,-29.0578
2021-03-02,2021-03-31,21,-1.492,-16.5052
2021-03-03,2021-04-01,21,1.3215,17.0629
2021-03-04,2021-04-05,21,3.0305,43.0841
2021-03-05,2021-04-06,21,2.6844,37.4217
2021-03-08,2021-04-07,21,4.2238,64.2861
2021-03-09,2021-04-08,21,2.6767,37.2979
2021-03-10,2021-04-09,21,2.6504,36.8766
2021-03-11,2021-04-12,21,1.4372,18.677
2021-03-12,2021-04-13,21,3.086,44.0112
2021-03-15,2021-04-14,21,1.7287,22.8349
2021-03-16,2021-04-15,21,2.9924,42.4497
2021-03-17,2021-04-16,21,2.8837,40.6563
2021-03-18,2021-04-19,21,3.3777,48.9773
2021-03-19,2021-04-20,21,2.7558,38.5718
2021-03-22,2021-04-21,21,2.7022,37.7071
2021-03-23,2021-04-22,21,2.6347,36.6256
2021-03-24,2021-04-23,21,3.2312,46.4639
2021-03-25,2021-04-26,21,4.0989,61.9391
2021-03-26,2021-04-27,21,2.7331,38.2056
2021-03-29,2021-04-28,21,3.3123,47.8505
2021-03-30,2021-04-29,21,3.6696,54.105
2021-03-31,2021-04-30,21,2.2548,30.6781
2021-04-01,2021-05-03,21,0.9527,12.0514
2021-04-05,2021-05-04,21,0.0923,1.1133
2021-04-06,2021-05-05,21,0.0073,0.0881
2021-04-07,2021-05-06,21,0.7372,9.2142
2021-04-08,2021-05-07,21,0.2768,3.3725
2021-04-09,2021-05-10,21,-0.4386,-5.1384
2021-04-12,2021-05-11,21,-0.0979,-1.1684
2021-04-13,2021-05-12,21,-1.9281,-20.8344
2021-04-14,2021-05-13,21,-1.2391,-13.8966
2021-04-15,2021-05-14,21,-1.4798,-16.3818
2021-04-16,2021-05-17,21,-1.1606,-13.0716
2021-04-19,2021-05-18,21,-0.7062,-8.1523
2021-04-20,2021-05-19,21,-0.2619,-3.0974
2021-04-21,2021-05-20,21,-0.112,-1.3352
2021-04-22,2021-05-21,21,0.1327,1.6037
2021-04-23,2021-05-24,21,0.472,5.8128
2021-04-26,2021-05-25,21,0.6594,8.2062
2021-04-27,2021-05-26,21,1.1137,14.2145
2021-04-28,2021-05-27,21,1.0521,13.3822
2021-04-29,2021-05-28,21,1.3314,17.2002
2021-04-30,2021-06-01,21,1.6605,21.8507
2021-05-03,2021-06-02,21,1.7744,23.4995
2021-05-04,2021-06-03,21,1.3052,16.8365
2021-05-05,2021-06-04,21,2.3969,32.8747
2021-05-06,2021-06-07,21,1.9077,25.4542
2021-05-07,2021-06-08,21,1.6119,21.1533
2021-05-10,2021-06-09,21,2.855,40.1858
2021-05-11,2021-06-10,21,3.4045,49.4425
2021-05-12,2021-06-11,21,4.6528,72.5875
2021-05-13,2021-06-14,21,4.3962,67.5778
2021-05-14,2021-06-15,21,2.8258,39.7097
2021-05-17,2021-06-16,21,2.6148,36.3075
2021-05-18,2021-06-17,21,2.4801,34.1753
2021-05-19,2021-06-18,21,2.2204,30.1516
2021-05-20,2021-06-21,21,1.1749,15.0459
2021-05-21,2021-06-22,21,1.558,20.3842
2021-05-24,2021-06-23,21,0.8863,11.1694
2021-05-25,2021-06-24,21,0.6752,8.4102
2021-05-26,2021-06-25,21,0.3523,4.311
2021-05-27,2021-06-28,21,1.4023,18.1885
2021-05-28,2021-06-29,21,1.2302,15.8035
2021-06-01,2021-06-30,21,1.4585,18.9769
2021-06-02,2021-07-01,21,1.1106,14.1722
2021-06-03,2021-07-02,21,2.591,35.9284
2021-06-04,2021-07-06,21,1.7651,23.3631
2021-06-07,2021-07-07,21,1.9332,25.8315
2021-06-08,2021-07-08,21,1.6433,21.6025
2021-06-09,2021-07-09,21,1.5626,20.4502
2021-06-10,2021-07-12,21,0.9341,11.8038
2021-06-11,2021-07-13,21,0.8375,10.5264
2021-06-14,2021-07-14,21,1.3118,16.9289
2021-06-15,2021-07-15,21,1.757,23.2454
2021-06-16,2021-07-16,21,1.2914,16.6462
2021-06-17,2021-07-19,21,2.0602,27.7253
2021-06-18,2021-07-20,21,2.0571,27.6792
2021-06-21,2021-07-21,21,2.206,29.9325
2021-06-22,2021-07-22,21,2.3039,31.4331
2021-06-23,2021-07-23,21,2.3019,31.4027
2021-06-24,2021-07-26,21,1.8295,24.304
2021-06-25,2021-07-27,21,1.9902,26.6788
2021-06-28,2021-07-28,21,1.5843,20.759
2021-06-29,2021-07-29,21,2.2076,29.9567
2021-06-30,2021-07-30,21,2.1512,29.099
2021-07-01,2021-08-02,21,2.6406,36.7188
2021-07-02,2021-08-03,21,2.2112,30.0118
2021-07-06,2021-08-04,21,2.0436,27.4756
2021-07-07,2021-08-05,21,1.7454,23.0773
2021-07-08,2021-08-06,21,0.7441,9.304
2021-07-09,2021-08-09,21,-0.0222,-0.2664
2021-07-12,2021-08-10,21,-0.3008,-3.5501
2021-07-13,2021-08-11,21,0.1953,2.369
2021-07-14,2021-08-12,21,-0.3133,-3.6955
2021-07-15,2021-08-13,21,0.474,5.839
2021-07-16,2021-08-16,21,1.1022,14.0584
2021-07-19,2021-08-17,21,0.4289,5.2696
2021-07-20,2021-08-18,21,0.0369,0.4436
2021-07-21,2021-08-19,21,0.3824,4.6866
2021-07-22,2021-08-20,21,0.2782,3.3897
2021-07-23,2021-08-23,21,1.0573,13.4522
2021-07-26,2021-08-24,21,1.2315,15.8215
2021-07-27,2021-08-25,21,1.0151,12.8852
2021-07-28,2021-08-26,21,0.6787,8.4552
2021-07-29,2021-08-27,21,1.0151,12.8852
2021-07-30,2021-08-30,21,1.0421,13.248
2021-08-02,2021-08-31,21,0.3694,4.5241
2021-08-03,2021-09-01,21,0.336,4.1076
2021-08-04,2021-09-02,21,0.1741,2.1087
2021-08-05,2021-09-03,21,0.5469,6.7644
2021-08-06,2021-09-07,21,0.9716,12.3029
2021-08-09,2021-09-08,21,1.5714,20.5751
2021-08-10,2021-09-09,21,2.3439,32.051
2021-08-11,2021-09-10,21,1.6619,21.8698
2021-08-12,2021-09-13,21,1.9373,25.892
2021-08-13,2021-09-14,21,1.5512,20.2869
2021-08-16,2021-09-15,21,1.4167,18.3898
2021-08-17,2021-09-16,21,1.2365,15.8905
2021-08-18,2021-09-17,21,0.8865,11.1721
2021-08-19,2021-09-20,21,0.3926,4.8147
2021-08-20,2021-09-21,21,0.3684,4.512
2021-08-23,2021-09-22,21,0.0425,0.5111
2021-08-24,2021-09-23,21,-0.6556,-7.5892
2021-08-25,2021-09-24,21,-0.5121,-5.9745
2021-08-26,2021-09-27,21,-0.851,-9.7472
2021-08-27,2021-09-28,21,-3.2556,-32.7786
2021-08-30,2021-09-29,21,-3.7587,-36.8551
2021-08-31,2021-09-30,21,-2.9638,-30.3046
2021-09-01,2021-10-01,21,-2.6085,-27.1795
2021-09-02,2021-10-04,21,-3.31,-33.2303
2021-09-03,2021-10-05,21,-3.5067,-34.8421
2021-09-07,2021-10-06,21,-2.4598,-25.8338
2021-09-08,2021-10-07,21,-2.3903,-25.198
2021-09-09,2021-10-08,21,-3.1727,-32.0834
2021-09-10,2021-10-11,21,-3.071,-31.2227
2021-09-13,2021-10-12,21,-2.8086,-28.9553
2021-09-14,2021-10-13,21,-2.1869,-23.3055
2021-09-15,2021-10-14,21,-1.4684,-16.2646
2021-09-16,2021-10-15,21,-1.3812,-15.3719
2021-09-17,2021-10-18,21,-0.4776,-5.5833
2021-09-20,2021-10-19,21,-0.371,-4.3624
2021-09-21,2021-10-20,21,-0.5729,-6.6621
2021-09-22,2021-10-21,21,-0.781,-8.9798
2021-09-23,2021-10-22,21,0.2349,2.8553
2021-09-24,2021-10-25,21,0.6543,8.1402
2021-09-27,2021-10-26,21,0.9114,11.5024
2021-09-28,2021-10-27,21,2.7709,38.8175
2021-09-29,2021-10-28,21,3.4886,50.907
2021-09-30,2021-10-29,21,2.9977,42.5384
2021-10-01,2021-11-01,21,2.7244,38.0654
2021-10-04,2021-11-02,21,3.6385,53.5506
2021-10-05,2021-11-03,21,3.1675,45.3838
2021-10-06,2021-11-04,21,4.1526,62.9453
2021-10-07,2021-11-05,21,4.8716,76.9672
2021-10-08,2021-11-08,21,5.6652,93.7247
2021-10-11,2021-11-09,21,6.4043,110.6254
2021-10-12,2021-11-10,21,4.9776,79.1255
2021-10-13,2021-11-11,21,4.2874,65.4944
2021-10-14,2021-11-12,21,3.8765,57.8374
2021-10-15,2021-11-15,21,3.7993,56.4343
2021-10-18,2021-11-16,21,3.5413,51.8316
2021-10-19,2021-11-17,21,3.8048,56.5338
2021-10-20,2021-11-18,21,3.8721,57.7566
2021-10-21,2021-11-19,21,3.7471,55.4935
2021-10-22,2021-11-22,21,1.8774,25.0068
2021-10-25,2021-11-23,21,0.7298,9.1184
2021-10-26,2021-11-24,21,1.3458,17.4009
2021-10-27,2021-11-26,21,1.19,15.2526
2021-10-28,2021-11-29,21,1.4325,18.6105
2021-10-29,2021-11-30,21,1.0621,13.5173
2021-11-01,2021-12-01,21,0.782,9.798
2021-11-02,2021-12-02,21,0.5752,7.1247
2021-11-03,2021-12-03,21,1.1054,14.1012
2021-11-04,2021-12-06,21,-0.3735,-4.3908
2021-11-05,2021-12-07,21,-0.2814,-3.3247
2021-11-08,2021-12-08,21,-0.9562,-10.8896
2021-11-09,2021-12-09,21,-1.8815,-20.382
2021-11-10,2021-12-10,21,-0.7631,-8.7823
2021-11-11,2021-12-13,21,-1.157,-13.0337
2021-11-12,2021-12-14,21,-2.0558,-22.0631
2021-11-15,2021-12-15,21,-1.1566,-13.0294
2021-11-16,2021-12-16,21,-1.6495,-18.0937
2021-11-17,2021-12-17,21,-1.4829,-16.4125
2021-11-18,2021-12-20,21,-2.1571,-23.0244
2021-11-19,2021-12-21,21,-1.6789,-18.3865
2021-11-22,2021-12-22,21,0.2771,3.3761
2021-11-23,2021-12-23,21,1.3038,16.8184
2021-11-24,2021-12-27,21,1.229,15.7869
2021-11-26,2021-12-28,21,0.7546,9.4408
2021-11-29,2021-12-29,21,-0.0604,-0.7228
2021-11-30,2021-12-30,21,0.5453,6.7432
2021-12-01,2021-12-31,21,0.8397,10.5544
2021-12-02,2022-01-03,21,-0.2139,-2.5368
2021-12-03,2022-01-04,21,-0.6741,-7.796
2021-12-06,2022-01-05,21,-1.4321,-15.8941
2021-12-07,2022-01-06,21,-2.5064,-26.2582
2021-12-08,2022-01-07,21,-2.7223,-28.1939
2021-12-09,2022-01-10,21,-2.0111,-21.6346
2021-12-10,2022-01-11,21,-1.4004,-15.5695
2021-12-13,2022-01-12,21,-1.3423,-14.9697
2021-12-14,2022-01-13,21,-1.3821,-15.3806
2021-12-15,2022-01-14,21,-1.8948,-20.5118
2021-12-16,2022-01-18,21,-2.7297,-28.26
2021-12-17,2022-01-19,21,-2.8425,-29.2518
2021-12-20,2022-01-20,21,-2.4343,-25.6012
2021-12-21,2022-01-21,21,-3.5288,-35.021
2021-12-22,2022-01-24,21,-3.7313,-36.6389
2021-12-23,2022-01-25,21,-4.6336,-43.4096
2021-12-27,2022-01-26,21,-5.6245,-50.0759
2021-12-28,2022-01-27,21,-5.8437,-51.4499
2021-12-29,2022-01-28,21,-4.9266,-45.461
2021-12-30,2022-01-31,21,-4.0941,-39.4461
2021-12-31,2022-02-01,21,-4.0575,-39.1679
2022-01-03,2022-02-02,21,-2.6148,-27.2363
2022-01-04,2022-02-03,21,-3.5818,-35.4481
2022-01-05,2022-02-04,21,-2.667,-27.7033
2022-01-06,2022-02-07,21,-2.3309,-24.6496
2022-01-07,2022-02-08,21,-1.4947,-16.5328
2022-01-10,2022-02-09,21,-0.7426,-8.5557
2022-01-11,2022-02-10,21,-2.4922,-26.1296
2022-01-12,2022-02-11,21,-3.1511,-31.902
2022-01-13,2022-02-14,21,-2.382,-25.1209
2022-01-14,2022-02-15,21,-1.8797,-20.3649
2022-01-18,2022-02-16,21,-0.4465,-5.2282
2022-01-19,2022-02-17,21,-1.1952,-13.4359
2022-01-20,2022-02-18,21,-1.1852,-13.3312
2022-01-21,2022-02-22,21,-0.6476,-7.5
2022-01-24,2022-02-23,21,-1.865,-20.2212
2022-01-25,2022-02-24,21,0.4971,6.1316
2022-01-26,2022-02-25,21,0.7874,9.8686
2022-01-27,2022-02-28,21,2.2934,31.2717
2022-01-28,2022-03-01,21,1.9619,26.2576
2022-01-31,2022-03-02,21,0.098,1.1819
2022-02-01,2022-03-03,21,-0.2395,-2.836
2022-02-02,2022-03-04,21,-0.383,-4.5009
2022-02-03,2022-03-07,21,0.059,0.7109
2022-02-04,2022-03-08,21,0.4017,4.9282
2022-02-07,2022-03-09,21,0.3498,4.279
2022-02-08,2022-03-10,21,-0.6038,-7.0093
2022-02-09,2022-03-11,21,-2.3591,-24.9102
2022-02-10,2022-03-14,21,-3.1226,-31.6607
2022-02-11,2022-03-15,21,-2.3529,-24.8527
2022-02-14,2022-03-16,21,-1.2341,-13.844
2022-02-15,2022-03-17,21,-1.0221,-11.5982
2022-02-16,2022-03-18,21,-0.4333,-5.0779
2022-02-17,2022-03-21,21,-0.7179,-8.2826
2022-02-18,2022-03-22,21,-0.3544,-4.1712
2022-02-22,2022-03-23,21,-0.3015,-3.5586
2022-02-23,2022-03-24,21,1.602,21.0119
2022-02-24,2022-03-25,21,-0.6148,-7.133
2022-02-25,2022-03-28,21,0.0565,0.6806
2022-02-28,2022-03-29,21,-0.343,-4.0398
2022-03-01,2022-03-30,21,-0.7961,-9.1453
2022-03-02,2022-03-31,21,-0.3212,-3.7873
2022-03-03,2022-04-01,21,-0.4285,-5.0223
2022-03-04,2022-04-04,21,-0.0049,-0.0582
2022-03-07,2022-04-05,21,-0.3962,-4.6517
2022-03-08,2022-04-06,21,-1.6757,-18.3548
2022-03-09,2022-04-07,21,-1.9003,-20.5654
2022-03-10,2022-04-08,21,-1.8862,-20.4282
2022-03-11,2022-04-11,21,-1.734,-18.9337
2022-03-14,2022-04-12,21,0.1287,1.556
2022-03-15,2022-04-13,21,0.6087,7.5535
2022-03-16,2022-04-14,21,-2.0979,-22.4636
2022-03-17,2022-04-18,21,-2.7079,-28.0667
2022-03-18,2022-04-19,21,-3.3841,-33.8419
2022-03-21,2022-04-20,21,-2.6199,-27.2822
2022-03-22,2022-04-21,21,-3.773,-36.9674
2022-03-23,2022-04-22,21,-4.8563,-44.9746
2022-03-24,2022-04-25,21,-5.3999,-48.6312
2022-03-25,2022-04-26,21,-5.3401,-48.24
2022-03-28,2022-04-27,21,-6.2788,-54.0745
2022-03-29,2022-04-28,21,-5.4793,-49.1461
2022-03-30,2022-04-29,21,-6.5274,-55.5151
2022-03-31,2022-05-02,21,-6.9441,-57.8372
2022-04-01,2022-05-03,21,-6.4357,-54.9884
2022-04-04,2022-05-04,21,-6.0926,-52.9673
2022-04-05,2022-05-05,21,-6.5512,-55.651
2022-04-06,2022-05-06,21,-6.5348,-55.5574
2022-04-07,2022-05-09,21,-7.9731,-63.1043
2022-04-08,2022-05-10,21,-6.9932,-58.1038
2022-04-11,2022-05-11,21,-6.4251,-54.9276
2022-04-12,2022-05-12,21,-6.8058,-57.0793
2022-04-13,2022-05-13,21,-6.9332,-57.7783
2022-04-14,2022-05-16,21,-6.1919,-53.5611
2022-04-18,2022-05-17,21,-5.7578,-50.9156
2022-04-19,2022-05-18,21,-6.4746,-55.2128
2022-04-20,2022-05-19,21,-5.9346,-52.0091
2022-04-21,2022-05-20,21,-4.4662,-42.2058
2022-04-22,2022-05-23,21,-3.714,-36.5021
2022-04-25,2022-05-24,21,-4.0209,-38.8888
2022-04-26,2022-05-25,21,-3.0421,-30.9764
2022-04-27,2022-05-26,21,-1.716,-18.7554
2022-04-28,2022-05-27,21,-1.875,-20.3185
2022-04-29,2022-05-31,21,-1.6038,-17.6353
2022-05-02,2022-06-01,21,-1.4183,-15.7523
2022-05-03,2022-06-02,21,-0.2313,-2.7408
2022-05-04,2022-06-03,21,-2.1689,-23.136
2022-05-05,2022-06-06,21,-0.6086,-7.0632
2022-05-06,2022-06-07,21,1.1443,14.6293
2022-05-09,2022-06-08,21,2.3523,32.1815
2022-05-10,2022-06-09,21,1.0558,13.4317
2022-05-11,2022-06-10,21,0.3467,4.2403
2022-05-12,2022-06-13,21,-2.3413,-24.7456
2022-05-13,2022-06-14,21,-3.487,-34.6823
2022-05-16,2022-06-15,21,-1.8061,-19.6447
2022-05-17,2022-06-16,21,-2.9715,-30.3707
2022-05-18,2022-06-17,21,-1.9731,-21.2693
2022-05-19,2022-06-21,21,-2.5332,-26.5011
2022-05-20,2022-06-22,21,-2.427,-25.5339
2022-05-23,2022-06-23,21,-1.6918,-18.5147
2022-05-24,2022-06-24,21,-0.7902,-9.0813
2022-05-25,2022-06-27,21,-1.8478,-20.0537
2022-05-26,2022-06-28,21,-3.3936,-33.9197
2022-05-27,2022-06-29,21,-4.2472,-40.5958
2022-05-31,2022-06-30,21,-3.6196,-35.751
2022-06-01,2022-07-01,21,-3.1931,-32.2554
2022-06-02,2022-07-05,21,-4.2133,-40.3426
2022-06-03,2022-07-06,21,-3.9652,-38.4621
2022-06-06,2022-07-07,21,-2.9445,-30.1377
2022-06-07,2022-07-08,21,-3.9275,-38.1716
2022-06-08,2022-07-11,21,-3.8375,-37.4731
2022-06-09,2022-07-12,21,-3.5773,-35.412
2022-06-10,2022-07-13,21,-2.2214,-23.6296
2022-06-13,2022-07-14,21,0.0379,0.4562
2022-06-14,2022-07-15,21,1.2177,15.6316
2022-06-15,2022-07-18,21,-0.3752,-4.4109
2022-06-16,2022-07-19,21,1.365,17.6669
2022-06-17,2022-07-20,21,1.7857,23.6627
2022-06-21,2022-07-21,21,2.6271,36.5036
2022-06-22,2022-07-22,21,1.9867,26.626
2022-06-23,2022-07-25,21,0.6611,8.2284
2022-06-24,2022-07-26,21,-0.8829,-10.0953
2022-06-27,2022-07-27,21,0.7332,9.1621
2022-06-28,2022-07-28,21,2.5926,35.9546
2022-06-29,2022-07-29,21,2.8259,39.7111
2022-06-30,2022-08-01,21,4.0345,60.7417
2022-07-01,2022-08-02,21,3.3358,48.2549
2022-07-05,2022-08-03,21,3.9404,59.0052
2022-07-06,2022-08-04,21,5.1526,82.7436
2022-07-07,2022-08-05,21,3.6735,54.1741
2022-07-08,2022-08-08,21,4.4405,68.4333
2022-07-11,2022-08-09,21,4.0889,61.7541
2022-07-12,2022-08-10,21,5.5143,90.4297
2022-07-13,2022-08-11,21,4.1402,62.7116
2022-07-14,2022-08-12,21,5.9346,99.7353
2022-07-15,2022-08-15,21,5.0273,80.1474
2022-07-18,2022-08-16,21,5.0843,81.3238
2022-07-19,2022-08-17,21,3.0672,43.6968
2022-07-20,2022-08-18,21,2.4668,33.9666
2022-07-21,2022-08-19,21,0.159,1.9248
2022-07-22,2022-08-22,21,-0.9116,-10.407
2022-07-25,2022-08-23,21,-0.2076,-2.4633
2022-07-26,2022-08-24,21,0.5142,6.3484
2022-07-27,2022-08-25,21,0.5204,6.4267
2022-07-28,2022-08-26,21,-1.765,-19.2399
2022-07-29,2022-08-29,21,-2.7244,-28.2131
2022-08-01,2022-08-30,21,-3.7872,-37.0796
2022-08-02,2022-08-31,21,-3.874,-37.7569
2022-08-03,2022-09-01,21,-5.9151,-51.8895
2022-08-04,2022-09-02,21,-6.2587,-53.9559
2022-08-05,2022-09-06,21,-6.4551,-55.1003
2022-08-08,2022-09-07,21,-5.9206,-51.9233
2022-08-09,2022-09-08,21,-5.2719,-47.7909
2022-08-10,2022-09-09,21,-5.0874,-46.5578
2022-08-11,2022-09-12,21,-4.0166,-38.856
2022-08-12,2022-09-13,21,-6.5451,-55.6164
2022-08-15,2022-09-14,21,-6.3569,-54.5319
2022-08-16,2022-09-15,21,-7.0491,-58.4046
2022-08-17,2022-09-16,21,-6.4992,-55.354
2022-08-18,2022-09-19,21,-6.4809,-55.249
2022-08-19,2022-09-20,21,-5.9769,-52.2677
2022-08-22,2022-09-21,21,-4.8737,-45.0958
2022-08-23,2022-09-22,21,-5.9595,-52.1614
2022-08-24,2022-09-23,21,-6.4509,-55.0763
2022-08-25,2022-09-26,21,-8.3841,-65.0335
2022-08-26,2022-09-27,21,-7.6654,-61.5964
2022-08-29,2022-09-28,21,-5.4425,-48.9082
2022-08-30,2022-09-29,21,-5.7902,-51.1174
2022-08-31,2022-09-30,21,-5.8528,-51.506
2022-09-01,2022-10-03,21,-3.0666,-31.1854
2022-09-02,2022-10-04,21,-1.9405,-20.9549
2022-09-06,2022-10-05,21,-1.192,-13.4029
2022-09-07,2022-10-06,21,-2.5803,-26.9267
2022-09-08,2022-10-07,21,-4.1702,-40.0201
2022-09-09,2022-10-10,21,-6.5917,-55.8808
2022-09-12,2022-10-11,21,-7.0887,-58.6171
2022-09-13,2022-10-12,21,-5.6682,-50.3525
2022-09-14,2022-10-13,21,-5.5694,-49.7246
2022-09-15,2022-10-14,21,-6.0532,-52.7301
2022-09-16,2022-10-17,21,-4.7902,-44.5146
2022-09-19,2022-10-18,21,-4.7225,-44.0395
2022-09-20,2022-10-19,21,-5.0007,-45.9686
2022-09-21,2022-10-20,21,-5.3309,-48.18
2022-09-22,2022-10-21,21,-3.8486,-37.5595
2022-09-23,2022-10-24,21,-3.3245,-33.3501
2022-09-26,2022-10-25,21,-0.8784,-10.0462
2022-09-27,2022-10-26,21,-0.501,-5.8496
2022-09-28,2022-10-27,21,-2.4316,-25.5762
2022-09-29,2022-10-28,21,-1.4808,-16.391
2022-09-30,2022-10-31,21,-1.4208,-15.7784
2022-10-03,2022-11-01,21,-2.7873,-28.7679
2022-10-04,2022-11-02,21,-5.1041,-46.6702
2022-10-05,2022-11-03,21,-5.8912,-51.7425
2022-10-06,2022-11-04,21,-5.216,-47.42
2022-10-07,2022-11-07,21,-3.3532,-33.5877
2022-10-10,2022-11-08,21,-0.5475,-6.3763
2022-10-11,2022-11-09,21,-0.8112,-9.3112
2022-10-12,2022-11-10,21,3.4739,50.6503
2022-10-13,2022-11-11,21,4.3289,66.2866
2022-10-14,2022-11-14,21,5.6814,94.0802
2022-10-17,2022-11-15,21,5.7566,95.7448
2022-10-18,2022-11-16,21,5.0456,80.5246
2022-10-19,2022-11-17,21,5.4139,88.2677
2022-10-20,2022-11-18,21,5.2759,85.3303
2022-10-21,2022-11-21,21,4.271,65.1826
2022-10-24,2022-11-22,21,5.2705,85.2162
2022-10-25,2022-11-23,21,4.5991,71.529
2022-10-26,2022-11-25,21,4.3312,66.3296
2022-10-27,2022-11-28,21,3.8335,57.055
2022-10-28,2022-11-29,21,3.2601,46.9567
2022-10-31,2022-11-30,21,5.3623,87.1633
2022-11-01,2022-12-01,21,7.0931,127.5825
2022-11-02,2022-12-02,21,8.2623,159.2535
2022-11-03,2022-12-05,21,8.058,153.4445
2022-11-04,2022-12-06,21,7.421,136.0852
2022-11-07,2022-12-07,21,7.9178,149.5259
2022-11-08,2022-12-08,21,7.1916,130.1056
2022-11-09,2022-12-09,21,7.1706,129.5668
2022-11-10,2022-12-12,21,3.2768,47.2424
2022-11-11,2022-12-13,21,3.4807,50.7687
2022-11-14,2022-12-14,21,3.6189,53.2037
2022-11-15,2022-12-15,21,1.1785,15.096
2022-11-16,2022-12-16,21,1.2025,15.4242
2022-11-17,2022-12-19,21,0.9122,11.5132
2022-11-18,2022-12-20,21,1.2219,15.6901
2022-11-21,2022-12-21,21,2.1395,28.9212
2022-11-22,2022-12-22,21,0.028,0.3369
2022-11-23,2022-12-23,21,-1.0606,-12.0101
2022-11-25,2022-12-27,21,-1.4001,-15.5656
2022-11-28,2022-12-28,21,-1.4075,-15.6424
2022-11-29,2022-12-29,21,0.1204,1.455
2022-11-30,2022-12-30,21,-1.5601,-17.1956
2022-12-01,2023-01-03,21,-2.809,-28.9587
2022-12-02,2023-01-04,21,-1.9317,-20.8693
2022-12-05,2023-01-05,21,-1.4383,-15.9574
2022-12-06,2023-01-06,21,0.3703,4.5348
2022-12-07,2023-01-09,21,0.3476,4.2524
2022-12-08,2023-01-10,21,-0.4775,-5.5814
2022-12-09,2023-01-11,21,0.9891,12.5361
2022-12-12,2023-01-12,21,1.614,21.1834
2022-12-13,2023-01-13,21,0.6492,8.0744
2022-12-14,2023-01-17,21,0.6631,8.2535
2022-12-15,2023-01-18,21,2.2046,29.9103
2022-12-16,2023-01-19,21,2.1205,28.6338
2022-12-19,2023-01-20,21,3.5474,51.9395
2022-12-20,2023-01-23,21,4.401,67.6699
2022-12-21,2023-01-24,21,4.2239,64.2882
2022-12-22,2023-01-25,21,5.6899,94.2682
2022-12-23,2023-01-26,21,6.4028,110.5897
2022-12-27,2023-01-27,21,6.9447,123.8262
2022-12-28,2023-01-30,21,6.6785,117.2327
2022-12-29,2023-01-31,21,6.1737,105.2115
2022-12-30,2023-02-01,21,8.0306,152.6746
2023-01-03,2023-02-02,21,8.3225,160.99
2023-01-04,2023-02-03,21,5.5872,92.0153
2023-01-05,2023-02-06,21,5.8763,98.4197
2023-01-06,2023-02-07,21,4.829,76.1073
2023-01-09,2023-02-08,21,3.7594,55.7143
2023-01-10,2023-02-09,21,3.4955,51.0283
2023-01-11,2023-02-10,21,1.9114,25.5089
2023-01-12,2023-02-13,21,1.4689,19.1236
2023-01-13,2023-02-14,21,1.7073,22.5256
2023-01-17,2023-02-15,21,1.6981,22.3917
2023-01-18,2023-02-16,21,0.5052,6.2334
2023-01-19,2023-02-17,21,0.5923,7.3434
2023-01-20,2023-02-21,21,-1.3149,-14.686
2023-01-23,2023-02-22,21,-1.7197,-18.7922
2023-01-24,2023-02-23,21,-1.3777,-15.3355
2023-01-25,2023-02-24,21,-2.4346,-25.604
2023-01-26,2023-02-27,21,-2.5093,-26.2842
2023-01-27,2023-02-28,21,-2.1175,-22.6495
2023-01-30,2023-03-01,21,-1.6018,-17.6152
2023-01-31,2023-03-02,21,-2.2522,-23.918
2023-02-01,2023-03-03,21,-2.4754,-25.9763
2023-02-02,2023-03-06,21,-3.5006,-34.7924
2023-02-03,2023-03-07,21,-2.4563,-25.8024
2023-02-06,2023-03-08,21,-1.5691,-17.2867
2023-02-07,2023-03-09,21,-2.4422,-25.6734
2023-02-08,2023-03-10,21,-1.4212,-15.7828
2023-02-09,2023-03-13,21,-0.0809,-0.9662
2023-02-10,2023-03-14,21,0.6991,8.7193
2023-02-13,2023-03-15,21,0.9097,11.4791
2023-02-14,2023-03-16,21,1.0,12.6821
2023-02-15,2023-03-17,21,2.1721,29.4163
2023-02-16,2023-03-20,21,3.03,43.0756
2023-02-17,2023-03-21,21,2.7397,38.3114
2023-02-21,2023-03-22,21,4.0942,61.8528
2023-02-22,2023-03-23,21,4.9742,79.0559
2023-02-23,2023-03-24,21,4.0794,61.5763
2023-02-24,2023-03-27,21,3.8804,57.9073
2023-02-27,2023-03-28,21,3.6811,54.3108
2023-02-28,2023-03-29,21,3.8097,56.6229
2023-03-01,2023-03-30,21,4.8172,75.8693
2023-03-02,2023-03-31,21,5.435,88.7198
2023-03-03,2023-04-03,21,4.3232,66.1777
2023-03-06,2023-04-04,21,5.0189,79.974
2023-03-07,2023-04-05,21,5.3957,87.8783
2023-03-08,2023-04-06,21,5.0179,79.9526
2023-03-09,2023-04-10,21,4.7825,75.1721
2023-03-10,2023-04-11,21,4.1214,62.3612
2023-03-13,2023-04-12,21,2.9668,42.0257
2023-03-14,2023-04-13,21,3.4043,49.4381
2023-03-15,2023-04-14,21,1.8983,25.3158
2023-03-16,2023-04-17,21,0.945,11.9485
2023-03-17,2023-04-18,21,0.3449,4.2177
2023-03-20,2023-04-19,21,0.072,0.8673
2023-03-21,2023-04-20,21,0.778,9.7456
2023-03-22,2023-04-21,21,0.1826,2.2133
2023-03-23,2023-04-24,21,-0.7884,-9.0612
2023-03-24,2023-04-25,21,-0.9524,-10.8486
2023-03-27,2023-04-26,21,0.0572,0.6889
2023-03-28,2023-04-27,21,0.1214,1.4666
2023-03-29,2023-04-28,21,0.2249,2.7329
2023-03-30,2023-05-01,21,-1.2084,-13.5753
2023-03-31,2023-05-02,21,-1.1246,-12.6908
2023-04-03,2023-05-03,21,-1.0783,-12.1988
2023-04-04,2023-05-04,21,-1.3925,-15.4881
2023-04-05,2023-05-05,21,-1.1943,-13.4269
2023-04-06,2023-05-08,21,-1.2219,-13.716
2023-04-10,2023-05-09,21,-0.9419,-10.7351
2023-04-11,2023-05-10,21,-0.5574,-6.4872
2023-04-12,2023-05-11,21,-0.3383,-3.9848
2023-04-13,2023-05-12,21,-1.1341,-12.7916
2023-04-14,2023-05-15,21,-0.001,-0.0126
2023-04-17,2023-05-16,21,-0.1449,-1.7247
2023-04-18,2023-05-17,21,-0.0885,-1.057
2023-04-19,2023-05-18,21,0.4951,6.1063
2023-04-20,2023-05-19,21,0.3079,3.7583
2023-04-21,2023-05-22,21,0.992,12.576
2023-04-24,2023-05-23,21,0.4025,4.938
2023-04-25,2023-05-24,21,0.4708,5.7976
2023-04-26,2023-05-25,21,1.2323,15.8326
2023-04-27,2023-05-26,21,2.5277,34.9252
2023-04-28,2023-05-30,21,2.4073,33.0368
2023-05-01,2023-05-31,21,3.1871,45.7149
2023-05-02,2023-06-01,21,3.135,44.8341
2023-05-03,2023-06-02,21,2.5805,35.7615
2023-05-04,2023-06-05,21,2.4603,33.865
2023-05-05,2023-06-06,21,2.8901,40.7607
2023-05-08,2023-06-07,21,1.6815,22.1527
2023-05-09,2023-06-08,21,2.7808,38.9775
2023-05-10,2023-06-09,21,2.1961,29.7813
2023-05-11,2023-06-12,21,2.9883,42.3815
2023-05-12,2023-06-13,21,3.1949,45.8481
2023-05-15,2023-06-14,21,3.2777,47.2574
2023-05-16,2023-06-15,21,4.329,66.287
2023-05-17,2023-06-16,21,3.5493,51.9726
2023-05-18,2023-06-20,21,2.911,41.1054
2023-05-19,2023-06-21,21,2.2671,30.867
2023-05-22,2023-06-22,21,1.8062,23.9625
2023-05-23,2023-06-23,21,2.1411,28.9455
2023-05-24,2023-06-26,21,2.6798,37.3471
2023-05-25,2023-06-27,21,2.6224,36.4292
2023-05-26,2023-06-28,21,1.1476,14.6748
2023-05-30,2023-06-29,21,0.1132,1.3665
2023-05-31,2023-06-30,21,0.8787,11.069
2023-06-01,2023-07-03,21,0.2636,3.2094
2023-06-02,2023-07-05,21,0.2379,2.892
2023-06-05,2023-07-06,21,-0.5717,-6.6482
2023-06-06,2023-07-07,21,-0.907,-10.3568
2023-06-07,2023-07-10,21,0.8474,10.6569
2023-06-08,2023-07-11,21,0.2646,3.2218
2023-06-09,2023-07-12,21,1.0542,13.4104
2023-06-12,2023-07-13,21,1.2467,16.0299
2023-06-13,2023-07-14,21,1.0676,13.5906
2023-06-14,2023-07-17,21,0.958,12.122
2023-06-15,2023-07-18,21,1.0152,12.8866
2023-06-16,2023-07-19,21,1.5525,20.3058
2023-06-20,2023-07-20,21,0.6047,7.5033
2023-06-21,2023-07-21,21,1.3287,17.1633
2023-06-22,2023-07-24,21,1.5281,19.959
2023-06-23,2023-07-25,21,1.9471,26.0373
2023-06-26,2023-07-26,21,1.8644,24.8152
2023-06-27,2023-07-27,21,0.7737,9.6894
2023-06-28,2023-07-28,21,1.6057,21.0642
2023-06-29,2023-07-31,21,2.5419,35.1498
2023-06-30,2023-08-01,21,0.965,12.2142
2023-07-03,2023-08-02,21,-0.344,-4.0503
2023-07-05,2023-08-03,21,-0.4445,-5.2061
2023-07-06,2023-08-04,21,0.64,7.9563
2023-07-07,2023-08-07,21,0.4063,4.9857
2023-07-10,2023-08-08,21,-0.4733,-5.534
2023-07-11,2023-08-09,21,-1.0422,-11.8143
2023-07-12,2023-08-10,21,-2.1481,-22.9401
2023-07-13,2023-08-11,21,-3.4065,-34.026
2023-07-14,2023-08-14,21,-2.7988,-28.869
2023-07-17,2023-08-15,21,-3.79,-37.1013
2023-07-18,2023-08-16,21,-4.8792,-45.1336
2023-07-19,2023-08-17,21,-5.566,-49.7032
2023-07-20,2023-08-18,21,-4.1838,-40.1223
2023-07-21,2023-08-21,21,-3.9659,-38.4676
2023-07-24,2023-08-22,21,-3.7109,-36.478
2023-07-25,2023-08-23,21,-2.7499,-28.4383
2023-07-26,2023-08-24,21,-3.5417,-35.1254
2023-07-27,2023-08-25,21,-2.7208,-28.1809
2023-07-28,2023-08-28,21,-3.2368,-32.6217
2023-07-31,2023-08-29,21,-2.4908,-26.1169
2023-08-01,2023-08-30,21,-1.468,-16.2609
2023-08-02,2023-08-31,21,0.1383,1.6722
2023-08-03,2023-09-01,21,0.5518,6.8269
2023-08-04,2023-09-05,21,-0.1312,-1.5629
2023-08-07,2023-09-06,21,-0.1064,-1.2695
2023-08-08,2023-09-07,21,-0.0287,-0.3435
2023-08-09,2023-09-08,21,0.3355,4.1014
2023-08-10,2023-09-11,21,0.7798,9.7698
2023-08-11,2023-09-12,21,0.8581,10.7972
2023-08-14,2023-09-13,21,0.4962,6.1195
2023-08-15,2023-09-14,21,1.1973,15.3528
2023-08-16,2023-09-15,21,1.181,15.1299
2023-08-17,2023-09-18,21,2.1235,28.6798
2023-08-18,2023-09-19,21,1.582,20.7266
2023-08-21,2023-09-20,21,1.0881,13.8683
2023-08-22,2023-09-21,21,-0.5144,-6.0011
2023-08-23,2023-09-22,21,-1.3843,-15.4033
2023-08-24,2023-09-25,21,-1.1585,-13.0493
2023-08-25,2023-09-26,21,-2.1477,-22.936
2023-08-28,2023-09-27,21,-2.7388,-28.3406
2023-08-29,2023-09-28,21,-3.6553,-36.0362
2023-08-30,2023-09-29,21,-3.9673,-38.4778
2023-08-31,2023-10-02,21,-4.7066,-43.9269
2023-09-01,2023-10-03,21,-5.6644,-50.3288
2023-09-05,2023-10-04,21,-4.6975,-43.8628
2023-09-06,2023-10-05,21,-4.8236,-44.7476
2023-09-07,2023-10-06,21,-4.0421,-39.0507
2023-09-08,2023-10-09,21,-3.2118,-32.4121
2023-09-11,2023-10-10,21,-2.941,-30.1074
2023-09-12,2023-10-11,21,-1.7995,-19.5804
2023-09-13,2023-10-12,21,-2.626,-27.3367
2023-09-14,2023-10-13,21,-1.93,-20.8529
2023-09-15,2023-10-16,21,-1.4521,-16.0985
2023-09-18,2023-10-17,21,-2.0777,-22.2717
2023-09-19,2023-10-18,21,-1.9118,-20.677
2023-09-20,2023-10-19,21,-2.3957,-25.2471
2023-09-21,2023-10-20,21,-1.0979,-12.4074
2023-09-22,2023-10-23,21,-1.4167,-15.7363
2023-09-25,2023-10-24,21,-0.1722,-2.0468
2023-09-26,2023-10-25,21,-0.8043,-9.2355
2023-09-27,2023-10-26,21,-0.2879,-3.4003
2023-09-28,2023-10-27,21,-0.3954,-4.6433
2023-09-29,2023-10-30,21,-0.4347,-5.0932
2023-10-02,2023-10-31,21,-0.0121,-0.1449
2023-10-03,2023-11-01,21,1.981,26.5406
2023-10-04,2023-11-02,21,2.434,33.4529
2023-10-05,2023-11-03,21,3.3898,49.1875
2023-10-06,2023-11-06,21,2.3302,31.8393
2023-10-09,2023-11-07,21,2.0132,27.021
2023-10-10,2023-11-08,21,1.8938,25.2485
2023-10-11,2023-11-09,21,0.4834,5.9574
2023-10-12,2023-11-10,21,1.8377,24.4237
2023-10-13,2023-11-13,21,1.081,13.7717
2023-10-16,2023-11-14,21,2.8701,40.4326
2023-10-17,2023-11-15,21,2.8257,39.7076
2023-10-18,2023-11-16,21,3.6618,53.9662
2023-10-19,2023-11-17,21,4.6168,71.8766
2023-10-20,2023-11-20,21,5.3514,86.9324
2023-10-23,2023-11-21,21,5.1452,82.588
2023-10-24,2023-11-22,21,4.4557,68.7271
2023-10-25,2023-11-24,21,5.8583,98.0159
2023-10-26,2023-11-27,21,6.1949,105.7051
2023-10-27,2023-11-28,21,6.7127,118.0677
2023-10-30,2023-11-29,21,7.7358,144.5233
2023-10-31,2023-11-30,21,7.2637,131.9699
2023-11-01,2023-12-01,21,7.3808,135.0272
2023-11-02,2023-12-04,21,5.1785,83.2826
2023-11-03,2023-12-05,21,4.8773,77.0837
2023-11-06,2023-12-06,21,5.6937,94.3512
2023-11-07,2023-12-07,21,5.2845,85.5119
2023-11-08,2023-12-08,21,4.4727,69.0573
2023-11-09,2023-12-11,21,5.4508,89.0594
2023-11-10,2023-12-12,21,5.1809,83.3346
2023-11-13,2023-12-13,21,6.2592,107.2052
2023-11-14,2023-12-14,21,6.1274,104.1401
2023-11-15,2023-12-15,21,6.6498,116.5313
2023-11-16,2023-12-18,21,5.8011,96.7351
2023-11-17,2023-12-19,21,5.9871,100.9251
2023-11-20,2023-12-20,21,5.0826,81.2881
2023-11-21,2023-12-21,21,5.4834,89.761
2023-11-22,2023-12-22,21,5.7112,94.7386
2023-11-24,2023-12-26,21,6.2004,105.8316
2023-11-27,2023-12-27,21,6.4434,111.5548
2023-11-28,2023-12-28,21,5.5079,90.2908
2023-11-29,2023-12-29,21,4.0966,61.8966
2023-11-30,2024-01-02,21,3.6121,53.0831
2023-12-01,2024-01-03,21,1.8917,25.2179
2023-12-04,2024-01-04,21,2.4537,33.7617
2023-12-05,2024-01-05,21,1.8447,24.5259
2023-12-06,2024-01-08,21,2.3133,31.5784
2023-12-07,2024-01-09,21,1.9675,26.3406
2023-12-08,2024-01-10,21,2.4465,33.6492
2023-12-11,2024-01-11,21,2.3603,32.3054
2023-12-12,2024-01-12,21,2.3826,32.6521
2023-12-13,2024-01-16,21,0.7675,9.6086
2023-12-14,2024-01-17,21,-1.2615,-14.1304
2023-12-15,2024-01-18,21,-0.9338,-10.6482
2023-12-18,2024-01-19,21,0.1075,1.2976
2023-12-19,2024-01-22,21,-0.0239,-0.2868
2023-12-20,2024-01-23,21,0.2665,3.2449
2023-12-21,2024-01-24,21,-0.1682,-1.9995
2023-12-22,2024-01-25,21,-0.2237,-2.6513
2023-12-26,2024-01-26,21,-0.9816,-11.1634
2023-12-27,2024-01-29,21,-0.9855,-11.2057
2023-12-28,2024-01-30,21,-0.6687,-7.7356
2023-12-29,2024-01-31,21,-0.1827,-2.1706
2024-01-02,2024-02-01,21,1.5036,19.6127
2024-01-03,2024-02-02,21,1.7468,23.098
2024-01-04,2024-02-05,21,1.6461,21.6435
2024-01-05,2024-02-06,21,2.0154,27.0543
2024-01-08,2024-02-07,21,1.5778,20.6663
2024-01-09,2024-02-08,21,1.7109,22.5777
2024-01-10,2024-02-09,21,2.0304,27.278
2024-01-11,2024-02-12,21,1.6396,21.5496
2024-01-12,2024-02-13,21,0.008,0.0961
2024-01-16,2024-02-14,21,1.2069,15.4834
2024-01-17,2024-02-15,21,2.0137,27.0282
2024-01-18,2024-02-16,21,1.2239,15.717
2024-01-19,2024-02-20,21,0.3065,3.7413
2024-01-22,2024-02-21,21,-0.6395,-7.41
2024-01-23,2024-02-22,21,0.409,5.0199
2024-01-24,2024-02-23,21,0.9708,12.292
2024-01-25,2024-02-26,21,0.7557,9.4546
2024-01-26,2024-02-27,21,1.1128,14.2017
2024-01-29,2024-02-28,21,0.3114,3.8017
2024-01-30,2024-02-29,21,0.9885,12.5292
2024-01-31,2024-03-01,21,2.1639,29.2919
2024-02-01,2024-03-04,21,1.6628,21.8833
2024-02-02,2024-03-05,21,1.925,25.7098
2024-02-05,2024-03-06,21,3.2962,47.5755
2024-02-06,2024-03-07,21,3.6692,54.098
2024-02-07,2024-03-08,21,2.8501,40.1064
2024-02-08,2024-03-11,21,2.6585,37.0057
2024-02-09,2024-03-12,21,2.3177,31.6459
2024-02-12,2024-03-13,21,2.2389,30.4349
2024-02-13,2024-03-14,21,2.7768,38.912
2024-02-14,2024-03-15,21,1.765,23.3625
2024-02-15,2024-03-18,21,1.635,21.4835
2024-02-16,2024-03-19,21,1.962,26.2588
2024-02-20,2024-03-20,21,2.3599,32.2991
2024-02-21,2024-03-21,21,3.6878,54.4294
2024-02-22,2024-03-22,21,2.5336,35.0192
2024-02-23,2024-03-25,21,1.9927,26.7152
2024-02-26,2024-03-26,21,2.0872,28.1317
2024-02-27,2024-03-27,21,2.7157,37.9245
2024-02-28,2024-03-28,21,3.0795,43.9018
2024-02-29,2024-04-01,21,2.2241,30.2089
2024-03-01,2024-04-02,21,0.9573,12.1125
2024-03-04,2024-04-03,21,1.1066,14.1184
2024-03-05,2024-04-04,21,0.8337,10.4756
2024-03-06,2024-04-05,21,0.5584,6.9103
2024-03-07,2024-04-08,21,0.0711,0.8561
2024-03-08,2024-04-09,21,1.0636,13.5368
2024-03-11,2024-04-10,21,0.0971,1.1718
2024-03-12,2024-04-11,21,0.771,9.6549
2024-03-13,2024-04-12,21,0.5522,6.8314
2024-03-14,2024-04-15,21,0.5867,7.2719
2024-03-15,2024-04-16,21,1.2429,15.9772
2024-03-18,2024-04-17,21,0.6616,8.2344
2024-03-19,2024-04-18,21,0.3988,4.892
2024-03-20,2024-04-19,21,-0.2011,-2.3862
2024-03-21,2024-04-22,21,-1.2686,-14.2045
2024-03-22,2024-04-23,21,-0.705,-8.1395
2024-03-25,2024-04-24,21,-0.7116,-8.213
2024-03-26,2024-04-25,21,-0.862,-9.8679
2024-03-27,2024-04-26,21,-0.8323,-9.5426
2024-03-28,2024-04-29,21,-0.8409,-9.6369
2024-04-01,2024-04-30,21,-1.9908,-21.4402
2024-04-02,2024-05-01,21,-1.9748,-21.286
2024-04-03,2024-05-02,21,-1.9398,-20.9478
2024-04-04,2024-05-03,21,-0.9958,-11.3162
2024-04-05,2024-05-06,21,-0.7138,-8.2372
2024-04-08,2024-05-07,21,-0.7884,-9.0607
2024-04-09,2024-05-08,21,-1.5583,-17.1772
2024-04-10,2024-05-09,21,-0.2297,-2.722
2024-04-11,2024-05-10,21,-0.4417,-5.1735
2024-04-12,2024-05-13,21,-0.1201,-1.4322
2024-04-15,2024-05-14,21,1.1475,14.6734
2024-04-16,2024-05-15,21,2.2942,31.2836
2024-04-17,2024-05-16,21,2.5628,35.4802
2024-04-18,2024-05-17,21,2.9738,42.141
2024-04-19,2024-05-20,21,3.8271,56.9386
2024-04-22,2024-05-21,21,4.0909,61.7898
2024-04-23,2024-05-22,21,3.4244,49.7871
2024-04-24,2024-05-23,21,2.5284,34.9368
2024-04-25,2024-05-24,21,2.843,39.9891
2024-04-26,2024-05-28,21,2.0396,27.4157
2024-04-29,2024-05-29,21,0.9633,12.1923
2024-04-30,2024-05-30,21,2.0648,27.7949
2024-05-01,2024-05-31,21,1.9334,25.8335
2024-05-02,2024-06-03,21,2.1028,28.3669
2024-05-03,2024-06-04,21,1.4409,18.7286
2024-05-06,2024-06-05,21,1.9966,26.7729
2024-05-07,2024-06-06,21,2.0662,27.8155
2024-05-08,2024-06-07,21,1.0843,13.8162
2024-05-09,2024-06-10,21,0.975,12.3478
2024-05-10,2024-06-11,21,1.0161,12.8985
2024-05-13,2024-06-12,21,2.1679,29.3525
2024-05-14,2024-06-13,21,1.5541,20.3286
2024-05-15,2024-06-14,21,0.8471,10.6527
2024-05-16,2024-06-17,21,0.8777,11.0555
2024-05-17,2024-06-18,21,1.2711,16.3665
2024-05-20,2024-06-20,21,0.5103,6.2987
2024-05-21,2024-06-21,21,0.2492,3.0318
2024-05-22,2024-06-24,21,0.2617,3.1865
2024-05-23,2024-06-25,21,1.3259,17.1245
2024-05-24,2024-06-26,21,0.6059,7.5185
2024-05-28,2024-06-27,21,1.2905,16.6343
2024-05-29,2024-06-28,21,1.7299,22.8527
2024-05-30,2024-07-01,21,1.5996,20.9768
2024-05-31,2024-07-02,21,2.2835,31.1187
2024-06-03,2024-07-03,21,2.5507,35.289
