entry_date,end_date,holding_days,total_return_pct,annualized_return_pct
2003-01-02,2005-01-03,504,19.4031,9.2717
2003-01-03,2005-01-04,504,18.0245,8.6391
2003-01-06,2005-01-05,504,17.442,8.3706
2003-01-07,2005-01-06,504,17.7009,8.49
2003-01-08,2005-01-07,504,17.3059,8.3078
2003-01-09,2005-01-10,504,17.417,8.3591
2003-01-10,2005-01-11,504,17.4301,8.3651
2003-01-13,2005-01-12,504,17.8597,8.5632
2003-01-14,2005-01-13,504,17.7426,8.5093
2003-01-15,2005-01-14,504,18.243,8.7396
2003-01-16,2005-01-18,504,18.1304,8.6878
2003-01-17,2005-01-19,504,18.3549,8.791
2003-01-21,2005-01-20,504,18.4627,8.8406
2003-01-22,2005-01-21,504,18.6198,8.9127
2003-01-23,2005-01-24,504,18.0383,8.6454
2003-01-24,2005-01-25,504,18.0815,8.6653
2003-01-27,2005-01-26,504,19.1899,9.1741
2003-01-28,2005-01-27,504,18.5996,8.9034
2003-01-29,2005-01-28,504,19.004,9.089
2003-01-30,2005-01-31,504,19.4799,9.3069
2003-01-31,2005-02-01,504,19.0556,9.1126
2003-02-03,2005-02-02,504,18.8114,9.0006
2003-02-04,2005-02-03,504,18.1424,8.6933
2003-02-05,2005-02-04,504,19.3385,9.2422
2003-02-06,2005-02-07,504,20.0278,9.5572
2003-02-07,2005-02-08,504,20.4831,9.7648
2003-02-10,2005-02-09,504,20.7692,9.895
2003-02-11,2005-02-10,504,21.1653,10.0751
2003-02-12,2005-02-11,504,22.8286,10.828
2003-02-13,2005-02-14,504,22.8054,10.8176
2003-02-14,2005-02-15,504,22.6991,10.7696
2003-02-18,2005-02-16,504,22.5461,10.7005
2003-02-19,2005-02-17,504,21.7636,10.3465
2003-02-20,2005-02-18,504,21.4501,10.2044
2003-02-21,2005-02-22,504,21.1927,10.0876
2003-02-24,2005-02-23,504,21.6305,10.2862
2003-02-25,2005-02-24,504,21.7595,10.3447
2003-02-26,2005-02-25,504,22.3546,10.614
2003-02-27,2005-02-28,504,22.1897,10.5394
2003-02-28,2005-03-01,504,21.3863,10.1754
2003-03-03,2005-03-02,504,21.6746,10.3062
2003-03-04,2005-03-03,504,21.6473,10.2938
2003-03-05,2005-03-04,504,22.1367,10.5155
2003-03-06,2005-03-07,504,22.5083,10.6835
2003-03-07,2005-03-08,504,22.5888,10.7198
2003-03-10,2005-03-09,504,22.3802,10.6256
2003-03-11,2005-03-10,504,23.4197,11.0944
2003-03-12,2005-03-11,504,23.3089,11.0445
2003-03-13,2005-03-14,504,23.5618,11.1583
2003-03-14,2005-03-15,504,22.8724,10.8478
2003-03-17,2005-03-16,504,22.0252,10.465
2003-03-18,2005-03-17,504,21.8818,10.4001
2003-03-19,2005-03-18,504,21.7596,10.3447
2003-03-20,2005-03-21,504,21.247,10.1122
2003-03-21,2005-03-22,504,21.0073,10.0033
2003-03-24,2005-03-23,504,21.1797,10.0816
2003-03-25,2005-03-24,504,20.9077,9.958
2003-03-26,2005-03-28,504,20.8159,9.9163
2003-03-27,2005-03-29,504,20.9787,9.9903
2003-03-28,2005-03-30,504,21.6854,10.3111
2003-03-31,2005-03-31,504,21.6333,10.2875
2003-04-01,2005-04-01,504,21.1546,10.0702
2003-04-02,2005-04-04,504,20.9503,9.9774
2003-04-03,2005-04-05,504,21.7253,10.3292
2003-04-04,2005-04-06,504,22.0322,10.4682
2003-04-07,2005-04-07,504,22.3475,10.6108
2003-04-08,2005-04-08,504,21.9925,10.4502
2003-04-09,2005-04-11,504,22.3212,10.5989
2003-04-10,2005-04-12,504,22.4951,10.6775
2003-04-11,2005-04-13,504,22.2286,10.557
2003-04-14,2005-04-14,504,21.3077,10.1398
2003-04-15,2005-04-15,504,20.8586,9.9357
2003-04-16,2005-04-18,504,21.3151,10.1431
2003-04-17,2005-04-19,504,21.4609,10.2093
2003-04-21,2005-04-20,504,20.6322,9.8327
2003-04-22,2005-04-21,504,19.9174,9.5068
2003-04-23,2005-04-22,504,20.0362,9.5611
2003-04-24,2005-04-25,504,20.1019,9.591
2003-04-25,2005-04-26,504,20.5702,9.8045
2003-04-28,2005-04-27,504,19.7976,9.4521
2003-04-29,2005-04-28,504,19.7247,9.4188
2003-04-30,2005-04-29,504,19.3986,9.2697
2003-05-01,2005-05-02,504,18.86,9.0229
2003-05-02,2005-05-03,504,18.553,8.8821
2003-05-05,2005-05-04,504,18.6587,8.9306
2003-05-06,2005-05-05,504,18.289,8.7608
2003-05-07,2005-05-06,504,17.6985,8.4889
2003-05-08,2005-05-09,504,17.5723,8.4307
2003-05-09,2005-05-10,504,17.0362,8.1833
2003-05-12,2005-05-11,504,16.4262,7.901
2003-05-13,2005-05-12,504,16.0695,7.7356
2003-05-14,2005-05-13,504,15.4723,7.458
2003-05-15,2005-05-16,504,15.2762,7.3667
2003-05-16,2005-05-17,504,15.3014,7.3785
2003-05-19,2005-05-18,504,16.0041,7.7052
2003-05-20,2005-05-19,504,15.4883,7.4655
2003-05-21,2005-05-20,504,14.6711,7.0846
2003-05-22,2005-05-23,504,14.7752,7.1332
2003-05-23,2005-05-24,504,14.7572,7.1248
2003-05-27,2005-05-25,504,14.4401,6.9767
2003-05-28,2005-05-26,504,14.7614,7.1268
2003-05-29,2005-05-27,504,14.4751,6.9931
2003-05-30,2005-05-31,504,14.4618,6.9868
2003-06-02,2005-06-01,504,14.9799,7.2287
2003-06-03,2005-06-02,504,15.3061,7.3807
2003-06-04,2005-06-03,504,14.5936,7.0484
2003-06-05,2005-06-06,504,14.5295,7.0185
2003-06-06,2005-06-07,504,15.0625,7.2672
2003-06-09,2005-06-08,504,15.2263,7.3435
2003-06-10,2005-06-09,504,15.6051,7.5198
2003-06-11,2005-06-10,504,14.7212,7.108
2003-06-12,2005-06-13,504,14.7103,7.1029
2003-06-13,2005-06-14,504,14.3113,6.9165
2003-06-16,2005-06-15,504,13.8706,6.7102
2003-06-17,2005-06-16,504,14.3776,6.9474
2003-06-18,2005-06-17,504,15.5505,7.4944
2003-06-19,2005-06-20,504,15.6382,7.5352
2003-06-20,2005-06-21,504,16.3471,7.8643
2003-06-23,2005-06-22,504,17.2737,8.293
2003-06-24,2005-06-23,504,17.5172,8.4054
2003-06-25,2005-06-24,504,17.7552,8.5151
2003-06-26,2005-06-27,504,18.3226,8.7762
2003-06-27,2005-06-28,504,18.3869,8.8057
2003-06-30,2005-06-29,504,18.1587,8.7008
2003-07-01,2005-06-30,504,17.5603,8.4252
2003-07-02,2005-07-01,504,16.3057,7.8451
2003-07-03,2005-07-05,504,16.5902,7.9769
2003-07-07,2005-07-06,504,16.4263,7.901
2003-07-08,2005-07-07,504,16.7972,8.0727
2003-07-09,2005-07-08,504,17.1118,8.2182
2003-07-10,2005-07-11,504,17.8262,8.5478
2003-07-11,2005-07-12,504,17.3058,8.3078
2003-07-14,2005-07-13,504,16.9761,8.1555
2003-07-15,2005-07-14,504,17.9583,8.6086
2003-07-16,2005-07-15,504,18.0952,8.6716
2003-07-17,2005-07-18,504,18.042,8.6471
2003-07-18,2005-07-19,504,17.7025,8.4908
2003-07-21,2005-07-20,504,18.8382,9.0129
2003-07-22,2005-07-21,504,18.0609,8.6558
2003-07-23,2005-07-22,504,17.5767,8.4328
2003-07-24,2005-07-25,504,17.5611,8.4256
2003-07-25,2005-07-26,504,17.0054,8.169
2003-07-28,2005-07-27,504,17.4385,8.3691
2003-07-29,2005-07-28,504,18.9399,9.0596
2003-07-30,2005-07-29,504,18.8021,8.9964
2003-07-31,2005-08-01,504,19.3751,9.2589
2003-08-01,2005-08-02,504,20.5762,9.8072
2003-08-04,2005-08-03,504,20.4705,9.7591
2003-08-05,2005-08-04,504,21.1833,10.0833
2003-08-06,2005-08-05,504,19.9348,9.5147
2003-08-07,2005-08-08,504,19.1252,9.1445
2003-08-08,2005-08-09,504,19.061,9.1151
2003-08-11,2005-08-10,504,18.6933,8.9465
2003-08-12,2005-08-11,504,19.8323,9.4679
2003-08-13,2005-08-12,504,20.421,9.7365
2003-08-14,2005-08-15,504,19.3503,9.2475
2003-08-15,2005-08-16,504,19.7266,9.4197
2003-08-18,2005-08-17,504,19.1467,9.1543
2003-08-19,2005-08-18,504,18.5217,8.8677
2003-08-20,2005-08-19,504,18.2471,8.7415
2003-08-21,2005-08-22,504,18.7374,8.9667
2003-08-22,2005-08-23,504,18.8358,9.0119
2003-08-25,2005-08-24,504,18.8944,9.0387
2003-08-26,2005-08-25,504,18.4252,8.8233
2003-08-27,2005-08-26,504,17.6427,8.4632
2003-08-28,2005-08-29,504,17.605,8.4458
2003-08-29,2005-08-30,504,16.8069,8.0772
2003-09-02,2005-08-31,504,17.7399,8.508
2003-09-03,2005-09-01,504,17.8986,8.5811
2003-09-04,2005-09-02,504,17.8378,8.5531
2003-09-05,2005-09-06,504,17.3201,8.3144
2003-09-08,2005-09-07,504,17.3327,8.3202
2003-09-09,2005-09-08,504,16.8794,8.1108
2003-09-10,2005-09-09,504,17.5788,8.4338
2003-09-11,2005-09-12,504,17.4231,8.3619
2003-09-12,2005-09-13,504,17.1952,8.2567
2003-09-15,2005-09-14,504,17.488,8.3919
2003-09-16,2005-09-15,504,17.3167,8.3128
2003-09-17,2005-09-16,504,17.1473,8.2346
2003-09-18,2005-09-19,504,17.0633,8.1958
2003-09-19,2005-09-20,504,16.518,7.9435
2003-09-22,2005-09-21,504,16.8987,8.1197
2003-09-23,2005-09-22,504,16.5596,7.9628
2003-09-24,2005-09-23,504,16.3767,7.878
2003-09-25,2005-09-26,504,16.6454,8.0025
2003-09-26,2005-09-27,504,16.7622,8.0566
2003-09-29,2005-09-28,504,17.2428,8.2787
2003-09-30,2005-09-29,504,17.1671,8.2437
2003-10-01,2005-09-30,504,16.3848,7.8818
2003-10-02,2005-10-03,504,16.0727,7.737
2003-10-03,2005-10-04,504,17.3159,8.3125
2003-10-06,2005-10-05,504,16.4975,7.934
2003-10-07,2005-10-06,504,16.4465,7.9104
2003-10-08,2005-10-07,504,17.156,8.2386
2003-10-09,2005-10-10,504,17.539,8.4154
2003-10-10,2005-10-11,504,17.0274,8.1792
2003-10-13,2005-10-12,504,16.1303,7.7638
2003-10-14,2005-10-13,504,15.8576,7.6372
2003-10-15,2005-10-14,504,16.3853,7.882
2003-10-16,2005-10-17,504,16.7906,8.0697
2003-10-17,2005-10-18,504,16.573,7.969
2003-10-20,2005-10-19,504,16.0188,7.712
2003-10-21,2005-10-20,504,14.7464,7.1197
2003-10-22,2005-10-21,504,15.2461,7.3527
2003-10-23,2005-10-24,504,15.5982,7.5166
2003-10-24,2005-10-25,504,15.2868,7.3717
2003-10-27,2005-10-26,504,14.918,7.1998
2003-10-28,2005-10-27,504,14.6744,7.0861
2003-10-29,2005-10-28,504,15.0087,7.2421
2003-10-30,2005-10-31,504,15.1046,7.2868
2003-10-31,2005-11-01,504,14.1901,6.8598
2003-11-03,2005-11-02,504,15.0964,7.283
2003-11-04,2005-11-03,504,14.6276,7.0643
2003-11-05,2005-11-04,504,14.3506,6.9349
2003-11-06,2005-11-07,504,14.93,7.2054
2003-11-07,2005-11-08,504,15.1757,7.3199
2003-11-10,2005-11-09,504,15.2057,7.3339
2003-11-11,2005-11-10,504,15.7182,7.5724
2003-11-12,2005-11-11,504,14.8581,7.1719
2003-11-13,2005-11-14,504,14.2547,6.89
2003-11-14,2005-11-15,504,14.0877,6.8118
2003-11-17,2005-11-16,504,15.7172,7.5719
2003-11-18,2005-11-17,504,16.1989,7.7956
2003-11-19,2005-11-18,504,16.4258,7.9008
2003-11-20,2005-11-21,504,16.9622,8.1491
2003-11-21,2005-11-22,504,17.1361,8.2294
2003-11-24,2005-11-23,504,17.1835,8.2513
2003-11-25,2005-11-25,504,17.1746,8.2472
2003-11-26,2005-11-28,504,17.0008,8.1669
2003-11-28,2005-11-29,504,17.0454,8.1875
2003-12-01,2005-11-30,504,15.9343,7.6728
2003-12-02,2005-12-01,504,16.6381,7.9991
2003-12-03,2005-12-02,504,16.8522,8.0982
2003-12-04,2005-12-05,504,16.8466,8.0956
2003-12-05,2005-12-06,504,16.8084,8.0779
2003-12-08,2005-12-07,504,16.7787,8.0642
2003-12-09,2005-12-08,504,17.5869,8.4375
2003-12-10,2005-12-09,504,18.0513,8.6514
2003-12-11,2005-12-12,504,17.6737,8.4775
2003-12-12,2005-12-13,504,16.9898,8.1618
2003-12-15,2005-12-14,504,16.7021,8.0288
2003-12-16,2005-12-15,504,16.2491,7.8189
2003-12-17,2005-12-16,504,15.6909,7.5597
2003-12-18,2005-12-19,504,15.0764,7.2737
2003-12-19,2005-12-20,504,14.5889,7.0462
2003-12-22,2005-12-21,504,14.3738,6.9457
2003-12-23,2005-12-22,504,15.5321,7.4858
2003-12-24,2005-12-23,504,15.4389,7.4425
2003-12-26,2005-12-27,504,15.555,7.4965
2003-12-29,2005-12-28,504,15.6008,7.5178
2003-12-30,2005-12-29,504,15.632,7.5323
2003-12-31,2005-12-30,504,15.5383,7.4887
2004-01-02,2006-01-03,504,17.2295,8.2726
2004-01-05,2006-01-04,504,16.7108,8.0328
2004-01-06,2006-01-05,504,15.9963,7.7016
2004-01-07,2006-01-06,504,16.816,8.0815
2004-01-08,2006-01-09,504,17.1737,8.2468
2004-01-09,2006-01-10,504,16.2632,7.8254
2004-01-12,2006-01-11,504,16.451,7.9125
2004-01-13,2006-01-12,504,16.5634,7.9645
2004-01-14,2006-01-13,504,16.9272,8.1329
2004-01-15,2006-01-17,504,17.5837,8.436
2004-01-16,2006-01-18,504,17.0615,8.195
2004-01-20,2006-01-19,504,17.5417,8.4166
2004-01-21,2006-01-20,504,16.6272,7.9941
2004-01-22,2006-01-23,504,16.8911,8.1162
2004-01-23,2006-01-24,504,17.3538,8.33
2004-01-26,2006-01-25,504,17.1536,8.2375
2004-01-27,2006-01-26,504,16.9652,8.1504
2004-01-28,2006-01-27,504,17.4878,8.3918
2004-01-29,2006-01-30,504,18.9549,9.0664
2004-01-30,2006-01-31,504,18.7846,8.9883
2004-02-02,2006-02-01,504,18.8838,9.0338
2004-02-03,2006-02-02,504,18.639,8.9215
2004-02-04,2006-02-03,504,18.5796,8.8943
2004-02-05,2006-02-06,504,19.0946,9.1305
2004-02-06,2006-02-07,504,16.5654,7.9655
2004-02-09,2006-02-08,504,16.461,7.9171
2004-02-10,2006-02-09,504,17.3776,8.3409
2004-02-11,2006-02-10,504,15.7054,7.5664
2004-02-12,2006-02-13,504,15.0311,7.2525
2004-02-13,2006-02-14,504,15.8675,7.6418
2004-02-17,2006-02-15,504,15.0486,7.2607
2004-02-18,2006-02-16,504,15.9532,7.6816
2004-02-19,2006-02-17,504,16.713,8.0338
2004-02-20,2006-02-21,504,17.8721,8.5689
2004-02-23,2006-02-22,504,18.078,8.6637
2004-02-24,2006-02-23,504,17.1874,8.2531
2004-02-25,2006-02-24,504,18.2364,8.7366
2004-02-26,2006-02-27,504,18.1303,8.6877
2004-02-27,2006-02-28,504,18.0418,8.647
2004-03-01,2006-03-01,504,17.7253,8.5013
2004-03-02,2006-03-02,504,18.5419,8.8769
2004-03-03,2006-03-03,504,18.2945,8.7633
2004-03-04,2006-03-06,504,16.9682,8.1518
2004-03-05,2006-03-07,504,15.5781,7.5073
2004-03-08,2006-03-08,504,15.2125,7.3371
2004-03-09,2006-03-09,504,14.9611,7.2199
2004-03-10,2006-03-10,504,15.5268,7.4834
2004-03-11,2006-03-13,504,16.2678,7.8275
2004-03-12,2006-03-14,504,17.274,8.2931
2004-03-15,2006-03-15,504,17.4053,8.3537
2004-03-16,2006-03-16,504,17.1544,8.2379
2004-03-17,2006-03-17,504,16.4558,7.9147
2004-03-18,2006-03-20,504,16.3953,7.8867
2004-03-19,2006-03-21,504,16.1999,7.7961
2004-03-22,2006-03-22,504,16.2427,7.8159
2004-03-23,2006-03-23,504,15.8623,7.6393
2004-03-24,2006-03-24,504,16.8981,8.1194
2004-03-25,2006-03-27,504,16.7837,8.0665
2004-03-26,2006-03-28,504,16.2752,7.831
2004-03-29,2006-03-29,504,16.8496,8.097
2004-03-30,2006-03-30,504,16.916,8.1277
2004-03-31,2006-03-31,504,16.0246,7.7147
2004-04-01,2006-04-03,504,16.409,7.893
2004-04-02,2006-04-04,504,17.2823,8.297
2004-04-05,2006-04-05,504,17.9917,8.624
2004-04-06,2006-04-06,504,17.7713,8.5225
2004-04-07,2006-04-07,504,16.8316,8.0887
2004-04-08,2006-04-10,504,17.7206,8.4991
2004-04-12,2006-04-11,504,17.4034,8.3528
2004-04-13,2006-04-12,504,19.0709,9.1196
2004-04-14,2006-04-13,504,19.4407,9.2889
2004-04-15,2006-04-17,504,20.8173,9.9169
2004-04-16,2006-04-18,504,21.1105,10.0502
2004-04-19,2006-04-19,504,21.7547,10.3425
2004-04-20,2006-04-20,504,22.0541,10.4781
2004-04-21,2006-04-21,504,23.1259,10.9621
2004-04-22,2006-04-24,504,21.7061,10.3205
2004-04-23,2006-04-25,504,21.8209,10.3725
2004-04-26,2006-04-26,504,22.3064,10.5922
2004-04-27,2006-04-27,504,21.7564,10.3433
2004-04-28,2006-04-28,504,24.6055,11.6268
2004-04-29,2006-05-01,504,24.8739,11.747
2004-04-30,2006-05-02,504,25.5617,12.0543
2004-05-03,2006-05-03,504,25.1198,11.8569
2004-05-04,2006-05-04,504,25.4369,11.9986
2004-05-05,2006-05-05,504,26.2283,12.3513
2004-05-06,2006-05-08,504,26.7211,12.5705
2004-05-07,2006-05-09,504,29.6136,13.848
2004-05-10,2006-05-10,504,30.3262,14.1605
2004-05-11,2006-05-11,504,30.4192,14.2012
2004-05-12,2006-05-12,504,29.41,13.7585
2004-05-13,2006-05-15,504,28.4658,13.3428
2004-05-14,2006-05-16,504,28.6186,13.4101
2004-05-17,2006-05-17,504,27.7099,13.0088
2004-05-18,2006-05-18,504,27.4985,12.9152
2004-05-19,2006-05-19,504,25.9681,12.2355
2004-05-20,2006-05-22,504,26.0494,12.2717
2004-05-21,2006-05-23,504,26.2604,12.3657
2004-05-24,2006-05-24,504,24.0721,11.3877
2004-05-25,2006-05-25,504,24.1297,11.4135
2004-05-26,2006-05-26,504,24.1982,11.4442
2004-05-27,2006-05-30,504,22.9176,10.8682
2004-05-28,2006-05-31,504,22.5476,10.7012
2004-06-01,2006-06-01,504,22.4376,10.6515
2004-06-02,2006-06-02,504,23.5707,11.1624
2004-06-03,2006-06-05,504,23.8004,11.2656
2004-06-04,2006-06-06,504,22.9271,10.8725
2004-06-07,2006-06-07,504,21.926,10.4201
2004-06-08,2006-06-08,504,21.1258,10.0572
2004-06-09,2006-06-09,504,22.037,10.4703
2004-06-10,2006-06-12,504,21.2937,10.1334
2004-06-14,2006-06-13,504,19.2648,9.2084
2004-06-15,2006-06-14,504,17.9473,8.6035
2004-06-16,2006-06-15,504,18.9906,9.0828
2004-06-17,2006-06-16,504,18.9556,9.0668
2004-06-18,2006-06-19,504,17.6486,8.4659
2004-06-21,2006-06-20,504,18.2351,8.736
2004-06-22,2006-06-21,504,19.0191,9.0959
2004-06-23,2006-06-22,504,18.1138,8.6802
2004-06-24,2006-06-23,504,17.4664,8.3819
2004-06-25,2006-06-26,504,17.7013,8.4902
2004-06-28,2006-06-27,504,17.8713,8.5686
2004-06-29,2006-06-28,504,18.0875,8.6681
2004-06-30,2006-06-29,504,18.8198,9.0045
2004-07-01,2006-06-30,504,20.4957,9.7705
2004-07-02,2006-07-03,504,20.3006,9.6816
2004-07-06,2006-07-05,504,21.3753,10.1705
2004-07-07,2006-07-06,504,21.1663,10.0756
2004-07-08,2006-07-07,504,20.894,9.9518
2004-07-09,2006-07-10,504,20.3724,9.7144
2004-07-12,2006-07-11,504,21.3851,10.1749
2004-07-13,2006-07-12,504,22.0501,10.4763
2004-07-14,2006-07-13,504,21.8031,10.3644
2004-07-15,2006-07-14,504,22.6223,10.735
2004-07-16,2006-07-17,504,21.3129,10.1422
2004-07-19,2006-07-18,504,19.9789,9.5349
2004-07-20,2006-07-19,504,21.8378,10.3802
2004-07-21,2006-07-20,504,21.998,10.4527
2004-07-22,2006-07-21,504,21.0906,10.0412
2004-07-23,2006-07-24,504,21.7536,10.342
2004-07-26,2006-07-25,504,22.3523,10.613
2004-07-27,2006-07-26,504,23.0402,10.9235
2004-07-28,2006-07-27,504,23.2912,11.0366
2004-07-29,2006-07-28,504,23.8911,11.3064
2004-07-30,2006-07-31,504,23.1245,10.9615
2004-08-02,2006-08-01,504,23.4199,11.0945
2004-08-03,2006-08-02,504,23.8892,11.3055
2004-08-04,2006-08-03,504,23.7313,11.2346
2004-08-05,2006-08-04,504,24.2627,11.4732
2004-08-06,2006-08-07,504,23.8062,11.2682
2004-08-09,2006-08-08,504,23.5255,11.142
2004-08-10,2006-08-09,504,23.3214,11.0502
2004-08-11,2006-08-10,504,22.8643,10.8442
2004-08-12,2006-08-11,504,22.9621,10.8883
2004-08-13,2006-08-14,504,22.163,10.5274
2004-08-16,2006-08-15,504,21.8352,10.379
2004-08-17,2006-08-16,504,22.2433,10.5637
2004-08-18,2006-08-17,504,21.3088,10.1403
2004-08-19,2006-08-18,504,21.1513,10.0687
2004-08-20,2006-08-21,504,21.252,10.1145
2004-08-23,2006-08-22,504,21.6796,10.3085
2004-08-24,2006-08-23,504,22.0429,10.473
2004-08-25,2006-08-24,504,21.2088,10.0949
2004-08-26,2006-08-25,504,21.2314,10.1051
2004-08-27,2006-08-28,504,21.299,10.1358
2004-08-30,2006-08-29,504,20.9119,9.9599
2004-08-31,2006-08-30,504,20.8554,9.9342
2004-09-01,2006-08-31,504,21.3871,10.1758
2004-09-02,2006-09-01,504,21.638,10.2896
2004-09-03,2006-09-04,504,22.1892,10.5392
2004-09-07,2006-09-05,504,22.8897,10.8556
2004-09-08,2006-09-06,504,22.0082,10.4573
2004-09-09,2006-09-07,504,21.1491,10.0678
2004-09-10,2006-09-08,504,20.4227,9.7373
2004-09-13,2006-09-11,504,18.9977,9.0861
2004-09-14,2006-09-12,504,19.0656,9.1172
2004-09-15,2006-09-13,504,19.6549,9.3869
2004-09-16,2006-09-14,504,18.6298,8.9173
2004-09-17,2006-09-15,504,18.4592,8.839
2004-09-20,2006-09-18,504,18.9899,9.0825
2004-09-21,2006-09-19,504,18.234,8.7355
2004-09-22,2006-09-20,504,18.8188,9.004
2004-09-23,2006-09-21,504,19.0218,9.0971
2004-09-24,2006-09-22,504,19.5979,9.3608
2004-09-27,2006-09-25,504,20.0778,9.58
2004-09-28,2006-09-26,504,19.9275,9.5114
2004-09-29,2006-09-27,504,20.295,9.6791
2004-09-30,2006-09-28,504,20.4244,9.7381
2004-10-01,2006-09-29,504,19.5959,9.3599
2004-10-04,2006-10-02,504,19.7731,9.4409
2004-10-05,2006-10-03,504,18.3728,8.7993
2004-10-06,2006-10-04,504,18.0998,8.6737
2004-10-07,2006-10-05,504,18.9143,9.0478
2004-10-08,2006-10-06,504,18.0953,8.6717
2004-10-11,2006-10-09,504,18.5008,8.8581
2004-10-12,2006-10-10,504,18.4849,8.8508
2004-10-13,2006-10-11,504,18.6013,8.9042
2004-10-14,2006-10-12,504,18.9274,9.0538
2004-10-15,2006-10-13,504,19.4372,9.2873
2004-10-18,2006-10-16,504,19.9579,9.5253
2004-10-19,2006-10-17,504,19.5364,9.3327
2004-10-20,2006-10-18,504,19.1604,9.1606
2004-10-21,2006-10-19,504,19.5055,9.3186
2004-10-22,2006-10-20,504,19.4227,9.2807
2004-10-25,2006-10-23,504,18.4978,8.8567
2004-10-26,2006-10-24,504,18.5271,8.8702
2004-10-27,2006-10-25,504,19.0476,9.109
2004-10-28,2006-10-26,504,19.6885,9.4022
2004-10-29,2006-10-27,504,19.1866,9.1726
2004-11-01,2006-10-30,504,19.8806,9.49
2004-11-02,2006-10-31,504,20.5392,9.7903
2004-11-03,2006-11-01,504,20.441,9.7456
2004-11-04,2006-11-02,504,19.8748,9.4873
2004-11-05,2006-11-03,504,19.5229,9.3265
2004-11-08,2006-11-06,504,20.0918,9.5864
2004-11-09,2006-11-07,504,20.1076,9.5936
2004-11-10,2006-11-08,504,20.0474,9.5661
2004-11-11,2006-11-09,504,20.5772,9.8076
2004-11-12,2006-11-10,504,19.6063,9.3646
2004-11-15,2006-11-13,504,19.5054,9.3185
2004-11-16,2006-11-14,504,19.7915,9.4493
2004-11-17,2006-11-15,504,18.9714,9.074
2004-11-18,2006-11-16,504,18.8279,9.0082
2004-11-19,2006-11-17,504,19.3716,9.2573
2004-11-22,2006-11-20,504,18.9212,9.051
2004-11-23,2006-11-21,504,19.437,9.2873
2004-11-24,2006-11-22,504,19.3618,9.2528
2004-11-26,2006-11-24,504,19.4722,9.3033
2004-11-29,2006-11-27,504,19.302,9.2254
2004-11-30,2006-11-28,504,20.3172,9.6892
2004-12-01,2006-11-29,504,19.875,9.4875
2004-12-02,2006-11-30,504,21.0573,10.026
2004-12-03,2006-12-01,504,20.0751,9.5788
2004-12-06,2006-12-04,504,20.4539,9.7515
2004-12-07,2006-12-05,504,20.737,9.8804
2004-12-08,2006-12-06,504,20.3893,9.722
2004-12-09,2006-12-07,504,20.4454,9.7476
2004-12-10,2006-12-08,504,20.0822,9.582
2004-12-13,2006-12-11,504,19.8001,9.4532
2004-12-14,2006-12-12,504,19.6419,9.3809
2004-12-15,2006-12-13,504,18.8199,9.0045
2004-12-16,2006-12-14,504,19.686,9.4011
2004-12-17,2006-12-15,504,19.0887,9.1278
2004-12-20,2006-12-18,504,18.8272,9.0079
2004-12-21,2006-12-19,504,18.9294,9.0548
2004-12-22,2006-12-20,504,18.9203,9.0506
2004-12-23,2006-12-21,504,18.8073,8.9988
2004-12-27,2006-12-22,504,18.624,8.9146
2004-12-28,2006-12-26,504,18.9508,9.0646
2004-12-29,2006-12-27,504,19.7329,9.4225
2004-12-30,2006-12-28,504,19.6718,9.3946
2004-12-31,2006-12-29,504,19.4165,9.2779
2005-01-03,2007-01-02,504,20.202,9.6367
2005-01-04,2007-01-03,504,20.6282,9.8309
2005-01-05,2007-01-04,504,20.7914,9.9051
2005-01-06,2007-01-05,504,19.8784,9.489
2005-01-07,2007-01-08,504,20.2813,9.6728
2005-01-10,2007-01-09,504,20.3732,9.7147
2005-01-11,2007-01-10,504,20.0073,9.5478
2005-01-12,2007-01-11,504,19.566,9.3463
2005-01-13,2007-01-12,504,20.3098,9.6858
2005-01-14,2007-01-16,504,20.3262,9.6933
2005-01-18,2007-01-17,504,20.149,9.6125
2005-01-19,2007-01-18,504,20.1248,9.6015
2005-01-20,2007-01-19,504,20.7587,9.8903
2005-01-21,2007-01-22,504,20.3801,9.7179
2005-01-24,2007-01-23,504,20.8295,9.9225
2005-01-25,2007-01-24,504,21.7484,10.3397
2005-01-26,2007-01-25,504,20.6035,9.8196
2005-01-27,2007-01-26,504,20.4727,9.7601
2005-01-28,2007-01-29,504,20.1442,9.6103
2005-01-31,2007-01-30,504,20.395,9.7247
2005-02-01,2007-01-31,504,21.1397,10.0635
2005-02-02,2007-02-01,504,21.3436,10.1561
2005-02-03,2007-02-02,504,21.3616,10.1642
2005-02-04,2007-02-05,504,21.101,10.0459
2005-02-07,2007-02-06,504,21.2691,10.1222
2005-02-08,2007-02-07,504,21.2561,10.1163
2005-02-09,2007-02-08,504,21.6641,10.3014
2005-02-10,2007-02-09,504,21.6235,10.2831
2005-02-11,2007-02-12,504,20.7566,9.8893
2005-02-14,2007-02-13,504,20.4419,9.746
2005-02-15,2007-02-14,504,21.1596,10.0725
2005-02-16,2007-02-15,504,21.4095,10.186
2005-02-17,2007-02-16,504,21.8297,10.3765
2005-02-18,2007-02-20,504,21.6859,10.3114
2005-02-22,2007-02-21,504,22.6691,10.7561
2005-02-23,2007-02-22,504,22.1503,10.5216
2005-02-24,2007-02-23,504,22.2804,10.5805
2005-02-25,2007-02-26,504,22.1483,10.5207
2005-02-28,2007-02-27,504,21.7366,10.3343
2005-03-01,2007-02-28,504,21.2089,10.0949
2005-03-02,2007-03-01,504,20.8226,9.9194
2005-03-03,2007-03-02,504,19.8863,9.4926
2005-03-04,2007-03-05,504,18.5134,8.8639
2005-03-07,2007-03-06,504,18.9515,9.0649
2005-03-08,2007-03-07,504,19.3313,9.2389
2005-03-09,2007-03-08,504,20.2914,9.6774
2005-03-10,2007-03-09,504,19.5456,9.3369
2005-03-11,2007-03-12,504,19.8473,9.4748
2005-03-14,2007-03-13,504,19.4343,9.286
2005-03-15,2007-03-14,504,19.598,9.3609
2005-03-16,2007-03-15,504,19.78,9.444
2005-03-17,2007-03-16,504,20.2139,9.6421
2005-03-18,2007-03-19,504,20.6464,9.8392
2005-03-21,2007-03-20,504,21.9477,10.4299
2005-03-22,2007-03-21,504,23.0772,10.9402
2005-03-23,2007-03-22,504,23.3617,11.0683
2005-03-24,2007-03-23,504,22.9962,10.9037
2005-03-28,2007-03-26,504,23.3982,11.0847
2005-03-29,2007-03-27,504,23.1355,10.9664
2005-03-30,2007-03-28,504,22.4817,10.6715
2005-03-31,2007-03-29,504,21.9059,10.411
2005-04-01,2007-03-30,504,22.2085,10.5479
2005-04-04,2007-04-02,504,22.5503,10.7024
2005-04-05,2007-04-03,504,22.6102,10.7295
2005-04-06,2007-04-04,504,22.673,10.7579
2005-04-07,2007-04-05,504,22.8709,10.8471
2005-04-08,2007-04-09,504,22.6983,10.7693
2005-04-11,2007-04-10,504,22.7898,10.8106
2005-04-12,2007-04-11,504,22.2254,10.5556
2005-04-13,2007-04-12,504,22.6312,10.739
2005-04-14,2007-04-13,504,23.927,11.3225
2005-04-15,2007-04-16,504,24.717,11.6768
2005-04-18,2007-04-17,504,24.5729,11.6122
2005-04-19,2007-04-18,504,23.881,11.3018
2005-04-20,2007-04-19,504,23.8673,11.2957
2005-04-21,2007-04-20,504,24.3202,11.499
2005-04-22,2007-04-23,504,24.1522,11.4236
2005-04-25,2007-04-24,504,23.5678,11.161
2005-04-26,2007-04-25,504,23.8436,11.285
2005-04-27,2007-04-26,504,23.3252,11.0519
2005-04-28,2007-04-27,504,23.6327,11.1902
2005-04-29,2007-04-30,504,23.2994,11.0403
2005-05-02,2007-05-01,504,23.4194,11.0943
2005-05-03,2007-05-02,504,23.687,11.2146
2005-05-04,2007-05-03,504,23.8921,11.3068
2005-05-05,2007-05-04,504,24.2854,11.4834
2005-05-06,2007-05-07,504,25.0447,11.8234
2005-05-09,2007-05-08,504,24.568,11.61
2005-05-10,2007-05-09,504,24.3751,11.5236
2005-05-11,2007-05-10,504,23.0493,10.9276
2005-05-12,2007-05-11,504,24.1762,11.4344
2005-05-13,2007-05-14,504,24.0887,11.3951
2005-05-16,2007-05-15,504,24.0831,11.3926
2005-05-17,2007-05-16,504,23.3962,11.0839
2005-05-18,2007-05-17,504,22.381,10.6259
2005-05-19,2007-05-18,504,22.639,10.7425
2005-05-20,2007-05-21,504,23.1433,10.97
2005-05-23,2007-05-22,504,22.522,10.6896
2005-05-24,2007-05-23,504,22.3712,10.6215
2005-05-25,2007-05-24,504,21.8581,10.3894
2005-05-26,2007-05-25,504,21.9453,10.4288
2005-05-27,2007-05-29,504,21.8753,10.3971
2005-05-31,2007-05-30,504,22.1511,10.522
2005-06-01,2007-05-31,504,21.9466,10.4294
2005-06-02,2007-06-01,504,21.6439,10.2923
2005-06-03,2007-06-04,504,22.1655,10.5285
2005-06-06,2007-06-05,504,21.3453,10.1568
2005-06-07,2007-06-06,504,20.9699,9.9863
2005-06-08,2007-06-07,504,19.6718,9.3946
2005-06-09,2007-06-08,504,19.2274,9.1913
2005-06-10,2007-06-11,504,19.708,9.4111
2005-06-13,2007-06-12,504,18.6334,8.9189
2005-06-14,2007-06-13,504,19.6797,9.3982
2005-06-15,2007-06-14,504,19.6777,9.3973
2005-06-16,2007-06-15,504,19.4028,9.2716
2005-06-17,2007-06-18,504,19.0627,9.1158
2005-06-20,2007-06-19,504,19.665,9.3915
2005-06-21,2007-06-20,504,18.614,8.9101
2005-06-22,2007-06-21,504,18.1511,8.6973
2005-06-23,2007-06-22,504,18.1279,8.6867
2005-06-24,2007-06-25,504,18.2621,8.7484
2005-06-27,2007-06-26,504,17.7091,8.4938
2005-06-28,2007-06-27,504,18.2103,8.7245
2005-06-29,2007-06-28,504,18.5409,8.8765
2005-06-30,2007-06-29,504,18.8172,9.0033
2005-07-01,2007-07-02,504,20.5881,9.8126
2005-07-05,2007-07-03,504,20.7679,9.8945
2005-07-06,2007-07-05,504,20.288,9.6759
2005-07-07,2007-07-06,504,20.3731,9.7147
2005-07-08,2007-07-09,504,20.6712,9.8504
2005-07-11,2007-07-10,504,20.3894,9.7221
2005-07-12,2007-07-11,504,20.1982,9.6349
2005-07-13,2007-07-12,504,21.2133,10.0969
2005-07-14,2007-07-13,504,21.7062,10.3205
2005-07-15,2007-07-16,504,21.677,10.3073
2005-07-18,2007-07-17,504,21.9912,10.4496
2005-07-19,2007-07-18,504,22.1757,10.5331
2005-07-20,2007-07-19,504,22.0617,10.4815
2005-07-21,2007-07-20,504,22.5121,10.6852
2005-07-22,2007-07-23,504,22.1539,10.5232
2005-07-25,2007-07-24,504,21.9155,10.4154
2005-07-26,2007-07-25,504,21.7068,10.3208
2005-07-27,2007-07-26,504,20.5074,9.7759
2005-07-28,2007-07-27,504,19.3559,9.2501
2005-07-29,2007-07-30,504,20.0636,9.5736
2005-08-01,2007-07-31,504,19.9353,9.515
2005-08-02,2007-08-01,504,19.8273,9.4656
2005-08-03,2007-08-02,504,19.5258,9.3279
2005-08-04,2007-08-03,504,19.472,9.3032
2005-08-05,2007-08-06,504,20.4294,9.7403
2005-08-08,2007-08-07,504,20.8804,9.9456
2005-08-09,2007-08-08,504,20.8834,9.947
2005-08-10,2007-08-09,504,19.2903,9.2201
2005-08-11,2007-08-10,504,18.5552,8.8831
2005-08-12,2007-08-13,504,18.4592,8.839
2005-08-15,2007-08-14,504,18.2105,8.7246
2005-08-16,2007-08-15,504,17.5777,8.4332
2005-08-17,2007-08-16,504,17.6398,8.4619
2005-08-18,2007-08-17,504,18.4904,8.8533
2005-08-19,2007-08-20,504,18.6509,8.927
2005-08-22,2007-08-21,504,18.7359,8.966
2005-08-23,2007-08-22,504,19.0236,9.0979
2005-08-24,2007-08-23,504,19.4108,9.2752
2005-08-25,2007-08-24,504,20.084,9.5828
2005-08-26,2007-08-27,504,20.1887,9.6306
2005-08-29,2007-08-28,504,19.2323,9.1935
2005-08-30,2007-08-29,504,20.2736,9.6693
2005-08-31,2007-08-30,504,19.5476,9.3378
2005-09-01,2007-08-31,504,19.7469,9.4289
2005-09-02,2007-09-04,504,20.4305,9.7408
2005-09-06,2007-09-05,504,20.102,9.5911
2005-09-07,2007-09-06,504,20.9493,9.977
2005-09-08,2007-09-07,504,21.0367,10.0167
2005-09-09,2007-09-10,504,20.8455,9.9297
2005-09-12,2007-09-11,504,21.7994,10.3627
2005-09-13,2007-09-12,504,22.0256,10.4652
2005-09-14,2007-09-13,504,21.8276,10.3756
2005-09-15,2007-09-14,504,21.6787,10.308
2005-09-16,2007-09-17,504,21.5996,10.2722
2005-09-19,2007-09-18,504,21.8404,10.3813
2005-09-20,2007-09-19,504,22.2357,10.5602
2005-09-21,2007-09-20,504,21.769,10.349
2005-09-22,2007-09-21,504,22.1829,10.5364
2005-09-23,2007-09-24,504,22.5592,10.7065
2005-09-26,2007-09-25,504,22.3767,10.624
2005-09-27,2007-09-26,504,22.6207,10.7342
2005-09-28,2007-09-27,504,22.4045,10.6366
2005-09-29,2007-09-28,504,22.5208,10.6891
2005-09-30,2007-10-01,504,23.6004,11.1757
2005-10-03,2007-10-02,504,23.3894,11.0808
2005-10-04,2007-10-03,504,23.3483,11.0623
2005-10-05,2007-10-04,504,24.2413,11.4636
2005-10-06,2007-10-05,504,24.2224,11.4551
2005-10-07,2007-10-08,504,23.2767,11.03
2005-10-10,2007-10-09,504,23.9253,11.3217
2005-10-11,2007-10-10,504,24.0131,11.3612
2005-10-12,2007-10-11,504,25.0237,11.814
2005-10-13,2007-10-12,504,25.2429,11.912
2005-10-14,2007-10-15,504,25.2857,11.9311
2005-10-17,2007-10-16,504,24.6481,11.6459
2005-10-18,2007-10-17,504,25.4787,12.0173
2005-10-19,2007-10-18,504,26.0538,12.2737
2005-10-20,2007-10-19,504,26.265,12.3677
2005-10-21,2007-10-22,504,25.2429,11.912
2005-10-24,2007-10-23,504,25.4744,12.0153
2005-10-25,2007-10-24,504,25.5195,12.0355
2005-10-26,2007-10-25,504,26.1243,12.3051
2005-10-27,2007-10-26,504,27.2847,12.8205
2005-10-28,2007-10-29,504,27.2836,12.82
2005-10-31,2007-10-30,504,27.1308,12.7523
2005-11-01,2007-10-31,504,28.2113,13.2304
2005-11-02,2007-11-01,504,27.2322,12.7972
2005-11-03,2007-11-02,504,28.3171,13.2771
2005-11-04,2007-11-05,504,28.5976,13.4009
2005-11-07,2007-11-06,504,29.0233,13.5884
2005-11-08,2007-11-07,504,28.2837,13.2624
2005-11-09,2007-11-08,504,28.2728,13.2576
2005-11-10,2007-11-09,504,27.2995,12.8271
2005-11-11,2007-11-12,504,25.66,12.0982
2005-11-14,2007-11-13,504,26.2848,12.3765
2005-11-15,2007-11-14,504,26.7522,12.5843
2005-11-16,2007-11-15,504,24.3025,11.4911
2005-11-17,2007-11-16,504,23.5888,11.1705
2005-11-18,2007-11-19,504,22.918,10.8684
2005-11-21,2007-11-20,504,23.1432,10.9699
2005-11-22,2007-11-21,504,22.7536,10.7942
2005-11-23,2007-11-23,504,24.5479,11.601
2005-11-25,2007-11-26,504,24.3921,11.5312
2005-11-28,2007-11-27,504,23.6673,11.2058
2005-11-29,2007-11-28,504,23.915,11.3171
2005-11-30,2007-11-29,504,24.4943,11.577
2005-12-01,2007-11-30,504,23.1603,10.9776
2005-12-02,2007-12-03,504,23.4293,11.0987
2005-12-05,2007-12-04,504,23.6682,11.2062
2005-12-06,2007-12-05,504,23.1542,10.9749
2005-12-07,2007-12-06,504,23.5109,11.1355
2005-12-08,2007-12-07,504,22.3553,10.6143
2005-12-09,2007-12-10,504,22.6912,10.7661
2005-12-12,2007-12-11,504,22.6253,10.7363
2005-12-13,2007-12-12,504,22.736,10.7863
2005-12-14,2007-12-13,504,22.2533,10.5682
2005-12-15,2007-12-14,504,21.7383,10.3351
2005-12-16,2007-12-17,504,21.6451,10.2928
2005-12-19,2007-12-18,504,22.5128,10.6855
2005-12-20,2007-12-19,504,23.409,11.0896
2005-12-21,2007-12-20,504,23.4913,11.1267
2005-12-22,2007-12-21,504,23.0813,10.942
2005-12-23,2007-12-24,504,23.0102,10.91
2005-12-27,2007-12-26,504,23.0861,10.9442
2005-12-28,2007-12-27,504,22.7591,10.7967
2005-12-29,2007-12-28,504,23.6729,11.2083
2005-12-30,2007-12-31,504,23.5846,11.1686
2006-01-03,2008-01-02,504,23.2925,11.0371
2006-01-04,2008-01-03,504,23.2787,11.031
2006-01-05,2008-01-04,504,22.923,10.8706
2006-01-06,2008-01-07,504,21.9429,10.4278
2006-01-09,2008-01-08,504,21.3219,10.1462
2006-01-10,2008-01-09,504,22.364,10.6182
2006-01-11,2008-01-10,504,22.2827,10.5815
2006-01-12,2008-01-11,504,22.3037,10.591
2006-01-13,2008-01-14,504,22.2686,10.5751
2006-01-17,2008-01-15,504,21.9929,10.4504
2006-01-18,2008-01-16,504,21.5945,10.2699
2006-01-19,2008-01-17,504,20.1652,9.6199
2006-01-20,2008-01-18,504,20.6218,9.8279
2006-01-23,2008-01-22,504,20.6284,9.8309
2006-01-24,2008-01-23,504,20.9961,9.9982
2006-01-25,2008-01-24,504,21.5821,10.2643
2006-01-26,2008-01-25,504,21.854,10.3875
2006-01-27,2008-01-28,504,22.6212,10.7345
2006-01-30,2008-01-29,504,22.107,10.502
2006-01-31,2008-01-30,504,21.3855,10.1751
2006-02-01,2008-01-31,504,22.2712,10.5763
2006-02-02,2008-02-01,504,22.3783,10.6247
2006-02-03,2008-02-04,504,21.8672,10.3935
2006-02-06,2008-02-05,504,20.2708,9.668
2006-02-07,2008-02-06,504,21.9699,10.44
2006-02-08,2008-02-07,504,21.5521,10.2507
2006-02-09,2008-02-08,504,21.3086,10.1402
2006-02-10,2008-02-11,504,22.6574,10.7508
2006-02-13,2008-02-12,504,22.8997,10.8601
2006-02-14,2008-02-13,504,22.3093,10.5935
2006-02-15,2008-02-14,504,21.6887,10.3126
2006-02-16,2008-02-15,504,21.1652,10.0751
2006-02-17,2008-02-19,504,21.1615,10.0734
2006-02-21,2008-02-20,504,21.9164,10.4158
2006-02-22,2008-02-21,504,21.8375,10.38
2006-02-23,2008-02-22,504,22.3509,10.6124
2006-02-24,2008-02-25,504,21.5858,10.266
2006-02-27,2008-02-26,504,22.2574,10.5701
2006-02-28,2008-02-27,504,22.4803,10.6708
2006-03-01,2008-02-28,504,22.7643,10.799
2006-03-02,2008-02-29,504,22.7043,10.772
2006-03-03,2008-03-03,504,23.3136,11.0467
2006-03-06,2008-03-04,504,23.4223,11.0956
2006-03-07,2008-03-05,504,24.1771,11.4348
2006-03-08,2008-03-06,504,23.8647,11.2945
2006-03-09,2008-03-07,504,23.536,11.1468
2006-03-10,2008-03-10,504,23.6914,11.2166
2006-03-13,2008-03-11,504,24.167,11.4303
2006-03-14,2008-03-12,504,23.8061,11.2682
2006-03-15,2008-03-13,504,24.1263,11.412
2006-03-16,2008-03-14,504,23.7289,11.2335
2006-03-17,2008-03-17,504,23.901,11.3108
2006-03-20,2008-03-18,504,24.9291,11.7717
2006-03-21,2008-03-19,504,23.2147,11.0021
2006-03-22,2008-03-20,504,22.9015,10.861
2006-03-23,2008-03-24,504,22.8972,10.859
2006-03-24,2008-03-25,504,22.8401,10.8333
2006-03-27,2008-03-26,504,22.7131,10.7759
2006-03-28,2008-03-27,504,22.6804,10.7612
2006-03-29,2008-03-28,504,21.67,10.3041
2006-03-30,2008-03-31,504,20.9812,9.9915
2006-03-31,2008-04-01,504,20.7082,9.8673
2006-04-03,2008-04-02,504,20.6766,9.8529
2006-04-04,2008-04-03,504,21.1318,10.0599
2006-04-05,2008-04-04,504,21.2939,10.1335
2006-04-06,2008-04-07,504,21.5657,10.2568
2006-04-07,2008-04-08,504,21.9976,10.4525
2006-04-10,2008-04-09,504,22.2145,10.5507
2006-04-11,2008-04-10,504,22.3097,10.5937
2006-04-12,2008-04-11,504,21.8062,10.3658
2006-04-13,2008-04-14,504,21.8381,10.3803
2006-04-17,2008-04-15,504,20.7587,9.8903
2006-04-18,2008-04-16,504,20.8481,9.9309
2006-04-19,2008-04-17,504,20.1894,9.6309
2006-04-20,2008-04-18,504,20.3009,9.6818
2006-04-21,2008-04-21,504,19.7178,9.4156
2006-04-24,2008-04-22,504,20.3102,9.686
2006-04-25,2008-04-23,504,19.7883,9.4478
2006-04-26,2008-04-24,504,18.6684,8.935
2006-04-27,2008-04-25,504,18.7865,8.9892
2006-04-28,2008-04-28,504,18.2017,8.7206
2006-05-01,2008-04-29,504,17.6906,8.4853
2006-05-02,2008-04-30,504,16.84,8.0926
2006-05-03,2008-05-01,504,17.0008,8.1669
2006-05-04,2008-05-02,504,16.5891,7.9764
2006-05-05,2008-05-05,504,16.2003,7.7962
2006-05-08,2008-05-06,504,16.5101,7.9399
2006-05-09,2008-05-07,504,15.1094,7.289
2006-05-10,2008-05-08,504,15.6682,7.5491
2006-05-11,2008-05-09,504,15.7021,7.5649
2006-05-12,2008-05-12,504,16.8865,8.1141
2006-05-15,2008-05-13,504,16.8163,8.0816
2006-05-16,2008-05-14,504,16.3751,7.8773
2006-05-17,2008-05-15,504,18.1716,8.7067
2006-05-18,2008-05-16,504,18.9773,9.0767
2006-05-19,2008-05-19,504,19.9539,9.5235
2006-05-22,2008-05-20,504,20.3798,9.7177
2006-05-23,2008-05-21,504,19.7193,9.4163
2006-05-24,2008-05-22,504,20.5434,9.7923
2006-05-25,2008-05-23,504,19.8122,9.4588
2006-05-26,2008-05-27,504,18.9241,9.0523
2006-05-30,2008-05-28,504,18.935,9.0573
2006-05-31,2008-05-29,504,18.4746,8.846
2006-06-01,2008-05-30,504,19.1868,9.1727
2006-06-02,2008-06-02,504,18.3811,8.8031
2006-06-05,2008-06-03,504,18.3103,8.7705
2006-06-06,2008-06-04,504,18.4882,8.8523
2006-06-07,2008-06-05,504,18.8676,9.0264
2006-06-08,2008-06-06,504,19.8963,9.4972
2006-06-09,2008-06-09,504,19.9242,9.5099
2006-06-12,2008-06-10,504,19.1797,9.1695
2006-06-13,2008-06-11,504,21.6204,10.2816
2006-06-14,2008-06-12,504,21.1825,10.0829
2006-06-15,2008-06-13,504,20.864,9.9382
2006-06-16,2008-06-16,504,20.9163,9.9619
2006-06-19,2008-06-17,504,21.6311,10.2865
2006-06-20,2008-06-18,504,21.4524,10.2054
2006-06-21,2008-06-19,504,20.9048,9.9567
2006-06-22,2008-06-20,504,21.1402,10.0637
2006-06-23,2008-06-23,504,20.5763,9.8073
2006-06-26,2008-06-24,504,20.7562,9.8891
2006-06-27,2008-06-25,504,20.9162,9.9619
2006-06-28,2008-06-26,504,21.6215,10.2822
2006-06-29,2008-06-27,504,21.2362,10.1073
2006-06-30,2008-06-30,504,19.6118,9.3672
2006-07-03,2008-07-01,504,19.994,9.5418
2006-07-05,2008-07-02,504,19.5793,9.3523
2006-07-06,2008-07-03,504,18.5199,8.8669
2006-07-07,2008-07-07,504,18.3528,8.7901
2006-07-10,2008-07-08,504,19.1317,9.1475
2006-07-11,2008-07-09,504,17.8648,8.5656
2006-07-12,2008-07-10,504,18.5003,8.8579
2006-07-13,2008-07-11,504,18.5798,8.8943
2006-07-14,2008-07-14,504,18.6447,8.9242
2006-07-17,2008-07-15,504,19.1846,9.1717
2006-07-18,2008-07-16,504,19.8965,9.4973
2006-07-19,2008-07-17,504,18.8689,9.027
2006-07-20,2008-07-18,504,18.9492,9.0638
2006-07-21,2008-07-21,504,20.0855,9.5835
2006-07-24,2008-07-22,504,19.5786,9.352
2006-07-25,2008-07-23,504,18.4014,8.8124
2006-07-26,2008-07-24,504,17.7736,8.5235
2006-07-27,2008-07-25,504,17.4354,8.3676
2006-07-28,2008-07-28,504,16.6208,7.9911
2006-07-31,2008-07-29,504,16.7521,8.0519
2006-08-01,2008-07-30,504,16.3845,7.8816
2006-08-02,2008-07-31,504,16.1801,7.7869
2006-08-03,2008-08-01,504,16.1542,7.7748
2006-08-04,2008-08-04,504,15.4334,7.4399
2006-08-07,2008-08-05,504,15.1364,7.3016
2006-08-08,2008-08-06,504,15.2709,7.3643
2006-08-09,2008-08-07,504,15.1257,7.2966
2006-08-10,2008-08-08,504,15.9434,7.677
2006-08-11,2008-08-11,504,14.9153,7.1986
2006-08-14,2008-08-12,504,14.637,7.0687
2006-08-15,2008-08-13,504,14.6408,7.0704
2006-08-16,2008-08-14,504,13.7009,6.6306
2006-08-17,2008-08-15,504,13.8633,6.7068
2006-08-18,2008-08-18,504,14.0028,6.7721
2006-08-21,2008-08-19,504,13.4321,6.5045
2006-08-22,2008-08-20,504,13.6606,6.6117
2006-08-23,2008-08-21,504,14.6064,7.0544
2006-08-24,2008-08-22,504,14.7615,7.1268
2006-08-25,2008-08-25,504,14.1427,6.8376
2006-08-28,2008-08-26,504,14.467,6.9892
2006-08-29,2008-08-27,504,15.0442,7.2587
2006-08-30,2008-08-28,504,15.1296,7.2985
2006-08-31,2008-08-29,504,14.1484,6.8402
2006-09-01,2008-09-02,504,13.3889,6.4842
2006-09-04,2008-09-03,504,13.3993,6.4891
2006-09-05,2008-09-04,504,12.2171,5.9326
2006-09-06,2008-09-05,504,12.8465,6.2292
2006-09-07,2008-09-08,504,14.3156,6.9185
2006-09-08,2008-09-09,504,13.5721,6.5702
2006-09-11,2008-09-10,504,13.4718,6.5231
2006-09-12,2008-09-11,504,12.9536,6.2796
2006-09-13,2008-09-12,504,13.0196,6.3107
2006-09-14,2008-09-15,504,14.1629,6.8471
2006-09-15,2008-09-16,504,14.4574,6.9848
2006-09-18,2008-09-17,504,15.3509,7.4015
2006-09-19,2008-09-18,504,17.7513,8.5133
2006-09-20,2008-09-19,504,16.295,7.8402
2006-09-21,2008-09-22,504,16.5604,7.9631
2006-09-22,2008-09-23,504,14.995,7.2357
2006-09-25,2008-09-24,504,14.7166,7.1058
2006-09-26,2008-09-25,504,14.5831,7.0435
2006-09-27,2008-09-26,504,14.831,7.1592
2006-09-28,2008-09-29,504,13.3206,6.4522
2006-09-29,2008-09-30,504,13.7336,6.646
2006-10-02,2008-10-01,504,14.2975,6.91
2006-10-03,2008-10-02,504,13.2077,6.3991
2006-10-04,2008-10-03,504,13.0268,6.3141
2006-10-05,2008-10-06,504,13.5198,6.5457
2006-10-06,2008-10-07,504,12.9912,6.2973
2006-10-09,2008-10-08,504,12.7453,6.1816
2006-10-10,2008-10-09,504,10.7258,5.2263
2006-10-11,2008-10-10,504,9.4631,4.6246
2006-10-12,2008-10-13,504,10.1898,4.9713
2006-10-13,2008-10-14,504,9.2645,4.5296
2006-10-16,2008-10-15,504,7.2032,3.539
2006-10-17,2008-10-16,504,7.0004,3.441
2006-10-18,2008-10-17,504,6.0574,2.9842
2006-10-19,2008-10-20,504,6.8712,3.3785
2006-10-20,2008-10-21,504,5.9492,2.9316
2006-10-23,2008-10-22,504,4.8192,2.3813
2006-10-24,2008-10-23,504,4.3813,2.1672
2006-10-25,2008-10-24,504,3.4936,1.7318
2006-10-26,2008-10-27,504,2.5609,1.2724
2006-10-27,2008-10-28,504,4.9075,2.4244
2006-10-30,2008-10-29,504,4.563,2.256
2006-10-31,2008-10-30,504,4.3536,2.1536
2006-11-01,2008-10-31,504,3.2861,1.6298
2006-11-02,2008-11-03,504,3.3152,1.6441
2006-11-03,2008-11-04,504,6.3052,3.1044
2006-11-06,2008-11-05,504,4.1948,2.0758
2006-11-07,2008-11-06,504,2.075,1.0322
2006-11-08,2008-11-07,504,3.0013,1.4896
2006-11-09,2008-11-10,504,2.5862,1.2849
2006-11-10,2008-11-11,504,1.6995,0.8462
2006-11-13,2008-11-12,504,0.0979,0.0489
2006-11-14,2008-11-13,504,0.578,0.2886
2006-11-15,2008-11-14,504,1.289,0.6425
2006-11-16,2008-11-17,504,0.8452,0.4217
2006-11-17,2008-11-18,504,0.8994,0.4487
2006-11-20,2008-11-19,504,0.085,0.0425
2006-11-21,2008-11-20,504,-0.1373,-0.0687
2006-11-22,2008-11-21,504,2.2167,1.1023
2006-11-24,2008-11-24,504,4.3147,2.1346
2006-11-27,2008-11-25,504,5.4971,2.7118
2006-11-28,2008-11-26,504,5.6012,2.7624
2006-11-29,2008-11-28,504,6.3192,3.1112
2006-11-30,2008-12-01,504,2.9648,1.4716
2006-12-01,2008-12-02,504,4.3519,2.1528
2006-12-04,2008-12-03,504,4.3695,2.1614
2006-12-05,2008-12-04,504,4.145,2.0515
2006-12-06,2008-12-05,504,4.6955,2.3208
2006-12-07,2008-12-08,504,6.2649,3.0848
2006-12-08,2008-12-09,504,6.767,3.3281
2006-12-11,2008-12-10,504,7.8385,3.8453
2006-12-12,2008-12-11,504,7.8445,3.8482
2006-12-13,2008-12-12,504,7.9879,3.9172
2006-12-14,2008-12-15,504,8.4669,4.1474
2006-12-15,2008-12-16,504,11.2067,5.4546
2006-12-18,2008-12-17,504,12.7739,6.1951
2006-12-19,2008-12-18,504,12.2197,5.9338
2006-12-20,2008-12-19,504,11.6344,5.6572
2006-12-21,2008-12-22,504,11.3066,5.502
2006-12-22,2008-12-23,504,11.0284,5.37
2006-12-26,2008-12-24,504,11.0449,5.3779
2006-12-27,2008-12-26,504,11.9226,5.7935
2006-12-28,2008-12-29,504,11.7332,5.7039
2006-12-29,2008-12-30,504,12.5884,6.1077
2007-01-02,2008-12-31,504,12.779,6.1975
2007-01-03,2009-01-02,504,12.9125,6.2603
2007-01-04,2009-01-05,504,11.209,5.4557
2007-01-05,2009-01-06,504,12.7546,6.186
2007-01-08,2009-01-07,504,10.9715,5.343
2007-01-09,2009-01-08,504,11.1601,5.4325
2007-01-10,2009-01-09,504,10.7823,5.2532
2007-01-11,2009-01-12,504,9.3074,4.5502
2007-01-12,2009-01-13,504,8.677,4.2483
2007-01-16,2009-01-14,504,7.8489,3.8503
2007-01-17,2009-01-15,504,7.593,3.727
2007-01-18,2009-01-16,504,8.653,4.2368
2007-01-19,2009-01-20,504,7.3664,3.6177
2007-01-22,2009-01-21,504,7.5531,3.7078
2007-01-23,2009-01-22,504,6.424,3.162
2007-01-24,2009-01-23,504,7.2225,3.5483
2007-01-25,2009-01-26,504,8.0192,3.9323
2007-01-26,2009-01-27,504,8.8207,4.3171
2007-01-29,2009-01-28,504,8.8012,4.3078
2007-01-30,2009-01-29,504,7.6592,3.7589
2007-01-31,2009-01-30,504,6.949,3.4161
2007-02-01,2009-02-02,504,6.382,3.1416
2007-02-02,2009-02-03,504,6.1551,3.0316
2007-02-05,2009-02-04,504,5.9639,2.9388
2007-02-06,2009-02-05,504,6.482,3.1901
2007-02-07,2009-02-06,504,7.0378,3.4591
2007-02-08,2009-02-09,504,6.2041,3.0554
2007-02-09,2009-02-10,504,6.0383,2.9749
2007-02-12,2009-02-11,504,7.9011,3.8755
2007-02-13,2009-02-12,504,7.6643,3.7614
2007-02-14,2009-02-13,504,5.915,2.915
2007-02-15,2009-02-17,504,6.2852,3.0947
2007-02-16,2009-02-18,504,6.2478,3.0766
2007-02-20,2009-02-19,504,5.9293,2.922
2007-02-21,2009-02-20,504,5.7326,2.8263
2007-02-22,2009-02-23,504,5.1505,2.5429
2007-02-23,2009-02-24,504,4.9238,2.4323
2007-02-26,2009-02-25,504,3.9997,1.9802
2007-02-27,2009-02-26,504,3.2881,1.6307
2007-02-28,2009-02-27,504,3.2288,1.6016
2007-03-01,2009-03-02,504,2.9445,1.4616
2007-03-02,2009-03-03,504,2.9333,1.4561
2007-03-05,2009-03-04,504,3.519,1.7443
2007-03-06,2009-03-05,504,3.3414,1.657
2007-03-07,2009-03-06,504,3.3177,1.6453
2007-03-08,2009-03-09,504,1.9082,0.9496
2007-03-09,2009-03-10,504,2.4042,1.195
2007-03-12,2009-03-11,504,3.1183,1.5472
2007-03-13,2009-03-12,504,4.9269,2.4338
2007-03-14,2009-03-13,504,5.4454,2.6866
2007-03-15,2009-03-16,504,4.3846,2.1688
2007-03-16,2009-03-17,504,4.5775,2.2631
2007-03-19,2009-03-18,504,4.8662,2.4042
2007-03-20,2009-03-19,504,6.413,3.1567
2007-03-21,2009-03-20,504,5.257,2.5948
2007-03-22,2009-03-23,504,6.5397,3.2181
2007-03-23,2009-03-24,504,5.7313,2.8257
2007-03-26,2009-03-25,504,5.6351,2.7789
2007-03-27,2009-03-26,504,6.8734,3.3796
2007-03-28,2009-03-27,504,6.0754,2.9929
2007-03-29,2009-03-30,504,5.27,2.6012
2007-03-30,2009-03-31,504,5.993,2.9529
2007-04-02,2009-04-01,504,6.4991,3.1984
2007-04-03,2009-04-02,504,6.1627,3.0353
2007-04-04,2009-04-03,504,5.0821,2.5096
2007-04-05,2009-04-06,504,3.9339,1.948
2007-04-09,2009-04-07,504,4.0267,1.9935
2007-04-10,2009-04-08,504,4.2648,2.1102
2007-04-11,2009-04-09,504,4.9544,2.4473
2007-04-12,2009-04-13,504,5.5625,2.7436
2007-04-13,2009-04-14,504,4.6076,2.2778
2007-04-16,2009-04-15,504,4.3272,2.1407
2007-04-17,2009-04-16,504,3.9832,1.9721
2007-04-18,2009-04-17,504,3.2823,1.6279
2007-04-19,2009-04-20,504,3.4596,1.7151
2007-04-20,2009-04-21,504,3.097,1.5367
2007-04-23,2009-04-22,504,3.0866,1.5316
2007-04-24,2009-04-23,504,3.9556,1.9586
2007-04-25,2009-04-24,504,4.2256,2.0909
2007-04-26,2009-04-27,504,4.5002,2.2253
2007-04-27,2009-04-28,504,3.4207,1.696
2007-04-30,2009-04-29,504,3.8016,1.8831
2007-05-01,2009-04-30,504,3.594,1.7811
2007-05-02,2009-05-01,504,3.4315,1.7013
2007-05-03,2009-05-04,504,4.3334,2.1437
2007-05-04,2009-05-05,504,3.8776,1.9204
2007-05-07,2009-05-06,504,4.3304,2.1422
2007-05-08,2009-05-07,504,3.7714,1.8683
2007-05-09,2009-05-08,504,4.6767,2.3116
2007-05-10,2009-05-11,504,5.3434,2.6369
2007-05-11,2009-05-12,504,5.3401,2.6353
2007-05-14,2009-05-13,504,5.1593,2.5472
2007-05-15,2009-05-14,504,5.417,2.6728
2007-05-16,2009-05-15,504,5.6292,2.7761
2007-05-17,2009-05-18,504,6.0732,2.9919
2007-05-18,2009-05-19,504,5.8615,2.889
2007-05-21,2009-05-20,504,6.0983,3.004
2007-05-22,2009-05-21,504,5.8456,2.8813
2007-05-23,2009-05-22,504,5.7685,2.8438
2007-05-24,2009-05-26,504,6.5728,3.2341
2007-05-25,2009-05-27,504,5.5122,2.7191
2007-05-29,2009-05-28,504,6.3683,3.135
2007-05-30,2009-05-29,504,7.7923,3.8231
2007-05-31,2009-06-01,504,7.4729,3.6691
2007-06-01,2009-06-02,504,7.3616,3.6154
2007-06-04,2009-06-03,504,6.4646,3.1817
2007-06-05,2009-06-04,504,7.1954,3.5352
2007-06-06,2009-06-05,504,6.5787,3.237
2007-06-07,2009-06-08,504,7.5361,3.6996
2007-06-08,2009-06-09,504,8.18,4.0096
2007-06-11,2009-06-10,504,7.3611,3.6152
2007-06-12,2009-06-11,504,8.9629,4.3853
2007-06-13,2009-06-12,504,7.843,3.8475
2007-06-14,2009-06-15,504,6.7406,3.3154
2007-06-15,2009-06-16,504,6.4464,3.1729
2007-06-18,2009-06-17,504,6.4251,3.1625
2007-06-19,2009-06-18,504,5.7433,2.8316
2007-06-20,2009-06-19,504,6.9385,3.4111
2007-06-21,2009-06-22,504,6.0967,3.0033
2007-06-22,2009-06-23,504,6.5093,3.2033
2007-06-25,2009-06-24,504,6.8103,3.3491
2007-06-26,2009-06-25,504,8.491,4.159
2007-06-27,2009-06-26,504,8.3247,4.0791
2007-06-28,2009-06-29,504,8.3223,4.078
2007-06-29,2009-06-30,504,7.3502,3.61
2007-07-02,2009-07-01,504,7.0614,3.4705
2007-07-03,2009-07-02,504,6.2502,3.0777
2007-07-05,2009-07-06,504,6.5844,3.2397
2007-07-06,2009-07-07,504,6.1852,3.0462
2007-07-09,2009-07-08,504,5.4637,2.6955
2007-07-10,2009-07-09,504,5.2697,2.601
2007-07-11,2009-07-10,504,5.5135,2.7198
2007-07-12,2009-07-13,504,5.7099,2.8153
2007-07-13,2009-07-14,504,5.3731,2.6514
2007-07-16,2009-07-15,504,5.9171,2.9161
2007-07-17,2009-07-16,504,6.3428,3.1227
2007-07-18,2009-07-17,504,5.6255,2.7743
2007-07-19,2009-07-20,504,6.0985,3.0041
2007-07-20,2009-07-21,504,6.3085,3.106
2007-07-23,2009-07-22,504,6.3695,3.1356
2007-07-24,2009-07-23,504,6.8683,3.3771
2007-07-25,2009-07-24,504,7.3459,3.6079
2007-07-26,2009-07-27,504,8.0448,3.9446
2007-07-27,2009-07-28,504,8.1445,3.9925
2007-07-30,2009-07-29,504,7.3976,3.6328
2007-07-31,2009-07-30,504,8.2817,4.0585
2007-08-01,2009-07-31,504,9.3714,4.5808
2007-08-02,2009-08-03,504,9.3312,4.5616
2007-08-03,2009-08-04,504,9.694,4.7349
2007-08-06,2009-08-05,504,8.8303,4.3217
2007-08-07,2009-08-06,504,8.5473,4.186
2007-08-08,2009-08-07,504,8.4548,4.1416
2007-08-09,2009-08-10,504,9.5655,4.6735
2007-08-10,2009-08-11,504,9.1056,4.4536
2007-08-13,2009-08-12,504,9.3261,4.5591
2007-08-14,2009-08-13,504,10.4138,5.078
2007-08-15,2009-08-14,504,10.4368,5.0889
2007-08-16,2009-08-17,504,10.3014,5.0245
2007-08-17,2009-08-18,504,9.6447,4.7113
2007-08-20,2009-08-19,504,10.2197,4.9856
2007-08-21,2009-08-20,504,10.4817,5.1103
2007-08-22,2009-08-21,504,10.6024,5.1677
2007-08-23,2009-08-24,504,10.5981,5.1656
2007-08-24,2009-08-25,504,9.9988,4.8803
2007-08-27,2009-08-26,504,10.2329,4.9919
2007-08-28,2009-08-27,504,10.9366,5.3265
2007-08-29,2009-08-28,504,10.7735,5.249
2007-08-30,2009-08-31,504,10.3716,5.0579
2007-08-31,2009-09-01,504,9.0601,4.4318
2007-09-04,2009-09-02,504,9.267,4.5309
2007-09-05,2009-09-03,504,10.0624,4.9106
2007-09-06,2009-09-04,504,9.3397,4.5656
2007-09-07,2009-09-08,504,9.3511,4.5711
2007-09-10,2009-09-09,504,9.1895,4.4938
2007-09-11,2009-09-10,504,9.1971,4.4974
2007-09-12,2009-09-11,504,9.6832,4.7297
2007-09-13,2009-09-14,504,9.6315,4.705
2007-09-14,2009-09-15,504,9.7166,4.7457
2007-09-17,2009-09-16,504,10.3684,5.0563
2007-09-18,2009-09-17,504,9.8449,4.8069
2007-09-19,2009-09-18,504,9.4691,4.6275
2007-09-20,2009-09-21,504,9.5087,4.6464
2007-09-21,2009-09-22,504,9.7614,4.7671
2007-09-24,2009-09-23,504,9.5078,4.646
2007-09-25,2009-09-24,504,8.9504,4.3793
2007-09-26,2009-09-25,504,8.811,4.3125
2007-09-27,2009-09-28,504,9.1403,4.4702
2007-09-28,2009-09-29,504,8.6665,4.2432
2007-10-01,2009-09-30,504,8.334,4.0836
2007-10-02,2009-10-01,504,8.2608,4.0484
2007-10-03,2009-10-02,504,8.2884,4.0617
2007-10-04,2009-10-05,504,8.6149,4.2185
2007-10-05,2009-10-06,504,9.362,4.5763
2007-10-08,2009-10-07,504,10.3221,5.0343
2007-10-09,2009-10-08,504,10.3086,5.0279
2007-10-10,2009-10-09,504,9.6282,4.7035
2007-10-11,2009-10-12,504,9.7691,4.7708
2007-10-12,2009-10-13,504,10.1548,4.9546
2007-10-15,2009-10-14,504,10.2065,4.9793
2007-10-16,2009-10-15,504,9.9697,4.8664
2007-10-17,2009-10-16,504,9.55,4.6661
2007-10-18,2009-10-19,504,9.8057,4.7882
2007-10-19,2009-10-20,504,9.9935,4.8778
2007-10-22,2009-10-21,504,9.9931,4.8776
2007-10-23,2009-10-22,504,9.7209,4.7477
2007-10-24,2009-10-23,504,8.8729,4.3422
2007-10-25,2009-10-26,504,7.7361,3.796
2007-10-26,2009-10-27,504,6.8159,3.3518
2007-10-29,2009-10-28,504,5.8208,2.8693
2007-10-30,2009-10-29,504,7.0641,3.4718
2007-10-31,2009-10-30,504,6.0314,2.9715
2007-11-01,2009-11-02,504,6.8681,3.377
2007-11-02,2009-11-03,504,6.983,3.4326
2007-11-05,2009-11-04,504,6.9495,3.4164
2007-11-06,2009-11-05,504,6.9572,3.4201
2007-11-07,2009-11-06,504,7.598,3.7295
2007-11-08,2009-11-09,504,8.3712,4.1015
2007-11-09,2009-11-10,504,8.6032,4.2129
2007-11-12,2009-11-11,504,10.2861,5.0172
2007-11-13,2009-11-12,504,9.3475,4.5693
2007-11-14,2009-11-13,504,9.4986,4.6416
2007-11-15,2009-11-16,504,11.9361,5.7998
2007-11-16,2009-11-17,504,11.9177,5.7912
2007-11-19,2009-11-18,504,12.4763,6.0548
2007-11-20,2009-11-19,504,11.5113,5.5989
2007-11-21,2009-11-20,504,11.5697,5.6266
2007-11-23,2009-11-23,504,10.9862,5.35
2007-11-26,2009-11-24,504,11.191,5.4472
2007-11-27,2009-11-25,504,12.3332,5.9873
2007-11-28,2009-11-27,504,11.4281,5.5595
2007-11-29,2009-11-30,504,11.7254,5.7002
2007-11-30,2009-12-01,504,12.7969,6.2059
2007-12-03,2009-12-02,504,12.9093,6.2588
2007-12-04,2009-12-03,504,12.2755,5.9601
2007-12-05,2009-12-04,504,10.8549,5.2877
2007-12-06,2009-12-07,504,10.363,5.0538
2007-12-07,2009-12-08,504,10.0987,4.9279
2007-12-10,2009-12-09,504,8.9542,4.3811
2007-12-11,2009-12-10,504,9.0409,4.4226
2007-12-12,2009-12-11,504,9.0165,4.411
2007-12-13,2009-12-14,504,10.1619,4.958
2007-12-14,2009-12-15,504,10.5716,5.153
2007-12-17,2009-12-16,504,11.0661,5.3879
2007-12-18,2009-12-17,504,9.5648,4.6732
2007-12-19,2009-12-18,504,9.5085,4.6463
2007-12-20,2009-12-21,504,8.9954,4.4008
2007-12-21,2009-12-22,504,8.2398,4.0384
2007-12-24,2009-12-23,504,8.4127,4.1214
2007-12-26,2009-12-24,504,8.4432,4.136
2007-12-27,2009-12-28,504,8.4927,4.1599
2007-12-28,2009-12-29,504,7.4659,3.6658
2007-12-31,2009-12-30,504,7.6207,3.7404
2008-01-02,2009-12-31,504,6.6064,3.2504
2008-01-03,2010-01-04,504,7.8451,3.8485
2008-01-04,2010-01-05,504,8.9575,4.3827
2008-01-07,2010-01-06,504,9.1301,4.4653
2008-01-08,2010-01-07,504,9.0235,4.4143
2008-01-09,2010-01-08,504,8.8952,4.3529
2008-01-10,2010-01-11,504,9.1605,4.4799
2008-01-11,2010-01-12,504,8.4421,4.1355
2008-01-14,2010-01-13,504,8.2049,4.0216
2008-01-15,2010-01-14,504,8.839,4.3259
2008-01-16,2010-01-15,504,9.2004,4.499
2008-01-17,2010-01-19,504,11.0128,5.3626
2008-01-18,2010-01-20,504,10.4035,5.0731
2008-01-22,2010-01-21,504,9.1985,4.4981
2008-01-23,2010-01-22,504,7.999,3.9226
2008-01-24,2010-01-25,504,8.0862,3.9645
2008-01-25,2010-01-26,504,7.6069,3.7338
2008-01-28,2010-01-27,504,6.7338,3.312
2008-01-29,2010-01-28,504,6.5303,3.2135
2008-01-30,2010-01-29,504,6.8284,3.3578
2008-01-31,2010-02-01,504,7.0833,3.4811
2008-02-01,2010-02-02,504,6.7849,3.3368
2008-02-04,2010-02-03,504,6.8575,3.3719
2008-02-05,2010-02-04,504,6.7387,3.3144
2008-02-06,2010-02-05,504,6.3865,3.1438
2008-02-07,2010-02-08,504,7.0181,3.4496
2008-02-08,2010-02-09,504,6.8536,3.37
2008-02-11,2010-02-10,504,6.2066,3.0566
2008-02-12,2010-02-11,504,7.4131,3.6403
2008-02-13,2010-02-12,504,6.35,3.1261
2008-02-14,2010-02-16,504,9.6266,4.7027
2008-02-15,2010-02-17,504,9.3664,4.5784
2008-02-19,2010-02-18,504,9.1733,4.486
2008-02-20,2010-02-19,504,8.8449,4.3288
2008-02-21,2010-02-22,504,8.0208,3.9331
2008-02-22,2010-02-23,504,7.7859,3.82
2008-02-25,2010-02-24,504,7.1439,3.5103
2008-02-26,2010-02-25,504,7.1755,3.5256
2008-02-27,2010-02-26,504,7.3053,3.5882
2008-02-28,2010-03-01,504,8.0789,3.961
2008-02-29,2010-03-02,504,8.42,4.1249
2008-03-03,2010-03-03,504,8.4042,4.1173
2008-03-04,2010-03-04,504,9.1791,4.4888
2008-03-05,2010-03-05,504,9.1889,4.4935
2008-03-06,2010-03-08,504,9.2331,4.5146
2008-03-07,2010-03-09,504,9.4206,4.6043
2008-03-10,2010-03-10,504,8.923,4.3662
2008-03-11,2010-03-11,504,8.6773,4.2484
2008-03-12,2010-03-12,504,7.9797,3.9133
2008-03-13,2010-03-15,504,7.9324,3.8905
2008-03-14,2010-03-16,504,8.0741,3.9587
2008-03-17,2010-03-17,504,8.2215,4.0296
2008-03-18,2010-03-18,504,8.1259,3.9836
2008-03-19,2010-03-19,504,8.7289,4.2732
2008-03-20,2010-03-22,504,8.8402,4.3265
2008-03-24,2010-03-23,504,9.5383,4.6606
2008-03-25,2010-03-24,504,7.9344,3.8915
2008-03-26,2010-03-25,504,7.7923,3.8231
2008-03-27,2010-03-26,504,8.652,4.2363
2008-03-28,2010-03-29,504,9.2169,4.5069
2008-03-31,2010-03-30,504,9.2842,4.5391
2008-04-01,2010-03-31,504,9.375,4.5825
2008-04-02,2010-04-01,504,10.6052,5.169
2008-04-03,2010-04-05,504,10.3637,5.0541
2008-04-04,2010-04-06,504,10.0646,4.9117
2008-04-07,2010-04-07,504,10.41,5.0762
2008-04-08,2010-04-08,504,10.9768,5.3455
2008-04-09,2010-04-09,504,10.7267,5.2267
2008-04-10,2010-04-12,504,11.0891,5.3988
2008-04-11,2010-04-13,504,11.1869,5.4452
2008-04-14,2010-04-14,504,11.8057,5.7382
2008-04-15,2010-04-15,504,12.15,5.9009
2008-04-16,2010-04-16,504,10.6035,5.1682
2008-04-17,2010-04-19,504,10.8604,5.2903
2008-04-18,2010-04-20,504,10.6189,5.1755
2008-04-21,2010-04-21,504,10.8469,5.2839
2008-04-22,2010-04-22,504,11.6547,5.6668
2008-04-23,2010-04-23,504,11.5079,5.5973
2008-04-24,2010-04-26,504,12.14,5.8962
2008-04-25,2010-04-27,504,11.9625,5.8123
2008-04-28,2010-04-28,504,12.0188,5.8389
2008-04-29,2010-04-29,504,12.9461,6.2761
2008-04-30,2010-04-30,504,13.1491,6.3716
2008-05-01,2010-05-03,504,13.7469,6.6522
2008-05-02,2010-05-04,504,13.0831,6.3405
2008-05-05,2010-05-05,504,12.7555,6.1864
2008-05-06,2010-05-06,504,13.0329,6.317
2008-05-07,2010-05-07,504,13.0339,6.3174
2008-05-08,2010-05-10,504,12.9231,6.2653
2008-05-09,2010-05-11,504,13.2015,6.3962
2008-05-12,2010-05-12,504,14.0081,6.7746
2008-05-13,2010-05-13,504,14.2241,6.8757
2008-05-14,2010-05-14,504,13.9609,6.7525
2008-05-15,2010-05-17,504,12.988,6.2958
2008-05-16,2010-05-18,504,12.026,5.8423
2008-05-19,2010-05-19,504,11.0907,5.3996
2008-05-20,2010-05-20,504,9.8211,4.7956
2008-05-21,2010-05-21,504,9.993,4.8776
2008-05-22,2010-05-24,504,10.6865,5.2076
2008-05-23,2010-05-25,504,10.803,5.263
2008-05-27,2010-05-26,504,11.6282,5.6542
2008-05-28,2010-05-27,504,12.4953,6.0638
2008-05-29,2010-05-28,504,13.0762,6.3373
2008-05-30,2010-06-01,504,12.5156,6.0734
2008-06-02,2010-06-02,504,12.8414,6.2269
2008-06-03,2010-06-03,504,12.6386,6.1314
2008-06-04,2010-06-04,504,12.7763,6.1962
2008-06-05,2010-06-07,504,13.3219,6.4528
2008-06-06,2010-06-08,504,13.0858,6.3418
2008-06-09,2010-06-09,504,12.4459,6.0405
2008-06-10,2010-06-10,504,13.7636,6.66
2008-06-11,2010-06-11,504,15.6558,7.5434
2008-06-12,2010-06-14,504,14.7565,7.1245
2008-06-13,2010-06-15,504,15.4218,7.4345
2008-06-16,2010-06-16,504,15.0001,7.2381
2008-06-17,2010-06-17,504,15.7932,7.6073
2008-06-18,2010-06-18,504,16.9634,8.1496
2008-06-19,2010-06-21,504,16.0919,7.746
2008-06-20,2010-06-22,504,16.0065,7.7063
2008-06-23,2010-06-23,504,16.3192,7.8514
2008-06-24,2010-06-24,504,15.6659,7.5481
2008-06-25,2010-06-25,504,16.3053,7.8449
2008-06-26,2010-06-28,504,15.2603,7.3594
2008-06-27,2010-06-29,504,13.8768,6.7131
2008-06-30,2010-06-30,504,13.9009,6.7244
2008-07-01,2010-07-01,504,12.2782,5.9614
2008-07-02,2010-07-02,504,12.0851,5.8703
2008-07-03,2010-07-06,504,12.4677,6.0508
2008-07-07,2010-07-07,504,12.8015,6.208
2008-07-08,2010-07-08,504,12.9625,6.2838
2008-07-09,2010-07-09,504,13.0314,6.3162
2008-07-10,2010-07-12,504,12.2081,5.9283
2008-07-11,2010-07-13,504,13.1536,6.3737
2008-07-14,2010-07-14,504,12.7256,6.1723
2008-07-15,2010-07-15,504,13.1482,6.3711
2008-07-16,2010-07-16,504,12.3484,5.9945
2008-07-17,2010-07-19,504,12.505,6.0684
2008-07-18,2010-07-20,504,13.6223,6.5938
2008-07-21,2010-07-21,504,13.3541,6.4679
2008-07-22,2010-07-22,504,14.1861,6.8579
2008-07-23,2010-07-23,504,14.6591,7.079
2008-07-24,2010-07-26,504,14.9227,7.202
2008-07-25,2010-07-27,504,14.0992,6.8172
2008-07-28,2010-07-28,504,13.4387,6.5076
2008-07-29,2010-07-29,504,14.1119,6.8232
2008-07-30,2010-07-30,504,14.9006,7.1917
2008-07-31,2010-08-02,504,14.8601,7.1728
2008-08-01,2010-08-03,504,15.0628,7.2673
2008-08-04,2010-08-04,504,15.8547,7.6358
2008-08-05,2010-08-05,504,16.4133,7.895
2008-08-06,2010-08-06,504,16.9128,8.1262
2008-08-07,2010-08-09,504,16.8146,8.0808
2008-08-08,2010-08-10,504,16.4077,7.8924
2008-08-11,2010-08-11,504,17.3473,8.327
2008-08-12,2010-08-12,504,18.0044,8.6298
2008-08-13,2010-08-13,504,17.756,8.5154
2008-08-14,2010-08-16,504,18.9266,9.0535
2008-08-15,2010-08-17,504,19.6816,9.3991
2008-08-18,2010-08-18,504,19.5041,9.3179
2008-08-19,2010-08-19,504,19.3807,9.2615
2008-08-20,2010-08-20,504,18.8478,9.0174
2008-08-21,2010-08-23,504,17.9199,8.5909
2008-08-22,2010-08-24,504,18.0332,8.6431
2008-08-25,2010-08-25,504,18.5684,8.8891
2008-08-26,2010-08-26,504,18.2681,8.7512
2008-08-27,2010-08-27,504,17.6265,8.4557
2008-08-28,2010-08-30,504,17.3132,8.3112
2008-08-29,2010-08-31,504,18.4201,8.821
2008-09-02,2010-09-01,504,19.34,9.2428
2008-09-03,2010-09-02,504,19.4702,9.3024
2008-09-04,2010-09-03,504,19.9963,9.5428
2008-09-05,2010-09-07,504,20.3268,9.6936
2008-09-08,2010-09-08,504,19.7284,9.4205
2008-09-09,2010-09-09,504,19.9311,9.513
2008-09-10,2010-09-10,504,21.1379,10.0627
2008-09-11,2010-09-13,504,22.1105,10.5036
2008-09-12,2010-09-14,504,22.6661,10.7547
2008-09-15,2010-09-15,504,19.9474,9.5205
2008-09-16,2010-09-16,504,19.7368,9.4243
2008-09-17,2010-09-17,504,18.22,8.729
2008-09-18,2010-09-20,504,16.8866,8.1141
2008-09-19,2010-09-21,504,19.7586,9.4343
2008-09-22,2010-09-22,504,18.3183,8.7742
2008-09-23,2010-09-23,504,19.3425,9.244
2008-09-24,2010-09-24,504,19.498,9.3152
2008-09-25,2010-09-27,504,19.7484,9.4296
2008-09-26,2010-09-28,504,19.8439,9.4732
2008-09-29,2010-09-29,504,20.7462,9.8846
2008-09-30,2010-09-30,504,20.6563,9.8437
2008-10-01,2010-10-01,504,20.3527,9.7054
2008-10-02,2010-10-04,504,22.3295,10.6027
2008-10-03,2010-10-05,504,23.9584,11.3366
2008-10-06,2010-10-06,504,23.6478,11.197
2008-10-07,2010-10-07,504,24.2224,11.4551
2008-10-08,2010-10-08,504,24.6332,11.6392
2008-10-09,2010-10-11,504,28.2718,13.2571
2008-10-10,2010-10-12,504,29.503,13.7994
2008-10-13,2010-10-13,504,28.2151,13.2321
2008-10-14,2010-10-14,504,28.4209,13.3229
2008-10-15,2010-10-15,504,30.5327,14.2509
2008-10-16,2010-10-18,504,31.2337,14.5573
2008-10-17,2010-10-19,504,30.8202,14.3766
2008-10-20,2010-10-20,504,29.729,13.8986
2008-10-21,2010-10-21,504,30.5601,14.2629
2008-10-22,2010-10-22,504,33.5245,15.5528
2008-10-23,2010-10-25,504,34.4608,15.9572
2008-10-24,2010-10-26,504,34.7526,16.083
2008-10-27,2010-10-27,504,34.3454,15.9075
2008-10-28,2010-10-28,504,32.4937,15.1059
2008-10-29,2010-10-29,504,33.0781,15.3595
2008-10-30,2010-11-01,504,33.0786,15.3597
2008-10-31,2010-11-02,504,34.9469,16.1667
2008-11-03,2010-11-03,504,33.476,15.5318
2008-11-04,2010-11-04,504,32.4856,15.1024
2008-11-05,2010-11-05,504,34.4954,15.9722
2008-11-06,2010-11-08,504,37.076,17.0795
2008-11-07,2010-11-09,504,35.5476,16.4249
2008-11-10,2010-11-10,504,35.1015,16.2332
2008-11-11,2010-11-11,504,36.2915,16.744
2008-11-12,2010-11-12,504,36.9922,17.0437
2008-11-13,2010-11-15,504,35.7014,16.4909
2008-11-14,2010-11-16,504,34.018,15.7661
2008-11-17,2010-11-17,504,34.5238,15.9844
2008-11-18,2010-11-18,504,35.2224,16.2851
2008-11-19,2010-11-19,504,36.5971,16.8748
2008-11-20,2010-11-22,504,37.035,17.062
2008-11-21,2010-11-23,504,33.5248,15.5529
2008-11-24,2010-11-24,504,30.5525,14.2596
2008-11-25,2010-11-26,504,29.3568,13.7351
2008-11-26,2010-11-29,504,28.8896,13.5296
2008-11-28,2010-11-30,504,28.2811,13.2613
2008-12-01,2010-12-01,504,31.9242,14.8583
2008-12-02,2010-12-02,504,30.5213,14.2459
2008-12-03,2010-12-03,504,30.3358,14.1647
2008-12-04,2010-12-06,504,31.5853,14.7106
2008-12-05,2010-12-07,504,30.6699,14.3109
2008-12-08,2010-12-08,504,27.98,13.1282
2008-12-09,2010-12-09,504,28.3873,13.3081
2008-12-10,2010-12-10,504,26.4408,12.4459
2008-12-11,2010-12-13,504,27.0153,12.7011
2008-12-12,2010-12-14,504,26.7424,12.5799
2008-12-15,2010-12-15,504,25.2026,11.894
2008-12-16,2010-12-16,504,22.7019,10.7709
2008-12-17,2010-12-17,504,22.0252,10.465
2008-12-18,2010-12-20,504,22.585,10.7181
2008-12-19,2010-12-21,504,23.7772,11.2552
2008-12-22,2010-12-22,504,24.0988,11.3996
2008-12-23,2010-12-23,504,24.5268,11.5916
2008-12-24,2010-12-27,504,24.3557,11.5149
2008-12-26,2010-12-28,504,23.1799,10.9865
2008-12-29,2010-12-29,504,23.8958,11.3085
2008-12-30,2010-12-30,504,22.7775,10.805
2008-12-31,2010-12-31,504,23.1046,10.9525
2009-01-02,2011-01-03,504,23.2127,11.0012
2009-01-05,2011-01-04,504,23.9569,11.3359
2009-01-06,2011-01-05,504,23.1048,10.9526
2009-01-07,2011-01-06,504,24.8366,11.7303
2009-01-08,2011-01-07,504,24.3504,11.5125
2009-01-09,2011-01-10,504,25.5693,12.0577
2009-01-12,2011-01-11,504,27.0934,12.7357
2009-01-13,2011-01-12,504,27.1001,12.7387
2009-01-14,2011-01-13,504,28.8721,13.5218
2009-01-15,2011-01-14,504,28.2742,13.2582
2009-01-16,2011-01-18,504,27.8213,13.0581
2009-01-20,2011-01-19,504,29.1775,13.6563
2009-01-21,2011-01-20,504,27.3428,12.8463
2009-01-22,2011-01-21,504,28.1833,13.2181
2009-01-23,2011-01-24,504,26.789,12.6006
2009-01-26,2011-01-25,504,26.245,12.3588
2009-01-27,2011-01-26,504,25.3501,11.9599
2009-01-28,2011-01-27,504,25.0252,11.8147
2009-01-29,2011-01-28,504,26.2359,12.3547
2009-01-30,2011-01-31,504,26.1631,12.3224
2009-02-02,2011-02-01,504,27.1007,12.7389
2009-02-03,2011-02-02,504,27.4141,12.8778
2009-02-04,2011-02-03,504,27.6668,12.9898
2009-02-05,2011-02-04,504,26.2007,12.3391
2009-02-06,2011-02-07,504,25.5782,12.0617
2009-02-09,2011-02-08,504,26.5781,12.5069
2009-02-10,2011-02-09,504,27.3249,12.8383
2009-02-11,2011-02-10,504,25.1014,11.8488
2009-02-12,2011-02-11,504,25.6364,12.0877
2009-02-13,2011-02-14,504,27.17,12.7697
2009-02-17,2011-02-15,504,26.9339,12.6649
2009-02-18,2011-02-16,504,26.976,12.6836
2009-02-19,2011-02-17,504,28.24,13.2431
2009-02-20,2011-02-18,504,27.4814,12.9077
2009-02-23,2011-02-22,504,28.7133,13.4519
2009-02-24,2011-02-23,504,28.6147,13.4084
2009-02-25,2011-02-24,504,29.6124,13.8475
2009-02-26,2011-02-25,504,31.7078,14.764
2009-02-27,2011-02-28,504,32.9864,15.3197
2009-03-02,2011-03-01,504,34.5838,16.0103
2009-03-03,2011-03-02,504,35.8042,16.535
2009-03-04,2011-03-03,504,34.8558,16.1274
2009-03-05,2011-03-04,504,35.3538,16.3416
2009-03-06,2011-03-07,504,34.6053,16.0195
2009-03-09,2011-03-08,504,35.9902,16.6148
2009-03-10,2011-03-09,504,35.3468,16.3386
2009-03-11,2011-03-10,504,33.694,15.6261
2009-03-12,2011-03-11,504,32.0351,14.9065
2009-03-13,2011-03-14,504,31.5117,14.6785
2009-03-16,2011-03-15,504,31.7214,14.7699
2009-03-17,2011-03-16,504,30.9602,14.4378
2009-03-18,2011-03-17,504,31.2101,14.547
2009-03-19,2011-03-18,504,28.6845,13.4392
2009-03-20,2011-03-21,504,30.1948,14.1029
2009-03-23,2011-03-22,504,28.5153,13.3646
2009-03-24,2011-03-23,504,30.5715,14.2679
2009-03-25,2011-03-24,504,30.0126,14.0231
2009-03-26,2011-03-25,504,28.4463,13.3341
2009-03-27,2011-03-28,504,29.5705,13.829
2009-03-30,2011-03-29,504,30.6629,14.3079
2009-03-31,2011-03-30,504,30.3427,14.1677
2009-04-01,2011-03-31,504,29.983,14.0101
2009-04-02,2011-04-01,504,29.9739,14.0061
2009-04-03,2011-04-04,504,30.7506,14.3462
2009-04-06,2011-04-05,504,32.6044,15.154
2009-04-07,2011-04-06,504,32.7548,15.2193
2009-04-08,2011-04-07,504,31.8421,14.8225
2009-04-09,2011-04-08,504,30.8224,14.3776
2009-04-13,2011-04-11,504,29.7305,13.8993
2009-04-14,2011-04-12,504,30.3099,14.1534
2009-04-15,2011-04-13,504,30.0259,14.0289
2009-04-16,2011-04-14,504,30.5908,14.2763
2009-04-17,2011-04-15,504,32.1022,14.9357
2009-04-20,2011-04-18,504,32.4284,15.0775
2009-04-21,2011-04-19,504,32.4332,15.0796
2009-04-22,2011-04-20,504,32.781,15.2306
2009-04-23,2011-04-21,504,32.0265,14.9028
2009-04-24,2011-04-25,504,31.4817,14.6655
2009-04-27,2011-04-26,504,32.5224,15.1184
2009-04-28,2011-04-27,504,33.9141,15.7213
2009-04-29,2011-04-28,504,33.6741,15.6175
2009-04-30,2011-04-29,504,34.9896,16.185
2009-05-01,2011-05-02,504,35.113,16.2381
2009-05-04,2011-05-03,504,32.7779,15.2293
2009-05-05,2011-05-04,504,32.2006,14.9785
2009-05-06,2011-05-05,504,30.5335,14.2513
2009-05-07,2011-05-06,504,31.7313,14.7742
2009-05-08,2011-05-09,504,31.1839,14.5355
2009-05-11,2011-05-10,504,32.0105,14.8958
2009-05-12,2011-05-11,504,30.9733,14.4436
2009-05-13,2011-05-12,504,31.7162,14.7677
2009-05-14,2011-05-13,504,30.8418,14.3861
2009-05-15,2011-05-16,504,31.0575,14.4804
2009-05-18,2011-05-17,504,30.8194,14.3763
2009-05-19,2011-05-18,504,31.0311,14.4688
2009-05-20,2011-05-19,504,30.4803,14.228
2009-05-21,2011-05-20,504,31.391,14.6259
2009-05-22,2011-05-23,504,31.364,14.6141
2009-05-26,2011-05-24,504,31.2877,14.5808
2009-05-27,2011-05-25,504,32.5514,15.131
2009-05-28,2011-05-26,504,31.5481,14.6944
2009-05-29,2011-05-27,504,30.0785,14.052
2009-06-01,2011-05-31,504,30.3992,14.1925
2009-06-02,2011-06-01,504,29.8345,13.9449
2009-06-03,2011-06-02,504,29.893,13.9706
2009-06-04,2011-06-03,504,29.5154,13.8048
2009-06-05,2011-06-06,504,30.0939,14.0587
2009-06-08,2011-06-07,504,30.6402,14.2979
2009-06-09,2011-06-08,504,30.4337,14.2076
2009-06-10,2011-06-09,504,31.2173,14.5501
2009-06-11,2011-06-10,504,29.8754,13.9629
2009-06-12,2011-06-13,504,29.9669,14.003
2009-06-15,2011-06-14,504,31.235,14.5579
2009-06-16,2011-06-15,504,31.1007,14.4992
2009-06-17,2011-06-16,504,31.4501,14.6517
2009-06-18,2011-06-17,504,31.776,14.7937
2009-06-19,2011-06-20,504,31.4823,14.6658
2009-06-22,2011-06-21,504,33.4002,15.499
2009-06-23,2011-06-22,504,32.8111,15.2437
2009-06-24,2011-06-23,504,31.8304,14.8174
2009-06-25,2011-06-24,504,29.3667,13.7395
2009-06-26,2011-06-27,504,29.0387,13.5952
2009-06-29,2011-06-28,504,28.9159,13.5411
2009-06-30,2011-06-29,504,30.1086,14.0652
2009-07-01,2011-06-30,504,29.5309,13.8116
2009-07-02,2011-07-01,504,30.9707,14.4424
2009-07-06,2011-07-05,504,31.9178,14.8555
2009-07-07,2011-07-06,504,32.8855,15.276
2009-07-08,2011-07-07,504,33.5698,15.5724
2009-07-09,2011-07-08,504,33.9321,15.729
2009-07-10,2011-07-11,504,34.0586,15.7837
2009-07-13,2011-07-12,504,33.0809,15.3607
2009-07-14,2011-07-13,504,34.0577,15.7833
2009-07-15,2011-07-14,504,32.3803,15.0567
2009-07-16,2011-07-15,504,32.1712,14.9657
2009-07-17,2011-07-18,504,32.2424,14.9967
2009-07-20,2011-07-19,504,32.3719,15.053
2009-07-21,2011-07-20,504,31.2526,14.5655
2009-07-22,2011-07-21,504,31.2338,14.5573
2009-07-23,2011-07-22,504,31.4678,14.6594
2009-07-24,2011-07-25,504,30.9894,14.4506
2009-07-27,2011-07-26,504,31.3868,14.6241
2009-07-28,2011-07-27,504,31.1197,14.5075
2009-07-29,2011-07-28,504,31.6031,14.7184
2009-07-30,2011-07-29,504,31.211,14.5474
2009-07-31,2011-08-01,504,29.8545,13.9537
2009-08-03,2011-08-02,504,30.3246,14.1598
2009-08-04,2011-08-03,504,30.7086,14.3279
2009-08-05,2011-08-04,504,30.9651,14.44
2009-08-06,2011-08-05,504,30.0093,14.0216
2009-08-07,2011-08-08,504,30.424,14.2033
2009-08-10,2011-08-09,504,32.7286,15.2079
2009-08-11,2011-08-10,504,33.521,15.5513
2009-08-12,2011-08-11,504,31.9216,14.8571
2009-08-13,2011-08-12,504,31.7416,14.7787
2009-08-14,2011-08-15,504,32.8547,15.2626
2009-08-17,2011-08-16,504,34.7467,16.0804
2009-08-18,2011-08-17,504,35.2413,16.2933
2009-08-19,2011-08-18,504,34.5673,16.0032
2009-08-20,2011-08-19,504,34.6033,16.0186
2009-08-21,2011-08-22,504,34.7686,16.0899
2009-08-24,2011-08-23,504,34.487,15.9685
2009-08-25,2011-08-24,504,31.2318,14.5564
2009-08-26,2011-08-25,504,31.1682,14.5287
2009-08-27,2011-08-26,504,32.6398,15.1693
2009-08-28,2011-08-29,504,32.269,15.0083
2009-08-31,2011-08-30,504,34.217,15.8521
2009-09-01,2011-08-31,504,34.6024,16.0183
2009-09-02,2011-09-01,504,33.7392,15.6457
2009-09-03,2011-09-02,504,34.2927,15.8847
2009-09-04,2011-09-06,504,34.4428,15.9495
2009-09-08,2011-09-07,504,33.1045,15.3709
2009-09-09,2011-09-08,504,33.8468,15.6922
2009-09-10,2011-09-09,504,32.6266,15.1636
2009-09-11,2011-09-12,504,31.3816,14.6218
2009-09-14,2011-09-13,504,31.7345,14.7756
2009-09-15,2011-09-14,504,32.1805,14.9698
2009-09-16,2011-09-15,504,30.0515,14.0401
2009-09-17,2011-09-16,504,31.1616,14.5258
2009-09-18,2011-09-19,504,31.1042,14.5007
2009-09-21,2011-09-20,504,32.1107,14.9394
2009-09-22,2011-09-21,504,31.7887,14.7993
2009-09-23,2011-09-22,504,31.2669,14.5718
2009-09-24,2011-09-23,504,29.3897,13.7496
2009-09-25,2011-09-26,504,28.5711,13.3892
2009-09-28,2011-09-27,504,28.5631,13.3857
2009-09-29,2011-09-28,504,27.3501,12.8495
2009-09-30,2011-09-29,504,27.379,12.8623
2009-10-01,2011-09-30,504,28.6014,13.4026
2009-10-02,2011-10-03,504,29.877,13.9636
2009-10-05,2011-10-04,504,28.0551,13.1615
2009-10-06,2011-10-05,504,27.7971,13.0474
2009-10-07,2011-10-06,504,27.2112,12.7879
2009-10-08,2011-10-07,504,25.977,12.2395
2009-10-09,2011-10-10,504,27.8022,13.0496
2009-10-12,2011-10-11,504,26.9884,12.6891
2009-10-13,2011-10-12,504,26.8628,12.6334
2009-10-14,2011-10-13,504,26.7049,12.5633
2009-10-15,2011-10-14,504,27.4349,12.8871
2009-10-16,2011-10-17,504,27.3893,12.8669
2009-10-19,2011-10-18,504,26.467,12.4576
2009-10-20,2011-10-19,504,26.0267,12.2616
2009-10-21,2011-10-20,504,25.4545,12.0065
2009-10-22,2011-10-21,504,26.0594,12.2762
2009-10-23,2011-10-24,504,27.5218,12.9256
2009-10-26,2011-10-25,504,30.1131,14.0671
2009-10-27,2011-10-26,504,30.232,14.1192
2009-10-28,2011-10-27,504,31.2096,14.5467
2009-10-29,2011-10-28,504,30.5235,14.2469
2009-10-30,2011-10-31,504,31.5536,14.6968
2009-11-02,2011-11-01,504,31.1141,14.505
2009-11-03,2011-11-02,504,30.6114,14.2853
2009-11-04,2011-11-03,504,31.5188,14.6816
2009-11-05,2011-11-04,504,30.4554,14.2171
2009-11-06,2011-11-07,504,31.258,14.5679
2009-11-09,2011-11-08,504,30.3117,14.1541
2009-11-10,2011-11-09,504,29.8646,13.9581
2009-11-11,2011-11-10,504,28.2218,13.2351
2009-11-12,2011-11-11,504,29.7861,13.9237
2009-11-13,2011-11-14,504,29.2388,13.6833
2009-11-16,2011-11-15,504,27.8623,13.0762
2009-11-17,2011-11-16,504,27.3758,12.8609
2009-11-18,2011-11-17,504,26.2479,12.3601
2009-11-19,2011-11-18,504,26.7083,12.5648
2009-11-20,2011-11-21,504,25.4479,12.0035
2009-11-23,2011-11-22,504,25.289,11.9326
2009-11-24,2011-11-23,504,24.7406,11.6873
2009-11-25,2011-11-25,504,23.0461,10.9261
2009-11-27,2011-11-28,504,25.0974,11.8469
2009-11-30,2011-11-29,504,24.5219,11.5894
2009-12-01,2011-11-30,504,25.1542,11.8723
2009-12-02,2011-12-01,504,24.3329,11.5047
2009-12-03,2011-12-02,504,25.4999,12.0267
2009-12-04,2011-12-05,504,26.8699,12.6366
2009-12-07,2011-12-06,504,26.6989,12.5606
2009-12-08,2011-12-07,504,28.0666,13.1665
2009-12-09,2011-12-08,504,27.9949,13.1349
2009-12-10,2011-12-09,504,27.7469,13.0252
2009-12-11,2011-12-12,504,26.8198,12.6143
2009-12-14,2011-12-13,504,26.4456,12.448
2009-12-15,2011-12-14,504,25.6437,12.0909
2009-12-16,2011-12-15,504,25.0001,11.8034
2009-12-17,2011-12-16,504,26.7422,12.5799
2009-12-18,2011-12-19,504,26.6881,12.5558
2009-12-21,2011-12-20,504,27.6562,12.985
2009-12-22,2011-12-21,504,27.4701,12.9026
2009-12-23,2011-12-22,504,27.4779,12.9061
2009-12-24,2011-12-23,504,27.0335,12.7091
2009-12-28,2011-12-27,504,26.9428,12.6689
2009-12-29,2011-12-28,504,26.8023,12.6065
2009-12-30,2011-12-29,504,26.6745,12.5498
2009-12-31,2011-12-30,504,27.559,12.942
2010-01-04,2012-01-03,504,26.9132,12.6558
2010-01-05,2012-01-04,504,26.294,12.3806
2010-01-06,2012-01-05,504,26.3131,12.3891
2010-01-07,2012-01-06,504,26.3316,12.3973
2010-01-08,2012-01-09,504,25.9471,12.2261
2010-01-11,2012-01-10,504,26.3741,12.4163
2010-01-12,2012-01-11,504,27.3957,12.8697
2010-01-13,2012-01-12,504,27.4441,12.8911
2010-01-14,2012-01-13,504,26.5765,12.5062
2010-01-15,2012-01-17,504,27.8653,13.0776
2010-01-19,2012-01-18,504,27.3045,12.8293
2010-01-20,2012-01-19,504,27.8087,13.0525
2010-01-21,2012-01-20,504,28.4603,13.3403
2010-01-22,2012-01-23,504,29.8083,13.9335
2010-01-25,2012-01-24,504,29.3433,13.7292
2010-01-26,2012-01-25,504,30.3026,14.1502
2010-01-27,2012-01-26,504,31.357,14.6111
2010-01-28,2012-01-27,504,31.9663,14.8766
2010-01-29,2012-01-30,504,32.3432,15.0405
2010-02-01,2012-01-31,504,31.9105,14.8523
2010-02-02,2012-02-01,504,31.0588,14.4809
2010-02-03,2012-02-02,504,32.0114,14.8962
2010-02-04,2012-02-03,504,33.715,15.6352
2010-02-05,2012-02-06,504,33.9141,15.7213
2010-02-08,2012-02-07,504,33.8375,15.6882
2010-02-09,2012-02-08,504,33.0697,15.3558
2010-02-10,2012-02-09,504,33.4756,15.5316
2010-02-11,2012-02-10,504,32.5386,15.1254
2010-02-12,2012-02-13,504,32.9297,15.2952
2010-02-16,2012-02-14,504,31.2663,14.5715
2010-02-17,2012-02-15,504,31.4482,14.6509
2010-02-18,2012-02-16,504,31.5285,14.6859
2010-02-19,2012-02-17,504,31.1995,14.5424
2010-02-22,2012-02-21,504,31.9672,14.877
2010-02-23,2012-02-22,504,32.7571,15.2203
2010-02-24,2012-02-23,504,32.9944,15.3232
2010-02-25,2012-02-24,504,32.5769,15.142
2010-02-26,2012-02-27,504,32.321,15.0309
2010-03-01,2012-02-28,504,32.2797,15.0129
2010-03-02,2012-02-29,504,29.7798,13.9209
2010-03-03,2012-03-01,504,29.7916,13.9261
2010-03-04,2012-03-02,504,29.7599,13.9122
2010-03-05,2012-03-05,504,29.1472,13.6429
2010-03-08,2012-03-06,504,28.9063,13.5369
2010-03-09,2012-03-07,504,29.1712,13.6535
2010-03-10,2012-03-08,504,29.8642,13.958
2010-03-11,2012-03-09,504,30.0343,14.0326
2010-03-12,2012-03-12,504,29.8349,13.9451
2010-03-15,2012-03-13,504,29.7152,13.8926
2010-03-16,2012-03-14,504,26.8693,12.6363
2010-03-17,2012-03-15,504,27.0673,12.7241
2010-03-18,2012-03-16,504,27.0983,12.7379
2010-03-19,2012-03-19,504,27.8732,13.081
2010-03-22,2012-03-20,504,27.5618,12.9433
2010-03-23,2012-03-21,504,27.6719,12.992
2010-03-24,2012-03-22,504,28.6071,13.4051
2010-03-25,2012-03-23,504,29.5096,13.8023
2010-03-26,2012-03-26,504,29.7952,13.9277
2010-03-29,2012-03-27,504,29.6374,13.8584
2010-03-30,2012-03-28,504,28.9907,13.5741
2010-03-31,2012-03-29,504,28.6551,13.4262
2010-04-01,2012-03-30,504,28.065,13.1658
2010-04-05,2012-04-02,504,28.6873,13.4404
2010-04-06,2012-04-03,504,27.7198,13.0132
2010-04-07,2012-04-04,504,25.9071,12.2083
2010-04-08,2012-04-05,504,26.3059,12.3859
2010-04-09,2012-04-09,504,26.3377,12.4
2010-04-12,2012-04-10,504,26.1993,12.3385
2010-04-13,2012-04-11,504,26.2099,12.3432
2010-04-14,2012-04-12,504,26.6221,12.5265
2010-04-15,2012-04-13,504,26.2211,12.3482
2010-04-16,2012-04-16,504,26.9501,12.6721
2010-04-19,2012-04-17,504,27.448,12.8929
2010-04-20,2012-04-18,504,26.7137,12.5672
2010-04-21,2012-04-19,504,26.0634,12.278
2010-04-22,2012-04-20,504,26.3376,12.4
2010-04-23,2012-04-23,504,25.6502,12.0938
2010-04-26,2012-04-24,504,25.8513,12.1834
2010-04-27,2012-04-25,504,26.1839,12.3316
2010-04-28,2012-04-26,504,26.7104,12.5657
2010-04-29,2012-04-27,504,26.4512,12.4505
2010-04-30,2012-04-30,504,26.1512,12.3171
2010-05-03,2012-05-01,504,25.7045,12.118
2010-05-04,2012-05-02,504,26.3158,12.3903
2010-05-05,2012-05-03,504,25.5422,12.0456
2010-05-06,2012-05-04,504,24.9847,11.7965
2010-05-07,2012-05-07,504,25.4051,11.9844
2010-05-10,2012-05-08,504,24.2441,11.4648
2010-05-11,2012-05-09,504,23.5109,11.1355
2010-05-12,2012-05-10,504,22.7217,10.7798
2010-05-13,2012-05-11,504,23.2071,10.9987
2010-05-14,2012-05-14,504,22.9962,10.9036
2010-05-17,2012-05-15,504,22.9316,10.8745
2010-05-18,2012-05-16,504,22.8826,10.8524
2010-05-19,2012-05-17,504,24.3564,11.5152
2010-05-20,2012-05-18,504,25.3421,11.9563
2010-05-21,2012-05-21,504,25.5198,12.0356
2010-05-24,2012-05-22,504,24.9738,11.7917
2010-05-25,2012-05-23,504,24.456,11.5598
2010-05-26,2012-05-24,504,24.4032,11.5362
2010-05-27,2012-05-25,504,24.2482,11.4667
2010-05-28,2012-05-29,504,24.4037,11.5364
2010-06-01,2012-05-30,504,25.1038,11.8498
2010-06-02,2012-05-31,504,24.9066,11.7616
2010-06-03,2012-06-01,504,26.4251,12.4389
2010-06-04,2012-06-04,504,26.2287,12.3515
2010-06-07,2012-06-05,504,25.658,12.0973
2010-06-08,2012-06-06,504,25.6732,12.1041
2010-06-09,2012-06-07,504,25.494,12.0241
2010-06-10,2012-06-08,504,25.5196,12.0355
2010-06-11,2012-06-11,504,24.6294,11.6376
2010-06-14,2012-06-12,504,25.3783,11.9724
2010-06-15,2012-06-13,504,24.6549,11.649
2010-06-16,2012-06-14,504,24.9164,11.766
2010-06-17,2012-06-15,504,24.8228,11.7241
2010-06-18,2012-06-18,504,24.7715,11.7012
2010-06-21,2012-06-19,504,25.2623,11.9206
2010-06-22,2012-06-20,504,25.435,11.9978
2010-06-23,2012-06-21,504,24.0166,11.3628
2010-06-24,2012-06-22,504,24.2882,11.4846
2010-06-25,2012-06-25,504,24.1806,11.4363
2010-06-28,2012-06-26,504,24.2047,11.4472
2010-06-29,2012-06-27,504,25.3257,11.949
2010-06-30,2012-06-28,504,24.9039,11.7604
2010-07-01,2012-06-29,504,27.4149,12.8782
2010-07-02,2012-07-02,504,28.0802,13.1725
2010-07-06,2012-07-03,504,28.4284,13.3262
2010-07-07,2012-07-05,504,27.2905,12.8231
2010-07-08,2012-07-06,504,26.6456,12.5369
2010-07-09,2012-07-09,504,26.6011,12.5172
2010-07-12,2012-07-10,504,26.5246,12.4832
2010-07-13,2012-07-11,504,25.7938,12.1578
2010-07-14,2012-07-12,504,25.5773,12.0613
2010-07-15,2012-07-13,504,26.1609,12.3214
2010-07-16,2012-07-16,504,27.6924,13.0011
2010-07-19,2012-07-17,504,27.7715,13.0361
2010-07-20,2012-07-18,504,26.9359,12.6658
2010-07-21,2012-07-19,504,27.1039,12.7404
2010-07-22,2012-07-20,504,26.6565,12.5418
2010-07-23,2012-07-23,504,26.6957,12.5592
2010-07-26,2012-07-24,504,26.4544,12.4519
2010-07-27,2012-07-25,504,28.193,13.2223
2010-07-28,2012-07-26,504,28.6143,13.4083
2010-07-29,2012-07-27,504,28.5559,13.3825
2010-07-30,2012-07-30,504,27.9869,13.1313
2010-08-02,2012-07-31,504,27.344,12.8468
2010-08-03,2012-08-01,504,26.8996,12.6497
2010-08-04,2012-08-02,504,26.3025,12.3844
2010-08-05,2012-08-03,504,26.5403,12.4901
2010-08-06,2012-08-06,504,26.397,12.4264
2010-08-09,2012-08-07,504,26.0795,12.2851
2010-08-10,2012-08-08,504,26.2676,12.3688
2010-08-11,2012-08-09,504,26.9064,12.6527
2010-08-12,2012-08-10,504,26.9587,12.6759
2010-08-13,2012-08-13,504,26.4735,12.4604
2010-08-16,2012-08-14,504,24.9047,11.7608
2010-08-17,2012-08-15,504,24.253,11.4688
2010-08-18,2012-08-16,504,24.2419,11.4639
2010-08-19,2012-08-17,504,24.5312,11.5936
2010-08-20,2012-08-20,504,25.0026,11.8046
2010-08-23,2012-08-21,504,25.5373,12.0434
2010-08-24,2012-08-22,504,25.9904,12.2455
2010-08-25,2012-08-23,504,26.205,12.341
2010-08-26,2012-08-24,504,26.5403,12.4901
2010-08-27,2012-08-27,504,26.9031,12.6513
2010-08-30,2012-08-28,504,26.8378,12.6223
2010-08-31,2012-08-29,504,26.0023,12.2508
2010-09-01,2012-08-30,504,25.3549,11.962
2010-09-02,2012-08-31,504,26.3724,12.4155
2010-09-03,2012-09-04,504,26.3951,12.4256
2010-09-07,2012-09-05,504,25.8115,12.1657
2010-09-08,2012-09-06,504,26.1942,12.3362
2010-09-09,2012-09-07,504,27.3848,12.8649
2010-09-10,2012-09-10,504,27.1702,12.7698
2010-09-13,2012-09-11,504,26.5839,12.5095
2010-09-14,2012-09-12,504,25.3592,11.9639
2010-09-15,2012-09-13,504,26.8617,12.6329
2010-09-16,2012-09-14,504,26.3438,12.4027
2010-09-17,2012-09-17,504,26.321,12.3926
2010-09-20,2012-09-18,504,25.6731,12.104
2010-09-21,2012-09-19,504,25.7935,12.1577
2010-09-22,2012-09-20,504,25.2896,11.9328
2010-09-23,2012-09-21,504,25.5687,12.0574
2010-09-24,2012-09-24,504,25.1036,11.8497
2010-09-27,2012-09-25,504,24.7852,11.7073
2010-09-28,2012-09-26,504,24.0938,11.3974
2010-09-29,2012-09-27,504,24.8245,11.7249
2010-09-30,2012-09-28,504,24.7184,11.6774
2010-10-01,2012-10-01,504,24.868,11.7443
2010-10-04,2012-10-02,504,24.9375,11.7754
2010-10-05,2012-10-03,504,24.0551,11.38
2010-10-06,2012-10-04,504,23.6902,11.2161
2010-10-07,2012-10-05,504,23.6054,11.178
2010-10-08,2012-10-08,504,23.3264,11.0524
2010-10-11,2012-10-09,504,22.5409,10.6982
2010-10-12,2012-10-10,504,22.88,10.8512
2010-10-13,2012-10-11,504,22.4608,10.662
2010-10-14,2012-10-12,504,22.6356,10.7409
2010-10-15,2012-10-15,504,22.848,10.8368
2010-10-18,2012-10-16,504,22.4458,10.6552
2010-10-19,2012-10-17,504,23.6136,11.1816
2010-10-20,2012-10-18,504,22.6014,10.7255
2010-10-21,2012-10-19,504,22.8046,10.8172
2010-10-22,2012-10-22,504,22.4066,10.6375
2010-10-25,2012-10-23,504,21.5886,10.2672
2010-10-26,2012-10-24,504,21.4966,10.2255
2010-10-27,2012-10-25,504,22.3476,10.6109
2010-10-28,2012-10-26,504,22.1649,10.5282
2010-10-29,2012-10-31,504,21.8758,10.3974
2010-11-01,2012-11-01,504,22.1685,10.5298
2010-11-02,2012-11-02,504,20.3776,9.7167
2010-11-03,2012-11-05,504,21.6631,10.301
2010-11-04,2012-11-06,504,20.3365,9.698
2010-11-05,2012-11-07,504,20.1851,9.629
2010-11-08,2012-11-08,504,20.2804,9.6724
2010-11-09,2012-11-09,504,21.2036,10.0925
2010-11-10,2012-11-12,504,21.3006,10.1366
2010-11-11,2012-11-13,504,21.2469,10.1122
2010-11-12,2012-11-14,504,22.3042,10.5912
2010-11-15,2012-11-15,504,22.5068,10.6828
2010-11-16,2012-11-16,504,23.1184,10.9587
2010-11-17,2012-11-19,504,24.1066,11.4032
2010-11-18,2012-11-20,504,22.6374,10.7418
2010-11-19,2012-11-21,504,22.5299,10.6932
2010-11-22,2012-11-23,504,23.1339,10.9657
2010-11-23,2012-11-26,504,23.0613,10.933
2010-11-24,2012-11-27,504,23.0399,10.9234
2010-11-26,2012-11-28,504,22.8625,10.8434
2010-11-29,2012-11-29,504,22.903,10.8616
2010-11-30,2012-11-30,504,22.1612,10.5265
2010-12-01,2012-12-03,504,22.1043,10.5008
2010-12-02,2012-12-04,504,21.4301,10.1953
2010-12-03,2012-12-05,504,21.231,10.1049
2010-12-06,2012-12-06,504,20.9641,9.9837
2010-12-07,2012-12-07,504,21.617,10.2801
2010-12-08,2012-12-10,504,22.6477,10.7464
2010-12-09,2012-12-11,504,22.0589,10.4803
2010-12-10,2012-12-12,504,22.042,10.4726
2010-12-13,2012-12-13,504,21.0967,10.044
2010-12-14,2012-12-14,504,21.4791,10.2176
2010-12-15,2012-12-17,504,22.3773,10.6243
2010-12-16,2012-12-18,504,21.8829,10.4006
2010-12-17,2012-12-19,504,20.9222,9.9646
2010-12-20,2012-12-20,504,20.5368,9.7893
2010-12-21,2012-12-21,504,20.3506,9.7044
2010-12-22,2012-12-24,504,20.3521,9.7051
2010-12-23,2012-12-26,504,20.5826,9.8101
2010-12-27,2012-12-27,504,20.3605,9.7089
2010-12-28,2012-12-28,504,20.136,9.6066
2010-12-29,2012-12-31,504,19.7898,9.4485
2010-12-30,2013-01-02,504,20.6708,9.8503
2010-12-31,2013-01-03,504,19.1916,9.1749
2011-01-03,2013-01-04,504,18.8529,9.0197
2011-01-04,2013-01-07,504,19.7766,9.4425
2011-01-05,2013-01-08,504,20.9355,9.9707
2011-01-06,2013-01-09,504,20.805,9.9113
2011-01-07,2013-01-10,504,21.2843,10.1291
2011-01-10,2013-01-11,504,20.9742,9.9883
2011-01-11,2013-01-14,504,20.886,9.9482
2011-01-12,2013-01-15,504,21.3156,10.1433
2011-01-13,2013-01-16,504,21.078,10.0355
2011-01-14,2013-01-17,504,21.7161,10.325
2011-01-18,2013-01-18,504,21.9398,10.4264
2011-01-19,2013-01-22,504,22.2134,10.5502
2011-01-20,2013-01-23,504,23.1901,10.991
2011-01-21,2013-01-24,504,22.5586,10.7062
2011-01-24,2013-01-25,504,21.8126,10.3688
2011-01-25,2013-01-28,504,21.5216,10.2369
2011-01-26,2013-01-29,504,22.079,10.4894
2011-01-27,2013-01-30,504,22.3962,10.6328
2011-01-28,2013-01-31,504,21.871,10.3952
2011-01-31,2013-02-01,504,22.1849,10.5373
2011-02-01,2013-02-04,504,21.9064,10.4112
2011-02-02,2013-02-05,504,22.169,10.5301
2011-02-03,2013-02-06,504,22.2694,10.5755
2011-02-04,2013-02-07,504,22.4171,10.6423
2011-02-07,2013-02-08,504,22.2933,10.5863
2011-02-08,2013-02-11,504,21.7817,10.3547
2011-02-09,2013-02-12,504,21.4879,10.2215
2011-02-10,2013-02-13,504,21.6673,10.3029
2011-02-11,2013-02-14,504,21.1664,10.0756
2011-02-14,2013-02-15,504,20.3829,9.7192
2011-02-15,2013-02-19,504,20.0914,9.5862
2011-02-16,2013-02-20,504,19.25,9.2017
2011-02-17,2013-02-21,504,18.8851,9.0344
2011-02-18,2013-02-22,504,19.0633,9.1161
2011-02-22,2013-02-25,504,19.0581,9.1137
2011-02-23,2013-02-26,504,19.3441,9.2447
2011-02-24,2013-02-27,504,19.0515,9.1107
2011-02-25,2013-02-28,504,18.4236,8.8226
2011-02-28,2013-03-01,504,18.3516,8.7895
2011-03-01,2013-03-04,504,18.1997,8.7197
2011-03-02,2013-03-05,504,18.8212,9.0051
2011-03-03,2013-03-06,504,18.9439,9.0614
2011-03-04,2013-03-07,504,18.4185,8.8203
2011-03-07,2013-03-08,504,18.6121,8.9092
2011-03-08,2013-03-11,504,18.9,9.0413
2011-03-09,2013-03-12,504,18.9133,9.0474
2011-03-10,2013-03-13,504,19.1542,9.1578
2011-03-11,2013-03-14,504,19.0912,9.1289
2011-03-14,2013-03-15,504,19.3202,9.2338
2011-03-15,2013-03-18,504,20.0544,9.5693
2011-03-16,2013-03-19,504,20.3682,9.7124
2011-03-17,2013-03-20,504,19.9076,9.5023
2011-03-18,2013-03-21,504,19.5716,9.3488
2011-03-21,2013-03-22,504,19.2714,9.2115
2011-03-22,2013-03-25,504,19.0579,9.1136
2011-03-23,2013-03-26,504,18.9427,9.0608
2011-03-24,2013-03-27,504,19.4429,9.29
2011-03-25,2013-03-28,504,19.4083,9.2741
2011-03-28,2013-04-01,504,19.7403,9.4259
2011-03-29,2013-04-02,504,19.5078,9.3196
2011-03-30,2013-04-03,504,18.4258,8.8236
2011-03-31,2013-04-04,504,18.6985,8.9488
2011-04-01,2013-04-05,504,19.5133,9.3221
2011-04-04,2013-04-08,504,19.2887,9.2194
2011-04-05,2013-04-09,504,19.3123,9.2302
2011-04-06,2013-04-10,504,19.1471,9.1545
2011-04-07,2013-04-11,504,19.5219,9.3261
2011-04-08,2013-04-12,504,18.7658,8.9797
2011-04-11,2013-04-15,504,15.9814,7.6947
2011-04-12,2013-04-16,504,16.7508,8.0513
2011-04-13,2013-04-17,504,16.1502,7.773
2011-04-14,2013-04-18,504,15.881,7.648
2011-04-15,2013-04-19,504,15.3203,7.3873
2011-04-18,2013-04-22,504,16.0124,7.709
2011-04-19,2013-04-23,504,15.6765,7.553
2011-04-20,2013-04-24,504,15.8158,7.6178
2011-04-21,2013-04-25,504,16.2783,7.8324
2011-04-25,2013-04-26,504,16.1639,7.7794
2011-04-26,2013-04-29,504,16.0592,7.7308
2011-04-27,2013-04-30,504,16.1723,7.7832
2011-04-28,2013-05-01,504,15.1262,7.2969
2011-04-29,2013-05-02,504,15.1261,7.2968
2011-05-02,2013-05-03,504,14.6681,7.0832
2011-05-03,2013-05-06,504,14.9108,7.1965
2011-05-04,2013-05-07,504,15.1228,7.2953
2011-05-05,2013-05-08,504,16.3088,7.8466
2011-05-06,2013-05-09,504,15.8872,7.6509
2011-05-09,2013-05-10,504,14.8563,7.171
2011-05-10,2013-05-13,504,14.3802,6.9487
2011-05-11,2013-05-14,504,14.6014,7.052
2011-05-12,2013-05-15,504,14.4709,6.9911
2011-05-13,2013-05-16,504,14.5984,7.0507
2011-05-16,2013-05-17,504,14.2164,6.8721
2011-05-17,2013-05-20,504,14.3611,6.9397
2011-05-18,2013-05-21,504,14.444,6.9785
2011-05-19,2013-05-22,504,13.5919,6.5795
2011-05-20,2013-05-23,504,13.9198,6.7332
2011-05-23,2013-05-24,504,13.8802,6.7146
2011-05-24,2013-05-28,504,12.9834,6.2937
2011-05-25,2013-05-29,504,13.2884,6.437
2011-05-26,2013-05-30,504,13.3686,6.4747
2011-05-27,2013-05-31,504,12.147,5.8995
2011-05-31,2013-06-03,504,12.476,6.0547
2011-06-01,2013-06-04,504,11.8281,5.7488
2011-06-02,2013-06-05,504,12.6412,6.1326
2011-06-03,2013-06-06,504,13.0841,6.341
2011-06-06,2013-06-07,504,12.8816,6.2458
2011-06-07,2013-06-10,504,12.7244,6.1717
2011-06-08,2013-06-11,504,12.5093,6.0704
2011-06-09,2013-06-12,504,11.9687,5.8153
2011-06-10,2013-06-13,504,12.9974,6.3002
2011-06-13,2013-06-14,504,13.2913,6.4384
2011-06-14,2013-06-17,504,13.3183,6.4511
2011-06-15,2013-06-18,504,13.1516,6.3727
2011-06-16,2013-06-19,504,12.2661,5.9557
2011-06-17,2013-06-20,504,9.4191,4.6036
2011-06-20,2013-06-21,504,8.9152,4.3625
2011-06-21,2013-06-24,504,8.1135,3.9776
2011-06-22,2013-06-25,504,8.1668,4.0032
2011-06-23,2013-06-26,504,8.2711,4.0534
2011-06-24,2013-06-27,504,9.2119,4.5045
2011-06-27,2013-06-28,504,9.7559,4.7644
2011-06-28,2013-07-01,504,10.4016,5.0722
2011-06-29,2013-07-02,504,9.9825,4.8726
2011-06-30,2013-07-03,504,10.0116,4.8864
2011-07-01,2013-07-05,504,8.8017,4.3081
2011-07-05,2013-07-08,504,9.0312,4.418
2011-07-06,2013-07-09,504,8.9943,4.4003
2011-07-07,2013-07-10,504,8.6378,4.2294
2011-07-08,2013-07-11,504,9.4681,4.627
2011-07-11,2013-07-12,504,9.3543,4.5726
2011-07-12,2013-07-15,504,9.4193,4.6037
2011-07-13,2013-07-16,504,8.9467,4.3775
2011-07-14,2013-07-17,504,9.4384,4.6128
2011-07-15,2013-07-18,504,9.1843,4.4913
2011-07-18,2013-07-19,504,10.1175,4.9369
2011-07-19,2013-07-22,504,9.8917,4.8292
2011-07-20,2013-07-23,504,10.1644,4.9592
2011-07-21,2013-07-24,504,9.522,4.6528
2011-07-22,2013-07-25,504,9.2487,4.5221
2011-07-25,2013-07-26,504,9.638,4.7082
2011-07-26,2013-07-29,504,9.2461,4.5209
2011-07-27,2013-07-30,504,9.7158,4.7453
2011-07-28,2013-07-31,504,9.6001,4.6901
2011-07-29,2013-08-01,504,8.796,4.3053
2011-08-01,2013-08-02,504,9.0619,4.4327
2011-08-02,2013-08-05,504,8.0935,3.968
2011-08-03,2013-08-06,504,7.132,3.5046
2011-08-04,2013-08-07,504,7.6442,3.7517
2011-08-05,2013-08-08,504,9.2562,4.5257
2011-08-08,2013-08-09,504,9.3705,4.5803
2011-08-09,2013-08-12,504,7.668,3.7632
2011-08-10,2013-08-13,504,7.0785,3.4787
2011-08-11,2013-08-14,504,7.7851,3.8196
2011-08-12,2013-08-15,504,6.8377,3.3623
2011-08-15,2013-08-16,504,6.3054,3.1045
2011-08-16,2013-08-19,504,5.2517,2.5923
2011-08-17,2013-08-20,504,5.0255,2.482
2011-08-18,2013-08-21,504,4.9079,2.4246
2011-08-19,2013-08-22,504,5.2797,2.6059
2011-08-22,2013-08-23,504,5.656,2.7891
2011-08-23,2013-08-26,504,5.376,2.6528
2011-08-24,2013-08-27,504,7.4239,3.6455
2011-08-25,2013-08-28,504,7.3438,3.6068
2011-08-26,2013-08-29,504,6.3393,3.1209
2011-08-29,2013-08-30,504,5.6353,2.779
2011-08-30,2013-09-03,504,4.6576,2.3023
2011-08-31,2013-09-04,504,4.7912,2.3676
2011-09-01,2013-09-05,504,3.9809,1.971
2011-09-02,2013-09-06,504,3.5704,1.7696
2011-09-06,2013-09-09,504,3.867,1.9152
2011-09-07,2013-09-10,504,3.976,1.9686
2011-09-08,2013-09-11,504,3.8371,1.9005
2011-09-09,2013-09-12,504,3.6268,1.7973
2011-09-12,2013-09-13,504,3.7966,1.8806
2011-09-13,2013-09-16,504,3.879,1.921
2011-09-14,2013-09-17,504,3.5121,1.7409
2011-09-15,2013-09-18,504,4.6902,2.3183
2011-09-16,2013-09-19,504,4.6822,2.3143
2011-09-19,2013-09-20,504,4.2108,2.0837
2011-09-20,2013-09-23,504,3.6892,1.8279
2011-09-21,2013-09-24,504,3.6899,1.8282
2011-09-22,2013-09-25,504,4.851,2.3968
2011-09-23,2013-09-26,504,6.3807,3.141
2011-09-26,2013-09-27,504,7.0237,3.4522
2011-09-27,2013-09-30,504,5.7791,2.849
2011-09-28,2013-10-01,504,6.4319,3.1659
2011-09-29,2013-10-02,504,6.6198,3.2569
2011-09-30,2013-10-03,504,6.2519,3.0786
2011-10-03,2013-10-04,504,5.9567,2.9353
2011-10-04,2013-10-07,504,6.3249,3.114
2011-10-05,2013-10-08,504,5.1889,2.5617
2011-10-06,2013-10-09,504,4.5064,2.2284
2011-10-07,2013-10-10,504,5.7579,2.8387
2011-10-10,2013-10-11,504,4.3837,2.1684
2011-10-11,2013-10-14,504,4.6718,2.3092
2011-10-12,2013-10-15,504,4.1699,2.0636
2011-10-13,2013-10-16,504,5.0881,2.5125
2011-10-14,2013-10-17,504,5.8904,2.9031
2011-10-17,2013-10-18,504,6.1949,3.0509
2011-10-18,2013-10-21,504,6.1108,3.0101
2011-10-19,2013-10-22,504,7.455,3.6605
2011-10-20,2013-10-23,504,7.8712,3.8611
2011-10-21,2013-10-24,504,7.55,3.7063
2011-10-24,2013-10-25,504,7.1701,3.523
2011-10-25,2013-10-28,504,6.2571,3.0811
2011-10-26,2013-10-29,504,6.2226,3.0644
2011-10-27,2013-10-30,504,5.6957,2.8084
2011-10-28,2013-10-31,504,4.9242,2.4325
2011-10-31,2013-11-01,504,4.4906,2.2206
2011-11-01,2013-11-04,504,4.7423,2.3437
2011-11-02,2013-11-05,504,3.8956,1.9292
2011-11-03,2013-11-06,504,3.5855,1.777
2011-11-04,2013-11-07,504,3.4797,1.725
2011-11-07,2013-11-08,504,2.1514,1.07
2011-11-08,2013-11-11,504,1.9455,0.9681
2011-11-09,2013-11-12,504,2.3723,1.1792
2011-11-10,2013-11-13,504,3.2713,1.6225
2011-11-11,2013-11-14,504,3.1276,1.5517
2011-11-14,2013-11-15,504,3.2871,1.6302
2011-11-15,2013-11-18,504,2.9254,1.4522
2011-11-16,2013-11-19,504,3.0104,1.494
2011-11-17,2013-11-20,504,3.2361,1.6051
2011-11-18,2013-11-21,504,3.2635,1.6186
2011-11-21,2013-11-22,504,4.699,2.3225
2011-11-22,2013-11-25,504,4.1601,2.0588
2011-11-23,2013-11-26,504,4.7438,2.3444
2011-11-25,2013-11-27,504,5.3302,2.6305
2011-11-28,2013-11-29,504,4.3384,2.1462
2011-11-29,2013-12-02,504,3.7154,1.8407
2011-11-30,2013-12-03,504,2.4932,1.2389
2011-12-01,2013-12-04,504,2.9705,1.4744
2011-12-02,2013-12-05,504,2.0097,0.9999
2011-12-05,2013-12-06,504,2.4513,1.2182
2011-12-06,2013-12-09,504,2.9056,1.4424
2011-12-07,2013-12-10,504,3.0578,1.5174
2011-12-08,2013-12-11,504,3.1279,1.5519
2011-12-09,2013-12-12,504,2.4634,1.2242
2011-12-12,2013-12-13,504,3.5472,1.7581
2011-12-13,2013-12-16,504,3.8781,1.9206
2011-12-14,2013-12-17,504,4.6835,2.3149
2011-12-15,2013-12-18,504,5.3644,2.6472
2011-12-16,2013-12-19,504,3.9393,1.9506
2011-12-19,2013-12-20,504,4.6588,2.3029
2011-12-20,2013-12-23,504,4.0891,2.0241
2011-12-21,2013-12-24,504,4.4725,2.2118
2011-12-22,2013-12-26,504,4.4006,2.1766
2011-12-23,2013-12-27,504,4.4803,2.2156
2011-12-27,2013-12-30,504,4.4791,2.215
2011-12-28,2013-12-31,504,4.829,2.386
2011-12-29,2014-01-02,504,5.0409,2.4895
2011-12-30,2014-01-03,504,4.7185,2.332
2012-01-03,2014-01-06,504,4.1645,2.061
2012-01-04,2014-01-07,504,4.4175,2.1849
2012-01-05,2014-01-08,504,4.1048,2.0318
2012-01-06,2014-01-09,504,4.2673,2.1113
2012-01-09,2014-01-10,504,5.1224,2.5292
2012-01-10,2014-01-13,504,4.434,2.1929
2012-01-11,2014-01-14,504,4.0084,1.9845
2012-01-12,2014-01-15,504,3.8111,1.8877
2012-01-13,2014-01-16,504,4.1492,2.0535
2012-01-17,2014-01-17,504,3.8048,1.8846
2012-01-18,2014-01-21,504,3.621,1.7944
2012-01-19,2014-01-22,504,3.7956,1.8801
2012-01-20,2014-01-23,504,4.5565,2.2529
2012-01-23,2014-01-24,504,4.1701,2.0638
2012-01-24,2014-01-27,504,4.0275,1.9939
2012-01-25,2014-01-28,504,3.2832,1.6283
2012-01-26,2014-01-29,504,2.9288,1.4538
2012-01-27,2014-01-30,504,2.6073,1.2953
2012-01-30,2014-01-31,504,2.3684,1.1773
2012-01-31,2014-02-03,504,2.1799,1.0841
2012-02-01,2014-02-04,504,1.8059,0.8989
2012-02-02,2014-02-05,504,1.4776,0.7361
2012-02-03,2014-02-06,504,2.0851,1.0372
2012-02-06,2014-02-07,504,2.5181,1.2512
2012-02-07,2014-02-10,504,2.8039,1.3923
2012-02-08,2014-02-11,504,3.3867,1.6792
2012-02-09,2014-02-12,504,3.3812,1.6766
2012-02-10,2014-02-13,504,3.8591,1.9113
2012-02-13,2014-02-14,504,4.1541,2.0559
2012-02-14,2014-02-18,504,4.3497,2.1517
2012-02-15,2014-02-19,504,4.0284,1.9943
2012-02-16,2014-02-20,504,3.9421,1.952
2012-02-17,2014-02-21,504,4.1479,2.0529
2012-02-21,2014-02-24,504,4.3479,2.1508
2012-02-22,2014-02-25,504,4.2292,2.0927
2012-02-23,2014-02-26,504,3.7503,1.8579
2012-02-24,2014-02-27,504,4.0041,1.9824
2012-02-27,2014-02-28,504,3.6346,1.8011
2012-02-28,2014-03-03,504,4.0108,1.9857
2012-02-29,2014-03-04,504,5.1133,2.5248
2012-03-01,2014-03-05,504,5.1371,2.5364
2012-03-02,2014-03-06,504,5.1788,2.5567
2012-03-05,2014-03-07,504,5.1521,2.5437
2012-03-06,2014-03-10,504,5.8374,2.8773
2012-03-07,2014-03-11,504,5.6582,2.7902
2012-03-08,2014-03-12,504,6.113,3.0112
2012-03-09,2014-03-13,504,5.8663,2.8914
2012-03-12,2014-03-14,504,6.11,3.0097
2012-03-13,2014-03-17,504,6.0835,2.9968
2012-03-14,2014-03-18,504,7.6096,3.735
2012-03-15,2014-03-19,504,6.4063,3.1534
2012-03-16,2014-03-20,504,6.2626,3.0838
2012-03-19,2014-03-21,504,6.6402,3.2668
2012-03-20,2014-03-24,504,6.4783,3.1883
2012-03-21,2014-03-25,504,6.1841,3.0457
2012-03-22,2014-03-26,504,6.2778,3.0911
2012-03-23,2014-03-27,504,5.5401,2.7327
2012-03-26,2014-03-28,504,4.9034,2.4224
2012-03-27,2014-03-31,504,4.7184,2.332
2012-03-28,2014-04-01,504,5.1668,2.5509
2012-03-29,2014-04-02,504,5.2449,2.5889
2012-03-30,2014-04-03,504,5.3058,2.6186
2012-04-02,2014-04-04,504,5.0657,2.5016
2012-04-03,2014-04-07,504,5.535,2.7302
2012-04-04,2014-04-08,504,6.741,3.3155
2012-04-05,2014-04-09,504,6.3729,3.1372
2012-04-09,2014-04-10,504,5.8475,2.8822
2012-04-10,2014-04-11,504,5.7142,2.8174
2012-04-11,2014-04-14,504,6.14,3.0243
2012-04-12,2014-04-15,504,5.3466,2.6385
2012-04-13,2014-04-16,504,5.9482,2.9312
2012-04-16,2014-04-17,504,5.6955,2.8083
2012-04-17,2014-04-21,504,5.2297,2.5815
2012-04-18,2014-04-22,504,5.4933,2.7099
2012-04-19,2014-04-23,504,5.7788,2.8488
2012-04-20,2014-04-24,504,5.9447,2.9294
2012-04-23,2014-04-25,504,6.189,3.0481
2012-04-24,2014-04-28,504,6.0078,2.9601
2012-04-25,2014-04-29,504,5.8192,2.8685
2012-04-26,2014-04-30,504,5.3774,2.6535
2012-04-27,2014-05-01,504,5.2601,2.5964
2012-04-30,2014-05-02,504,5.9009,2.9082
2012-05-01,2014-05-05,504,5.9224,2.9186
2012-05-02,2014-05-06,504,5.7965,2.8574
2012-05-03,2014-05-07,504,5.9696,2.9415
2012-05-04,2014-05-08,504,5.8718,2.894
2012-05-07,2014-05-09,504,5.9065,2.9109
2012-05-08,2014-05-12,504,6.7622,3.3258
2012-05-09,2014-05-13,504,7.3386,3.6043
2012-05-10,2014-05-14,504,7.7263,3.7913
2012-05-11,2014-05-15,504,7.5339,3.6986
2012-05-14,2014-05-16,504,7.908,3.8788
2012-05-15,2014-05-19,504,7.932,3.8903
2012-05-16,2014-05-20,504,8.2555,4.0459
2012-05-17,2014-05-21,504,7.4788,3.672
2012-05-18,2014-05-22,504,7.5646,3.7134
2012-05-21,2014-05-23,504,7.4022,3.635
2012-05-22,2014-05-27,504,7.6632,3.7609
2012-05-23,2014-05-28,504,8.1413,3.991
2012-05-24,2014-05-29,504,7.9589,3.9033
2012-05-25,2014-05-30,504,7.5407,3.7019
2012-05-29,2014-06-02,504,7.4228,3.645
2012-05-30,2014-06-03,504,6.5994,3.247
2012-05-31,2014-06-04,504,6.4401,3.1698
2012-06-01,2014-06-05,504,6.0038,2.9582
2012-06-04,2014-06-06,504,6.4355,3.1676
2012-06-05,2014-06-09,504,6.5531,3.2246
2012-06-06,2014-06-10,504,6.1003,3.005
2012-06-07,2014-06-11,504,6.8113,3.3496
2012-06-08,2014-06-12,504,6.8497,3.3681
2012-06-11,2014-06-13,504,7.0849,3.4818
2012-06-12,2014-06-16,504,6.8027,3.3454
2012-06-13,2014-06-17,504,6.4351,3.1674
2012-06-14,2014-06-18,504,6.5875,3.2412
2012-06-15,2014-06-19,504,6.5303,3.2135
2012-06-18,2014-06-20,504,6.6836,3.2878
2012-06-19,2014-06-23,504,6.7329,3.3116
2012-06-20,2014-06-24,504,6.948,3.4157
2012-06-21,2014-06-25,504,8.5685,4.1962
2012-06-22,2014-06-26,504,8.6507,4.2357
2012-06-25,2014-06-27,504,8.449,4.1388
2012-06-26,2014-06-30,504,8.7627,4.2893
2012-06-27,2014-07-01,504,8.4358,4.1325
2012-06-28,2014-07-02,504,8.7406,4.2788
2012-06-29,2014-07-03,504,7.246,3.5597
2012-07-02,2014-07-07,504,7.0432,3.4617
2012-07-03,2014-07-08,504,6.7605,3.325
2012-07-05,2014-07-09,504,7.2821,3.5771
2012-07-06,2014-07-10,504,8.0389,3.9418
2012-07-09,2014-07-11,504,7.8775,3.8641
2012-07-10,2014-07-14,504,7.614,3.7372
2012-07-11,2014-07-15,504,7.3517,3.6107
2012-07-12,2014-07-16,504,7.8322,3.8423
2012-07-13,2014-07-17,504,7.3314,3.6009
2012-07-16,2014-07-18,504,7.3266,3.5985
2012-07-17,2014-07-21,504,7.5133,3.6886
2012-07-18,2014-07-22,504,7.68,3.769
2012-07-19,2014-07-23,504,7.4687,3.6671
2012-07-20,2014-07-24,504,6.938,3.4108
2012-07-23,2014-07-25,504,7.6091,3.7348
2012-07-24,2014-07-28,504,7.6759,3.767
2012-07-25,2014-07-29,504,6.9465,3.415
2012-07-26,2014-07-30,504,6.1144,3.0118
2012-07-27,2014-07-31,504,5.0975,2.5171
2012-07-30,2014-08-01,504,5.2875,2.6097
2012-07-31,2014-08-04,504,5.5113,2.7187
2012-08-01,2014-08-05,504,5.5899,2.757
2012-08-02,2014-08-06,504,6.4216,3.1609
2012-08-03,2014-08-07,504,6.1706,3.0391
2012-08-06,2014-08-08,504,6.1809,3.0441
2012-08-07,2014-08-11,504,6.4805,3.1894
2012-08-08,2014-08-12,504,6.3117,3.1076
2012-08-09,2014-08-13,504,6.6856,3.2887
2012-08-10,2014-08-14,504,6.8233,3.3554
2012-08-13,2014-08-15,504,7.1933,3.5342
2012-08-14,2014-08-18,504,7.5167,3.6903
2012-08-15,2014-08-19,504,7.7628,3.8089
2012-08-16,2014-08-20,504,7.563,3.7126
2012-08-17,2014-08-21,504,7.2284,3.5512
2012-08-20,2014-08-22,504,7.3198,3.5953
2012-08-21,2014-08-25,504,7.185,3.5302
2012-08-22,2014-08-26,504,6.8649,3.3755
2012-08-23,2014-08-27,504,6.6749,3.2836
2012-08-24,2014-08-28,504,6.7573,3.3234
2012-08-27,2014-08-29,504,6.6356,3.2645
2012-08-28,2014-09-02,504,5.7367,2.8283
2012-08-29,2014-09-03,504,6.1701,3.0389
2012-08-30,2014-09-04,504,5.8872,2.9015
2012-08-31,2014-09-05,504,5.0035,2.4712
2012-09-04,2014-09-08,504,4.6066,2.2774
2012-09-05,2014-09-09,504,4.4623,2.2068
2012-09-06,2014-09-10,504,4.0021,1.9814
2012-09-07,2014-09-11,504,3.311,1.642
2012-09-10,2014-09-12,504,2.9449,1.4617
2012-09-11,2014-09-15,504,3.0675,1.5222
2012-09-12,2014-09-16,504,3.458,1.7143
2012-09-13,2014-09-17,504,2.5276,1.2559
2012-09-14,2014-09-18,504,3.1609,1.5682
2012-09-17,2014-09-19,504,3.093,1.5347
2012-09-18,2014-09-22,504,2.8343,1.4073
2012-09-19,2014-09-23,504,2.7284,1.355
2012-09-20,2014-09-24,504,2.7006,1.3413
2012-09-21,2014-09-25,504,2.5109,1.2477
2012-09-24,2014-09-26,504,2.6101,1.2966
2012-09-25,2014-09-29,504,2.8401,1.4101
2012-09-26,2014-09-30,504,2.5406,1.2623
2012-09-27,2014-10-01,504,2.3572,1.1717
2012-09-28,2014-10-02,504,2.2987,1.1428
2012-10-01,2014-10-03,504,1.9883,0.9893
2012-10-02,2014-10-06,504,2.363,1.1746
2012-10-03,2014-10-07,504,2.2727,1.13
2012-10-04,2014-10-08,504,2.5093,1.2469
2012-10-05,2014-10-09,504,2.7619,1.3715
2012-10-08,2014-10-10,504,2.6323,1.3076
2012-10-09,2014-10-13,504,3.0049,1.4913
2012-10-10,2014-10-14,504,3.3032,1.6382
2012-10-11,2014-10-15,504,3.2761,1.6248
2012-10-12,2014-10-16,504,3.1908,1.5829
2012-10-15,2014-10-17,504,3.4622,1.7164
2012-10-16,2014-10-20,504,3.8661,1.9147
2012-10-17,2014-10-21,504,4.2976,2.1262
2012-10-18,2014-10-22,504,4.3618,2.1576
2012-10-19,2014-10-23,504,4.5006,2.2255
2012-10-22,2014-10-24,504,4.888,2.4148
2012-10-23,2014-10-27,504,5.1435,2.5395
2012-10-24,2014-10-28,504,5.7367,2.8284
2012-10-25,2014-10-29,504,5.5461,2.7356
2012-10-26,2014-10-30,504,4.8837,2.4128
2012-10-31,2014-10-31,504,4.3378,2.1459
2012-11-01,2014-11-03,504,4.2631,2.1093
2012-11-02,2014-11-04,504,5.1222,2.5291
2012-11-05,2014-11-05,504,4.4797,2.2153
2012-11-06,2014-11-06,504,3.886,1.9245
2012-11-07,2014-11-07,504,4.9607,2.4504
2012-11-08,2014-11-10,504,4.3738,2.1635
2012-11-09,2014-11-11,504,4.3273,2.1407
2012-11-12,2014-11-12,504,4.1698,2.0636
2012-11-13,2014-11-13,504,4.4092,2.1808
2012-11-14,2014-11-14,504,5.3145,2.6228
2012-11-15,2014-11-17,504,5.5571,2.741
2012-11-16,2014-11-18,504,5.9234,2.9191
2012-11-19,2014-11-19,504,4.925,2.4329
2012-11-20,2014-11-20,504,5.4673,2.6973
2012-11-21,2014-11-21,504,5.8061,2.8621
2012-11-23,2014-11-24,504,5.187,2.5607
2012-11-26,2014-11-25,504,5.3938,2.6615
2012-11-27,2014-11-26,504,5.7002,2.8106
2012-11-28,2014-11-28,504,5.6389,2.7808
2012-11-29,2014-12-01,504,5.8261,2.8718
2012-11-30,2014-12-02,504,5.6591,2.7906
2012-12-03,2014-12-03,504,6.0445,2.9779
2012-12-04,2014-12-04,504,6.5288,3.2128
2012-12-05,2014-12-05,504,6.0498,2.9805
2012-12-06,2014-12-08,504,6.0268,2.9693
2012-12-07,2014-12-09,504,6.933,3.4084
2012-12-10,2014-12-10,504,6.445,3.1722
2012-12-11,2014-12-11,504,6.7149,3.3029
2012-12-12,2014-12-12,504,6.7755,3.3322
2012-12-13,2014-12-15,504,6.7221,3.3064
2012-12-14,2014-12-16,504,6.5313,3.214
2012-12-17,2014-12-17,504,6.8492,3.3679
2012-12-18,2014-12-18,504,7.3589,3.6141
2012-12-19,2014-12-19,504,8.0915,3.967
2012-12-20,2014-12-22,504,8.1198,3.9807
2012-12-21,2014-12-23,504,7.2552,3.5641
2012-12-24,2014-12-24,504,7.4494,3.6578
2012-12-26,2014-12-26,504,8.1088,3.9754
2012-12-27,2014-12-29,504,7.9943,3.9203
2012-12-28,2014-12-30,504,8.596,4.2094
2012-12-31,2014-12-31,504,7.6996,3.7784
2013-01-02,2015-01-02,504,7.5373,3.7002
2013-01-03,2015-01-05,504,8.2887,4.0619
2013-01-04,2015-01-06,504,9.1694,4.4841
2013-01-07,2015-01-07,504,9.3731,4.5816
2013-01-08,2015-01-08,504,9.3805,4.5851
2013-01-09,2015-01-09,504,9.4342,4.6108
2013-01-10,2015-01-12,504,9.2644,4.5296
2013-01-11,2015-01-13,504,9.2266,4.5115
2013-01-14,2015-01-14,504,9.2709,4.5327
2013-01-15,2015-01-15,504,9.8044,4.7876
2013-01-16,2015-01-16,504,10.0217,4.8912
2013-01-17,2015-01-20,504,10.7711,5.2479
2013-01-18,2015-01-21,504,10.2988,5.0232
2013-01-22,2015-01-22,504,10.4834,5.1111
2013-01-23,2015-01-23,504,10.5991,5.1661
2013-01-24,2015-01-26,504,10.5869,5.1603
2013-01-25,2015-01-27,504,10.86,5.2901
2013-01-28,2015-01-28,504,11.0336,5.3725
2013-01-29,2015-01-29,504,10.256,5.0028
2013-01-30,2015-01-30,504,10.8727,5.2961
2013-01-31,2015-02-02,504,11.2659,5.4827
2013-02-01,2015-02-03,504,10.5495,5.1425
2013-02-04,2015-02-04,504,10.5914,5.1625
2013-02-05,2015-02-05,504,10.4235,5.0826
2013-02-06,2015-02-06,504,8.9223,4.3658
2013-02-07,2015-02-09,504,9.1121,4.4567
2013-02-08,2015-02-10,504,8.746,4.2814
2013-02-11,2015-02-11,504,8.7861,4.3006
2013-02-12,2015-02-12,504,8.993,4.3997
2013-02-13,2015-02-13,504,9.2021,4.4998
2013-02-14,2015-02-17,504,8.3043,4.0694
2013-02-15,2015-02-18,504,8.7092,4.2637
2013-02-19,2015-02-19,504,8.6151,4.2186
2013-02-20,2015-02-20,504,9.5092,4.6467
2013-02-21,2015-02-23,504,9.769,4.7707
2013-02-22,2015-02-24,504,9.8825,4.8248
2013-02-25,2015-02-25,504,10.0418,4.9008
2013-02-26,2015-02-26,504,9.3575,4.5741
2013-02-27,2015-02-27,504,9.4631,4.6246
2013-02-28,2015-03-02,504,9.2454,4.5205
2013-03-01,2015-03-03,504,8.8042,4.3092
2013-03-04,2015-03-04,504,8.589,4.206
2013-03-05,2015-03-05,504,8.1989,4.0187
2013-03-06,2015-03-06,504,6.6875,3.2896
2013-03-07,2015-03-09,504,7.2143,3.5443
2013-03-08,2015-03-10,504,7.032,3.4563
2013-03-11,2015-03-11,504,6.8161,3.3519
2013-03-12,2015-03-12,504,6.8929,3.389
2013-03-13,2015-03-13,504,6.67,3.2812
2013-03-14,2015-03-16,504,7.1729,3.5243
2013-03-15,2015-03-17,504,7.101,3.4896
2013-03-18,2015-03-18,504,7.8567,3.8541
2013-03-19,2015-03-19,504,7.7985,3.8261
2013-03-20,2015-03-20,504,8.6494,4.235
2013-03-21,2015-03-23,504,8.5914,4.2072
2013-03-22,2015-03-24,504,8.61,4.2161
2013-03-25,2015-03-25,504,8.2544,4.0454
2013-03-26,2015-03-26,504,7.757,3.8061
2013-03-27,2015-03-27,504,7.7104,3.7836
2013-03-28,2015-03-30,504,7.7256,3.791
2013-04-01,2015-03-31,504,7.3962,3.6321
2013-04-02,2015-04-01,504,8.4707,4.1493
2013-04-03,2015-04-02,504,8.5582,4.1913
2013-04-04,2015-04-06,504,8.5688,4.1964
2013-04-05,2015-04-07,504,7.8886,3.8694
2013-04-08,2015-04-08,504,7.8259,3.8393
2013-04-09,2015-04-09,504,7.1328,3.505
2013-04-10,2015-04-10,504,7.8819,3.8662
2013-04-11,2015-04-13,504,7.4266,3.6468
2013-04-12,2015-04-14,504,8.1866,4.0128
2013-04-15,2015-04-15,504,11.4522,5.5709
2013-04-16,2015-04-16,504,10.4551,5.0976
2013-04-17,2015-04-17,504,10.9645,5.3397
2013-04-18,2015-04-20,504,10.7573,5.2413
2013-04-19,2015-04-21,504,10.4972,5.1176
2013-04-22,2015-04-22,504,9.2425,4.5191
2013-04-23,2015-04-23,504,9.5517,4.667
2013-04-24,2015-04-24,504,9.0336,4.4191
2013-04-25,2015-04-27,504,8.8757,4.3435
2013-04-26,2015-04-28,504,8.7987,4.3066
2013-04-29,2015-04-29,504,7.9051,3.8774
2013-04-30,2015-04-30,504,6.8904,3.3878
2013-05-01,2015-05-01,504,7.1427,3.5098
2013-05-02,2015-05-04,504,6.6355,3.2644
2013-05-03,2015-05-05,504,6.6891,3.2904
2013-05-06,2015-05-06,504,6.0127,2.9625
2013-05-07,2015-05-07,504,6.5181,3.2076
2013-05-08,2015-05-08,504,6.5306,3.2137
2013-05-09,2015-05-11,504,5.8868,2.9013
2013-05-10,2015-05-12,504,6.7175,3.3042
2013-05-13,2015-05-13,504,7.3097,3.5904
2013-05-14,2015-05-14,504,7.9503,3.8991
2013-05-15,2015-05-15,504,8.6327,4.227
2013-05-16,2015-05-18,504,8.4117,4.121
2013-05-17,2015-05-19,504,8.1025,3.9724
2013-05-20,2015-05-20,504,7.866,3.8586
2013-05-21,2015-05-21,504,8.0555,3.9497
2013-05-22,2015-05-22,504,8.8068,4.3105
2013-05-23,2015-05-26,504,8.0932,3.9679
2013-05-24,2015-05-27,504,8.4625,4.1453
2013-05-28,2015-05-28,504,9.0009,4.4035
2013-05-29,2015-05-29,504,8.6216,4.2217
2013-05-30,2015-06-01,504,7.9709,3.909
2013-05-31,2015-06-02,504,8.5764,4.2
2013-06-03,2015-06-03,504,7.3741,3.6215
2013-06-04,2015-06-04,504,7.8824,3.8664
2013-06-05,2015-06-05,504,7.4359,3.6513
2013-06-06,2015-06-08,504,6.8042,3.3461
2013-06-07,2015-06-09,504,7.3265,3.5985
2013-06-10,2015-06-10,504,7.7242,3.7903
2013-06-11,2015-06-11,504,8.342,4.0875
2013-06-12,2015-06-12,504,8.473,4.1504
2013-06-13,2015-06-15,504,7.9285,3.8887
2013-06-14,2015-06-16,504,8.2505,4.0435
2013-06-17,2015-06-17,504,7.9964,3.9213
2013-06-18,2015-06-18,504,8.7664,4.2911
2013-06-19,2015-06-19,504,9.5053,4.6448
2013-06-20,2015-06-22,504,11.652,5.6655
2013-06-21,2015-06-23,504,11.5875,5.635
2013-06-24,2015-06-24,504,12.0885,5.8718
2013-06-25,2015-06-25,504,11.8551,5.7616
2013-06-26,2015-06-26,504,12.0845,5.87
2013-06-27,2015-06-29,504,12.2261,5.9368
2013-06-28,2015-06-30,504,11.636,5.658
2013-07-01,2015-07-01,504,10.5131,5.1252
2013-07-02,2015-07-02,504,10.7375,5.2319
2013-07-03,2015-07-06,504,11.2,5.4514
2013-07-05,2015-07-07,504,12.6026,6.1144
2013-07-08,2015-07-08,504,11.6858,5.6815
2013-07-09,2015-07-09,504,10.639,5.1851
2013-07-10,2015-07-10,504,10.7197,5.2234
2013-07-11,2015-07-13,504,9.5078,4.646
2013-07-12,2015-07-14,504,9.6545,4.716
2013-07-15,2015-07-15,504,9.4588,4.6226
2013-07-16,2015-07-16,504,9.6726,4.7247
2013-07-17,2015-07-17,504,9.6905,4.7332
2013-07-18,2015-07-20,504,9.0628,4.4332
2013-07-19,2015-07-21,504,8.3708,4.1013
2013-07-22,2015-07-22,504,7.2576,3.5653
2013-07-23,2015-07-23,504,7.6616,3.7601
2013-07-24,2015-07-24,504,7.9585,3.9031
2013-07-25,2015-07-27,504,7.9402,3.8943
2013-07-26,2015-07-28,504,8.0522,3.9482
2013-07-29,2015-07-29,504,8.2601,4.0481
2013-07-30,2015-07-30,504,8.4472,4.138
2013-07-31,2015-07-31,504,8.854,4.3331
2013-08-01,2015-08-03,504,9.0969,4.4495
2013-08-02,2015-08-04,504,8.5182,4.1721
2013-08-05,2015-08-05,504,8.7065,4.2624
2013-08-06,2015-08-06,504,9.3064,4.5497
2013-08-07,2015-08-07,504,9.5143,4.6491
2013-08-08,2015-08-10,504,9.0978,4.4499
2013-08-09,2015-08-11,504,9.3415,4.5665
2013-08-12,2015-08-12,504,9.3797,4.5847
2013-08-13,2015-08-13,504,9.6471,4.7125
2013-08-14,2015-08-14,504,9.6217,4.7004
2013-08-15,2015-08-17,504,10.315,5.031
2013-08-16,2015-08-18,504,10.0068,4.8841
2013-08-19,2015-08-19,504,10.807,5.2649
2013-08-20,2015-08-20,504,10.5907,5.1621
2013-08-21,2015-08-21,504,10.4504,5.0954
2013-08-22,2015-08-24,504,8.6655,4.2427
2013-08-23,2015-08-25,504,6.6836,3.2877
2013-08-26,2015-08-26,504,6.897,3.391
2013-08-27,2015-08-27,504,7.2047,3.5397
2013-08-28,2015-08-28,504,7.699,3.7781
2013-08-29,2015-08-31,504,7.0626,3.4711
2013-08-30,2015-09-01,504,7.0154,3.4482
2013-09-03,2015-09-02,504,7.1147,3.4962
2013-09-04,2015-09-03,504,7.2567,3.5648
2013-09-05,2015-09-04,504,7.6439,3.7516
2013-09-06,2015-09-08,504,7.5434,3.7031
2013-09-09,2015-09-09,504,6.5633,3.2295
2013-09-10,2015-09-10,504,7.0664,3.4729
2013-09-11,2015-09-11,504,6.8976,3.3913
2013-09-12,2015-09-14,504,7.6627,3.7607
2013-09-13,2015-09-15,504,7.625,3.7424
2013-09-16,2015-09-16,504,7.9794,3.9131
2013-09-17,2015-09-17,504,8.0043,3.9251
2013-09-18,2015-09-18,504,7.7956,3.8247
2013-09-19,2015-09-21,504,6.4364,3.168
2013-09-20,2015-09-22,504,7.0186,3.4498
2013-09-23,2015-09-23,504,7.1635,3.5198
2013-09-24,2015-09-24,504,7.7618,3.8084
2013-09-25,2015-09-25,504,6.9906,3.4363
2013-09-26,2015-09-28,504,6.7494,3.3196
2013-09-27,2015-09-29,504,6.5239,3.2104
2013-09-30,2015-09-30,504,7.1005,3.4894
2013-10-01,2015-10-01,504,7.8715,3.8612
2013-10-02,2015-10-02,504,8.2432,4.04
2013-10-03,2015-10-05,504,8.7659,4.2909
2013-10-04,2015-10-06,504,8.9428,4.3757
2013-10-07,2015-10-07,504,8.9897,4.3981
2013-10-08,2015-10-08,504,9.2787,4.5365
2013-10-09,2015-10-09,504,10.1679,4.9609
2013-10-10,2015-10-12,504,10.116,4.9362
2013-10-11,2015-10-13,504,10.4042,5.0734
2013-10-14,2015-10-14,504,10.7624,5.2437
2013-10-15,2015-10-15,504,11.5256,5.6057
2013-10-16,2015-10-16,504,10.6292,5.1804
2013-10-17,2015-10-19,504,9.0703,4.4367
2013-10-18,2015-10-20,504,8.8893,4.35
2013-10-21,2015-10-21,504,8.8125,4.3133
2013-10-22,2015-10-22,504,8.3202,4.077
2013-10-23,2015-10-23,504,8.527,4.1763
2013-10-24,2015-10-26,504,8.4298,4.1296
2013-10-25,2015-10-27,504,8.154,3.9971
2013-10-28,2015-10-28,504,8.6729,4.2463
2013-10-29,2015-10-29,504,7.5052,3.6847
2013-10-30,2015-10-30,504,7.661,3.7598
2013-10-31,2015-11-02,504,8.2843,4.0597
2013-11-01,2015-11-03,504,8.0681,3.9558
2013-11-04,2015-11-04,504,7.6758,3.767
2013-11-05,2015-11-05,504,8.0567,3.9503
2013-11-06,2015-11-06,504,6.9491,3.4162
2013-11-07,2015-11-09,504,6.8592,3.3727
2013-11-08,2015-11-10,504,7.7358,3.7959
2013-11-11,2015-11-11,504,7.6598,3.7592
2013-11-12,2015-11-12,504,7.438,3.6523
2013-11-13,2015-11-13,504,6.9963,3.439
2013-11-14,2015-11-16,504,6.7964,3.3424
2013-11-15,2015-11-17,504,6.2757,3.0901
2013-11-18,2015-11-18,504,7.0415,3.4608
2013-11-19,2015-11-19,504,7.6214,3.7407
2013-11-20,2015-11-20,504,8.5024,4.1645
2013-11-21,2015-11-23,504,8.3647,4.0984
2013-11-22,2015-11-24,504,8.1716,4.0056
2013-11-25,2015-11-25,504,8.1649,4.0024
2013-11-26,2015-11-27,504,7.7219,3.7892
2013-11-27,2015-11-30,504,7.9625,3.905
2013-11-29,2015-12-01,504,8.3211,4.0774
2013-12-02,2015-12-02,504,8.697,4.2579
2013-12-03,2015-12-03,504,7.7207,3.7886
2013-12-04,2015-12-04,504,8.7706,4.2931
2013-12-05,2015-12-07,504,9.1615,4.4804
2013-12-06,2015-12-08,504,8.6101,4.2162
2013-12-09,2015-12-09,504,8.1669,4.0033
2013-12-10,2015-12-10,504,7.482,3.6735
2013-12-11,2015-12-11,504,8.0371,3.9409
2013-12-12,2015-12-14,504,8.4408,4.1349
2013-12-13,2015-12-15,504,8.2022,4.0203
2013-12-16,2015-12-16,504,8.6227,4.2222
2013-12-17,2015-12-17,504,8.1416,3.9912
2013-12-18,2015-12-18,504,7.7111,3.784
2013-12-19,2015-12-21,504,9.2551,4.5252
2013-12-20,2015-12-22,504,8.375,4.1033
2013-12-23,2015-12-23,504,8.5637,4.1939
2013-12-24,2015-12-24,504,8.8288,4.321
2013-12-26,2015-12-28,504,8.4618,4.145
2013-12-27,2015-12-29,504,8.5242,4.1749
2013-12-30,2015-12-30,504,8.005,3.9255
2013-12-31,2015-12-31,504,7.9476,3.8979
2014-01-02,2016-01-04,504,7.6789,3.7684
2014-01-03,2016-01-05,504,7.3988,3.6334
2014-01-06,2016-01-06,504,7.7806,3.8174
2014-01-07,2016-01-07,504,7.4492,3.6577
2014-01-08,2016-01-08,504,7.2123,3.5434
2014-01-09,2016-01-11,504,6.6409,3.2671
2014-01-10,2016-01-12,504,6.2224,3.0643
2014-01-13,2016-01-13,504,5.9745,2.9439
2014-01-14,2016-01-14,504,5.8031,2.8606
2014-01-15,2016-01-15,504,6.0755,2.9929
2014-01-16,2016-01-19,504,5.7628,2.841
2014-01-17,2016-01-20,504,5.8961,2.9059
2014-01-21,2016-01-21,504,5.7407,2.8303
2014-01-22,2016-01-22,504,6.2367,3.0712
2014-01-23,2016-01-25,504,5.5501,2.7376
2014-01-24,2016-01-26,504,6.6337,3.2636
2014-01-27,2016-01-27,504,6.5827,3.2389
2014-01-28,2016-01-28,504,6.7447,3.3173
2014-01-29,2016-01-29,504,7.4722,3.6688
2014-01-30,2016-02-01,504,7.7832,3.8187
2014-01-31,2016-02-02,504,7.8,3.8268
2014-02-03,2016-02-03,504,7.9412,3.8948
2014-02-04,2016-02-04,504,8.755,4.2857
2014-02-05,2016-02-05,504,8.5311,4.1783
2014-02-06,2016-02-08,504,9.4333,4.6104
2014-02-07,2016-02-09,504,8.9555,4.3818
2014-02-10,2016-02-10,504,8.7723,4.294
2014-02-11,2016-02-11,504,9.4456,4.6163
2014-02-12,2016-02-12,504,9.3254,4.5588
2014-02-13,2016-02-16,504,8.3208,4.0773
2014-02-14,2016-02-17,504,8.1664,4.0031
2014-02-18,2016-02-18,504,8.5113,4.1688
2014-02-19,2016-02-19,504,9.0228,4.414
2014-02-20,2016-02-22,504,8.8822,4.3466
2014-02-21,2016-02-23,504,8.7178,4.2678
2014-02-24,2016-02-24,504,8.801,4.3077
2014-02-25,2016-02-25,504,8.8681,4.3399
2014-02-26,2016-02-26,504,8.2277,4.0326
2014-02-27,2016-02-29,504,8.0771,3.9601
2014-02-28,2016-03-01,504,8.2147,4.0263
2014-03-03,2016-03-02,504,8.1862,4.0126
2014-03-04,2016-03-03,504,8.996,4.4012
2014-03-05,2016-03-04,504,9.0724,4.4377
2014-03-06,2016-03-07,504,9.0073,4.4066
2014-03-07,2016-03-08,504,9.4022,4.5955
2014-03-10,2016-03-09,504,9.1621,4.4807
2014-03-11,2016-03-10,504,9.3666,4.5785
2014-03-12,2016-03-11,504,8.6102,4.2162
2014-03-13,2016-03-14,504,8.2259,4.0317
2014-03-14,2016-03-15,504,7.8584,3.8549
2014-03-17,2016-03-16,504,8.1298,3.9855
2014-03-18,2016-03-17,504,9.1044,4.4531
2014-03-19,2016-03-18,504,9.7697,4.771
2014-03-20,2016-03-21,504,9.442,4.6145
2014-03-21,2016-03-22,504,9.1585,4.479
2014-03-24,2016-03-23,504,9.1024,4.4521
2014-03-25,2016-03-24,504,9.0389,4.4217
2014-03-26,2016-03-28,504,9.1566,4.478
2014-03-27,2016-03-29,504,10.093,4.9252
2014-03-28,2016-03-30,504,9.7917,4.7815
2014-03-31,2016-03-31,504,10.1379,4.9466
2014-04-01,2016-04-01,504,10.2639,5.0066
2014-04-02,2016-04-04,504,9.997,4.8795
2014-04-03,2016-04-05,504,10.2542,5.002
2014-04-04,2016-04-06,504,10.0164,4.8887
2014-04-07,2016-04-07,504,10.5464,5.141
2014-04-08,2016-04-08,504,10.1963,4.9744
2014-04-09,2016-04-11,504,10.299,5.0233
2014-04-10,2016-04-12,504,10.4849,5.1118
2014-04-11,2016-04-13,504,10.6375,5.1843
2014-04-14,2016-04-14,504,9.7226,4.7486
2014-04-15,2016-04-15,504,10.2143,4.983
2014-04-16,2016-04-18,504,9.8916,4.8292
2014-04-17,2016-04-19,504,10.8014,5.2622
2014-04-21,2016-04-20,504,10.5437,5.1398
2014-04-22,2016-04-21,504,10.0615,4.9102
2014-04-23,2016-04-22,504,9.3619,4.5762
2014-04-24,2016-04-25,504,9.1979,4.4978
2014-04-25,2016-04-26,504,9.1975,4.4976
2014-04-28,2016-04-27,504,9.7565,4.7647
2014-04-29,2016-04-28,504,9.9282,4.8467
2014-04-30,2016-04-29,504,10.1687,4.9613
2014-05-01,2016-05-02,504,10.1407,4.9479
2014-05-02,2016-05-03,504,9.6341,4.7063
2014-05-05,2016-05-04,504,9.2587,4.5269
2014-05-06,2016-05-05,504,9.5463,4.6643
2014-05-07,2016-05-06,504,10.2932,5.0206
2014-05-08,2016-05-09,504,9.9903,4.8762
2014-05-09,2016-05-10,504,10.354,5.0495
2014-05-12,2016-05-11,504,10.1864,4.9697
2014-05-13,2016-05-12,504,9.6974,4.7365
2014-05-14,2016-05-13,504,9.3578,4.5743
2014-05-15,2016-05-16,504,9.6705,4.7237
2014-05-16,2016-05-17,504,9.5086,4.6463
2014-05-19,2016-05-18,504,9.1794,4.4889
2014-05-20,2016-05-19,504,8.872,4.3418
2014-05-21,2016-05-20,504,9.0981,4.4501
2014-05-22,2016-05-23,504,8.9186,4.3641
2014-05-23,2016-05-24,504,8.4695,4.1487
2014-05-27,2016-05-25,504,8.6018,4.2122
2014-05-28,2016-05-26,504,8.4446,4.1367
2014-05-29,2016-05-27,504,8.4592,4.1437
2014-05-30,2016-05-31,504,8.6949,4.2568
2014-06-02,2016-06-01,504,9.0189,4.4121
2014-06-03,2016-06-02,504,9.6273,4.703
2014-06-04,2016-06-03,504,10.5601,5.1476
2014-06-05,2016-06-06,504,10.2105,4.9812
2014-06-06,2016-06-07,504,10.1973,4.9749
2014-06-09,2016-06-08,504,10.7703,5.2475
2014-06-10,2016-06-09,504,11.1249,5.4158
2014-06-11,2016-06-10,504,11.0907,5.3996
2014-06-12,2016-06-13,504,10.8972,5.3077
2014-06-13,2016-06-14,504,10.7809,5.2525
2014-06-16,2016-06-15,504,10.7208,5.224
2014-06-17,2016-06-16,504,11.4232,5.5572
2014-06-18,2016-06-17,504,10.6096,5.1711
2014-06-19,2016-06-20,504,9.9887,4.8755
2014-06-20,2016-06-21,504,9.1888,4.4934
2014-06-23,2016-06-22,504,9.2033,4.5004
2014-06-24,2016-06-23,504,8.9192,4.3644
2014-06-25,2016-06-24,504,9.674,4.7253
2014-06-26,2016-06-27,504,9.9346,4.8497
2014-06-27,2016-06-28,504,10.2523,5.0011
2014-06-30,2016-06-29,504,10.5559,5.1455
2014-07-01,2016-06-30,504,10.8999,5.309
2014-07-02,2016-07-01,504,11.9899,5.8253
2014-07-03,2016-07-05,504,12.7432,6.1806
2014-07-07,2016-07-06,504,13.0783,6.3383
2014-07-08,2016-07-07,504,12.7967,6.2058
2014-07-09,2016-07-08,504,13.0535,6.3266
2014-07-10,2016-07-11,504,12.6866,6.1539
2014-07-11,2016-07-12,504,11.7419,5.7081
2014-07-14,2016-07-13,504,12.8432,6.2277
2014-07-15,2016-07-14,504,12.6305,6.1275
2014-07-16,2016-07-15,504,11.9126,5.7887
2014-07-17,2016-07-18,504,11.6095,5.6454
2014-07-18,2016-07-19,504,11.7506,5.7121
2014-07-21,2016-07-20,504,11.2732,5.4861
2014-07-22,2016-07-21,504,11.4172,5.5544
2014-07-23,2016-07-22,504,11.4601,5.5747
2014-07-24,2016-07-25,504,11.7619,5.7175
2014-07-25,2016-07-26,504,11.3753,5.5345
2014-07-28,2016-07-27,504,11.8536,5.7609
2014-07-29,2016-07-28,504,12.0808,5.8682
2014-07-30,2016-07-29,504,13.2217,6.4057
2014-07-31,2016-08-01,504,13.8608,6.7056
2014-08-01,2016-08-02,504,13.2546,6.4212
2014-08-04,2016-08-03,504,13.1828,6.3874
2014-08-05,2016-08-04,504,13.7219,6.6405
2014-08-06,2016-08-05,504,12.7128,6.1663
2014-08-07,2016-08-08,504,12.4675,6.0507
2014-08-08,2016-08-09,504,12.6507,6.137
2014-08-11,2016-08-10,504,12.7293,6.174
2014-08-12,2016-08-11,504,12.8146,6.2142
2014-08-13,2016-08-12,504,12.4127,6.0248
2014-08-14,2016-08-15,504,11.926,5.7951
2014-08-15,2016-08-16,504,11.7617,5.7174
2014-08-18,2016-08-17,504,12.0217,5.8403
2014-08-19,2016-08-18,504,12.3107,5.9767
2014-08-20,2016-08-19,504,11.9068,5.786
2014-08-21,2016-08-22,504,12.213,5.9307
2014-08-22,2016-08-23,504,12.1443,5.8982
2014-08-25,2016-08-24,504,11.3634,5.5289
2014-08-26,2016-08-25,504,11.0642,5.387
2014-08-27,2016-08-26,504,10.6584,5.1943
2014-08-28,2016-08-29,504,10.9677,5.3412
2014-08-29,2016-08-30,504,10.5141,5.1257
2014-09-02,2016-08-31,504,11.3758,5.5347
2014-09-03,2016-09-01,504,11.2606,5.4801
2014-09-04,2016-09-02,504,11.8503,5.7593
2014-09-05,2016-09-06,504,12.6288,6.1267
2014-09-08,2016-09-07,504,12.843,6.2276
2014-09-09,2016-09-08,504,12.5889,6.1079
2014-09-10,2016-09-09,504,11.4281,5.5595
2014-09-11,2016-09-12,504,11.8615,5.7646
2014-09-12,2016-09-13,504,11.7291,5.702
2014-09-15,2016-09-14,504,11.7044,5.6903
2014-09-16,2016-09-15,504,11.5884,5.6354
2014-09-17,2016-09-16,504,11.6012,5.6415
2014-09-18,2016-09-19,504,11.6255,5.6529
2014-09-19,2016-09-20,504,11.5855,5.634
2014-09-22,2016-09-21,504,12.558,6.0934
2014-09-23,2016-09-22,504,13.1367,6.3657
2014-09-24,2016-09-23,504,12.8819,6.2459
2014-09-25,2016-09-26,504,12.9076,6.258
2014-09-26,2016-09-27,504,12.9639,6.2845
2014-09-29,2016-09-28,504,12.6698,6.146
2014-09-30,2016-09-29,504,12.9284,6.2678
2014-10-01,2016-09-30,504,12.419,6.0278
2014-10-02,2016-10-03,504,12.4101,6.0236
2014-10-03,2016-10-04,504,11.0709,5.3902
2014-10-06,2016-10-05,504,10.7506,5.2381
2014-10-07,2016-10-06,504,10.1988,4.9756
2014-10-08,2016-10-07,504,9.7503,4.7618
2014-10-09,2016-10-10,504,10.0028,4.8822
2014-10-10,2016-10-11,504,9.7828,4.7773
2014-10-13,2016-10-12,504,9.9267,4.8459
2014-10-14,2016-10-13,504,9.7056,4.7404
2014-10-15,2016-10-14,504,9.0724,4.4377
2014-10-16,2016-10-17,504,9.4391,4.6132
2014-10-17,2016-10-18,504,9.6769,4.7267
2014-10-20,2016-10-19,504,9.4357,4.6115
2014-10-21,2016-10-20,504,8.9188,4.3642
2014-10-22,2016-10-21,504,9.2622,4.5286
2014-10-23,2016-10-24,504,9.4512,4.619
2014-10-24,2016-10-25,504,9.347,4.5691
2014-10-27,2016-10-26,504,8.9937,4.4
2014-10-28,2016-10-27,504,8.5344,4.1799
2014-10-29,2016-10-28,504,8.6235,4.2226
2014-10-30,2016-10-31,504,9.0764,4.4397
2014-10-31,2016-11-01,504,9.5829,4.6819
2014-11-03,2016-11-02,504,10.0022,4.8819
2014-11-04,2016-11-03,504,9.6107,4.6951
2014-11-05,2016-11-04,504,10.2414,4.9959
2014-11-06,2016-11-07,504,10.2429,4.9966
2014-11-07,2016-11-08,504,9.1501,4.4749
2014-11-10,2016-11-09,504,8.7172,4.2675
2014-11-11,2016-11-10,504,8.128,3.9846
2014-11-12,2016-11-11,504,8.0702,3.9568
2014-11-13,2016-11-14,504,6.8363,3.3616
2014-11-14,2016-11-15,504,6.5519,3.224
2014-11-17,2016-11-16,504,6.8249,3.3561
2014-11-18,2016-11-17,504,5.9225,2.9187
2014-11-19,2016-11-18,504,5.9014,2.9084
2014-11-20,2016-11-21,504,6.0665,2.9886
2014-11-21,2016-11-22,504,5.6964,2.8088
2014-11-24,2016-11-23,504,5.1094,2.5229
2014-11-25,2016-11-25,504,4.7913,2.3676
2014-11-26,2016-11-28,504,4.9452,2.4428
2014-11-28,2016-11-29,504,5.359,2.6445
2014-12-01,2016-11-30,504,3.9283,1.9452
2014-12-02,2016-12-01,504,3.9912,1.9761
2014-12-03,2016-12-02,504,3.9471,1.9544
2014-12-04,2016-12-05,504,3.8876,1.9253
2014-12-05,2016-12-06,504,4.327,2.1406
2014-12-08,2016-12-07,504,4.8237,2.3834
2014-12-09,2016-12-08,504,3.6326,1.8001
2014-12-10,2016-12-09,504,3.5099,1.7398
2014-12-11,2016-12-12,504,3.4538,1.7122
2014-12-12,2016-12-13,504,3.7203,1.8431
2014-12-15,2016-12-14,504,3.8401,1.9019
2014-12-16,2016-12-15,504,3.5589,1.7639
2014-12-17,2016-12-16,504,3.3136,1.6433
2014-12-18,2016-12-19,504,3.5977,1.783
2014-12-19,2016-12-20,504,2.905,1.4421
2014-12-22,2016-12-21,504,3.1515,1.5635
2014-12-23,2016-12-22,504,3.5376,1.7534
2014-12-24,2016-12-23,504,3.6468,1.8071
2014-12-26,2016-12-27,504,3.087,1.5318
2014-12-29,2016-12-28,504,3.1395,1.5576
2014-12-30,2016-12-29,504,3.2148,1.5947
2014-12-31,2016-12-30,504,3.5501,1.7596
2015-01-02,2017-01-03,504,3.7853,1.8751
2015-01-05,2017-01-04,504,3.7969,1.8808
2015-01-06,2017-01-05,504,4.0612,2.0104
2015-01-07,2017-01-06,504,3.6152,1.7915
2015-01-08,2017-01-09,504,3.8393,1.9015
2015-01-09,2017-01-10,504,3.6659,1.8165
2015-01-12,2017-01-11,504,3.8536,1.9086
2015-01-13,2017-01-12,504,3.8564,1.91
2015-01-14,2017-01-13,504,3.6886,1.8276
2015-01-15,2017-01-17,504,3.5841,1.7763
2015-01-16,2017-01-18,504,2.9688,1.4736
2015-01-20,2017-01-19,504,1.8087,0.9003
2015-01-21,2017-01-20,504,2.0591,1.0243
2015-01-22,2017-01-23,504,1.9969,0.9935
2015-01-23,2017-01-24,504,1.8589,0.9252
2015-01-26,2017-01-25,504,1.6953,0.8441
2015-01-27,2017-01-26,504,1.7302,0.8614
2015-01-28,2017-01-27,504,1.8916,0.9414
2015-01-29,2017-01-30,504,2.2121,1.1
2015-01-30,2017-01-31,504,2.2436,1.1156
2015-02-02,2017-02-01,504,1.7802,0.8862
2015-02-03,2017-02-02,504,2.4059,1.1958
2015-02-04,2017-02-03,504,2.6186,1.3008
2015-02-05,2017-02-06,504,2.9573,1.4679
2015-02-06,2017-02-07,504,4.3021,2.1284
2015-02-09,2017-02-08,504,4.7823,2.3632
2015-02-10,2017-02-09,504,4.643,2.2951
2015-02-11,2017-02-10,504,4.9015,2.4214
2015-02-12,2017-02-13,504,4.5185,2.2343
2015-02-13,2017-02-14,504,4.4452,2.1984
2015-02-17,2017-02-15,504,5.3369,2.6337
2015-02-18,2017-02-16,504,5.6695,2.7957
2015-02-19,2017-02-17,504,5.857,2.8868
2015-02-20,2017-02-21,504,5.7723,2.8457
2015-02-23,2017-02-22,504,5.471,2.6991
2015-02-24,2017-02-23,504,5.6261,2.7745
2015-02-25,2017-02-24,504,5.929,2.9218
2015-02-26,2017-02-27,504,6.0236,2.9678
2015-02-27,2017-02-28,504,5.7586,2.839
2015-03-02,2017-03-01,504,6.0106,2.9614
2015-03-03,2017-03-02,504,5.6854,2.8034
2015-03-04,2017-03-03,504,5.8078,2.8629
2015-03-05,2017-03-06,504,5.6686,2.7952
2015-03-06,2017-03-07,504,6.9652,3.424
2015-03-09,2017-03-08,504,6.2186,3.0624
2015-03-10,2017-03-09,504,6.1991,3.053
2015-03-11,2017-03-10,504,6.4177,3.1589
2015-03-12,2017-03-13,504,5.9272,2.9209
2015-03-13,2017-03-14,504,6.1893,3.0482
2015-03-16,2017-03-15,504,6.0433,2.9773
2015-03-17,2017-03-16,504,6.4614,3.1801
2015-03-18,2017-03-17,504,5.7664,2.8428
2015-03-19,2017-03-20,504,5.7804,2.8496
2015-03-20,2017-03-21,504,5.2091,2.5715
2015-03-23,2017-03-22,504,5.4451,2.6865
2015-03-24,2017-03-23,504,5.1901,2.5622
2015-03-25,2017-03-24,504,5.8066,2.8623
2015-03-26,2017-03-27,504,6.354,3.1281
2015-03-27,2017-03-28,504,6.0976,3.0037
2015-03-30,2017-03-29,504,6.3251,3.1141
2015-03-31,2017-03-30,504,6.2478,3.0766
2015-04-01,2017-03-31,504,5.58,2.7521
2015-04-02,2017-04-03,504,6.1816,3.0445
2015-04-06,2017-04-04,504,5.7329,2.8265
2015-04-07,2017-04-05,504,5.5384,2.7319
2015-04-08,2017-04-06,504,5.7242,2.8223
2015-04-09,2017-04-07,504,6.0786,2.9944
2015-04-10,2017-04-10,504,5.7305,2.8254
2015-04-13,2017-04-11,504,6.5909,3.2429
2015-04-14,2017-04-12,504,6.6375,3.2654
2015-04-15,2017-04-13,504,6.4574,3.1782
2015-04-16,2017-04-17,504,6.9009,3.3929
2015-04-17,2017-04-18,504,7.1648,3.5204
2015-04-20,2017-04-19,504,6.9009,3.3929
2015-04-21,2017-04-20,504,6.968,3.4253
2015-04-22,2017-04-21,504,7.5908,3.726
2015-04-23,2017-04-24,504,7.1512,3.5138
2015-04-24,2017-04-25,504,6.9645,3.4236
2015-04-27,2017-04-26,504,6.5365,3.2165
2015-04-28,2017-04-27,504,6.6294,3.2615
2015-04-29,2017-04-28,504,7.2008,3.5378
2015-04-30,2017-05-01,504,7.5758,3.7188
2015-05-01,2017-05-02,504,7.9909,3.9187
2015-05-04,2017-05-03,504,7.683,3.7704
2015-05-05,2017-05-04,504,7.3698,3.6194
2015-05-06,2017-05-05,504,8.1087,3.9753
2015-05-07,2017-05-08,504,7.6753,3.7667
2015-05-08,2017-05-09,504,6.7997,3.3439
2015-05-11,2017-05-10,504,7.8006,3.8271
2015-05-12,2017-05-11,504,7.6846,3.7712
2015-05-13,2017-05-12,504,7.6079,3.7342
2015-05-14,2017-05-15,504,7.1974,3.5362
2015-05-15,2017-05-16,504,6.8613,3.3737
2015-05-18,2017-05-17,504,7.5723,3.7171
2015-05-19,2017-05-18,504,8.2577,4.047
2015-05-20,2017-05-19,504,8.464,4.146
2015-05-21,2017-05-22,504,8.3526,4.0925
2015-05-22,2017-05-23,504,8.1472,3.9939
2015-05-26,2017-05-24,504,8.52,4.1729
2015-05-27,2017-05-25,504,8.4277,4.1286
2015-05-28,2017-05-26,504,8.7974,4.306
2015-05-29,2017-05-30,504,8.8756,4.3435
2015-06-01,2017-05-31,504,9.4068,4.5977
2015-06-02,2017-06-01,504,9.799,4.785
2015-06-03,2017-06-02,504,11.034,5.3727
2015-06-04,2017-06-05,504,10.9959,5.3546
2015-06-05,2017-06-06,504,11.9518,5.8073
2015-06-08,2017-06-07,504,11.8708,5.769
2015-06-09,2017-06-08,504,11.6134,5.6472
2015-06-10,2017-06-09,504,11.0705,5.39
2015-06-11,2017-06-12,504,10.4711,5.1052
2015-06-12,2017-06-13,504,10.8329,5.2772
2015-06-15,2017-06-14,504,11.3365,5.5161
2015-06-16,2017-06-15,504,10.489,5.1137
2015-06-17,2017-06-16,504,10.8398,5.2805
2015-06-18,2017-06-19,504,10.115,4.9357
2015-06-19,2017-06-20,504,9.9011,4.8337
2015-06-22,2017-06-21,504,10.7818,5.2529
2015-06-23,2017-06-22,504,11.241,5.4709
2015-06-24,2017-06-23,504,11.5186,5.6024
2015-06-25,2017-06-26,504,11.6215,5.6511
2015-06-26,2017-06-27,504,11.3865,5.5398
2015-06-29,2017-06-28,504,11.3482,5.5217
2015-06-30,2017-06-29,504,11.0503,5.3804
2015-07-01,2017-06-30,504,11.1762,5.4401
2015-07-02,2017-07-03,504,10.6886,5.2086
2015-07-06,2017-07-05,504,10.1805,4.9669
2015-07-07,2017-07-06,504,9.7618,4.7672
2015-07-08,2017-07-07,504,9.4801,4.6327
2015-07-09,2017-07-10,504,10.1963,4.9744
2015-07-10,2017-07-11,504,10.365,5.0547
2015-07-13,2017-07-12,504,10.6865,5.2076
2015-07-14,2017-07-13,504,10.3481,5.0467
2015-07-15,2017-07-14,504,10.6163,5.1743
2015-07-16,2017-07-17,504,10.4863,5.1125
2015-07-17,2017-07-18,504,11.0397,5.3754
2015-07-20,2017-07-19,504,11.9204,5.7925
2015-07-21,2017-07-20,504,12.1368,5.8947
2015-07-22,2017-07-21,504,12.6631,6.1429
2015-07-23,2017-07-24,504,12.2731,5.959
2015-07-24,2017-07-25,504,12.4134,6.0252
2015-07-27,2017-07-26,504,12.152,5.9018
2015-07-28,2017-07-27,504,12.068,5.8622
2015-07-29,2017-07-28,504,12.368,6.0038
2015-07-30,2017-07-31,504,12.2385,5.9427
2015-07-31,2017-08-01,504,12.3383,5.9898
2015-08-03,2017-08-02,504,12.2985,5.971
2015-08-04,2017-08-03,504,12.6837,6.1526
2015-08-05,2017-08-04,504,12.5154,6.0733
2015-08-06,2017-08-07,504,12.46,6.0471
2015-08-07,2017-08-08,504,11.8877,5.777
2015-08-10,2017-08-09,504,12.1019,5.8782
2015-08-11,2017-08-10,504,11.9449,5.804
2015-08-12,2017-08-11,504,11.8073,5.739
2015-08-13,2017-08-14,504,12.1786,5.9144
2015-08-14,2017-08-15,504,11.7073,5.6917
2015-08-17,2017-08-16,504,11.5074,5.5971
2015-08-18,2017-08-17,504,11.8064,5.7385
2015-08-19,2017-08-18,504,11.4453,5.5676
2015-08-20,2017-08-21,504,11.4482,5.569
2015-08-21,2017-08-22,504,12.2667,5.956
2015-08-24,2017-08-23,504,13.9017,6.7247
2015-08-25,2017-08-24,504,14.9227,7.202
2015-08-26,2017-08-25,504,14.8199,7.1541
2015-08-27,2017-08-28,504,14.4799,6.9953
2015-08-28,2017-08-29,504,14.3108,6.9162
2015-08-31,2017-08-30,504,14.8416,7.1642
2015-09-01,2017-08-31,504,15.8847,7.6498
2015-09-02,2017-09-01,504,15.7055,7.5665
2015-09-03,2017-09-05,504,16.3184,7.851
2015-09-04,2017-09-06,504,16.4405,7.9076
2015-09-08,2017-09-07,504,16.5996,7.9813
2015-09-09,2017-09-08,504,17.3007,8.3055
2015-09-10,2017-09-11,504,16.7498,8.0508
2015-09-11,2017-09-12,504,16.4554,7.9145
2015-09-14,2017-09-13,504,16.2378,7.8136
2015-09-15,2017-09-14,504,16.6182,7.9899
2015-09-16,2017-09-15,504,15.9997,7.7032
2015-09-17,2017-09-18,504,15.339,7.396
2015-09-18,2017-09-19,504,14.8846,7.1843
2015-09-21,2017-09-20,504,15.4862,7.4645
2015-09-22,2017-09-21,504,15.105,7.287
2015-09-23,2017-09-22,504,15.1731,7.3187
2015-09-24,2017-09-25,504,14.9839,7.2305
2015-09-25,2017-09-26,504,15.1509,7.3084
2015-09-28,2017-09-27,504,15.2502,7.3547
2015-09-29,2017-09-28,504,15.2581,7.3583
2015-09-30,2017-09-29,504,15.0989,7.2841
2015-10-01,2017-10-02,504,14.8133,7.1509
2015-10-02,2017-10-03,504,13.6913,6.6261
2015-10-05,2017-10-04,504,13.5473,6.5586
2015-10-06,2017-10-05,504,13.3194,6.4516
2015-10-07,2017-10-06,504,13.0301,6.3156
2015-10-08,2017-10-09,504,13.3495,6.4657
2015-10-09,2017-10-10,504,13.2932,6.4393
2015-10-12,2017-10-11,504,12.8467,6.2293
2015-10-13,2017-10-12,504,13.2293,6.4093
2015-10-14,2017-10-13,504,13.2238,6.4067
2015-10-15,2017-10-16,504,12.7118,6.1658
2015-10-16,2017-10-17,504,12.3358,5.9886
2015-10-19,2017-10-18,504,12.4056,6.0215
2015-10-20,2017-10-19,504,12.7265,6.1728
2015-10-21,2017-10-20,504,12.5224,6.0766
2015-10-22,2017-10-23,504,11.9269,5.7955
2015-10-23,2017-10-24,504,11.7193,5.6973
2015-10-26,2017-10-25,504,11.2534,5.4767
2015-10-27,2017-10-26,504,11.0137,5.363
2015-10-28,2017-10-27,504,10.9952,5.3543
2015-10-29,2017-10-30,504,12.425,6.0306
2015-10-30,2017-10-31,504,12.3809,6.0098
2015-11-02,2017-11-01,504,12.6185,6.1219
2015-11-03,2017-11-02,504,13.4487,6.5123
2015-11-04,2017-11-03,504,13.6922,6.6265
2015-11-05,2017-11-06,504,14.2847,6.904
2015-11-06,2017-11-07,504,15.1305,7.2989
2015-11-09,2017-11-08,504,15.7367,7.581
2015-11-10,2017-11-09,504,15.4927,7.4675
2015-11-11,2017-11-10,504,14.9963,7.2363
2015-11-12,2017-11-13,504,15.5926,7.514
2015-11-13,2017-11-14,504,16.0022,7.7043
2015-11-16,2017-11-15,504,15.5172,7.4789
2015-11-17,2017-11-16,504,15.946,7.6782
2015-11-18,2017-11-17,504,15.944,7.6773
2015-11-19,2017-11-20,504,15.0844,7.2774
2015-11-20,2017-11-21,504,15.5323,7.486
2015-11-23,2017-11-22,504,16.0594,7.7309
2015-11-24,2017-11-24,504,15.6902,7.5594
2015-11-25,2017-11-27,504,15.844,7.6308
2015-11-27,2017-11-28,504,16.6143,7.9881
2015-11-30,2017-11-29,504,15.7957,7.6084
2015-12-01,2017-11-30,504,15.1278,7.2976
2015-12-02,2017-12-01,504,16.164,7.7794
2015-12-03,2017-12-04,504,17.0394,8.1848
2015-12-04,2017-12-05,504,15.2789,7.368
2015-12-07,2017-12-06,504,15.5657,7.5015
2015-12-08,2017-12-07,504,15.3273,7.3905
2015-12-09,2017-12-08,504,15.6316,7.5321
2015-12-10,2017-12-11,504,15.6541,7.5426
2015-12-11,2017-12-12,504,15.6485,7.54
2015-12-14,2017-12-13,504,16.5492,7.958
2015-12-15,2017-12-14,504,16.6239,7.9926
2015-12-16,2017-12-15,504,16.221,7.8058
2015-12-17,2017-12-18,504,17.2282,8.272
2015-12-18,2017-12-19,504,16.6897,8.023
2015-12-21,2017-12-20,504,15.8025,7.6116
2015-12-22,2017-12-21,504,16.1719,7.7831
2015-12-23,2017-12-22,504,16.3545,7.8677
2015-12-24,2017-12-26,504,16.2787,7.8326
2015-12-28,2017-12-27,504,16.9121,8.1259
2015-12-29,2017-12-28,504,17.0539,8.1915
2015-12-30,2017-12-29,504,17.9525,8.6059
2015-12-31,2018-01-02,504,18.2404,8.7384
2016-01-04,2018-01-03,504,18.3829,8.8039
2016-01-05,2018-01-04,504,18.5332,8.8729
2016-01-06,2018-01-05,504,18.3446,8.7863
2016-01-07,2018-01-08,504,18.6515,8.9272
2016-01-08,2018-01-09,504,18.6513,8.9272
2016-01-11,2018-01-10,504,19.0235,9.0979
2016-01-12,2018-01-11,504,19.0691,9.1188
2016-01-13,2018-01-12,504,20.1407,9.6087
2016-01-14,2018-01-16,504,20.2765,9.6706
2016-01-15,2018-01-17,504,20.4114,9.7321
2016-01-19,2018-01-18,504,19.9286,9.5119
2016-01-20,2018-01-19,504,19.6981,9.4066
2016-01-21,2018-01-22,504,20.1712,9.6226
2016-01-22,2018-01-23,504,19.9386,9.5165
2016-01-25,2018-01-24,504,20.3704,9.7135
2016-01-26,2018-01-25,504,19.8646,9.4827
2016-01-27,2018-01-26,504,20.41,9.7315
2016-01-28,2018-01-29,504,19.7795,9.4438
2016-01-29,2018-01-30,504,17.8345,8.5516
2016-02-01,2018-01-31,504,17.8971,8.5804
2016-02-02,2018-02-01,504,17.7477,8.5116
2016-02-03,2018-02-02,504,16.2985,7.8418
2016-02-04,2018-02-05,504,14.7488,7.1209
2016-02-05,2018-02-06,504,15.5097,7.4754
2016-02-08,2018-02-07,504,13.7935,6.674
2016-02-09,2018-02-08,504,12.7803,6.1981
2016-02-10,2018-02-09,504,12.8074,6.2108
2016-02-11,2018-02-12,504,12.6714,6.1468
2016-02-12,2018-02-13,504,12.891,6.2502
2016-02-16,2018-02-14,504,13.9479,6.7464
2016-02-17,2018-02-15,504,13.8594,6.7049
2016-02-18,2018-02-16,504,13.5529,6.5612
2016-02-19,2018-02-20,504,12.6241,6.1245
2016-02-22,2018-02-21,504,12.156,5.9037
2016-02-23,2018-02-22,504,12.3076,5.9753
2016-02-24,2018-02-23,504,12.5052,6.0685
2016-02-25,2018-02-26,504,12.4496,6.0423
2016-02-26,2018-02-27,504,12.4153,6.0261
2016-02-29,2018-02-28,504,12.1201,5.8868
2016-03-01,2018-03-01,504,11.4281,5.5595
2016-03-02,2018-03-02,504,11.2774,5.4881
2016-03-03,2018-03-05,504,10.9093,5.3135
2016-03-04,2018-03-06,504,11.1523,5.4288
2016-03-07,2018-03-07,504,11.0611,5.3855
2016-03-08,2018-03-08,504,11.3077,5.5024
2016-03-09,2018-03-09,504,11.7846,5.7282
2016-03-10,2018-03-12,504,11.6273,5.6538
2016-03-11,2018-03-13,504,11.7271,5.701
2016-03-14,2018-03-14,504,12.0214,5.8402
2016-03-15,2018-03-15,504,12.1648,5.9079
2016-03-16,2018-03-16,504,11.7676,5.7202
2016-03-17,2018-03-19,504,10.3564,5.0507
2016-03-18,2018-03-20,504,10.196,4.9743
2016-03-21,2018-03-21,504,10.7551,5.2403
2016-03-22,2018-03-22,504,10.376,5.06
2016-03-23,2018-03-23,504,10.6802,5.2047
2016-03-24,2018-03-26,504,11.4673,5.5781
2016-03-28,2018-03-27,504,10.9778,5.346
2016-03-29,2018-03-28,504,9.7342,4.7541
2016-03-30,2018-03-29,504,10.526,5.1313
2016-03-31,2018-04-02,504,10.1056,4.9312
2016-04-01,2018-04-03,504,10.0303,4.8953
2016-04-04,2018-04-04,504,10.5183,5.1277
2016-04-05,2018-04-05,504,10.0805,4.9192
2016-04-06,2018-04-06,504,9.909,4.8375
2016-04-07,2018-04-09,504,9.9131,4.8395
2016-04-08,2018-04-10,504,10.3784,5.0611
2016-04-11,2018-04-11,504,10.4558,5.098
2016-04-12,2018-04-12,504,9.929,4.847
2016-04-13,2018-04-13,504,9.9032,4.8347
2016-04-14,2018-04-16,504,10.7648,5.2448
2016-04-15,2018-04-17,504,10.7625,5.2437
2016-04-18,2018-04-18,504,10.5562,5.1457
2016-04-19,2018-04-19,504,9.6758,4.7262
2016-04-20,2018-04-20,504,9.2979,4.5456
2016-04-21,2018-04-23,504,9.404,4.5964
2016-04-22,2018-04-24,504,9.5906,4.6855
2016-04-25,2018-04-25,504,9.1988,4.4983
2016-04-26,2018-04-26,504,9.5562,4.6691
2016-04-27,2018-04-27,504,9.4196,4.6038
2016-04-28,2018-04-30,504,8.9996,4.4029
2016-04-29,2018-05-01,504,8.341,4.087
2016-05-02,2018-05-02,504,8.0132,3.9294
2016-05-03,2018-05-03,504,8.2576,4.0469
2016-05-04,2018-05-04,504,9.0604,4.432
2016-05-05,2018-05-07,504,8.9699,4.3887
2016-05-06,2018-05-08,504,8.5262,4.1759
2016-05-09,2018-05-09,504,9.0503,4.4272
2016-05-10,2018-05-10,504,9.3764,4.5832
2016-05-11,2018-05-11,504,9.3824,4.586
2016-05-12,2018-05-14,504,9.4214,4.6047
2016-05-13,2018-05-15,504,8.3383,4.0857
2016-05-16,2018-05-16,504,8.2753,4.0554
2016-05-17,2018-05-17,504,8.2694,4.0526
2016-05-18,2018-05-18,504,8.8645,4.3381
2016-05-19,2018-05-21,504,9.4759,4.6307
2016-05-20,2018-05-22,504,9.2072,4.5023
2016-05-23,2018-05-23,504,9.4696,4.6277
2016-05-24,2018-05-24,504,10.0849,4.9214
2016-05-25,2018-05-25,504,10.1777,4.9656
2016-05-26,2018-05-29,504,10.2806,5.0146
2016-05-27,2018-05-30,504,10.5542,5.1447
2016-05-31,2018-05-31,504,10.238,4.9943
2016-06-01,2018-06-01,504,10.2089,4.9804
2016-06-02,2018-06-04,504,9.8802,4.8238
2016-06-03,2018-06-05,504,9.1375,4.4689
2016-06-06,2018-06-06,504,9.1041,4.4529
2016-06-07,2018-06-07,504,9.2785,4.5364
2016-06-08,2018-06-08,504,8.7196,4.2687
2016-06-09,2018-06-11,504,8.3976,4.1142
2016-06-10,2018-06-12,504,8.4688,4.1484
2016-06-13,2018-06-13,504,8.2924,4.0636
2016-06-14,2018-06-14,504,8.7809,4.2981
2016-06-15,2018-06-15,504,8.1264,3.9839
2016-06-16,2018-06-18,504,7.658,3.7584
2016-06-17,2018-06-19,504,8.009,3.9274
2016-06-20,2018-06-20,504,7.8737,3.8622
2016-06-21,2018-06-21,504,8.1648,4.0023
2016-06-22,2018-06-22,504,8.2777,4.0566
2016-06-23,2018-06-25,504,7.9411,3.8947
2016-06-24,2018-06-26,504,7.1767,3.5262
2016-06-27,2018-06-27,504,7.0348,3.4576
2016-06-28,2018-06-28,504,6.637,3.2652
2016-06-29,2018-06-29,504,6.147,3.0277
2016-06-30,2018-07-02,504,5.5826,2.7534
2016-07-01,2018-07-03,504,5.1044,2.5204
2016-07-05,2018-07-05,504,5.0955,2.5161
2016-07-06,2018-07-06,504,4.9937,2.4665
2016-07-07,2018-07-09,504,5.2576,2.5951
2016-07-08,2018-07-10,504,4.6997,2.3229
2016-07-11,2018-07-11,504,4.5186,2.2343
2016-07-12,2018-07-12,504,5.36,2.645
2016-07-13,2018-07-13,504,4.9124,2.4268
2016-07-14,2018-07-16,504,5.1413,2.5384
2016-07-15,2018-07-17,504,5.2749,2.6035
2016-07-18,2018-07-18,504,5.16,2.5476
2016-07-19,2018-07-19,504,4.9879,2.4636
2016-07-20,2018-07-20,504,5.0221,2.4803
2016-07-21,2018-07-23,504,4.4879,2.2193
2016-07-22,2018-07-24,504,4.6676,2.3072
2016-07-25,2018-07-25,504,5.2058,2.5699
2016-07-26,2018-07-26,504,4.8746,2.4083
2016-07-27,2018-07-27,504,4.3106,2.1326
2016-07-28,2018-07-30,504,3.9325,1.9473
2016-07-29,2018-07-31,504,3.7137,1.8399
2016-08-01,2018-08-01,504,3.6156,1.7918
2016-08-02,2018-08-02,504,3.851,1.9073
2016-08-03,2018-08-03,504,4.2102,2.0834
2016-08-04,2018-08-06,504,3.9748,1.968
2016-08-05,2018-08-07,504,4.3383,2.1461
2016-08-08,2018-08-08,504,4.4493,2.2004
2016-08-09,2018-08-09,504,4.2672,2.1113
2016-08-10,2018-08-10,504,4.1308,2.0445
2016-08-11,2018-08-13,504,3.6766,1.8217
2016-08-12,2018-08-14,504,3.7734,1.8692
2016-08-15,2018-08-15,504,3.467,1.7187
2016-08-16,2018-08-16,504,3.7032,1.8348
2016-08-17,2018-08-17,504,3.7692,1.8672
2016-08-18,2018-08-20,504,3.9641,1.9628
2016-08-19,2018-08-21,504,4.4061,2.1793
2016-08-22,2018-08-22,504,4.434,2.193
2016-08-23,2018-08-23,504,4.1084,2.0335
2016-08-24,2018-08-24,504,5.219,2.5763
2016-08-25,2018-08-27,504,5.5547,2.7398
2016-08-26,2018-08-28,504,5.5355,2.7305
2016-08-29,2018-08-29,504,5.1754,2.555
2016-08-30,2018-08-30,504,5.3238,2.6274
2016-08-31,2018-08-31,504,5.4425,2.6852
2016-09-01,2018-09-04,504,4.9712,2.4555
2016-09-02,2018-09-05,504,4.7577,2.3512
2016-09-06,2018-09-06,504,4.0658,2.0126
2016-09-07,2018-09-07,504,3.8081,1.8862
2016-09-08,2018-09-10,504,4.4413,2.1965
2016-09-09,2018-09-11,504,5.6508,2.7866
2016-09-12,2018-09-12,504,5.6341,2.7785
2016-09-13,2018-09-13,504,6.5271,3.2119
2016-09-14,2018-09-14,504,6.2059,3.0563
2016-09-15,2018-09-17,504,6.0945,3.0022
2016-09-16,2018-09-18,504,5.9782,2.9457
2016-09-19,2018-09-19,504,5.9109,2.913
2016-09-20,2018-09-20,504,6.2389,3.0723
2016-09-21,2018-09-21,504,5.2573,2.595
2016-09-22,2018-09-24,504,4.5301,2.2399
2016-09-23,2018-09-25,504,4.7291,2.3373
2016-09-26,2018-09-26,504,4.739,2.3421
2016-09-27,2018-09-27,504,4.4897,2.2202
2016-09-28,2018-09-28,504,4.6206,2.2842
2016-09-29,2018-10-01,504,4.6214,2.2846
2016-09-30,2018-10-02,504,5.2113,2.5726
2016-10-03,2018-10-03,504,4.964,2.452
2016-10-04,2018-10-04,504,5.7799,2.8493
2016-10-05,2018-10-05,504,5.4878,2.7072
2016-10-06,2018-10-08,504,5.479,2.703
2016-10-07,2018-10-09,504,5.8471,2.882
2016-10-10,2018-10-10,504,4.8788,2.4103
2016-10-11,2018-10-11,504,5.6354,2.7791
2016-10-12,2018-10-12,504,5.8113,2.8646
2016-10-13,2018-10-15,504,5.7245,2.8224
2016-10-14,2018-10-16,504,6.7831,3.3359
2016-10-17,2018-10-17,504,6.4564,3.1777
2016-10-18,2018-10-18,504,5.7118,2.8162
2016-10-19,2018-10-19,504,5.3955,2.6623
2016-10-20,2018-10-22,504,5.2158,2.5748
2016-10-21,2018-10-23,504,5.3524,2.6413
2016-10-24,2018-10-24,504,4.6176,2.2827
2016-10-25,2018-10-25,504,4.8897,2.4157
2016-10-26,2018-10-26,504,4.9905,2.4649
2016-10-27,2018-10-29,504,4.8868,2.4143
2016-10-28,2018-10-30,504,5.1416,2.5386
2016-10-31,2018-10-31,504,5.0274,2.4829
2016-11-01,2018-11-01,504,5.7399,2.8299
2016-11-02,2018-11-02,504,4.8517,2.3971
2016-11-03,2018-11-05,504,5.4779,2.7024
2016-11-04,2018-11-06,504,5.3201,2.6256
2016-11-07,2018-11-07,504,6.0368,2.9742
2016-11-08,2018-11-08,504,5.984,2.9485
2016-11-09,2018-11-09,504,6.3799,3.1406
2016-11-10,2018-11-12,504,6.3477,3.125
2016-11-11,2018-11-13,504,6.4367,3.1682
2016-11-14,2018-11-14,504,7.4839,3.6744
2016-11-15,2018-11-15,504,7.4751,3.6702
2016-11-16,2018-11-16,504,7.6662,3.7623
2016-11-17,2018-11-19,504,7.7231,3.7898
2016-11-18,2018-11-20,504,7.4502,3.6582
2016-11-21,2018-11-21,504,7.3729,3.6209
2016-11-22,2018-11-23,504,7.0377,3.459
2016-11-23,2018-11-26,504,7.9474,3.8977
2016-11-25,2018-11-27,504,7.9725,3.9098
2016-11-28,2018-11-28,504,8.3747,4.1032
2016-11-29,2018-11-29,504,8.3815,4.1064
2016-11-30,2018-11-30,504,9.5327,4.6579
2016-12-01,2018-12-03,504,10.809,5.2658
2016-12-02,2018-12-04,504,10.0532,4.9063
2016-12-05,2018-12-06,504,9.9281,4.8466
2016-12-06,2018-12-07,504,9.5799,4.6804
2016-12-07,2018-12-10,504,8.9032,4.3567
2016-12-08,2018-12-11,504,9.2342,4.5152
2016-12-09,2018-12-12,504,9.7435,4.7585
2016-12-12,2018-12-13,504,9.5249,4.6542
2016-12-13,2018-12-14,504,8.8485,4.3305
2016-12-14,2018-12-17,504,9.0834,4.443
2016-12-15,2018-12-18,504,9.8464,4.8076
2016-12-16,2018-12-19,504,9.7854,4.7785
2016-12-19,2018-12-20,504,9.0378,4.4212
2016-12-20,2018-12-21,504,8.5422,4.1836
2016-12-21,2018-12-24,504,8.2371,4.0371
2016-12-22,2018-12-26,504,9.3596,4.5751
2016-12-23,2018-12-27,504,9.5938,4.6871
2016-12-27,2018-12-28,504,9.7475,4.7604
2016-12-28,2018-12-31,504,10.0166,4.8888
2016-12-29,2019-01-02,504,9.754,4.7635
2016-12-30,2019-01-03,504,9.782,4.7769
2017-01-03,2019-01-04,504,9.6143,4.6968
2017-01-04,2019-01-07,504,9.5807,4.6808
2017-01-05,2019-01-08,504,8.9474,4.3779
2017-01-06,2019-01-09,504,9.4709,4.6283
2017-01-09,2019-01-10,504,8.9572,4.3826
2017-01-10,2019-01-11,504,9.1071,4.4543
2017-01-11,2019-01-14,504,8.4659,4.147
2017-01-12,2019-01-15,504,8.6619,4.241
2017-01-13,2019-01-16,504,9.0171,4.4113
2017-01-17,2019-01-17,504,8.6724,4.2461
2017-01-18,2019-01-18,504,9.0131,4.4094
2017-01-19,2019-01-22,504,9.3247,4.5584
2017-01-20,2019-01-23,504,9.2646,4.5297
2017-01-23,2019-01-24,504,8.9716,4.3895
2017-01-24,2019-01-25,504,9.5639,4.6728
2017-01-25,2019-01-28,504,9.8056,4.7881
2017-01-26,2019-01-29,504,10.1285,4.9421
2017-01-27,2019-01-30,504,10.5612,5.1481
2017-01-30,2019-01-31,504,11.4001,5.5463
2017-01-31,2019-02-01,504,10.6957,5.212
2017-02-01,2019-02-04,504,10.947,5.3314
2017-02-02,2019-02-05,504,10.9482,5.332
2017-02-03,2019-02-06,504,10.5475,5.1416
2017-02-06,2019-02-07,504,10.0889,4.9233
2017-02-07,2019-02-08,504,10.0224,4.8915
2017-02-08,2019-02-11,504,9.3353,4.5635
2017-02-09,2019-02-12,504,9.882,4.8246
2017-02-10,2019-02-13,504,9.8303,4.7999
2017-02-13,2019-02-14,504,10.03,4.8952
2017-02-14,2019-02-15,504,10.6511,5.1908
2017-02-15,2019-02-19,504,11.0194,5.3658
2017-02-16,2019-02-20,504,10.759,5.2421
2017-02-17,2019-02-21,504,9.8534,4.811
2017-02-21,2019-02-22,504,10.1894,4.9711
2017-02-22,2019-02-25,504,10.1909,4.9719
2017-02-23,2019-02-26,504,9.786,4.7788
2017-02-24,2019-02-27,504,8.8359,4.3245
2017-02-27,2019-02-28,504,8.6873,4.2532
2017-02-28,2019-03-01,504,8.4026,4.1166
2017-03-01,2019-03-04,504,8.3805,4.1059
2017-03-02,2019-03-05,504,8.977,4.392
2017-03-03,2019-03-06,504,8.9893,4.398
2017-03-06,2019-03-07,504,9.1441,4.472
2017-03-07,2019-03-08,504,9.8415,4.8053
2017-03-08,2019-03-11,504,10.3923,5.0678
2017-03-09,2019-03-12,504,11.0717,5.3906
2017-03-10,2019-03-13,504,11.4056,5.5489
2017-03-13,2019-03-14,504,11.0225,5.3672
2017-03-14,2019-03-15,504,11.5024,5.5947
2017-03-15,2019-03-18,504,11.0273,5.3695
2017-03-16,2019-03-19,504,10.6486,5.1896
2017-03-17,2019-03-20,504,10.5322,5.1343
2017-03-20,2019-03-21,504,10.8961,5.3072
2017-03-21,2019-03-22,504,10.7024,5.2152
2017-03-22,2019-03-25,504,10.6961,5.2122
2017-03-23,2019-03-26,504,10.8617,5.2909
2017-03-24,2019-03-27,504,10.7769,5.2506
2017-03-27,2019-03-28,504,10.3263,5.0363
2017-03-28,2019-03-29,504,10.5395,5.1378
2017-03-29,2019-04-01,504,10.2555,5.0026
2017-03-30,2019-04-02,504,10.6545,5.1925
2017-03-31,2019-04-03,504,10.425,5.0833
2017-04-03,2019-04-04,504,10.252,5.001
2017-04-04,2019-04-05,504,10.4951,5.1167
2017-04-05,2019-04-08,504,10.7844,5.2542
2017-04-06,2019-04-09,504,10.6848,5.2069
2017-04-07,2019-04-10,504,11.0233,5.3676
2017-04-10,2019-04-11,504,10.371,5.0576
2017-04-11,2019-04-12,504,9.7876,4.7796
2017-04-12,2019-04-15,504,9.6384,4.7083
2017-04-13,2019-04-16,504,9.1091,4.4553
2017-04-17,2019-04-17,504,8.7967,4.3056
2017-04-18,2019-04-18,504,8.6707,4.2452
2017-04-19,2019-04-22,504,9.0124,4.409
2017-04-20,2019-04-23,504,9.1254,4.4631
2017-04-21,2019-04-24,504,9.3723,4.5812
2017-04-24,2019-04-25,504,9.3769,4.5834
2017-04-25,2019-04-26,504,10.1596,4.9569
2017-04-26,2019-04-29,504,9.8382,4.8037
2017-04-27,2019-04-30,504,10.0432,4.9015
2017-04-28,2019-05-01,504,9.8325,4.801
2017-05-01,2019-05-02,504,9.8531,4.8108
2017-05-02,2019-05-03,504,10.2126,4.9822
2017-05-03,2019-05-06,504,10.4,5.0714
2017-05-04,2019-05-07,504,10.6756,5.2025
2017-05-05,2019-05-08,504,10.3197,5.0332
2017-05-08,2019-05-09,504,10.5629,5.1489
2017-05-09,2019-05-10,504,10.9794,5.3468
2017-05-10,2019-05-13,504,10.6497,5.1902
2017-05-11,2019-05-14,504,10.6394,5.1853
2017-05-12,2019-05-15,504,10.7814,5.2527
2017-05-15,2019-05-16,504,10.6202,5.1761
2017-05-16,2019-05-17,504,10.0591,4.909
2017-05-17,2019-05-20,504,9.4846,4.6349
2017-05-18,2019-05-21,504,9.6031,4.6915
2017-05-19,2019-05-22,504,9.417,4.6026
2017-05-22,2019-05-23,504,9.3318,4.5618
2017-05-23,2019-05-24,504,9.6173,4.6983
2017-05-24,2019-05-28,504,9.255,4.5251
2017-05-25,2019-05-29,504,8.998,4.4021
2017-05-26,2019-05-30,504,9.1196,4.4603
2017-05-30,2019-05-31,504,9.4682,4.627
2017-05-31,2019-06-03,504,9.6432,4.7106
2017-06-01,2019-06-04,504,9.8424,4.8057
2017-06-02,2019-06-05,504,9.3978,4.5934
2017-06-05,2019-06-06,504,10.0109,4.8861
2017-06-06,2019-06-07,504,10.258,5.0038
2017-06-07,2019-06-10,504,9.978,4.8704
2017-06-08,2019-06-11,504,10.372,5.0581
2017-06-09,2019-06-12,504,10.6734,5.2014
2017-06-12,2019-06-13,504,11.1359,5.421
2017-06-13,2019-06-14,504,11.0386,5.3749
2017-06-14,2019-06-17,504,10.5509,5.1432
2017-06-15,2019-06-18,504,11.6998,5.6881
2017-06-16,2019-06-19,504,11.6902,5.6836
2017-06-19,2019-06-20,504,13.0328,6.3169
2017-06-20,2019-06-21,504,12.7869,6.2012
2017-06-21,2019-06-24,504,13.2041,6.3974
2017-06-22,2019-06-25,504,12.8641,6.2375
2017-06-23,2019-06-26,504,12.3532,5.9968
2017-06-26,2019-06-27,504,12.7203,6.1698
2017-06-27,2019-06-28,504,13.4415,6.5089
2017-06-28,2019-07-01,504,12.9169,6.2624
2017-06-29,2019-07-02,504,14.1846,6.8572
2017-06-30,2019-07-03,504,14.8064,7.1478
2017-07-03,2019-07-05,504,14.6957,7.0961
2017-07-05,2019-07-08,504,14.4687,6.9901
2017-07-06,2019-07-09,504,14.9815,7.2294
2017-07-07,2019-07-10,504,15.5256,7.4828
2017-07-10,2019-07-11,504,14.9505,7.215
2017-07-11,2019-07-12,504,15.1876,7.3255
2017-07-12,2019-07-15,504,14.8584,7.172
2017-07-13,2019-07-16,504,14.7841,7.1373
2017-07-14,2019-07-17,504,14.6961,7.0963
2017-07-17,2019-07-18,504,14.6888,7.0929
2017-07-18,2019-07-19,504,13.9524,6.7485
2017-07-19,2019-07-22,504,13.922,6.7342
2017-07-20,2019-07-23,504,13.7238,6.6414
2017-07-21,2019-07-24,504,13.7245,6.6417
2017-07-24,2019-07-25,504,13.3956,6.4874
2017-07-25,2019-07-26,504,14.1155,6.8249
2017-07-26,2019-07-29,504,14.1017,6.8184
2017-07-27,2019-07-30,504,14.2144,6.8712
2017-07-28,2019-07-31,504,13.6949,6.6278
2017-07-31,2019-08-01,504,13.8934,6.7209
2017-08-01,2019-08-02,504,14.0174,6.7789
2017-08-02,2019-08-05,504,13.9498,6.7473
2017-08-03,2019-08-06,504,14.5926,7.0479
2017-08-04,2019-08-07,504,15.7146,7.5707
2017-08-07,2019-08-08,504,16.0867,7.7436
2017-08-08,2019-08-09,504,16.0192,7.7122
2017-08-09,2019-08-12,504,15.9038,7.6586
2017-08-10,2019-08-13,504,16.1618,7.7784
2017-08-11,2019-08-14,504,16.0653,7.7336
2017-08-14,2019-08-15,504,16.4666,7.9197
2017-08-15,2019-08-16,504,16.8829,8.1124
2017-08-16,2019-08-19,504,16.347,7.8643
2017-08-17,2019-08-20,504,16.5607,7.9633
2017-08-18,2019-08-21,504,16.6904,8.0233
2017-08-21,2019-08-22,504,16.111,7.7548
2017-08-22,2019-08-23,504,16.3074,7.8459
2017-08-23,2019-08-26,504,16.3407,7.8613
2017-08-24,2019-08-27,504,17.2235,8.2698
2017-08-25,2019-08-28,504,17.0991,8.2123
2017-08-28,2019-08-29,504,16.7731,8.0616
2017-08-29,2019-08-30,504,16.4647,7.9188
2017-08-30,2019-09-03,504,16.783,8.0662
2017-08-31,2019-09-04,504,16.8049,8.0763
2017-09-01,2019-09-05,504,15.9535,7.6817
2017-09-05,2019-09-06,504,15.503,7.4723
2017-09-06,2019-09-09,504,15.0747,7.2729
2017-09-07,2019-09-10,504,13.8243,6.6885
2017-09-08,2019-09-11,504,14.1626,6.8469
2017-09-11,2019-09-12,504,14.4592,6.9856
2017-09-12,2019-09-13,504,13.784,6.6696
2017-09-13,2019-09-16,504,14.4662,6.9889
2017-09-14,2019-09-17,504,14.6213,7.0614
2017-09-15,2019-09-18,504,14.8196,7.1539
2017-09-18,2019-09-19,504,15.1502,7.308
2017-09-19,2019-09-20,504,15.5924,7.5139
2017-09-20,2019-09-23,504,15.7373,7.5813
2017-09-21,2019-09-24,504,16.5732,7.9691
2017-09-22,2019-09-25,504,15.6284,7.5307
2017-09-25,2019-09-26,504,15.3966,7.4228
2017-09-26,2019-09-27,504,15.4044,7.4264
2017-09-27,2019-09-30,504,15.5878,7.5118
2017-09-28,2019-10-01,504,15.61,7.5221
2017-09-29,2019-10-02,504,15.415,7.4314
2017-10-02,2019-10-03,504,16.1917,7.7922
2017-10-03,2019-10-04,504,16.7654,8.058
2017-10-04,2019-10-07,504,16.1148,7.7566
2017-10-05,2019-10-08,504,15.7277,7.5768
2017-10-06,2019-10-09,504,16.0822,7.7414
2017-10-09,2019-10-10,504,15.3424,7.3976
2017-10-10,2019-10-11,504,14.7675,7.1296
2017-10-11,2019-10-14,504,15.1088,7.2888
2017-10-12,2019-10-15,504,14.5486,7.0274
2017-10-13,2019-10-16,504,14.3169,6.9191
2017-10-16,2019-10-17,504,14.4204,6.9675
2017-10-17,2019-10-18,504,14.5359,7.0214
2017-10-18,2019-10-21,504,14.6528,7.0761
2017-10-19,2019-10-22,504,14.4781,6.9944
2017-10-20,2019-10-23,504,15.1197,7.2939
2017-10-23,2019-10-24,504,15.3573,7.4045
2017-10-24,2019-10-25,504,15.5472,7.4929
2017-10-25,2019-10-28,504,15.5435,7.4912
2017-10-26,2019-10-29,504,15.7431,7.584
2017-10-27,2019-10-30,504,15.9106,7.6618
2017-10-30,2019-10-31,504,16.252,7.8202
2017-10-31,2019-11-01,504,16.5303,7.9492
2017-11-01,2019-11-04,504,15.9257,7.6688
2017-11-02,2019-11-05,504,14.882,7.183
2017-11-03,2019-11-06,504,15.2827,7.3698
2017-11-06,2019-11-07,504,13.9242,6.7353
2017-11-07,2019-11-08,504,13.8545,6.7026
2017-11-08,2019-11-11,504,13.539,6.5547
2017-11-09,2019-11-12,504,13.7468,6.6521
2017-11-10,2019-11-13,504,14.8809,7.1825
2017-11-13,2019-11-14,504,15.2052,7.3337
2017-11-14,2019-11-15,504,15.1179,7.293
2017-11-15,2019-11-18,504,15.2218,7.3414
2017-11-16,2019-11-19,504,15.4632,7.4538
2017-11-17,2019-11-20,504,15.0993,7.2843
2017-11-20,2019-11-21,504,15.1195,7.2938
2017-11-21,2019-11-22,504,14.7974,7.1435
2017-11-22,2019-11-25,504,14.6951,7.0958
2017-11-24,2019-11-26,504,15.1227,7.2952
2017-11-27,2019-11-27,504,14.9438,7.2118
2017-11-28,2019-11-29,504,14.6458,7.0728
2017-11-29,2019-12-02,504,14.4872,6.9987
2017-11-30,2019-12-03,504,15.2291,7.3448
2017-12-01,2019-12-04,504,14.6123,7.0571
2017-12-04,2019-12-05,504,14.7045,7.1002
2017-12-05,2019-12-06,504,14.7608,7.1265
2017-12-06,2019-12-09,504,14.604,7.0533
2017-12-07,2019-12-10,504,15.0705,7.2709
2017-12-08,2019-12-11,504,15.4678,7.4559
2017-12-11,2019-12-12,504,15.2263,7.3435
2017-12-12,2019-12-13,504,15.8265,7.6227
2017-12-13,2019-12-16,504,15.4271,7.437
2017-12-14,2019-12-17,504,15.1849,7.3242
2017-12-15,2019-12-18,504,14.5266,7.0171
2017-12-18,2019-12-19,504,14.7437,7.1185
2017-12-19,2019-12-20,504,15.3771,7.4137
2017-12-20,2019-12-23,504,15.7287,7.5773
2017-12-21,2019-12-24,504,15.8717,7.6437
2017-12-22,2019-12-26,504,16.0951,7.7474
2017-12-26,2019-12-27,504,15.9572,7.6834
2017-12-27,2019-12-30,504,15.2173,7.3393
2017-12-28,2019-12-31,504,14.9442,7.212
2017-12-29,2020-01-02,504,15.4648,7.4546
2018-01-02,2020-01-03,504,15.9234,7.6677
2018-01-03,2020-01-06,504,15.8087,7.6145
2018-01-04,2020-01-07,504,15.6212,7.5273
2018-01-05,2020-01-08,504,15.1835,7.3236
2018-01-08,2020-01-09,504,15.3887,7.4191
2018-01-09,2020-01-10,504,16.1795,7.7866
2018-01-10,2020-01-13,504,16.0665,7.7342
2018-01-11,2020-01-14,504,15.6769,7.5532
2018-01-12,2020-01-15,504,15.5954,7.5153
2018-01-16,2020-01-16,504,15.6172,7.5255
2018-01-17,2020-01-17,504,15.4043,7.4264
2018-01-18,2020-01-21,504,16.1637,7.7792
2018-01-19,2020-01-22,504,16.1705,7.7824
2018-01-22,2020-01-23,504,16.361,7.8708
2018-01-23,2020-01-24,504,16.1564,7.7759
2018-01-24,2020-01-27,504,16.0083,7.7071
2018-01-25,2020-01-28,504,15.5223,7.4813
2018-01-26,2020-01-29,504,15.828,7.6234
2018-01-29,2020-01-30,504,16.5697,7.9674
2018-01-30,2020-01-31,504,17.1348,8.2288
2018-01-31,2020-02-03,504,16.9386,8.1381
2018-02-01,2020-02-04,504,16.8216,8.084
2018-02-02,2020-02-05,504,18.0576,8.6543
2018-02-05,2020-02-06,504,19.308,9.2282
2018-02-06,2020-02-07,504,19.4521,9.2942
2018-02-07,2020-02-10,504,20.6468,9.8393
2018-02-08,2020-02-11,504,21.375,10.1703
2018-02-09,2020-02-12,504,21.3063,10.1391
2018-02-12,2020-02-13,504,20.7441,9.8836
2018-02-13,2020-02-14,504,20.7773,9.8987
2018-02-14,2020-02-18,504,20.6082,9.8218
2018-02-15,2020-02-19,504,20.5164,9.7799
2018-02-16,2020-02-20,504,20.5982,9.8172
2018-02-20,2020-02-21,504,21.9352,10.4243
2018-02-21,2020-02-24,504,22.4509,10.6576
2018-02-22,2020-02-25,504,21.1052,10.0478
2018-02-23,2020-02-26,504,20.0217,9.5544
2018-02-26,2020-02-27,504,18.7388,8.9673
2018-02-27,2020-02-28,504,18.5338,8.8732
2018-02-28,2020-03-02,504,20.1614,9.6182
2018-03-01,2020-03-03,504,21.2602,10.1182
2018-03-02,2020-03-04,504,21.7489,10.3399
2018-03-05,2020-03-05,504,21.9301,10.422
2018-03-06,2020-03-06,504,22.8293,10.8284
2018-03-07,2020-03-09,504,22.0265,10.4656
2018-03-08,2020-03-10,504,20.9346,9.9703
2018-03-09,2020-03-11,504,17.7594,8.517
2018-03-12,2020-03-12,504,14.5511,7.0285
2018-03-13,2020-03-13,504,14.3792,6.9482
2018-03-14,2020-03-16,504,12.8867,6.2481
2018-03-15,2020-03-17,504,12.7984,6.2066
2018-03-16,2020-03-18,504,9.0838,4.4432
2018-03-19,2020-03-19,504,10.3785,5.0612
2018-03-20,2020-03-20,504,12.0881,5.8716
2018-03-21,2020-03-23,504,14.237,6.8817
2018-03-22,2020-03-24,504,17.5138,8.4038
2018-03-23,2020-03-25,504,17.2982,8.3043
2018-03-26,2020-03-26,504,18.4662,8.8422
2018-03-27,2020-03-27,504,18.5224,8.868
2018-03-28,2020-03-30,504,19.3413,9.2434
2018-03-29,2020-03-31,504,17.4403,8.3699
2018-04-02,2020-04-01,504,16.9528,8.1447
2018-04-03,2020-04-02,504,18.6716,8.9365
2018-04-04,2020-04-03,504,18.236,8.7364
2018-04-05,2020-04-06,504,20.8424,9.9283
2018-04-06,2020-04-07,504,20.3203,9.6906
2018-04-09,2020-04-08,504,20.6518,9.8416
2018-04-10,2020-04-09,504,21.865,10.3925
2018-04-11,2020-04-13,504,21.1836,10.0834
2018-04-12,2020-04-14,504,22.5575,10.7057
2018-04-13,2020-04-15,504,22.2154,10.5511
2018-04-16,2020-04-16,504,22.3309,10.6033
2018-04-17,2020-04-17,504,21.5627,10.2555
2018-04-18,2020-04-20,504,21.7617,10.3457
2018-04-19,2020-04-21,504,21.5098,10.2315
2018-04-20,2020-04-22,504,23.3666,11.0705
2018-04-23,2020-04-23,504,23.9446,11.3304
2018-04-24,2020-04-24,504,24.54,11.5975
2018-04-25,2020-04-27,504,24.4292,11.5478
2018-04-26,2020-04-28,504,24.2536,11.4691
2018-04-27,2020-04-29,504,24.2468,11.4661
2018-04-30,2020-04-30,504,23.4934,11.1276
2018-05-01,2020-05-01,504,23.5803,11.1667
2018-05-02,2020-05-04,504,24.0324,11.3698
2018-05-03,2020-05-05,504,23.7186,11.2288
2018-05-04,2020-05-06,504,22.1163,10.5063
2018-05-07,2020-05-07,504,23.6799,11.2115
2018-05-08,2020-05-08,504,23.4875,11.1249
2018-05-09,2020-05-11,504,22.8792,10.8509
2018-05-10,2020-05-12,504,22.1096,10.5032
2018-05-11,2020-05-13,504,21.9791,10.4441
2018-05-14,2020-05-14,504,23.2811,11.032
2018-05-15,2020-05-15,504,24.8128,11.7197
2018-05-16,2020-05-18,504,24.4272,11.5469
2018-05-17,2020-05-19,504,24.7458,11.6896
2018-05-18,2020-05-20,504,25.1598,11.8748
2018-05-21,2020-05-21,504,24.2383,11.4622
2018-05-22,2020-05-22,504,24.8882,11.7534
2018-05-23,2020-05-26,504,23.9082,11.314
2018-05-24,2020-05-27,504,23.8029,11.2667
2018-05-25,2020-05-28,504,23.5465,11.1515
2018-05-29,2020-05-29,504,24.1086,11.404
2018-05-30,2020-06-01,504,23.7823,11.2575
2018-05-31,2020-06-02,504,23.9275,11.3227
2018-06-01,2020-06-03,504,23.333,11.0554
2018-06-04,2020-06-04,504,23.304,11.0423
2018-06-05,2020-06-05,504,22.8029,10.8165
2018-06-06,2020-06-08,504,23.7318,11.2348
2018-06-07,2020-06-09,504,23.8468,11.2865
2018-06-08,2020-06-10,504,24.1853,11.4385
2018-06-11,2020-06-11,504,23.4863,11.1244
2018-06-12,2020-06-12,504,23.5001,11.1306
2018-06-13,2020-06-15,504,23.6647,11.2046
2018-06-14,2020-06-16,504,23.324,11.0513
2018-06-15,2020-06-17,504,24.065,11.3845
2018-06-18,2020-06-18,504,24.4076,11.5382
2018-06-19,2020-06-19,504,24.6139,11.6306
2018-06-20,2020-06-22,504,25.356,11.9625
2018-06-21,2020-06-23,504,25.6402,12.0894
2018-06-22,2020-06-24,504,25.0931,11.845
2018-06-25,2020-06-25,504,25.7958,12.1587
2018-06-26,2020-06-26,504,25.8022,12.1616
2018-06-27,2020-06-29,504,26.1847,12.332
2018-06-28,2020-06-30,504,26.7328,12.5757
2018-06-29,2020-07-01,504,26.4306,12.4414
2018-07-02,2020-07-02,504,27.0474,12.7153
2018-07-03,2020-07-06,504,27.1007,12.7389
2018-07-05,2020-07-07,504,27.0683,12.7246
2018-07-06,2020-07-08,504,27.0917,12.735
2018-07-09,2020-07-09,504,27.036,12.7102
2018-07-10,2020-07-10,504,27.1562,12.7635
2018-07-11,2020-07-13,504,27.6115,12.9653
2018-07-12,2020-07-14,504,27.7346,13.0197
2018-07-13,2020-07-15,504,27.881,13.0845
2018-07-16,2020-07-16,504,27.9161,13.1
2018-07-17,2020-07-17,504,28.3979,13.3128
2018-07-18,2020-07-20,504,28.9315,13.548
2018-07-19,2020-07-21,504,29.5112,13.803
2018-07-20,2020-07-22,504,30.4414,14.211
2018-07-23,2020-07-23,504,31.4913,14.6697
2018-07-24,2020-07-24,504,31.2064,14.5454
2018-07-25,2020-07-27,504,31.5093,14.6775
2018-07-26,2020-07-28,504,32.1523,14.9575
2018-07-27,2020-07-29,504,32.8339,15.2536
2018-07-30,2020-07-30,504,33.0762,15.3587
2018-07-31,2020-07-31,504,33.27,15.4426
2018-08-01,2020-08-03,504,33.8497,15.6934
2018-08-02,2020-08-04,504,34.991,16.1856
2018-08-03,2020-08-05,504,35.0103,16.1939
2018-08-06,2020-08-06,504,35.8386,16.5498
2018-08-07,2020-08-07,504,34.9084,16.1501
2018-08-08,2020-08-10,504,34.9835,16.1824
2018-08-09,2020-08-11,504,32.3317,15.0355
2018-08-10,2020-08-12,504,32.4544,15.0888
2018-08-13,2020-08-13,504,33.2117,15.4174
2018-08-14,2020-08-14,504,32.5362,15.1244
2018-08-15,2020-08-17,504,34.1125,15.807
2018-08-16,2020-08-18,504,34.5186,15.9822
2018-08-17,2020-08-19,504,33.24,15.4296
2018-08-20,2020-08-20,504,32.5655,15.1371
2018-08-21,2020-08-21,504,32.7785,15.2296
2018-08-22,2020-08-24,504,32.6703,15.1826
2018-08-23,2020-08-25,504,32.4886,15.1037
2018-08-24,2020-08-26,504,32.3956,15.0633
2018-08-27,2020-08-27,504,31.3973,14.6286
2018-08-28,2020-08-28,504,32.6438,15.1711
2018-08-29,2020-08-31,504,32.7361,15.2112
2018-08-30,2020-09-01,504,33.6328,15.5997
2018-08-31,2020-09-02,504,33.82,15.6806
2018-09-04,2020-09-03,504,33.1225,15.3787
2018-09-05,2020-09-04,504,32.2295,14.9911
2018-09-06,2020-09-08,504,31.6218,14.7266
2018-09-07,2020-09-09,504,32.8521,15.2615
2018-09-10,2020-09-10,504,32.4967,15.1072
2018-09-11,2020-09-11,504,32.3636,15.0494
2018-09-12,2020-09-14,504,32.6816,15.1875
2018-09-13,2020-09-15,504,32.6898,15.191
2018-09-14,2020-09-16,504,32.8817,15.2743
2018-09-17,2020-09-17,504,32.3605,15.048
2018-09-18,2020-09-18,504,32.439,15.0822
2018-09-19,2020-09-21,504,31.3128,14.5918
2018-09-20,2020-09-22,504,31.0559,14.4797
2018-09-21,2020-09-23,504,29.9664,14.0028
2018-09-24,2020-09-24,504,30.4453,14.2126
2018-09-25,2020-09-25,504,30.7722,14.3557
2018-09-26,2020-09-28,504,31.4723,14.6614
2018-09-27,2020-09-29,504,32.0231,14.9013
2018-09-28,2020-09-30,504,31.6242,14.7276
2018-10-01,2020-10-01,504,32.5374,15.1249
2018-10-02,2020-10-02,504,31.2906,14.5821
2018-10-03,2020-10-05,504,32.1237,14.9451
2018-10-04,2020-10-06,504,32.158,14.96
2018-10-05,2020-10-07,504,32.4619,15.0921
2018-10-08,2020-10-08,504,33.6443,15.6046
2018-10-09,2020-10-09,504,34.0962,15.7999
2018-10-10,2020-10-12,504,35.7997,16.5331
2018-10-11,2020-10-13,504,34.3532,15.9108
2018-10-12,2020-10-14,504,34.3236,15.898
2018-10-15,2020-10-15,504,34.2025,15.8458
2018-10-16,2020-10-16,504,33.3311,15.4691
2018-10-17,2020-10-19,504,33.1013,15.3695
2018-10-18,2020-10-20,504,33.3514,15.4779
2018-10-19,2020-10-21,504,33.5582,15.5674
2018-10-22,2020-10-22,504,33.2093,15.4163
2018-10-23,2020-10-23,504,33.2488,15.4334
2018-10-24,2020-10-26,504,33.8074,15.6751
2018-10-25,2020-10-27,504,33.6171,15.5929
2018-10-26,2020-10-28,504,32.1167,14.942
2018-10-29,2020-10-29,504,32.4426,15.0837
2018-10-30,2020-10-30,504,31.7148,14.7671
2018-10-31,2020-11-02,504,32.7538,15.2188
2018-11-01,2020-11-03,504,32.4429,15.0838
2018-11-02,2020-11-04,504,34.3943,15.9286
2018-11-05,2020-11-05,504,35.7861,16.5273
2018-11-06,2020-11-06,504,35.4593,16.387
2018-11-07,2020-11-09,504,32.5227,15.1185
2018-11-08,2020-11-10,504,32.8665,15.2677
2018-11-09,2020-11-11,504,33.4277,15.5109
2018-11-12,2020-11-12,504,34.4071,15.9341
2018-11-13,2020-11-13,504,35.1981,16.2747
2018-11-14,2020-11-16,504,35.48,16.3959
2018-11-15,2020-11-17,504,35.0366,16.2053
2018-11-16,2020-11-18,504,34.0315,15.772
2018-11-19,2020-11-19,504,34.4417,15.949
2018-11-20,2020-11-20,504,35.4077,16.3648
2018-11-21,2020-11-23,504,34.4877,15.9688
2018-11-23,2020-11-24,504,34.3458,15.9076
2018-11-26,2020-11-25,504,33.8328,15.6861
2018-11-27,2020-11-27,504,33.914,15.7212
2018-11-28,2020-11-30,504,32.8021,15.2398
2018-11-29,2020-12-01,504,33.2509,15.4344
2018-11-30,2020-12-02,504,33.0,15.3256
2018-12-03,2020-12-03,504,32.5087,15.1124
2018-12-04,2020-12-04,504,32.4859,15.1025
2018-12-06,2020-12-07,504,33.2233,15.4224
2018-12-07,2020-12-08,504,34.0611,15.7848
2018-12-10,2020-12-09,504,32.875,15.2714
2018-12-11,2020-12-10,504,33.1786,15.403
2018-12-12,2020-12-11,504,33.2935,15.4528
2018-12-13,2020-12-14,504,32.9747,15.3146
2018-12-14,2020-12-15,504,34.3832,15.9238
2018-12-17,2020-12-16,504,34.5988,16.0167
2018-12-18,2020-12-17,504,35.0437,16.2083
2018-12-19,2020-12-18,504,34.7632,16.0875
2018-12-20,2020-12-21,504,34.9714,16.1772
2018-12-21,2020-12-22,504,35.8051,16.5355
2018-12-24,2020-12-23,504,36.1494,16.6831
2018-12-26,2020-12-24,504,35.1883,16.2705
2018-12-27,2020-12-28,504,34.9459,16.1662
2018-12-28,2020-12-29,504,34.5517,15.9964
2018-12-31,2020-12-30,504,34.5203,15.9829
2019-01-02,2020-12-31,504,34.5422,15.9923
2019-01-03,2021-01-04,504,35.0053,16.1918
2019-01-04,2021-01-05,504,34.7586,16.0856
2019-01-07,2021-01-06,504,33.1327,15.3831
2019-01-08,2021-01-07,504,33.296,15.4539
2019-01-09,2021-01-08,504,31.6448,14.7366
2019-01-10,2021-01-11,504,31.827,14.8159
2019-01-11,2021-01-12,504,31.5023,14.6744
2019-01-14,2021-01-13,504,32.403,15.0665
2019-01-15,2021-01-14,504,31.7243,14.7712
2019-01-16,2021-01-15,504,30.9521,14.4343
2019-01-17,2021-01-19,504,31.2667,14.5717
2019-01-18,2021-01-20,504,32.2505,15.0002
2019-01-22,2021-01-21,504,32.2688,15.0082
2019-01-23,2021-01-22,504,32.0064,14.894
2019-01-24,2021-01-25,504,32.3365,15.0376
2019-01-25,2021-01-26,504,31.5201,14.6822
2019-01-28,2021-01-27,504,30.7737,14.3563
2019-01-29,2021-01-28,504,30.5346,14.2517
2019-01-30,2021-01-29,504,29.2958,13.7083
2019-01-31,2021-02-01,504,29.2894,13.7055
2019-02-01,2021-02-02,504,29.2332,13.6808
2019-02-04,2021-02-03,504,29.0017,13.5789
2019-02-05,2021-02-04,504,28.1893,13.2207
2019-02-06,2021-02-05,504,28.6483,13.4232
2019-02-07,2021-02-08,504,29.5336,13.8128
2019-02-08,2021-02-09,504,29.3021,13.7111
2019-02-11,2021-02-10,504,29.8712,13.961
2019-02-12,2021-02-11,504,29.0638,13.6063
2019-02-13,2021-02-12,504,28.765,13.4747
2019-02-14,2021-02-16,504,27.7498,13.0265
2019-02-15,2021-02-17,504,26.8343,12.6208
2019-02-19,2021-02-18,504,25.9284,12.2178
2019-02-20,2021-02-19,504,25.4633,12.0104
2019-02-21,2021-02-22,504,26.4202,12.4368
2019-02-22,2021-02-23,504,25.7939,12.1579
2019-02-25,2021-02-24,504,25.9815,12.2415
2019-02-26,2021-02-25,504,24.1369,11.4167
2019-02-27,2021-02-26,504,24.6377,11.6413
2019-02-28,2021-03-01,504,25.2697,11.924
2019-03-01,2021-03-02,504,25.6726,12.1038
2019-03-04,2021-03-03,504,24.734,11.6844
2019-03-05,2021-03-04,504,23.849,11.2875
2019-03-06,2021-03-05,504,24.5477,11.6009
2019-03-07,2021-03-08,504,23.8389,11.2829
2019-03-08,2021-03-09,504,25.0484,11.825
2019-03-11,2021-03-10,504,25.238,11.9098
2019-03-12,2021-03-11,504,24.9952,11.8012
2019-03-13,2021-03-12,504,23.8349,11.2811
2019-03-14,2021-03-15,504,25.0065,11.8063
2019-03-15,2021-03-16,504,24.2852,11.4833
2019-03-18,2021-03-17,504,24.0449,11.3754
2019-03-19,2021-03-18,504,23.2946,11.0381
2019-03-20,2021-03-19,504,23.4913,11.1266
2019-03-21,2021-03-22,504,23.4299,11.099
2019-03-22,2021-03-23,504,23.1659,10.9801
2019-03-25,2021-03-24,504,23.0022,10.9064
2019-03-26,2021-03-25,504,22.7942,10.8125
2019-03-27,2021-03-26,504,23.3782,11.0757
2019-03-28,2021-03-29,504,23.0231,10.9158
2019-03-29,2021-03-30,504,22.2839,10.5821
2019-04-01,2021-03-31,504,22.9955,10.9033
2019-04-02,2021-04-01,504,24.0042,11.3572
2019-04-03,2021-04-05,504,24.619,11.6329
2019-04-04,2021-04-06,504,24.9002,11.7588
2019-04-05,2021-04-07,504,24.5084,11.5833
2019-04-08,2021-04-08,504,25.1103,11.8527
2019-04-09,2021-04-09,504,24.9636,11.7871
2019-04-10,2021-04-12,504,24.3955,11.5327
2019-04-11,2021-04-13,504,25.7091,12.1201
2019-04-12,2021-04-14,504,25.2338,11.9079
2019-04-15,2021-04-15,504,26.7058,12.5637
2019-04-16,2021-04-16,504,27.4289,12.8844
2019-04-17,2021-04-19,504,27.0399,12.712
2019-04-18,2021-04-20,504,26.8525,12.6288
2019-04-22,2021-04-21,504,27.6065,12.963
2019-04-23,2021-04-22,504,26.955,12.6743
2019-04-24,2021-04-23,504,26.8523,12.6287
2019-04-25,2021-04-26,504,26.9679,12.68
2019-04-26,2021-04-27,504,26.1874,12.3332
2019-04-29,2021-04-28,504,26.427,12.4398
2019-04-30,2021-04-29,504,26.1958,12.3369
2019-05-01,2021-04-30,504,26.1234,12.3047
2019-05-02,2021-05-03,504,27.2126,12.7886
2019-05-03,2021-05-04,504,26.2223,12.3487
2019-05-06,2021-05-05,504,26.4289,12.4406
2019-05-07,2021-05-06,504,27.589,12.9553
2019-05-08,2021-05-07,504,28.3117,13.2748
2019-05-09,2021-05-10,504,27.591,12.9562
2019-05-10,2021-05-11,504,26.9341,12.665
2019-05-13,2021-05-12,504,25.7791,12.1513
2019-05-14,2021-05-13,504,26.2578,12.3645
2019-05-15,2021-05-14,504,26.8881,12.6446
2019-05-16,2021-05-17,504,27.3771,12.8615
2019-05-17,2021-05-18,504,27.3984,12.8709
2019-05-20,2021-05-19,504,27.715,13.0111
2019-05-21,2021-05-20,504,28.2297,13.2385
2019-05-22,2021-05-21,504,28.0656,13.1661
2019-05-23,2021-05-24,504,28.4157,13.3206
2019-05-24,2021-05-25,504,28.8151,13.4968
2019-05-28,2021-05-26,504,29.1247,13.633
2019-05-29,2021-05-27,504,28.9806,13.5696
2019-05-30,2021-05-28,504,28.5729,13.39
2019-05-31,2021-06-01,504,28.1203,13.1902
2019-06-03,2021-06-02,504,27.7793,13.0395
2019-06-04,2021-06-03,504,26.5119,12.4775
2019-06-05,2021-06-04,504,27.3272,12.8393
2019-06-06,2021-06-07,504,26.7895,12.6009
2019-06-07,2021-06-08,504,26.2082,12.3424
2019-06-10,2021-06-09,504,26.9657,12.6791
2019-06-11,2021-06-10,504,27.2742,12.8159
2019-06-12,2021-06-11,504,26.9062,12.6526
2019-06-13,2021-06-14,504,26.093,12.2912
2019-06-14,2021-06-15,504,25.7668,12.1458
2019-06-17,2021-06-16,504,25.5837,12.0641
2019-06-18,2021-06-17,504,23.8257,11.277
2019-06-19,2021-06-18,504,23.6938,11.2177
2019-06-20,2021-06-21,504,22.4319,10.649
2019-06-21,2021-06-22,504,22.8887,10.8552
2019-06-24,2021-06-23,504,22.303,10.5907
2019-06-25,2021-06-24,504,22.6415,10.7436
2019-06-26,2021-06-25,504,22.795,10.8129
2019-06-27,2021-06-28,504,22.9487,10.8822
2019-06-28,2021-06-29,504,22.5258,10.6914
2019-07-01,2021-06-30,504,23.2155,11.0025
2019-07-02,2021-07-01,504,22.7356,10.7861
2019-07-03,2021-07-02,504,22.7277,10.7825
2019-07-05,2021-07-06,504,23.9235,11.3209
2019-07-08,2021-07-07,504,24.5449,11.5997
2019-07-09,2021-07-08,504,24.2686,11.4758
2019-07-10,2021-07-09,504,24.1895,11.4403
2019-07-11,2021-07-12,504,24.6818,11.661
2019-07-12,2021-07-13,504,24.0863,11.394
2019-07-15,2021-07-14,504,24.4936,11.5767
2019-07-16,2021-07-15,504,25.0125,11.809
2019-07-17,2021-07-16,504,24.0399,11.3732
2019-07-18,2021-07-19,504,23.7709,11.2524
2019-07-19,2021-07-20,504,24.3601,11.5169
2019-07-22,2021-07-21,504,23.9973,11.3541
2019-07-23,2021-07-22,504,24.4528,11.5584
2019-07-24,2021-07-23,504,24.2251,11.4563
2019-07-25,2021-07-26,504,24.6993,11.6688
2019-07-26,2021-07-27,504,24.4344,11.5502
2019-07-29,2021-07-28,504,24.4462,11.5555
2019-07-30,2021-07-29,504,24.7631,11.6974
2019-07-31,2021-07-30,504,24.5628,11.6077
2019-08-01,2021-08-02,504,24.6492,11.6464
2019-08-02,2021-08-03,504,24.2381,11.4621
2019-08-05,2021-08-04,504,24.2141,11.4514
2019-08-06,2021-08-05,504,23.36,11.0676
2019-08-07,2021-08-06,504,21.4332,10.1968
2019-08-08,2021-08-09,504,20.2023,9.6368
2019-08-09,2021-08-10,504,20.4877,9.7669
2019-08-12,2021-08-11,504,20.5552,9.7977
2019-08-13,2021-08-12,504,20.2721,9.6686
2019-08-14,2021-08-13,504,21.2749,10.1249
2019-08-15,2021-08-16,504,21.1621,10.0737
2019-08-16,2021-08-17,504,20.7457,9.8844
2019-08-19,2021-08-18,504,20.6524,9.8419
2019-08-20,2021-08-19,504,20.7668,9.894
2019-08-21,2021-08-20,504,21.0129,10.0059
2019-08-22,2021-08-23,504,22.0308,10.4676
2019-08-23,2021-08-24,504,21.7272,10.33
2019-08-26,2021-08-25,504,21.0354,10.0161
2019-08-27,2021-08-26,504,20.3587,9.7081
2019-08-28,2021-08-27,504,21.0791,10.0359
2019-08-29,2021-08-30,504,21.0905,10.0411
2019-08-30,2021-08-31,504,21.0651,10.0296
2019-09-03,2021-09-01,504,20.7612,9.8914
2019-09-04,2021-09-02,504,20.4353,9.743
2019-09-05,2021-09-03,504,21.3056,10.1388
2019-09-06,2021-09-07,504,20.3212,9.691
2019-09-09,2021-09-08,504,20.969,9.9859
2019-09-10,2021-09-09,504,21.9983,10.4528
2019-09-11,2021-09-10,504,21.0705,10.032
2019-09-12,2021-09-13,504,21.3739,10.1698
2019-09-13,2021-09-14,504,22.5477,10.7013
2019-09-16,2021-09-15,504,22.0213,10.4632
2019-09-17,2021-09-16,504,20.9216,9.9643
2019-09-18,2021-09-17,504,20.1814,9.6273
2019-09-19,2021-09-20,504,20.2142,9.6422
2019-09-20,2021-09-21,504,19.9925,9.5411
2019-09-23,2021-09-22,504,20.1969,9.6343
2019-09-24,2021-09-23,504,19.2674,9.2096
2019-09-25,2021-09-24,504,19.8451,9.4738
2019-09-26,2021-09-27,504,19.4809,9.3073
2019-09-27,2021-09-28,504,18.3373,8.7829
2019-09-30,2021-09-29,504,18.6537,8.9283
2019-10-01,2021-09-30,504,18.7586,8.9764
2019-10-02,2021-10-01,504,19.5557,9.3415
2019-10-03,2021-10-04,504,18.5371,8.8747
2019-10-04,2021-10-05,504,17.8989,8.5812
2019-10-07,2021-10-06,504,18.7542,8.9744
2019-10-08,2021-10-07,504,19.168,9.1641
2019-10-09,2021-10-08,504,18.562,8.8862
2019-10-10,2021-10-11,504,18.6584,8.9304
2019-10-11,2021-10-12,504,19.345,9.2451
2019-10-14,2021-10-13,504,19.9635,9.5278
2019-10-15,2021-10-14,504,21.0583,10.0265
2019-10-16,2021-10-15,504,20.4885,9.7673
2019-10-17,2021-10-18,504,20.5953,9.8159
2019-10-18,2021-10-19,504,20.7742,9.8973
2019-10-21,2021-10-20,504,21.0888,10.0404
2019-10-22,2021-10-21,504,21.0772,10.0351
2019-10-23,2021-10-22,504,21.285,10.1295
2019-10-24,2021-10-25,504,21.4091,10.1858
2019-10-25,2021-10-26,504,21.4858,10.2206
2019-10-28,2021-10-27,504,22.1771,10.5337
2019-10-29,2021-10-28,504,22.5809,10.7163
2019-10-30,2021-10-29,504,21.766,10.3476
2019-10-31,2021-11-01,504,21.1604,10.0729
2019-11-01,2021-11-02,504,21.1682,10.0764
2019-11-04,2021-11-03,504,20.9871,9.9942
2019-11-05,2021-11-04,504,22.8646,10.8443
2019-11-06,2021-11-05,504,23.4123,11.0911
2019-11-07,2021-11-08,504,24.5909,11.6203
2019-11-08,2021-11-09,504,24.9831,11.7959
2019-11-11,2021-11-10,504,24.6044,11.6264
2019-11-12,2021-11-11,504,24.726,11.6808
2019-11-13,2021-11-12,504,24.5261,11.5913
2019-11-14,2021-11-15,504,23.5774,11.1654
2019-11-15,2021-11-16,504,23.3343,11.056
2019-11-18,2021-11-17,504,23.5772,11.1653
2019-11-19,2021-11-18,504,23.3835,11.0781
2019-11-20,2021-11-19,504,23.2639,11.0243
2019-11-21,2021-11-22,504,22.5245,10.6908
2019-11-22,2021-11-23,504,21.7085,10.3216
2019-11-25,2021-11-24,504,22.0655,10.4833
2019-11-26,2021-11-26,504,21.6062,10.2752
2019-11-27,2021-11-29,504,21.9177,10.4164
2019-11-29,2021-11-30,504,21.4044,10.1837
2019-12-02,2021-12-01,504,22.0117,10.4589
2019-12-03,2021-12-02,504,21.4828,10.2192
2019-12-04,2021-12-03,504,22.0502,10.4763
2019-12-05,2021-12-06,504,22.0386,10.4711
2019-12-06,2021-12-07,504,22.9325,10.8749
2019-12-09,2021-12-08,504,22.5955,10.7229
2019-12-10,2021-12-09,504,22.2952,10.5872
2019-12-11,2021-12-10,504,22.2567,10.5698
2019-12-12,2021-12-13,504,22.6692,10.7561
2019-12-13,2021-12-14,504,21.5165,10.2345
2019-12-16,2021-12-15,504,21.7979,10.3621
2019-12-17,2021-12-16,504,22.0742,10.4872
2019-12-18,2021-12-17,504,22.4272,10.6468
2019-12-19,2021-12-20,504,21.3156,10.1434
2019-12-20,2021-12-21,504,21.6594,10.2993
2019-12-23,2021-12-22,504,22.255,10.569
2019-12-24,2021-12-23,504,21.9734,10.4416
2019-12-26,2021-12-27,504,22.0773,10.4886
2019-12-27,2021-12-28,504,21.8349,10.3789
2019-12-30,2021-12-29,504,21.7715,10.3501
2019-12-31,2021-12-30,504,22.1241,10.5098
2020-01-02,2021-12-31,504,21.6174,10.2803
2020-01-03,2022-01-03,504,19.9094,9.5031
2020-01-06,2022-01-04,504,19.7446,9.4279
2020-01-07,2022-01-05,504,19.3107,9.2294
2020-01-08,2022-01-06,504,19.0243,9.0983
2020-01-09,2022-01-07,504,18.5866,8.8975
2020-01-10,2022-01-10,504,18.4052,8.8142
2020-01-13,2022-01-11,504,19.1933,9.1757
2020-01-14,2022-01-12,504,19.3342,9.2402
2020-01-15,2022-01-13,504,18.6549,8.9288
2020-01-16,2022-01-14,504,17.9807,8.6189
2020-01-17,2022-01-18,504,16.8684,8.1057
2020-01-21,2022-01-19,504,17.1659,8.2432
2020-01-22,2022-01-20,504,16.945,8.1411
2020-01-23,2022-01-21,504,16.1995,7.7959
2020-01-24,2022-01-24,504,16.2012,7.7967
2020-01-27,2022-01-25,504,16.0967,7.7482
2020-01-28,2022-01-26,504,15.2931,7.3746
2020-01-29,2022-01-27,504,14.8617,7.1736
2020-01-30,2022-01-28,504,15.0203,7.2475
2020-01-31,2022-01-31,504,15.9936,7.7003
2020-02-03,2022-02-01,504,16.0247,7.7148
2020-02-04,2022-02-02,504,16.8108,8.0791
2020-02-05,2022-02-03,504,15.5249,7.4825
2020-02-06,2022-02-04,504,14.9306,7.2057
2020-02-07,2022-02-07,504,14.8885,7.186
2020-02-10,2022-02-08,504,14.5786,7.0414
2020-02-11,2022-02-09,504,15.4044,7.4265
2020-02-12,2022-02-10,504,14.3295,6.925
2020-02-13,2022-02-11,504,14.1075,6.8211
2020-02-14,2022-02-14,504,13.7787,6.6671
2020-02-18,2022-02-15,504,13.3087,6.4465
2020-02-19,2022-02-16,504,13.4437,6.5099
2020-02-20,2022-02-17,504,13.351,6.4664
2020-02-21,2022-02-18,504,13.1059,6.3512
2020-02-24,2022-02-22,504,13.3657,6.4733
2020-02-25,2022-02-23,504,13.7299,6.6442
2020-02-26,2022-02-24,504,14.7779,7.1344
2020-02-27,2022-02-25,504,15.8245,7.6218
2020-02-28,2022-02-28,504,17.6438,8.4637
2020-03-02,2022-03-01,504,16.6208,7.9911
2020-03-03,2022-03-02,504,15.1944,7.3287
2020-03-04,2022-03-03,504,14.7112,7.1033
2020-03-05,2022-03-04,504,15.3239,7.389
2020-03-06,2022-03-07,504,14.1464,6.8393
2020-03-09,2022-03-08,504,16.117,7.7576
2020-03-10,2022-03-09,504,15.7204,7.5734
2020-03-11,2022-03-10,504,18.3414,8.7848
2020-03-12,2022-03-11,504,22.0497,10.4761
2020-03-13,2022-03-14,504,19.8703,9.4853
2020-03-16,2022-03-15,504,23.5565,11.156
2020-03-17,2022-03-16,504,22.7,10.77
2020-03-18,2022-03-17,504,28.0184,13.1452
2020-03-19,2022-03-18,504,27.5305,12.9294
2020-03-20,2022-03-21,504,26.3428,12.4023
2020-03-23,2022-03-22,504,24.8028,11.7152
2020-03-24,2022-03-23,504,20.3948,9.7246
2020-03-25,2022-03-24,504,21.325,10.1476
2020-03-26,2022-03-25,504,18.1269,8.6862
2020-03-27,2022-03-28,504,19.4416,9.2893
2020-03-30,2022-03-29,504,18.5304,8.8716
2020-03-31,2022-03-30,504,20.4584,9.7535
2020-04-01,2022-03-31,504,21.95,10.431
2020-04-02,2022-04-01,504,19.6027,9.363
2020-04-03,2022-04-04,504,20.2793,9.6719
2020-04-06,2022-04-05,504,15.8454,7.6315
2020-04-07,2022-04-06,504,15.8441,7.6309
2020-04-08,2022-04-07,504,15.0972,7.2834
2020-04-09,2022-04-08,504,13.1684,6.3806
2020-04-13,2022-04-11,504,12.6949,6.1579
2020-04-14,2022-04-12,504,12.0586,5.8577
2020-04-15,2022-04-13,504,13.0348,6.3178
2020-04-16,2022-04-14,504,11.6513,5.6652
2020-04-17,2022-04-18,504,11.7982,5.7347
2020-04-20,2022-04-19,504,11.7489,5.7113
2020-04-21,2022-04-20,504,13.217,6.4035
2020-04-22,2022-04-21,504,11.192,5.4476
2020-04-23,2022-04-22,504,9.9443,4.8543
2020-04-24,2022-04-25,504,9.4154,4.6018
2020-04-27,2022-04-26,504,9.3018,4.5475
2020-04-28,2022-04-27,504,8.688,4.2535
2020-04-29,2022-04-28,504,8.8158,4.3148
2020-04-30,2022-04-29,504,8.762,4.289
2020-05-01,2022-05-02,504,8.2567,4.0465
2020-05-04,2022-05-03,504,8.4106,4.1204
2020-05-05,2022-05-04,504,9.1948,4.4963
2020-05-06,2022-05-05,504,8.6075,4.2149
2020-05-07,2022-05-06,504,6.9089,3.3968
2020-05-08,2022-05-09,504,5.9099,2.9125
2020-05-11,2022-05-10,504,6.2788,3.0916
2020-05-12,2022-05-11,504,6.7596,3.3245
2020-05-13,2022-05-12,504,6.4082,3.1544
2020-05-14,2022-05-13,504,5.5204,2.7231
2020-05-15,2022-05-16,504,5.1959,2.5651
2020-05-18,2022-05-17,504,5.3488,2.6396
2020-05-19,2022-05-18,504,4.8811,2.4115
2020-05-20,2022-05-19,504,4.5151,2.2326
2020-05-21,2022-05-20,504,5.4386,2.6833
2020-05-22,2022-05-23,504,5.1663,2.5506
2020-05-26,2022-05-24,504,6.047,2.9791
2020-05-27,2022-05-25,504,5.5137,2.7198
2020-05-28,2022-05-26,504,6.0068,2.9596
2020-05-29,2022-05-27,504,6.0704,2.9905
2020-06-01,2022-05-31,504,5.3042,2.6178
2020-06-02,2022-06-01,504,5.1437,2.5396
2020-06-03,2022-06-02,504,6.4142,3.1572
2020-06-04,2022-06-03,504,5.7522,2.8359
2020-06-05,2022-06-06,504,5.4304,2.6793
2020-06-08,2022-06-07,504,5.2525,2.5927
2020-06-09,2022-06-08,504,4.5453,2.2474
2020-06-10,2022-06-09,504,3.7575,1.8614
2020-06-11,2022-06-10,504,4.3074,2.131
2020-06-12,2022-06-13,504,1.7999,0.8959
2020-06-15,2022-06-14,504,1.0779,0.5375
2020-06-16,2022-06-15,504,1.6886,0.8407
2020-06-17,2022-06-16,504,1.5379,0.766
2020-06-18,2022-06-17,504,1.2924,0.6441
2020-06-19,2022-06-21,504,1.2346,0.6154
2020-06-22,2022-06-22,504,1.5007,0.7476
2020-06-23,2022-06-23,504,1.578,0.7859
2020-06-24,2022-06-24,504,2.5373,1.2607
2020-06-25,2022-06-27,504,1.9007,0.9459
2020-06-26,2022-06-28,504,1.8784,0.9348
2020-06-29,2022-06-29,504,1.6441,0.8187
2020-06-30,2022-06-30,504,0.8991,0.4485
2020-07-01,2022-07-01,504,1.4867,0.7406
2020-07-02,2022-07-05,504,0.8787,0.4384
2020-07-06,2022-07-06,504,-0.1824,-0.0912
2020-07-07,2022-07-07,504,-0.3372,-0.1687
2020-07-08,2022-07-08,504,-0.8021,-0.4019
2020-07-09,2022-07-11,504,-0.8658,-0.4338
2020-07-10,2022-07-12,504,-1.1797,-0.5916
2020-07-13,2022-07-13,504,-0.8611,-0.4315
2020-07-14,2022-07-14,504,-1.9354,-0.9724
2020-07-15,2022-07-15,504,-1.5,-0.7528
2020-07-16,2022-07-18,504,-1.6451,-0.826
2020-07-17,2022-07-19,504,-1.3102,-0.6573
2020-07-20,2022-07-20,504,-1.6923,-0.8497
2020-07-21,2022-07-21,504,-1.2749,-0.6395
2020-07-22,2022-07-22,504,-1.4038,-0.7044
2020-07-23,2022-07-25,504,-1.9795,-0.9947
2020-07-24,2022-07-26,504,-2.2095,-1.1109
2020-07-27,2022-07-27,504,-2.2672,-1.1401
2020-07-28,2022-07-28,504,-1.5224,-0.7641
2020-07-29,2022-07-29,504,-1.437,-0.7211
2020-07-30,2022-08-01,504,-0.7755,-0.3885
2020-07-31,2022-08-02,504,-1.8402,-0.9244
2020-08-03,2022-08-03,504,-1.3964,-0.7006
2020-08-04,2022-08-04,504,-1.6612,-0.8341
2020-08-05,2022-08-05,504,-2.7749,-1.3972
2020-08-06,2022-08-08,504,-2.7863,-1.403
2020-08-07,2022-08-09,504,-2.2262,-1.1194
2020-08-10,2022-08-10,504,-2.0018,-1.006
2020-08-11,2022-08-11,504,-1.0641,-0.5335
2020-08-12,2022-08-12,504,-0.4649,-0.2327
2020-08-13,2022-08-15,504,-0.5927,-0.2968
2020-08-14,2022-08-16,504,-0.2747,-0.1375
2020-08-17,2022-08-17,504,-1.5223,-0.7641
2020-08-18,2022-08-18,504,-1.8852,-0.9471
2020-08-19,2022-08-19,504,-1.9595,-0.9846
2020-08-20,2022-08-22,504,-2.7621,-1.3907
2020-08-21,2022-08-23,504,-2.9854,-1.504
2020-08-24,2022-08-24,504,-3.2131,-1.6197
2020-08-25,2022-08-25,504,-2.1729,-1.0924
2020-08-26,2022-08-26,504,-3.6158,-1.8246
2020-08-27,2022-08-29,504,-3.3488,-1.6886
2020-08-28,2022-08-30,504,-4.4051,-2.2273
2020-08-31,2022-08-31,504,-5.0298,-2.5473
2020-09-01,2022-09-01,504,-6.0448,-3.0695
2020-09-02,2022-09-02,504,-6.2713,-3.1864
2020-09-03,2022-09-06,504,-6.0512,-3.0728
2020-09-04,2022-09-07,504,-4.4269,-2.2385
2020-09-08,2022-09-08,504,-4.167,-2.1057
2020-09-09,2022-09-09,504,-4.1912,-2.118
2020-09-10,2022-09-12,504,-3.7731,-1.9047
2020-09-11,2022-09-13,504,-4.9342,-2.4983
2020-09-14,2022-09-14,504,-5.3486,-2.7111
2020-09-15,2022-09-15,504,-6.2149,-3.1573
2020-09-16,2022-09-16,504,-6.2863,-3.1941
2020-09-17,2022-09-19,504,-5.7601,-2.9228
2020-09-18,2022-09-20,504,-6.1546,-3.1261
2020-09-21,2022-09-21,504,-5.3665,-2.7203
2020-09-22,2022-09-22,504,-6.206,-3.1527
2020-09-23,2022-09-23,504,-5.7883,-2.9373
2020-09-24,2022-09-26,504,-6.9898,-3.5582
2020-09-25,2022-09-27,504,-7.8193,-3.9892
2020-09-28,2022-09-28,504,-6.7413,-3.4294
2020-09-29,2022-09-29,504,-7.4272,-3.7852
2020-09-30,2022-09-30,504,-7.8859,-4.0239
2020-10-01,2022-10-03,504,-7.0158,-3.5717
2020-10-02,2022-10-04,504,-5.5904,-2.8354
2020-10-05,2022-10-05,504,-6.1428,-3.1201
2020-10-06,2022-10-06,504,-6.0886,-3.0921
2020-10-07,2022-10-07,504,-7.0172,-3.5724
2020-10-08,2022-10-10,504,-8.3773,-4.2803
2020-10-09,2022-10-11,504,-8.8454,-4.5251
2020-10-12,2022-10-12,504,-9.5167,-4.8773
2020-10-13,2022-10-13,504,-8.7659,-4.4835
2020-10-14,2022-10-14,504,-9.8142,-5.0338
2020-10-15,2022-10-17,504,-9.0859,-4.6511
2020-10-16,2022-10-18,504,-8.8474,-4.5261
2020-10-19,2022-10-19,504,-9.2179,-4.7204
2020-10-20,2022-10-20,504,-9.5683,-4.9044
2020-10-21,2022-10-21,504,-9.1142,-4.666
2020-10-22,2022-10-24,504,-8.7485,-4.4744
2020-10-23,2022-10-25,504,-8.0557,-4.1124
2020-10-26,2022-10-26,504,-7.5547,-3.8515
2020-10-27,2022-10-27,504,-7.696,-3.9251
2020-10-28,2022-10-28,504,-6.3709,-3.2379
2020-10-29,2022-10-31,504,-6.6441,-3.3792
2020-10-30,2022-11-01,504,-5.9764,-3.0342
2020-11-02,2022-11-02,504,-7.2739,-3.7056
2020-11-03,2022-11-03,504,-8.4197,-4.3024
2020-11-04,2022-11-04,504,-8.507,-4.348
2020-11-05,2022-11-07,504,-9.565,-4.9027
2020-11-06,2022-11-08,504,-8.5406,-4.3656
2020-11-09,2022-11-09,504,-7.8374,-3.9986
2020-11-10,2022-11-10,504,-5.4588,-2.7677
2020-11-11,2022-11-11,504,-5.2227,-2.6463
2020-11-12,2022-11-14,504,-5.5387,-2.8088
2020-11-13,2022-11-15,504,-5.5719,-2.8259
2020-11-16,2022-11-16,504,-5.6699,-2.8763
2020-11-17,2022-11-17,504,-6.0765,-3.0859
2020-11-18,2022-11-18,504,-5.8219,-2.9546
2020-11-19,2022-11-21,504,-6.1213,-3.109
2020-11-20,2022-11-22,504,-5.6407,-2.8613
2020-11-23,2022-11-23,504,-4.7479,-2.4028
2020-11-24,2022-11-25,504,-4.5729,-2.3132
2020-11-25,2022-11-28,504,-4.9665,-2.5149
2020-11-27,2022-11-29,504,-5.0802,-2.5732
2020-11-30,2022-11-30,504,-4.0342,-2.0378
2020-12-01,2022-12-01,504,-3.1295,-1.5772
2020-12-02,2022-12-02,504,-3.0116,-1.5173
2020-12-03,2022-12-05,504,-4.4165,-2.2332
2020-12-04,2022-12-06,504,-4.397,-2.2232
2020-12-07,2022-12-07,504,-4.1651,-2.1047
2020-12-08,2022-12-08,504,-4.2938,-2.1705
2020-12-09,2022-12-09,504,-4.1179,-2.0806
2020-12-10,2022-12-12,504,-4.1303,-2.0869
2020-12-11,2022-12-13,504,-3.3928,-1.711
2020-12-14,2022-12-14,504,-3.212,-1.6191
2020-12-15,2022-12-15,504,-4.7345,-2.396
2020-12-16,2022-12-16,504,-5.0594,-2.5625
2020-12-17,2022-12-19,504,-6.0978,-3.0969
2020-12-18,2022-12-20,504,-5.8362,-2.962
2020-12-21,2022-12-21,504,-5.36,-2.7169
2020-12-22,2022-12-22,504,-6.0013,-3.0471
2020-12-23,2022-12-23,504,-6.0039,-3.0484
2020-12-24,2022-12-27,504,-6.4405,-3.2739
2020-12-28,2022-12-28,504,-7.1375,-3.6348
2020-12-29,2022-12-29,504,-6.3233,-3.2133
2020-12-30,2022-12-30,504,-6.7975,-3.4585
2020-12-31,2023-01-03,504,-6.4783,-3.2934
2021-01-04,2023-01-04,504,-6.0738,-3.0845
2021-01-05,2023-01-05,504,-6.6137,-3.3634
2021-01-06,2023-01-06,504,-4.4994,-2.2756
2021-01-07,2023-01-09,504,-4.5814,-2.3176
2021-01-08,2023-01-10,504,-4.0064,-2.0237
2021-01-11,2023-01-11,504,-3.2275,-1.627
2021-01-12,2023-01-12,504,-2.3045,-1.159
2021-01-13,2023-01-13,504,-2.5909,-1.304
2021-01-14,2023-01-17,504,-2.5885,-1.3027
2021-01-15,2023-01-18,504,-2.03,-1.0202
2021-01-19,2023-01-19,504,-2.5801,-1.2985
2021-01-20,2023-01-20,504,-3.22,-1.6232
2021-01-21,2023-01-23,504,-2.8853,-1.4532
2021-01-22,2023-01-24,504,-2.3344,-1.1741
2021-01-25,2023-01-25,504,-2.5408,-1.2786
2021-01-26,2023-01-26,504,-2.4005,-1.2075
2021-01-27,2023-01-27,504,-1.6203,-0.8135
2021-01-28,2023-01-30,504,-2.191,-1.1016
2021-01-29,2023-01-31,504,-0.9469,-0.4746
2021-02-01,2023-02-01,504,-1.0789,-0.5409
2021-02-02,2023-02-02,504,-0.7091,-0.3552
2021-02-03,2023-02-03,504,-1.8867,-0.9479
2021-02-04,2023-02-06,504,-1.8877,-0.9483
2021-02-05,2023-02-07,504,-1.8951,-0.9521
2021-02-08,2023-02-08,504,-2.5663,-1.2915
2021-02-09,2023-02-09,504,-3.192,-1.6089
2021-02-10,2023-02-10,504,-3.6489,-1.8414
2021-02-11,2023-02-13,504,-3.0319,-1.5276
2021-02-12,2023-02-14,504,-2.8759,-1.4484
2021-02-16,2023-02-15,504,-2.6059,-1.3116
2021-02-17,2023-02-16,504,-3.0007,-1.5118
2021-02-18,2023-02-17,504,-2.7173,-1.368
2021-02-19,2023-02-21,504,-3.4657,-1.7481
2021-02-22,2023-02-22,504,-3.3038,-1.6658
2021-02-23,2023-02-23,504,-3.0584,-1.5411
2021-02-24,2023-02-24,504,-3.8162,-1.9266
2021-02-25,2023-02-27,504,-2.2062,-1.1092
2021-02-26,2023-02-28,504,-2.0225,-1.0164
2021-03-01,2023-03-01,504,-2.5657,-1.2912
2021-03-02,2023-03-02,504,-2.558,-1.2873
2021-03-03,2023-03-03,504,-0.5105,-0.2556
2021-03-04,2023-03-06,504,0.073,0.0365
2021-03-05,2023-03-07,504,-1.1993,-0.6015
2021-03-08,2023-03-08,504,-0.5247,-0.2627
2021-03-09,2023-03-09,504,-1.9873,-0.9987
2021-03-10,2023-03-10,504,-1.3607,-0.6827
2021-03-11,2023-03-13,504,-0.8185,-0.4101
2021-03-12,2023-03-14,504,-0.3747,-0.1875
2021-03-15,2023-03-15,504,-0.2559,-0.128
2021-03-16,2023-03-16,504,0.0023,0.0012
2021-03-17,2023-03-17,504,0.9292,0.4635
2021-03-18,2023-03-20,504,1.6522,0.8227
2021-03-19,2023-03-21,504,0.9499,0.4738
2021-03-22,2023-03-22,504,0.5569,0.2781
2021-03-23,2023-03-23,504,1.4346,0.7148
2021-03-24,2023-03-24,504,1.4389,0.7169
2021-03-25,2023-03-27,504,0.6442,0.3216
2021-03-26,2023-03-28,504,0.4296,0.2146
2021-03-29,2023-03-29,504,1.176,0.5863
2021-03-30,2023-03-30,504,1.998,0.9941
2021-03-31,2023-03-31,504,2.1954,1.0917
2021-04-01,2023-04-03,504,1.6788,0.8359
2021-04-05,2023-04-04,504,1.8506,0.9211
2021-04-06,2023-04-05,504,1.6876,0.8402
2021-04-07,2023-04-06,504,1.8868,0.939
2021-04-08,2023-04-10,504,0.642,0.3205
2021-04-09,2023-04-11,504,0.9609,0.4793
2021-04-12,2023-04-12,504,1.0954,0.5462
2021-04-13,2023-04-13,504,1.1458,0.5713
2021-04-14,2023-04-14,504,0.707,0.3529
2021-04-15,2023-04-17,504,-0.7356,-0.3685
2021-04-16,2023-04-18,504,-0.5506,-0.2757
2021-04-19,2023-04-19,504,-0.3873,-0.1938
2021-04-20,2023-04-20,504,-0.205,-0.1025
2021-04-21,2023-04-21,504,-1.1806,-0.592
2021-04-22,2023-04-24,504,-0.5092,-0.2549
2021-04-23,2023-04-25,504,-0.6741,-0.3376
2021-04-26,2023-04-26,504,-1.1843,-0.5939
2021-04-27,2023-04-27,504,-0.6472,-0.3241
2021-04-28,2023-04-28,504,0.0344,0.0172
2021-04-29,2023-05-01,504,-0.8173,-0.4095
2021-04-30,2023-05-02,504,0.0269,0.0134
2021-05-03,2023-05-03,504,-0.2459,-0.123
2021-05-04,2023-05-04,504,-0.1959,-0.098
2021-05-05,2023-05-05,504,-0.375,-0.1877
2021-05-06,2023-05-08,504,-1.2699,-0.637
2021-05-07,2023-05-09,504,-1.6258,-0.8162
2021-05-10,2023-05-10,504,-0.9006,-0.4513
2021-05-11,2023-05-11,504,-0.4857,-0.2431
2021-05-12,2023-05-12,504,0.3024,0.1511
2021-05-13,2023-05-15,504,-0.2212,-0.1106
2021-05-14,2023-05-16,504,-1.6509,-0.8289
2021-05-17,2023-05-17,504,-1.7565,-0.8821
2021-05-18,2023-05-18,504,-1.7049,-0.8561
2021-05-19,2023-05-19,504,-1.6512,-0.8291
2021-05-20,2023-05-22,504,-2.2743,-1.1437
2021-05-21,2023-05-23,504,-2.5238,-1.2699
2021-05-24,2023-05-24,504,-3.3971,-1.7132
2021-05-25,2023-05-25,504,-3.8068,-1.9219
2021-05-26,2023-05-26,504,-3.3233,-1.6757
2021-05-27,2023-05-30,504,-2.7848,-1.4022
2021-05-28,2023-05-31,504,-2.723,-1.3709
2021-06-01,2023-06-01,504,-2.184,-1.098
2021-06-02,2023-06-02,504,-2.5426,-1.2795
2021-06-03,2023-06-05,504,-1.9493,-0.9794
2021-06-04,2023-06-06,504,-2.449,-1.2321
2021-06-07,2023-06-07,504,-3.1688,-1.5972
2021-06-08,2023-06-08,504,-2.5942,-1.3056
2021-06-09,2023-06-09,504,-2.7891,-1.4044
2021-06-10,2023-06-12,504,-2.8459,-1.4332
2021-06-11,2023-06-13,504,-2.839,-1.4297
2021-06-14,2023-06-14,504,-2.1988,-1.1055
2021-06-15,2023-06-15,504,-1.4144,-0.7097
2021-06-16,2023-06-16,504,-1.4929,-0.7492
2021-06-17,2023-06-20,504,-0.9788,-0.4906
2021-06-18,2023-06-21,504,-1.0918,-0.5474
2021-06-21,2023-06-22,504,-1.7071,-0.8572
2021-06-22,2023-06-23,504,-1.7172,-0.8623
2021-06-23,2023-06-26,504,-1.7433,-0.8755
2021-06-24,2023-06-27,504,-1.7293,-0.8684
2021-06-25,2023-06-28,504,-1.5118,-0.7588
2021-06-28,2023-06-29,504,-2.2044,-1.1083
2021-06-29,2023-06-30,504,-1.2684,-0.6362
2021-06-30,2023-07-03,504,-1.6136,-0.8101
2021-07-01,2023-07-05,504,-2.1233,-1.0674
2021-07-02,2023-07-06,504,-3.2298,-1.6281
2021-07-06,2023-07-07,504,-3.5846,-1.8086
2021-07-07,2023-07-10,504,-3.9012,-1.97
2021-07-08,2023-07-11,504,-3.3732,-1.7011
2021-07-09,2023-07-12,504,-2.7166,-1.3677
2021-07-12,2023-07-13,504,-2.2084,-1.1104
2021-07-13,2023-07-14,504,-2.1381,-1.0748
2021-07-14,2023-07-17,504,-2.6128,-1.3151
2021-07-15,2023-07-18,504,-2.2339,-1.1233
2021-07-16,2023-07-19,504,-1.4771,-0.7413
2021-07-19,2023-07-20,504,-2.0527,-1.0316
2021-07-20,2023-07-21,504,-2.2984,-1.1559
2021-07-21,2023-07-24,504,-2.1375,-1.0745
2021-07-22,2023-07-25,504,-2.3825,-1.1984
2021-07-23,2023-07-26,504,-2.3423,-1.1781
2021-07-26,2023-07-27,504,-3.2086,-1.6174
2021-07-27,2023-07-28,504,-2.7707,-1.3951
2021-07-28,2023-07-31,504,-2.5479,-1.2821
2021-07-29,2023-08-01,504,-3.7552,-1.8956
2021-07-30,2023-08-02,504,-4.1401,-2.0919
2021-08-02,2023-08-03,504,-5.0037,-2.534
2021-08-03,2023-08-04,504,-4.7904,-2.4246
2021-08-04,2023-08-07,504,-4.7704,-2.4143
2021-08-05,2023-08-08,504,-4.7191,-2.3881
2021-08-06,2023-08-09,504,-3.9605,-2.0002
2021-08-09,2023-08-10,504,-3.7126,-1.8739
2021-08-10,2023-08-11,504,-3.8024,-1.9196
2021-08-11,2023-08-14,504,-4.073,-2.0577
2021-08-12,2023-08-15,504,-4.639,-2.347
2021-08-13,2023-08-16,504,-5.8344,-2.9611
2021-08-16,2023-08-17,504,-6.5446,-3.3277
2021-08-17,2023-08-18,504,-6.2396,-3.17
2021-08-18,2023-08-21,504,-6.0173,-3.0553
2021-08-19,2023-08-22,504,-6.0688,-3.0819
2021-08-20,2023-08-23,504,-5.2149,-2.6424
2021-08-23,2023-08-24,504,-6.2073,-3.1534
2021-08-24,2023-08-25,504,-5.9402,-3.0156
2021-08-25,2023-08-28,504,-5.3092,-2.6908
2021-08-26,2023-08-29,504,-4.4418,-2.2461
2021-08-27,2023-08-30,504,-4.9574,-2.5102
2021-08-30,2023-08-31,504,-5.0421,-2.5536
2021-08-31,2023-09-01,504,-5.2021,-2.6358
2021-09-01,2023-09-05,504,-5.8015,-2.9441
2021-09-02,2023-09-06,504,-6.1498,-3.1237
2021-09-03,2023-09-07,504,-6.2493,-3.175
2021-09-07,2023-09-08,504,-5.3922,-2.7334
2021-09-08,2023-09-11,504,-5.3611,-2.7175
2021-09-09,2023-09-12,504,-5.7847,-2.9354
2021-09-10,2023-09-13,504,-5.2884,-2.6801
2021-09-13,2023-09-14,504,-5.4238,-2.7497
2021-09-14,2023-09-15,504,-6.0065,-3.0498
2021-09-15,2023-09-18,504,-5.7459,-2.9154
2021-09-16,2023-09-19,504,-5.3057,-2.689
2021-09-17,2023-09-20,504,-4.9122,-2.487
2021-09-20,2023-09-21,504,-6.2272,-3.1637
2021-09-21,2023-09-22,504,-6.1942,-3.1466
2021-09-22,2023-09-25,504,-7.0861,-3.6081
2021-09-23,2023-09-26,504,-7.1531,-3.6429
2021-09-24,2023-09-27,504,-7.4543,-3.7993
2021-09-27,2023-09-28,504,-7.2309,-3.6833
2021-09-28,2023-09-29,504,-6.4034,-3.2547
2021-09-29,2023-10-02,504,-6.8576,-3.4897
2021-09-30,2023-10-03,504,-7.8724,-4.0169
2021-10-01,2023-10-04,504,-7.9516,-4.0582
2021-10-04,2023-10-05,504,-7.8455,-4.0028
2021-10-05,2023-10-06,504,-7.5647,-3.8567
2021-10-06,2023-10-09,504,-6.937,-3.5308
2021-10-07,2023-10-10,504,-6.6206,-3.367
2021-10-08,2023-10-11,504,-5.7094,-2.8967
2021-10-11,2023-10-12,504,-6.2214,-3.1606
2021-10-12,2023-10-13,504,-5.6458,-2.8639
2021-10-13,2023-10-16,504,-6.5289,-3.3196
2021-10-14,2023-10-17,504,-7.2734,-3.7053
2021-10-15,2023-10-18,504,-7.0627,-3.596
2021-10-18,2023-10-19,504,-7.6696,-3.9113
2021-10-19,2023-10-20,504,-7.6411,-3.8965
2021-10-20,2023-10-23,504,-7.6529,-3.9026
2021-10-21,2023-10-24,504,-7.2392,-3.6876
2021-10-22,2023-10-25,504,-8.3324,-4.2568
2021-10-25,2023-10-26,504,-8.5105,-4.3499
2021-10-26,2023-10-27,504,-8.7535,-4.477
2021-10-27,2023-10-30,504,-8.795,-4.4987
2021-10-28,2023-10-31,504,-9.0644,-4.6398
2021-10-29,2023-11-01,504,-8.3506,-4.2663
2021-11-01,2023-11-02,504,-7.3895,-3.7656
2021-11-02,2023-11-03,504,-7.0464,-3.5875
2021-11-03,2023-11-06,504,-6.8995,-3.5114
2021-11-04,2023-11-07,504,-7.443,-3.7934
2021-11-05,2023-11-08,504,-7.9877,-4.077
2021-11-08,2023-11-09,504,-8.6153,-4.4047
2021-11-09,2023-11-10,504,-8.7236,-4.4613
2021-11-10,2023-11-13,504,-8.249,-4.2132
2021-11-11,2023-11-14,504,-7.2786,-3.708
2021-11-12,2023-11-15,504,-7.6644,-3.9086
2021-11-15,2023-11-16,504,-6.7842,-3.4517
2021-11-16,2023-11-17,504,-6.5649,-3.3382
2021-11-17,2023-11-20,504,-6.6127,-3.3629
2021-11-18,2023-11-21,504,-6.4785,-3.2935
2021-11-19,2023-11-22,504,-6.4794,-3.294
2021-11-22,2023-11-24,504,-5.6492,-2.8657
2021-11-23,2023-11-27,504,-4.6491,-2.3522
2021-11-24,2023-11-28,504,-4.6792,-2.3676
2021-11-26,2023-11-29,504,-4.3785,-2.2138
2021-11-29,2023-11-30,504,-4.7184,-2.3877
2021-11-30,2023-12-01,504,-3.5226,-1.7771
2021-12-01,2023-12-04,504,-4.2756,-2.1612
2021-12-02,2023-12-05,504,-4.0068,-2.0239
2021-12-03,2023-12-06,504,-4.0298,-2.0356
2021-12-06,2023-12-07,504,-3.8639,-1.951
2021-12-07,2023-12-08,504,-4.703,-2.3798
2021-12-08,2023-12-11,504,-4.5738,-2.3137
2021-12-09,2023-12-12,504,-4.2216,-2.1335
2021-12-10,2023-12-13,504,-3.583,-1.8079
2021-12-13,2023-12-14,504,-2.5193,-1.2677
2021-12-14,2023-12-15,504,-2.1426,-1.0771
2021-12-15,2023-12-18,504,-2.2011,-1.1067
2021-12-16,2023-12-19,504,-2.0348,-1.0226
2021-12-17,2023-12-20,504,-2.4442,-1.2296
2021-12-20,2023-12-21,504,-1.6383,-0.8225
2021-12-21,2023-12-22,504,-1.7556,-0.8817
2021-12-22,2023-12-26,504,-2.1159,-1.0636
2021-12-23,2023-12-27,504,-1.4757,-0.7406
2021-12-27,2023-12-28,504,-2.0803,-1.0456
2021-12-28,2023-12-29,504,-2.407,-1.2108
2021-12-29,2024-01-02,504,-2.3712,-1.1927
2021-12-30,2024-01-03,504,-3.1931,-1.6095
2021-12-31,2024-01-04,504,-3.7241,-1.8797
2022-01-03,2024-01-05,504,-3.0525,-1.5381
2022-01-04,2024-01-08,504,-2.6485,-1.3331
2022-01-05,2024-01-09,504,-2.4541,-1.2347
2022-01-06,2024-01-10,504,-1.9619,-0.9858
2022-01-07,2024-01-11,504,-1.8308,-0.9196
2022-01-10,2024-01-12,504,-1.5036,-0.7547
2022-01-11,2024-01-16,504,-2.9163,-1.469
2022-01-12,2024-01-17,504,-3.4896,-1.7603
2022-01-13,2024-01-18,504,-3.0619,-1.5428
2022-01-14,2024-01-19,504,-2.2303,-1.1214
2022-01-18,2024-01-22,504,-1.3418,-0.6732
2022-01-19,2024-01-23,504,-1.7831,-0.8956
2022-01-20,2024-01-24,504,-1.875,-0.942
2022-01-21,2024-01-25,504,-1.1722,-0.5878
2022-01-24,2024-01-26,504,-1.285,-0.6446
2022-01-25,2024-01-29,504,-0.5492,-0.275
2022-01-26,2024-01-30,504,0.3535,0.1766
2022-01-27,2024-01-31,504,0.7044,0.3516
2022-01-28,2024-02-01,504,1.0986,0.5478
2022-01-31,2024-02-02,504,0.1166,0.0583
2022-02-01,2024-02-05,504,-0.7594,-0.3804
2022-02-02,2024-02-06,504,-0.786,-0.3938
2022-02-03,2024-02-07,504,0.1582,0.0791
2022-02-04,2024-02-08,504,0.1227,0.0613
2022-02-07,2024-02-09,504,-0.0208,-0.0104
2022-02-08,2024-02-12,504,-0.2314,-0.1158
2022-02-09,2024-02-13,504,-1.8102,-0.9092
2022-02-10,2024-02-14,504,-0.7296,-0.3655
2022-02-11,2024-02-15,504,-0.2232,-0.1117
2022-02-14,2024-02-16,504,-0.4159,-0.2081
2022-02-15,2024-02-20,504,-0.3039,-0.1521
2022-02-16,2024-02-21,504,-0.8717,-0.4368
2022-02-17,2024-02-22,504,-0.3097,-0.155
2022-02-18,2024-02-23,504,0.2259,0.1129
2022-02-22,2024-02-26,504,0.0238,0.0119
2022-02-23,2024-02-27,504,0.6827,0.3408
2022-02-24,2024-02-28,504,0.1693,0.0846
2022-02-25,2024-02-29,504,0.6118,0.3054
2022-02-28,2024-03-01,504,0.8959,0.447
2022-03-01,2024-03-04,504,0.693,0.3459
2022-03-02,2024-03-05,504,1.513,0.7536
2022-03-03,2024-03-06,504,1.7202,0.8564
2022-03-04,2024-03-07,504,1.4863,0.7404
2022-03-07,2024-03-08,504,2.0681,1.0287
2022-03-08,2024-03-11,504,1.886,0.9386
2022-03-09,2024-03-12,504,1.9641,0.9773
2022-03-10,2024-03-13,504,2.2419,1.1148
2022-03-11,2024-03-14,504,2.1172,1.0531
2022-03-14,2024-03-15,504,2.8765,1.428
2022-03-15,2024-03-18,504,2.9363,1.4575
2022-03-16,2024-03-19,504,2.6146,1.2989
2022-03-17,2024-03-20,504,2.2564,1.1219
2022-03-18,2024-03-21,504,2.3311,1.1588
2022-03-21,2024-03-22,504,2.7504,1.3659
2022-03-22,2024-03-25,504,2.8801,1.4298
2022-03-23,2024-03-26,504,2.4647,1.2248
2022-03-24,2024-03-27,504,2.6029,1.2931
2022-03-25,2024-03-28,504,3.2431,1.6086
2022-03-28,2024-04-01,504,2.8031,1.3919
2022-03-29,2024-04-02,504,2.6986,1.3403
2022-03-30,2024-04-03,504,2.7953,1.388
2022-03-31,2024-04-04,504,2.6669,1.3247
2022-04-01,2024-04-05,504,3.3431,1.6578
2022-04-04,2024-04-08,504,3.2206,1.5975
2022-04-05,2024-04-09,504,4.5426,2.2461
2022-04-06,2024-04-10,504,4.0944,2.0267
2022-04-07,2024-04-11,504,4.3544,2.154
2022-04-08,2024-04-12,504,4.3079,2.1312
2022-04-11,2024-04-15,504,4.5044,2.2274
2022-04-12,2024-04-16,504,4.3441,2.149
2022-04-13,2024-04-17,504,3.7544,1.8599
2022-04-14,2024-04-18,504,4.6419,2.2946
2022-04-18,2024-04-19,504,4.6557,2.3014
2022-04-19,2024-04-22,504,4.1857,2.0714
2022-04-20,2024-04-23,504,4.0341,1.9971
2022-04-21,2024-04-24,504,4.4857,2.2182
2022-04-22,2024-04-25,504,5.3215,2.6263
2022-04-25,2024-04-26,504,5.9351,2.9248
2022-04-26,2024-04-29,504,6.731,3.3107
2022-04-27,2024-04-30,504,5.8899,2.9028
2022-04-28,2024-05-01,504,5.3665,2.6482
2022-04-29,2024-05-02,504,6.6886,3.2902
2022-05-02,2024-05-03,504,8.2605,4.0483
2022-05-03,2024-05-06,504,8.5354,4.1803
2022-05-04,2024-05-07,504,7.76,3.8075
2022-05-05,2024-05-08,504,9.141,4.4706
2022-05-06,2024-05-09,504,10.0768,4.9175
2022-05-09,2024-05-10,504,11.474,5.5813
2022-05-10,2024-05-13,504,11.0873,5.3979
2022-05-11,2024-05-14,504,11.3765,5.535
2022-05-12,2024-05-15,504,13.0546,6.3271
2022-05-13,2024-05-16,504,12.8407,6.2265
2022-05-16,2024-05-17,504,13.1646,6.3789
2022-05-17,2024-05-20,504,13.089,6.3433
2022-05-18,2024-05-21,504,13.7742,6.665
2022-05-19,2024-05-22,504,12.9957,6.2994
2022-05-20,2024-05-23,504,11.6057,5.6436
2022-05-23,2024-05-24,504,11.6608,5.6697
2022-05-24,2024-05-28,504,11.0726,5.391
2022-05-25,2024-05-29,504,10.2933,5.0206
2022-05-26,2024-05-30,504,9.935,4.8499
2022-05-27,2024-05-31,504,9.2915,4.5426
2022-05-31,2024-06-03,504,10.8681,5.2939
2022-06-01,2024-06-04,504,11.1525,5.4289
2022-06-02,2024-06-05,504,11.1786,5.4412
2022-06-03,2024-06-06,504,12.1759,5.9131
2022-06-06,2024-06-07,504,11.3441,5.5197
2022-06-07,2024-06-10,504,10.6241,5.178
2022-06-08,2024-06-11,504,11.4137,5.5527
2022-06-09,2024-06-12,504,12.8518,6.2317
2022-06-10,2024-06-13,504,13.482,6.5279
2022-06-13,2024-06-14,504,16.8257,8.0859
2022-06-14,2024-06-17,504,17.3109,8.3102
2022-06-15,2024-06-18,504,16.8304,8.0881
2022-06-16,2024-06-20,504,17.1823,8.2508
2022-06-17,2024-06-21,504,16.6384,7.9993
2022-06-21,2024-06-24,504,16.5774,7.971
2022-06-22,2024-06-25,504,15.8719,7.6438
2022-06-23,2024-06-26,504,14.9508,7.2151
2022-06-24,2024-06-27,504,14.8931,7.1882
2022-06-27,2024-06-28,504,14.7371,7.1154
2022-06-28,2024-07-01,504,14.9036,7.1931
2022-06-29,2024-07-02,504,14.8987,7.1908
2022-06-30,2024-07-03,504,16.0623,7.7322
2022-07-01,2024-07-05,504,16.3334,7.858
2022-07-05,2024-07-08,504,16.3603,7.8704
2022-07-06,2024-07-09,504,17.1541,8.2378
2022-07-07,2024-07-10,504,17.4721,8.3846
2022-07-08,2024-07-11,504,18.2851,8.759
2022-07-11,2024-07-12,504,18.6343,8.9194
2022-07-12,2024-07-15,504,18.7877,8.9898
2022-07-13,2024-07-16,504,19.5198,9.3251
2022-07-14,2024-07-17,504,19.8271,9.4656
2022-07-15,2024-07-18,504,18.6455,8.9245
2022-07-18,2024-07-19,504,17.9107,8.5867
2022-07-19,2024-07-22,504,17.4621,8.38
2022-07-20,2024-07-23,504,17.4991,8.397
2022-07-21,2024-07-24,504,15.6101,7.5222
2022-07-22,2024-07-25,504,14.4216,6.968
2022-07-25,2024-07-26,504,15.6997,7.5638
2022-07-26,2024-07-29,504,16.1671,7.7808
2022-07-27,2024-07-30,504,15.8569,7.6368
2022-07-28,2024-07-31,504,15.7752,7.5989
2022-07-29,2024-08-01,504,15.1303,7.2988
2022-08-01,2024-08-02,504,14.6085,7.0554
2022-08-02,2024-08-05,504,14.2404,6.8833
2022-08-03,2024-08-06,504,13.1746,6.3835
2022-08-04,2024-08-07,504,12.2836,5.964
2022-08-05,2024-08-08,504,14.1364,6.8346
2022-08-08,2024-08-09,504,14.0398,6.7894
2022-08-09,2024-08-12,504,14.6257,7.0634
2022-08-10,2024-08-13,504,14.9283,7.2046
2022-08-11,2024-08-14,504,15.6059,7.5202
2022-08-12,2024-08-15,504,15.1717,7.3181
2022-08-15,2024-08-16,504,16.1276,7.7625
2022-08-16,2024-08-19,504,16.5765,7.9706
2022-08-17,2024-08-20,504,17.5621,8.426
2022-08-18,2024-08-21,504,17.6595,8.471
2022-08-19,2024-08-22,504,17.6707,8.4761
2022-08-22,2024-08-23,504,19.5475,9.3378
2022-08-23,2024-08-26,504,19.4799,9.3069
2022-08-24,2024-08-27,504,19.5702,9.3481
2022-08-25,2024-08-28,504,18.183,8.712
2022-08-26,2024-08-29,504,19.5802,9.3527
2022-08-29,2024-08-30,504,19.6139,9.3681
2022-08-30,2024-09-03,504,19.8182,9.4615
2022-08-31,2024-09-04,504,20.8597,9.9362
2022-09-01,2024-09-05,504,21.9066,10.4113
2022-09-02,2024-09-06,504,21.0133,10.0061
2022-09-06,2024-09-09,504,22.6429,10.7443
2022-09-07,2024-09-10,504,21.8428,10.3824
2022-09-08,2024-09-11,504,22.4025,10.6357
2022-09-09,2024-09-12,504,22.3658,10.6191
2022-09-12,2024-09-13,504,22.7334,10.7851
2022-09-13,2024-09-16,504,24.7199,11.6781
2022-09-14,2024-09-17,504,24.3275,11.5023
2022-09-15,2024-09-18,504,24.9479,11.7801
2022-09-16,2024-09-19,504,25.997,12.2484
2022-09-19,2024-09-20,504,26.0886,12.2892
2022-09-20,2024-09-23,504,26.9996,12.6941
2022-09-21,2024-09-24,504,27.3567,12.8524
2022-09-22,2024-09-25,504,28.086,13.1751
2022-09-23,2024-09-26,504,29.412,13.7594
2022-09-26,2024-09-27,504,30.5709,14.2676
2022-09-27,2024-09-30,504,31.3019,14.587
2022-09-28,2024-10-01,504,29.2307,13.6797
2022-09-29,2024-10-02,504,29.6035,13.8435
2022-09-30,2024-10-03,504,30.2367,14.1213
2022-10-03,2024-10-04,504,28.0938,13.1785
2022-10-04,2024-10-07,504,26.1074,12.2975
2022-10-05,2024-10-08,504,26.6207,12.5258
2022-10-06,2024-10-09,504,27.0708,12.7257
2022-10-07,2024-10-10,504,28.5353,13.3734
2022-10-10,2024-10-11,504,30.5705,14.2675
2022-10-11,2024-10-14,504,30.5709,14.2676
2022-10-12,2024-10-15,504,30.9561,14.436
2022-10-13,2024-10-16,504,30.8827,14.404
2022-10-14,2024-10-17,504,32.3196,15.0303
2022-10-17,2024-10-18,504,31.7779,14.7945
2022-10-18,2024-10-21,504,31.0766,14.4887
2022-10-19,2024-10-22,504,32.6712,15.183
2022-10-20,2024-10-23,504,32.5998,15.152
2022-10-21,2024-10-24,504,32.5805,15.1436
2022-10-24,2024-10-25,504,32.4586,15.0907
2022-10-25,2024-10-28,504,30.9299,14.4246
2022-10-26,2024-10-29,504,30.9028,14.4128
2022-10-27,2024-10-30,504,31.0609,14.4818
2022-10-28,2024-10-31,504,29.6558,13.8665
2022-10-31,2024-11-01,504,29.9614,14.0006
2022-11-01,2024-11-04,504,29.8754,13.9629
2022-11-02,2024-11-05,504,31.4387,14.6467
2022-11-03,2024-11-06,504,31.4599,14.656
2022-11-04,2024-11-07,504,31.6891,14.7559
2022-11-07,2024-11-08,504,31.9875,14.8858
2022-11-08,2024-11-11,504,29.5548,13.8222
2022-11-09,2024-11-12,504,29.4637,13.7821
2022-11-10,2024-11-13,504,25.2842,11.9304
2022-11-11,2024-11-14,504,24.6083,11.6281
2022-11-14,2024-11-15,504,24.2431,11.4644
2022-11-15,2024-11-18,504,24.2629,11.4733
2022-11-16,2024-11-19,504,24.3271,11.5021
2022-11-17,2024-11-20,504,25.1748,11.8815
2022-11-18,2024-11-21,504,25.9129,12.2109
2022-11-21,2024-11-22,504,26.8183,12.6136
2022-11-22,2024-11-25,504,25.4658,12.0115
2022-11-23,2024-11-26,504,24.7705,11.7007
2022-11-25,2024-11-27,504,25.0392,11.8209
2022-11-28,2024-11-29,504,26.3762,12.4172
2022-11-29,2024-12-02,504,26.4932,12.4692
2022-11-30,2024-12-03,504,25.3014,11.9381
2022-12-01,2024-12-04,504,23.9504,11.333
2022-12-02,2024-12-05,504,23.329,11.0536
2022-12-05,2024-12-06,504,25.1083,11.8518
2022-12-06,2024-12-09,504,25.0135,11.8094
2022-12-07,2024-12-10,504,24.2818,11.4818
2022-12-08,2024-12-11,504,24.5853,11.6178
2022-12-09,2024-12-12,504,24.31,11.4944
2022-12-12,2024-12-13,504,23.4224,11.0956
2022-12-13,2024-12-16,504,22.4741,10.668
2022-12-14,2024-12-17,504,22.4706,10.6665
2022-12-15,2024-12-18,504,22.1965,10.5425
2022-12-16,2024-12-19,504,21.6297,10.2859
2022-12-19,2024-12-20,504,23.455,11.1103
2022-12-20,2024-12-23,504,23.2724,11.0281
2022-12-21,2024-12-24,504,23.3343,11.056
2022-12-22,2024-12-26,504,24.5237,11.5902
2022-12-23,2024-12-27,504,23.747,11.2416
2022-12-27,2024-12-30,504,23.8363,11.2818
2022-12-28,2024-12-31,504,24.544,11.5993
2022-12-29,2025-01-02,504,23.8458,11.286
2022-12-30,2025-01-03,504,24.3181,11.498
2023-01-03,2025-01-06,504,23.4665,11.1155
2023-01-04,2025-01-07,504,22.2439,10.564
2023-01-05,2025-01-08,504,23.0139,10.9116
2023-01-06,2025-01-09,504,21.452,10.2053
2023-01-09,2025-01-10,504,20.8133,9.9151
2023-01-10,2025-01-13,504,20.6835,9.856
2023-01-11,2025-01-14,504,19.792,9.4495
2023-01-12,2025-01-15,504,20.256,9.6613
2023-01-13,2025-01-16,504,20.426,9.7388
2023-01-17,2025-01-17,504,21.1769,10.0804
2023-01-18,2025-01-21,504,21.7659,10.3476
2023-01-19,2025-01-22,504,22.0906,10.4946
2023-01-20,2025-01-23,504,21.6957,10.3158
2023-01-23,2025-01-24,504,21.6184,10.2807
2023-01-24,2025-01-27,504,20.6002,9.8181
2023-01-25,2025-01-28,504,21.0119,10.0054
2023-01-26,2025-01-29,504,20.7768,9.8985
2023-01-27,2025-01-30,504,21.6451,10.2928
2023-01-30,2025-01-31,504,21.812,10.3685
2023-01-31,2025-02-03,504,21.2473,10.1124
2023-02-01,2025-02-04,504,21.1191,10.0541
2023-02-02,2025-02-05,504,21.5912,10.2684
2023-02-03,2025-02-06,504,23.1661,10.9802
2023-02-06,2025-02-07,504,23.1647,10.9796
2023-02-07,2025-02-10,504,23.5114,11.1357
2023-02-08,2025-02-11,504,23.451,11.1085
2023-02-09,2025-02-12,504,23.6736,11.2086
2023-02-10,2025-02-13,504,24.9836,11.7961
2023-02-13,2025-02-14,504,24.2263,11.4568
2023-02-14,2025-02-18,504,24.5234,11.5901
2023-02-15,2025-02-19,504,25.0124,11.809
2023-02-16,2025-02-20,504,25.9784,12.2401
2023-02-17,2025-02-21,504,25.6817,12.1079
2023-02-21,2025-02-24,504,27.1493,12.7605
2023-02-22,2025-02-25,504,26.851,12.6281
2023-02-23,2025-02-26,504,26.9635,12.6781
2023-02-24,2025-02-27,504,26.779,12.5962
2023-02-27,2025-02-28,504,26.7789,12.5961
2023-02-28,2025-03-03,504,26.7677,12.5912
2023-03-01,2025-03-04,504,26.5482,12.4936
2023-03-02,2025-03-05,504,26.758,12.5868
2023-03-03,2025-03-06,504,24.6259,11.636
2023-03-06,2025-03-07,504,24.7525,11.6927
2023-03-07,2025-03-10,504,25.0804,11.8394
2023-03-08,2025-03-11,504,24.8272,11.7261
2023-03-09,2025-03-12,504,25.3587,11.9637
2023-03-10,2025-03-13,504,24.749,11.6911
2023-03-13,2025-03-14,504,24.4686,11.5655
2023-03-14,2025-03-17,504,24.839,11.7314
2023-03-15,2025-03-18,504,24.3415,11.5085
2023-03-16,2025-03-19,504,24.5395,11.5972
2023-03-17,2025-03-20,504,23.7189,11.229
2023-03-20,2025-03-21,504,23.1016,10.9512
2023-03-21,2025-03-24,504,23.6554,11.2005
2023-03-22,2025-03-25,504,23.887,11.3045
2023-03-23,2025-03-26,504,22.5017,10.6805
2023-03-24,2025-03-27,504,22.6188,10.7334
2023-03-27,2025-03-28,504,23.8418,11.2842
2023-03-28,2025-03-31,504,24.4067,11.5377
2023-03-29,2025-04-01,504,24.3984,11.534
2023-03-30,2025-04-02,504,24.2473,11.4663
2023-03-31,2025-04-03,504,21.8078,10.3666
2023-04-03,2025-04-04,504,19.1358,9.1494
2023-04-04,2025-04-07,504,16.9637,8.1498
2023-04-05,2025-04-08,504,16.0088,7.7074
2023-04-06,2025-04-09,504,19.4122,9.2759
2023-04-10,2025-04-10,504,19.4921,9.3124
2023-04-11,2025-04-11,504,20.5735,9.806
2023-04-12,2025-04-14,504,20.8792,9.9451
2023-04-13,2025-04-15,504,20.4218,9.7369
2023-04-14,2025-04-16,504,22.0809,10.4902
2023-04-17,2025-04-17,504,22.0028,10.4549
2023-04-18,2025-04-21,504,21.6227,10.2827
2023-04-19,2025-04-22,504,22.5792,10.7155
2023-04-20,2025-04-23,504,21.6924,10.3143
2023-04-21,2025-04-24,504,23.7149,11.2272
2023-04-24,2025-04-25,504,23.1334,10.9655
2023-04-25,2025-04-28,504,23.954,11.3346
2023-04-26,2025-04-29,504,24.783,11.7063
2023-04-27,2025-04-30,504,23.9736,11.3434
2023-04-28,2025-05-01,504,22.2017,10.5449
2023-05-01,2025-05-02,504,23.4793,11.1212
2023-05-02,2025-05-05,504,23.2335,11.0106
2023-05-03,2025-05-06,504,24.092,11.3966
2023-05-04,2025-05-07,504,24.2567,11.4705
2023-05-05,2025-05-08,504,23.0594,10.9321
2023-05-08,2025-05-09,504,23.7771,11.2552
2023-05-09,2025-05-12,504,23.2546,11.0201
2023-05-10,2025-05-13,504,23.2184,11.0038
2023-05-11,2025-05-14,504,22.389,10.6296
2023-05-12,2025-05-15,504,23.4949,11.1283
2023-05-15,2025-05-16,504,23.4981,11.1297
2023-05-16,2025-05-19,504,24.7171,11.6768
2023-05-17,2025-05-20,504,24.7541,11.6934
2023-05-18,2025-05-21,504,24.3752,11.5236
2023-05-19,2025-05-22,504,24.2353,11.4609
2023-05-22,2025-05-23,504,25.0417,11.8221
2023-05-23,2025-05-27,504,25.6574,12.097
2023-05-24,2025-05-28,504,25.8561,12.1856
2023-05-25,2025-05-29,504,26.5999,12.5166
2023-05-26,2025-05-30,504,25.6254,12.0827
2023-05-30,2025-06-02,504,25.8612,12.1879
2023-05-31,2025-06-03,504,25.6047,12.0735
2023-06-01,2025-06-04,504,25.6566,12.0966
2023-06-02,2025-06-05,504,25.518,12.0348
2023-06-05,2025-06-06,504,25.1708,11.8797
2023-06-06,2025-06-09,504,24.9609,11.7859
2023-06-07,2025-06-10,504,26.0937,12.2914
2023-06-08,2025-06-11,504,25.208,11.8964
2023-06-09,2025-06-12,504,26.3549,12.4077
2023-06-12,2025-06-13,504,26.0035,12.2513
2023-06-13,2025-06-16,504,25.8493,12.1826
2023-06-14,2025-06-17,504,25.3976,11.9811
2023-06-15,2025-06-18,504,24.746,11.6898
2023-06-16,2025-06-20,504,24.618,11.6324
2023-06-20,2025-06-23,504,25.4236,11.9927
2023-06-21,2025-06-24,504,25.4408,12.0004
2023-06-22,2025-06-25,504,26.167,12.3241
2023-06-23,2025-06-26,504,26.4787,12.4628
2023-06-26,2025-06-27,504,25.8293,12.1737
2023-06-27,2025-06-30,504,26.3729,12.4157
2023-06-28,2025-07-01,504,26.7931,12.6024
2023-06-29,2025-07-02,504,27.3228,12.8374
2023-06-30,2025-07-03,504,26.2353,12.3545
2023-07-03,2025-07-04,504,26.3664,12.4128
2023-07-05,2025-07-07,504,26.2229,12.349
2023-07-06,2025-07-08,504,26.7623,12.5888
2023-07-07,2025-07-09,504,27.29,12.8229
2023-07-10,2025-07-10,504,27.3645,12.8559
2023-07-11,2025-07-11,504,26.7922,12.602
2023-07-12,2025-07-14,504,25.733,12.1307
2023-07-13,2025-07-15,504,24.5335,11.5946
2023-07-14,2025-07-16,504,25.1145,11.8546
2023-07-17,2025-07-17,504,25.1239,11.8588
2023-07-18,2025-07-18,504,24.5432,11.5989
2023-07-19,2025-07-21,504,24.9506,11.7813
2023-07-20,2025-07-22,504,26.2841,12.3762
2023-07-21,2025-07-23,504,25.9183,12.2133
2023-07-24,2025-07-24,504,25.6849,12.1093
2023-07-25,2025-07-25,504,25.5267,12.0387
2023-07-26,2025-07-28,504,24.9374,11.7754
2023-07-27,2025-07-29,504,26.6841,12.5541
2023-07-28,2025-07-30,504,25.469,12.0129
2023-07-31,2025-07-31,504,25.0603,11.8304
2023-08-01,2025-08-01,504,26.6636,12.5449
2023-08-02,2025-08-04,504,28.3391,13.2868
2023-08-03,2025-08-05,504,29.2914,13.7064
2023-08-04,2025-08-06,504,28.7956,13.4881
2023-08-07,2025-08-07,504,29.0727,13.6102
2023-08-08,2025-08-08,504,29.5433,13.8171
2023-08-09,2025-08-11,504,28.76,13.4725
2023-08-10,2025-08-12,504,29.4623,13.7815
2023-08-11,2025-08-13,504,30.0575,14.0427
2023-08-14,2025-08-14,504,29.5026,13.7992
2023-08-15,2025-08-15,504,29.9259,13.985
2023-08-16,2025-08-18,504,30.4047,14.1949
2023-08-17,2025-08-19,504,30.788,14.3626
2023-08-18,2025-08-20,504,30.9664,14.4406
2023-08-21,2025-08-21,504,30.7066,14.327
2023-08-22,2025-08-22,504,31.6291,14.7297
2023-08-23,2025-08-25,504,29.8385,13.9467
2023-08-24,2025-08-26,504,30.795,14.3656
2023-08-25,2025-08-27,504,30.804,14.3696
2023-08-28,2025-08-28,504,31.0479,14.4761
2023-08-29,2025-08-29,504,29.9584,13.9993
2023-08-30,2025-09-02,504,30.1285,14.0739
2023-08-31,2025-09-03,504,31.1016,14.4996
2023-09-01,2025-09-04,504,31.7276,14.7727
2023-09-05,2025-09-05,504,33.4684,15.5285
2023-09-06,2025-09-08,504,34.5214,15.9834
2023-09-07,2025-09-09,504,34.511,15.9789
2023-09-08,2025-09-10,504,34.5929,16.0142
2023-09-11,2025-09-11,504,34.9375,16.1626
2023-09-12,2025-09-12,504,35.1365,16.2482
2023-09-13,2025-09-15,504,35.7431,16.5089
2023-09-14,2025-09-16,504,35.78,16.5247
2023-09-15,2025-09-17,504,35.9721,16.6071
2023-09-18,2025-09-18,504,35.0205,16.1983
2023-09-19,2025-09-19,504,35.7566,16.5146
2023-09-20,2025-09-22,504,36.5471,16.8534
2023-09-21,2025-09-23,504,39.0008,17.8986
2023-09-22,2025-09-24,504,37.9175,17.4383
2023-09-25,2025-09-25,504,38.7123,17.7762
2023-09-26,2025-09-26,504,40.2726,18.4367
2023-09-27,2025-09-29,504,41.8708,19.1095
2023-09-28,2025-09-30,504,42.0357,19.1787
2023-09-29,2025-10-01,504,42.8788,19.5319
2023-10-02,2025-10-02,504,43.6604,19.8584
2023-10-03,2025-10-03,504,45.5272,20.6346
2023-10-04,2025-10-06,504,45.4788,20.6146
2023-10-05,2025-10-07,504,46.132,20.8851
2023-10-06,2025-10-08,504,46.9039,21.2039
2023-10-09,2025-10-09,504,44.1391,20.0579
2023-10-10,2025-10-10,504,43.6971,19.8737
2023-10-11,2025-10-13,504,44.5604,20.2333
2023-10-12,2025-10-14,504,46.3094,20.9584
2023-10-13,2025-10-15,504,45.2053,20.5012
2023-10-16,2025-10-16,504,46.6289,21.0904
2023-10-17,2025-10-17,504,46.4049,20.9979
2023-10-18,2025-10-20,504,48.4534,21.8415
2023-10-19,2025-10-21,504,47.4129,21.4137
2023-10-20,2025-10-22,504,46.8583,21.1851
2023-10-23,2025-10-23,504,47.2143,21.3319
2023-10-24,2025-10-24,504,46.6923,21.1166
2023-10-25,2025-10-27,504,47.5695,21.4782
2023-10-26,2025-10-28,504,47.2372,21.3413
2023-10-27,2025-10-29,504,47.3412,21.3842
2023-10-30,2025-10-30,504,46.4832,21.0302
2023-10-31,2025-10-31,504,46.4496,21.0164
2023-11-01,2025-11-03,504,45.4464,20.6012
2023-11-02,2025-11-04,504,42.9453,19.5597
2023-11-03,2025-11-05,504,42.2643,19.2746
2023-11-06,2025-11-06,504,42.6434,19.4334
2023-11-07,2025-11-07,504,42.3809,19.3234
2023-11-08,2025-11-10,504,43.4894,19.7871
2023-11-09,2025-11-11,504,44.636,20.2647
2023-11-10,2025-11-12,504,45.3401,20.5571
2023-11-13,2025-11-13,504,44.156,20.065
2023-11-14,2025-11-14,504,41.2833,18.8626
2023-11-15,2025-11-17,504,41.3754,18.9014
2023-11-16,2025-11-18,504,40.0807,18.3557
2023-11-17,2025-11-19,504,40.1026,18.365
2023-11-20,2025-11-20,504,39.0968,17.9393
2023-11-21,2025-11-21,504,39.4299,18.0804
2023-11-22,2025-11-24,504,40.1636,18.3907
2023-11-24,2025-11-25,504,41.205,18.8297
2023-11-27,2025-11-26,504,41.1102,18.7898
2023-11-28,2025-11-28,504,40.9955,18.7415
2023-11-29,2025-12-01,504,39.9897,18.3173
2023-11-30,2025-12-02,504,40.0966,18.3624
2023-12-01,2025-12-03,504,38.9731,17.8869
2023-12-04,2025-12-04,504,40.0432,18.3399
2023-12-05,2025-12-05,504,39.3167,18.0325
2023-12-06,2025-12-08,504,38.34,17.618
2023-12-07,2025-12-09,504,38.4304,17.6565
2023-12-08,2025-12-10,504,39.4092,18.0717
2023-12-11,2025-12-11,504,40.4618,18.5166
2023-12-12,2025-12-12,504,39.6041,18.1542
2023-12-13,2025-12-15,504,38.264,17.5857
2023-12-14,2025-12-16,504,36.5348,16.8481
2023-12-15,2025-12-17,504,36.5586,16.8583
2023-12-18,2025-12-18,504,36.9592,17.0296
2023-12-19,2025-12-19,504,36.7283,16.9309
2023-12-20,2025-12-22,504,37.8831,17.4236
2023-12-21,2025-12-23,504,38.1876,17.5532
2023-12-22,2025-12-24,504,38.2822,17.5935
2023-12-26,2025-12-26,504,38.2878,17.5958
2023-12-27,2025-12-29,504,35.637,16.4633
2023-12-28,2025-12-30,504,36.2251,16.7155
2023-12-29,2025-12-31,504,35.9466,16.5962
2024-01-02,2026-01-02,504,36.2403,16.722
2024-01-03,2026-01-05,504,37.9997,17.4733
2024-01-04,2026-01-06,504,39.1406,17.9579
2024-01-05,2026-01-07,504,39.1691,17.97
2024-01-08,2026-01-08,504,38.4804,17.6777
2024-01-09,2026-01-09,504,39.493,18.1072
2024-01-10,2026-01-12,504,40.3471,18.4682
2024-01-11,2026-01-13,504,40.2318,18.4195
2024-01-12,2026-01-14,504,39.9181,18.287
2024-01-16,2026-01-15,504,41.0015,18.744
2024-01-17,2026-01-16,504,41.2989,18.8692
2024-01-18,2026-01-20,504,41.0725,18.7739
2024-01-19,2026-01-21,504,41.5644,18.9808
2024-01-22,2026-01-22,504,42.3776,19.3221
2024-01-23,2026-01-23,504,43.0607,19.608
2024-01-24,2026-01-26,504,44.5604,20.2333
2024-01-25,2026-01-27,504,44.0156,20.0065
2024-01-26,2026-01-28,504,45.7507,20.7273
2024-01-29,2026-01-29,504,45.017,20.423
2024-01-30,2026-01-30,504,39.6126,18.1578
2024-01-31,2026-02-02,504,38.9955,17.8964
2024-02-01,2026-02-03,504,39.8216,18.2462
2024-02-02,2026-02-04,504,40.2706,18.4359
2024-02-05,2026-02-05,504,40.7035,18.6185
2024-02-06,2026-02-06,504,41.5322,18.9673
2024-02-07,2026-02-09,504,42.277,19.2799
2024-02-08,2026-02-10,504,42.4103,19.3358
2024-02-09,2026-02-11,504,42.7706,19.4867
2024-02-12,2026-02-12,504,41.6541,19.0185
2024-02-13,2026-02-13,504,44.215,20.0896
2024-02-14,2026-02-17,504,42.7543,19.4798
2024-02-15,2026-02-18,504,42.9822,19.5752
2024-02-16,2026-02-19,504,43.0038,19.5842
2024-02-20,2026-02-20,504,43.6805,19.8668
2024-02-21,2026-02-23,504,44.8633,20.3592
2024-02-22,2026-02-24,504,43.9087,19.962
2024-02-23,2026-02-25,504,43.7623,19.9009
2024-02-26,2026-02-26,504,43.9329,19.9721
2024-02-27,2026-02-27,504,44.4619,20.1923
2024-02-28,2026-03-02,504,44.495,20.2061
2024-02-29,2026-03-03,504,41.9835,19.1568
2024-03-01,2026-03-04,504,40.926,18.7123
2024-03-04,2026-03-05,504,39.7607,18.2204
2024-03-05,2026-03-06,504,39.4674,18.0963
2024-03-06,2026-03-09,504,38.9483,17.8763
2024-03-07,2026-03-10,504,39.0547,17.9214
2024-03-08,2026-03-11,504,38.0509,17.4951
2024-03-11,2026-03-12,504,37.0919,17.0862
2024-03-12,2026-03-13,504,36.4921,16.8298
2024-03-13,2026-03-16,504,36.5875,16.8707
2024-03-14,2026-03-17,504,37.5983,17.3023
2024-03-15,2026-03-18,504,36.474,16.8221
2024-03-18,2026-03-19,504,34.211,15.8495
2024-03-19,2026-03-20,504,32.6512,15.1743
2024-03-20,2026-03-23,504,31.6464,14.7373
2024-03-21,2026-03-24,504,30.7561,14.3486
2024-03-22,2026-03-25,504,32.5555,15.1327
2024-03-25,2026-03-26,504,30.3843,14.186
2024-03-26,2026-03-27,504,30.5584,14.2622
2024-03-27,2026-03-30,504,30.2904,14.1448
2024-03-28,2026-03-31,504,31.5893,14.7124
2024-04-01,2026-04-01,504,33.1035,15.3705
2024-04-02,2026-04-02,504,32.3917,15.0616
2024-04-03,2026-04-06,504,31.9634,14.8753
2024-04-04,2026-04-07,504,32.2962,15.0201
2024-04-05,2026-04-08,504,33.341,15.4734
2024-04-08,2026-04-09,504,33.6997,15.6286
2024-04-09,2026-04-10,504,32.8458,15.2588
2024-04-10,2026-04-13,504,34.3593,15.9135
2024-04-11,2026-04-14,504,35.0274,16.2013
2024-04-12,2026-04-15,504,35.3091,16.3224
2024-04-15,2026-04-16,504,35.876,16.5659
2024-04-16,2026-04-17,504,37.0464,17.0668
2024-04-17,2026-04-20,504,36.7242,16.9291
2024-04-18,2026-04-21,504,35.6007,16.4477
2024-04-19,2026-04-22,504,36.2592,16.7301
2024-04-22,2026-04-23,504,36.5471,16.8534
2024-04-23,2026-04-24,504,36.626,16.8871
2024-04-24,2026-04-27,504,36.4196,16.7988
2024-04-25,2026-04-28,504,35.9678,16.6052
2024-04-26,2026-04-29,504,34.7336,16.0748
2024-04-29,2026-04-30,504,35.034,16.2041
2024-04-30,2026-05-01,504,37.0561,17.071
2024-05-01,2026-05-04,504,35.5934,16.4446
2024-05-02,2026-05-05,504,35.8724,16.5643
2024-05-03,2026-05-06,504,36.8013,16.9621
2024-05-06,2026-05-07,504,35.7816,16.5254
2024-05-07,2026-05-08,504,36.2573,16.7293
2024-05-08,2026-05-11,504,36.332,16.7613
2024-05-09,2026-05-12,504,35.124,16.2429
2024-05-10,2026-05-13,504,34.9868,16.1838
2024-05-13,2026-05-14,504,35.5597,16.4301
2024-05-14,2026-05-15,504,33.1312,15.3825
2024-05-15,2026-05-18,504,31.6939,14.758
2024-05-16,2026-05-19,504,31.1466,14.5192
2024-05-17,2026-05-20,504,31.7377,14.777
2024-05-20,2026-05-21,504,31.7295,14.7735
2024-05-21,2026-05-22,504,31.8213,14.8134
2024-05-22,2026-05-26,504,32.5693,15.1387
2024-05-23,2026-05-27,504,33.5292,15.5548
2024-05-24,2026-05-28,504,33.979,15.7493
2024-05-28,2026-05-29,504,34.6122,16.0225
2024-05-29,2026-06-01,504,34.9732,16.178
2024-05-30,2026-06-02,504,35.0608,16.2157
2024-05-31,2026-06-03,504,34.0825,15.794
2024-06-03,2026-06-04,504,33.6924,15.6254
