date,stock,gold
2009-01-05,2020.243,190.25
2009-01-06,2091.892,184.61
2009-01-07,2104.922,187.63
2009-01-08,2052.3,184.79
2009-01-09,2107.766,186.94
2009-01-12,2137.841,185.82
2009-01-13,2081.672,179.2
2009-01-14,2160.064,180.9
2009-01-15,2181.061,177.48
2009-01-16,2195.634,180.41
2009-01-19,2192.807,184.12
2009-01-20,2214.839,181.65
2009-01-21,2217.626,186.43
2009-01-22,2256.367,186.61
2009-01-23,2238.082,187.51
2009-02-02,2306.769,198.46
2009-02-03,2369.654,197.31
2009-02-04,2423.887,196.85
2009-02-05,2384.764,198.75
2009-02-06,2493.74,200.31
2009-02-09,2579.228,198.33
2009-02-10,2653.213,195.99
2009-02-11,2658.05,199.58
2009-02-12,2707.922,205.54
2009-02-13,2805.01,206.08
2009-02-16,2854.444,205.52
2009-02-17,2738.58,210.83
2009-02-18,2632.908,213.59
2009-02-19,2687.489,214.01
2009-02-20,2776.955,214.4
2009-02-23,2871.792,216.5
2009-02-24,2754.24,216.8
2009-02-25,2771.098,209.63
2009-02-26,2571.276,208.23
2009-02-27,2416.949,206.48
2009-03-02,2478.808,209.31
2009-03-03,2499.826,203.96
2009-03-04,2651.405,201.48
2009-03-05,2671.575,202.5
2009-03-06,2653.469,207.73
2009-03-09,2536.01,206.06
2009-03-10,2601.417,201.58
2009-03-11,2587.371,198.49
2009-03-12,2597.232,201.79
2009-03-13,2569.629,202.75
2009-03-16,2603.058,203.63
2009-03-17,2699.594,202.01
2009-03-18,2734.547,200.57
2009-03-19,2797.155,205.28
2009-03-20,2784.106,210.41
2009-03-23,2843.879,211.43
2009-03-24,2865.333,206.96
2009-03-25,2785.664,204.4
2009-03-26,2853.411,206.35
2009-03-27,2877.88,205.62
2009-03-30,2883.214,204.15
2009-03-31,2914.128,202.49
2009-04-01,2962.839,202.13
2009-04-02,2965.735,202.85
2009-04-03,2934.253,198.94
2009-04-07,2968.519,193.4
2009-04-08,2867.168,195.53
2009-04-09,2915.024,193.76
2009-04-10,3009.376,194.59
2009-04-13,3050.372,195.78
2009-04-14,3099.429,197.95
2009-04-15,3143.821,196.3
2009-04-16,3159.26,196.77
2009-04-17,3119.419,192.42
2009-04-20,3205.884,191.3
2009-04-21,3205.076,196.64
2009-04-22,3042.638,195.31
2009-04-23,3059.709,196.7
2009-04-24,3036.761,201.15
2009-04-27,2916.114,201.43
2009-04-28,2959.952,197.42
2009-04-29,3040.04,197.2
2009-04-30,3086.217,198.18
2009-05-04,3190.254,197.31
2009-05-05,3220.615,199.22
2009-05-06,3264.579,198.99
2009-05-07,3242.626,201.33
2009-05-08,3257.588,201.75
2009-05-11,3134.573,201.83
2009-05-12,3212.139,200.73
2009-05-13,3234.151,203.96
2009-05-14,3246.557,202.72
2009-05-15,3270.738,203.23
2009-05-18,3295.651,204.53
2009-05-19,3325.531,202.44
2009-05-20,3306.474,203.73
2009-05-21,3247.475,206.85
2009-05-22,3254.534,208.39
2009-05-25,3271.501,208.8
2009-05-26,3274.849,208.02
2009-05-27,3276.748,207.98
2009-06-01,3332.337,215.02
2009-06-02,3353.922,212.15
2009-06-03,3380.188,216.18
2009-06-04,3375.873,211.96
2009-06-05,3355.778,214.32
2009-06-08,3350.238,209.42
2009-06-09,3366.911,209.12
2009-06-10,3403.208,209.84
2009-06-11,3382.997,209.48
2009-06-12,3309.587,208.92
2009-06-15,3356.714,204.87
2009-06-16,3349.35,205.34
2009-06-17,3403.962,206.3
2009-06-18,3431.281,206.43
2009-06-19,3434.055,205.04
2009-06-22,3405.13,205.0
2009-06-23,3392.112,201.6
2009-06-24,3431.444,203.9
2009-06-25,3427.473,205.48
2009-06-26,3448.461,207.11
2009-06-29,3476.788,205.92
2009-06-30,3452.263,207.37
2009-07-01,3503.754,204.45
2009-07-02,3540.509,206.06
2009-07-03,3584.858,205.14
2009-07-06,3592.64,203.41
2009-07-07,3589.187,203.16
2009-07-08,3633.433,202.85
2009-07-09,3701.79,201.06
2009-07-10,3719.97,200.55
2009-07-13,3754.344,200.1
2009-07-14,3813.876,202.35
2009-07-15,3848.632,204.09
2009-07-16,3829.207,205.32
2009-07-17,3852.863,205.34
2009-07-20,3919.426,207.54
2009-07-21,3824.288,207.77
2009-07-22,3894.563,207.94
2009-07-23,3933.113,209.17
2009-07-24,3907.967,208.05
2009-07-27,3972.644,210.08
2009-07-28,4022.91,209.58
2009-07-29,3764.64,204.9
2009-07-30,3803.124,204.5
2009-07-31,3928.584,205.93
2009-08-03,4020.266,209.41
2009-08-04,4069.346,209.67
2009-08-05,4069.338,211.38
2009-08-06,4015.421,211.57
2009-08-07,3893.125,210.55
2009-08-10,3933.047,209.78
2009-08-11,3953.293,208.35
2009-08-12,3770.137,207.15
2009-08-13,3778.14,209.58
2009-08-14,3609.698,209.9
2009-08-17,3358.103,207.18
2009-08-18,3424.775,206.5
2009-08-19,3247.526,205.54
2009-08-20,3374.351,207.51
2009-08-21,3468.042,206.52
2009-08-24,3541.804,209.77
2009-08-25,3485.924,207.65
2009-08-26,3595.115,208.26
2009-08-27,3629.513,208.0
2009-08-28,3531.41,208.8
2009-08-31,3277.997,209.29
2009-09-01,3245.274,209.72
2009-09-02,3265.074,210.0
2009-09-03,3427.442,215.57
2009-09-04,3489.063,217.39
2009-09-07,3527.254,218.9
2009-09-08,3592.806,222.8
2009-09-09,3613.41,220.65
2009-09-10,3581.683,219.47
2009-09-11,3641.816,220.27
2009-09-14,3736.576,219.57
2009-09-15,3775.213,219.27
2009-09-16,3781.064,225.24
2009-09-17,3868.667,225.96
2009-09-18,3739.732,223.1
2009-09-21,3804.331,221.1
2009-09-22,3708.199,223.3
2009-09-23,3595.706,223.13
2009-09-24,3568.669,223.51
2009-09-25,3536.811,218.9
2009-09-28,3434.655,216.83
2009-09-29,3372.074,217.77
2009-09-30,3400.623,218.7
2009-10-09,3576.444,228.95
2009-10-12,3597.863,229.75
2009-10-13,3659.081,231.59
2009-10-14,3692.648,233.85
2009-10-15,3704.404,231.85
2009-10-16,3716.897,230.38
2009-10-19,3808.181,231.7
2009-10-20,3865.832,234.59
2009-10-21,3839.947,232.22
2009-10-22,3855.768,231.85
2009-10-23,3908.435,233.2
2009-10-26,3911.653,231.98
2009-10-27,3807.976,229.37
2009-10-28,3846.415,229.0
2009-10-29,3777.505,227.5
2009-10-30,3827.683,230.68
2009-11-02,3955.783,230.71
2009-11-03,4053.212,233.86
2009-11-04,4083.482,238.06
2009-11-05,4125.781,238.12
2009-11-06,4145.137,239.25
2009-11-09,4176.188,242.17
2009-11-10,4182.77,240.84
2009-11-11,4199.549,242.62
2009-11-12,4213.245,245.56
2009-11-13,4267.008,242.91
2009-11-16,4364.973,247.39
2009-11-17,4387.552,248.48
2009-11-18,4406.779,249.49
2009-11-19,4476.138,250.26
2009-11-20,4508.293,250.92
2009-11-23,4591.339,255.42
2009-11-24,4347.657,255.05
2009-11-25,4512.08,259.33
2009-11-26,4328.408,261.92
2009-11-27,4215.338,257.02
2009-11-30,4405.328,258.23
2009-12-01,4525.288,259.33
2009-12-02,4591.384,267.5
2009-12-03,4621.941,267.55
2009-12-04,4506.082,265.8
2009-12-07,4581.242,254.81
2009-12-08,4571.764,255.9
2009-12-09,4498.152,248.85
2009-12-10,4536.557,249.27
2009-12-11,4534.763,250.7
2009-12-14,4513.594,249.7
2009-12-15,4523.493,248.31
2009-12-16,4506.039,252.38
2009-12-17,4364.926,249.73
2009-12-18,4203.48,245.4
2009-12-21,4256.389,246.8
2009-12-22,4136.822,242.43
2009-12-23,4210.173,241.3
2009-12-24,4345.296,245.61
2009-12-25,4376.193,246.35
2009-12-28,4447.205,247.98
2009-12-29,4463.604,246.4
2009-12-30,4446.067,243.39
2010-01-04,4510.527,245.96
2010-01-05,4557.475,253.23
2010-01-06,4550.279,251.1
2010-01-07,4459.155,252.36
2010-01-08,4514.452,249.56
2010-01-11,4542.949,256.85
2010-01-12,4639.632,257.15
2010-01-13,4591.024,250.72
2010-01-14,4714.1,252.97
2010-01-15,4747.648,252.21
2010-01-18,4829.062,251.81
2010-01-19,4830.016,252.39
2010-01-20,4651.074,251.38
2010-01-21,4667.209,248.3
2010-01-22,4537.88,243.32
2010-01-25,4481.16,245.36
2010-01-26,4294.383,243.1
2010-01-27,4267.113,243.81
2010-01-28,4336.381,241.44
2010-01-29,4374.649,239.36
2010-02-01,4331.366,239.56
2010-02-02,4301.768,244.74
2010-02-03,4363.079,247.24
2010-02-04,4408.441,245.11
2010-02-05,4311.293,235.77
2010-02-08,4310.894,236.86
2010-02-09,4311.891,238.47
2010-02-10,4366.25,239.85
2010-02-11,4356.517,240.3
2010-02-12,4416.219,242.2
2010-02-22,4419.547,248.33
2010-02-23,4459.155,247.22
2010-02-24,4556.281,245.06
2010-02-25,4629.965,242.28
2010-02-26,4634.671,246.4
2010-03-01,4686.266,247.79
2010-03-02,4690.293,247.38
2010-03-03,4758.434,251.9
2010-03-04,4586.523,251.05
2010-03-05,4604.586,251.28
2010-03-08,4654.583,252.01
2010-03-09,4660.126,248.36
2010-03-10,4598.994,249.44
2010-03-11,4562.872,245.93
2010-03-12,4492.861,246.82
2010-03-15,4454.76,244.99
2010-03-16,4491.465,246.34
2010-03-17,4616.053,250.13
2010-03-18,4630.953,248.53
2010-03-19,4663.903,248.71
2010-03-22,4690.198,244.99
2010-03-23,4658.626,244.5
2010-03-24,4683.065,243.9
2010-03-25,4620.749,241.8
2010-03-26,4686.931,243.88
2010-03-29,4723.611,246.01
2010-03-30,4744.423,246.46
2010-03-31,4756.157,245.28
2010-04-01,4827.214,245.91
2010-04-02,4843.175,248.03
2010-04-06,4852.904,248.7
2010-04-07,4863.639,250.68
2010-04-08,4864.922,251.8
2010-04-09,4939.176,253.7
2010-04-12,4976.38,255.42
2010-04-13,4919.873,253.45
2010-04-14,4977.508,254.45
2010-04-15,4914.747,254.16
2010-04-16,4898.67,254.23
2010-04-19,4688.836,249.7
2010-04-20,4749.934,251.07
2010-04-21,4893.978,252.56
2010-04-22,4902.405,252.5
2010-04-23,4864.164,251.26
2010-04-26,4866.553,255.41
2010-04-27,4739.269,254.39
2010-04-28,4714.432,256.8
2010-04-29,4561.4,257.08
2010-04-30,4438.681,258.59
2010-05-04,4434.131,258.61
2010-05-05,4564.807,257.33
2010-05-06,4419.781,258.2
2010-05-07,4350.758,264.6
2010-05-10,4269.108,262.75
2010-05-11,4144.352,265.64
2010-05-12,4042.516,270.17
2010-05-13,4157.842,271.14
2010-05-14,4184.841,271.32
2010-05-17,3915.752,271.89
2010-05-18,3972.154,267.62
2010-05-19,3977.377,266.29
2010-05-20,3901.257,261.27
2010-05-21,3982.385,259.72
2010-05-24,4163.477,262.25
2010-05-25,4133.346,262.17
2010-05-26,4144.662,265.8
2010-05-27,4218.637,266.7
2010-05-28,4235.322,267.68
2010-05-31,4104.364,266.54
2010-06-01,4025.789,268.59
2010-06-02,4083.616,268.71
2010-06-03,4053.985,269.18
2010-06-04,4089.035,264.82
2010-06-07,4072.568,267.77
2010-06-08,4109.317,272.9
2010-06-09,4211.881,271.35
2010-06-10,4223.566,270.24
2010-06-11,4197.995,268.44
2010-06-17,4145.243,271.47
2010-06-18,3972.286,273.93
2010-06-21,4087.017,276.98
2010-06-22,4119.722,271.24
2010-06-23,4094.568,272.08
2010-06-24,4095.295,270.75
2010-06-25,4028.433,272.95
2010-06-28,3961.382,274.91
2010-06-29,3736.982,270.6
2010-06-30,3664.464,272.04
2010-07-01,3606.593,270.8
2010-07-02,3585.576,263.12
2010-07-05,3563.882,264.26
2010-07-06,3665.334,263.01
2010-07-07,3718.662,259.4
2010-07-08,3698.342,263.16
2010-07-09,3807.604,261.36
2010-07-12,3849.52,263.3
2010-07-13,3788.751,261.2
2010-07-14,3824.046,264.6
2010-07-15,3735.395,263.75
2010-07-16,3757.432,263.02
2010-07-19,3842.313,260.3
2010-07-20,3951.358,258.85
2010-07-21,3959.427,259.76
2010-07-22,4017.864,258.73
2010-07-23,4015.467,261.46
2010-07-26,4071.094,261.12
2010-07-27,4068.864,259.46
2010-07-28,4162.321,255.18
2010-07-29,4194.04,256.17
2010-07-30,4191.13,255.94
2010-08-02,4267.895,259.25
2010-08-03,4193.641,258.95
2010-08-04,4248.014,261.57
2010-08-05,4267.955,261.4
2010-08-06,4356.012,262.9
2010-08-09,4413.568,264.63
2010-08-10,4246.46,262.0
2010-08-11,4297.904,262.43
2010-08-12,4241.592,262.9
2010-08-13,4323.052,266.73
2010-08-16,4423.315,267.48
2010-08-17,4457.759,267.8
2010-08-18,4457.127,267.55
2010-08-19,4461.488,268.98
2010-08-20,4366.604,268.78
2010-08-23,4404.718,268.6
2010-08-24,4456.497,266.86
2010-08-25,4368.304,269.8
2010-08-26,4399.284,271.11
2010-08-27,4431.444,270.22
2010-08-30,4553.023,270.41
2010-08-31,4589.289,270.28
2010-09-01,4530.229,274.1
2010-09-02,4625.395,273.1
2010-09-03,4662.96,273.72
2010-09-06,4651.963,273.25
2010-09-07,4679.942,273.15
2010-09-08,4720.375,275.33
2010-09-09,4658.009,273.83
2010-09-10,4705.31,272.01
2010-09-13,4789.693,272.08
2010-09-14,4805.416,272.6
2010-09-15,4730.143,276.55
2010-09-16,4610.916,275.95
2010-09-17,4603.489,278.24
2010-09-20,4553.12,279.2
2010-09-21,4546.724,277.4
2010-09-27,4673.602,281.15
2010-09-28,4654.345,279.42
2010-09-29,4590.317,283.19
2010-09-30,4660.605,284.11
2010-10-08,4767.967,285.69
2010-10-11,4789.155,290.85
2010-10-12,4806.029,289.98
2010-10-13,4836.737,292.47
2010-10-14,4679.548,297.47
2010-10-15,4691.45,297.18
2010-10-18,4636.639,292.41
2010-10-19,4778.607,293.34
2010-10-20,4794.194,286.99
2010-10-21,4833.8,286.95
2010-10-22,4877.927,284.41
2010-10-25,4998.5,291.5
2010-10-26,5046.148,289.28
2010-10-27,4994.774,287.83
2010-10-28,4999.59,287.55
2010-10-29,5055.492,290.01
2010-11-01,5199.525,295.27
2010-11-02,5173.066,294.28
2010-11-03,5098.539,292.39
2010-11-04,5228.296,293.67
2010-11-05,5311.77,301.24
2010-11-08,5431.091,301.62
2010-11-09,5467.839,311.23
2010-11-10,5484.742,305.76
2010-11-11,5440.099,307.16
2010-11-12,5111.189,301.0
2010-11-15,5255.267,295.9
2010-11-16,5068.465,294.55
2010-11-17,4855.85,288.4
2010-11-18,4932.401,292.99
2010-11-19,5081.03,294.0
2010-11-22,5150.665,294.31
2010-11-23,5063.237,294.98
2010-11-24,5206.149,298.68
2010-11-25,5259.81,297.45
2010-11-26,5227.648,295.21
2010-11-29,5248.747,294.8
2010-11-30,5110.875,296.31
2010-12-01,5116.837,303.95
2010-12-02,5138.487,304.96
2010-12-03,5100.366,303.65
2010-12-06,5016.528,308.51
2010-12-07,5084.583,309.84
2010-12-08,5069.97,301.3
2010-12-09,4964.901,300.35
2010-12-10,5039.165,301.38
2010-12-13,5179.021,302.34
2010-12-14,5244.038,305.95
2010-12-15,5230.68,301.1
2010-12-16,5216.851,300.25
2010-12-17,5228.337,299.53
2010-12-20,5163.529,302.35
2010-12-21,5222.792,302.38
2010-12-22,5174.539,302.33
2010-12-23,5069.523,302.01
2010-12-24,4991.544,301.5
2010-12-27,4849.63,301.6
2010-12-28,4730.497,303.73
2010-12-29,4812.532,307.1
2010-12-30,4828.489,308.37
2011-01-04,5011.498,307.81
2011-01-05,5028.766,299.95
2011-01-06,5001.283,298.91
2011-01-07,4975.144,297.01
2011-01-10,4830.562,299.21
2011-01-11,4804.822,299.66
2011-01-12,4833.58,301.06
2011-01-13,4826.757,299.84
2011-01-14,4723.426,297.4
2011-01-17,4519.913,292.75
2011-01-18,4536.964,294.33
2011-01-19,4646.087,295.86
2011-01-20,4477.359,293.3
2011-01-21,4506.322,290.2
2011-01-24,4398.495,291.6
2011-01-25,4341.909,287.75
2011-01-26,4424.892,288.95
2011-01-27,4502.808,290.41
2011-01-28,4548.206,284.73
2011-01-31,4610.86,288.35
2011-02-01,4630.58,289.61
2011-02-09,4609.717,292.96
2011-02-10,4733.973,292.7
2011-02-11,4786.806,293.32
2011-02-14,4872.495,293.0
2011-02-15,4869.687,293.59
2011-02-16,4952.667,295.88
2011-02-17,4987.48,296.06
2011-02-18,4941.432,297.42
2011-02-21,5042.967,299.27
2011-02-22,4909.745,299.5
2011-02-23,4979.057,299.7
2011-02-24,5027.731,301.2
2011-02-25,5032.797,299.61
2011-02-28,5095.208,301.28
2011-03-01,5122.441,302.0
2011-03-02,5108.74,303.58
2011-03-03,5009.047,301.61
2011-03-04,5067.621,299.99
2011-03-07,5138.248,304.33
2011-03-08,5165.735,301.92
2011-03-09,5181.368,301.78
2011-03-10,5143.413,303.17
2011-03-11,5139.746,299.12
2011-03-14,5190.037,301.26
2011-03-15,5131.332,299.38
2011-03-16,5199.358,296.82
2011-03-17,5104.134,295.8
2011-03-18,5126.934,299.05
2011-03-21,5086.108,303.1
2011-03-22,5085.812,302.29
2011-03-23,5155.337,302.42
2011-03-24,5169.264,303.3
2011-03-25,5212.345,303.28
2011-03-28,5199.552,299.9
2011-03-29,5111.153,299.82
2011-03-30,5064.545,300.35
2011-03-31,5000.402,301.26
2011-04-01,5065.076,301.89
2011-04-06,5057.84,306.13
2011-04-07,5089.751,305.33
2011-04-08,5148.799,307.8
2011-04-11,5107.137,307.47
2011-04-12,5114.459,305.89
2011-04-13,5165.207,307.11
2011-04-14,5150.869,307.69
2011-04-15,5162.415,308.32
2011-04-18,5178.894,312.22
2011-04-19,5116.144,311.25
2011-04-20,5152.395,314.54
2011-04-21,5188.111,315.14
2011-04-22,5165.123,315.64
2011-04-25,5054.768,316.69
2011-04-26,4970.572,312.8
2011-04-27,4913.497,313.36
2011-04-28,4755.416,318.1
2011-04-29,4836.866,317.4
2011-05-03,4920.57,317.15
2011-05-04,4814.781,314.21
2011-05-05,4827.212,313.11
2011-05-06,4849.969,309.38
2011-05-09,4889.92,310.9
2011-05-10,4918.674,312.09
2011-05-11,4929.488,314.64
2011-05-12,4863.795,310.1
2011-05-13,4902.564,314.24
2011-05-16,4900.706,310.9
2011-05-17,4873.954,311.59
2011-05-18,4906.189,310.86
2011-05-19,4879.892,312.37
2011-05-20,4863.185,313.24
2011-05-23,4679.527,314.14
2011-05-24,4672.076,317.09
2011-05-25,4618.748,317.23
2011-05-26,4572.942,317.9
2011-05-27,4428.894,317.54
2011-05-30,4345.048,319.49
2011-05-31,4444.276,320.01
2011-06-01,4490.892,317.53
2011-06-02,4429.999,320.25
2011-06-03,4506.196,319.35
2011-06-07,4547.303,321.3
2011-06-08,4562.972,320.05
2011-06-09,4456.73,319.0
2011-06-10,4469.049,320.56
2011-06-13,4468.787,318.5
2011-06-14,4540.939,317.11
2011-06-15,4499.694,317.19
2011-06-16,4402.143,318.15
2011-06-17,4337.367,317.66
2011-06-20,4278.753,320.27
2011-06-21,4338.422,321.31
2011-06-22,4321.219,321.2
2011-06-23,4402.938,321.07
2011-06-24,4509.18,316.82
2011-06-27,4568.189,311.52
2011-06-28,4574.477,312.16
2011-06-29,4511.545,313.57
2011-06-30,4579.332,314.18
2011-07-01,4604.746,311.8
2011-07-04,4719.391,311.95
2011-07-05,4749.424,311.24
2011-07-06,4760.917,316.56
2011-07-07,4761.452,319.55
2011-07-08,4756.614,319.19
2011-07-11,4799.42,321.86
2011-07-12,4731.118,322.07
2011-07-13,4825.419,326.66
2011-07-14,4866.165,329.67
2011-07-15,4896.043,328.11
2011-07-18,4895.26,332.48
2011-07-19,4843.705,334.11
2011-07-20,4849.057,330.59
2011-07-21,4784.388,333.45
2011-07-22,4800.938,330.2
2011-07-25,4613.73,336.1
2011-07-26,4633.372,335.41
2011-07-27,4710.379,336.62
2011-07-28,4680.898,335.2
2011-07-29,4628.32,334.5
2011-08-01,4644.462,333.51
2011-08-02,4610.783,335.58
2011-08-03,4625.173,345.3
2011-08-04,4649.425,345.62
2011-08-05,4559.018,344.08
2011-08-08,4330.771,354.47
2011-08-09,4317.107,362.46
2011-08-10,4378.698,361.78
2011-08-11,4454.394,367.43
2011-08-12,4505.886,362.99
2011-08-15,4571.719,360.27
2011-08-16,4533.321,366.46
2011-08-17,4513.485,369.31
2011-08-18,4436.101,370.38
2011-08-19,4395.019,383.8
2011-08-22,4363.959,392.38
2011-08-23,4434.922,391.69
2011-08-24,4427.978,380.9
2011-08-25,4520.171,363.51
2011-08-26,4530.423,367.8
2011-08-29,4490.158,376.79
2011-08-30,4451.726,372.3
2011-08-31,4430.538,380.19
2011-09-01,4395.069,376.35
2011-09-02,4344.977,381.24
2011-09-05,4238.069,390.6
2011-09-06,4204.908,395.25
2011-09-07,4306.361,378.7
2011-09-08,4260.155,382.0
2011-09-09,4233.748,388.31
2011-09-13,4164.288,378.59
2011-09-14,4212.129,378.33
2011-09-15,4215.5,375.54
2011-09-16,4214.816,365.91
2011-09-19,4131.885,377.95
2011-09-20,4151.851,368.8
2011-09-21,4275.094,375.2
2011-09-22,4151.8,367.01
2011-09-23,4117.735,361.24
2011-09-26,4051.425,341.94
2011-09-27,4068.231,341.44
2011-09-28,3999.782,341.25
2011-09-29,3871.06,335.09
2011-09-30,3856.828,338.39
2011-10-10,3832.577,341.63
2011-10-11,3817.927,345.93
2011-10-12,3950.655,346.83
2011-10-13,4001.853,346.42
2011-10-14,3985.193,346.09
2011-10-17,3997.121,347.35
2011-10-18,3877.024,343.01
2011-10-19,3854.169,340.52
2011-10-20,3740.469,333.28
2011-10-21,3671.695,335.25
2011-10-24,3736.765,341.7
2011-10-25,3842.978,341.1
2011-10-26,3884.39,354.14
2011-10-27,3888.992,355.44
2011-10-28,3978.8,357.93
2011-10-31,3999.362,352.62
2011-11-01,3999.831,352.66
2011-11-02,4072.781,355.8
2011-11-03,4097.618,355.98
2011-11-04,4131.13,362.03
2011-11-07,4114.767,364.6
2011-11-08,4057.555,368.18
2011-11-09,4126.003,367.02
2011-11-10,4064.371,360.15
2011-11-11,4062.144,362.9
2011-11-14,4159.567,367.36
2011-11-15,4192.665,363.53
2011-11-16,4088.323,362.82
2011-11-17,4079.536,362.88
2011-11-18,3963.258,353.56
2011-11-21,3966.636,353.71
2011-11-22,3957.93,346.59
2011-11-23,3942.695,351.0
2011-11-24,3935.273,348.8
2011-11-25,3911.356,346.5
2011-11-28,3915.298,351.26
2011-11-29,3980.618,352.63
2011-11-30,3819.942,353.2
2011-12-01,3897.019,359.0
2011-12-02,3817.041,359.06
2011-12-05,3692.227,358.96
2011-12-06,3691.804,352.75
2011-12-07,3702.103,356.23
2011-12-08,3700.089,357.88
2011-12-09,3663.843,351.35
2011-12-12,3616.087,346.96
2011-12-13,3490.4,339.66
2011-12-14,3423.474,337.53
2011-12-15,3329.575,322.33
2011-12-16,3427.214,328.7
2011-12-19,3434.845,328.39
2011-12-20,3424.448,329.7
2011-12-21,3342.401,334.48
2011-12-22,3298.724,331.51
2011-12-23,3327.394,330.92
2011-12-26,3308.072,327.35
2011-12-27,3224.148,326.23
2011-12-28,3207.399,324.18
2011-12-29,3207.181,316.0
2011-12-30,3266.775,319.45
2012-01-04,3192.234,327.3
2012-01-05,3074.368,331.95
2012-01-06,3087.546,333.41
2012-01-09,3212.904,330.3
2012-01-10,3345.391,332.2
2012-01-11,3346.742,336.2
2012-01-12,3345.812,336.98
2012-01-13,3233.701,336.65
2012-01-16,3130.558,335.15
2012-01-17,3304.88,339.77
2012-01-18,3237.852,338.65
2012-01-19,3270.765,340.68
2012-01-20,3315.603,339.57
2012-01-30,3292.409,353.21
2012-01-31,3294.494,355.02
2012-02-01,3266.234,354.07
2012-02-02,3328.153,356.84
2012-02-03,3383.05,358.58
2012-02-06,3412.405,353.33
2012-02-07,3356.838,352.63
2012-02-08,3445.52,357.66
2012-02-09,3469.846,355.09
2012-02-10,3488.229,353.1
2012-02-13,3519.875,352.56
2012-02-14,3524.625,350.3
2012-02-15,3578.149,352.18
2012-02-16,3577.202,350.81
2012-02-17,3565.306,353.34
2012-02-20,3574.458,353.73
2012-02-21,3618.302,355.59
2012-02-22,3689.004,358.22
2012-02-23,3700.888,362.49
2012-02-24,3756.825,362.23
2012-02-27,3764.326,360.9
2012-02-28,3745.58,361.85
2012-02-29,3696.144,364.75
2012-03-01,3715.673,349.83
2012-03-02,3794.416,350.49
2012-03-05,3798.377,348.82
2012-03-06,3760.585,346.76
2012-03-07,3732.707,341.28
2012-03-08,3791.827,344.61
2012-03-09,3848.108,347.67
2012-03-12,3871.12,347.96
2012-03-13,3910.064,347.55
2012-03-14,3734.317,341.39
2012-03-15,3689.014,337.36
2012-03-16,3786.617,340.7
2012-03-19,3829.696,340.92
2012-03-20,3746.284,338.52
2012-03-21,3760.047,338.6
2012-03-22,3742.388,337.99
2012-03-23,3670.129,337.21
2012-03-26,3666.279,340.78
2012-03-27,3652.876,345.84
2012-03-28,3490.007,342.39
2012-03-29,3425.702,339.97
2012-03-30,3416.856,340.2
2012-04-05,3531.549,333.18
2012-04-06,3554.027,334.4
2012-04-09,3512.914,336.42
2012-04-10,3554.038,337.61
2012-04-11,3566.476,339.78
2012-04-12,3640.407,339.4
2012-04-13,3675.028,342.62
2012-04-16,3685.481,335.8
2012-04-17,3631.556,336.3
2012-04-18,3714.02,338.46
2012-04-19,3704.705,335.99
2012-04-20,3736.365,336.3
2012-04-23,3691.574,335.91
2012-04-24,3666.395,335.05
2012-04-25,3718.911,336.2
2012-04-26,3700.028,338.03
2012-04-27,3664.638,338.22
2012-05-02,3718.259,338.15
2012-05-03,3733.816,335.93
2012-05-04,3758.004,334.56
2012-05-07,3784.556,335.3
2012-05-08,3783.472,333.59
2012-05-09,3717.47,325.91
2012-05-10,3731.131,326.4
2012-05-11,3715.385,324.16
2012-05-14,3710.097,322.89
2012-05-15,3705.883,318.91
2012-05-16,3660.312,313.97
2012-05-17,3714.186,318.34
2012-05-18,3655.858,323.19
2012-05-21,3653.546,327.53
2012-05-22,3711.055,325.26
2012-05-23,3708.919,320.02
2012-05-24,3678.093,321.4
2012-05-25,3635.516,321.74
2012-05-28,3687.455,326.3
2012-05-29,3745.678,325.5
2012-05-30,3752.219,319.86
2012-05-31,3753.593,323.0
2012-06-01,3744.437,322.63
2012-06-04,3621.808,335.67
2012-06-05,3617.614,334.36
2012-06-06,3600.163,336.35
2012-06-07,3581.137,334.7
2012-06-08,3564.158,324.93
2012-06-11,3630.314,329.85
2012-06-12,3608.391,328.34
2012-06-13,3674.875,332.6
2012-06-14,3652.705,333.61
2012-06-15,3648.994,335.26
2012-06-18,3684.727,333.5
2012-06-19,3657.958,335.5
2012-06-20,3636.09,333.49
2012-06-21,3590.837,330.14
2012-06-25,3493.116,325.12
2012-06-26,3489.972,326.9
2012-06-27,3476.403,324.34
2012-06-28,3427.819,325.39
2012-06-29,3470.965,324.51
2012-07-02,3509.503,328.1
2012-07-03,3515.778,331.73
2012-07-04,3497.748,333.3
2012-07-05,3418.202,333.8
2012-07-06,3486.546,330.59
2012-07-09,3398.805,326.9
2012-07-10,3365.665,327.3
2012-07-11,3404.104,326.1
2012-07-12,3450.302,324.7
2012-07-13,3435.084,326.45
2012-07-16,3311.089,328.82
2012-07-17,3334.286,329.64
2012-07-18,3352.848,327.13
2012-07-19,3392.656,326.95
2012-07-20,3369.913,327.5
2012-07-23,3337.856,326.15
2012-07-24,3361.09,326.5
2012-07-25,3332.085,327.49
2012-07-26,3302.336,332.88
2012-07-27,3283.592,335.3
2012-07-30,3217.452,334.45
2012-07-31,3159.192,335.58
2012-08-01,3216.184,334.12
2012-08-02,3195.863,331.48
2012-08-03,3259.856,329.85
2012-08-06,3337.267,332.9
2012-08-07,3368.252,333.68
2012-08-08,3356.485,332.55
2012-08-09,3405.058,334.81
2012-08-10,3395.849,334.0
2012-08-13,3318.1,336.02
2012-08-14,3349.585,334.03
2012-08-15,3310.839,331.15
2012-08-16,3286.828,331.71
2012-08-17,3286.778,335.28
2012-08-20,3289.439,335.13
2012-08-21,3335.753,336.29
2012-08-22,3306.111,339.52
2012-08-23,3327.99,345.99
2012-08-24,3265.749,344.79
2012-08-27,3184.331,346.63
2012-08-28,3200.993,343.82
2012-08-29,3179.54,345.5
2012-08-30,3129.495,343.38
2012-08-31,3139.5,343.39
2012-09-03,3200.306,349.71
2012-09-04,3164.826,350.3
2012-09-05,3181.8,350.16
2012-09-06,3217.936,352.6
2012-09-07,3334.66,349.61
2012-09-10,3363.605,358.23
2012-09-11,3350.088,357.78
2012-09-12,3376.122,357.89
2012-09-13,3329.299,356.13
2012-09-14,3338.038,365.19
2012-09-17,3237.704,364.4
2012-09-18,3224.259,361.87
2012-09-19,3255.866,365.41
2012-09-20,3161.763,361.92
2012-09-21,3143.71,363.67
2012-09-24,3167.161,360.12
2012-09-25,3144.408,360.86
2012-09-26,3071.989,360.86
2012-09-27,3141.082,360.31
2012-09-28,3199.752,365.48
2012-10-08,3183.365,361.38
2012-10-09,3265.617,361.8
2012-10-10,3296.923,359.55
2012-10-11,3248.045,359.55
2012-10-12,3240.399,359.95
2012-10-15,3223.189,354.19
2012-10-16,3233.229,353.61
2012-10-17,3240.778,354.8
2012-10-18,3294.835,354.46
2012-10-19,3285.445,351.67
2012-10-22,3298.488,350.09
2012-10-23,3259.067,349.7
2012-10-24,3257.921,347.3
2012-10-25,3226.172,347.7
2012-10-26,3163.295,345.0
2012-10-29,3158.943,347.57
2012-10-30,3160.687,347.28
2012-10-31,3168.097,347.27
2012-11-01,3228.19,352.0
2012-11-02,3249.552,347.9
2012-11-05,3235.352,342.02
2012-11-06,3213.26,343.9
2012-11-07,3209.141,351.98
2012-11-08,3129.568,350.68
2012-11-09,3116.978,354.54
2012-11-12,3136.308,353.82
2012-11-13,3072.121,351.53
2012-11-14,3081.254,352.38
2012-11-15,3026.844,351.25
2012-11-16,3009.153,348.95
2012-11-19,3016.159,351.33
2012-11-20,3004.183,353.25
2012-11-21,3035.282,351.55
2012-11-22,2995.093,352.64
2012-11-23,3005.459,353.5
2012-11-26,2970.323,356.83
2012-11-27,2864.169,356.55
2012-11-28,2800.537,354.18
2012-11-29,2774.176,349.92
2012-11-30,2816.624,352.08
2012-12-03,2749.134,349.3
2012-12-04,2783.412,345.53
2012-12-05,2886.186,346.47
2012-12-06,2884.348,343.6
2012-12-07,2950.193,346.28
2012-12-10,3002.231,347.27
2012-12-11,2982.027,347.69
2012-12-12,2982.885,348.47
2012-12-13,2943.276,344.99
2012-12-14,3066.231,345.43
2012-12-17,3091.875,343.89
2012-12-18,3086.584,347.37
2012-12-19,3099.092,341.84
2012-12-20,3108.86,340.76
2012-12-21,3101.074,335.92
2012-12-24,3117.698,338.81
2012-12-25,3189.088,337.24
2012-12-26,3228.675,337.38
2012-12-27,3199.481,337.96
2012-12-28,3235.195,339.2
2013-01-04,3258.251,336.84
2013-01-07,3288.369,338.54
2013-01-08,3327.04,336.53
2013-01-09,3334.987,339.32
2013-01-10,3356.35,338.68
2013-01-11,3271.179,341.39
2013-01-14,3384.745,340.35
2013-01-15,3450.682,340.9
2013-01-16,3450.56,343.5
2013-01-17,3408.022,342.49
2013-01-18,3464.645,344.28
2013-01-21,3491.122,344.06
2013-01-22,3435.434,345.5
2013-01-23,3441.745,344.81
2013-01-24,3369.732,341.73
2013-01-25,3364.061,340.1
2013-01-28,3449.794,338.47
2013-01-29,3482.519,339.07
2013-01-30,3500.578,339.5
2013-01-31,3479.638,341.3
2013-02-01,3507.709,338.67
2013-02-04,3484.362,340.15
2013-02-05,3520.646,341.85
2013-02-06,3544.385,340.83
2013-02-07,3557.667,341.73
2013-02-08,3608.589,341.09
2013-02-18,3627.776,329.76
2013-02-19,3561.357,329.73
2013-02-20,3635.375,328.97
2013-02-21,3560.317,320.84
2013-02-22,3548.358,324.32
2013-02-25,3587.587,324.04
2013-02-26,3533.204,324.54
2013-02-27,3535.896,328.09
2013-02-28,3608.199,326.4
2013-03-01,3648.422,323.1
2013-03-04,3518.717,322.56
2013-03-05,3597.922,323.47
2013-03-06,3653.934,322.33
2013-03-07,3609.64,323.05
2013-03-08,3570.38,321.3
2013-03-11,3571.105,322.74
2013-03-12,3481.175,322.11
2013-03-13,3449.35,324.3
2013-03-14,3464.854,322.95
2013-03-15,3471.214,324.19
2013-03-18,3427.12,324.21
2013-03-19,3438.072,325.73
2013-03-20,3527.772,326.88
2013-03-21,3565.02,326.08
2013-03-22,3579.92,326.33
2013-03-25,3568.523,325.58
2013-03-26,3543.812,324.57
2013-03-27,3552.257,322.97
2013-03-28,3448.977,325.03
2013-03-29,3447.285,323.45
2013-04-01,3470.96,322.98
2013-04-02,3428.5,323.73
2013-04-03,3397.232,316.24
2013-04-08,3411.13,319.29
2013-04-09,3444.371,318.82
2013-04-10,3437.267,320.25
2013-04-11,3423.217,314.35
2013-04-12,3394.517,314.49
2013-04-15,3346.851,298.93
2013-04-16,3383.081,276.38
2013-04-17,3412.416,275.09
2013-04-18,3423.012,275.78
2013-04-19,3495.242,282.28
2013-04-22,3511.624,282.7
2013-04-23,3416.449,283.31
2013-04-24,3484.568,286.49
2013-04-25,3431.401,290.35
2013-04-26,3367.766,296.15
2013-05-02,3383.398,290.9
2013-05-03,3448.64,295.41
2013-05-06,3514.457,294.15
2013-05-07,3521.477,289.98
2013-05-08,3553.848,290.27
2013-05-09,3555.769,292.87
2013-05-10,3577.327,291.6
2013-05-13,3590.758,285.43
2013-05-14,3549.303,286.31
2013-05-15,3597.106,281.82
2013-05-16,3635.755,278.18
2013-05-17,3691.399,275.11
2013-05-20,3737.748,269.5
2013-05-21,3787.059,279.51
2013-05-22,3755.874,278.86
2013-05-23,3724.229,276.23
2013-05-24,3782.071,278.36
2013-05-27,3820.427,279.32
2013-05-28,3827.782,278.44
2013-05-29,3856.319,277.46
2013-05-30,3865.134,281.88
2013-05-31,3841.218,283.57
2013-06-03,3814.51,279.52
2013-06-04,3739.724,281.26
2013-06-05,3755.148,280.62
2013-06-06,3688.736,279.01
2013-06-07,3616.21,281.82
2013-06-13,3515.05,278.24
2013-06-14,3584.978,277.15
2013-06-17,3593.371,277.58
2013-06-18,3605.758,275.97
2013-06-19,3583.298,274.48
2013-06-20,3465.004,266.94
2013-06-21,3446.483,261.3
2013-06-24,3232.962,256.9
2013-06-25,3219.134,257.9
2013-06-26,3285.818,251.05
2013-06-27,3233.222,250.5
2013-06-28,3235.978,243.8
2013-07-01,3304.591,252.4
2013-07-02,3359.053,254.8
2013-07-03,3364.184,252.35
2013-07-04,3390.488,253.45
2013-07-05,3371.529,251.3
2013-07-08,3240.477,245.95
2013-07-09,3259.911,253.35
2013-07-10,3361.395,251.75
2013-07-11,3455.884,259.6
2013-07-12,3425.135,257.1
2013-07-15,3493.441,259.15
2013-07-16,3536.313,258.45
2013-07-17,3485.074,259.35
2013-07-18,3481.201,256.6
2013-07-19,3394.306,258.55
2013-07-22,3461.281,264.25
2013-07-23,3544.966,266.2
2013-07-24,3566.282,267.75
2013-07-25,3498.242,264.05
2013-07-26,3494.159,265.9
2013-07-29,3426.593,263.3
2013-07-30,3411.219,263.5
2013-07-31,3430.743,265.9
2013-08-01,3521.152,263.5
2013-08-02,3533.609,257.1
2013-08-05,3592.538,262.45
2013-08-06,3631.124,258.45
2013-08-07,3596.318,256.1
2013-08-08,3605.85,258.1
2013-08-09,3618.744,261.55
2013-08-12,3676.195,266.05
2013-08-13,3695.552,267.65
2013-08-14,3681.082,263.8
2013-08-15,3631.321,268.05
2013-08-16,3554.348,271.95
2013-08-19,3609.028,274.6
2013-08-20,3599.637,271.2
2013-08-21,3627.501,273.2
2013-08-22,3636.469,272.35
2013-08-23,3627.97,274.75
2013-08-26,3703.593,278.55
2013-08-27,3732.098,279.25
2013-08-28,3703.92,284.25
2013-08-29,3701.083,280.95
2013-08-30,3664.148,280.15
2013-09-02,3689.959,278.55
2013-09-03,3744.871,277.6
2013-09-04,3755.239,280.5
2013-09-05,3762.569,276.5
2013-09-06,3792.832,273.85
2013-09-09,3831.927,276.8
2013-09-10,3870.923,275.05
2013-09-11,3834.258,272.9
2013-09-12,3845.068,268.55
2013-09-13,3849.82,262.7
2013-09-16,3854.207,264.05
2013-09-17,3786.292,262.35
2013-09-18,3822.123,260.4
2013-09-23,3899.625,264.3
2013-09-24,3903.518,263.85
2013-09-25,3889.221,264.4
2013-09-26,3808.216,265.35
2013-09-27,3822.758,264.2
2013-09-30,3872.893,267.4
2013-10-08,3938.068,264.9
2013-10-09,3981.058,263.45
2013-10-10,3959.63,260.7
2013-10-11,4026.916,257.85
2013-10-14,4068.32,255.2
2013-10-15,4074.083,254.25
2013-10-16,3963.212,257.25
2013-10-17,3956.965,254.7
2013-10-18,3970.641,263.2
2013-10-21,4069.033,262.95
2013-10-22,4026.516,262.05
2013-10-23,3924.219,265.1
2013-10-24,3898.156,265.7
2013-10-25,3821.779,264.6
2013-10-28,3808.703,265.8
2013-10-29,3703.86,266.25
2013-10-30,3764.453,265.3
2013-10-31,3713.829,263.25
2013-11-01,3702.445,261.85
2013-11-04,3728.188,261.75
2013-11-05,3777.404,261.8
2013-11-06,3737.106,261.35
2013-11-07,3685.04,262.55
2013-11-08,3629.94,260.4
2013-11-11,3645.84,256.2
2013-11-12,3680.536,254.9
2013-11-13,3611.76,253.45
2013-11-14,3659.83,255.5
2013-11-15,3736.452,256.15
2013-11-18,3827.882,256.25
2013-11-19,3840.365,253.2
2013-11-20,3878.584,254.0
2013-11-21,3865.41,248.75
2013-11-22,3842.756,248.75
2013-11-25,3839.602,245.75
2013-11-26,3845.676,250.15
2013-11-27,3889.755,248.75
2013-11-28,3922.666,247.7
2013-11-29,3946.383,248.1
2013-12-02,3770.865,249.25
2013-12-03,3859.955,245.3
2013-12-04,3932.998,244.95
2013-12-05,3928.724,247.9
2013-12-06,3918.783,246.0
2013-12-09,3947.704,246.75
2013-12-10,3950.486,249.25
2013-12-11,3906.78,251.0
2013-12-12,3916.962,250.1
2013-12-13,3925.434,244.75
2013-12-16,3857.715,245.75
2013-12-17,3834.027,248.0
2013-12-18,3834.045,245.65
2013-12-19,3795.023,243.75
2013-12-20,3747.002,238.35
2013-12-23,3742.738,240.2
2013-12-24,3768.703,239.0
2013-12-25,3808.453,240.9
2013-12-26,3743.132,240.6
2013-12-27,3800.774,242.85
2013-12-30,3813.003,241.05
2014-01-02,3847.879,244.45
2014-01-03,3816.316,246.4
2014-01-06,3710.898,246.9
2014-01-07,3733.662,246.95
2014-01-08,3738.205,243.8
2014-01-09,3696.023,243.75
2014-01-10,3628.634,244.9
2014-01-13,3612.02,247.45
2014-01-14,3683.534,247.7
2014-01-15,3708.142,245.5
2014-01-16,3714.314,245.75
2014-01-17,3671.915,245.95
2014-01-20,3644.125,248.0
2014-01-21,3700.108,247.4
2014-01-22,3799.042,245.0
2014-01-23,3825.486,244.4
2014-01-24,3882.668,248.25
2014-01-27,3881.947,249.6
2014-01-28,3873.81,247.85
2014-01-29,3908.45,247.55
2014-01-30,3885.416,247.95
2014-02-07,3957.671,248.7
2014-02-10,4074.63,250.9
2014-02-11,4080.378,252.7
2014-02-12,4125.412,253.1
2014-02-13,4064.423,253.55
2014-02-14,4134.16,256.85
2014-02-17,4212.745,261.2
2014-02-18,4207.699,259.1
2014-02-19,4207.994,259.35
2014-02-20,4149.071,258.5
2014-02-21,4121.917,259.55
2014-02-24,4105.792,261.45
2014-02-25,3961.439,262.85
2014-02-26,3987.48,265.0
2014-02-27,3934.727,261.85
2014-02-28,3975.929,262.55
2014-03-03,4058.799,265.55
2014-03-04,4059.567,263.95
2014-03-05,4037.784,263.15
2014-03-06,4032.756,262.75
2014-03-07,4012.447,265.55
2014-03-10,3860.244,261.35
2014-03-11,3864.26,263.45
2014-03-12,3865.662,266.9
2014-03-13,3907.146,269.7
2014-03-14,3888.975,269.5
2014-03-17,3967.15,272.65
2014-03-18,3989.201,268.6
2014-03-19,3980.673,267.65
2014-03-20,3876.578,264.8
2014-03-21,3952.392,264.85
2014-03-24,3985.861,263.35
2014-03-25,3991.144,260.95
2014-03-26,4001.502,261.4
2014-03-27,3944.044,259.3
2014-03-28,3865.295,259.0
2014-03-31,3840.536,258.35
2014-04-01,3899.488,256.9
2014-04-02,3902.043,257.35
2014-04-03,3896.28,258.8
2014-04-04,3939.229,257.95
2014-04-08,3981.625,261.85
2014-04-09,4018.547,262.05
2014-04-10,4038.84,263.1
2014-04-11,4021.194,262.7
2014-04-14,4051.33,265.1
2014-04-15,4021.906,261.8
2014-04-16,4019.883,259.4
2014-04-17,4014.94,258.6
2014-04-18,4029.262,258.15
2014-04-21,3965.337,256.3
2014-04-22,3947.169,257.7
2014-04-23,3929.168,256.9
2014-04-24,3884.811,256.8
2014-04-25,3800.681,258.75
2014-04-28,3684.593,262.1
2014-04-29,3738.926,259.95
2014-04-30,3766.17,260.35
2014-05-05,3798.288,263.3
2014-05-06,3817.98,264.55
2014-05-07,3749.965,264.0
2014-05-08,3754.011,260.25
2014-05-09,3716.022,259.95
2014-05-12,3812.758,259.75
2014-05-13,3806.89,260.4
2014-05-14,3803.803,260.8
2014-05-15,3732.337,261.9
2014-05-16,3726.656,260.5
2014-05-19,3705.364,261.3
2014-05-20,3715.71,260.0
2014-05-21,3747.334,260.45
2014-05-22,3746.14,261.0
2014-05-23,3786.563,261.0
2014-05-26,3827.487,260.65
2014-05-27,3818.322,259.1
2014-05-28,3861.588,255.15
2014-05-29,3821.867,252.35
2014-05-30,3829.238,253.3
2014-06-03,3822.716,251.3
2014-06-04,3789.294,251.4
2014-06-05,3832.055,251.15
2014-06-06,3818.333,253.55
2014-06-09,3797.429,252.9
2014-06-10,3840.019,252.6
2014-06-11,3858.051,254.2
2014-06-12,3850.113,253.7
2014-06-13,3891.557,255.75
2014-06-16,3914.981,257.9
2014-06-17,3879.344,254.65
2014-06-18,3858.099,255.0
2014-06-19,3755.694,257.85
2014-06-20,3789.342,264.55
2014-06-23,3815.879,265.8
2014-06-24,3839.203,265.3
2014-06-25,3814.03,264.5
2014-06-26,3861.95,264.3
2014-06-27,3889.323,265.15
2014-06-30,3924.903,263.9
2014-07-01,3951.726,265.6
2014-07-02,3979.31,265.95
2014-07-03,4019.647,265.2
2014-07-04,4004.561,265.35
2014-07-07,4014.488,262.9
2014-07-08,4039.707,264.15
2014-07-09,3982.404,265.25
2014-07-10,3982.198,266.05
2014-07-11,4029.751,268.4
2014-07-14,4090.802,264.3
2014-07-15,4093.113,262.45
2014-07-16,4062.119,260.0
2014-07-17,4031.44,261.5
2014-07-18,4042.521,263.25
2014-07-21,4030.242,263.3
2014-07-22,4083.288,262.1
2014-07-23,4057.113,261.9
2014-07-24,4054.223,260.0
2014-07-25,4089.801,258.5
2014-07-28,4168.373,260.9
2014-07-29,4207.862,260.95
2014-07-30,4214.836,259.75
2014-07-31,4257.045,259.0
2014-08-01,4210.219,256.6
2014-08-04,4278.847,258.9
2014-08-05,4300.12,258.1
2014-08-06,4328.601,257.9
2014-08-07,4286.09,260.5
2014-08-08,4311.697,262.85
2014-08-11,4377.018,260.55
2014-08-12,4399.806,261.0
2014-08-13,4401.809,261.05
2014-08-14,4373.504,261.65
2014-08-15,4423.636,261.4
2014-08-18,4483.544,258.9
2014-08-19,4496.938,258.15
2014-08-20,4497.399,257.75
2014-08-21,4495.44,254.55
2014-08-22,4521.752,255.1
2014-08-25,4487.142,254.55
2014-08-26,4407.588,257.0
2014-08-27,4421.212,255.95
2014-08-28,4381.494,256.3
2014-08-29,4427.879,256.75
2014-09-01,4507.442,256.15
2014-09-02,4576.12,253.75
2014-09-03,4608.557,252.3
2014-09-04,4647.886,252.45
2014-09-05,4666.474,251.4
2014-09-09,4701.699,249.65
2014-09-10,4709.909,249.55
2014-09-11,4704.942,248.15
2014-09-12,4756.949,246.25
2014-09-15,4807.555,245.7
2014-09-16,4645.546,246.45
2014-09-17,4686.047,246.85
2014-09-18,4719.009,244.3
2014-09-19,4758.727,243.7
2014-09-22,4694.229,241.3
2014-09-23,4754.472,241.8
2014-09-24,4815.71,243.6
2014-09-25,4814.735,240.65
2014-09-26,4829.935,244.2
2014-09-29,4877.435,242.9
2014-09-30,4916.119,242.85
2014-10-08,4993.531,242.35
2014-10-09,5004.001,243.95
2014-10-10,4981.853,243.0
2014-10-13,4982.681,245.15
2014-10-14,4966.083,244.9
2014-10-15,4987.707,243.2
2014-10-16,4906.244,245.6
2014-10-17,4860.732,245.8
2014-10-20,4929.16,245.8
2014-10-21,4884.024,247.0
2014-10-22,4825.609,246.95
2014-10-23,4755.231,245.95
2014-10-24,4774.666,243.8
2014-10-27,4809.518,243.2
2014-10-28,4924.955,242.55
2014-10-29,4991.755,242.95
2014-10-30,4992.63,238.1
2014-10-31,4986.416,233.45
2014-11-03,5028.698,229.9
2014-11-04,5003.47,230.85
2014-11-05,4995.443,225.5
2014-11-06,5024.848,225.9
2014-11-07,4977.255,226.5
2014-11-10,5031.001,232.05
2014-11-11,4881.48,228.1
2014-11-12,4965.384,231.75
2014-11-13,4921.671,230.25
2014-11-14,4909.609,228.65
2014-11-17,4958.466,236.0
2014-11-18,4967.651,236.05
2014-11-19,4985.101,236.8
2014-11-20,4974.626,234.3
2014-11-21,5029.773,236.6
2014-11-24,5112.119,238.4
2014-11-25,5189.001,238.6
2014-11-26,5214.21,238.3
2014-11-27,5251.389,237.85
2014-11-28,5245.267,236.05
2014-12-01,5208.139,229.35
2014-12-02,5277.657,240.35
2014-12-03,5339.005,239.5
2014-12-04,5451.962,240.65
2014-12-05,5333.892,240.3
2014-12-08,5412.674,238.15
2014-12-09,5195.406,242.0
2014-12-10,5374.097,248.05
2014-12-11,5454.443,245.4
2014-12-12,5493.2,244.8
2014-12-15,5583.597,244.95
2014-12-16,5606.693,240.6
2014-12-17,5557.286,240.7
2014-12-18,5558.045,241.7
2014-12-19,5524.122,242.5
2014-12-22,5305.209,242.15
2014-12-23,5193.722,238.55
2014-12-24,5262.365,238.5
2014-12-25,5364.563,238.05
2014-12-26,5422.751,239.5
2014-12-29,5367.637,241.6
2014-12-30,5275.085,240.0
2015-01-05,5417.017,242.15
2015-01-06,5479.864,244.45
2015-01-07,5488.242,245.25
2015-01-08,5444.037,244.5
2015-01-09,5409.058,245.15
2015-01-12,5332.221,247.75
2015-01-13,5405.091,249.0
2015-01-14,5379.738,247.9
2015-01-15,5449.038,246.75
2015-01-16,5520.123,253.65
2015-01-19,5281.895,257.85
2015-01-20,5472.514,257.65
2015-01-21,5611.694,262.2
2015-01-22,5690.156,259.05
2015-01-23,5633.289,261.4
2015-01-26,5758.979,261.6
2015-01-27,5773.816,259.9
2015-01-28,5739.919,260.8
2015-01-29,5701.205,259.3
2015-01-30,5632.728,255.05
2015-02-02,5609.389,259.1
2015-02-03,5707.476,259.4
2015-02-04,5683.519,256.35
2015-02-05,5654.217,257.5
2015-02-06,5534.785,256.7
2015-02-09,5504.974,251.4
2015-02-10,5580.704,252.05
2015-02-11,5641.786,250.8
2015-02-12,5681.341,247.85
2015-02-13,5769.272,249.45
2015-02-16,5869.713,250.3
2015-02-17,5911.098,249.0
2015-02-25,5906.538,246.3
2015-02-26,5969.557,246.45
2015-02-27,6018.463,246.65
2015-03-02,6139.792,249.3
2015-03-03,6118.656,247.05
2015-03-04,6210.421,246.7
2015-03-05,6208.988,245.65
2015-03-06,6133.026,245.0
2015-03-09,6212.236,239.9
2015-03-10,6276.485,237.5
2015-03-11,6262.892,238.25
2015-03-12,6260.137,238.4
2015-03-13,6329.576,237.2
2015-03-16,6516.765,238.0
2015-03-17,6618.054,236.25
2015-03-18,6728.068,233.65
2015-03-19,6782.463,237.75
2015-03-20,6850.897,237.4
2015-03-23,7017.154,240.1
2015-03-24,7046.123,241.1
2015-03-25,7124.872,241.15
2015-03-26,7074.437,243.9
2015-03-27,7155.945,243.25
2015-03-30,7245.497,240.4
2015-03-31,7253.104,237.85
2015-04-01,7425.733,238.35
2015-04-02,7560.648,242.95
2015-04-03,7679.01,241.75
2015-04-07,7863.284,243.9
2015-04-08,7807.997,243.75
2015-04-09,7746.151,240.5
2015-04-10,7952.189,240.25
2015-04-13,8122.893,242.65
2015-04-14,8119.959,240.15
2015-04-15,7802.747,240.1
2015-04-16,7912.088,241.75
2015-04-17,7980.76,240.85
2015-04-20,7839.901,242.75
2015-04-21,8112.687,239.9
2015-04-22,8323.427,241.2
2015-04-23,8410.703,237.4
2015-04-24,8419.095,238.9
2015-04-27,8513.016,236.55
2015-04-28,8266.483,240.75
2015-04-29,8428.254,242.45
2015-04-30,8469.673,241.2
2015-05-04,8510.481,237.55
2015-05-05,8199.344,238.5
2015-05-06,8082.999,239.75
2015-05-07,7903.478,240.05
2015-05-08,8201.293,241.05
2015-05-11,8558.218,241.15
2015-05-12,8745.678,240.6
2015-05-13,8824.929,242.7
2015-05-14,8813.393,247.15
2015-05-15,8742.885,247.45
2015-05-18,8903.595,249.2
2015-05-19,9124.833,247.75
2015-05-20,9277.331,244.25
2015-05-21,9619.223,245.1
2015-05-22,9778.171,244.6
2015-05-25,10040.09,244.2
2015-05-26,10373.58,242.5
2015-05-27,10497.34,241.1
2015-05-28,9868.424,241.05
2015-05-29,9966.845,240.8
2015-06-01,10488.31,240.55
2015-06-02,10886.4,240.85
2015-06-03,10979.99,241.15
2015-06-04,10965.41,239.2
2015-06-05,11144.52,238.35
2015-06-08,11030.92,237.7
2015-06-09,11013.74,238.6
2015-06-10,11208.06,239.65
2015-06-11,11366.29,240.1
2015-06-12,11545.89,239.5
2015-06-15,11332.89,239.75
2015-06-16,10879.84,240.55
2015-06-17,11100.55,238.65
2015-06-18,10731.38,240.3
2015-06-19,9987.407,242.55
2015-06-23,10046.88,239.85
2015-06-24,10267.63,238.6
2015-06-25,9906.104,238.25
2015-06-26,9078.065,237.35
2015-06-29,8484.643,239.25
2015-06-30,8906.02,238.05
2015-07-01,8411.91,237.7
2015-07-02,7835.104,235.9
2015-07-03,7355.491,236.7
2015-07-06,7235.999,236.35
2015-07-07,6763.526,236.9
2015-07-08,6602.374,231.7
2015-07-09,6896.352,235.4
2015-07-10,7244.784,235.2
2015-07-13,7695.635,235.15
2015-07-14,7859.057,233.3
2015-07-15,7405.295,233.5
2015-07-16,7578.759,231.5
2015-07-17,7994.697,231.3
2015-07-20,8116.496,225.65
2015-07-21,8220.463,223.05
2015-07-22,8320.236,220.65
2015-07-23,8551.991,221.1
2015-07-24,8425.074,219.3
2015-07-27,7794.181,223.7
2015-07-28,7649.82,221.75
2015-07-29,8022.796,221.85
2015-07-30,7800.58,219.05
2015-07-31,7727.061,218.15
2015-08-03,7540.205,221.6
2015-08-04,7942.095,219.3
2015-08-05,7839.338,219.15
2015-08-06,7792.028,218.7
2015-08-07,8013.319,221.2
2015-08-10,8394.086,221.55
2015-08-11,8435.327,226.3
2015-08-12,8336.337,235.45
2015-08-13,8534.429,234.25
2015-08-14,8625.242,232.85
2015-08-17,8820.457,232.85
2015-08-18,8161.269,232.45
2015-08-19,8340.983,233.55
2015-08-20,8049.512,236.95
2015-08-21,7612.902,240.8
2015-08-24,7006.189,240.0
2015-08-25,6481.412,239.5
2015-08-26,6238.526,236.8
2015-08-27,6456.055,234.75
2015-08-28,6842.894,235.25
2015-08-31,6581.313,235.55
2015-09-01,6169.207,236.75
2015-09-02,6122.553,236.6
2015-09-07,6143.557,232.75
2015-09-08,6374.855,232.25
2015-09-09,6551.007,232.9
2015-09-10,6440.309,229.8
2015-09-11,6493.319,229.6
2015-09-14,6049.79,229.25
2015-09-15,5708.03,229.3
2015-09-16,6084.837,229.3
2015-09-17,5965.409,231.95
2015-09-18,6036.881,233.3
2015-09-21,6250.439,235.7
2015-09-22,6295.926,234.45
2015-09-23,6224.601,233.6
2015-09-24,6315.11,235.5
2015-09-25,6108.376,237.2
2015-09-28,6219.692,234.75
2015-09-29,6103.606,232.25
2015-09-30,6123.727,231.0
2015-10-08,6372.492,234.9
2015-10-09,6470.051,235.05
2015-10-12,6718.722,238.25
2015-10-13,6802.077,236.45
2015-10-14,6724.496,240.35
2015-10-15,6929.237,241.65
2015-10-16,7047.56,240.95
2015-10-19,7047.372,240.2
2015-10-20,7162.075,239.95
2015-10-21,6712.739,240.2
2015-10-22,6964.298,239.4
2015-10-23,7138.234,240.9
2015-10-26,7186.755,238.7
2015-10-27,7231.436,238.95
2015-10-28,7048.895,240.45
2015-10-29,7108.975,237.75
2015-10-30,7084.971,234.85
2015-11-02,6936.432,233.5
2015-11-03,6920.103,232.55
2015-11-04,7267.988,229.25
2015-11-05,7276.451,227.4
2015-11-06,7446.847,227.8
2015-11-09,7543.801,224.65
2015-11-10,7575.008,224.8
2015-11-11,7684.666,227.2
2015-11-12,7682.452,226.35
2015-11-13,7567.108,225.3
2015-11-16,7718.855,228.75
2015-11-17,7650.381,224.5
2015-11-18,7526.942,223.1
2015-11-19,7718.622,224.4
2015-11-20,7806.266,225.9
2015-11-23,7744.182,222.95
2015-11-24,7798.498,223.1
2015-11-25,7922.384,224.95
2015-11-26,7874.08,223.55
2015-11-27,7376.124,222.95
2015-11-30,7408.399,219.15
2015-12-01,7443.945,224.15
2015-12-02,7405.86,222.9
2015-12-03,7570.508,220.0
2015-12-04,7511.675,221.95
2015-12-07,7602.228,227.55
2015-12-08,7404.142,225.3
2015-12-09,7374.274,226.3
2015-12-10,7350.21,225.7
2015-12-11,7290.702,225.95
2015-12-14,7441.03,226.95
2015-12-15,7498.181,224.85
2015-12-16,7529.403,225.25
2015-12-17,7716.246,225.85
2015-12-18,7699.37,224.2
2015-12-21,7788.564,227.25
2015-12-22,7856.608,228.75
2015-12-23,7773.283,227.7
2015-12-24,7753.037,227.95
2015-12-25,7792.124,228.35
2015-12-28,7603.361,227.65
2015-12-29,7674.388,228.3
2015-12-30,7741.047,228.15
2016-01-04,6983.404,228.2
2016-01-05,6889.741,230.3
2016-01-06,7065.607,231.4
2016-01-07,6462.243,236.6
2016-01-08,6570.432,236.8
2016-01-11,6128.656,237.45
2016-01-12,6136.663,234.6
2016-01-13,5924.044,232.25
2016-01-14,6124.82,234.05
2016-01-15,5893.682,232.6
2016-01-18,5978.908,233.5
2016-01-19,6197.095,233.2
2016-01-20,6138.503,233.8
2016-01-21,5886.884,236.25
2016-01-22,5980.611,235.2
2016-01-25,6041.326,235.8
2016-01-26,5589.307,238.9
2016-01-27,5514.189,239.35
2016-01-28,5271.233,238.8
2016-01-29,5469.125,238.3
2016-02-01,5399.477,239.9
2016-02-02,5586.627,240.55
2016-02-03,5610.173,241.45
2016-02-04,5721.485,243.95
2016-02-05,5664.197,245.9
2016-02-15,5668.04,256.15
2016-02-16,5902.534,253.1
2016-02-17,5971.412,255.05
2016-02-18,5957.131,254.85
2016-02-19,5979.516,258.0
2016-02-22,6103.723,256.2
2016-02-23,6070.5,256.3
2016-02-24,6111.043,258.45
2016-02-25,5626.052,261.5
2016-02-26,5648.938,261.85
2016-02-29,5350.434,259.4
2016-03-01,5473.635,263.05
2016-03-02,5753.148,259.85
2016-03-03,5776.977,262.05
2016-03-04,5621.561,265.6
2016-03-07,5752.548,265.65
2016-03-08,5764.325,266.7
2016-03-09,5617.038,264.05
2016-03-10,5521.948,261.9
2016-03-11,5508.982,265.75
2016-03-14,5690.59,262.5
2016-03-15,5639.801,257.85
2016-03-16,5562.804,259.45
2016-03-17,5745.975,263.3
2016-03-18,5949.263,263.35
2016-03-21,6099.481,259.7
2016-03-22,6075.492,261.4
2016-03-23,6118.966,258.35
2016-03-24,6018.424,255.1
2016-03-25,6077.431,256.1
2016-03-28,6037.778,255.05
2016-03-29,5921.867,255.75
2016-03-30,6137.503,258.6
2016-03-31,6155.814,256.15
2016-04-01,6124.528,257.2
2016-04-05,6286.583,256.05
2016-04-06,6323.434,256.75
2016-04-07,6228.974,256.45
2016-04-08,6168.742,258.0
2016-04-11,6304.3,260.55
2016-04-12,6252.773,261.8
2016-04-13,6344.226,260.4
2016-04-14,6401.855,257.8
2016-04-15,6384.35,257.2
2016-04-18,6281.202,257.35
2016-04-19,6308.229,259.85
2016-04-20,6022.213,260.65
2016-04-21,5970.682,264.0
2016-04-22,6011.32,260.6
2016-04-25,5978.077,258.65
2016-04-26,6046.773,258.1
2016-04-27,6016.699,261.3
2016-04-28,5990.329,262.25
2016-04-29,5985.594,266.45
2016-05-03,6167.454,271.5
2016-05-04,6169.783,270.65
2016-05-05,6203.817,270.25
2016-05-06,5961.489,270.75
2016-05-09,5743.647,270.05
2016-05-10,5738.896,267.6
2016-05-11,5723.41,268.9
2016-05-12,5726.456,268.1
2016-05-13,5714.311,270.1
2016-05-16,5812.542,272.05
2016-05-17,5790.342,270.1
2016-05-18,5631.193,270.2
2016-05-19,5666.733,265.95
2016-05-20,5732.902,266.1
2016-05-23,5809.476,265.45
2016-05-24,5743.178,263.6
2016-05-25,5715.183,259.7
2016-05-26,5744.388,260.7
2016-05-27,5739.59,259.5
2016-05-30,5711.315,256.45
2016-05-31,5947.322,258.95
2016-06-01,5973.78,259.35
2016-06-02,6013.894,259.65
2016-06-03,6032.603,258.65
2016-06-06,6051.86,264.4
2016-06-07,6045.357,264.85
2016-06-08,6023.878,266.55
2016-06-13,5746.444,274.15
2016-06-14,5762.761,273.35
2016-06-15,5952.846,275.2
2016-06-16,5930.545,279.95
2016-06-17,5964.272,273.2
2016-06-20,5985.569,273.75
2016-06-21,5916.803,273.2
2016-06-22,6008.886,269.6
2016-06-23,5978.174,269.75
2016-06-24,5903.62,282.25
2016-06-27,6044.219,284.65
2016-06-28,6107.511,283.35
2016-06-29,6120.202,284.3
2016-06-30,6123.494,283.0
2016-07-01,6111.539,287.15
2016-07-04,6231.881,292.15
2016-07-05,6269.505,290.8
2016-07-06,6297.397,296.7
2016-07-07,6319.793,295.7
2016-07-08,6299.853,292.8
2016-07-11,6312.499,295.0
2016-07-12,6395.145,293.6
2016-07-13,6446.563,290.8
2016-07-14,6455.583,288.85
2016-07-15,6441.016,288.95
2016-07-18,6412.073,288.15
2016-07-19,6431.938,288.7
2016-07-20,6417.922,287.55
2016-07-21,6442.709,284.6
2016-07-22,6390.925,286.3
2016-07-25,6408.783,284.8
2016-07-26,6494.474,285.2
2016-07-27,6229.289,285.0
2016-07-28,6243.288,289.25
2016-07-29,6202.892,287.45
2016-08-01,6109.278,289.65
2016-08-02,6168.509,291.15
2016-08-03,6198.389,292.6
2016-08-04,6238.231,289.75
2016-08-05,6203.287,293.3
2016-08-08,6290.756,287.05
2016-08-09,6341.55,286.8
2016-08-10,6318.268,290.9
2016-08-11,6226.313,288.5
2016-08-12,6299.092,288.25
2016-08-15,6442.527,287.7
2016-08-16,6468.895,289.0
2016-08-17,6488.365,287.6
2016-08-18,6490.408,289.3
2016-08-19,6499.555,289.3
2016-08-22,6420.354,286.7
2016-08-23,6428.698,287.25
2016-08-24,6435.059,287.4
2016-08-25,6382.57,284.75
2016-08-26,6410.734,284.8
2016-08-29,6427.529,283.9
2016-08-30,6425.754,284.65
2016-08-31,6434.21,283.4
2016-09-01,6381.476,282.75
2016-09-02,6356.954,283.15
2016-09-05,6391.792,286.65
2016-09-06,6492.972,286.95
2016-09-07,6494.316,290.85
2016-09-08,6517.984,290.45
2016-09-09,6471.053,288.65
2016-09-12,6291.636,287.5
2016-09-13,6320.032,287.45
2016-09-14,6278.158,286.0
2016-09-19,6344.181,284.55
2016-09-20,6342.033,284.85
2016-09-21,6343.754,285.35
2016-09-22,6385.635,287.7
2016-09-23,6370.583,288.15
2016-09-26,6241.516,288.1
2016-09-27,6286.909,287.7
2016-09-28,6281.284,285.45
2016-09-29,6298.791,284.75
2016-09-30,6328.086,285.3
2016-10-10,6447.693,274.0
2016-10-11,6486.425,273.9
2016-10-12,6482.738,273.3
2016-10-13,6484.831,274.2
2016-10-14,6469.492,273.45
2016-10-17,6413.149,273.7
2016-10-18,6509.282,275.2
2016-10-19,6495.257,275.2
2016-10-20,6498.238,277.25
2016-10-21,6475.281,276.3
2016-10-24,6539.466,277.05
2016-10-25,6563.354,277.9
2016-10-26,6530.39,279.2
2016-10-27,6517.359,278.25
2016-10-28,6455.835,278.5
2016-10-31,6452.206,279.65
2016-11-01,6507.95,280.25
2016-11-02,6455.13,282.95
2016-11-03,6483.732,283.75
2016-11-04,6462.593,282.4
2016-11-07,6468.817,281.85
2016-11-08,6503.178,281.2
2016-11-09,6453.572,291.65
2016-11-10,6536.965,286.15
2016-11-11,6583.886,281.75
2016-11-14,6615.007,272.95
2016-11-15,6640.462,275.95
2016-11-16,6644.188,277.05
2016-11-17,6636.469,276.5
2016-11-18,6602.327,273.45
2016-11-21,6611.54,275.55
2016-11-22,6661.246,276.25
2016-11-23,6631.173,276.6
2016-11-24,6623.049,273.7
2016-11-25,6652.818,271.4
2016-11-28,6670.804,273.8
2016-11-29,6620.795,272.75
2016-11-30,6585.578,271.05
2016-12-01,6624.466,269.25
2016-12-02,6520.975,268.85
2016-12-05,6486.017,268.75
2016-12-06,6490.89,268.15
2016-12-07,6558.025,267.7
2016-12-08,6527.434,269.75
2016-12-09,6513.916,269.5
2016-12-12,6249.078,267.95
2016-12-13,6278.179,268.2
2016-12-14,6239.499,269.65
2016-12-15,6280.398,266.95
2016-12-16,6318.524,265.35
2016-12-19,6320.732,266.6
2016-12-20,6300.638,265.25
2016-12-21,6347.606,264.85
2016-12-22,6341.788,263.3
2016-12-23,6281.997,263.55
2016-12-26,6294.755,264.75
2016-12-27,6288.859,266.1
2016-12-28,6270.24,267.3
2016-12-29,6252.608,268.75
2016-12-30,6263.626,271.35
2017-01-03,6320.763,269.75
2017-01-04,6394.669,270.4
2017-01-05,6399.284,269.5
2017-01-06,6371.617,268.85
2017-01-09,6415.418,269.75
2017-01-10,6393.928,271.5
2017-01-11,6331.964,271.85
2017-01-12,6272.851,272.25
2017-01-13,6194.658,271.25
2017-01-16,6031.241,272.95
2017-01-17,6082.066,274.6
2017-01-18,6068.593,273.5
2017-01-19,6043.675,270.7
2017-01-20,6121.998,271.4
2017-01-23,6172.167,272.75
2017-01-24,6165.264,272.35
2017-01-25,6179.568,269.6
2017-01-26,6223.706,267.6
2017-02-03,6207.092,271.6
2017-02-06,6259.247,274.3
2017-02-07,6255.927,276.5
2017-02-08,6291.598,276.75
2017-02-09,6331.177,278.2
2017-02-10,6337.108,275.25
2017-02-13,6369.653,276.4
2017-02-14,6374.885,276.0
2017-02-15,6311.696,274.95
2017-02-16,6359.336,276.35
2017-02-17,6307.163,277.45
2017-02-20,6385.063,276.85
2017-02-21,6434.438,277.5
2017-02-22,6474.225,277.2
2017-02-23,6473.993,277.75
2017-02-24,6476.166,281.15
2017-02-27,6424.255,282.15
2017-02-28,6450.97,281.2
2017-03-01,6467.639,279.15
2017-03-02,6434.626,279.45
2017-03-03,6452.839,277.4
2017-03-06,6517.324,277.45
2017-03-07,6523.187,276.4
2017-03-08,6497.088,274.55
2017-03-09,6439.382,273.25
2017-03-10,6447.917,271.05
2017-03-13,6507.896,273.65
2017-03-14,6493.485,272.35
2017-03-15,6486.062,272.5
2017-03-16,6543.341,277.15
2017-03-17,6483.246,277.05
2017-03-20,6498.342,278.45
2017-03-21,6515.946,277.35
2017-03-22,6499.793,279.8
2017-03-23,6512.187,279.75
2017-03-24,6546.615,278.95
2017-03-27,6516.033,282.0
2017-03-28,6498.69,281.2
2017-03-29,6480.543,280.6
2017-03-30,6375.744,280.6
2017-03-31,6401.648,278.6
2017-04-05,6539.967,281.25
2017-04-06,6559.653,281.25
2017-04-07,6578.726,283.5
2017-04-10,6566.544,282.2
2017-04-11,6629.166,282.75
2017-04-12,6576.476,285.85
2017-04-13,6615.704,287.15
2017-04-14,6528.162,287.7
2017-04-17,6456.598,287.2
2017-04-18,6418.211,286.45
2017-04-19,6350.647,286.3
2017-04-20,6347.773,286.1
2017-04-21,6300.713,285.9
2017-04-24,6138.505,283.9
2017-04-25,6160.461,283.9
2017-04-26,6176.398,282.45
2017-04-27,6192.304,282.85
2017-04-28,6211.862,283.2
2017-05-02,6216.115,283.9
2017-05-03,6197.478,283.3
2017-05-04,6176.305,279.65
2017-05-05,6089.683,278.8
2017-05-08,5975.54,278.5
2017-05-09,6012.002,278.45
2017-05-10,5885.841,277.05
2017-05-11,5872.639,277.35
2017-05-12,5863.783,278.1
2017-05-15,5893.508,279.4
2017-05-16,6014.734,280.0
2017-05-17,6027.65,280.95
2017-05-18,5976.3,283.25
2017-05-19,5974.977,282.65
2017-05-22,5888.813,283.3
2017-05-23,5764.876,285.2
2017-05-24,5799.25,281.85
2017-05-25,5850.801,283.3
2017-05-26,5836.934,283.35
2017-05-31,5824.104,281.65
2017-06-01,5709.999,281.85
2017-06-02,5772.517,280.85
2017-06-05,5815.802,284.55
2017-06-06,5841.523,286.3
2017-06-07,5955.015,286.6
2017-06-08,5958.977,285.75
2017-06-09,5969.274,282.5
2017-06-12,5902.855,281.05
2017-06-13,5980.057,281.15
2017-06-14,5966.431,281.7
2017-06-15,6021.165,279.85
2017-06-16,6013.0,279.35
2017-06-19,6057.412,278.85
2017-06-20,6066.905,278.25
2017-06-21,6078.193,278.15
2017-06-22,5992.335,279.9
2017-06-23,6010.314,280.45
2017-06-26,6111.641,280.6
2017-06-27,6113.166,279.4
2017-06-28,6086.211,278.75
2017-06-29,6116.993,278.15
2017-06-30,6138.156,275.5
2017-07-03,6177.395,274.6
2017-07-04,6146.853,272.6
2017-07-05,6193.964,272.4
2017-07-06,6201.654,272.85
2017-07-07,6226.011,272.2
2017-07-10,6206.557,268.8
2017-07-11,6128.994,270.0
2017-07-12,6132.992,271.0
2017-07-13,6149.934,271.75
2017-07-14,6128.74,270.65
2017-07-17,5876.459,273.0
2017-07-18,5938.434,273.7
2017-07-19,6059.358,274.05
2017-07-20,6099.284,274.2
2017-07-21,6126.108,275.8
2017-07-24,6167.128,276.45
2017-07-25,6153.598,276.8
2017-07-26,6146.703,274.4
2017-07-27,6184.021,277.6
2017-07-28,6215.463,277.25
2017-07-31,6298.0,278.05
2017-08-01,6286.536,278.0
2017-08-02,6251.863,277.95
2017-08-03,6261.968,276.9
2017-08-04,6225.115,278.45
2017-08-07,6303.421,275.95
2017-08-08,6303.716,275.7
2017-08-09,6340.022,276.45
2017-08-10,6289.217,278.45
2017-08-11,6161.19,279.85
2017-08-14,6292.642,279.75
2017-08-15,6314.761,277.85
2017-08-16,6318.799,276.95
2017-08-17,6366.034,279.95
2017-08-18,6347.756,280.5
2017-08-21,6403.78,279.7
2017-08-22,6375.981,279.1
2017-08-23,6322.782,279.15
2017-08-24,6278.59,279.25
2017-08-25,6346.531,279.05
2017-08-28,6424.584,280.45
2017-08-29,6408.157,283.8
2017-08-30,6453.464,280.35
2017-08-31,6470.426,279.9
2017-09-01,6526.505,281.8
2017-09-04,6564.68,284.2
2017-09-05,6571.859,283.65
2017-09-06,6607.118,284.1
2017-09-07,6558.596,283.05
2017-09-08,6574.183,283.7
2017-09-11,6649.628,282.4
2017-09-12,6644.012,281.1
2017-09-13,6684.38,281.5
2017-09-14,6672.185,281.15
2017-09-15,6622.044,282.45
2017-09-18,6669.455,279.85
2017-09-19,6636.02,279.8
2017-09-20,6692.472,280.05
2017-09-21,6612.046,277.5
2017-09-22,6572.01,277.95
2017-09-25,6489.844,277.6
2017-09-26,6520.718,281.8
2017-09-27,6583.14,279.2
2017-09-28,6567.792,277.7
2017-09-29,6603.259,278.9
2017-10-09,6678.371,276.75
2017-10-10,6705.481,276.65
2017-10-11,6666.47,276.1
2017-10-12,6659.096,277.1
2017-10-13,6709.816,277.2
2017-10-16,6619.206,278.7
2017-10-17,6612.943,277.25
2017-10-18,6563.437,276.15
2017-10-19,6501.4,275.7
2017-10-20,6571.424,276.05
2017-10-23,6612.764,274.9
2017-10-24,6603.004,275.8
2017-10-25,6647.892,274.55
2017-10-26,6671.929,275.8
2017-10-27,6630.807,273.95
2017-10-30,6511.762,274.3
2017-10-31,6560.205,274.5
2017-11-01,6552.955,273.9
2017-11-02,6484.926,274.0
2017-11-03,6426.98,274.0
2017-11-06,6511.096,273.4
2017-11-07,6551.936,274.75
2017-11-08,6561.69,274.8
2017-11-09,6611.352,275.75
2017-11-10,6641.216,280.85
2017-11-13,6671.205,279.65
2017-11-14,6614.514,279.3
2017-11-15,6537.656,279.8
2017-11-16,6558.309,279.15
2017-11-17,6361.942,280.1
2017-11-20,6433.17,281.65
2017-11-21,6456.352,279.9
2017-11-22,6439.442,279.95
2017-11-23,6274.512,280.1
2017-11-24,6278.029,280.45
2017-11-27,6194.552,280.45
2017-11-28,6299.312,281.55
2017-11-29,6318.368,281.75
2017-11-30,6263.421,279.55
2017-12-01,6316.407,277.75
2017-12-04,6279.621,277.55
2017-12-05,6132.912,277.7
2017-12-06,6172.803,276.05
2017-12-07,6135.47,274.15
2017-12-08,6203.143,272.35
2017-12-11,6286.166,272.55
2017-12-12,6233.212,271.9
2017-12-13,6277.441,271.85
2017-12-14,6284.081,274.25
2017-12-15,6235.761,274.25
2017-12-18,6199.989,274.4
2017-12-19,6251.242,275.55
2017-12-20,6199.363,274.95
2017-12-21,6238.499,274.7
2017-12-22,6242.885,274.9
2017-12-25,6185.591,276.6
2017-12-26,6220.147,276.5
2017-12-27,6173.153,277.15
2017-12-28,6204.27,278.05
2017-12-29,6250.821,277.8
2018-01-02,6332.227,279.4
2018-01-03,6388.253,280.35
2018-01-04,6417.535,279.0
2018-01-05,6417.254,279.85
2018-01-08,6446.182,280.2
2018-01-09,6445.746,280.55
2018-01-10,6405.94,279.95
2018-01-11,6425.94,280.85
2018-01-12,6399.374,281.55
2018-01-15,6253.376,282.05
2018-01-16,6301.133,281.65
2018-01-17,6267.46,280.8
2018-01-18,6286.801,279.25
2018-01-19,6272.38,278.35
2018-01-22,6347.638,278.5
2018-01-23,6354.998,279.4
2018-01-24,6394.3,280.7
2018-01-25,6382.717,281.75
2018-01-26,6383.631,279.95
2018-01-29,6309.884,278.7
2018-01-30,6313.442,276.35
2018-01-31,6189.341,276.6
2018-02-01,5984.743,276.05
2018-02-02,6004.849,276.4
2018-02-05,5998.224,274.0
2018-02-06,5704.264,276.0
2018-02-07,5711.332,272.3
2018-02-08,5766.48,271.7
2018-02-09,5554.897,273.05
2018-02-12,5699.098,272.9
2018-02-13,5736.951,274.25
2018-02-14,5754.834,276.1
2018-02-22,5875.727,273.65
2018-02-23,5897.677,274.6
2018-02-26,6029.68,275.85
2018-02-27,6010.557,274.4
2018-02-28,6023.677,272.05
2018-03-01,6090.225,271.7
2018-03-02,6056.335,272.7
2018-03-05,6064.098,273.65
2018-03-06,6145.577,273.3
2018-03-07,6086.487,274.5
2018-03-08,6131.514,274.0
2018-03-09,6206.975,272.55
2018-03-12,6295.778,272.5
2018-03-13,6254.146,272.3
2018-03-14,6189.317,272.75
2018-03-15,6180.111,272.5
2018-03-16,6146.306,271.35
2018-03-19,6153.834,270.05
2018-03-20,6173.698,271.2
2018-03-21,6129.204,271.15
2018-03-22,6101.228,273.5
2018-03-23,5787.152,276.5
2018-03-26,5902.959,276.15
2018-03-27,6034.775,275.8
2018-03-28,5973.341,274.2
2018-03-29,6034.857,271.05
2018-03-30,6114.738,271.55
2018-04-02,6121.964,271.75
2018-04-03,6059.709,273.75
2018-04-04,6017.686,273.4
2018-04-09,6025.649,272.55
2018-04-10,6063.742,272.7
2018-04-11,6086.613,274.3
2018-04-12,6051.335,275.2
2018-04-13,6027.187,273.15
2018-04-16,6012.405,274.25
2018-04-17,5890.857,274.65
2018-04-18,5970.658,274.5
2018-04-19,6004.733,275.2
2018-04-20,5880.836,273.85
2018-04-23,5823.921,272.55
2018-04-24,5957.193,271.85
2018-04-25,5959.422,271.6
2018-04-26,5847.977,271.9
2018-04-27,5860.984,271.15
2018-05-02,5855.323,270.4
2018-05-03,5910.606,274.15
2018-05-04,5909.294,274.3
2018-05-07,6019.141,275.15
2018-05-08,6041.814,274.95
2018-05-09,6029.233,274.6
2018-05-10,6040.572,274.8
2018-05-11,5991.342,275.2
2018-05-14,5967.554,275.15
2018-05-15,6020.57,273.8
2018-05-16,6004.07,271.25
2018-05-17,5973.779,269.85
2018-05-18,5995.15,270.3
2018-05-21,6072.199,269.5
2018-05-22,6092.907,270.25
2018-05-23,6013.847,270.5
2018-05-24,5992.621,272.25
2018-05-25,5917.798,273.55
2018-05-28,5891.263,272.35
2018-05-29,5835.446,273.25
2018-05-30,5682.588,274.15
2018-05-31,5754.475,274.5
2018-06-01,5685.116,273.85
2018-06-04,5683.149,272.4
2018-06-05,5779.078,271.9
2018-06-06,5774.258,272.4
2018-06-07,5738.018,272.15
2018-06-08,5669.303,272.1
2018-06-11,5632.357,272.7
2018-06-12,5693.346,272.4
2018-06-13,5607.017,272.1
2018-06-14,5586.931,273.35
2018-06-15,5483.945,273.65
2018-06-19,5141.71,271.4
2018-06-20,5198.394,270.2
2018-06-21,5089.252,269.45
2018-06-22,5160.123,270.55
2018-06-25,5125.033,271.15
2018-06-26,5160.283,271.25
2018-06-27,5109.498,271.6
2018-06-28,5055.109,270.9
2018-06-29,5217.764,271.4
2018-07-02,5138.783,272.1
2018-07-03,5197.131,271.9
2018-07-04,5121.344,272.65
2018-07-05,4982.763,272.75
2018-07-06,4996.63,273.25
2018-07-09,5107.551,273.1
2018-07-10,5136.533,272.0
2018-07-11,5036.157,272.85
2018-07-12,5172.503,271.9
2018-07-13,5204.186,271.7
2018-07-16,5195.2,272.05
2018-07-17,5196.197,271.55
2018-07-18,5156.636,269.05
2018-07-19,5111.327,270.3
2018-07-20,5175.252,270.65
2018-07-23,5214.004,271.9
2018-07-24,5304.641,271.7
2018-07-25,5308.657,271.7
2018-07-26,5273.479,272.1
2018-07-27,5249.29,271.5
2018-07-30,5185.151,271.55
2018-07-31,5188.717,271.65
2018-08-01,5105.374,271.45
2018-08-02,4996.012,270.75
2018-08-03,4929.75,270.2
2018-08-06,4825.251,270.25
2018-08-07,4956.872,270.1
2018-08-08,4880.569,269.5
2018-08-09,5004.773,269.55
2018-08-10,5030.515,269.4
2018-08-13,5055.275,270.1
2018-08-14,5037.883,267.65
2018-08-15,4932.806,267.4
2018-08-16,4888.371,264.0
2018-08-17,4803.029,263.4
2018-08-20,4832.651,265.15
2018-08-21,4891.98,266.35
2018-08-22,4837.018,266.25
2018-08-23,4863.665,266.2
2018-08-24,4852.289,266.3
2018-08-27,4960.066,267.45
2018-08-28,4974.207,268.3
2018-08-29,4941.961,267.05
2018-08-30,4867.121,267.45
2018-08-31,4814.824,267.8
2018-09-03,4838.873,266.6
2018-09-04,4890.281,265.6
2018-09-05,4815.034,265.6
2018-09-06,4793.345,266.4
2018-09-07,4791.778,267.2
2018-09-10,4704.878,266.25
2018-09-11,4702.903,267.0
2018-09-12,4693.974,266.8
2018-09-13,4721.212,268.1
2018-09-14,4670.08,268.65
2018-09-17,4602.39,267.35
2018-09-18,4683.506,267.65
2018-09-19,4736.893,267.95
2018-09-20,4733.481,268.2
2018-09-21,4805.215,269.05
2018-09-25,4792.551,267.95
2018-09-26,4815.631,268.35
2018-09-27,4755.38,267.4
2018-09-28,4800.729,264.9
2018-10-08,4646.493,268.65
2018-10-09,4634.894,267.9
2018-10-10,4629.888,267.9
2018-10-11,4307.421,269.45
2018-10-12,4278.035,272.85
2018-10-15,4199.153,275.35
2018-10-16,4099.683,275.25
2018-10-17,4133.383,274.5
2018-10-18,4018.461,274.75
2018-10-19,4127.985,276.05
2018-10-22,4333.145,275.85
2018-10-23,4253.556,276.95
2018-10-24,4245.488,277.15
2018-10-25,4234.421,278.5
2018-10-26,4233.959,278.3
2018-10-29,4162.526,277.85
2018-10-30,4204.542,277.25
2018-10-31,4272.552,274.9
2018-11-01,4298.984,275.3
2018-11-02,4437.946,275.4
2018-11-05,4440.827,275.6
2018-11-06,4438.097,275.85
2018-11-07,4415.136,275.9
2018-11-08,4382.329,279.4
2018-11-09,4368.614,278.7
2018-11-12,4481.688,276.55
2018-11-13,4563.535,275.45
2018-11-14,4545.509,275.5
2018-11-15,4619.814,277.05
2018-11-16,4659.097,277.5
2018-11-19,4670.737,278.25
2018-11-20,4537.449,279.3
2018-11-21,4554.675,279.0
2018-11-22,4551.326,279.65
2018-11-23,4374.764,279.65
2018-11-26,4367.462,279.5
2018-11-27,4387.652,278.9
2018-11-28,4441.857,277.55
2018-11-29,4345.703,279.55
2018-11-30,4376.651,279.45
2018-12-03,4515.174,278.35
2018-12-04,4536.21,278.35
2018-12-05,4502.702,278.9
2018-12-06,4411.088,279.9
2018-12-07,4410.959,280.25
2018-12-10,4359.312,283.1
2018-12-11,4395.57,282.65
2018-12-12,4393.324,281.2
2018-12-13,4443.157,280.8
2018-12-14,4337.103,280.35
2018-12-17,4330.647,280.2
2018-12-18,4307.268,281.9
2018-12-19,4247.899,282.55
2018-12-20,4259.761,282.15
2018-12-21,4231.144,284.8
2018-12-24,4274.722,285.45
2018-12-25,4225.512,287.1
2018-12-26,4208.405,287.5
2018-12-27,4161.27,286.3
2018-12-28,4168.036,287.85
2019-01-02,4131.957,288.3
2019-01-03,4112.807,290.7
2019-01-04,4210.879,290.55
2019-01-07,4288.323,288.65
2019-01-08,4277.297,287.25
2019-01-09,4288.772,286.2
2019-01-10,4281.861,286.9
2019-01-11,4314.876,284.95
2019-01-14,4286.547,285.05
2019-01-15,4347.356,284.3
2019-01-16,4336.878,284.6
2019-01-17,4303.731,285.1
2019-01-18,4347.811,285.05
2019-01-21,4373.633,283.2
2019-01-22,4308.252,283.25
2019-01-23,4315.685,283.6
2019-01-24,4338.17,283.3
2019-01-25,4318.442,282.9
2019-01-28,4307.22,285.6
2019-01-29,4254.288,286.6
2019-01-30,4211.624,287.55
2019-01-31,4176.474,287.85
2019-02-01,4294.27,289.2
2019-02-11,4402.867,288.75
2019-02-12,4439.485,288.85
2019-02-13,4512.409,288.25
2019-02-14,4532.17,287.6
2019-02-15,4502.735,289.6
2019-02-18,4660.999,290.95
2019-02-19,4667.284,291.35
2019-02-20,4667.624,293.35
2019-02-21,4659.143,291.5
2019-02-22,4777.298,289.6
2019-02-25,5044.347,289.3
2019-02-26,5038.544,289.0
2019-02-27,5017.884,288.65
2019-02-28,5025.291,286.85
2019-03-01,5067.225,285.85
2019-03-04,5158.247,281.8
2019-03-05,5295.288,280.8
2019-03-06,5390.029,282.35
2019-03-07,5458.615,280.9
2019-03-08,5245.7,283.55
2019-03-11,5456.381,284.75
2019-03-12,5551.003,284.2
2019-03-13,5424.864,285.65
2019-03-14,5298.502,285.1
2019-03-15,5359.009,284.9
2019-03-18,5501.183,285.2
2019-03-19,5522.18,285.95
2019-03-20,5515.786,285.55
2019-03-21,5589.478,287.4
2019-03-22,5622.14,286.35
2019-03-25,5549.671,288.05
2019-03-26,5394.879,288.3
2019-03-27,5447.88,288.25
2019-03-28,5370.123,287.45
2019-03-29,5547.656,282.0
2019-04-01,5757.838,282.1
2019-04-02,5775.55,282.15
2019-04-03,5836.037,282.9
2019-04-04,5871.558,282.95
2019-04-08,5847.63,284.15
2019-04-09,5858.046,284.4
2019-04-10,5850.761,285.8
2019-04-11,5727.175,286.15
2019-04-12,5714.368,283.3
2019-04-15,5655.983,281.75
2019-04-16,5777.011,281.5
2019-04-17,5807.729,280.0
2019-04-18,5775.171,278.2
2019-04-19,5810.18,279.5
2019-04-22,5723.042,280.3
2019-04-23,5628.062,279.0
2019-04-24,5679.726,278.85
2019-04-25,5458.419,280.4
2019-04-26,5408.031,281.45
2019-04-29,5265.601,281.3
2019-04-30,5307.56,281.55
2019-05-06,4908.798,286.25
2019-05-07,4973.404,285.7
2019-05-08,4947.742,287.15
2019-05-09,4888.413,287.2
2019-05-10,5064.323,287.25
2019-05-13,5005.904,289.2
2019-05-14,4965.612,292.75
2019-05-15,5076.555,291.25
2019-05-16,5108.359,292.35
2019-05-17,4942.579,291.7
2019-05-20,4923.559,289.4
2019-05-21,5009.873,289.15
2019-05-22,4976.393,288.9
2019-05-23,4872.92,289.35
2019-05-24,4841.757,291.1
2019-05-27,4962.947,291.25
2019-05-28,4955.486,291.0
2019-05-29,4956.864,291.45
2019-05-30,4926.403,290.1
2019-05-31,4912.001,293.45
2019-06-03,4853.815,296.7
2019-06-04,4795.413,299.75
2019-06-05,4783.825,301.7
2019-06-06,4678.784,301.7
2019-06-10,4725.264,300.85
2019-06-11,4901.472,299.55
2019-06-12,4863.492,302.6
2019-06-13,4877.651,303.2
2019-06-14,4795.527,307.75
2019-06-17,4802.819,304.1
2019-06-18,4797.147,306.15
2019-06-19,4858.916,304.3
2019-06-20,4954.734,311.25
2019-06-21,5021.305,313.6
2019-06-24,5024.205,315.8
2019-06-25,4974.988,321.8
2019-06-26,4962.594,316.4
2019-06-27,5007.483,315.6
2019-06-28,4950.48,316.85
2019-07-01,5100.262,308.85
2019-07-02,5084.41,312.05
2019-07-03,5040.723,321.1
2019-07-04,5025.021,317.65
2019-07-05,5042.66,318.0
2019-07-08,4870.781,316.35
2019-07-09,4881.624,313.45
2019-07-10,4843.865,313.2
2019-07-11,4844.547,319.0
2019-07-12,4861.568,316.65
2019-07-15,4925.324,317.75
2019-07-16,4932.046,317.75
2019-07-17,4929.085,315.8
2019-07-18,4844.109,319.1
2019-07-19,4878.69,323.3
2019-07-22,4776.575,320.65
2019-07-23,4823.918,318.7
2019-07-24,4873.027,319.65
2019-07-25,4891.643,320.3
2019-07-26,4898.11,319.1
2019-07-29,4897.018,319.6
2019-07-30,4922.918,320.85
2019-07-31,4903.203,322.25
2019-08-01,4870.469,316.6
2019-08-02,4809.92,324.25
2019-08-05,4751.985,334.0
2019-08-06,4650.563,335.55
2019-08-07,4626.364,341.8
2019-08-08,4656.101,344.35
2019-08-09,4600.353,345.9
2019-08-12,4685.045,344.25
2019-08-13,4658.388,352.3
2019-08-14,4683.84,342.95
2019-08-15,4706.55,347.4
2019-08-16,4722.663,347.75
2019-08-19,4875.036,346.4
2019-08-20,4872.606,344.75
2019-08-21,4882.721,345.35
2019-08-22,4887.914,346.45
2019-08-23,4887.902,346.25
2019-08-26,4855.458,358.25
2019-08-27,4936.124,358.7
2019-08-28,4928.194,358.85
2019-08-29,4934.184,362.8
2019-08-30,4886.494,356.7
2019-09-02,5008.296,355.8
2019-09-03,5044.181,357.45
2019-09-04,5093.266,359.0
2019-09-05,5138.405,360.9
2019-09-06,5154.638,349.2
2019-09-09,5263.459,350.6
2019-09-10,5245.305,344.85
2019-09-11,5217.291,345.95
2019-09-12,5242.612,346.15
2019-09-16,5250.34,346.25
2019-09-17,5140.45,344.95
2019-09-18,5141.038,346.5
2019-09-19,5191.669,346.0
2019-09-20,5204.485,346.7
2019-09-23,5171.484,350.3
2019-09-24,5180.742,352.05
2019-09-25,5087.009,353.85
2019-09-26,4970.24,349.55
2019-09-27,5005.63,346.35
2019-09-30,4940.903,345.05
2019-10-08,4941.761,344.5
2019-10-09,4982.954,349.5
2019-10-10,5046.359,347.7
2019-10-11,5055.517,345.85
2019-10-14,5131.131,340.7
2019-10-15,5061.003,341.65
2019-10-16,5038.356,340.2
2019-10-17,5029.854,342.7
2019-10-18,4961.807,342.0
2019-10-21,4951.035,341.75
2019-10-22,5005.553,340.45
2019-10-23,4967.195,341.95
2019-10-24,4958.247,341.5
2019-10-25,4994.568,344.65
2019-10-28,5084.468,344.6
2019-10-29,5007.713,340.9
2019-10-30,4947.895,340.55
2019-10-31,4917.417,341.1
2019-11-01,4962.35,344.05
2019-11-04,4987.836,343.7
2019-11-05,5025.303,341.4
2019-11-06,4974.734,336.55
2019-11-07,5007.067,338.35
2019-11-08,4988.294,332.1
2019-11-11,4876.159,331.5
2019-11-12,4881.614,328.3
2019-11-13,4875.543,336.1
2019-11-14,4912.108,337.05
2019-11-15,4868.437,336.2
2019-11-18,4892.461,336.2
2019-11-19,4975.113,338.3
2019-11-20,4946.276,339.15
2019-11-21,4945.719,338.8
2019-11-22,4904.083,337.9
2019-11-25,4901.502,335.4
2019-11-26,4882.162,335.2
2019-11-27,4904.257,335.8
2019-11-28,4889.26,334.8
2019-11-29,4894.942,335.7
2019-12-02,4905.421,336.2
2019-12-03,4926.455,336.85
2019-12-04,4920.668,343.1
2019-12-05,4967.602,341.55
2019-12-06,5010.51,339.1
2019-12-09,5024.604,336.45
2019-12-10,5049.051,336.76
2019-12-11,5027.278,336.96
2019-12-12,5012.001,338.94
2019-12-13,5073.686,334.62
2019-12-16,5166.039,338.24
2019-12-17,5236.062,338.06
2019-12-18,5235.125,338.58
2019-12-19,5241.738,338.04
2019-12-20,5184.675,339.1
2019-12-23,5084.351,340.16
2019-12-24,5162.07,341.72
2019-12-25,5183.099,343.78
2019-12-26,5219.14,344.12
2019-12-27,5179.193,345.3
2019-12-30,5241.938,345.46
2020-01-02,5366.138,346.24
2020-01-03,5380.637,351.16
2020-01-06,5434.85,358.34
2020-01-07,5499.84,354.94
2020-01-08,5423.797,360.68
2020-01-09,5497.543,348.04
2020-01-10,5480.228,349.3
2020-01-13,5559.627,349.42
2020-01-14,5542.332,344.7
2020-01-15,5530.027,347.54
2020-01-16,5527.668,347.96
2020-01-17,5510.045,347.78
2020-01-20,5587.536,347.94
2020-01-21,5523.942,351.34
2020-01-22,5575.513,348.32
2020-01-23,5377.741,350.72
2020-02-03,4910.901,359.3
2020-02-04,4996.474,356.2
2020-02-05,5123.962,354.22
2020-02-06,5282.892,352.4
2020-02-07,5327.037,354.3
2020-02-10,5388.435,355.56
2020-02-11,5361.277,354.6
2020-02-12,5459.946,354.0
2020-02-13,5412.842,356.52
2020-02-14,5420.803,356.78
2020-02-17,5594.437,357.9
2020-02-18,5660.814,359.68
2020-02-19,5603.263,364.06
2020-02-20,5706.713,365.06
2020-02-21,5784.032,371.9
2020-02-24,5865.467,379.7
2020-02-25,5897.722,371.74
2020-02-26,5743.393,374.26
2020-02-27,5753.728,374.3
2020-02-28,5451.29,369.98
2020-03-02,5656.419,361.24
2020-03-03,5710.024,360.26
2020-03-04,5716.511,368.54
2020-03-05,5801.12,368.62
2020-03-06,5763.86,376.08
2020-03-09,5525.817,373.42
2020-03-10,5675.111,368.64
2020-03-11,5589.531,371.22
2020-03-12,5493.884,367.26
2020-03-13,5457.201,356.4
2020-03-16,5200.114,347.18
2020-03-17,5212.062,330.88
2020-03-18,5119.472,339.08
2020-03-19,5157.824,336.62
2020-03-20,5219.281,339.78
2020-03-23,4998.91,339.62
2020-03-24,5096.041,358.46
2020-03-25,5217.424,364.4
2020-03-26,5166.109,363.34
2020-03-27,5137.337,367.58
2020-03-30,5027.486,364.7
2020-03-31,5041.453,364.9
2020-04-01,5019.219,358.62
2020-04-02,5147.202,360.7
2020-04-03,5107.039,363.48
2020-04-07,5267.073,373.88
2020-04-08,5271.796,370.2
2020-04-09,5322.461,371.46
2020-04-10,5208.51,373.74
2020-04-13,5169.176,373.26
2020-04-14,5288.593,377.6
2020-04-15,5268.75,376.32
2020-04-16,5316.971,379.38
2020-04-17,5318.455,372.18
2020-04-20,5381.786,370.8
2020-04-21,5343.881,374.42
2020-04-22,5387.623,373.18
2020-04-23,5357.79,379.8
2020-04-24,5273.547,382.78
2020-04-27,5265.725,380.14
2020-04-28,5227.846,377.1
2020-04-29,5226.812,378.74
2020-04-30,5353.86,380.28
2020-05-06,5451.316,380.08
2020-05-07,5445.752,378.18
2020-05-08,5507.697,383.38
2020-05-11,5496.192,381.74
2020-05-12,5512.464,380.88
2020-05-13,5536.28,381.86
2020-05-14,5487.107,384.46
2020-05-15,5507.934,390.16
2020-05-18,5478.822,401.16
2020-05-19,5547.876,394.5
2020-05-20,5489.702,398.72
2020-05-21,5426.175,395.06
2020-05-22,5328.227,394.38
2020-05-25,5316.604,393.54
2020-05-26,5420.213,395.34
2020-05-27,5369.499,391.2
2020-05-28,5361.167,394.18
2020-05-29,5406.34,394.42
2020-06-01,5569.48,398.0
2020-06-02,5566.444,396.96
2020-06-03,5572.313,393.04
2020-06-04,5576.754,389.74
2020-06-05,5585.423,390.18
2020-06-08,5575.304,386.28
2020-06-09,5610.377,386.3
2020-06-10,5615.242,390.4
2020-06-11,5589.102,393.7
2020-06-12,5591.487,393.62
2020-06-15,5590.644,392.54
2020-06-16,5695.301,392.4
2020-06-17,5735.418,392.86
2020-06-18,5734.403,392.18
2020-06-19,5787.148,392.94
2020-06-22,5784.027,397.5
2020-06-23,5804.343,396.96
2020-06-24,5789.089,400.06
2020-06-29,5762.438,400.14
2020-06-30,5864.416,400.72
2020-07-01,5881.888,403.1
2020-07-02,5975.279,399.06
2020-07-03,6051.51,400.54
2020-07-06,6299.855,399.66
2020-07-07,6380.028,400.32
2020-07-08,6535.415,402.36
2020-07-09,6693.745,404.94
2020-07-10,6676.437,401.88
2020-07-13,6899.518,403.74
2020-07-14,6807.727,403.02
2020-07-15,6638.838,403.62
2020-07-16,6319.998,402.12
2020-07-17,6344.591,399.76
2020-07-20,6526.833,401.78
2020-07-21,6563.324,404.54
2020-07-22,6620.689,414.22
2020-07-23,6620.086,416.52
2020-07-24,6283.983,420.4
2020-07-27,6298.735,430.06
2020-07-28,6359.664,429.94
2020-07-29,6530.271,431.38
2020-07-30,6511.436,428.94
2020-07-31,6579.67,432.86
2020-08-03,6739.809,431.4
2020-08-04,6697.707,431.96
2020-08-05,6772.842,444.06
2020-08-06,6770.302,447.56
2020-08-07,6688.882,449.72
2020-08-10,6725.296,446.38
2020-08-11,6600.847,436.94
2020-08-12,6528.4,417.16
2020-08-13,6552.657,416.74
2020-08-14,6623.563,420.3
2020-08-17,6744.547,424.44
2020-08-18,6789.398,433.94
2020-08-19,6666.274,429.16
2020-08-20,6593.785,418.28
2020-08-21,6643.944,419.48
2020-08-24,6688.965,415.54
2020-08-25,6652.548,416.5
2020-08-26,6525.879,415.66
2020-08-27,6578.791,420.54
2020-08-28,6691.21,420.4
2020-08-31,6668.433,422.68
2020-09-01,6710.46,426.98
2020-09-02,6717.558,422.6
2020-09-03,6662.252,415.3
2020-09-04,6618.576,416.54
2020-09-07,6478.812,416.36
2020-09-08,6525.098,416.56
2020-09-09,6349.223,416.5
2020-09-10,6235.569,419.46
2020-09-11,6311.967,418.34
2020-09-14,6351.242,418.44
2020-09-15,6387.881,419.8
2020-09-16,6353.836,418.64
2020-09-17,6367.021,415.62
2020-09-18,6469.469,416.92
2020-09-21,6445.965,417.04
2020-09-22,6358.652,407.58
2020-09-23,6392.033,400.9
2020-09-24,6244.639,396.58
2020-09-25,6236.89,401.06
2020-09-28,6178.469,400.14
2020-09-29,6228.771,405.9
2020-09-30,6192.505,406.1
2020-10-09,6357.971,405.36
2020-10-12,6541.176,410.02
2020-10-13,6551.399,408.54
2020-10-14,6508.374,404.04
2020-10-15,6460.041,403.62
2020-10-16,6428.682,404.98
2020-10-19,6358.321,404.9
2020-10-20,6423.113,403.58
2020-10-21,6350.013,404.66
2020-10-22,6317.144,404.86
2020-10-23,6213.263,403.58
2020-10-26,6214.378,401.56
2020-10-27,6221.341,405.3
2020-10-28,6245.999,405.36
2020-10-29,6255.193,399.78
2020-10-30,6111.48,397.1
2020-11-02,6143.116,400.68
2020-11-03,6241.768,402.6
2020-11-04,6234.158,404.28
2020-11-05,6351.979,404.22
2020-11-06,6301.248,408.3
2020-11-09,6421.651,407.42
2020-11-10,6373.085,396.54
2020-11-11,6294.606,395.64
2020-11-12,6315.494,394.98
2020-11-13,6306.97,396.88
2020-11-16,6387.371,396.64
2020-11-17,6336.941,396.18
2020-11-18,6341.014,393.64
2020-11-19,6360.6,392.0
2020-11-20,6422.985,392.18
2020-11-23,6472.93,392.8
2020-11-24,6475.188,383.32
2020-11-25,6350.367,379.24
2020-11-26,6334.304,380.22
2020-11-27,6351.612,381.14
2020-11-30,6320.944,371.34
2020-12-01,6426.616,374.2
2020-12-02,6434.979,379.64
2020-12-03,6440.881,383.7
2020-12-04,6464.735,384.46
2020-12-07,6424.682,383.38
2020-12-08,6423.651,389.18
2020-12-09,6307.221,387.0
2020-12-10,6320.096,383.26
2020-12-11,6209.427,382.78
2020-12-14,6259.018,382.82
2020-12-15,6265.582,385.66
2020-12-16,6235.435,388.4
2020-12-17,6308.901,390.5
2020-12-18,6291.918,393.58
2020-12-21,6398.599,398.36
2020-12-22,6250.061,392.76
2020-12-23,6307.604,391.44
2020-12-24,6205.225,393.04
2020-12-25,6278.498,395.0
2020-12-28,6244.482,395.78
2020-12-29,6199.852,393.86
2020-12-30,6269.248,393.7
2021-01-04,6482.787,400.04
2021-01-05,6539.732,402.32
2021-01-06,6528.143,402.88
2021-01-07,6538.116,399.06
2021-01-08,6557.596,396.06
2021-01-11,6455.399,385.0
2021-01-12,6543.229,387.42
2021-01-13,6496.913,387.54
2021-01-14,6439.885,385.3
2021-01-15,6417.501,387.9
2021-01-18,6514.464,386.82
2021-01-19,6476.374,387.72
2021-01-20,6535.419,388.82
2021-01-21,6622.496,392.72
2021-01-22,6637.805,390.9
2021-01-25,6645.314,389.0
2021-01-26,6532.961,390.14
2021-01-27,6557.161,387.94
2021-01-28,6414.381,386.3
2021-01-29,6346.137,388.34
2021-02-01,6393.278,392.64
2021-02-02,6454.785,389.5
2021-02-03,6399.332,385.1
2021-02-04,6328.788,382.26
2021-02-05,6239.871,377.86
2021-02-08,6323.162,381.0
2021-02-09,6457.881,385.6
2021-02-10,6525.166,385.66
2021-02-18,6614.544,374.18
2021-02-19,6703.482,372.46
2021-02-22,6657.056,376.66
2021-02-23,6631.229,380.66
2021-02-24,6536.186,379.6
2021-02-25,6499.153,375.94
2021-02-26,6364.353,369.5
2021-03-01,6488.439,367.94
2021-03-02,6433.328,361.74
2021-03-03,6524.751,363.5
2021-03-04,6401.992,360.34
2021-03-05,6403.496,356.6
2021-03-08,6256.409,360.36
2021-03-09,6108.003,359.04
2021-03-10,6062.255,362.9
2021-03-11,6213.832,365.88
2021-03-12,6222.38,360.76
2021-03-15,6173.872,363.86
2021-03-16,6195.244,364.56
2021-03-17,6225.359,366.2
2021-03-18,6273.856,369.24
2021-03-19,6206.602,367.66
2021-03-22,6305.692,365.7
2021-03-23,6219.167,366.8
2021-03-24,6142.544,366.24
2021-03-25,6157.407,367.22
2021-03-26,6251.794,366.24
2021-03-29,6254.943,366.44
2021-03-30,6280.359,361.5
2021-03-31,6254.07,357.38
2021-04-01,6311.664,364.98
2021-04-02,6326.606,369.98
2021-04-06,6343.096,367.3
2021-04-07,6348.076,369.1
2021-04-08,6356.753,370.08
2021-04-09,6335.239,371.96
2021-04-12,6226.418,369.18
2021-04-13,6209.78,365.8
2021-04-14,6277.211,369.54
2021-04-15,6276.461,369.54
2021-04-16,6339.591,372.86
2021-04-19,6425.261,375.5
2021-04-20,6428.541,372.1
2021-04-21,6420.259,375.98
2021-04-22,6445.466,376.4
2021-04-23,6462.756,375.2
2021-04-26,6442.645,373.14
2021-04-27,6446.282,373.48
2021-04-28,6489.744,371.4
2021-04-29,6491.928,372.68
2021-04-30,6485.708,370.76
2021-05-06,6489.349,376.28
2021-05-07,6444.443,380.4
2021-05-10,6475.994,381.76
2021-05-11,6456.038,381.54
2021-05-12,6512.05,382.44
2021-05-13,6439.027,380.68
2021-05-14,6525.804,382.96
2021-05-17,6578.14,387.3
2021-05-18,6599.599,389.96
2021-05-19,6584.387,390.3
2021-05-20,6548.711,390.4
2021-05-21,6527.864,390.4
2021-05-24,6544.122,391.66
2021-05-25,6619.671,389.82
2021-05-26,6628.207,393.4
2021-05-27,6685.405,390.96
2021-05-28,6668.17,391.38
2021-05-31,6728.991,394.38
2021-06-01,6739.762,396.9
2021-06-02,6681.429,389.98
2021-06-03,6667.726,387.5
2021-06-04,6693.057,382.62
2021-06-07,6721.502,385.32
2021-06-08,6684.563,387.9
2021-06-09,6692.905,387.7
2021-06-10,6765.644,386.46
2021-06-11,6725.915,389.92
2021-06-15,6663.662,382.66
2021-06-16,6566.286,382.24
2021-06-17,6616.174,375.66
2021-06-18,6657.764,371.62
2021-06-21,6707.176,371.94
2021-06-22,6739.794,373.44
2021-06-23,6789.946,374.02
2021-06-24,6754.866,371.94
2021-06-25,6813.414,371.4
2021-06-28,6828.516,372.16
2021-06-29,6765.42,370.8
2021-06-30,6808.183,367.5
2021-07-01,6716.666,371.78
2021-07-02,6658.045,372.64
2021-07-05,6711.014,373.88
2021-07-06,6709.498,377.46
2021-07-07,6764.132,377.3
2021-07-08,6748.654,376.62
2021-07-09,6804.539,377.78
2021-07-12,6904.382,377.0
2021-07-13,6961.848,378.8
2021-07-14,6898.75,379.5
2021-07-15,6932.406,382.48
2021-07-16,6925.123,381.48
2021-07-19,6889.338,377.84
2021-07-20,6901.132,380.68
2021-07-21,6984.542,379.28
2021-07-22,7026.548,376.3
2021-07-23,6985.75,378.02
2021-07-26,6868.207,379.04
2021-07-27,6719.256,375.84
2021-07-28,6621.985,379.9
2021-07-29,6758.887,381.16
2021-07-30,6767.316,382.5
2021-08-02,6872.0,377.84
2021-08-03,6816.011,377.82
2021-08-04,6931.337,378.66
2021-08-05,6911.829,378.04
2021-08-06,6938.868,375.9
2021-08-09,6979.526,365.6
2021-08-10,7019.228,363.92
2021-08-11,7073.522,363.52
2021-08-12,7095.202,367.16
2021-08-13,7088.888,368.04
2021-08-16,7052.488,371.24
2021-08-17,6894.404,375.02
2021-08-18,6941.008,375.4
2021-08-19,6947.056,374.28
2021-08-20,6920.025,375.5
2021-08-23,7024.565,374.88
2021-08-24,7090.782,377.68
2021-08-25,7153.004,375.54
2021-08-26,7118.844,373.96
2021-08-27,7180.109,377.78
2021-08-30,7226.882,379.04
2021-08-31,7255.342,378.84
2021-09-01,7193.1,379.12
2021-09-02,7307.008,378.92
2021-09-03,7278.681,378.54
2021-09-06,7355.401,380.96
2021-09-07,7498.926,379.42
2021-09-08,7544.041,374.96
2021-09-09,7617.451,373.2
2021-09-10,7607.675,375.5
2021-09-13,7648.748,373.3
2021-09-14,7556.616,373.82
2021-09-15,7592.306,374.82
2021-09-16,7446.935,371.76
2021-09-17,7395.565,367.86
2021-09-22,7453.625,372.52
2021-09-23,7502.839,369.26
2021-09-24,7380.384,366.78
2021-09-27,7170.59,367.86
2021-09-28,7198.897,364.22
2021-09-29,7010.219,364.48
2021-09-30,7103.608,362.78
2021-10-08,7091.336,367.54
2021-10-11,7090.467,366.16
2021-10-12,6952.19,368.22
2021-10-13,6981.595,368.1
2021-10-14,7008.333,373.24
2021-10-15,7024.16,372.58
2021-10-18,7068.105,367.58
2021-10-19,7120.379,368.76
2021-10-20,7118.796,367.66
2021-10-21,7098.254,369.54
2021-10-22,7026.068,371.08
2021-10-25,7103.986,370.14
2021-10-26,7102.434,371.64
2021-10-27,7048.604,368.92
2021-10-28,6950.277,372.56
2021-10-29,7022.499,370.48
2021-11-01,7060.756,368.78
2021-11-02,6985.1,371.26
2021-11-03,7017.854,368.04
2021-11-04,7073.852,366.58
2021-11-05,6991.908,371.74
2021-11-08,7026.972,375.9
2021-11-09,7081.754,377.46
2021-11-10,7062.331,377.46
2021-11-11,7119.859,383.36
2021-11-12,7156.613,383.6
2021-11-15,7098.213,382.2
2021-11-16,7045.939,384.02
2021-11-17,7104.534,382.26
2021-11-18,7084.683,383.54
2021-11-19,7169.876,382.74
2021-11-22,7255.074,379.14
2021-11-23,7261.379,371.78
2021-11-24,7256.112,369.76
2021-11-25,7233.542,369.78
2021-11-26,7219.862,372.7
2021-11-29,7221.898,371.42
2021-11-30,7252.755,370.24
2021-12-01,7272.837,368.74
2021-12-02,7229.988,367.0
2021-12-03,7301.917,365.92
2021-12-06,7240.456,368.68
2021-12-07,7206.826,367.88
2021-12-08,7302.991,368.28
2021-12-09,7320.318,366.72
2021-12-10,7306.646,365.62
2021-12-13,7353.031,368.14
2021-12-14,7324.133,368.52
2021-12-15,7314.259,364.36
2021-12-16,7380.997,368.08
2021-12-17,7314.56,372.78
2021-12-20,7195.973,372.34
2021-12-21,7275.468,369.72
2021-12-22,7302.463,368.9
2021-12-23,7337.19,372.78
2021-12-24,7278.756,373.56
2021-12-27,7272.749,373.44
2021-12-28,7286.034,374.46
2021-12-29,7247.774,372.58
2021-12-30,7310.96,370.8
2022-01-04,7354.456,371.74
2022-01-05,7222.675,373.1
2022-01-06,7229.96,370.64
2022-01-07,7175.676,368.14
2022-01-10,7191.451,368.56
2022-01-11,7135.223,371.94
2022-01-12,7196.933,373.92
2022-01-13,7097.759,374.92
2022-01-14,7081.141,374.58
2022-01-17,7157.859,372.52
2022-01-18,7163.159,371.76
2022-01-19,7118.762,373.06
2022-01-20,7056.785,378.4
2022-01-21,6976.616,378.22
2022-01-24,6979.246,377.2
2022-01-25,6743.957,377.92
2022-01-26,6782.576,378.58
2022-01-27,6605.916,371.58
2022-01-28,6580.53,370.1
2022-02-07,6676.612,372.14
2022-02-08,6742.192,374.8
2022-02-09,6843.027,376.58
2022-02-10,6840.485,377.4
2022-02-11,6745.024,375.24
2022-02-14,6695.696,381.7
2022-02-15,6760.278,385.58
2022-02-16,6772.034,379.84
2022-02-17,6768.789,383.54
2022-02-18,6835.022,386.64
2022-02-21,6867.113,386.0
2022-02-22,6784.762,390.72
2022-02-23,6887.424,387.58
2022-02-24,6764.876,396.04
2022-02-25,6819.431,391.42
2022-02-28,6853.308,389.02
2022-03-01,6874.045,389.14
2022-03-02,6875.24,394.5
2022-03-03,6859.552,393.2
2022-03-04,6803.834,394.64
2022-03-07,6659.39,403.3
2022-03-08,6429.889,412.2
2022-03-09,6305.609,417.16
2022-03-10,6414.94,404.0
2022-03-11,6474.127,404.78
2022-03-14,6323.578,402.5
2022-03-15,5964.981,394.46
2022-03-16,6156.271,391.04
2022-03-17,6267.524,395.44
2022-03-18,6332.217,395.9
2022-03-21,6358.943,394.76
2022-03-22,6358.109,397.16
2022-03-23,6398.101,394.72
2022-03-24,6344.115,399.02
2022-03-25,6268.238,401.7
2022-03-28,6283.281,397.68
2022-03-29,6253.069,395.54
2022-03-30,6377.874,394.74
2022-03-31,6324.961,394.34
2022-04-01,6364.521,396.26
2022-04-06,6356.927,394.5
2022-04-07,6221.591,394.94
2022-04-08,6224.117,396.04
2022-04-11,6029.894,399.6
2022-04-12,6126.907,401.78
2022-04-13,6044.326,403.7
2022-04-14,6126.49,404.32
2022-04-15,6070.749,405.82
2022-04-18,6074.007,408.02
2022-04-19,6092.396,405.1
2022-04-20,5956.921,400.06
2022-04-21,5759.801,405.06
2022-04-22,5740.984,406.8
2022-04-25,5369.717,404.42
2022-04-26,5234.006,401.3
2022-04-27,5437.037,400.9
2022-04-28,5418.764,400.82
2022-04-29,5627.902,405.82
2022-05-05,5686.702,404.52
2022-05-06,5563.769,403.6
2022-05-09,5608.516,405.36
2022-05-10,5690.087,402.3
2022-05-11,5737.817,399.94
2022-05-12,5743.101,404.24
2022-05-13,5796.801,399.66
2022-05-16,5791.081,395.84
2022-05-17,5816.338,397.98
2022-05-18,5797.49,393.32
2022-05-19,5838.407,394.96
2022-05-20,5929.488,397.18
2022-05-23,5965.728,397.16
2022-05-24,5745.675,398.08
2022-05-25,5844.255,398.84
2022-05-26,5911.561,400.36
2022-05-27,5899.915,402.14
2022-05-30,5942.832,399.92
2022-05-31,6026.237,399.04
2022-06-01,6023.644,396.36
2022-06-02,6078.435,398.98
2022-06-06,6187.444,398.0
2022-06-07,6186.567,396.0
2022-06-08,6217.828,398.02
2022-06-09,6130.686,398.82
2022-06-10,6240.103,397.54
2022-06-13,6233.619,404.22
2022-06-14,6275.565,396.9
2022-06-15,6261.061,394.46
2022-06-16,6264.822,395.76
2022-06-17,6316.309,398.58
2022-06-20,6330.394,397.0
2022-06-21,6277.001,396.26
2022-06-22,6179.57,396.2
2022-06-23,6300.475,396.7
2022-06-24,6368.283,393.64
2022-06-27,6407.745,396.32
2022-06-28,6501.352,393.86
2022-06-29,6374.297,393.34
2022-06-30,6454.078,392.7
2022-07-01,6438.538,388.94
2022-07-04,6523.131,390.92
2022-07-05,6511.53,390.52
2022-07-06,6418.545,382.86
2022-07-07,6452.986,377.44
2022-07-08,6404.439,377.04
2022-07-11,6319.14,377.0
2022-07-12,6241.479,378.2
2022-07-13,6268.494,375.6
2022-07-14,6302.432,376.1
2022-07-15,6196.8,373.38
2022-07-18,6312.356,374.98
2022-07-19,6335.709,373.84
2022-07-20,6410.709,373.52
2022-07-21,6347.598,370.32
2022-07-22,6289.533,375.98
2022-07-25,6231.236,377.18
2022-07-26,6307.956,377.46
2022-07-27,6332.233,376.64
2022-07-28,6348.166,380.72
2022-07-29,6294.114,386.1
2022-08-01,6347.221,385.8
2022-08-02,6169.996,389.16
2022-08-03,6124.315,387.3
2022-08-04,6158.735,387.9
2022-08-05,6270.511,391.1
2022-08-08,6323.075,388.7
2022-08-09,6341.481,390.46
2022-08-10,6322.056,391.18
2022-08-11,6439.359,389.56
2022-08-12,6420.853,391.22
2022-08-15,6442.809,392.0
2022-08-16,6465.187,391.52
2022-08-17,6493.505,389.9
2022-08-18,6468.806,387.76
2022-08-19,6391.716,387.56
2022-08-22,6472.68,386.26
2022-08-23,6466.405,387.32
2022-08-24,6284.577,389.54
2022-08-25,6322.696,390.82
2022-08-26,6298.374,391.28
2022-08-29,6310.402,387.94
2022-08-30,6285.927,389.3
2022-08-31,6155.746,386.92
2022-09-01,6126.769,383.7
2022-09-02,6149.427,383.02
2022-09-05,6182.647,386.86
2022-09-06,6291.571,388.98
2022-09-07,6301.564,386.36
2022-09-08,6272.575,389.46
2022-09-09,6316.972,389.52
2022-09-13,6300.422,389.66
2022-09-14,6249.963,387.2
2022-09-15,6107.796,385.24
2022-09-16,5954.504,383.6
2022-09-19,5913.149,384.7
2022-09-20,5958.292,385.84
2022-09-21,5978.581,386.98
2022-09-22,5965.885,386.04
2022-09-23,5889.602,387.64
2022-09-26,5806.318,384.38
2022-09-27,5920.053,384.88
2022-09-28,5769.52,385.9
2022-09-29,5771.881,389.66
2022-09-30,5714.063,390.82
2022-10-10,5635.711,393.24
2022-10-11,5684.506,392.72
2022-10-12,5820.454,393.04
2022-10-13,5830.336,393.0
2022-10-14,5973.439,392.42
2022-10-17,6015.596,390.28
2022-10-18,6035.674,390.78
2022-10-19,5972.723,390.18
2022-10-20,5948.862,388.1
2022-10-21,5956.881,387.46
2022-10-24,5896.903,392.72
2022-10-25,5869.781,393.82
2022-10-26,5971.601,393.62
2022-10-27,5963.004,392.7
2022-10-28,5781.797,392.78
2022-10-31,5807.106,391.66
2022-11-01,5941.145,391.46
2022-11-02,5997.804,392.1
2022-11-03,5996.719,390.88
2022-11-04,6133.463,390.8
2022-11-07,6141.409,394.0
2022-11-08,6134.256,394.82
2022-11-09,6120.829,403.26
2022-11-10,6089.695,403.54
2022-11-11,6138.621,406.72
2022-11-14,6129.513,403.44
2022-11-15,6236.384,404.96
2022-11-16,6203.917,407.12
2022-11-17,6217.205,407.7
2022-11-18,6191.648,407.42
2022-11-21,6189.709,405.2
2022-11-22,6125.4,404.86
2022-11-23,6115.605,404.66
2022-11-24,6120.066,406.4
2022-11-25,6087.859,407.6
2022-11-28,6055.284,408.02
2022-11-29,6163.821,406.56
2022-11-30,6156.147,406.12
2022-12-01,6186.102,407.1
2022-12-02,6168.013,409.72
2022-12-05,6215.124,405.72
2022-12-06,6211.252,401.78
2022-12-07,6204.005,401.1
2022-12-08,6186.284,402.44
2022-12-09,6192.301,403.46
2022-12-12,6154.809,403.3
2022-12-13,6121.662,403.54
2022-12-14,6096.386,408.1
2022-12-15,6101.879,404.86
2022-12-16,6072.863,402.9
2022-12-19,5936.475,405.3
2022-12-20,5878.031,405.42
2022-12-21,5845.835,409.5
2022-12-22,5779.056,409.86
2022-12-23,5763.346,406.8
2022-12-26,5843.256,407.24
2022-12-27,5885.662,407.96
2022-12-28,5862.097,408.6
2022-12-29,5857.402,408.36
2022-12-30,5864.467,410.72
2023-01-03,5955.897,411.2
2023-01-04,5952.454,413.26
2023-01-05,6010.464,412.5
2023-01-06,6012.815,409.54
2023-01-09,6040.019,414.0
2023-01-10,6048.297,413.7
2023-01-11,6014.157,414.8
2023-01-12,6015.287,414.58
2023-01-13,6057.69,415.22
2023-01-16,6126.177,417.28
2023-01-17,6132.639,419.0
2023-01-18,6151.456,418.4
2023-01-19,6204.326,419.66
2023-01-20,6251.434,423.5
2023-01-30,6283.327,422.68
2023-01-31,6289.15,419.48
2023-02-01,6365.905,421.58
2023-02-02,6370.141,424.86
2023-02-03,6343.686,419.34
2023-02-06,6302.335,413.8
2023-02-07,6317.238,412.62
2023-02-08,6268.276,412.7
2023-02-09,6354.562,413.52
2023-02-10,6334.252,410.76
2023-02-13,6383.828,413.08
2023-02-14,6397.215,412.74
2023-02-15,6384.348,411.66
2023-02-16,6289.479,411.48
2023-02-17,6237.405,410.26
2023-02-20,6346.068,412.3
2023-02-21,6383.425,411.7
2023-02-22,6375.068,412.94
2023-02-23,6360.32,411.94
2023-02-24,6340.844,413.14
2023-02-27,6307.206,412.2
2023-02-28,6357.535,412.64
2023-03-01,6402.141,414.04
2023-03-02,6382.232,413.62
2023-03-03,6390.318,415.58
2023-03-06,6395.219,418.44
2023-03-07,6284.299,418.82
2023-03-08,6301.516,414.08
2023-03-09,6285.952,414.02
2023-03-10,6204.899,416.76
2023-03-13,6245.003,420.42
2023-03-14,6189.397,426.36
2023-03-15,6224.64,426.54
2023-03-16,6140.832,430.48
2023-03-17,6183.184,432.44
2023-03-20,6160.354,445.02
2023-03-21,6234.679,441.56
2023-03-22,6269.738,435.42
2023-03-23,6305.759,438.36
2023-03-24,6310.098,440.7
2023-03-27,6311.6,438.14
2023-03-28,6279.922,436.18
2023-03-29,6260.551,437.76
2023-03-30,6286.177,438.9
2023-03-31,6339.818,441.2
2023-04-03,6413.807,435.62
2023-04-04,6408.899,440.7
2023-04-06,6416.846,447.18
2023-04-07,6464.466,447.32
2023-04-10,6410.522,442.8
2023-04-11,6420.877,444.84
2023-04-12,6443.439,448.84
2023-04-13,6404.646,448.82
2023-04-14,6431.069,451.0
2023-04-17,6459.24,446.08
2023-04-18,6449.853,444.26
2023-04-19,6416.97,443.98
2023-04-20,6411.756,444.54
2023-04-21,6250.545,442.5
2023-04-24,6208.78,441.16
2023-04-25,6118.153,444.98
2023-04-26,6142.154,446.34
2023-04-27,6157.936,447.28
2023-04-28,6241.244,444.04
2023-05-04,6262.389,455.26
2023-05-05,6200.576,457.92
2023-05-08,6248.583,452.36
2023-05-09,6181.976,453.18
2023-05-10,6173.809,454.9
2023-05-11,6154.47,454.82
2023-05-12,6091.646,451.5
2023-05-15,6159.389,453.42
2023-05-16,6110.827,452.26
2023-05-17,6122.052,450.24
2023-05-18,6128.176,449.4
2023-05-19,6117.083,447.62
2023-05-22,6115.315,449.54
2023-05-23,6052.43,447.62
2023-05-24,6005.791,449.9
2023-05-25,5988.189,448.0
2023-05-26,6034.983,445.5
2023-05-29,6025.155,445.66
2023-05-30,6061.309,444.62
2023-05-31,6047.802,450.86
2023-06-01,6051.46,450.98
2023-06-02,6105.218,452.3
2023-06-05,6097.106,447.26
2023-06-06,5983.42,450.28
2023-06-07,5987.011,451.1
2023-06-08,5966.148,448.46
2023-06-09,6009.583,452.34
2023-06-12,6027.712,452.5
2023-06-13,6044.037,453.68
2023-06-14,6044.077,450.9
2023-06-15,6096.808,447.14
2023-06-16,6148.013,450.5
2023-06-19,6131.385,451.24
2023-06-20,6126.113,451.76
2023-06-21,5990.846,449.84
2023-06-26,5887.032,449.14
2023-06-27,5948.003,448.86
2023-06-28,5942.311,447.1
2023-06-29,5940.578,447.5
2023-06-30,5998.729,448.6
2023-07-03,6042.312,449.52
2023-07-04,6055.258,449.94
2023-07-05,6020.821,450.7
2023-07-06,5988.553,451.66
2023-07-07,5961.606,450.82
2023-07-10,5984.281,452.08
2023-07-11,6029.232,452.2
2023-07-12,5962.794,452.12
2023-07-13,6044.058,456.32
2023-07-14,6030.519,454.0
2023-07-17,6012.69,455.34
2023-07-18,6001.8,456.94
2023-07-19,5993.413,462.48
2023-07-20,5925.484,461.96
2023-07-21,5925.626,459.3
2023-07-24,5916.714,459.1
2023-07-25,6016.631,456.8
2023-07-26,6001.54,458.68
2023-07-27,5961.184,459.76
2023-07-28,6043.244,456.3
2023-07-31,6088.243,455.98
2023-08-01,6098.879,457.58
2023-08-02,6077.465,457.18
2023-08-03,6098.687,455.04
2023-08-04,6128.556,454.4
2023-08-07,6090.731,455.64
2023-08-08,6066.102,455.64
2023-08-09,6021.751,455.36
2023-08-10,6031.711,453.62
2023-08-11,5913.35,455.56
2023-08-14,5916.803,455.74
2023-08-15,5879.778,455.86
2023-08-16,5833.216,457.1
2023-08-17,5874.361,456.86
2023-08-18,5777.797,455.1
2023-08-21,5710.778,457.08
2023-08-22,5741.061,456.5
2023-08-23,5629.5,457.88
2023-08-24,5652.673,460.04
2023-08-25,5581.212,458.5
2023-08-28,5644.141,458.62
2023-08-29,5770.316,460.14
2023-08-30,5775.153,461.48
2023-08-31,5739.398,463.16
2023-09-01,5750.803,462.46
2023-09-04,5829.784,464.38
2023-09-05,5788.715,464.98
2023-09-06,5790.381,464.24
2023-09-07,5702.701,464.12
2023-09-08,5708.623,466.84
2023-09-11,5774.731,466.54
2023-09-12,5770.926,466.76
2023-09-13,5715.397,467.66
2023-09-14,5702.102,472.0
2023-09-15,5704.663,469.72
2023-09-18,5719.689,467.32
2023-09-19,5687.901,469.8
2023-09-20,5651.006,471.38
2023-09-21,5611.919,470.88
2023-09-22,5698.817,470.48
2023-09-25,5666.664,471.48
2023-09-26,5646.654,470.6
2023-09-27,5674.345,466.9
2023-09-28,5690.77,459.5
2023-10-09,5658.083,454.8
2023-10-10,5630.371,450.58
2023-10-11,5629.789,450.4
2023-10-12,5671.642,453.66
2023-10-13,5633.383,454.92
2023-10-16,5580.667,461.2
2023-10-17,5595.342,463.4
2023-10-18,5524.599,467.94
2023-10-19,5464.027,471.26
2023-10-20,5423.675,476.68
2023-10-23,5290.334,476.0
2023-10-24,5352.012,475.2
2023-10-25,5375.998,473.92
2023-10-26,5398.934,476.66
2023-10-27,5492.027,476.98
2023-10-30,5546.388,478.12
2023-10-31,5528.239,478.94
2023-11-01,5509.966,477.18
2023-11-02,5459.452,478.72
2023-11-03,5510.357,478.2
2023-11-06,5605.062,475.96
2023-11-07,5611.098,474.0
2023-11-08,5608.017,471.84
2023-11-09,5592.057,468.9
2023-11-10,5573.1,471.36
2023-11-13,5605.569,469.98
2023-11-14,5630.553,471.52
2023-11-15,5664.617,472.98
2023-11-16,5609.361,471.86
2023-11-17,5631.423,473.44
2023-11-20,5659.773,468.0
2023-11-21,5641.084,466.98
2023-11-22,5572.899,466.1
2023-11-23,5622.989,465.46
2023-11-24,5570.421,465.9
2023-11-27,5566.507,470.08
2023-11-28,5591.496,471.6
2023-11-29,5553.335,475.46
2023-11-30,5545.05,475.72
2023-12-01,5566.869,475.78
2023-12-04,5559.068,481.62
2023-12-05,5460.409,475.0
2023-12-06,5481.824,474.08
2023-12-07,5481.136,474.88
2023-12-08,5497.99,475.2
2023-12-11,5564.854,471.6
2023-12-12,5566.178,469.9
2023-12-13,5507.513,469.02
2023-12-14,5489.327,476.2
2023-12-15,5449.786,475.46
2023-12-18,5385.27,474.9
2023-12-19,5379.874,475.9
2023-12-20,5309.287,476.92
2023-12-21,5338.762,477.02
2023-12-22,5311.69,479.54
2023-12-25,5315.375,480.8
2023-12-26,5258.284,481.4
2023-12-27,5285.53,482.6
2023-12-28,5382.797,483.6
2023-12-29,5429.229,481.7
2024-01-02,5409.455,483.32
2024-01-03,5401.395,483.58
2024-01-04,5355.322,481.64
2024-01-05,5281.871,482.38
2024-01-08,5167.7,481.72
2024-01-09,5180.653,481.02
2024-01-10,5158.078,479.86
2024-01-11,5223.863,480.24
2024-01-12,5206.178,480.78
2024-01-15,5193.296,483.58
2024-01-16,5190.398,483.34
2024-01-17,5061.54,479.66
2024-01-18,5066.958,478.72
2024-01-19,5018.433,480.36
2024-01-22,4780.975,478.88
2024-01-23,4865.743,479.18
2024-01-24,4933.701,478.66
2024-01-25,5073.178,476.84
2024-01-26,5027.093,478.72
2024-01-29,4927.914,480.04
2024-01-30,4814.991,481.0
2024-01-31,4696.98,481.58
2024-02-01,4678.731,482.84
2024-02-02,4563.222,484.82
2024-02-05,4460.264,481.44
2024-02-06,4805.901,480.66
2024-02-07,5109.569,482.1
2024-02-08,5150.229,483.54
2024-02-19,5141.604,480.7
2024-02-20,5140.958,480.42
2024-02-21,5139.037,480.42
2024-02-22,5176.343,480.06
2024-02-23,5197.712,478.96
2024-02-26,5195.464,481.54
2024-02-27,5307.804,481.42
2024-02-28,5184.047,481.28
2024-02-29,5346.793,481.82
2024-03-01,5379.048,483.8
2024-03-04,5388.82,490.1
2024-03-05,5351.827,497.36
2024-03-06,5350.102,500.7
2024-03-07,5277.299,505.88
2024-03-08,5349.595,506.28
2024-03-11,5441.051,508.3
2024-03-12,5423.718,506.74
2024-03-13,5415.113,505.62
2024-03-14,5392.927,506.34
2024-03-15,5454.146,508.16
2024-03-18,5528.447,504.04
2024-03-19,5478.225,505.22
2024-03-20,5493.414,505.74
2024-03-21,5465.829,515.7
2024-03-22,5384.566,512.48
2024-03-25,5294.746,513.42
2024-03-26,5284.419,514.2
2024-03-27,5156.684,516.42
2024-03-28,5223.806,520.0
2024-03-29,5286.161,531.3
2024-04-01,5401.225,534.04
2024-04-02,5381.229,534.74
2024-04-03,5374.595,541.52
2024-04-08,5298.591,554.74
2024-04-09,5342.898,556.92
2024-04-10,5275.473,558.78
2024-04-11,5301.809,555.22
2024-04-12,5277.219,570.5
2024-04-15,5339.722,563.88
2024-04-16,5191.554,567.0
2024-04-17,5339.747,567.78
2024-04-18,5349.836,565.52
2024-04-19,5314.867,568.3
2024-04-22,5267.581,558.42
2024-04-23,5208.271,544.84
2024-04-24,5263.039,551.0
2024-04-25,5259.335,550.28
2024-04-26,5372.121,554.58
2024-04-29,5478.491,551.46
2024-04-30,5441.141,549.5
2024-05-06,5528.604,548.32
2024-05-07,5527.085,549.82
2024-05-08,5458.756,549.0
2024-05-09,5556.771,548.1
2024-05-10,5535.395,561.4
2024-05-13,5505.26,557.62
2024-05-14,5500.738,554.62
2024-05-15,5446.656,559.02
2024-05-16,5424.665,564.42
2024-05-17,5491.894,564.86
2024-05-20,5523.501,578.84
2024-05-21,5478.913,572.22
2024-05-22,5468.607,573.32
2024-05-23,5362.305,559.72
2024-05-24,5313.455,554.48
2024-05-27,5371.369,555.78
2024-05-28,5316.129,555.96
2024-05-29,5328.306,559.7
2024-05-30,5308.66,554.2
2024-05-31,5308.54,556.86
2024-06-03,5274.069,551.56
2024-06-04,5341.95,556.24
2024-06-05,5277.941,553.62
2024-06-06,5228.8,562.14
2024-06-07,5208.98,562.3
2024-06-11,5217.47,544.78
2024-06-12,5232.953,548.04
2024-06-13,5194.59,548.44
2024-06-14,5213.093,548.48
2024-06-17,5207.128,549.46
2024-06-18,5230.891,550.08
2024-06-19,5168.82,552.4
2024-06-20,5094.565,557.16
2024-06-21,5102.329,559.74
2024-06-24,4992.91,551.18
2024-06-25,4948.634,552.16
2024-06-26,5020.432,548.7
2024-06-27,4928.051,545.4
2024-06-28,4942.782,551.52
2024-07-01,5003.161,551.42
2024-07-02,4949.477,552.48
2024-07-03,4910.925,555.7
2024-07-04,4834.498,558.34
2024-07-05,4866.265,559.66
2024-07-08,4783.617,560.74
2024-07-09,4876.899,558.66
2024-07-10,4844.162,561.1
2024-07-11,4939.732,565.46
2024-07-12,4919.364,568.54
2024-07-15,4883.897,568.34
2024-07-16,4898.363,574.94
2024-07-17,4856.579,581.56
2024-07-18,4877.692,581.48
2024-07-19,4872.053,565.94
2024-07-22,4865.978,565.4
2024-07-23,4722.799,562.6
2024-07-24,4668.062,569.64
2024-07-25,4665.449,555.68
2024-07-26,4736.377,557.38
2024-07-29,4708.844,561.24
2024-07-30,4699.282,562.02
2024-07-31,4886.414,566.28
2024-08-01,4852.973,570.9
2024-08-02,4788.616,574.04
2024-08-05,4693.848,559.94
2024-08-06,4750.776,554.18
2024-08-07,4751.941,556.06
2024-08-08,4755.815,556.1
2024-08-09,4720.31,560.7
2024-08-12,4714.159,565.3
2024-08-13,4731.835,569.46
2024-08-14,4667.073,568.22
2024-08-15,4698.375,566.98
2024-08-16,4670.379,567.74
2024-08-19,4682.963,573.7
2024-08-20,4602.01,574.24
2024-08-21,4587.122,576.2
2024-08-22,4533.37,574.46
2024-08-23,4537.087,572.58
2024-08-26,4544.359,576.2
2024-08-27,4495.286,575.94
2024-08-28,4500.009,575.16
2024-08-29,4557.901,575.06
2024-08-30,4639.114,574.06
2024-09-02,4546.883,570.82
2024-09-03,4596.482,572.12
2024-09-04,4582.084,568.22
2024-09-05,4601.091,572.04
2024-09-06,4537.454,573.68
2024-09-09,4507.187,569.22
2024-09-10,4507.707,573.24
2024-09-11,4514.916,576.12
2024-09-12,4496.592,575.22
2024-09-13,4450.959,583.58
2024-09-18,4462.87,582.98
2024-09-19,4520.394,582.2
2024-09-20,4498.39,590.62
2024-09-23,4494.688,595.14
2024-09-24,4689.596,594.24
2024-09-25,4731.476,598.36
2024-09-26,4938.184,599.9
2024-09-27,5201.666,599.42
2024-09-30,5743.217,596.72
2024-10-08,6155.582,596.22
2024-10-09,5735.641,588.56
2024-10-10,5690.882,590.7
2024-10-11,5470.813,597.38
2024-10-14,5608.153,603.3
2024-10-15,5472.56,603.64
2024-10-16,5461.088,611.98
2024-10-17,5418.988,614.26
2024-10-18,5640.02,619.06
2024-10-21,5704.225,625.82
2024-10-22,5753.85,626.5
2024-10-23,5776.383,629.96
2024-10-24,5726.704,624.54
2024-10-25,5809.688,624.72
2024-10-28,5883.72,626.58
2024-10-29,5812.529,631.8
2024-10-30,5837.934,638.62
2024-10-31,5901.29,635.66
2024-11-01,5831.822,629.72
2024-11-04,5928.909,625.38
2024-11-05,6111.971,625.02
2024-11-06,6125.787,624.06
2024-11-07,6239.56,611.32
2024-11-08,6222.445,615.48
2024-11-11,6330.615,615.78
2024-11-12,6263.883,605.66
2024-11-13,6259.841,604.46
2024-11-14,6078.305,593.1
2024-11-15,5924.483,593.3
2024-11-18,5833.036,600.6
2024-11-19,5936.602,609.84
2024-11-20,5992.39,610.6
2024-11-21,5985.313,617.7
2024-11-22,5750.246,627.88
2024-11-25,5735.649,619.16
2024-11-26,5690.479,610.84
2024-11-27,5804.937,616.46
2024-11-28,5757.597,613.2
2024-11-29,5851.939,618.8
2024-12-02,5943.625,613.28
2024-12-03,5932.121,619.32
2024-12-04,5879.27,618.22
2024-12-05,5901.986,618.4
2024-12-06,5979.197,615.94
2024-12-09,5947.109,619.12
2024-12-10,5992.094,621.44
2024-12-11,6047.105,627.06
2024-12-12,6100.395,631.38
2024-12-13,5988.292,625.6
2024-12-16,5912.601,619.72
2024-12-17,5848.163,619.14
2024-12-18,5888.616,618.5
2024-12-19,5901.916,613.52
2024-12-20,5917.175,613.94
2024-12-23,5818.551,620.14
2024-12-24,5895.26,617.58
2024-12-25,5840.289,619.0
2024-12-26,5887.061,619.74
2024-12-27,5899.167,620.22
2024-12-30,5898.884,617.66
2025-01-02,5545.817,622.4
2025-01-03,5427.804,627.96
2025-01-06,5427.101,624.92
2025-01-07,5484.685,625.02
2025-01-08,5461.586,627.96
2025-01-09,5456.586,631.3
2025-01-10,5369.281,635.46
2025-01-13,5381.697,637.14
2025-01-14,5572.272,632.1
2025-01-15,5522.459,636.84
2025-01-16,5545.634,639.12
2025-01-17,5587.294,640.68
2025-01-20,5614.331,639.8
2025-01-21,5633.925,639.78
2025-01-22,5607.059,645.46
2025-01-23,5584.255,646.2
2025-01-24,5649.95,648.9
2025-01-27,5589.343,647.54
2025-02-05,5614.387,670.64
2025-02-06,5747.901,668.46
2025-02-07,5833.988,669.9
2025-02-10,5888.551,679.08
2025-02-11,5858.281,685.74
2025-02-12,5940.53,681.22
2025-02-13,5898.261,684.56
2025-02-14,5947.796,688.4
2025-02-17,5948.72,677.1
2025-02-18,5840.711,682.82
2025-02-19,5943.882,687.8
2025-02-20,5957.547,690.0
2025-02-21,6057.065,684.44
2025-02-24,6044.973,685.98
2025-02-25,5979.965,685.58
2025-02-26,6051.74,679.42
2025-02-27,6028.986,677.0
2025-02-28,5859.871,672.12
2025-03-03,5885.77,672.4
2025-03-04,5937.63,676.82
2025-03-05,5950.703,682.16
2025-03-06,6047.773,680.64
2025-03-07,6013.775,679.48
2025-03-10,6013.619,681.5
2025-03-11,6044.974,677.56
2025-03-12,6040.497,679.56
2025-03-13,5993.967,684.5
2025-03-14,6099.981,694.96
2025-03-17,6108.018,695.94
2025-03-18,6133.302,700.7
2025-03-19,6101.437,707.34
2025-03-20,6059.486,708.5
2025-03-21,5971.93,706.96
2025-03-24,5969.079,707.14
2025-03-25,5946.951,706.76
2025-03-26,5948.499,709.02
2025-03-27,5957.602,710.3
2025-03-28,5916.031,722.8
2025-03-31,5857.772,729.8
2025-04-01,5892.85,736.3
2025-04-02,5899.087,733.6
2025-04-03,5845.505,739.04
2025-04-07,5287.033,718.18
2025-04-08,5326.914,719.22
2025-04-09,5439.772,728.14
2025-04-10,5544.065,744.48
2025-04-11,5581.318,757.3
2025-04-14,5627.138,763.64
2025-04-15,5602.534,764.44
2025-04-16,5556.864,781.6
2025-04-17,5557.011,789.22
2025-04-18,5560.721,791.02
2025-04-21,5642.381,805.06
2025-04-22,5624.209,831.42
2025-04-23,5634.949,784.28
2025-04-24,5605.88,792.2
2025-04-25,5627.18,787.2
2025-04-28,5598.295,780.04
2025-04-29,5604.906,785.14
2025-04-30,5631.825,780.3
2025-05-06,5740.334,794.8
2025-05-07,5750.291,803.5
2025-05-08,5773.806,790.78
2025-05-09,5721.723,788.42
2025-05-12,5793.674,772.28
2025-05-13,5781.668,767.68
2025-05-14,5799.119,761.72
2025-05-15,5715.297,739.82
2025-05-16,5715.849,751.8
2025-05-19,5720.795,755.86
2025-05-20,5747.367,754.38
2025-05-21,5757.923,778.78
2025-05-22,5703.28,780.1
2025-05-23,5653.044,780.1
2025-05-26,5669.461,777.3
2025-05-27,5652.145,771.6
2025-05-28,5637.238,772.28
2025-05-29,5719.91,764.32
2025-05-30,5671.072,771.8
2025-06-03,5694.839,783.1
2025-06-04,5739.006,782.42
2025-06-05,5769.968,783.72
2025-06-06,5762.078,783.24
2025-06-09,5805.654,774.72
2025-06-10,5757.992,775.06
2025-06-11,5792.946,777.54
2025-06-12,5799.932,785.16
2025-06-13,5740.24,794.36
2025-06-16,5767.808,792.3
2025-06-17,5750.912,785.08
2025-06-18,5745.871,785.42
2025-06-19,5676.832,781.24
2025-06-20,5639.513,778.58
2025-06-23,5674.17,781.3
2025-06-24,5765.837,771.86
2025-06-25,5862.553,773.94
2025-06-26,5838.245,775.28
2025-06-27,5863.728,766.4
2025-06-30,5915.388,767.58
2025-07-01,5934.67,776.1
2025-07-02,5892.951,776.04
2025-07-03,5922.66,781.28
2025-07-04,5911.435,777.06
2025-07-07,5900.406,771.3
2025-07-08,5977.744,776.22
2025-07-09,5953.487,766.82
2025-07-10,5983.051,773.3
2025-07-11,6027.079,773.56
2025-07-14,6020.859,781.4
2025-07-15,6018.758,780.4
2025-07-16,6017.195,776.66
2025-07-17,6082.464,776.28
2025-07-18,6099.61,777.02
2025-07-21,6161.309,781.7
2025-07-22,6213.407,784.84
2025-07-23,6196.758,792.9
2025-07-24,6293.598,778.74
2025-07-25,6299.591,777.32
2025-07-28,6323.42,774.78
2025-07-29,6356.133,771.44
2025-07-30,6314.687,773.78
2025-07-31,6226.343,770.28
2025-08-01,6213.201,770.72
2025-08-04,6261.731,781.42
2025-08-05,6303.236,782.5
2025-08-06,6357.377,783.68
2025-08-07,6337.543,785.02
2025-08-08,6323.5,787.8
2025-08-11,6391.76,779.48
2025-08-12,6418.16,776.04
2025-08-13,6508.098,777.72
2025-08-14,6429.846,778.7
2025-08-15,6568.57,775.8
2025-08-18,6668.173,777.66
2025-08-19,6655.311,775.06
2025-08-20,6728.069,772.68
2025-08-21,6704.166,775.12
2025-08-22,6822.847,773.4
2025-08-25,6951.896,779.18
2025-08-26,6964.065,781.12
2025-08-27,6862.562,781.16
2025-08-28,7011.16,783.22
2025-08-29,7043.942,785.12
2025-09-01,7110.288,800.56
2025-09-02,6961.689,804.32
2025-09-03,6868.462,814.88
2025-09-04,6698.447,812.98
2025-09-05,6913.953,815.6
2025-09-08,6992.117,822.86
2025-09-09,6928.965,834.48
2025-09-10,6932.109,833.42
2025-09-11,7122.705,830.78
2025-09-12,7147.749,834.22
2025-09-15,7137.363,831.6
2025-09-16,7190.993,842.08
2025-09-17,7260.035,835.08
2025-09-18,7199.883,824.1
2025-09-19,7170.349,830.56
2025-09-22,7225.128,846.5
2025-09-23,7180.714,855.44
2025-09-24,7323.709,860.0
2025-09-25,7341.324,854.72
2025-09-26,7240.911,856.06
2025-09-29,7350.56,866.52
2025-09-30,7412.368,874.4
2025-10-09,7548.923,914.32
2025-10-10,7398.224,901.56
2025-10-13,7376.564,927.56
2025-10-14,7194.851,938.98
2025-10-15,7294.001,960.34
2025-10-16,7231.534,966.42
2025-10-17,7016.066,999.8
2025-10-20,7069.641,970.32
2025-10-21,7185.624,994.06
2025-10-22,7128.478,952.56
2025-10-23,7142.954,942.28
2025-10-24,7258.534,938.1
2025-10-27,7379.394,934.14
2025-10-28,7341.03,901.38
2025-10-29,7480.967,910.88
2025-10-30,7385.711,912.16
2025-10-31,7331.003,921.92
2025-11-03,7333.601,922.58
2025-11-04,7210.825,915.58
2025-11-05,7229.341,912.26
2025-11-06,7345.723,917.8
2025-11-07,7327.911,921.26
2025-11-10,7343.802,935.98
2025-11-11,7291.608,948.88
2025-11-12,7243.248,945.76
2025-11-13,7355.291,961.22
2025-11-14,7235.462,953.2
2025-11-17,7235.351,929.46
2025-11-18,7151.018,918.52
2025-11-19,7122.747,937.0
2025-11-20,7061.95,932.56
2025-11-21,6817.41,926.94
2025-11-24,6868.966,930.32
2025-11-25,6954.603,946.5
2025-11-26,6965.045,946.72
2025-11-27,6951.284,947.16
2025-11-28,7031.551,953.92
2025-12-01,7101.832,963.28
2025-12-02,7040.301,958.42
2025-12-03,6996.355,956.7
2025-12-04,7012.806,953.42
2025-12-05,7097.839,961.04
2025-12-08,7172.367,958.7
2025-12-09,7121.326,951.54
2025-12-10,7155.994,956.4
2025-12-11,7082.893,957.9
2025-12-12,7169.791,970.66
2025-12-15,7113.962,983.16
2025-12-16,7001.319,971.42
2025-12-17,7137.834,979.72
2025-12-18,7100.836,980.5
2025-12-19,7169.551,979.9
2025-12-22,7255.661,1000.86
2025-12-23,7256.786,1014.24
2025-12-24,7352.04,1014.68
2025-12-25,7410.712,1008.76
2025-12-26,7458.839,1016.3
2025-12-29,7430.615,1007.18
2025-12-30,7458.936,984.84
2026-01-05,7651.198,995.0
2026-01-06,7814.136,1004.98
2026-01-07,7875.082,998.9
2026-01-08,7894.545,997.94
2026-01-09,8056.686,1006.48
2026-01-12,8249.128,1026.28
2026-01-13,8143.28,1027.18
2026-01-14,8227.697,1040.62
2026-01-15,8223.268,1035.2
2026-01-16,8232.674,1032.32
2026-01-19,8287.947,1048.88
2026-01-20,8247.805,1060.16
2026-01-21,8340.113,1092.3
2026-01-22,8387.595,1087.58
2026-01-23,8590.166,1115.64
2026-01-26,8506.693,1143.32
2026-01-27,8548.932,1148.38
2026-01-28,8601.164,1186.2
2026-01-29,8517.843,1249.12
2026-01-30,8370.52,1161.42
2026-02-02,8037.046,1008.6
2026-02-03,8286.701,1093.78
2026-02-04,8299.057,1141.7
2026-02-05,8146.107,1105.76
2026-02-06,8146.413,1090.12
2026-02-09,8311.283,1125.94
2026-02-10,8306.445,1121.22
2026-02-11,8325.811,1130.4
2026-02-12,8423.57,1126.12
2026-02-13,8299.585,1110.1
2026-02-24,8392.91,1150.5
2026-02-25,8527.559,1151.06
2026-02-26,8557.216,1146.48
2026-02-27,8658.45,1147.9
2026-03-02,8658.334,1197.22
2026-03-03,8281.614,1182.0
2026-03-04,8248.945,1153.06
2026-03-05,8309.171,1152.0
2026-03-06,8360.335,1140.8
2026-03-09,8279.481,1140.0
2026-03-10,8410.303,1150.0
2026-03-11,8403.33,1151.98
2026-03-12,8359.472,1148.1
2026-03-13,8239.798,1133.0
2026-03-16,8185.152,1118.34
2026-03-17,8016.026,1116.2
2026-03-18,8096.428,1113.52
2026-03-19,7877.09,1062.0
2026-03-20,7760.037,1039.22
2026-03-23,7440.745,940.0
2026-03-24,7597.373,977.28
2026-03-25,7767.665,1013.96
2026-03-26,7642.13,995.98
2026-03-27,7737.614,998.66
2026-03-30,7753.723,1014.88
2026-03-31,7617.326,1020.1
2026-04-01,7750.092,1053.18
2026-04-02,7605.293,1023.78
2026-04-03,7534.938,1033.0
2026-04-07,7571.111,1034.28
2026-04-08,7945.153,1062.0
2026-04-09,7898.633,1041.32
2026-04-10,7969.365,1048.36
2026-04-13,7967.697,1043.4
2026-04-14,8088.569,1052.82
2026-04-15,8044.077,1058.24
2026-04-16,8180.082,1061.5
2026-04-17,8214.194,1054.02
2026-04-20,8290.022,1054.96
2026-04-21,8270.327,1051.7
2026-04-22,8376.181,1051.4
2026-04-23,8295.207,1040.06
2026-04-24,8247.876,1032.12
2026-04-27,8299.049,1039.42
2026-04-28,8203.961,1022.1
2026-04-29,8342.422,1011.88
2026-04-30,8349.508,1016.12
2026-05-06,8588.44,1028.48
2026-05-07,8696.799,1040.98
2026-05-08,8694.171,1038.22
2026-05-11,8839.742,1026.8
2026-05-12,8785.979,1030.12
2026-05-13,8918.239,1030.56
2026-05-14,8670.157,1029.6
2026-05-15,8536.344,1004.38
