date,stock,gold
2009-01-05,2520.873,190.25
2009-01-06,2594.739,184.61
2009-01-07,2585.644,187.63
2009-01-08,2527.255,184.79
2009-01-09,2581.624,186.94
2009-01-12,2606.129,185.82
2009-01-13,2554.617,179.2
2009-01-14,2639.722,180.9
2009-01-15,2653.521,177.48
2009-01-16,2686.795,180.41
2009-01-19,2694.538,184.12
2009-01-20,2716.082,181.65
2009-01-21,2698.996,186.43
2009-01-22,2722.688,186.61
2009-01-23,2707.144,187.51
2009-02-02,2763.664,198.46
2009-02-03,2846.763,197.31
2009-02-04,2935.736,196.85
2009-02-05,2894.499,198.75
2009-02-06,3011.554,200.31
2009-02-09,3103.261,198.33
2009-02-10,3160.295,195.99
2009-02-11,3174.306,199.58
2009-02-12,3173.265,205.54
2009-02-13,3292.21,206.08
2009-02-16,3382.797,205.52
2009-02-17,3241.849,210.83
2009-02-18,3071.516,213.59
2009-02-19,3133.531,214.01
2009-02-20,3214.568,214.4
2009-02-23,3309.672,216.5
2009-02-24,3210.506,216.8
2009-02-25,3199.301,209.63
2009-02-26,2992.541,208.23
2009-02-27,2874.136,206.48
2009-03-02,2919.212,209.31
2009-03-03,2919.926,203.96
2009-03-04,3089.249,201.48
2009-03-05,3120.42,202.5
2009-03-06,3075.619,207.73
2009-03-09,2955.913,206.06
2009-03-10,3021.225,201.58
2009-03-11,2992.802,198.49
2009-03-12,2981.432,201.79
2009-03-13,2948.238,202.75
2009-03-16,2988.248,203.63
2009-03-17,3086.279,202.01
2009-03-18,3130.614,200.57
2009-03-19,3206.437,205.28
2009-03-20,3196.224,210.41
2009-03-23,3253.844,211.43
2009-03-24,3271.75,206.96
2009-03-25,3187.386,204.4
2009-03-26,3278.489,206.35
2009-03-27,3321.574,205.62
2009-03-30,3308.673,204.15
2009-03-31,3319.953,202.49
2009-04-01,3374.19,202.13
2009-04-02,3398.419,202.85
2009-04-03,3370.192,198.94
2009-04-07,3388.538,193.4
2009-04-08,3276.124,195.53
2009-04-09,3332.839,193.76
2009-04-10,3408.749,194.59
2009-04-13,3508.643,195.78
2009-04-14,3552.118,197.95
2009-04-15,3587.594,196.3
2009-04-16,3608.378,196.77
2009-04-17,3536.579,192.42
2009-04-20,3633.21,191.3
2009-04-21,3637.278,196.64
2009-04-22,3486.362,195.31
2009-04-23,3511.61,196.7
2009-04-24,3506.297,201.15
2009-04-27,3379.698,201.43
2009-04-28,3394.97,197.42
2009-04-29,3477.898,197.2
2009-04-30,3522.702,198.18
2009-05-04,3654.173,197.31
2009-05-05,3669.825,199.22
2009-05-06,3712.745,198.99
2009-05-07,3704.823,201.33
2009-05-08,3698.539,201.75
2009-05-11,3600.065,201.83
2009-05-12,3697.373,200.73
2009-05-13,3708.532,203.96
2009-05-14,3693.696,202.72
2009-05-15,3684.037,203.23
2009-05-18,3707.581,204.53
2009-05-19,3746.118,202.44
2009-05-20,3704.941,203.73
2009-05-21,3640.128,206.85
2009-05-22,3650.196,208.39
2009-05-25,3655.89,208.8
2009-05-26,3667.631,208.02
2009-05-27,3698.232,207.98
2009-06-01,3773.897,215.02
2009-06-02,3767.538,212.15
2009-06-03,3830.0,216.18
2009-06-04,3866.064,211.96
2009-06-05,3847.125,214.32
2009-06-08,3806.155,209.42
2009-06-09,3849.179,209.12
2009-06-10,3913.234,209.84
2009-06-11,3842.993,209.48
2009-06-12,3750.292,208.92
2009-06-15,3795.929,204.87
2009-06-16,3808.5,205.34
2009-06-17,3859.105,206.3
2009-06-18,3884.579,206.43
2009-06-19,3904.774,205.04
2009-06-22,3890.829,205.0
2009-06-23,3908.086,201.6
2009-06-24,3984.167,203.9
2009-06-25,3967.776,205.48
2009-06-26,3955.647,207.11
2009-06-29,3980.25,205.92
2009-06-30,3941.558,207.37
2009-07-01,4001.316,204.45
2009-07-02,4014.017,206.06
2009-07-03,4018.04,205.14
2009-07-06,4106.158,203.41
2009-07-07,4101.047,203.16
2009-07-08,4108.782,202.85
2009-07-09,4176.374,201.06
2009-07-10,4200.105,200.55
2009-07-13,4230.306,200.1
2009-07-14,4309.273,202.35
2009-07-15,4394.061,204.09
2009-07-16,4356.38,205.32
2009-07-17,4399.909,205.34
2009-07-20,4484.706,207.54
2009-07-21,4387.822,207.77
2009-07-22,4448.506,207.94
2009-07-23,4448.672,209.17
2009-07-24,4451.794,208.05
2009-07-27,4554.011,210.08
2009-07-28,4623.197,209.58
2009-07-29,4387.25,204.9
2009-07-30,4469.267,204.5
2009-07-31,4598.881,205.93
2009-08-03,4772.048,209.41
2009-08-04,4790.658,209.67
2009-08-05,4759.904,211.38
2009-08-06,4651.591,211.57
2009-08-07,4520.096,210.55
2009-08-10,4537.797,209.78
2009-08-11,4568.933,208.35
2009-08-12,4384.689,207.15
2009-08-13,4397.275,209.58
2009-08-14,4210.278,209.9
2009-08-17,3942.109,207.18
2009-08-18,4011.788,206.5
2009-08-19,3812.609,205.54
2009-08-20,3935.409,207.51
2009-08-21,4023.389,206.52
2009-08-24,4067.331,209.77
2009-08-25,3952.774,207.65
2009-08-26,4072.877,208.26
2009-08-27,4085.16,208.0
2009-08-28,3954.022,208.8
2009-08-31,3667.749,209.29
2009-09-01,3667.828,209.72
2009-09-02,3693.439,210.0
2009-09-03,3888.412,215.57
2009-09-04,3924.552,217.39
2009-09-07,3953.227,218.9
2009-09-08,4012.37,222.8
2009-09-09,4055.145,220.65
2009-09-10,4023.8,219.47
2009-09-11,4072.67,220.27
2009-09-14,4146.646,219.57
2009-09-15,4169.533,219.27
2009-09-16,4147.439,225.24
2009-09-17,4266.663,225.96
2009-09-18,4111.799,223.1
2009-09-21,4166.372,221.1
2009-09-22,4058.606,223.3
2009-09-23,3949.317,223.13
2009-09-24,3900.667,223.51
2009-09-25,3891.571,218.9
2009-09-28,3786.24,216.83
2009-09-29,3737.192,217.77
2009-09-30,3781.373,218.7
2009-10-09,3962.053,228.95
2009-10-12,3969.351,229.75
2009-10-13,4020.167,231.59
2009-10-14,4036.921,233.85
2009-10-15,4066.104,231.85
2009-10-16,4041.777,230.38
2009-10-19,4122.065,231.7
2009-10-20,4174.39,234.59
2009-10-21,4178.204,232.22
2009-10-22,4161.909,231.85
2009-10-23,4212.844,233.2
2009-10-26,4220.711,231.98
2009-10-27,4114.518,229.37
2009-10-28,4163.019,229.0
2009-10-29,4097.689,227.5
2009-10-30,4149.499,230.68
2009-11-02,4290.909,230.71
2009-11-03,4366.395,233.86
2009-11-04,4409.374,238.06
2009-11-05,4451.597,238.12
2009-11-06,4472.802,239.25
2009-11-09,4494.235,242.17
2009-11-10,4491.637,240.84
2009-11-11,4505.449,242.62
2009-11-12,4557.952,245.56
2009-11-13,4607.598,242.91
2009-11-16,4694.479,247.39
2009-11-17,4684.368,248.48
2009-11-18,4674.058,249.49
2009-11-19,4755.115,250.26
2009-11-20,4769.859,250.92
2009-11-23,4864.711,255.42
2009-11-24,4649.27,255.05
2009-11-25,4836.993,259.33
2009-11-26,4659.075,261.92
2009-11-27,4534.244,257.02
2009-11-30,4717.914,258.23
2009-12-01,4839.399,259.33
2009-12-02,4852.012,267.5
2009-12-03,4885.63,267.55
2009-12-04,4801.245,265.8
2009-12-07,4855.299,254.81
2009-12-08,4830.811,255.9
2009-12-09,4755.082,248.85
2009-12-10,4794.077,249.27
2009-12-11,4783.899,250.7
2009-12-14,4815.231,249.7
2009-12-15,4812.795,248.31
2009-12-16,4786.937,252.38
2009-12-17,4647.822,249.73
2009-12-18,4512.579,245.4
2009-12-21,4571.327,246.8
2009-12-22,4449.71,242.43
2009-12-23,4518.965,241.3
2009-12-24,4669.775,245.61
2009-12-25,4700.046,246.35
2009-12-28,4774.683,247.98
2009-12-29,4800.602,246.4
2009-12-30,4835.122,243.39
2010-01-04,4840.793,245.96
2010-01-05,4859.153,253.23
2010-01-06,4829.644,251.1
2010-01-07,4716.867,252.36
2010-01-08,4756.58,249.56
2010-01-11,4774.061,256.85
2010-01-12,4915.065,257.15
2010-01-13,4882.373,250.72
2010-01-14,5010.235,252.97
2010-01-15,5045.103,252.21
2010-01-18,5137.459,251.81
2010-01-19,5120.604,252.39
2010-01-20,4986.034,251.38
2010-01-21,4997.181,248.3
2010-01-22,4862.043,243.32
2010-01-25,4802.427,245.36
2010-01-26,4684.19,243.1
2010-01-27,4666.696,243.81
2010-01-28,4732.353,241.44
2010-01-29,4761.789,239.36
2010-02-01,4729.34,239.56
2010-02-02,4678.502,244.74
2010-02-03,4729.174,247.24
2010-02-04,4734.794,245.11
2010-02-05,4633.893,235.77
2010-02-08,4637.966,236.86
2010-02-09,4696.249,238.47
2010-02-10,4747.837,239.85
2010-02-11,4740.589,240.3
2010-02-12,4782.901,242.2
2010-02-22,4778.298,248.33
2010-02-23,4802.928,247.22
2010-02-24,4917.492,245.06
2010-02-25,4964.14,242.28
2010-02-26,4963.145,246.4
2010-03-01,5011.118,247.79
2010-03-02,5018.929,247.38
2010-03-03,5041.857,251.9
2010-03-04,4896.426,251.05
2010-03-05,4910.918,251.28
2010-03-08,4932.873,252.01
2010-03-09,4920.535,248.36
2010-03-10,4870.235,249.44
2010-03-11,4846.075,245.93
2010-03-12,4759.607,246.82
2010-03-15,4698.453,244.99
2010-03-16,4744.588,246.34
2010-03-17,4856.346,250.13
2010-03-18,4838.885,248.53
2010-03-19,4851.733,248.71
2010-03-22,4870.091,244.99
2010-03-23,4840.864,244.5
2010-03-24,4855.62,243.9
2010-03-25,4820.069,241.8
2010-03-26,4893.594,243.88
2010-03-29,4939.461,246.01
2010-03-30,4943.506,246.46
2010-03-31,4923.037,245.28
2010-04-01,4994.236,245.91
2010-04-02,5003.843,248.03
2010-04-06,5013.097,248.7
2010-04-07,4995.621,250.68
2010-04-08,4997.393,251.8
2010-04-09,5079.398,253.7
2010-04-12,5112.887,255.42
2010-04-13,5136.898,253.45
2010-04-14,5180.608,254.45
2010-04-15,5117.052,254.16
2010-04-16,5092.544,254.23
2010-04-19,4906.906,249.7
2010-04-20,4990.249,251.07
2010-04-21,5134.9,252.56
2010-04-22,5126.154,252.5
2010-04-23,5091.833,251.26
2010-04-26,5075.096,255.41
2010-04-27,4953.704,254.39
2010-04-28,4951.438,256.8
2010-04-29,4855.561,257.08
2010-04-30,4757.908,258.59
2010-05-04,4758.298,258.61
2010-05-05,4857.248,257.33
2010-05-06,4710.407,258.2
2010-05-07,4581.97,264.6
2010-05-10,4514.406,262.75
2010-05-11,4413.334,265.64
2010-05-12,4354.316,270.17
2010-05-13,4472.594,271.14
2010-05-14,4522.864,271.32
2010-05-17,4280.749,271.89
2010-05-18,4319.709,267.62
2010-05-19,4312.177,266.29
2010-05-20,4229.769,261.27
2010-05-21,4291.556,259.72
2010-05-24,4463.576,262.25
2010-05-25,4417.183,262.17
2010-05-26,4397.172,265.8
2010-05-27,4466.794,266.7
2010-05-28,4515.991,267.68
2010-05-31,4417.523,266.54
2010-06-01,4282.98,268.59
2010-06-02,4311.978,268.71
2010-06-03,4294.567,269.18
2010-06-04,4327.812,264.82
2010-06-07,4311.216,267.77
2010-06-08,4360.151,272.9
2010-06-09,4460.15,271.35
2010-06-10,4456.76,270.24
2010-06-11,4441.615,268.44
2010-06-17,4374.277,271.47
2010-06-18,4231.923,273.93
2010-06-21,4338.077,276.98
2010-06-22,4348.402,271.24
2010-06-23,4345.128,272.08
2010-06-24,4336.381,270.75
2010-06-25,4278.525,272.95
2010-06-28,4213.508,274.91
2010-06-29,4025.001,270.6
2010-06-30,3967.848,272.04
2010-07-01,3913.988,270.8
2010-07-02,3880.866,263.12
2010-07-05,3862.537,264.26
2010-07-06,3961.194,263.01
2010-07-07,3996.193,259.4
2010-07-08,3987.415,263.16
2010-07-09,4105.226,261.36
2010-07-12,4131.365,263.3
2010-07-13,4067.327,261.2
2010-07-14,4138.063,264.6
2010-07-15,4075.771,263.75
2010-07-16,4084.35,263.02
2010-07-19,4159.139,260.3
2010-07-20,4267.477,258.85
2010-07-21,4290.576,259.76
2010-07-22,4341.859,258.73
2010-07-23,4354.218,261.46
2010-07-26,4409.488,261.12
2010-07-27,4448.978,259.46
2010-07-28,4513.019,255.18
2010-07-29,4498.758,256.17
2010-07-30,4507.235,255.94
2010-08-02,4602.976,259.25
2010-08-03,4530.469,258.95
2010-08-04,4565.015,261.57
2010-08-05,4614.305,261.4
2010-08-06,4698.282,262.9
2010-08-09,4744.95,264.63
2010-08-10,4591.877,262.0
2010-08-11,4640.335,262.43
2010-08-12,4589.781,262.9
2010-08-13,4659.947,266.73
2010-08-16,4787.126,267.48
2010-08-17,4813.08,267.8
2010-08-18,4822.555,267.55
2010-08-19,4812.473,268.98
2010-08-20,4684.552,268.78
2010-08-23,4710.082,268.6
2010-08-24,4749.921,266.86
2010-08-25,4664.398,269.8
2010-08-26,4691.38,271.11
2010-08-27,4727.685,270.22
2010-08-30,4882.169,270.41
2010-08-31,4896.386,270.28
2010-09-01,4862.493,274.1
2010-09-02,4930.159,273.1
2010-09-03,4935.557,273.72
2010-09-06,4932.924,273.25
2010-09-07,4954.509,273.15
2010-09-08,4997.029,275.33
2010-09-09,4987.955,273.83
2010-09-10,5097.831,272.01
2010-09-13,5137.244,272.08
2010-09-14,5133.237,272.6
2010-09-15,5106.644,276.55
2010-09-16,5001.234,275.95
2010-09-17,5012.92,278.24
2010-09-20,4985.324,279.2
2010-09-21,4985.006,277.4
2010-09-27,5102.064,281.15
2010-09-28,5097.455,279.42
2010-09-29,5008.566,283.19
2010-09-30,5103.501,284.11
2010-10-08,5205.517,285.69
2010-10-11,5153.12,290.85
2010-10-12,5139.995,289.98
2010-10-13,5159.684,292.47
2010-10-14,5014.801,297.47
2010-10-15,5020.643,297.18
2010-10-18,5016.155,292.41
2010-10-19,5144.95,293.34
2010-10-20,5225.996,286.99
2010-10-21,5240.802,286.95
2010-10-22,5261.154,284.41
2010-10-25,5385.566,291.5
2010-10-26,5367.85,289.28
2010-10-27,5303.338,287.83
2010-10-28,5274.861,287.55
2010-10-29,5356.526,290.01
2010-11-01,5484.767,295.27
2010-11-02,5403.766,294.28
2010-11-03,5341.519,292.39
2010-11-04,5452.839,293.67
2010-11-05,5500.715,301.24
2010-11-08,5578.219,301.62
2010-11-09,5617.751,311.23
2010-11-10,5667.241,305.76
2010-11-11,5601.701,307.16
2010-11-12,5296.892,301.0
2010-11-15,5459.444,295.9
2010-11-16,5337.134,294.55
2010-11-17,5111.693,288.4
2010-11-18,5201.121,292.99
2010-11-19,5345.847,294.0
2010-11-22,5456.148,294.31
2010-11-23,5413.008,294.98
2010-11-24,5585.143,298.68
2010-11-25,5579.763,297.45
2010-11-26,5554.933,295.21
2010-11-29,5593.806,294.8
2010-11-30,5431.059,296.31
2010-12-01,5405.541,303.95
2010-12-02,5409.375,304.96
2010-12-03,5328.019,303.65
2010-12-06,5267.569,308.51
2010-12-07,5352.262,309.84
2010-12-08,5308.312,301.3
2010-12-09,5191.942,300.35
2010-12-10,5277.954,301.38
2010-12-13,5414.875,302.34
2010-12-14,5437.024,305.95
2010-12-15,5421.557,301.1
2010-12-16,5413.13,300.25
2010-12-17,5392.341,299.53
2010-12-20,5308.264,302.35
2010-12-21,5372.587,302.38
2010-12-22,5300.355,302.33
2010-12-23,5230.721,302.01
2010-12-24,5164.375,301.5
2010-12-27,5023.388,301.6
2010-12-28,4952.366,303.73
2010-12-29,5022.754,307.1
2010-12-30,5032.651,308.37
2011-01-04,5202.535,307.81
2011-01-05,5176.604,299.95
2011-01-06,5187.587,298.91
2011-01-07,5226.06,297.01
2011-01-10,5137.619,299.21
2011-01-11,5154.89,299.66
2011-01-12,5184.061,301.06
2011-01-13,5195.783,299.84
2011-01-14,5150.702,297.4
2011-01-17,4966.639,292.75
2011-01-18,4976.508,294.33
2011-01-19,5072.313,295.86
2011-01-20,4941.952,293.3
2011-01-21,4978.303,290.2
2011-01-24,4918.978,291.6
2011-01-25,4920.098,287.75
2011-01-26,4952.362,288.95
2011-01-27,5015.577,290.41
2011-01-28,5044.657,284.73
2011-01-31,5101.178,288.35
2011-02-01,5096.457,289.61
2011-02-09,5056.438,292.96
2011-02-10,5179.22,292.7
2011-02-11,5208.57,293.32
2011-02-14,5324.685,293.0
2011-02-15,5315.53,293.59
2011-02-16,5372.656,295.88
2011-02-17,5370.245,296.06
2011-02-18,5338.197,297.42
2011-02-21,5422.706,299.27
2011-02-22,5264.137,299.5
2011-02-23,5313.305,299.7
2011-02-24,5342.013,301.2
2011-02-25,5341.384,299.61
2011-02-28,5423.979,301.28
2011-03-01,5434.38,302.0
2011-03-02,5442.366,303.58
2011-03-03,5430.356,301.61
2011-03-04,5500.207,299.99
2011-03-07,5569.483,304.33
2011-03-08,5600.76,301.92
2011-03-09,5593.32,301.78
2011-03-10,5536.242,303.17
2011-03-11,5506.46,299.12
2011-03-14,5529.283,301.26
2011-03-15,5449.094,299.38
2011-03-16,5501.325,296.82
2011-03-17,5415.613,295.8
2011-03-18,5437.174,299.05
2011-03-21,5426.77,303.1
2011-03-22,5456.478,302.29
2011-03-23,5515.292,302.42
2011-03-24,5504.387,303.3
2011-03-25,5589.921,303.28
2011-03-28,5568.507,299.9
2011-03-29,5472.731,299.82
2011-03-30,5477.111,300.35
2011-03-31,5415.465,301.26
2011-04-01,5466.696,301.89
2011-04-06,5489.355,306.13
2011-04-07,5498.833,305.33
2011-04-08,5546.862,307.8
2011-04-11,5506.494,307.47
2011-04-12,5532.746,305.89
2011-04-13,5592.848,307.11
2011-04-14,5572.813,307.69
2011-04-15,5566.955,308.32
2011-04-18,5597.556,312.22
2011-04-19,5523.765,311.25
2011-04-20,5555.758,314.54
2011-04-21,5589.204,315.14
2011-04-22,5577.142,315.64
2011-04-25,5526.839,316.69
2011-04-26,5455.563,312.8
2011-04-27,5436.878,313.36
2011-04-28,5316.555,318.1
2011-04-29,5398.479,317.4
2011-05-03,5460.171,317.15
2011-05-04,5360.595,314.21
2011-05-05,5384.887,313.11
2011-05-06,5364.044,309.38
2011-05-09,5376.045,310.9
2011-05-10,5398.349,312.09
2011-05-11,5408.207,314.64
2011-05-12,5339.338,310.1
2011-05-13,5383.336,314.24
2011-05-16,5345.02,310.9
2011-05-17,5326.324,311.59
2011-05-18,5373.34,310.86
2011-05-19,5356.768,312.37
2011-05-20,5360.836,313.24
2011-05-23,5175.683,314.14
2011-05-24,5186.755,317.09
2011-05-25,5139.804,317.23
2011-05-26,5118.534,317.9
2011-05-27,5055.713,317.54
2011-05-30,5010.413,319.49
2011-05-31,5084.133,320.01
2011-06-01,5117.168,317.53
2011-06-02,5029.413,320.25
2011-06-03,5100.768,319.35
2011-06-07,5075.307,321.3
2011-06-08,5069.393,320.05
2011-06-09,4954.157,319.0
2011-06-10,4950.931,320.56
2011-06-13,4924.399,318.5
2011-06-14,4976.483,317.11
2011-06-15,4920.56,317.19
2011-06-16,4818.531,318.15
2011-06-17,4759.271,317.66
2011-06-20,4744.961,320.27
2011-06-21,4795.471,321.31
2011-06-22,4764.467,321.2
2011-06-23,4838.34,321.07
2011-06-24,4943.132,316.82
2011-06-27,4963.969,311.52
2011-06-28,4954.431,312.16
2011-06-29,4911.789,313.57
2011-06-30,4970.77,314.18
2011-07-01,4980.893,311.8
2011-07-04,5088.494,311.95
2011-07-05,5095.204,311.24
2011-07-06,5096.251,316.56
2011-07-07,5079.735,319.55
2011-07-08,5079.88,319.19
2011-07-11,5109.378,321.86
2011-07-12,5035.207,322.07
2011-07-13,5120.928,326.66
2011-07-14,5140.532,329.67
2011-07-15,5164.639,328.11
2011-07-18,5171.644,332.48
2011-07-19,5112.603,334.11
2011-07-20,5112.231,330.59
2011-07-21,5074.044,333.45
2011-07-22,5100.256,330.2
2011-07-25,4963.831,336.1
2011-07-26,4980.268,335.41
2011-07-27,5023.792,336.62
2011-07-28,4995.646,335.2
2011-07-29,4985.556,334.5
2011-08-01,4985.16,333.51
2011-08-02,4951.631,335.58
2011-08-03,4951.549,345.3
2011-08-04,4962.956,345.62
2011-08-05,4885.769,344.08
2011-08-08,4702.566,354.47
2011-08-09,4690.578,362.46
2011-08-10,4738.39,361.78
2011-08-11,4829.964,367.43
2011-08-12,4875.444,362.99
2011-08-15,4937.461,360.27
2011-08-16,4899.27,366.46
2011-08-17,4887.612,369.31
2011-08-18,4807.175,370.38
2011-08-19,4776.543,383.8
2011-08-22,4728.483,392.38
2011-08-23,4783.09,391.69
2011-08-24,4774.899,380.9
2011-08-25,4890.567,363.51
2011-08-26,4866.998,367.8
2011-08-29,4810.939,376.79
2011-08-30,4778.365,372.3
2011-08-31,4763.201,380.19
2011-09-01,4732.64,376.35
2011-09-02,4679.061,381.24
2011-09-05,4595.323,390.6
2011-09-06,4563.422,395.25
2011-09-07,4649.246,378.7
2011-09-08,4634.068,382.0
2011-09-09,4618.222,388.31
2011-09-13,4580.857,378.59
2011-09-14,4601.861,378.33
2011-09-15,4590.912,375.54
2011-09-16,4591.289,365.91
2011-09-19,4512.563,377.95
2011-09-20,4537.651,368.8
2011-09-21,4655.614,375.2
2011-09-22,4538.492,367.01
2011-09-23,4495.463,361.24
2011-09-26,4438.747,341.94
2011-09-27,4479.11,341.44
2011-09-28,4437.858,341.25
2011-09-29,4382.649,335.09
2011-09-30,4380.408,338.39
2011-10-10,4366.942,341.63
2011-10-11,4354.925,345.93
2011-10-12,4482.676,346.83
2011-10-13,4514.904,346.42
2011-10-14,4497.369,346.09
2011-10-17,4527.56,347.35
2011-10-18,4433.834,343.01
2011-10-19,4398.508,340.52
2011-10-20,4290.05,333.28
2011-10-21,4276.746,335.25
2011-10-24,4367.769,341.7
2011-10-25,4458.724,341.1
2011-10-26,4498.82,354.14
2011-10-27,4508.976,355.44
2011-10-28,4586.775,357.93
2011-10-31,4576.123,352.62
2011-11-01,4586.389,352.66
2011-11-02,4643.075,355.8
2011-11-03,4654.752,355.98
2011-11-04,4672.823,362.03
2011-11-07,4667.352,364.6
2011-11-08,4643.946,368.18
2011-11-09,4677.565,367.02
2011-11-10,4617.891,360.15
2011-11-11,4598.388,362.9
2011-11-14,4699.796,367.36
2011-11-15,4693.241,363.53
2011-11-16,4605.284,362.82
2011-11-17,4611.873,362.88
2011-11-18,4550.088,353.56
2011-11-21,4572.244,353.71
2011-11-22,4563.202,346.59
2011-11-23,4547.705,351.0
2011-11-24,4569.645,348.8
2011-11-25,4530.139,346.5
2011-11-28,4562.21,351.26
2011-11-29,4609.694,352.63
2011-11-30,4479.86,353.2
2011-12-01,4564.383,359.0
2011-12-02,4515.124,359.06
2011-12-05,4439.789,358.96
2011-12-06,4431.237,352.75
2011-12-07,4436.556,356.23
2011-12-08,4428.701,357.88
2011-12-09,4394.382,351.35
2011-12-12,4360.702,346.96
2011-12-13,4281.93,339.66
2011-12-14,4239.162,337.53
2011-12-15,4178.679,322.33
2011-12-16,4264.568,328.7
2011-12-19,4257.256,328.39
2011-12-20,4246.058,329.7
2011-12-21,4197.799,334.48
2011-12-22,4176.102,331.51
2011-12-23,4200.805,330.92
2011-12-26,4181.817,327.35
2011-12-27,4118.64,326.23
2011-12-28,4094.417,324.18
2011-12-29,4097.399,316.0
2011-12-30,4152.94,319.45
2012-01-04,4071.419,327.3
2012-01-05,4012.136,331.95
2012-01-06,4037.89,333.41
2012-01-09,4167.24,330.3
2012-01-10,4289.619,332.2
2012-01-11,4258.976,336.2
2012-01-12,4255.451,336.98
2012-01-13,4169.97,336.65
2012-01-16,4102.604,335.15
2012-01-17,4272.374,339.77
2012-01-18,4192.725,338.65
2012-01-19,4254.819,340.68
2012-01-20,4315.56,339.57
2012-01-30,4243.867,353.21
2012-01-31,4244.485,355.02
2012-02-01,4206.523,354.07
2012-02-02,4282.76,356.84
2012-02-03,4317.477,358.58
2012-02-06,4321.368,353.33
2012-02-07,4245.634,352.63
2012-02-08,4345.598,357.66
2012-02-09,4366.953,355.09
2012-02-10,4369.089,353.1
2012-02-13,4366.559,352.56
2012-02-14,4359.38,350.3
2012-02-15,4406.193,352.18
2012-02-16,4388.087,350.81
2012-02-17,4384.716,353.34
2012-02-20,4380.811,353.73
2012-02-21,4408.126,355.59
2012-02-22,4478.582,358.22
2012-02-23,4503.185,362.49
2012-02-24,4583.537,362.23
2012-02-27,4589.901,360.9
2012-02-28,4608.319,361.85
2012-02-29,4540.059,364.75
2012-03-01,4554.23,349.83
2012-03-02,4638.324,350.49
2012-03-05,4637.719,348.82
2012-03-06,4575.664,346.76
2012-03-07,4548.948,341.28
2012-03-08,4592.338,344.61
2012-03-09,4639.303,347.67
2012-03-12,4629.039,347.96
2012-03-13,4679.011,347.55
2012-03-14,4531.356,341.39
2012-03-15,4494.661,337.36
2012-03-16,4581.325,340.7
2012-03-19,4599.606,340.92
2012-03-20,4522.043,338.52
2012-03-21,4521.853,338.6
2012-03-22,4530.319,337.99
2012-03-23,4460.72,337.21
2012-03-26,4467.357,340.78
2012-03-27,4441.02,345.84
2012-03-28,4325.717,342.39
2012-03-29,4281.435,339.97
2012-03-30,4305.674,340.2
2012-04-05,4406.59,333.18
2012-04-06,4416.87,334.4
2012-04-09,4374.704,336.42
2012-04-10,4406.198,337.61
2012-04-11,4412.862,339.78
2012-04-12,4500.317,339.4
2012-04-13,4503.279,342.62
2012-04-16,4497.815,335.8
2012-04-17,4440.522,336.3
2012-04-18,4531.186,338.46
2012-04-19,4509.536,335.99
2012-04-20,4555.374,336.3
2012-04-23,4531.431,335.91
2012-04-24,4538.103,335.05
2012-04-25,4603.39,336.2
2012-04-26,4572.506,338.03
2012-04-27,4568.746,338.22
2012-05-02,4639.086,338.15
2012-05-03,4628.365,335.93
2012-05-04,4667.338,334.56
2012-05-07,4674.558,335.3
2012-05-08,4643.712,333.59
2012-05-09,4555.727,325.91
2012-05-10,4550.663,326.4
2012-05-11,4530.691,324.16
2012-05-14,4508.588,322.89
2012-05-15,4511.62,318.91
2012-05-16,4445.627,313.97
2012-05-17,4504.101,318.34
2012-05-18,4453.323,323.19
2012-05-21,4452.259,327.53
2012-05-22,4515.054,325.26
2012-05-23,4509.954,320.02
2012-05-24,4457.654,321.4
2012-05-25,4427.306,321.74
2012-05-28,4495.451,326.3
2012-05-29,4537.619,325.5
2012-05-30,4539.346,319.86
2012-05-31,4523.261,323.0
2012-06-01,4525.215,322.63
2012-06-04,4393.665,335.67
2012-06-05,4411.153,334.36
2012-06-06,4383.691,336.35
2012-06-07,4367.834,334.7
2012-06-08,4356.839,324.93
2012-06-11,4406.465,329.85
2012-06-12,4385.004,328.34
2012-06-13,4443.851,332.6
2012-06-14,4416.172,333.61
2012-06-15,4427.773,335.26
2012-06-18,4455.652,333.5
2012-06-19,4417.903,335.5
2012-06-20,4413.116,333.49
2012-06-21,4358.58,330.14
2012-06-25,4256.966,325.12
2012-06-26,4261.213,326.9
2012-06-27,4246.941,324.34
2012-06-28,4209.666,325.39
2012-06-29,4251.161,324.51
2012-07-02,4272.917,328.1
2012-07-03,4280.657,331.73
2012-07-04,4272.517,333.3
2012-07-05,4216.407,333.8
2012-07-06,4282.838,330.59
2012-07-09,4188.096,326.9
2012-07-10,4158.45,327.3
2012-07-11,4191.803,326.1
2012-07-12,4222.952,324.7
2012-07-13,4211.976,326.45
2012-07-16,4107.061,328.82
2012-07-17,4135.737,329.64
2012-07-18,4147.695,327.13
2012-07-19,4164.414,326.95
2012-07-20,4129.506,327.5
2012-07-23,4067.736,326.15
2012-07-24,4090.534,326.5
2012-07-25,4045.301,327.49
2012-07-26,4015.943,332.88
2012-07-27,4005.776,335.3
2012-07-30,3982.946,334.45
2012-07-31,3974.245,335.58
2012-08-01,4024.061,334.12
2012-08-02,3979.88,331.48
2012-08-03,4018.222,329.85
2012-08-06,4071.362,332.9
2012-08-07,4076.875,333.68
2012-08-08,4063.217,332.55
2012-08-09,4101.034,334.81
2012-08-10,4087.382,334.0
2012-08-13,4004.821,336.02
2012-08-14,4015.978,334.03
2012-08-15,3972.497,331.15
2012-08-16,3957.587,331.71
2012-08-17,3949.97,335.28
2012-08-20,3930.944,335.13
2012-08-21,3960.843,336.29
2012-08-22,3930.953,339.52
2012-08-23,3933.377,345.99
2012-08-24,3881.392,344.79
2012-08-27,3812.853,346.63
2012-08-28,3842.191,343.82
2012-08-29,3810.916,345.5
2012-08-30,3798.393,343.38
2012-08-31,3796.596,343.39
2012-09-03,3836.462,349.71
2012-09-04,3792.572,350.3
2012-09-05,3794.146,350.16
2012-09-06,3823.766,352.6
2012-09-07,3964.288,349.61
2012-09-10,3977.373,358.23
2012-09-11,3953.478,357.78
2012-09-12,3961.662,357.89
2012-09-13,3924.337,356.13
2012-09-14,3936.251,365.19
2012-09-17,3835.489,364.4
2012-09-18,3813.009,361.87
2012-09-19,3826.273,365.41
2012-09-20,3732.715,361.92
2012-09-21,3729.694,363.67
2012-09-24,3739.51,360.12
2012-09-25,3743.881,360.86
2012-09-26,3698.054,360.86
2012-09-27,3792.261,360.31
2012-09-28,3849.928,365.48
2012-10-08,3824.58,361.38
2012-10-09,3897.803,361.8
2012-10-10,3910.199,359.55
2012-10-11,3868.6,359.55
2012-10-12,3872.601,359.95
2012-10-15,3874.292,354.19
2012-10-16,3878.928,353.61
2012-10-17,3873.534,354.8
2012-10-18,3923.831,354.46
2012-10-19,3914.601,351.67
2012-10-22,3927.968,350.09
2012-10-23,3916.579,349.7
2012-10-24,3926.191,347.3
2012-10-25,3898.172,347.7
2012-10-26,3845.915,345.0
2012-10-29,3851.643,347.57
2012-10-30,3861.016,347.28
2012-10-31,3860.387,347.27
2012-11-01,3924.428,352.0
2012-11-02,3955.281,347.9
2012-11-05,3935.393,342.02
2012-11-06,3915.414,343.9
2012-11-07,3903.081,351.98
2012-11-08,3830.715,350.68
2012-11-09,3823.671,354.54
2012-11-12,3847.012,353.82
2012-11-13,3768.923,351.53
2012-11-14,3787.936,352.38
2012-11-15,3731.807,351.25
2012-11-16,3720.503,348.95
2012-11-19,3734.423,351.33
2012-11-20,3716.88,353.25
2012-11-21,3760.613,351.55
2012-11-22,3721.241,352.64
2012-11-23,3747.327,353.5
2012-11-26,3722.44,356.83
2012-11-27,3663.024,356.55
2012-11-28,3617.653,354.18
2012-11-29,3586.704,349.92
2012-11-30,3626.736,352.08
2012-12-03,3562.602,349.3
2012-12-04,3596.133,345.53
2012-12-05,3708.359,346.47
2012-12-06,3701.186,343.6
2012-12-07,3773.711,346.28
2012-12-10,3809.849,347.27
2012-12-11,3799.57,347.69
2012-12-12,3807.668,348.47
2012-12-13,3787.227,344.99
2012-12-14,3947.021,345.43
2012-12-17,3966.54,343.89
2012-12-18,3955.762,347.37
2012-12-19,3963.642,341.84
2012-12-20,3976.421,340.76
2012-12-21,3959.938,335.92
2012-12-24,3975.179,338.81
2012-12-25,4089.038,337.24
2012-12-26,4109.039,337.38
2012-12-27,4074.969,337.96
2012-12-28,4131.829,339.2
2013-01-04,4199.035,336.84
2013-01-07,4236.206,338.54
2013-01-08,4228.523,336.53
2013-01-09,4221.511,339.32
2013-01-10,4226.752,338.68
2013-01-11,4154.61,341.39
2013-01-14,4294.315,340.35
2013-01-15,4335.181,340.9
2013-01-16,4291.506,343.5
2013-01-17,4261.161,342.49
2013-01-18,4325.631,344.28
2013-01-21,4357.377,344.06
2013-01-22,4328.681,345.5
2013-01-23,4343.97,344.81
2013-01-24,4312.846,341.73
2013-01-25,4298.893,340.1
2013-01-28,4417.304,338.47
2013-01-29,4433.097,339.07
2013-01-30,4474.409,339.5
2013-01-31,4472.773,341.3
2013-02-01,4552.314,338.67
2013-02-04,4576.548,340.15
2013-02-05,4629.227,341.85
2013-02-06,4616.074,340.83
2013-02-07,4579.576,341.73
2013-02-08,4602.101,341.09
2013-02-18,4592.606,329.76
2013-02-19,4543.915,329.73
2013-02-20,4570.634,328.97
2013-02-21,4434.255,320.84
2013-02-22,4395.164,324.32
2013-02-25,4452.18,324.04
2013-02-26,4388.991,324.54
2013-02-27,4415.423,328.09
2013-02-28,4523.87,326.4
2013-03-01,4545.52,323.1
2013-03-04,4414.068,322.56
2013-03-05,4557.12,323.47
2013-03-06,4623.87,322.33
2013-03-07,4559.608,323.05
2013-03-08,4572.394,321.3
2013-03-11,4550.05,322.74
2013-03-12,4461.82,322.11
2013-03-13,4406.924,324.3
2013-03-14,4417.506,322.95
2013-03-15,4438.723,324.19
2013-03-18,4416.79,324.21
2013-03-19,4461.793,325.73
2013-03-20,4594.913,326.88
2013-03-21,4663.559,326.08
2013-03-22,4682.306,326.33
2013-03-25,4714.651,325.58
2013-03-26,4652.23,324.57
2013-03-27,4652.978,322.97
2013-03-28,4498.691,325.03
2013-03-29,4518.551,323.45
2013-04-01,4556.494,322.98
2013-04-02,4530.918,323.73
2013-04-03,4511.674,316.24
2013-04-08,4522.288,319.29
2013-04-09,4544.059,318.82
2013-04-10,4529.273,320.25
2013-04-11,4510.476,314.35
2013-04-12,4472.84,314.49
2013-04-15,4423.942,298.93
2013-04-16,4442.617,276.38
2013-04-17,4437.212,275.09
2013-04-18,4477.586,275.78
2013-04-19,4612.609,282.28
2013-04-22,4613.707,282.7
2013-04-23,4461.033,283.31
2013-04-24,4564.626,286.49
2013-04-25,4496.762,290.35
2013-04-26,4446.571,296.15
2013-05-02,4480.602,290.9
2013-05-03,4544.456,295.41
2013-05-06,4583.721,294.15
2013-05-07,4614.859,289.98
2013-05-08,4633.176,290.27
2013-05-09,4650.439,292.87
2013-05-10,4689.162,291.6
2013-05-13,4686.732,285.43
2013-05-14,4605.144,286.31
2013-05-15,4635.217,281.82
2013-05-16,4692.565,278.18
2013-05-17,4733.549,275.11
2013-05-20,4764.681,269.5
2013-05-21,4802.011,279.51
2013-05-22,4759.93,278.86
2013-05-23,4688.915,276.23
2013-05-24,4713.448,278.36
2013-05-27,4738.414,279.32
2013-05-28,4799.352,278.44
2013-05-29,4801.803,277.46
2013-05-30,4801.637,281.88
2013-05-31,4781.481,283.57
2013-06-03,4762.645,279.52
2013-06-04,4677.648,281.26
2013-06-05,4661.389,280.62
2013-06-06,4574.198,279.01
2013-06-07,4496.587,281.82
2013-06-13,4357.634,278.24
2013-06-14,4384.175,277.15
2013-06-17,4377.527,277.58
2013-06-18,4424.199,275.97
2013-06-19,4380.358,274.48
2013-06-20,4241.416,266.94
2013-06-21,4211.673,261.3
2013-06-24,3961.977,256.9
2013-06-25,3939.045,257.9
2013-06-26,3952.368,251.05
2013-06-27,3935.692,250.5
2013-06-28,3970.558,243.8
2013-07-01,4001.019,252.4
2013-07-02,4017.431,254.8
2013-07-03,3985.54,252.35
2013-07-04,4022.348,253.45
2013-07-05,4033.071,251.3
2013-07-08,3922.522,245.95
2013-07-09,3937.377,253.35
2013-07-10,4039.044,251.75
2013-07-11,4202.372,259.6
2013-07-12,4124.474,257.1
2013-07-15,4164.64,259.15
2013-07-16,4179.932,258.45
2013-07-17,4123.947,259.35
2013-07-18,4062.312,256.6
2013-07-19,3954.363,258.55
2013-07-22,4001.37,264.25
2013-07-23,4084.96,266.2
2013-07-24,4082.565,267.75
2013-07-25,4049.905,264.05
2013-07-26,4030.641,265.9
2013-07-29,3946.765,263.3
2013-07-30,3984.614,263.5
2013-07-31,3984.837,265.9
2013-08-01,4074.824,263.5
2013-08-02,4062.915,257.1
2013-08-05,4101.987,262.45
2013-08-06,4136.368,258.45
2013-08-07,4104.419,256.1
2013-08-08,4101.947,258.1
2013-08-09,4097.529,261.55
2013-08-12,4209.498,266.05
2013-08-13,4225.896,267.65
2013-08-14,4218.462,263.8
2013-08-15,4194.454,268.05
2013-08-16,4161.151,271.95
2013-08-19,4218.838,274.6
2013-08-20,4205.306,271.2
2013-08-21,4202.358,273.2
2013-08-22,4189.737,272.35
2013-08-23,4159.646,274.75
2013-08-26,4249.057,278.55
2013-08-27,4262.849,279.25
2013-08-28,4252.903,284.25
2013-08-29,4258.772,280.95
2013-08-30,4269.497,280.15
2013-09-02,4245.26,278.55
2013-09-03,4297.571,277.6
2013-09-04,4296.219,280.5
2013-09-05,4261.521,276.5
2013-09-06,4310.755,273.85
2013-09-09,4444.564,276.8
2013-09-10,4510.195,275.05
2013-09-11,4503.088,272.9
2013-09-12,4584.605,268.55
2013-09-13,4543.324,262.7
2013-09-16,4539.371,264.05
2013-09-17,4444.251,262.35
2013-09-18,4470.329,260.4
2013-09-23,4535.439,264.3
2013-09-24,4533.558,263.85
2013-09-25,4526.655,264.4
2013-09-26,4398.001,265.35
2013-09-27,4412.566,264.2
2013-09-30,4463.191,267.4
2013-10-08,4522.76,264.9
2013-10-09,4570.518,263.45
2013-10-10,4512.503,260.7
2013-10-11,4628.65,257.85
2013-10-14,4686.874,255.2
2013-10-15,4696.933,254.25
2013-10-16,4612.188,257.25
2013-10-17,4605.629,254.7
2013-10-18,4605.805,263.2
2013-10-21,4753.977,262.95
2013-10-22,4697.04,262.05
2013-10-23,4635.964,265.1
2013-10-24,4597.431,265.7
2013-10-25,4559.88,264.6
2013-10-28,4558.489,265.8
2013-10-29,4516.981,266.25
2013-10-30,4598.793,265.3
2013-10-31,4551.81,263.25
2013-11-01,4562.707,261.85
2013-11-04,4586.713,261.75
2013-11-05,4609.018,261.8
2013-11-06,4553.302,261.35
2013-11-07,4529.045,262.55
2013-11-08,4482.266,260.4
2013-11-11,4488.793,256.2
2013-11-12,4516.197,254.9
2013-11-13,4399.192,253.45
2013-11-14,4413.585,255.5
2013-11-15,4481.465,256.15
2013-11-18,4628.484,256.25
2013-11-19,4636.859,253.2
2013-11-20,4670.661,254.0
2013-11-21,4668.027,248.75
2013-11-22,4655.527,248.75
2013-11-25,4624.668,245.75
2013-11-26,4622.725,250.15
2013-11-27,4667.265,248.75
2013-11-28,4707.192,247.7
2013-11-29,4716.782,248.1
2013-12-02,4651.443,249.25
2013-12-03,4726.408,245.3
2013-12-04,4820.138,244.95
2013-12-05,4818.623,247.9
2013-12-06,4790.726,246.0
2013-12-09,4817.351,246.75
2013-12-10,4838.863,249.25
2013-12-11,4785.172,251.0
2013-12-12,4779.69,250.1
2013-12-13,4785.743,244.75
2013-12-16,4721.064,245.75
2013-12-17,4693.817,248.0
2013-12-18,4691.983,245.65
2013-12-19,4650.8125,243.75
2013-12-20,4529.7354,238.35
2013-12-23,4565.0748,240.2
2013-12-24,4579.6601,239.0
2013-12-25,4611.1764,240.9
2013-12-26,4528.6971,240.6
2013-12-27,4604.7955,242.85
2013-12-30,4591.6041,241.05
2014-01-02,4617.9159,244.45
2014-01-03,4556.9216,246.4
2014-01-06,4470.9311,246.9
2014-01-07,4467.5834,246.95
2014-01-08,4470.5003,243.8
2014-01-09,4436.5373,243.75
2014-01-10,4394.8882,244.9
2014-01-13,4386.6913,247.45
2014-01-14,4435.4065,247.7
2014-01-15,4420.916,245.5
2014-01-16,4428.6958,245.75
2014-01-17,4368.9696,245.95
2014-01-20,4370.7735,248.0
2014-01-21,4411.2219,247.4
2014-01-22,4508.2141,245.0
2014-01-23,4492.0339,244.4
2014-01-24,4516.1635,248.25
2014-01-27,4486.0055,249.6
2014-01-28,4501.1338,247.85
2014-01-29,4537.2616,247.55
2014-01-30,4512.0151,247.95
2014-02-07,4553.6246,248.7
2014-02-10,4648.608,250.9
2014-02-11,4674.3435,252.7
2014-02-12,4686.1284,253.1
2014-02-13,4655.3462,253.55
2014-02-14,4698.5401,256.85
2014-02-17,4755.4593,261.2
2014-02-18,4741.4251,259.1
2014-02-19,4791.7148,259.35
2014-02-20,4766.2529,258.5
2014-02-21,4709.1114,259.55
2014-02-24,4644.3701,261.45
2014-02-25,4532.0985,262.85
2014-02-26,4537.5214,265.0
2014-02-27,4539.6586,261.85
2014-02-28,4558.5413,262.55
2014-03-03,4611.2856,265.55
2014-03-04,4598.1673,263.95
2014-03-05,4575.0009,263.15
2014-03-06,4578.0486,262.75
2014-03-07,4567.0971,265.55
2014-03-10,4428.2803,261.35
2014-03-11,4441.2013,263.45
2014-03-12,4430.6587,266.9
2014-03-13,4528.8582,269.7
2014-03-14,4526.8307,269.5
2014-03-17,4566.5042,272.65
2014-03-18,4582.0152,268.6
2014-03-19,4566.5782,267.65
2014-03-20,4483.5423,264.8
2014-03-21,4599.6866,264.85
2014-03-24,4625.1868,263.35
2014-03-25,4640.5832,260.95
2014-03-26,4635.7821,261.4
2014-03-27,4609.7815,259.3
2014-03-28,4595.0377,259.0
2014-03-31,4588.8582,258.35
2014-04-01,4656.4294,256.9
2014-04-02,4681.7851,257.35
2014-04-03,4632.1488,258.8
2014-04-04,4654.637,257.95
2014-04-08,4728.7337,261.85
2014-04-09,4739.0416,262.05
2014-04-10,4807.5066,263.1
2014-04-11,4828.212,262.7
2014-04-14,4832.0824,265.1
2014-04-15,4748.1868,261.8
2014-04-16,4754.8726,259.4
2014-04-17,4738.937,258.6
2014-04-18,4737.4019,258.15
2014-04-21,4648.0983,256.3
2014-04-22,4649.5396,257.7
2014-04-23,4642.8956,256.9
2014-04-24,4636.4786,256.8
2014-04-25,4571.8519,258.75
2014-04-28,4517.1731,262.1
2014-04-29,4559.9342,259.95
2014-04-30,4575.4561,260.35
2014-05-05,4573.9348,263.3
2014-05-06,4575.3093,264.55
2014-05-07,4529.4568,264.0
2014-05-08,4532.3948,260.25
2014-05-09,4513.9551,259.95
2014-05-12,4614.7904,259.75
2014-05-13,4609.2947,260.4
2014-05-14,4604.8004,260.8
2014-05-15,4556.6671,261.9
2014-05-16,4557.9264,260.5
2014-05-19,4512.7751,261.3
2014-05-20,4509.3435,260.0
2014-05-21,4538.024,260.45
2014-05-22,4530.6663,261.0
2014-05-23,4551.8696,261.0
2014-05-26,4573.7079,260.65
2014-05-27,4556.3453,259.1
2014-05-28,4588.9346,255.15
2014-05-29,4559.5428,252.35
2014-05-30,4542.1772,253.3
2014-06-03,4535.033,251.3
2014-06-04,4491.7916,251.4
2014-06-05,4537.576,251.15
2014-06-06,4513.3702,253.55
2014-06-09,4506.7189,252.9
2014-06-10,4557.414,252.6
2014-06-11,4568.8362,254.2
2014-06-12,4540.9838,253.7
2014-06-13,4583.9342,255.75
2014-06-16,4620.4201,257.9
2014-06-17,4583.3331,254.65
2014-06-18,4542.5316,255.0
2014-06-19,4469.0437,257.85
2014-06-20,4476.1424,264.55
2014-06-23,4468.4958,265.8
2014-06-24,4494.3167,265.3
2014-06-25,4472.861,264.5
2014-06-26,4510.5504,264.3
2014-06-27,4516.0757,265.15
2014-06-30,4547.0377,263.9
2014-07-01,4541.7529,265.6
2014-07-02,4575.006,265.95
2014-07-03,4595.7032,265.2
2014-07-04,4589.3742,265.35
2014-07-07,4589.3875,262.9
2014-07-08,4606.7653,264.15
2014-07-09,4543.1663,265.25
2014-07-10,4524.243,266.05
2014-07-11,4531.1563,268.4
2014-07-14,4589.4102,264.3
2014-07-15,4591.6118,262.45
2014-07-16,4594.6713,260.0
2014-07-17,4571.3818,261.5
2014-07-18,4587.0868,263.25
2014-07-21,4577.7636,263.3
2014-07-22,4618.1036,262.1
2014-07-23,4635.325,261.9
2014-07-24,4691.3725,260.0
2014-07-25,4735.7929,258.5
2014-07-28,4838.6794,260.9
2014-07-29,4850.2456,260.95
2014-07-30,4804.6039,259.75
2014-07-31,4857.6287,259.0
2014-08-01,4837.0123,256.6
2014-08-04,4904.4332,258.9
2014-08-05,4899.5256,258.1
2014-08-06,4901.4933,257.9
2014-08-07,4844.3261,260.5
2014-08-08,4852.3673,262.85
2014-08-11,4912.4752,260.55
2014-08-12,4910.5221,261.0
2014-08-13,4918.644,261.05
2014-08-14,4890.7335,261.65
2014-08-15,4923.4778,261.4
2014-08-18,4949.1413,258.9
2014-08-19,4947.5959,258.15
2014-08-20,4928.783,257.75
2014-08-21,4911.966,254.55
2014-08-22,4937.7164,255.1
2014-08-25,4907.4243,254.55
2014-08-26,4866.3774,257.0
2014-08-27,4863.9171,255.95
2014-08-28,4824.3243,256.3
2014-08-29,4888.8482,256.75
2014-09-01,4926.4321,256.15
2014-09-02,5004.2515,253.75
2014-09-03,5037.5806,252.3
2014-09-04,5079.253,252.45
2014-09-05,5132.0476,251.4
2014-09-09,5138.6881,249.65
2014-09-10,5116.6249,249.55
2014-09-11,5081.9349,248.15
2014-09-12,5113.8794,246.25
2014-09-15,5126.7703,245.7
2014-09-16,5027.0419,246.45
2014-09-17,5062.6231,246.85
2014-09-18,5073.207,244.3
2014-09-19,5106.7306,243.7
2014-09-22,5020.5446,241.3
2014-09-23,5065.473,241.8
2014-09-24,5133.875,243.6
2014-09-25,5157.5601,240.65
2014-09-26,5159.9071,244.2
2014-09-29,5181.655,242.9
2014-09-30,5191.2799,242.85
2014-10-08,5226.7415,242.35
2014-10-09,5234.6982,243.95
2014-10-10,5184.5851,243.0
2014-10-13,5157.105,245.15
2014-10-14,5152.1322,244.9
2014-10-15,5185.0041,243.2
2014-10-16,5158.6891,245.6
2014-10-17,5117.5691,245.8
2014-10-20,5150.4798,245.8
2014-10-21,5128.7119,247.0
2014-10-22,5104.071,246.95
2014-10-23,5037.9395,245.95
2014-10-24,5027.4483,243.8
2014-10-27,5002.1167,243.2
2014-10-28,5109.1622,242.55
2014-10-29,5206.3404,242.95
2014-10-30,5264.0433,238.1
2014-10-31,5346.2845,233.45
2014-11-03,5369.1458,229.9
2014-11-04,5366.2768,230.85
2014-11-05,5326.2431,225.5
2014-11-06,5343.834,225.9
2014-11-07,5321.4981,226.5
2014-11-10,5453.644,232.05
2014-11-11,5416.1565,228.1
2014-11-12,5490.8001,231.75
2014-11-13,5453.2256,230.25
2014-11-14,5447.8101,228.65
2014-11-17,5436.831,236.0
2014-11-18,5377.2382,236.05
2014-11-19,5355.2176,236.8
2014-11-20,5363.6882,234.3
2014-11-21,5432.5615,236.6
2014-11-24,5511.7024,238.4
2014-11-25,5600.5102,238.6
2014-11-26,5637.285,238.3
2014-11-27,5655.669,237.85
2014-11-28,5785.6865,236.05
2014-12-01,5783.4509,229.35
2014-12-02,5943.661,240.35
2014-12-03,5978.4651,239.5
2014-12-04,6196.1961,240.65
2014-12-05,6200.7681,240.3
2014-12-08,6348.1874,238.15
2014-12-09,6060.1408,242.0
2014-12-10,6316.7249,248.05
2014-12-11,6339.6305,245.4
2014-12-12,6332.53,244.8
2014-12-15,6375.7797,244.95
2014-12-16,6488.6518,240.6
2014-12-17,6591.3654,240.7
2014-12-18,6558.2817,241.7
2014-12-19,6725.8901,242.5
2014-12-22,6857.1511,242.15
2014-12-23,6630.4593,238.55
2014-12-24,6511.8151,238.5
2014-12-25,6722.6847,238.05
2014-12-26,6866.8914,239.5
2014-12-29,6868.7255,241.6
2014-12-30,6827.8842,240.0
2015-01-05,7257.9261,242.15
2015-01-06,7277.0821,244.45
2015-01-07,7246.3611,245.25
2015-01-08,7071.122,244.5
2015-01-09,7035.8812,245.15
2015-01-12,6895.2431,247.75
2015-01-13,6934.1076,249.0
2015-01-14,6913.9633,247.9
2015-01-15,7115.8935,246.75
2015-01-16,7171.8141,253.65
2015-01-19,6578.299,257.85
2015-01-20,6715.6161,257.65
2015-01-21,6984.6048,262.2
2015-01-22,6979.2924,259.05
2015-01-23,6973.251,261.4
2015-01-26,7030.3287,261.6
2015-01-27,6976.7273,259.9
2015-01-28,6924.3366,260.8
2015-01-29,6892.75,259.3
2015-01-30,6802.0569,255.05
2015-02-02,6617.2924,259.1
2015-02-03,6758.2289,259.4
2015-02-04,6694.0783,256.35
2015-02-05,6614.9292,257.5
2015-02-06,6435.7599,256.7
2015-02-09,6425.732,251.4
2015-02-10,6570.7524,252.05
2015-02-11,6576.7863,250.8
2015-02-12,6604.2891,247.85
2015-02-13,6669.2014,249.45
2015-02-16,6690.1911,250.3
2015-02-17,6742.2548,249.0
2015-02-25,6736.739,246.3
2015-02-26,6899.3191,246.45
2015-02-27,6907.7678,246.65
2015-03-02,6960.434,249.3
2015-03-03,6818.59,247.05
2015-03-04,6851.1611,246.7
2015-03-05,6747.7142,245.65
2015-03-06,6719.0675,245.0
2015-03-09,6891.1601,239.9
2015-03-10,6876.3654,237.5
2015-03-11,6894.7344,238.25
2015-03-12,7043.1816,238.4
2015-03-13,7086.7361,237.2
2015-03-16,7217.9108,238.0
2015-03-17,7310.7284,236.25
2015-03-18,7460.8082,233.65
2015-03-19,7496.3068,237.75
2015-03-20,7551.4563,237.4
2015-03-23,7689.5489,240.1
2015-03-24,7700.9995,241.1
2015-03-25,7605.6129,241.15
2015-03-26,7637.0137,243.9
2015-03-27,7685.5187,243.25
2015-03-30,7930.1441,240.4
2015-03-31,7820.2793,237.85
2015-04-01,7934.8814,238.35
2015-04-02,7975.2652,242.95
2015-04-03,8049.2527,241.75
2015-04-07,8219.8912,243.9
2015-04-08,8233.0716,243.75
2015-04-09,8121.9517,240.5
2015-04-10,8302.631,240.25
2015-04-13,8516.4682,242.65
2015-04-14,8629.0204,240.15
2015-04-15,8513.3689,240.1
2015-04-16,8757.2285,241.75
2015-04-17,8869.7416,240.85
2015-04-20,8694.571,242.75
2015-04-21,8842.4415,239.9
2015-04-22,9095.6958,241.2
2015-04-23,9093.3165,237.4
2015-04-24,8991.2637,238.9
2015-04-27,9230.1632,236.55
2015-04-28,9151.5627,240.75
2015-04-29,9160.0624,242.45
2015-04-30,9207.4715,241.2
2015-05-04,9456.9919,237.55
2015-05-05,8969.5499,238.5
2015-05-06,8813.8478,239.75
2015-05-07,8574.2143,240.05
2015-05-08,8783.906,241.05
2015-05-11,9081.4154,241.15
2015-05-12,9257.755,240.6
2015-05-13,9174.4636,242.7
2015-05-14,9201.6478,247.15
2015-05-15,9063.4995,247.45
2015-05-18,8995.4275,249.2
2015-05-19,9248.5368,247.75
2015-05-20,9334.7527,244.25
2015-05-21,9491.7912,245.1
2015-05-22,9783.5876,244.6
2015-05-25,10173.8016,244.2
2015-05-26,10405.8599,242.5
2015-05-27,10466.0283,241.1
2015-05-28,9839.4113,241.05
2015-05-29,9903.6172,240.8
2015-06-01,10475.8109,240.55
2015-06-02,10656.0209,240.85
2015-06-03,10682.0146,241.15
2015-06-04,10777.2458,239.2
2015-06-05,10890.7739,238.35
2015-06-08,11015.832,237.7
2015-06-09,10995.5047,238.6
2015-06-10,10978.5816,239.65
2015-06-11,10930.4055,240.1
2015-06-12,11103.5455,239.5
2015-06-15,10964.1566,239.75
2015-06-16,10555.0156,240.55
2015-06-17,10806.0683,238.65
2015-06-18,10407.5365,240.3
2015-06-19,9735.6505,242.55
2015-06-23,9923.184,239.85
2015-06-24,10210.9942,238.6
2015-06-25,9887.6706,238.25
2015-06-26,9183.5392,237.35
2015-06-29,9020.7488,239.25
2015-06-30,9546.1197,238.05
2015-07-01,9072.0845,237.7
2015-07-02,8665.4005,235.9
2015-07-03,8055.1014,236.7
2015-07-06,8324.4461,236.35
2015-07-07,8202.868,236.9
2015-07-08,7690.5488,231.7
2015-07-09,8208.1185,235.4
2015-07-10,8631.9389,235.2
2015-07-13,8888.7446,235.15
2015-07-14,8749.1222,233.3
2015-07-15,8409.435,233.5
2015-07-16,8474.2255,231.5
2015-07-17,8769.0194,231.3
2015-07-20,8781.6278,225.65
2015-07-21,8766.4472,223.05
2015-07-22,8748.756,220.65
2015-07-23,8915.4978,221.1
2015-07-24,8784.2381,219.3
2015-07-27,8017.6168,223.7
2015-07-28,7952.51,221.75
2015-07-29,8248.8551,221.85
2015-07-30,8053.7376,219.05
2015-07-31,8059.4408,218.15
2015-08-03,8113.1666,221.6
2015-08-04,8352.1221,219.3
2015-08-05,8171.2372,219.15
2015-08-06,8105.2537,218.7
2015-08-07,8250.5382,221.2
2015-08-10,8611.614,221.55
2015-08-11,8573.2614,226.3
2015-08-12,8480.9063,235.45
2015-08-13,8645.3139,234.25
2015-08-14,8619.5065,232.85
2015-08-17,8688.8487,232.85
2015-08-18,8102.1995,232.45
2015-08-19,8228.6341,233.55
2015-08-20,7982.1634,236.95
2015-08-21,7682.3643,240.8
2015-08-24,7007.9062,240.0
2015-08-25,6486.0633,239.5
2015-08-26,6506.1808,236.8
2015-08-27,6884.2874,234.75
2015-08-28,7179.9102,235.25
2015-08-31,7194.6076,235.55
2015-09-01,7204.0501,236.75
2015-09-02,7261.173,236.6
2015-09-07,7006.4866,232.75
2015-09-08,7184.3455,232.25
2015-09-09,7313.3579,232.9
2015-09-10,7212.4471,229.8
2015-09-11,7191.3632,229.6
2015-09-14,7012.2203,229.25
2015-09-15,6779.2969,229.3
2015-09-16,7086.6481,229.3
2015-09-17,6954.9956,231.95
2015-09-18,6966.5077,233.3
2015-09-21,7069.1967,235.7
2015-09-22,7108.5719,234.45
2015-09-23,6950.9958,233.6
2015-09-24,6991.5122,235.5
2015-09-25,6902.6457,237.2
2015-09-28,6932.6559,234.75
2015-09-29,6812.2186,232.25
2015-09-30,6857.8565,231.0
2015-10-08,7039.3618,234.9
2015-10-09,7115.9583,235.05
2015-10-12,7343.0313,238.25
2015-10-13,7342.4178,236.45
2015-10-14,7249.61,240.35
2015-10-15,7401.2049,241.65
2015-10-16,7480.4781,240.95
2015-10-19,7463.4674,240.2
2015-10-20,7539.8946,239.95
2015-10-21,7364.4648,240.2
2015-10-22,7453.0109,239.4
2015-10-23,7536.6422,240.9
2015-10-26,7568.0858,238.7
2015-10-27,7574.242,238.95
2015-10-28,7480.6295,240.45
2015-10-29,7497.5348,237.75
2015-10-30,7470.9202,234.85
2015-11-02,7376.761,233.5
2015-11-03,7353.2777,232.55
2015-11-04,7618.5199,229.25
2015-11-05,7771.5869,227.4
2015-11-06,7873.7656,227.8
2015-11-09,8022.8076,224.65
2015-11-10,7954.1446,224.8
2015-11-11,7954.4409,227.2
2015-11-12,7865.9591,226.35
2015-11-13,7811.4575,225.3
2015-11-16,7875.7173,228.75
2015-11-17,7919.5839,224.5
2015-11-18,7856.1122,223.1
2015-11-19,7951.9915,224.4
2015-11-20,7957.3276,225.9
2015-11-23,7923.3911,222.95
2015-11-24,7895.8893,223.1
2015-11-25,7997.3118,224.95
2015-11-26,7971.1461,223.55
2015-11-27,7574.7486,222.95
2015-11-30,7658.6073,219.15
2015-12-01,7683.1353,224.15
2015-12-02,7922.7496,222.9
2015-12-03,7975.0929,220.0
2015-12-04,7830.5571,221.95
2015-12-07,7858.3032,227.55
2015-12-08,7733.2438,225.3
2015-12-09,7773.6874,226.3
2015-12-10,7723.353,225.7
2015-12-11,7654.2521,225.95
2015-12-14,7800.4683,226.95
2015-12-15,7761.9868,224.85
2015-12-16,7739.4912,225.25
2015-12-17,7903.8255,225.85
2015-12-18,7928.5581,224.2
2015-12-21,8160.6368,227.25
2015-12-22,8180.6696,228.75
2015-12-23,8172.3211,227.7
2015-12-24,8084.629,227.95
2015-12-25,8116.9284,228.35
2015-12-28,7910.1361,227.65
2015-12-29,7971.0501,228.3
2015-12-30,7966.6414,228.15
2016-01-04,7407.3642,228.2
2016-01-05,7453.2904,230.3
2016-01-06,7601.135,231.4
2016-01-07,7157.0304,236.6
2016-01-08,7328.6435,236.8
2016-01-11,6953.5134,237.45
2016-01-12,6964.0599,234.6
2016-01-13,6870.5915,232.25
2016-01-14,6992.5436,234.05
2016-01-15,6777.6809,232.6
2016-01-18,6778.4967,233.5
2016-01-19,6962.4179,233.2
2016-01-20,6860.3921,233.8
2016-01-21,6684.6864,236.25
2016-01-22,6748.8206,235.2
2016-01-25,6770.8272,235.8
2016-01-26,6407.9859,238.9
2016-01-27,6384.7288,239.35
2016-01-28,6260.1948,238.8
2016-01-29,6431.8022,238.3
2016-02-01,6358.5351,239.9
2016-02-02,6461.8358,240.55
2016-02-03,6421.9821,241.45
2016-02-04,6482.3799,243.95
2016-02-05,6465.979,245.9
2016-02-15,6419.1294,256.15
2016-02-16,6594.6189,253.1
2016-02-17,6636.9089,255.05
2016-02-18,6626.8733,254.85
2016-02-19,6608.2426,258.0
2016-02-22,6744.2392,256.2
2016-02-23,6683.1502,256.3
2016-02-24,6725.8456,258.45
2016-02-25,6380.3752,261.5
2016-02-26,6451.0923,261.85
2016-02-29,6346.5588,259.4
2016-03-01,6433.0549,263.05
2016-03-02,6669.194,259.85
2016-03-03,6678.5999,262.05
2016-03-04,6753.765,265.6
2016-03-07,6776.7897,265.65
2016-03-08,6785.9329,266.7
2016-03-09,6738.9111,264.05
2016-03-10,6644.473,261.9
2016-03-11,6646.3969,265.75
2016-03-14,6723.0124,262.5
2016-03-15,6752.1198,257.85
2016-03-16,6799.946,259.45
2016-03-17,6827.6922,263.3
2016-03-18,6894.8154,263.35
2016-03-21,6964.6536,259.7
2016-03-22,6942.6795,261.4
2016-03-23,6932.4826,258.35
2016-03-24,6850.2008,255.1
2016-03-25,6898.1737,256.1
2016-03-28,6868.3472,255.05
2016-03-29,6823.7315,255.75
2016-03-30,6969.771,258.6
2016-03-31,6976.596,256.15
2016-04-01,6995.5839,257.2
2016-04-05,7067.1182,256.05
2016-04-06,7042.1526,256.75
2016-04-07,6956.9149,256.45
2016-04-08,6937.8952,258.0
2016-04-11,7019.4726,260.55
2016-04-12,6998.8662,261.8
2016-04-13,7070.5217,260.4
2016-04-14,7095.2045,257.8
2016-04-15,7086.7699,257.2
2016-04-18,7013.1495,257.35
2016-04-19,7026.7235,259.85
2016-04-20,6924.8354,260.65
2016-04-21,6878.5028,264.0
2016-04-22,6923.3221,260.6
2016-04-25,6924.4216,258.65
2016-04-26,6952.8587,258.1
2016-04-27,6944.0601,261.3
2016-04-28,6940.2475,262.25
2016-04-29,6924.0312,266.45
2016-05-03,7030.7468,271.5
2016-05-04,7017.391,270.65
2016-05-05,7022.4498,270.25
2016-05-06,6872.3428,270.75
2016-05-09,6763.759,270.05
2016-05-10,6785.4394,267.6
2016-05-11,6833.0385,268.9
2016-05-12,6859.29,268.1
2016-05-13,6826.9152,270.1
2016-05-16,6860.4941,272.05
2016-05-17,6834.3887,270.1
2016-05-18,6785.295,270.2
2016-05-19,6784.2706,265.95
2016-05-20,6791.9767,266.1
2016-05-23,6809.5598,265.45
2016-05-24,6780.7186,263.6
2016-05-25,6781.4585,259.7
2016-05-26,6791.3329,260.7
2016-05-27,6804.594,259.5
2016-05-30,6819.4213,256.45
2016-05-31,6986.9234,258.95
2016-06-01,6972.6647,259.35
2016-06-02,6958.8583,259.65
2016-06-03,6997.4679,258.65
2016-06-06,6982.5325,264.4
2016-06-07,6974.1946,264.85
2016-06-08,6937.129,266.55
2016-06-13,6777.073,274.15
2016-06-14,6799.3829,273.35
2016-06-15,6871.3977,275.2
2016-06-16,6823.9498,279.95
2016-06-17,6873.3982,273.2
2016-06-20,6891.2537,273.75
2016-06-21,6885.579,273.2
2016-06-22,6921.0046,269.6
2016-06-23,6872.1671,269.75
2016-06-24,6777.4816,282.25
2016-06-27,6835.0021,284.65
2016-06-28,6853.3408,283.35
2016-06-29,6881.6985,284.3
2016-06-30,6891.187,283.0
2016-07-01,6911.0817,287.15
2016-07-04,6997.0013,292.15
2016-07-05,6983.4851,290.8
2016-07-06,6982.7517,296.7
2016-07-07,6936.2267,295.7
2016-07-08,6871.2504,292.8
2016-07-11,6897.496,295.0
2016-07-12,7054.0219,293.6
2016-07-13,7074.4001,290.8
2016-07-14,7046.5677,288.85
2016-07-15,7059.9499,288.95
2016-07-18,7100.6056,288.15
2016-07-19,7039.5149,288.7
2016-07-20,7021.9847,287.55
2016-07-21,7057.3306,284.6
2016-07-22,6982.2802,286.3
2016-07-25,7019.8934,284.8
2016-07-26,7107.3913,285.2
2016-07-27,7065.9763,285.0
2016-07-28,7161.6333,289.25
2016-07-29,7147.6546,287.45
2016-08-01,7118.7345,289.65
2016-08-02,7136.9524,291.15
2016-08-03,7145.8037,292.6
2016-08-04,7157.9383,289.75
2016-08-05,7174.565,293.3
2016-08-08,7245.1939,287.05
2016-08-09,7272.7685,286.8
2016-08-10,7237.2392,290.9
2016-08-11,7237.4795,288.5
2016-08-12,7400.0511,288.25
2016-08-15,7591.1164,287.7
2016-08-16,7538.7401,289.0
2016-08-17,7523.4848,287.6
2016-08-18,7502.8923,289.3
2016-08-19,7507.7964,289.3
2016-08-22,7466.6221,286.7
2016-08-23,7484.4313,287.25
2016-08-24,7473.8881,287.4
2016-08-25,7431.4586,284.75
2016-08-26,7413.6964,284.8
2016-08-29,7392.8209,283.9
2016-08-30,7420.8739,284.65
2016-08-31,7461.9232,283.4
2016-09-01,7402.3684,282.75
2016-09-02,7434.7533,283.15
2016-09-05,7463.969,286.65
2016-09-06,7513.6487,286.95
2016-09-07,7509.2775,290.85
2016-09-08,7520.3935,290.45
2016-09-09,7454.5531,288.65
2016-09-12,7336.1718,287.5
2016-09-13,7337.7969,287.45
2016-09-14,7265.2139,286.0
2016-09-19,7332.0675,284.55
2016-09-20,7343.3371,284.85
2016-09-21,7358.6763,285.35
2016-09-22,7431.1285,287.7
2016-09-23,7388.58,288.15
2016-09-26,7294.1691,288.1
2016-09-27,7328.1242,287.7
2016-09-28,7327.7293,285.45
2016-09-29,7355.1534,284.75
2016-09-30,7370.7229,285.3
2016-10-10,7475.0574,274.0
2016-10-11,7488.337,273.9
2016-10-12,7475.2767,273.3
2016-10-13,7488.3445,274.2
2016-10-14,7478.896,273.45
2016-10-17,7417.8665,273.7
2016-10-18,7502.478,275.2
2016-10-19,7487.603,275.2
2016-10-20,7510.1842,277.25
2016-10-21,7568.9563,276.3
2016-10-24,7631.5076,277.05
2016-10-25,7659.342,277.9
2016-10-26,7589.1654,279.2
2016-10-27,7562.2388,278.25
2016-10-28,7535.9005,278.5
2016-10-31,7548.5304,279.65
2016-11-01,7588.3225,280.25
2016-11-02,7515.2935,282.95
2016-11-03,7555.7101,283.75
2016-11-04,7534.4419,282.4
2016-11-07,7534.0519,281.85
2016-11-08,7558.882,281.2
2016-11-09,7512.4753,291.65
2016-11-10,7597.525,286.15
2016-11-11,7608.3437,281.75
2016-11-14,7617.8101,272.95
2016-11-15,7622.2484,275.95
2016-11-16,7623.5021,277.05
2016-11-17,7661.2628,276.5
2016-11-18,7649.7339,273.45
2016-11-21,7699.4995,275.55
2016-11-22,7742.3246,276.25
2016-11-23,7791.2055,276.6
2016-11-24,7844.1144,273.7
2016-11-25,7932.0371,271.4
2016-11-28,7990.6859,273.8
2016-11-29,8061.0661,272.75
2016-11-30,7978.8575,271.05
2016-12-01,8065.3936,269.25
2016-12-02,7963.6411,268.85
2016-12-05,7836.2814,268.75
2016-12-06,7821.8735,268.15
2016-12-07,7830.0848,267.7
2016-12-08,7838.3909,269.75
2016-12-09,7929.5612,269.5
2016-12-12,7792.654,267.95
2016-12-13,7780.8375,268.2
2016-12-14,7719.5533,269.65
2016-12-15,7606.5486,266.95
2016-12-16,7616.8587,265.35
2016-12-19,7602.9441,266.6
2016-12-20,7551.8328,265.25
2016-12-21,7622.7075,264.85
2016-12-22,7629.3736,263.3
2016-12-23,7545.1107,263.55
2016-12-26,7563.1702,264.75
2016-12-27,7555.7741,266.1
2016-12-28,7526.478,267.3
2016-12-29,7516.8582,268.75
2016-12-30,7551.6619,271.35
2017-01-03,7628.8345,269.75
2017-01-04,7681.0907,270.4
2017-01-05,7682.7461,269.5
2017-01-06,7657.4067,268.85
2017-01-09,7712.1323,269.75
2017-01-10,7686.5266,271.5
2017-01-11,7625.5097,271.85
2017-01-12,7591.2367,272.25
2017-01-13,7612.611,271.25
2017-01-16,7646.1962,272.95
2017-01-17,7652.909,274.6
2017-01-18,7686.9119,273.5
2017-01-19,7676.4775,270.7
2017-01-20,7734.7389,271.4
2017-01-23,7735.5417,272.75
2017-01-24,7758.6916,272.35
2017-01-25,7774.7031,269.6
2017-01-26,7792.9831,267.6
2017-02-03,7740.1476,271.6
2017-02-06,7769.6914,274.3
2017-02-07,7778.5564,276.5
2017-02-08,7798.6794,276.75
2017-02-09,7821.071,278.2
2017-02-10,7859.2713,275.25
2017-02-13,7899.1939,276.4
2017-02-14,7885.0261,276.0
2017-02-15,7891.6585,274.95
2017-02-16,7923.378,276.35
2017-02-17,7862.343,277.45
2017-02-20,8003.0239,276.85
2017-02-21,8011.5007,277.5
2017-02-22,8055.4366,277.2
2017-02-23,8019.5546,277.75
2017-02-24,8007.1693,281.15
2017-02-27,7947.9943,282.15
2017-02-28,7977.2249,281.2
2017-03-01,7982.2443,279.15
2017-03-02,7943.4653,279.45
2017-03-03,7947.5702,277.4
2017-03-06,7958.3588,277.45
2017-03-07,7953.5945,276.4
2017-03-08,7950.3067,274.55
2017-03-09,7890.9293,273.25
2017-03-10,7900.9401,271.05
2017-03-13,7967.3795,273.65
2017-03-14,7988.2115,272.35
2017-03-15,8011.3923,272.5
2017-03-16,8034.565,277.15
2017-03-17,7948.6706,277.05
2017-03-20,7975.1197,278.45
2017-03-21,8041.9142,277.35
2017-03-22,7998.9515,279.8
2017-03-23,8004.7104,279.75
2017-03-24,8080.3016,278.95
2017-03-27,8078.8289,282.0
2017-03-28,8057.1412,281.2
2017-03-29,8056.8508,280.6
2017-03-30,8032.8978,280.6
2017-03-31,8095.8807,278.6
2017-04-05,8202.7684,281.25
2017-04-06,8263.8951,281.25
2017-04-07,8295.6832,283.5
2017-04-10,8336.3137,282.2
2017-04-11,8380.0629,282.75
2017-04-12,8363.927,285.85
2017-04-13,8420.4884,287.15
2017-04-14,8331.2746,287.7
2017-04-17,8285.3325,287.2
2017-04-18,8275.1102,286.45
2017-04-19,8243.6073,286.3
2017-04-20,8283.5091,286.1
2017-04-21,8291.3812,285.9
2017-04-24,8224.1974,283.9
2017-04-25,8270.8019,283.9
2017-04-26,8302.022,282.45
2017-04-27,8289.2682,282.85
2017-04-28,8263.0363,283.2
2017-05-02,8212.27,283.9
2017-05-03,8159.1063,283.3
2017-05-04,8155.0226,279.65
2017-05-05,8126.8966,278.8
2017-05-08,8065.6773,278.5
2017-05-09,8049.8936,278.45
2017-05-10,7970.9806,277.05
2017-05-11,8037.488,277.35
2017-05-12,8119.2757,278.1
2017-05-15,8179.0397,279.4
2017-05-16,8281.0325,280.0
2017-05-17,8262.4717,280.95
2017-05-18,8228.7844,283.25
2017-05-19,8269.9142,282.65
2017-05-22,8253.1282,283.3
2017-05-23,8301.1946,285.2
2017-05-24,8307.3196,281.85
2017-05-25,8401.76,283.3
2017-05-26,8391.3753,283.35
2017-05-31,8409.8587,281.65
2017-06-01,8427.0412,281.85
2017-06-02,8426.6846,280.85
2017-06-05,8376.6109,284.55
2017-06-06,8399.3108,286.3
2017-06-07,8489.8027,286.6
2017-06-08,8577.4258,285.75
2017-06-09,8632.434,282.5
2017-06-12,8660.2548,281.05
2017-06-13,8703.5464,281.15
2017-06-14,8558.099,281.7
2017-06-15,8507.2945,279.85
2017-06-16,8422.1203,279.35
2017-06-19,8485.8789,278.85
2017-06-20,8463.4429,278.25
2017-06-21,8566.1379,278.15
2017-06-22,8590.6597,279.9
2017-06-23,8682.0272,280.45
2017-06-26,8755.8359,280.6
2017-06-27,8776.8293,279.4
2017-06-28,8699.9423,278.75
2017-06-29,8719.8468,278.15
2017-06-30,8719.7435,275.5
2017-07-03,8675.8213,274.6
2017-07-04,8596.5035,272.6
2017-07-05,8680.9393,272.4
2017-07-06,8708.7263,272.85
2017-07-07,8691.7123,272.2
2017-07-10,8654.103,268.8
2017-07-11,8695.4226,270.0
2017-07-12,8642.9524,271.0
2017-07-13,8658.8101,271.75
2017-07-14,8704.7693,270.65
2017-07-17,8627.62,273.0
2017-07-18,8622.1989,273.7
2017-07-19,8734.5225,274.05
2017-07-20,8798.686,274.2
2017-07-21,8787.7518,275.8
2017-07-24,8852.2502,276.45
2017-07-25,8800.5881,276.8
2017-07-26,8738.4912,274.4
2017-07-27,8746.3136,277.6
2017-07-28,8757.8108,277.25
2017-07-31,8757.8002,278.05
2017-08-01,8820.2711,278.0
2017-08-02,8781.6879,277.95
2017-08-03,8682.4707,276.9
2017-08-04,8621.7758,278.45
2017-08-07,8657.465,275.95
2017-08-08,8662.1476,275.7
2017-08-09,8661.1781,276.45
2017-08-10,8656.2747,278.45
2017-08-11,8533.4373,279.85
2017-08-14,8585.3564,279.75
2017-08-15,8612.6789,277.85
2017-08-16,8586.3095,276.95
2017-08-17,8635.159,279.95
2017-08-18,8660.2702,280.5
2017-08-21,8670.9773,279.7
2017-08-22,8662.8022,279.1
2017-08-23,8675.3985,279.15
2017-08-24,8653.0724,279.25
2017-08-25,8748.8879,279.05
2017-08-28,8811.5766,280.45
2017-08-29,8781.403,283.8
2017-08-30,8766.0195,280.35
2017-08-31,8718.3394,279.9
2017-09-01,8713.6103,281.8
2017-09-04,8722.7123,284.2
2017-09-05,8731.7414,283.65
2017-09-06,8704.5045,284.1
2017-09-07,8713.9138,283.05
2017-09-08,8697.1604,283.7
2017-09-11,8713.3579,282.4
2017-09-12,8721.4785,281.1
2017-09-13,8740.7371,281.5
2017-09-14,8742.1335,281.15
2017-09-15,8736.7952,282.45
2017-09-18,8750.3288,279.85
2017-09-19,8742.7724,279.8
2017-09-20,8751.3686,280.05
2017-09-21,8736.8056,277.5
2017-09-22,8763.0693,277.95
2017-09-25,8735.8253,277.6
2017-09-26,8737.8594,281.8
2017-09-27,8742.3779,279.2
2017-09-28,8734.1579,277.7
2017-09-29,8751.6988,278.9
2017-10-09,8857.8038,276.75
2017-10-10,8867.0346,276.65
2017-10-11,8899.6454,276.1
2017-10-12,8914.7813,277.1
2017-10-13,8949.0486,277.2
2017-10-16,8923.6304,278.7
2017-10-17,8918.6228,277.25
2017-10-18,8994.3267,276.15
2017-10-19,9003.6907,275.7
2017-10-20,9029.5342,276.05
2017-10-23,9051.481,274.9
2017-10-24,9096.4374,275.8
2017-10-25,9135.6232,274.55
2017-10-26,9136.8268,275.8
2017-10-27,9184.8932,273.95
2017-10-30,9154.9107,274.3
2017-10-31,9110.8861,274.5
2017-11-01,9036.3378,273.9
2017-11-02,9035.1491,274.0
2017-11-03,8985.9824,274.0
2017-11-06,9030.8872,273.4
2017-11-07,9091.7185,274.75
2017-11-08,9102.9083,274.8
2017-11-09,9131.3551,275.75
2017-11-10,9175.0228,280.85
2017-11-13,9209.2796,279.65
2017-11-14,9173.4848,279.3
2017-11-15,9154.1047,279.8
2017-11-16,9182.6205,279.15
2017-11-17,9226.1336,280.1
2017-11-20,9267.7957,281.65
2017-11-21,9353.7363,279.9
2017-11-22,9366.6034,279.95
2017-11-23,9138.3599,280.1
2017-11-24,9140.321,280.45
2017-11-27,9079.4636,280.45
2017-11-28,9075.5312,281.55
2017-11-29,9057.2884,281.75
2017-11-30,8974.0016,279.55
2017-12-01,8953.5113,277.75
2017-12-04,8976.7949,277.55
2017-12-05,9025.3619,277.7
2017-12-06,8962.1816,276.05
2017-12-07,8893.0474,274.15
2017-12-08,8918.443,272.35
2017-12-11,9000.3343,272.55
2017-12-12,8904.0785,271.9
2017-12-13,8959.1849,271.85
2017-12-14,8944.219,274.25
2017-12-15,8862.4655,274.25
2017-12-18,8839.3253,274.4
2017-12-19,8942.6071,275.55
2017-12-20,8910.5084,274.95
2017-12-21,8986.9885,274.7
2017-12-22,8971.7525,274.9
2017-12-25,8977.5777,276.6
2017-12-26,9031.8431,276.5
2017-12-27,8950.1546,277.15
2017-12-28,9003.6728,278.05
2017-12-29,9055.0754,277.8
2018-01-02,9172.961,279.4
2018-01-03,9215.2503,280.35
2018-01-04,9250.1762,279.0
2018-01-05,9352.8176,279.85
2018-01-08,9458.9623,280.2
2018-01-09,9480.9279,280.55
2018-01-10,9507.7092,279.95
2018-01-11,9469.4797,280.85
2018-01-12,9515.2169,281.55
2018-01-15,9527.9645,282.05
2018-01-16,9683.7551,281.65
2018-01-17,9653.2323,280.8
2018-01-18,9669.4081,279.25
2018-01-19,9648.1491,278.35
2018-01-22,9736.6662,278.5
2018-01-23,9811.3975,279.4
2018-01-24,9824.5445,280.7
2018-01-25,9769.174,281.75
2018-01-26,9852.9899,279.95
2018-01-29,9739.0369,278.7
2018-01-30,9627.733,276.35
2018-01-31,9642.8896,276.6
2018-02-01,9553.8091,276.05
2018-02-02,9609.3049,276.4
2018-02-05,9674.2023,274.0
2018-02-06,9401.1641,276.0
2018-02-07,9193.0856,272.3
2018-02-08,9121.4001,271.7
2018-02-09,8726.3179,273.05
2018-02-12,8816.9072,272.9
2018-02-13,8911.3259,274.25
2018-02-14,8944.4901,276.1
2018-02-22,9145.7606,273.65
2018-02-23,9191.8771,274.6
2018-02-26,9253.5372,275.85
2018-02-27,9152.0271,274.4
2018-02-28,9088.5334,272.05
2018-03-01,9107.6922,271.7
2018-03-02,9094.284,272.7
2018-03-05,9084.5726,273.65
2018-03-06,9207.9041,273.3
2018-03-07,9170.9894,274.5
2018-03-08,9232.4124,274.0
2018-03-09,9269.812,272.55
2018-03-12,9294.8788,272.5
2018-03-13,9221.0438,272.3
2018-03-14,9196.1926,272.75
2018-03-15,9188.2465,272.5
2018-03-16,9161.3826,271.35
2018-03-19,9146.9766,270.05
2018-03-20,9119.4763,271.2
2018-03-21,9097.409,271.15
2018-03-22,9033.3063,273.5
2018-03-23,8781.0677,276.5
2018-03-26,8734.8487,276.15
2018-03-27,8785.0824,275.8
2018-03-28,8636.7358,274.2
2018-03-29,8787.9441,271.05
2018-03-30,8754.0161,271.55
2018-04-02,8731.8832,271.75
2018-04-03,8665.0906,273.75
2018-04-04,8664.7592,273.4
2018-04-09,8664.4136,272.55
2018-04-10,8778.9773,272.7
2018-04-11,8810.9554,274.3
2018-04-12,8747.5416,275.2
2018-04-13,8709.7824,273.15
2018-04-16,8577.447,274.25
2018-04-17,8477.764,274.65
2018-04-18,8515.593,274.5
2018-04-19,8565.7139,275.2
2018-04-20,8441.7636,273.85
2018-04-23,8414.9543,272.55
2018-04-24,8596.9438,271.85
2018-04-25,8565.6753,271.6
2018-04-26,8458.3843,271.9
2018-04-27,8445.5813,271.15
2018-05-02,8499.1502,270.4
2018-05-03,8570.4564,274.15
2018-05-04,8560.3825,274.3
2018-05-07,8701.4181,275.15
2018-05-08,8788.2897,274.95
2018-05-09,8785.3946,274.6
2018-05-10,8839.1881,274.8
2018-05-11,8793.871,275.2
2018-05-14,8835.6048,275.15
2018-05-15,8871.4191,273.8
2018-05-16,8816.6107,271.25
2018-05-17,8794.3132,269.85
2018-05-18,8847.3301,270.3
2018-05-21,8883.346,269.5
2018-05-22,8876.1702,270.25
2018-05-23,8778.2042,270.5
2018-05-24,8722.7555,272.25
2018-05-25,8722.3817,273.55
2018-05-28,8766.5646,272.35
2018-05-29,8747.2964,273.25
2018-05-30,8579.5857,274.15
2018-05-31,8752.5582,274.5
2018-06-01,8686.1858,273.85
2018-06-04,8766.1928,272.4
2018-06-05,8832.3233,271.9
2018-06-06,8818.6382,272.4
2018-06-07,8797.4802,272.15
2018-06-08,8659.7788,272.1
2018-06-11,8641.1331,272.7
2018-06-12,8768.5758,272.4
2018-06-13,8722.3742,272.1
2018-06-14,8690.4188,273.35
2018-06-15,8628.4338,273.65
2018-06-19,8296.4631,271.4
2018-06-20,8323.2734,270.2
2018-06-21,8244.6948,269.45
2018-06-22,8253.2926,270.55
2018-06-25,8182.7433,271.15
2018-06-26,8092.5041,271.25
2018-06-27,8005.1391,271.6
2018-06-28,7885.2541,270.9
2018-06-29,8071.0253,271.4
2018-07-02,7825.3242,272.1
2018-07-03,7835.4721,271.9
2018-07-04,7755.6171,272.65
2018-07-05,7663.036,272.75
2018-07-06,7661.2067,273.25
2018-07-09,7837.2709,273.1
2018-07-10,7870.5822,272.0
2018-07-11,7732.6631,272.85
2018-07-12,7859.6221,271.9
2018-07-13,7876.1245,271.7
2018-07-16,7807.6718,272.05
2018-07-17,7743.3307,271.55
2018-07-18,7705.5186,269.05
2018-07-19,7690.5891,270.3
2018-07-20,7797.9143,270.65
2018-07-23,7890.4539,271.9
2018-07-24,8012.0164,271.7
2018-07-25,7986.2927,271.7
2018-07-26,7943.2506,272.1
2018-07-27,7904.8794,271.5
2018-07-30,7878.8133,271.55
2018-07-31,7924.8035,271.65
2018-08-01,7770.9473,271.45
2018-08-02,7559.1787,270.75
2018-08-03,7458.4603,270.2
2018-08-06,7394.6511,270.25
2018-08-07,7586.7859,270.1
2018-08-08,7463.053,269.5
2018-08-09,7613.8524,269.55
2018-08-10,7620.0581,269.4
2018-08-13,7588.7695,270.1
2018-08-14,7566.7567,267.65
2018-08-15,7420.3876,267.4
2018-08-16,7368.7304,264.0
2018-08-17,7279.8235,263.4
2018-08-20,7350.1307,265.15
2018-08-21,7442.3519,266.35
2018-08-22,7392.8391,266.25
2018-08-23,7392.1518,266.2
2018-08-24,7412.458,266.3
2018-08-27,7563.9176,267.45
2018-08-28,7550.6684,268.3
2018-08-29,7517.4408,267.05
2018-08-30,7478.4316,267.45
2018-08-31,7462.151,267.8
2018-09-03,7452.1814,266.6
2018-09-04,7529.7375,265.6
2018-09-05,7393.6552,265.6
2018-09-06,7335.8721,266.4
2018-09-07,7362.0504,267.2
2018-09-10,7312.0829,266.25
2018-09-11,7298.7388,267.0
2018-09-12,7284.4851,266.8
2018-09-13,7366.6501,268.1
2018-09-14,7384.4382,268.65
2018-09-17,7336.2353,267.35
2018-09-18,7444.3739,267.65
2018-09-19,7537.9876,267.95
2018-09-20,7511.4666,268.2
2018-09-21,7737.389,269.05
2018-09-25,7672.637,267.95
2018-09-26,7745.6789,268.35
2018-09-27,7706.1653,267.4
2018-09-28,7806.9833,264.9
2018-10-08,7517.4633,268.65
2018-10-09,7487.8579,267.9
2018-10-10,7486.6147,267.9
2018-10-11,7101.5124,269.45
2018-10-12,7175.7601,272.85
2018-10-15,7040.2526,275.35
2018-10-16,6953.9287,275.25
2018-10-17,7002.3175,274.5
2018-10-18,6882.7891,274.75
2018-10-19,7087.3521,276.05
2018-10-22,7358.7592,275.85
2018-10-23,7181.1301,276.95
2018-10-24,7188.6381,277.15
2018-10-25,7233.4736,278.5
2018-10-26,7244.4086,278.3
2018-10-29,7053.7863,277.85
2018-10-30,7104.9634,277.25
2018-10-31,7162.0396,274.9
2018-11-01,7196.7106,275.3
2018-11-02,7382.2294,275.4
2018-11-05,7350.2383,275.6
2018-11-06,7319.177,275.85
2018-11-07,7273.3941,275.9
2018-11-08,7256.4676,279.4
2018-11-09,7183.7972,278.7
2018-11-12,7281.5094,276.55
2018-11-13,7349.1655,275.45
2018-11-14,7300.162,275.5
2018-11-15,7367.1913,277.05
2018-11-16,7427.3012,277.5
2018-11-19,7503.384,278.25
2018-11-20,7355.9953,279.3
2018-11-21,7363.2941,279.0
2018-11-22,7360.0142,279.65
2018-11-23,7196.5739,279.65
2018-11-26,7225.8332,279.5
2018-11-27,7197.1048,278.9
2018-11-28,7269.0432,277.55
2018-11-29,7192.6605,279.55
2018-11-30,7250.7558,279.45
2018-12-03,7439.0288,278.35
2018-12-04,7447.1728,278.35
2018-12-05,7401.4616,278.9
2018-12-06,7293.4444,279.9
2018-12-07,7318.9082,280.25
2018-12-10,7246.8849,283.1
2018-12-11,7292.1548,282.65
2018-12-12,7323.5595,281.2
2018-12-13,7425.5336,280.8
2018-12-14,7327.4539,280.35
2018-12-17,7375.1704,280.2
2018-12-18,7327.9181,281.9
2018-12-19,7313.9832,282.55
2018-12-20,7284.2303,282.15
2018-12-21,7239.2187,284.8
2018-12-24,7266.206,285.45
2018-12-25,7236.6401,287.1
2018-12-26,7257.3945,287.5
2018-12-27,7258.89,286.3
2018-12-28,7293.0424,287.85
2019-01-02,7189.7299,288.3
2019-01-03,7188.2898,290.7
2019-01-04,7285.1929,290.55
2019-01-07,7320.4983,288.65
2019-01-08,7323.9436,287.25
2019-01-09,7370.558,286.2
2019-01-10,7340.0704,286.9
2019-01-11,7375.0432,284.95
2019-01-14,7344.3511,285.05
2019-01-15,7414.1997,284.3
2019-01-16,7423.5377,284.6
2019-01-17,7446.2068,285.1
2019-01-18,7475.8722,285.05
2019-01-21,7487.8703,283.2
2019-01-22,7448.5719,283.25
2019-01-23,7483.4536,283.6
2019-01-24,7504.4506,283.3
2019-01-25,7545.3278,282.9
2019-01-28,7538.8702,285.6
2019-01-29,7589.8658,286.6
2019-01-30,7561.1462,287.55
2019-01-31,7589.7438,287.85
2019-02-01,7668.4358,289.2
2019-02-11,7736.977,288.75
2019-02-12,7774.5371,288.85
2019-02-13,7861.8342,288.25
2019-02-14,7845.7986,287.6
2019-02-15,7703.9479,289.6
2019-02-18,7865.3474,290.95
2019-02-19,7857.2293,291.35
2019-02-20,7867.2202,293.35
2019-02-21,7815.2364,291.5
2019-02-22,7876.061,289.6
2019-02-25,8204.6317,289.3
2019-02-26,8142.0365,289.0
2019-02-27,8162.6426,288.65
2019-02-28,8139.4673,286.85
2019-03-01,8235.7102,285.85
2019-03-04,8350.0817,281.8
2019-03-05,8435.651,280.8
2019-03-06,8509.1033,282.35
2019-03-07,8459.8061,280.9
2019-03-08,8141.3728,283.55
2019-03-11,8276.0838,284.75
2019-03-12,8350.4409,284.2
2019-03-13,8326.5544,285.65
2019-03-14,8235.8632,285.1
2019-03-15,8368.7379,284.9
2019-03-18,8614.053,285.2
2019-03-19,8601.7293,285.95
2019-03-20,8636.2344,285.55
2019-03-21,8640.4122,287.4
2019-03-22,8687.5262,286.35
2019-03-25,8589.6329,288.05
2019-03-26,8471.8516,288.3
2019-03-27,8580.5974,288.25
2019-03-28,8484.2176,287.45
2019-03-29,8700.7146,282.0
2019-04-01,8922.8753,282.1
2019-04-02,8907.7641,282.15
2019-04-03,9015.9703,282.9
2019-04-04,9126.1557,282.95
2019-04-08,9095.1435,284.15
2019-04-09,9135.0654,284.4
2019-04-10,9151.9881,285.8
2019-04-11,9033.5669,286.15
2019-04-12,9013.5,283.3
2019-04-15,8965.5528,281.75
2019-04-16,9106.5827,281.5
2019-04-17,9137.3528,280.0
2019-04-18,9048.7188,278.2
2019-04-19,9089.178,279.5
2019-04-22,8872.2831,280.3
2019-04-23,8804.1773,279.0
2019-04-24,8815.4056,278.85
2019-04-25,8581.9868,280.4
2019-04-26,8479.3242,281.45
2019-04-29,8483.6888,281.3
2019-04-30,8566.2051,281.55
2019-05-06,8146.0669,286.25
2019-05-07,8221.7796,285.7
2019-05-08,8150.8077,287.15
2019-05-09,8035.5771,287.2
2019-05-10,8269.9915,287.25
2019-05-13,8194.3651,289.2
2019-05-14,8141.1222,292.75
2019-05-15,8265.4386,291.25
2019-05-16,8307.6126,292.35
2019-05-17,8103.5014,291.7
2019-05-20,8024.9566,289.4
2019-05-21,8124.1976,289.15
2019-05-22,8084.19,288.9
2019-05-23,7988.3401,289.35
2019-05-24,8022.729,291.1
2019-05-27,8126.201,291.25
2019-05-28,8165.0459,291.0
2019-05-29,8121.032,291.45
2019-05-30,8146.7365,290.1
2019-05-31,8142.3076,293.45
2019-06-03,8130.2088,296.7
2019-06-04,8073.0334,299.75
2019-06-05,8082.0025,301.7
2019-06-06,8023.9407,301.7
2019-06-10,8097.8347,300.85
2019-06-11,8266.8068,299.55
2019-06-12,8208.6952,302.6
2019-06-13,8148.0545,303.2
2019-06-14,8069.4449,307.75
2019-06-17,8063.2116,304.1
2019-06-18,8060.5256,306.15
2019-06-19,8141.9588,304.3
2019-06-20,8275.4933,311.25
2019-06-21,8284.8812,313.6
2019-06-24,8284.4803,315.8
2019-06-25,8209.3858,321.8
2019-06-26,8195.2107,316.4
2019-06-27,8235.8565,315.6
2019-06-28,8170.359,316.85
2019-07-01,8326.9823,308.85
2019-07-02,8356.2478,312.05
2019-07-03,8366.3928,321.1
2019-07-04,8360.2909,317.65
2019-07-05,8371.7415,318.0
2019-07-08,8178.3001,316.35
2019-07-09,8177.0042,313.45
2019-07-10,8110.6741,313.2
2019-07-11,8097.2501,319.0
2019-07-12,8113.9112,316.65
2019-07-15,8135.0304,317.75
2019-07-16,8138.9211,317.75
2019-07-17,8137.6413,315.8
2019-07-18,8048.6959,319.1
2019-07-19,8118.8235,323.3
2019-07-22,8049.2064,320.65
2019-07-23,8065.3518,318.7
2019-07-24,8113.3836,319.65
2019-07-25,8147.1369,320.3
2019-07-26,8150.611,319.1
2019-07-29,8158.4144,319.6
2019-07-30,8198.3277,320.85
2019-07-31,8126.2619,322.25
2019-08-01,8054.5236,316.6
2019-08-02,7958.3111,324.25
2019-08-05,7816.8178,334.0
2019-08-06,7708.1147,335.55
2019-08-07,7687.8546,341.8
2019-08-08,7778.8827,344.35
2019-08-09,7707.8818,345.9
2019-08-12,7795.3751,344.25
2019-08-13,7755.0092,352.3
2019-08-14,7766.8327,342.95
2019-08-15,7792.1008,347.4
2019-08-16,7788.4603,347.75
2019-08-19,7929.3224,346.4
2019-08-20,7907.8124,344.75
2019-08-21,7899.5617,345.35
2019-08-22,7906.5857,346.45
2019-08-23,7922.5431,346.25
2019-08-26,7854.1995,358.25
2019-08-27,7946.2546,358.7
2019-08-28,7940.8627,358.85
2019-08-29,7887.8187,362.8
2019-08-30,7862.074,356.7
2019-09-02,7920.7806,355.8
2019-09-03,7908.4299,357.45
2019-09-04,7986.1329,359.0
2019-09-05,8020.0546,360.9
2019-09-06,8048.9936,349.2
2019-09-09,8103.7266,350.6
2019-09-10,8059.6044,344.85
2019-09-11,8068.4147,345.95
2019-09-12,8119.5688,346.15
2019-09-16,8134.423,346.25
2019-09-17,8022.2767,344.95
2019-09-18,8064.685,346.5
2019-09-19,8081.1298,346.0
2019-09-20,8076.2557,346.7
2019-09-23,7979.8638,350.3
2019-09-24,8018.5375,352.05
2019-09-25,7928.0269,353.85
2019-09-26,7924.0107,349.55
2019-09-27,7904.6169,346.35
2019-09-30,7865.2135,345.05
2019-10-08,7919.1711,344.5
2019-10-09,8003.3398,349.5
2019-10-10,8045.2635,347.7
2019-10-11,8093.0872,345.85
2019-10-14,8188.5024,340.7
2019-10-15,8147.2514,341.65
2019-10-16,8146.2851,340.2
2019-10-17,8120.2153,342.7
2019-10-18,8020.4598,342.0
2019-10-21,8054.6206,341.75
2019-10-22,8075.2621,340.45
2019-10-23,8023.0245,341.95
2019-10-24,8039.5715,341.5
2019-10-25,8081.8193,344.65
2019-10-28,8099.3999,344.6
2019-10-29,8037.3641,340.9
2019-10-30,8008.7329,340.55
2019-10-31,7967.057,341.1
2019-11-01,8064.4573,344.05
2019-11-04,8079.5196,343.7
2019-11-05,8134.983,341.4
2019-11-06,8092.9945,336.55
2019-11-07,8111.9435,338.35
2019-11-08,8073.6304,332.1
2019-11-11,7938.2532,331.5
2019-11-12,7943.0845,328.3
2019-11-13,7904.1433,336.1
2019-11-14,7899.0442,337.05
2019-11-15,7861.3139,336.2
2019-11-18,7917.8929,336.2
2019-11-19,8007.5988,338.3
2019-11-20,7952.7492,339.15
2019-11-21,7945.5149,338.8
2019-11-22,7936.0055,337.9
2019-11-25,8051.8804,335.4
2019-11-26,8049.1258,335.2
2019-11-27,8019.2013,335.8
2019-11-28,7980.8859,334.8
2019-11-29,7984.8104,335.7
2019-12-02,7990.625,336.2
2019-12-03,8022.2276,336.85
2019-12-04,7997.9781,343.1
2019-12-05,8017.9142,341.55
2019-12-06,8048.9516,339.1
2019-12-09,8083.6472,336.45
2019-12-10,8069.8278,336.76
2019-12-11,8086.4107,336.96
2019-12-12,8090.9789,338.94
2019-12-13,8190.5907,334.62
2019-12-16,8223.5195,338.24
2019-12-17,8286.7349,338.06
2019-12-18,8264.7214,338.58
2019-12-19,8290.9719,338.04
2019-12-20,8282.0425,339.1
2019-12-23,8188.7961,340.16
2019-12-24,8206.711,341.72
2019-12-25,8191.2312,343.78
2019-12-26,8267.5579,344.12
2019-12-27,8293.5669,345.3
2019-12-30,8408.3104,345.46
2020-01-02,8549.4278,346.24
2020-01-03,8538.4726,351.16
2020-01-06,8498.2809,358.34
2020-01-07,8550.4335,354.94
2020-01-08,8436.7857,360.68
2020-01-09,8516.6749,348.04
2020-01-10,8486.2142,349.3
2020-01-13,8511.0908,349.42
2020-01-14,8514.824,344.7
2020-01-15,8462.2339,347.54
2020-01-16,8404.5537,347.96
2020-01-17,8399.7059,347.78
2020-01-20,8395.4929,347.94
2020-01-21,8251.4623,351.34
2020-01-22,8255.1634,348.32
2020-01-23,8012.8661,350.72
2020-02-03,7345.4594,359.3
2020-02-04,7496.5459,356.2
2020-02-05,7557.6806,354.22
2020-02-06,7628.4273,352.4
2020-02-07,7582.0059,354.3
2020-02-10,7694.7002,355.56
2020-02-11,7734.9346,354.6
2020-02-12,7757.457,354.0
2020-02-13,7723.3888,356.52
2020-02-14,7783.2252,356.78
2020-02-17,7923.1954,357.9
2020-02-18,7867.75,359.68
2020-02-19,7853.6809,364.06
2020-02-20,7949.8443,365.06
2020-02-21,7956.0134,371.9
2020-02-24,7864.6343,379.7
2020-02-25,7777.5859,371.74
2020-02-26,7830.4514,374.26
2020-02-27,7863.9818,374.3
2020-02-28,7677.3771,369.98
2020-03-02,7953.5607,361.24
2020-03-03,7939.3951,360.26
2020-03-04,8049.723,368.54
2020-03-05,8148.1212,368.62
2020-03-06,8024.3829,376.08
2020-03-09,7822.9709,373.42
2020-03-10,7910.3628,368.64
2020-03-11,7827.2633,371.22
2020-03-12,7716.695,367.26
2020-03-13,7594.5808,356.4
2020-03-16,7402.219,347.18
2020-03-17,7382.3061,330.88
2020-03-18,7258.8459,339.08
2020-03-19,7131.1472,336.62
2020-03-20,7255.6334,339.78
2020-03-23,7050.6711,339.62
2020-03-24,7234.9477,358.46
2020-03-25,7401.6537,364.4
2020-03-26,7346.4477,363.34
2020-03-27,7390.7164,367.58
2020-03-30,7342.144,364.7
2020-03-31,7313.8994,364.9
2020-04-01,7282.8482,358.62
2020-04-02,7353.3522,360.7
2020-04-03,7327.4202,363.48
2020-04-07,7440.7922,373.88
2020-04-08,7423.691,370.2
2020-04-09,7434.9645,371.46
2020-04-10,7399.303,373.74
2020-04-13,7406.084,373.26
2020-04-14,7473.3673,377.6
2020-04-15,7427.2889,376.32
2020-04-16,7416.6385,379.38
2020-04-17,7448.7131,372.18
2020-04-20,7477.0292,370.8
2020-04-21,7420.1501,374.42
2020-04-22,7423.9793,373.18
2020-04-23,7406.7848,379.8
2020-04-24,7363.6236,382.78
2020-04-27,7420.4179,380.14
2020-04-28,7422.0569,377.1
2020-04-29,7548.4337,378.74
2020-04-30,7609.9408,380.28
2020-05-06,7587.3991,380.08
2020-05-07,7601.6528,378.18
2020-05-08,7649.9707,383.38
2020-05-11,7667.1335,381.74
2020-05-12,7619.7905,380.88
2020-05-13,7642.669,381.86
2020-05-14,7545.3943,384.46
2020-05-15,7517.2804,390.16
2020-05-18,7527.3763,401.16
2020-05-19,7549.7291,394.5
2020-05-20,7509.4203,398.72
2020-05-21,7494.7636,395.06
2020-05-22,7355.7938,394.38
2020-05-25,7384.9807,393.54
2020-05-26,7403.7783,395.34
2020-05-27,7429.3507,391.2
2020-05-28,7472.6666,394.18
2020-05-29,7416.9552,394.42
2020-06-01,7554.1086,398.0
2020-06-02,7593.6058,396.96
2020-06-03,7568.1656,393.04
2020-06-04,7585.7794,389.74
2020-06-05,7577.782,390.18
2020-06-08,7620.37,386.28
2020-06-09,7651.8996,386.3
2020-06-10,7615.0835,390.4
2020-06-11,7543.5782,393.7
2020-06-12,7551.3339,393.62
2020-06-15,7466.0665,392.54
2020-06-16,7563.0754,392.4
2020-06-17,7577.7556,392.86
2020-06-18,7590.2835,392.18
2020-06-19,7588.0097,392.94
2020-06-22,7517.1752,397.5
2020-06-23,7493.9294,396.96
2020-06-24,7493.7074,400.06
2020-06-29,7443.5728,400.14
2020-06-30,7476.8299,400.72
2020-07-01,7658.8656,403.1
2020-07-02,7868.6079,399.06
2020-07-03,7968.6972,400.54
2020-07-06,8487.6874,399.66
2020-07-07,8441.357,400.32
2020-07-08,8492.604,402.36
2020-07-09,8582.2891,404.94
2020-07-10,8331.3676,401.88
2020-07-13,8507.8004,403.74
2020-07-14,8453.0881,403.02
2020-07-15,8284.1923,403.62
2020-07-16,8068.9285,402.12
2020-07-17,8059.6702,399.76
2020-07-20,8391.3592,401.78
2020-07-21,8366.3868,404.54
2020-07-22,8352.7946,414.22
2020-07-23,8271.1322,416.52
2020-07-24,8005.6855,420.4
2020-07-27,7973.0223,430.06
2020-07-28,8008.9454,429.94
2020-07-29,8137.5226,431.38
2020-07-30,8142.4328,428.94
2020-07-31,8213.8882,432.86
2020-08-03,8408.4186,431.4
2020-08-04,8435.5515,431.96
2020-08-05,8378.8883,444.06
2020-08-06,8348.7682,447.56
2020-08-07,8332.7202,449.72
2020-08-10,8418.9816,446.38
2020-08-11,8383.7176,436.94
2020-08-12,8364.4687,417.16
2020-08-13,8412.9301,416.74
2020-08-14,8472.2354,420.3
2020-08-17,8701.3224,424.44
2020-08-18,8713.4954,433.94
2020-08-19,8666.2353,429.16
2020-08-20,8572.1225,418.28
2020-08-21,8580.358,419.48
2020-08-24,8612.7497,415.54
2020-08-25,8588.0999,416.5
2020-08-26,8461.154,415.66
2020-08-27,8461.9019,420.54
2020-08-28,8584.2031,420.4
2020-08-31,8495.0648,422.68
2020-09-01,8474.4218,426.98
2020-09-02,8443.4113,422.6
2020-09-03,8395.1122,415.3
2020-09-04,8343.7861,416.54
2020-09-07,8249.7288,416.36
2020-09-08,8313.3416,416.56
2020-09-09,8167.204,416.5
2020-09-10,8140.52,419.46
2020-09-11,8153.1503,418.34
2020-09-14,8154.4796,418.44
2020-09-15,8178.0486,419.8
2020-09-16,8214.5171,418.64
2020-09-17,8203.6169,415.62
2020-09-18,8392.1359,416.92
2020-09-21,8344.4947,417.04
2020-09-22,8215.2763,407.58
2020-09-23,8203.7557,400.9
2020-09-24,8059.845,396.58
2020-09-25,8020.3696,401.06
2020-09-28,8060.1713,400.14
2020-09-29,8062.1834,405.9
2020-09-30,8007.4732,406.1
2020-10-09,8147.8562,405.36
2020-10-12,8289.3155,410.02
2020-10-13,8301.6111,408.54
2020-10-14,8272.3397,404.04
2020-10-15,8259.8242,403.62
2020-10-16,8300.6761,404.98
2020-10-19,8245.8324,404.9
2020-10-20,8238.1624,403.58
2020-10-21,8251.674,404.66
2020-10-22,8208.971,404.86
2020-10-23,8174.529,403.58
2020-10-26,8147.2789,401.56
2020-10-27,8130.9466,405.3
2020-10-28,8095.3956,405.36
2020-10-29,8157.1209,399.78
2020-10-30,8042.7139,397.1
2020-11-02,8118.9494,400.68
2020-11-03,8209.8521,402.6
2020-11-04,8262.0035,404.28
2020-11-05,8368.1021,404.22
2020-11-06,8414.2562,408.3
2020-11-09,8545.8621,407.42
2020-11-10,8511.6691,396.54
2020-11-11,8575.2681,395.64
2020-11-12,8613.7919,394.98
2020-11-13,8524.9439,396.88
2020-11-16,8744.5922,396.64
2020-11-17,8771.7976,396.18
2020-11-18,8808.5649,393.64
2020-11-19,8748.7939,392.0
2020-11-20,8787.0091,392.18
2020-11-23,8932.6729,392.8
2020-11-24,8880.9326,383.32
2020-11-25,8746.4795,379.24
2020-11-26,8762.1655,380.22
2020-11-27,8829.279,381.14
2020-11-30,8749.9826,371.34
2020-12-01,8851.7955,374.2
2020-12-02,8854.9109,379.64
2020-12-03,8754.589,383.7
2020-12-04,8732.7221,384.46
2020-12-07,8600.1084,383.38
2020-12-08,8584.9482,389.18
2020-12-09,8467.9641,387.0
2020-12-10,8458.9583,383.26
2020-12-11,8438.0316,382.78
2020-12-14,8382.3736,382.82
2020-12-15,8359.2606,385.66
2020-12-16,8327.7526,388.4
2020-12-17,8377.6677,390.5
2020-12-18,8433.7891,393.58
2020-12-21,8420.7022,398.36
2020-12-22,8224.0344,392.76
2020-12-23,8221.0717,391.44
2020-12-24,8161.3633,393.04
2020-12-25,8215.8028,395.0
2020-12-28,8191.2133,395.78
2020-12-29,8152.8478,393.86
2020-12-30,8168.2157,393.7
2021-01-04,8146.1614,400.04
2021-01-05,8138.3801,402.32
2021-01-06,8209.4041,402.88
2021-01-07,8221.423,399.06
2021-01-08,8240.4403,396.06
2021-01-11,8161.2595,385.0
2021-01-12,8162.0881,387.42
2021-01-13,8153.8574,387.54
2021-01-14,8132.7272,385.3
2021-01-15,8188.3854,387.9
2021-01-18,8252.5632,386.82
2021-01-19,8332.7279,387.72
2021-01-20,8248.838,388.82
2021-01-21,8247.3576,392.72
2021-01-22,8105.2339,390.9
2021-01-25,8013.1262,389.0
2021-01-26,7991.7716,390.14
2021-01-27,8014.2323,387.94
2021-01-28,7926.0051,386.3
2021-01-29,7918.8756,388.34
2021-02-01,7997.1202,392.64
2021-02-02,7963.4905,389.5
2021-02-03,7931.94,385.1
2021-02-04,7912.2567,382.26
2021-02-05,8033.2022,377.86
2021-02-08,8038.6678,381.0
2021-02-09,8072.798,385.6
2021-02-10,8109.3017,385.66
2021-02-18,8280.0902,374.18
2021-02-19,8420.6136,372.46
2021-02-22,8492.4266,376.66
2021-02-23,8419.0666,380.66
2021-02-24,8406.1526,379.6
2021-02-25,8602.4591,375.94
2021-02-26,8429.9408,369.5
2021-03-01,8556.6456,367.94
2021-03-02,8495.4451,361.74
2021-03-03,8689.4374,363.5
2021-03-04,8701.1623,360.34
2021-03-05,8575.8354,356.6
2021-03-08,8531.8119,360.36
2021-03-09,8442.3534,359.04
2021-03-10,8381.9882,362.9
2021-03-11,8596.0715,365.88
2021-03-12,8767.0931,360.76
2021-03-15,8823.7206,363.86
2021-03-16,8854.9639,364.56
2021-03-17,8798.0091,366.2
2021-03-18,8816.0393,369.24
2021-03-19,8704.915,367.66
2021-03-22,8801.9456,365.7
2021-03-23,8692.2475,366.8
2021-03-24,8581.7802,366.24
2021-03-25,8559.3358,367.22
2021-03-26,8628.349,366.24
2021-03-29,8786.7033,366.44
2021-03-30,8760.6466,361.5
2021-03-31,8759.4074,357.38
2021-04-01,8806.6262,364.98
2021-04-02,8722.7687,369.98
2021-04-06,8722.3166,367.3
2021-04-07,8812.5489,369.1
2021-04-08,8793.344,370.08
2021-04-09,8773.4893,371.96
2021-04-12,8794.5783,369.18
2021-04-13,8733.6159,365.8
2021-04-14,8772.9176,369.54
2021-04-15,8775.1187,369.54
2021-04-16,8902.0434,372.86
2021-04-19,8877.0066,375.5
2021-04-20,8860.2565,372.1
2021-04-21,8884.6143,375.98
2021-04-22,8885.4999,376.4
2021-04-23,8822.1484,375.2
2021-04-26,8784.9743,373.14
2021-04-27,8755.4619,373.48
2021-04-28,8820.1364,371.4
2021-04-29,8914.4353,372.68
2021-04-30,8838.8117,370.76
2021-05-06,8958.2955,376.28
2021-05-07,9002.1792,380.4
2021-05-10,9075.7255,381.76
2021-05-11,9022.1186,381.54
2021-05-12,9115.8434,382.44
2021-05-13,9051.0479,380.68
2021-05-14,9071.0639,382.96
2021-05-17,9113.0814,387.3
2021-05-18,9143.4383,389.96
2021-05-19,9111.3664,390.3
2021-05-20,8977.075,390.4
2021-05-21,8999.8603,390.4
2021-05-24,9057.5239,391.66
2021-05-25,9205.726,389.82
2021-05-26,9249.3615,393.4
2021-05-27,9295.5458,390.96
2021-05-28,9349.0079,391.38
2021-05-31,9417.9576,394.38
2021-06-01,9408.2517,396.9
2021-06-02,9415.2433,389.98
2021-06-03,9391.796,387.5
2021-06-04,9336.9049,382.62
2021-06-07,9240.9154,385.32
2021-06-08,9236.1943,387.9
2021-06-09,9242.6838,387.7
2021-06-10,9230.0757,386.46
2021-06-11,9194.3868,389.92
2021-06-15,9104.2661,382.66
2021-06-16,9071.4788,382.24
2021-06-17,9046.1309,375.66
2021-06-18,8981.1263,371.62
2021-06-21,8969.2326,371.94
2021-06-22,8997.2861,373.44
2021-06-23,9104.7113,374.02
2021-06-24,9097.7797,371.94
2021-06-25,9098.7614,371.4
2021-06-28,8935.7827,372.16
2021-06-29,8902.6037,370.8
2021-06-30,8947.464,367.5
2021-07-01,9009.6899,371.78
2021-07-02,8914.4415,372.64
2021-07-05,8869.6619,373.88
2021-07-06,8885.9201,377.46
2021-07-07,8845.0086,377.3
2021-07-08,8670.2374,376.62
2021-07-09,8720.0273,377.78
2021-07-12,8646.4314,377.0
2021-07-13,8675.394,378.8
2021-07-14,8673.1006,379.5
2021-07-15,8697.5369,382.48
2021-07-16,8721.7269,381.48
2021-07-19,8736.2264,377.84
2021-07-20,8706.4098,380.68
2021-07-21,8635.9534,379.28
2021-07-22,8709.885,376.3
2021-07-23,8619.2319,378.02
2021-07-26,8428.5276,379.04
2021-07-27,8164.2298,375.84
2021-07-28,8135.9353,379.9
2021-07-29,8148.4902,381.16
2021-07-30,8154.1843,382.5
2021-08-02,8119.3823,377.84
2021-08-03,8055.9263,377.82
2021-08-04,8117.5723,378.66
2021-08-05,8101.046,378.04
2021-08-06,8142.3966,375.9
2021-08-09,8259.8037,365.6
2021-08-10,8279.5101,363.92
2021-08-11,8460.7289,363.52
2021-08-12,8558.8927,367.16
2021-08-13,8552.2935,368.04
2021-08-16,8613.8277,371.24
2021-08-17,8492.0752,375.02
2021-08-18,8532.0163,375.4
2021-08-19,8435.1435,374.28
2021-08-20,8446.4425,375.5
2021-08-23,8517.0182,374.88
2021-08-24,8564.901,377.68
2021-08-25,8613.9944,375.54
2021-08-26,8678.3873,373.96
2021-08-27,8773.5597,377.78
2021-08-30,8807.1685,379.04
2021-08-31,9034.1807,378.84
2021-09-01,9038.4759,379.12
2021-09-02,9208.9149,378.92
2021-09-03,9169.0919,378.54
2021-09-06,9266.6207,380.96
2021-09-07,9465.189,379.42
2021-09-08,9627.0465,374.96
2021-09-09,9881.1012,373.2
2021-09-10,9803.863,375.5
2021-09-13,10088.4984,373.3
2021-09-14,9892.2923,373.82
2021-09-15,9851.7457,374.82
2021-09-16,9790.0007,371.76
2021-09-17,9586.1926,367.86
2021-09-22,9861.5036,372.52
2021-09-23,9836.613,369.26
2021-09-24,9511.8985,366.78
2021-09-27,9281.0665,367.86
2021-09-28,9546.6513,364.22
2021-09-29,9276.7601,364.48
2021-09-30,9399.9866,362.78
2021-10-08,9321.6484,367.54
2021-10-11,9410.3268,366.16
2021-10-12,9355.8161,368.22
2021-10-13,9195.168,368.1
2021-10-14,9100.7742,373.24
2021-10-15,9155.3914,372.58
2021-10-18,9340.5487,367.58
2021-10-19,9338.5828,368.76
2021-10-20,9159.7401,367.66
2021-10-21,9277.214,369.54
2021-10-22,9074.5519,371.08
2021-10-25,9096.1056,370.14
2021-10-26,9035.053,371.64
2021-10-27,8856.0742,368.92
2021-10-28,8604.876,372.56
2021-10-29,8565.586,370.48
2021-11-01,8662.9198,368.78
2021-11-02,8443.1308,371.26
2021-11-03,8613.3076,368.04
2021-11-04,8592.8527,366.58
2021-11-05,8404.2253,371.74
2021-11-08,8436.2701,375.9
2021-11-09,8406.3668,377.46
2021-11-10,8381.2813,377.46
2021-11-11,8576.4373,383.36
2021-11-12,8507.9279,383.6
2021-11-15,8489.2361,382.2
2021-11-16,8421.3385,384.02
2021-11-17,8403.5752,382.26
2021-11-18,8399.2573,383.54
2021-11-19,8524.0444,382.74
2021-11-22,8508.0612,379.14
2021-11-23,8598.2636,371.78
2021-11-24,8707.6166,369.76
2021-11-25,8687.77,369.78
2021-11-26,8572.0997,372.7
2021-11-29,8493.2813,371.42
2021-11-30,8473.5203,370.24
2021-12-01,8612.3135,368.74
2021-12-02,8647.3969,367.0
2021-12-03,8789.3102,365.92
2021-12-06,8755.6506,368.68
2021-12-07,8894.5528,367.88
2021-12-08,8895.3716,368.28
2021-12-09,8933.1686,366.72
2021-12-10,8863.5479,365.62
2021-12-13,8878.734,368.14
2021-12-14,8781.341,368.52
2021-12-15,8858.7524,364.36
2021-12-16,9012.3398,368.08
2021-12-17,9013.9132,372.78
2021-12-20,8980.3692,372.34
2021-12-21,9137.9255,369.72
2021-12-22,9105.5547,368.9
2021-12-23,9139.9264,372.78
2021-12-24,9073.2448,373.56
2021-12-27,9116.7902,373.44
2021-12-28,9039.5608,374.46
2021-12-29,8994.3471,372.58
2021-12-30,9025.5483,370.8
2022-01-04,9241.8253,371.74
2022-01-05,9292.1467,373.1
2022-01-06,9338.5826,370.64
2022-01-07,9439.8109,368.14
2022-01-10,9507.0226,368.56
2022-01-11,9518.7602,371.94
2022-01-12,9467.7427,373.92
2022-01-13,9420.6803,374.92
2022-01-14,9250.6606,374.58
2022-01-17,9283.3087,372.52
2022-01-18,9397.25,371.76
2022-01-19,9502.2214,373.06
2022-01-20,9477.9391,378.4
2022-01-21,9390.6253,378.22
2022-01-24,9406.7498,377.2
2022-01-25,9135.8981,377.92
2022-01-26,9207.2075,378.58
2022-01-27,9119.1825,371.58
2022-01-28,9023.2787,370.1
2022-02-07,9284.9419,372.14
2022-02-08,9491.9913,374.8
2022-02-09,9540.4726,376.58
2022-02-10,9675.4049,377.4
2022-02-11,9702.2089,375.24
2022-02-14,9508.1267,381.7
2022-02-15,9430.1702,385.58
2022-02-16,9536.9277,379.84
2022-02-17,9495.4586,383.54
2022-02-18,9700.563,386.64
2022-02-21,9725.6885,386.0
2022-02-22,9633.5287,390.72
2022-02-23,9537.8814,387.58
2022-02-24,9355.7761,396.04
2022-02-25,9343.3913,391.42
2022-02-28,9347.491,389.02
2022-03-01,9441.5925,389.14
2022-03-02,9521.6416,394.5
2022-03-03,9660.2102,393.2
2022-03-04,9583.0169,394.64
2022-03-07,9498.0217,403.3
2022-03-08,9194.7803,412.2
2022-03-09,9102.0504,417.16
2022-03-10,9180.7637,404.0
2022-03-11,9228.0387,404.78
2022-03-14,9048.3964,402.5
2022-03-15,8523.6474,394.46
2022-03-16,8732.4123,391.04
2022-03-17,8842.4743,395.44
2022-03-18,9079.9252,395.9
2022-03-21,9042.2067,394.76
2022-03-22,9217.6532,397.16
2022-03-23,9217.7941,394.72
2022-03-24,9162.0791,399.02
2022-03-25,9181.97,401.7
2022-03-28,9377.9524,397.68
2022-03-29,9343.5616,395.54
2022-03-30,9495.505,394.74
2022-03-31,9603.2289,394.34
2022-04-01,9775.9957,396.26
2022-04-06,9948.9677,394.5
2022-04-07,9775.0327,394.94
2022-04-08,9901.7621,396.04
2022-04-11,9743.0536,399.6
2022-04-12,9742.4353,401.78
2022-04-13,9673.9977,403.7
2022-04-14,9858.4506,404.32
2022-04-15,9810.358,405.82
2022-04-18,9664.1414,408.02
2022-04-19,9781.8818,405.1
2022-04-20,9530.771,400.06
2022-04-21,9358.5687,405.06
2022-04-22,9532.9941,406.8
2022-04-25,9154.5243,404.42
2022-04-26,9085.2851,401.3
2022-04-27,9154.348,400.9
2022-04-28,9353.1896,400.82
2022-04-29,9515.1771,405.82
2022-05-05,9531.3191,404.52
2022-05-06,9251.3073,403.6
2022-05-09,9306.2721,405.36
2022-05-10,9397.0473,402.3
2022-05-11,9385.5979,399.94
2022-05-12,9390.5274,404.24
2022-05-13,9615.2351,399.66
2022-05-16,9661.5911,395.84
2022-05-17,9562.1865,397.98
2022-05-18,9507.8036,393.32
2022-05-19,9560.7415,394.96
2022-05-20,9583.6398,397.18
2022-05-23,9536.69,397.16
2022-05-24,9324.179,398.08
2022-05-25,9481.1843,398.84
2022-05-26,9592.5159,400.36
2022-05-27,9629.7723,402.14
2022-05-30,9603.1121,399.92
2022-05-31,9579.2481,399.04
2022-06-01,9603.0661,396.36
2022-06-02,9504.9111,398.98
2022-06-06,9495.1989,398.0
2022-06-07,9504.9797,396.0
2022-06-08,9583.0021,398.02
2022-06-09,9602.1215,398.82
2022-06-10,9613.7353,397.54
2022-06-13,9424.3082,404.22
2022-06-14,9554.13,396.9
2022-06-15,9564.8964,394.46
2022-06-16,9423.4853,395.76
2022-06-17,9388.3476,398.58
2022-06-20,9355.5574,397.0
2022-06-21,9399.8957,396.26
2022-06-22,9247.9401,396.2
2022-06-23,9320.3691,396.7
2022-06-24,9278.2501,393.64
2022-06-27,9374.3694,396.32
2022-06-28,9418.7915,393.86
2022-06-29,9470.7002,393.34
2022-06-30,9486.9856,392.7
2022-07-01,9493.6352,388.94
2022-07-04,9468.9705,390.92
2022-07-05,9498.2995,390.52
2022-07-06,9284.2517,382.86
2022-07-07,9272.3551,377.44
2022-07-08,9257.7681,377.04
2022-07-11,9187.5318,377.0
2022-07-12,9247.6784,378.2
2022-07-13,9220.1859,375.6
2022-07-14,9048.7516,376.1
2022-07-15,8834.8024,373.38
2022-07-18,9019.4463,374.98
2022-07-19,9052.0153,373.84
2022-07-20,9063.0805,373.52
2022-07-21,8882.8139,370.32
2022-07-22,8877.2221,375.98
2022-07-25,8882.895,377.18
2022-07-26,9010.4529,377.46
2022-07-27,8975.5844,376.64
2022-07-28,8987.0848,380.72
2022-07-29,8897.1905,386.1
2022-08-01,8895.6577,385.8
2022-08-02,8682.3475,389.16
2022-08-03,8567.4435,387.3
2022-08-04,8634.6053,387.9
2022-08-05,8680.2461,391.1
2022-08-08,8766.0988,388.7
2022-08-09,8792.3511,390.46
2022-08-10,8767.3519,391.18
2022-08-11,8874.8535,389.56
2022-08-12,8936.1974,391.22
2022-08-15,8933.9994,392.0
2022-08-16,8949.3624,391.52
2022-08-17,8989.2621,389.9
2022-08-18,8906.0135,387.76
2022-08-19,8992.2576,387.56
2022-08-22,9063.2748,386.26
2022-08-23,9066.2836,387.32
2022-08-24,8973.5723,389.54
2022-08-25,9184.3622,390.82
2022-08-26,9159.5393,391.28
2022-08-29,9224.3443,387.94
2022-08-30,9238.3381,389.3
2022-08-31,9188.8251,386.92
2022-09-01,9291.2854,383.7
2022-09-02,9271.1407,383.02
2022-09-05,9450.1993,386.86
2022-09-06,9554.3249,388.98
2022-09-07,9562.3519,386.36
2022-09-08,9573.364,389.46
2022-09-09,9690.4081,389.52
2022-09-13,9633.8008,389.66
2022-09-14,9562.0907,387.2
2022-09-15,9609.083,385.24
2022-09-16,9321.7292,383.6
2022-09-19,9323.4784,384.7
2022-09-20,9276.1425,385.84
2022-09-21,9353.0719,386.98
2022-09-22,9313.1143,386.04
2022-09-23,9232.71,387.64
2022-09-26,9069.0898,384.38
2022-09-27,9165.6784,384.88
2022-09-28,9085.241,385.9
2022-09-29,9012.1551,389.66
2022-09-30,9050.8601,390.82
2022-10-10,9089.9998,393.24
2022-10-11,9078.4501,392.72
2022-10-12,9195.5046,393.04
2022-10-13,9109.1029,393.0
2022-10-14,9171.8622,392.42
2022-10-17,9137.3686,390.28
2022-10-18,9105.901,390.78
2022-10-19,9061.7611,390.18
2022-10-20,8991.5665,388.1
2022-10-21,9023.5514,387.46
2022-10-24,8818.3425,392.72
2022-10-25,8769.6638,393.82
2022-10-26,8702.8336,393.62
2022-10-27,8745.6947,392.7
2022-10-28,8592.9473,392.78
2022-10-31,8378.5434,391.66
2022-11-01,8459.1034,391.46
2022-11-02,8569.7414,392.1
2022-11-03,8500.4238,390.88
2022-11-04,8644.0231,390.8
2022-11-07,8685.9535,394.0
2022-11-08,8688.2112,394.82
2022-11-09,8678.2922,403.26
2022-11-10,8693.5955,403.54
2022-11-11,8918.7001,406.72
2022-11-14,8892.1563,403.44
2022-11-15,8935.4256,404.96
2022-11-16,8906.2876,407.12
2022-11-17,8875.629,407.7
2022-11-18,8825.1222,407.42
2022-11-21,8790.6669,405.2
2022-11-22,8885.2506,404.86
2022-11-23,8944.5426,404.66
2022-11-24,8984.9919,406.4
2022-11-25,9158.5829,407.6
2022-11-28,9108.9673,408.02
2022-11-29,9378.7339,406.56
2022-11-30,9362.4584,406.12
2022-12-01,9299.5737,407.1
2022-12-02,9230.3121,409.72
2022-12-05,9385.6385,405.72
2022-12-06,9344.8575,401.78
2022-12-07,9290.1805,401.1
2022-12-08,9321.2859,402.44
2022-12-09,9279.6339,403.46
2022-12-12,9153.6565,403.3
2022-12-13,9201.1824,403.54
2022-12-14,9165.7099,408.1
2022-12-15,9069.0404,404.86
2022-12-16,9168.8251,402.9
2022-12-19,9009.5039,405.3
2022-12-20,8918.5022,405.42
2022-12-21,8914.3024,409.5
2022-12-22,8863.2915,409.86
2022-12-23,8829.0665,406.8
2022-12-26,8815.6419,407.24
2022-12-27,8921.8788,407.96
2022-12-28,8927.9797,408.6
2022-12-29,8860.3043,408.36
2022-12-30,8920.7631,410.72
2023-01-03,8971.9799,411.2
2023-01-04,9036.8836,413.26
2023-01-05,9033.0745,412.5
2023-01-06,9023.288,409.54
2023-01-09,9019.6865,414.0
2023-01-10,8957.5211,413.7
2023-01-11,8991.5744,414.8
2023-01-12,8977.9017,414.58
2023-01-13,9062.936,415.22
2023-01-16,9092.9344,417.28
2023-01-17,9074.9339,419.0
2023-01-18,9108.9539,418.4
2023-01-19,9134.0376,419.66
2023-01-20,9214.2235,423.5
2023-01-30,9209.1723,422.68
2023-01-31,9226.9369,419.48
2023-02-01,9272.9595,421.58
2023-02-02,9279.0086,424.86
2023-02-03,9207.4425,419.34
2023-02-06,9189.117,413.8
2023-02-07,9227.1957,412.62
2023-02-08,9172.0072,412.7
2023-02-09,9249.5135,413.52
2023-02-10,9273.12,410.76
2023-02-13,9307.2231,413.08
2023-02-14,9357.2391,412.74
2023-02-15,9330.3787,411.66
2023-02-16,9282.2581,411.48
2023-02-17,9251.9578,410.26
2023-02-20,9472.6053,412.3
2023-02-21,9565.7241,411.7
2023-02-22,9568.1019,412.94
2023-02-23,9570.0073,411.94
2023-02-24,9547.3446,413.14
2023-02-27,9497.1394,412.2
2023-02-28,9550.3498,412.64
2023-03-01,9620.1392,414.04
2023-03-02,9679.7843,413.62
2023-03-03,9767.4058,415.58
2023-03-06,9751.5086,418.44
2023-03-07,9718.3416,418.82
2023-03-08,9716.929,414.08
2023-03-09,9689.2718,414.02
2023-03-10,9518.5253,416.76
2023-03-13,9648.8379,420.42
2023-03-14,9591.2087,426.36
2023-03-15,9756.9755,426.54
2023-03-16,9665.459,430.48
2023-03-17,9788.0689,432.44
2023-03-20,9758.3411,445.02
2023-03-21,9719.655,441.56
2023-03-22,9783.4643,435.42
2023-03-23,9789.9168,438.36
2023-03-24,9718.8947,440.7
2023-03-27,9635.9281,438.14
2023-03-28,9663.7242,436.18
2023-03-29,9610.9991,437.76
2023-03-30,9664.3213,438.9
2023-03-31,9694.8461,441.2
2023-04-03,9781.0196,435.62
2023-04-04,9840.6109,440.7
2023-04-06,9755.8612,447.18
2023-04-07,9748.4267,447.32
2023-04-10,9761.0179,442.8
2023-04-11,9868.339,444.84
2023-04-12,10022.2523,448.84
2023-04-13,10040.8349,448.82
2023-04-14,10005.3759,451.0
2023-04-17,10147.145,446.08
2023-04-18,10162.8492,444.26
2023-04-19,10175.8661,443.98
2023-04-20,10251.0835,444.54
2023-04-21,10100.7261,442.5
2023-04-24,10118.9245,441.16
2023-04-25,10196.4486,444.98
2023-04-26,10203.0203,446.34
2023-04-27,10236.8615,447.28
2023-04-28,10414.8583,444.04
2023-05-04,10694.3597,455.26
2023-05-05,10720.8424,457.92
2023-05-08,11032.5354,452.36
2023-05-09,10909.3811,453.18
2023-05-10,10636.9883,454.9
2023-05-11,10604.2678,454.82
2023-05-12,10481.209,451.5
2023-05-15,10442.1791,453.42
2023-05-16,10335.1417,452.26
2023-05-17,10302.9807,450.24
2023-05-18,10408.3241,449.4
2023-05-19,10242.6328,447.62
2023-05-22,10217.346,449.54
2023-05-23,10067.5749,447.62
2023-05-24,9927.1052,449.9
2023-05-25,9867.878,448.0
2023-05-26,10007.5088,445.5
2023-05-29,10061.1128,445.66
2023-05-30,10096.0648,444.62
2023-05-31,10014.9881,450.86
2023-06-01,10055.8544,450.98
2023-06-02,10065.4149,452.3
2023-06-05,10177.2178,447.26
2023-06-06,10104.7961,450.28
2023-06-07,10197.9447,451.1
2023-06-08,10273.0843,448.46
2023-06-09,10279.2053,452.34
2023-06-12,10201.9869,452.5
2023-06-13,10191.8014,453.68
2023-06-14,10105.9399,450.9
2023-06-15,10082.8157,447.14
2023-06-16,10059.8681,450.5
2023-06-19,9898.9198,451.24
2023-06-20,9795.5359,451.76
2023-06-21,9678.3244,449.84
2023-06-26,9506.5086,449.14
2023-06-27,9695.7316,448.86
2023-06-28,9714.633,447.1
2023-06-29,9664.0677,447.5
2023-06-30,9680.0239,448.6
2023-07-03,9814.651,449.52
2023-07-04,9762.0539,449.94
2023-07-05,9720.3497,450.7
2023-07-06,9691.255,451.66
2023-07-07,9715.5499,450.82
2023-07-10,9749.6312,452.08
2023-07-11,9771.3873,452.2
2023-07-12,9718.6588,452.12
2023-07-13,9856.0536,456.32
2023-07-14,9867.7016,454.0
2023-07-17,9738.5354,455.34
2023-07-18,9704.4921,456.94
2023-07-19,9782.0285,462.48
2023-07-20,9693.3386,461.96
2023-07-21,9679.6147,459.3
2023-07-24,9687.4639,459.1
2023-07-25,9869.7511,456.8
2023-07-26,9843.0586,458.68
2023-07-27,9861.4086,459.76
2023-07-28,10016.1169,456.3
2023-07-31,10093.5309,455.98
2023-08-01,10115.4755,457.58
2023-08-02,9980.7684,457.18
2023-08-03,9995.1289,455.04
2023-08-04,10013.5032,454.4
2023-08-07,9949.2985,455.64
2023-08-08,9943.2523,455.64
2023-08-09,9869.2075,455.36
2023-08-10,9882.4275,453.62
2023-08-11,9728.5615,455.56
2023-08-14,9733.0105,455.74
2023-08-15,9783.7257,455.86
2023-08-16,9749.3976,457.1
2023-08-17,9739.6379,456.86
2023-08-18,9698.114,455.1
2023-08-21,9636.3494,457.08
2023-08-22,9759.4226,456.5
2023-08-23,9748.0263,457.88
2023-08-24,9692.5279,460.04
2023-08-25,9694.42,458.5
2023-08-28,9825.1554,458.62
2023-08-29,9816.177,460.14
2023-08-30,9734.7266,461.48
2023-08-31,9663.5851,463.16
2023-09-01,9735.9015,462.46
2023-09-04,9928.3221,464.38
2023-09-05,9820.6854,464.98
2023-09-06,9801.2271,464.24
2023-09-07,9769.4275,464.12
2023-09-08,9707.1382,466.84
2023-09-11,9789.8676,466.54
2023-09-12,9771.6635,466.76
2023-09-13,9798.4856,467.66
2023-09-14,9875.9202,472.0
2023-09-15,9863.6133,469.72
2023-09-18,9853.3994,467.32
2023-09-19,9918.6106,469.8
2023-09-20,9939.1638,471.38
2023-09-21,9860.3241,470.88
2023-09-22,9935.76,470.48
2023-09-25,9914.3401,471.48
2023-09-26,9892.5128,470.6
2023-09-27,9865.8526,466.9
2023-09-28,9853.0431,459.5
2023-10-09,9817.405,454.8
2023-10-10,9715.7013,450.58
2023-10-11,9692.3959,450.4
2023-10-12,9815.07,453.66
2023-10-13,9797.9128,454.92
2023-10-16,9843.4556,461.2
2023-10-17,9892.1712,463.4
2023-10-18,9841.1382,467.94
2023-10-19,9654.9065,471.26
2023-10-20,9592.9554,476.68
2023-10-23,9453.1397,476.0
2023-10-24,9528.3196,475.2
2023-10-25,9627.6606,473.92
2023-10-26,9672.9235,476.66
2023-10-27,9700.2505,476.98
2023-10-30,9533.76,478.12
2023-10-31,9548.6345,478.94
2023-11-01,9550.3838,477.18
2023-11-02,9578.1294,478.72
2023-11-03,9528.6554,478.2
2023-11-06,9514.7356,475.96
2023-11-07,9519.9195,474.0
2023-11-08,9524.8324,471.84
2023-11-09,9551.3087,468.9
2023-11-10,9484.5785,471.36
2023-11-13,9529.4133,469.98
2023-11-14,9529.5974,471.52
2023-11-15,9600.6088,472.98
2023-11-16,9601.5056,471.86
2023-11-17,9578.6164,473.44
2023-11-20,9596.8482,468.0
2023-11-21,9636.0998,466.98
2023-11-22,9620.968,466.1
2023-11-23,9657.7263,465.46
2023-11-24,9655.0749,465.9
2023-11-27,9609.3321,470.08
2023-11-28,9602.0391,471.6
2023-11-29,9513.5626,475.46
2023-11-30,9550.5617,475.72
2023-12-01,9597.3882,475.78
2023-12-04,9616.3648,481.62
2023-12-05,9462.0492,475.0
2023-12-06,9449.1789,474.08
2023-12-07,9466.3878,474.88
2023-12-08,9434.4138,475.2
2023-12-11,9560.7256,471.6
2023-12-12,9618.3765,469.9
2023-12-13,9540.9326,469.02
2023-12-14,9527.8702,476.2
2023-12-15,9467.9038,475.46
2023-12-18,9460.7206,474.9
2023-12-19,9455.2397,475.9
2023-12-20,9437.4065,476.92
2023-12-21,9412.8404,477.02
2023-12-22,9416.0079,479.54
2023-12-25,9419.9392,480.8
2023-12-26,9410.3603,481.4
2023-12-27,9477.2003,482.6
2023-12-28,9440.7918,483.6
2023-12-29,9496.4789,481.7
2024-01-02,9597.9224,483.32
2024-01-03,9718.842,483.58
2024-01-04,9797.7886,481.64
2024-01-05,9831.1321,482.38
2024-01-08,9740.6351,481.72
2024-01-09,9799.6644,481.02
2024-01-10,9730.2898,479.86
2024-01-11,9668.8339,480.24
2024-01-12,9707.0147,480.78
2024-01-15,9777.7442,483.58
2024-01-16,9829.152,483.34
2024-01-17,9701.1889,479.66
2024-01-18,9631.5927,478.72
2024-01-19,9573.9669,480.36
2024-01-22,9301.4607,478.88
2024-01-23,9390.5326,479.18
2024-01-24,9614.9682,478.66
2024-01-25,9904.6507,476.84
2024-01-26,10044.0748,478.72
2024-01-29,10068.1377,480.04
2024-01-30,9942.7925,481.0
2024-01-31,9934.8924,481.58
2024-02-01,9817.5038,482.84
2024-02-02,9823.6767,484.82
2024-02-05,9813.0001,481.44
2024-02-06,9977.4624,480.66
2024-02-07,10116.7214,482.1
2024-02-08,10078.6616,483.54
2024-02-19,10327.1985,480.7
2024-02-20,10421.4054,480.42
2024-02-21,10467.6477,480.42
2024-02-22,10621.8046,480.06
2024-02-23,10618.2903,478.96
2024-02-26,10366.3872,481.54
2024-02-27,10425.7884,481.42
2024-02-28,10333.9686,481.28
2024-02-29,10434.7421,481.82
2024-03-01,10435.1596,483.8
2024-03-04,10491.726,490.1
2024-03-05,10567.4365,497.36
2024-03-06,10565.1458,500.7
2024-03-07,10607.4233,505.88
2024-03-08,10674.1207,506.28
2024-03-11,10601.6746,508.3
2024-03-12,10337.8669,506.74
2024-03-13,10307.1641,505.62
2024-03-14,10340.4205,506.34
2024-03-15,10369.8058,508.16
2024-03-18,10366.1328,504.04
2024-03-19,10320.4399,505.22
2024-03-20,10383.4225,505.74
2024-03-21,10428.2835,515.7
2024-03-22,10389.1023,512.48
2024-03-25,10408.8599,513.42
2024-03-26,10417.8839,514.2
2024-03-27,10400.5913,516.42
2024-03-28,10373.7485,520.0
2024-03-29,10526.1651,531.3
2024-04-01,10554.0788,534.04
2024-04-02,10618.8429,534.74
2024-04-03,10709.4553,541.52
2024-04-08,10756.8834,554.74
2024-04-09,10693.0732,556.92
2024-04-10,10720.2951,558.78
2024-04-11,10818.6585,555.22
2024-04-12,10806.5551,570.5
2024-04-15,11027.529,563.88
2024-04-16,11017.1823,567.0
2024-04-17,11240.3048,567.78
2024-04-18,11288.0914,565.52
2024-04-19,11297.7681,568.3
2024-04-22,11066.4545,558.42
2024-04-23,10899.2648,544.84
2024-04-24,10875.1865,551.0
2024-04-25,10955.6872,550.28
2024-04-26,10829.2271,554.58
2024-04-29,10783.6451,551.46
2024-04-30,10829.7578,549.5
2024-05-06,10902.3998,548.32
2024-05-07,10914.1164,549.82
2024-05-08,10960.5759,549.0
2024-05-09,11036.2771,548.1
2024-05-10,11097.7073,561.4
2024-05-13,11173.9303,557.62
2024-05-14,11124.5489,554.62
2024-05-15,11106.5937,559.02
2024-05-16,11117.9005,564.42
2024-05-17,11188.6718,564.86
2024-05-20,11301.9267,578.84
2024-05-21,11332.509,572.22
2024-05-22,11307.7794,573.32
2024-05-23,11192.7775,559.72
2024-05-24,11183.6303,554.48
2024-05-27,11376.3485,555.78
2024-05-28,11338.9499,555.96
2024-05-29,11336.8789,559.7
2024-05-30,11239.5412,554.2
2024-05-31,11239.301,556.86
2024-06-03,11138.8289,551.56
2024-06-04,11164.9319,556.24
2024-06-05,11009.0649,553.62
2024-06-06,11027.9388,562.14
2024-06-07,11110.0798,562.3
2024-06-11,10903.0018,544.78
2024-06-12,11025.9106,548.04
2024-06-13,10899.0697,548.44
2024-06-14,10874.7167,548.48
2024-06-17,10760.3904,549.46
2024-06-18,10797.0073,550.08
2024-06-19,10800.648,552.4
2024-06-20,10798.7704,557.16
2024-06-21,10771.2603,559.74
2024-06-24,10636.448,551.18
2024-06-25,10656.0169,552.16
2024-06-26,10658.6705,548.7
2024-06-27,10646.9413,545.4
2024-06-28,10735.2209,551.52
2024-07-01,10941.8043,551.42
2024-07-02,10968.489,552.48
2024-07-03,10867.2831,555.7
2024-07-04,10814.3841,558.34
2024-07-05,10728.9538,559.66
2024-07-08,10630.8056,560.74
2024-07-09,10741.1291,558.66
2024-07-10,10508.0918,561.1
2024-07-11,10516.3595,565.46
2024-07-12,10485.3696,568.54
2024-07-15,10586.1429,568.34
2024-07-16,10504.6367,574.94
2024-07-17,10429.1545,581.56
2024-07-18,10473.9196,581.48
2024-07-19,10390.9769,565.94
2024-07-22,10295.9502,565.4
2024-07-23,10244.7374,562.6
2024-07-24,10258.6998,569.64
2024-07-25,10195.6077,555.68
2024-07-26,10122.6471,557.38
2024-07-29,10171.2575,561.24
2024-07-30,10091.3471,562.02
2024-07-31,10181.1462,566.28
2024-08-01,10186.5052,570.9
2024-08-02,10175.9929,574.04
2024-08-05,10059.6173,559.94
2024-08-06,10018.4683,554.18
2024-08-07,10063.4008,556.06
2024-08-08,10074.0523,556.1
2024-08-09,10077.883,560.7
2024-08-12,10110.6712,565.3
2024-08-13,10147.3747,569.46
2024-08-14,10126.1628,568.22
2024-08-15,10228.7723,566.98
2024-08-16,10259.6242,567.74
2024-08-19,10408.4779,573.7
2024-08-20,10306.8436,574.24
2024-08-21,10229.0007,576.2
2024-08-22,10258.5929,574.46
2024-08-23,10241.6889,572.58
2024-08-26,10244.6622,576.2
2024-08-27,10304.3755,575.94
2024-08-28,10240.1585,575.16
2024-08-29,10024.9985,575.06
2024-08-30,9965.6458,574.06
2024-09-02,10018.6424,570.82
2024-09-03,9898.5714,572.12
2024-09-04,9865.7194,568.22
2024-09-05,9841.8366,572.04
2024-09-06,9778.5649,573.68
2024-09-09,9613.5746,569.22
2024-09-10,9627.9284,573.24
2024-09-11,9389.1495,576.12
2024-09-12,9436.2061,575.22
2024-09-13,9402.7579,583.58
2024-09-18,9533.3416,582.98
2024-09-19,9543.2402,582.2
2024-09-20,9525.6111,590.62
2024-09-23,9640.1023,595.14
2024-09-24,10065.913,594.24
2024-09-25,10224.6086,598.36
2024-09-26,10532.421,599.9
2024-09-27,10555.082,599.42
2024-09-30,11170.9987,596.72
2024-10-08,11308.2865,596.22
2024-10-09,10499.8165,588.56
2024-10-10,10931.0261,590.7
2024-10-11,10714.1822,597.38
2024-10-14,11051.0705,603.3
2024-10-15,10812.4046,603.64
2024-10-16,10998.0215,611.98
2024-10-17,10854.9156,614.26
2024-10-18,10918.9084,619.06
2024-10-21,10843.7076,625.82
2024-10-22,10897.2043,626.5
2024-10-23,10881.2436,629.96
2024-10-24,10825.9172,624.54
2024-10-25,10788.7813,624.72
2024-10-28,10826.772,626.58
2024-10-29,10673.0251,631.8
2024-10-30,10593.387,638.62
2024-10-31,10575.9616,635.66
2024-11-01,10674.3449,629.72
2024-11-04,10777.9611,625.38
2024-11-05,10909.2133,625.02
2024-11-06,10876.7189,624.06
2024-11-07,11055.5977,611.32
2024-11-08,10899.1163,615.48
2024-11-11,10814.3822,615.78
2024-11-12,10719.1552,605.66
2024-11-13,10774.8727,604.46
2024-11-14,10699.4585,593.1
2024-11-15,10675.2986,593.3
2024-11-18,10849.5111,600.6
2024-11-19,10875.0624,609.84
2024-11-20,10895.7256,610.6
2024-11-21,10867.6432,617.7
2024-11-22,10594.0029,627.88
2024-11-25,10613.1263,619.16
2024-11-26,10641.6068,610.84
2024-11-27,10771.441,616.46
2024-11-28,10732.8825,613.2
2024-11-29,10762.8183,618.8
2024-12-02,10775.879,613.28
2024-12-03,10909.2108,619.32
2024-12-04,10937.8135,618.22
2024-12-05,10932.1559,618.4
2024-12-06,11066.5012,615.94
2024-12-09,11104.619,619.12
2024-12-10,11109.6332,621.44
2024-12-11,11113.4366,627.06
2024-12-12,11144.9246,631.38
2024-12-13,10939.0218,625.6
2024-12-16,11108.819,619.72
2024-12-17,11099.028,619.14
2024-12-18,11184.3712,618.5
2024-12-19,11066.1367,613.52
2024-12-20,10984.38,613.94
2024-12-23,11018.5996,620.14
2024-12-24,11135.6282,617.58
2024-12-25,11209.5041,619.0
2024-12-26,11162.1284,619.74
2024-12-27,11187.8297,620.22
2024-12-30,11278.0536,617.66
2025-01-02,10947.0973,622.4
2025-01-03,10824.5494,627.96
2025-01-06,10850.6444,624.92
2025-01-07,10870.2285,625.02
2025-01-08,10910.465,627.96
2025-01-09,10775.1911,631.3
2025-01-10,10646.892,635.46
2025-01-13,10543.6155,637.14
2025-01-14,10695.2771,632.1
2025-01-15,10711.9449,636.84
2025-01-16,10808.3081,639.12
2025-01-17,10791.5909,640.68
2025-01-20,10774.9802,639.8
2025-01-21,10699.5613,639.78
2025-01-22,10538.7483,645.46
2025-01-23,10692.4749,646.2
2025-01-24,10721.2233,648.9
2025-01-27,10875.6489,647.54
2025-02-05,10681.4748,670.64
2025-02-06,10686.2535,668.46
2025-02-07,10698.4264,669.9
2025-02-10,10687.1169,679.08
2025-02-11,10801.0905,685.74
2025-02-12,10832.6884,681.22
2025-02-13,10845.1894,684.56
2025-02-14,10856.4618,688.4
2025-02-17,10845.0976,677.1
2025-02-18,10844.3906,682.82
2025-02-19,10844.3409,687.8
2025-02-20,10825.1008,690.0
2025-02-21,10722.6426,684.44
2025-02-24,10714.9569,685.98
2025-02-25,10620.419,685.58
2025-02-26,10698.5924,679.42
2025-02-27,10791.6057,677.0
2025-02-28,10739.3315,672.12
2025-03-03,10749.1904,672.4
2025-03-04,10747.3759,676.82
2025-03-05,10840.1991,682.16
2025-03-06,10786.6754,680.64
2025-03-07,10769.551,679.48
2025-03-10,10717.1915,681.5
2025-03-11,10788.2868,677.56
2025-03-12,10772.9285,679.56
2025-03-13,10827.9964,684.5
2025-03-14,10919.8561,694.96
2025-03-17,10954.0874,695.94
2025-03-18,10943.0916,700.7
2025-03-19,11013.6487,707.34
2025-03-20,10965.6582,708.5
2025-03-21,10931.571,706.96
2025-03-24,11004.471,707.14
2025-03-25,11079.9443,706.76
2025-03-26,11044.664,709.02
2025-03-27,11068.4388,710.3
2025-03-28,11033.1981,722.8
2025-03-31,11039.7558,729.8
2025-04-01,11066.4306,736.3
2025-04-02,11148.4377,733.6
2025-04-03,11173.5113,739.04
2025-04-07,10575.6606,718.18
2025-04-08,10805.7259,719.22
2025-04-09,10777.0133,728.14
2025-04-10,10838.954,744.48
2025-04-11,10787.0443,757.3
2025-04-14,10874.5854,763.64
2025-04-15,10997.3913,764.44
2025-04-16,11092.5416,781.6
2025-04-17,11105.36,789.22
2025-04-18,11126.957,791.02
2025-04-21,11055.186,805.06
2025-04-22,11118.1093,831.42
2025-04-23,11065.8913,784.28
2025-04-24,11180.8293,792.2
2025-04-25,11160.1247,787.2
2025-04-28,11215.7669,780.04
2025-04-29,11183.8026,785.14
2025-04-30,10971.4835,780.3
2025-05-06,10989.8017,794.8
2025-05-07,11086.3512,803.5
2025-05-08,11144.8682,790.78
2025-05-09,11220.361,788.42
2025-05-12,11225.6825,772.28
2025-05-13,11341.6468,767.68
2025-05-14,11408.4634,761.72
2025-05-15,11361.2502,739.82
2025-05-16,11291.2705,751.8
2025-05-19,11315.2715,755.86
2025-05-20,11355.5872,754.38
2025-05-21,11419.0487,778.78
2025-05-22,11471.2389,780.1
2025-05-23,11381.436,780.1
2025-05-26,11338.1181,777.3
2025-05-27,11347.4312,771.6
2025-05-28,11402.55,772.28
2025-05-29,11381.564,764.32
2025-05-30,11420.3111,771.8
2025-06-03,11539.2017,783.1
2025-06-04,11585.3733,782.42
2025-06-05,11493.1267,783.72
2025-06-06,11503.0106,783.24
2025-06-09,11508.6044,774.72
2025-06-10,11522.101,775.06
2025-06-11,11533.3473,777.54
2025-06-12,11570.5681,785.16
2025-06-13,11457.8901,794.36
2025-06-16,11522.9117,792.3
2025-06-17,11496.2152,785.08
2025-06-18,11563.4999,785.42
2025-06-19,11532.3805,781.24
2025-06-20,11574.3579,778.58
2025-06-23,11639.5817,781.3
2025-06-24,11668.0086,771.86
2025-06-25,11737.6464,773.94
2025-06-26,11767.4254,775.28
2025-06-27,11578.3421,766.4
2025-06-30,11544.8644,767.58
2025-07-01,11664.2806,776.1
2025-07-02,11690.3539,776.04
2025-07-03,11692.7168,781.28
2025-07-04,11803.4995,777.06
2025-07-07,11863.7132,771.3
2025-07-08,11838.5343,776.22
2025-07-09,11902.5541,766.82
2025-07-10,11946.9514,773.3
2025-07-11,11808.713,773.56
2025-07-14,11884.8612,781.4
2025-07-15,11775.0805,780.4
2025-07-16,11731.9346,776.66
2025-07-17,11697.787,776.28
2025-07-18,11756.5099,777.02
2025-07-21,11758.4197,781.7
2025-07-22,11781.1709,784.84
2025-07-23,11795.9125,792.9
2025-07-24,11703.8688,778.74
2025-07-25,11625.286,777.32
2025-07-28,11569.6462,774.78
2025-07-29,11501.5985,771.44
2025-07-30,11543.9766,773.78
2025-07-31,11400.1963,770.28
2025-08-01,11397.9654,770.72
2025-08-04,11466.903,781.42
2025-08-05,11603.0884,782.5
2025-08-06,11618.8287,783.68
2025-08-07,11656.1744,785.02
2025-08-08,11675.7949,787.8
2025-08-11,11600.8616,779.48
2025-08-12,11641.7139,776.04
2025-08-13,11573.5982,777.72
2025-08-14,11568.0434,778.7
2025-08-15,11530.9168,775.8
2025-08-18,11562.4487,777.66
2025-08-19,11569.3176,775.06
2025-08-20,11662.6382,772.68
2025-08-21,11721.4548,775.12
2025-08-22,11681.6958,773.4
2025-08-25,11788.3522,779.18
2025-08-26,11759.8192,781.12
2025-08-27,11548.4431,781.16
2025-08-28,11570.3755,783.22
2025-08-29,11516.8691,785.12
2025-09-01,11497.6225,800.56
2025-09-02,11593.7268,804.32
2025-09-03,11464.957,814.88
2025-09-04,11494.9289,812.98
2025-09-05,11442.9609,815.6
2025-09-08,11456.9827,822.86
2025-09-09,11505.0736,834.48
2025-09-10,11484.5877,833.42
2025-09-11,11517.3077,830.78
2025-09-12,11430.2793,834.22
2025-09-15,11342.1166,831.6
2025-09-16,11294.3392,842.08
2025-09-17,11328.9774,835.08
2025-09-18,11104.3429,824.1
2025-09-19,11173.0395,830.56
2025-09-22,11090.3084,846.5
2025-09-23,11165.4305,855.44
2025-09-24,11155.5041,860.0
2025-09-25,11064.0291,854.72
2025-09-26,11057.0151,856.06
2025-09-29,11051.1838,866.52
2025-09-30,10967.0639,874.4
2025-10-09,10992.4929,914.32
2025-10-10,11074.1153,901.56
2025-10-13,11142.0004,927.56
2025-10-14,11339.3971,938.98
2025-10-15,11398.2238,960.34
2025-10-16,11455.0672,966.42
2025-10-17,11412.0329,999.8
2025-10-20,11419.2438,970.32
2025-10-21,11459.7201,994.06
2025-10-22,11530.8706,952.56
2025-10-23,11591.3336,942.28
2025-10-24,11514.3828,938.1
2025-10-27,11520.7706,934.14
2025-10-28,11503.1395,901.38
2025-10-29,11411.0298,910.88
2025-10-30,11421.1123,912.16
2025-10-31,11415.441,921.92
2025-11-03,11567.4151,922.58
2025-11-04,11688.8762,915.58
2025-11-05,11692.4013,912.26
2025-11-06,11695.0704,917.8
2025-11-07,11696.6809,921.26
2025-11-10,11802.5904,935.98
2025-11-11,11830.5688,948.88
2025-11-12,11919.9918,945.76
2025-11-13,11908.5772,961.22
2025-11-14,11868.5902,953.2
2025-11-17,11771.0564,929.46
2025-11-18,11684.9929,918.52
2025-11-19,11704.4449,937.0
2025-11-20,11750.2293,932.56
2025-11-21,11592.0195,926.94
2025-11-24,11521.2395,930.32
2025-11-25,11592.0176,946.5
2025-11-26,11520.9384,946.72
2025-11-27,11541.7021,947.16
2025-11-28,11525.3201,953.92
2025-12-01,11617.1435,963.28
2025-12-02,11606.6295,958.42
2025-12-03,11547.9044,956.7
2025-12-04,11491.8522,953.42
2025-12-05,11425.5991,961.04
2025-12-08,11398.8998,958.7
2025-12-09,11320.3223,951.54
2025-12-10,11260.7844,956.4
2025-12-11,11202.4094,957.9
2025-12-12,11206.5096,970.66
2025-12-15,11236.04,983.16
2025-12-16,11185.8672,971.42
2025-12-17,11197.3187,979.72
2025-12-18,11307.2755,980.5
2025-12-19,11290.708,979.9
2025-12-22,11223.6029,1000.86
2025-12-23,11244.5315,1014.24
2025-12-24,11255.4488,1014.68
2025-12-25,11268.0164,1008.76
2025-12-26,11248.5608,1016.3
2025-12-29,11251.6818,1007.18
2025-12-30,11238.4824,984.84
2026-01-05,11235.1817,995.0
2026-01-06,11248.3514,1004.98
2026-01-07,11188.366,998.9
2026-01-08,11119.0034,997.94
2026-01-09,11125.0068,1006.48
2026-01-12,11141.687,1026.28
2026-01-13,11169.9111,1027.18
2026-01-14,11051.6697,1040.62
2026-01-15,11026.2597,1035.2
2026-01-16,10930.3461,1032.32
2026-01-19,10949.2607,1048.88
2026-01-20,11110.6271,1060.16
2026-01-21,11019.9041,1092.3
2026-01-22,11039.9732,1087.58
2026-01-23,10994.3237,1115.64
2026-01-26,11051.7898,1143.32
2026-01-27,10991.5521,1148.38
2026-01-28,11016.8897,1186.2
2026-01-29,11176.255,1249.12
2026-01-30,11168.1959,1161.42
2026-02-02,11026.0675,1008.6
2026-02-03,11006.1243,1093.78
2026-02-04,11172.6629,1141.7
2026-02-05,11299.0111,1105.76
2026-02-06,11262.0053,1090.12
2026-02-09,11314.0633,1125.94
2026-02-10,11342.3017,1121.22
2026-02-11,11369.3966,1130.4
2026-02-12,11264.2016,1126.12
2026-02-13,11144.7749,1110.1
2026-02-24,11216.7071,1150.5
2026-02-25,11199.5939,1151.06
2026-02-26,11177.5056,1146.48
2026-02-27,11211.9964,1147.9
2026-03-02,11321.9039,1197.22
2026-03-03,11424.7149,1182.0
2026-03-04,11280.9902,1153.06
2026-03-05,11309.8968,1152.0
2026-03-06,11367.8234,1140.8
2026-03-09,11373.3768,1140.0
2026-03-10,11340.5808,1150.0
2026-03-11,11464.3255,1151.98
2026-03-12,11526.562,1148.1
2026-03-13,11550.1624,1133.0
2026-03-16,11547.395,1118.34
2026-03-17,11574.0089,1116.2
2026-03-18,11531.9206,1113.52
2026-03-19,11486.403,1062.0
2026-03-20,11449.5314,1039.22
2026-03-23,11054.6887,940.0
2026-03-24,11278.0054,977.28
2026-03-25,11359.0246,1013.96
2026-03-26,11351.9626,995.98
2026-03-27,11310.6663,998.66
2026-03-30,11419.9833,1014.88
2026-03-31,11457.5013,1020.1
2026-04-01,11466.0363,1053.18
2026-04-02,11515.6429,1023.78
2026-04-03,11353.9189,1033.0
2026-04-07,11292.3872,1034.28
2026-04-08,11400.6711,1062.0
2026-04-09,11316.187,1041.32
2026-04-10,11307.4814,1048.36
2026-04-13,11270.8193,1043.4
2026-04-14,11319.7634,1052.82
2026-04-15,11389.0182,1058.24
2026-04-16,11387.2652,1061.5
2026-04-17,11361.1919,1054.02
2026-04-20,11403.8262,1054.96
2026-04-21,11465.9564,1051.7
2026-04-22,11418.6543,1051.4
2026-04-23,11488.4915,1040.06
2026-04-24,11471.5551,1032.12
2026-04-27,11356.1993,1039.42
2026-04-28,11395.8848,1022.1
2026-04-29,11430.238,1011.88
2026-04-30,11322.6872,1016.12
2026-05-06,11266.6985,1028.48
2026-05-07,11227.9743,1040.98
2026-05-08,11222.0448,1038.22
2026-05-11,11221.8301,1026.8
2026-05-12,11214.5035,1030.12
2026-05-13,11215.1229,1030.56
2026-05-14,11191.4553,1029.6
2026-05-15,11115.8168,1004.38
