date,stock,bond,gold
2006-02-22,1012.98,47.8414,553.9
2006-02-23,1009.19,47.721,548.4
2006-02-24,1012.07,47.6478,558.8
2006-02-27,1021.07,47.5693,554.7
2006-02-28,1009.84,47.8048,561.6
2006-03-01,1035.21,47.5159,563.5
2006-03-02,1037.72,47.1851,568.2
2006-03-03,1036.26,46.912,566.0
2006-03-06,1023.04,46.5024,554.9
2006-03-07,1010.95,46.5339,552.7
2006-03-08,1008.35,46.5181,542.5
2006-03-09,1003.6,46.5339,545.5
2006-03-10,1003.14,46.3606,539.9
2006-03-13,1006.15,46.3238,546.1
2006-03-14,1019.24,46.6337,551.7
2006-03-15,1032.03,46.3816,553.1
2006-03-16,1019.27,46.8017,554.4
2006-03-17,1024.9399,46.6599,554.1
2006-03-20,1025.96,46.7335,555.2
2006-03-21,1021.11,46.4919,552.4
2006-03-22,1026.21,46.5917,550.9
2006-03-23,1025.91,46.4446,550.1
2006-03-24,1033.77,46.786,560.0
2006-03-27,1034.01,46.6127,567.0
2006-03-28,1028.27,46.1768,566.6
2006-03-29,1048.76,45.9563,573.0
2006-03-30,1053.3101,45.6359,586.7
2006-03-31,1048.8,45.6201,581.8
2006-04-03,1049.22,45.6349,589.4
2006-04-04,1050.15,45.5875,586.0
2006-04-05,1066.9,45.6507,587.9
2006-04-06,1073.85,45.3028,595.2
2006-04-07,1061.55,44.86,588.4
2006-04-10,1057.3,44.9443,597.6
2006-04-11,1046.4399,45.1025,595.2
2006-04-12,1048.24,44.8284,597.5
2006-04-13,1055.76,44.5121,596.5
2006-04-17,1041.15,44.6755,615.4
2006-04-18,1062.87,44.7546,620.0
2006-04-19,1073.21,44.4804,632.6
2006-04-20,1075.4399,44.4435,619.8
2006-04-21,1055.05,44.7018,632.2
2006-04-24,1052.77,44.8811,620.6
2006-04-25,1055.16,44.3486,631.0
2006-04-26,1057.96,44.2749,638.8
2006-04-27,1064.46,44.3329,633.3
2006-04-28,1055.47,44.3645,651.8
2006-05-01,1048.16,44.0311,657.5
2006-05-02,1052.12,44.1475,664.7
2006-05-03,1056.88,44.0522,665.9
2006-05-04,1066.6801,43.9782,674.2
2006-05-05,1071.88,44.2428,682.2
2006-05-08,1070.08,44.2692,677.8
2006-05-09,1063.7,44.2428,699.4
2006-05-10,1047.63,44.3221,703.7
2006-05-11,1019.99,44.1052,719.8
2006-05-12,1006.58,43.74,710.3
2006-05-15,998.87,43.9146,683.6
2006-05-16,992.71,44.2428,691.5
2006-05-17,978.59,43.9676,690.5
2006-05-18,971.3,44.5656,679.6
2006-05-19,979.51,44.682,656.7
2006-05-22,965.06,44.7773,657.0
2006-05-23,956.07,44.7508,673.0
2006-05-24,961.68,44.772,637.0
2006-05-25,967.38,44.5973,648.4
2006-05-26,972.21,44.5656,650.9
2006-05-30,952.54,44.5444,653.9
2006-05-31,962.35,44.2798,642.5
2006-06-01,983.94,44.4775,627.6
2006-06-02,980.04,45.0513,635.5
2006-06-05,959.23,44.9928,643.2
2006-06-06,956.6,45.2054,629.4
2006-06-07,945.42,45.216,627.4
2006-06-08,937.92,45.3063,609.1
2006-06-09,933.94,45.5454,608.2
2006-06-12,909.59,45.5826,606.8
2006-06-13,906.55,45.6145,562.5
2006-06-14,913.82,45.1575,562.3
2006-06-15,947.46,44.8972,566.5
2006-06-16,940.3,44.7962,578.0
2006-06-19,930.99,44.7325,568.8
2006-06-20,931.35,44.6581,576.9
2006-06-21,950.58,44.6687,587.5
2006-06-22,941.74,44.4137,582.2
2006-06-23,939.52,44.3234,584.8
2006-06-26,941.54,44.2384,584.8
2006-06-27,919.28,44.4562,581.6
2006-06-28,924.3,44.2224,578.3
2006-06-29,951.67,44.3712,586.5
2006-06-30,947.31,44.8016,613.5
2006-07-03,955.44,44.7573,613.5
2006-07-05,932.97,44.3999,627.3
2006-07-06,930.7,44.672,634.1
2006-07-07,917.1,44.96,632.8
2006-07-10,896.19,45.0026,624.1
2006-07-11,906.83,45.1467,641.2
2006-07-12,884.98,45.1573,649.4
2006-07-13,873.27,45.3334,652.9
2006-07-14,866.36,45.36,666.6
2006-07-17,865.51,45.4294,650.6
2006-07-18,870.16,45.04,628.3
2006-07-19,881.99,45.4667,641.6
2006-07-20,861.73,45.6,631.7
2006-07-21,842.28,45.5147,619.6
2006-07-24,867.37,45.488,612.7
2006-07-25,874.39,45.3547,617.6
2006-07-26,873.52,45.5201,621.6
2006-07-27,875.16,45.4507,632.4
2006-07-28,896.01,45.7121,634.8
2006-07-31,897.28,45.7708,634.2
2006-08-01,878.42,45.7664,646.3
2006-08-02,890.97,45.9378,651.6
2006-08-03,899.44,45.9485,644.9
2006-08-04,893.43,46.227,644.0
2006-08-07,888.07,46.2538,647.8
2006-08-08,883.02,46.1521,645.7
2006-08-09,887.82,46.0021,650.5
2006-08-10,894.88,45.9325,634.9
2006-08-11,884.42,45.7343,633.5
2006-08-14,893.0,45.654,628.5
2006-08-15,926.93,46.0396,622.5
2006-08-16,954.99,46.3502,628.7
2006-08-17,960.15,46.3341,615.4
2006-08-18,961.99,46.468,612.1
2006-08-21,946.66,46.634,625.7
2006-08-22,948.53,46.6501,624.6
2006-08-23,941.42,46.6715,623.7
2006-08-24,947.57,46.7572,619.5
2006-08-25,948.79,46.8268,622.0
2006-08-28,958.85,46.8697,615.3
2006-08-29,964.6,46.9339,610.7
2006-08-30,975.8,47.0571,617.7
2006-08-31,969.53,47.1696,625.9
2006-09-01,969.15,47.1857,624.4
2006-09-04,969.15,47.1857,624.4
2006-09-05,979.52,46.89,638.5
2006-09-06,955.24,46.8254,633.5
2006-09-07,945.74,46.9169,617.0
2006-09-08,953.79,46.9545,609.6
2006-09-11,962.74,46.9114,590.0
2006-09-12,991.99,47.148,586.9
2006-09-13,998.51,47.1696,589.1
2006-09-14,1003.06,47.062,579.3
2006-09-15,1007.71,47.0244,576.4
2006-09-18,1012.01,46.9491,586.2
2006-09-19,1002.38,47.476,576.8
2006-09-20,1019.57,47.5459,580.0
2006-09-21,1011.32,47.9814,582.2
2006-09-22,1003.33,48.218,589.4
2006-09-25,1024.01,48.5567,589.9
2006-09-26,1023.01,48.3524,591.2
2006-09-27,1013.72,48.2126,597.3
2006-09-28,1020.71,48.132,605.0
2006-09-29,1015.38,48.0728,598.6
2006-10-02,1005.66,48.2045,597.7
2006-10-03,1005.33,48.1398,576.3
2006-10-04,1030.97,48.4907,562.0
2006-10-05,1033.0,48.1505,571.0
2006-10-06,1031.86,47.6485,572.4
2006-10-09,1035.86,47.7781,578.4
2006-10-10,1034.67,47.4002,571.9
2006-10-11,1038.67,47.2599,572.3
2006-10-12,1052.4,47.2869,576.3
2006-10-13,1061.1,47.0494,588.8
2006-10-16,1064.9,47.2599,594.7
2006-10-17,1048.51,47.2977,589.7
2006-10-18,1035.14,47.3948,588.9
2006-10-19,1031.17,47.3085,599.0
2006-10-20,1025.36,47.2599,593.0
2006-10-23,1033.14,47.071,579.7
2006-10-24,1026.9,47.071,584.4
2006-10-25,1041.02,47.4434,587.6
2006-10-26,1045.6,47.7511,596.8
2006-10-27,1026.87,47.9724,598.2
2006-10-30,1046.26,48.1074,604.7
2006-10-31,1048.62,48.4799,604.1
2006-11-01,1032.62,48.7481,616.6
2006-11-02,1033.85,48.5476,625.4
2006-11-03,1035.41,47.9732,626.9
2006-11-06,1055.21,48.1141,625.8
2006-11-07,1065.49,48.3362,625.7
2006-11-08,1071.16,48.5097,616.4
2006-11-09,1063.87,48.4826,635.0
2006-11-10,1070.52,48.6939,628.4
2006-11-13,1086.15,48.683,624.2
2006-11-14,1101.85,48.8727,623.8
2006-11-15,1102.91,48.6885,622.5
2006-11-16,1105.05,48.4663,620.6
2006-11-17,1105.15,48.7426,621.5
2006-11-20,1113.71,48.8185,621.2
2006-11-21,1115.6899,48.9377,628.2
2006-11-22,1128.91,49.019,628.7
2006-11-24,1125.65,49.1057,628.7
2006-11-27,1092.86,49.2845,628.7
2006-11-28,1095.0,49.3875,637.2
2006-11-29,1098.59,49.2737,635.5
2006-11-30,1104.67,49.5988,646.9
2006-12-01,1089.52,49.725,644.7
2006-12-04,1108.03,49.8121,645.2
2006-12-05,1105.2,49.5782,642.3
2006-12-06,1102.17,49.4803,630.5
2006-12-07,1088.66,49.4422,631.9
2006-12-08,1089.76,49.0832,626.1
2006-12-11,1091.02,49.2953,630.0
2006-12-12,1085.6899,49.3987,627.0
2006-12-13,1083.86,48.9581,627.9
2006-12-14,1101.11,48.7786,626.6
2006-12-15,1104.99,48.8058,615.0
2006-12-18,1094.5,48.8221,614.0
2006-12-19,1087.84,48.7568,621.6
2006-12-20,1086.1899,48.7514,620.6
2006-12-21,1078.21,48.9962,618.2
2006-12-22,1066.85,48.6209,619.1
2006-12-26,1071.55,48.7677,623.7
2006-12-27,1078.9399,48.4091,627.2
2006-12-28,1076.12,48.3,634.1
2006-12-29,1072.33,48.2618,635.2
2007-01-02,1072.33,48.2618,635.2
2007-01-03,1075.91,48.6057,627.1
2007-01-04,1097.08,48.9004,623.9
2007-01-05,1090.9301,48.6875,604.9
2007-01-08,1093.4399,48.7748,607.5
2007-01-09,1096.36,48.7748,613.1
2007-01-10,1110.66,48.5565,611.6
2007-01-11,1119.1801,48.2727,612.4
2007-01-12,1122.55,48.049,625.5
2007-01-16,1113.4399,48.1527,624.6
2007-01-17,1104.0699,48.0053,632.1
2007-01-18,1070.05,48.1527,627.1
2007-01-19,1072.99,48.0217,635.5
2007-01-22,1062.03,48.1363,633.3
2007-01-23,1062.35,47.8197,645.2
2007-01-24,1087.03,47.8143,647.6
2007-01-25,1073.72,47.4704,647.8
2007-01-26,1075.46,47.4322,644.5
2007-01-29,1073.51,47.3286,643.1
2007-01-30,1077.98,47.3831,644.2
2007-01-31,1078.53,47.7815,652.0
2007-02-01,1082.91,47.724,657.4
2007-02-02,1089.23,47.7843,646.2
2007-02-05,1093.92,47.8501,650.9
2007-02-06,1090.53,48.1131,653.6
2007-02-07,1104.87,48.2556,652.3
2007-02-08,1104.78,48.2939,658.0
2007-02-09,1086.48,48.0199,667.5
2007-02-12,1080.76,47.9103,662.6
2007-02-13,1082.95,47.8062,663.9
2007-02-14,1103.76,48.261,667.4
2007-02-15,1111.05,48.4035,667.3
2007-02-16,1108.53,48.5734,668.8
2007-02-20,1114.9301,48.6829,657.1
2007-02-21,1113.65,48.6008,680.2
2007-02-22,1121.6801,48.3377,679.4
2007-02-23,1120.29,48.6829,683.1
2007-02-26,1120.29,49.0062,686.5
2007-02-27,1069.99,49.6255,683.9
2007-02-28,1075.54,49.4009,669.4
2007-03-01,1068.86,49.3695,662.3
2007-03-02,1050.85,49.617,641.5
2007-03-05,1039.4301,49.6995,636.7
2007-03-06,1058.74,49.551,643.8
2007-03-07,1051.39,49.7435,650.6
2007-03-08,1062.02,49.6995,653.4
2007-03-09,1063.71,49.177,650.0
2007-03-12,1072.25,49.3695,648.4
2007-03-13,1048.79,49.6665,647.6
2007-03-14,1060.09,49.441,640.9
2007-03-15,1060.14,49.4355,645.7
2007-03-16,1057.9301,49.4245,652.6
2007-03-19,1063.49,49.32,653.1
2007-03-20,1072.3101,49.3475,657.9
2007-03-21,1099.37,49.3695,659.0
2007-03-22,1091.8,48.9789,663.4
2007-03-23,1090.96,48.8414,656.7
2007-03-26,1096.47,48.9019,663.4
2007-03-27,1087.21,48.8194,662.1
2007-03-28,1071.74,48.7204,666.5
2007-03-29,1067.52,48.6544,661.5
2007-03-30,1068.92,48.5608,663.0
2007-04-02,1067.47,48.6415,665.7
2007-04-03,1079.23,48.5807,664.0
2007-04-04,1085.35,48.6304,672.1
2007-04-05,1093.28,48.4482,674.2
2007-04-09,1090.65,48.128,671.9
2007-04-10,1098.53,48.2716,676.5
2007-04-11,1088.17,48.2384,676.8
2007-04-12,1097.11,48.2495,675.1
2007-04-13,1099.62,48.1004,685.4
2007-04-16,1109.38,48.3654,690.1
2007-04-17,1108.72,48.636,688.2
2007-04-18,1112.5601,48.8789,689.1
2007-04-19,1110.87,48.7961,684.3
2007-04-20,1115.0601,48.6691,692.0
2007-04-23,1114.03,48.8457,690.6
2007-04-24,1126.11,49.0279,684.2
2007-04-25,1133.1,48.8568,684.1
2007-04-26,1137.84,48.5034,674.9
2007-04-27,1134.34,48.4924,678.7
2007-04-30,1119.84,49.0003,680.5
2007-05-01,1122.49,49.0358,674.4
2007-05-02,1130.11,49.0081,672.3
2007-05-03,1135.54,48.8973,681.8
2007-05-04,1142.16,49.0968,687.2
2007-05-07,1139.02,49.2298,688.0
2007-05-08,1140.98,49.119,685.1
2007-05-09,1149.1,48.925,680.3
2007-05-10,1130.11,49.0414,665.1
2007-05-11,1147.41,48.8696,670.6
2007-05-14,1140.2,48.7421,668.5
2007-05-15,1126.14,48.7255,673.0
2007-05-16,1136.15,48.6923,660.2
2007-05-17,1130.7,48.4928,656.2
2007-05-18,1139.6899,48.1714,661.0
2007-05-21,1144.09,48.3154,662.9
2007-05-22,1148.52,48.0661,659.1
2007-05-23,1137.1,47.9275,661.9
2007-05-24,1115.0,47.9719,653.0
2007-05-25,1125.37,47.861,655.1
2007-05-29,1134.14,47.8555,657.1
2007-05-30,1141.99,47.9553,653.1
2007-05-31,1151.98,47.8666,661.0
2007-06-01,1155.11,47.6151,671.2
2007-06-04,1159.73,47.8321,670.7
2007-06-05,1158.13,47.5317,669.6
2007-06-06,1148.1801,47.5094,669.3
2007-06-07,1126.92,46.6582,660.1
2007-06-08,1146.53,46.6193,645.5
2007-06-11,1148.0,46.4858,654.3
2007-06-12,1140.72,45.8127,648.5
2007-06-13,1156.75,46.3579,648.2
2007-06-14,1163.78,46.2411,651.6
2007-06-15,1174.24,46.5581,654.5
2007-06-18,1174.7,46.4635,655.8
2007-06-19,1172.25,46.8975,660.7
2007-06-20,1161.38,46.5192,656.1
2007-06-21,1180.59,46.2967,650.6
2007-06-22,1169.0699,46.5971,653.5
2007-06-25,1157.5601,46.853,651.3
2007-06-26,1154.78,46.8641,642.1
2007-06-27,1171.96,46.9086,641.7
2007-06-28,1172.76,46.8975,647.5
2007-06-29,1173.35,47.3815,648.1
2007-07-02,1183.37,47.6306,656.5
2007-07-03,1186.13,47.3402,652.9
2007-07-05,1195.1899,46.8096,648.4
2007-07-06,1200.4301,46.6197,652.7
2007-07-09,1206.3,46.7873,660.5
2007-07-10,1196.84,47.5803,662.5
2007-07-11,1203.49,47.0888,660.3
2007-07-12,1232.15,46.9269,666.7
2007-07-13,1231.89,47.0553,665.8
2007-07-16,1228.48,47.5077,665.0
2007-07-17,1246.09,47.4072,664.7
2007-07-18,1237.4399,47.5859,672.6
2007-07-19,1258.28,47.5747,677.2
2007-07-20,1242.4301,48.0047,683.9
2007-07-23,1241.35,47.9265,680.8
2007-07-24,1224.6801,48.1053,684.2
2007-07-25,1229.25,48.2001,673.3
2007-07-26,1205.4399,48.6023,662.5
2007-07-27,1184.12,48.7418,660.0
2007-07-30,1198.54,48.6023,664.1
2007-07-31,1173.8101,48.9541,666.9
2007-08-01,1181.46,48.8481,663.6
2007-08-02,1189.13,48.9714,664.6
2007-08-03,1151.9301,49.2966,672.5
2007-08-06,1169.7,48.9378,671.5
2007-08-07,1170.83,48.8986,670.6
2007-08-08,1195.49,48.3043,674.5
2007-08-09,1168.64,48.3716,661.4
2007-08-10,1164.24,48.2595,670.3
2007-08-13,1165.95,48.3996,669.7
2007-08-14,1145.08,48.5285,668.6
2007-08-15,1123.14,48.3548,668.9
2007-08-16,1115.02,48.8537,648.3
2007-08-17,1142.1801,48.6575,656.9
2007-08-20,1149.39,48.6856,656.7
2007-08-21,1153.8,48.921,656.7
2007-08-22,1170.62,48.8425,659.1
2007-08-23,1165.76,49.0107,658.9
2007-08-24,1177.89,49.2517,668.0
2007-08-27,1169.36,49.5096,666.8
2007-08-28,1141.5,49.5938,664.4
2007-08-29,1172.66,49.4592,666.3
2007-08-30,1176.9399,49.79,665.0
2007-08-31,1192.91,49.8292,673.0
2007-09-04,1214.55,49.8529,682.5
2007-09-05,1201.91,50.2525,681.7
2007-09-06,1205.86,50.1231,695.6
2007-09-07,1179.02,50.8324,700.8
2007-09-10,1179.27,51.2264,703.3
2007-09-11,1197.98,51.187,712.2
2007-09-12,1191.4,50.9956,711.9
2007-09-13,1193.83,50.5396,709.5
2007-09-14,1193.38,50.6128,709.6
2007-09-17,1186.03,50.8549,715.8
2007-09-18,1219.7,50.4721,715.8
2007-09-19,1223.51,50.0048,722.0
2007-09-20,1217.34,49.0591,732.4
2007-09-21,1223.73,49.4757,731.4
2007-09-24,1217.03,49.6165,732.1
2007-09-25,1229.64,49.4419,731.6
2007-09-26,1232.33,49.487,728.3
2007-09-27,1237.4399,49.8304,732.7
2007-09-28,1238.85,49.9429,742.8
2007-10-01,1254.34,50.2284,747.2
2007-10-02,1255.86,50.3866,729.8
2007-10-03,1246.75,50.2396,729.3
2007-10-04,1246.86,50.4318,737.8
2007-10-05,1268.51,49.8892,741.3
2007-10-08,1277.8199,49.8497,732.8
2007-10-09,1275.25,49.7875,737.4
2007-10-10,1279.51,49.8158,740.4
2007-10-11,1255.8199,49.7649,751.3
2007-10-12,1287.23,49.5219,748.7
2007-10-15,1276.3199,49.5333,757.1
2007-10-16,1261.0601,49.5502,757.0
2007-10-17,1279.67,50.0927,757.5
2007-10-18,1293.6,50.3696,764.1
2007-10-19,1254.2,51.1212,764.0
2007-10-22,1270.55,51.1269,755.8
2007-10-23,1291.86,51.0591,759.0
2007-10-24,1263.45,51.4377,761.6
2007-10-25,1242.5601,51.2625,767.3
2007-10-26,1255.86,51.1438,783.9
2007-10-29,1265.24,51.3416,789.1
2007-10-30,1266.21,51.3134,784.3
2007-10-31,1282.36,50.8499,792.0
2007-11-01,1256.98,51.5107,790.7
2007-11-02,1270.63,51.6752,805.7
2007-11-05,1262.6801,51.6526,808.1
2007-11-06,1262.34,51.4028,820.8
2007-11-07,1236.0699,51.4937,831.0
2007-11-08,1198.28,51.4028,835.2
2007-11-09,1169.16,51.8399,832.5
2007-11-12,1140.48,52.0272,805.8
2007-11-13,1181.61,51.8342,797.2
2007-11-14,1163.75,51.891,813.0
2007-11-15,1151.5699,52.3791,785.9
2007-11-16,1163.97,52.4529,785.7
2007-11-19,1144.22,52.7935,776.8
2007-11-20,1135.34,52.7367,790.3
2007-11-21,1122.3,53.0432,797.6
2007-11-23,1135.4301,53.2021,824.0
2007-11-26,1110.7,54.2522,826.0
2007-11-27,1134.65,53.7357,813.7
2007-11-28,1167.84,53.3724,800.1
2007-11-29,1170.99,53.8322,795.3
2007-11-30,1154.61,53.5711,782.2
2007-12-03,1146.7,53.9962,788.3
2007-12-04,1138.12,53.9905,801.3
2007-12-05,1163.41,53.3465,797.5
2007-12-06,1179.4301,52.8792,801.2
2007-12-07,1180.61,52.2866,794.4
2007-12-10,1188.39,51.9732,807.7
2007-12-11,1160.1801,52.9932,811.4
2007-12-12,1167.72,52.4461,813.5
2007-12-13,1164.24,51.8763,799.0
2007-12-14,1152.08,51.6369,793.3
2007-12-17,1125.89,52.0985,794.8
2007-12-18,1132.79,52.4347,803.0
2007-12-19,1135.3199,53.13,801.1
2007-12-20,1158.02,53.016,799.2
2007-12-21,1177.5601,52.241,811.6
2007-12-24,1183.21,51.996,812.8
2007-12-26,1187.37,51.54,826.0
2007-12-27,1168.12,52.1019,828.6
2007-12-28,1168.58,52.9144,839.6
2007-12-31,1155.91,53.2348,834.9
2008-01-02,1133.34,54.0015,857.0
2008-01-03,1131.36,53.9271,866.4
2008-01-04,1081.4399,53.9386,863.1
2008-01-07,1069.72,54.1732,859.6
2008-01-08,1040.8,54.1102,878.0
2008-01-09,1052.37,54.2132,879.5
2008-01-10,1056.66,53.4809,891.7
2008-01-11,1024.87,53.8985,896.1
2008-01-14,1053.48,54.0988,901.6
2008-01-15,1022.87,54.7053,901.0
2008-01-16,1023.71,54.3105,880.6
2008-01-17,1000.57,55.0143,879.5
2008-01-18,1012.64,54.6366,880.8
2008-01-22,983.75,55.2202,889.6
2008-01-23,986.28,55.0944,882.5
2008-01-24,1026.65,53.9901,905.5
2008-01-25,1010.56,54.8998,910.5
2008-01-28,1020.34,54.6939,927.1
2008-01-29,1021.29,54.322,925.1
2008-01-30,1023.39,53.9672,920.6
2008-01-31,1020.99,54.3505,922.7
2008-02-01,1057.0601,54.6773,908.7
2008-02-04,1042.54,54.1146,904.9
2008-02-05,1007.94,54.528,885.9
2008-02-06,986.14,54.3614,900.7
2008-02-07,991.95,53.1902,906.1
2008-02-08,1008.06,53.7988,918.4
2008-02-11,1023.06,54.0227,922.9
2008-02-12,1017.23,53.7012,907.4
2008-02-13,1048.0601,53.1327,906.5
2008-02-14,1022.89,52.3519,907.4
2008-02-15,1014.55,52.7538,902.8
2008-02-19,1002.67,52.2198,926.6
2008-02-20,1019.82,52.5816,934.6
2008-02-21,1015.89,53.1385,946.1
2008-02-22,1016.8,52.8342,944.7
2008-02-25,1027.12,52.2945,937.6
2008-02-26,1034.21,52.3117,946.1
2008-02-27,1042.09,52.3576,958.2
2008-02-28,1026.62,53.2878,964.5
2008-02-29,996.39,54.1031,972.1
2008-03-03,988.7,53.9636,981.5
2008-03-04,994.54,53.4392,963.9
2008-03-05,1004.69,52.7995,986.2
2008-03-06,982.5,53.0819,975.0
2008-03-07,978.56,53.151,972.2
2008-03-10,960.75,53.9348,969.9
2008-03-11,997.61,53.4738,974.2
2008-03-12,991.0,54.5053,978.8
2008-03-13,997.69,54.0789,992.3
2008-03-14,971.23,54.7474,998.2
2008-03-17,957.55,55.1681,1001.4
2008-03-18,996.71,54.9548,1003.2
2008-03-19,964.08,55.8654,944.7
2008-03-20,981.61,56.0037,919.6
2008-03-24,1020.51,54.9203,918.3
2008-03-25,1025.35,55.1508,934.6
2008-03-26,1017.02,54.9203,949.0
2008-03-27,989.4,54.5341,948.8
2008-03-28,986.48,55.0643,930.6
2008-03-31,989.06,55.2603,916.2
2008-04-01,1030.37,54.3609,882.9
2008-04-02,1030.35,54.4767,895.2
2008-04-03,1041.6,54.5982,905.0
2008-04-04,1040.21,55.0959,909.0
2008-04-07,1034.27,54.8065,922.7
2008-04-08,1025.04,54.6156,914.0
2008-04-09,1022.2,55.1827,933.6
2008-04-10,1036.8101,54.9975,928.3
2008-04-11,1003.81,55.3679,923.6
2008-04-14,996.86,55.0438,925.4
2008-04-15,999.65,54.3609,928.7
2008-04-16,1037.41,53.8284,945.1
2008-04-17,1036.38,53.7359,939.8
2008-04-18,1072.6,53.6896,912.2
2008-04-21,1087.3199,53.9037,914.7
2008-04-22,1065.38,54.0889,922.3
2008-04-23,1091.5,53.9095,906.2
2008-04-24,1103.03,53.4523,886.8
2008-04-25,1103.83,53.1398,887.2
2008-04-28,1098.6,53.3018,892.9
2008-04-29,1108.25,53.5044,874.2
2008-04-30,1098.42,53.8864,862.8
2008-05-01,1136.1899,53.8899,848.9
2008-05-02,1133.76,53.2102,856.1
2008-05-05,1125.61,53.2102,872.3
2008-05-06,1140.65,52.8269,876.0
2008-05-07,1115.13,53.0534,869.6
2008-05-08,1122.85,53.5298,880.6
2008-05-09,1121.9301,53.7272,884.5
2008-05-12,1138.27,53.6459,883.7
2008-05-13,1142.83,53.0592,868.5
2008-05-14,1149.25,53.0825,865.4
2008-05-15,1178.4301,53.5646,879.0
2008-05-16,1180.79,53.3438,899.0
2008-05-19,1168.42,53.4136,905.0
2008-05-20,1151.5601,53.6924,919.5
2008-05-21,1133.5699,53.704,928.0
2008-05-22,1135.6801,53.0708,917.9
2008-05-23,1126.96,53.3032,925.6
2008-05-27,1147.6801,52.9431,907.7
2008-05-28,1154.26,52.4726,900.5
2008-05-29,1162.9301,52.0951,877.2
2008-05-30,1184.08,52.4378,887.3
2008-06-02,1166.8101,52.6401,892.9
2008-06-03,1160.03,53.0189,881.6
2008-06-04,1174.61,52.5467,879.9
2008-06-05,1190.8199,52.2319,871.8
2008-06-06,1154.03,52.9082,895.4
2008-06-09,1149.55,52.9082,894.7
2008-06-10,1131.55,52.5642,867.9
2008-06-11,1101.14,52.4418,879.7
2008-06-12,1103.11,51.9172,869.2
2008-06-13,1129.52,51.8064,870.3
2008-06-16,1139.99,51.8181,883.6
2008-06-17,1122.6801,51.923,884.3
2008-06-18,1107.11,52.3602,890.9
2008-06-19,1131.33,52.0513,901.7
2008-06-20,1097.3101,52.3544,901.3
2008-06-23,1089.46,52.4651,884.8
2008-06-24,1089.97,52.8149,889.2
2008-06-25,1107.23,52.8382,880.0
2008-06-26,1061.54,53.1938,913.1
2008-06-27,1059.87,53.8176,929.3
2008-06-30,1048.95,53.8292,926.2
2008-07-01,1055.24,53.7017,942.5
2008-07-02,1033.6801,53.9825,944.8
2008-07-03,1025.29,53.8655,931.9
2008-07-07,1030.8101,54.1112,927.3
2008-07-08,1040.4301,54.4622,921.9
2008-07-09,1004.44,54.7021,927.3
2008-07-10,1016.88,54.6963,940.9
2008-07-11,997.06,53.9182,959.5
2008-07-14,983.28,54.3921,972.7
2008-07-15,987.79,54.3745,977.7
2008-07-16,1018.74,53.3916,961.8
2008-07-17,1035.9301,53.1166,970.0
2008-07-18,1024.9301,52.9177,957.3
2008-07-21,1013.95,53.1225,963.1
2008-07-22,1006.45,52.8592,948.0
2008-07-23,1016.88,52.7539,922.4
2008-07-24,986.59,53.2688,922.0
2008-07-25,1004.51,52.7363,926.6
2008-07-28,985.07,53.2688,927.6
2008-07-29,1010.31,53.0523,916.4
2008-07-30,1014.16,53.105,902.9
2008-07-31,1008.7,53.6315,913.9
2008-08-01,1001.44,53.7501,909.0
2008-08-04,995.06,53.6267,900.1
2008-08-05,1024.9399,53.2275,878.6
2008-08-06,1042.7,53.0103,875.6
2008-08-07,1040.08,53.8734,870.7
2008-08-08,1060.3,54.0202,857.8
2008-08-11,1071.27,53.5035,821.5
2008-08-12,1069.29,54.0026,808.2
2008-08-13,1067.04,53.8147,825.0
2008-08-14,1080.8101,54.1611,808.2
2008-08-15,1081.65,54.6309,786.0
2008-08-18,1063.4,54.8481,799.7
2008-08-19,1048.87,54.6367,811.1
2008-08-20,1054.41,54.7894,810.3
2008-08-21,1050.24,54.6896,833.0
2008-08-22,1064.2,54.6543,827.4
2008-08-25,1042.9301,55.2005,819.8
2008-08-26,1034.09,55.2474,822.2
2008-08-27,1045.75,55.3414,828.1
2008-08-28,1055.77,55.3472,830.9
2008-08-29,1026.79,55.1006,829.3
2008-09-02,1014.57,55.6133,805.0
2008-09-03,990.38,55.849,802.7
2008-09-04,954.11,56.2969,797.9
2008-09-05,961.0,56.2674,797.6
2008-09-08,960.94,56.5031,797.5
2008-09-09,931.92,57.063,787.1
2008-09-10,939.31,56.7094,757.9
2008-09-11,950.37,56.68,741.3
2008-09-12,948.03,55.9492,760.3
2008-09-15,912.46,57.7643,783.1
2008-09-16,918.84,57.7525,776.5
2008-09-17,885.25,58.0412,846.6
2008-09-18,926.77,57.1927,892.7
2008-09-19,956.06,55.3776,860.6
2008-09-22,911.41,55.3716,903.9
2008-09-23,900.3,55.1595,885.5
2008-09-24,908.16,55.4012,889.0
2008-09-25,919.85,55.2892,877.7
2008-09-26,910.52,55.6899,882.9
2008-09-29,820.44,57.3105,888.2
2008-09-30,872.63,55.9138,874.2
2008-10-01,858.36,56.6173,880.7
2008-10-02,814.72,57.0725,839.0
2008-10-03,794.01,57.5749,828.9
2008-10-06,764.5,58.6212,862.7
2008-10-07,713.86,58.4438,878.4
2008-10-08,713.49,57.6044,903.1
2008-10-09,689.45,57.1197,883.1
2008-10-10,683.72,56.7178,855.4
2008-10-13,769.41,55.9907,838.9
2008-10-14,735.45,55.6301,836.3
2008-10-15,669.13,56.1621,835.5
2008-10-16,704.13,55.8725,801.5
2008-10-17,702.08,55.4883,785.1
2008-10-20,726.8,55.9316,787.6
2008-10-21,687.04,56.2272,766.1
2008-10-22,656.35,57.368,733.3
2008-10-23,644.79,57.7936,713.3
2008-10-24,627.33,57.1788,729.1
2008-10-27,627.33,57.2202,741.7
2008-10-28,682.8,56.3867,739.3
2008-10-29,678.6,56.103,752.8
2008-10-30,692.67,55.5946,737.2
2008-10-31,692.99,54.8735,716.8
2008-11-03,692.21,55.0218,725.4
2008-11-04,723.55,56.0545,756.0
2008-11-05,687.02,56.7192,741.3
2008-11-06,647.49,56.3097,731.2
2008-11-07,663.41,55.9417,733.2
2008-11-10,646.73,56.2147,745.6
2008-11-11,630.4,56.381,732.0
2008-11-12,596.38,56.743,717.7
2008-11-13,636.79,55.3839,704.9
2008-11-14,606.84,56.4818,742.4
2008-11-17,588.01,56.7311,741.9
2008-11-18,587.66,57.4611,732.6
2008-11-19,546.86,58.9329,735.9
2008-11-20,525.92,61.9774,748.6
2008-11-21,552.58,61.0813,791.7
2008-11-24,589.07,60.1258,819.4
2008-11-25,579.7,61.8944,818.4
2008-11-26,612.76,61.9774,808.5
2008-11-28,610.19,62.7431,816.2
2008-12-01,558.18,65.1459,774.6
2008-12-02,577.17,65.3959,781.3
2008-12-03,599.51,65.5805,768.8
2008-12-04,567.63,66.8727,763.8
2008-12-05,597.17,65.789,750.5
2008-12-08,621.76,65.646,767.4
2008-12-09,629.66,66.9442,772.4
2008-12-10,639.4,66.7835,807.1
2008-12-11,616.62,66.9144,824.9
2008-12-12,635.56,66.9144,818.9
2008-12-15,622.14,67.6767,835.4
2008-12-16,657.42,69.3499,841.7
2008-12-17,654.54,71.2317,867.5
2008-12-18,630.69,72.7263,859.6
2008-12-19,640.75,72.8038,836.4
2008-12-22,622.59,72.244,846.2
2008-12-23,616.09,72.1487,837.2
2008-12-24,616.26,71.9939,847.1
2008-12-26,613.72,72.2321,870.4
2008-12-29,609.29,72.1454,874.6
2008-12-30,627.38,72.8326,869.3
2008-12-31,633.5,71.309,883.6
2009-01-02,664.19,69.5165,878.8
2009-01-05,665.95,67.7241,857.2
2009-01-06,687.13,67.043,865.4
2009-01-07,662.74,67.3059,841.1
2009-01-08,665.1,67.2521,853.9
2009-01-09,649.27,67.3537,854.3
2009-01-12,630.13,68.0528,820.3
2009-01-13,630.06,68.1244,820.1
2009-01-14,608.5,69.2477,808.2
2009-01-15,617.02,69.3612,806.7
2009-01-16,627.71,68.2917,839.3
2009-01-20,588.38,68.2798,854.6
2009-01-21,614.4,66.1229,849.6
2009-01-22,597.76,64.8503,858.2
2009-01-23,612.69,64.3424,895.3
2009-01-26,618.16,63.7808,908.5
2009-01-27,632.73,65.2805,899.2
2009-01-28,658.12,63.6493,888.1
2009-01-29,634.39,62.1855,905.1
2009-01-30,617.81,61.9883,927.3
2009-02-02,625.16,63.1416,906.7
2009-02-03,634.77,61.6378,892.0
2009-02-04,638.74,61.4222,901.6
2009-02-05,659.73,61.4761,913.6
2009-02-06,680.88,61.2843,913.9
2009-02-09,682.28,61.4821,892.4
2009-02-10,648.65,62.8181,913.7
2009-02-11,645.44,63.6329,943.8
2009-02-12,655.83,63.0338,948.5
2009-02-13,654.5,61.3563,941.5
2009-02-17,622.18,63.2674,967.0
2009-02-18,623.94,62.7283,977.7
2009-02-19,604.87,61.6618,976.1
2009-02-20,608.46,62.261,1001.8
2009-02-23,582.68,62.8361,994.6
2009-02-24,609.67,62.7702,969.1
2009-02-25,614.46,62.0453,965.7
2009-02-26,603.57,61.3922,941.8
2009-02-27,603.55,61.0387,941.5
2009-03-02,576.35,62.0492,939.0
2009-03-03,583.61,61.6347,912.9
2009-03-04,603.89,61.3524,906.0
2009-03-05,585.12,63.0586,927.0
2009-03-06,582.39,62.6381,942.1
2009-03-09,568.17,62.2715,917.7
2009-03-10,610.52,61.076,895.6
2009-03-11,623.26,61.7369,910.4
2009-03-12,643.38,62.0312,923.7
2009-03-13,646.73,61.7188,929.8
2009-03-16,630.68,60.7455,921.6
2009-03-17,656.97,60.4151,916.4
2009-03-18,687.23,62.7041,888.7
2009-03-19,686.4,62.7822,958.3
2009-03-20,666.75,62.4338,955.8
2009-03-23,709.38,61.8931,952.1
2009-03-24,695.03,62.4818,923.3
2009-03-25,698.08,61.6407,935.4
2009-03-26,728.76,62.3556,939.6
2009-03-27,704.92,62.8183,923.0
2009-03-30,682.3,63.0586,915.5
2009-03-31,692.71,63.5091,922.6
2009-04-01,707.7,64.0888,926.1
2009-04-02,734.54,63.3055,907.4
2009-04-03,751.46,62.0101,895.6
2009-04-06,740.79,61.745,871.5
2009-04-07,717.4,61.9016,882.2
2009-04-08,739.2,62.4499,884.8
2009-04-09,766.65,61.6667,882.2
2009-04-13,759.61,62.2331,894.7
2009-04-14,755.64,62.5584,890.9
2009-04-15,747.81,62.4499,892.8
2009-04-16,773.39,61.9559,879.3
2009-04-17,776.37,61.2751,867.4
2009-04-20,749.6,62.2029,887.0
2009-04-21,759.93,61.5884,882.1
2009-04-22,771.46,61.2148,891.8
2009-04-23,767.28,61.2088,905.9
2009-04-24,789.68,60.5942,913.6
2009-04-27,780.09,60.8533,907.4
2009-04-28,772.14,59.8592,892.8
2009-04-29,786.97,59.3289,899.8
2009-04-30,805.86,59.094,890.7
2009-05-01,812.79,58.6873,887.6
2009-05-04,837.21,58.8807,901.6
2009-05-05,829.89,58.8081,903.7
2009-05-06,831.12,58.6692,910.5
2009-05-07,794.33,57.2369,915.0
2009-05-08,790.93,57.3758,914.4
2009-05-11,790.88,58.1917,913.0
2009-05-12,781.32,58.4032,923.5
2009-05-13,758.72,59.0378,925.5
2009-05-14,773.81,59.2674,928.0
2009-05-15,773.37,59.2493,930.9
2009-05-18,796.8,58.3307,921.3
2009-05-19,805.31,58.0225,926.3
2009-05-20,801.63,58.6328,937.0
2009-05-21,792.16,57.1583,950.8
2009-05-22,794.5,56.5237,958.5
2009-05-26,824.59,55.6716,953.1
2009-05-27,818.6,54.6866,953.2
2009-05-28,831.37,55.4782,961.5
2009-05-29,839.23,56.9105,978.8
2009-06-01,872.51,55.228,978.6
2009-06-02,858.76,55.5251,983.2
2009-06-03,848.47,56.0465,964.5
2009-06-04,863.03,54.8885,981.2
2009-06-05,860.9,54.4702,961.7
2009-06-08,855.06,54.3307,951.7
2009-06-09,875.39,54.3246,954.0
2009-06-10,874.5,53.4697,954.0
2009-06-11,876.18,54.0639,961.3
2009-06-12,871.92,54.549,940.1
2009-06-15,853.86,55.04,926.9
2009-06-16,840.09,55.998,931.6
2009-06-17,844.59,55.6827,935.4
2009-06-18,835.41,54.84,934.0
2009-06-19,846.03,55.5918,935.6
2009-06-22,815.89,56.1314,920.6
2009-06-23,816.43,56.7923,923.9
2009-06-24,832.85,56.2224,934.1
2009-06-25,846.57,57.2531,939.1
2009-06-26,849.23,57.3501,940.7
2009-06-29,851.13,57.4349,940.4
2009-06-30,848.27,57.3379,927.1
2009-07-01,854.26,57.2242,941.0
2009-07-02,839.25,57.358,930.7
2009-07-06,835.09,57.2485,924.0
2009-07-07,812.88,57.6318,928.8
2009-07-08,809.19,58.6962,909.0
2009-07-09,820.39,57.9967,915.9
2009-07-10,826.74,58.5319,912.2
2009-07-13,842.66,58.2035,922.2
2009-07-14,849.06,57.2364,922.5
2009-07-15,884.53,55.7643,939.1
2009-07-16,897.55,56.3665,935.1
2009-07-17,904.27,55.4968,937.2
2009-07-20,916.22,55.7887,948.5
2009-07-21,921.21,56.9018,946.6
2009-07-22,932.73,56.3909,953.0
2009-07-23,951.46,55.3569,954.5
2009-07-24,951.57,55.6245,952.8
2009-07-27,953.28,54.9858,953.3
2009-07-28,957.28,55.4724,939.0
2009-07-29,949.21,55.7766,927.2
2009-07-30,943.59,56.5673,934.9
2009-07-31,941.69,57.6683,953.7
2009-08-03,956.7,56.7943,956.6
2009-08-04,960.65,56.3426,967.5
2009-08-05,955.24,55.5004,964.2
2009-08-06,943.57,55.6896,960.7
2009-08-07,951.53,55.2259,957.3
2009-08-10,945.52,55.9154,945.0
2009-08-11,936.45,56.5624,945.8
2009-08-12,957.28,55.9582,950.7
2009-08-13,968.35,56.7515,954.7
2009-08-14,955.7,56.9713,947.0
2009-08-17,926.84,57.8135,934.3
2009-08-18,943.4,57.4778,937.7
2009-08-19,947.99,57.9539,943.3
2009-08-20,955.8,58.4299,940.3
2009-08-21,968.7,57.2276,953.2
2009-08-24,961.24,58.2651,942.3
2009-08-25,962.71,58.5947,944.5
2009-08-26,965.66,58.8632,944.3
2009-08-27,973.19,58.6313,945.5
2009-08-28,980.8,58.8998,957.0
2009-08-31,966.86,58.9547,951.7
2009-09-01,946.11,58.8121,954.7
2009-09-02,944.35,59.6693,976.6
2009-09-03,953.69,59.3019,995.8
2009-09-04,976.93,58.2917,994.9
2009-09-08,992.55,57.8815,997.9
2009-09-09,1005.37,57.8141,995.3
2009-09-10,1021.41,58.8795,995.4
2009-09-11,1017.71,59.2039,1004.9
2009-09-14,1020.03,58.6162,999.9
2009-09-15,1026.63,58.3162,1005.0
2009-09-16,1033.92,58.4203,1018.9
2009-09-17,1023.03,59.155,1012.3
2009-09-18,1026.52,58.6284,1009.2
2009-09-21,1028.5601,58.7631,1003.7
2009-09-22,1032.79,58.8855,1014.2
2009-09-23,1033.17,59.0631,1013.0
2009-09-24,1019.67,59.2346,997.5
2009-09-25,1010.53,59.9876,990.2
2009-09-28,1031.52,60.5141,992.5
2009-09-29,1022.44,60.459,993.1
2009-09-30,1030.1801,60.4039,1008.0
2009-10-01,993.11,61.2312,999.5
2009-10-02,988.64,60.8074,1003.2
2009-10-05,1002.5,60.8135,1016.7
2009-10-06,1022.71,60.2117,1038.6
2009-10-07,1022.13,60.9179,1043.3
2009-10-08,1027.27,60.2793,1055.4
2009-10-09,1043.21,58.8974,1047.8
2009-10-12,1048.8,58.9895,1056.7
2009-10-13,1051.7,59.2966,1064.2
2009-10-14,1064.6899,58.4184,1063.9
2009-10-15,1059.0601,58.1481,1049.8
2009-10-16,1048.04,58.621,1050.7
2009-10-19,1062.5,59.0816,1057.3
2009-10-20,1057.5699,59.401,1057.8
2009-10-21,1050.38,59.0448,1063.7
2009-10-22,1063.4399,58.7561,1057.8
2009-10-23,1048.45,58.3139,1055.6
2009-10-26,1043.42,57.5585,1042.1
2009-10-27,1024.55,58.3447,1034.7
2009-10-28,996.82,58.621,1029.9
2009-10-29,1022.95,57.9823,1046.4
2009-10-30,993.73,58.8237,1039.7
2009-11-02,997.66,58.5637,1053.4
2009-11-03,999.16,57.9784,1084.3
2009-11-04,1003.21,57.4485,1086.7
2009-11-05,1026.87,57.4485,1088.7
2009-11-06,1029.76,57.504,1095.1
2009-11-09,1056.5699,57.5717,1100.8
2009-11-10,1055.08,57.467,1101.9
2009-11-11,1062.9,57.7073,1114.0
2009-11-12,1053.6801,57.6025,1106.0
2009-11-13,1065.0601,57.8675,1116.1
2009-11-16,1080.12,58.5452,1138.6
2009-11-17,1083.09,58.8594,1138.8
2009-11-18,1069.59,58.5144,1140.7
2009-11-19,1048.61,58.6191,1141.4
2009-11-20,1037.53,58.6068,1146.4
2009-11-23,1055.59,58.5329,1164.3
2009-11-24,1051.55,58.9026,1165.5
2009-11-25,1056.9399,59.1737,1186.9
2009-11-27,1038.75,59.3955,1174.2
2009-11-30,1037.62,59.5372,1181.1
2009-12-01,1057.75,58.8739,1199.1
2009-12-02,1064.84,58.9234,1212.0
2009-12-03,1061.15,58.3114,1217.4
2009-12-04,1077.0699,57.6934,1168.8
2009-12-07,1078.05,57.7676,1163.4
2009-12-08,1072.22,57.8541,1142.8
2009-12-09,1080.25,57.5883,1120.4
2009-12-10,1081.86,56.927,1125.7
2009-12-11,1075.7,56.9208,1119.4
2009-12-14,1089.34,56.9887,1123.3
2009-12-15,1085.73,56.7353,1122.4
2009-12-16,1102.35,56.6673,1135.5
2009-12-17,1088.0601,57.6007,1106.8
2009-12-18,1105.72,57.3534,1110.8
2009-12-21,1119.61,56.3336,1095.4
2009-12-22,1124.9399,56.0183,1086.0
2009-12-23,1134.63,56.0307,1093.3
2009-12-24,1148.27,55.4497,1104.1
2009-12-28,1145.3,55.2951,1107.2
2009-12-29,1139.97,55.6599,1097.0
2009-12-30,1149.73,56.0259,1091.5
2009-12-31,1137.92,55.7592,1095.2
2010-01-04,1156.65,55.7095,1117.7
2010-01-05,1157.0601,56.0693,1118.1
2010-01-06,1151.86,55.3188,1135.9
2010-01-07,1142.26,55.4118,1133.1
2010-01-08,1154.76,55.387,1138.2
2010-01-11,1150.8199,55.0831,1150.7
2010-01-12,1130.7,56.0259,1128.9
2010-01-13,1149.75,55.3745,1136.4
2010-01-14,1151.1,56.1499,1142.6
2010-01-15,1130.49,56.4973,1130.1
2010-01-19,1145.25,56.336,1139.7
2010-01-20,1129.66,56.9068,1112.3
2010-01-21,1123.73,57.1672,1102.7
2010-01-22,1080.9399,57.068,1089.2
2010-01-25,1087.54,56.8075,1095.2
2010-01-26,1086.3,56.8261,1097.9
2010-01-27,1094.53,56.7951,1084.4
2010-01-28,1065.3,56.7641,1083.6
2010-01-29,1035.38,57.2603,1083.0
2010-02-01,1057.33,56.7405,1104.3
2010-02-02,1066.92,56.9024,1117.4
2010-02-03,1070.73,56.2425,1111.4
2010-02-04,1035.92,57.1327,1062.4
2010-02-05,1051.1,57.2572,1052.2
2010-02-08,1046.04,57.3318,1065.7
2010-02-09,1059.11,56.7591,1076.7
2010-02-10,1061.0,56.2176,1075.8
2010-02-11,1079.39,55.9126,1094.2
2010-02-12,1080.02,56.1429,1089.5
2010-02-16,1098.8101,56.2487,1119.3
2010-02-17,1103.22,55.6076,1119.5
2010-02-18,1110.39,55.3835,1118.0
2010-02-19,1111.05,55.6823,1121.3
2010-02-22,1106.5601,55.4519,1112.6
2010-02-23,1087.6801,56.3172,1102.7
2010-02-24,1103.12,56.4542,1096.5
2010-02-25,1100.04,56.7717,1107.8
2010-02-26,1102.9399,57.0642,1118.3
2010-03-01,1128.08,57.0392,1117.8
2010-03-02,1127.76,56.9642,1136.9
2010-03-03,1122.54,56.8207,1142.7
2010-03-04,1125.39,57.1204,1132.6
2010-03-05,1141.29,56.371,1134.8
2010-03-08,1144.4301,56.0775,1123.6
2010-03-09,1148.36,56.09,1122.0
2010-03-10,1161.02,55.9464,1107.8
2010-03-11,1160.98,56.1525,1108.0
2010-03-12,1159.5601,56.5022,1101.5
2010-03-15,1156.3199,56.4272,1105.1
2010-03-16,1168.58,56.8768,1122.2
2010-03-17,1173.05,57.1204,1124.0
2010-03-18,1173.1,56.9331,1127.4
2010-03-19,1160.75,56.9893,1107.4
2010-03-22,1177.04,57.0517,1099.3
2010-03-23,1191.29,56.7832,1103.5
2010-03-24,1180.74,55.7465,1088.6
2010-03-25,1176.85,55.3906,1092.7
2010-03-26,1173.03,55.5467,1104.2
2010-03-29,1176.37,55.3344,1110.3
2010-03-30,1178.24,55.5093,1104.5
2010-03-31,1172.63,55.8902,1113.3
2010-04-01,1172.55,55.7535,1125.1
2010-04-05,1191.27,54.8259,1132.9
2010-04-06,1195.65,54.9136,1135.1
2010-04-07,1190.59,55.6157,1152.3
2010-04-08,1188.4399,55.6407,1152.2
2010-04-09,1202.13,55.7724,1161.1
2010-04-12,1205.92,56.0669,1161.6
2010-04-13,1210.4,56.2487,1152.8
2010-04-14,1238.7,55.8538,1159.0
2010-04-15,1243.28,55.9165,1159.7
2010-04-16,1226.65,56.3239,1136.3
2010-04-19,1220.89,56.1861,1135.2
2010-04-20,1236.79,56.3866,1138.6
2010-04-21,1234.17,56.8504,1148.2
2010-04-22,1246.1801,56.6812,1142.3
2010-04-23,1254.03,56.4806,1153.1
2010-04-26,1249.9301,56.5433,1153.5
2010-04-27,1219.67,57.3394,1161.7
2010-04-28,1224.59,56.8504,1171.3
2010-04-29,1238.8,57.0886,1168.4
2010-04-30,1205.67,57.7468,1180.1
2010-05-03,1226.34,57.6713,1182.7
2010-05-04,1184.3101,58.7091,1168.6
2010-05-05,1175.41,59.055,1174.6
2010-05-06,1139.3,60.8791,1196.9
2010-05-07,1114.24,60.1181,1210.0
2010-05-10,1173.52,58.8726,1200.4
2010-05-11,1171.0601,58.7217,1219.9
2010-05-12,1199.23,58.2751,1242.7
2010-05-13,1177.9301,58.6588,1228.8
2010-05-14,1148.55,59.6777,1227.4
2010-05-17,1155.5699,59.4576,1227.7
2010-05-18,1135.48,60.3696,1214.3
2010-05-19,1130.8199,60.5709,1192.6
2010-05-20,1090.77,61.8477,1187.8
2010-05-21,1109.3101,61.9106,1175.7
2010-05-24,1096.01,61.6968,1193.8
2010-05-25,1094.29,61.9987,1197.8
2010-05-26,1085.9301,61.8226,1213.3
2010-05-27,1135.86,60.4199,1211.9
2010-05-28,1125.4,60.6967,1212.2
2010-06-01,1106.88,61.1233,1224.8
2010-06-02,1138.28,60.5427,1220.6
2010-06-03,1155.03,60.1009,1208.3
2010-06-04,1111.79,61.7165,1216.2
2010-06-07,1082.34,62.1899,1239.3
2010-06-08,1081.66,61.8806,1244.0
2010-06-09,1073.92,61.8113,1228.5
2010-06-10,1107.47,60.7068,1220.8
2010-06-11,1119.0699,61.4768,1228.9
2010-06-14,1120.16,61.1612,1223.3
2010-06-15,1162.71,60.9088,1233.2
2010-06-16,1164.52,61.2558,1229.3
2010-06-17,1167.79,61.7545,1247.5
2010-06-18,1167.55,61.6535,1257.2
2010-06-21,1157.05,61.4768,1239.7
2010-06-22,1140.92,62.2088,1239.9
2010-06-23,1139.35,62.6317,1234.1
2010-06-24,1112.24,62.2593,1245.5
2010-06-25,1110.61,62.5118,1255.8
2010-06-28,1109.78,63.0987,1238.2
2010-06-29,1063.37,63.7866,1242.0
2010-06-30,1050.12,64.2158,1245.5
2010-07-01,1051.66,64.317,1206.3
2010-07-02,1047.45,63.8043,1207.4
2010-07-06,1049.4,64.3298,1194.8
2010-07-07,1093.61,63.5764,1198.6
2010-07-08,1096.37,63.1712,1195.8
2010-07-09,1107.14,62.8104,1209.6
2010-07-12,1117.5,62.7851,1198.5
2010-07-13,1139.84,62.247,1213.3
2010-07-14,1139.84,62.8738,1206.8
2010-07-15,1146.13,63.5004,1208.1
2010-07-16,1109.05,63.8106,1188.0
2010-07-19,1127.95,63.4181,1181.7
2010-07-20,1136.91,63.5131,1191.5
2010-07-21,1111.05,64.5892,1191.6
2010-07-22,1143.58,63.8423,1195.5
2010-07-23,1153.84,63.1649,1187.7
2010-07-26,1165.16,63.0573,1183.0
2010-07-27,1161.17,62.4496,1158.0
2010-07-28,1147.38,62.6521,1160.4
2010-07-29,1139.9399,62.6332,1168.4
2010-07-30,1138.97,63.608,1181.7
2010-08-02,1159.1,62.7151,1183.4
2010-08-03,1155.29,63.0771,1185.2
2010-08-04,1166.05,62.5945,1193.7
2010-08-05,1159.1899,62.8866,1197.2
2010-08-06,1158.13,63.5725,1203.4
2010-08-09,1164.87,63.3375,1200.7
2010-08-10,1148.3,63.4709,1196.2
2010-08-11,1113.52,64.3219,1197.5
2010-08-12,1093.76,64.1631,1214.8
2010-08-13,1089.95,64.9633,1214.9
2010-08-16,1092.8,66.5892,1224.5
2010-08-17,1106.21,66.2081,1226.6
2010-08-18,1112.27,66.386,1229.7
2010-08-19,1103.52,67.4212,1233.8
2010-08-20,1111.62,67.3449,1227.2
2010-08-23,1097.89,67.3576,1226.9
2010-08-24,1082.55,68.4373,1231.8
2010-08-25,1087.92,68.215,1239.5
2010-08-26,1075.46,68.8565,1235.4
2010-08-27,1092.6899,66.9067,1236.0
2010-08-30,1073.87,68.1896,1237.1
2010-08-31,1063.91,68.9454,1248.3
2010-09-01,1096.89,67.5198,1246.3
2010-09-02,1113.2,66.8064,1251.5
2010-09-03,1129.14,65.9783,1249.2
2010-09-07,1118.6801,67.3287,1257.3
2010-09-08,1132.53,66.7937,1255.6
2010-09-09,1134.91,65.4751,1248.9
2010-09-10,1131.0699,65.1757,1244.5
2010-09-13,1158.64,65.4942,1245.1
2010-09-14,1167.21,66.1248,1269.7
2010-09-15,1171.0699,65.1439,1266.7
2010-09-16,1175.21,64.5005,1271.9
2010-09-17,1178.92,64.7617,1275.6
2010-09-20,1191.1,65.1374,1279.0
2010-09-21,1189.8,66.042,1272.4
2010-09-22,1172.21,66.6344,1290.2
2010-09-23,1173.6899,66.8255,1294.3
2010-09-24,1206.41,65.9274,1296.0
2010-09-27,1202.0699,67.0739,1296.7
2010-09-28,1214.0,67.5325,1306.6
2010-09-29,1220.96,67.2523,1308.5
2010-09-30,1214.53,67.2077,1307.8
2010-10-01,1215.1,66.8829,1316.1
2010-10-04,1199.72,67.0555,1315.4
2010-10-05,1227.9301,66.6527,1338.9
2010-10-06,1204.24,67.4902,1346.4
2010-10-07,1212.51,66.9276,1333.9
2010-10-08,1219.96,66.6336,1344.2
2010-10-11,1221.47,66.6463,1353.3
2010-10-12,1235.41,65.9878,1345.7
2010-10-13,1246.91,65.8855,1369.5
2010-10-14,1243.71,64.9009,1376.7
2010-10-15,1265.76,64.1081,1371.1
2010-10-18,1266.09,64.626,1371.2
2010-10-19,1247.04,65.016,1335.1
2010-10-20,1259.58,65.1566,1343.3
2010-10-21,1259.09,64.383,1324.7
2010-10-22,1280.09,64.8178,1324.4
2010-10-25,1287.46,65.0032,1338.3
2010-10-26,1290.38,63.9994,1338.0
2010-10-27,1305.4399,63.4368,1322.2
2010-10-28,1303.33,63.6094,1342.1
2010-10-29,1310.87,64.204,1357.1
2010-11-01,1308.3,63.9275,1350.2
2010-11-02,1319.64,64.7678,1356.4
2010-11-03,1322.66,63.4465,1337.1
2010-11-04,1348.58,63.9404,1382.7
2010-11-05,1348.45,62.8436,1397.3
2010-11-08,1352.75,63.1258,1402.8
2010-11-09,1349.51,61.734,1409.8
2010-11-10,1353.9301,61.8174,1399.1
2010-11-11,1337.15,61.7853,1403.1
2010-11-12,1322.46,61.4518,1365.4
2010-11-15,1316.96,60.169,1368.4
2010-11-16,1291.74,61.6634,1338.3
2010-11-17,1296.6899,61.3235,1336.8
2010-11-18,1322.91,61.5736,1352.9
2010-11-19,1329.49,61.952,1352.2
2010-11-22,1339.49,62.215,1357.7
2010-11-23,1317.6,62.5229,1377.5
2010-11-24,1345.74,61.4069,1372.9
2010-11-26,1337.78,62.2599,1362.3
2010-11-29,1331.59,62.7923,1366.0
2010-11-30,1315.23,63.1194,1385.0
2010-12-01,1353.74,61.7163,1387.3
2010-12-02,1374.85,61.5554,1388.5
2010-12-03,1384.01,61.0727,1405.4
2010-12-06,1380.36,61.9351,1415.3
2010-12-07,1383.14,60.6092,1408.3
2010-12-08,1392.4301,60.0236,1382.5
2010-12-09,1388.75,60.3196,1392.1
2010-12-10,1395.8199,59.9528,1384.3
2010-12-13,1386.77,60.178,1397.3
2010-12-14,1385.3101,59.3027,1403.6
2010-12-15,1371.1,58.5304,1385.5
2010-12-16,1383.01,58.9359,1370.4
2010-12-17,1386.98,60.0107,1378.6
2010-12-20,1383.88,59.9464,1385.5
2010-12-21,1397.5,60.3647,1388.2
2010-12-22,1395.17,59.9335,1386.8
2010-12-23,1390.5699,59.8112,1380.0
2010-12-27,1393.3199,60.3454,1382.4
2010-12-28,1388.98,59.1635,1405.2
2010-12-29,1390.37,60.1646,1413.1
2010-12-30,1389.0,60.1194,1405.6
2010-12-31,1383.95,60.7845,1421.1
2011-01-03,1403.14,60.326,1422.6
2011-01-04,1396.92,60.3971,1378.5
2011-01-05,1415.1,59.0667,1373.4
2011-01-06,1428.29,59.3251,1371.4
2011-01-07,1424.74,59.6415,1368.5
2011-01-10,1430.38,59.9644,1373.7
2011-01-11,1432.78,59.6286,1384.0
2011-01-12,1453.6801,59.1635,1385.7
2011-01-13,1453.5699,59.6931,1386.9
2011-01-14,1476.97,59.3121,1360.4
2011-01-18,1481.92,59.0344,1368.1
2011-01-19,1459.88,59.4606,1370.2
2011-01-20,1437.63,58.6405,1346.5
2011-01-21,1429.41,59.1054,1341.0
2011-01-24,1453.99,59.1312,1344.5
2011-01-25,1443.37,59.6931,1332.3
2011-01-26,1450.23,58.789,1333.0
2011-01-27,1465.9399,59.0538,1318.4
2011-01-28,1429.83,59.3637,1340.7
2011-01-31,1436.04,58.9117,1333.8
2011-02-01,1470.72,58.62,1339.6
2011-02-02,1475.8199,58.633,1331.5
2011-02-03,1475.9301,58.1469,1352.3
2011-02-04,1491.67,57.5572,1348.3
2011-02-07,1495.2,57.8553,1347.6
2011-02-08,1497.9399,57.3239,1363.4
2011-02-09,1491.3101,57.8229,1364.8
2011-02-10,1493.34,57.1554,1361.9
2011-02-11,1502.15,57.9784,1359.9
2011-02-14,1510.1,58.0173,1364.6
2011-02-15,1500.9301,58.2766,1373.6
2011-02-16,1516.01,58.0886,1374.7
2011-02-17,1524.13,58.1794,1384.7
2011-02-18,1526.59,57.9979,1388.2
2011-02-22,1470.41,58.8663,1400.5
2011-02-23,1443.0699,59.0802,1413.4
2011-02-24,1456.9399,59.4561,1415.3
2011-02-25,1489.1801,59.806,1408.7
2011-02-28,1480.11,59.8838,1409.3
2011-03-01,1452.16,60.0574,1430.7
2011-03-02,1463.86,59.1342,1437.2
2011-03-03,1494.49,58.5555,1416.0
2011-03-04,1482.42,59.0432,1428.2
2011-03-07,1456.03,58.6661,1434.1
2011-03-08,1464.73,58.3084,1426.9
2011-03-09,1444.62,58.8741,1429.3
2011-03-10,1413.04,59.8624,1412.2
2011-03-11,1422.97,59.5243,1421.5
2011-03-14,1414.98,59.4983,1424.6
2011-03-15,1393.66,60.389,1392.6
2011-03-16,1363.98,61.0717,1396.0
2011-03-17,1376.66,60.6036,1404.0
2011-03-18,1378.03,60.7661,1415.9
2011-03-21,1403.77,60.4085,1426.2
2011-03-22,1398.6,60.6101,1427.5
2011-03-23,1411.66,60.5321,1437.9
2011-03-24,1445.0699,60.0769,1434.8
2011-03-25,1441.73,59.9274,1426.1
2011-03-28,1434.6801,60.0119,1419.8
2011-03-29,1450.1899,59.5503,1416.0
2011-03-30,1453.86,60.0249,1423.8
2011-03-31,1454.46,59.9014,1438.9
2011-04-01,1452.74,60.1925,1428.1
2011-04-04,1445.25,60.2579,1432.2
2011-04-05,1446.28,60.0163,1451.8
2011-04-06,1454.28,59.1153,1457.7
2011-04-07,1450.35,58.9978,1458.5
2011-04-08,1443.6801,58.6843,1473.4
2011-04-11,1440.4,58.7366,1467.4
2011-04-12,1425.59,59.3699,1452.9
2011-04-13,1440.89,59.7421,1454.9
2011-04-14,1442.54,59.6964,1471.7
2011-04-15,1440.95,60.506,1485.3
2011-04-18,1422.89,60.6431,1492.3
2011-04-19,1426.35,60.9042,1494.5
2011-04-20,1472.34,60.5125,1498.3
2011-04-21,1477.0601,60.4603,1503.2
2011-04-25,1483.26,60.6888,1508.6
2011-04-26,1495.98,61.2765,1503.0
2011-04-27,1501.42,60.6496,1516.7
2011-04-28,1498.21,61.1132,1530.8
2011-04-29,1494.88,61.3025,1556.0
2011-05-02,1487.58,61.4009,1556.7
2011-05-03,1472.21,61.7484,1540.1
2011-05-04,1468.87,62.0238,1514.9
2011-05-05,1469.78,62.614,1480.9
2011-05-06,1481.28,62.3386,1491.2
2011-05-09,1482.08,62.273,1502.9
2011-05-10,1496.99,61.8271,1516.6
2011-05-11,1481.8,62.1812,1501.1
2011-05-12,1497.09,61.7877,1506.6
2011-05-13,1472.3,62.3451,1493.4
2011-05-16,1446.99,62.6927,1490.4
2011-05-17,1440.47,63.3353,1479.8
2011-05-18,1461.5,62.4959,1495.6
2011-05-19,1461.5,62.4697,1492.2
2011-05-20,1456.1,62.5025,1508.8
2011-05-23,1429.6899,62.8041,1515.3
2011-05-24,1420.01,63.0402,1523.2
2011-05-25,1425.76,62.7451,1526.6
2011-05-26,1441.89,63.2828,1522.8
2011-05-27,1453.38,63.2566,1536.3
2011-05-31,1472.53,63.4009,1535.9
2011-06-01,1433.28,64.2576,1542.4
2011-06-02,1438.21,63.0336,1532.0
2011-06-03,1409.64,63.3955,1541.7
2011-06-06,1396.78,62.9151,1546.5
2011-06-07,1397.5601,63.2047,1543.3
2011-06-08,1376.63,63.6983,1538.1
2011-06-09,1377.58,63.4416,1542.1
2011-06-10,1357.24,63.9287,1528.6
2011-06-13,1350.54,63.6061,1515.0
2011-06-14,1370.1801,62.6453,1523.8
2011-06-15,1340.34,63.7839,1525.6
2011-06-16,1327.26,64.0734,1529.3
2011-06-17,1314.03,63.7707,1538.6
2011-06-20,1318.59,63.8496,1541.5
2011-06-21,1354.35,63.5667,1546.0
2011-06-22,1344.8199,63.6061,1552.9
2011-06-23,1364.13,64.0932,1520.1
2011-06-24,1333.73,63.8233,1500.5
2011-06-27,1349.49,62.948,1496.0
2011-06-28,1362.6,62.4413,1499.7
2011-06-29,1370.21,62.0267,1509.9
2011-06-30,1393.83,61.928,1502.3
2011-07-01,1416.99,61.8289,1482.3
2011-07-05,1415.0,61.9676,1512.3
2011-07-06,1414.71,62.2846,1528.7
2011-07-07,1439.63,62.0997,1530.2
2011-07-08,1428.64,62.9779,1541.2
2011-07-11,1400.53,63.9222,1548.8
2011-07-12,1371.99,64.1402,1561.9
2011-07-13,1371.98,64.3184,1585.2
2011-07-14,1349.75,63.4006,1589.0
2011-07-15,1365.59,63.5063,1589.8
2011-07-18,1352.1,62.8921,1602.1
2011-07-19,1387.24,64.1996,1600.9
2011-07-20,1371.0699,63.4402,1596.7
2011-07-21,1370.79,62.9515,1586.8
2011-07-22,1394.51,63.427,1601.3
2011-07-25,1383.48,62.7336,1612.0
2011-07-26,1391.2,63.1628,1616.6
2011-07-27,1343.22,63.1695,1615.0
2011-07-28,1336.12,63.4072,1613.4
2011-07-29,1327.63,64.6618,1628.3
2011-08-01,1324.59,65.3144,1619.0
2011-08-02,1289.5,67.2756,1641.9
2011-08-03,1303.6801,67.4081,1663.4
2011-08-04,1235.0699,69.8066,1656.2
2011-08-05,1220.37,67.7924,1648.8
2011-08-08,1144.15,69.9325,1710.2
2011-08-09,1197.66,70.1445,1740.0
2011-08-10,1153.49,72.2315,1781.3
2011-08-11,1213.72,68.5875,1748.8
2011-08-12,1221.28,69.9457,1740.2
2011-08-15,1243.4,69.2367,1755.5
2011-08-16,1225.64,70.383,1782.4
2011-08-17,1211.97,71.6153,1791.2
2011-08-18,1137.21,73.0862,1818.9
2011-08-19,1121.74,73.6759,1848.9
2011-08-22,1130.05,73.4903,1888.7
2011-08-23,1183.2,72.4767,1858.3
2011-08-24,1186.65,70.4161,1754.1
2011-08-25,1160.77,71.178,1759.8
2011-08-26,1193.71,71.8803,1794.1
2011-08-29,1236.03,70.8865,1788.4
2011-08-30,1240.41,72.0261,1826.7
2011-08-31,1240.01,70.9131,1828.5
2011-09-01,1222.9399,72.4162,1826.0
2011-09-02,1188.59,74.7688,1873.7
2011-09-06,1186.65,75.5463,1869.9
2011-09-07,1231.45,74.1042,1814.2
2011-09-08,1225.34,74.7688,1854.4
2011-09-09,1199.1899,75.5662,1856.4
2011-09-12,1221.02,75.646,1809.9
2011-09-13,1239.5,74.5693,1826.8
2011-09-14,1268.63,75.2007,1823.5
2011-09-15,1285.5699,74.051,1778.5
2011-09-16,1282.86,74.5893,1812.1
2011-09-19,1269.5699,76.0115,1776.4
2011-09-20,1253.6,76.3304,1806.6
2011-09-21,1235.6,78.8558,1805.5
2011-09-22,1190.37,81.8196,1739.2
2011-09-23,1209.86,80.2978,1637.5
2011-09-26,1226.7,79.0086,1592.5
2011-09-27,1248.58,77.7991,1650.6
2011-09-28,1218.86,77.7725,1616.3
2011-09-29,1208.88,78.3108,1615.5
2011-09-30,1171.0699,80.2779,1620.4
2011-10-03,1136.11,82.4872,1656.0
2011-10-04,1176.4301,81.4411,1614.7
2011-10-05,1219.33,80.8549,1640.3
2011-10-06,1242.4399,79.3625,1651.9
2011-10-07,1236.67,78.7762,1634.5
2011-10-10,1274.0601,77.6635,1669.6
2011-10-11,1278.63,77.4037,1659.7
2011-10-12,1287.22,76.2778,1681.3
2011-10-13,1306.76,77.0373,1667.3
2011-10-14,1325.78,75.918,1681.8
2011-10-17,1296.14,77.2305,1675.5
2011-10-18,1317.8101,76.7508,1651.7
2011-10-19,1291.1899,76.7242,1646.0
2011-10-20,1281.22,76.1778,1611.9
2011-10-21,1313.11,75.3717,1635.1
2011-10-24,1348.26,75.4983,1651.5
2011-10-25,1325.8101,77.4171,1699.6
2011-10-26,1334.02,76.0646,1722.7
2011-10-27,1384.15,73.4862,1746.7
2011-10-28,1389.7,74.2591,1746.2
2011-10-31,1355.84,77.2039,1724.2
2011-11-01,1316.28,79.7882,1711.0
2011-11-02,1332.72,78.7929,1728.7
2011-11-03,1370.42,77.7108,1764.2
2011-11-04,1376.96,77.8044,1755.3
2011-11-07,1378.72,78.2987,1790.3
2011-11-08,1393.76,77.2967,1798.4
2011-11-09,1333.45,78.8999,1790.9
2011-11-10,1340.25,77.7242,1758.9
2011-11-11,1376.88,77.25,1787.5
2011-11-14,1364.36,78.4923,1777.8
2011-11-15,1381.2,78.3855,1781.7
2011-11-16,1365.98,79.1002,1773.8
2011-11-17,1318.65,79.7347,1719.8
2011-11-18,1304.99,79.7147,1724.7
2011-11-21,1280.9399,80.189,1678.3
2011-11-22,1273.51,81.084,1702.2
2011-11-23,1239.17,81.8789,1695.7
2011-11-25,1229.9,80.6899,1685.5
2011-11-28,1273.84,80.6499,1710.8
2011-11-29,1268.23,79.9886,1713.4
2011-11-30,1330.22,78.7395,1745.5
2011-12-01,1337.0601,78.3444,1735.3
2011-12-02,1327.0699,79.4426,1747.0
2011-12-05,1344.98,79.2819,1730.7
2011-12-06,1339.38,78.5252,1727.9
2011-12-07,1339.74,78.8065,1740.9
2011-12-08,1310.85,79.7908,1709.8
2011-12-09,1335.84,78.1502,1712.8
2011-12-12,1311.99,79.0208,1664.2
2011-12-13,1292.0699,79.7574,1659.9
2011-12-14,1265.16,81.2639,1584.3
2011-12-15,1259.92,80.9626,1574.6
2011-12-16,1265.5,81.9068,1595.6
2011-12-19,1243.04,82.9447,1594.4
2011-12-20,1292.58,80.8756,1615.6
2011-12-21,1268.36,79.7506,1611.9
2011-12-22,1299.52,80.0854,1608.9
2011-12-23,1309.2,79.1948,1604.7
2011-12-27,1310.14,79.571,1594.2
2011-12-28,1291.53,81.0422,1562.9
2011-12-29,1302.88,81.19,1539.9
2011-12-30,1300.5601,81.452,1565.8
2012-01-03,1318.46,80.2294,1599.7
2012-01-04,1314.97,79.2755,1611.9
2012-01-05,1330.42,79.1344,1619.4
2012-01-06,1334.1899,79.7591,1616.1
2012-01-09,1343.23,79.6181,1607.5
2012-01-10,1356.91,79.4837,1631.0
2012-01-11,1361.29,80.5182,1639.2
2012-01-12,1367.28,80.404,1647.3
2012-01-13,1350.2,81.2034,1630.4
2012-01-17,1361.02,81.5797,1655.2
2012-01-18,1397.8199,80.5921,1659.5
2012-01-19,1416.39,79.4837,1654.1
2012-01-20,1414.36,78.5835,1663.7
2012-01-23,1409.03,78.0865,1678.0
2012-01-24,1415.87,78.2276,1664.2
2012-01-25,1428.22,78.0394,1699.8
2012-01-26,1414.52,79.0739,1726.3
2012-01-27,1422.58,79.3225,1731.8
2012-01-30,1421.36,80.2562,1731.0
2012-01-31,1423.36,81.1833,1737.8
2012-02-01,1453.87,80.2534,1747.1
2012-02-02,1462.62,80.2197,1756.8
2012-02-03,1485.17,78.4958,1737.9
2012-02-06,1473.2,79.277,1722.8
2012-02-07,1476.3199,78.2938,1746.4
2012-02-08,1490.28,78.3544,1729.3
2012-02-09,1501.9301,77.7686,1739.0
2012-02-10,1477.29,78.7786,1723.3
2012-02-13,1482.33,78.8797,1723.0
2012-02-14,1489.11,79.2972,1715.9
2012-02-15,1485.11,79.1558,1726.3
2012-02-16,1515.96,78.5227,1726.8
2012-02-17,1500.22,78.5025,1724.5
2012-02-21,1490.97,77.6339,1757.1
2012-02-22,1489.3101,78.6103,1770.0
2012-02-23,1494.21,78.6103,1784.9
2012-02-24,1495.39,79.1221,1775.1
2012-02-27,1496.08,79.8224,1773.6
2012-02-28,1505.9399,79.5597,1787.0
2012-02-29,1488.34,79.0749,1709.9
2012-03-01,1497.05,78.3305,1721.1
2012-03-02,1491.4399,79.0661,1708.8
2012-03-05,1468.89,78.4385,1703.0
2012-03-06,1449.4399,79.3901,1671.4
2012-03-07,1465.0699,78.9041,1683.3
2012-03-08,1481.09,78.1145,1698.1
2012-03-09,1494.36,78.2698,1710.9
2012-03-12,1488.98,78.2563,1699.2
2012-03-13,1523.04,76.8795,1693.7
2012-03-14,1515.01,74.9424,1642.5
2012-03-15,1528.1,75.0572,1659.1
2012-03-16,1529.58,75.2057,1655.5
2012-03-19,1536.53,74.308,1666.9
2012-03-20,1529.5601,74.605,1646.7
2012-03-21,1535.3101,75.4486,1650.0
2012-03-22,1530.4399,75.6916,1642.3
2012-03-23,1528.71,76.407,1662.3
2012-03-26,1554.4399,76.0155,1685.5
2012-03-27,1551.1801,76.5622,1684.8
2012-03-28,1539.6801,76.4542,1657.9
2012-03-29,1541.13,77.0279,1652.2
2012-03-30,1545.29,75.7254,1669.3
2012-04-02,1554.14,76.1449,1677.5
2012-04-03,1540.3,74.8254,1670.0
2012-04-04,1511.92,75.8539,1612.3
2012-04-05,1511.91,76.402,1628.5
2012-04-09,1494.58,78.1884,1642.5
2012-04-10,1468.6801,79.0748,1659.5
2012-04-11,1480.48,78.1275,1659.0
2012-04-12,1502.3199,77.8027,1679.5
2012-04-13,1478.8,79.0613,1659.1
2012-04-16,1476.64,78.9462,1648.7
2012-04-17,1499.58,78.8989,1650.3
2012-04-18,1494.9399,79.1289,1638.8
2012-04-19,1481.23,79.2034,1640.6
2012-04-20,1462.7,79.2169,1642.1
2012-04-23,1448.3199,79.7921,1631.9
2012-04-24,1433.1899,79.2305,1643.0
2012-04-25,1461.54,78.8244,1641.4
2012-04-26,1479.7,79.2981,1659.6
2012-04-27,1479.14,79.3658,1664.0
2012-04-30,1476.8199,79.3861,1663.4
2012-05-01,1482.91,78.9743,1661.7
2012-05-02,1483.09,79.5306,1653.4
2012-05-03,1456.51,79.5102,1634.2
2012-05-04,1422.23,80.1343,1644.7
2012-05-07,1413.37,80.1479,1638.6
2012-05-08,1407.83,80.5751,1604.0
2012-05-09,1403.25,80.6294,1593.7
2012-05-10,1389.0699,80.392,1595.1
2012-05-11,1391.87,81.0567,1583.6
2012-05-14,1384.36,82.1895,1560.6
2012-05-15,1381.04,82.5218,1556.8
2012-05-16,1362.41,82.7593,1536.2
2012-05-17,1338.14,84.2244,1574.5
2012-05-18,1311.22,84.2448,1591.6
2012-05-21,1343.87,84.0684,1588.4
2012-05-22,1337.5699,83.1323,1576.3
2012-05-23,1339.97,83.7089,1548.1
2012-05-24,1317.59,83.3901,1557.3
2012-05-25,1324.3101,83.7021,1568.8
2012-05-29,1342.48,83.4444,1548.6
2012-05-30,1317.83,85.5606,1563.4
2012-05-31,1306.37,86.5509,1562.6
2012-06-01,1267.92,88.6057,1620.5
2012-06-04,1272.14,87.9056,1612.2
2012-06-05,1292.21,86.7297,1615.2
2012-06-06,1331.37,84.9965,1632.8
2012-06-07,1319.41,85.1257,1586.6
2012-06-08,1332.42,85.1052,1590.1
2012-06-11,1306.22,85.4927,1595.5
2012-06-12,1328.78,84.711,1612.7
2012-06-13,1319.89,85.547,1618.1
2012-06-14,1318.87,85.4383,1618.4
2012-06-15,1341.24,85.914,1627.0
2012-06-18,1350.6,86.3763,1625.7
2012-06-19,1363.88,85.2479,1622.2
2012-06-20,1365.8101,85.6694,1614.8
2012-06-21,1318.98,86.1248,1564.5
2012-06-22,1335.38,84.9761,1566.0
2012-06-25,1301.4301,86.2132,1587.5
2012-06-26,1306.87,85.8733,1574.0
2012-06-27,1322.08,86.0092,1577.5
2012-06-28,1305.27,86.2199,1549.7
2012-06-29,1356.49,85.0985,1603.5
2012-07-02,1349.75,85.9764,1597.2
2012-07-03,1366.36,85.3158,1621.3
2012-07-05,1361.97,85.7517,1608.9
2012-07-06,1326.01,86.5487,1578.4
2012-07-09,1310.58,87.3115,1588.6
2012-07-10,1293.17,87.4887,1579.3
2012-07-11,1285.55,87.5976,1575.2
2012-07-12,1268.95,88.2175,1564.9
2012-07-13,1285.78,87.9859,1591.6
2012-07-16,1275.84,88.3946,1591.2
2012-07-17,1277.8101,87.6998,1589.1
2012-07-18,1312.08,87.7475,1570.4
2012-07-19,1328.9399,87.5227,1580.1
2012-07-20,1310.52,88.5921,1582.5
2012-07-23,1290.6801,89.0893,1577.1
2012-07-24,1280.74,89.791,1576.0
2012-07-25,1295.5601,90.0225,1608.0
2012-07-26,1330.8,89.1983,1615.0
2012-07-27,1360.76,87.5159,1617.9
2012-07-30,1346.78,88.1698,1619.7
2012-07-31,1346.0,88.3469,1610.5
2012-08-01,1345.4399,87.9053,1603.7
2012-08-02,1337.9,88.4035,1587.4
2012-08-03,1368.51,86.9769,1606.0
2012-08-06,1382.23,87.011,1612.9
2012-08-07,1404.71,85.8916,1609.7
2012-08-08,1408.83,85.4343,1612.9
2012-08-09,1413.49,85.3729,1617.1
2012-08-10,1419.5699,85.8028,1619.7
2012-08-13,1411.5,85.6595,1609.6
2012-08-14,1399.61,84.4991,1599.4
2012-08-15,1408.6899,83.3114,1603.7
2012-08-16,1434.37,82.6015,1616.1
2012-08-17,1432.6801,83.0042,1616.3
2012-08-20,1422.98,83.1749,1620.1
2012-08-21,1421.1,83.5435,1639.9
2012-08-22,1419.14,84.9223,1637.4
2012-08-23,1403.7,85.2773,1669.6
2012-08-24,1403.77,85.1953,1669.8
2012-08-27,1398.8101,85.6937,1672.4
2012-08-28,1398.73,85.8984,1666.5
2012-08-29,1400.16,85.523,1659.8
2012-08-30,1377.72,85.9667,1653.5
2012-08-31,1388.21,87.1817,1684.6
2012-09-04,1383.9,87.0941,1692.9
2012-09-05,1381.47,86.6837,1690.8
2012-09-06,1424.21,85.2404,1702.6
2012-09-07,1419.49,84.8436,1737.5
2012-09-10,1401.65,85.0488,1728.7
2012-09-11,1404.4,84.5152,1731.8
2012-09-12,1406.59,83.4618,1730.6
2012-09-13,1422.76,83.1335,1769.1
2012-09-14,1438.23,80.924,1769.8
2012-09-17,1426.67,81.8954,1767.7
2012-09-18,1424.03,82.3057,1768.4
2012-09-19,1422.4399,82.8462,1769.0
2012-09-20,1416.1899,83.0514,1767.7
2012-09-21,1416.16,83.1471,1775.5
2012-09-24,1403.26,83.797,1762.1
2012-09-25,1383.13,84.6247,1763.8
2012-09-26,1373.33,85.5345,1750.6
2012-09-27,1395.49,84.9257,1777.6
2012-09-28,1391.58,84.9736,1771.1
2012-10-01,1389.78,85.2889,1780.5
2012-10-02,1397.26,85.1724,1772.7
2012-10-03,1394.61,85.1998,1777.3
2012-10-04,1401.17,84.1373,1794.1
2012-10-05,1395.36,83.0473,1778.6
2012-10-08,1385.87,83.7466,1773.5
2012-10-09,1358.3101,83.5957,1763.0
2012-10-10,1343.9301,84.1853,1763.2
2012-10-11,1347.04,84.7679,1768.8
2012-10-12,1343.23,84.9804,1758.0
2012-10-15,1353.63,84.7885,1736.0
2012-10-16,1375.84,83.6163,1744.7
2012-10-17,1363.74,82.8417,1751.5
2012-10-18,1353.76,82.3344,1743.3
2012-10-19,1324.1,83.4518,1722.8
2012-10-22,1328.42,82.9171,1725.1
2012-10-23,1327.02,84.103,1708.3
2012-10-24,1314.21,83.2735,1700.5
2012-10-25,1323.26,82.8485,1712.0
2012-10-26,1319.08,84.0687,1710.9
2012-10-31,1309.22,84.5622,1717.5
2012-11-01,1349.38,83.87,1714.1
2012-11-02,1333.5699,83.8082,1674.1
2012-11-05,1347.73,84.2812,1682.2
2012-11-06,1365.51,83.486,1714.1
2012-11-07,1327.5699,85.001,1713.2
2012-11-08,1313.35,86.2623,1725.4
2012-11-09,1315.03,86.3583,1730.3
2012-11-12,1312.97,86.5022,1730.3
2012-11-13,1299.6,86.7901,1724.2
2012-11-14,1287.33,86.8724,1729.5
2012-11-15,1288.8199,86.701,1713.3
2012-11-16,1288.76,86.6256,1714.3
2012-11-19,1310.74,86.1389,1734.0
2012-11-20,1304.12,85.2752,1723.2
2012-11-21,1312.51,85.2272,1727.9
2012-11-23,1340.27,85.145,1751.3
2012-11-26,1346.5,85.5494,1749.5
2012-11-27,1332.42,85.8853,1742.2
2012-11-28,1348.48,85.7619,1716.5
2012-11-29,1356.73,85.7756,1727.2
2012-11-30,1352.64,85.5426,1710.9
2012-12-03,1349.78,85.6215,1719.6
2012-12-04,1356.54,86.1161,1694.4
2012-12-05,1357.6801,86.0749,1692.4
2012-12-06,1373.63,86.2603,1700.3
2012-12-07,1376.23,85.4636,1704.0
2012-12-10,1386.35,85.8413,1713.0
2012-12-11,1406.12,85.1888,1708.2
2012-12-12,1401.15,84.1998,1716.6
2012-12-13,1393.5699,84.2616,1695.6
2012-12-14,1390.73,84.8935,1695.8
2012-12-17,1399.66,83.6228,1697.0
2012-12-18,1424.37,82.7711,1669.5
2012-12-19,1426.5,83.0459,1666.5
2012-12-20,1429.37,83.0597,1644.9
2012-12-21,1399.0601,83.9662,1659.1
2012-12-24,1394.21,83.8151,1658.6
2012-12-26,1389.8,84.1167,1659.8
2012-12-27,1384.64,84.3989,1662.6
2012-12-28,1370.79,84.8807,1654.9
2012-12-31,1394.75,83.4145,1674.8
2013-01-02,1445.29,82.2994,1687.9
2013-01-03,1434.83,81.1843,1673.7
2013-01-04,1437.01,81.5009,1648.1
2013-01-07,1437.27,81.5353,1645.5
2013-01-08,1428.01,82.0722,1661.5
2013-01-09,1439.0,81.9965,1654.8
2013-01-10,1450.28,81.7693,1677.3
2013-01-11,1455.91,82.499,1660.0
2013-01-14,1459.34,82.2719,1668.9
2013-01-15,1459.08,82.6505,1683.4
2013-01-16,1463.53,82.8225,1682.7
2013-01-17,1478.6801,81.9965,1690.4
2013-01-18,1477.7,82.6298,1686.6
2013-01-22,1481.03,82.7881,1692.8
2013-01-23,1485.33,82.6642,1686.3
2013-01-24,1486.25,82.3751,1669.5
2013-01-25,1501.85,81.2462,1656.4
2013-01-28,1505.4301,80.9502,1652.4
2013-01-29,1488.74,80.5028,1660.7
2013-01-30,1488.15,80.3651,1679.9
2013-01-31,1487.86,80.7575,1660.6
2013-02-01,1507.37,79.7088,1669.4
2013-02-04,1484.96,80.7299,1675.3
2013-02-05,1498.3101,80.0124,1672.4
2013-02-06,1502.83,80.6678,1677.7
2013-02-07,1491.3,80.4884,1670.4
2013-02-08,1501.5601,80.7989,1666.0
2013-02-11,1498.48,80.7368,1648.2
2013-02-12,1497.29,80.5367,1648.7
2013-02-13,1499.98,79.8814,1644.2
2013-02-14,1508.79,80.6057,1634.7
2013-02-15,1506.3101,80.3711,1608.8
2013-02-19,1517.3199,79.971,1603.6
2013-02-20,1487.23,80.2124,1577.6
2013-02-21,1465.34,80.6816,1578.2
2013-02-22,1482.5699,80.7368,1572.4
2013-02-25,1457.74,82.3235,1586.2
2013-02-26,1467.76,81.8475,1615.2
2013-02-27,1482.85,81.606,1595.2
2013-02-28,1483.01,81.7578,1577.7
2013-03-01,1488.23,82.203,1571.9
2013-03-04,1493.49,81.7675,1572.1
2013-03-05,1516.52,81.5324,1574.6
2013-03-06,1518.66,80.7927,1574.6
2013-03-07,1520.52,80.1704,1574.8
2013-03-08,1522.98,79.3339,1576.6
2013-03-11,1525.9399,79.4099,1577.8
2013-03-12,1525.0,79.9837,1591.5
2013-03-13,1526.77,79.9008,1588.3
2013-03-14,1533.24,79.6588,1590.6
2013-03-15,1515.9301,80.0322,1592.5
2013-03-18,1503.1,80.6406,1604.6
2013-03-19,1496.29,81.1868,1611.3
2013-03-20,1513.29,80.281,1607.5
2013-03-21,1497.4301,81.0553,1613.8
2013-03-22,1507.05,81.1176,1606.2
2013-03-25,1499.3199,81.0416,1604.6
2013-03-26,1511.4,81.1384,1595.8
2013-03-27,1515.21,81.8297,1606.2
2013-03-28,1524.4399,81.4149,1594.8
2013-04-01,1506.74,82.0281,1600.0
2013-04-02,1510.49,81.6955,1575.1
2013-04-03,1492.11,82.4299,1552.8
2013-04-04,1496.33,83.4138,1551.8
2013-04-05,1481.1899,85.0974,1575.4
2013-04-08,1486.3101,84.4461,1572.0
2013-04-09,1498.09,84.2383,1586.2
2013-04-10,1531.1,83.0812,1558.3
2013-04-11,1528.4301,83.2406,1564.3
2013-04-12,1522.39,84.4808,1501.0
2013-04-15,1488.59,85.2152,1360.6
2013-04-16,1511.67,84.5154,1386.8
2013-04-17,1476.02,85.0766,1382.2
2013-04-18,1454.97,85.2845,1392.0
2013-04-19,1457.66,85.1044,1395.3
2013-04-22,1468.74,85.1668,1421.0
2013-04-23,1493.03,84.8688,1408.6
2013-04-24,1504.1801,85.0836,1423.4
2013-04-25,1515.91,84.7164,1461.8
2013-04-26,1504.34,85.4924,1453.6
2013-04-29,1518.5699,85.1806,1467.4
2013-04-30,1524.59,85.2291,1472.2
2013-05-01,1510.87,86.1047,1446.3
2013-05-02,1529.95,85.9935,1467.7
2013-05-03,1545.59,83.9661,1464.3
2013-05-06,1553.78,83.7578,1468.1
2013-05-07,1553.75,83.4315,1449.0
2013-05-08,1564.35,83.5634,1473.9
2013-05-09,1560.3199,83.3482,1468.8
2013-05-10,1572.35,82.4525,1436.8
2013-05-13,1559.13,81.8206,1434.5
2013-05-14,1567.9,80.9319,1424.7
2013-05-15,1579.39,81.4734,1396.5
2013-05-16,1581.35,82.3205,1387.1
2013-05-17,1594.49,81.279,1364.9
2013-05-20,1587.7,81.1818,1384.3
2013-05-21,1588.99,81.8206,1377.8
2013-05-22,1566.88,80.6055,1367.6
2013-05-23,1563.1,80.9874,1392.0
2013-05-24,1560.84,81.0985,1386.8
2013-05-28,1571.61,79.0432,1379.1
2013-05-29,1569.79,79.932,1391.3
2013-05-30,1590.4,79.7376,1411.5
2013-05-31,1575.16,79.4668,1392.6
2013-06-03,1576.36,79.8879,1411.7
2013-06-04,1573.27,79.1501,1397.1
2013-06-05,1556.71,80.2429,1398.4
2013-06-06,1564.45,80.1941,1415.7
2013-06-07,1583.27,78.7604,1383.0
2013-06-10,1581.86,78.3845,1386.2
2013-06-11,1564.02,79.3171,1377.0
2013-06-12,1547.3199,78.1827,1391.8
2013-06-13,1568.58,79.4076,1377.6
2013-06-14,1556.85,79.2197,1387.3
2013-06-17,1576.45,78.8021,1382.8
2013-06-18,1590.1899,78.8439,1366.6
2013-06-19,1576.87,78.0295,1373.6
2013-06-20,1539.15,76.7489,1285.9
2013-06-21,1536.38,75.4474,1291.6
2013-06-24,1512.21,75.7605,1276.8
2013-06-25,1531.52,75.0854,1274.8
2013-06-26,1545.3101,75.5727,1229.6
2013-06-27,1557.61,76.3452,1211.4
2013-06-28,1552.8199,76.8672,1223.8
2013-07-01,1558.29,77.0221,1255.9
2013-07-02,1553.54,76.9732,1243.6
2013-07-03,1558.41,76.743,1252.1
2013-07-05,1574.3199,74.1271,1212.9
2013-07-08,1565.5601,74.8456,1234.9
2013-07-09,1577.6899,74.9223,1245.9
2013-07-10,1591.1,74.3363,1247.4
2013-07-11,1621.62,75.2083,1280.1
2013-07-12,1632.92,75.1456,1277.8
2013-07-15,1635.5699,75.5432,1283.8
2013-07-16,1636.17,75.8012,1290.8
2013-07-17,1644.87,75.9408,1277.9
2013-07-18,1649.4301,74.9921,1284.6
2013-07-19,1639.99,76.1779,1293.3
2013-07-22,1639.51,76.2896,1336.4
2013-07-23,1630.2,75.9687,1335.1
2013-07-24,1623.22,75.006,1319.7
2013-07-25,1645.95,74.9781,1329.0
2013-07-26,1639.72,75.4386,1321.7
2013-07-29,1633.62,74.8874,1328.4
2013-07-30,1651.34,74.8596,1324.0
2013-07-31,1660.98,75.1316,1312.4
2013-08-01,1686.14,73.6839,1311.0
2013-08-02,1689.79,74.4952,1310.6
2013-08-05,1688.5699,73.9217,1302.6
2013-08-06,1679.89,74.1385,1283.2
2013-08-07,1675.58,74.691,1286.1
2013-08-08,1685.13,74.8938,1310.7
2013-08-09,1682.21,75.0127,1312.9
2013-08-12,1689.25,74.5021,1334.7
2013-08-13,1697.98,73.4252,1321.2
2013-08-14,1688.3,73.537,1334.0
2013-08-15,1652.4301,72.544,1361.6
2013-08-16,1650.8,72.2922,1371.7
2013-08-19,1643.23,71.6628,1366.2
2013-08-20,1649.53,72.2152,1373.1
2013-08-21,1646.5,71.425,1370.6
2013-08-22,1663.66,72.1523,1371.2
2013-08-23,1672.96,72.9356,1395.7
2013-08-26,1667.0699,73.2993,1393.0
2013-08-27,1631.12,74.2224,1420.6
2013-08-28,1640.91,73.6209,1419.0
2013-08-29,1653.04,74.2084,1412.9
2013-08-30,1643.54,74.1244,1396.1
2013-09-03,1658.46,73.079,1412.0
2013-09-04,1679.26,72.9177,1389.9
2013-09-05,1684.75,71.901,1373.1
2013-09-06,1686.36,72.2586,1386.7
2013-09-09,1704.74,72.2937,1386.8
2013-09-10,1724.46,71.7888,1364.1
2013-09-11,1731.4399,72.4269,1363.9
2013-09-12,1723.55,72.3288,1330.4
2013-09-13,1725.88,72.6092,1308.4
2013-09-16,1728.25,72.1254,1317.9
2013-09-17,1743.35,72.7214,1309.5
2013-09-18,1758.22,73.6189,1307.8
2013-09-19,1762.4301,73.1842,1369.4
2013-09-20,1755.4301,73.5699,1332.5
2013-09-23,1745.2,74.1098,1326.9
2013-09-24,1749.91,74.9092,1316.0
2013-09-25,1754.3199,75.0634,1335.9
2013-09-26,1759.83,74.5375,1323.6
2013-09-27,1754.5601,74.7198,1338.4
2013-09-30,1750.28,74.6076,1326.5
2013-10-01,1765.98,74.3812,1286.0
2013-10-02,1766.08,74.4938,1320.6
2013-10-03,1748.5,74.3742,1317.4
2013-10-04,1769.73,74.318,1309.7
2013-10-07,1758.37,74.6203,1324.8
2013-10-08,1725.54,74.6414,1324.2
2013-10-09,1719.49,74.0438,1306.9
2013-10-10,1752.5,74.1633,1296.6
2013-10-11,1762.88,74.1422,1268.0
2013-10-14,1773.87,73.5447,1276.4
2013-10-15,1754.96,73.4954,1273.0
2013-10-16,1767.9399,74.4164,1282.0
2013-10-17,1778.08,75.0913,1322.7
2013-10-18,1799.71,75.253,1314.4
2013-10-21,1805.33,75.014,1315.7
2013-10-22,1799.39,75.8506,1342.5
2013-10-23,1764.45,76.1459,1333.9
2013-10-24,1767.71,75.8506,1350.2
2013-10-25,1769.76,76.1318,1352.4
2013-10-28,1773.16,75.8717,1352.0
2013-10-29,1788.4399,75.9701,1345.2
2013-10-30,1780.98,75.5132,1349.0
2013-10-31,1775.28,75.6749,1323.6
2013-11-01,1775.24,74.8557,1313.1
2013-11-04,1779.5699,74.9262,1314.6
2013-11-05,1777.4399,74.031,1308.0
2013-11-06,1786.4301,74.0662,1317.7
2013-11-07,1758.21,74.6936,1308.4
2013-11-08,1781.4301,72.8961,1284.5
2013-11-11,1782.0,72.6211,1281.0
2013-11-12,1791.1,72.9595,1271.1
2013-11-13,1811.59,73.2274,1268.3
2013-11-14,1809.4399,73.6785,1286.2
2013-11-15,1820.77,73.8266,1287.3
2013-11-18,1801.26,74.2706,1272.2
2013-11-19,1783.77,73.7067,1273.4
2013-11-20,1777.65,72.4519,1257.9
2013-11-21,1800.46,72.5718,1243.5
2013-11-22,1801.9399,73.2485,1244.0
2013-11-25,1798.16,73.46,1241.1
2013-11-26,1802.34,73.7349,1241.4
2013-11-27,1810.92,73.608,1237.8
2013-11-29,1812.47,73.6292,1250.6
2013-12-02,1810.8,73.0565,1222.3
2013-12-03,1813.02,73.3252,1221.7
2013-12-04,1817.38,72.6252,1248.2
2013-12-05,1817.3,72.4202,1233.2
2013-12-06,1837.12,72.7666,1230.3
2013-12-09,1839.42,72.9363,1235.3
2013-12-10,1843.22,73.4595,1262.4
2013-12-11,1817.89,72.8938,1258.5
2013-12-12,1807.9,72.6181,1226.0
2013-12-13,1819.89,72.9717,1235.7
2013-12-16,1833.33,72.7029,1245.5
2013-12-17,1846.71,73.0282,1231.2
2013-12-18,1860.97,72.6606,1236.1
2013-12-19,1851.97,72.5898,1195.0
2013-12-20,1872.84,73.7069,1205.1
2013-12-23,1890.34,73.2898,1198.4
2013-12-24,1894.05,72.7029,1205.1
2013-12-26,1895.1,72.4228,1214.1
2013-12-27,1895.45,72.2171,1216.1
2013-12-30,1899.7,72.7136,1203.1
2013-12-31,1910.92,72.2525,1201.9
2014-01-02,1886.8101,72.4724,1225.0
2014-01-03,1883.21,72.4724,1238.4
2014-01-06,1876.46,72.7774,1237.8
2014-01-07,1897.71,72.9619,1229.4
2014-01-08,1912.25,72.7633,1225.3
2014-01-09,1899.77,73.1889,1229.3
2014-01-10,1907.28,74.0613,1246.7
2014-01-13,1879.88,74.4302,1250.9
2014-01-14,1919.61,74.0897,1245.2
2014-01-15,1945.95,74.0117,1238.1
2014-01-16,1940.99,74.5082,1240.0
2014-01-17,1933.0601,74.8203,1251.7
2014-01-21,1942.24,74.8771,1242.3
2014-01-22,1953.0699,74.6926,1239.0
2014-01-23,1941.78,75.7495,1262.6
2014-01-24,1901.5,76.239,1264.5
2014-01-27,1886.0,75.707,1263.6
2014-01-28,1894.96,75.8914,1251.0
2014-01-29,1877.9301,76.5156,1262.2
2014-01-30,1904.66,76.2957,1242.2
2014-01-31,1897.65,76.8065,1240.1
2014-02-03,1849.97,77.7423,1260.4
2014-02-04,1863.97,76.9174,1251.7
2014-02-05,1857.02,76.2063,1257.3
2014-02-06,1890.27,75.8791,1257.6
2014-02-07,1922.3,75.9431,1263.3
2014-02-10,1933.09,76.1564,1274.8
2014-02-11,1957.87,75.7155,1290.1
2014-02-12,1966.99,75.3245,1295.3
2014-02-13,1991.12,75.7511,1300.4
2014-02-14,1999.86,75.7937,1319.0
2014-02-18,2004.6899,75.9644,1324.7
2014-02-19,2003.65,75.6444,1320.6
2014-02-20,2016.51,75.4595,1317.1
2014-02-21,2015.61,75.8578,1323.9
2014-02-24,2025.23,75.6658,1338.3
2014-02-25,2017.1899,76.3414,1343.0
2014-02-26,2028.79,76.7467,1328.2
2014-02-27,2032.63,77.1663,1331.6
2014-02-28,2021.13,77.2089,1321.4
2014-03-03,2008.9,77.7244,1350.1
2014-03-04,2042.26,76.5552,1337.8
2014-03-05,2044.5,76.7192,1340.2
2014-03-06,2046.53,75.9635,1351.7
2014-03-07,2036.66,75.4859,1338.1
2014-03-10,2029.77,75.5929,1341.4
2014-03-11,2018.12,75.7925,1346.5
2014-03-12,2027.63,76.32,1370.3
2014-03-13,1988.45,77.3466,1372.2
2014-03-14,1981.88,77.3608,1379.0
2014-03-17,2007.64,76.7834,1372.9
2014-03-18,2031.65,77.0614,1359.0
2014-03-19,2024.09,76.4626,1341.4
2014-03-20,2046.15,76.3272,1330.5
2014-03-21,2024.66,77.154,1336.0
2014-03-24,2008.89,77.703,1311.2
2014-03-25,2018.96,77.4107,1311.4
2014-03-26,1992.67,78.0166,1303.4
2014-03-27,1983.8101,78.4087,1294.7
2014-03-28,1994.08,77.9667,1293.8
2014-03-31,2015.95,77.7743,1283.4
2014-04-01,2049.6799,77.1096,1279.6
2014-04-02,2047.99,76.6664,1290.5
2014-04-03,2033.36,77.0024,1284.4
2014-04-04,1979.5,77.517,1303.2
2014-04-07,1956.66,77.9815,1298.0
2014-04-08,1983.28,78.1674,1308.7
2014-04-09,2009.04,77.7814,1305.5
2014-04-10,1943.78,78.5033,1320.1
2014-04-11,1916.0,79.1393,1318.7
2014-04-14,1939.74,78.9321,1327.2
2014-04-15,1955.5601,79.4252,1300.0
2014-04-16,1966.6801,79.5253,1303.1
2014-04-17,1980.92,78.6533,1293.4
2014-04-21,1994.72,78.5891,1288.0
2014-04-22,2007.02,78.8535,1280.6
2014-04-23,1995.2,79.3037,1284.2
2014-04-24,1997.78,79.4538,1290.5
2014-04-25,1951.88,79.5682,1300.7
2014-04-28,1940.98,79.1822,1298.9
2014-04-29,1958.86,79.075,1296.0
2014-04-30,1970.08,79.4038,1295.6
2014-05-01,1973.9,80.2556,1283.1
2014-05-02,1974.55,80.75,1302.6
2014-05-05,1976.6801,80.2628,1309.0
2014-05-06,1959.03,80.5852,1308.3
2014-05-07,1945.6801,80.2987,1288.6
2014-05-08,1952.15,79.9547,1287.4
2014-05-09,1955.48,79.6968,1287.3
2014-05-12,1992.09,79.3744,1295.6
2014-05-13,1984.5699,80.0622,1294.6
2014-05-14,1976.8101,80.9291,1305.7
2014-05-15,1964.4,81.5739,1293.5
2014-05-16,1978.71,81.3446,1293.3
2014-05-19,1999.23,80.7428,1293.7
2014-05-20,1987.77,80.9219,1294.5
2014-05-21,2003.5699,80.4276,1288.0
2014-05-22,2014.21,80.313,1294.9
2014-05-23,2033.28,80.7428,1291.6
2014-05-27,2056.99,81.2157,1265.4
2014-05-28,2051.5801,82.2187,1259.3
2014-05-29,2060.77,81.7817,1256.3
2014-05-30,2057.6299,81.7458,1245.6
2014-06-02,2063.9099,81.1381,1243.7
2014-06-03,2062.79,80.1398,1244.3
2014-06-04,2067.71,80.1182,1244.0
2014-06-05,2086.71,80.1541,1253.0
2014-06-06,2103.1899,80.1541,1252.1
2014-06-09,2106.3601,80.0392,1253.5
2014-06-10,2109.4299,79.7446,1259.8
2014-06-11,2113.0901,79.8883,1260.8
2014-06-12,2101.79,80.5995,1273.6
2014-06-13,2117.24,80.5564,1273.7
2014-06-16,2123.3501,80.7574,1274.9
2014-06-17,2132.8899,80.1182,1271.7
2014-06-18,2143.23,80.7359,1272.4
2014-06-19,2137.1399,79.7016,1313.7
2014-06-20,2138.3201,80.305,1316.2
2014-06-23,2137.5,80.0535,1318.0
2014-06-24,2130.28,80.8652,1320.9
2014-06-25,2140.3799,81.0735,1322.2
2014-06-26,2134.04,81.4614,1316.1
2014-06-27,2141.6899,81.3393,1319.0
2014-06-30,2153.0701,81.5404,1321.8
2014-07-01,2177.77,80.8577,1326.4
2014-07-02,2178.29,79.9936,1330.7
2014-07-03,2193.29,79.7055,1320.4
2014-07-07,2180.1599,80.2888,1316.5
2014-07-08,2154.25,81.189,1316.0
2014-07-09,2164.8701,81.2538,1323.8
2014-07-10,2156.6799,81.2754,1338.7
2014-07-11,2164.0801,81.7939,1337.0
2014-07-14,2174.79,81.441,1306.3
2014-07-15,2173.04,81.2754,1296.9
2014-07-16,2185.0,81.7075,1299.6
2014-07-17,2150.0801,82.7373,1316.7
2014-07-18,2176.3999,82.4708,1309.2
2014-07-21,2176.02,82.8813,1313.7
2014-07-22,2190.8899,83.0541,1306.1
2014-07-23,2172.79,82.9461,1304.5
2014-07-24,2185.03,82.3268,1290.6
2014-07-25,2174.28,83.299,1303.1
2014-07-28,2175.8401,83.1838,1303.3
2014-07-29,2168.9399,83.4863,1298.3
2014-07-30,2179.47,82.3268,1294.9
2014-07-31,2137.27,82.082,1281.3
2014-08-01,2128.55,82.7174,1293.6
2014-08-04,2143.72,82.5008,1287.7
2014-08-05,2126.9399,82.7679,1284.0
2014-08-06,2123.3601,82.8184,1306.7
2014-08-07,2109.3101,83.591,1310.8
2014-08-08,2130.01,83.4106,1308.9
2014-08-11,2143.8301,83.4033,1308.5
2014-08-12,2137.9299,82.8617,1308.8
2014-08-13,2159.95,83.4033,1312.8
2014-08-14,2167.8601,84.0748,1313.9
2014-08-15,2174.1299,84.9918,1304.5
2014-08-18,2189.76,84.147,1297.7
2014-08-19,2201.8701,83.8871,1295.1
2014-08-20,2209.04,83.7499,1293.4
2014-08-21,2214.6201,84.2192,1273.7
2014-08-22,2212.6001,84.6885,1278.6
2014-08-25,2210.49,85.0062,1277.3
2014-08-26,2213.5,84.7318,1283.8
2014-08-27,2210.77,85.4539,1281.9
2014-08-28,2212.05,85.9016,1288.7
2014-08-29,2226.98,85.9593,1285.8
2014-09-02,2231.8899,84.4765,1263.7
2014-09-03,2233.9099,84.9469,1268.9
2014-09-04,2236.3701,83.912,1265.1
2014-09-05,2255.8501,83.7528,1265.8
2014-09-08,2263.45,83.789,1252.7
2014-09-09,2243.1001,83.7239,1246.8
2014-09-10,2252.3401,83.1956,1243.5
2014-09-11,2254.9199,82.9206,1237.4
2014-09-12,2241.0701,82.0521,1229.9
2014-09-15,2216.1499,82.1751,1233.6
2014-09-16,2240.48,81.8423,1235.2
2014-09-17,2246.01,81.6324,1234.4
2014-09-18,2272.6399,81.8929,1225.7
2014-09-19,2252.0,82.935,1215.3
2014-09-22,2223.1499,83.0364,1216.8
2014-09-23,2216.51,83.5502,1221.0
2014-09-24,2238.71,83.087,1218.6
2014-09-25,2195.27,84.0712,1221.2
2014-09-26,2219.72,83.9482,1214.1
2014-09-29,2221.8799,84.6212,1217.5
2014-09-30,2216.8101,84.1436,1210.5
2014-10-01,2170.51,85.7752,1214.6
2014-10-02,2169.47,85.028,1214.2
2014-10-03,2186.1599,85.3907,1192.2
2014-10-06,2174.0701,85.4416,1206.7
2014-10-07,2135.28,86.595,1211.7
2014-10-08,2176.5701,86.6168,1205.3
2014-10-09,2126.76,86.2395,1224.6
2014-10-10,2032.76,87.0957,1221.0
2014-10-13,2001.3199,87.6252,1229.3
2014-10-14,2014.61,88.1984,1233.6
2014-10-15,2017.03,88.8948,1244.1
2014-10-16,2023.41,88.329,1240.5
2014-10-17,2048.1699,87.8356,1238.3
2014-10-20,2069.3201,88.1548,1244.0
2014-10-21,2128.8601,87.4512,1251.0
2014-10-22,2108.03,87.5454,1244.8
2014-10-23,2138.46,86.7691,1228.5
2014-10-24,2167.55,86.8562,1231.2
2014-10-27,2173.5801,87.0158,1229.1
2014-10-28,2208.7,86.4717,1229.2
2014-10-29,2197.8401,86.6676,1224.3
2014-10-30,2212.8799,86.7402,1198.1
2014-10-31,2263.51,86.5152,1171.1
2014-11-03,2272.79,86.5153,1169.4
2014-11-04,2275.8999,86.7843,1167.4
2014-11-05,2290.9399,86.6607,1145.4
2014-11-06,2287.48,86.1007,1142.3
2014-11-07,2280.3,87.0898,1169.6
2014-11-10,2293.79,86.2898,1159.6
2014-11-11,2291.1299,86.3479,1162.8
2014-11-12,2293.71,86.2752,1158.9
2014-11-13,2296.98,86.4789,1161.1
2014-11-14,2316.45,86.9007,1185.0
2014-11-17,2310.6201,86.6825,1183.0
2014-11-18,2326.45,86.9225,1196.7
2014-11-19,2313.48,86.3697,1193.6
2014-11-20,2324.3601,86.8207,1190.7
2014-11-21,2343.0,87.3443,1197.5
2014-11-24,2361.4099,87.417,1195.5
2014-11-25,2359.1299,88.1443,1197.1
2014-11-26,2385.1001,88.3843,1196.6
2014-11-28,2396.1599,89.0825,1175.2
2014-12-01,2368.6299,88.5628,1218.0
2014-12-02,2378.8999,87.7026,1199.2
2014-12-03,2400.23,88.0452,1208.5
2014-12-04,2401.5801,88.7814,1207.5
2014-12-05,2411.0601,88.2639,1190.1
2014-12-08,2384.72,89.3427,1194.7
2014-12-09,2382.4199,89.8019,1231.5
2014-12-10,2349.1599,90.458,1228.9
2014-12-11,2361.1499,90.8297,1225.1
2014-12-12,2328.98,92.0615,1222.0
2014-12-15,2313.21,91.872,1207.2
2014-12-16,2288.24,93.0091,1193.9
2014-12-17,2330.22,92.1709,1194.3
2014-12-18,2382.0901,90.5308,1194.7
2014-12-19,2385.29,91.7481,1195.9
2014-12-22,2412.1399,91.872,1179.7
2014-12-23,2413.03,90.0497,1177.9
2014-12-24,2413.98,90.5399,1173.5
2014-12-26,2416.4399,90.8759,1195.3
2014-12-29,2405.1699,91.5552,1181.7
2014-12-30,2390.72,91.8035,1200.2
2014-12-31,2367.8501,91.9789,1183.9
2015-01-02,2365.3799,93.0015,1186.0
2015-01-05,2327.1101,94.4624,1203.9
2015-01-06,2283.3799,96.1644,1219.3
2015-01-07,2300.4399,95.9744,1210.6
2015-01-08,2354.9399,94.7035,1208.4
2015-01-09,2350.0701,95.7407,1216.0
2015-01-12,2314.3999,96.2886,1232.7
2015-01-13,2298.74,96.2886,1234.3
2015-01-14,2285.53,97.019,1234.4
2015-01-15,2257.6699,98.5456,1264.7
2015-01-16,2292.4299,97.2893,1276.9
2015-01-20,2306.4199,98.5821,1294.2
2015-01-21,2317.6799,97.4427,1293.7
2015-01-22,2344.6201,97.0921,1300.7
2015-01-23,2343.3,98.4434,1292.6
2015-01-26,2333.05,98.1439,1279.4
2015-01-27,2278.0901,98.2973,1291.7
2015-01-28,2254.95,99.9043,1285.9
2015-01-29,2271.71,99.2469,1254.6
2015-01-30,2229.54,101.0072,1278.5
2015-02-02,2243.1499,100.6259,1276.2
2015-02-03,2280.5,98.496,1259.7
2015-02-04,2286.8301,98.6644,1263.8
2015-02-05,2303.3201,97.5811,1262.0
2015-02-06,2290.9199,95.8538,1233.9
2015-02-09,2281.1799,95.7001,1240.8
2015-02-10,2327.52,94.9389,1231.6
2015-02-11,2334.5901,95.1145,1219.0
2015-02-12,2372.8301,94.7997,1220.1
2015-02-13,2394.3601,93.8263,1226.5
2015-02-17,2394.76,92.4137,1208.1
2015-02-18,2387.71,92.9627,1199.7
2015-02-19,2398.97,92.3478,1207.1
2015-02-20,2417.8999,92.6186,1204.4
2015-02-23,2403.95,93.6799,1200.3
2015-02-24,2414.45,94.9096,1196.9
2015-02-25,2406.3201,95.3194,1201.0
2015-02-26,2417.6799,94.0166,1209.6
2015-02-27,2411.99,94.8071,1212.6
2015-03-02,2450.27,93.0412,1207.7
2015-03-03,2409.77,92.7038,1204.0
2015-03-04,2405.29,92.7332,1200.6
2015-03-05,2416.27,92.6158,1195.9
2015-03-06,2383.28,90.5698,1164.1
2015-03-09,2389.5601,91.4058,1166.4
2015-03-10,2345.51,92.6085,1160.1
2015-03-11,2341.03,93.2832,1150.7
2015-03-12,2352.49,93.2172,1152.1
2015-03-13,2350.3301,92.9311,1152.6
2015-03-16,2384.3501,93.8259,1153.3
2015-03-17,2376.4199,94.6033,1148.3
2015-03-18,2400.8899,96.4293,1151.4
2015-03-19,2407.73,95.9379,1169.1
2015-03-20,2431.8101,96.4439,1184.8
2015-03-23,2418.3401,96.3266,1188.0
2015-03-24,2401.9199,97.258,1191.7
2015-03-25,2321.0801,96.4366,1197.3
2015-03-26,2304.0,94.9332,1205.1
2015-03-27,2340.3501,96.1139,1199.8
2015-03-30,2378.8899,95.6373,1184.8
2015-03-31,2352.3601,95.8426,1183.1
2015-04-01,2342.71,97.1015,1208.1
2015-04-02,2342.5601,96.0726,1200.9
2015-04-06,2355.0601,95.5361,1218.6
2015-04-07,2354.05,96.3372,1210.6
2015-04-08,2372.97,96.3666,1203.1
2015-04-09,2393.45,95.1172,1193.6
2015-04-10,2405.1899,95.2569,1204.6
2015-04-13,2388.1201,95.3891,1199.3
2015-04-14,2380.4099,96.0653,1192.8
2015-04-15,2406.3701,95.9844,1201.5
2015-04-16,2398.3799,95.5067,1198.0
2015-04-17,2366.25,96.6017,1202.9
2015-04-20,2394.46,95.7493,1193.5
2015-04-21,2407.74,95.3157,1202.9
2015-04-22,2427.2,93.8606,1186.9
2015-04-23,2418.6599,94.2648,1194.4
2015-04-24,2409.6001,94.8527,1175.2
2015-04-27,2408.55,94.8527,1203.3
2015-04-28,2414.1799,93.5446,1214.0
2015-04-29,2398.8401,92.3981,1209.8
2015-04-30,2370.22,92.5598,1182.4
2015-05-01,2409.8401,91.3138,1174.5
2015-05-04,2410.8501,90.4523,1186.8
2015-05-05,2368.5,90.327,1193.2
2015-05-06,2356.29,88.7806,1190.3
2015-05-07,2373.6899,89.9736,1182.4
2015-05-08,2394.23,90.2166,1189.1
2015-05-11,2387.7,88.0221,1183.2
2015-05-12,2372.9199,88.2504,1192.6
2015-05-13,2385.79,87.5434,1218.4
2015-05-14,2420.23,87.7791,1225.4
2015-05-15,2412.26,89.5391,1225.5
2015-05-18,2425.3601,88.0369,1227.8
2015-05-19,2412.8201,87.2563,1206.9
2015-05-20,2416.3799,87.4035,1208.9
2015-05-21,2421.4099,88.626,1204.4
2015-05-22,2427.45,88.6628,1204.3
2015-05-26,2399.01,90.1798,1187.2
2015-05-27,2456.23,90.386,1185.9
2015-05-28,2458.6799,90.1651,1188.1
2015-05-29,2449.3701,90.3639,1189.4
2015-06-01,2460.1201,89.3926,1188.3
2015-06-02,2448.22,88.1454,1194.1
2015-06-03,2446.51,86.7286,1184.7
2015-06-04,2424.8501,87.8577,1174.9
2015-06-05,2426.4299,86.7875,1167.8
2015-06-08,2391.1101,86.6916,1173.2
2015-06-09,2384.79,86.0053,1177.3
2015-06-10,2418.52,85.2526,1186.1
2015-06-11,2419.0801,87.0459,1179.9
2015-06-12,2400.46,87.0459,1178.8
2015-06-15,2385.1299,87.1861,1185.3
2015-06-16,2394.76,87.8724,1180.5
2015-06-17,2399.0901,87.1935,1176.4
2015-06-18,2428.04,86.7654,1201.5
2015-06-19,2414.77,87.8798,1201.5
2015-06-22,2431.1001,86.0865,1183.7
2015-06-23,2423.3501,85.5699,1176.2
2015-06-24,2403.1499,86.3079,1172.6
2015-06-25,2394.8301,86.0053,1171.5
2015-06-26,2355.8899,85.0385,1172.9
2015-06-29,2299.47,87.2895,1178.5
2015-06-30,2298.79,86.6843,1171.5
2015-07-01,2307.6001,85.5142,1169.0
2015-07-02,2311.26,85.7952,1163.0
2015-07-06,2286.3201,87.3854,1172.9
2015-07-07,2289.7,88.2064,1152.4
2015-07-08,2249.9399,88.9682,1163.3
2015-07-09,2241.22,87.2153,1159.0
2015-07-10,2266.21,85.8322,1157.7
2015-07-13,2294.04,85.5659,1155.2
2015-07-14,2312.03,85.847,1153.3
2015-07-15,2303.0601,86.7567,1147.2
2015-07-16,2309.52,87.3558,1143.8
2015-07-17,2321.6899,87.807,1131.8
2015-07-20,2314.05,87.4372,1106.7
2015-07-21,2317.47,87.9106,1103.4
2015-07-22,2294.6101,88.4579,1091.4
2015-07-23,2311.6001,89.5599,1094.0
2015-07-24,2280.6299,89.7818,1085.6
2015-07-27,2257.47,90.2625,1096.5
2015-07-28,2279.9399,89.6043,1096.3
2015-07-29,2295.1799,89.2714,1092.7
2015-07-30,2312.1799,89.9593,1088.4
2015-07-31,2298.79,90.6249,1094.9
2015-08-03,2297.1001,91.5789,1089.4
2015-08-04,2288.8,90.8525,1090.7
2015-08-05,2313.8401,90.1705,1085.7
2015-08-06,2285.47,90.9711,1090.2
2015-08-07,2293.3799,92.1645,1094.1
2015-08-10,2334.9299,91.023,1104.2
2015-08-11,2292.6899,92.4684,1107.6
2015-08-12,2296.8701,91.9643,1123.2
2015-08-13,2283.8899,91.6678,1115.7
2015-08-14,2288.6599,91.8828,1112.9
2015-08-17,2305.49,92.2979,1118.6
2015-08-18,2281.26,91.5715,1117.1
2015-08-19,2258.73,92.4758,1128.1
2015-08-20,2191.24,93.4097,1153.0
2015-08-21,2122.3701,93.6914,1159.6
2015-08-24,2050.4199,93.6617,1153.4
2015-08-25,2023.12,92.157,1138.2
2015-08-26,2116.1899,90.3781,1124.6
2015-08-27,2178.75,90.43,1122.4
2015-08-28,2181.72,90.6968,1133.1
2015-08-31,2168.1499,90.0001,1131.6
2015-09-01,2102.6599,90.6486,1138.7
2015-09-02,2145.22,89.8686,1132.5
2015-09-03,2152.79,90.3069,1123.7
2015-09-04,2118.1001,91.1314,1120.6
2015-09-08,2191.1399,89.7869,1120.4
2015-09-09,2161.5801,90.2177,1102.2
2015-09-10,2175.48,89.6086,1109.5
2015-09-11,2181.1899,90.1732,1103.5
2015-09-14,2178.47,90.3143,1107.7
2015-09-15,2203.0801,88.5834,1102.8
2015-09-16,2216.6399,88.2492,1119.2
2015-09-17,2200.97,89.3263,1117.3
2015-09-18,2166.47,90.7006,1138.1
2015-09-21,2173.3601,89.2223,1133.1
2015-09-22,2131.0901,90.4629,1125.0
2015-09-23,2122.1299,90.4554,1131.6
2015-09-24,2119.8,91.072,1153.8
2015-09-25,2118.3999,90.2846,1146.0
2015-09-28,2067.8899,91.8297,1132.0
2015-09-29,2070.7,92.0897,1127.1
2015-09-30,2134.8101,91.7702,1115.5
2015-10-01,2121.3201,92.1618,1114.2
2015-10-02,2162.5601,92.7201,1137.1
2015-10-05,2206.21,91.4621,1138.1
2015-10-06,2212.49,91.8566,1146.8
2015-10-07,2229.8701,91.5514,1149.0
2015-10-08,2246.05,90.7847,1144.7
2015-10-09,2253.3201,91.0229,1156.3
2015-10-12,2256.49,91.7152,1164.9
2015-10-13,2236.21,91.8715,1165.8
2015-10-14,2266.6101,92.6754,1180.1
2015-10-15,2277.3601,92.2214,1187.9
2015-10-16,2283.21,92.2512,1183.6
2015-10-19,2287.6599,91.998,1173.3
2015-10-20,2278.9199,91.4323,1178.0
2015-10-21,2269.3301,92.3404,1167.6
2015-10-22,2335.4199,92.4968,1166.6
2015-10-23,2370.4399,91.7077,1163.3
2015-10-26,2353.6101,92.3181,1167.0
2015-10-27,2355.51,92.5489,1166.8
2015-10-28,2374.55,92.1767,1177.1
2015-10-29,2332.8401,90.7103,1147.2
2015-10-30,2346.6599,91.3951,1141.5
2015-11-02,2366.45,90.9751,1135.8
2015-11-03,2374.49,90.229,1114.2
2015-11-04,2371.52,90.3335,1106.5
2015-11-05,2361.53,90.0948,1104.4
2015-11-06,2389.7,88.7743,1087.6
2015-11-09,2362.5,88.2746,1087.9
2015-11-10,2342.3799,88.5357,1088.2
2015-11-11,2336.47,88.3492,1084.7
2015-11-12,2310.0901,88.7743,1080.8
2015-11-13,2270.3701,89.2817,1080.8
2015-11-16,2301.1101,89.1996,1083.7
2015-11-17,2305.0801,89.3488,1068.7
2015-11-18,2330.7,89.5353,1068.8
2015-11-19,2335.8401,90.1321,1078.0
2015-11-20,2345.3301,89.8561,1076.4
2015-11-23,2332.76,90.1321,1066.8
2015-11-24,2346.76,90.1246,1074.3
2015-11-25,2344.4199,90.3335,1070.5
2015-11-27,2353.6201,90.244,1056.2
2015-11-30,2373.3401,90.6021,1065.8
2015-12-01,2401.47,91.8259,1063.8
2015-12-02,2383.6101,91.8558,1054.2
2015-12-03,2355.1201,89.3589,1061.7
2015-12-04,2398.95,90.1438,1084.5
2015-12-07,2380.51,91.0185,1076.4
2015-12-08,2379.5801,91.0633,1076.3
2015-12-09,2343.0,90.9661,1077.6
2015-12-10,2352.4299,91.0858,1073.1
2015-12-11,2302.6699,92.5211,1076.9
2015-12-14,2297.3899,91.325,1064.7
2015-12-15,2327.79,90.7867,1062.9
2015-12-16,2352.25,90.5923,1078.0
2015-12-17,2312.9099,91.6165,1050.8
2015-12-18,2274.48,92.1249,1066.2
2015-12-21,2305.29,92.1025,1081.9
2015-12-22,2319.28,91.4372,1074.8
2015-12-23,2336.45,90.7494,1069.4
2015-12-24,2339.1699,91.2693,1077.2
2015-12-28,2335.3799,91.5389,1070.5
2015-12-29,2365.6499,90.0182,1077.5
2015-12-30,2345.7,89.9283,1060.1
2015-12-31,2312.47,90.3328,1060.3
2016-01-04,2277.96,90.9846,1075.1
2016-01-05,2271.02,90.6175,1078.4
2016-01-06,2223.1499,91.8386,1091.9
2016-01-07,2153.6201,92.0034,1107.7
2016-01-08,2123.6699,92.4155,1097.8
2016-01-11,2119.0801,91.4041,1096.5
2016-01-12,2145.7,92.7226,1085.6
2016-01-13,2078.3501,93.6366,1087.5
2016-01-14,2119.1001,92.7601,1073.9
2016-01-15,2039.41,94.2059,1091.5
2016-01-19,2032.66,93.9138,1089.9
2016-01-20,2029.8101,94.9027,1107.1
2016-01-21,2039.08,94.2584,1099.1
2016-01-22,2082.96,93.8988,1097.2
2016-01-25,2044.64,94.4082,1106.2
2016-01-26,2073.49,94.4532,1121.7
2016-01-27,2036.8101,94.4307,1116.1
2016-01-28,2053.45,94.5655,1115.6
2016-01-29,2137.5801,95.3672,1116.4
2016-02-01,2145.4399,95.0752,1127.9
2016-02-02,2080.49,96.839,1127.3
2016-02-03,2092.02,96.0359,1141.3
2016-02-04,2111.4399,96.5013,1157.6
2016-02-05,2037.17,96.6138,1157.8
2016-02-08,1979.72,98.6929,1197.9
2016-02-09,1960.23,98.798,1198.7
2016-02-10,1977.0,99.6687,1194.7
2016-02-11,1970.3199,100.3667,1247.9
2016-02-12,2012.88,98.7004,1239.1
2016-02-16,2071.04,97.6571,1207.9
2016-02-17,2116.24,97.0567,1211.1
2016-02-18,2108.3101,98.2501,1226.1
2016-02-19,2120.29,98.3326,1230.4
2016-02-22,2153.5801,98.2801,1209.5
2016-02-23,2110.5901,98.6779,1222.3
2016-02-24,2134.9399,98.4827,1238.7
2016-02-25,2157.55,98.8355,1238.2
2016-02-26,2165.3601,97.8823,1219.8
2016-02-29,2153.02,98.3101,1233.9
2016-03-01,2220.51,96.5791,1230.3
2016-03-02,2227.1399,96.9776,1241.1
2016-03-03,2228.3501,97.331,1257.4
2016-03-04,2240.8,96.7069,1269.9
2016-03-07,2248.2,96.6768,1263.2
2016-03-08,2206.1001,97.7447,1262.1
2016-03-09,2230.27,97.1505,1256.6
2016-03-10,2231.8301,96.752,1272.0
2016-03-11,2277.3701,95.7744,1258.7
2016-03-14,2269.1001,96.0752,1244.4
2016-03-15,2260.5801,96.1654,1230.4
2016-03-16,2284.79,96.4512,1229.3
2016-03-17,2297.1899,96.8498,1264.5
2016-03-18,2323.8401,97.0528,1253.8
2016-03-21,2330.3301,96.3083,1243.8
2016-03-22,2338.4199,96.2858,1248.2
2016-03-23,2302.3301,97.3762,1223.7
2016-03-24,2297.8501,97.4138,1221.4
2016-03-28,2294.6001,97.5416,1219.9
2016-03-29,2324.4199,98.5643,1235.6
2016-03-30,2337.8601,97.5265,1226.9
2016-03-31,2342.0901,98.2183,1234.2
2016-04-01,2353.0,98.4746,1222.2
2016-04-04,2338.45,98.5349,1218.0
2016-04-05,2310.6899,99.6125,1228.4
2016-04-06,2339.1001,98.889,1222.5
2016-04-07,2302.8999,100.1098,1236.2
2016-04-08,2308.79,99.4768,1242.5
2016-04-11,2305.3201,99.3487,1256.7
2016-04-12,2304.5601,98.663,1259.4
2016-04-13,2347.6799,99.0096,1246.8
2016-04-14,2323.55,98.5349,1225.0
2016-04-15,2307.0701,99.3789,1233.1
2016-04-18,2319.27,98.9493,1233.6
2016-04-19,2302.9099,98.6403,1253.0
2016-04-20,2315.28,97.5553,1253.2
2016-04-21,2310.3899,96.975,1249.0
2016-04-22,2294.29,96.7263,1228.7
2016-04-25,2293.73,96.327,1238.9
2016-04-26,2313.2,95.8899,1242.2
2016-04-27,2323.1399,96.8469,1249.2
2016-04-28,2279.4299,97.2463,1265.5
2016-04-29,2231.1299,97.495,1289.2
2016-05-02,2235.4299,96.5134,1294.7
2016-05-03,2207.3501,97.729,1290.7
2016-05-04,2190.0701,98.2652,1273.3
2016-05-05,2190.78,98.9221,1271.4
2016-05-06,2197.8301,98.4992,1292.9
2016-05-09,2196.9399,98.8088,1265.6
2016-05-10,2226.8799,98.8163,1263.9
2016-05-11,2210.8701,99.3751,1274.6
2016-05-12,2196.29,98.9221,1270.3
2016-05-13,2202.98,99.881,1271.9
2016-05-16,2236.96,99.0202,1273.4
2016-05-17,2224.52,99.1863,1276.2
2016-05-18,2246.72,97.7743,1273.7
2016-05-19,2236.24,98.1972,1254.2
2016-05-20,2282.8301,98.2727,1252.4
2016-05-23,2288.6101,98.4917,1251.1
2016-05-24,2348.6001,98.0537,1228.9
2016-05-25,2354.5901,97.6838,1223.5
2016-05-26,2364.4299,98.1896,1220.1
2016-05-27,2382.71,98.0462,1213.8
2016-05-31,2392.01,98.2803,1214.8
2016-06-01,2393.6299,98.679,1211.9
2016-06-02,2397.8799,99.3902,1209.8
2016-06-03,2384.0601,100.8051,1240.1
2016-06-06,2383.75,100.056,1244.6
2016-06-07,2396.7,100.2981,1244.4
2016-06-08,2398.6899,100.8354,1259.8
2016-06-09,2395.1101,101.4861,1270.2
2016-06-10,2354.25,101.9779,1273.4
2016-06-13,2343.3999,102.4318,1284.4
2016-06-14,2347.53,102.3562,1285.6
2016-06-15,2344.54,102.7496,1285.8
2016-06-16,2351.6599,103.249,1296.1
2016-06-17,2333.73,102.6059,1292.5
2016-06-20,2361.1699,101.5088,1290.0
2016-06-21,2376.48,101.0397,1270.5
2016-06-22,2368.6399,101.2061,1268.0
2016-06-23,2426.05,100.0485,1261.2
2016-06-24,2302.9399,102.7345,1320.0
2016-06-27,2217.97,105.2994,1322.5
2016-06-28,2274.04,105.5189,1315.3
2016-06-29,2327.8201,104.7093,1323.9
2016-06-30,2367.3101,105.0952,1318.4
2016-07-01,2350.3201,106.5543,1336.7
2016-07-05,2317.21,107.8885,1356.4
2016-07-06,2329.45,108.0628,1364.9
2016-07-07,2351.78,108.0552,1360.1
2016-07-08,2399.3999,108.8511,1356.6
2016-07-11,2420.0601,107.896,1355.0
2016-07-12,2461.75,106.1222,1334.1
2016-07-13,2463.96,107.373,1342.4
2016-07-14,2474.6599,105.8114,1331.3
2016-07-15,2467.95,104.9019,1326.5
2016-07-18,2490.51,104.8034,1328.4
2016-07-19,2480.79,105.3946,1331.5
2016-07-20,2512.6799,104.8185,1318.8
2016-07-21,2496.5,105.0307,1330.5
2016-07-22,2511.71,105.2126,1323.1
2016-07-25,2519.46,105.1368,1319.3
2016-07-26,2577.53,105.3037,1320.7
2016-07-27,2563.96,106.615,1326.6
2016-07-28,2565.5601,106.4179,1332.3
2016-07-29,2546.0,107.3048,1349.0
2016-08-01,2549.3301,106.1413,1351.4
2016-08-02,2510.4299,105.0479,1364.4
2016-08-03,2523.8899,105.1086,1356.1
2016-08-04,2541.6001,105.8984,1358.8
2016-08-05,2579.49,104.7973,1336.4
2016-08-08,2576.27,104.9947,1333.4
2016-08-09,2581.97,106.0275,1339.0
2016-08-10,2570.48,106.4376,1344.3
2016-08-11,2589.6101,105.4883,1342.5
2016-08-12,2604.8799,106.3769,1335.8
2016-08-15,2633.1101,105.3744,1340.3
2016-08-16,2622.6399,105.0934,1350.5
2016-08-17,2617.6201,105.7237,1342.7
2016-08-18,2644.04,105.8908,1351.2
2016-08-19,2665.5901,105.3364,1340.4
2016-08-22,2660.8,106.2249,1337.7
2016-08-23,2675.95,106.3388,1340.6
2016-08-24,2652.1799,106.0882,1324.4
2016-08-25,2662.22,105.6857,1320.1
2016-08-26,2687.3601,105.0706,1321.5
2016-08-29,2694.05,106.4755,1322.9
2016-08-30,2686.0701,106.0654,1311.7
2016-08-31,2678.8999,106.2173,1306.9
2016-09-01,2696.02,106.3345,1312.2
2016-09-02,2700.52,105.4672,1322.1
2016-09-06,2716.49,106.2356,1349.4
2016-09-07,2721.3601,106.1595,1344.3
2016-09-08,2708.0601,104.8282,1336.8
2016-09-09,2631.3501,103.1012,1330.1
2016-09-12,2678.8501,103.1544,1321.0
2016-09-13,2651.3701,101.9828,1319.0
2016-09-14,2663.74,102.135,1321.5
2016-09-15,2710.77,101.6937,1313.5
2016-09-16,2704.1001,102.5154,1305.8
2016-09-19,2704.79,102.1806,1313.5
2016-09-20,2697.46,102.5382,1313.7
2016-09-21,2746.05,103.3675,1326.9
2016-09-22,2754.3899,104.1891,1340.4
2016-09-23,2730.3799,104.0902,1337.2
2016-09-26,2709.6399,104.7521,1339.7
2016-09-27,2749.8601,105.5204,1325.9
2016-09-28,2753.0701,105.2922,1319.4
2016-09-29,2754.8301,105.5584,1321.7
2016-09-30,2775.0701,104.6151,1313.3
2016-10-03,2770.52,104.2699,1309.0
2016-10-04,2769.48,103.0505,1266.3
2016-10-05,2789.1101,102.5703,1265.2
2016-10-06,2791.9099,101.9987,1249.8
2016-10-07,2784.1699,102.0672,1248.9
2016-10-10,2788.3799,101.4651,1248.9
2016-10-11,2733.55,101.2365,1253.0
2016-10-12,2729.6799,101.3356,1251.1
2016-10-13,2711.5701,101.7167,1255.0
2016-10-14,2718.55,100.2914,1253.1
2016-10-17,2708.6599,100.9316,1254.4
2016-10-18,2736.22,101.2594,1260.8
2016-10-19,2734.6899,101.3432,1267.9
2016-10-20,2742.72,101.4499,1265.6
2016-10-21,2739.02,101.6023,1265.9
2016-10-24,2778.5901,101.1603,1262.0
2016-10-25,2769.1101,101.427,1271.9
2016-10-26,2774.6001,100.7411,1264.8
2016-10-27,2770.9399,99.6436,1267.9
2016-10-28,2769.8799,99.4226,1275.5
2016-10-31,2775.9099,100.0323,1271.5
2016-11-01,2744.51,100.0399,1286.4
2016-11-02,2712.55,100.4752,1306.8
2016-11-03,2698.8301,99.704,1302.1
2016-11-04,2682.8501,100.5974,1303.3
2016-11-07,2759.01,99.7421,1278.3
2016-11-08,2767.3,99.3374,1273.4
2016-11-09,2760.1201,95.1224,1272.6
2016-11-10,2719.5601,93.7173,1265.5
2016-11-11,2761.1001,93.1904,1265.5
2016-11-14,2738.99,92.6329,1221.2
2016-11-15,2779.71,93.0911,1224.0
2016-11-16,2798.75,93.9311,1223.4
2016-11-17,2827.8899,92.549,1216.5
2016-11-18,2825.74,92.2817,1208.5
2016-11-21,2849.29,92.5108,1209.6
2016-11-22,2856.96,92.4802,1211.0
2016-11-23,2848.0901,92.1214,1189.1
2016-11-25,2858.53,92.2588,1178.2
2016-11-28,2859.71,92.9384,1190.6
2016-11-29,2860.27,93.3278,1187.9
2016-11-30,2839.49,91.8159,1170.8
2016-12-01,2735.4299,90.8465,1166.9
2016-12-02,2762.22,91.5122,1175.1
2016-12-05,2792.4099,91.4127,1174.0
2016-12-06,2808.3,91.3438,1167.6
2016-12-07,2871.8999,92.1242,1175.0
2016-12-08,2879.8899,91.0378,1169.8
2016-12-09,2876.5801,89.9053,1159.4
2016-12-12,2854.1001,90.0736,1163.5
2016-12-13,2889.46,90.395,1156.7
2016-12-14,2881.1599,89.385,1161.3
2016-12-15,2906.71,89.8365,1127.8
2016-12-16,2875.96,89.6299,1135.3
2016-12-19,2895.78,90.5939,1140.5
2016-12-20,2909.23,90.1425,1131.5
2016-12-21,2909.3301,90.5404,1131.1
2016-12-22,2911.26,90.3785,1128.8
2016-12-23,2922.05,90.5626,1131.9
2016-12-27,2942.48,90.2711,1137.3
2016-12-28,2906.4199,90.9309,1139.4
2016-12-29,2902.0601,91.2531,1156.4
2016-12-30,2868.7,91.3912,1150.0
2017-01-03,2892.3899,91.7824,1160.4
2017-01-04,2902.2,92.1354,1163.8
2017-01-05,2908.1499,93.5776,1179.7
2017-01-06,2930.1799,92.7183,1171.9
2017-01-09,2948.25,93.4625,1183.5
2017-01-10,2959.9299,93.4011,1184.2
2017-01-11,2974.52,93.7157,1195.6
2017-01-12,2961.78,93.5085,1198.9
2017-01-13,2979.1899,93.0636,1195.3
2017-01-17,2958.49,94.0379,1212.0
2017-01-18,2981.6399,92.8334,1211.3
2017-01-19,2974.8101,92.1967,1200.9
2017-01-20,3002.4399,92.0126,1204.3
2017-01-23,2997.79,92.9332,1215.0
2017-01-24,3045.8201,92.2964,1210.3
2017-01-25,3086.8899,91.138,1197.3
2017-01-26,3064.8799,91.4449,1189.5
2017-01-27,3098.6499,91.7747,1188.1
2017-01-30,3082.71,91.4986,1193.2
2017-01-31,3069.02,92.1354,1208.6
2017-02-01,3082.02,91.5656,1205.6
2017-02-02,3093.8701,91.5272,1216.7
2017-02-03,3113.6699,91.4887,1218.5
2017-02-06,3114.2,92.0423,1230.0
2017-02-07,3131.8201,92.7188,1234.2
2017-02-08,3130.1699,93.9797,1237.6
2017-02-09,3130.3899,92.8957,1235.1
2017-02-10,3125.24,92.8418,1234.4
2017-02-13,3143.23,92.5497,1224.4
2017-02-14,3134.49,91.8808,1223.9
2017-02-15,3154.8899,91.458,1231.7
2017-02-16,3175.1899,91.9578,1240.0
2017-02-17,3186.28,92.5035,1237.6
2017-02-21,3206.3501,92.3422,1237.5
2017-02-22,3210.02,92.4959,1232.0
2017-02-23,3187.9099,92.7727,1250.2
2017-02-24,3196.79,93.8029,1256.9
2017-02-27,3203.51,93.2493,1257.4
2017-02-28,3187.54,93.5953,1252.6
2017-03-01,3233.6101,92.027,1248.9
2017-03-02,3207.8101,91.6957,1231.9
2017-03-03,3213.8701,91.9345,1225.5
2017-03-06,3206.72,91.4954,1224.5
2017-03-07,3204.5,91.2182,1215.1
2017-03-08,3210.6499,90.7252,1208.5
2017-03-09,3206.3201,90.0011,1202.4
2017-03-10,3232.0801,90.3169,1200.7
2017-03-13,3258.0601,89.7469,1202.4
2017-03-14,3242.8601,90.1782,1201.9
2017-03-15,3265.6599,91.2798,1200.1
2017-03-16,3265.53,90.8176,1226.5
2017-03-17,3273.0,91.3876,1229.8
2017-03-20,3279.1399,91.7805,1233.6
2017-03-21,3213.8999,92.5431,1246.1
2017-03-22,3244.71,92.9128,1249.3
2017-03-23,3243.3,92.7819,1246.9
2017-03-24,3260.21,93.1131,1248.2
2017-03-27,3261.9299,93.5367,1255.4
2017-03-28,3274.4199,92.9128,1255.3
2017-03-29,3276.9399,93.4674,1253.4
2017-03-30,3283.28,92.7126,1245.0
2017-03-31,3275.53,92.9822,1247.3
2017-04-03,3262.8701,93.92,1250.8
2017-04-04,3259.3899,93.4105,1255.0
2017-04-05,3243.77,93.6962,1245.4
2017-04-06,3253.5601,93.5572,1250.3
2017-04-07,3263.1599,93.179,1254.3
2017-04-10,3256.2,93.6112,1251.1
2017-04-11,3244.27,94.499,1271.2
2017-04-12,3212.8899,95.0162,1275.3
2017-04-13,3203.1101,95.3095,1285.9
2017-04-17,3229.6799,95.0162,1289.4
2017-04-18,3231.22,96.2589,1291.7
2017-04-19,3251.1499,95.7341,1281.4
2017-04-20,3285.54,95.3635,1281.9
2017-04-21,3277.6699,95.3635,1287.4
2017-04-24,3326.4099,94.8926,1275.8
2017-04-25,3355.25,93.7502,1265.6
2017-04-26,3317.1299,94.2674,1262.1
2017-04-27,3348.8601,94.2365,1263.7
2017-04-28,3336.77,94.445,1266.1
2017-05-01,3364.71,93.6598,1253.3
2017-05-02,3365.9399,94.1394,1255.1
2017-05-03,3361.76,94.2013,1246.4
2017-05-04,3363.0,93.7372,1226.5
2017-05-05,3379.48,93.8222,1224.8
2017-05-08,3378.1599,93.3117,1225.3
2017-05-09,3395.04,93.304,1214.3
2017-05-10,3427.3101,93.1957,1217.3
2017-05-11,3422.6299,93.1957,1222.7
2017-05-12,3423.53,93.8996,1226.2
2017-05-15,3460.1299,93.6443,1228.6
2017-05-16,3484.47,93.9924,1235.0
2017-05-17,3374.8701,95.3616,1257.5
2017-05-18,3400.24,95.4699,1251.7
2017-05-19,3440.5701,95.6942,1252.7
2017-05-22,3481.8601,95.4312,1260.7
2017-05-23,3475.3101,94.7892,1254.8
2017-05-24,3493.5801,95.3229,1252.4
2017-05-25,3520.4199,95.3538,1255.8
2017-05-26,3521.04,95.5163,1267.6
2017-05-30,3538.6499,95.9881,1262.1
2017-05-31,3533.3201,96.2279,1272.0
2017-06-01,3543.6599,96.238,1267.0
2017-06-02,3575.1201,97.3775,1276.8
2017-06-05,3572.8701,96.7729,1279.3
2017-06-06,3578.6899,97.3,1294.4
2017-06-07,3600.1899,96.8349,1290.1
2017-06-08,3634.05,96.5791,1276.3
2017-06-09,3504.21,96.4318,1268.5
2017-06-12,3494.9199,96.4008,1266.1
2017-06-13,3515.8701,96.4163,1265.8
2017-06-14,3484.8401,97.9046,1272.8
2017-06-15,3462.49,97.7496,1252.2
2017-06-16,3456.29,97.9434,1254.0
2017-06-19,3518.1101,97.8039,1244.2
2017-06-20,3481.0801,98.6799,1241.0
2017-06-21,3530.1599,98.8814,1243.4
2017-06-22,3524.51,99.0984,1247.6
2017-06-23,3551.02,99.0519,1256.2
2017-06-26,3520.0601,99.424,1246.3
2017-06-27,3440.3999,98.362,1246.4
2017-06-28,3490.6599,98.0364,1248.0
2017-06-29,3413.47,97.2148,1244.2
2017-06-30,3400.55,96.9899,1240.7
2017-07-03,3360.49,96.6777,1217.9
2017-07-05,3412.1299,96.701,1220.4
2017-07-06,3386.8899,95.9009,1222.2
2017-07-07,3432.5701,95.3261,1208.6
2017-07-10,3464.6799,95.4659,1212.1
2017-07-11,3489.6699,95.629,1213.6
2017-07-12,3538.76,96.2893,1218.1
2017-07-13,3530.3799,95.6834,1216.3
2017-07-14,3567.97,95.7999,1226.6
2017-07-17,3563.46,96.064,1232.8
2017-07-18,3577.5701,96.9029,1241.1
2017-07-19,3605.6399,96.9418,1241.2
2017-07-20,3606.48,97.2214,1244.8
2017-07-21,3584.3899,97.6331,1254.3
2017-07-24,3586.6599,97.2525,1253.9
2017-07-25,3566.6599,95.9863,1251.7
2017-07-26,3568.24,96.1417,1249.0
2017-07-27,3521.6201,95.6678,1259.6
2017-07-28,3516.48,96.2349,1268.4
2017-07-31,3500.97,96.3514,1266.6
2017-08-01,3514.8201,97.0279,1272.6
2017-08-02,3491.28,97.0824,1271.8
2017-08-03,3485.8999,98.0866,1267.8
2017-08-04,3487.77,97.2537,1258.3
2017-08-07,3520.1001,97.3626,1258.2
2017-08-08,3510.05,97.0123,1256.4
2017-08-09,3508.9399,97.5417,1273.0
2017-08-10,3415.7,98.3747,1283.7
2017-08-11,3446.0601,98.4214,1287.7
2017-08-14,3509.8601,97.9154,1284.2
2017-08-15,3511.45,97.5028,1273.7
2017-08-16,3529.8,97.8609,1276.9
2017-08-17,3445.23,98.5926,1286.4
2017-08-18,3452.1001,98.5693,1285.7
2017-08-21,3447.3,98.8106,1290.8
2017-08-22,3503.76,98.4291,1285.1
2017-08-23,3499.1299,99.0987,1288.9
2017-08-24,3495.97,98.7327,1286.5
2017-08-25,3493.4099,99.1142,1292.5
2017-08-28,3499.5801,99.052,1309.7
2017-08-29,3508.9199,99.3711,1313.1
2017-08-30,3556.71,99.34,1308.1
2017-08-31,3588.8,99.6358,1316.2
2017-09-01,3597.72,98.8736,1324.5
2017-09-05,3558.78,100.4416,1339.2
2017-09-06,3566.9399,99.8253,1333.9
2017-09-07,3584.24,100.8472,1345.1
2017-09-08,3557.45,100.6288,1346.0
2017-09-11,3612.8701,99.4275,1331.0
2017-09-12,3633.0901,98.9049,1328.0
2017-09-13,3631.98,98.5148,1323.4
2017-09-14,3632.95,98.9204,1324.7
2017-09-15,3662.8401,98.9595,1320.4
2017-09-18,3693.5,98.39,1306.3
2017-09-19,3698.6299,98.1482,1306.2
2017-09-20,3656.5801,98.2184,1312.0
2017-09-21,3638.51,98.1638,1290.6
2017-09-22,3659.22,98.4446,1293.3
2017-09-25,3605.6699,99.0609,1306.8
2017-09-26,3606.8999,98.8815,1297.0
2017-09-27,3667.98,97.3915,1283.4
2017-09-28,3676.6399,97.1029,1285.5
2017-09-29,3713.01,97.3213,1281.5
2017-10-02,3726.9099,97.1431,1272.7
2017-10-03,3732.0,97.2369,1271.5
2017-10-04,3733.01,97.2447,1273.7
2017-10-05,3752.8601,96.8773,1269.9
2017-10-06,3770.45,96.6038,1271.6
2017-10-09,3780.6201,96.9086,1281.8
2017-10-10,3793.4099,97.0649,1290.6
2017-10-11,3801.9299,97.2525,1285.8
2017-10-12,3801.98,97.6668,1293.3
2017-10-13,3832.8799,98.3703,1301.5
2017-10-16,3844.3101,98.2999,1299.9
2017-10-17,3837.3899,98.425,1283.0
2017-10-18,3850.3701,97.7762,1279.9
2017-10-19,3860.49,97.9482,1286.9
2017-10-20,3891.6599,96.9086,1277.4
2017-10-23,3898.3701,97.0805,1277.7
2017-10-24,3911.75,96.4787,1275.0
2017-10-25,3885.48,96.0175,1275.4
2017-10-26,3894.26,95.6971,1266.3
2017-10-27,3936.77,96.3302,1268.5
2017-10-30,3936.8,97.2525,1274.1
2017-10-31,3967.6799,97.2838,1267.0
2017-11-01,3940.48,97.717,1274.1
2017-11-02,3941.73,98.1477,1274.9
2017-11-03,3980.6699,98.4141,1266.5
2017-11-06,4009.54,98.7822,1279.4
2017-11-07,4000.8799,99.1974,1273.7
2017-11-08,4024.74,98.9781,1281.6
2017-11-09,3967.52,98.6961,1285.6
2017-11-10,3977.03,97.2078,1272.4
2017-11-13,3982.52,97.4115,1277.3
2017-11-14,3982.51,98.0695,1281.5
2017-11-15,3958.79,99.1348,1276.5
2017-11-16,4032.72,98.2731,1277.4
2017-11-17,4031.6299,99.0016,1295.8
2017-11-20,4044.05,98.9624,1274.6
2017-11-21,4076.6599,99.2757,1281.1
2017-11-22,4070.0901,99.5969,1291.6
2017-11-24,4094.04,99.3227,1286.7
2017-11-27,4055.6499,99.1817,1293.8
2017-11-28,4068.5,99.3149,1294.7
2017-11-29,3920.8501,98.3358,1282.1
2017-11-30,3944.6101,98.0068,1273.2
2017-12-01,3918.48,99.3294,1278.8
2017-12-04,3847.99,99.3764,1274.3
2017-12-05,3851.1299,99.8709,1261.6
2017-12-06,3869.02,100.2163,1262.8
2017-12-07,3902.23,99.4314,1249.8
2017-12-08,3905.5801,99.4392,1245.2
2017-12-11,3929.9299,99.2352,1243.7
2017-12-12,3912.1101,99.1959,1238.5
2017-12-13,3923.26,99.9416,1245.4
2017-12-14,3917.98,100.3654,1253.8
2017-12-15,3965.77,100.7422,1254.3
2017-12-18,4011.95,99.8239,1262.2
2017-12-19,3996.5901,98.5287,1260.7
2017-12-20,3998.78,97.4377,1266.1
2017-12-21,3977.3999,98.0056,1267.3
2017-12-22,3969.3799,98.1394,1275.4
2017-12-26,3943.71,98.4303,1284.1
2017-12-27,3954.74,99.7125,1287.0
2017-12-28,3953.8701,99.6259,1294.1
2017-12-29,3920.96,99.7833,1306.3
2018-01-02,3995.96,98.7057,1313.7
2018-01-03,4044.3301,99.1776,1316.2
2018-01-04,4071.28,99.1619,1319.4
2018-01-05,4102.3701,98.8787,1320.3
2018-01-08,4129.02,98.8158,1318.6
2018-01-09,4112.1699,97.4944,1311.7
2018-01-10,4088.3501,97.3764,1317.4
2018-01-11,4105.5801,97.7775,1320.6
2018-01-12,4136.3999,97.9426,1333.4
2018-01-16,4120.1299,98.3517,1335.4
2018-01-17,4205.54,98.218,1338.0
2018-01-18,4213.7598,97.3055,1326.0
2018-01-19,4227.6802,96.7943,1331.9
2018-01-22,4256.1499,96.8887,1330.9
2018-01-23,4288.71,97.3055,1335.7
2018-01-24,4227.6299,96.7786,1355.9
2018-01-25,4191.3101,97.573,1362.4
2018-01-26,4285.5801,97.2112,1351.6
2018-01-29,4257.2402,96.5348,1351.6
2018-01-30,4200.54,95.9684,1335.4
2018-01-31,4227.3999,96.5348,1339.0
2018-02-01,4199.29,95.1357,1344.3
2018-02-02,4090.8999,94.2529,1333.7
2018-02-05,3932.6799,95.1436,1333.0
2018-02-06,4039.8701,94.5524,1326.1
2018-02-07,3969.6299,93.6539,1311.6
2018-02-08,3804.6599,93.5514,1316.9
2018-02-09,3890.26,92.9603,1313.1
2018-02-12,3963.3501,93.3701,1324.2
2018-02-13,3974.3401,93.7879,1328.1
2018-02-14,4060.25,92.7475,1355.5
2018-02-15,4136.48,93.0628,1352.1
2018-02-16,4131.9702,93.5672,1353.2
2018-02-20,4172.7798,93.1573,1328.8
2018-02-21,4142.5,92.0144,1330.0
2018-02-22,4131.7402,92.2903,1330.6
2018-02-23,4217.3501,93.11,1328.2
2018-02-26,4276.6401,93.1416,1330.7
2018-02-27,4237.21,93.0076,1315.5
2018-02-28,4211.3799,93.5987,1315.5
2018-03-01,4153.21,94.2376,1302.9
2018-03-02,4216.5698,93.4715,1321.1
2018-03-05,4268.1699,93.2188,1318.1
2018-03-06,4318.8599,93.3057,1333.6
2018-03-07,4358.4399,93.203,1326.0
2018-03-08,4376.4702,93.7401,1319.9
2018-03-09,4464.3999,93.124,1322.4
2018-03-12,4496.5898,93.6611,1319.4
2018-03-13,4437.7998,94.135,1325.9
2018-03-14,4437.9502,94.9642,1324.4
2018-03-15,4442.48,94.9642,1316.8
2018-03-16,4447.2402,94.6247,1311.3
2018-03-19,4361.4199,94.3245,1316.8
2018-03-20,4377.73,93.9455,1311.1
2018-03-21,4377.21,94.0481,1320.7
2018-03-22,4257.52,94.9801,1326.6
2018-03-23,4121.8701,94.909,1349.3
2018-03-26,4272.8398,94.5457,1354.4
2018-03-27,4132.4302,95.5566,1341.3
2018-03-28,4077.1399,95.8094,1324.2
2018-03-29,4148.7598,96.2753,1322.8
2018-04-02,4029.1899,96.4653,1342.1
2018-04-03,4080.51,95.7213,1332.8
2018-04-04,4139.3799,95.5234,1335.8
2018-04-05,4120.6602,94.8111,1324.3
2018-04-06,4012.75,95.8479,1331.9
2018-04-09,4041.74,96.0062,1336.3
2018-04-10,4150.1899,95.8321,1342.0
2018-04-11,4141.8301,96.1724,1356.5
2018-04-12,4201.5801,95.468,1338.4
2018-04-13,4173.6201,95.6896,1344.8
2018-04-16,4198.9399,95.7213,1347.5
2018-04-17,4283.04,95.9825,1347.2
2018-04-18,4262.9399,95.2148,1351.2
2018-04-19,4160.8198,94.4391,1346.8
2018-04-20,4111.9902,93.7584,1336.7
2018-04-23,4079.8799,93.7822,1322.5
2018-04-24,4039.3401,93.3548,1331.4
2018-04-25,4030.0601,92.7295,1321.2
2018-04-26,4116.3799,93.3785,1316.3
2018-04-27,4100.7598,94.0988,1320.3
2018-04-30,4072.9299,94.2649,1316.2
2018-05-01,4117.9502,93.9255,1303.8
2018-05-02,4091.1201,93.8223,1302.6
2018-05-03,4106.7798,94.2428,1310.7
2018-05-04,4181.46,94.3855,1312.7
2018-05-07,4212.4902,94.2349,1312.2
2018-05-08,4235.1802,94.1476,1312.0
2018-05-09,4286.7402,93.5844,1311.3
2018-05-10,4348.75,94.3379,1320.8
2018-05-11,4290.4102,94.5759,1319.0
2018-05-14,4311.6499,94.0762,1316.5
2018-05-15,4278.5698,93.0053,1288.9
2018-05-16,4320.3398,92.6484,1290.2
2018-05-17,4295.9399,92.1804,1288.2
2018-05-18,4249.5601,92.9736,1290.2
2018-05-21,4266.6099,93.0212,1290.2
2018-05-22,4272.6499,92.8784,1291.7
2018-05-23,4294.9199,93.5527,1289.3
2018-05-24,4293.6899,94.2983,1303.7
2018-05-25,4300.4399,94.8853,1303.3
2018-05-29,4275.0601,96.9635,1298.7
2018-05-30,4299.54,96.313,1301.5
2018-05-31,4282.4702,96.1544,1300.1
2018-06-01,4363.02,95.6464,1294.8
2018-06-04,4393.7002,94.9547,1293.1
2018-06-05,4417.02,95.1773,1297.5
2018-06-06,4439.23,94.4061,1297.1
2018-06-07,4383.9902,95.3204,1298.7
2018-06-08,4378.4502,95.0341,1298.1
2018-06-11,4384.8301,94.8593,1298.9
2018-06-12,4406.48,94.8831,1295.1
2018-06-13,4398.9902,94.8354,1296.9
2018-06-14,4429.1499,95.6225,1304.0
2018-06-15,4418.3599,95.71,1274.6
2018-06-18,4404.6001,95.6225,1276.2
2018-06-19,4368.54,96.179,1275.6
2018-06-20,4382.25,95.3363,1271.2
2018-06-21,4342.0,95.8371,1267.2
2018-06-22,4309.5698,95.8292,1267.4
2018-06-25,4202.27,96.0439,1265.6
2018-06-26,4224.3101,96.179,1256.6
2018-06-27,4139.04,97.0854,1252.8
2018-06-28,4175.6602,97.1093,1247.8
2018-06-29,4193.3198,96.7754,1251.3
2018-07-02,4229.6201,96.6996,1239.8
2018-07-03,4178.6001,97.2176,1251.6
2018-07-05,4252.8301,97.4965,1257.3
2018-07-06,4303.98,97.8153,1254.3
2018-07-09,4335.3901,97.1857,1258.1
2018-07-10,4349.8398,97.1778,1253.8
2018-07-11,4297.7202,97.5523,1242.8
2018-07-12,4393.4102,97.5443,1245.0
2018-07-13,4381.9302,97.7914,1239.6
2018-07-16,4371.9702,97.385,1238.1
2018-07-17,4411.4199,97.2017,1225.7
2018-07-18,4429.3901,96.8112,1226.3
2018-07-19,4399.8701,97.4248,1222.4
2018-07-20,4382.8101,96.2295,1229.5
2018-07-23,4385.1899,95.0422,1224.0
2018-07-24,4360.3701,95.3689,1223.9
2018-07-25,4414.5,95.2175,1231.4
2018-07-26,4423.0801,95.0342,1225.3
2018-07-27,4369.6099,95.1936,1222.6
2018-07-30,4300.5298,94.8669,1221.3
2018-07-31,4322.7202,95.3848,1223.7
2018-08-01,4315.1001,94.6077,1217.9
2018-08-02,4354.8599,94.7435,1210.6
2018-08-03,4368.48,95.2147,1214.2
2018-08-06,4393.9502,95.2706,1208.6
2018-08-07,4404.0801,94.7755,1209.6
2018-08-08,4406.9702,94.8713,1212.6
2018-08-09,4364.6299,95.67,1211.9
2018-08-10,4303.8198,96.3648,1211.1
2018-08-13,4292.96,96.1651,1191.3
2018-08-14,4297.0601,95.9495,1193.0
2018-08-15,4244.3501,96.5085,1177.5
2018-08-16,4260.48,96.5005,1176.2
2018-08-17,4257.1099,96.6203,1176.5
2018-08-20,4259.25,97.2672,1186.8
2018-08-21,4298.3599,96.9398,1192.6
2018-08-22,4316.3398,97.3231,1196.3
2018-08-23,4320.4702,97.4749,1187.0
2018-08-24,4383.46,97.6665,1206.3
2018-08-27,4424.0,97.1075,1209.0
2018-08-28,4435.5498,96.5245,1207.4
2018-08-29,4450.8901,96.6523,1204.5
2018-08-30,4413.4102,96.8599,1197.7
2018-08-31,4422.2998,96.6363,1200.3
2018-09-04,4396.7998,96.0776,1192.7
2018-09-05,4339.4399,95.8214,1194.9
2018-09-06,4280.21,96.1736,1197.9
2018-09-07,4264.2002,95.3572,1193.6
2018-09-10,4281.4199,95.7094,1193.0
2018-09-11,4271.7002,94.981,1195.4
2018-09-12,4241.73,95.2051,1204.7
2018-09-13,4297.4702,95.3492,1202.0
2018-09-14,4307.1201,94.893,1195.0
2018-09-17,4245.6001,94.893,1199.7
2018-09-18,4278.7798,93.9004,1196.8
2018-09-19,4277.5801,93.3401,1202.2
2018-09-20,4332.8101,93.7723,1206.2
2018-09-21,4317.8701,93.7322,1196.2
2018-09-24,4329.0098,93.4922,1199.3
2018-09-25,4305.1499,93.3961,1200.0
2018-09-26,4285.8901,94.0525,1194.0
2018-09-27,4304.4902,94.1165,1182.3
2018-09-28,4325.6899,93.8684,1191.5
2018-10-01,4324.8398,93.1793,1187.1
2018-10-02,4310.7998,93.7488,1202.4
2018-10-03,4328.77,92.1203,1198.3
2018-10-04,4241.73,91.4705,1197.2
2018-10-05,4179.7402,90.6843,1201.2
2018-10-08,4127.25,90.3795,1184.4
2018-10-09,4111.4702,91.294,1187.2
2018-10-10,3951.3899,91.0453,1189.3
2018-10-11,3919.6499,92.1524,1223.5
2018-10-12,4005.3101,91.8315,1218.1
2018-10-15,3963.0901,91.7914,1226.4
2018-10-16,4085.1001,91.9999,1227.3
2018-10-17,4082.26,91.4544,1223.7
2018-10-18,3988.74,91.4224,1226.5
2018-10-19,3960.75,91.2218,1225.3
2018-10-22,3983.0801,91.1015,1221.2
2018-10-23,3986.3,91.3903,1233.4
2018-10-24,3772.8899,92.0802,1227.8
2018-10-25,3893.4299,91.6951,1229.1
2018-10-26,3792.5701,92.2486,1232.5
2018-10-29,3739.99,92.04,1224.5
2018-10-30,3815.6699,91.5828,1222.6
2018-10-31,3899.0901,91.1175,1212.3
2018-11-01,4011.99,91.202,1236.0
2018-11-02,3970.9299,90.0681,1230.9
2018-11-05,3956.6699,90.4219,1229.8
2018-11-06,4009.6001,90.3656,1223.8
2018-11-07,4085.77,90.4862,1226.2
2018-11-08,4075.1201,90.4782,1222.9
2018-11-09,3992.1399,91.1537,1206.4
2018-11-12,3852.8999,91.7488,1201.3
2018-11-13,3882.8401,91.6925,1199.2
2018-11-14,3876.9299,91.7488,1207.9
2018-11-15,3993.6899,91.7086,1212.8
2018-11-16,3977.27,92.2393,1220.8
2018-11-19,3826.7,92.4966,1223.1
2018-11-20,3798.9099,92.5288,1219.0
2018-11-21,3848.46,92.4966,1225.8
2018-11-23,3834.4399,92.5932,1221.0
2018-11-26,3910.6399,92.3841,1220.2
2018-11-27,3908.74,92.4886,1211.2
2018-11-28,4015.05,92.0383,1221.4
2018-11-29,3974.3601,92.4002,1224.1
2018-11-30,4037.5601,92.7459,1220.2
2018-12-03,4118.1001,93.4045,1233.9
2018-12-04,3949.8799,94.9682,1241.1
2018-12-06,3954.46,95.2665,1238.1
2018-12-07,3816.6599,95.4438,1246.8
2018-12-10,3860.0601,95.8388,1243.7
2018-12-11,3878.1899,95.8226,1241.9
2018-12-12,3930.23,95.3954,1244.4
2018-12-13,3920.6101,95.1698,1242.7
2018-12-14,3837.8201,95.5002,1237.0
2018-12-17,3754.22,96.0564,1247.4
2018-12-18,3783.6399,96.6317,1249.2
2018-12-19,3668.3701,97.9082,1252.1
2018-12-20,3621.3501,97.5527,1263.6
2018-12-21,3539.26,97.5366,1253.8
2018-12-24,3457.9199,98.0213,1267.5
2018-12-26,3649.3899,96.971,1269.2
2018-12-27,3684.27,96.9872,1277.3
2018-12-28,3683.9399,97.8032,1279.9
2018-12-31,3705.78,98.1749,1278.3
2019-01-02,3728.3999,98.6919,1281.0
2019-01-03,3547.5701,99.815,1291.8
2019-01-04,3708.3601,98.6596,1282.7
2019-01-07,3762.77,98.3688,1286.8
2019-01-08,3780.8701,98.1102,1283.2
2019-01-09,3851.1001,97.9567,1289.3
2019-01-10,3877.0801,97.3265,1284.7
2019-01-11,3881.49,97.7062,1287.1
2019-01-14,3828.0901,97.3427,1289.1
2019-01-15,3869.5,96.9872,1286.2
2019-01-16,3858.29,97.0841,1291.6
2019-01-17,3888.3301,97.1084,1291.0
2019-01-18,3971.49,96.5994,1281.3
2019-01-22,3874.74,97.2538,1282.5
2019-01-23,3871.6201,97.2134,1283.1
2019-01-24,3988.8,97.8517,1279.1
2019-01-25,4083.3601,97.3831,1297.4
2019-01-28,4034.1201,97.2861,1302.4
2019-01-29,3984.47,97.779,1308.2
2019-01-30,4099.4102,97.7062,1309.9
2019-01-31,4139.6099,98.5465,1319.7
2019-02-01,4186.3799,97.9513,1316.9
2019-02-04,4230.1602,97.514,1314.3
2019-02-05,4253.3101,97.9594,1314.2
2019-02-06,4311.6699,98.008,1309.5
2019-02-07,4234.6802,98.6559,1309.4
2019-02-08,4245.7598,99.0769,1313.7
2019-02-11,4248.1299,98.6882,1307.0
2019-02-12,4331.4399,98.4372,1309.2
2019-02-13,4326.3198,98.0647,1310.8
2019-02-14,4334.1602,98.6234,1309.8
2019-02-15,4347.4199,98.7773,1318.1
2019-02-19,4345.75,99.0283,1340.1
2019-02-20,4364.1899,98.7449,1343.3
2019-02-21,4334.6001,97.8623,1323.5
2019-02-22,4394.5298,98.4453,1329.2
2019-02-25,4421.9902,98.1538,1325.9
2019-02-26,4406.7598,98.6396,1325.1
2019-02-27,4373.6802,97.5221,1317.7
2019-02-28,4368.1401,97.1901,1312.8
2019-03-01,4396.0898,96.2918,1296.4
2019-03-04,4380.23,97.0465,1284.8
2019-03-05,4373.54,97.2494,1282.0
2019-03-06,4325.5801,97.6064,1284.9
2019-03-07,4285.8599,98.2394,1283.8
2019-03-08,4284.4702,98.6532,1297.0
2019-03-11,4376.2402,98.3611,1288.8
2019-03-12,4395.8701,99.0509,1296.3
2019-03-13,4410.75,98.8643,1307.5
2019-03-14,4404.8701,98.1501,1293.4
2019-03-15,4470.3799,98.7993,1301.8
2019-03-18,4464.0801,98.7425,1300.3
2019-03-19,4499.1802,98.5234,1305.0
2019-03-20,4477.0298,99.554,1300.5
2019-03-21,4606.4902,99.7731,1306.1
2019-03-22,4479.02,101.3231,1311.6
2019-03-25,4451.7598,101.4853,1321.9
2019-03-26,4481.2002,101.4123,1314.3
2019-03-27,4422.8501,102.3455,1309.9
2019-03-28,4427.8301,102.7026,1289.8
2019-03-29,4493.1899,102.6052,1293.0
2019-04-01,4594.98,101.1478,1288.4
2019-04-02,4610.9199,101.3349,1290.0
2019-04-03,4688.71,100.4565,1289.9
2019-04-04,4665.77,100.7412,1289.0
2019-04-05,4701.3398,100.8713,1290.4
2019-04-08,4717.3198,100.5135,1297.1
2019-04-09,4691.0298,100.8306,1303.5
2019-04-10,4722.5801,101.0747,1309.1
2019-04-11,4719.1401,100.481,1288.6
2019-04-12,4766.1401,99.7653,1290.6
2019-04-15,4749.8999,100.0174,1286.8
2019-04-16,4809.7998,99.3912,1272.6
2019-04-17,4820.6001,99.4318,1272.2
2019-04-18,4813.0801,99.9523,1271.9
2019-04-22,4814.4399,99.4725,1273.5
2019-04-23,4871.5098,99.6839,1269.3
2019-04-24,4880.48,100.4972,1275.5
2019-04-25,4848.4902,100.3508,1275.8
2019-04-26,4844.7598,100.6924,1284.9
2019-04-29,4843.0898,100.0499,1278.6
2019-04-30,4867.4502,100.5623,1282.8
2019-05-01,4822.6699,100.9771,1281.4
2019-05-02,4832.0,100.4963,1269.7
2019-05-03,4862.3799,100.7815,1279.2
2019-05-06,4802.2002,101.0586,1281.7
2019-05-07,4681.5,101.8328,1283.5
2019-05-08,4659.4502,101.3927,1279.4
2019-05-09,4631.5,101.8084,1283.5
2019-05-10,4630.48,101.6698,1285.7
2019-05-13,4434.77,102.4685,1300.1
2019-05-14,4521.7598,102.167,1294.7
2019-05-15,4574.6499,102.7945,1296.3
2019-05-16,4586.1099,102.4522,1285.0
2019-05-17,4511.4102,102.6804,1274.5
2019-05-20,4380.02,102.4685,1276.1
2019-05-21,4459.25,102.3055,1272.0
2019-05-22,4415.9302,102.8923,1273.6
2019-05-23,4337.0801,104.0496,1284.8
2019-05-24,4326.5698,104.1392,1283.0
2019-05-28,4307.4102,104.889,1276.5
2019-05-29,4283.21,105.2069,1280.6
2019-05-30,4307.4102,106.1115,1287.1
2019-05-31,4237.2798,107.44,1305.8
2019-06-03,4170.02,108.1587,1322.7
2019-06-04,4320.98,106.9255,1323.4
2019-06-05,4329.21,106.3211,1328.3
2019-06-06,4375.4502,106.6641,1337.6
2019-06-07,4435.7998,107.587,1341.2
2019-06-10,4515.8799,106.5743,1324.7
2019-06-11,4517.5098,106.6396,1326.4
2019-06-12,4460.1699,106.7213,1331.9
2019-06-13,4475.3799,107.0888,1339.2
2019-06-14,4408.8599,107.3583,1340.1
2019-06-17,4399.3999,107.5461,1338.7
2019-06-18,4517.6401,108.0851,1346.6
2019-06-19,4546.3799,108.2403,1344.6
2019-06-20,4605.6602,108.5261,1392.9
2019-06-21,4582.6299,107.3338,1396.2
2019-06-24,4581.6401,108.1341,1414.3
2019-06-25,4502.1299,108.469,1414.9
2019-06-26,4585.4702,107.7748,1411.6
2019-06-27,4635.1001,108.5343,1408.4
2019-06-28,4660.7202,108.4608,1409.7
2019-07-01,4766.3101,108.2071,1385.6
2019-07-02,4747.96,109.0417,1404.6
2019-07-03,4768.48,109.8191,1417.7
2019-07-05,4757.6802,108.3626,1396.7
2019-07-08,4734.4102,108.5099,1397.0
2019-07-09,4767.52,108.469,1397.5
2019-07-10,4812.3501,107.8717,1410.1
2019-07-11,4823.9902,106.4315,1404.3
2019-07-12,4879.6499,106.5542,1409.9
2019-07-15,4876.3901,107.1679,1411.4
2019-07-16,4822.5,106.8488,1409.2
2019-07-17,4820.1499,108.0026,1421.3
2019-07-18,4868.73,108.0107,1426.1
2019-07-19,4836.3301,107.7571,1425.1
2019-07-22,4906.4902,107.9617,1425.3
2019-07-23,4948.6201,107.3725,1420.1
2019-07-24,5026.6499,107.8389,1422.8
2019-07-25,4961.3599,107.3234,1413.9
2019-07-26,4971.7598,107.5771,1418.5
2019-07-29,4952.96,107.6098,1419.6
2019-07-30,4937.5898,107.8717,1429.7
2019-07-31,4811.6899,108.739,1426.1
2019-08-01,4762.8101,110.8986,1420.9
2019-08-02,4655.5601,111.9235,1445.6
2019-08-05,4469.9702,113.8583,1464.6
2019-08-06,4531.8101,114.7685,1472.4
2019-08-07,4550.5601,114.8094,1507.3
2019-08-08,4697.9302,115.0554,1497.7
2019-08-09,4632.2202,114.8259,1496.6
2019-08-12,4563.8799,117.22,1505.3
2019-08-13,4691.0898,116.8182,1502.2
2019-08-14,4545.6201,119.4501,1515.9
2019-08-15,4532.7798,120.7783,1519.6
2019-08-16,4623.8101,119.8108,1512.5
2019-08-19,4700.1802,118.0973,1500.4
2019-08-20,4665.5898,119.3189,1504.6
2019-08-21,4707.48,118.5236,1504.6
2019-08-22,4704.5,117.7365,1497.3
2019-08-23,4544.77,119.6715,1526.6
2019-08-26,4595.8599,119.1877,1526.3
2019-08-27,4581.8501,121.0243,1541.0
2019-08-28,4586.79,121.18,1537.8
2019-08-29,4678.04,120.7209,1526.5
2019-08-30,4693.4102,120.7537,1519.1
2019-09-03,4636.6401,120.9097,1545.9
2019-09-04,4728.9902,121.0904,1550.3
2019-09-05,4850.0498,118.8974,1515.4
2019-09-06,4853.4399,119.7434,1506.2
2019-09-09,4857.6499,117.6161,1502.2
2019-09-10,4852.8301,115.5546,1490.3
2019-09-11,4914.3398,115.3492,1494.4
2019-09-12,4919.54,114.5936,1498.7
2019-09-13,4901.77,112.146,1490.9
2019-09-16,4880.3398,113.5752,1503.1
2019-09-17,4898.8799,114.1912,1505.1
2019-09-18,4895.1201,114.6758,1507.5
2019-09-19,4877.9199,115.0207,1498.4
2019-09-20,4817.5698,116.5402,1507.3
2019-09-23,4830.1299,116.5156,1523.7
2019-09-24,4747.3101,117.92,1532.1
2019-09-25,4822.6099,116.1952,1504.6
2019-09-26,4836.1699,116.9426,1507.5
2019-09-27,4731.77,117.2301,1499.1
2019-09-30,4771.6802,117.5176,1465.7
2019-10-01,4719.8301,117.8714,1482.0
2019-10-02,4646.2202,118.1594,1501.0
2019-10-03,4711.6899,119.2372,1507.1
2019-10-04,4786.6299,120.1176,1506.2
2019-10-07,4764.8999,119.122,1497.7
2019-10-08,4642.5298,119.443,1497.2
2019-10-09,4712.5298,118.7682,1506.1
2019-10-10,4749.27,116.9992,1494.8
2019-10-11,4842.0,115.5511,1482.7
2019-10-14,4844.2402,116.3904,1491.7
2019-10-15,4923.5601,114.9835,1477.6
2019-10-16,4859.8301,115.1233,1488.0
2019-10-17,4864.0601,114.8435,1492.3
2019-10-18,4808.7598,114.8435,1488.2
2019-10-21,4873.1499,113.9796,1482.4
2019-10-22,4816.7202,114.6461,1481.7
2019-10-23,4780.8999,114.7613,1489.9
2019-10-24,4878.4502,114.5309,1498.9
2019-10-25,4923.9399,113.9714,1499.5
2019-10-28,4985.3999,112.9347,1490.0
2019-10-29,4958.1299,113.0088,1487.0
2019-10-30,4979.1802,114.6626,1493.2
2019-10-31,4932.7002,116.2094,1511.4
2019-11-01,5017.8799,115.8517,1508.0
2019-11-04,5086.8301,114.3269,1508.0
2019-11-05,5087.6699,113.0411,1480.8
2019-11-06,5058.8599,113.7252,1490.2
2019-11-07,5104.02,111.6647,1464.2
2019-11-08,5125.79,111.1949,1461.3
2019-11-11,5107.73,111.269,1455.5
2019-11-12,5127.48,111.7801,1452.1
2019-11-13,5129.4199,112.5053,1461.7
2019-11-14,5118.21,113.6675,1471.8
2019-11-15,5167.2598,113.5438,1467.3
2019-11-18,5162.0801,113.7499,1470.9
2019-11-19,5159.8101,114.6977,1473.3
2019-11-20,5121.5601,115.8846,1473.3
2019-11-21,5083.02,115.1593,1463.1
2019-11-22,5093.3198,115.3077,1463.1
2019-11-25,5177.9502,115.6456,1456.6
2019-11-26,5178.3301,116.3215,1459.8
2019-11-27,5222.52,115.9835,1453.4
2019-11-29,5187.0801,115.7363,1465.6
2019-12-02,5103.8701,114.1932,1462.3
2019-12-03,5050.1802,116.5875,1478.2
2019-12-04,5095.0801,115.4233,1474.0
2019-12-05,5104.4302,114.8619,1476.9
2019-12-06,5166.4902,114.2262,1459.1
2019-12-09,5140.8398,114.4739,1459.3
2019-12-10,5149.71,114.4821,1462.6
2019-12-11,5216.7202,115.3821,1469.4
2019-12-12,5303.8599,113.4832,1466.7
2019-12-13,5303.9102,114.7959,1475.6
2019-12-16,5363.4702,113.7638,1475.0
2019-12-17,5368.6001,113.607,1474.6
2019-12-18,5380.3398,112.674,1472.6
2019-12-19,5422.6602,112.8543,1478.2
2019-12-20,5460.6001,113.0031,1474.7
2019-12-23,5468.6602,112.8378,1482.5
2019-12-24,5471.9102,113.1603,1499.1
2019-12-26,5492.3501,113.4331,1509.3
2019-12-27,5480.0898,113.5572,1513.8
2019-12-30,5441.6699,113.1437,1514.5
2019-12-31,5457.73,112.0356,1519.5
2020-01-02,5577.23,113.3009,1524.5
2020-01-03,5512.1499,115.0457,1549.2
2020-01-06,5500.1299,114.3924,1566.2
2020-01-07,5558.1299,113.8301,1571.8
2020-01-08,5595.4399,113.0775,1557.4
2020-01-09,5640.1001,113.4745,1551.7
2020-01-10,5622.3999,114.4834,1557.5
2020-01-13,5681.6099,114.1361,1548.4
2020-01-14,5669.4902,114.7232,1542.4
2020-01-15,5643.1899,115.484,1552.1
2020-01-16,5723.7998,115.1201,1549.0
2020-01-17,5736.0601,114.1361,1558.8
2020-01-21,5733.2002,115.3351,1556.4
2020-01-22,5752.1699,115.7404,1555.3
2020-01-23,5799.71,116.5508,1564.6
2020-01-24,5742.8599,117.4935,1571.1
2020-01-27,5580.6899,119.321,1576.8
2020-01-28,5673.0601,118.3865,1569.2
2020-01-29,5617.7798,119.5443,1569.8
2020-01-30,5621.1299,119.5609,1583.5
2020-01-31,5473.4502,120.6524,1582.9
2020-02-03,5564.5298,120.5547,1577.2
2020-02-04,5712.6201,118.9312,1550.4
2020-02-05,5761.1299,117.6307,1557.8
2020-02-06,5803.7202,118.1609,1565.1
2020-02-07,5721.4102,119.6353,1568.6
2020-02-10,5798.6602,119.9665,1574.7
2020-02-11,5847.5298,119.3619,1565.6
2020-02-12,5915.5,118.7572,1567.4
2020-02-13,5909.4702,119.2128,1575.1
2020-02-14,5907.6699,119.7346,1582.7
2020-02-18,5867.2002,120.5547,1600.0
2020-02-19,5954.6201,120.5464,1607.5
2020-02-20,5872.8398,121.4908,1616.6
2020-02-21,5723.1699,122.6256,1644.6
2020-02-24,5481.0098,124.4562,1672.4
2020-02-25,5320.8398,125.1188,1646.9
2020-02-26,5325.3398,124.4562,1640.0
2020-02-27,5077.9702,125.8063,1640.0
2020-02-28,5135.3101,128.6475,1564.1
2020-03-02,5314.0098,127.701,1592.3
2020-03-03,5138.9902,129.6835,1642.1
2020-03-04,5367.5298,128.3065,1641.1
2020-03-05,5197.4199,131.5002,1666.4
2020-03-06,5086.4199,138.344,1670.8
2020-03-09,4690.8599,142.0936,1674.5
2020-03-10,4928.0898,134.8102,1659.1
2020-03-11,4694.4302,129.8495,1641.4
2020-03-12,4229.4702,130.6541,1589.3
2020-03-13,4660.5801,127.701,1515.7
2020-03-16,4043.3401,135.9715,1485.9
2020-03-17,4373.6201,126.9045,1524.9
2020-03-18,4072.6001,119.7456,1477.3
2020-03-19,4178.29,123.0057,1478.6
2020-03-20,4030.77,132.2551,1484.0
2020-03-23,4091.46,137.7053,1567.0
2020-03-24,4478.8301,135.142,1660.2
2020-03-25,4441.5098,134.8351,1632.3
2020-03-26,4726.8799,135.4987,1650.1
2020-03-27,4502.7002,139.1156,1623.9
2020-03-30,4687.48,137.9708,1622.0
2020-03-31,4606.71,136.8509,1583.4
2020-04-01,4378.75,138.7682,1578.2
2020-04-02,4459.0098,139.6489,1625.7
2020-04-03,4378.8999,139.9812,1633.7
2020-04-06,4783.1602,139.6156,1677.0
2020-04-07,4757.9502,138.1535,1664.8
2020-04-08,4905.4199,137.1483,1665.4
2020-04-09,4872.04,137.3975,1736.2
2020-04-13,4892.8501,136.1431,1744.8
2020-04-14,5095.8198,136.1099,1756.7
2020-04-15,4992.71,139.7153,1727.2
2020-04-16,5086.8799,141.302,1720.4
2020-04-17,5156.7598,139.4079,1689.2
2020-04-20,5076.4302,140.5294,1701.6
2020-04-21,4856.7998,142.2989,1678.2
2020-04-22,5079.4102,140.8451,1728.7
2020-04-23,5035.21,141.5928,1733.3
2020-04-24,5134.9902,141.9251,1723.5
2020-04-27,5198.7998,139.2833,1711.9
2020-04-28,5125.77,140.8867,1710.5
2020-04-29,5338.0098,140.1556,1703.4
2020-04-30,5234.0,138.519,1684.2
2020-05-01,4999.5801,139.7052,1694.5
2020-05-04,5048.1802,139.0481,1706.9
2020-05-05,5140.9502,138.158,1704.4
2020-05-06,5186.0098,135.9287,1684.2
2020-05-07,5245.1299,138.1996,1721.8
2020-05-08,5355.3198,136.4028,1709.9
2020-05-11,5366.3398,135.3382,1695.3
2020-05-12,5236.0898,136.7273,1704.4
2020-05-13,5124.9399,137.6839,1713.9
2020-05-14,5225.5698,139.0314,1738.1
2020-05-15,5193.21,138.6738,1753.4
2020-05-18,5366.8799,135.6293,1731.8
2020-05-19,5370.0098,136.1366,1744.2
2020-05-20,5513.5,136.5443,1750.6
2020-05-21,5432.77,136.8853,1720.5
2020-05-22,5453.2998,137.7089,1734.6
2020-05-26,5493.2002,135.8622,1704.8
2020-05-27,5547.1001,135.6127,1710.3
2020-05-28,5499.21,135.1135,1713.3
2020-05-29,5619.8599,136.0784,1736.9
2020-06-01,5610.4902,135.1623,1737.8
2020-06-02,5675.23,134.6709,1725.2
2020-06-03,5783.0601,132.8801,1697.8
2020-06-04,5760.52,130.9561,1718.9
2020-06-05,5915.4702,130.0233,1676.2
2020-06-08,5934.0298,130.523,1698.3
2020-06-09,5915.0498,132.0056,1714.7
2020-06-10,5937.96,133.9629,1713.3
2020-06-11,5577.6299,136.4949,1732.0
2020-06-12,5662.4702,135.179,1729.3
2020-06-15,5729.98,135.2539,1720.3
2020-06-16,5857.8701,133.1799,1729.6
2020-06-17,5878.9502,133.7297,1729.2
2020-06-18,5888.1802,135.1456,1724.8
2020-06-19,5872.0498,135.2539,1745.9
2020-06-22,5922.3901,135.2706,1756.7
2020-06-23,5942.02,134.3461,1772.1
2020-06-24,5808.3398,135.787,1765.8
2020-06-25,5864.1099,136.1784,1762.1
2020-06-26,5787.8398,137.636,1772.5
2020-06-29,5834.0601,137.2029,1774.8
2020-06-30,5960.27,136.5365,1793.0
2020-07-01,5948.3301,136.2714,1773.2
2020-07-02,5997.0801,136.4131,1784.0
2020-07-06,6124.4102,135.8544,1788.5
2020-07-07,6065.7798,137.764,1804.2
2020-07-08,6145.3501,137.2137,1815.5
2020-07-09,6212.3501,139.3984,1799.2
2020-07-10,6204.6099,138.6979,1798.2
2020-07-13,6063.25,139.1566,1811.0
2020-07-14,6122.2202,139.3567,1810.6
2020-07-15,6136.1499,138.7062,1811.4
2020-07-16,6097.3198,139.365,1798.7
2020-07-17,6146.1802,139.0732,1808.3
2020-07-20,6300.96,139.4151,1815.9
2020-07-21,6251.9302,139.4984,1842.4
2020-07-22,6270.1401,139.9155,1864.1
2020-07-23,6160.96,141.5498,1889.1
2020-07-24,6056.3101,141.5415,1897.3
2020-07-27,6178.7202,141.0161,1931.0
2020-07-28,6087.2798,141.9917,1944.7
2020-07-29,6202.3198,141.7499,1953.5
2020-07-30,6271.73,142.6838,1942.3
2020-07-31,6300.77,142.5921,1962.8
2020-08-03,6379.6001,141.8742,1966.0
2020-08-04,6434.5098,143.2266,2001.2
2020-08-05,6424.5698,141.9744,2031.1
2020-08-06,6415.1499,142.7675,2051.5
2020-08-07,6330.8398,141.8158,2010.1
2020-08-10,6310.4399,141.1813,2024.4
2020-08-11,6224.2998,139.5034,1932.6
2020-08-12,6360.46,138.2345,1934.9
2020-08-13,6332.9399,136.7568,1956.7
2020-08-14,6304.5698,136.2226,1937.0
2020-08-17,6372.0298,136.5649,1985.0
2020-08-18,6384.52,137.5416,1999.4
2020-08-19,6358.4902,136.6817,1958.7
2020-08-20,6400.1299,137.9173,1933.8
2020-08-21,6408.71,138.7437,1934.6
2020-08-24,6458.27,138.5183,1927.7
2020-08-25,6515.6099,137.4581,1911.8
2020-08-26,6611.0298,136.9322,1940.7
2020-08-27,6557.04,134.603,1921.6
2020-08-28,6658.1201,134.5029,1964.6
2020-08-31,6651.2998,135.3962,1967.6
2020-09-01,6781.6299,136.9447,1968.2
2020-09-02,6915.1201,138.2486,1934.4
2020-09-03,6543.5601,138.6414,1927.6
2020-09-04,6435.3101,136.0087,1923.9
2020-09-08,6150.7202,136.8445,1933.0
2020-09-09,6294.8398,136.4768,1944.7
2020-09-10,6191.4199,137.1704,1954.2
2020-09-11,6172.0898,137.4629,1937.8
2020-09-14,6285.96,137.4546,1953.1
2020-09-15,6363.0801,137.1203,1956.3
2020-09-16,6291.7202,136.7108,1960.2
2020-09-17,6241.3301,137.1286,1940.0
2020-09-18,6158.5601,136.7024,1952.1
2020-09-21,6163.5601,137.3961,1901.2
2020-09-22,6258.8701,137.2874,1898.6
2020-09-23,6119.7798,137.4713,1859.9
2020-09-24,6146.8198,137.9978,1868.3
2020-09-25,6267.1699,137.9978,1857.7
2020-09-28,6395.29,137.605,1872.8
2020-09-29,6394.7998,137.7638,1894.3
2020-09-30,6401.73,136.4433,1887.5
2020-10-01,6513.2598,136.6684,1908.4
2020-10-02,6341.7998,136.158,1900.2
2020-10-05,6491.0498,133.4977,1912.5
2020-10-06,6419.6001,134.2171,1901.1
2020-10-07,6545.5,133.2383,1883.6
2020-10-08,6604.0,133.9578,1888.6
2020-10-09,6709.6699,133.9327,1919.5
2020-10-12,6850.1899,134.3593,1922.5
2020-10-13,6843.46,135.3214,1888.5
2020-10-14,6817.79,135.631,1901.3
2020-10-15,6785.6899,135.3967,1903.2
2020-10-16,6772.0801,135.0202,1900.8
2020-10-19,6687.5801,134.5099,1906.4
2020-10-20,6697.7002,133.2299,1910.4
2020-10-21,6680.4502,132.7698,1924.6
2020-10-22,6652.9199,131.3893,1901.1
2020-10-23,6659.5298,132.1925,1902.0
2020-10-26,6524.52,133.4223,1902.7
2020-10-27,6531.3599,134.3175,1908.8
2020-10-28,6307.9902,134.443,1876.2
2020-10-29,6437.2202,133.138,1865.6
2020-10-30,6320.77,131.8244,1877.4
2020-11-02,6346.7598,132.8118,1890.4
2020-11-03,6473.6699,132.0413,1908.5
2020-11-04,6740.2002,134.9056,1894.6
2020-11-05,6945.6401,135.1401,1945.3
2020-11-06,6996.9399,133.507,1950.3
2020-11-09,6901.96,130.7014,1853.2
2020-11-10,6714.7798,129.9476,1875.4
2020-11-11,6894.6299,130.4166,1860.7
2020-11-12,6830.0601,132.636,1872.6
2020-11-13,6915.6401,132.4601,1885.7
2020-11-16,6995.1499,132.1419,1887.3
2020-11-17,6958.3799,133.0045,1884.5
2020-11-18,6881.2998,133.3898,1873.5
2020-11-19,6977.1401,134.0765,1861.1
2020-11-20,6927.5801,135.2657,1872.6
2020-11-23,6961.8101,134.646,1837.8
2020-11-24,7028.8799,133.306,1804.8
2020-11-25,7034.0498,132.8956,1805.7
2020-11-27,7122.2202,134.1853,1781.9
2020-11-30,7170.5098,134.0179,1775.7
2020-12-01,7254.3301,132.0418,1814.1
2020-12-02,7274.1299,130.9939,1825.7
2020-12-03,7251.8701,132.0501,1836.8
2020-12-04,7394.8501,130.1136,1835.9
2020-12-07,7411.3501,131.2874,1861.8
2020-12-08,7443.5898,131.9077,1870.8
2020-12-09,7271.3501,131.4718,1834.6
2020-12-10,7275.8301,132.6371,1833.6
2020-12-11,7258.2798,133.1066,1839.8
2020-12-14,7327.0298,132.7377,1828.7
2020-12-15,7427.2202,132.2934,1852.3
2020-12-16,7468.6401,131.9412,1856.1
2020-12-17,7517.8599,131.5921,1887.2
2020-12-18,7526.3599,131.1977,1885.7
2020-12-21,7515.0898,131.718,1879.2
2020-12-22,7563.77,132.3978,1866.6
2020-12-23,7488.1401,131.483,1874.7
2020-12-24,7523.2998,132.0033,1879.9
2020-12-28,7495.5,132.0621,1877.2
2020-12-29,7458.6499,131.8942,1879.7
2020-12-30,7529.8398,132.1795,1891.0
2020-12-31,7541.0498,132.3726,1893.1
2021-01-04,7463.1802,132.2132,1944.7
2021-01-05,7544.9199,131.2312,1952.7
2021-01-06,7427.1802,128.5373,1906.9
2021-01-07,7670.7598,127.4043,1912.3
2021-01-08,7751.6602,126.993,1834.1
2021-01-11,7723.3799,126.7833,1849.6
2021-01-12,7776.04,126.6826,1842.9
2021-01-13,7774.02,128.1093,1853.6
2021-01-14,7831.3799,126.9091,1850.3
2021-01-15,7729.1201,127.4127,1829.3
2021-01-19,7918.9502,127.824,1839.5
2021-01-20,7974.98,127.9498,1865.9
2021-01-21,8007.0801,127.0518,1865.3
2021-01-22,7945.0,127.4631,1855.7
2021-01-25,7953.04,128.9653,1854.9
2021-01-26,7876.3198,128.7219,1850.7
2021-01-27,7548.9102,129.0493,1844.9
2021-01-28,7702.5698,128.3359,1837.9
2021-01-29,7576.5298,127.5638,1847.3
2021-02-01,7832.3599,127.7117,1860.8
2021-02-02,7994.23,126.8883,1830.5
2021-02-03,7854.96,125.7624,1832.2
2021-02-04,7970.3701,125.4263,1788.9
2021-02-05,7988.46,124.376,1810.9
2021-02-08,8121.0898,124.9221,1831.9
2021-02-09,8155.96,125.0146,1835.3
2021-02-10,8201.9199,125.8464,1840.6
2021-02-11,8384.0996,125.1574,1824.9
2021-02-12,8470.0498,123.6031,1821.6
2021-02-16,8480.8604,121.7209,1797.2
2021-02-17,8349.3398,122.4939,1771.1
2021-02-18,8274.1201,121.9982,1773.4
2021-02-19,8408.8799,120.3767,1775.8
2021-02-22,8119.6699,119.4608,1806.7
2021-02-23,8059.79,119.1163,1804.4
2021-02-24,8207.6797,118.3349,1796.4
2021-02-25,7795.5601,116.4025,1774.4
2021-02-26,7888.0298,120.2506,1728.1
2021-03-01,8155.8701,118.6624,1722.5
2021-03-02,7949.29,118.6708,1733.1
2021-03-03,7660.29,117.3837,1715.3
2021-03-04,7395.3398,116.6267,1700.2
2021-03-05,7541.21,116.8537,1698.0
2021-03-08,7197.5898,115.9453,1677.7
2021-03-09,7592.3701,117.5519,1716.6
2021-03-10,7493.4399,117.7875,1721.5
2021-03-11,7780.5898,116.9379,1722.3
2021-03-12,7661.0,114.4563,1719.5
2021-03-15,7803.3799,115.1293,1728.9
2021-03-16,7852.5801,114.6666,1730.6
2021-03-17,7906.7402,113.8086,1726.8
2021-03-18,7604.5098,112.6561,1732.2
2021-03-19,7681.9902,113.3543,1741.4
2021-03-22,7838.4399,114.6245,1737.8
2021-03-23,7734.9199,115.6592,1724.7
2021-03-24,7594.7402,116.2818,1732.9
2021-03-25,7547.2202,115.3648,1724.9
2021-03-26,7810.7202,114.961,1732.2
2021-03-29,7724.8101,113.9852,1712.1
2021-03-30,7685.3599,114.5825,1683.9
2021-03-31,7866.8398,113.9431,1713.8
2021-04-01,8103.5298,115.8343,1726.5
2021-04-05,8245.2002,115.3289,1727.0
2021-04-06,8193.04,116.1123,1741.5
2021-04-07,8173.75,115.3036,1740.1
2021-04-08,8298.5498,116.2554,1756.8
2021-04-09,8304.7402,115.8343,1743.3
2021-04-12,8251.4902,115.7837,1731.2
2021-04-13,8328.0098,116.6514,1746.2
2021-04-14,8224.8301,116.2807,1734.9
2021-04-15,8377.7002,118.2266,1765.4
2021-04-16,8323.4199,117.3084,1779.0
2021-04-19,8164.6401,116.9714,1769.4
2021-04-20,8075.9302,117.5106,1777.3
2021-04-21,8213.29,117.7464,1792.3
2021-04-22,8109.8501,118.2603,1781.2
2021-04-23,8259.3301,117.9823,1777.0
2021-04-26,8374.2305,117.8138,1779.2
2021-04-27,8321.0703,116.7862,1778.0
2021-04-28,8264.7598,116.8619,1773.2
2021-04-29,8286.6104,116.5166,1768.1
2021-04-30,8121.3599,116.7862,1767.3
2021-05-03,8022.73,116.8562,1791.4
2021-05-04,7863.02,117.6492,1775.8
2021-05-05,7859.23,117.8432,1784.1
2021-05-06,7853.1899,118.0372,1815.5
2021-05-07,7939.98,117.4551,1831.1
2021-05-10,7665.5,116.2657,1837.5
2021-05-11,7718.9302,115.6076,1835.9
2021-05-12,7468.71,114.3929,1822.6
2021-05-13,7503.0,114.57,1823.8
2021-05-14,7706.96,115.6414,1837.9
2021-05-17,7644.71,115.3967,1867.5
2021-05-18,7596.8701,115.1015,1867.8
2021-05-19,7690.0,114.8231,1881.3
2021-05-20,7890.6802,115.7679,1881.8
2021-05-21,7850.0098,116.1391,1876.7
2021-05-24,8000.27,116.5694,1884.6
2021-05-25,8033.21,117.6492,1898.1
2021-05-26,8053.7798,117.4467,1901.3
2021-05-27,8019.8799,116.9743,1895.7
2021-05-28,8064.8501,116.7887,1902.5
2021-06-01,8025.7598,116.7625,1902.9
2021-06-02,8046.71,117.0328,1907.5
2021-06-03,7908.54,116.5935,1871.2
2021-06-04,8110.8701,118.1902,1889.8
2021-06-07,8101.6699,117.827,1896.8
2021-06-08,8092.6299,118.6549,1892.2
2021-06-09,8069.1602,119.7024,1893.2
2021-06-10,8190.75,120.4206,1894.2
2021-06-11,8240.8398,120.2263,1877.4
2021-06-14,8334.3799,119.3054,1864.0
2021-06-15,8261.0195,119.1618,1854.5
2021-06-16,8221.5703,119.0604,1859.5
2021-06-17,8341.21,120.8429,1773.8
2021-06-18,8268.3301,123.1155,1767.9
2021-06-21,8307.3398,121.0542,1781.8
2021-06-22,8393.8896,121.3498,1776.3
2021-06-23,8398.1797,121.0373,1782.3
2021-06-24,8510.6104,121.2316,1775.6
2021-06-25,8508.8496,119.9728,1776.6
2021-06-28,8657.3896,121.2062,1779.6
2021-06-29,8721.4004,121.409,1762.8
2021-06-30,8681.21,121.9497,1770.8
2021-07-01,8607.3701,121.9565,1775.9
2021-07-02,8675.7598,122.6924,1782.6
2021-07-06,8675.6504,124.1305,1793.5
2021-07-07,8612.6699,125.2301,1801.5
2021-07-08,8525.1797,125.7208,1799.6
2021-07-09,8628.1602,123.9528,1810.0
2021-07-12,8637.3701,123.792,1805.5
2021-07-13,8622.1797,122.8447,1809.4
2021-07-14,8590.5703,124.2404,1824.3
2021-07-15,8497.0,125.6108,1828.4
2021-07-16,8395.54,125.3739,1814.5
2021-07-19,8348.04,128.1232,1808.7
2021-07-20,8480.4199,126.8882,1810.9
2021-07-21,8638.0898,125.281,1802.9
2021-07-22,8663.96,126.4653,1805.0
2021-07-23,8749.5195,125.6193,1801.4
2021-07-26,8726.6201,125.2471,1798.7
2021-07-27,8593.5098,126.5836,1799.5
2021-07-28,8710.0801,126.5921,1799.5
2021-07-29,8816.6904,125.89,1831.2
2021-07-30,8886.1699,126.4821,1812.6
2021-08-02,8898.5801,127.6103,1818.1
2021-08-03,8942.2695,127.678,1810.1
2021-08-04,9021.8203,127.9406,1810.5
2021-08-05,9040.8398,127.2884,1805.1
2021-08-06,8990.1602,125.1625,1760.0
2021-08-09,8965.9502,124.7137,1723.4
2021-08-10,8861.8496,124.1378,1728.8
2021-08-11,8870.9004,124.0615,1750.4
2021-08-12,8849.5898,123.8583,1749.0
2021-08-13,8877.3799,125.8147,1775.2
2021-08-16,8829.4404,126.1197,1786.9
2021-08-17,8720.5703,126.0688,1785.0
2021-08-18,8642.46,126.4923,1781.6
2021-08-19,8716.8203,127.4239,1780.2
2021-08-20,8789.6396,127.5086,1781.0
2021-08-23,8970.5303,127.4239,1803.2
2021-08-24,9025.8398,126.433,1805.6
2021-08-25,9063.5996,125.3828,1788.2
2021-08-26,9026.6504,125.7301,1792.2
2021-08-27,9181.5801,126.5854,1816.6
2021-08-30,9228.96,126.9157,1809.0
2021-08-31,9139.0703,126.0519,1815.0
2021-09-01,9131.8203,126.2631,1813.1
2021-09-02,9157.9805,126.8142,1808.7
2021-09-03,9209.9297,125.6609,1830.9
2021-09-07,9181.5195,124.6009,1795.9
2021-09-08,9111.5801,125.4489,1790.7
2021-09-09,9124.2998,126.9669,1797.4
2021-09-10,9119.4199,125.8475,1789.6
2021-09-13,9106.3701,126.6108,1792.0
2021-09-14,9101.3896,128.1456,1804.7
2021-09-15,9177.5195,127.6962,1792.4
2021-09-16,9213.7803,127.1111,1754.6
2021-09-17,9090.1396,126.5005,1749.4
2021-09-20,8885.1201,128.0694,1761.8
2021-09-21,8898.1396,127.9591,1776.0
2021-09-22,9011.2402,128.7223,1776.7
2021-09-23,9107.7598,125.8135,1747.7
2021-09-24,9115.7305,124.5839,1749.7
2021-09-27,9032.04,124.126,1750.0
2021-09-28,8697.5996,122.1925,1735.8
2021-09-29,8600.46,122.4044,1721.5
2021-09-30,8606.6396,122.3876,1755.3
2021-10-01,8652.1396,123.4175,1757.0
2021-10-04,8413.3701,123.1033,1766.2
2021-10-05,8535.9502,121.9146,1759.6
2021-10-06,8591.0801,122.6024,1760.5
2021-10-07,8691.96,121.3202,1757.9
2021-10-08,8626.5996,120.4711,1756.3
2021-10-11,8574.0801,120.1654,1754.6
2021-10-12,8555.1602,122.2202,1758.3
2021-10-13,8681.9404,123.409,1793.7
2021-10-14,8876.3301,123.8675,1796.7
2021-10-15,8910.6201,123.1458,1767.2
2021-10-18,9020.8701,123.7231,1764.8
2021-10-19,9118.54,122.0164,1769.7
2021-10-20,9109.3301,121.1928,1784.1
2021-10-21,9229.0801,121.0485,1781.2
2021-10-22,9177.4697,122.3817,1795.5
2021-10-25,9220.5898,122.1948,1806.0
2021-10-26,9192.8701,123.2053,1792.7
2021-10-27,9104.3096,125.4468,1797.9
2021-10-28,9202.1396,125.0223,1801.6
2021-10-29,9276.3301,125.4044,1783.0
2021-11-01,9316.9805,124.5015,1795.1
2021-11-02,9383.2998,125.0541,1788.7
2021-11-03,9454.4805,123.7619,1763.6
2021-11-04,9672.7695,125.0627,1793.0
2021-11-05,9679.8096,126.9331,1816.4
2021-11-08,9772.1699,126.695,1827.4
2021-11-09,9803.21,128.3443,1830.2
2021-11-10,9545.3203,125.9978,1847.6
2021-11-11,9651.0195,125.8108,1863.2
2021-11-12,9786.5,125.2581,1867.9
2021-11-15,9712.2002,123.6853,1866.1
2021-11-16,9855.4199,123.3708,1853.6
2021-11-17,9801.5498,124.3485,1869.7
2021-11-18,9840.0498,124.8161,1861.0
2021-11-19,9846.5596,126.1339,1851.2
2021-11-22,9627.2402,124.6545,1806.0
2021-11-23,9539.6699,122.8521,1783.5
2021-11-24,9595.7002,124.8246,1784.1
2021-11-26,9402.5303,127.9788,1785.3
2021-11-29,9670.75,126.95,1782.3
2021-11-30,9446.7803,128.88,1773.6
2021-12-01,9275.7803,129.675,1781.6
2021-12-02,9371.5498,129.8368,1760.7
2021-12-03,9175.6699,131.386,1782.0
2021-12-06,9246.2598,129.5814,1777.5
2021-12-07,9612.7305,128.5344,1782.6
2021-12-08,9646.8896,126.3127,1783.4
2021-12-09,9448.0996,127.0192,1774.6
2021-12-10,9518.1396,126.7128,1782.9
2021-12-13,9373.7598,128.5854,1786.3
2021-12-14,9240.21,128.279,1770.4
2021-12-15,9521.5498,127.0448,1762.6
2021-12-16,9194.3301,127.0942,1796.6
2021-12-17,9219.3496,128.5344,1803.8
2021-12-20,9113.2402,127.5714,1793.7
2021-12-21,9431.2803,127.0857,1787.9
2021-12-22,9508.1699,127.6736,1801.6
2021-12-23,9584.75,126.5658,1811.2
2021-12-27,9764.9004,126.8726,1808.1
2021-12-28,9657.7305,126.3698,1810.2
2021-12-29,9656.8896,124.9893,1805.1
2021-12-30,9637.1699,126.0374,1812.7
2021-12-31,9575.3896,126.2846,1827.5
2022-01-03,9565.4199,122.9696,1799.4
2022-01-04,9408.1602,122.4583,1814.0
2022-01-05,9044.6201,121.7936,1824.6
2022-01-06,9117.75,122.1089,1788.7
2022-01-07,8939.6396,121.2311,1797.0
2022-01-10,8991.2002,121.5294,1798.4
2022-01-11,9146.7803,122.339,1818.6
2022-01-12,9167.6504,121.8703,1827.2
2022-01-13,8858.2197,122.9526,1821.2
2022-01-14,8983.2002,121.0948,1816.5
2022-01-18,8678.9902,119.3904,1812.3
2022-01-19,8575.2002,120.2171,1843.1
2022-01-20,8447.7002,120.9585,1842.5
2022-01-21,8235.0498,122.3987,1831.8
2022-01-24,8370.6602,121.3931,1841.7
2022-01-25,8029.52,121.1971,1852.7
2022-01-26,8053.9199,119.7313,1829.9
2022-01-27,7868.5698,121.93,1793.3
2022-01-28,8134.1899,121.9726,1784.9
2022-01-31,8542.9004,121.3419,1795.0
2022-02-01,8594.7305,120.9392,1800.3
2022-02-02,8670.1396,121.3488,1809.2
2022-02-03,8259.6104,120.4016,1803.0
2022-02-04,8389.0498,118.6266,1806.6
2022-02-07,8344.1201,118.7033,1820.6
2022-02-08,8487.9199,117.9097,1826.6
2022-02-09,8776.54,118.1316,1835.2
2022-02-10,8586.0996,116.2542,1836.2
2022-02-11,8221.3799,117.978,1840.8
2022-02-14,8235.96,116.5102,1868.0
2022-02-15,8541.5898,115.1875,1854.8
2022-02-16,8488.1299,115.8702,1870.2
2022-02-17,8131.54,116.7321,1900.7
2022-02-18,7985.25,117.9609,1898.6
2022-02-22,7951.8799,118.2682,1906.1
2022-02-23,7753.3301,116.6382,1909.2
2022-02-24,8158.9702,116.715,1925.1
2022-02-25,8242.1904,116.8003,1886.5
2022-02-28,8277.5596,119.3604,1899.4
2022-03-01,8123.3799,120.7405,1942.4
2022-03-02,8295.8496,116.6132,1920.9
2022-03-03,8080.8901,117.801,1934.4
2022-03-04,7883.9102,119.8346,1965.1
2022-03-07,7492.4399,118.9203,1993.9
2022-03-08,7489.3999,117.7241,2040.1
2022-03-09,7839.27,116.5705,1985.9
2022-03-10,7688.8101,114.8957,1998.1
2022-03-11,7440.1602,115.2802,1982.7
2022-03-14,7193.0601,112.5885,1959.6
2022-03-15,7431.4902,112.392,1928.5
2022-03-16,7852.5,113.4943,1908.0
2022-03-17,7964.3999,112.6484,1942.1
2022-03-18,8198.8398,114.0241,1928.2
2022-03-21,8137.6802,111.3837,1928.6
2022-03-22,8307.6104,109.9567,1920.7
2022-03-23,8112.29,112.3664,1936.6
2022-03-24,8366.9102,111.4862,1961.6
2022-03-25,8296.7197,109.9396,1953.8
2022-03-28,8432.8896,110.8796,1939.6
2022-03-29,8625.3301,111.7169,1912.0
2022-03-30,8436.8496,112.5885,1933.5
2022-03-31,8320.0596,112.862,1949.2
2022-04-01,8302.1602,113.2916,1919.1
2022-04-04,8495.5195,112.5043,1929.2
2022-04-05,8192.3799,109.9626,1922.9
2022-04-06,7972.0801,109.0725,1918.4
2022-04-07,7995.4502,108.2509,1933.8
2022-04-08,7836.4102,107.0785,1941.6
2022-04-11,7694.5098,105.3839,1944.3
2022-04-12,7641.7998,105.2385,1972.1
2022-04-13,7856.5698,105.4524,1981.0
2022-04-14,7624.25,103.3386,1970.9
2022-04-18,7615.6401,102.8251,1982.9
2022-04-19,7819.04,102.0549,1955.7
2022-04-20,7702.7998,104.1088,1952.3
2022-04-21,7435.3301,103.3386,1944.9
2022-04-22,7245.1201,102.6882,1931.0
2022-04-25,7420.7002,103.7151,1893.2
2022-04-26,7124.1401,104.7592,1901.4
2022-04-27,7102.0298,103.4156,1885.9
2022-04-28,7454.6602,103.5696,1888.7
2022-04-29,7102.0698,102.226,1909.3
2022-05-02,7282.9399,100.4541,1861.8
2022-05-03,7259.8398,101.1313,1868.8
2022-05-04,7501.6099,101.6885,1867.0
2022-05-05,7064.25,98.9024,1874.0
2022-05-06,6879.3799,97.4451,1881.2
2022-05-09,6484.0898,98.3023,1857.1
2022-05-10,6618.7598,99.1939,1839.9
2022-05-11,6379.4199,101.1056,1852.6
2022-05-12,6437.1699,100.917,1823.8
2022-05-13,6802.1299,99.4254,1807.4
2022-05-16,6628.3701,99.3225,1813.5
2022-05-17,6829.8198,98.1223,1818.2
2022-05-18,6480.9502,100.2141,1815.9
2022-05-19,6570.1802,100.4541,1841.2
2022-05-20,6614.2798,101.5942,1841.8
2022-05-23,6664.0,99.9226,1847.8
2022-05-24,6455.23,101.8943,1865.1
2022-05-25,6619.6099,102.2972,1846.2
2022-05-26,6856.29,101.8342,1847.4
2022-05-27,7137.7598,102.0829,1851.3
2022-05-31,7042.3799,99.9226,1842.7
2022-06-01,6976.8101,99.8084,1843.3
2022-06-02,7280.7598,99.8599,1866.5
2022-06-03,7075.8101,99.6452,1845.4
2022-06-06,7089.8999,97.8074,1839.2
2022-06-07,7205.8701,98.8637,1847.5
2022-06-08,7122.2798,97.9877,1851.9
2022-06-09,6913.9302,98.3141,1848.8
2022-06-10,6606.77,97.7043,1871.5
2022-06-13,6209.25,94.6384,1828.0
2022-06-14,6243.29,93.4447,1809.5
2022-06-15,6407.79,95.1881,1815.3
2022-06-16,6054.9702,95.9438,1845.7
2022-06-17,6144.5,96.253,1835.6
2022-06-21,6298.5298,94.6212,1834.6
2022-06-22,6272.6401,97.2234,1834.3
2022-06-23,6408.3799,98.0221,1825.7
2022-06-24,6705.29,96.6652,1826.5
2022-06-27,6627.7998,95.8407,1820.9
2022-06-28,6398.5898,96.2873,1817.5
2022-06-29,6358.3501,97.7902,1813.7
2022-06-30,6248.2998,98.649,1804.1
2022-07-01,6252.3599,99.6618,1798.9
2022-07-05,6407.3501,100.4448,1761.8
2022-07-06,6428.3901,98.7583,1734.9
2022-07-07,6627.6001,97.8892,1737.9
2022-07-08,6628.7998,96.805,1740.6
2022-07-11,6450.5698,98.4743,1730.0
2022-07-12,6329.9902,99.0594,1723.3
2022-07-13,6324.9502,100.1953,1734.2
2022-07-14,6316.8599,99.3778,1704.5
2022-07-15,6472.7202,99.9371,1702.4
2022-07-18,6425.8501,98.8959,1709.2
2022-07-19,6668.0,98.3624,1710.0
2022-07-20,6877.5698,98.6206,1699.5
2022-07-21,6988.77,100.3243,1712.7
2022-07-22,6818.3599,102.0109,1727.1
2022-07-25,6746.1699,101.0127,1719.0
2022-07-26,6549.77,101.0902,1717.7
2022-07-27,6857.9102,100.5223,1719.1
2022-07-28,6953.46,101.3225,1750.3
2022-07-29,7032.79,101.0472,1762.9
2022-08-01,7061.7598,103.4807,1769.0
2022-08-02,7070.6001,101.2911,1771.1
2022-08-03,7264.6602,102.8859,1758.0
2022-08-04,7277.5601,102.8514,1788.5
2022-08-05,7286.71,100.4032,1772.9
2022-08-08,7261.8398,102.0239,1786.8
2022-08-09,7049.6802,101.6273,1794.0
2022-08-10,7328.3999,100.9635,1795.6
2022-08-11,7259.5,98.6101,1789.7
2022-08-12,7442.3501,99.6101,1798.6
2022-08-15,7489.9399,99.5239,1781.4
2022-08-16,7413.6699,99.9377,1773.2
2022-08-17,7242.75,98.8946,1760.3
2022-08-18,7289.5698,99.0412,1755.3
2022-08-19,7079.6299,97.4464,1747.6
2022-08-22,6858.1099,97.1188,1734.0
2022-08-23,6865.54,96.5843,1746.8
2022-08-24,6896.54,95.8774,1747.8
2022-08-25,7060.9702,97.2136,1757.7
2022-08-26,6739.0601,97.9464,1736.1
2022-08-29,6631.7798,97.136,1736.6
2022-08-30,6579.5298,97.3774,1723.2
2022-08-31,6534.0801,96.4464,1712.8
2022-09-01,6366.79,94.6806,1696.6
2022-09-02,6304.0,95.2162,1709.8
2022-09-06,6238.6899,92.8578,1700.4
2022-09-07,6368.4302,94.3264,1715.3
2022-09-08,6462.8198,93.3589,1708.0
2022-09-09,6685.8501,93.5662,1716.2
2022-09-12,6758.8398,92.7974,1728.1
2022-09-13,6361.6602,93.0134,1705.0
2022-09-14,6395.7998,93.333,1696.5
2022-09-15,6256.0801,93.2725,1665.4
2022-09-16,6181.0098,92.495,1671.7
2022-09-19,6223.6201,92.711,1666.2
2022-09-20,6142.52,91.7866,1659.7
2022-09-21,6052.1201,93.3243,1664.6
2022-09-22,5917.3999,90.94,1670.8
2022-09-23,5838.3599,91.3115,1645.3
2022-09-26,5776.5498,89.5665,1623.3
2022-09-27,5825.0,87.2081,1626.7
2022-09-28,5946.4302,90.128,1660.4
2022-09-29,5813.0698,89.6615,1658.5
2022-09-30,5723.8301,88.5039,1662.4
2022-10-03,5909.8599,89.9102,1692.9
2022-10-04,6130.4199,89.6591,1721.1
2022-10-05,6162.96,88.8018,1711.4
2022-10-06,6120.1802,88.3082,1711.7
2022-10-07,5811.3398,87.451,1700.5
2022-10-10,5636.48,86.0914,1667.3
2022-10-11,5484.9902,86.4724,1678.7
2022-10-12,5456.5,86.8968,1670.3
2022-10-13,5558.2402,86.0654,1670.0
2022-10-14,5350.9302,85.3554,1641.7
2022-10-17,5545.6001,84.9397,1657.0
2022-10-18,5610.1401,85.1389,1649.0
2022-10-19,5571.3799,83.5889,1627.5
2022-10-20,5598.3799,82.1601,1630.8
2022-10-21,5734.3599,80.6793,1651.0
2022-10-24,5762.6201,80.0126,1648.7
2022-10-25,5924.9199,82.3419,1652.8
2022-10-26,5810.77,83.5282,1664.0
2022-10-27,5734.7998,84.4029,1660.7
2022-10-28,5903.8599,83.8227,1639.6
2022-10-31,5821.6201,83.2252,1635.9
2022-11-01,5796.6001,84.003,1645.0
2022-11-02,5548.8198,83.6384,1645.7
2022-11-03,5392.9302,83.187,1627.3
2022-11-04,5425.0,81.7894,1672.5
2022-11-07,5534.6499,80.9734,1676.5
2022-11-08,5629.29,81.8588,1712.1
2022-11-09,5470.8501,82.1279,1710.1
2022-11-10,6045.3101,85.2877,1750.3
2022-11-11,6262.3101,84.9752,1766.0
2022-11-14,6165.0098,84.7669,1773.6
2022-11-15,6344.1401,86.1384,1773.8
2022-11-16,6121.2002,88.0221,1773.0
2022-11-17,6078.71,87.0933,1760.8
2022-11-18,6059.4399,86.4943,1751.9
2022-11-21,5965.1499,86.8589,1737.4
2022-11-22,6072.8501,88.0915,1738.3
2022-11-23,6150.5898,89.628,1744.9
2022-11-25,6092.73,89.3242,1753.3
2022-11-28,5978.9399,89.576,1740.1
2022-11-29,5940.8901,88.5256,1748.4
2022-11-30,6252.48,89.1766,1746.0
2022-12-01,6327.9199,92.0255,1801.1
2022-12-02,6233.7598,93.1828,1795.9
2022-12-05,6094.4902,91.8775,1767.4
2022-12-06,5964.6899,93.0609,1769.3
2022-12-07,5942.3799,95.2537,1785.5
2022-12-08,6084.1899,94.9926,1788.7
2022-12-09,6057.02,92.5215,1798.1
2022-12-12,6189.5801,92.8173,1780.5
2022-12-13,6309.9102,93.7136,1813.9
2022-12-14,6249.5298,94.1138,1807.5
2022-12-15,6006.0298,94.481,1777.2
2022-12-16,5970.9702,93.4256,1790.0
2022-12-19,5865.1299,91.8556,1787.7
2022-12-20,5862.8198,90.2245,1815.9
2022-12-21,5949.4702,90.4512,1815.9
2022-12-22,5737.9199,90.4338,1787.0
2022-12-23,5735.3198,89.108,1795.9
2022-12-27,5662.5698,87.3461,1814.8
2022-12-28,5582.5698,86.8315,1807.9
2022-12-29,5765.5601,87.8171,1819.5
2022-12-30,5751.7598,86.8402,1819.7
2023-01-03,5713.3301,88.4975,1839.7
2023-01-04,5801.0,89.7099,1852.8
2023-01-05,5647.4902,90.0849,1834.8
2023-01-06,5828.48,91.7422,1864.2
2023-01-09,5930.7998,92.2306,1872.7
2023-01-10,5970.0,90.7042,1871.6
2023-01-11,6066.5,92.1783,1874.6
2023-01-12,6111.5098,93.9926,1895.5
2023-01-13,6150.8999,93.1116,1918.4
2023-01-17,6176.48,92.5098,1907.2
2023-01-18,6091.2998,94.7514,1904.4
2023-01-19,6000.5098,94.1583,1922.1
2023-01-20,6206.2202,92.6319,1926.4
2023-01-23,6418.5698,92.1957,1927.1
2023-01-24,6372.96,93.5216,1933.9
2023-01-25,6356.21,93.7483,1941.2
2023-01-26,6525.3599,93.3122,1929.1
2023-01-27,6530.6001,93.0767,1928.6
2023-01-30,6363.2598,92.7365,1922.9
2023-01-31,6484.2798,93.4779,1929.5
2023-02-01,6759.0698,94.6016,1927.8
2023-02-02,6999.1099,94.7241,1916.3
2023-02-03,6823.5298,93.3074,1862.9
2023-02-06,6710.1602,92.6166,1866.2
2023-02-07,6912.8101,91.8733,1871.7
2023-02-08,6792.73,92.3105,1877.4
2023-02-09,6763.8301,91.436,1866.2
2023-02-10,6674.5801,90.4129,1862.8
2023-02-13,6784.2798,91.1737,1851.9
2023-02-14,6909.0698,90.9638,1854.0
2023-02-15,6981.96,90.1156,1834.2
2023-02-16,6783.9199,88.8388,1842.0
2023-02-17,6682.6899,89.5296,1840.4
2023-02-21,6494.79,87.7895,1833.0
2023-02-22,6533.8398,88.594,1832.0
2023-02-23,6669.8599,89.4597,1818.0
2023-02-24,6529.77,88.2966,1808.8
2023-02-27,6572.3301,88.5415,1817.0
2023-02-28,6594.1602,88.9438,1828.9
2023-03-01,6552.7002,87.9882,1837.7
2023-03-02,6646.8398,87.208,1833.5
2023-03-03,6736.6899,89.3207,1847.7
2023-03-06,6707.6602,88.6281,1847.9
2023-03-07,6623.6401,89.1717,1813.9
2023-03-08,6713.3999,89.2594,1812.7
2023-03-09,6562.77,89.4785,1829.3
2023-03-10,6432.29,92.5642,1862.0
2023-03-13,6466.73,92.7747,1911.7
2023-03-14,6632.8398,91.2493,1906.2
2023-03-15,6609.4199,93.0114,1926.6
2023-03-16,6831.4199,92.2837,1919.0
2023-03-17,6785.48,93.6688,1969.8
2023-03-20,6783.6201,92.8448,1979.2
2023-03-21,6861.5698,92.0471,1938.0
2023-03-22,6738.6099,93.2743,1946.8
2023-03-23,6900.7202,93.2743,1993.8
2023-03-24,6831.23,93.6688,1982.1
2023-03-27,6779.4302,91.4685,1952.4
2023-03-28,6737.3799,91.635,1972.4
2023-03-29,6907.48,91.4509,1966.1
2023-03-30,7006.71,91.8717,1980.3
2023-03-31,7129.2002,93.248,1969.0
2023-04-03,7064.5601,93.6866,1983.9
2023-04-04,6992.29,94.1524,2022.2
2023-04-05,6843.21,95.1367,2020.9
2023-04-06,6851.3799,95.3828,2011.9
2023-04-10,6913.7402,93.8448,1989.1
2023-04-11,6886.25,94.0381,2004.8
2023-04-12,6806.4702,93.9415,2010.9
2023-04-13,6912.8501,93.2032,2041.3
2023-04-14,6887.8701,92.3507,2002.2
2023-04-17,6886.9102,91.2522,1994.2
2023-04-18,6889.75,91.5773,2007.4
2023-04-19,6836.0298,91.4894,1995.2
2023-04-20,6800.4902,92.2716,2007.6
2023-04-21,6773.2998,91.7531,1979.5
2023-04-24,6734.73,92.6407,1989.1
2023-04-25,6494.21,94.003,1994.0
2023-04-26,6554.4199,93.0011,1985.7
2023-04-27,6666.4902,92.0783,1989.9
2023-04-28,6714.2202,93.5635,1990.1
2023-05-01,6722.0898,90.8657,1983.4
2023-05-02,6641.6099,93.1301,2014.3
2023-05-03,6591.6699,93.6499,2028.6
2023-05-04,6607.96,92.7248,2048.0
2023-05-05,6712.3999,92.4164,2017.4
2023-05-08,6762.1699,91.1212,2026.3
2023-05-09,6702.6899,90.7952,2036.2
2023-05-10,6805.9102,91.6763,2030.5
2023-05-11,6784.0601,92.6454,2014.7
2023-05-12,6777.3599,91.8701,2014.5
2023-05-15,6928.5498,90.9186,2018.0
2023-05-16,6901.3398,90.6454,1988.4
2023-05-17,7035.5,90.3811,1980.7
2023-05-18,7225.46,89.7115,1956.5
2023-05-19,7206.2402,89.0771,1978.7
2023-05-22,7267.8198,88.7599,1974.8
2023-05-23,7152.0098,89.0154,1972.4
2023-05-24,7082.2798,88.5749,1962.8
2023-05-25,7334.6602,88.3546,1943.1
2023-05-26,7700.7598,89.0683,1944.1
2023-05-30,7716.5698,89.9582,1958.0
2023-05-31,7643.0498,90.7423,1963.9
2023-06-01,7727.96,91.0984,1978.0
2023-06-02,7758.52,90.1001,1952.4
2023-06-05,7736.6401,89.9322,1958.0
2023-06-06,7791.79,90.4623,1965.5
2023-06-07,7633.25,89.1195,1942.7
2023-06-08,7722.7998,90.1619,1963.6
2023-06-09,7742.9502,90.0383,1962.2
2023-06-12,7955.1699,90.3033,1955.3
2023-06-13,8048.7598,89.411,1944.6
2023-06-14,8101.0,90.1266,1955.3
2023-06-15,8164.6401,90.9924,1957.8
2023-06-16,8081.7402,90.639,1958.4
2023-06-20,8007.0898,91.2662,1935.5
2023-06-21,7818.0801,91.4871,1933.3
2023-06-22,7876.4399,90.3828,1912.7
2023-06-23,7763.6099,91.2839,1919.1
2023-06-26,7746.3301,91.3811,1923.7
2023-06-27,7970.2202,91.1425,1914.0
2023-06-28,7954.4399,91.5312,1912.3
2023-06-29,7937.73,89.8792,1909.2
2023-06-30,8048.8999,90.9394,1921.1
2023-07-03,8073.7402,90.4238,1921.7
2023-07-05,7995.8501,89.5646,1919.6
2023-07-06,7882.23,88.2978,1908.7
2023-07-07,7884.1201,87.7664,1926.2
2023-07-10,8054.8501,87.8815,1925.0
2023-07-11,8075.3198,88.3333,1931.3
2023-07-12,8142.29,89.3165,1956.2
2023-07-13,8326.9502,90.2555,1959.2
2023-07-14,8286.71,89.724,1960.1
2023-07-17,8442.1504,89.7683,1952.4
2023-07-18,8474.9502,90.1758,1977.2
2023-07-19,8441.7803,91.1945,1977.5
2023-07-20,8155.1699,90.0872,1968.3
2023-07-21,8212.5703,90.1137,1964.3
2023-07-24,8200.7197,89.786,1960.3
2023-07-25,8323.0801,89.6177,1962.1
2023-07-26,8271.0498,89.7063,1968.9
2023-07-27,8351.0195,87.9612,1945.4
2023-07-28,8522.9697,88.413,1960.4
2023-07-31,8587.4102,88.6256,1970.5
2023-08-01,8597.3604,87.1733,1940.7
2023-08-02,8256.7402,86.2406,1937.4
2023-08-03,8263.0596,84.2509,1932.0
2023-08-04,8171.3101,85.7432,1939.6
2023-08-07,8226.7598,84.8994,1933.5
2023-08-08,8075.6499,85.8853,1924.1
2023-08-09,7974.8599,86.3295,1915.4
2023-08-10,8004.9302,84.9082,1914.4
2023-08-11,7886.5698,84.7128,1912.9
2023-08-14,8034.4902,84.5263,1910.6
2023-08-15,7905.4302,84.0111,1902.5
2023-08-16,7795.5498,83.3538,1896.1
2023-08-17,7705.6299,82.9985,1884.1
2023-08-18,7732.52,83.2916,1886.1
2023-08-21,7915.8198,82.1813,1893.3
2023-08-22,7874.0498,82.812,1896.4
2023-08-23,8020.1401,84.8639,1918.5
2023-08-24,7796.5698,84.3042,1918.2
2023-08-25,7896.52,84.5796,1911.1
2023-08-28,7951.0,84.6684,1917.9
2023-08-29,8163.8901,85.5478,1936.5
2023-08-30,8231.3096,85.459,1944.3
2023-08-31,8323.5,85.8409,1938.2
2023-09-01,8373.5303,84.5036,1939.8
2023-09-05,8402.3096,83.3187,1926.2
2023-09-06,8376.8604,83.5236,1918.1
2023-09-07,8280.9004,83.7553,1917.5
2023-09-08,8264.2695,84.076,1918.4
2023-09-11,8339.6299,83.4702,1923.3
2023-09-12,8221.5996,83.9513,1911.3
2023-09-13,8243.21,83.9335,1909.1
2023-09-14,8304.0,83.3277,1910.0
2023-09-15,8087.2798,82.8198,1923.7
2023-09-18,8126.2002,83.292,1931.5
2023-09-19,8077.7998,82.6773,1932.0
2023-09-20,7955.8398,82.9356,1945.6
2023-09-21,7794.9399,80.8063,1919.2
2023-09-22,7855.8301,81.4567,1925.4
2023-09-25,7877.5098,79.4521,1916.6
2023-09-26,7753.6699,79.176,1900.4
2023-09-27,7812.8901,78.7661,1871.6
2023-09-28,7901.6602,79.0067,1860.4
2023-09-29,7939.2402,79.0156,1848.1
2023-10-02,7997.3301,77.6929,1830.0
2023-10-03,7800.0801,76.0216,1824.6
2023-10-04,7907.02,77.0941,1818.5
2023-10-05,7873.29,76.7097,1816.6
2023-10-06,8093.7002,75.7803,1830.2
2023-10-09,8126.1802,77.5588,1849.5
2023-10-10,8216.1299,77.4515,1861.0
2023-10-11,8259.8096,79.0692,1872.8
2023-10-12,8223.8203,76.9243,1869.3
2023-10-13,8074.4102,78.3006,1927.4
2023-10-16,8179.3398,77.0404,1921.1
2023-10-17,8167.0698,76.1914,1922.7
2023-10-18,8048.3501,75.5211,1955.3
2023-10-19,7946.5298,73.9749,1968.4
2023-10-20,7801.0,74.3949,1982.5
2023-10-23,7784.73,75.2887,1976.3
2023-10-24,7884.52,76.2807,1975.0
2023-10-25,7599.6299,74.5826,1984.1
2023-10-26,7528.8198,75.7266,1987.2
2023-10-27,7579.2202,75.4049,1988.6
2023-10-30,7548.6499,75.0653,1996.2
2023-10-31,7610.0801,74.6988,1985.2
2023-11-01,7715.48,76.3185,1978.8
2023-11-02,7838.1899,78.0583,1985.6
2023-11-03,7976.96,78.5874,1991.5
2023-11-06,7946.6602,77.8251,1981.6
2023-11-07,8103.4502,78.973,1966.8
2023-11-08,8121.1602,80.3182,1951.5
2023-11-09,8065.1401,78.4708,1964.2
2023-11-10,8323.8301,78.9102,1932.6
2023-11-13,8289.8799,78.7309,1945.5
2023-11-14,8562.4697,80.5155,1961.8
2023-11-15,8575.2998,79.3856,1960.1
2023-11-16,8579.0996,80.372,1983.9
2023-11-17,8619.8301,80.7487,1981.6
2023-11-20,8758.75,81.242,1977.7
2023-11-21,8671.4502,81.2061,1999.3
2023-11-22,8672.3799,81.493,1991.4
2023-11-24,8692.0996,80.5335,2002.2
2023-11-27,8677.0303,81.8787,2011.8
2023-11-28,8739.96,82.0401,2039.7
2023-11-29,8874.2695,83.0714,2047.1
2023-11-30,8850.4697,82.1118,2038.1
2023-12-01,8878.9404,83.6583,2071.0
2023-12-04,8767.8203,83.3255,2024.1
2023-12-05,8749.0898,85.1158,2018.5
2023-12-06,8686.9404,86.2493,2030.5
2023-12-07,8847.0,85.7545,2029.9
2023-12-08,8887.0703,85.0528,1998.3
2023-12-11,9095.4805,84.8729,1978.0
2023-12-12,9184.7305,85.1248,1977.8
2023-12-13,9311.25,87.122,1982.3
2023-12-14,9404.6797,89.3883,2030.2
2023-12-15,9483.8604,89.4876,2021.1
2023-12-18,9475.25,88.7746,2026.3
2023-12-19,9514.8604,89.2529,2038.4
2023-12-20,9344.4199,89.8576,2034.5
2023-12-21,9523.1904,89.289,2039.1
2023-12-22,9566.5596,88.8829,2057.1001
2023-12-26,9661.8203,89.1356,2058.2
2023-12-27,9660.1602,90.715,2081.8999
2023-12-28,9650.4004,90.0562,2073.8999
2023-12-29,9587.9199,89.2439,2062.3999
2024-01-02,9286.9805,88.7294,2064.3999
2024-01-03,9152.4902,89.0995,2034.2
2024-01-04,9098.9102,87.7457,2042.3
2024-01-05,9122.2695,86.9063,2042.4
2024-01-08,9382.04,87.7637,2026.6
2024-01-09,9431.2695,87.2041,2026.4
2024-01-10,9488.7197,86.798,2021.7
2024-01-11,9539.0596,87.2854,2014.3
2024-01-12,9534.1699,87.1139,2046.7
2024-01-16,9562.1396,85.5796,2026.0
2024-01-17,9485.0098,85.4441,2002.6
2024-01-18,9658.9697,84.6499,2018.6
2024-01-19,9921.7695,84.9207,2026.5
2024-01-22,9994.5996,85.4261,2019.8
2024-01-23,10035.0303,84.7492,2023.7
2024-01-24,10103.1201,84.2528,2013.9
2024-01-25,10092.3496,84.8033,2016.9
2024-01-26,9947.71,84.6409,2016.8
2024-01-29,10077.29,85.6156,2025.2
2024-01-30,9974.8203,86.3918,2031.5
2024-01-31,9797.6797,87.2402,2048.3999
2024-02-01,9888.8604,88.9515,2053.0
2024-02-02,10021.7197,86.9867,2036.1
2024-02-05,10017.6602,85.2301,2025.7
2024-02-06,9966.25,86.0631,2034.5
2024-02-07,10145.0195,85.6466,2035.2
2024-02-08,10256.2998,85.1486,2032.2
2024-02-09,10435.1201,84.9766,2023.3
2024-02-12,10371.71,85.0762,2018.2
2024-02-13,10154.5,83.6184,1992.9
2024-02-14,10347.8701,84.044,1990.3
2024-02-15,10342.7197,84.4786,2002.1
2024-02-16,10225.0303,83.9897,2011.5
2024-02-20,10122.2998,84.0621,2027.5
2024-02-21,9939.3896,83.4645,2022.3
2024-02-22,10306.1797,83.8719,2019.7
2024-02-23,10265.71,84.9947,2038.6
2024-02-26,10329.9199,84.7412,2028.5
2024-02-27,10347.5098,84.1436,2034.0
2024-02-28,10257.5801,84.6778,2033.0
2024-02-29,10411.7803,85.2754,2045.7
2024-03-01,10606.2305,85.8068,2086.8999
2024-03-04,10606.4199,85.4616,2117.7
2024-03-05,10332.7598,86.6787,2133.5
2024-03-06,10475.54,87.1874,2150.3
2024-03-07,10686.6504,87.1056,2158.0
2024-03-08,10415.3301,86.9512,2178.6001
2024-03-11,10359.6396,86.9058,2182.5
2024-03-12,10530.3496,86.1792,2160.3999
2024-03-13,10391.8604,85.7614,2175.3999
2024-03-14,10298.4199,84.4443,2163.0
2024-03-15,10146.9902,84.4171,2157.3
2024-03-18,10221.21,84.1628,2160.7
2024-03-19,10224.5703,84.3989,2156.3
2024-03-20,10372.6201,84.3716,2157.8999
2024-03-21,10472.4404,84.5533,2182.3999
2024-03-22,10444.1699,85.3617,2158.1001
2024-03-25,10388.2197,84.9348,2174.8
2024-03-26,10373.6504,85.1709,2175.6001
2024-03-27,10427.4004,86.0156,2190.6001
2024-03-28,10420.3301,85.943,2217.3999
2024-04-01,10463.7002,84.3409,2236.5
2024-04-02,10348.4902,83.8762,2261.0
2024-04-03,10372.2598,83.8579,2294.3999
2024-04-04,10172.5098,84.4594,2288.8
2024-04-05,10306.5703,83.2838,2325.7
2024-04-08,10309.0195,83.2747,2331.7
2024-04-09,10400.3203,84.0493,2343.5
2024-04-10,10243.2305,82.2176,2329.6001
2024-04-11,10419.7197,81.844,2354.8
2024-04-12,10162.0596,82.2814,2356.2
2024-04-15,9976.7197,81.0056,2365.8
2024-04-16,10010.9297,80.4679,2390.8
2024-04-17,9816.7803,81.361,2371.7
2024-04-18,9716.7002,80.9509,2382.3
2024-04-19,9500.5498,81.2425,2398.3999
2024-04-22,9631.7305,81.1058,2332.2
2024-04-23,9828.8203,81.1331,2327.7
2024-04-24,9895.3301,80.559,2324.5
2024-04-25,9893.9297,79.994,2329.8
2024-04-26,10055.6299,80.4132,2334.8
2024-04-29,10039.6396,81.0876,2345.3999
2024-04-30,9845.6797,80.395,2291.3999
2024-05-01,9692.1201,80.9876,2299.8999
2024-05-02,9840.5,81.3351,2299.2
2024-05-03,9982.2002,82.1581,2299.0
2024-05-06,10112.9697,82.4782,2321.6001
2024-05-07,10076.0195,82.9812,2315.2
2024-05-08,10061.8096,82.4782,2313.6001
2024-05-09,10038.4297,82.8806,2332.1001
2024-05-10,10090.3398,82.4142,2367.3
2024-05-13,10140.5898,82.6245,2336.1001
2024-05-14,10213.4805,83.0909,2353.3999
2024-05-15,10454.29,84.2249,2388.7
2024-05-16,10436.75,84.1426,2380.0
2024-05-17,10419.2998,83.5756,2412.2
2024-05-20,10554.5098,83.3287,2433.8999
2024-05-21,10507.0996,83.7585,2421.7
2024-05-22,10568.7998,83.8591,2389.2
2024-05-23,10495.8203,83.3195,2335.0
2024-05-24,10549.2197,83.5665,2332.5
2024-05-28,10526.8496,82.3685,2355.2
2024-05-29,10396.4004,81.3717,2340.3
2024-05-30,10205.2402,82.1581,2342.8999
2024-05-31,10121.7197,82.716,2322.8999
2024-06-03,10119.9902,84.0539,2346.6001
2024-06-04,10076.1797,85.0357,2325.5
2024-06-05,10372.0801,85.6597,2354.1001
2024-06-06,10342.54,85.5312,2370.3
2024-06-07,10336.9297,83.9621,2305.2
2024-06-10,10455.0,83.4024,2307.7
2024-06-11,10511.9297,84.2649,2307.5
2024-06-12,10724.4297,84.8981,2336.0
2024-06-13,10686.7002,86.146,2300.2
2024-06-14,10713.4297,86.871,2331.3999
2024-06-17,10850.75,86.0084,2312.3999
2024-06-18,10883.3496,86.7975,2330.3999
2024-06-20,10733.5498,86.2195,2353.8
2024-06-21,10742.46,86.2195,2316.3999
2024-06-24,10582.2803,86.5681,2330.0
2024-06-25,10689.96,86.715,2316.6001
2024-06-26,10696.8398,85.4762,2299.2
2024-06-27,10749.3604,85.8157,2324.5
2024-06-28,10790.6504,84.219,2327.7
2024-07-01,10832.3701,82.7655,2327.6001
2024-07-02,10943.9902,83.4099,2323.0
2024-07-03,11024.3496,84.5053,2359.8
2024-07-05,11152.7598,85.2049,2388.5
2024-07-08,11178.9697,85.389,2355.2
2024-07-09,11104.3203,85.0116,2360.1001
2024-07-10,11224.9697,85.2786,2372.2
2024-07-11,11000.9404,86.1071,2415.0
2024-07-12,11145.7197,86.4753,2414.0
2024-07-15,11168.4805,85.4811,2422.8999
2024-07-16,11222.9805,86.687,2462.3999
2024-07-17,10757.7002,86.7054,2454.8
2024-07-18,10661.5898,86.0426,2451.8
2024-07-19,10503.4502,85.5363,2395.5
2024-07-22,10709.8604,85.2878,2392.0
2024-07-23,10620.6504,85.1681,2404.6001
2024-07-24,10172.2998,84.2476,2413.3
2024-07-25,10094.1396,84.938,2351.8999
2024-07-26,10219.79,85.6008,2380.0
2024-07-29,10212.0,86.061,2377.3
2024-07-30,9999.5,86.3924,2405.0
2024-07-31,10347.9902,87.2761,2426.5
2024-08-01,9923.3799,88.0289,2435.0
2024-08-02,9481.5098,90.772,2425.7
2024-08-05,9288.3096,91.2523,2401.7
2024-08-06,9395.9697,89.2111,2389.1001
2024-08-07,9335.21,88.583,2390.5
2024-08-08,9740.5703,88.0381,2422.2
2024-08-09,9760.3496,88.9063,2432.1001
2024-08-12,9753.1396,89.2296,2462.3999
2024-08-13,10029.71,89.8484,2466.7
2024-08-14,10042.3496,90.4118,2439.3999
2024-08-15,10370.0596,89.6822,2453.1001
2024-08-16,10378.0898,89.9962,2498.6001
2024-08-19,10515.5098,90.4118,2501.8
2024-08-20,10453.2695,91.1322,2511.3
2024-08-21,10569.4697,91.1876,2508.3999
2024-08-22,10325.7695,90.2825,2478.8999
2024-08-23,10470.0,90.8736,2508.3999
2024-08-26,10269.2695,90.6427,2517.7
2024-08-27,10313.1602,90.4857,2516.0
2024-08-28,10152.3496,90.3748,2501.0
2024-08-29,10249.3398,90.0793,2525.7
2024-08-30,10465.2002,89.1187,2493.8
2024-09-03,10001.3799,90.5763,2489.8999
2024-09-04,9917.1299,91.7438,2493.3999
2024-09-05,9874.5898,92.2627,2511.3999
2024-09-06,9618.7803,92.2535,2493.5
2024-09-09,9744.1299,92.6519,2501.8
2024-09-10,9800.3301,93.3005,2512.3
2024-09-11,10058.96,93.2264,2512.1001
2024-09-12,10046.0098,92.7909,2551.2
2024-09-13,10120.4004,93.0411,2581.3
2024-09-16,10092.9805,93.8936,2580.3999
2024-09-17,10075.3799,93.4395,2564.3
2024-09-18,10002.2998,92.2813,2570.7
2024-09-19,10299.6201,91.9755,2588.0
2024-09-20,10230.75,91.6234,2619.8999
2024-09-23,10264.6201,91.4288,2626.5
2024-09-24,10331.3604,91.4103,2651.2
2024-09-25,10332.9805,90.6504,2659.2
2024-09-26,10540.0303,90.8635,2669.8999
2024-09-27,10489.7002,91.3361,2644.3
2024-09-30,10443.2598,90.9006,2636.1001
2024-10-01,10232.3799,91.5569,2667.3
2024-10-02,10340.1504,90.7853,2647.1001
2024-10-03,10335.5,89.9301,2657.1001
2024-10-04,10486.4805,88.8239,2645.8
2024-10-07,10412.79,88.1546,2644.8
2024-10-08,10514.3701,88.3033,2615.0
2024-10-09,10664.5996,87.8013,2606.0
2024-10-10,10712.3398,87.4573,2620.6001
2024-10-11,10804.2598,87.1041,2657.6001
2024-10-14,10924.46,87.1692,2647.8
2024-10-15,10577.0898,88.2289,2661.3999
2024-10-16,10529.2402,88.6008,2674.0
2024-10-17,10525.2998,87.1971,2691.0
2024-10-18,10554.1797,87.2621,2713.7
2024-10-21,10530.5596,85.7376,2723.1001
2024-10-22,10502.3301,85.8212,2744.2
2024-10-23,10329.29,85.5888,2714.3999
2024-10-24,10400.9697,86.1373,2734.8999
2024-10-25,10488.8799,85.6539,2740.8999
2024-10-28,10523.8604,85.4215,2742.8999
2024-10-29,10745.3301,85.5516,2768.3999
2024-10-30,10468.0498,85.8027,2788.5
2024-10-31,10154.1904,85.9421,2738.3
2024-11-01,10281.3701,84.7305,2738.6001
2024-11-04,10254.2803,86.0456,2736.1001
2024-11-05,10391.54,86.5027,2740.3
2024-11-06,10708.4404,84.1335,2667.6001
2024-11-07,10955.7305,85.1875,2698.3999
2024-11-08,10872.2002,86.2695,2687.5
2024-11-11,10828.71,85.8497,2611.2
2024-11-12,10787.1396,84.5626,2600.0
2024-11-13,10750.7803,83.7604,2580.8
2024-11-14,10677.25,84.2454,2568.2
2024-11-15,10334.4805,84.0216,2565.7
2024-11-18,10442.9805,84.1708,2610.6001
2024-11-19,10536.3398,84.5999,2627.1001
2024-11-20,10503.8301,84.3294,2648.2
2024-11-21,10690.2598,84.2641,2672.1001
2024-11-22,10772.6797,84.3107,2709.8999
2024-11-25,10903.9805,86.4934,2616.8
2024-11-26,10834.04,86.1576,2620.3
2024-11-27,10653.75,86.7545,2639.8999
2024-11-29,10722.71,87.65,2657.0
2024-12-02,10941.9805,87.8605,2634.8999
2024-12-03,10894.0303,87.1024,2644.7
2024-12-04,11142.0098,88.0384,2653.8
2024-12-05,10918.5098,88.2162,2626.6001
2024-12-06,11034.96,88.3473,2638.6001
2024-12-09,10993.21,87.533,2664.8999
2024-12-10,10765.0703,87.1211,2697.6001
2024-12-11,10956.0703,86.2975,2733.8
2024-12-12,10891.0996,85.2492,2687.5
2024-12-13,10895.7305,84.3787,2656.0
2024-12-16,11019.4697,84.6314,2651.3999
2024-12-17,10917.7695,84.8373,2644.3999
2024-12-18,10473.2305,83.7765,2636.5
2024-12-19,10368.5801,82.508,2592.2
2024-12-20,10492.2002,82.9778,2628.7
2024-12-23,10572.2803,82.2167,2612.3
2024-12-24,10692.21,82.5644,2620.0
2024-12-26,10661.4805,82.5174,2638.8
2024-12-27,10535.2002,81.8409,2617.2
2024-12-30,10352.0303,82.4986,2606.1001
2024-12-31,10271.6602,82.057,2629.2
2025-01-02,10309.0996,82.2825,2658.8999
2025-01-03,10548.0498,82.0194,2645.0
2025-01-06,10739.54,81.653,2638.3999
2025-01-07,10547.4502,80.7321,2656.7
2025-01-08,10510.6904,80.8355,2664.5
2025-01-09,10510.6904,80.8355,2683.8
2025-01-10,10308.9502,80.2999,2708.5
2025-01-13,10243.04,80.2717,2673.5
2025-01-14,10329.9697,80.1402,2677.5
2025-01-15,10545.1504,81.5214,2712.5
2025-01-16,10541.9697,81.7845,2746.3999
2025-01-17,10757.2998,81.9254,2744.3
2025-01-21,10871.2402,82.6583,2755.0
2025-01-22,11048.6904,82.2261,2767.6001
2025-01-23,11037.0098,81.5872,2763.1001
2025-01-24,10926.7197,81.9536,2777.3
2025-01-27,10574.9697,82.9215,2737.5
2025-01-28,10748.6299,82.8651,2766.8
2025-01-29,10703.1504,82.6959,2769.1001
2025-01-30,10842.7695,83.006,2823.0
2025-01-31,10862.9502,82.461,2812.5
2025-02-03,10766.3203,83.1324,2833.8999
2025-02-04,10940.5596,83.387,2853.3
2025-02-05,11049.8604,84.7638,2871.6001
2025-02-06,11077.5596,84.7261,2856.0
2025-02-07,10943.96,84.1791,2867.3
2025-02-10,11086.3604,83.9245,2914.3
2025-02-11,11063.0,83.387,2912.5
2025-02-12,11112.4697,82.2555,2909.0
2025-02-13,11317.8398,83.6228,2925.8999
2025-02-14,11357.96,84.066,2883.6001
2025-02-18,11527.29,83.0759,2931.6001
2025-02-19,11488.5996,83.1796,2919.3999
2025-02-20,11372.0703,83.4908,2940.0
2025-02-21,11000.2402,84.4997,2937.6001
2025-02-24,10780.5098,84.7449,2947.8999
2025-02-25,10551.3301,86.2065,2904.5
2025-02-26,10669.9199,86.7157,2916.8
2025-02-27,10286.0703,86.1028,2883.2
2025-02-28,10417.1904,87.1589,2836.8
2025-03-03,10168.9805,87.5657,2890.2
2025-03-04,10184.9297,86.4873,2909.6001
2025-03-05,10363.7695,85.7968,2915.3
2025-03-06,9934.7402,85.513,2916.6001
2025-03-07,10044.29,85.2387,2904.7
2025-03-10,9548.5498,86.1278,2891.0
2025-03-11,9583.9697,85.513,2912.8999
2025-03-12,9710.4297,85.0022,2939.1001
2025-03-13,9541.2695,85.7495,2984.3
2025-03-14,9871.4297,85.2954,2994.5
2025-03-17,10046.5098,85.7211,3000.0
2025-03-18,9909.2002,85.8062,3035.1001
2025-03-19,10017.7305,86.2508,3035.8999
2025-03-20,9977.2402,86.3076,3040.0
2025-03-21,9950.7402,85.7968,3018.2
2025-03-24,10236.7695,84.917,3013.1001
2025-03-25,10266.1699,84.9076,3023.7
2025-03-26,10023.5303,84.3495,3020.8999
2025-03-27,9836.0303,84.1035,3060.2
2025-03-28,9526.8701,85.267,3086.5
2025-03-31,9472.5898,86.1089,3122.8
2025-04-01,9551.46,86.8551,3118.8999
2025-04-02,9654.46,86.7981,3139.8999
2025-04-03,8924.8604,87.1969,3097.0
2025-04-04,8298.29,88.1462,3012.0
2025-04-07,8368.8701,85.4881,2951.3
2025-04-08,8152.1499,83.8742,2968.3999
2025-04-09,9380.7002,84.3678,3056.5
2025-04-10,8830.2803,82.0419,3155.2
2025-04-11,8958.7803,82.4881,3222.2
2025-04-14,9018.2998,83.0767,3204.8
2025-04-15,9083.4102,83.371,3218.7
2025-04-16,8823.8203,83.8362,3326.6001
2025-04-17,8813.0596,83.0957,3308.7
2025-04-21,8601.8203,81.6432,3406.2
2025-04-22,8823.8701,82.0989,3400.8
2025-04-23,9106.5703,82.8964,3276.3
2025-04-24,9539.75,83.7698,3332.0
2025-04-25,9658.6797,84.3868,3282.3999
2025-04-28,9665.8896,84.9184,3332.5
2025-04-29,9697.9297,85.6305,3318.8
2025-04-30,9723.1904,84.9374,3305.0
2025-05-01,9763.4805,84.5068,3210.0
2025-05-02,10022.3301,83.592,3231.8999
2025-05-05,9976.9199,83.1251,3311.3
2025-05-06,9866.75,83.4015,3411.3999
2025-05-07,9927.8701,83.754,3381.3999
2025-05-08,10076.5596,82.8202,3296.6001
2025-05-09,10100.8604,82.9441,3335.3999
2025-05-12,10617.5498,82.1723,3220.0
2025-05-13,10860.3398,81.8388,3240.3
2025-05-14,10875.1504,81.2957,3181.3999
2025-05-15,10818.3799,82.0103,3220.7
2025-05-16,10858.6602,82.2295,3182.0
2025-05-19,10828.2998,81.9913,3228.8999
2025-05-20,10802.1396,81.4005,3280.3
2025-05-21,10606.3896,80.0094,3309.3
2025-05-22,10587.46,80.4286,3292.3
2025-05-23,10466.4805,80.562,3363.6001
2025-05-27,10716.71,81.6864,3299.1001
2025-05-28,10610.3604,81.3338,3293.6001
2025-05-29,10570.7402,82.0865,3317.1001
2025-05-30,10572.2197,82.2104,3288.8999
2025-06-02,10679.3301,81.4453,3370.6001
2025-06-03,10855.4404,81.3019,3350.2
2025-06-04,10921.2598,82.6217,3373.5
2025-06-05,10900.4805,82.6791,3350.7
2025-06-06,11032.6504,81.627,3322.7
2025-06-09,11127.6504,81.7131,3332.1001
2025-06-10,11246.7402,82.1339,3320.8999
2025-06-11,11214.8799,82.3826,3321.3
2025-06-12,11211.0,83.3676,3380.8999
2025-06-13,10996.3496,82.5643,3431.2
2025-06-16,11236.75,81.7322,3396.3999
2025-06-17,11161.2197,82.7269,3386.6001
2025-06-18,11144.9502,82.8703,3389.8
2025-06-20,11057.7305,82.7173,3368.1001
2025-06-23,11184.9297,82.9851,3377.7
2025-06-24,11461.0801,83.5876,3317.3999
2025-06-25,11486.0498,83.6928,3327.1001
2025-06-26,11569.0703,84.1136,3333.5
2025-06-27,11550.2598,83.578,3273.7
2025-06-30,11641.9102,84.4006,3294.3999
2025-07-01,11555.4697,84.6098,3336.7
2025-07-02,11647.79,84.0722,3348.0
2025-07-03,11829.0498,83.4867,3331.6001
2025-07-04,11829.0498,83.4867,3332.5
2025-07-07,11707.2002,82.6899,3332.2
2025-07-08,11823.0898,82.5843,3307.0
2025-07-09,11852.6602,83.4483,3311.6001
2025-07-10,11750.9805,83.5059,3317.3999
2025-07-11,11667.5801,82.3539,3356.0
2025-07-14,11709.4902,82.1811,3351.5
2025-07-15,11736.3301,81.6052,3329.8
2025-07-16,11721.9805,81.7204,3352.5
2025-07-17,11840.8799,81.7012,3340.1001
2025-07-18,11852.8604,81.826,3353.0
2025-07-21,11909.3896,82.5555,3401.8999
2025-07-22,11849.04,83.0547,3439.2
2025-07-23,11836.9404,82.5939,3394.1001
2025-07-24,11823.8896,82.4499,3371.0
2025-07-25,11867.29,82.9683,3334.0
2025-07-28,11954.8398,82.4307,3309.1001
2025-07-29,11957.0,83.8226,3323.3999
2025-07-30,11936.2402,83.3907,3295.8
2025-07-31,11691.9697,83.4387,3293.2
2025-08-01,11448.2598,84.6249,3347.7
2025-08-04,11630.5303,84.8561,3374.3999
2025-08-05,11494.6396,85.1163,3381.8999
2025-08-06,11606.4199,84.6249,3380.0
2025-08-07,11564.1396,84.4803,3400.3
2025-08-08,11598.4697,84.1142,3439.1001
2025-08-11,11521.0703,84.2105,3353.1001
2025-08-12,11757.3203,83.7865,3348.8999
2025-08-13,11824.25,84.4803,3358.7
2025-08-14,11747.0898,83.854,3335.2
2025-08-15,11659.1904,83.2565,3336.0
2025-08-18,11698.4697,83.0156,3331.7
2025-08-19,11511.6396,83.4974,3313.3999
2025-08-20,11457.7305,83.6805,3343.3999
2025-08-21,11413.9004,83.2662,3336.8999
2025-08-22,11672.3896,83.8829,3374.3999
2025-08-25,11614.54,83.642,3373.8
2025-08-26,11638.6299,83.5938,3388.6001
2025-08-27,11684.8096,83.4974,3404.6001
2025-08-28,11804.2695,84.0467,3431.8
2025-08-29,11625.1797,83.4493,3473.7
2025-09-02,11509.7998,82.8283,3549.3999
2025-09-03,11535.0195,83.7375,3593.2
2025-09-04,11627.3896,84.3759,3565.8
2025-09-05,11720.1504,85.6624,3613.2
2025-09-08,11832.7197,86.8038,3638.1001
2025-09-09,11886.6504,86.3105,3643.3
2025-09-10,11785.5303,86.8038,3643.6001
2025-09-11,11931.3398,87.3842,3636.8999
2025-09-12,11903.3896,87.0069,3649.3999
2025-09-15,12016.1797,87.2101,3682.2
2025-09-16,12054.3398,87.3938,3688.8999
2025-09-17,12097.29,87.1714,3681.8
2025-09-18,12428.7598,86.2718,3643.7
2025-09-19,12438.9297,86.1074,3671.5
2025-09-22,12539.54,85.7978,3740.7
2025-09-23,12452.2598,86.3975,3780.6001
2025-09-24,12419.1602,86.0687,3732.1001
2025-09-25,12366.3203,86.0687,3736.8999
2025-09-26,12475.0801,85.9913,3775.3
2025-09-29,12555.9102,86.6974,3820.8999
2025-09-30,12547.1104,86.4459,3840.8
2025-10-01,12653.0801,86.6692,3867.5
2025-10-02,12786.3203,86.9215,3839.7
2025-10-03,12746.0898,86.7565,3880.8
2025-10-06,12916.1797,86.0674,3948.5
2025-10-07,12710.1602,86.5624,3976.6001
2025-10-08,12995.4902,86.6303,4043.3
2025-10-09,12892.96,86.5624,3946.3
2025-10-10,12280.54,87.9601,3975.8999
2025-10-13,12679.0498,87.9116,4108.6001
2025-10-14,12574.9697,88.1931,4138.7002
2025-10-15,12714.4404,87.9989,4176.8999
2025-10-16,12674.2402,88.659,4280.2002
2025-10-17,12717.1396,88.5231,4189.8999
2025-10-20,12954.6104,88.8628,4336.3999
2025-10-21,12981.3604,89.2996,4087.7
2025-10-22,12762.5703,89.3579,4044.3999
2025-10-23,12944.96,88.7463,4125.5
2025-10-24,13087.4004,88.7852,4118.3999
2025-10-27,13330.5703,89.0861,4001.8999
2025-10-28,13283.5596,89.319,3966.2
2025-10-29,13262.8398,88.4163,3983.7
2025-10-30,13113.8496,87.9019,4001.3
2025-10-31,13220.0195,87.6398,3982.2
2025-11-03,13249.0703,87.4206,4000.3
2025-11-04,12806.0303,87.6155,3947.7
2025-11-05,12996.0,86.6608,3980.3
2025-11-06,12741.5195,87.4401,3979.8999
2025-11-07,12680.1904,87.255,3999.3999
2025-11-10,12947.4199,87.2355,4111.7998
2025-11-11,12794.4102,87.6349,4106.7998
2025-11-12,12806.9004,87.7908,4204.3999
2025-11-13,12481.8096,87.0699,4186.8999
2025-11-14,12458.8896,86.5731,4087.6001
2025-11-17,12262.3799,86.7874,4068.3
2025-11-18,12088.1299,86.7582,4061.3
2025-11-19,12144.6504,86.5828,4077.7
2025-11-20,11691.5703,86.9238,4056.5
2025-11-21,11840.4502,87.1868,4076.7
2025-11-24,12138.7002,87.6836,4091.8999
2025-11-25,12233.4902,87.9077,4139.2002
2025-11-26,12335.4004,88.2973,4165.2002
2025-11-28,12508.6396,87.8785,4218.2998
2025-12-01,12504.5498,86.7845,4239.2998
2025-12-02,12745.7305,86.8236,4186.6001
2025-12-03,12979.5596,87.068,4199.2998
2025-12-04,12922.5498,86.5987,4211.7998
2025-12-05,13048.6104,86.1979,4212.8999
2025-12-08,13046.5,85.9144,4187.2002
2025-12-09,13068.2598,86.0024,4206.7002
2025-12-10,13171.0195,86.3348,4196.3999
2025-12-11,13129.4297,86.2175,4285.5
2025-12-12,12789.3701,85.3865,4300.1001
2025-12-15,12667.0195,85.4451,4306.7002
2025-12-16,12658.8096,85.9144,4304.5
2025-12-17,12343.8701,85.8362,4347.5
2025-12-18,12572.3096,86.2468,4339.5
2025-12-19,12763.1797,85.9249,4361.3999
2025-12-22,12840.3604,85.7384,4444.6001
2025-12-23,12819.0303,85.8758,4482.7998
2025-12-24,12842.5303,86.396,4480.6001
2025-12-26,12857.7695,86.1114,4529.1001
2025-12-29,12785.8203,86.4352,4325.1001
2025-12-30,12735.9004,86.2291,4370.1001
2025-12-31,12578.3301,85.5421,4325.6001
2026-01-02,12662.6602,85.4146,4314.3999
2026-01-05,12838.7998,85.8366,4436.8999
2026-01-06,13206.6396,85.6599,4482.2002
2026-01-07,13169.8301,86.1604,4449.2998
2026-01-08,12941.46,85.7286,4449.7002
2026-01-09,13111.3096,86.2978,4490.2998
2026-01-12,13137.5703,86.0427,4604.2998
2026-01-13,13075.0098,86.1899,4589.2002
2026-01-14,12913.6396,86.6904,4626.2998
2026-01-15,12952.3896,86.6708,4616.2998
2026-01-16,12954.5498,86.1703,4588.3999
2026-01-20,12701.21,85.0416,4759.6001
2026-01-21,12997.25,85.6893,4831.7998
2026-01-22,13113.5596,86.0623,4908.7998
2026-01-23,13046.2402,86.2978,4976.2002
2026-01-26,13134.4697,86.71,5079.7002
2026-01-27,13242.29,86.1703,5079.8999
2026-01-28,13480.3301,85.974,5301.6001
2026-01-29,13304.3203,85.9936,5318.3999
2026-01-30,12871.3799,85.5127,4713.8999
2026-02-02,13028.1602,85.2684,4622.5
2026-02-03,12598.6396,85.4753,4903.7002
2026-02-04,12285.79,85.2585,4920.3999
2026-02-05,12016.8799,86.1846,4861.3999
2026-02-06,12479.3398,86.2437,4951.2002
2026-02-09,12591.4697,86.224,5050.8999
2026-02-10,12514.54,87.219,5003.7998
2026-02-11,12573.7305,86.756,5071.6001
2026-02-12,12276.29,87.9087,4923.7002
2026-02-13,12407.3496,88.3914,5022.0
2026-02-17,12302.7695,88.5392,4882.8999
2026-02-18,12474.1602,88.2042,4986.5
2026-02-19,12373.8096,88.2929,4975.8999
2026-02-20,12402.9199,88.086,5059.2998
2026-02-23,12076.3301,88.4111,5204.7002
2026-02-24,12202.21,88.5688,5155.7998
2026-02-25,12536.9902,88.5786,5206.3999
2026-02-26,12448.8604,88.9333,5176.5
2026-02-27,12292.71,89.4751,5230.5
2026-03-02,12269.7695,88.5766,5294.3999
2026-03-03,12042.2803,88.3987,5107.3999
2026-03-04,12319.4297,88.1219,5120.2002
2026-03-05,12312.3398,87.7661,5065.2998
2026-03-06,12075.5098,87.4399,5146.1001
2026-03-09,12338.0703,88.201,5091.5
2026-03-10,12291.4004,87.2619,5229.7002
2026-03-11,12307.5,86.1351,5167.3999
2026-03-12,12002.0801,85.9671,5115.7998
2026-03-13,11991.8496,85.542,5052.5
2026-03-16,12211.4102,86.2043,4994.0
2026-03-17,12377.1201,86.4415,5001.0
2026-03-18,12224.8604,85.9572,4889.8999
2026-03-19,12286.6104,86.4811,4600.7002
2026-03-20,12031.5801,84.8402,4570.3999
2026-03-23,12177.3496,85.3937,4404.1001
2026-03-24,12005.0498,85.0181,4399.2998
2026-03-25,12073.2598,85.8386,4549.7998
2026-03-26,11781.79,85.117,4375.5
2026-03-27,11455.2197,84.6524,4492.0
2026-03-30,11312.0801,85.7793,4526.0
2026-03-31,11807.96,85.6903,4647.6001
2026-04-01,11981.1104,85.6059,4783.2002
2026-04-02,12012.8799,86.1319,4651.5
2026-04-06,12125.6299,85.993,4656.7998
2026-04-07,12159.8701,85.983,4657.1001
2026-04-08,12534.3398,86.2609,4749.5
2026-04-09,12416.9199,86.0426,4792.2002
2026-04-10,12373.7998,85.8342,4761.8999
2026-04-13,12746.1904,86.0922,4742.3999
2026-04-14,12911.4199,86.5487,4825.0
2026-04-15,13179.7002,86.1716,4800.0
2026-04-16,13337.9697,85.6258,4785.3999
2026-04-17,13593.4502,86.4098,4857.6001
2026-04-20,13709.8896,86.3899,4806.6001
2026-04-21,13739.8096,85.9136,4698.3999
2026-04-22,14063.5498,86.0823,4732.5
2026-04-23,13953.4697,85.8937,4705.1001
2026-04-24,14397.9502,86.0525,4722.2998
2026-04-27,14312.0303,85.6258,4675.3999
2026-04-28,14031.3604,85.7151,4591.5
2026-04-29,14341.1201,85.0502,4545.2002
2026-04-30,14578.6797,84.9708,4614.7002
2026-05-01,14845.9805,85.2746,4629.8999
2026-05-04,14874.7002,84.6271,4519.5
2026-05-05,15193.1201,85.0953,4555.7998
2026-05-06,15566.4199,85.7427,4681.8999
2026-05-07,15615.0996,85.3144,4699.7998
2026-05-08,16121.4404,85.7427,4720.3999
2026-05-11,16278.2197,85.2248,4718.7002
2026-05-12,15865.0195,84.657,4677.6001
2026-05-13,16022.4199,84.4678,4697.7002
2026-05-14,16082.0498,84.5873,4678.1001
2026-05-15,15877.2598,83.3322,4555.7998
2026-05-18,15801.25,83.2326,4552.5
2026-05-19,15756.8096,82.6947,4506.2998
2026-05-20,16198.3301,83.5813,4531.2998
2026-05-21,16369.0,83.89,4539.7998
2026-05-22,16648.5195,84.3482,4521.0
2026-05-26,17168.1191,84.7666,4500.3999
2026-05-27,16854.5801,84.9658,4447.5
2026-05-28,17121.8496,85.4041,4499.2998
2026-05-29,17450.4102,85.424,4560.5
2026-06-01,17960.0098,85.47,4475.2002
2026-06-02,18198.0703,85.65,4489.1001
2026-06-03,18202.3398,85.31,4436.7002
2026-06-04,18010.7305,85.5,4475.7998
2026-06-05,16670.1699,85.06,4337.1001
