date,stock,bond,gold
2003-01-02,1303.17,38.9211,346.1
2003-01-03,1302.55,39.0113,351.2
2003-01-06,1331.8199,38.9076,351.7
2003-01-07,1323.17,39.0474,347.3
2003-01-08,1304.95,39.2414,353.9
2003-01-09,1330.3101,38.4881,353.3
2003-01-10,1330.29,38.5873,354.5
2003-01-13,1328.5,38.6505,354.7
2003-01-14,1336.25,38.7858,352.0
2003-01-15,1317.1801,38.9752,350.7
2003-01-16,1312.01,39.0294,357.7
2003-01-17,1293.63,39.2234,356.6
2003-01-21,1273.3101,39.4489,357.3
2003-01-22,1260.16,39.6429,359.7
2003-01-23,1273.04,39.4489,364.5
2003-01-24,1235.84,39.6835,368.2
2003-01-27,1215.86,39.5391,369.4
2003-01-28,1231.74,39.5391,370.0
2003-01-29,1240.3101,39.3226,366.3
2003-01-30,1212.23,39.6158,368.6
2003-01-31,1228.14,39.7241,368.3
2003-02-03,1234.79,39.782,370.8
2003-02-04,1217.4,39.9586,379.0
2003-02-05,1211.04,39.6145,376.4
2003-02-06,1203.58,39.9359,370.1
2003-02-07,1191.46,40.0265,369.9
2003-02-10,1200.51,39.7458,363.7
2003-02-11,1190.83,39.7367,362.5
2003-02-12,1176.15,39.8771,352.6
2003-02-13,1174.4301,40.0944,357.4
2003-02-14,1199.61,39.7504,351.9
2003-02-18,1223.11,39.8001,344.2
2003-02-19,1214.66,40.0717,349.9
2003-02-20,1203.1801,40.2076,353.1
2003-02-21,1219.1,39.9721,351.8
2003-02-24,1196.71,40.1623,356.3
2003-02-25,1205.3199,40.3479,352.3
2003-02-26,1189.98,40.6286,354.0
2003-02-27,1204.11,40.6965,346.1
2003-02-28,1209.71,40.9545,350.2
2003-03-03,1200.6,41.0045,349.2
2003-03-04,1182.17,41.0317,353.2
2003-03-05,1193.87,41.168,353.1
2003-03-06,1182.8199,41.009,356.8
2003-03-07,1192.62,41.1499,350.8
2003-03-10,1161.85,41.3634,354.7
2003-03-11,1152.15,41.2907,350.5
2003-03-12,1157.61,41.4407,346.5
2003-03-13,1197.5601,40.6773,335.9
2003-03-14,1199.55,40.8772,336.5
2003-03-17,1242.09,40.3865,337.1
2003-03-18,1247.4,40.0048,337.6
2003-03-19,1258.37,39.7094,336.1
2003-03-20,1260.77,39.6458,332.9
2003-03-21,1289.74,39.1005,326.0
2003-03-24,1244.3101,39.7185,329.5
2003-03-25,1259.4399,39.6731,328.4
2003-03-26,1252.59,39.7549,330.3
2003-03-27,1250.71,39.7821,328.7
2003-03-28,1243.51,39.873,328.7
2003-03-31,1221.46,40.3956,335.9
2003-04-01,1236.3,40.2806,334.3
2003-04-02,1268.8199,39.8608,329.6
2003-04-03,1262.4301,39.838,324.9
2003-04-04,1265.9,39.7239,325.3
2003-04-07,1267.49,39.6326,321.5
2003-04-08,1265.5699,39.952,322.2
2003-04-09,1247.99,40.0706,325.6
2003-04-10,1256.04,39.8836,326.7
2003-04-11,1251.41,39.8197,327.9
2003-04-14,1275.8199,39.7102,324.2
2003-04-15,1283.96,39.9246,324.9
2003-04-16,1268.28,40.0889,325.8
2003-04-17,1287.99,40.1528,327.2
2003-04-21,1285.72,40.0661,333.5
2003-04-22,1313.63,40.0433,334.4
2003-04-23,1324.6801,40.1255,331.5
2003-04-24,1313.75,40.4859,334.8
2003-04-25,1295.5699,40.5772,333.4
2003-04-28,1318.85,40.5133,334.5
2003-04-29,1323.26,40.4449,333.7
2003-04-30,1322.0699,40.819,339.1
2003-05-01,1321.39,40.8388,342.1
2003-05-02,1341.28,40.5177,341.0
2003-05-05,1336.24,40.7333,342.3
2003-05-06,1347.54,40.9351,342.5
2003-05-07,1340.87,41.4122,341.9
2003-05-08,1327.42,41.5132,348.4
2003-05-09,1346.6801,41.5545,348.6
2003-05-12,1363.61,41.8159,351.6
2003-05-13,1359.74,41.9077,350.0
2003-05-14,1355.76,42.55,352.3
2003-05-15,1366.59,42.683,352.6
2003-05-16,1363.3199,42.995,354.7
2003-05-19,1329.38,42.8482,364.2
2003-05-20,1327.87,43.4813,366.3
2003-05-21,1333.33,43.4766,372.0
2003-05-22,1345.53,43.862,368.1
2003-05-23,1347.49,43.9721,368.8
2003-05-27,1373.86,43.1784,367.8
2003-05-28,1376.58,43.105,365.2
2003-05-29,1371.51,43.4813,369.6
2003-05-30,1391.72,43.3986,364.5
2003-06-02,1396.7,43.0798,366.0
2003-06-03,1403.29,43.4254,365.2
2003-06-04,1424.91,43.5543,362.6
2003-06-05,1430.64,43.2134,368.6
2003-06-06,1427.28,43.37,363.7
2003-06-09,1410.21,43.6604,361.8
2003-06-10,1423.11,44.1809,352.2
2003-06-11,1441.86,44.1257,355.5
2003-06-12,1443.41,44.4711,353.3
2003-06-13,1429.11,44.7706,356.6
2003-06-16,1461.15,44.3468,359.0
2003-06-17,1462.48,43.9966,363.2
2003-06-18,1460.3199,43.4346,357.2
2003-06-19,1438.09,43.3516,361.3
2003-06-20,1439.54,43.1904,356.3
2003-06-23,1419.24,43.4484,353.0
2003-06-24,1421.86,43.8492,346.3
2003-06-25,1410.1,43.149,349.3
2003-06-26,1425.8199,42.5685,343.9
2003-06-27,1411.97,42.4164,345.2
2003-06-30,1409.48,42.6146,346.0
2003-07-01,1421.03,42.4032,351.4
2003-07-02,1437.61,42.5096,351.3
2003-07-03,1425.97,41.8991,351.0
2003-07-07,1453.0699,41.6309,348.1
2003-07-08,1458.51,41.6679,344.1
2003-07-09,1450.51,41.802,343.6
2003-07-10,1430.96,41.7881,344.3
2003-07-11,1444.7,41.987,344.8
2003-07-14,1453.0,41.506,347.7
2003-07-15,1448.02,40.5348,342.1
2003-07-16,1438.86,40.7661,343.1
2003-07-17,1421.11,40.6412,344.2
2003-07-18,1437.89,40.558,347.2
2003-07-21,1416.88,39.6978,350.9
2003-07-22,1430.35,39.892,350.6
2003-07-23,1431.1,40.0262,358.6
2003-07-24,1420.96,39.6747,362.2
2003-07-25,1445.7,39.5683,362.7
2003-07-28,1442.58,39.0365,364.8
2003-07-29,1432.3101,38.5046,361.7
2003-07-30,1429.91,38.9393,356.2
2003-07-31,1434.33,38.3613,354.0
2003-08-01,1419.64,38.3325,346.1
2003-08-04,1423.51,38.6623,349.2
2003-08-05,1398.42,38.1095,349.6
2003-08-06,1401.01,38.8621,350.8
2003-08-07,1411.27,39.0247,352.5
2003-08-08,1416.3,38.8667,356.3
2003-08-11,1421.01,38.6716,361.7
2003-08-12,1435.17,38.4904,358.5
2003-08-13,1426.55,37.7471,362.1
2003-08-14,1435.96,38.1188,366.0
2003-08-15,1436.4301,38.0956,363.2
2003-08-18,1449.65,38.272,358.4
2003-08-19,1453.45,38.8621,361.6
2003-08-20,1450.61,38.653,365.6
2003-08-21,1454.98,38.5601,360.6
2003-08-22,1440.17,38.732,363.1
2003-08-25,1441.11,38.43,361.3
2003-08-26,1445.51,38.732,365.8
2003-08-27,1445.84,38.5555,373.5
2003-08-28,1454.7,38.955,370.5
2003-08-29,1462.3,38.8621,375.7
2003-09-02,1482.61,38.2937,373.2
2003-09-03,1489.25,38.3544,373.9
2003-09-04,1491.77,38.569,372.9
2003-09-05,1482.24,39.2317,377.6
2003-09-08,1497.22,38.8257,375.1
2003-09-09,1484.9301,39.1057,381.7
2003-09-10,1467.29,39.5024,380.0
2003-09-11,1475.72,39.2457,379.7
2003-09-12,1478.9399,39.5163,375.8
2003-09-15,1473.4301,39.4557,374.5
2003-09-16,1494.5,39.395,373.5
2003-09-17,1489.7,39.885,376.2
2003-09-18,1509.47,39.913,376.6
2003-09-19,1504.74,39.9596,381.8
2003-09-22,1485.16,39.6424,387.2
2003-09-23,1494.1899,39.913,385.9
2003-09-24,1465.66,40.2583,387.5
2003-09-25,1457.09,40.459,385.0
2003-09-26,1448.03,40.8229,380.8
2003-09-29,1462.2,40.4963,382.4
2003-09-30,1446.77,41.1683,385.4
2003-10-01,1479.23,41.0123,384.3
2003-10-02,1482.36,40.8248,383.1
2003-10-03,1496.3199,39.9673,369.4
2003-10-06,1502.86,40.1406,372.7
2003-10-07,1510.05,39.6768,377.2
2003-10-08,1502.65,39.6674,375.4
2003-10-09,1509.86,39.3862,369.2
2003-10-10,1509.0,39.6205,373.6
2003-10-13,1519.6,39.4659,375.2
2003-10-14,1525.6,39.1941,375.7
2003-10-15,1521.95,39.002,372.6
2003-10-16,1526.8,38.8473,372.7
2003-10-17,1511.1801,39.1472,371.8
2003-10-20,1518.97,39.2784,374.0
2003-10-21,1520.9301,39.4237,381.7
2003-10-22,1498.28,39.808,386.5
2003-10-23,1503.26,39.5174,384.7
2003-10-24,1496.2,39.9579,388.9
2003-10-27,1499.4301,39.8782,387.9
2003-10-28,1522.21,40.0891,383.2
2003-10-29,1524.41,39.7283,386.8
2003-10-30,1523.12,39.5502,384.3
2003-10-31,1528.62,39.9204,384.5
2003-11-03,1540.71,39.7313,377.0
2003-11-04,1532.34,39.9571,379.9
2003-11-05,1530.54,39.6842,382.6
2003-11-06,1539.75,39.3125,380.6
2003-11-07,1533.02,39.289,383.3
2003-11-10,1524.26,39.256,386.6
2003-11-11,1523.47,39.2607,388.1
2003-11-12,1541.49,39.5477,394.9
2003-11-13,1541.3,40.1594,394.1
2003-11-14,1529.84,40.4276,397.8
2003-11-17,1520.0699,40.4888,391.5
2003-11-18,1506.3199,40.7382,397.6
2003-11-19,1518.51,40.2865,394.9
2003-11-20,1505.76,40.677,393.7
2003-11-21,1508.21,40.7006,396.0
2003-11-24,1532.6899,40.3664,391.5
2003-11-25,1535.49,40.5876,391.1
2003-11-26,1542.39,40.4229,396.8
2003-11-28,1542.0699,40.0559,396.8
2003-12-01,1559.5,39.8328,402.7
2003-12-02,1554.42,40.0029,403.7
2003-12-03,1552.09,39.8422,403.9
2003-12-04,1559.47,39.932,403.3
2003-12-05,1547.52,40.5704,406.4
2003-12-08,1558.96,40.2867,406.6
2003-12-09,1545.6801,40.0029,408.2
2003-12-10,1544.3101,40.0691,406.2
2003-12-11,1562.23,40.3576,404.6
2003-12-12,1566.5,40.4333,409.4
2003-12-15,1557.66,40.4096,409.2
2003-12-16,1568.02,40.542,407.7
2003-12-17,1570.15,40.8162,412.0
2003-12-18,1588.9,41.1851,410.4
2003-12-19,1588.1899,41.1709,409.2
2003-12-22,1594.4301,41.0574,410.6
2003-12-23,1598.9301,40.594,411.0
2003-12-24,1596.05,40.977,412.3
2003-12-26,1598.75,41.1283,412.3
2003-12-29,1619.16,40.7595,414.8
2003-12-30,1619.59,40.594,416.9
2003-12-31,1622.9399,40.594,415.7
2004-01-02,1618.05,40.1142,415.7
2004-01-05,1638.1,40.0097,424.4
2004-01-06,1640.3101,40.4515,422.8
2004-01-07,1644.6,40.613,421.9
2004-01-08,1652.83,40.5988,424.0
2004-01-09,1638.14,41.3066,426.4
2004-01-12,1646.03,41.2734,426.3
2004-01-13,1637.33,41.5536,423.7
2004-01-14,1650.96,41.7579,421.7
2004-01-15,1653.21,41.9147,408.4
2004-01-16,1664.5699,41.6201,406.7
2004-01-20,1663.03,41.6106,412.7
2004-01-21,1676.0699,41.7104,411.1
2004-01-22,1670.73,42.0144,410.0
2004-01-23,1667.26,41.5109,407.9
2004-01-26,1687.4399,41.2591,406.6
2004-01-27,1670.91,41.5157,410.0
2004-01-28,1648.4399,41.1498,414.5
2004-01-29,1657.09,41.0643,398.5
2004-01-30,1652.73,41.3494,402.2
2004-02-02,1658.79,41.2626,398.7
2004-02-03,1659.92,41.4724,399.2
2004-02-04,1646.29,41.3913,401.0
2004-02-05,1649.35,41.2292,398.1
2004-02-06,1670.14,41.6823,403.6
2004-02-09,1666.16,41.8064,406.8
2004-02-10,1674.55,41.5726,406.4
2004-02-11,1693.03,41.8827,410.2
2004-02-12,1684.92,41.7062,413.7
2004-02-13,1675.86,41.8827,410.3
2004-02-17,1692.22,41.8541,416.0
2004-02-18,1684.9,41.9113,412.3
2004-02-19,1678.01,41.9542,409.8
2004-02-20,1673.71,41.6632,397.5
2004-02-23,1669.2,41.9208,399.0
2004-02-24,1666.42,41.9972,404.5
2004-02-25,1673.34,42.0639,395.8
2004-02-26,1675.63,41.9304,395.8
2004-02-27,1675.7,42.293,396.4
2004-03-01,1691.9,42.2766,399.3
2004-03-02,1681.88,42.0084,393.5
2004-03-03,1685.17,41.9318,392.4
2004-03-04,1690.83,42.1186,392.9
2004-03-05,1693.76,42.9328,401.3
2004-03-08,1679.74,43.1866,400.6
2004-03-09,1670.0699,43.474,404.2
2004-03-10,1645.79,43.4453,400.0
2004-03-11,1621.21,43.5075,400.7
2004-03-12,1641.42,43.2393,395.3
2004-03-15,1617.91,43.3112,399.4
2004-03-16,1627.03,43.6704,402.4
2004-03-17,1646.29,43.5985,406.9
2004-03-18,1644.21,43.3686,411.1
2004-03-19,1625.84,43.3112,412.5
2004-03-22,1604.8,43.5746,417.4
2004-03-23,1602.67,43.6512,419.8
2004-03-24,1598.85,43.6272,417.2
2004-03-25,1625.01,43.4596,416.7
2004-03-26,1623.36,42.9998,422.1
2004-03-29,1644.75,42.7125,417.1
2004-03-30,1651.4301,42.6837,421.7
2004-03-31,1650.42,42.8897,427.3
2004-04-01,1659.16,42.7493,427.8
2004-04-02,1673.41,41.6915,421.6
2004-04-05,1686.24,41.3645,415.4
2004-04-06,1683.23,41.5905,418.9
2004-04-07,1672.14,41.4944,422.8
2004-04-08,1670.36,41.3742,419.9
2004-04-12,1679.02,41.2251,420.1
2004-04-13,1655.99,40.778,407.0
2004-04-14,1654.17,40.7443,399.8
2004-04-15,1655.15,40.5039,397.7
2004-04-16,1663.62,40.6578,401.0
2004-04-19,1665.4,40.5712,400.6
2004-04-20,1639.49,40.201,397.7
2004-04-21,1648.3101,40.3981,390.8
2004-04-22,1671.63,40.6385,393.3
2004-04-23,1672.62,40.4077,395.1
2004-04-26,1665.2,40.475,396.0
2004-04-27,1668.99,40.6289,398.6
2004-04-28,1646.2,40.249,385.4
2004-04-29,1634.16,40.052,386.6
2004-04-30,1624.51,40.2154,387.0
2004-05-03,1639.46,40.2661,387.0
2004-05-04,1642.5,39.9909,391.4
2004-05-05,1645.65,39.8799,393.4
2004-05-06,1634.75,39.7738,388.0
2004-05-07,1612.3101,39.2524,378.7
2004-05-10,1595.38,39.1607,378.3
2004-05-11,1607.9399,39.3393,376.9
2004-05-12,1611.15,39.0787,377.4
2004-05-13,1610.05,38.929,374.8
2004-05-14,1609.12,39.2476,377.0
2004-05-17,1592.23,39.5952,379.5
2004-05-18,1603.14,39.4407,375.8
2004-05-19,1599.29,39.3104,382.9
2004-05-20,1600.0601,39.6145,378.4
2004-05-21,1606.49,39.4552,384.8
2004-05-24,1609.22,39.5807,385.6
2004-05-25,1635.14,39.6965,388.3
2004-05-26,1638.16,39.9089,388.3
2004-05-27,1647.65,40.2226,394.9
2004-05-28,1646.8,40.1116,394.0
2004-06-01,1647.5699,39.7443,394.6
2004-06-02,1653.67,39.6426,390.7
2004-06-03,1641.4301,39.7249,388.1
2004-06-04,1650.08,39.4923,390.9
2004-06-07,1676.48,39.502,393.8
2004-06-08,1679.21,39.5747,391.0
2004-06-09,1663.38,39.4051,384.5
2004-06-10,1671.02,39.4826,385.9
2004-06-14,1655.0,39.1677,383.6
2004-06-15,1664.92,39.9963,388.1
2004-06-16,1667.23,39.8412,384.6
2004-06-17,1665.02,40.1029,388.9
2004-06-18,1669.39,40.0157,395.1
2004-06-21,1662.46,40.0448,394.0
2004-06-22,1668.55,39.9236,395.0
2004-06-23,1682.75,40.0011,395.0
2004-06-24,1678.0699,40.2435,403.1
2004-06-25,1668.9301,40.2822,402.9
2004-06-28,1667.61,39.8703,401.0
2004-06-29,1671.84,40.1223,392.5
2004-06-30,1678.83,40.5342,392.6
2004-07-01,1661.53,40.61,396.0
2004-07-02,1656.33,41.0382,398.3
2004-07-06,1642.84,40.9701,392.6
2004-07-07,1646.36,40.9847,402.3
2004-07-08,1632.89,41.009,407.8
2004-07-09,1638.42,41.0528,407.5
2004-07-12,1640.73,41.1112,408.1
2004-07-13,1641.96,40.9896,402.0
2004-07-14,1636.62,41.0041,405.4
2004-07-15,1629.58,41.0479,404.2
2004-07-16,1621.8101,41.5928,406.6
2004-07-19,1621.09,41.622,405.6
2004-07-20,1632.52,41.2474,401.9
2004-07-21,1610.88,41.1355,397.1
2004-07-22,1615.27,41.1939,395.2
2004-07-23,1599.62,41.3301,390.5
2004-07-26,1596.48,41.1355,390.3
2004-07-27,1612.33,40.5809,387.0
2004-07-28,1613.5,40.5858,389.0
2004-07-29,1621.35,40.6782,387.0
2004-07-30,1623.26,41.155,391.0
2004-08-02,1630.48,41.2087,391.7
2004-08-03,1620.28,41.3748,394.0
2004-08-04,1619.0,41.3943,392.2
2004-08-05,1592.64,41.5115,392.3
2004-08-06,1568.0699,42.21,399.8
2004-08-09,1569.96,42.0634,400.7
2004-08-10,1590.35,41.912,400.0
2004-08-11,1586.4301,42.0927,395.5
2004-08-12,1567.95,42.1806,394.3
2004-08-13,1570.4399,42.3174,398.9
2004-08-16,1591.9399,42.1709,402.9
2004-08-17,1595.5699,42.4102,404.4
2004-08-18,1615.72,42.2051,404.3
2004-08-19,1609.97,42.3076,407.1
2004-08-20,1620.47,42.2686,413.2
2004-08-23,1616.6801,42.0244,410.5
2004-08-24,1617.46,42.0488,403.0
2004-08-25,1630.49,42.1953,407.9
2004-08-26,1630.6801,42.4346,407.4
2004-08-27,1634.83,42.4054,403.3
2004-08-30,1622.28,42.6056,407.8
2004-08-31,1629.83,42.8693,410.4
2004-09-01,1632.8199,42.9135,408.8
2004-09-02,1651.14,42.4917,406.0
2004-09-03,1644.25,42.4966,400.5
2004-09-07,1655.65,42.4525,397.4
2004-09-08,1648.52,42.8105,399.4
2004-09-09,1651.65,42.6487,398.5
2004-09-10,1659.84,42.7124,401.9
2004-09-13,1663.1,42.8988,404.1
2004-09-14,1666.8199,42.9429,405.7
2004-09-15,1655.1,42.8448,405.0
2004-09-16,1659.78,43.3303,404.7
2004-09-17,1667.25,43.1145,405.8
2004-09-20,1657.88,43.399,405.3
2004-09-21,1668.39,43.5265,408.3
2004-09-22,1645.17,43.9776,407.2
2004-09-23,1637.8199,43.8011,410.9
2004-09-24,1640.4,43.855,408.1
2004-09-27,1630.67,44.0463,409.1
2004-09-28,1640.62,43.8698,412.5
2004-09-29,1647.79,43.4431,413.0
2004-09-30,1647.48,43.2763,418.7
2004-10-01,1672.49,43.0602,419.5
2004-10-04,1678.1,43.1242,414.0
2004-10-05,1677.09,43.1242,418.2
2004-10-06,1688.83,42.9272,418.4
2004-10-07,1672.08,42.7401,418.0
2004-10-08,1659.51,43.3064,423.1
2004-10-11,1662.84,43.3507,422.0
2004-10-12,1659.0699,43.4492,415.1
2004-10-13,1647.13,43.6067,413.2
2004-10-14,1631.8101,43.8136,418.1
2004-10-15,1639.08,43.6609,418.7
2004-10-18,1647.7,43.6806,416.2
2004-10-19,1631.74,43.7939,420.3
2004-10-20,1632.49,44.0942,423.5
2004-10-21,1636.76,44.1238,424.4
2004-10-22,1620.85,44.2272,424.6
2004-10-25,1619.48,44.2617,429.0
2004-10-26,1643.5699,44.1287,426.8
2004-10-27,1665.01,43.6954,424.8
2004-10-28,1668.55,43.8382,425.1
2004-10-29,1672.65,44.0401,428.5
2004-11-01,1673.11,43.7662,427.3
2004-11-02,1673.16,43.8305,420.0
2004-11-03,1692.22,43.8503,424.6
2004-11-04,1719.64,43.8947,430.1
2004-11-05,1726.34,43.4151,433.6
2004-11-08,1724.59,43.2618,432.7
2004-11-09,1724.08,43.2371,435.7
2004-11-10,1722.67,43.074,434.0
2004-11-11,1738.3199,42.98,434.9
2004-11-12,1754.33,43.4448,437.9
2004-11-15,1753.99,43.4843,437.0
2004-11-16,1741.72,43.4843,440.2
2004-11-17,1751.5699,43.8552,444.8
2004-11-18,1753.97,43.9886,442.6
2004-11-19,1734.45,43.6376,446.8
2004-11-22,1744.71,43.8651,448.8
2004-11-23,1744.3101,43.9194,447.8
2004-11-24,1751.55,43.9194,449.3
2004-11-26,1753.09,43.6327,449.3
2004-11-29,1747.34,43.1679,453.7
2004-11-30,1740.33,42.985,451.3
2004-12-01,1766.9,42.918,454.0
2004-12-02,1765.37,42.7442,450.4
2004-12-03,1766.63,43.4095,456.0
2004-12-06,1765.33,43.5584,454.2
2004-12-07,1745.84,43.613,452.0
2004-12-08,1754.75,44.2931,437.2
2004-12-09,1764.35,44.0002,435.8
2004-12-10,1762.51,44.1094,433.9
2004-12-13,1778.54,44.2038,438.9
2004-12-14,1785.51,44.3775,435.9
2004-12-15,1789.14,44.7796,440.8
2004-12-16,1785.51,44.1194,436.9
2004-12-17,1772.1899,44.0598,441.6
2004-12-20,1772.87,44.1392,442.4
2004-12-21,1788.9301,44.2733,441.8
2004-12-22,1795.66,44.1243,440.3
2004-12-23,1796.49,43.9804,441.9
2004-12-27,1788.76,43.6378,445.2
2004-12-28,1801.58,43.603,444.3
2004-12-29,1801.71,43.5584,436.0
2004-12-30,1801.98,43.8513,437.5
2004-12-31,1799.55,44.1279,437.5
2005-01-03,1784.96,44.2225,428.7
2005-01-04,1764.3,43.7591,428.5
2005-01-05,1758.0699,43.9933,426.6
2005-01-06,1764.63,44.0232,421.0
2005-01-07,1762.12,44.1229,418.9
2005-01-10,1768.17,44.1926,419.1
2005-01-11,1757.51,44.4518,421.9
2005-01-12,1764.72,44.5116,426.1
2005-01-13,1749.48,44.9402,424.5
2005-01-14,1759.98,44.9352,422.7
2005-01-18,1777.04,45.0847,423.2
2005-01-19,1760.28,45.2142,423.0
2005-01-20,1746.61,45.304,422.4
2005-01-21,1735.4301,45.3538,426.7
2005-01-24,1729.33,45.5481,426.9
2005-01-25,1736.25,45.1196,422.0
2005-01-26,1744.72,45.2043,426.9
2005-01-27,1745.58,45.1196,426.3
2005-01-28,1740.96,45.5731,425.8
2005-01-31,1755.6801,45.7026,421.8
2005-02-01,1767.79,45.6301,420.8
2005-02-02,1773.63,45.7351,421.1
2005-02-03,1769.26,45.7101,416.6
2005-02-04,1788.8199,46.3454,414.0
2005-02-07,1786.92,46.6905,413.6
2005-02-08,1788.16,46.9556,412.6
2005-02-09,1773.28,47.0808,412.9
2005-02-10,1780.8,46.4455,417.2
2005-02-11,1793.54,46.4154,420.5
2005-02-14,1794.98,46.5605,425.8
2005-02-15,1801.0601,46.3254,425.9
2005-02-16,1801.59,46.1503,425.5
2005-02-17,1787.41,45.8601,427.3
2005-02-18,1788.65,45.45,427.1
2005-02-22,1762.76,45.2499,434.5
2005-02-23,1772.76,45.4,434.9
2005-02-24,1787.34,45.2999,434.5
2005-02-25,1804.17,45.52,434.9
2005-02-28,1792.63,45.0298,436.5
2005-03-01,1802.79,45.0158,432.9
2005-03-02,1802.92,44.9555,432.8
2005-03-03,1803.51,44.9305,429.9
2005-03-04,1820.88,45.4172,434.2
2005-03-07,1825.7,45.5978,435.0
2005-03-08,1817.12,45.1663,440.3
2005-03-09,1798.79,44.4287,442.1
2005-03-10,1802.2,44.6996,442.8
2005-03-11,1789.01,44.3735,446.2
2005-03-14,1799.14,44.6394,441.1
2005-03-15,1785.61,44.3584,440.9
2005-03-16,1771.35,44.6294,443.7
2005-03-17,1774.55,44.7749,438.7
2005-03-18,1773.72,44.4939,439.3
2005-03-21,1764.98,44.3685,431.1
2005-03-22,1747.03,43.9921,431.3
2005-03-23,1748.28,44.2028,425.2
2005-03-24,1746.62,44.2932,424.7
2005-03-28,1750.89,44.0222,425.9
2005-03-29,1737.9399,44.2831,426.0
2005-03-30,1762.09,44.5039,426.0
2005-03-31,1760.89,44.8251,428.7
2005-04-01,1749.45,44.9762,425.9
2005-04-04,1754.4301,44.9661,423.9
2005-04-05,1762.3199,44.8503,424.5
2005-04-06,1766.6899,45.0063,427.1
2005-04-07,1777.35,44.6438,426.5
2005-04-08,1762.52,44.7999,426.9
2005-04-11,1762.5601,45.0416,428.6
2005-04-12,1772.4399,45.4597,427.6
2005-04-13,1751.77,45.3489,429.3
2005-04-14,1734.25,45.2784,424.0
2005-04-15,1705.26,45.8778,424.9
2005-04-18,1710.27,45.8425,427.5
2005-04-19,1720.4301,46.2857,432.9
2005-04-20,1697.74,46.1699,435.3
2005-04-21,1731.27,45.6863,433.0
2005-04-22,1719.66,46.0691,434.3
2005-04-25,1734.5601,46.2051,434.6
2005-04-26,1719.09,46.1346,437.9
2005-04-27,1726.21,46.2957,433.0
2005-04-28,1707.13,46.6382,433.0
2005-04-29,1727.49,46.5576,435.0
2005-05-02,1735.4301,46.5476,429.5
2005-05-03,1733.95,46.6739,426.7
2005-05-04,1755.92,46.2645,429.0
2005-05-05,1751.47,46.3707,429.8
2005-05-06,1749.65,46.027,426.1
2005-05-09,1760.87,46.0725,426.2
2005-05-10,1742.0601,46.4009,427.2
2005-05-11,1750.26,46.5425,427.2
2005-05-12,1732.89,46.7244,421.6
2005-05-13,1725.15,46.9064,420.2
2005-05-16,1742.74,46.8508,418.9
2005-05-17,1755.1,46.9822,419.4
2005-05-18,1773.01,47.2956,421.5
2005-05-19,1781.28,47.1743,420.5
2005-05-20,1778.59,47.2299,417.4
2005-05-23,1785.46,47.5989,416.6
2005-05-24,1785.8,47.7303,417.5
2005-05-25,1779.8101,47.3967,418.8
2005-05-26,1791.41,47.3815,418.0
2005-05-27,1793.34,47.4321,419.8
2005-05-31,1782.46,48.0185,416.3
2005-06-01,1799.15,48.6064,415.3
2005-06-02,1802.1899,48.7231,422.7
2005-06-03,1789.83,48.3223,423.7
2005-06-06,1792.14,48.576,426.5
2005-06-07,1791.89,48.9615,424.8
2005-06-08,1788.3,48.7281,424.7
2005-06-09,1797.72,48.6876,424.2
2005-06-10,1793.51,48.1397,427.4
2005-06-13,1798.0699,47.8505,429.3
2005-06-14,1802.73,47.536,427.5
2005-06-15,1806.78,47.6222,429.1
2005-06-16,1813.35,47.8606,436.2
2005-06-17,1822.35,47.8556,438.3
2005-06-20,1821.0601,47.7744,438.4
2005-06-21,1817.36,48.1245,438.9
2005-06-22,1817.8,48.7079,438.1
2005-06-23,1798.49,48.6571,441.7
2005-06-24,1784.77,48.9007,440.5
2005-06-27,1783.45,49.0326,440.3
2005-06-28,1800.0699,48.6977,436.4
2005-06-29,1797.73,48.6216,436.4
2005-06-30,1784.99,49.0579,435.9
2005-07-01,1789.85,48.4633,427.8
2005-07-05,1805.6801,48.0051,422.9
2005-07-06,1791.05,48.2699,423.5
2005-07-07,1795.55,48.3717,423.3
2005-07-08,1816.52,48.1732,422.9
2005-07-11,1827.91,48.1732,425.5
2005-07-12,1832.15,47.9034,426.3
2005-07-13,1833.98,47.8321,423.9
2005-07-14,1838.8,47.7099,419.6
2005-07-15,1840.9301,47.8372,420.7
2005-07-18,1830.75,47.4808,420.5
2005-07-19,1843.0699,47.6488,419.7
2005-07-20,1852.02,47.9085,421.7
2005-07-21,1839.8,47.2568,425.4
2005-07-22,1849.8101,47.6234,424.7
2005-07-25,1842.85,47.4503,425.7
2005-07-26,1846.04,47.5267,423.4
2005-07-27,1854.72,47.4503,424.7
2005-07-28,1865.64,47.8728,427.3
2005-07-29,1851.37,47.3994,429.9
2005-08-01,1853.13,47.2231,431.9
2005-08-02,1866.28,47.0698,431.9
2005-08-03,1868.0601,47.2997,436.9
2005-08-04,1854.3,47.2027,437.9
2005-08-05,1840.1899,46.8348,437.2
2005-08-08,1835.37,46.7479,434.7
2005-08-09,1847.76,46.9216,434.2
2005-08-10,1845.16,46.8706,436.5
2005-08-11,1858.4301,47.1975,445.5
2005-08-12,1847.3101,47.6778,445.9
2005-08-15,1852.78,47.5552,442.2
2005-08-16,1830.99,47.8873,446.1
2005-08-17,1832.8199,47.5706,439.9
2005-08-18,1831.09,47.9231,439.5
2005-08-19,1832.29,47.918,437.2
2005-08-22,1835.3199,47.8669,438.1
2005-08-23,1829.11,48.0867,439.4
2005-08-24,1817.22,48.1326,437.3
2005-08-25,1821.46,48.2859,438.4
2005-08-26,1810.52,48.2705,437.4
2005-08-29,1821.5601,48.3319,437.0
2005-08-30,1815.97,48.6384,431.2
2005-08-31,1834.48,49.0472,433.8
2005-09-01,1836.37,48.7519,442.3
2005-09-02,1831.0601,48.7929,444.2
2005-09-06,1854.23,48.4494,444.4
2005-09-07,1859.0,47.993,444.9
2005-09-08,1852.0,48.0443,446.7
2005-09-09,1866.74,48.1981,449.0
2005-09-12,1865.45,47.8649,449.7
2005-09-13,1851.87,48.1161,446.1
2005-09-14,1845.84,47.9315,449.8
2005-09-15,1846.76,47.5367,455.5
2005-09-16,1862.11,47.2239,459.5
2005-09-19,1851.74,47.3265,466.7
2005-09-20,1837.2,47.4495,466.2
2005-09-21,1820.49,47.8905,468.9
2005-09-22,1827.54,47.8443,466.6
2005-09-23,1828.54,47.4854,463.5
2005-09-26,1829.05,47.2701,465.9
2005-09-27,1829.13,47.3367,462.6
2005-09-28,1831.3199,47.6546,469.7
2005-09-29,1847.62,47.4393,472.2
2005-09-30,1849.33,47.2752,469.0
2005-10-03,1846.17,46.9056,466.1
2005-10-04,1827.96,47.06,466.1
2005-10-05,1801.4,47.2659,466.1
2005-10-06,1794.04,47.0857,471.9
2005-10-07,1800.71,47.2762,474.7
2005-10-10,1787.8,47.2453,475.1
2005-10-11,1784.22,47.1475,477.1
2005-10-12,1773.6,46.6894,473.9
2005-10-13,1772.36,46.5195,471.1
2005-10-14,1787.01,46.4474,469.2
2005-10-17,1792.33,46.4371,474.1
2005-10-18,1774.3199,46.4886,472.1
2005-10-19,1801.01,46.5092,463.5
2005-10-20,1774.02,46.6328,461.0
2005-10-21,1776.73,47.0652,467.0
2005-10-24,1806.59,46.6997,465.0
2005-10-25,1802.3,46.2982,472.8
2005-10-26,1794.5601,45.9584,471.2
2005-10-27,1776.01,46.1231,473.8
2005-10-28,1805.5601,46.1283,473.0
2005-10-31,1818.5,46.2158,465.1
2005-11-01,1812.11,46.1625,458.8
2005-11-02,1830.4301,45.9454,462.8
2005-11-03,1838.86,45.6351,460.1
2005-11-04,1839.16,45.5628,456.3
2005-11-07,1843.27,45.7178,459.0
2005-11-08,1837.8,46.1625,460.9
2005-11-09,1841.0,45.6868,466.3
2005-11-10,1856.9,46.2453,466.6
2005-11-11,1862.5601,46.2711,468.3
2005-11-14,1861.25,45.9247,468.2
2005-11-15,1854.28,46.2246,468.1
2005-11-16,1857.97,46.7106,478.3
2005-11-17,1875.49,46.8244,486.2
2005-11-18,1883.99,46.6072,485.6
2005-11-21,1893.9301,46.7468,489.0
2005-11-22,1903.66,46.8089,492.6
2005-11-23,1910.39,46.6279,492.1
2005-11-25,1914.41,46.7985,492.1
2005-11-28,1898.37,47.0312,498.3
2005-11-29,1898.74,46.5865,499.1
2005-11-30,1887.28,46.5349,494.6
2005-12-01,1910.23,46.4621,502.5
2005-12-02,1910.86,46.4777,503.3
2005-12-05,1906.42,46.27,508.9
2005-12-06,1908.89,46.7425,510.2
2005-12-07,1899.6899,46.566,514.3
2005-12-08,1897.5699,46.8672,519.3
2005-12-09,1902.92,46.4985,527.0
2005-12-12,1904.59,46.4102,528.4
2005-12-13,1915.3,46.5815,521.0
2005-12-14,1923.4399,47.0593,506.5
2005-12-15,1920.85,46.945,503.9
2005-12-16,1915.4,47.1009,503.4
2005-12-19,1904.21,47.1476,503.6
2005-12-20,1903.8101,47.0905,494.6
2005-12-21,1908.65,47.0074,493.0
2005-12-22,1917.16,47.3813,502.7
2005-12-23,1918.25,47.6721,503.0
2005-12-27,1899.9301,48.0616,508.0
2005-12-28,1902.74,47.9276,514.2
2005-12-29,1897.2,48.0319,515.7
2005-12-30,1887.9399,47.9223,517.1
2006-01-03,1918.96,47.8597,530.7
2006-01-04,1926.39,47.9745,533.9
2006-01-05,1926.4399,47.9171,526.3
2006-01-06,1945.02,47.8285,539.7
2006-01-09,1952.13,47.8597,549.1
2006-01-10,1951.53,47.4739,544.3
2006-01-11,1958.5601,47.3957,548.8
2006-01-12,1946.28,47.7137,548.3
2006-01-13,1948.64,47.9901,556.1
2006-01-17,1941.5699,48.2039,553.4
2006-01-18,1934.21,48.1883,543.7
2006-01-19,1944.98,48.0475,558.4
2006-01-20,1909.35,48.1726,553.5
2006-01-23,1912.91,48.157,558.3
2006-01-24,1917.54,47.9223,557.7
2006-01-25,1914.28,47.4009,562.2
2006-01-26,1928.17,47.1975,559.7
2006-01-27,1943.34,47.1975,558.7
2006-01-30,1945.66,47.1506,565.8
2006-01-31,1937.9301,47.281,570.8
2006-02-01,1941.75,47.1192,569.4
2006-02-02,1924.67,47.2082,572.5
2006-02-03,1914.5,47.5431,567.4
2006-02-06,1916.04,47.6373,570.2
2006-02-07,1900.58,47.4123,551.0
2006-02-08,1917.84,47.3024,550.1
2006-02-09,1915.1,47.517,564.5
2006-02-10,1920.0,47.2553,550.2
2006-02-13,1914.02,47.2605,539.0
2006-02-14,1933.46,47.093,545.9
2006-02-15,1940.6899,47.2082,539.7
2006-02-16,1955.0601,47.2186,546.0
2006-02-17,1951.83,47.5955,551.8
2006-02-21,1945.45,47.517,553.9
2006-02-22,1960.26,47.8414,553.9
2006-02-23,1953.37,47.721,548.4
2006-02-24,1956.14,47.6478,558.8
2006-02-27,1963.58,47.5693,554.7
2006-02-28,1943.1899,47.8048,561.6
2006-03-01,1959.77,47.5159,563.5
2006-03-02,1956.6,47.1851,568.2
2006-03-03,1953.74,46.912,566.0
2006-03-06,1940.2,46.5024,554.9
2006-03-07,1936.6801,46.5339,552.7
2006-03-08,1941.17,46.5181,542.5
2006-03-09,1931.73,46.5339,545.5
2006-03-10,1945.9301,46.3606,539.9
2006-03-13,1950.39,46.3238,546.1
2006-03-14,1970.66,46.6337,551.7
2006-03-15,1979.21,46.3816,553.1
2006-03-16,1982.76,46.8017,554.4
2006-03-17,1985.6899,46.6599,554.1
2006-03-20,1982.4,46.7335,555.2
2006-03-21,1970.5,46.4919,552.4
2006-03-22,1982.4,46.5917,550.9
2006-03-23,1977.29,46.4446,550.1
2006-03-24,1979.24,46.786,560.0
2006-03-27,1977.1899,46.6127,567.0
2006-03-28,1964.47,46.1768,566.6
2006-03-29,1979.51,45.9563,573.0
2006-03-30,1975.6,45.6359,586.7
2006-03-31,1967.38,45.6201,581.8
2006-04-03,1971.9301,45.6349,589.4
2006-04-04,1984.47,45.5875,586.0
2006-04-05,1993.21,45.6507,587.9
2006-04-06,1989.87,45.3028,595.2
2006-04-07,1969.3,44.86,588.4
2006-04-10,1971.03,44.9443,597.6
2006-04-11,1956.12,45.1025,595.2
2006-04-12,1958.49,44.8284,597.5
2006-04-13,1960.01,44.5121,596.5
2006-04-17,1954.25,44.6755,615.4
2006-04-18,1988.1801,44.7546,620.0
2006-04-19,1991.84,44.4804,632.6
2006-04-20,1994.23,44.4435,619.8
2006-04-21,1993.99,44.7018,632.2
2006-04-24,1989.2,44.8811,620.6
2006-04-25,1979.51,44.3486,631.0
2006-04-26,1985.29,44.2749,638.8
2006-04-27,1992.39,44.3329,633.3
2006-04-28,1993.79,44.3645,651.8
2006-05-01,1985.55,44.0311,657.5
2006-05-02,1997.75,44.1475,664.7
2006-05-03,1989.97,44.0522,665.9
2006-05-04,1996.74,43.9782,674.2
2006-05-05,2017.34,44.2428,682.2
2006-05-08,2015.84,44.2692,677.8
2006-05-09,2016.6,44.2428,699.4
2006-05-10,2013.99,44.3221,703.7
2006-05-11,1988.5601,44.1052,719.8
2006-05-12,1966.27,43.74,710.3
2006-05-15,1971.45,43.9146,683.6
2006-05-16,1967.79,44.2428,691.5
2006-05-17,1935.1801,43.9676,690.5
2006-05-18,1922.3199,44.5656,679.6
2006-05-19,1930.27,44.682,656.7
2006-05-22,1922.72,44.7773,657.0
2006-05-23,1914.38,44.7508,673.0
2006-05-24,1917.48,44.772,637.0
2006-05-25,1939.52,44.5973,648.4
2006-05-26,1950.87,44.5656,650.9
2006-05-30,1920.09,44.5444,653.9
2006-05-31,1936.41,44.2798,642.5
2006-06-01,1960.28,44.4775,627.6
2006-06-02,1964.11,45.0513,635.5
2006-06-05,1929.23,44.9928,643.2
2006-06-06,1927.13,45.2054,629.4
2006-06-07,1915.77,45.216,627.4
2006-06-08,1918.59,45.3063,609.1
2006-06-09,1910.01,45.5454,608.2
2006-06-12,1885.8101,45.5826,606.8
2006-06-13,1866.92,45.6145,562.5
2006-06-14,1876.67,45.1575,562.3
2006-06-15,1916.5601,44.8972,566.5
2006-06-16,1909.52,44.7962,578.0
2006-06-19,1892.12,44.7325,568.8
2006-06-20,1892.13,44.6581,576.9
2006-06-21,1910.62,44.6687,587.5
2006-06-22,1900.98,44.4137,582.2
2006-06-23,1899.3199,44.3234,584.8
2006-06-26,1908.5601,44.2384,584.8
2006-06-27,1891.24,44.4562,581.6
2006-06-28,1901.98,44.2224,578.3
2006-06-29,1943.09,44.3712,586.5
2006-06-30,1939.03,44.8016,613.5
2006-07-03,1954.49,44.7573,613.5
2006-07-05,1940.55,44.3999,627.3
2006-07-06,1945.9,44.672,634.1
2006-07-07,1932.75,44.96,632.8
2006-07-10,1935.62,45.0026,624.1
2006-07-11,1943.66,45.1467,641.2
2006-07-12,1922.62,45.1573,649.4
2006-07-13,1897.73,45.3334,652.9
2006-07-14,1888.4301,45.36,666.6
2006-07-17,1885.8199,45.4294,650.6
2006-07-18,1889.48,45.04,628.3
2006-07-19,1924.74,45.4667,641.6
2006-07-20,1908.42,45.6,631.7
2006-07-21,1894.9399,45.5147,619.6
2006-07-24,1926.5,45.488,612.7
2006-07-25,1938.6801,45.3547,617.6
2006-07-26,1937.96,45.5201,621.6
2006-07-27,1930.3199,45.4507,632.4
2006-07-28,1953.86,45.7121,634.8
2006-07-31,1951.0,45.7708,634.2
2006-08-01,1942.22,45.7664,646.3
2006-08-02,1954.1801,45.9378,651.6
2006-08-03,1957.41,45.9485,644.9
2006-08-04,1956.05,46.227,644.0
2006-08-07,1950.63,46.2538,647.8
2006-08-08,1944.22,46.1521,645.7
2006-08-09,1936.3,46.0021,650.5
2006-08-10,1945.61,45.9325,634.9
2006-08-11,1938.13,45.7343,633.5
2006-08-14,1940.5,45.654,628.5
2006-08-15,1967.26,46.0396,622.5
2006-08-16,1982.8101,46.3502,628.7
2006-08-17,1986.04,46.3341,615.4
2006-08-18,1993.4301,46.468,612.1
2006-08-21,1986.11,46.634,625.7
2006-08-22,1988.1,46.6501,624.6
2006-08-23,1979.35,46.6715,623.7
2006-08-24,1984.09,46.7572,619.5
2006-08-25,1982.8101,46.8268,622.0
2006-08-28,1993.0601,46.8697,615.3
2006-08-29,1997.21,46.9339,610.7
2006-08-30,1998.08,47.0571,617.7
2006-08-31,1997.42,47.1696,625.9
2006-09-01,2008.47,47.1857,624.4
2006-09-04,2008.47,47.1857,624.4
2006-09-05,2012.0,46.89,638.5
2006-09-06,1992.42,46.8254,633.5
2006-09-07,1982.9301,46.9169,617.0
2006-09-08,1990.4399,46.9545,609.6
2006-09-11,1991.49,46.9114,590.0
2006-09-12,2012.3199,47.148,586.9
2006-09-13,2020.49,47.1696,589.1
2006-09-14,2017.86,47.062,579.3
2006-09-15,2023.35,47.0244,576.4
2006-09-18,2025.39,46.9491,586.2
2006-09-19,2021.01,47.476,576.8
2006-09-20,2031.59,47.5459,580.0
2006-09-21,2021.08,47.9814,582.2
2006-09-22,2016.09,48.218,589.4
2006-09-25,2033.87,48.5567,589.9
2006-09-26,2049.2,48.3524,591.2
2006-09-27,2049.97,48.2126,597.3
2006-09-28,2053.9299,48.132,605.0
2006-09-29,2048.8899,48.0728,598.6
2006-10-02,2041.99,48.2045,597.7
2006-10-03,2046.28,48.1398,576.3
2006-10-04,2071.45,48.4907,562.0
2006-10-05,2076.6299,48.1505,571.0
2006-10-06,2071.05,47.6485,572.4
2006-10-09,2072.71,47.7781,578.4
2006-10-10,2077.01,47.4002,571.9
2006-10-11,2071.8999,47.2599,572.3
2006-10-12,2091.6899,47.2869,576.3
2006-10-13,2095.97,47.0494,588.8
2006-10-16,2101.27,47.2599,594.7
2006-10-17,2093.5801,47.2977,589.7
2006-10-18,2096.71,47.3948,588.9
2006-10-19,2098.3201,47.3085,599.0
2006-10-20,2100.8601,47.2599,593.0
2006-10-23,2113.8201,47.071,579.7
2006-10-24,2114.3601,47.071,584.4
2006-10-25,2121.8401,47.4434,587.6
2006-10-26,2132.3899,47.7511,596.8
2006-10-27,2114.6499,47.9724,598.2
2006-10-30,2115.6299,48.1074,604.7
2006-10-31,2115.6499,48.4799,604.1
2006-11-01,2100.3701,48.7481,616.6
2006-11-02,2100.21,48.5476,625.4
2006-11-03,2095.6799,47.9732,626.9
2006-11-06,2119.53,48.1141,625.8
2006-11-07,2124.28,48.3362,625.7
2006-11-08,2129.22,48.5097,616.4
2006-11-09,2118.3201,48.4826,635.0
2006-11-10,2122.26,48.6939,628.4
2006-11-13,2128.1699,48.683,624.2
2006-11-14,2141.95,48.8727,623.8
2006-11-15,2147.6001,48.6885,622.5
2006-11-16,2152.5701,48.4663,620.6
2006-11-17,2154.8,48.7426,621.5
2006-11-20,2153.76,48.8185,621.2
2006-11-21,2157.4199,48.9377,628.2
2006-11-22,2162.6499,49.019,628.7
2006-11-24,2154.96,49.1057,628.7
2006-11-27,2125.6699,49.2845,628.7
2006-11-28,2133.52,49.3875,637.2
2006-11-29,2154.0901,49.2737,635.5
2006-11-30,2155.8899,49.5988,646.9
2006-12-01,2149.8501,49.725,644.7
2006-12-04,2169.0,49.8121,645.2
2006-12-05,2177.75,49.5782,642.3
2006-12-06,2175.45,49.4803,630.5
2006-12-07,2166.8701,49.4422,631.9
2006-12-08,2170.8401,49.0832,626.1
2006-12-11,2175.8,49.2953,630.0
2006-12-12,2173.5801,49.3987,627.0
2006-12-13,2176.52,48.9581,627.9
2006-12-14,2195.5901,48.7786,626.6
2006-12-15,2198.0701,48.8058,615.0
2006-12-18,2190.97,48.8221,614.0
2006-12-19,2195.8,48.7568,621.6
2006-12-20,2192.76,48.7514,620.6
2006-12-21,2185.21,48.9962,618.2
2006-12-22,2173.8999,48.6209,619.1
2006-12-26,2183.3799,48.7677,623.7
2006-12-27,2199.1499,48.4091,627.2
2006-12-28,2196.0,48.3,634.1
2006-12-29,2186.1299,48.2618,635.2
2007-01-02,2186.1299,48.2618,635.2
2007-01-03,2183.9199,48.6057,627.1
2007-01-04,2186.6001,48.9004,623.9
2007-01-05,2173.29,48.6875,604.9
2007-01-08,2178.8,48.7748,607.5
2007-01-09,2177.6799,48.7748,613.1
2007-01-10,2182.1599,48.5565,611.6
2007-01-11,2196.02,48.2727,612.4
2007-01-12,2206.6799,48.049,625.5
2007-01-16,2208.48,48.1527,624.6
2007-01-17,2206.7,48.0053,632.1
2007-01-18,2200.2,48.1527,627.1
2007-01-19,2206.6001,48.0217,635.5
2007-01-22,2195.0,48.1363,633.3
2007-01-23,2202.77,47.8197,645.2
2007-01-24,2221.5601,47.8143,647.6
2007-01-25,2196.54,47.4704,647.8
2007-01-26,2193.8899,47.4322,644.5
2007-01-29,2191.71,47.3286,643.1
2007-01-30,2204.3999,47.3831,644.2
2007-01-31,2219.1899,47.7815,652.0
2007-02-01,2231.6101,47.724,657.4
2007-02-02,2235.3899,47.7843,646.2
2007-02-05,2233.4399,47.8501,650.9
2007-02-06,2235.02,48.1131,653.6
2007-02-07,2239.05,48.2556,652.3
2007-02-08,2236.46,48.2939,658.0
2007-02-09,2220.72,48.0199,667.5
2007-02-12,2213.5801,47.9103,662.6
2007-02-13,2230.8,47.8062,663.9
2007-02-14,2248.3999,48.261,667.4
2007-02-15,2250.97,48.4035,667.3
2007-02-16,2249.0701,48.5734,668.8
2007-02-20,2255.48,48.6829,657.1
2007-02-21,2252.4299,48.6008,680.2
2007-02-22,2251.03,48.3377,679.4
2007-02-23,2243.26,48.6829,683.1
2007-02-26,2240.73,49.0062,686.5
2007-02-27,2163.1101,49.6255,683.9
2007-02-28,2175.78,49.4009,669.4
2007-03-01,2170.1699,49.3695,662.3
2007-03-02,2145.4299,49.617,641.5
2007-03-05,2125.3401,49.6995,636.7
2007-03-06,2158.3601,49.551,643.8
2007-03-07,2153.6499,49.7435,650.6
2007-03-08,2169.1399,49.6995,653.4
2007-03-09,2170.6201,49.177,650.0
2007-03-12,2176.5,49.3695,648.4
2007-03-13,2132.76,49.6665,647.6
2007-03-14,2147.1799,49.441,640.9
2007-03-15,2155.1799,49.4355,645.7
2007-03-16,2146.9299,49.4245,652.6
2007-03-19,2170.3301,49.32,653.1
2007-03-20,2184.1001,49.3475,657.9
2007-03-21,2221.46,49.3695,659.0
2007-03-22,2220.6799,48.9789,663.4
2007-03-23,2223.1201,48.8414,656.7
2007-03-26,2225.26,48.9019,663.4
2007-03-27,2211.52,48.8194,662.1
2007-03-28,2194.3799,48.7204,666.5
2007-03-29,2202.6799,48.6544,661.5
2007-03-30,2200.1201,48.5608,663.0
2007-04-02,2205.8501,48.6415,665.7
2007-04-03,2226.76,48.5807,664.0
2007-04-04,2229.26,48.6304,672.1
2007-04-05,2236.71,48.4482,674.2
2007-04-09,2238.03,48.128,671.9
2007-04-10,2243.9299,48.2716,676.5
2007-04-11,2229.4399,48.2384,676.8
2007-04-12,2243.3,48.2495,675.1
2007-04-13,2251.1201,48.1004,685.4
2007-04-16,2275.3501,48.3654,690.1
2007-04-17,2280.01,48.636,688.2
2007-04-18,2281.6101,48.8789,689.1
2007-04-19,2278.9099,48.7961,684.3
2007-04-20,2300.0801,48.6691,692.0
2007-04-23,2294.8301,48.8457,690.6
2007-04-24,2294.02,49.0279,684.2
2007-04-25,2317.5,48.8568,684.1
2007-04-26,2315.9099,48.5034,674.9
2007-04-27,2315.7,48.4924,678.7
2007-04-30,2297.5801,49.0003,680.5
2007-05-01,2303.6799,49.0358,674.4
2007-05-02,2318.8401,49.0081,672.3
2007-05-03,2329.54,48.8973,681.8
2007-05-04,2334.6101,49.0968,687.2
2007-05-07,2340.6799,49.2298,688.0
2007-05-08,2338.1399,49.119,685.1
2007-05-09,2346.3,48.925,680.3
2007-05-10,2313.9399,49.0414,665.1
2007-05-11,2336.48,48.8696,670.6
2007-05-14,2332.4299,48.7421,668.5
2007-05-15,2329.6101,48.7255,673.0
2007-05-16,2350.3999,48.6923,660.2
2007-05-17,2348.4399,48.4928,656.2
2007-05-18,2363.97,48.1714,661.0
2007-05-21,2367.6299,48.3154,662.9
2007-05-22,2366.1001,48.0661,659.1
2007-05-23,2363.29,47.9275,661.9
2007-05-24,2340.6399,47.9719,653.0
2007-05-25,2353.4199,47.861,655.1
2007-05-29,2357.3899,47.8555,657.1
2007-05-30,2377.0901,47.9553,653.1
2007-05-31,2377.75,47.8666,661.0
2007-06-01,2386.6299,47.6151,671.2
2007-06-04,2391.1299,47.8321,670.7
2007-06-05,2378.4399,47.5317,669.6
2007-06-06,2357.95,47.5094,669.3
2007-06-07,2316.6299,46.6582,660.1
2007-06-08,2342.98,46.6193,645.5
2007-06-11,2345.27,46.4858,654.3
2007-06-12,2320.22,45.8127,648.5
2007-06-13,2356.02,46.3579,648.2
2007-06-14,2367.52,46.2411,651.6
2007-06-15,2382.97,46.5581,654.5
2007-06-18,2380.0901,46.4635,655.8
2007-06-19,2384.26,46.8975,660.7
2007-06-20,2351.8701,46.5192,656.1
2007-06-21,2366.9199,46.2967,650.6
2007-06-22,2336.4099,46.5971,653.5
2007-06-25,2328.9099,46.853,651.3
2007-06-26,2321.46,46.8641,642.1
2007-06-27,2342.8401,46.9086,641.7
2007-06-28,2341.8999,46.8975,647.5
2007-06-29,2338.25,47.3815,648.1
2007-07-02,2363.28,47.6306,656.5
2007-07-03,2372.22,47.3402,652.9
2007-07-05,2373.0701,46.8096,648.4
2007-07-06,2381.5901,46.6197,652.7
2007-07-09,2383.8,46.7873,660.5
2007-07-10,2349.98,47.5803,662.5
2007-07-11,2363.72,47.0888,660.3
2007-07-12,2408.79,46.9269,666.7
2007-07-13,2416.28,47.0553,665.8
2007-07-16,2411.6499,47.5077,665.0
2007-07-17,2411.4099,47.4072,664.7
2007-07-18,2406.6899,47.5859,672.6
2007-07-19,2417.5,47.5747,677.2
2007-07-20,2387.96,48.0047,683.9
2007-07-23,2399.6399,47.9265,680.8
2007-07-24,2352.1201,48.1053,684.2
2007-07-25,2363.1201,48.2001,673.3
2007-07-26,2307.98,48.6023,662.5
2007-07-27,2271.4099,48.7418,660.0
2007-07-30,2294.75,48.6023,664.1
2007-07-31,2265.75,48.9541,666.9
2007-08-01,2282.3,48.8481,663.6
2007-08-02,2292.79,48.9714,664.6
2007-08-03,2231.98,49.2966,672.5
2007-08-06,2285.9299,48.9378,671.5
2007-08-07,2300.1001,48.8986,670.6
2007-08-08,2333.24,48.3043,674.5
2007-08-09,2264.5,48.3716,661.4
2007-08-10,2265.3601,48.2595,670.3
2007-08-13,2264.5801,48.3996,669.7
2007-08-14,2223.71,48.5285,668.6
2007-08-15,2193.3999,48.3548,668.9
2007-08-16,2200.6101,48.8537,648.3
2007-08-17,2254.6799,48.6575,656.9
2007-08-20,2254.0701,48.6856,656.7
2007-08-21,2256.53,48.921,656.7
2007-08-22,2283.0901,48.8425,659.1
2007-08-23,2280.6799,49.0107,658.9
2007-08-24,2307.22,49.2517,668.0
2007-08-27,2287.6201,49.5096,666.8
2007-08-28,2234.03,49.5938,664.4
2007-08-29,2283.5801,49.4592,666.3
2007-08-30,2274.1599,49.79,665.0
2007-08-31,2299.71,49.8292,673.0
2007-09-04,2323.8301,49.8529,682.5
2007-09-05,2298.1599,50.2525,681.7
2007-09-06,2308.3501,50.1231,695.6
2007-09-07,2269.3201,50.8324,700.8
2007-09-10,2266.51,51.2264,703.3
2007-09-11,2297.4099,51.187,712.2
2007-09-12,2298.1399,50.9956,711.9
2007-09-13,2317.6299,50.5396,709.5
2007-09-14,2318.1101,50.6128,709.6
2007-09-17,2306.25,50.8549,715.8
2007-09-18,2373.6299,50.4721,715.8
2007-09-19,2388.1499,50.0048,722.0
2007-09-20,2372.6101,49.0591,732.4
2007-09-21,2383.5601,49.4757,731.4
2007-09-24,2371.03,49.6165,732.1
2007-09-25,2370.27,49.4419,731.6
2007-09-26,2383.53,49.487,728.3
2007-09-27,2392.9199,49.8304,732.7
2007-09-28,2385.72,49.9429,742.8
2007-10-01,2417.4399,50.2284,747.2
2007-10-02,2416.8301,50.3866,729.8
2007-10-03,2406.3101,50.2396,729.3
2007-10-04,2411.4099,50.4318,737.8
2007-10-05,2435.1599,49.8892,741.3
2007-10-08,2427.3301,49.8497,732.8
2007-10-09,2447.03,49.7875,737.4
2007-10-10,2443.02,49.8158,740.4
2007-10-11,2430.55,49.7649,751.3
2007-10-12,2442.1201,49.5219,748.7
2007-10-15,2421.6699,49.5333,757.1
2007-10-16,2405.76,49.5502,757.0
2007-10-17,2410.22,50.0927,757.5
2007-10-18,2408.46,50.3696,764.1
2007-10-19,2346.78,51.1212,764.0
2007-10-22,2355.74,51.1269,755.8
2007-10-23,2376.48,51.0591,759.0
2007-10-24,2370.71,51.4377,761.6
2007-10-25,2368.4299,51.2625,767.3
2007-10-26,2401.0701,51.1438,783.9
2007-10-29,2410.3301,51.3416,789.1
2007-10-30,2394.8101,51.3134,784.3
2007-10-31,2423.6699,50.8499,792.0
2007-11-01,2360.21,51.5107,790.7
2007-11-02,2362.21,51.6752,805.7
2007-11-05,2350.6899,51.6526,808.1
2007-11-06,2379.05,51.4028,820.8
2007-11-07,2310.4099,51.4937,831.0
2007-11-08,2309.1799,51.4028,835.2
2007-11-09,2276.26,51.8399,832.5
2007-11-12,2253.53,52.0272,805.8
2007-11-13,2319.8601,51.8342,797.2
2007-11-14,2304.0601,51.891,813.0
2007-11-15,2273.73,52.3791,785.9
2007-11-16,2285.6699,52.4529,785.7
2007-11-19,2245.8101,52.7935,776.8
2007-11-20,2256.02,52.7367,790.3
2007-11-21,2220.21,53.0432,797.6
2007-11-23,2257.95,53.2021,824.0
2007-11-26,2205.49,54.2522,826.0
2007-11-27,2238.52,53.7357,813.7
2007-11-28,2303.1699,53.3724,800.1
2007-11-29,2304.4299,53.8322,795.3
2007-11-30,2322.3401,53.5711,782.2
2007-12-03,2308.74,53.9962,788.3
2007-12-04,2293.6499,53.9905,801.3
2007-12-05,2329.71,53.3465,797.5
2007-12-06,2364.97,52.8792,801.2
2007-12-07,2360.79,52.2866,794.4
2007-12-10,2378.6001,51.9732,807.7
2007-12-11,2318.52,52.9932,811.4
2007-12-12,2332.8501,52.4461,813.5
2007-12-13,2335.79,51.8763,799.0
2007-12-14,2303.79,51.6369,793.3
2007-12-17,2269.24,52.0985,794.8
2007-12-18,2283.5,52.4347,803.0
2007-12-19,2280.47,53.13,801.1
2007-12-20,2292.23,53.016,799.2
2007-12-21,2330.8101,52.241,811.6
2007-12-24,2349.6599,51.996,812.8
2007-12-26,2351.6001,51.54,826.0
2007-12-27,2318.72,52.1019,828.6
2007-12-28,2322.1101,52.9144,839.6
2007-12-31,2306.23,53.2348,834.9
2008-01-02,2273.4099,54.0015,857.0
2008-01-03,2273.4099,53.9271,866.4
2008-01-04,2217.5901,53.9386,863.1
2008-01-07,2224.76,54.1732,859.6
2008-01-08,2184.6699,54.1102,878.0
2008-01-09,2214.6001,54.2132,879.5
2008-01-10,2232.25,53.4809,891.7
2008-01-11,2202.03,53.8985,896.1
2008-01-14,2225.98,54.0988,901.6
2008-01-15,2170.51,54.7053,901.0
2008-01-16,2158.5801,54.3105,880.6
2008-01-17,2095.8601,55.0143,879.5
2008-01-18,2083.24,54.6366,880.8
2008-01-22,2060.1499,55.2202,889.6
2008-01-23,2104.3701,55.0944,882.5
2008-01-24,2125.6101,53.9901,905.5
2008-01-25,2091.8799,54.8998,910.5
2008-01-28,2128.6399,54.6939,927.1
2008-01-29,2141.8501,54.322,925.1
2008-01-30,2131.79,53.9672,920.6
2008-01-31,2167.8999,54.3505,922.7
2008-02-01,2194.4299,54.6773,908.7
2008-02-04,2171.51,54.1146,904.9
2008-02-05,2102.23,54.528,885.9
2008-02-06,2087.05,54.3614,900.7
2008-02-07,2104.02,53.1902,906.1
2008-02-08,2095.21,53.7988,918.4
2008-02-11,2107.6499,54.0227,922.9
2008-02-12,2123.0601,53.7012,907.4
2008-02-13,2152.76,53.1327,906.5
2008-02-14,2123.9399,52.3519,907.4
2008-02-15,2125.8501,52.7538,902.8
2008-02-19,2124.1201,52.2198,926.6
2008-02-20,2141.95,52.5816,934.6
2008-02-21,2115.1299,53.1385,946.1
2008-02-22,2132.02,52.8342,944.7
2008-02-25,2161.51,52.2945,937.6
2008-02-26,2176.48,52.3117,946.1
2008-02-27,2175.0,52.3576,958.2
2008-02-28,2155.8101,53.2878,964.5
2008-02-29,2097.48,54.1031,972.1
2008-03-03,2098.6399,53.9636,981.5
2008-03-04,2091.4199,53.4392,963.9
2008-03-05,2103.4199,52.7995,986.2
2008-03-06,2057.4399,53.0819,975.0
2008-03-07,2040.17,53.151,972.2
2008-03-10,2008.71,53.9348,969.9
2008-03-11,2083.3601,53.4738,974.2
2008-03-12,2065.21,54.5053,978.8
2008-03-13,2075.8799,54.0789,992.3
2008-03-14,2032.79,54.7474,998.2
2008-03-17,2014.88,55.1681,1001.4
2008-03-18,2100.3799,54.9548,1003.2
2008-03-19,2049.3999,55.8654,944.7
2008-03-20,2098.46,56.0037,919.6
2008-03-24,2130.6201,54.9203,918.3
2008-03-25,2135.54,55.1508,934.6
2008-03-26,2116.9299,54.9203,949.0
2008-03-27,2093.1101,54.5341,948.8
2008-03-28,2076.5601,55.0643,930.6
2008-03-31,2088.4199,55.2603,916.2
2008-04-01,2163.3799,54.3609,882.9
2008-04-02,2159.6299,54.4767,895.2
2008-04-03,2162.46,54.5982,905.0
2008-04-04,2164.21,55.0959,909.0
2008-04-07,2167.6101,54.8065,922.7
2008-04-08,2157.28,54.6156,914.0
2008-04-09,2139.99,55.1827,933.6
2008-04-10,2149.6699,54.9975,928.3
2008-04-11,2106.01,55.3679,923.6
2008-04-14,2098.9199,55.0438,925.4
2008-04-15,2108.5901,54.3609,928.7
2008-04-16,2156.6699,53.8284,945.1
2008-04-17,2158.0801,53.7359,939.8
2008-04-18,2197.24,53.6896,912.2
2008-04-21,2193.8701,53.9037,914.7
2008-04-22,2174.5901,54.0889,922.3
2008-04-23,2180.9099,53.9095,906.2
2008-04-24,2194.96,53.4523,886.8
2008-04-25,2209.25,53.1398,887.2
2008-04-28,2207.02,53.3018,892.9
2008-04-29,2198.5,53.5044,874.2
2008-04-30,2190.1299,53.8864,862.8
2008-05-01,2228.0901,53.8899,848.9
2008-05-02,2235.3,53.2102,856.1
2008-05-05,2225.3701,53.2102,872.3
2008-05-06,2242.47,52.8269,876.0
2008-05-07,2202.77,53.0534,869.6
2008-05-08,2210.95,53.5298,880.6
2008-05-09,2196.54,53.7272,884.5
2008-05-12,2220.8101,53.6459,883.7
2008-05-13,2220.46,53.0592,868.5
2008-05-14,2229.74,53.0825,865.4
2008-05-15,2253.76,53.5646,879.0
2008-05-16,2256.6399,53.3438,899.0
2008-05-19,2258.74,53.4136,905.0
2008-05-20,2237.79,53.6924,919.5
2008-05-21,2202.02,53.704,928.0
2008-05-22,2208.2,53.0708,917.9
2008-05-23,2179.05,53.3032,925.6
2008-05-27,2193.98,52.9431,907.7
2008-05-28,2203.1001,52.4726,900.5
2008-05-29,2215.1201,52.0951,877.2
2008-05-30,2218.5,52.4378,887.3
2008-06-02,2195.27,52.6401,892.9
2008-06-03,2182.6499,53.0189,881.6
2008-06-04,2183.01,52.5467,879.9
2008-06-05,2225.74,52.2319,871.8
2008-06-06,2157.24,52.9082,895.4
2008-06-09,2159.03,52.9082,894.7
2008-06-10,2153.77,52.5642,867.9
2008-06-11,2117.8401,52.4418,879.7
2008-06-12,2124.9399,51.9172,869.2
2008-06-13,2156.96,51.8064,870.3
2008-06-16,2157.1399,51.8181,883.6
2008-06-17,2142.55,51.923,884.3
2008-06-18,2121.78,52.3602,890.9
2008-06-19,2130.3,52.0513,901.7
2008-06-20,2090.8201,52.3544,901.3
2008-06-23,2090.9399,52.4651,884.8
2008-06-24,2085.0801,52.8149,889.2
2008-06-25,2097.3701,52.8382,880.0
2008-06-26,2036.4,53.1938,913.1
2008-06-27,2028.89,53.8176,929.3
2008-06-30,2031.47,53.8292,926.2
2008-07-01,2039.66,53.7017,942.5
2008-07-02,2002.64,53.9825,944.8
2008-07-03,2004.87,53.8655,931.9
2008-07-07,1988.09,54.1112,927.3
2008-07-08,2022.83,54.4622,921.9
2008-07-09,1976.97,54.7021,927.3
2008-07-10,1990.78,54.6963,940.9
2008-07-11,1968.86,53.9182,959.5
2008-07-14,1951.08,54.3921,972.7
2008-07-15,1929.85,54.3745,977.7
2008-07-16,1978.47,53.3916,961.8
2008-07-17,2002.3,53.1166,970.0
2008-07-18,2002.88,52.9177,957.3
2008-07-21,2001.86,53.1225,963.1
2008-07-22,2028.91,52.8592,948.0
2008-07-23,2037.15,52.7539,922.4
2008-07-24,1990.09,53.2688,922.0
2008-07-25,1998.41,52.7363,926.6
2008-07-28,1961.23,53.2688,927.6
2008-07-29,2007.21,53.0523,916.4
2008-07-30,2040.8101,53.105,902.9
2008-07-31,2014.39,53.6315,913.9
2008-08-01,2003.16,53.7501,909.0
2008-08-04,1985.23,53.6267,900.1
2008-08-05,2042.4399,53.2275,878.6
2008-08-06,2050.23,53.0103,875.6
2008-08-07,2013.66,53.8734,870.7
2008-08-08,2061.77,54.0202,857.8
2008-08-11,2076.5901,53.5035,821.5
2008-08-12,2051.6599,54.0026,808.2
2008-08-13,2046.35,53.8147,825.0
2008-08-14,2057.72,54.1611,808.2
2008-08-15,2066.3601,54.6309,786.0
2008-08-18,2035.3,54.8481,799.7
2008-08-19,2016.52,54.6367,811.1
2008-08-20,2029.15,54.7894,810.3
2008-08-21,2034.35,54.6896,833.0
2008-08-22,2057.6399,54.6543,827.4
2008-08-25,2017.27,55.2005,819.8
2008-08-26,2024.72,55.2474,822.2
2008-08-27,2041.24,55.3414,828.1
2008-08-28,2071.8601,55.3472,830.9
2008-08-29,2043.53,55.1006,829.3
2008-09-02,2035.24,55.6133,805.0
2008-09-03,2032.13,55.849,802.7
2008-09-04,1971.37,56.2969,797.9
2008-09-05,1980.1801,56.2674,797.6
2008-09-08,2021.13,56.5031,797.5
2008-09-09,1952.14,57.063,787.1
2008-09-10,1964.25,56.7094,757.9
2008-09-11,1992.0,56.68,741.3
2008-09-12,1996.26,55.9492,760.3
2008-09-15,1902.17,57.7643,783.1
2008-09-16,1935.49,57.7525,776.5
2008-09-17,1844.3101,58.0412,846.6
2008-09-18,1924.85,57.1927,892.7
2008-09-19,2002.3199,55.3776,860.6
2008-09-22,1925.86,55.3716,903.9
2008-09-23,1895.78,55.1595,885.5
2008-09-24,1892.05,55.4012,889.0
2008-09-25,1929.24,55.2892,877.7
2008-09-26,1935.79,55.6899,882.9
2008-09-29,1765.72,57.3105,888.2
2008-09-30,1861.4399,55.9138,874.2
2008-10-01,1853.26,56.6173,880.7
2008-10-02,1778.9,57.0725,839.0
2008-10-03,1754.91,57.5749,828.9
2008-10-06,1687.34,58.6212,862.7
2008-10-07,1590.51,58.4438,878.4
2008-10-08,1573.34,57.6044,903.1
2008-10-09,1453.52,57.1197,883.1
2008-10-10,1436.5601,56.7178,855.4
2008-10-13,1602.9301,55.9907,838.9
2008-10-14,1594.41,55.6301,836.3
2008-10-15,1450.5,56.1621,835.5
2008-10-16,1512.21,55.8725,801.5
2008-10-17,1502.84,55.4883,785.1
2008-10-20,1574.5,55.9316,787.6
2008-10-21,1526.02,56.2272,766.1
2008-10-22,1433.22,57.368,733.3
2008-10-23,1451.37,57.7936,713.3
2008-10-24,1401.29,57.1788,729.1
2008-10-27,1356.78,57.2202,741.7
2008-10-28,1503.16,56.3867,739.3
2008-10-29,1486.73,56.103,752.8
2008-10-30,1525.37,55.5946,737.2
2008-10-31,1548.8101,54.8735,716.8
2008-11-03,1544.91,55.0218,725.4
2008-11-04,1608.0,56.0545,756.0
2008-11-05,1524.21,56.7192,741.3
2008-11-06,1448.01,56.3097,731.2
2008-11-07,1490.3101,55.9417,733.2
2008-11-10,1471.64,56.2147,745.6
2008-11-11,1439.22,56.381,732.0
2008-11-12,1365.15,56.743,717.7
2008-11-13,1459.8199,55.3839,704.9
2008-11-14,1399.2,56.4818,742.4
2008-11-17,1363.14,56.7311,741.9
2008-11-18,1376.8199,57.4611,732.6
2008-11-19,1292.76,58.9329,735.9
2008-11-20,1206.04,61.9774,748.6
2008-11-21,1282.59,61.0813,791.7
2008-11-24,1365.63,60.1258,819.4
2008-11-25,1374.79,61.8944,818.4
2008-11-26,1423.9,61.9774,808.5
2008-11-28,1437.6801,62.7431,816.2
2008-12-01,1309.39,65.1459,774.6
2008-12-02,1361.79,65.3959,781.3
2008-12-03,1397.72,65.5805,768.8
2008-12-04,1356.8101,66.8727,763.8
2008-12-05,1406.36,65.789,750.5
2008-12-08,1460.6,65.646,767.4
2008-12-09,1426.88,66.9442,772.4
2008-12-10,1444.0,66.7835,807.1
2008-12-11,1403.2,66.9144,824.9
2008-12-12,1413.0699,66.9144,818.9
2008-12-15,1395.21,67.6767,835.4
2008-12-16,1466.87,69.3499,841.7
2008-12-17,1452.88,71.2317,867.5
2008-12-18,1422.1899,72.7263,859.6
2008-12-19,1426.39,72.8038,836.4
2008-12-22,1400.42,72.244,846.2
2008-12-23,1387.08,72.1487,837.2
2008-12-24,1395.76,71.9939,847.1
2008-12-26,1403.22,72.2321,870.4
2008-12-29,1398.25,72.1454,874.6
2008-12-30,1432.65,72.8326,869.3
2008-12-31,1452.98,71.309,883.6
2009-01-02,1499.17,69.5165,878.8
2009-01-05,1492.21,67.7241,857.2
2009-01-06,1503.87,67.043,865.4
2009-01-07,1459.58,67.3059,841.1
2009-01-08,1464.6,67.2521,853.9
2009-01-09,1433.41,67.3537,854.3
2009-01-12,1401.0699,68.0528,820.3
2009-01-13,1403.63,68.1244,820.1
2009-01-14,1356.79,69.2477,808.2
2009-01-15,1358.64,69.3612,806.7
2009-01-16,1368.92,68.2917,839.3
2009-01-20,1296.63,68.2798,854.6
2009-01-21,1353.33,66.1229,849.6
2009-01-22,1332.84,64.8503,858.2
2009-01-23,1340.02,64.3424,895.3
2009-01-26,1347.47,63.7808,908.5
2009-01-27,1362.1801,65.2805,899.2
2009-01-28,1408.0699,63.6493,888.1
2009-01-29,1361.54,62.1855,905.1
2009-01-30,1330.51,61.9883,927.3
2009-02-02,1329.8101,63.1416,906.7
2009-02-03,1350.89,61.6378,892.0
2009-02-04,1341.77,61.4222,901.6
2009-02-05,1363.8199,61.4761,913.6
2009-02-06,1401.0601,61.2843,913.9
2009-02-09,1403.1899,61.4821,892.4
2009-02-10,1334.3,62.8181,913.7
2009-02-11,1345.5,63.6329,943.8
2009-02-12,1348.15,63.0338,948.5
2009-02-13,1334.83,61.3563,941.5
2009-02-17,1274.26,63.2674,967.0
2009-02-18,1273.29,62.7283,977.7
2009-02-19,1258.8199,61.6618,976.1
2009-02-20,1244.72,62.261,1001.8
2009-02-23,1201.5601,62.8361,994.6
2009-02-24,1249.76,62.7702,969.1
2009-02-25,1236.74,62.0453,965.7
2009-02-26,1217.49,61.3922,941.8
2009-02-27,1188.84,61.0387,941.5
2009-03-02,1133.4301,62.0492,939.0
2009-03-03,1126.1801,61.6347,912.9
2009-03-04,1153.35,61.3524,906.0
2009-03-05,1104.38,63.0586,927.0
2009-03-06,1106.0,62.6381,942.1
2009-03-09,1095.04,62.2715,917.7
2009-03-10,1164.83,61.076,895.6
2009-03-11,1168.0699,61.7369,910.4
2009-03-12,1215.87,62.0312,923.7
2009-03-13,1225.3199,61.7188,929.8
2009-03-16,1221.03,60.7455,921.6
2009-03-17,1260.29,60.4151,916.4
2009-03-18,1286.62,62.7041,888.7
2009-03-19,1269.9301,62.7822,958.3
2009-03-20,1244.86,62.4338,955.8
2009-03-23,1333.21,61.8931,952.1
2009-03-24,1306.03,62.4818,923.3
2009-03-25,1318.61,61.6407,935.4
2009-03-26,1349.37,62.3556,939.6
2009-03-27,1322.1899,62.8183,923.0
2009-03-30,1276.22,63.0586,915.5
2009-03-31,1292.98,63.5091,922.6
2009-04-01,1314.63,64.0888,926.1
2009-04-02,1352.47,63.3055,907.4
2009-04-03,1365.66,62.0101,895.6
2009-04-06,1354.36,61.745,871.5
2009-04-07,1322.91,61.9016,882.2
2009-04-08,1338.53,62.4499,884.8
2009-04-09,1389.49,61.6667,882.2
2009-04-13,1393.13,62.2331,894.7
2009-04-14,1365.2,62.5584,890.9
2009-04-15,1382.36,62.4499,892.8
2009-04-16,1403.89,61.9559,879.3
2009-04-17,1410.85,61.2751,867.4
2009-04-20,1350.52,62.2029,887.0
2009-04-21,1379.22,61.5884,882.1
2009-04-22,1368.92,61.2148,891.8
2009-04-23,1382.52,61.2088,905.9
2009-04-24,1405.74,60.5942,913.6
2009-04-27,1391.58,60.8533,907.4
2009-04-28,1387.8199,59.8592,892.8
2009-04-29,1417.99,59.3289,899.8
2009-04-30,1416.73,59.094,890.7
2009-05-01,1424.41,58.6873,887.6
2009-05-04,1472.64,58.8807,901.6
2009-05-05,1467.25,58.8081,903.7
2009-05-06,1493.3101,58.6692,910.5
2009-05-07,1473.66,57.2369,915.0
2009-05-08,1509.14,57.3758,914.4
2009-05-11,1477.2,58.1917,913.0
2009-05-12,1475.83,58.4032,923.5
2009-05-13,1436.74,59.0378,925.5
2009-05-14,1451.17,59.2674,928.0
2009-05-15,1435.48,59.2493,930.9
2009-05-18,1479.24,58.3307,921.3
2009-05-19,1476.9399,58.0225,926.3
2009-05-20,1469.47,58.6328,937.0
2009-05-21,1445.28,57.1583,950.8
2009-05-22,1443.14,56.5237,958.5
2009-05-26,1481.1,55.6716,953.1
2009-05-27,1453.28,54.6866,953.2
2009-05-28,1475.9399,55.4782,961.5
2009-05-29,1495.97,56.9105,978.8
2009-06-01,1534.65,55.228,978.6
2009-06-02,1537.6899,55.5251,983.2
2009-06-03,1516.88,56.0465,964.5
2009-06-04,1534.59,54.8885,981.2
2009-06-05,1530.8101,54.4702,961.7
2009-06-08,1529.59,54.3307,951.7
2009-06-09,1535.03,54.3246,954.0
2009-06-10,1529.76,53.4697,954.0
2009-06-11,1539.5,54.0639,961.3
2009-06-12,1541.7,54.549,940.1
2009-06-15,1505.0601,55.04,926.9
2009-06-16,1485.92,55.998,931.6
2009-06-17,1483.9,55.6827,935.4
2009-06-18,1496.59,54.84,934.0
2009-06-19,1501.25,55.5918,935.6
2009-06-22,1455.54,56.1314,920.6
2009-06-23,1458.92,56.7923,923.9
2009-06-24,1468.48,56.2224,934.1
2009-06-25,1499.98,57.2531,939.1
2009-06-26,1498.08,57.3501,940.7
2009-06-29,1511.7,57.4349,940.4
2009-06-30,1498.9399,57.3379,927.1
2009-07-01,1505.64,57.2242,941.0
2009-07-02,1461.8,57.358,930.7
2009-07-06,1465.58,57.2485,924.0
2009-07-07,1436.74,57.6318,928.8
2009-07-08,1435.2,58.6962,909.0
2009-07-09,1440.3,57.9967,915.9
2009-07-10,1434.5,58.5319,912.2
2009-07-13,1470.4301,58.2035,922.2
2009-07-14,1478.24,57.2364,922.5
2009-07-15,1522.09,55.7643,939.1
2009-07-16,1535.3,56.3665,935.1
2009-07-17,1534.71,55.4968,937.2
2009-07-20,1552.26,55.7887,948.5
2009-07-21,1557.91,56.9018,946.6
2009-07-22,1557.37,56.3909,953.0
2009-07-23,1593.65,55.3569,954.5
2009-07-24,1598.5,55.6245,952.8
2009-07-27,1603.26,54.9858,953.3
2009-07-28,1599.09,55.4724,939.0
2009-07-29,1592.0,55.7766,927.2
2009-07-30,1611.14,56.5673,934.9
2009-07-31,1612.3101,57.6683,953.7
2009-08-03,1637.0601,56.7943,956.6
2009-08-04,1642.03,56.3426,967.5
2009-08-05,1637.8101,55.5004,964.2
2009-08-06,1628.8199,55.6896,960.7
2009-08-07,1650.73,55.2259,957.3
2009-08-10,1645.26,55.9154,945.0
2009-08-11,1624.91,56.5624,945.8
2009-08-12,1644.23,55.9582,950.7
2009-08-13,1655.66,56.7515,954.7
2009-08-14,1641.54,56.9713,947.0
2009-08-17,1602.0601,57.8135,934.3
2009-08-18,1618.6,57.4778,937.7
2009-08-19,1629.92,57.9539,943.3
2009-08-20,1647.85,58.4299,940.3
2009-08-21,1678.84,57.2276,953.2
2009-08-24,1677.9399,58.2651,942.3
2009-08-25,1681.92,58.5947,944.5
2009-08-26,1682.29,58.8632,944.3
2009-08-27,1687.16,58.6313,945.5
2009-08-28,1684.05,58.8998,957.0
2009-08-31,1670.52,58.9547,951.7
2009-09-01,1633.63,58.8121,954.7
2009-09-02,1628.66,59.6693,976.6
2009-09-03,1642.6801,59.3019,995.8
2009-09-04,1664.34,58.2917,994.9
2009-09-08,1679.3199,57.8815,997.9
2009-09-09,1692.48,57.8141,995.3
2009-09-10,1710.14,58.8795,995.4
2009-09-11,1708.1801,59.2039,1004.9
2009-09-14,1719.04,58.6162,999.9
2009-09-15,1724.45,58.3162,1005.0
2009-09-16,1750.91,58.4203,1018.9
2009-09-17,1745.8,59.155,1012.3
2009-09-18,1750.4301,58.6284,1009.2
2009-09-21,1744.47,58.7631,1003.7
2009-09-22,1755.99,58.8855,1014.2
2009-09-23,1738.3199,59.0631,1013.0
2009-09-24,1722.02,59.2346,997.5
2009-09-25,1711.53,59.9876,990.2
2009-09-28,1742.3199,60.5141,992.5
2009-09-29,1738.48,60.459,993.1
2009-09-30,1732.86,60.4039,1008.0
2009-10-01,1688.24,61.2312,999.5
2009-10-02,1680.7,60.8074,1003.2
2009-10-05,1705.73,60.8135,1016.7
2009-10-06,1729.14,60.2117,1038.6
2009-10-07,1734.74,60.9179,1043.3
2009-10-08,1747.7,60.2793,1055.4
2009-10-09,1757.6,58.8974,1047.8
2009-10-12,1765.3101,58.9895,1056.7
2009-10-13,1760.51,59.2966,1064.2
2009-10-14,1791.47,58.4184,1063.9
2009-10-15,1798.91,58.1481,1049.8
2009-10-16,1784.35,58.621,1050.7
2009-10-19,1801.12,59.0816,1057.3
2009-10-20,1789.9301,59.401,1057.8
2009-10-21,1774.33,59.0448,1063.7
2009-10-22,1793.34,58.7561,1057.8
2009-10-23,1771.5,58.3139,1055.6
2009-10-26,1750.75,57.5585,1042.1
2009-10-27,1744.95,58.3447,1034.7
2009-10-28,1711.09,58.621,1029.9
2009-10-29,1749.76,57.9823,1046.4
2009-10-30,1700.67,58.8237,1039.7
2009-11-02,1711.65,58.5637,1053.4
2009-11-03,1715.8101,57.9784,1084.3
2009-11-04,1718.21,57.4485,1086.7
2009-11-05,1751.45,57.4485,1088.7
2009-11-06,1756.0699,57.504,1095.1
2009-11-09,1795.5601,57.5717,1100.8
2009-11-10,1795.9,57.467,1101.9
2009-11-11,1804.9301,57.7073,1114.0
2009-11-12,1786.66,57.6025,1106.0
2009-11-13,1796.9301,57.8675,1116.1
2009-11-16,1823.29,58.5452,1138.6
2009-11-17,1825.1801,58.8594,1138.8
2009-11-18,1824.61,58.5144,1140.7
2009-11-19,1800.12,58.6191,1141.4
2009-11-20,1794.65,58.6068,1146.4
2009-11-23,1819.17,58.5329,1164.3
2009-11-24,1818.3101,58.9026,1165.5
2009-11-25,1826.74,59.1737,1186.9
2009-11-27,1795.7,59.3955,1174.2
2009-11-30,1802.6801,59.5372,1181.1
2009-12-01,1824.54,58.8739,1199.1
2009-12-02,1825.4,58.9234,1212.0
2009-12-03,1810.13,58.3114,1217.4
2009-12-04,1820.11,57.6934,1168.8
2009-12-07,1815.7,57.7676,1163.4
2009-12-08,1797.3101,57.8541,1142.8
2009-12-09,1804.1,57.5883,1120.4
2009-12-10,1814.8101,56.927,1125.7
2009-12-11,1821.5,56.9208,1119.4
2009-12-14,1834.55,56.9887,1123.3
2009-12-15,1824.37,56.7353,1122.4
2009-12-16,1826.45,56.6673,1135.5
2009-12-17,1804.96,57.6007,1106.8
2009-12-18,1815.35,57.3534,1110.8
2009-12-21,1834.59,56.3336,1095.4
2009-12-22,1841.17,56.0183,1086.0
2009-12-23,1845.8,56.0307,1093.3
2009-12-24,1855.5,55.4497,1104.1
2009-12-28,1857.89,55.2951,1107.2
2009-12-29,1855.61,55.6599,1097.0
2009-12-30,1856.14,56.0259,1091.5
2009-12-31,1837.5,55.7592,1095.2
2010-01-04,1867.0601,55.7095,1117.7
2010-01-05,1872.9,56.0693,1118.1
2010-01-06,1874.73,55.3188,1135.9
2010-01-07,1882.34,55.4118,1133.1
2010-01-08,1887.77,55.387,1138.2
2010-01-11,1891.0601,55.0831,1150.7
2010-01-12,1873.3199,56.0259,1128.9
2010-01-13,1889.1,55.3745,1136.4
2010-01-14,1893.72,56.1499,1142.6
2010-01-15,1873.3,56.4973,1130.1
2010-01-19,1896.72,56.336,1139.7
2010-01-20,1876.9,56.9068,1112.3
2010-01-21,1841.39,57.1672,1102.7
2010-01-22,1800.61,57.068,1089.2
2010-01-25,1808.9301,56.8075,1095.2
2010-01-26,1801.34,56.8261,1097.9
2010-01-27,1810.21,56.7951,1084.4
2010-01-28,1788.97,56.7641,1083.6
2010-01-29,1771.4,57.2603,1083.0
2010-02-01,1796.67,56.7405,1104.3
2010-02-02,1819.99,56.9024,1117.4
2010-02-03,1810.64,56.2425,1111.4
2010-02-04,1754.3,57.1327,1062.4
2010-02-05,1759.38,57.2572,1052.2
2010-02-08,1744.37,57.3318,1065.7
2010-02-09,1767.1801,56.7591,1076.7
2010-02-10,1763.6899,56.2176,1075.8
2010-02-11,1781.01,55.9126,1094.2
2010-02-12,1776.5,56.1429,1089.5
2010-02-16,1808.72,56.2487,1119.3
2010-02-17,1816.7,55.6076,1119.5
2010-02-18,1828.8101,55.3835,1118.0
2010-02-19,1833.09,55.6823,1121.3
2010-02-22,1831.21,55.4519,1112.6
2010-02-23,1809.05,56.3172,1102.7
2010-02-24,1826.99,56.4542,1096.5
2010-02-25,1823.64,56.7717,1107.8
2010-02-26,1826.27,57.0642,1118.3
2010-03-01,1844.87,57.0392,1117.8
2010-03-02,1849.17,56.9642,1136.9
2010-03-03,1850.24,56.8207,1142.7
2010-03-04,1857.2,57.1204,1132.6
2010-03-05,1883.28,56.371,1134.8
2010-03-08,1883.29,56.0775,1123.6
2010-03-09,1886.6,56.09,1122.0
2010-03-10,1895.38,55.9464,1107.8
2010-03-11,1903.6801,56.1525,1108.0
2010-03-12,1903.29,56.5022,1101.5
2010-03-15,1904.1899,56.4272,1105.1
2010-03-16,1919.02,56.8768,1122.2
2010-03-17,1930.22,57.1204,1124.0
2010-03-18,1929.63,56.9331,1127.4
2010-03-19,1919.8,56.9893,1107.4
2010-03-22,1929.64,57.0517,1099.3
2010-03-23,1943.7,56.7832,1103.5
2010-03-24,1933.04,55.7465,1088.6
2010-03-25,1929.75,55.3906,1092.7
2010-03-26,1931.1801,55.5467,1104.2
2010-03-29,1942.51,55.3344,1110.3
2010-03-30,1942.8101,55.5093,1104.5
2010-03-31,1936.48,55.8902,1113.3
2010-04-01,1950.91,55.7535,1125.1
2010-04-05,1966.4399,54.8259,1132.9
2010-04-06,1969.76,54.9136,1135.1
2010-04-07,1959.04,55.6157,1152.3
2010-04-08,1965.72,55.6407,1152.2
2010-04-09,1978.86,55.7724,1161.1
2010-04-12,1982.4,56.0669,1161.6
2010-04-13,1983.91,56.2487,1152.8
2010-04-14,2006.0601,55.8538,1159.0
2010-04-15,2007.74,55.9165,1159.7
2010-04-16,1975.36,56.3239,1136.3
2010-04-19,1984.3199,56.1861,1135.2
2010-04-20,2000.33,56.3866,1138.6
2010-04-21,1998.3101,56.8504,1148.2
2010-04-22,2002.9301,56.6812,1142.3
2010-04-23,2017.1899,56.4806,1153.1
2010-04-26,2008.55,56.5433,1153.5
2010-04-27,1961.6,57.3394,1161.7
2010-04-28,1974.63,56.8504,1171.3
2010-04-29,2000.34,57.0886,1168.4
2010-04-30,1967.05,57.7468,1180.1
2010-05-03,1992.87,57.6713,1182.7
2010-05-04,1945.37,58.7091,1168.6
2010-05-05,1933.25,59.055,1174.6
2010-05-06,1870.95,60.8791,1196.9
2010-05-07,1842.3199,60.1181,1210.0
2010-05-10,1923.39,58.8726,1200.4
2010-05-11,1917.25,58.7217,1219.9
2010-05-12,1944.25,58.2751,1242.7
2010-05-13,1920.76,58.6588,1228.8
2010-05-14,1884.67,59.6777,1227.4
2010-05-17,1887.11,59.4576,1227.7
2010-05-18,1860.65,60.3696,1214.3
2010-05-19,1851.28,60.5709,1192.6
2010-05-20,1779.3,61.8477,1187.8
2010-05-21,1806.05,61.9106,1175.7
2010-05-24,1782.77,61.6968,1193.8
2010-05-25,1783.4,61.9987,1197.8
2010-05-26,1773.65,61.8226,1213.3
2010-05-27,1832.61,60.4199,1211.9
2010-05-28,1809.98,60.6967,1212.2
2010-06-01,1778.99,61.1233,1224.8
2010-06-02,1825.25,60.5427,1220.6
2010-06-03,1832.72,60.1009,1208.3
2010-06-04,1769.72,61.7165,1216.2
2010-06-07,1745.87,62.1899,1239.3
2010-06-08,1765.29,61.8806,1244.0
2010-06-09,1754.91,61.8113,1228.5
2010-06-10,1806.6899,60.7068,1220.8
2010-06-11,1815.26,61.4768,1228.9
2010-06-14,1812.02,61.1612,1223.3
2010-06-15,1854.61,60.9088,1233.2
2010-06-16,1853.62,61.2558,1229.3
2010-06-17,1856.25,61.7545,1247.5
2010-06-18,1858.7,61.6535,1257.2
2010-06-21,1851.55,61.4768,1239.7
2010-06-22,1822.05,62.2088,1239.9
2010-06-23,1816.65,62.6317,1234.1
2010-06-24,1786.13,62.2593,1245.5
2010-06-25,1791.24,62.5118,1255.8
2010-06-28,1787.9399,63.0987,1238.2
2010-06-29,1732.55,63.7866,1242.0
2010-06-30,1715.23,64.2158,1245.5
2010-07-01,1709.77,64.317,1206.3
2010-07-02,1701.86,63.8043,1207.4
2010-07-06,1710.97,64.3298,1194.8
2010-07-07,1765.42,63.5764,1198.6
2010-07-08,1782.1,63.1712,1195.8
2010-07-09,1794.9399,62.8104,1209.6
2010-07-12,1796.3,62.7851,1198.5
2010-07-13,1824.0699,62.247,1213.3
2010-07-14,1823.8199,62.8738,1206.8
2010-07-15,1826.0,63.5004,1208.1
2010-07-16,1773.4301,63.8106,1188.0
2010-07-19,1784.0601,63.4181,1181.7
2010-07-20,1804.48,63.5131,1191.5
2010-07-21,1781.6,64.5892,1191.6
2010-07-22,1821.76,63.8423,1195.5
2010-07-23,1836.75,63.1649,1187.7
2010-07-26,1857.33,63.0573,1183.0
2010-07-27,1855.39,62.4496,1158.0
2010-07-28,1842.66,62.6521,1160.4
2010-07-29,1835.29,62.6332,1168.4
2010-07-30,1835.4,63.608,1181.7
2010-08-02,1875.85,62.7151,1183.4
2010-08-03,1866.87,63.0771,1185.2
2010-08-04,1878.8101,62.5945,1193.7
2010-08-05,1876.51,62.8866,1197.2
2010-08-06,1869.77,63.5725,1203.4
2010-08-09,1880.0601,63.3375,1200.7
2010-08-10,1868.88,63.4709,1196.2
2010-08-11,1817.13,64.3219,1197.5
2010-08-12,1807.61,64.1631,1214.8
2010-08-13,1800.39,64.9633,1214.9
2010-08-16,1800.7,66.5892,1224.5
2010-08-17,1823.1801,66.2081,1226.6
2010-08-18,1826.14,66.386,1229.7
2010-08-19,1795.24,67.4212,1233.8
2010-08-20,1788.67,67.3449,1227.2
2010-08-23,1781.47,67.3576,1226.9
2010-08-24,1755.65,68.4373,1231.8
2010-08-25,1761.62,68.215,1239.5
2010-08-26,1748.14,68.8565,1235.4
2010-08-27,1777.6,66.9067,1236.0
2010-08-30,1751.79,68.1896,1237.1
2010-08-31,1752.55,68.9454,1248.3
2010-09-01,1804.46,67.5198,1246.3
2010-09-02,1820.98,66.8064,1251.5
2010-09-03,1845.1,65.9783,1249.2
2010-09-07,1824.05,67.3287,1257.3
2010-09-08,1836.21,66.7937,1255.6
2010-09-09,1845.09,65.4751,1248.9
2010-09-10,1854.1,65.1757,1244.5
2010-09-13,1875.41,65.4942,1245.1
2010-09-14,1874.0699,66.1248,1269.7
2010-09-15,1880.74,65.1439,1266.7
2010-09-16,1880.37,64.5005,1271.9
2010-09-17,1881.9301,64.7617,1275.6
2010-09-20,1910.6,65.1374,1279.0
2010-09-21,1905.74,66.042,1272.4
2010-09-22,1896.77,66.6344,1290.2
2010-09-23,1880.97,66.8255,1294.3
2010-09-24,1920.84,65.9274,1296.0
2010-09-27,1909.98,67.0739,1296.7
2010-09-28,1919.59,67.5325,1306.6
2010-09-29,1914.84,67.2523,1308.5
2010-09-30,1908.95,67.2077,1307.8
2010-10-01,1917.42,66.8829,1316.1
2010-10-04,1902.15,67.0555,1315.4
2010-10-05,1941.8199,66.6527,1338.9
2010-10-06,1941.5,67.4902,1346.4
2010-10-07,1938.3101,66.9276,1333.9
2010-10-08,1950.1801,66.6336,1344.2
2010-10-11,1950.47,66.6463,1353.3
2010-10-12,1957.92,65.9878,1345.7
2010-10-13,1972.08,65.8855,1369.5
2010-10-14,1964.9,64.9009,1376.7
2010-10-15,1968.87,64.1081,1371.1
2010-10-18,1983.17,64.626,1371.2
2010-10-19,1951.67,65.016,1335.1
2010-10-20,1972.51,65.1566,1343.3
2010-10-21,1976.12,64.383,1324.7
2010-10-22,1980.83,64.8178,1324.4
2010-10-25,1985.11,65.0032,1338.3
2010-10-26,1985.13,63.9994,1338.0
2010-10-27,1980.05,63.4368,1322.2
2010-10-28,1982.45,63.6094,1342.1
2010-10-29,1981.59,64.204,1357.1
2010-11-01,1983.47,63.9275,1350.2
2010-11-02,1998.86,64.7678,1356.4
2010-11-03,2006.58,63.4465,1337.1
2010-11-04,2045.62,63.9404,1382.7
2010-11-05,2053.77,62.8436,1397.3
2010-11-08,2049.6899,63.1258,1402.8
2010-11-09,2033.85,61.734,1409.8
2010-11-10,2043.16,61.8174,1399.1
2010-11-11,2034.48,61.7853,1403.1
2010-11-12,2010.5699,61.4518,1365.4
2010-11-15,2008.25,60.169,1368.4
2010-11-16,1976.26,61.6634,1338.3
2010-11-17,1977.0,61.3235,1336.8
2010-11-18,2007.38,61.5736,1352.9
2010-11-19,2012.59,61.952,1352.2
2010-11-22,2009.52,62.215,1357.7
2010-11-23,1980.89,62.5229,1377.5
2010-11-24,2010.5601,61.4069,1372.9
2010-11-26,1996.03,62.2599,1362.3
2010-11-29,1993.83,62.7923,1366.0
2010-11-30,1981.84,63.1194,1385.0
2010-12-01,2024.97,61.7163,1387.3
2010-12-02,2050.96,61.5554,1388.5
2010-12-03,2056.3999,61.0727,1405.4
2010-12-06,2053.8,61.9351,1415.3
2010-12-07,2054.8899,60.6092,1408.3
2010-12-08,2063.03,60.0236,1382.5
2010-12-09,2071.1201,60.3196,1392.1
2010-12-10,2083.5701,59.9528,1384.3
2010-12-13,2084.0,60.178,1397.3
2010-12-14,2085.9299,59.3027,1403.6
2010-12-15,2075.29,58.5304,1385.5
2010-12-16,2088.1899,58.9359,1370.4
2010-12-17,2089.95,60.0107,1378.6
2010-12-20,2095.3201,59.9464,1385.5
2010-12-21,2108.26,60.3647,1388.2
2010-12-22,2115.6899,59.9335,1386.8
2010-12-23,2112.3701,59.8112,1380.0
2010-12-27,2113.6699,60.3454,1382.4
2010-12-28,2115.3201,59.1635,1405.2
2010-12-29,2117.8301,60.1646,1413.1
2010-12-30,2114.7,60.1194,1405.6
2010-12-31,2114.29,60.7845,1421.1
2011-01-03,2138.3,60.326,1422.6
2011-01-04,2135.53,60.3971,1378.5
2011-01-05,2146.5,59.0667,1373.4
2011-01-06,2142.76,59.3251,1371.4
2011-01-07,2138.8101,59.6415,1368.5
2011-01-10,2135.8601,59.9644,1373.7
2011-01-11,2143.8201,59.6286,1384.0
2011-01-12,2163.3601,59.1635,1385.7
2011-01-13,2159.6599,59.6931,1386.9
2011-01-14,2175.6799,59.3121,1360.4
2011-01-18,2178.72,59.0344,1368.1
2011-01-19,2156.97,59.4606,1370.2
2011-01-20,2154.1799,58.6405,1346.5
2011-01-21,2159.4299,59.1054,1341.0
2011-01-24,2172.03,59.1312,1344.5
2011-01-25,2172.6699,59.6931,1332.3
2011-01-26,2181.9199,58.789,1333.0
2011-01-27,2186.9299,59.0538,1318.4
2011-01-28,2147.95,59.3637,1340.7
2011-01-31,2164.3999,58.9117,1333.8
2011-02-01,2200.54,58.62,1339.6
2011-02-02,2194.9399,58.633,1331.5
2011-02-03,2200.4199,58.1469,1352.3
2011-02-04,2206.8,57.5572,1348.3
2011-02-07,2220.6001,57.8553,1347.6
2011-02-08,2230.5901,57.3239,1363.4
2011-02-09,2224.6399,57.8229,1364.8
2011-02-10,2226.51,57.1554,1361.9
2011-02-11,2239.0801,57.9784,1359.9
2011-02-14,2244.8899,58.0173,1364.6
2011-02-15,2237.8999,58.2766,1373.6
2011-02-16,2252.3,58.0886,1374.7
2011-02-17,2259.4199,58.1794,1384.7
2011-02-18,2263.79,57.9979,1388.2
2011-02-22,2217.3501,58.8663,1400.5
2011-02-23,2203.8899,59.0802,1413.4
2011-02-24,2202.23,59.4561,1415.3
2011-02-25,2226.05,59.806,1408.7
2011-02-28,2238.55,59.8838,1409.3
2011-03-01,2203.3201,60.0574,1430.7
2011-03-02,2207.24,59.1342,1437.2
2011-03-03,2245.3301,58.5555,1416.0
2011-03-04,2228.78,59.0432,1428.2
2011-03-07,2210.26,58.6661,1434.1
2011-03-08,2230.3999,58.3084,1426.9
2011-03-09,2227.7,58.8741,1429.3
2011-03-10,2185.6499,59.8624,1412.2
2011-03-11,2201.8101,59.5243,1421.5
2011-03-14,2188.5601,59.4983,1424.6
2011-03-15,2164.0601,60.389,1392.6
2011-03-16,2121.9399,61.0717,1396.0
2011-03-17,2150.4299,60.6036,1404.0
2011-03-18,2159.6899,60.7661,1415.9
2011-03-21,2192.0901,60.4085,1426.2
2011-03-22,2184.5701,60.6101,1427.5
2011-03-23,2190.96,60.5321,1437.9
2011-03-24,2211.4199,60.0769,1434.8
2011-03-25,2218.4199,59.9274,1426.1
2011-03-28,2212.3201,60.0119,1419.8
2011-03-29,2228.4099,59.5503,1416.0
2011-03-30,2243.55,60.0249,1423.8
2011-03-31,2239.4399,59.9014,1438.9
2011-04-01,2250.5801,60.1925,1428.1
2011-04-04,2251.6399,60.2579,1432.2
2011-04-05,2251.26,60.0163,1451.8
2011-04-06,2257.1101,59.1153,1457.7
2011-04-07,2253.76,58.9978,1458.5
2011-04-08,2244.74,58.6843,1473.4
2011-04-11,2238.51,58.7366,1467.4
2011-04-12,2221.1201,59.3699,1452.9
2011-04-13,2221.77,59.7421,1454.9
2011-04-14,2221.99,59.6964,1471.7
2011-04-15,2230.7,60.506,1485.3
2011-04-18,2206.1499,60.6431,1492.3
2011-04-19,2218.8601,60.9042,1494.5
2011-04-20,2248.8999,60.5125,1498.3
2011-04-21,2260.8401,60.4603,1503.2
2011-04-25,2257.24,60.6888,1508.6
2011-04-26,2277.51,61.2765,1503.0
2011-04-27,2292.1299,60.6496,1516.7
2011-04-28,2300.46,61.1132,1530.8
2011-04-29,2305.76,61.3025,1556.0
2011-05-02,2301.72,61.4009,1556.7
2011-05-03,2293.95,61.7484,1540.1
2011-05-04,2278.6299,62.0238,1514.9
2011-05-05,2258.0801,62.614,1480.9
2011-05-06,2266.97,62.3386,1491.2
2011-05-09,2277.3,62.273,1502.9
2011-05-10,2295.72,61.8271,1516.6
2011-05-11,2271.47,62.1812,1501.1
2011-05-12,2282.8401,61.7877,1506.6
2011-05-13,2264.52,62.3451,1493.4
2011-05-16,2250.6101,62.6927,1490.4
2011-05-17,2250.3501,63.3353,1479.8
2011-05-18,2270.5701,62.4959,1495.6
2011-05-19,2275.71,62.4697,1492.2
2011-05-20,2258.21,62.5025,1508.8
2011-05-23,2231.3101,62.8041,1515.3
2011-05-24,2229.49,63.0402,1523.2
2011-05-25,2236.75,62.7451,1526.6
2011-05-26,2246.1299,63.2828,1522.8
2011-05-27,2255.74,63.2566,1536.3
2011-05-31,2279.6599,63.4009,1535.9
2011-06-01,2227.96,64.2576,1542.4
2011-06-02,2225.3601,63.0336,1532.0
2011-06-03,2203.8101,63.3955,1541.7
2011-06-06,2180.1399,62.9151,1546.5
2011-06-07,2178.1499,63.2047,1543.3
2011-06-08,2169.5,63.6983,1538.1
2011-06-09,2185.52,63.4416,1542.1
2011-06-10,2155.0,63.9287,1528.6
2011-06-13,2157.1499,63.6061,1515.0
2011-06-14,2184.48,62.6453,1523.8
2011-06-15,2146.45,63.7839,1525.6
2011-06-16,2150.5801,64.0734,1529.3
2011-06-17,2157.1399,63.7707,1538.6
2011-06-20,2168.8,63.8496,1541.5
2011-06-21,2198.1499,63.5667,1546.0
2011-06-22,2184.03,63.6061,1552.9
2011-06-23,2177.8501,64.0932,1520.1
2011-06-24,2152.3101,63.8233,1500.5
2011-06-27,2172.0801,62.948,1496.0
2011-06-28,2200.6799,62.4413,1499.7
2011-06-29,2219.2,62.0267,1509.9
2011-06-30,2241.6599,61.928,1502.3
2011-07-01,2274.26,61.8289,1482.3
2011-07-05,2271.29,61.9676,1512.3
2011-07-06,2274.4199,62.2846,1528.7
2011-07-07,2298.3101,62.0997,1530.2
2011-07-08,2282.3201,62.9779,1541.2
2011-07-11,2241.0701,63.9222,1548.8
2011-07-12,2231.1499,64.1402,1561.9
2011-07-13,2238.29,64.3184,1585.2
2011-07-14,2223.29,63.4006,1589.0
2011-07-15,2235.6499,63.5063,1589.8
2011-07-18,2217.55,62.8921,1602.1
2011-07-19,2253.71,64.1996,1600.9
2011-07-20,2252.52,63.4402,1596.7
2011-07-21,2283.23,62.9515,1586.8
2011-07-22,2285.3401,63.427,1601.3
2011-07-25,2272.47,62.7336,1612.0
2011-07-26,2263.1499,63.1628,1616.6
2011-07-27,2217.29,63.1695,1615.0
2011-07-28,2210.3301,63.4072,1613.4
2011-07-29,2196.0801,64.6618,1628.3
2011-08-01,2187.0,65.3144,1619.0
2011-08-02,2131.1001,67.2756,1641.9
2011-08-03,2142.5601,67.4081,1663.4
2011-08-04,2040.2,69.8066,1656.2
2011-08-05,2039.04,67.7924,1648.8
2011-08-08,1903.47,69.9325,1710.2
2011-08-09,1993.76,70.1445,1740.0
2011-08-10,1906.53,72.2315,1781.3
2011-08-11,1995.14,68.5875,1748.8
2011-08-12,2005.67,69.9457,1740.2
2011-08-15,2049.51,69.2367,1755.5
2011-08-16,2029.92,70.383,1782.4
2011-08-17,2032.41,71.6153,1791.2
2011-08-18,1941.92,73.0862,1818.9
2011-08-19,1912.77,73.6759,1848.9
2011-08-22,1913.27,73.4903,1888.7
2011-08-23,1978.89,72.4767,1858.3
2011-08-24,2005.13,70.4161,1754.1
2011-08-25,1973.96,71.178,1759.8
2011-08-26,2004.11,71.8803,1794.1
2011-08-29,2061.05,70.8865,1788.4
2011-08-30,2066.3701,72.0261,1826.7
2011-08-31,2076.78,70.9131,1828.5
2011-09-01,2052.3,72.4162,1826.0
2011-09-02,2000.5,74.7688,1873.7
2011-09-06,1985.67,75.5463,1869.9
2011-09-07,2043.05,74.1042,1814.2
2011-09-08,2021.42,74.7688,1854.4
2011-09-09,1967.47,75.5662,1856.4
2011-09-12,1981.3,75.646,1809.9
2011-09-13,2000.08,74.5693,1826.8
2011-09-14,2027.04,75.2007,1823.5
2011-09-15,2062.25,74.051,1778.5
2011-09-16,2074.0601,74.5893,1812.1
2011-09-19,2053.74,76.0115,1776.4
2011-09-20,2050.3899,76.3304,1806.6
2011-09-21,1990.2,78.8558,1805.5
2011-09-22,1926.76,81.8196,1739.2
2011-09-23,1938.73,80.2978,1637.5
2011-09-26,1983.97,79.0086,1592.5
2011-09-27,2005.1899,77.7991,1650.6
2011-09-28,1964.2,77.7725,1616.3
2011-09-29,1980.23,78.3108,1615.5
2011-09-30,1930.79,80.2779,1620.4
2011-10-03,1875.95,82.4872,1656.0
2011-10-04,1918.39,81.4411,1614.7
2011-10-05,1953.67,80.8549,1640.3
2011-10-06,1989.61,79.3625,1651.9
2011-10-07,1973.42,78.7762,1634.5
2011-10-10,2040.76,77.6635,1669.6
2011-10-11,2041.9,77.4037,1659.7
2011-10-12,2062.22,76.2778,1681.3
2011-10-13,2056.26,77.0373,1667.3
2011-10-14,2091.99,75.918,1681.8
2011-10-17,2051.54,77.2305,1675.5
2011-10-18,2093.4299,76.7508,1651.7
2011-10-19,2067.28,76.7242,1646.0
2011-10-20,2076.75,76.1778,1611.9
2011-10-21,2115.8601,75.3717,1635.1
2011-10-24,2143.1299,75.4983,1651.5
2011-10-25,2100.1699,77.4171,1699.6
2011-10-26,2122.3201,76.0646,1722.7
2011-10-27,2195.22,73.4862,1746.7
2011-10-28,2196.1299,74.2591,1746.2
2011-10-31,2141.8101,77.2039,1724.2
2011-11-01,2081.97,79.7882,1711.0
2011-11-02,2115.7,78.7929,1728.7
2011-11-03,2155.8701,77.7108,1764.2
2011-11-04,2142.3401,77.8044,1755.3
2011-11-07,2156.0,78.2987,1790.3
2011-11-08,2182.6101,77.2967,1798.4
2011-11-09,2102.72,78.8999,1790.9
2011-11-10,2121.1399,77.7242,1758.9
2011-11-11,2162.48,77.25,1787.5
2011-11-14,2142.0901,78.4923,1777.8
2011-11-15,2152.8,78.3855,1781.7
2011-11-16,2117.6399,79.1002,1773.8
2011-11-17,2082.1001,79.7347,1719.8
2011-11-18,2081.4199,79.7147,1724.7
2011-11-21,2042.71,80.189,1678.3
2011-11-22,2034.41,81.084,1702.2
2011-11-23,1989.54,81.8789,1695.7
2011-11-25,1984.5,80.6899,1685.5
2011-11-28,2042.8,80.6499,1710.8
2011-11-29,2048.0601,79.9886,1713.4
2011-11-30,2137.0801,78.7395,1745.5
2011-12-01,2133.0701,78.3444,1735.3
2011-12-02,2132.6399,79.4426,1747.0
2011-12-05,2154.6799,79.2819,1730.7
2011-12-06,2157.1001,78.5252,1727.9
2011-12-07,2162.0701,78.8065,1740.9
2011-12-08,2116.4099,79.7908,1709.8
2011-12-09,2152.1499,78.1502,1712.8
2011-12-12,2120.1499,79.0208,1664.2
2011-12-13,2102.1499,79.7574,1659.9
2011-12-14,2078.51,81.2639,1584.3
2011-12-15,2085.4399,80.9626,1574.6
2011-12-16,2092.1799,81.9068,1595.6
2011-12-19,2067.6699,82.9447,1594.4
2011-12-20,2129.6699,80.8756,1615.6
2011-12-21,2133.8601,79.7506,1611.9
2011-12-22,2152.04,80.0854,1608.9
2011-12-23,2171.5,79.1948,1604.7
2011-12-27,2171.71,79.571,1594.2
2011-12-28,2145.0901,81.0422,1562.9
2011-12-29,2168.1201,81.19,1539.9
2011-12-30,2158.9399,81.452,1565.8
2012-01-03,2192.3999,80.2294,1599.7
2012-01-04,2193.28,79.2755,1611.9
2012-01-05,2199.73,79.1344,1619.4
2012-01-06,2194.98,79.7591,1616.1
2012-01-09,2200.0,79.6181,1607.5
2012-01-10,2219.5801,79.4837,1631.0
2012-01-11,2220.48,80.5182,1639.2
2012-01-12,2225.74,80.404,1647.3
2012-01-13,2214.73,81.2034,1630.4
2012-01-17,2222.5901,81.5797,1655.2
2012-01-18,2247.6399,80.5921,1659.5
2012-01-19,2258.8,79.4837,1654.1
2012-01-20,2260.3701,78.5835,1663.7
2012-01-23,2261.47,78.0865,1678.0
2012-01-24,2259.22,78.2276,1664.2
2012-01-25,2278.8301,78.0394,1699.8
2012-01-26,2265.8401,79.0739,1726.3
2012-01-27,2262.3501,79.3225,1731.8
2012-01-30,2256.72,80.2562,1731.0
2012-01-31,2255.6899,81.1833,1737.8
2012-02-01,2276.24,80.2534,1747.1
2012-02-02,2278.9199,80.2197,1756.8
2012-02-03,2312.49,78.4958,1737.9
2012-02-06,2311.55,79.277,1722.8
2012-02-07,2316.27,78.2938,1746.4
2012-02-08,2322.1101,78.3544,1729.3
2012-02-09,2325.5601,77.7686,1739.0
2012-02-10,2309.6001,78.7786,1723.3
2012-02-13,2325.8101,78.8797,1723.0
2012-02-14,2324.0,79.2972,1715.9
2012-02-15,2312.28,79.1558,1726.3
2012-02-16,2338.1201,78.5227,1726.8
2012-02-17,2343.6699,78.5025,1724.5
2012-02-21,2345.4099,77.6339,1757.1
2012-02-22,2337.6699,78.6103,1770.0
2012-02-23,2348.1101,78.6103,1784.9
2012-02-24,2352.3401,79.1221,1775.1
2012-02-27,2355.74,79.8224,1773.6
2012-02-28,2364.03,79.5597,1787.0
2012-02-29,2353.23,79.0749,1709.9
2012-03-01,2367.8701,78.3305,1721.1
2012-03-02,2360.28,79.0661,1708.8
2012-03-05,2351.28,78.4385,1703.0
2012-03-06,2315.21,79.3901,1671.4
2012-03-07,2331.8899,78.9041,1683.3
2012-03-08,2355.01,78.1145,1698.1
2012-03-09,2363.5601,78.2698,1710.9
2012-03-12,2364.1001,78.2563,1699.2
2012-03-13,2407.79,76.8795,1693.7
2012-03-14,2404.98,74.9424,1642.5
2012-03-15,2419.3701,75.0572,1659.1
2012-03-16,2422.0901,75.2057,1655.5
2012-03-19,2431.73,74.308,1666.9
2012-03-20,2424.46,74.605,1646.7
2012-03-21,2420.02,75.4486,1650.0
2012-03-22,2402.71,75.6916,1642.3
2012-03-23,2410.1599,76.407,1662.3
2012-03-26,2443.6399,76.0155,1685.5
2012-03-27,2437.01,76.5622,1684.8
2012-03-28,2425.55,76.4542,1657.9
2012-03-29,2421.7,77.0279,1652.2
2012-03-30,2430.6699,75.7254,1669.3
2012-04-02,2449.0801,76.1449,1677.5
2012-04-03,2439.8899,74.8254,1670.0
2012-04-04,2415.05,75.8539,1612.3
2012-04-05,2414.3999,76.402,1628.5
2012-04-09,2387.03,78.1884,1642.5
2012-04-10,2346.27,79.0748,1659.5
2012-04-11,2364.0901,78.1275,1659.0
2012-04-12,2396.6899,77.8027,1679.5
2012-04-13,2366.8401,79.0613,1659.1
2012-04-16,2365.6499,78.9462,1648.7
2012-04-17,2402.29,78.8989,1650.3
2012-04-18,2392.5701,79.1289,1638.8
2012-04-19,2378.48,79.2034,1640.6
2012-04-20,2381.3201,79.2169,1642.1
2012-04-23,2361.3501,79.7921,1631.9
2012-04-24,2370.04,79.2305,1643.0
2012-04-25,2402.71,78.8244,1641.4
2012-04-26,2418.8899,79.2981,1659.6
2012-04-27,2424.78,79.3658,1664.0
2012-04-30,2415.4199,79.3861,1663.4
2012-05-01,2429.1001,78.9743,1661.7
2012-05-02,2423.29,79.5306,1653.4
2012-05-03,2405.1699,79.5102,1634.2
2012-05-04,2366.3899,80.1343,1644.7
2012-05-07,2367.26,80.1479,1638.6
2012-05-08,2357.45,80.5751,1604.0
2012-05-09,2342.3101,80.6294,1593.7
2012-05-10,2348.9299,80.392,1595.1
2012-05-11,2341.23,81.0567,1583.6
2012-05-14,2315.45,82.1895,1560.6
2012-05-15,2302.5601,82.5218,1556.8
2012-05-16,2293.21,82.7593,1536.2
2012-05-17,2258.9299,84.2244,1574.5
2012-05-18,2242.25,84.2448,1591.6
2012-05-21,2278.24,84.0684,1588.4
2012-05-22,2279.3999,83.1323,1576.3
2012-05-23,2283.3601,83.7089,1548.1
2012-05-24,2286.8701,83.3901,1557.3
2012-05-25,2281.9199,83.7021,1568.8
2012-05-29,2307.5701,83.4444,1548.6
2012-05-30,2275.1899,85.5606,1563.4
2012-05-31,2270.25,86.5509,1562.6
2012-06-01,2214.4099,88.6057,1620.5
2012-06-04,2214.7,87.9056,1612.2
2012-06-05,2227.45,86.7297,1615.2
2012-06-06,2279.4199,84.9965,1632.8
2012-06-07,2279.28,85.1257,1586.6
2012-06-08,2297.8201,85.1052,1590.1
2012-06-11,2268.9399,85.4927,1595.5
2012-06-12,2295.3999,84.711,1612.7
2012-06-13,2280.1299,85.547,1618.1
2012-06-14,2304.8301,85.4383,1618.4
2012-06-15,2328.6599,85.914,1627.0
2012-06-18,2332.0701,86.3763,1625.7
2012-06-19,2355.01,85.2479,1622.2
2012-06-20,2351.1399,85.6694,1614.8
2012-06-21,2299.1599,86.1248,1564.5
2012-06-22,2315.6499,84.9761,1566.0
2012-06-25,2278.98,86.2132,1587.5
2012-06-26,2289.8601,85.8733,1574.0
2012-06-27,2310.98,86.0092,1577.5
2012-06-28,2306.22,86.2199,1549.7
2012-06-29,2363.79,85.0985,1603.5
2012-07-02,2369.75,85.9764,1597.2
2012-07-03,2385.0601,85.3158,1621.3
2012-07-05,2373.9099,85.7517,1608.9
2012-07-06,2352.3401,86.5487,1578.4
2012-07-09,2348.52,87.3115,1588.6
2012-07-10,2329.46,87.4887,1579.3
2012-07-11,2329.71,87.5976,1575.2
2012-07-12,2318.0901,88.2175,1564.9
2012-07-13,2356.3999,87.9859,1591.6
2012-07-16,2350.9399,88.3946,1591.2
2012-07-17,2368.3601,87.6998,1589.1
2012-07-18,2384.54,87.7475,1570.4
2012-07-19,2391.27,87.5227,1580.1
2012-07-20,2367.26,88.5921,1582.5
2012-07-23,2346.22,89.0893,1577.1
2012-07-24,2325.02,89.791,1576.0
2012-07-25,2324.3301,90.0225,1608.0
2012-07-26,2362.8501,89.1983,1615.0
2012-07-27,2408.0701,87.5159,1617.9
2012-07-30,2406.99,88.1698,1619.7
2012-07-31,2396.6201,88.3469,1610.5
2012-08-01,2389.73,87.9053,1603.7
2012-08-02,2372.3101,88.4035,1587.4
2012-08-03,2417.77,86.9769,1606.0
2012-08-06,2423.46,87.011,1612.9
2012-08-07,2435.8799,85.8916,1609.7
2012-08-08,2438.1599,85.4343,1612.9
2012-08-09,2440.23,85.3729,1617.1
2012-08-10,2445.6399,85.8028,1619.7
2012-08-13,2443.05,85.6595,1609.6
2012-08-14,2443.1599,84.4991,1599.4
2012-08-15,2446.8201,83.3114,1603.7
2012-08-16,2464.3799,82.6015,1616.1
2012-08-17,2469.0,83.0042,1616.3
2012-08-20,2468.99,83.1749,1620.1
2012-08-21,2460.4099,83.5435,1639.9
2012-08-22,2461.1201,84.9223,1637.4
2012-08-23,2441.29,85.2773,1669.6
2012-08-24,2457.3999,85.1953,1669.8
2012-08-27,2456.22,85.6937,1672.4
2012-08-28,2454.3899,85.8984,1666.5
2012-08-29,2457.05,85.523,1659.8
2012-08-30,2438.2,85.9667,1653.5
2012-08-31,2450.6001,87.1817,1684.6
2012-09-04,2447.8,87.0941,1692.9
2012-09-05,2445.8101,86.6837,1690.8
2012-09-06,2496.1201,85.2404,1702.6
2012-09-07,2506.3701,84.8436,1737.5
2012-09-10,2491.1101,85.0488,1728.7
2012-09-11,2498.95,84.5152,1731.8
2012-09-12,2504.8401,83.4618,1730.6
2012-09-13,2546.03,83.1335,1769.1
2012-09-14,2556.1299,80.924,1769.8
2012-09-17,2548.26,81.8954,1767.7
2012-09-18,2545.05,82.3057,1768.4
2012-09-19,2548.1101,82.8462,1769.0
2012-09-20,2547.1101,83.0514,1767.7
2012-09-21,2546.9199,83.1471,1775.5
2012-09-24,2541.23,83.797,1762.1
2012-09-25,2514.8301,84.6247,1763.8
2012-09-26,2500.9199,85.5345,1750.6
2012-09-27,2525.23,84.9257,1777.6
2012-09-28,2513.9299,84.9736,1771.1
2012-10-01,2520.71,85.2889,1780.5
2012-10-02,2523.0801,85.1724,1772.7
2012-10-03,2532.79,85.1998,1777.3
2012-10-04,2550.98,84.1373,1794.1
2012-10-05,2551.03,83.0473,1778.6
2012-10-08,2542.21,83.7466,1773.5
2012-10-09,2517.1399,83.5957,1763.0
2012-10-10,2501.75,84.1853,1763.2
2012-10-11,2502.6599,84.7679,1768.8
2012-10-12,2495.28,84.9804,1758.0
2012-10-15,2515.4399,84.7885,1736.0
2012-10-16,2541.28,83.6163,1744.7
2012-10-17,2552.05,82.8417,1751.5
2012-10-18,2545.95,82.3344,1743.3
2012-10-19,2503.8,83.4518,1722.8
2012-10-22,2504.96,82.9171,1725.1
2012-10-23,2468.78,84.103,1708.3
2012-10-24,2461.1799,83.2735,1700.5
2012-10-25,2468.6001,82.8485,1712.0
2012-10-26,2466.8,84.0687,1710.9
2012-10-31,2467.51,84.5622,1717.5
2012-11-01,2494.6699,83.87,1714.1
2012-11-02,2471.3,83.8082,1674.1
2012-11-05,2476.9399,84.2812,1682.2
2012-11-06,2496.46,83.486,1714.1
2012-11-07,2439.48,85.001,1713.2
2012-11-08,2409.72,86.2623,1725.4
2012-11-09,2413.9199,86.3583,1730.3
2012-11-12,2414.24,86.5022,1730.3
2012-11-13,2405.3799,86.7901,1724.2
2012-11-14,2372.9399,86.8724,1729.5
2012-11-15,2369.3201,86.701,1713.3
2012-11-16,2381.02,86.6256,1714.3
2012-11-19,2428.47,86.1389,1734.0
2012-11-20,2430.29,85.2752,1723.2
2012-11-21,2435.97,85.2272,1727.9
2012-11-23,2468.0601,85.145,1751.3
2012-11-26,2463.1201,85.5494,1749.5
2012-11-27,2450.48,85.8853,1742.2
2012-11-28,2470.47,85.7619,1716.5
2012-11-29,2481.4199,85.7756,1727.2
2012-11-30,2481.8201,85.5426,1710.9
2012-12-03,2470.0701,85.6215,1719.6
2012-12-04,2465.8999,86.1161,1694.4
2012-12-05,2470.5901,86.0749,1692.4
2012-12-06,2479.3999,86.2603,1700.3
2012-12-07,2486.8401,85.4636,1704.0
2012-12-10,2487.78,85.8413,1713.0
2012-12-11,2504.0801,85.1888,1708.2
2012-12-12,2505.76,84.1998,1716.6
2012-12-13,2490.5601,84.2616,1695.6
2012-12-14,2480.3601,84.8935,1695.8
2012-12-17,2509.8401,83.6228,1697.0
2012-12-18,2538.72,82.7711,1669.5
2012-12-19,2519.54,83.0459,1666.5
2012-12-20,2533.9099,83.0597,1644.9
2012-12-21,2510.3201,83.9662,1659.1
2012-12-24,2504.51,83.8151,1658.6
2012-12-26,2492.54,84.1167,1659.8
2012-12-27,2489.97,84.3989,1662.6
2012-12-28,2462.71,84.8807,1654.9
2012-12-31,2504.4399,83.4145,1674.8
2013-01-02,2568.55,82.2994,1687.9
2013-01-03,2563.1899,81.1843,1673.7
2013-01-04,2575.6599,81.5009,1648.1
2013-01-07,2567.6299,81.5353,1645.5
2013-01-08,2560.1699,82.0722,1661.5
2013-01-09,2567.02,81.9965,1654.8
2013-01-10,2586.52,81.7693,1677.3
2013-01-11,2586.6899,82.499,1660.0
2013-01-14,2584.27,82.2719,1668.9
2013-01-15,2587.2,82.6505,1683.4
2013-01-16,2588.02,82.8225,1682.7
2013-01-17,2602.6399,81.9965,1690.4
2013-01-18,2611.54,82.6298,1686.6
2013-01-22,2623.22,82.7881,1692.8
2013-01-23,2627.23,82.6642,1686.3
2013-01-24,2627.3301,82.3751,1669.5
2013-01-25,2641.6399,81.2462,1656.4
2013-01-28,2636.8301,80.9502,1652.4
2013-01-29,2650.4299,80.5028,1660.7
2013-01-30,2640.77,80.3651,1679.9
2013-01-31,2634.1599,80.7575,1660.6
2013-02-01,2660.7,79.7088,1669.4
2013-02-04,2630.05,80.7299,1675.3
2013-02-05,2657.76,80.0124,1672.4
2013-02-06,2659.55,80.6678,1677.7
2013-02-07,2655.8401,80.4884,1670.4
2013-02-08,2670.8501,80.7989,1666.0
2013-02-11,2669.3701,80.7368,1648.2
2013-02-12,2673.77,80.5367,1648.7
2013-02-13,2676.6001,79.8814,1644.2
2013-02-14,2678.77,80.6057,1634.7
2013-02-15,2676.21,80.3711,1608.8
2013-02-19,2696.26,79.971,1603.6
2013-02-20,2662.9399,80.2124,1577.6
2013-02-21,2646.75,80.6816,1578.2
2013-02-22,2670.3601,80.7368,1572.4
2013-02-25,2621.46,82.3235,1586.2
2013-02-26,2637.8899,81.8475,1615.2
2013-02-27,2672.1101,81.606,1595.2
2013-02-28,2669.9199,81.7578,1577.7
2013-03-01,2676.1799,82.203,1571.9
2013-03-04,2688.54,81.7675,1572.1
2013-03-05,2714.3501,81.5324,1574.6
2013-03-06,2718.0701,80.7927,1574.6
2013-03-07,2723.27,80.1704,1574.8
2013-03-08,2735.6699,79.3339,1576.6
2013-03-11,2744.8101,79.4099,1577.8
2013-03-12,2738.3501,79.9837,1591.5
2013-03-13,2742.8701,79.9008,1588.3
2013-03-14,2758.3,79.6588,1590.6
2013-03-15,2753.8201,80.0322,1592.5
2013-03-18,2738.6799,80.6406,1604.6
2013-03-19,2732.0901,81.1868,1611.3
2013-03-20,2750.4199,80.281,1607.5
2013-03-21,2727.6899,81.0553,1613.8
2013-03-22,2747.25,81.1176,1606.2
2013-03-25,2738.0801,81.0416,1604.6
2013-03-26,2760.3201,81.1384,1595.8
2013-03-27,2758.8501,81.8297,1606.2
2013-03-28,2770.05,81.4149,1594.8
2013-04-01,2757.8301,82.0281,1600.0
2013-04-02,2772.1101,81.6955,1575.1
2013-04-03,2743.3799,82.4299,1552.8
2013-04-04,2754.6699,83.4138,1551.8
2013-04-05,2742.8601,85.0974,1575.4
2013-04-08,2761.05,84.4461,1572.0
2013-04-09,2770.8401,84.2383,1586.2
2013-04-10,2804.8101,83.0812,1558.3
2013-04-11,2815.02,83.2406,1564.3
2013-04-12,2807.1001,84.4808,1501.0
2013-04-15,2742.6299,85.2152,1360.6
2013-04-16,2781.8601,84.5154,1386.8
2013-04-17,2742.01,85.0766,1382.2
2013-04-18,2723.72,85.2845,1392.0
2013-04-19,2747.9399,85.1044,1395.3
2013-04-22,2760.8,85.1668,1421.0
2013-04-23,2789.5601,84.8688,1408.6
2013-04-24,2789.9299,85.0836,1423.4
2013-04-25,2801.28,84.7164,1461.8
2013-04-26,2796.24,85.4924,1453.6
2013-04-29,2816.3899,85.1806,1467.4
2013-04-30,2823.4199,85.2291,1472.2
2013-05-01,2797.28,86.1047,1446.3
2013-05-02,2823.8201,85.9935,1467.7
2013-05-03,2853.8799,83.9661,1464.3
2013-05-06,2859.3401,83.7578,1468.1
2013-05-07,2874.46,83.4315,1449.0
2013-05-08,2887.6101,83.5634,1473.9
2013-05-09,2878.3,83.3482,1468.8
2013-05-10,2890.77,82.4525,1436.8
2013-05-13,2891.1699,81.8206,1434.5
2013-05-14,2921.1201,80.9319,1424.7
2013-05-15,2936.98,81.4734,1396.5
2013-05-16,2922.3999,82.3205,1387.1
2013-05-17,2952.5601,81.279,1364.9
2013-05-20,2950.53,81.1818,1384.3
2013-05-21,2955.6899,81.8206,1377.8
2013-05-22,2931.5801,80.6055,1367.6
2013-05-23,2923.4299,80.9874,1392.0
2013-05-24,2921.8799,81.0985,1386.8
2013-05-28,2940.45,79.0432,1379.1
2013-05-29,2920.1799,79.932,1391.3
2013-05-30,2931.3899,79.7376,1411.5
2013-05-31,2889.46,79.4668,1392.6
2013-06-03,2906.9099,79.8879,1411.7
2013-06-04,2891.02,79.1501,1397.1
2013-06-05,2851.8899,80.2429,1398.4
2013-06-06,2876.5,80.1941,1415.7
2013-06-07,2913.46,78.7604,1383.0
2013-06-10,2912.6299,78.3845,1386.2
2013-06-11,2883.0701,79.3171,1377.0
2013-06-12,2859.6201,78.1827,1391.8
2013-06-13,2902.3201,79.4076,1377.6
2013-06-14,2885.24,79.2197,1387.3
2013-06-17,2907.1201,78.8021,1382.8
2013-06-18,2929.8101,78.8439,1366.6
2013-06-19,2889.25,78.0295,1373.6
2013-06-20,2817.4399,76.7489,1285.9
2013-06-21,2824.97,75.4474,1291.6
2013-06-24,2790.6599,75.7605,1276.8
2013-06-25,2817.4399,75.0854,1274.8
2013-06-26,2845.04,75.5727,1229.6
2013-06-27,2862.9199,76.3452,1211.4
2013-06-28,2850.6599,76.8672,1223.8
2013-07-01,2866.4099,77.0221,1255.9
2013-07-02,2865.48,76.9732,1243.6
2013-07-03,2867.8501,76.743,1252.1
2013-07-05,2897.1201,74.1271,1212.9
2013-07-08,2913.2,74.8456,1234.9
2013-07-09,2934.3101,74.9223,1245.9
2013-07-10,2934.97,74.3363,1247.4
2013-07-11,2975.0601,75.2083,1280.1
2013-07-12,2984.24,75.1456,1277.8
2013-07-15,2988.3501,75.5432,1283.8
2013-07-16,2977.26,75.8012,1290.8
2013-07-17,2985.8501,75.9408,1277.9
2013-07-18,3001.21,74.9921,1284.6
2013-07-19,3006.1299,76.1779,1293.3
2013-07-22,3012.3,76.2896,1336.4
2013-07-23,3006.72,75.9687,1335.1
2013-07-24,2995.3,75.006,1319.7
2013-07-25,3003.01,74.9781,1329.0
2013-07-26,3005.51,75.4386,1321.7
2013-07-29,2994.45,74.8874,1328.4
2013-07-30,2995.6799,74.8596,1324.0
2013-07-31,2995.72,75.1316,1312.4
2013-08-01,3033.5901,73.6839,1311.0
2013-08-02,3038.6299,74.4952,1310.6
2013-08-05,3034.4299,73.9217,1302.6
2013-08-06,3017.1599,74.1385,1283.2
2013-08-07,3006.6299,74.691,1286.1
2013-08-08,3019.0,74.8938,1310.7
2013-08-09,3008.79,75.0127,1312.9
2013-08-12,3005.4199,74.5021,1334.7
2013-08-13,3014.4299,73.4252,1321.2
2013-08-14,2999.4199,73.537,1334.0
2013-08-15,2957.0801,72.544,1361.6
2013-08-16,2947.46,72.2922,1371.7
2013-08-19,2930.27,71.6628,1366.2
2013-08-20,2941.5801,72.2152,1373.1
2013-08-21,2924.73,71.425,1370.6
2013-08-22,2949.96,72.1523,1371.2
2013-08-23,2962.0601,72.9356,1395.7
2013-08-26,2950.1299,73.2993,1393.0
2013-08-27,2903.29,74.2224,1420.6
2013-08-28,2911.8301,73.6209,1419.0
2013-08-29,2917.96,74.2084,1412.9
2013-08-30,2908.96,74.1244,1396.1
2013-09-03,2921.23,73.079,1412.0
2013-09-04,2945.6201,72.9177,1389.9
2013-09-05,2949.27,71.901,1373.1
2013-09-06,2949.8,72.2586,1386.7
2013-09-09,2979.45,72.2937,1386.8
2013-09-10,3001.3601,71.7888,1364.1
2013-09-11,3010.9399,72.4269,1363.9
2013-09-12,3001.6201,72.3288,1330.4
2013-09-13,3009.79,72.6092,1308.4
2013-09-16,3026.9399,72.1254,1317.9
2013-09-17,3039.75,72.7214,1309.5
2013-09-18,3076.8101,73.6189,1307.8
2013-09-19,3071.6101,73.1842,1369.4
2013-09-20,3049.47,73.5699,1332.5
2013-09-23,3035.0901,74.1098,1326.9
2013-09-24,3027.52,74.9092,1316.0
2013-09-25,3019.3101,75.0634,1335.9
2013-09-26,3030.4099,74.5375,1323.6
2013-09-27,3018.24,74.7198,1338.4
2013-09-30,3000.1799,74.6076,1326.5
2013-10-01,3024.3799,74.3812,1286.0
2013-10-02,3022.95,74.4938,1320.6
2013-10-03,2995.8101,74.3742,1317.4
2013-10-04,3017.05,74.318,1309.7
2013-10-07,2991.3899,74.6203,1324.8
2013-10-08,2955.4099,74.6414,1324.2
2013-10-09,2957.3999,74.0438,1306.9
2013-10-10,3022.4299,74.1633,1296.6
2013-10-11,3041.4299,74.1422,1268.0
2013-10-14,3053.8401,73.5447,1276.4
2013-10-15,3032.27,73.4954,1273.0
2013-10-16,3074.54,74.4164,1282.0
2013-10-17,3095.4199,75.0913,1322.7
2013-10-18,3115.77,75.253,1314.4
2013-10-21,3116.0901,75.014,1315.7
2013-10-22,3133.98,75.8506,1342.5
2013-10-23,3119.2,76.1459,1333.9
2013-10-24,3129.4099,75.8506,1350.2
2013-10-25,3143.1599,76.1318,1352.4
2013-10-28,3147.3601,75.8717,1352.0
2013-10-29,3165.1101,75.9701,1345.2
2013-10-30,3149.9299,75.5132,1349.0
2013-10-31,3138.0901,75.6749,1323.6
2013-11-01,3147.21,74.8557,1313.1
2013-11-04,3158.47,74.9262,1314.6
2013-11-05,3149.96,74.031,1308.0
2013-11-06,3165.1299,74.0662,1317.7
2013-11-07,3124.1201,74.6936,1308.4
2013-11-08,3166.1101,72.8961,1284.5
2013-11-11,3168.4099,72.6211,1281.0
2013-11-12,3161.1001,72.9595,1271.1
2013-11-13,3187.6399,73.2274,1268.3
2013-11-14,3203.6499,73.6785,1286.2
2013-11-15,3217.2,73.8266,1287.3
2013-11-18,3205.46,74.2706,1272.2
2013-11-19,3199.52,73.7067,1273.4
2013-11-20,3188.04,72.4519,1257.9
2013-11-21,3214.1599,72.5718,1243.5
2013-11-22,3230.54,73.2485,1244.0
2013-11-25,3226.53,73.46,1241.1
2013-11-26,3227.3601,73.7349,1241.4
2013-11-27,3236.1399,73.608,1237.8
2013-11-29,3233.72,73.6292,1250.6
2013-12-02,3225.0601,73.0565,1222.3
2013-12-03,3214.95,73.3252,1221.7
2013-12-04,3211.5901,72.6252,1248.2
2013-12-05,3197.76,72.4202,1233.2
2013-12-06,3233.99,72.7666,1230.3
2013-12-09,3239.99,72.9363,1235.3
2013-12-10,3229.72,73.4595,1262.4
2013-12-11,3193.52,72.8938,1258.5
2013-12-12,3182.3301,72.6181,1226.0
2013-12-13,3182.0701,72.9717,1235.7
2013-12-16,3202.22,72.7029,1245.5
2013-12-17,3192.3301,73.0282,1231.2
2013-12-18,3245.5901,72.6606,1236.1
2013-12-19,3244.1499,72.5898,1195.0
2013-12-20,3259.79,73.7069,1205.1
2013-12-23,3277.6201,73.2898,1198.4
2013-12-24,3287.55,72.7029,1205.1
2013-12-26,3303.1499,72.4228,1214.1
2013-12-27,3302.6599,72.2171,1216.1
2013-12-30,3302.3,72.7136,1203.1
2013-12-31,3315.5901,72.2525,1201.9
2014-01-02,3286.6899,72.4724,1225.0
2014-01-03,3285.6799,72.4724,1238.4
2014-01-06,3277.48,72.7774,1237.8
2014-01-07,3297.45,72.9619,1229.4
2014-01-08,3297.74,72.7633,1225.3
2014-01-09,3298.8701,73.1889,1229.3
2014-01-10,3306.49,74.0613,1246.7
2014-01-13,3265.27,74.4302,1250.9
2014-01-14,3300.6101,74.0897,1245.2
2014-01-15,3317.75,74.0117,1238.1
2014-01-16,3313.3601,74.5082,1240.0
2014-01-17,3300.51,74.8203,1251.7
2014-01-21,3309.74,74.8771,1242.3
2014-01-22,3312.04,74.6926,1239.0
2014-01-23,3282.6399,75.7495,1262.6
2014-01-24,3214.1399,76.239,1264.5
2014-01-27,3198.5701,75.707,1263.6
2014-01-28,3218.21,75.8914,1251.0
2014-01-29,3185.7,76.5156,1262.2
2014-01-30,3221.78,76.2957,1242.2
2014-01-31,3200.95,76.8065,1240.1
2014-02-03,3127.8701,77.7423,1260.4
2014-02-04,3151.9399,76.9174,1251.7
2014-02-05,3146.49,76.2063,1257.3
2014-02-06,3187.25,75.8791,1257.6
2014-02-07,3229.6499,75.9431,1263.3
2014-02-10,3234.79,76.1564,1274.8
2014-02-11,3270.74,75.7155,1290.1
2014-02-12,3271.47,75.3245,1295.3
2014-02-13,3290.8201,75.7511,1300.4
2014-02-14,3306.9199,75.7937,1319.0
2014-02-18,3311.27,75.9644,1324.7
2014-02-19,3289.8301,75.6444,1320.6
2014-02-20,3310.27,75.4595,1317.1
2014-02-21,3304.3601,75.8578,1323.9
2014-02-24,3324.8401,75.6658,1338.3
2014-02-25,3320.4299,76.3414,1343.0
2014-02-26,3321.1499,76.7467,1328.2
2014-02-27,3338.05,77.1663,1331.6
2014-02-28,3347.3799,77.2089,1321.4
2014-03-03,3322.8501,77.7244,1350.1
2014-03-04,3373.6399,76.5552,1337.8
2014-03-05,3374.1001,76.7192,1340.2
2014-03-06,3380.49,75.9635,1351.7
2014-03-07,3382.5701,75.4859,1338.1
2014-03-10,3381.22,75.5929,1341.4
2014-03-11,3364.1699,75.7925,1346.5
2014-03-12,3366.0701,76.32,1370.3
2014-03-13,3327.1101,77.3466,1372.2
2014-03-14,3317.8101,77.3608,1379.0
2014-03-17,3349.71,76.7834,1372.9
2014-03-18,3373.98,77.0614,1359.0
2014-03-19,3353.29,76.4626,1341.4
2014-03-20,3373.6001,76.3272,1330.5
2014-03-21,3363.72,77.154,1336.0
2014-03-24,3347.3601,77.703,1311.2
2014-03-25,3362.4399,77.4107,1311.4
2014-03-26,3339.0,78.0166,1303.4
2014-03-27,3333.23,78.4087,1294.7
2014-03-28,3348.8301,77.9667,1293.8
2014-03-31,3375.51,77.7743,1283.4
2014-04-01,3399.51,77.1096,1279.6
2014-04-02,3409.8,76.6664,1290.5
2014-04-03,3406.0,77.0024,1284.4
2014-04-04,3363.4099,77.517,1303.2
2014-04-07,3327.27,77.9815,1298.0
2014-04-08,3340.8401,78.1674,1308.7
2014-04-09,3377.6101,77.7814,1305.5
2014-04-10,3307.0801,78.5033,1320.1
2014-04-11,3276.04,79.1393,1318.7
2014-04-14,3302.98,78.9321,1327.2
2014-04-15,3325.3,79.4252,1300.0
2014-04-16,3360.27,79.5253,1303.1
2014-04-17,3365.0,78.6533,1293.4
2014-04-21,3377.75,78.5891,1288.0
2014-04-22,3391.5801,78.8535,1280.6
2014-04-23,3384.5,79.3037,1284.2
2014-04-24,3390.3899,79.4538,1290.5
2014-04-25,3362.95,79.5682,1300.7
2014-04-28,3374.04,79.1822,1298.9
2014-04-29,3390.1599,79.075,1296.0
2014-04-30,3400.46,79.4038,1295.6
2014-05-01,3400.2,80.2556,1283.1
2014-05-02,3395.6101,80.75,1302.6
2014-05-05,3402.23,80.2628,1309.0
2014-05-06,3371.72,80.5852,1308.3
2014-05-07,3392.1001,80.2987,1288.6
2014-05-08,3388.29,79.9547,1287.4
2014-05-09,3394.05,79.6968,1287.3
2014-05-12,3427.01,79.3744,1295.6
2014-05-13,3429.3,80.0622,1294.6
2014-05-14,3413.8401,80.9291,1305.7
2014-05-15,3382.52,81.5739,1293.5
2014-05-16,3395.21,81.3446,1293.3
2014-05-19,3408.52,80.7428,1293.7
2014-05-20,3386.48,80.9219,1294.5
2014-05-21,3414.45,80.4276,1288.0
2014-05-22,3422.99,80.313,1294.9
2014-05-23,3437.5801,80.7428,1291.6
2014-05-27,3458.1899,81.2157,1265.4
2014-05-28,3454.8799,82.2187,1259.3
2014-05-29,3473.8601,81.7817,1256.3
2014-05-30,3480.29,81.7458,1245.6
2014-06-02,3483.1399,81.1381,1243.7
2014-06-03,3482.0,80.1398,1244.3
2014-06-04,3489.21,80.1182,1244.0
2014-06-05,3512.21,80.1541,1253.0
2014-06-06,3528.98,80.1541,1252.1
2014-06-09,3532.47,80.0392,1253.5
2014-06-10,3531.6201,79.7446,1259.8
2014-06-11,3519.52,79.8883,1260.8
2014-06-12,3495.5701,80.5995,1273.6
2014-06-13,3506.5801,80.5564,1273.7
2014-06-16,3509.54,80.7574,1274.9
2014-06-17,3517.23,80.1182,1271.7
2014-06-18,3544.4199,80.7359,1272.4
2014-06-19,3549.4399,79.7016,1313.7
2014-06-20,3555.6001,80.305,1316.2
2014-06-23,3555.1399,80.0535,1318.0
2014-06-24,3532.5701,80.8652,1320.9
2014-06-25,3549.96,81.0735,1322.2
2014-06-26,3546.3799,81.4614,1316.1
2014-06-27,3553.3501,81.3393,1319.0
2014-06-30,3552.1799,81.5404,1321.8
2014-07-01,3576.55,80.8577,1326.4
2014-07-02,3579.1101,79.9936,1330.7
2014-07-03,3598.73,79.7055,1320.4
2014-07-07,3584.75,80.2888,1316.5
2014-07-08,3560.53,81.189,1316.0
2014-07-09,3577.28,81.2538,1323.8
2014-07-10,3562.49,81.2754,1338.7
2014-07-11,3568.0801,81.7939,1337.0
2014-07-14,3585.3701,81.441,1306.3
2014-07-15,3578.46,81.2754,1296.9
2014-07-16,3593.9099,81.7075,1299.6
2014-07-17,3551.73,82.7373,1316.7
2014-07-18,3588.21,82.4708,1309.2
2014-07-21,3579.99,82.8813,1313.7
2014-07-22,3597.95,83.0541,1306.1
2014-07-23,3604.3,82.9461,1304.5
2014-07-24,3606.1001,82.3268,1290.6
2014-07-25,3588.6799,83.299,1303.1
2014-07-28,3589.73,83.1838,1303.3
2014-07-29,3573.6499,83.4863,1298.3
2014-07-30,3574.45,82.3268,1294.9
2014-07-31,3503.1899,82.082,1281.3
2014-08-01,3493.1799,82.7174,1293.6
2014-08-04,3518.3101,82.5008,1287.7
2014-08-05,3484.5601,82.7679,1284.0
2014-08-06,3485.6699,82.8184,1306.7
2014-08-07,3467.1399,83.591,1310.8
2014-08-08,3507.21,83.4106,1308.9
2014-08-11,3517.53,83.4033,1308.5
2014-08-12,3511.96,82.8617,1308.8
2014-08-13,3536.4199,83.4033,1312.8
2014-08-14,3551.97,84.0748,1313.9
2014-08-15,3552.1699,84.9918,1304.5
2014-08-18,3582.7,84.147,1297.7
2014-08-19,3601.3301,83.8871,1295.1
2014-08-20,3610.49,83.7499,1293.4
2014-08-21,3621.23,84.2192,1273.7
2014-08-22,3614.5,84.6885,1278.6
2014-08-25,3631.8601,85.0062,1277.3
2014-08-26,3635.71,84.7318,1283.8
2014-08-27,3636.6399,85.4539,1281.9
2014-08-28,3630.98,85.9016,1288.7
2014-08-29,3643.3301,85.9593,1285.8
2014-09-02,3641.52,84.4765,1263.7
2014-09-03,3639.3501,84.9469,1268.9
2014-09-04,3633.8701,83.912,1265.1
2014-09-05,3652.26,83.7528,1265.8
2014-09-08,3641.6599,83.789,1252.7
2014-09-09,3617.8899,83.7239,1246.8
2014-09-10,3631.45,83.1956,1243.5
2014-09-11,3635.6599,82.9206,1237.4
2014-09-12,3614.0601,82.0521,1229.9
2014-09-15,3611.52,82.1751,1233.6
2014-09-16,3638.6001,81.8423,1235.2
2014-09-17,3643.3999,81.6324,1234.4
2014-09-18,3661.73,81.8929,1225.7
2014-09-19,3660.03,82.935,1215.3
2014-09-22,3630.7,83.0364,1216.8
2014-09-23,3610.1001,83.5502,1221.0
2014-09-24,3638.4399,83.087,1218.6
2014-09-25,3579.6101,84.0712,1221.2
2014-09-26,3610.98,83.9482,1214.1
2014-09-29,3602.0901,84.6212,1217.5
2014-09-30,3592.25,84.1436,1210.5
2014-10-01,3544.98,85.7752,1214.6
2014-10-02,3545.3,85.028,1214.2
2014-10-03,3584.9399,85.3907,1192.2
2014-10-06,3579.4199,85.4416,1206.7
2014-10-07,3525.29,86.595,1211.7
2014-10-08,3588.0701,86.6168,1205.3
2014-10-09,3514.1201,86.2395,1224.6
2014-10-10,3474.23,87.0957,1221.0
2014-10-13,3417.01,87.6252,1229.3
2014-10-14,3422.4299,88.1984,1233.6
2014-10-15,3395.03,88.8948,1244.1
2014-10-16,3395.6399,88.329,1240.5
2014-10-17,3439.3899,87.8356,1238.3
2014-10-20,3470.8899,88.1548,1244.0
2014-10-21,3538.8999,87.4512,1251.0
2014-10-22,3513.47,87.5454,1244.8
2014-10-23,3556.7,86.7691,1228.5
2014-10-24,3581.8201,86.8562,1231.2
2014-10-27,3576.47,87.0158,1229.1
2014-10-28,3619.1599,86.4717,1229.2
2014-10-29,3614.53,86.6676,1224.3
2014-10-30,3637.3,86.7402,1198.1
2014-10-31,3679.99,86.5152,1171.1
2014-11-03,3679.5801,86.5153,1169.4
2014-11-04,3669.1799,86.7843,1167.4
2014-11-05,3691.3799,86.6607,1145.4
2014-11-06,3706.45,86.1007,1142.3
2014-11-07,3708.46,87.0898,1169.6
2014-11-10,3720.25,86.2898,1159.6
2014-11-11,3722.8401,86.3479,1162.8
2014-11-12,3721.3,86.2752,1158.9
2014-11-13,3723.5801,86.4789,1161.1
2014-11-14,3724.9199,86.9007,1185.0
2014-11-17,3727.8601,86.6825,1183.0
2014-11-18,3747.74,86.9225,1196.7
2014-11-19,3742.3501,86.3697,1193.6
2014-11-20,3749.8701,86.8207,1190.7
2014-11-21,3770.03,87.3443,1197.5
2014-11-24,3780.8799,87.417,1195.5
2014-11-25,3776.9399,88.1443,1197.1
2014-11-26,3788.4199,88.3843,1196.6
2014-11-28,3778.96,89.0825,1175.2
2014-12-01,3753.3101,88.5628,1218.0
2014-12-02,3777.47,87.7026,1199.2
2014-12-03,3792.6799,88.0452,1208.5
2014-12-04,3788.3401,88.7814,1207.5
2014-12-05,3794.6799,88.2639,1190.1
2014-12-08,3767.7,89.3427,1194.7
2014-12-09,3758.8701,89.8019,1231.5
2014-12-10,3705.51,90.458,1228.9
2014-12-11,3723.3201,90.8297,1225.1
2014-12-12,3663.1001,92.0615,1222.0
2014-12-15,3639.97,91.872,1207.2
2014-12-16,3609.0601,93.0091,1193.9
2014-12-17,3682.7,92.1709,1194.3
2014-12-18,3771.72,90.5308,1194.7
2014-12-19,3788.97,91.7481,1195.9
2014-12-22,3803.9399,91.872,1179.7
2014-12-23,3810.78,90.0497,1177.9
2014-12-24,3810.3899,90.5399,1173.5
2014-12-26,3823.0,90.8759,1195.3
2014-12-29,3826.95,91.5552,1181.7
2014-12-30,3808.6899,91.8035,1200.2
2014-12-31,3769.4399,91.9789,1183.9
2015-01-02,3768.6799,93.0015,1186.0
2015-01-05,3700.03,94.4624,1203.9
2015-01-06,3667.1399,96.1644,1219.3
2015-01-07,3710.9399,95.9744,1210.6
2015-01-08,3777.3999,94.7035,1208.4
2015-01-09,3745.6699,95.7407,1216.0
2015-01-12,3715.3601,96.2886,1232.7
2015-01-13,3706.1499,96.2886,1234.3
2015-01-14,3684.72,97.019,1234.4
2015-01-15,3650.74,98.5456,1264.7
2015-01-16,3699.79,97.2893,1276.9
2015-01-20,3705.6399,98.5821,1294.2
2015-01-21,3723.6201,97.4427,1293.7
2015-01-22,3780.51,97.0921,1300.7
2015-01-23,3759.76,98.4434,1292.6
2015-01-26,3769.45,98.1439,1279.4
2015-01-27,3718.99,98.2973,1291.7
2015-01-28,3669.1001,99.9043,1285.9
2015-01-29,3704.3501,99.2469,1254.6
2015-01-30,3656.28,101.0072,1278.5
2015-02-02,3703.77,100.6259,1276.2
2015-02-03,3757.3401,98.496,1259.7
2015-02-04,3742.8401,98.6644,1263.8
2015-02-05,3782.1101,97.5811,1262.0
2015-02-06,3770.2,95.8538,1233.9
2015-02-09,3754.3601,95.7001,1240.8
2015-02-10,3794.6201,94.9389,1231.6
2015-02-11,3795.8201,95.1145,1219.0
2015-02-12,3833.3501,94.7997,1220.1
2015-02-13,3849.29,93.8263,1226.5
2015-02-17,3856.04,92.4137,1208.1
2015-02-18,3855.0,92.9627,1199.7
2015-02-19,3851.53,92.3478,1207.1
2015-02-20,3875.6001,92.6186,1204.4
2015-02-23,3874.46,93.6799,1200.3
2015-02-24,3885.27,94.9096,1196.9
2015-02-25,3882.95,95.3194,1201.0
2015-02-26,3877.8501,94.0166,1209.6
2015-02-27,3866.4199,94.8071,1212.6
2015-03-02,3890.3201,93.0412,1207.7
2015-03-03,3872.71,92.7038,1204.0
2015-03-04,3856.51,92.7332,1200.6
2015-03-05,3861.29,92.6158,1195.9
2015-03-06,3807.04,90.5698,1164.1
2015-03-09,3822.4199,91.4058,1166.4
2015-03-10,3757.8301,92.6085,1160.1
2015-03-11,3751.2,93.2832,1150.7
2015-03-12,3799.4299,93.2172,1152.1
2015-03-13,3776.4399,92.9311,1152.6
2015-03-16,3827.6201,93.8259,1153.3
2015-03-17,3814.9099,94.6033,1148.3
2015-03-18,3861.3899,96.4293,1151.4
2015-03-19,3842.6201,95.9379,1169.1
2015-03-20,3877.26,96.4439,1184.8
2015-03-23,3870.49,96.3266,1188.0
2015-03-24,3847.05,97.258,1191.7
2015-03-25,3791.1299,96.4366,1197.3
2015-03-26,3782.21,94.9332,1205.1
2015-03-27,3791.8999,96.1139,1199.8
2015-03-30,3838.6499,95.6373,1184.8
2015-03-31,3805.27,95.8426,1183.1
2015-04-01,3790.6599,97.1015,1208.1
2015-04-02,3804.1399,96.0726,1200.9
2015-04-06,3829.3101,95.5361,1218.6
2015-04-07,3821.49,96.3372,1210.6
2015-04-08,3833.2,96.3666,1203.1
2015-04-09,3850.29,95.1172,1193.6
2015-04-10,3870.3101,95.2569,1204.6
2015-04-13,3852.9299,95.3891,1199.3
2015-04-14,3859.22,96.0653,1192.8
2015-04-15,3879.1001,95.9844,1201.5
2015-04-16,3876.1699,95.5067,1198.0
2015-04-17,3832.3301,96.6017,1202.9
2015-04-20,3867.8201,95.7493,1193.5
2015-04-21,3862.1499,95.3157,1202.9
2015-04-22,3881.9299,93.8606,1186.9
2015-04-23,3891.46,94.2648,1194.4
2015-04-24,3900.24,94.8527,1175.2
2015-04-27,3884.1001,94.8527,1203.3
2015-04-28,3895.21,93.5446,1214.0
2015-04-29,3880.8999,92.3981,1209.8
2015-04-30,3841.78,92.5598,1182.4
2015-05-01,3883.75,91.3138,1174.5
2015-05-04,3895.1599,90.4523,1186.8
2015-05-05,3849.4099,90.327,1193.2
2015-05-06,3833.7,88.7806,1190.3
2015-05-07,3849.1299,89.9736,1182.4
2015-05-08,3901.01,90.2166,1189.1
2015-05-11,3881.9299,88.0221,1183.2
2015-05-12,3870.6899,88.2504,1192.6
2015-05-13,3870.3601,87.5434,1218.4
2015-05-14,3912.52,87.7791,1225.4
2015-05-15,3915.99,89.5391,1225.5
2015-05-18,3928.1499,88.0369,1227.8
2015-05-19,3926.4099,87.2563,1206.9
2015-05-20,3923.1799,87.4035,1208.9
2015-05-21,3932.8999,88.626,1204.4
2015-05-22,3924.1599,88.6628,1204.3
2015-05-26,3883.8799,90.1798,1187.2
2015-05-27,3920.1101,90.386,1185.9
2015-05-28,3915.8201,90.1651,1188.1
2015-05-29,3891.1799,90.3639,1189.4
2015-06-01,3899.5901,89.3926,1188.3
2015-06-02,3895.8501,88.1454,1194.1
2015-06-03,3904.8301,86.7286,1184.7
2015-06-04,3871.23,87.8577,1174.9
2015-06-05,3865.8301,86.7875,1167.8
2015-06-08,3841.45,86.6916,1173.2
2015-06-09,3843.1599,86.0053,1177.3
2015-06-10,3889.7,85.2526,1186.1
2015-06-11,3897.5901,87.0459,1179.9
2015-06-12,3870.5601,87.0459,1178.8
2015-06-15,3852.75,87.1861,1185.3
2015-06-16,3874.73,87.8724,1180.5
2015-06-17,3882.49,87.1935,1176.4
2015-06-18,3921.4299,86.7654,1201.5
2015-06-19,3900.6399,87.8798,1201.5
2015-06-22,3924.4099,86.0865,1183.7
2015-06-23,3927.23,85.5699,1176.2
2015-06-24,3898.47,86.3079,1172.6
2015-06-25,3887.04,86.0053,1171.5
2015-06-26,3886.21,85.0385,1172.9
2015-06-29,3805.5,87.2895,1178.5
2015-06-30,3815.8501,86.6843,1171.5
2015-07-01,3843.26,85.5142,1169.0
2015-07-02,3842.0601,85.7952,1163.0
2015-07-06,3827.3501,87.3854,1172.9
2015-07-07,3850.6599,88.2064,1152.4
2015-07-08,3787.6699,88.9682,1163.3
2015-07-09,3796.26,87.2153,1159.0
2015-07-10,3843.1001,85.8322,1157.7
2015-07-13,3885.97,85.5659,1155.2
2015-07-14,3903.3101,85.847,1153.3
2015-07-15,3900.5,86.7567,1147.2
2015-07-16,3931.8501,87.3558,1143.8
2015-07-17,3936.22,87.807,1131.8
2015-07-20,3939.3501,87.4372,1106.7
2015-07-21,3922.7,87.9106,1103.4
2015-07-22,3913.75,88.4579,1091.4
2015-07-23,3891.79,89.5599,1094.0
2015-07-24,3850.1499,89.7818,1085.6
2015-07-27,3827.9299,90.2625,1096.5
2015-07-28,3875.3701,89.6043,1096.3
2015-07-29,3904.21,89.2714,1092.7
2015-07-30,3904.6399,89.9593,1088.4
2015-07-31,3895.8,90.6249,1094.9
2015-08-03,3885.0701,91.5789,1089.4
2015-08-04,3876.4399,90.8525,1090.7
2015-08-05,3889.99,90.1705,1085.7
2015-08-06,3860.9199,90.9711,1090.2
2015-08-07,3849.96,92.1645,1094.1
2015-08-10,3899.3601,91.023,1104.2
2015-08-11,3862.8101,92.4684,1107.6
2015-08-12,3867.3701,91.9643,1123.2
2015-08-13,3863.03,91.6678,1115.7
2015-08-14,3878.1599,91.8828,1112.9
2015-08-17,3899.1001,92.2979,1118.6
2015-08-18,3889.6001,91.5715,1117.1
2015-08-19,3857.74,92.4758,1128.1
2015-08-20,3776.3601,93.4097,1153.0
2015-08-21,3656.6699,93.6914,1159.6
2015-08-24,3512.6499,93.6617,1153.4
2015-08-25,3465.1899,92.157,1138.2
2015-08-26,3600.73,90.3781,1124.6
2015-08-27,3688.6001,90.43,1122.4
2015-08-28,3691.3,90.6968,1133.1
2015-08-31,3660.75,90.0001,1131.6
2015-09-01,3552.6499,90.6486,1138.7
2015-09-02,3618.25,89.8686,1132.5
2015-09-03,3622.6599,90.3069,1123.7
2015-09-04,3567.4099,91.1314,1120.6
2015-09-08,3657.3201,89.7869,1120.4
2015-09-09,3606.8,90.2177,1102.2
2015-09-10,3626.1399,89.6086,1109.5
2015-09-11,3643.54,90.1732,1103.5
2015-09-14,3628.8701,90.3143,1107.7
2015-09-15,3675.48,88.5834,1102.8
2015-09-16,3707.6201,88.2492,1119.2
2015-09-17,3698.74,89.3263,1117.3
2015-09-18,3638.99,90.7006,1138.1
2015-09-21,3655.6399,89.2223,1133.1
2015-09-22,3610.7,90.4629,1125.0
2015-09-23,3603.49,90.4554,1131.6
2015-09-24,3591.3701,91.072,1153.8
2015-09-25,3589.71,90.2846,1146.0
2015-09-28,3498.6101,91.8297,1132.0
2015-09-29,3503.1299,92.0897,1127.1
2015-09-30,3570.1699,91.7702,1115.5
2015-10-01,3577.47,92.1618,1114.2
2015-10-02,3629.04,92.7201,1137.1
2015-10-05,3695.6101,91.4621,1138.1
2015-10-06,3682.3301,91.8566,1146.8
2015-10-07,3713.3601,91.5514,1149.0
2015-10-08,3746.1201,90.7847,1144.7
2015-10-09,3748.96,91.0229,1156.3
2015-10-12,3753.73,91.7152,1164.9
2015-10-13,3728.48,91.8715,1165.8
2015-10-14,3711.1101,92.6754,1180.1
2015-10-15,3766.4299,92.2214,1187.9
2015-10-16,3783.6399,92.2512,1183.6
2015-10-19,3784.72,91.998,1173.3
2015-10-20,3779.4399,91.4323,1178.0
2015-10-21,3757.9099,92.3404,1167.6
2015-10-22,3820.49,92.4968,1166.6
2015-10-23,3862.6499,91.7077,1163.3
2015-10-26,3855.29,92.3181,1167.0
2015-10-27,3845.45,92.5489,1166.8
2015-10-28,3891.3401,92.1767,1177.1
2015-10-29,3890.04,90.7103,1147.2
2015-10-30,3871.3301,91.3951,1141.5
2015-11-02,3917.3,90.9751,1135.8
2015-11-03,3928.05,90.229,1114.2
2015-11-04,3915.52,90.3335,1106.5
2015-11-05,3911.8899,90.0948,1104.4
2015-11-06,3910.98,88.7743,1087.6
2015-11-09,3873.3701,88.2746,1087.9
2015-11-10,3880.23,88.5357,1088.2
2015-11-11,3867.71,88.3492,1084.7
2015-11-12,3814.29,88.7743,1080.8
2015-11-13,3771.5901,89.2817,1080.8
2015-11-16,3828.46,89.1996,1083.7
2015-11-17,3824.1399,89.3488,1068.7
2015-11-18,3886.26,89.5353,1068.8
2015-11-19,3882.0601,90.1321,1078.0
2015-11-20,3897.45,89.8561,1076.4
2015-11-23,3892.8,90.1321,1066.8
2015-11-24,3897.6699,90.1246,1074.3
2015-11-25,3897.5701,90.3335,1070.5
2015-11-27,3900.74,90.244,1056.2
2015-11-30,3882.8401,90.6021,1065.8
2015-12-01,3924.6299,91.8259,1063.8
2015-12-02,3882.3799,91.8558,1054.2
2015-12-03,3826.74,89.3589,1061.7
2015-12-04,3905.3101,90.1438,1084.5
2015-12-07,3878.3101,91.0185,1076.4
2015-12-08,3853.48,91.0633,1076.3
2015-12-09,3823.8999,90.9661,1077.6
2015-12-10,3832.9299,91.0858,1073.1
2015-12-11,3759.0901,92.5211,1076.9
2015-12-14,3777.22,91.325,1064.7
2015-12-15,3817.3601,90.7867,1062.9
2015-12-16,3873.1201,90.5923,1078.0
2015-12-17,3815.46,91.6165,1050.8
2015-12-18,3747.5601,92.1249,1066.2
2015-12-21,3777.1499,92.1025,1081.9
2015-12-22,3810.8501,91.4372,1074.8
2015-12-23,3858.47,90.7494,1069.4
2015-12-24,3852.3101,91.2693,1077.2
2015-12-28,3843.9399,91.5389,1070.5
2015-12-29,3885.55,90.0182,1077.5
2015-12-30,3857.8999,89.9283,1060.1
2015-12-31,3821.6001,90.3328,1060.3
2016-01-04,3763.99,90.9846,1075.1
2016-01-05,3771.5701,90.6175,1078.4
2016-01-06,3723.4399,91.8386,1091.9
2016-01-07,3635.29,92.0034,1107.7
2016-01-08,3595.9099,92.4155,1097.8
2016-01-11,3598.97,91.4041,1096.5
2016-01-12,3627.0601,92.7226,1085.6
2016-01-13,3536.9199,93.6366,1087.5
2016-01-14,3596.03,92.7601,1073.9
2016-01-15,3518.51,94.2059,1091.5
2016-01-19,3520.3999,93.9138,1089.9
2016-01-20,3479.75,94.9027,1107.1
2016-01-21,3497.9399,94.2584,1099.1
2016-01-22,3568.8999,93.8988,1097.2
2016-01-25,3513.1101,94.4082,1106.2
2016-01-26,3562.8101,94.4532,1121.7
2016-01-27,3524.3301,94.4307,1116.1
2016-01-28,3544.1299,94.5655,1115.6
2016-01-29,3631.96,95.3672,1116.4
2016-02-01,3630.46,95.0752,1127.9
2016-02-02,3562.52,96.839,1127.3
2016-02-03,3581.53,96.0359,1141.3
2016-02-04,3587.71,96.5013,1157.6
2016-02-05,3521.6001,96.6138,1157.8
2016-02-08,3472.0801,98.6929,1197.9
2016-02-09,3470.5,98.798,1198.7
2016-02-10,3471.04,99.6687,1194.7
2016-02-11,3428.99,100.3667,1247.9
2016-02-12,3496.28,98.7004,1239.1
2016-02-16,3555.2,97.6571,1207.9
2016-02-17,3614.1599,97.0567,1211.1
2016-02-18,3597.49,98.2501,1226.1
2016-02-19,3597.9199,98.3326,1230.4
2016-02-22,3649.9199,98.2801,1209.5
2016-02-23,3604.6799,98.6779,1222.3
2016-02-24,3620.8701,98.4827,1238.7
2016-02-25,3662.8401,98.8355,1238.2
2016-02-26,3656.4199,97.8823,1219.8
2016-02-29,3627.0601,98.3101,1233.9
2016-03-01,3713.7,96.5791,1230.3
2016-03-02,3729.5901,96.9776,1241.1
2016-03-03,3743.02,97.331,1257.4
2016-03-04,3755.47,96.7069,1269.9
2016-03-07,3759.05,96.6768,1263.2
2016-03-08,3717.49,97.7447,1262.1
2016-03-09,3736.9199,97.1505,1256.6
2016-03-10,3737.74,96.752,1272.0
2016-03-11,3800.0701,95.7744,1258.7
2016-03-14,3795.53,96.0752,1244.4
2016-03-15,3788.6201,96.1654,1230.4
2016-03-16,3810.0901,96.4512,1229.3
2016-03-17,3835.26,96.8498,1264.5
2016-03-18,3852.1499,97.0528,1253.8
2016-03-21,3855.97,96.3083,1243.8
2016-03-22,3853.1799,96.2858,1248.2
2016-03-23,3828.5801,97.3762,1223.7
2016-03-24,3827.1399,97.4138,1221.4
2016-03-28,3829.26,97.5416,1219.9
2016-03-29,3863.8,98.5643,1235.6
2016-03-30,3881.01,97.5265,1226.9
2016-03-31,3873.1101,98.2183,1234.2
2016-04-01,3897.6599,98.4746,1222.2
2016-04-04,3886.0,98.5349,1218.0
2016-04-05,3846.5901,99.6125,1228.4
2016-04-06,3888.4099,98.889,1222.5
2016-04-07,3841.98,100.1098,1236.2
2016-04-08,3852.72,99.4768,1242.5
2016-04-11,3842.1699,99.3487,1256.7
2016-04-12,3879.4199,98.663,1259.4
2016-04-13,3918.95,99.0096,1246.8
2016-04-14,3920.03,98.5349,1225.0
2016-04-15,3916.1699,99.3789,1233.1
2016-04-18,3941.8601,98.9493,1233.6
2016-04-19,3954.01,98.6403,1253.0
2016-04-20,3957.25,97.5553,1253.2
2016-04-21,3936.8,96.975,1249.0
2016-04-22,3937.0,96.7263,1228.7
2016-04-25,3929.8799,96.327,1238.9
2016-04-26,3937.23,95.8899,1242.2
2016-04-27,3944.02,96.8469,1249.2
2016-04-28,3907.8799,97.2463,1265.5
2016-04-29,3888.1299,97.495,1289.2
2016-05-02,3918.53,96.5134,1294.7
2016-05-03,3884.6299,97.729,1290.7
2016-05-04,3862.3999,98.2652,1273.3
2016-05-05,3862.3999,98.9221,1271.4
2016-05-06,3875.1799,98.4992,1292.9
2016-05-09,3878.1399,98.8088,1265.6
2016-05-10,3926.6299,98.8163,1263.9
2016-05-11,3891.1299,99.3751,1274.6
2016-05-12,3890.8501,98.9221,1270.3
2016-05-13,3858.1699,99.881,1271.9
2016-05-16,3896.3601,99.0202,1273.4
2016-05-17,3860.8799,99.1863,1276.2
2016-05-18,3862.25,97.7743,1273.7
2016-05-19,3847.97,98.1972,1254.2
2016-05-20,3871.75,98.2727,1252.4
2016-05-23,3863.8201,98.4917,1251.1
2016-05-24,3916.77,98.0537,1228.9
2016-05-25,3944.3301,97.6838,1223.5
2016-05-26,3944.05,98.1896,1220.1
2016-05-27,3961.6699,98.0462,1213.8
2016-05-31,3957.95,98.2803,1214.8
2016-06-01,3963.1001,98.679,1211.9
2016-06-02,3974.76,99.3902,1209.8
2016-06-03,3963.23,100.8051,1240.1
2016-06-06,3982.74,100.056,1244.6
2016-06-07,3987.96,100.2981,1244.4
2016-06-08,4001.98,100.8354,1259.8
2016-06-09,3995.28,101.4861,1270.2
2016-06-10,3958.6799,101.9779,1273.4
2016-06-13,3927.73,102.4318,1284.4
2016-06-14,3920.9299,102.3562,1285.6
2016-06-15,3914.02,102.7496,1285.8
2016-06-16,3926.9299,103.249,1296.1
2016-06-17,3914.1499,102.6059,1292.5
2016-06-20,3936.9099,101.5088,1290.0
2016-06-21,3947.9399,101.0397,1270.5
2016-06-22,3941.45,101.2061,1268.0
2016-06-23,3994.1799,100.0485,1261.2
2016-06-24,3850.7,102.7345,1320.0
2016-06-27,3781.02,105.2994,1322.5
2016-06-28,3849.05,105.5189,1315.3
2016-06-29,3915.1001,104.7093,1323.9
2016-06-30,3968.21,105.0952,1318.4
2016-07-01,3976.6799,106.5543,1336.7
2016-07-05,3949.72,107.8885,1356.4
2016-07-06,3972.26,108.0628,1364.9
2016-07-07,3969.1899,108.0552,1360.1
2016-07-08,4029.75,108.8511,1356.6
2016-07-11,4043.49,107.896,1355.0
2016-07-12,4071.8501,106.1222,1334.1
2016-07-13,4072.77,107.373,1342.4
2016-07-14,4094.28,105.8114,1331.3
2016-07-15,4090.49,104.9019,1326.5
2016-07-18,4100.3999,104.8034,1328.4
2016-07-19,4094.6101,105.3946,1331.5
2016-07-20,4112.6099,104.8185,1318.8
2016-07-21,4097.8198,105.0307,1330.5
2016-07-22,4116.5,105.2126,1323.1
2016-07-25,4104.1299,105.1368,1319.3
2016-07-26,4105.5698,105.3037,1320.7
2016-07-27,4100.8101,106.615,1326.6
2016-07-28,4107.75,106.4179,1332.3
2016-07-29,4114.5098,107.3048,1349.0
2016-08-01,4109.2798,106.1413,1351.4
2016-08-02,4083.25,105.0479,1364.4
2016-08-03,4097.2998,105.1086,1356.1
2016-08-04,4099.21,105.8984,1358.8
2016-08-05,4134.5601,104.7973,1336.4
2016-08-08,4131.1899,104.9947,1333.4
2016-08-09,4132.96,106.0275,1339.0
2016-08-10,4122.6499,106.4376,1344.3
2016-08-11,4142.7202,105.4883,1342.5
2016-08-12,4139.6299,106.3769,1335.8
2016-08-15,4151.6899,105.3744,1340.3
2016-08-16,4129.6802,105.0934,1350.5
2016-08-17,4138.4199,105.7237,1342.7
2016-08-18,4147.6401,105.8908,1351.2
2016-08-19,4142.23,105.3364,1340.4
2016-08-22,4139.9702,106.2249,1337.7
2016-08-23,4148.1602,106.3388,1340.6
2016-08-24,4126.6499,106.0882,1324.4
2016-08-25,4121.0898,105.6857,1320.1
2016-08-26,4114.6802,105.0706,1321.5
2016-08-29,4136.75,106.4755,1322.9
2016-08-30,4129.3398,106.0654,1311.7
2016-08-31,4120.29,106.2173,1306.9
2016-09-01,4120.1699,106.3345,1312.2
2016-09-02,4137.7002,105.4672,1322.1
2016-09-06,4150.1099,106.2356,1349.4
2016-09-07,4150.5098,106.1595,1344.3
2016-09-08,4141.46,104.8282,1336.8
2016-09-09,4039.95,103.1012,1330.1
2016-09-12,4099.4702,103.1544,1321.0
2016-09-13,4039.9199,101.9828,1319.0
2016-09-14,4037.8301,102.135,1321.5
2016-09-15,4079.3201,101.6937,1313.5
2016-09-16,4063.97,102.5154,1305.8
2016-09-19,4063.9399,102.1806,1313.5
2016-09-20,4065.2,102.5382,1313.7
2016-09-21,4109.6299,103.3675,1326.9
2016-09-22,4136.4102,104.1891,1340.4
2016-09-23,4112.6899,104.0902,1337.2
2016-09-26,4077.71,104.7521,1339.7
2016-09-27,4104.1802,105.5204,1325.9
2016-09-28,4126.8301,105.2922,1319.4
2016-09-29,4088.47,105.5584,1321.7
2016-09-30,4121.0601,104.6151,1313.3
2016-10-03,4108.1299,104.2699,1309.0
2016-10-04,4088.1699,103.0505,1266.3
2016-10-05,4107.3999,102.5703,1265.2
2016-10-06,4109.4902,101.9987,1249.8
2016-10-07,4096.25,102.0672,1248.9
2016-10-10,4115.1201,101.4651,1248.9
2016-10-11,4063.9199,101.2365,1253.0
2016-10-12,4068.9199,101.3356,1251.1
2016-10-13,4056.45,101.7167,1255.0
2016-10-14,4057.28,100.2914,1253.1
2016-10-17,4045.0701,100.9316,1254.4
2016-10-18,4069.99,101.2594,1260.8
2016-10-19,4079.5,101.3432,1267.9
2016-10-20,4074.1799,101.4499,1265.6
2016-10-21,4073.8501,101.6023,1265.9
2016-10-24,4093.22,101.1603,1262.0
2016-10-25,4077.8,101.427,1271.9
2016-10-26,4070.76,100.7411,1264.8
2016-10-27,4058.75,99.6436,1267.9
2016-10-28,4046.3601,99.4226,1275.5
2016-10-31,4045.8899,100.0323,1271.5
2016-11-01,4018.47,100.0399,1286.4
2016-11-02,3992.76,100.4752,1306.8
2016-11-03,3976.5601,99.704,1302.1
2016-11-04,3970.02,100.5974,1303.3
2016-11-07,4058.3,99.7421,1278.3
2016-11-08,4075.6101,99.3374,1273.4
2016-11-09,4121.0298,95.1224,1272.6
2016-11-10,4129.46,93.7173,1265.5
2016-11-11,4123.6899,93.1904,1265.5
2016-11-14,4123.8101,92.6329,1221.2
2016-11-15,4155.6201,93.0911,1224.0
2016-11-16,4150.21,93.9311,1223.4
2016-11-17,4169.8701,92.549,1216.5
2016-11-18,4160.5801,92.2817,1208.5
2016-11-21,4191.6802,92.5108,1209.6
2016-11-22,4200.9502,92.4802,1211.0
2016-11-23,4204.4902,92.1214,1189.1
2016-11-25,4221.02,92.2588,1178.2
2016-11-28,4199.3901,92.9384,1190.6
2016-11-29,4205.9902,93.3278,1187.9
2016-11-30,4195.73,91.8159,1170.8
2016-12-01,4181.1499,90.8465,1166.9
2016-12-02,4182.8101,91.5122,1175.1
2016-12-05,4207.5698,91.4127,1174.0
2016-12-06,4222.04,91.3438,1167.6
2016-12-07,4278.4399,92.1242,1175.0
2016-12-08,4288.1001,91.0378,1169.8
2016-12-09,4313.6099,89.9053,1159.4
2016-12-12,4308.9399,90.0736,1163.5
2016-12-13,4337.8599,90.395,1156.7
2016-12-14,4302.9302,89.385,1161.3
2016-12-15,4319.8398,89.8365,1127.8
2016-12-16,4312.3999,89.6299,1135.3
2016-12-19,4321.02,90.5939,1140.5
2016-12-20,4337.3599,90.1425,1131.5
2016-12-21,4326.8501,90.5404,1131.1
2016-12-22,4319.3301,90.3785,1128.8
2016-12-23,4325.1699,90.5626,1131.9
2016-12-27,4334.9302,90.2711,1137.3
2016-12-28,4299.4502,90.9309,1139.4
2016-12-29,4298.3901,91.2531,1156.4
2016-12-30,4278.6602,91.3912,1150.0
2017-01-03,4315.0801,91.7824,1160.4
2017-01-04,4340.75,92.1354,1163.8
2017-01-05,4337.4502,93.5776,1179.7
2017-01-06,4354.0498,92.7183,1171.9
2017-01-09,4338.6201,93.4625,1183.5
2017-01-10,4338.6401,93.4011,1184.2
2017-01-11,4351.3198,93.7157,1195.6
2017-01-12,4342.0898,93.5085,1198.9
2017-01-13,4350.1099,93.0636,1195.3
2017-01-17,4337.2002,94.0379,1212.0
2017-01-18,4345.5698,92.8334,1211.3
2017-01-19,4329.96,92.1967,1200.9
2017-01-20,4344.6699,92.0126,1204.3
2017-01-23,4333.1001,92.9332,1215.0
2017-01-24,4361.5601,92.2964,1210.3
2017-01-25,4396.5698,91.138,1197.3
2017-01-26,4393.4302,91.4449,1189.5
2017-01-27,4389.8501,91.7747,1188.1
2017-01-30,4363.6699,91.4986,1193.2
2017-01-31,4359.8101,92.1354,1208.6
2017-02-01,4362.1001,91.5656,1205.6
2017-02-02,4364.8501,91.5272,1216.7
2017-02-03,4396.9502,91.4887,1218.5
2017-02-06,4387.6699,92.0423,1230.0
2017-02-07,4388.8701,92.7188,1234.2
2017-02-08,4393.3101,93.9797,1237.6
2017-02-09,4419.3999,92.8957,1235.1
2017-02-10,4435.4199,92.8418,1234.4
2017-02-13,4459.8301,92.5497,1224.4
2017-02-14,4478.98,91.8808,1223.9
2017-02-15,4501.9902,91.458,1231.7
2017-02-16,4498.5601,91.9578,1240.0
2017-02-17,4506.2002,92.5035,1237.6
2017-02-21,4533.46,92.3422,1237.5
2017-02-22,4528.9702,92.4959,1232.0
2017-02-23,4531.3901,92.7727,1250.2
2017-02-24,4539.25,93.8029,1256.9
2017-02-27,4544.5098,93.2493,1257.4
2017-02-28,4532.9302,93.5953,1252.6
2017-03-01,4595.73,92.027,1248.9
2017-03-02,4569.1699,91.6957,1231.9
2017-03-03,4571.6001,91.9345,1225.5
2017-03-06,4556.7202,91.4954,1224.5
2017-03-07,4543.75,91.2182,1215.1
2017-03-08,4534.6802,90.7252,1208.5
2017-03-09,4538.3599,90.0011,1202.4
2017-03-10,4553.2798,90.3169,1200.7
2017-03-13,4556.4399,89.7469,1202.4
2017-03-14,4541.2598,90.1782,1201.9
2017-03-15,4579.4399,91.2798,1200.1
2017-03-16,4572.1602,90.8176,1226.5
2017-03-17,4566.1699,91.3876,1229.8
2017-03-20,4557.1201,91.7805,1233.6
2017-03-21,4500.98,92.5431,1246.1
2017-03-22,4509.6499,92.9128,1249.3
2017-03-23,4504.9199,92.7819,1246.9
2017-03-24,4501.1099,93.1131,1248.2
2017-03-27,4496.5298,93.5367,1255.4
2017-03-28,4529.1699,92.9128,1255.3
2017-03-29,4535.0098,93.4674,1253.4
2017-03-30,4548.46,92.7126,1245.0
2017-03-31,4538.21,92.9822,1247.3
2017-04-03,4530.98,93.92,1250.8
2017-04-04,4534.25,93.4105,1255.0
2017-04-05,4520.8599,93.6962,1245.4
2017-04-06,4530.9302,93.5572,1250.3
2017-04-07,4527.2002,93.179,1254.3
2017-04-10,4530.5698,93.6112,1251.1
2017-04-11,4524.71,94.499,1271.2
2017-04-12,4507.7598,95.0162,1275.3
2017-04-13,4477.0698,95.3095,1285.9
2017-04-17,4515.6499,95.0162,1289.4
2017-04-18,4502.6602,96.2589,1291.7
2017-04-19,4495.5601,95.7341,1281.4
2017-04-20,4529.6499,95.3635,1281.9
2017-04-21,4515.8999,95.3635,1287.4
2017-04-24,4564.9302,94.8926,1275.8
2017-04-25,4592.7402,93.7502,1265.6
2017-04-26,4590.5601,94.2674,1262.1
2017-04-27,4593.5698,94.2365,1263.7
2017-04-28,4584.8198,94.445,1266.1
2017-05-01,4592.7798,93.6598,1253.3
2017-05-02,4598.2402,94.1394,1255.1
2017-05-03,4593.3198,94.2013,1246.4
2017-05-04,4596.2402,93.7372,1226.5
2017-05-05,4615.0898,93.8222,1224.8
2017-05-08,4615.73,93.3117,1225.3
2017-05-09,4611.21,93.304,1214.3
2017-05-10,4618.1899,93.1957,1217.3
2017-05-11,4609.6899,93.1957,1222.7
2017-05-12,4602.96,93.8996,1226.2
2017-05-15,4625.5098,93.6443,1228.6
2017-05-16,4623.2598,93.9924,1235.0
2017-05-17,4540.5801,95.3616,1257.5
2017-05-18,4557.4102,95.4699,1251.7
2017-05-19,4588.3501,95.6942,1252.7
2017-05-22,4612.1201,95.4312,1260.7
2017-05-23,4620.7002,94.7892,1254.8
2017-05-24,4632.3701,95.3229,1252.4
2017-05-25,4653.5898,95.3538,1255.8
2017-05-26,4655.6499,95.5163,1267.6
2017-05-30,4650.7598,95.9881,1262.1
2017-05-31,4649.3398,96.2279,1272.0
2017-06-01,4685.1099,96.238,1267.0
2017-06-02,4702.5601,97.3775,1276.8
2017-06-05,4697.0,96.7729,1279.3
2017-06-06,4683.96,97.3,1294.4
2017-06-07,4692.29,96.8349,1290.1
2017-06-08,4693.6699,96.5791,1276.3
2017-06-09,4689.79,96.4318,1268.5
2017-06-12,4685.54,96.4008,1266.1
2017-06-13,4707.8799,96.4163,1265.8
2017-06-14,4703.5298,97.9046,1272.8
2017-06-15,4693.8599,97.7496,1252.2
2017-06-16,4695.23,97.9434,1254.0
2017-06-19,4734.48,97.8039,1244.2
2017-06-20,4702.8198,98.6799,1241.0
2017-06-21,4700.5,98.8814,1243.4
2017-06-22,4698.3999,99.0984,1247.6
2017-06-23,4705.73,99.0519,1256.2
2017-06-26,4707.27,99.424,1246.3
2017-06-27,4669.27,98.362,1246.4
2017-06-28,4711.3301,98.0364,1248.0
2017-06-29,4670.96,97.2148,1244.2
2017-06-30,4678.3599,96.9899,1240.7
2017-07-03,4689.6099,96.6777,1217.9
2017-07-05,4697.3398,96.701,1220.4
2017-07-06,4655.02,95.9009,1222.2
2017-07-07,4684.8799,95.3261,1208.6
2017-07-10,4689.25,95.4659,1212.1
2017-07-11,4685.6401,95.629,1213.6
2017-07-12,4720.2798,96.2893,1218.1
2017-07-13,4729.25,95.6834,1216.3
2017-07-14,4751.4302,95.7999,1226.6
2017-07-17,4751.3301,96.064,1232.8
2017-07-18,4754.27,96.9029,1241.1
2017-07-19,4780.25,96.9418,1241.2
2017-07-20,4779.8398,97.2214,1244.8
2017-07-21,4778.0698,97.6331,1254.3
2017-07-24,4773.1001,97.2525,1253.9
2017-07-25,4787.04,95.9863,1251.7
2017-07-26,4788.4102,96.1417,1249.0
2017-07-27,4784.2598,95.6678,1259.6
2017-07-28,4778.02,96.2349,1268.4
2017-07-31,4774.5601,96.3514,1266.6
2017-08-01,4786.27,97.0279,1272.6
2017-08-02,4789.54,97.0824,1271.8
2017-08-03,4779.9902,98.0866,1267.8
2017-08-04,4789.1099,97.2537,1258.3
2017-08-07,4797.1299,97.3626,1258.2
2017-08-08,4786.1201,97.0123,1256.4
2017-08-09,4784.9399,97.5417,1273.0
2017-08-10,4717.3999,98.3747,1283.7
2017-08-11,4723.73,98.4214,1287.7
2017-08-14,4771.4302,97.9154,1284.2
2017-08-15,4770.1499,97.5028,1273.7
2017-08-16,4778.2798,97.8609,1276.9
2017-08-17,4704.73,98.5926,1286.4
2017-08-18,4696.2202,98.5693,1285.7
2017-08-21,4701.8198,98.8106,1290.8
2017-08-22,4748.73,98.4291,1285.1
2017-08-23,4732.7598,99.0987,1288.9
2017-08-24,4723.0298,98.7327,1286.5
2017-08-25,4731.46,99.1142,1292.5
2017-08-28,4733.9702,99.052,1309.7
2017-08-29,4738.6201,99.3711,1313.1
2017-08-30,4761.7202,99.34,1308.1
2017-08-31,4789.1802,99.6358,1316.2
2017-09-01,4798.9902,98.8736,1324.5
2017-09-05,4762.75,100.4416,1339.2
2017-09-06,4777.6899,99.8253,1333.9
2017-09-07,4777.9302,100.8472,1345.1
2017-09-08,4771.02,100.6288,1346.0
2017-09-11,4822.7998,99.4275,1331.0
2017-09-12,4839.3101,98.9049,1328.0
2017-09-13,4843.04,98.5148,1323.4
2017-09-14,4839.29,98.9204,1324.7
2017-09-15,4848.8398,98.9595,1320.4
2017-09-18,4856.0801,98.39,1306.3
2017-09-19,4861.52,98.1482,1306.2
2017-09-20,4864.6099,98.2184,1312.0
2017-09-21,4849.9502,98.1638,1290.6
2017-09-22,4853.2002,98.4446,1293.3
2017-09-25,4842.4102,99.0609,1306.8
2017-09-26,4843.1401,98.8815,1297.0
2017-09-27,4862.9302,97.3915,1283.4
2017-09-28,4869.8101,97.1029,1285.5
2017-09-29,4887.9702,97.3213,1281.5
2017-10-02,4906.9199,97.1431,1272.7
2017-10-03,4917.73,97.2369,1271.5
2017-10-04,4924.1899,97.2447,1273.7
2017-10-05,4952.8501,96.8773,1269.9
2017-10-06,4949.0898,96.6038,1271.6
2017-10-09,4940.1602,96.9086,1281.8
2017-10-10,4951.77,97.0649,1290.6
2017-10-11,4960.79,97.2525,1285.8
2017-10-12,4952.8501,97.6668,1293.3
2017-10-13,4957.27,98.3703,1301.5
2017-10-16,4966.0498,98.2999,1299.9
2017-10-17,4969.3799,98.425,1283.0
2017-10-18,4973.2798,97.7762,1279.9
2017-10-19,4975.3198,97.9482,1286.9
2017-10-20,5001.1099,96.9086,1277.4
2017-10-23,4981.3701,97.0805,1277.7
2017-10-24,4989.5601,96.4787,1275.0
2017-10-25,4966.29,96.0175,1275.4
2017-10-26,4972.6001,95.6971,1266.3
2017-10-27,5012.75,96.3302,1268.5
2017-10-30,4997.1499,97.2525,1274.1
2017-10-31,5002.0298,97.2838,1267.0
2017-11-01,5009.9902,97.717,1274.1
2017-11-02,5011.48,98.1477,1274.9
2017-11-03,5027.4902,98.4141,1266.5
2017-11-06,5034.2998,98.7822,1279.4
2017-11-07,5033.3799,99.1974,1273.7
2017-11-08,5040.7402,98.9781,1281.6
2017-11-09,5023.0098,98.6961,1285.6
2017-11-10,5020.3101,97.2078,1272.4
2017-11-13,5025.3599,97.4115,1277.3
2017-11-14,5014.5298,98.0695,1281.5
2017-11-15,4987.96,99.1348,1276.5
2017-11-16,5030.48,98.2731,1277.4
2017-11-17,5017.4502,99.0016,1295.8
2017-11-20,5024.0098,98.9624,1274.6
2017-11-21,5056.9502,99.2757,1281.1
2017-11-22,5053.6001,99.5969,1291.6
2017-11-24,5064.23,99.3227,1286.7
2017-11-27,5062.8501,99.1817,1293.8
2017-11-28,5112.9102,99.3149,1294.7
2017-11-29,5111.6802,98.3358,1282.1
2017-11-30,5155.4399,98.0068,1273.2
2017-12-01,5145.21,99.3294,1278.8
2017-12-04,5139.9102,99.3764,1274.3
2017-12-05,5120.9199,99.8709,1261.6
2017-12-06,5120.46,100.2163,1262.8
2017-12-07,5136.3701,99.4314,1249.8
2017-12-08,5165.1899,99.4392,1245.2
2017-12-11,5181.75,99.2352,1243.7
2017-12-12,5189.96,99.1959,1238.5
2017-12-13,5187.6802,99.9416,1245.4
2017-12-14,5167.4502,100.3654,1253.8
2017-12-15,5214.1001,100.7422,1254.3
2017-12-18,5242.2798,99.8239,1262.2
2017-12-19,5225.4302,98.5287,1260.7
2017-12-20,5221.79,97.4377,1266.1
2017-12-21,5232.1602,98.0056,1267.3
2017-12-22,5229.79,98.1394,1275.4
2017-12-26,5224.5098,98.4303,1284.1
2017-12-27,5229.0098,99.7125,1287.0
2017-12-28,5239.5898,99.6259,1294.1
2017-12-29,5212.7598,99.7833,1306.3
2018-01-02,5256.2798,98.7057,1313.7
2018-01-03,5289.9199,99.1776,1316.2
2018-01-04,5312.3301,99.1619,1319.4
2018-01-05,5349.6899,98.8787,1320.3
2018-01-08,5358.6802,98.8158,1318.6
2018-01-09,5367.2598,97.4944,1311.7
2018-01-10,5361.3301,97.3764,1317.4
2018-01-11,5399.46,97.7775,1320.6
2018-01-12,5435.9199,97.9426,1333.4
2018-01-16,5416.8599,98.3517,1335.4
2018-01-17,5467.8501,98.218,1338.0
2018-01-18,5459.5,97.3055,1326.0
2018-01-19,5483.5698,96.7943,1331.9
2018-01-22,5527.8901,96.8887,1330.9
2018-01-23,5540.1299,97.3055,1335.7
2018-01-24,5537.0298,96.7786,1355.9
2018-01-25,5540.3799,97.573,1362.4
2018-01-26,5606.0801,97.2112,1351.6
2018-01-29,5568.6699,96.5348,1351.6
2018-01-30,5508.3599,95.9684,1335.4
2018-01-31,5511.21,96.5348,1339.0
2018-02-01,5508.7002,95.1357,1344.3
2018-02-02,5392.21,94.2529,1333.7
2018-02-05,5171.2598,95.1436,1333.0
2018-02-06,5262.02,94.5524,1326.1
2018-02-07,5235.8398,93.6539,1311.6
2018-02-08,5040.0601,93.5514,1316.9
2018-02-09,5116.9902,92.9603,1313.1
2018-02-12,5188.3701,93.3701,1324.2
2018-02-13,5202.2202,93.7879,1328.1
2018-02-14,5273.4302,92.7475,1355.5
2018-02-15,5338.3501,93.0628,1352.1
2018-02-16,5340.8198,93.5672,1353.2
2018-02-20,5309.9902,93.1573,1328.8
2018-02-21,5280.9102,92.0144,1330.0
2018-02-22,5286.4902,92.2903,1330.6
2018-02-23,5371.5601,93.11,1328.2
2018-02-26,5435.3799,93.1416,1330.7
2018-02-27,5367.0898,93.0076,1315.5
2018-02-28,5308.0898,93.5987,1315.5
2018-03-01,5238.1802,94.2376,1302.9
2018-03-02,5265.2402,93.4715,1321.1
2018-03-05,5323.3599,93.2188,1318.1
2018-03-06,5337.6899,93.3057,1333.6
2018-03-07,5335.4702,93.203,1326.0
2018-03-08,5360.73,93.7401,1319.9
2018-03-09,5454.0298,93.124,1322.4
2018-03-12,5447.1001,93.6611,1319.4
2018-03-13,5412.75,94.135,1325.9
2018-03-14,5383.27,94.9642,1324.4
2018-03-15,5379.3901,94.9642,1316.8
2018-03-16,5388.7402,94.6247,1311.3
2018-03-19,5312.23,94.3245,1316.8
2018-03-20,5320.2002,93.9455,1311.1
2018-03-21,5310.96,94.0481,1320.7
2018-03-22,5177.52,94.9801,1326.6
2018-03-23,5069.0298,94.909,1349.3
2018-03-26,5206.6899,94.5457,1354.4
2018-03-27,5116.75,95.5566,1341.3
2018-03-28,5102.6899,95.8094,1324.2
2018-03-29,5173.1899,96.2753,1322.8
2018-04-02,5057.6899,96.4653,1342.1
2018-04-03,5121.7002,95.7213,1332.8
2018-04-04,5181.3101,95.5234,1335.8
2018-04-05,5217.6201,94.8111,1324.3
2018-04-06,5103.3501,95.8479,1331.9
2018-04-09,5121.8999,96.0062,1336.3
2018-04-10,5207.73,95.8321,1342.0
2018-04-11,5179.1899,96.1724,1356.5
2018-04-12,5222.5498,95.468,1338.4
2018-04-13,5207.5698,95.6896,1344.8
2018-04-16,5249.9399,95.7213,1347.5
2018-04-17,5305.8999,95.9825,1347.2
2018-04-18,5310.3198,95.2148,1351.2
2018-04-19,5280.5698,94.4391,1346.8
2018-04-20,5235.75,93.7584,1336.7
2018-04-23,5236.04,93.7822,1322.5
2018-04-24,5166.1001,93.3548,1331.4
2018-04-25,5175.5898,92.7295,1321.2
2018-04-26,5229.6099,93.3785,1316.3
2018-04-27,5235.73,94.0988,1320.3
2018-04-30,5193.04,94.2649,1316.2
2018-05-01,5206.3101,93.9255,1303.8
2018-05-02,5168.79,93.8223,1302.6
2018-05-03,5157.7002,94.2428,1310.7
2018-05-04,5224.71,94.3855,1312.7
2018-05-07,5242.8701,94.2349,1312.2
2018-05-08,5241.5298,94.1476,1312.0
2018-05-09,5292.8999,93.5844,1311.3
2018-05-10,5343.7002,94.3379,1320.8
2018-05-11,5354.6899,94.5759,1319.0
2018-05-14,5359.6602,94.0762,1316.5
2018-05-15,5323.23,93.0053,1288.9
2018-05-16,5346.3301,92.6484,1290.2
2018-05-17,5343.29,92.1804,1288.2
2018-05-18,5329.6602,92.9736,1290.2
2018-05-21,5369.1899,93.0212,1290.2
2018-05-22,5352.4502,92.8784,1291.7
2018-05-23,5369.9902,93.5527,1289.3
2018-05-24,5359.3198,94.2983,1303.7
2018-05-25,5347.3101,94.8853,1303.3
2018-05-29,5285.7002,96.9635,1298.7
2018-05-30,5353.7598,96.313,1301.5
2018-05-31,5318.1001,96.1544,1300.1
2018-06-01,5376.29,95.6464,1294.8
2018-06-04,5400.5,94.9547,1293.1
2018-06-05,5404.6201,95.1773,1297.5
2018-06-06,5451.0898,94.4061,1297.1
2018-06-07,5448.1802,95.3204,1298.7
2018-06-08,5465.4199,95.0341,1298.1
2018-06-11,5471.29,94.8593,1298.9
2018-06-12,5481.0698,94.8831,1295.1
2018-06-13,5459.21,94.8354,1296.9
2018-06-14,5474.3701,95.6225,1304.0
2018-06-15,5469.3701,95.71,1274.6
2018-06-18,5457.8301,95.6225,1276.2
2018-06-19,5436.1299,96.179,1275.6
2018-06-20,5445.4302,95.3363,1271.2
2018-06-21,5411.3999,95.8371,1267.2
2018-06-22,5421.6299,95.8292,1267.4
2018-06-25,5347.23,96.0439,1265.6
2018-06-26,5359.0098,96.179,1256.6
2018-06-27,5312.8901,97.0854,1252.8
2018-06-28,5346.4399,97.1093,1247.8
2018-06-29,5350.8301,96.7754,1251.3
2018-07-02,5367.4902,96.6996,1239.8
2018-07-03,5340.9302,97.2176,1251.6
2018-07-05,5388.2798,97.4965,1257.3
2018-07-06,5434.3599,97.8153,1254.3
2018-07-09,5483.8901,97.1857,1258.1
2018-07-10,5503.0498,97.1778,1253.8
2018-07-11,5464.0098,97.5523,1242.8
2018-07-12,5512.3599,97.5443,1245.0
2018-07-13,5518.3301,97.7914,1239.6
2018-07-16,5512.9199,97.385,1238.1
2018-07-17,5534.9102,97.2017,1225.7
2018-07-18,5546.8599,96.8112,1226.3
2018-07-19,5525.5098,97.4248,1222.4
2018-07-20,5520.5,96.2295,1229.5
2018-07-23,5530.6602,95.0422,1224.0
2018-07-24,5557.3701,95.3689,1223.9
2018-07-25,5607.9902,95.2175,1231.4
2018-07-26,5590.9902,95.0342,1225.3
2018-07-27,5554.3101,95.1936,1222.6
2018-07-30,5522.8101,94.8669,1221.3
2018-07-31,5549.96,95.3848,1223.7
2018-08-01,5544.1899,94.6077,1217.9
2018-08-02,5572.0801,94.7435,1210.6
2018-08-03,5598.71,95.2147,1214.2
2018-08-06,5619.0498,95.2706,1208.6
2018-08-07,5634.98,94.7755,1209.6
2018-08-08,5633.6699,94.8713,1212.6
2018-08-09,5627.0,95.67,1211.9
2018-08-10,5588.6602,96.3648,1211.1
2018-08-13,5566.3599,96.1651,1191.3
2018-08-14,5602.4102,95.9495,1193.0
2018-08-15,5560.8501,96.5085,1177.5
2018-08-16,5606.5601,96.5005,1176.2
2018-08-17,5625.6602,96.6203,1176.5
2018-08-20,5639.5298,97.2672,1186.8
2018-08-21,5651.3901,96.9398,1192.6
2018-08-22,5649.3101,97.3231,1196.3
2018-08-23,5640.1001,97.4749,1187.0
2018-08-24,5675.1201,97.6665,1206.3
2018-08-27,5719.2998,97.1075,1209.0
2018-08-28,5720.8901,96.5245,1207.4
2018-08-29,5754.0,96.6523,1204.5
2018-08-30,5729.4502,96.8599,1197.7
2018-08-31,5730.7998,96.6363,1200.3
2018-09-04,5721.8599,96.0776,1192.7
2018-09-05,5705.8599,95.8214,1194.9
2018-09-06,5686.7002,96.1736,1197.9
2018-09-07,5674.5801,95.3572,1193.6
2018-09-10,5685.3398,95.7094,1193.0
2018-09-11,5706.9902,94.981,1195.4
2018-09-12,5709.0801,95.2051,1204.7
2018-09-13,5740.75,95.3492,1202.0
2018-09-14,5743.1899,94.893,1195.0
2018-09-17,5711.29,94.893,1199.7
2018-09-18,5742.1802,93.9004,1196.8
2018-09-19,5749.3901,93.3401,1202.2
2018-09-20,5794.7202,93.7723,1206.2
2018-09-21,5792.7202,93.7322,1196.2
2018-09-24,5772.3599,93.4922,1199.3
2018-09-25,5765.25,93.3961,1200.0
2018-09-26,5746.27,94.0525,1194.0
2018-09-27,5763.2202,94.1165,1182.3
2018-09-28,5763.4199,93.8684,1191.5
2018-10-01,5784.4502,93.1793,1187.1
2018-10-02,5782.3701,93.7488,1202.4
2018-10-03,5786.48,92.1203,1198.3
2018-10-04,5740.5601,91.4705,1197.2
2018-10-05,5708.8999,90.6843,1201.2
2018-10-08,5706.6602,90.3795,1184.4
2018-10-09,5700.23,91.294,1187.2
2018-10-10,5512.9399,91.0453,1189.3
2018-10-11,5399.54,92.1524,1223.5
2018-10-12,5476.8301,91.8315,1218.1
2018-10-15,5444.6099,91.7914,1226.4
2018-10-16,5561.7998,91.9999,1227.3
2018-10-17,5560.6201,91.4544,1223.7
2018-10-18,5481.1299,91.4224,1226.5
2018-10-19,5479.2998,91.2218,1225.3
2018-10-22,5455.8799,91.1015,1221.2
2018-10-23,5426.0801,91.3903,1233.4
2018-10-24,5258.6099,92.0802,1227.8
2018-10-25,5356.54,91.6951,1229.1
2018-10-26,5263.7402,92.2486,1232.5
2018-10-29,5229.2798,92.04,1224.5
2018-10-30,5311.6699,91.5828,1222.6
2018-10-31,5369.4902,91.1175,1212.3
2018-11-01,5426.3301,91.202,1236.0
2018-11-02,5392.5298,90.0681,1230.9
2018-11-05,5422.8799,90.4219,1229.8
2018-11-06,5457.25,90.3656,1223.8
2018-11-07,5573.0601,90.4862,1226.2
2018-11-08,5562.0,90.4782,1222.9
2018-11-09,5511.79,91.1537,1206.4
2018-11-12,5403.1899,91.7488,1201.3
2018-11-13,5395.3701,91.6925,1199.2
2018-11-14,5355.9399,91.7488,1207.9
2018-11-15,5414.4302,91.7086,1212.8
2018-11-16,5426.8599,92.2393,1220.8
2018-11-19,5336.7002,92.4966,1223.1
2018-11-20,5240.23,92.5288,1219.0
2018-11-21,5256.6099,92.4966,1225.8
2018-11-23,5222.4302,92.5932,1221.0
2018-11-26,5304.1699,92.3841,1220.2
2018-11-27,5321.52,92.4886,1211.2
2018-11-28,5444.1201,92.0383,1221.4
2018-11-29,5433.4902,92.4002,1224.1
2018-11-30,5478.9102,92.7459,1220.2
2018-12-03,5538.8599,93.4045,1233.9
2018-12-04,5359.9102,94.9682,1241.1
2018-12-06,5353.4302,95.2665,1238.1
2018-12-07,5229.4399,95.4438,1246.8
2018-12-10,5238.7002,95.8388,1243.7
2018-12-11,5237.1001,95.8226,1241.9
2018-12-12,5265.5298,95.3954,1244.4
2018-12-13,5265.46,95.1698,1242.7
2018-12-14,5165.6001,95.5002,1237.0
2018-12-17,5058.5801,96.0564,1247.4
2018-12-18,5059.3398,96.6317,1249.2
2018-12-19,4981.9199,97.9082,1252.1
2018-12-20,4903.46,97.5527,1263.6
2018-12-21,4802.5098,97.5366,1253.8
2018-12-24,4672.6602,98.0213,1267.5
2018-12-26,4904.4902,96.971,1269.2
2018-12-27,4946.9399,96.9872,1277.3
2018-12-28,4941.6099,97.8032,1279.9
2018-12-31,4984.2202,98.1749,1278.3
2019-01-02,4990.5601,98.6919,1281.0
2019-01-03,4868.2998,99.815,1291.8
2019-01-04,5035.4502,98.6596,1282.7
2019-01-07,5070.7598,98.3688,1286.8
2019-01-08,5120.04,98.1102,1283.2
2019-01-09,5142.6602,97.9567,1289.3
2019-01-10,5165.8901,97.3265,1284.7
2019-01-11,5165.1499,97.7062,1287.1
2019-01-14,5138.5801,97.3427,1289.1
2019-01-15,5193.7798,96.9872,1286.2
2019-01-16,5205.4502,97.0841,1291.6
2019-01-17,5245.48,97.1084,1291.0
2019-01-18,5314.7798,96.5994,1281.3
2019-01-22,5239.75,97.2538,1282.5
2019-01-23,5251.29,97.2134,1283.1
2019-01-24,5258.6899,97.8517,1279.1
2019-01-25,5303.5098,97.3831,1297.4
2019-01-28,5261.8799,97.2861,1302.4
2019-01-29,5254.3101,97.779,1308.2
2019-01-30,5336.6001,97.7062,1309.9
2019-01-31,5383.6299,98.5465,1319.7
2019-02-01,5389.1899,97.9513,1316.9
2019-02-04,5425.7998,97.514,1314.3
2019-02-05,5451.3999,97.9594,1314.2
2019-02-06,5439.7998,98.008,1309.5
2019-02-07,5389.6899,98.6559,1309.4
2019-02-08,5395.1201,99.0769,1313.7
2019-02-11,5399.0,98.6882,1307.0
2019-02-12,5468.98,98.4372,1309.2
2019-02-13,5485.9702,98.0647,1310.8
2019-02-14,5473.3301,98.6234,1309.8
2019-02-15,5533.27,98.7773,1318.1
2019-02-19,5541.98,99.0283,1340.1
2019-02-20,5552.8999,98.7449,1343.3
2019-02-21,5533.7998,97.8623,1323.5
2019-02-22,5569.4502,98.4453,1329.2
2019-02-25,5577.0898,98.1538,1325.9
2019-02-26,5572.7402,98.6396,1325.1
2019-02-27,5570.5698,97.5221,1317.7
2019-02-28,5556.4902,97.1901,1312.8
2019-03-01,5595.1099,96.2918,1296.4
2019-03-04,5573.5298,97.0465,1284.8
2019-03-05,5567.3999,97.2494,1282.0
2019-03-06,5531.3398,97.6064,1284.9
2019-03-07,5487.5601,98.2394,1283.8
2019-03-08,5476.3901,98.6532,1297.0
2019-03-11,5556.77,98.3611,1288.8
2019-03-12,5556.77,99.0509,1296.3
2019-03-13,5612.5601,98.8643,1307.5
2019-03-14,5609.5898,98.1501,1293.4
2019-03-15,5637.77,98.7993,1301.8
2019-03-18,5658.73,98.7425,1300.3
2019-03-19,5658.1499,98.5234,1305.0
2019-03-20,5641.7402,99.554,1300.5
2019-03-21,5703.2798,99.7731,1306.1
2019-03-22,5595.5,101.3231,1311.6
2019-03-25,5591.23,101.4853,1321.9
2019-03-26,5631.3901,101.4123,1314.3
2019-03-27,5605.3198,102.3455,1309.9
2019-03-28,5626.3198,102.7026,1289.8
2019-03-29,5664.46,102.6052,1293.0
2019-04-01,5730.04,101.1478,1288.4
2019-04-02,5730.3501,101.3349,1290.0
2019-04-03,5742.6699,100.4565,1289.9
2019-04-04,5755.96,100.7412,1289.0
2019-04-05,5782.7002,100.8713,1290.4
2019-04-08,5788.8599,100.5135,1297.1
2019-04-09,5755.4902,100.8306,1303.5
2019-04-10,5775.9902,101.0747,1309.1
2019-04-11,5776.2798,100.481,1288.6
2019-04-12,5815.04,99.7653,1290.6
2019-04-15,5811.5098,100.0174,1286.8
2019-04-16,5814.46,99.3912,1272.6
2019-04-17,5801.8301,99.4318,1272.2
2019-04-18,5811.1299,99.9523,1271.9
2019-04-22,5817.1602,99.4725,1273.5
2019-04-23,5868.8799,99.6839,1269.3
2019-04-24,5856.0298,100.4972,1275.5
2019-04-25,5853.8701,100.3508,1275.8
2019-04-26,5881.48,100.6924,1284.9
2019-04-29,5888.0498,100.0499,1278.6
2019-04-30,5893.8101,100.5623,1282.8
2019-05-01,5849.6499,100.9771,1281.4
2019-05-02,5837.46,100.4963,1269.7
2019-05-03,5894.2998,100.7815,1279.2
2019-05-06,5868.4502,101.0586,1281.7
2019-05-07,5771.5898,101.8328,1283.5
2019-05-08,5762.48,101.3927,1279.4
2019-05-09,5747.0801,101.8084,1283.5
2019-05-10,5770.4399,101.6698,1285.7
2019-05-13,5631.4102,102.4685,1300.1
2019-05-14,5677.2002,102.167,1294.7
2019-05-15,5711.4902,102.7945,1296.3
2019-05-16,5763.9502,102.4522,1285.0
2019-05-17,5730.8901,102.6804,1274.5
2019-05-20,5692.2998,102.4685,1276.1
2019-05-21,5740.8101,102.3055,1272.0
2019-05-22,5724.71,102.8923,1273.6
2019-05-23,5657.1001,104.0496,1284.8
2019-05-24,5665.6001,104.1392,1283.0
2019-05-28,5618.1802,104.889,1276.5
2019-05-29,5579.5098,105.2069,1280.6
2019-05-30,5591.9702,106.1115,1287.1
2019-05-31,5519.27,107.44,1305.8
2019-06-03,5504.0498,108.1587,1322.7
2019-06-04,5622.3101,106.9255,1323.4
2019-06-05,5668.8901,106.3211,1328.3
2019-06-06,5705.2202,106.6641,1337.6
2019-06-07,5765.6602,107.587,1341.2
2019-06-10,5792.5601,106.5743,1324.7
2019-06-11,5790.8301,106.6396,1326.4
2019-06-12,5779.1201,106.7213,1331.9
2019-06-13,5804.5298,107.0888,1339.2
2019-06-14,5795.96,107.3583,1340.1
2019-06-17,5801.3999,107.5461,1338.7
2019-06-18,5857.9502,108.0851,1346.6
2019-06-19,5875.4502,108.2403,1344.6
2019-06-20,5931.6602,108.5261,1392.9
2019-06-21,5924.54,107.3338,1396.2
2019-06-24,5914.29,108.1341,1414.3
2019-06-25,5858.1299,108.469,1414.9
2019-06-26,5850.8999,107.7748,1411.6
2019-06-27,5874.1499,108.5343,1408.4
2019-06-28,5908.25,108.4608,1409.7
2019-07-01,5953.6299,108.2071,1385.6
2019-07-02,5971.29,109.0417,1404.6
2019-07-03,5982.8999,109.8191,1417.7
2019-07-05,6008.3101,108.3626,1396.7
2019-07-08,5979.3398,108.5099,1397.0
2019-07-09,5988.48,108.469,1397.5
2019-07-10,6015.5601,107.8717,1410.1
2019-07-11,6029.3301,106.4315,1404.3
2019-07-12,6057.77,106.5542,1409.9
2019-07-15,6058.8301,107.1679,1411.4
2019-07-16,6038.3999,106.8488,1409.2
2019-07-17,5999.0498,108.0026,1421.3
2019-07-18,6021.1499,108.0107,1426.1
2019-07-19,5984.2002,107.7571,1425.1
2019-07-22,6001.2798,107.9617,1425.3
2019-07-23,6042.48,107.3725,1420.1
2019-07-24,6071.0498,107.8389,1422.8
2019-07-25,6039.1299,107.3234,1413.9
2019-07-26,6083.8198,107.5771,1418.5
2019-07-29,6074.0098,107.6098,1419.6
2019-07-30,6058.96,107.8717,1429.7
2019-07-31,5993.1699,108.739,1426.1
2019-08-01,5939.8301,110.8986,1420.9
2019-08-02,5897.1001,111.9235,1445.6
2019-08-05,5721.7998,113.8583,1464.6
2019-08-06,5796.7202,114.7685,1472.4
2019-08-07,5801.3198,114.8094,1507.3
2019-08-08,5911.6602,115.0554,1497.7
2019-08-09,5873.4702,114.8259,1496.6
2019-08-12,5802.1401,117.22,1505.3
2019-08-13,5890.1602,116.8182,1502.2
2019-08-14,5719.2998,119.4501,1515.9
2019-08-15,5734.4902,120.7783,1519.6
2019-08-16,5818.1699,119.8108,1512.5
2019-08-19,5888.9302,118.0973,1500.4
2019-08-20,5842.7598,119.3189,1504.6
2019-08-21,5891.1899,118.5236,1504.6
2019-08-22,5888.3701,117.7365,1497.3
2019-08-23,5735.6299,119.6715,1526.6
2019-08-26,5799.3398,119.1877,1526.3
2019-08-27,5780.79,121.0243,1541.0
2019-08-28,5818.8398,121.18,1537.8
2019-08-29,5893.6499,120.7209,1526.5
2019-08-30,5898.23,120.7537,1519.1
2019-09-03,5857.9502,120.9097,1545.9
2019-09-04,5921.96,121.0904,1550.3
2019-09-05,6000.3799,118.8974,1515.4
2019-09-06,6006.0698,119.7434,1506.2
2019-09-09,6005.9902,117.6161,1502.2
2019-09-10,6008.1201,115.5546,1490.3
2019-09-11,6051.8701,115.3492,1494.4
2019-09-12,6070.23,114.5936,1498.7
2019-09-13,6067.5,112.146,1490.9
2019-09-16,6048.6699,113.5752,1503.1
2019-09-17,6064.3101,114.1912,1505.1
2019-09-18,6066.4199,114.6758,1507.5
2019-09-19,6066.8999,115.0207,1498.4
2019-09-20,6037.5,116.5402,1507.3
2019-09-23,6036.8999,116.5156,1523.7
2019-09-24,5986.5801,117.92,1532.1
2019-09-25,6023.46,116.1952,1504.6
2019-09-26,6009.1899,116.9426,1507.5
2019-09-27,5978.1099,117.2301,1499.1
2019-09-30,6008.5898,117.5176,1465.7
2019-10-01,5935.2002,117.8714,1482.0
2019-10-02,5828.9302,118.1594,1501.0
2019-10-03,5876.8599,119.2372,1507.1
2019-10-04,5960.4302,120.1176,1506.2
2019-10-07,5933.7598,119.122,1497.7
2019-10-08,5841.5698,119.443,1497.2
2019-10-09,5896.6001,118.7682,1506.1
2019-10-10,5934.5601,116.9992,1494.8
2019-10-11,6000.04,115.5511,1482.7
2019-10-14,5991.7202,116.3904,1491.7
2019-10-15,6051.3901,114.9835,1477.6
2019-10-16,6039.6899,115.1233,1488.0
2019-10-17,6056.8398,114.8435,1492.3
2019-10-18,6033.2598,114.8435,1488.2
2019-10-21,6074.8999,113.9796,1482.4
2019-10-22,6053.4199,114.6461,1481.7
2019-10-23,6070.8701,114.7613,1489.9
2019-10-24,6082.54,114.5309,1498.9
2019-10-25,6107.4199,113.9714,1499.5
2019-10-28,6141.5098,112.9347,1490.0
2019-10-29,6136.4702,113.0088,1487.0
2019-10-30,6156.9302,114.6626,1493.2
2019-10-31,6138.73,116.2094,1511.4
2019-11-01,6198.5898,115.8517,1508.0
2019-11-04,6221.6299,114.3269,1508.0
2019-11-05,6214.2798,113.0411,1480.8
2019-11-06,6219.1001,113.7252,1490.2
2019-11-07,6238.9902,111.6647,1464.2
2019-11-08,6256.1099,111.1949,1461.3
2019-11-11,6243.8101,111.269,1455.5
2019-11-12,6253.9102,111.7801,1452.1
2019-11-13,6258.5801,112.5053,1461.7
2019-11-14,6265.4199,113.6675,1471.8
2019-11-15,6314.7402,113.5438,1467.3
2019-11-18,6318.02,113.7499,1470.9
2019-11-19,6314.6602,114.6977,1473.3
2019-11-20,6292.1699,115.8846,1473.3
2019-11-21,6282.5898,115.1593,1463.1
2019-11-22,6296.3398,115.3077,1463.1
2019-11-25,6344.3599,115.6456,1456.6
2019-11-26,6358.46,116.3215,1459.8
2019-11-27,6385.7598,115.9835,1453.4
2019-11-29,6361.5601,115.7363,1465.6
2019-12-02,6306.8799,114.1932,1462.3
2019-12-03,6265.2202,116.5875,1478.2
2019-12-04,6305.4902,115.4233,1474.0
2019-12-05,6316.6899,114.8619,1476.9
2019-12-06,6374.7002,114.2262,1459.1
2019-12-09,6355.0698,114.4739,1459.3
2019-12-10,6348.3101,114.4821,1462.6
2019-12-11,6366.8398,115.3821,1469.4
2019-12-12,6422.3501,113.4832,1466.7
2019-12-13,6423.9302,114.7959,1475.6
2019-12-16,6470.0298,113.7638,1475.0
2019-12-17,6472.2402,113.607,1474.6
2019-12-18,6470.0,112.674,1472.6
2019-12-19,6499.2598,112.8543,1478.2
2019-12-20,6531.75,113.0031,1474.7
2019-12-23,6537.3999,112.8378,1482.5
2019-12-24,6536.5801,113.1603,1499.1
2019-12-26,6570.71,113.4331,1509.3
2019-12-27,6571.0298,113.5572,1513.8
2019-12-30,6533.9102,113.1437,1514.5
2019-12-31,6553.5698,112.0356,1519.5
2020-01-02,6609.29,113.3009,1524.5
2020-01-03,6563.3198,115.0457,1549.2
2020-01-06,6586.54,114.3924,1566.2
2020-01-07,6568.7402,113.8301,1571.8
2020-01-08,6601.1499,113.0775,1557.4
2020-01-09,6646.8398,113.4745,1551.7
2020-01-10,6627.8701,114.4834,1557.5
2020-01-13,6674.1299,114.1361,1548.4
2020-01-14,6664.6602,114.7232,1542.4
2020-01-15,6677.25,115.484,1552.1
2020-01-16,6733.3501,115.1201,1549.0
2020-01-17,6759.5098,114.1361,1558.8
2020-01-21,6741.71,115.3351,1556.4
2020-01-22,6743.8999,115.7404,1555.3
2020-01-23,6752.0898,116.5508,1564.6
2020-01-24,6691.2202,117.4935,1571.1
2020-01-27,6585.9502,119.321,1576.8
2020-01-28,6652.2998,118.3865,1569.2
2020-01-29,6646.6899,119.5443,1569.8
2020-01-30,6668.52,119.5609,1583.5
2020-01-31,6551.0,120.6524,1582.9
2020-02-03,6598.6299,120.5547,1577.2
2020-02-04,6697.4902,118.9312,1550.4
2020-02-05,6772.98,117.6307,1557.8
2020-02-06,6796.6401,118.1609,1565.1
2020-02-07,6761.2598,119.6353,1568.6
2020-02-10,6811.8301,119.9665,1574.7
2020-02-11,6823.5898,119.3619,1565.6
2020-02-12,6867.9199,118.7572,1567.4
2020-02-13,6858.9199,119.2128,1575.1
2020-02-14,6872.6802,119.7346,1582.7
2020-02-18,6853.04,120.5547,1600.0
2020-02-19,6886.4702,120.5464,1607.5
2020-02-20,6860.52,121.4908,1616.6
2020-02-21,6788.6001,122.6256,1644.6
2020-02-24,6561.9399,124.4562,1672.4
2020-02-25,6363.3701,125.1188,1646.9
2020-02-26,6339.3799,124.4562,1640.0
2020-02-27,6060.6699,125.8063,1640.0
2020-02-28,6011.73,128.6475,1564.1
2020-03-02,6288.6401,127.701,1592.3
2020-03-03,6112.0698,129.6835,1642.1
2020-03-04,6370.3501,128.3065,1641.1
2020-03-05,6155.5801,131.5002,1666.4
2020-03-06,6050.7998,138.344,1670.8
2020-03-09,5591.7402,142.0936,1674.5
2020-03-10,5868.1099,134.8102,1659.1
2020-03-11,5581.7598,129.8495,1641.4
2020-03-12,5051.9702,130.6541,1589.3
2020-03-13,5522.8501,127.701,1515.7
2020-03-16,4861.2202,135.9715,1485.9
2020-03-17,5152.8301,126.9045,1524.9
2020-03-18,4885.7798,119.7456,1477.3
2020-03-19,4909.1299,123.0057,1478.6
2020-03-20,4697.0898,132.2551,1484.0
2020-03-23,4559.5,137.7053,1567.0
2020-03-24,4987.7998,135.142,1660.2
2020-03-25,5045.3501,134.8351,1632.3
2020-03-26,5360.4902,135.4987,1650.1
2020-03-27,5179.9199,139.1156,1623.9
2020-03-30,5354.3901,137.9708,1622.0
2020-03-31,5269.2002,136.8509,1583.4
2020-04-01,5036.6401,138.7682,1578.2
2020-04-02,5152.4702,139.6489,1625.7
2020-04-03,5075.1602,139.9812,1633.7
2020-04-06,5432.1699,139.6156,1677.0
2020-04-07,5423.52,138.1535,1664.8
2020-04-08,5609.5498,137.1483,1665.4
2020-04-09,5691.54,137.3975,1736.2
2020-04-13,5634.1499,136.1431,1744.8
2020-04-14,5807.1001,136.1099,1756.7
2020-04-15,5679.5298,139.7153,1727.2
2020-04-16,5712.6001,141.302,1720.4
2020-04-17,5865.8999,139.4079,1689.2
2020-04-20,5761.0,140.5294,1701.6
2020-04-21,5584.4399,142.2989,1678.2
2020-04-22,5712.6499,140.8451,1728.7
2020-04-23,5710.04,141.5928,1733.3
2020-04-24,5789.6499,141.9251,1723.5
2020-04-27,5874.9399,139.2833,1711.9
2020-04-28,5844.1802,140.8867,1710.5
2020-04-29,5999.7402,140.1556,1703.4
2020-04-30,5944.6802,138.519,1684.2
2020-05-01,5778.5298,139.7052,1694.5
2020-05-04,5803.1201,139.0481,1706.9
2020-05-05,5855.5801,138.158,1704.4
2020-05-06,5815.1699,135.9287,1684.2
2020-05-07,5884.1401,138.1996,1721.8
2020-05-08,5984.5498,136.4028,1709.9
2020-05-11,5985.6602,135.3382,1695.3
2020-05-12,5863.6802,136.7273,1704.4
2020-05-13,5761.7002,137.6839,1713.9
2020-05-14,5829.3301,139.0314,1738.1
2020-05-15,5852.8398,138.6738,1753.4
2020-05-18,6037.8999,135.6293,1731.8
2020-05-19,5975.1499,136.1366,1744.2
2020-05-20,6075.7598,136.5443,1750.6
2020-05-21,6028.9302,136.8853,1720.5
2020-05-22,6044.1602,137.7089,1734.6
2020-05-26,6118.54,135.8622,1704.8
2020-05-27,6209.3799,135.6127,1710.3
2020-05-28,6197.02,135.1135,1713.3
2020-05-29,6227.8101,136.0784,1736.9
2020-06-01,6251.48,135.1623,1737.8
2020-06-02,6303.0,134.6709,1725.2
2020-06-03,6389.6699,132.8801,1697.8
2020-06-04,6369.54,130.9561,1718.9
2020-06-05,6536.5801,130.0233,1676.2
2020-06-08,6615.3999,130.523,1698.3
2020-06-09,6564.27,132.0056,1714.7
2020-06-10,6529.4199,133.9629,1713.3
2020-06-11,6145.2998,136.4949,1732.0
2020-06-12,6227.4199,135.179,1729.3
2020-06-15,6279.3999,135.2539,1720.3
2020-06-16,6398.5801,133.1799,1729.6
2020-06-17,6375.54,133.7297,1729.2
2020-06-18,6379.5601,135.1456,1724.8
2020-06-19,6344.7002,135.2539,1745.9
2020-06-22,6385.9102,135.2706,1756.7
2020-06-23,6413.4399,134.3461,1772.1
2020-06-24,6247.6602,135.787,1765.8
2020-06-25,6316.4502,136.1784,1762.1
2020-06-26,6163.5,137.636,1772.5
2020-06-29,6254.7798,137.2029,1774.8
2020-06-30,6351.6699,136.5365,1793.0
2020-07-01,6383.7598,136.2714,1773.2
2020-07-02,6414.1602,136.4131,1784.0
2020-07-06,6516.0498,135.8544,1788.5
2020-07-07,6445.5898,137.764,1804.2
2020-07-08,6496.1401,137.2137,1815.5
2020-07-09,6461.3101,139.3984,1799.2
2020-07-10,6528.96,138.6979,1798.2
2020-07-13,6467.8398,139.1566,1811.0
2020-07-14,6555.3999,139.3567,1810.6
2020-07-15,6615.0698,138.7062,1811.4
2020-07-16,6592.75,139.365,1798.7
2020-07-17,6611.8599,139.0732,1808.3
2020-07-20,6667.4502,139.4151,1815.9
2020-07-21,6678.7402,139.4984,1842.4
2020-07-22,6717.29,139.9155,1864.1
2020-07-23,6635.04,141.5498,1889.1
2020-07-24,6594.1001,141.5415,1897.3
2020-07-27,6642.8901,141.0161,1931.0
2020-07-28,6599.9702,141.9917,1944.7
2020-07-29,6682.0098,141.7499,1953.5
2020-07-30,6658.02,142.6838,1942.3
2020-07-31,6709.8101,142.5921,1962.8
2020-08-03,6758.2002,141.8742,1966.0
2020-08-04,6782.6001,143.2266,2001.2
2020-08-05,6826.2202,141.9744,2031.1
2020-08-06,6870.8599,142.7675,2051.5
2020-08-07,6876.6499,141.8158,2010.1
2020-08-10,6895.5898,141.1813,2024.4
2020-08-11,6840.6699,139.5034,1932.6
2020-08-12,6937.4399,138.2345,1934.9
2020-08-13,6924.96,136.7568,1956.7
2020-08-14,6924.2798,136.2226,1937.0
2020-08-17,6943.2202,136.5649,1985.0
2020-08-18,6960.2998,137.5416,1999.4
2020-08-19,6930.7998,136.6817,1958.7
2020-08-20,6952.9199,137.9173,1933.8
2020-08-21,6977.27,138.7437,1934.6
2020-08-24,7048.1699,138.5183,1927.7
2020-08-25,7073.6001,137.4581,1911.8
2020-08-26,7145.77,136.9322,1940.7
2020-08-27,7158.1802,134.603,1921.6
2020-08-28,7207.1001,134.5029,1964.6
2020-08-31,7192.1099,135.3962,1967.6
2020-09-01,7246.3701,136.9447,1968.2
2020-09-02,7358.4902,138.2486,1934.4
2020-09-03,7101.3799,138.6414,1927.6
2020-09-04,7043.6201,136.0087,1923.9
2020-09-08,6848.4199,136.8445,1933.0
2020-09-09,6986.7598,136.4768,1944.7
2020-09-10,6864.23,137.1704,1954.2
2020-09-11,6868.2202,137.4629,1937.8
2020-09-14,6957.9102,137.4546,1953.1
2020-09-15,6994.3301,137.1203,1956.3
2020-09-16,6962.29,136.7108,1960.2
2020-09-17,6903.8198,137.1286,1940.0
2020-09-18,6826.7202,136.7024,1952.1
2020-09-21,6748.0801,137.3961,1901.2
2020-09-22,6819.0801,137.2874,1898.6
2020-09-23,6657.8198,137.4713,1859.9
2020-09-24,6678.04,137.9978,1868.3
2020-09-25,6784.9502,137.9978,1857.7
2020-09-28,6894.27,137.605,1872.8
2020-09-29,6861.96,137.7638,1894.3
2020-09-30,6918.8301,136.4433,1887.5
2020-10-01,6956.2002,136.6684,1908.4
2020-10-02,6889.6001,136.158,1900.2
2020-10-05,7014.1699,133.4977,1912.5
2020-10-06,6916.4302,134.2171,1901.1
2020-10-07,7036.8901,133.2383,1883.6
2020-10-08,7095.3999,133.9578,1888.6
2020-10-09,7157.9399,133.9327,1919.5
2020-10-12,7275.4302,134.3593,1922.5
2020-10-13,7229.5498,135.3214,1888.5
2020-10-14,7182.3799,135.631,1901.3
2020-10-15,7171.6099,135.3967,1903.2
2020-10-16,7172.7002,135.0202,1900.8
2020-10-19,7055.5801,134.5099,1906.4
2020-10-20,7089.0601,133.2299,1910.4
2020-10-21,7073.6499,132.7698,1924.6
2020-10-22,7111.1699,131.3893,1901.1
2020-10-23,7135.8101,132.1925,1902.0
2020-10-26,7003.21,133.4223,1902.7
2020-10-27,6982.1401,134.3175,1908.8
2020-10-28,6735.75,134.443,1876.2
2020-10-29,6816.79,133.138,1865.6
2020-10-30,6734.8398,131.8244,1877.4
2020-11-02,6817.8901,132.8118,1890.4
2020-11-03,6939.2998,132.0413,1908.5
2020-11-04,7092.2998,134.9056,1894.6
2020-11-05,7231.6699,135.1401,1945.3
2020-11-06,7230.5098,133.507,1950.3
2020-11-09,7315.77,130.7014,1853.2
2020-11-10,7306.75,129.9476,1875.4
2020-11-11,7362.6499,130.4166,1860.7
2020-11-12,7290.6899,132.636,1872.6
2020-11-13,7390.6099,132.4601,1885.7
2020-11-16,7476.79,132.1419,1887.3
2020-11-17,7442.04,133.0045,1884.5
2020-11-18,7357.3398,133.3898,1873.5
2020-11-19,7386.8599,134.0765,1861.1
2020-11-20,7336.7598,135.2657,1872.6
2020-11-23,7378.9399,134.646,1837.8
2020-11-24,7498.29,133.306,1804.8
2020-11-25,7486.6802,132.8956,1805.7
2020-11-27,7505.3799,134.1853,1781.9
2020-11-30,7472.0601,134.0179,1775.7
2020-12-01,7556.5098,132.0418,1814.1
2020-12-02,7570.7598,130.9939,1825.7
2020-12-03,7567.4399,132.0501,1836.8
2020-12-04,7634.77,130.1136,1835.9
2020-12-07,7620.0,131.2874,1861.8
2020-12-08,7641.4302,131.9077,1870.8
2020-12-09,7581.0601,131.4718,1834.6
2020-12-10,7571.8701,132.6371,1833.6
2020-12-11,7562.46,133.1066,1839.8
2020-12-14,7530.8701,132.7377,1828.7
2020-12-15,7628.2798,132.2934,1852.3
2020-12-16,7641.8198,131.9412,1856.1
2020-12-17,7686.1802,131.5921,1887.2
2020-12-18,7659.75,131.1977,1885.7
2020-12-21,7630.0698,131.718,1879.2
2020-12-22,7614.8301,132.3978,1866.6
2020-12-23,7620.6299,131.483,1874.7
2020-12-24,7648.3901,132.0033,1879.9
2020-12-28,7715.1001,132.0621,1877.2
2020-12-29,7697.9302,131.8942,1879.7
2020-12-30,7709.1001,132.1795,1891.0
2020-12-31,7759.3501,132.3726,1893.1
2021-01-04,7645.27,132.2132,1944.7
2021-01-05,7700.3398,131.2312,1952.7
2021-01-06,7744.4302,128.5373,1906.9
2021-01-07,7861.1001,127.4043,1912.3
2021-01-08,7905.2798,126.993,1834.1
2021-01-11,7853.4502,126.7833,1849.6
2021-01-12,7856.7202,126.6826,1842.9
2021-01-13,7874.75,128.1093,1853.6
2021-01-14,7846.1001,126.9091,1850.3
2021-01-15,7789.79,127.4127,1829.3
2021-01-19,7853.4702,127.824,1839.5
2021-01-20,7962.9199,127.9498,1865.9
2021-01-21,7966.1099,127.0518,1865.3
2021-01-22,7942.2002,127.4631,1855.7
2021-01-25,7970.9199,128.9653,1854.9
2021-01-26,7959.1001,128.7219,1850.7
2021-01-27,7754.7402,129.0493,1844.9
2021-01-28,7831.2202,128.3359,1837.9
2021-01-29,7681.0098,127.5638,1847.3
2021-02-01,7804.3101,127.7117,1860.8
2021-02-02,7912.8701,126.8883,1830.5
2021-02-03,7920.8501,125.7624,1832.2
2021-02-04,8007.6201,125.4263,1788.9
2021-02-05,8039.6699,124.376,1810.9
2021-02-08,8099.3301,124.9221,1831.9
2021-02-09,8091.7002,125.0146,1835.3
2021-02-10,8089.1099,125.8464,1840.6
2021-02-11,8104.1899,125.1574,1824.9
2021-02-12,8142.79,123.6031,1821.6
2021-02-16,8139.1602,121.7209,1797.2
2021-02-17,8137.8799,122.4939,1771.1
2021-02-18,8102.2402,121.9982,1773.4
2021-02-19,8087.6802,120.3767,1775.8
2021-02-22,8025.8101,119.4608,1806.7
2021-02-23,8036.0601,119.1163,1804.4
2021-02-24,8127.3799,118.3349,1796.4
2021-02-25,7929.5601,116.4025,1774.4
2021-02-26,7892.8101,120.2506,1728.1
2021-03-01,8080.7798,118.6624,1722.5
2021-03-02,8015.54,118.6708,1733.1
2021-03-03,7911.21,117.3837,1715.3
2021-03-04,7806.4502,116.6267,1700.2
2021-03-05,7958.98,116.8537,1698.0
2021-03-08,7916.4102,115.9453,1677.7
2021-03-09,8029.2002,117.5519,1716.6
2021-03-10,8078.0498,117.7875,1721.5
2021-03-11,8162.5801,116.9379,1722.3
2021-03-12,8172.8999,114.4563,1719.5
2021-03-15,8226.3203,115.1293,1728.9
2021-03-16,8213.6299,114.6666,1730.6
2021-03-17,8237.3496,113.8086,1726.8
2021-03-18,8116.1699,112.6561,1732.2
2021-03-19,8112.1299,113.3543,1741.4
2021-03-22,8169.1401,114.6245,1737.8
2021-03-23,8106.8301,115.6592,1724.7
2021-03-24,8063.0,116.2818,1732.9
2021-03-25,8105.5098,115.3648,1724.9
2021-03-26,8240.3799,114.961,1732.2
2021-03-29,8233.2402,113.9852,1712.1
2021-03-30,8208.0996,114.5825,1683.9
2021-03-31,8238.4805,113.9431,1713.8
2021-04-01,8335.9102,115.8343,1726.5
2021-04-05,8457.4004,115.3289,1727.0
2021-04-06,8449.54,116.1123,1741.5
2021-04-07,8462.1797,115.3036,1740.1
2021-04-08,8499.8496,116.2554,1756.8
2021-04-09,8565.5703,115.8343,1743.3
2021-04-12,8564.0303,115.7837,1731.2
2021-04-13,8592.25,116.6514,1746.2
2021-04-14,8558.1602,116.2807,1734.9
2021-04-15,8653.29,118.2266,1765.4
2021-04-16,8684.5098,117.3084,1779.0
2021-04-19,8638.4199,116.9714,1769.4
2021-04-20,8579.9502,117.5106,1777.3
2021-04-21,8659.7998,117.7464,1792.3
2021-04-22,8580.7305,118.2603,1781.2
2021-04-23,8674.7998,117.9823,1777.0
2021-04-26,8690.2598,117.8138,1779.2
2021-04-27,8688.4502,116.7862,1778.0
2021-04-28,8681.1699,116.8619,1773.2
2021-04-29,8740.3496,116.5166,1768.1
2021-04-30,8678.1602,116.7862,1767.3
2021-05-03,8702.0195,116.8562,1791.4
2021-05-04,8643.9102,117.6492,1775.8
2021-05-05,8650.04,117.8432,1784.1
2021-05-06,8722.04,118.0372,1815.5
2021-05-07,8787.8203,117.4551,1831.1
2021-05-10,8696.29,116.2657,1837.5
2021-05-11,8620.9805,115.6076,1835.9
2021-05-12,8437.2402,114.3929,1822.6
2021-05-13,8541.3896,114.57,1823.8
2021-05-14,8669.4902,115.6414,1837.9
2021-05-17,8647.5703,115.3967,1867.5
2021-05-18,8574.9805,115.1015,1867.8
2021-05-19,8550.9502,114.8231,1881.3
2021-05-20,8641.9805,115.7679,1881.8
2021-05-21,8635.5498,116.1391,1876.7
2021-05-24,8722.0,116.5694,1884.6
2021-05-25,8703.5898,117.6492,1898.1
2021-05-26,8720.04,117.4467,1901.3
2021-05-27,8730.9697,116.9743,1895.7
2021-05-28,8738.7695,116.7887,1902.5
2021-06-01,8734.7402,116.7625,1902.9
2021-06-02,8748.2998,117.0328,1907.5
2021-06-03,8717.9697,116.5935,1871.2
2021-06-04,8795.0801,118.1902,1889.8
2021-06-07,8788.2803,117.827,1896.8
2021-06-08,8790.0,118.6549,1892.2
2021-06-09,8774.3096,119.7024,1893.2
2021-06-10,8815.5596,120.4206,1894.2
2021-06-11,8832.9404,120.2263,1877.4
2021-06-14,8851.1699,119.3054,1864.0
2021-06-15,8833.6797,119.1618,1854.5
2021-06-16,8786.1797,119.0604,1859.5
2021-06-17,8782.5801,120.8429,1773.8
2021-06-18,8667.7598,123.1155,1767.9
2021-06-21,8789.5195,121.0542,1781.8
2021-06-22,8834.5596,121.3498,1776.3
2021-06-23,8825.0098,121.0373,1782.3
2021-06-24,8877.0596,121.2316,1775.6
2021-06-25,8906.79,119.9728,1776.6
2021-06-28,8927.4004,121.2062,1779.6
2021-06-29,8930.6699,121.409,1762.8
2021-06-30,8942.7803,121.9497,1770.8
2021-07-01,8990.0801,121.9565,1775.9
2021-07-02,9058.6602,122.6924,1782.6
2021-07-06,9040.7598,124.1305,1793.5
2021-07-07,9071.1396,125.2301,1801.5
2021-07-08,8995.2598,125.7208,1799.6
2021-07-09,9096.8398,123.9528,1810.0
2021-07-12,9128.2197,123.792,1805.5
2021-07-13,9096.1504,122.8447,1809.4
2021-07-14,9107.8496,124.2404,1824.3
2021-07-15,9078.3301,125.6108,1828.4
2021-07-16,9009.8896,125.3739,1814.5
2021-07-19,8867.0703,128.1232,1808.7
2021-07-20,9001.7695,126.8882,1810.9
2021-07-21,9075.9697,125.281,1802.9
2021-07-22,9094.9502,126.4653,1805.0
2021-07-23,9187.6396,125.6193,1801.4
2021-07-26,9209.6299,125.2471,1798.7
2021-07-27,9166.2695,126.5836,1799.5
2021-07-28,9164.6201,126.5921,1799.5
2021-07-29,9204.25,125.89,1831.2
2021-07-30,9155.21,126.4821,1812.6
2021-08-02,9138.3604,127.6103,1818.1
2021-08-03,9213.3496,127.678,1810.1
2021-08-04,9170.7598,127.9406,1810.5
2021-08-05,9226.4902,127.2884,1805.1
2021-08-06,9243.0303,125.1625,1760.0
2021-08-09,9235.0498,124.7137,1723.4
2021-08-10,9244.2197,124.1378,1728.8
2021-08-11,9267.4004,124.0615,1750.4
2021-08-12,9297.2002,123.8583,1749.0
2021-08-13,9312.5098,125.8147,1775.2
2021-08-16,9337.1797,126.1197,1786.9
2021-08-17,9271.8301,126.0688,1785.0
2021-08-18,9173.9297,126.4923,1781.6
2021-08-19,9186.0703,127.4239,1780.2
2021-08-20,9261.3096,127.5086,1781.0
2021-08-23,9341.0898,127.4239,1803.2
2021-08-24,9355.1104,126.433,1805.6
2021-08-25,9376.0,125.3828,1788.2
2021-08-26,9321.7402,125.7301,1792.2
2021-08-27,9404.1504,126.5854,1816.6
2021-08-30,9445.2402,126.9157,1809.0
2021-08-31,9433.5801,126.0519,1815.0
2021-09-01,9437.1504,126.2631,1813.1
2021-09-02,9465.4697,126.8142,1808.7
2021-09-03,9462.54,125.6609,1830.9
2021-09-07,9430.6797,124.6009,1795.9
2021-09-08,9418.5703,125.4489,1790.7
2021-09-09,9375.9902,126.9669,1797.4
2021-09-10,9304.0303,125.8475,1789.6
2021-09-13,9325.29,126.6108,1792.0
2021-09-14,9273.9902,128.1456,1804.7
2021-09-15,9352.8301,127.6962,1792.4
2021-09-16,9338.6104,127.1111,1754.6
2021-09-17,9253.5703,126.5005,1749.4
2021-09-20,9096.5195,128.0694,1761.8
2021-09-21,9089.5498,127.9591,1776.0
2021-09-22,9176.0801,128.7223,1776.7
2021-09-23,9287.7998,125.8135,1747.7
2021-09-24,9301.4902,124.5839,1749.7
2021-09-27,9275.8701,124.126,1750.0
2021-09-28,9087.4697,122.1925,1735.8
2021-09-29,9102.6201,122.4044,1721.5
2021-09-30,8994.8301,122.3876,1755.3
2021-10-01,9098.25,123.4175,1757.0
2021-10-04,8980.6396,123.1033,1766.2
2021-10-05,9076.1904,121.9146,1759.6
2021-10-06,9113.4502,122.6024,1760.5
2021-10-07,9191.1904,121.3202,1757.9
2021-10-08,9173.7402,120.4711,1756.3
2021-10-11,9110.7598,120.1654,1754.6
2021-10-12,9088.7305,122.2202,1758.3
2021-10-13,9116.3896,123.409,1793.7
2021-10-14,9272.9697,123.8675,1796.7
2021-10-15,9342.1504,123.1458,1767.2
2021-10-18,9373.6797,123.7231,1764.8
2021-10-19,9443.1201,122.0164,1769.7
2021-10-20,9477.8203,121.1928,1784.1
2021-10-21,9506.9102,121.0485,1781.2
2021-10-22,9496.8604,122.3817,1795.5
2021-10-25,9541.9902,122.1948,1806.0
2021-10-26,9559.3896,123.2053,1792.7
2021-10-27,9511.2695,125.4468,1797.9
2021-10-28,9605.2305,125.0223,1801.6
2021-10-29,9625.0195,125.4044,1783.0
2021-11-01,9642.4404,124.5015,1795.1
2021-11-02,9677.9502,125.0541,1788.7
2021-11-03,9740.4697,123.7619,1763.6
2021-11-04,9782.4805,125.0627,1793.0
2021-11-05,9819.9805,126.9331,1816.4
2021-11-08,9828.8096,126.695,1827.4
2021-11-09,9795.1201,128.3443,1830.2
2021-11-10,9716.7197,125.9978,1847.6
2021-11-11,9722.0801,125.8108,1863.2
2021-11-12,9793.2197,125.2581,1867.9
2021-11-15,9793.5303,123.6853,1866.1
2021-11-16,9831.9102,123.3708,1853.6
2021-11-17,9808.2695,124.3485,1869.7
2021-11-18,9842.3496,124.8161,1861.0
2021-11-19,9828.7998,126.1339,1851.2
2021-11-22,9798.29,124.6545,1806.0
2021-11-23,9814.6504,122.8521,1783.5
2021-11-24,9837.5996,124.8246,1784.1
2021-11-26,9614.25,127.9788,1785.3
2021-11-29,9741.7803,126.95,1782.3
2021-11-30,9558.3301,128.88,1773.6
2021-12-01,9446.21,129.675,1781.6
2021-12-02,9581.79,129.8368,1760.7
2021-12-03,9501.2803,131.386,1782.0
2021-12-06,9613.0195,129.5814,1777.5
2021-12-07,9812.2002,128.5344,1782.6
2021-12-08,9842.6797,126.3127,1783.4
2021-12-09,9773.1904,127.0192,1774.6
2021-12-10,9866.6201,126.7128,1782.9
2021-12-13,9776.6904,128.5854,1786.3
2021-12-14,9705.0596,128.279,1770.4
2021-12-15,9863.9199,127.0448,1762.6
2021-12-16,9778.0898,127.0942,1796.6
2021-12-17,9678.0303,128.5344,1803.8
2021-12-20,9567.9102,127.5714,1793.7
2021-12-21,9738.7305,127.0857,1787.9
2021-12-22,9838.9004,127.6736,1801.6
2021-12-23,9900.2998,126.5658,1811.2
2021-12-27,10037.6699,126.8726,1808.1
2021-12-28,10027.5303,126.3698,1810.2
2021-12-29,10041.6104,124.9893,1805.1
2021-12-30,10012.5098,126.0374,1812.7
2021-12-31,9986.7002,126.2846,1827.5
2022-01-03,10050.4102,122.9696,1799.4
2022-01-04,10044.75,122.4583,1814.0
2022-01-05,9850.7002,121.7936,1824.6
2022-01-06,9841.9199,122.1089,1788.7
2022-01-07,9803.8496,121.2311,1797.0
2022-01-10,9789.7197,121.5294,1798.4
2022-01-11,9879.3896,122.339,1818.6
2022-01-12,9907.3799,121.8703,1827.2
2022-01-13,9767.3496,122.9526,1821.2
2022-01-14,9775.5303,121.0948,1816.5
2022-01-18,9595.9297,119.3904,1812.3
2022-01-19,9503.1396,120.2171,1843.1
2022-01-20,9398.96,120.9585,1842.5
2022-01-21,9221.2803,122.3987,1831.8
2022-01-24,9246.8398,121.3931,1841.7
2022-01-25,9134.3301,121.1971,1852.7
2022-01-26,9120.75,119.7313,1829.9
2022-01-27,9072.2402,121.93,1793.3
2022-01-28,9294.21,121.9726,1784.9
2022-01-31,9469.9199,121.3419,1795.0
2022-02-01,9534.9502,120.9392,1800.3
2022-02-02,9624.8896,121.3488,1809.2
2022-02-03,9390.5703,120.4016,1803.0
2022-02-04,9440.5801,118.6266,1806.6
2022-02-07,9405.8398,118.7033,1820.6
2022-02-08,9484.9502,117.9097,1826.6
2022-02-09,9623.8398,118.1316,1835.2
2022-02-10,9450.7197,116.2542,1836.2
2022-02-11,9271.7998,117.978,1840.8
2022-02-14,9236.8604,116.5102,1868.0
2022-02-15,9383.5703,115.1875,1854.8
2022-02-16,9393.0898,115.8702,1870.2
2022-02-17,9195.3496,116.7321,1900.7
2022-02-18,9130.8096,117.9609,1898.6
2022-02-22,9038.3203,118.2682,1906.1
2022-02-23,8871.9502,116.6382,1909.2
2022-02-24,9005.3701,116.715,1925.1
2022-02-25,9207.8496,116.8003,1886.5
2022-02-28,9186.3701,119.3604,1899.4
2022-03-01,9044.4697,120.7405,1942.4
2022-03-02,9213.3896,116.6132,1920.9
2022-03-03,9166.1299,117.801,1934.4
2022-03-04,9094.04,119.8346,1965.1
2022-03-07,8825.7197,118.9203,1993.9
2022-03-08,8762.1104,117.7241,2040.1
2022-03-09,8988.6504,116.5705,1985.9
2022-03-10,8950.9004,114.8957,1998.1
2022-03-11,8835.4004,115.2802,1982.7
2022-03-14,8771.75,112.5885,1959.6
2022-03-15,8959.7402,112.392,1928.5
2022-03-16,9160.5098,113.4943,1908.0
2022-03-17,9274.1699,112.6484,1942.1
2022-03-18,9382.4297,114.0241,1928.2
2022-03-21,9378.8398,111.3837,1928.6
2022-03-22,9484.8604,109.9567,1920.7
2022-03-23,9368.9805,112.3664,1936.6
2022-03-24,9504.1904,111.4862,1961.6
2022-03-25,9552.4004,109.9396,1953.8
2022-03-28,9620.6602,110.8796,1939.6
2022-03-29,9738.5996,111.7169,1912.0
2022-03-30,9678.2998,112.5885,1933.5
2022-03-31,9527.46,112.862,1949.2
2022-04-01,9559.9502,113.2916,1919.1
2022-04-04,9637.3701,112.5043,1929.2
2022-04-05,9517.9404,109.9626,1922.9
2022-04-06,9425.4902,109.0725,1918.4
2022-04-07,9466.7598,108.2509,1933.8
2022-04-08,9441.8398,107.0785,1941.6
2022-04-11,9282.4805,105.3839,1944.3
2022-04-12,9251.0703,105.2385,1972.1
2022-04-13,9356.21,105.4524,1981.0
2022-04-14,9242.5801,103.3386,1970.9
2022-04-18,9240.6904,102.8251,1982.9
2022-04-19,9389.21,102.0549,1955.7
2022-04-20,9383.54,104.1088,1952.3
2022-04-21,9245.8604,103.3386,1944.9
2022-04-22,8989.5098,102.6882,1931.0
2022-04-25,9040.8604,103.7151,1893.2
2022-04-26,8786.4697,104.7592,1901.4
2022-04-27,8805.0,103.4156,1885.9
2022-04-28,9023.4199,103.5696,1888.7
2022-04-29,8696.6504,102.226,1909.3
2022-05-02,8746.0498,100.4541,1861.8
2022-05-03,8788.3604,101.1313,1868.8
2022-05-04,9050.9004,101.6885,1867.0
2022-05-05,8729.21,98.9024,1874.0
2022-05-06,8680.9697,97.4451,1881.2
2022-05-09,8403.5,98.3023,1857.1
2022-05-10,8424.2002,99.1939,1839.9
2022-05-11,8285.8203,101.1056,1852.6
2022-05-12,8278.04,100.917,1823.8
2022-05-13,8476.5703,99.4254,1807.4
2022-05-16,8443.5498,99.3225,1813.5
2022-05-17,8614.3096,98.1223,1818.2
2022-05-18,8268.3203,100.2141,1815.9
2022-05-19,8220.9697,100.4541,1841.2
2022-05-20,8222.3096,101.5942,1841.8
2022-05-23,8375.8701,99.9226,1847.8
2022-05-24,8307.9697,101.8943,1865.1
2022-05-25,8386.6201,102.2972,1846.2
2022-05-26,8553.6797,101.8342,1847.4
2022-05-27,8766.8301,102.0829,1851.3
2022-05-31,8712.5996,99.9226,1842.7
2022-06-01,8648.2803,99.8084,1843.3
2022-06-02,8809.1797,99.8599,1866.5
2022-06-03,8665.7998,99.6452,1845.4
2022-06-06,8693.0596,97.8074,1839.2
2022-06-07,8776.0898,98.8637,1847.5
2022-06-08,8681.6797,97.9877,1851.9
2022-06-09,8475.9102,98.3141,1848.8
2022-06-10,8229.4297,97.7043,1871.5
2022-06-13,7910.4302,94.6384,1828.0
2022-06-14,7883.3398,93.4447,1809.5
2022-06-15,7998.6201,95.1881,1815.3
2022-06-16,7739.3901,95.9438,1845.7
2022-06-17,7756.5898,96.253,1835.6
2022-06-21,7946.8901,94.6212,1834.6
2022-06-22,7936.6699,97.2234,1834.3
2022-06-23,8012.6802,98.0221,1825.7
2022-06-24,8257.7197,96.6652,1826.5
2022-06-27,8233.4199,95.8407,1820.9
2022-06-28,8067.5601,96.2873,1817.5
2022-06-29,8062.7202,97.7902,1813.7
2022-06-30,7993.4302,98.649,1804.1
2022-07-01,8077.8901,99.6618,1798.9
2022-07-05,8092.1499,100.4448,1761.8
2022-07-06,8121.21,98.7583,1734.9
2022-07-07,8243.6904,97.8892,1737.9
2022-07-08,8237.5,96.805,1740.6
2022-07-11,8142.6802,98.4743,1730.0
2022-07-12,8067.5601,99.0594,1723.3
2022-07-13,8031.7598,100.1953,1734.2
2022-07-14,8008.71,99.3778,1704.5
2022-07-15,8162.5,99.9371,1702.4
2022-07-18,8094.23,98.8959,1709.2
2022-07-19,8318.2002,98.3624,1710.0
2022-07-20,8367.3701,98.6206,1699.5
2022-07-21,8450.6396,100.3243,1712.7
2022-07-22,8371.8701,102.0109,1727.1
2022-07-25,8382.8799,101.0127,1719.0
2022-07-26,8286.1904,101.0902,1717.7
2022-07-27,8503.0195,100.5223,1719.1
2022-07-28,8607.2402,101.3225,1750.3
2022-07-29,8730.46,101.0472,1762.9
2022-08-01,8705.8701,103.4807,1769.0
2022-08-02,8647.9102,101.2911,1771.1
2022-08-03,8783.2803,102.8859,1758.0
2022-08-04,8777.2305,102.8514,1788.5
2022-08-05,8764.0801,100.4032,1772.9
2022-08-08,8753.3896,102.0239,1786.8
2022-08-09,8716.75,101.6273,1794.0
2022-08-10,8902.7197,100.9635,1795.6
2022-08-11,8898.8398,98.6101,1789.7
2022-08-12,9054.1396,99.6101,1798.6
2022-08-15,9090.3604,99.5239,1781.4
2022-08-16,9107.8701,99.9377,1773.2
2022-08-17,9043.5898,98.8946,1760.3
2022-08-18,9065.4902,99.0412,1755.3
2022-08-19,8948.8203,97.4464,1747.6
2022-08-22,8758.2402,97.1188,1734.0
2022-08-23,8738.7598,96.5843,1746.8
2022-08-24,8764.4199,95.8774,1747.8
2022-08-25,8888.1299,97.2136,1757.7
2022-08-26,8588.9502,97.9464,1736.1
2022-08-29,8532.0996,97.136,1736.6
2022-08-30,8438.6904,97.3774,1723.2
2022-08-31,8374.4199,96.4464,1712.8
2022-09-01,8400.96,94.6806,1696.6
2022-09-02,8311.4199,95.2162,1709.8
2022-09-06,8277.8096,92.8578,1700.4
2022-09-07,8429.8701,94.3264,1715.3
2022-09-08,8486.6299,93.3589,1708.0
2022-09-09,8616.9805,93.5662,1716.2
2022-09-12,8708.1699,92.7974,1728.1
2022-09-13,8331.9004,93.0134,1705.0
2022-09-14,8362.4004,93.333,1696.5
2022-09-15,8268.5996,93.2725,1665.4
2022-09-16,8209.3496,92.495,1671.7
2022-09-19,8265.7305,92.711,1666.2
2022-09-20,8172.6401,91.7866,1659.7
2022-09-21,8033.29,93.3243,1664.6
2022-09-22,7965.96,90.94,1670.8
2022-09-23,7828.8701,91.3115,1645.3
2022-09-26,7747.9302,89.5665,1623.3
2022-09-27,7731.9902,87.2081,1626.7
2022-09-28,7884.5498,90.128,1660.4
2022-09-29,7719.0898,89.6615,1658.5
2022-09-30,7603.1401,88.5039,1662.4
2022-10-03,7800.0,89.9102,1692.9
2022-10-04,8039.25,89.6591,1721.1
2022-10-05,8023.8101,88.8018,1711.4
2022-10-06,7943.6299,88.3082,1711.7
2022-10-07,7721.4399,87.451,1700.5
2022-10-10,7663.5801,86.0914,1667.3
2022-10-11,7613.75,86.4724,1678.7
2022-10-12,7588.8999,86.8968,1670.3
2022-10-13,7786.96,86.0654,1670.0
2022-10-14,7602.9902,85.3554,1641.7
2022-10-17,7804.3301,84.9397,1657.0
2022-10-18,7893.6802,85.1389,1649.0
2022-10-19,7840.9902,83.5889,1627.5
2022-10-20,7779.5298,82.1601,1630.8
2022-10-21,7964.25,80.6793,1651.0
2022-10-24,8058.8799,80.0126,1648.7
2022-10-25,8190.02,82.3419,1652.8
2022-10-26,8129.6201,83.5282,1664.0
2022-10-27,8080.3198,84.4029,1660.7
2022-10-28,8280.1104,83.8227,1639.6
2022-10-31,8218.7002,83.2252,1635.9
2022-11-01,8185.0698,84.003,1645.0
2022-11-02,7980.4702,83.6384,1645.7
2022-11-03,7897.0098,83.187,1627.3
2022-11-04,8006.2402,81.7894,1672.5
2022-11-07,8083.3799,80.9734,1676.5
2022-11-08,8128.7002,81.8588,1712.1
2022-11-09,7961.52,82.1279,1710.1
2022-11-10,8403.4805,85.2877,1750.3
2022-11-11,8481.1299,84.9752,1766.0
2022-11-14,8407.25,84.7669,1773.6
2022-11-15,8481.1396,86.1384,1773.8
2022-11-16,8413.0898,88.0221,1773.0
2022-11-17,8388.8398,87.0933,1760.8
2022-11-18,8429.0098,86.4943,1751.9
2022-11-21,8397.2305,86.8589,1737.4
2022-11-22,8511.4805,88.0915,1738.3
2022-11-23,8562.2695,89.628,1744.9
2022-11-25,8560.0898,89.3242,1753.3
2022-11-28,8427.9502,89.576,1740.1
2022-11-29,8415.2695,88.5256,1748.4
2022-11-30,8678.0,89.1766,1746.0
2022-12-01,8671.9004,92.0255,1801.1
2022-12-02,8662.2305,93.1828,1795.9
2022-12-05,8507.3398,91.8775,1767.4
2022-12-06,8385.1602,93.0609,1769.3
2022-12-07,8369.7402,95.2537,1785.5
2022-12-08,8433.9004,94.9926,1788.7
2022-12-09,8372.2598,92.5215,1798.1
2022-12-12,8491.8604,92.8173,1780.5
2022-12-13,8554.0996,93.7136,1813.9
2022-12-14,8503.9697,94.1138,1807.5
2022-12-15,8292.6396,94.481,1777.2
2022-12-16,8200.9004,93.4256,1790.0
2022-12-19,8127.5698,91.8556,1787.7
2022-12-20,8136.2998,90.2245,1815.9
2022-12-21,8258.4297,90.4512,1815.9
2022-12-22,8139.0698,90.4338,1787.0
2022-12-23,8187.0601,89.108,1795.9
2022-12-27,8154.5698,87.3461,1814.8
2022-12-28,8056.6201,86.8315,1807.9
2022-12-29,8198.3604,87.8171,1819.5
2022-12-30,8178.02,86.8402,1819.7
2023-01-03,8145.6001,88.4975,1839.7
2023-01-04,8207.4199,89.7099,1852.8
2023-01-05,8113.1499,90.0849,1834.8
2023-01-06,8298.6104,91.7422,1864.2
2023-01-09,8293.7998,92.2306,1872.7
2023-01-10,8351.6797,90.7042,1871.6
2023-01-11,8459.1797,92.1783,1874.6
2023-01-12,8489.0801,93.9926,1895.5
2023-01-13,8523.3203,93.1116,1918.4
2023-01-17,8506.0303,92.5098,1907.2
2023-01-18,8373.6602,94.7514,1904.4
2023-01-19,8310.75,94.1583,1922.1
2023-01-20,8468.1504,92.6319,1926.4
2023-01-23,8568.7695,92.1957,1927.1
2023-01-24,8562.8701,93.5216,1933.9
2023-01-25,8561.4004,93.7483,1941.2
2023-01-26,8656.2598,93.3122,1929.1
2023-01-27,8678.0098,93.0767,1928.6
2023-01-30,8566.2803,92.7365,1922.9
2023-01-31,8691.8799,93.4779,1929.5
2023-02-01,8782.7695,94.6016,1927.8
2023-02-02,8912.3496,94.7241,1916.3
2023-02-03,8820.4697,93.3074,1862.9
2023-02-06,8766.9004,92.6166,1866.2
2023-02-07,8879.9102,91.8733,1871.7
2023-02-08,8781.79,92.3105,1877.4
2023-02-09,8705.5801,91.436,1866.2
2023-02-10,8726.4697,90.4129,1862.8
2023-02-13,8827.7197,91.1737,1851.9
2023-02-14,8826.3203,90.9638,1854.0
2023-02-15,8853.0195,90.1156,1834.2
2023-02-16,8731.75,88.8388,1842.0
2023-02-17,8709.21,89.5296,1840.4
2023-02-21,8534.7305,87.7895,1833.0
2023-02-22,8521.4502,88.594,1832.0
2023-02-23,8567.5703,89.4597,1818.0
2023-02-24,8477.6602,88.2966,1808.8
2023-02-27,8504.7598,88.5415,1817.0
2023-02-28,8479.7998,88.9438,1828.9
2023-03-01,8440.25,87.9882,1837.7
2023-03-02,8505.5498,87.208,1833.5
2023-03-03,8643.6104,89.3207,1847.7
2023-03-06,8649.8799,88.6281,1847.9
2023-03-07,8517.54,89.1717,1813.9
2023-03-08,8530.3301,89.2594,1812.7
2023-03-09,8374.25,89.4785,1829.3
2023-03-10,8253.6504,92.5642,1862.0
2023-03-13,8241.3896,92.7747,1911.7
2023-03-14,8379.1602,91.2493,1906.2
2023-03-15,8320.96,93.0114,1926.6
2023-03-16,8468.3301,92.2837,1919.0
2023-03-17,8375.21,93.6688,1969.8
2023-03-20,8449.9805,92.8448,1979.2
2023-03-21,8560.3096,92.0471,1938.0
2023-03-22,8420.0195,93.2743,1946.8
2023-03-23,8445.8701,93.2743,1993.8
2023-03-24,8493.5498,93.6688,1982.1
2023-03-27,8507.54,91.4685,1952.4
2023-03-28,8494.3496,91.635,1972.4
2023-03-29,8615.29,91.4509,1966.1
2023-03-30,8665.7002,91.8717,1980.3
2023-03-31,8791.1299,93.248,1969.0
2023-04-03,8823.6602,93.6866,1983.9
2023-04-04,8773.3096,94.1524,2022.2
2023-04-05,8752.54,95.1367,2020.9
2023-04-06,8785.7002,95.3828,2011.9
2023-04-10,8794.6504,93.8448,1989.1
2023-04-11,8794.29,94.0381,2004.8
2023-04-12,8758.1104,93.9415,2010.9
2023-04-13,8875.6504,93.2032,2041.3
2023-04-14,8857.3096,92.3507,2002.2
2023-04-17,8886.7598,91.2522,1994.2
2023-04-18,8894.3496,91.5773,2007.4
2023-04-19,8893.5996,91.4894,1995.2
2023-04-20,8841.6201,92.2716,2007.6
2023-04-21,8849.7598,91.7531,1979.5
2023-04-24,8857.2998,92.6407,1989.1
2023-04-25,8717.6299,94.003,1994.0
2023-04-26,8684.1904,93.0011,1985.7
2023-04-27,8854.3203,92.0783,1989.9
2023-04-28,8928.3496,93.5635,1990.1
2023-05-01,8924.9199,90.8657,1983.4
2023-05-02,8821.5898,93.1301,2014.3
2023-05-03,8759.9502,93.6499,2028.6
2023-05-04,8697.6797,92.7248,2048.0
2023-05-05,8858.8604,92.4164,2017.4
2023-05-08,8863.0098,91.1212,2026.3
2023-05-09,8823.0498,90.7952,2036.2
2023-05-10,8862.8496,91.6763,2030.5
2023-05-11,8849.6904,92.6454,2014.7
2023-05-12,8837.6797,91.8701,2014.5
2023-05-15,8865.0303,90.9186,2018.0
2023-05-16,8808.9502,90.6454,1988.4
2023-05-17,8915.4297,90.3811,1980.7
2023-05-18,9001.25,89.7115,1956.5
2023-05-19,8988.46,89.0771,1978.7
2023-05-22,8990.8896,88.7599,1974.8
2023-05-23,8890.1602,89.0154,1972.4
2023-05-24,8825.2598,88.5749,1962.8
2023-05-25,8902.8398,88.3546,1943.1
2023-05-26,9019.6396,89.0683,1944.1
2023-05-30,9020.3896,89.9582,1958.0
2023-05-31,8967.1602,90.7423,1963.9
2023-06-01,9057.1699,91.0984,1978.0
2023-06-02,9189.3398,90.1001,1952.4
2023-06-05,9171.0898,89.9322,1958.0
2023-06-06,9192.9102,90.4623,1965.5
2023-06-07,9158.1396,89.1195,1942.7
2023-06-08,9215.8604,90.1619,1963.6
2023-06-09,9226.7002,90.0383,1962.2
2023-06-12,9312.7197,90.3033,1955.3
2023-06-13,9377.6504,89.411,1944.6
2023-06-14,9387.54,90.1266,1955.3
2023-06-15,9503.5303,90.9924,1957.8
2023-06-16,9468.8096,90.639,1958.4
2023-06-20,9424.0195,91.2662,1935.5
2023-06-21,9375.21,91.4871,1933.3
2023-06-22,9410.8301,90.3828,1912.7
2023-06-23,9338.8398,91.2839,1919.1
2023-06-26,9297.1201,91.3811,1923.7
2023-06-27,9403.6201,91.1425,1914.0
2023-06-28,9400.2998,91.5312,1912.3
2023-06-29,9443.46,89.8792,1909.2
2023-06-30,9559.6699,90.9394,1921.1
2023-07-03,9571.3496,90.4238,1921.7
2023-07-05,9553.6904,89.5646,1919.6
2023-07-06,9478.7305,88.2978,1908.7
2023-07-07,9453.0996,87.7664,1926.2
2023-07-10,9475.9004,87.8815,1925.0
2023-07-11,9539.9502,88.3333,1931.3
2023-07-12,9610.8701,89.3165,1956.2
2023-07-13,9693.2998,90.2555,1959.2
2023-07-14,9683.6904,89.724,1960.1
2023-07-17,9721.0303,89.7683,1952.4
2023-07-18,9790.2002,90.1758,1977.2
2023-07-19,9813.46,91.1945,1977.5
2023-07-20,9748.0996,90.0872,1968.3
2023-07-21,9751.2598,90.1137,1964.3
2023-07-24,9790.7598,89.786,1960.3
2023-07-25,9818.4902,89.6177,1962.1
2023-07-26,9817.1104,89.7063,1968.9
2023-07-27,9754.7197,87.9612,1945.4
2023-07-28,9852.0098,88.413,1960.4
2023-07-31,9866.7695,88.6256,1970.5
2023-08-01,9840.71,87.1733,1940.7
2023-08-02,9704.6299,86.2406,1937.4
2023-08-03,9680.3604,84.2509,1932.0
2023-08-04,9629.7695,85.7432,1939.6
2023-08-07,9716.9102,84.8994,1933.5
2023-08-08,9676.0,85.8853,1924.1
2023-08-09,9608.7305,86.3295,1915.4
2023-08-10,9612.3604,84.9082,1914.4
2023-08-11,9603.4502,84.7128,1912.9
2023-08-14,9659.2598,84.5263,1910.6
2023-08-15,9549.1699,84.0111,1902.5
2023-08-16,9478.54,83.3538,1896.1
2023-08-17,9407.2695,82.9985,1884.1
2023-08-18,9406.5,83.2916,1886.1
2023-08-21,9471.3896,82.1813,1893.3
2023-08-22,9445.2197,82.812,1896.4
2023-08-23,9549.7305,84.8639,1918.5
2023-08-24,9421.4697,84.3042,1918.2
2023-08-25,9485.8896,84.5796,1911.1
2023-08-28,9545.4404,84.6684,1917.9
2023-08-29,9684.2197,85.5478,1936.5
2023-08-30,9722.96,85.459,1944.3
2023-08-31,9709.6797,85.8409,1938.2
2023-09-01,9727.6396,84.5036,1939.8
2023-09-05,9687.2598,83.3187,1926.2
2023-09-06,9619.9805,83.5236,1918.1
2023-09-07,9590.4004,83.7553,1917.5
2023-09-08,9604.7695,84.076,1918.4
2023-09-11,9669.3604,83.4702,1923.3
2023-09-12,9614.6602,83.9513,1911.3
2023-09-13,9626.6797,83.9335,1909.1
2023-09-14,9710.54,83.3277,1910.0
2023-09-15,9592.8604,82.8198,1923.7
2023-09-18,9599.9297,83.292,1931.5
2023-09-19,9579.2695,82.6773,1932.0
2023-09-20,9489.9199,82.9356,1945.6
2023-09-21,9334.5898,80.8063,1919.2
2023-09-22,9313.2998,81.4567,1925.4
2023-09-25,9350.9004,79.4521,1916.6
2023-09-26,9213.7197,79.176,1900.4
2023-09-27,9216.0195,78.7661,1871.6
2023-09-28,9271.5498,79.0067,1860.4
2023-09-29,9246.7402,79.0156,1848.1
2023-10-02,9247.5098,77.6929,1830.0
2023-10-03,9121.1396,76.0216,1824.6
2023-10-04,9195.1396,77.0941,1818.5
2023-10-05,9184.8096,76.7097,1816.6
2023-10-06,9294.8203,75.7803,1830.2
2023-10-09,9353.4102,77.5588,1849.5
2023-10-10,9402.3096,77.4515,1861.0
2023-10-11,9443.1299,79.0692,1872.8
2023-10-12,9385.1602,76.9243,1869.3
2023-10-13,9338.0898,78.3006,1927.4
2023-10-16,9437.3096,77.0404,1921.1
2023-10-17,9436.3604,76.1914,1922.7
2023-10-18,9309.9199,75.5211,1955.3
2023-10-19,9231.7305,73.9749,1968.4
2023-10-20,9115.8398,74.3949,1982.5
2023-10-23,9100.4902,75.2887,1976.3
2023-10-24,9166.7998,76.2807,1975.0
2023-10-25,9035.4004,74.5826,1984.1
2023-10-26,8928.6299,75.7266,1987.2
2023-10-27,8885.9404,75.4049,1988.6
2023-10-30,8993.46,75.0653,1996.2
2023-10-31,9052.3096,74.6988,1985.2
2023-11-01,9147.4502,76.3185,1978.8
2023-11-02,9320.5596,78.0583,1985.6
2023-11-03,9408.5596,78.5874,1991.5
2023-11-06,9425.3398,77.8251,1981.6
2023-11-07,9452.2803,78.973,1966.8
2023-11-08,9462.25,80.3182,1951.5
2023-11-09,9387.5898,78.4708,1964.2
2023-11-10,9535.6299,78.9102,1932.6
2023-11-13,9528.25,78.7309,1945.5
2023-11-14,9712.0098,80.5155,1961.8
2023-11-15,9729.3096,79.3856,1960.1
2023-11-16,9743.2197,80.372,1983.9
2023-11-17,9755.9199,80.7487,1981.6
2023-11-20,9829.0195,81.242,1977.7
2023-11-21,9809.3896,81.2061,1999.3
2023-11-22,9849.7402,81.493,1991.4
2023-11-24,9855.8398,80.5335,2002.2
2023-11-27,9836.75,81.8787,2011.8
2023-11-28,9846.4297,82.0401,2039.7
2023-11-29,9838.8203,83.0714,2047.1
2023-11-30,9879.0195,82.1118,2038.1
2023-12-01,9937.8896,83.6583,2071.0
2023-12-04,9884.1699,83.3255,2024.1
2023-12-05,9878.9697,85.1158,2018.5
2023-12-06,9840.6504,86.2493,2030.5
2023-12-07,9920.6396,85.7545,2029.9
2023-12-08,9961.5,85.0528,1998.3
2023-12-11,10000.6396,84.8729,1978.0
2023-12-12,10047.04,85.1248,1977.8
2023-12-13,10184.3799,87.122,1982.3
2023-12-14,10213.6904,89.3883,2030.2
2023-12-15,10213.4805,89.4876,2021.1
2023-12-18,10259.8496,88.7746,2026.3
2023-12-19,10320.8604,89.2529,2038.4
2023-12-20,10170.5098,89.8576,2034.5
2023-12-21,10275.2998,89.289,2039.1
2023-12-22,10292.3701,88.8829,2057.1001
2023-12-26,10335.9805,89.1356,2058.2
2023-12-27,10351.5996,90.715,2081.8999
2023-12-28,10356.5898,90.0562,2073.8999
2023-12-29,10327.8301,89.2439,2062.3999
2024-01-02,10269.6904,88.7294,2064.3999
2024-01-03,10187.79,89.0995,2034.2
2024-01-04,10154.2002,87.7457,2042.3
2024-01-05,10172.75,86.9063,2042.4
2024-01-08,10316.5195,87.7637,2026.6
2024-01-09,10302.7305,87.2041,2026.4
2024-01-10,10361.2695,86.798,2021.7
2024-01-11,10354.6904,87.2854,2014.3
2024-01-12,10363.3496,87.1139,2046.7
2024-01-16,10324.8301,85.5796,2026.0
2024-01-17,10267.0498,85.4441,2002.6
2024-01-18,10358.29,84.6499,2018.6
2024-01-19,10486.4404,84.9207,2026.5
2024-01-22,10509.4404,85.4261,2019.8
2024-01-23,10540.3799,84.7492,2023.7
2024-01-24,10549.04,84.2528,2013.9
2024-01-25,10605.1299,84.8033,2016.9
2024-01-26,10598.2305,84.6409,2016.8
2024-01-29,10678.5,85.6156,2025.2
2024-01-30,10672.9502,86.3918,2031.5
2024-01-31,10501.3799,87.2402,2048.3999
2024-02-01,10633.1396,88.9515,2053.0
2024-02-02,10747.25,86.9867,2036.1
2024-02-05,10713.1104,85.2301,2025.7
2024-02-06,10738.1699,86.0631,2034.5
2024-02-07,10826.8096,85.6466,2035.2
2024-02-08,10834.3604,85.1486,2032.2
2024-02-09,10897.6104,84.9766,2023.3
2024-02-12,10887.4102,85.0762,2018.2
2024-02-13,10739.8096,83.6184,1992.9
2024-02-14,10844.7197,84.044,1990.3
2024-02-15,10910.3096,84.4786,2002.1
2024-02-16,10859.6299,83.9897,2011.5
2024-02-20,10794.7998,84.0621,2027.5
2024-02-21,10808.9297,83.4645,2022.3
2024-02-22,11037.8203,83.8719,2019.7
2024-02-23,11041.9004,84.9947,2038.6
2024-02-26,11000.5,84.7412,2028.5
2024-02-27,11019.4404,84.1436,2034.0
2024-02-28,11002.2002,84.6778,2033.0
2024-02-29,11062.1104,85.2754,2045.7
2024-03-01,11151.3398,85.8068,2086.8999
2024-03-04,11138.4297,85.4616,2117.7
2024-03-05,11025.1602,86.6787,2133.5
2024-03-06,11082.6504,87.1874,2150.3
2024-03-07,11198.3896,87.1056,2158.0
2024-03-08,11126.0703,86.9512,2178.6001
2024-03-11,11113.6104,86.9058,2182.5
2024-03-12,11238.46,86.1792,2160.3999
2024-03-13,11217.2998,85.7614,2175.3999
2024-03-14,11187.8496,84.4443,2163.0
2024-03-15,11115.6904,84.4171,2157.3
2024-03-18,11186.04,84.1628,2160.7
2024-03-19,11249.2305,84.3989,2156.3
2024-03-20,11350.8896,84.3716,2157.8999
2024-03-21,11387.8896,84.5533,2182.3999
2024-03-22,11372.4902,85.3617,2158.1001
2024-03-25,11337.7402,84.9348,2174.8
2024-03-26,11306.0098,85.1709,2175.6001
2024-03-27,11404.9502,86.0156,2190.6001
2024-03-28,11418.0303,85.943,2217.3999
2024-04-01,11395.0801,84.3409,2236.5
2024-04-02,11312.9004,83.8762,2261.0
2024-04-03,11325.7803,83.8579,2294.3999
2024-04-04,11187.4902,84.4594,2288.8
2024-04-05,11311.7002,83.2838,2325.7
2024-04-08,11307.6602,83.2747,2331.7
2024-04-09,11325.6299,84.0493,2343.5
2024-04-10,11218.7305,82.2176,2329.6001
2024-04-11,11302.5303,81.844,2354.8
2024-04-12,11139.3799,82.2814,2356.2
2024-04-15,11005.6104,81.0056,2365.8
2024-04-16,10982.9902,80.4679,2390.8
2024-04-17,10919.4902,81.361,2371.7
2024-04-18,10896.0703,80.9509,2382.3
2024-04-19,10801.1602,81.2425,2398.3999
2024-04-22,10895.4697,81.1058,2332.2
2024-04-23,11026.0596,81.1331,2327.7
2024-04-24,11028.46,80.559,2324.5
2024-04-25,10978.2002,79.994,2329.8
2024-04-26,11090.46,80.4132,2334.8
2024-04-29,11126.2803,81.0876,2345.3999
2024-04-30,10951.6602,80.395,2291.3999
2024-05-01,10914.1104,80.9876,2299.8999
2024-05-02,11013.9102,81.3351,2299.2
2024-05-03,11152.7598,82.1581,2299.0
2024-05-06,11268.2305,82.4782,2321.6001
2024-05-07,11283.96,82.9812,2315.2
2024-05-08,11283.9102,82.4782,2313.6001
2024-05-09,11343.5498,82.8806,2332.1001
2024-05-10,11364.04,82.4142,2367.3
2024-05-13,11361.46,82.6245,2336.1001
2024-05-14,11418.1201,83.0909,2353.3999
2024-05-15,11554.04,84.2249,2388.7
2024-05-16,11532.3604,84.1426,2380.0
2024-05-17,11546.2803,83.5756,2412.2
2024-05-20,11557.8398,83.3287,2433.8999
2024-05-21,11587.0498,83.7585,2421.7
2024-05-22,11555.8398,83.8591,2389.2
2024-05-23,11470.9805,83.3195,2335.0
2024-05-24,11551.5596,83.5665,2332.5
2024-05-28,11554.4502,82.3685,2355.2
2024-05-29,11469.46,81.3717,2340.3
2024-05-30,11402.0996,82.1581,2342.8999
2024-05-31,11494.7002,82.716,2322.8999
2024-06-03,11508.8896,84.0539,2346.6001
2024-06-04,11526.8096,85.0357,2325.5
2024-06-05,11663.5498,85.6597,2354.1001
2024-06-06,11661.3701,85.5312,2370.3
2024-06-07,11650.4902,83.9621,2305.2
2024-06-10,11681.54,83.4024,2307.7
2024-06-11,11713.2998,84.2649,2307.5
2024-06-12,11813.1699,84.8981,2336.0
2024-06-13,11841.0195,86.146,2300.2
2024-06-14,11839.2695,86.871,2331.3999
2024-06-17,11931.4805,86.0084,2312.3999
2024-06-18,11961.9297,86.7975,2330.3999
2024-06-20,11931.7998,86.2195,2353.8
2024-06-21,11913.7803,86.2195,2316.3999
2024-06-24,11878.04,86.5681,2330.0
2024-06-25,11924.75,86.715,2316.6001
2024-06-26,11943.5303,85.4762,2299.2
2024-06-27,11954.5,85.8157,2324.5
2024-06-28,11907.1504,84.219,2327.7
2024-07-01,11939.3799,82.7655,2327.6001
2024-07-02,12013.4004,83.4099,2323.0
2024-07-03,12074.8301,84.5053,2359.8
2024-07-05,12142.54,85.2049,2388.5
2024-07-08,12155.2695,85.389,2355.2
2024-07-09,12164.5703,85.0116,2360.1001
2024-07-10,12290.21,85.2786,2372.2
2024-07-11,12182.9697,86.1071,2415.0
2024-07-12,12250.1904,86.4753,2414.0
2024-07-15,12286.0498,85.4811,2422.8999
2024-07-16,12364.5596,86.687,2462.3999
2024-07-17,12192.4902,86.7054,2454.8
2024-07-18,12097.25,86.0426,2451.8
2024-07-19,12011.6104,85.5363,2395.5
2024-07-22,12141.75,85.2878,2392.0
2024-07-23,12122.8301,85.1681,2404.6001
2024-07-24,11842.3604,84.2476,2413.3
2024-07-25,11781.5703,84.938,2351.8999
2024-07-26,11913.04,85.6008,2380.0
2024-07-29,11922.8896,86.061,2377.3
2024-07-30,11863.7998,86.3924,2405.0
2024-07-31,12052.0898,87.2761,2426.5
2024-08-01,11887.54,88.0289,2435.0
2024-08-02,11669.1797,90.772,2425.7
2024-08-05,11319.96,91.2523,2401.7
2024-08-06,11437.3203,89.2111,2389.1001
2024-08-07,11349.2402,88.583,2390.5
2024-08-08,11610.8398,88.0381,2422.2
2024-08-09,11666.4902,88.9063,2432.1001
2024-08-12,11668.5898,89.2296,2462.3999
2024-08-13,11865.29,89.8484,2466.7
2024-08-14,11911.0195,90.4118,2439.3999
2024-08-15,12106.6797,89.6822,2453.1001
2024-08-16,12132.4805,89.9962,2498.6001
2024-08-19,12251.7402,90.4118,2501.8
2024-08-20,12227.7998,91.1322,2511.3
2024-08-21,12280.1797,91.1876,2508.3999
2024-08-22,12170.71,90.2825,2478.8999
2024-08-23,12310.6299,90.8736,2508.3999
2024-08-26,12272.0801,90.6427,2517.7
2024-08-27,12292.6396,90.4857,2516.0
2024-08-28,12219.2305,90.3748,2501.0
2024-08-29,12219.3799,90.0793,2525.7
2024-08-30,12344.4297,89.1187,2493.8
2024-09-03,12084.5703,90.5763,2489.8999
2024-09-04,12065.6904,91.7438,2493.3999
2024-09-05,12029.7197,92.2627,2511.3999
2024-09-06,11823.5703,92.2535,2493.5
2024-09-09,11961.7402,92.6519,2501.8
2024-09-10,12015.5703,93.3005,2512.3
2024-09-11,12143.8496,93.2264,2512.1001
2024-09-12,12235.0596,92.7909,2551.2
2024-09-13,12303.2598,93.0411,2581.3
2024-09-16,12321.21,93.8936,2580.3999
2024-09-17,12324.75,93.4395,2564.3
2024-09-18,12289.2598,92.2813,2570.7
2024-09-19,12498.5898,91.9755,2588.0
2024-09-20,12474.4404,91.6234,2619.8999
2024-09-23,12509.6104,91.4288,2626.5
2024-09-24,12541.0898,91.4103,2651.2
2024-09-25,12517.8203,90.6504,2659.2
2024-09-26,12569.1299,90.8635,2669.8999
2024-09-27,12553.7803,91.3361,2644.3
2024-09-30,12608.0703,90.9006,2636.1001
2024-10-01,12490.8701,91.5569,2667.3
2024-10-02,12493.3496,90.7853,2647.1001
2024-10-03,12472.3896,89.9301,2657.1001
2024-10-04,12586.9102,88.8239,2645.8
2024-10-07,12466.4102,88.1546,2644.8
2024-10-08,12587.25,88.3033,2615.0
2024-10-09,12677.1602,87.8013,2606.0
2024-10-10,12652.8398,87.4573,2620.6001
2024-10-11,12729.5195,87.1041,2657.6001
2024-10-14,12827.6299,87.1692,2647.8
2024-10-15,12731.0996,88.2289,2661.3999
2024-10-16,12790.8398,88.6008,2674.0
2024-10-17,12788.7803,87.1971,2691.0
2024-10-18,12840.2998,87.2621,2713.7
2024-10-21,12817.3896,85.7376,2723.1001
2024-10-22,12811.3604,85.8212,2744.2
2024-10-23,12693.8203,85.5888,2714.3999
2024-10-24,12721.0498,86.1373,2734.8999
2024-10-25,12717.3398,85.6539,2740.8999
2024-10-28,12751.2197,85.4215,2742.8999
2024-10-29,12771.7998,85.5516,2768.3999
2024-10-30,12729.7305,85.8027,2788.5
2024-10-31,12493.7402,85.9421,2738.3
2024-11-01,12545.4004,84.7305,2738.6001
2024-11-04,12510.7305,86.0456,2736.1001
2024-11-05,12664.3203,86.5027,2740.3
2024-11-06,12984.7305,84.1335,2667.6001
2024-11-07,13081.5303,85.1875,2698.3999
2024-11-08,13133.4697,86.2695,2687.5
2024-11-11,13146.2002,85.8497,2611.2
2024-11-12,13108.9502,84.5626,2600.0
2024-11-13,13112.5703,83.7604,2580.8
2024-11-14,13034.79,84.2454,2568.2
2024-11-15,12864.4199,84.0216,2565.7
2024-11-18,12916.7998,84.1708,2610.6001
2024-11-19,12968.1602,84.5999,2627.1001
2024-11-20,12968.8496,84.3294,2648.2
2024-11-21,13040.0801,84.2641,2672.1001
2024-11-22,13085.8604,84.3107,2709.8999
2024-11-25,13125.46,86.4934,2616.8
2024-11-26,13201.4697,86.1576,2620.3
2024-11-27,13152.0801,86.7545,2639.8999
2024-11-29,13227.1299,87.65,2657.0
2024-12-02,13261.0801,87.8605,2634.8999
2024-12-03,13267.3301,87.1024,2644.7
2024-12-04,13347.8799,88.0384,2653.8
2024-12-05,13323.7402,88.2162,2626.6001
2024-12-06,13358.5,88.3473,2638.6001
2024-12-09,13278.29,87.533,2664.8999
2024-12-10,13239.21,87.1211,2697.6001
2024-12-11,13347.5098,86.2975,2733.8
2024-12-12,13275.2402,85.2492,2687.5
2024-12-13,13276.5596,84.3787,2656.0
2024-12-16,13328.7803,84.6314,2651.3999
2024-12-17,13277.5498,84.8373,2644.3999
2024-12-18,12886.21,83.7765,2636.5
2024-12-19,12875.0898,82.508,2592.2
2024-12-20,13015.6602,82.9778,2628.7
2024-12-23,13111.2998,82.2167,2612.3
2024-12-24,13256.0703,82.5644,2620.0
2024-12-26,13251.7598,82.5174,2638.8
2024-12-27,13106.3896,81.8409,2617.2
2024-12-30,12966.2197,82.4986,2606.1001
2024-12-31,12911.8203,82.057,2629.2
2025-01-02,12883.5801,82.2825,2658.8999
2025-01-03,13046.8799,82.0194,2645.0
2025-01-06,13120.1396,81.653,2638.3999
2025-01-07,12974.5898,80.7321,2656.7
2025-01-08,12995.1299,80.8355,2664.5
2025-01-09,12995.1299,80.8355,2683.8
2025-01-10,12797.3896,80.2999,2708.5
2025-01-13,12817.5596,80.2717,2673.5
2025-01-14,12832.29,80.1402,2677.5
2025-01-15,13068.5596,81.5214,2712.5
2025-01-16,13041.1904,81.7845,2746.3999
2025-01-17,13171.75,81.9254,2744.3
2025-01-21,13287.5801,82.6583,2755.0
2025-01-22,13369.3604,82.2261,2767.6001
2025-01-23,13440.6104,81.5872,2763.1001
2025-01-24,13403.5098,81.9536,2777.3
2025-01-27,13208.1904,82.9215,2737.5
2025-01-28,13329.9502,82.8651,2766.8
2025-01-29,13267.6504,82.6959,2769.1001
2025-01-30,13337.8496,83.006,2823.0
2025-01-31,13271.3799,82.461,2812.5
2025-02-03,13171.21,83.1324,2833.8999
2025-02-04,13266.4502,83.387,2853.3
2025-02-05,13318.4297,84.7638,2871.6001
2025-02-06,13366.96,84.7261,2856.0
2025-02-07,13241.3398,84.1791,2867.3
2025-02-10,13332.1504,83.9245,2914.3
2025-02-11,13337.0,83.387,2912.5
2025-02-12,13302.0996,82.2555,2909.0
2025-02-13,13440.9297,83.6228,2925.8999
2025-02-14,13443.0996,84.066,2883.6001
2025-02-18,13478.0195,83.0759,2931.6001
2025-02-19,13510.29,83.1796,2919.3999
2025-02-20,13453.54,83.4908,2940.0
2025-02-21,13224.4502,84.4997,2937.6001
2025-02-24,13159.21,84.7449,2947.8999
2025-02-25,13097.8496,86.2065,2904.5
2025-02-26,13099.9102,86.7157,2916.8
2025-02-27,12892.2002,86.1028,2883.2
2025-02-28,13098.2197,87.1589,2836.8
2025-03-03,12868.9502,87.5657,2890.2
2025-03-04,12711.8604,86.4873,2909.6001
2025-03-05,12853.9902,85.7968,2915.3
2025-03-06,12625.3096,85.513,2916.6001
2025-03-07,12696.9004,85.2387,2904.7
2025-03-10,12356.6904,86.1278,2891.0
2025-03-11,12263.3096,85.513,2912.8999
2025-03-12,12323.5,85.0022,2939.1001
2025-03-13,12153.3301,85.7495,2984.3
2025-03-14,12414.2803,85.2954,2994.5
2025-03-17,12494.8203,85.7211,3000.0
2025-03-18,12362.1602,85.8062,3035.1001
2025-03-19,12495.7402,86.2508,3035.8999
2025-03-20,12469.9697,86.3076,3040.0
2025-03-21,12480.5898,85.7968,3018.2
2025-03-24,12700.9102,84.917,3013.1001
2025-03-25,12721.4102,84.9076,3023.7
2025-03-26,12579.4805,84.3495,3020.8999
2025-03-27,12537.9297,84.1035,3060.2
2025-03-28,12290.8604,85.267,3086.5
2025-03-31,12360.21,86.1089,3122.8
2025-04-01,12407.2598,86.8551,3118.8999
2025-04-02,12491.0996,86.7981,3139.8999
2025-04-03,11887.1504,87.1969,3097.0
2025-04-04,11178.4805,88.1462,3012.0
2025-04-07,11152.5596,85.4881,2951.3
2025-04-08,10977.5,83.8742,2968.3999
2025-04-09,12022.21,84.3678,3056.5
2025-04-10,11608.2197,82.0419,3155.2
2025-04-11,11818.5303,82.4881,3222.2
2025-04-14,11912.4502,83.0767,3204.8
2025-04-15,11892.9902,83.371,3218.7
2025-04-16,11626.79,83.8362,3326.6001
2025-04-17,11642.4004,83.0957,3308.7
2025-04-21,11368.9805,81.6432,3406.2
2025-04-22,11654.8301,82.0989,3400.8
2025-04-23,11849.25,82.8964,3276.3
2025-04-24,12089.3096,83.7698,3332.0
2025-04-25,12178.4902,84.3868,3282.3999
2025-04-28,12186.5195,84.9184,3332.5
2025-04-29,12257.2695,85.6305,3318.8
2025-04-30,12276.3896,84.9374,3305.0
2025-05-01,12353.8701,84.5068,3210.0
2025-05-02,12536.2002,83.592,3231.8999
2025-05-05,12456.8398,83.1251,3311.3
2025-05-06,12361.1602,83.4015,3411.3999
2025-05-07,12414.9805,83.754,3381.3999
2025-05-08,12487.0,82.8202,3296.6001
2025-05-09,12480.3096,82.9441,3335.3999
2025-05-12,12888.1299,82.1723,3220.0
2025-05-13,12981.8896,81.8388,3240.3
2025-05-14,12995.7803,81.2957,3181.3999
2025-05-15,13052.7197,82.0103,3220.7
2025-05-16,13145.8799,82.2295,3182.0
2025-05-19,13159.3096,81.9913,3228.8999
2025-05-20,13108.5195,81.4005,3280.3
2025-05-21,12897.4199,80.0094,3309.3
2025-05-22,12891.9502,80.4286,3292.3
2025-05-23,12806.2402,80.562,3363.6001
2025-05-27,13069.3203,81.6864,3299.1001
2025-05-28,12996.6699,81.3338,3293.6001
2025-05-29,13049.0098,82.0865,3317.1001
2025-05-30,13049.1299,82.2104,3288.8999
2025-06-02,13104.2402,81.4453,3370.6001
2025-06-03,13180.4502,81.3019,3350.2
2025-06-04,13181.9697,82.6217,3373.5
2025-06-05,13113.4697,82.6791,3350.7
2025-06-06,13249.8096,81.627,3322.7
2025-06-09,13263.1299,81.7131,3332.1001
2025-06-10,13336.29,82.1339,3320.8999
2025-06-11,13299.8701,82.3826,3321.3
2025-06-12,13350.8496,83.3676,3380.8999
2025-06-13,13202.2598,82.5643,3431.2
2025-06-16,13328.4297,81.7322,3396.3999
2025-06-17,13217.5195,82.7269,3386.6001
2025-06-18,13213.8799,82.8703,3389.8
2025-06-20,13185.8398,82.7173,3368.1001
2025-06-23,13312.75,82.9851,3377.7
2025-06-24,13461.0996,83.5876,3317.3999
2025-06-25,13461.1699,83.6928,3327.1001
2025-06-26,13569.29,84.1136,3333.5
2025-06-27,13641.0996,83.578,3273.7
2025-06-30,13712.71,84.4006,3294.3999
2025-07-01,13697.6797,84.6098,3336.7
2025-07-02,13763.04,84.0722,3348.0
2025-07-03,13879.9805,83.4867,3331.6001
2025-07-04,13879.9805,83.4867,3332.5
2025-07-07,13771.1104,82.6899,3332.2
2025-07-08,13761.3301,82.5843,3307.0
2025-07-09,13844.9199,83.4483,3311.6001
2025-07-10,13884.8896,83.5059,3317.3999
2025-07-11,13839.1104,82.3539,3356.0
2025-07-14,13858.6201,82.1811,3351.5
2025-07-15,13805.0801,81.6052,3329.8
2025-07-16,13849.1699,81.7204,3352.5
2025-07-17,13923.75,81.7012,3340.1001
2025-07-18,13923.3496,81.826,3353.0
2025-07-21,13943.1602,82.5555,3401.8999
2025-07-22,13952.3496,83.0547,3439.2
2025-07-23,14061.5195,82.5939,3394.1001
2025-07-24,14071.4502,82.4499,3371.0
2025-07-25,14128.1201,82.9683,3334.0
2025-07-28,14130.6104,82.4307,3309.1001
2025-07-29,14088.8604,83.8226,3323.3999
2025-07-30,14071.3398,83.3907,3295.8
2025-07-31,14020.46,83.4387,3293.2
2025-08-01,13796.8301,84.6249,3347.7
2025-08-04,14000.6904,84.8561,3374.3999
2025-08-05,13932.8799,85.1163,3381.8999
2025-08-06,14034.3496,84.6249,3380.0
2025-08-07,14023.3496,84.4803,3400.3
2025-08-08,14134.0195,84.1142,3439.1001
2025-08-11,14100.0303,84.2105,3353.1001
2025-08-12,14260.4297,83.7865,3348.8999
2025-08-13,14306.96,84.4803,3358.7
2025-08-14,14311.8096,83.854,3335.2
2025-08-15,14273.5703,83.2565,3336.0
2025-08-18,14273.2197,83.0156,3331.7
2025-08-19,14190.7998,83.4974,3313.3999
2025-08-20,14156.6504,83.6805,3343.3999
2025-08-21,14101.79,83.2662,3336.8999
2025-08-22,14316.5498,83.8829,3374.3999
2025-08-25,14255.7598,83.642,3373.8
2025-08-26,14315.5996,83.5938,3388.6001
2025-08-27,14349.8604,83.4974,3404.6001
2025-08-28,14395.5098,84.0467,3431.8
2025-08-29,14304.6797,83.4493,3473.7
2025-09-02,14208.5,82.8283,3549.3999
2025-09-03,14281.2305,83.7375,3593.2
2025-09-04,14401.71,84.3759,3565.8
2025-09-05,14358.1104,85.6624,3613.2
2025-09-08,14389.1299,86.8038,3638.1001
2025-09-09,14428.25,86.3105,3643.3
2025-09-10,14471.71,86.8038,3643.6001
2025-09-11,14594.6396,87.3842,3636.8999
2025-09-12,14588.1797,87.0069,3649.3999
2025-09-15,14660.1299,87.2101,3682.2
2025-09-16,14641.7695,87.3938,3688.8999
2025-09-17,14627.7998,87.1714,3681.8
2025-09-18,14698.0801,86.2718,3643.7
2025-09-19,14769.9297,86.1074,3671.5
2025-09-22,14836.2695,85.7978,3740.7
2025-09-23,14754.6299,86.3975,3780.6001
2025-09-24,14712.7197,86.0687,3732.1001
2025-09-25,14639.1797,86.0687,3736.8999
2025-09-26,14725.9805,85.9913,3775.3
2025-09-29,14764.9199,86.6974,3820.8999
2025-09-30,14826.7998,86.4459,3840.8
2025-10-01,14877.96,86.6692,3867.5
2025-10-02,14887.3203,86.9215,3839.7
2025-10-03,14889.8398,86.7565,3880.8
2025-10-06,14945.2305,86.0674,3948.5
2025-10-07,14888.3701,86.5624,3976.6001
2025-10-08,14975.1299,86.6303,4043.3
2025-10-09,14934.3799,86.5624,3946.3
2025-10-10,14531.4102,87.9601,3975.8999
2025-10-13,14758.0703,87.9116,4108.6001
2025-10-14,14735.21,88.1931,4138.7002
2025-10-15,14795.6602,87.9989,4176.8999
2025-10-16,14702.5703,88.659,4280.2002
2025-10-17,14780.3604,88.5231,4189.8999
2025-10-20,14938.29,88.8628,4336.3999
2025-10-21,14938.8301,89.2996,4087.7
2025-10-22,14859.3301,89.3579,4044.3999
2025-10-23,14946.1299,88.7463,4125.5
2025-10-24,15064.9102,88.7852,4118.3999
2025-10-27,15250.1396,89.0861,4001.8999
2025-10-28,15285.0996,89.319,3966.2
2025-10-29,15284.5303,88.4163,3983.7
2025-10-30,15133.2305,87.9019,4001.3
2025-10-31,15173.9502,87.6398,3982.2
2025-11-03,15201.0,87.4206,4000.3
2025-11-04,15022.75,87.6155,3947.7
2025-11-05,15077.71,86.6608,3980.3
2025-11-06,14909.2803,87.4401,3979.8999
2025-11-07,14929.6299,87.255,3999.3999
2025-11-10,15161.4697,87.2355,4111.7998
2025-11-11,15192.9404,87.6349,4106.7998
2025-11-12,15203.1299,87.7908,4204.3999
2025-11-13,14951.8701,87.0699,4186.8999
2025-11-14,14947.5195,86.5731,4087.6001
2025-11-17,14812.0195,86.7874,4068.3
2025-11-18,14690.8096,86.7582,4061.3
2025-11-19,14746.4404,86.5828,4077.7
2025-11-20,14518.9502,86.9238,4056.5
2025-11-21,14662.6797,87.1868,4076.7
2025-11-24,14889.6699,87.6836,4091.8999
2025-11-25,15025.54,87.9077,4139.2002
2025-11-26,15129.5703,88.2973,4165.2002
2025-11-28,15211.1396,87.8785,4218.2998
2025-12-01,15132.0,86.7845,4239.2998
2025-12-02,15169.6299,86.8236,4186.6001
2025-12-03,15215.3398,87.068,4199.2998
2025-12-04,15232.8096,86.5987,4211.7998
2025-12-05,15264.6396,86.1979,4212.8999
2025-12-08,15212.8398,85.9144,4187.2002
2025-12-09,15199.6602,86.0024,4206.7002
2025-12-10,15302.75,86.3348,4196.3999
2025-12-11,15334.7402,86.2175,4285.5
2025-12-12,15172.1299,85.3865,4300.1001
2025-12-15,15150.46,85.4451,4306.7002
2025-12-16,15114.9199,85.9144,4304.5
2025-12-17,14940.0098,85.8362,4347.5
2025-12-18,15058.71,86.2468,4339.5
2025-12-19,15191.8496,85.9249,4361.3999
2025-12-22,15290.5498,85.7384,4444.6001
2025-12-23,15360.1797,85.8758,4482.7998
2025-12-24,15409.7002,86.396,4480.6001
2025-12-26,15406.4805,86.1114,4529.1001
2025-12-29,15353.1602,86.4352,4325.1001
2025-12-30,15332.0703,86.2291,4370.1001
2025-12-31,15220.4502,85.5421,4325.6001
2026-01-02,15252.8203,85.4146,4314.3999
2026-01-05,15349.7803,85.8366,4436.8999
2026-01-06,15446.0303,85.6599,4482.2002
2026-01-07,15392.9902,86.1604,4449.2998
2026-01-08,15394.1797,85.7286,4449.7002
2026-01-09,15494.5098,86.2978,4490.2998
2026-01-12,15520.2598,86.0427,4604.2998
2026-01-13,15490.4502,86.1899,4589.2002
2026-01-14,15408.1504,86.6904,4626.2998
2026-01-15,15448.2998,86.6708,4616.2998
2026-01-16,15439.4697,86.1703,4588.3999
2026-01-20,15121.5195,85.0416,4759.6001
2026-01-21,15297.0195,85.6893,4831.7998
2026-01-22,15381.2197,86.0623,4908.7998
2026-01-23,15387.6299,86.2978,4976.2002
2026-01-26,15464.6602,86.71,5079.7002
2026-01-27,15527.8203,86.1703,5079.8999
2026-01-28,15526.6904,85.974,5301.6001
2026-01-29,15506.8398,85.9936,5318.3999
2026-01-30,15441.1504,85.5127,4713.8999
2026-02-02,15525.1104,85.2684,4622.5
2026-02-03,15394.75,85.4753,4903.7002
2026-02-04,15316.75,85.2585,4920.3999
2026-02-05,15129.2305,86.1846,4861.3999
2026-02-06,15427.8301,86.2437,4951.2002
2026-02-09,15501.6504,86.224,5050.8999
2026-02-10,15451.3203,87.219,5003.7998
2026-02-11,15451.0,86.756,5071.6001
2026-02-12,15210.2998,87.9087,4923.7002
2026-02-13,15220.1299,88.3914,5022.0
2026-02-17,15237.8398,88.5392,4882.8999
2026-02-18,15323.2305,88.2042,4986.5
2026-02-19,15282.0898,88.2929,4975.8999
2026-02-20,15388.6396,88.086,5059.2998
2026-02-23,15229.2803,88.4111,5204.7002
2026-02-24,15346.7402,88.5688,5155.7998
2026-02-25,15472.0596,88.5786,5206.3999
2026-02-26,15389.1299,88.9333,5176.5
2026-02-27,15323.7998,89.4751,5230.5
2026-03-02,15331.1797,88.5766,5294.3999
2026-03-03,15186.9902,88.3987,5107.3999
2026-03-04,15305.0098,88.1219,5120.2002
2026-03-05,15219.1396,87.7661,5065.2998
2026-03-06,15019.2002,87.4399,5146.1001
2026-03-09,15145.3799,88.201,5091.5
2026-03-10,15114.7002,87.2619,5229.7002
2026-03-11,15102.5703,86.1351,5167.3999
2026-03-12,14873.2197,85.9671,5115.7998
2026-03-13,14785.0703,85.542,5052.5
2026-03-16,14936.3701,86.2043,4994.0
2026-03-17,14974.1797,86.4415,5001.0
2026-03-18,14770.4805,85.9572,4889.8999
2026-03-19,14730.7402,86.4811,4600.7002
2026-03-20,14508.1201,84.8402,4570.3999
2026-03-23,14675.1699,85.3937,4404.1001
2026-03-24,14620.3799,85.0181,4399.2998
2026-03-25,14700.1797,85.8386,4549.7998
2026-03-26,14444.3604,85.117,4375.5
2026-03-27,14203.2402,84.6524,4492.0
2026-03-30,14147.3096,85.7793,4526.0
2026-03-31,14560.75,85.6903,4647.6001
2026-04-01,14665.6797,85.6059,4783.2002
2026-04-02,14683.2002,86.1319,4651.5
2026-04-06,14749.3096,85.993,4656.7998
2026-04-07,14760.6396,85.983,4657.1001
2026-04-08,15130.8604,86.2609,4749.5
2026-04-09,15225.1797,86.0426,4792.2002
2026-04-10,15209.3799,85.8342,4761.8999
2026-04-13,15364.1104,86.0922,4742.3999
2026-04-14,15545.5498,86.5487,4825.0
2026-04-15,15670.7695,86.1716,4800.0
2026-04-16,15711.7998,85.6258,4785.3999
2026-04-17,15901.0303,86.4098,4857.6001
2026-04-20,15863.6797,86.3899,4806.6001
2026-04-21,15763.0195,85.9136,4698.3999
2026-04-22,15928.1602,86.0823,4732.5
2026-04-23,15862.5498,85.8937,4705.1001
2026-04-24,15989.6904,86.0525,4722.2998
2026-04-27,16009.4902,85.6258,4675.3999
2026-04-28,15931.2197,85.7151,4591.5
2026-04-29,15924.9004,85.0502,4545.2002
2026-04-30,16088.5596,84.9708,4614.7002
2026-05-01,16136.0303,85.2746,4629.8999
2026-05-04,16071.4404,84.6271,4519.5
2026-05-05,16202.3799,85.0953,4555.7998
2026-05-06,16438.7598,85.7427,4681.8999
2026-05-07,16376.3496,85.3144,4699.7998
2026-05-08,16516.8008,85.7427,4720.3999
2026-05-11,16549.25,85.2248,4718.7002
2026-05-12,16523.2891,84.657,4677.6001
2026-05-13,16620.5898,84.4678,4697.7002
2026-05-14,16748.2109,84.5873,4678.1001
2026-05-15,16544.2793,83.3322,4555.7998
2026-05-18,16533.1094,83.2326,4552.5
2026-05-19,16423.7793,82.6947,4506.2998
2026-05-20,16601.4199,83.5813,4531.2998
2026-05-21,16631.9297,83.89,4539.7998
2026-05-22,16694.8906,84.3482,4521.0
2026-05-26,16797.9199,84.7666,4500.3999
2026-05-27,16800.8594,84.9658,4447.5
2026-05-28,16897.6406,85.4041,4499.2998
2026-05-29,16935.3496,85.424,4560.5
2026-06-01,16981.0996,85.47,4475.2002
2026-06-02,17003.5703,85.65,4489.1001
2026-06-03,16878.4902,85.31,4436.7002
2026-06-04,16949.8496,85.5,4475.7998
2026-06-05,16503.9609,85.06,4337.1001
