w_stock,w_bond,w_gold,w_cash,entry_count,mean_return,median_return,mean_cagr,median_cagr,cagr_p10,cagr_p90,std_return,mean_maxdd,worst_maxdd,mean_sharpe,mean_calmar,best_return,worst_return,all_positive,positive_rate,win_rate_1m,win_rate_3m,win_rate_6m,win_rate_12m,win_rate_24m,version
0.30000000000000004,0.35000000000000003,0.15000000000000002,0.2,4203,0.6350302744657175,0.5404426155055249,0.056773358327271345,0.058415741169112856,0.0494198581800994,0.08018564971200114,0.40004581478347234,0.08607934273004894,0.1593880166442043,1.0356742429260322,0.6595468381457873,1.856571347825338,-0.027862901875950863,0,0.979776350226029,0.9846963175514108,0.9942028985507246,0.9995094432180525,1.0,1.0,hongli_lowvol
0.30000000000000004,0.35000000000000003,0.2,0.15000000000000002,4203,0.7237922378434143,0.6381438716111087,0.06494089219991055,0.06531573805537327,0.0539070056996509,0.09648045815081809,0.4368774547879909,0.09031105748804623,0.15991605597063704,1.08990813862325,0.7190801880324152,2.0837903360377097,-0.03730825336659582,0,0.9800142755174875,0.9849354375896701,0.9944444444444445,0.9995094432180525,1.0,1.0,hongli_lowvol
0.30000000000000004,0.35000000000000003,0.25,0.1,4203,0.8091294073197409,0.7326140662122655,0.07235376455644113,0.07139954778062751,0.057611129994192864,0.11129254213210786,0.4743620068850192,0.09811516391291376,0.16045128897348165,1.1224930455975863,0.7374371266470263,2.3112568088628875,-0.047364743852968294,0,0.979776350226029,0.9846963175514108,0.9942028985507246,0.9995094432180525,1.0,1.0,hongli_lowvol
0.30000000000000004,0.35000000000000003,0.3,0.05,4203,0.9011049938274923,0.8356375312500703,0.0800702703656981,0.07754526178624599,0.06158887971177322,0.12654628386595632,0.515259691534019,0.10839138070323678,0.16099371286384911,1.1520076160573598,0.7387143686721858,2.5605277980544447,-0.057421234339340876,0,0.980252200808946,0.9851745576279293,0.9946859903381643,0.9995094432180525,1.0,1.0,hongli_lowvol
0.30000000000000004,0.4,0.05,0.25,4203,0.46846275348358896,0.3634278903457431,0.04053920118451444,0.04325238194813252,0.034473765937859426,0.051393453042432126,0.3317147611724727,0.08443816347812758,0.15808536704957704,0.8446100446142792,0.48010519787081235,1.4472503241176367,-0.014283994399452604,0,0.9783487984772782,0.9832615973218556,0.9927536231884058,0.9992641648270787,1.0,1.0,hongli_lowvol
0.30000000000000004,0.4,0.1,0.2,4203,0.5556370544374832,0.4520842734172881,0.04900414543636949,0.051538803435879244,0.0427145165242897,0.06389069145601316,0.369778546662252,0.08390953029191131,0.15859848522151881,0.9722872035181668,0.5840116762171099,1.6637325890087022,-0.020571846599547583,0,0.979776350226029,0.9846963175514108,0.9942028985507246,0.9997547216090262,1.0,1.0,hongli_lowvol
0.30000000000000004,0.4,0.15000000000000002,0.15000000000000002,4203,0.6424137370247883,0.5455548986497045,0.057274253982178676,0.05891551164240849,0.04992078675692087,0.08068664686917293,0.4054919788016183,0.08593776537075361,0.1591188021556936,1.0494915138049112,0.6664619883363907,1.879245870819795,-0.027767593870847818,0,0.9800142755174875,0.9849354375896701,0.9944444444444445,0.9995094432180525,1.0,1.0,hongli_lowvol
0.30000000000000004,0.4,0.2,0.1,4203,0.7322973323540328,0.6435866389084828,0.06546597779139798,0.06588587449288275,0.0544712772769357,0.09698246877343474,0.44357109292961505,0.0901850910602434,0.1596463150607647,1.10242295031524,0.7259068768657879,2.1115850873106288,-0.037179665386380956,0,0.9800142755174875,0.9849354375896701,0.9944444444444445,0.9995094432180525,1.0,1.0,hongli_lowvol
0.30000000000000004,0.4,0.25,0.05,4203,0.8173197639599404,0.7385755932345206,0.07285771855222088,0.07190165292426243,0.05811313626267926,0.11180011064347002,0.4804497207084067,0.09788829242123355,0.1601810211468403,1.1329566796298434,0.7442945090787677,2.337401708496501,-0.04723615587275387,0,0.9800142755174875,0.9849354375896701,0.9944444444444445,0.9995094432180525,1.0,1.0,hongli_lowvol
0.30000000000000004,0.45,0.05,0.2,4203,0.47509645656960403,0.368851668890825,0.041039677454210624,0.043752837022460245,0.03497497528050153,0.05189546179186646,0.33654317269849005,0.08424135050125152,0.15781722940702486,0.8649956297108514,0.48716784821251086,1.4668380311868945,-0.014208211269662985,0,0.9788246490601951,0.983739837398374,0.9932367149758454,0.9995094432180525,1.0,1.0,hongli_lowvol
0.30000000000000004,0.45,0.1,0.15000000000000002,4203,0.5588734928576335,0.457877501662054,0.04935920471105399,0.05182688374810662,0.043215207130378984,0.0643903196017837,0.3701579744424766,0.08565546502603247,0.15832982223869996,0.9844692391357625,0.5762528368277811,1.6704080041037597,-0.02049021001421991,0,0.9800142755174875,0.9849354375896701,0.9944444444444445,0.9997547216090262,1.0,1.0,hongli_lowvol
0.30000000000000004,0.45,0.15000000000000002,0.1,4203,0.6498357818874814,0.551116934581894,0.057775191040911084,0.05942919216592557,0.05042174228994019,0.08118768104374614,0.4109788705683803,0.08579611784287469,0.1588496133363934,1.0633029080010483,0.6734009940486984,1.9020907124782878,-0.027672285865744217,0,0.980252200808946,0.9851745576279293,0.9946859903381643,0.9997547216090262,1.0,1.0,hongli_lowvol
0.30000000000000004,0.45,0.2,0.05,4203,0.7401224055564545,0.6496296852857895,0.06596763157286163,0.0663908310045851,0.05497305235799246,0.09748460941264021,0.44938491592810337,0.09006187244453458,0.15937659990920605,1.1142627388112745,0.7324701317251471,2.1361754922411658,-0.03705107740616709,0,0.9800142755174875,0.9849354375896701,0.9944444444444445,0.9995094432180525,1.0,1.0,hongli_lowvol
0.30000000000000004,0.5,0.05,0.15000000000000002,4203,0.4817690700251586,0.37425158014400806,0.04154035660627534,0.04425330787611248,0.03547626541274625,0.05239749922478101,0.34141482313205973,0.0840453740316906,0.15754911724894674,0.8853786996637363,0.4942610712947974,1.4865740778700918,-0.014132428139873365,0,0.9790625743516536,0.9839789574366332,0.9934782608695653,0.9995094432180525,1.0,1.0,hongli_lowvol
0.30000000000000004,0.5,0.1,0.1,4203,0.5659162253949614,0.46344674819884335,0.049859780411894754,0.05232820752038414,0.043715918787559406,0.06489000272171888,0.37533304274769846,0.08545860628805739,0.1580611848293145,1.0009933917343754,0.5834377902657479,1.6916823588634768,-0.02040857342889202,0,0.9804901261004044,0.9854136776661885,0.994927536231884,0.9997547216090262,1.0,1.0,hongli_lowvol
0.30000000000000004,0.5,0.15000000000000002,0.05,4203,0.6572990949170279,0.5568462588636311,0.05827624169886037,0.05993320698241744,0.05092272477774666,0.08168875223663648,0.416512215616404,0.08565476231147685,0.15858045017954456,1.077109520418758,0.6803619568395202,1.925107080068826,-0.027576977860640617,0,0.9804901261004044,0.9854136776661885,0.994927536231884,0.9997547216090262,1.0,1.0,hongli_lowvol
0.3500000000000001,0.05,0.3,0.3,4203,0.8790036952135472,0.8116548854127408,0.07812114416817117,0.07628844892967002,0.059803506057750554,0.12464343746682535,0.5051030030157112,0.12031516495527021,0.18645510840657906,1.0916589925057734,0.6493042186096359,2.5756314237652096,-0.05872314260996614,0,0.9788246490601951,0.983739837398374,0.9932367149758454,0.9995094432180525,1.0,1.0,hongli_lowvol
0.3500000000000001,0.05,0.35000000000000003,0.25,4203,0.9760813523634851,0.9212946074870483,0.08610082617511848,0.08246123640379643,0.06369406519519134,0.14058515094782492,0.5481156012398923,0.13011249850115966,0.1927580966489185,1.1253842739915145,0.6617413943084882,2.843750334629386,-0.06877963309633894,0,0.9790625743516536,0.9839789574366332,0.9934782608695653,0.9995094432180525,1.0,1.0,hongli_lowvol
0.3500000000000001,0.05,0.4,0.2,4203,1.0772934135296437,1.035056989289528,0.09407546957235079,0.08819901966306398,0.06743821470262112,0.1566435334633239,0.5945840042399281,0.14005624242047462,0.21216308078236606,1.1528101137970261,0.6716977975884781,3.1371614304917745,-0.07883612358271153,0,0.9795384249345706,0.9844571975131516,0.9939613526570048,0.9995094432180525,1.0,1.0,hongli_lowvol
0.3500000000000001,0.1,0.25,0.3,4203,0.796855366317686,0.7182727063895333,0.07097429268032578,0.07110455527520698,0.056553792368332266,0.10980526072200131,0.4710960131290708,0.11211628635292542,0.18560190759554188,1.0633666749146453,0.6330417728688341,2.3527523430867294,-0.04853806414337947,0,0.9785867237687366,0.9835007173601148,0.9929951690821256,0.9995094432180525,1.0,1.0,hongli_lowvol
0.3500000000000001,0.1,0.3,0.25,4203,0.8875103946069529,0.8185029692680992,0.07862669679300753,0.07679288772247883,0.06030781694773513,0.12515399130982977,0.5114200762509603,0.1200600803157388,0.1861872787590917,1.1008015431830993,0.6548945876617099,2.603828564163002,-0.05859455462975105,0,0.9788246490601951,0.983739837398374,0.9932367149758454,0.9995094432180525,1.0,1.0,hongli_lowvol
0.3500000000000001,0.1,0.35000000000000003,0.2,4203,0.9850197191541882,0.9282425936880037,0.08660687888726691,0.08296651524077014,0.06419797751298377,0.141098173959878,0.5547750451939252,0.129867547880116,0.19216301199275382,1.1336424666708493,0.66688622601249,2.873951000988882,-0.06865104511612452,0,0.979300499643112,0.9842180774748924,0.993719806763285,0.9995094432180525,1.0,1.0,hongli_lowvol
0.3500000000000001,0.1,0.4,0.15000000000000002,4203,1.0872634952536855,1.0422410361620469,0.094596096082573,0.08870681978326611,0.06800285777738595,0.15715943294802517,0.6025782334293304,0.13965937244066498,0.21143695373282007,1.1606111243329738,0.6773343917377449,3.176229829831958,-0.07870753560249666,0,0.9795384249345706,0.9844571975131516,0.9939613526570048,0.9995094432180525,1.0,1.0,hongli_lowvol
0.3500000000000001,0.15000000000000002,0.2,0.3,4203,0.7200778883601558,0.63104628688251,0.06408305587908067,0.0647162064949871,0.05325669480103867,0.09567926173899326,0.43975169488771393,0.10629466255920554,0.184759287276345,1.0315944825176537,0.6028812203377264,2.1472048263420915,-0.03835298567679257,0,0.9788246490601951,0.983739837398374,0.9932367149758454,0.9995094432180525,1.0,1.0,hongli_lowvol
0.3500000000000001,0.15000000000000002,0.25,0.25,4203,0.8049894593990711,0.7253095636694527,0.0714779246541207,0.07161034724668269,0.057057563412297084,0.11031241295580087,0.47713810039325105,0.1119365914141849,0.18533474594773075,1.0735432906771776,0.6385572738197818,2.37924614834126,-0.04840947616316593,0,0.9785867237687366,0.9835007173601148,0.9929951690821256,0.9995094432180525,1.0,1.0,hongli_lowvol
0.3500000000000001,0.15000000000000002,0.3,0.2,4203,0.896065390850782,0.8251224480016135,0.079132681916137,0.0772976655674118,0.06081215973420413,0.12566613272603924,0.5177875772868508,0.11980495551675369,0.18591947510412907,1.109939828705237,0.6605125937805717,2.6322363798471504,-0.058465966649537515,0,0.9790625743516536,0.9839789574366332,0.9934782608695653,0.9995094432180525,1.0,1.0,hongli_lowvol
0.3500000000000001,0.15000000000000002,0.35000000000000003,0.15000000000000002,4203,0.9940167271651588,0.9349451329904546,0.08711343052170138,0.08347182988499458,0.0647019219170367,0.14161215947830788,0.5614928905335747,0.1296200415999416,0.19140679451743908,1.141905304310524,0.6720676019420491,2.9043767017367244,-0.0685224571359101,0,0.979300499643112,0.9842180774748924,0.993719806763285,0.9995094432180525,1.0,1.0,hongli_lowvol
0.3500000000000001,0.15000000000000002,0.4,0.1,4203,1.096698880629966,1.0491439546335597,0.09510290504654048,0.08921443477938307,0.06850546758722387,0.15767540937323818,0.6096379232025505,0.13941239172414022,0.2107104372833246,1.1681305441177356,0.6821696684949187,3.208758855298144,-0.07857894762228224,0,0.9795384249345706,0.9844571975131516,0.9939613526570048,0.9995094432180525,1.0,1.0,hongli_lowvol
0.3500000000000001,0.2,0.15000000000000002,0.3,4203,0.6382225063022937,0.5381103142587604,0.05638938169641345,0.05873462956419173,0.04864521873079366,0.07984216535505576,0.40747731699642425,0.10381801516914031,0.18392723374308367,0.9769396019387501,0.5431560370764541,1.9404551042704195,-0.029693607947619327,0,0.9778729478943612,0.9827833572453372,0.9922705314009662,0.9995094432180525,1.0,1.0,hongli_lowvol
0.3500000000000001,0.2,0.2,0.25,4203,0.7278504953300436,0.6378247004512447,0.06458433404864,0.0652171945538127,0.053758161822952386,0.09618087499007263,0.44552327273214576,0.10610900037567905,0.18449279211341213,1.043020543045326,0.6086602815970283,2.1721048424623866,-0.038224397696578705,0,0.9790625743516536,0.9839789574366332,0.9934782608695653,0.9995094432180525,1.0,1.0,hongli_lowvol
0.3500000000000001,0.2,0.25,0.2,4203,0.8131647367955238,0.7317980862068973,0.07198155899571754,0.07211617469304699,0.057561365534056955,0.11081962993646856,0.4832233584707117,0.11175669052374536,0.18506761016276468,1.0837142989046673,0.6440917197742478,2.405938300622908,-0.048280888182951065,0,0.9790625743516536,0.9839789574366332,0.9934782608695653,0.9995094432180525,1.0,1.0,hongli_lowvol
0.3500000000000001,0.2,0.3,0.15000000000000002,4203,0.9046659362923906,0.8322153327473558,0.07963864934451335,0.07780278117363415,0.061316534418124166,0.12618246536667493,0.5242069116233176,0.11954975497714333,0.18565169743477503,1.119072808826425,0.6661548520926658,2.660856358335469,-0.058337378669323314,0,0.9790625743516536,0.9839789574366332,0.9934782608695653,0.9995094432180525,1.0,1.0,hongli_lowvol
0.3500000000000001,0.2,0.35000000000000003,0.1,4203,1.003054171537115,0.9418830604592514,0.08761989465954013,0.08397718033809398,0.06520589840795253,0.14212632771567998,0.5682574020350275,0.12937374362852927,0.1906502199455445,1.150158343306803,0.6772618013676953,2.935029023208603,-0.06839386915569612,0,0.979300499643112,0.9842180774748924,0.993719806763285,0.9995094432180525,1.0,1.0,hongli_lowvol
0.3500000000000001,0.2,0.4,0.05,4203,1.106183170766861,1.056678626195461,0.09560978678429481,0.08972209417185839,0.06900812070652411,0.15819146274006432,0.6167502152398018,0.13918786806396996,0.20998353137113815,1.1756462331462525,0.6869117841531497,3.2415287913420103,-0.07845035964206881,0,0.9795384249345706,0.9844571975131516,0.9939613526570048,0.9995094432180525,1.0,1.0,hongli_lowvol
0.3500000000000001,0.25,0.1,0.3,4203,0.5585896270041822,0.4496716627770414,0.04860990169309525,0.05174962334858613,0.041685370773157926,0.06348278975813414,0.37681684970646573,0.10184854161419209,0.1831057333135055,0.8981329164346737,0.47727636471450174,1.7405732007931172,-0.022763784228162387,0,0.9752557696883178,0.9801530368244858,0.9898550724637681,0.9987736080451313,1.0,1.0,hongli_lowvol
0.3500000000000001,0.25,0.15000000000000002,0.25,4203,0.6456307258485298,0.5442760445525452,0.056890116952785605,0.059238059443781355,0.04914650923672688,0.0803434253716263,0.41295879466483765,0.10361855246569085,0.1836614035534063,0.9900992912915674,0.5490340831736913,1.9638085079512457,-0.029598299942516726,0,0.9778729478943612,0.9827833572453372,0.9922705314009662,0.9995094432180525,1.0,1.0,hongli_lowvol
0.3500000000000001,0.25,0.2,0.2,4203,0.7356609207405299,0.6436752365679794,0.06508537518923081,0.06571820726404409,0.05426032427832217,0.09668253244887075,0.45133339955332574,0.10592333064533381,0.18422632268402986,1.0544399841796162,0.6144574079449794,2.1971913082272296,-0.03809580971636417,0,0.9790625743516536,0.9839789574366332,0.9934782608695653,0.9995094432180525,1.0,1.0,hongli_lowvol
0.3500000000000001,0.25,0.25,0.15000000000000002,4203,0.8219543169620214,0.7390015092453581,0.07254046478236742,0.0726541341167719,0.05808842235715113,0.11147630652543015,0.4895555471644713,0.11157703973898289,0.18480050023376857,1.0945072365861426,0.6501379222110978,2.4339611292808647,-0.048152300202736975,0,0.9790625743516536,0.9839789574366332,0.9934782608695653,0.9995094432180525,1.0,1.0,hongli_lowvol
0.3500000000000001,0.25,0.3,0.1,4203,0.9133077824794803,0.8391203414291928,0.08014413123198232,0.0783079322347382,0.06182094100045736,0.1266940131811604,0.5306717153838978,0.11929402793688391,0.18538394574411393,1.1282021554350532,0.6718201457191552,2.6896899970434487,-0.058208790689110446,0,0.979300499643112,0.9842180774748924,0.993719806763285,0.9995094432180525,1.0,1.0,hongli_lowvol
0.3500000000000001,0.25,0.35000000000000003,0.05,4203,1.0121340346021495,0.9484527380141861,0.08812632454446083,0.08448256660168596,0.06570990698632757,0.14264057291101553,0.575067528765978,0.1291284861896559,0.18989328827493063,1.1584029056396647,0.6824700509152285,2.9659095622914493,-0.06826528117548192,0,0.979300499643112,0.9842180774748924,0.993719806763285,0.9995094432180525,1.0,1.0,hongli_lowvol
0.3500000000000001,0.3,0.05,0.3,4203,0.4819737275312481,0.3645156558922622,0.040800338892558484,0.04391587377296413,0.03365392402906236,0.05316728999437821,0.34855162420783287,0.10044997619713353,0.18229477232897995,0.7782460869835789,0.4061756949796348,1.5552367520267967,-0.016568431341631107,0,0.9752557696883178,0.9801530368244858,0.9896135265700483,0.99803777287221,1.0,1.0,hongli_lowvol
0.3500000000000001,0.3,0.1,0.25,4203,0.5656499957154608,0.45464606212229874,0.04911062979552432,0.052251599235693114,0.04218609451391577,0.06398498631505171,0.38202327812437287,0.10165266377325169,0.1828405665886328,0.9135969332157788,0.4831219170514941,1.7624220703080051,-0.022682147642834383,0,0.9754936949797763,0.9803921568627451,0.990096618357488,0.9990188864361049,1.0,1.0,hongli_lowvol
0.20000000000000004,0.4,0.25,0.15000000000000002,4203,0.72305128638014,0.701737050404933,0.0692164915198658,0.0650386938261065,0.05210780327136022,0.1090904699269403,0.38428836625110757,0.08729670364342125,0.11768685013544149,1.1109536795500707,0.7928878025290936,1.8689283373736454,-0.0461753950940732,0,0.9814418272662384,0.9863701578192252,0.9958937198067633,1.0,1.0,1.0,hongli_lowvol
0.20000000000000004,0.4,0.3,0.1,4203,0.8100340259176005,0.8015531852623914,0.07687809226004604,0.07143195186349893,0.05558319219990842,0.1241509547854002,0.420894307528634,0.09944481389163692,0.1391543968484296,1.1343466417956787,0.7730729160378197,2.0858449510749177,-0.056231885580445895,0,0.9812039019747799,0.986131037780966,0.9954106280193237,1.0,1.0,1.0,hongli_lowvol
0.20000000000000004,0.4,0.35000000000000003,0.05,4203,0.9035330829311661,0.9094216310563037,0.08477265808043853,0.07813849420661456,0.059196646467630565,0.1401334109449128,0.46156718850933576,0.11237118173709874,0.1603783029739485,1.156616979180886,0.7543985634926477,2.325390083860298,-0.06628837606681837,0,0.9814418272662384,0.9863701578192252,0.9954106280193237,1.0,1.0,1.0,hongli_lowvol
0.20000000000000004,0.45,0.05,0.3,4203,0.4018230489018606,0.3369204022183572,0.037585776954255676,0.039546711913840626,0.034132314028752345,0.045381118339587495,0.26044066832005597,0.06300811577904467,0.11253165835705248,0.9180948417394992,0.5965227890016671,1.1188114212083788,-0.010171823083446996,0,0.9840590054722818,0.9890004782400765,0.9983091787439613,1.0,1.0,1.0,hongli_lowvol
0.20000000000000004,0.45,0.1,0.25,4203,0.48123788495206543,0.4269088317522207,0.045878181796828295,0.04667943267421748,0.0406807195121349,0.06202419799946162,0.2900481050769945,0.06485788394062332,0.11330813237877968,1.0080962543763836,0.7073647644568433,1.2973608039965696,-0.01687628869380131,0,0.9833452295979063,0.9882831181252989,0.9978260869565218,1.0,1.0,1.0,hongli_lowvol
0.20000000000000004,0.45,0.15000000000000002,0.2,4203,0.5637597421000812,0.519343894695319,0.05412943790735795,0.05351756773742533,0.04496925718363252,0.07875170642704785,0.32188184077898857,0.07040618176425964,0.11388997808866068,1.0617958447785,0.7688165520550317,1.489874755057775,-0.02593382614111428,0,0.9833452295979063,0.9882831181252989,0.9978260869565218,1.0,1.0,1.0,hongli_lowvol
0.20000000000000004,0.45,0.2,0.15000000000000002,4203,0.6491030066049537,0.6155474832324113,0.06230074025006094,0.05982208323690852,0.04904817426622894,0.09478550778838231,0.3558099148075028,0.07801913441728409,0.11491277771263887,1.099862559919302,0.798531548899869,1.6909237457008999,-0.03599031662748742,0,0.9823935284320723,0.9873266379722621,0.9968599033816425,1.0,1.0,1.0,hongli_lowvol
0.20000000000000004,0.45,0.25,0.1,4203,0.7307283395229247,0.7087041318808411,0.0697201662334628,0.0655464687754701,0.052609506820466743,0.10959838473372005,0.38972311887409194,0.0871122867341347,0.11688475379501595,1.1219976189429162,0.800348249911607,1.8916698281509459,-0.04604680711385856,0,0.9814418272662384,0.9863701578192252,0.9958937198067633,1.0,1.0,1.0,hongli_lowvol
0.20000000000000004,0.45,0.3,0.05,4203,0.8181083692719153,0.8078675395478254,0.07738470877669751,0.07193791887026091,0.056085169601003806,0.12466237097395894,0.42661792940805426,0.09924780374281925,0.13836763010436134,1.14406038013184,0.7797120526437485,2.1102412102051264,-0.056103297600231916,0,0.9816797525576969,0.9866092778574844,0.9956521739130435,1.0,1.0,1.0,hongli_lowvol
0.20000000000000004,0.5,0.05,0.25,4203,0.408058489410315,0.3421806265978289,0.03808596462683751,0.040047426663713415,0.03463203156147201,0.045881393436215,0.2648096505176391,0.0628677933755136,0.11242174328761968,0.9440663699866317,0.6058104250509869,1.1360354205694714,-0.01009018649811877,0,0.9840590054722818,0.9890004782400765,0.9983091787439613,1.0,1.0,1.0,hongli_lowvol
0.20000000000000004,0.5,0.1,0.2,4203,0.4878240358355028,0.43192298441370025,0.04637850028233406,0.0471801998119179,0.0411808197795656,0.06252494167681043,0.29468618377221706,0.064713923424103,0.11319611428966438,1.0273580930525845,0.7166695794101734,1.3157480093011844,-0.01678098068869771,0,0.9833452295979063,0.9882831181252989,0.9978260869565218,1.0,1.0,1.0,hongli_lowvol
0.20000000000000004,0.5,0.15000000000000002,0.15000000000000002,4203,0.5706893872164653,0.5249431004730032,0.05462872932699594,0.0540177016561989,0.045469577959301774,0.07925311150606737,0.3267892900918719,0.07030435147291397,0.11414065210946142,1.077054454773173,0.777031978568818,1.5097096602756084,-0.025805238160900412,0,0.9833452295979063,0.9882831181252989,0.9978260869565218,1.0,1.0,1.0,hongli_lowvol
0.20000000000000004,0.5,0.2,0.1,4203,0.6564333728907549,0.621763716537526,0.06280172561655314,0.06032250934201677,0.04954860096940363,0.09528803753873652,0.36100833779651503,0.0779350907877788,0.11480869035822105,1.1125979830476909,0.8058209079086778,1.71227960091869,-0.035861728647272995,0,0.9826314537235308,0.9875657580105213,0.9971014492753624,1.0,1.0,1.0,hongli_lowvol
0.20000000000000004,0.5,0.25,0.05,4203,0.7384458948458911,0.7151862683232195,0.07022390187264684,0.06604864261243826,0.0531112288477583,0.11010636086509257,0.3952022015568337,0.086934685538117,0.11608229502932126,1.1330366193846875,0.8077777176965433,1.914581684105479,-0.04591821913364491,0,0.9814418272662384,0.9863701578192252,0.9958937198067633,1.0,1.0,1.0,hongli_lowvol
0.25000000000000006,0.05,0.4,0.3,4203,1.007575686858458,0.9961770182793999,0.09154848319060613,0.08408627474273644,0.06389098814934657,0.1536689301168624,0.5288693870983104,0.12887488701645322,0.19448677382869925,1.1484539524981983,0.7103671266762647,2.7094558291666417,-0.07777536280403052,0,0.9800142755174875,0.9849354375896701,0.9944444444444445,0.9995094432180525,1.0,1.0,hongli_lowvol
0.25000000000000006,0.1,0.35000000000000003,0.3,4203,0.9190678209890922,0.8910894306857713,0.08411107790486648,0.07830896206568116,0.06095956814458297,0.13822264104777907,0.4930824229218871,0.1155139769248489,0.17379156825533815,1.1330067779711197,0.7281463260466522,2.4854394925613223,-0.06759028433744363,0,0.9800142755174875,0.9849354375896701,0.9944444444444445,0.9995094432180525,1.0,1.0,hongli_lowvol
0.25000000000000006,0.1,0.4,0.25,4203,1.0165769343727862,1.003774482090535,0.09205528419108841,0.08459103802462797,0.0643938951552522,0.1541864152623596,0.535403063634619,0.1286808781549623,0.193734741677368,1.1562324993628215,0.7153765618558494,2.7385397643218345,-0.07764677482381499,0,0.9800142755174875,0.9849354375896701,0.9944444444444445,0.9995094432180525,1.0,1.0,hongli_lowvol
0.25000000000000006,0.15000000000000002,0.3,0.3,4203,0.831866596269282,0.78988470690883,0.07661106812379176,0.07292270023674874,0.05771584797585527,0.12294967292122778,0.45713123159254315,0.10242400105112469,0.15249794095827612,1.113011493798464,0.747979646738771,2.256273366713186,-0.05740520587085696,0,0.9804901261004044,0.9854136776661885,0.994927536231884,0.9997547216090262,1.0,1.0,hongli_lowvol
0.25000000000000006,0.15000000000000002,0.35000000000000003,0.25,4203,0.9276800611444052,0.897752970109966,0.0846170935039845,0.0788203884624783,0.06146201343020299,0.13873504733379757,0.499341611563703,0.11531339961094741,0.17319744981800328,1.1415906898323647,0.7338010481823595,2.5128485507487683,-0.06746169635722965,0,0.980252200808946,0.9851745576279293,0.9946859903381643,0.9997547216090262,1.0,1.0,hongli_lowvol
0.25000000000000006,0.15000000000000002,0.4,0.2,4203,1.0256211629556735,1.0107977535931796,0.09256203391737255,0.08509582271007932,0.0648968377572655,0.15470568665973078,0.5419837300712714,0.12848782082683066,0.1929823548083311,1.164004831434451,0.720395390954003,2.7678399358959545,-0.0775181868436019,0,0.980252200808946,0.9851745576279293,0.9946859903381643,0.9997547216090262,1.0,1.0,hongli_lowvol
0.25000000000000006,0.2,0.25,0.3,4203,0.7522633092474462,0.6968673736210413,0.06952970905821897,0.06777511003790226,0.05449379906902605,0.10843280886018698,0.42511141955016385,0.08965223835077674,0.1385892088122736,1.0937575594019824,0.7755490586434038,2.0539811140686117,-0.04722012740427051,0,0.9807280513918629,0.9856527977044476,0.9951690821256038,1.0,1.0,1.0,hongli_lowvol
0.25000000000000006,0.2,0.3,0.25,4203,0.8401005830802349,0.7960909593501355,0.07711676649454405,0.07342621163375851,0.058218957154891136,0.12346198024210922,0.46311712537877836,0.10222036199526216,0.15171788791052576,1.122593501874678,0.7544168792722369,2.2879866059159335,-0.057276617890642645,0,0.9804901261004044,0.9854136776661885,0.994927536231884,0.9997547216090262,1.0,1.0,hongli_lowvol
0.25000000000000006,0.2,0.35000000000000003,0.2,4203,0.9363388869391212,0.9046233121089367,0.08512305974432208,0.07932418066381919,0.06196449093007655,0.13924750858155246,0.5056527768839266,0.11511246953084553,0.17243239925872383,1.1501729834842922,0.7394773137198009,2.5404619602223013,-0.067333108377015,0,0.9804901261004044,0.9854136776661885,0.994927536231884,0.9997547216090262,1.0,1.0,hongli_lowvol
0.25000000000000006,0.2,0.4,0.15000000000000002,4203,1.0347108042617377,1.0177879309800386,0.09306910856937065,0.08560062879792518,0.06539981595508819,0.15523151639655386,0.5486138606849005,0.12829592248960342,0.19222961321910992,1.1717698068480145,0.7254253039640647,2.797357864673019,-0.07738959886338703,0,0.980252200808946,0.9851745576279293,0.9946859903381643,0.9997547216090262,1.0,1.0,hongli_lowvol
0.25000000000000006,0.25,0.2,0.3,4203,0.6770429086356851,0.6093863355317326,0.06261986373918338,0.06262130306812264,0.05118568080362471,0.09436238674228332,0.3953583465317996,0.07892858193872436,0.13784183176166775,1.0734813187206396,0.7933737335835814,1.8651173215286088,-0.037035048937682724,0,0.9807280513918629,0.9856527977044476,0.9951690821256038,1.0,1.0,1.0,hongli_lowvol
0.25000000000000006,0.25,0.25,0.25,4203,0.7601448296132326,0.7029767748313078,0.07003376902613251,0.06828094586281108,0.05499555115358486,0.10894089745394119,0.4308373239123198,0.08941637262616361,0.13831586844623106,1.1045615668933852,0.7832320521313602,2.078142601645203,-0.04709153942405586,0,0.9807280513918629,0.9856527977044476,0.9951690821256038,1.0,1.0,1.0,hongli_lowvol
0.25000000000000006,0.25,0.3,0.2,4203,0.8483773750343181,0.8023263539164267,0.07762214823885026,0.07392975990015227,0.05872138571288428,0.12397436867222669,0.46914672830830967,0.10201656141767135,0.1509374749323469,1.1321735652574674,0.7608779119799319,2.3139314182164905,-0.05714802991042889,0,0.9807280513918629,0.9856527977044476,0.9951690821256038,1.0,1.0,1.0,hongli_lowvol
0.25000000000000006,0.25,0.35000000000000003,0.15000000000000002,4203,0.9450428424777779,0.9111345523056824,0.0856293933282986,0.07982800797055689,0.062467000644186664,0.13976002479179167,0.5120115322322797,0.11491162050943489,0.1716669911406137,1.1587471632925264,0.7451761009781247,2.5682811618518455,-0.06720452039680147,0,0.9804901261004044,0.9854136776661885,0.994927536231884,0.9997547216090262,1.0,1.0,hongli_lowvol
0.25000000000000006,0.25,0.4,0.1,4203,1.043851922093632,1.0247392763739578,0.09357715444175879,0.08610545628699873,0.0659028297484177,0.15574907854645956,0.5552937833653125,0.12810531525689303,0.1916563522814393,1.1795289371426292,0.7304705058810871,2.827095081527219,-0.07726101088317328,0,0.980252200808946,0.9851745576279293,0.9946859903381643,0.9997547216090262,1.0,1.0,hongli_lowvol
0.25000000000000006,0.3,0.15000000000000002,0.3,4203,0.5984268923870342,0.5189499244514673,0.05498459450067611,0.05567020655972632,0.04764071304914097,0.07833236671633657,0.3665137354916117,0.07177125762111312,0.13709908875325005,1.0369549941830605,0.7661088341372627,1.6754449512058396,-0.02684997047109705,0,0.9816797525576969,0.9866092778574844,0.996135265700483,1.0,1.0,1.0,hongli_lowvol
0.25000000000000006,0.3,0.2,0.25,4203,0.6845663778006591,0.6147771956240742,0.06312132608400829,0.06312208348074466,0.05168662111307052,0.09486412071547702,0.4008272541449386,0.07875419924399267,0.13756889615443416,1.0858086325266756,0.8014979098250834,1.8878167080107757,-0.03690646095746919,0,0.9812039019747799,0.986131037780966,0.9956521739130435,1.0,1.0,1.0,hongli_lowvol
0.25000000000000006,0.3,0.25,0.2,4203,0.7680579879048399,0.7089295894060619,0.07053738955837997,0.06878681342284865,0.05549733596625948,0.10944906138048116,0.436603435283849,0.08918581061304133,0.1380425619008102,1.1153470439178605,0.7909037219432475,2.1024851982887047,-0.04696295144384266,0,0.9807280513918629,0.9856527977044476,0.9951690821256038,1.0,1.0,1.0,hongli_lowvol
0.25000000000000006,0.3,0.3,0.15000000000000002,4203,0.8566985355786326,0.8086762999385244,0.07812788863160387,0.07443334503671761,0.05922358506766261,0.12448683821224638,0.475224402509481,0.1018128126831882,0.15015670202298317,1.1417471037327993,0.7673679429200634,2.340070205189394,-0.057019441930214465,0,0.9807280513918629,0.9856527977044476,0.9951690821256038,1.0,1.0,1.0,hongli_lowvol
0.25000000000000006,0.3,0.35000000000000003,0.1,4203,0.9537812950043022,0.9176134791343227,0.0861354949089582,0.08033187038414491,0.06294132536508933,0.14027286736450023,0.5184010936990617,0.1147131329678107,0.17090122546118816,1.1673117580990477,0.7508773640863632,2.5963076060893746,-0.06707593241658649,0,0.9804901261004044,0.9854136776661885,0.994927536231884,0.9997547216090262,1.0,1.0,hongli_lowvol
0.25000000000000006,0.3,0.4,0.05,4203,1.053037799697272,1.0324109500782566,0.0940843510072267,0.086610305176132,0.0664058791369468,0.15626686218781866,0.5620278221217095,0.1279130515593013,0.19090397826142233,1.1872880115645716,0.7355336289792805,2.8570531274859747,-0.07713242290295919,0,0.9804901261004044,0.9854136776661885,0.994927536231884,0.9997547216090262,1.0,1.0,hongli_lowvol
0.25000000000000006,0.35000000000000003,0.1,0.3,4203,0.5205999290229646,0.4329366974288671,0.04721660444020917,0.049181523933592874,0.041781402604565664,0.062365157805159936,0.33755622684779574,0.06892842244521603,0.13636099085914788,0.9810238801591538,0.6850092134015788,1.4900772632675485,-0.01870645531224502,0,0.9816797525576969,0.9866092778574844,0.996135265700483,1.0,1.0,1.0,hongli_lowvol
0.25000000000000006,0.35000000000000003,0.15000000000000002,0.25,4203,0.6056055778662138,0.5246280747971717,0.05548542855795642,0.05617265510366498,0.048140946986170705,0.07883363585698278,0.371727343642956,0.07164398042948761,0.13682655806964128,1.0515204006189356,0.7744604393186316,1.6967138258751464,-0.02672138249088285,0,0.9819176778491554,0.9868483978957436,0.9963768115942029,1.0,1.0,1.0,hongli_lowvol
0.25000000000000006,0.35000000000000003,0.2,0.2,4203,0.6921224095009886,0.6204837277250344,0.0636222414641274,0.06362289387942055,0.05218758594884041,0.09536590297654582,0.40633442738988795,0.07863039466347793,0.1372959943110524,1.098123332397911,0.8091303844577867,1.910686318981495,-0.036777872977255766,0,0.9812039019747799,0.986131037780966,0.9956521739130435,1.0,1.0,1.0,hongli_lowvol
0.25000000000000006,0.35000000000000003,0.25,0.15000000000000002,4203,0.7760127491225031,0.7147721226125219,0.07104107134405617,0.06929271271870885,0.05599915350704987,0.10995730063992173,0.44241431514427865,0.08895619184085776,0.1377692891655372,1.1261280260190958,0.7986073804862098,2.12701018689385,-0.04683436346362724,0,0.9807280513918629,0.9856527977044476,0.9951690821256038,1.0,1.0,1.0,hongli_lowvol
0.25000000000000006,0.35000000000000003,0.3,0.1,4203,0.8661150360988876,0.8159222219393953,0.07873364600554654,0.07498861436644222,0.059769913466900436,0.125242307672843,0.48171000400336533,0.10160864544953899,0.14937556918168826,1.1522480557592665,0.7748715245362398,2.3683952411574456,-0.05689085394999971,0,0.9807280513918629,0.9856527977044476,0.9951690821256038,1.0,1.0,1.0,hongli_lowvol
0.25000000000000006,0.35000000000000003,0.35000000000000003,0.05,4203,0.9625773542095175,0.9242012881594521,0.08664171636259985,0.08083576790602787,0.06344405475588309,0.1407859085727537,0.5248587537037125,0.11451184011157746,0.17013510221795622,1.175882494980137,0.7566179731124602,2.6245427530287144,-0.06694734443637251,0,0.9807280513918629,0.9856527977044476,0.9951690821256038,1.0,1.0,1.0,hongli_lowvol
0.25000000000000006,0.4,0.05,0.3,4203,0.44767858936840116,0.3488445583446609,0.039500219131609185,0.0418748050559945,0.03409281051787923,0.0491676960615588,0.3135757256657303,0.06719401982512437,0.1356275491867924,0.8903020829468138,0.5878531934004005,1.328674753044833,-0.012200487541405458,0,0.9814418272662384,0.9863701578192252,0.9956521739130435,1.0,1.0,1.0,hongli_lowvol
0.25000000000000006,0.4,0.1,0.25,4203,0.527568176029446,0.4385528334129376,0.047722169438696005,0.04968039113438305,0.0422822074992875,0.06286570302748645,0.3426830892513471,0.06878649586955728,0.1360888652632294,0.9989927266633322,0.6937723580104089,1.5105432869102766,-0.018624818726917236,0,0.9819176778491554,0.9868483978957436,0.9963768115942029,1.0,1.0,1.0,hongli_lowvol
0.25000000000000006,0.4,0.15000000000000002,0.2,4203,0.6128210181434711,0.5302332229455731,0.05598623180542634,0.05667513173762129,0.04864120877238962,0.0793349497547926,0.3769822129550216,0.07151731600305984,0.1365540610929907,1.0660771850938175,0.7828346327067278,1.71814270911206,-0.026592794510668982,0,0.9821556031406139,0.9870875179340028,0.9966183574879227,1.0,1.0,1.0,hongli_lowvol
0.25000000000000006,0.4,0.2,0.15000000000000002,4203,0.6997232618157726,0.6262080292595813,0.06412349483259436,0.06412373426496609,0.052688575309999,0.09586773352383832,0.41188507563728,0.07850663228776454,0.1370231262210557,1.1104411647499528,0.8167907979742518,1.933727359390006,-0.036649284997041454,0,0.9812039019747799,0.986131037780966,0.9956521739130435,1.0,1.0,1.0,hongli_lowvol
0.25000000000000006,0.4,0.25,0.1,4203,0.7840052452521131,0.7205520106986405,0.07154464937343649,0.06979661925061076,0.05650100377594902,0.11046561523237289,0.4482653102682338,0.08872779061133675,0.13749605022993838,1.1369000053285796,0.8063386778876385,2.151718858918749,-0.04670577548341315,0,0.9809659766833214,0.9858919177427068,0.9954106280193237,1.0,1.0,1.0,hongli_lowvol
0.25000000000000006,0.4,0.3,0.05,4203,0.8745202587330759,0.8223040700790023,0.07923877187496943,0.07549211398309041,0.06027204174706333,0.1257524957308335,0.48787854710018874,0.1014048282283729,0.1485940764077054,1.1617994528167062,0.7814102470201567,2.3949346622562087,-0.05676226596978595,0,0.9807280513918629,0.9856527977044476,0.9951690821256038,1.0,1.0,1.0,hongli_lowvol
0.25000000000000006,0.45,0.05,0.25,4203,0.45419874443228025,0.35380478852506414,0.04000082934793935,0.04237590580143169,0.034592959888109356,0.04967047888498146,0.31828182956581214,0.06705426351651168,0.13535582884186506,0.9129810668505816,0.5965441606571281,1.3473212293691024,-0.01211885095607701,0,0.9816797525576969,0.9866092778574844,0.9958937198067633,1.0,1.0,1.0,hongli_lowvol
0.25000000000000006,0.45,0.1,0.2,4203,0.5344404118209365,0.44348765991976014,0.04822279132275005,0.05018049240769806,0.04278278300826468,0.06336628361358258,0.34767219077109357,0.0686452450860304,0.13581677331724512,1.0167842250368306,0.7024928130464727,1.5305828118789129,-0.018543182141589565,0,0.9819176778491554,0.9868483978957436,0.9963768115942029,1.0,1.0,1.0,hongli_lowvol
0.25000000000000006,0.45,0.15000000000000002,0.15000000000000002,4203,0.6200735110026613,0.5361016637872773,0.056487061473969306,0.05718060423673377,0.04914171563585197,0.07983630841207044,0.38227513835451155,0.07139068764308401,0.13628159781283616,1.0806274769707735,0.7912385121764758,1.7397327369172166,-0.02646420653045478,0,0.9823935284320723,0.9873266379722621,0.9968599033816425,1.0,1.0,1.0,hongli_lowvol
0.25000000000000006,0.45,0.2,0.1,4203,0.7088004799603083,0.6324402628362091,0.06467551708050912,0.06476781055611402,0.05331542852321869,0.09636961235569773,0.41923718808344806,0.07807534316325358,0.1367502918739811,1.124210308944072,0.8283731388189256,1.9625461329643348,-0.03652069701682781,0,0.9814418272662384,0.9863701578192252,0.9958937198067633,1.0,1.0,1.0,hongli_lowvol
0.25000000000000006,0.45,0.25,0.05,4203,0.7920392295234995,0.7264910633314705,0.07204826966420276,0.07029852828864236,0.057002886772948715,0.11097400515794457,0.4541604960794114,0.08850043935900995,0.137222845083548,1.147666674559397,0.8141007003584751,2.1766125144385704,-0.04657718750319928,0,0.9812039019747799,0.986131037780966,0.9956521739130435,1.0,1.0,1.0,hongli_lowvol
0.25000000000000006,0.5,0.05,0.2,4203,0.4607454229108242,0.35880919347899476,0.040501035472341386,0.042876901842500814,0.03509312561256563,0.05017334246954102,0.3230197514537677,0.0669166330269277,0.13508414208972896,0.9356369595255531,0.6052461643735646,1.3661089726707556,-0.01203721437074945,0,0.9819176778491554,0.9868483978957436,0.996135265700483,1.0,1.0,1.0,hongli_lowvol
0.25000000000000006,0.5,0.1,0.15000000000000002,4203,0.5413452111532963,0.44876244936768694,0.048723293724621544,0.05068264717866988,0.043283380334793044,0.06386689956004814,0.35269534105432226,0.0685062608249948,0.1355447150107474,1.0345640425755922,0.7112239543928611,1.5507736959551126,-0.018461545556260894,0,0.9823935284320723,0.9873266379722621,0.9968599033816425,1.0,1.0,1.0,hongli_lowvol
0.25000000000000006,0.5,0.15000000000000002,0.1,4203,0.627366759439941,0.5419463375944673,0.05698808471661734,0.05768745629825345,0.04964247935333534,0.08033771183111874,0.38760991039966225,0.07126209394056607,0.13600916821872716,1.0951779486717983,0.7996970277655113,1.7614850528788644,-0.026335618550240136,0,0.9826314537235308,0.9875657580105213,0.9971014492753624,1.0,1.0,1.0,hongli_lowvol
0.25000000000000006,0.5,0.2,0.05,4203,0.7164849388765272,0.6379739732072245,0.06517658192444367,0.06526731188132207,0.05381667861863981,0.09687153947047539,0.4248841385974646,0.07795467878654831,0.13647749125937192,1.136511212192009,0.836083002829208,1.9859756415906449,-0.0363921090366125,0,0.9816797525576969,0.9866092778574844,0.996135265700483,1.0,1.0,1.0,hongli_lowvol
0.30000000000000004,0.05,0.35000000000000003,0.3,4203,0.9463923304650819,0.9021159207925578,0.08496213108771376,0.08029739545877201,0.06241667540904059,0.13932644718516168,0.520872350782494,0.12129781024955011,0.18368075653290983,1.1276328475900197,0.7004424145243701,2.6586723856768,-0.06824925270699733,0,0.979776350226029,0.9846963175514108,0.9942028985507246,0.9995094432180525,1.0,1.0,hongli_lowvol
0.30000000000000004,0.05,0.4,0.25,4203,1.044986445541755,1.0156857252273834,0.09289330046588123,0.0859824333497281,0.06592812458481045,0.15517381906536354,0.565061894245389,0.1334483333525764,0.20287681844091618,1.1526474026265523,0.6960993676890144,2.9382313896487946,-0.0783057431933708,0,0.9795384249345706,0.9844571975131516,0.9939613526570048,0.9995094432180525,1.0,1.0,hongli_lowvol
0.30000000000000004,0.1,0.3,0.3,4203,0.8577558722794428,0.801045837924764,0.07745106194483445,0.07495638369858071,0.059033302012734976,0.12378200878427399,0.4835711957177567,0.10953386539766753,0.16268676891521355,1.1043971608599006,0.7070969481780356,2.4216101687042624,-0.05806417424041144,0,0.979776350226029,0.9846963175514108,0.9942028985507246,0.9995094432180525,1.0,1.0,hongli_lowvol
0.30000000000000004,0.1,0.35000000000000003,0.25,4203,0.9551652961442406,0.9093505333126928,0.08546811606809301,0.08080196578317289,0.06292000785429704,0.1398392533010558,0.5273340909527814,0.12109833643966092,0.18292003715567154,1.1360603120068002,0.7057744852727915,2.687428650775091,-0.0681206647267838,0,0.979776350226029,0.9846963175514108,0.9942028985507246,0.9995094432180525,1.0,1.0,hongli_lowvol
0.30000000000000004,0.1,0.4,0.2,4203,1.0549235010831914,1.023599049982172,0.09342056786792836,0.08651299031368542,0.06649860268537236,0.1556885364395483,0.5727404508095233,0.1332523833392897,0.202144381087607,1.160745340581937,0.7010799021137143,2.9727168890509854,-0.07817715521315616,0,0.9800142755174875,0.9849354375896701,0.9944444444444445,0.9995094432180525,1.0,1.0,hongli_lowvol
0.30000000000000004,0.15000000000000002,0.25,0.3,4203,0.7767969482611613,0.7087319246864692,0.07033789675224811,0.06939155997164037,0.05560342729108614,0.10925710897693923,0.4504874066749168,0.09902862048600601,0.16153261889110537,1.0805920180150936,0.7102784670436537,2.2086057904483827,-0.04787909577382521,0,0.9795384249345706,0.9844571975131516,0.9939613526570048,0.9995094432180525,1.0,1.0,hongli_lowvol
0.30000000000000004,0.15000000000000002,0.3,0.25,4203,0.8661522823660889,0.8075851609332572,0.07795691907377207,0.07545974420178969,0.05953661559810049,0.12429205088085009,0.48974828736257153,0.10930288152994591,0.1620771533211994,1.1137734909078003,0.713219248958355,2.448611077887101,-0.05793558626019779,0,0.979776350226029,0.9846963175514108,0.9942028985507246,0.9995094432180525,1.0,1.0,hongli_lowvol
0.30000000000000004,0.15000000000000002,0.35000000000000003,0.2,4203,0.9639884419918309,0.9168770707907061,0.08597429235681693,0.08130656545083159,0.06342337174077688,0.14035212350911794,0.533849512214272,0.12089832255022519,0.18215896045030266,1.1444867342442646,0.7111289101724331,2.7163992060371194,-0.06799207674656949,0,0.979776350226029,0.9846963175514108,0.9942028985507246,0.9995094432180525,1.0,1.0,hongli_lowvol
0.30000000000000004,0.15000000000000002,0.4,0.15000000000000002,4203,1.0641899336861187,1.0315119910078492,0.09392870925112465,0.08701853553334016,0.06700114316346908,0.15620331609133928,0.5795948165217623,0.13305558718196106,0.20141155291879256,1.1683903708805112,0.7059358516277247,3.0037269415344507,-0.07804856723294251,0,0.9800142755174875,0.9849354375896701,0.9944444444444445,0.9995094432180525,1.0,1.0,hongli_lowvol
0.30000000000000004,0.2,0.2,0.3,4203,0.7006894998118912,0.6210431024772098,0.06343711212141759,0.06380379789963486,0.052406926273481334,0.09497478119568298,0.4198425221671123,0.09070791643869881,0.16072543331802486,1.0543281243653737,0.6993558513086223,2.011695416589241,-0.03769401730723909,0,0.9795384249345706,0.9844571975131516,0.9939613526570048,0.9995094432180525,1.0,1.0,hongli_lowvol
0.30000000000000004,0.2,0.25,0.25,4203,0.7848166945000729,0.7150465187047417,0.07084161043063181,0.06989349200873618,0.056105304609929615,0.10976796631558257,0.45639088721688464,0.09879665676853618,0.16126224760641553,1.0910747968709833,0.7170446121127529,2.2339819690984015,-0.04775050779361101,0,0.9795384249345706,0.9844571975131516,0.9939613526570048,0.9995094432180525,1.0,1.0,hongli_lowvol
0.30000000000000004,0.2,0.3,0.2,4203,0.8745859100024953,0.8140828527682278,0.07846372586265118,0.07596313789390763,0.06003995867653633,0.12480215103825679,0.49596777463683367,0.10907502885363916,0.16180625426761655,1.1231252007374692,0.7193555361597627,2.4758138748113465,-0.057806998279983146,0,0.979776350226029,0.9846963175514108,0.9942028985507246,0.9995094432180525,1.0,1.0,hongli_lowvol
0.30000000000000004,0.2,0.35000000000000003,0.15000000000000002,4203,0.9728564699239602,0.9238872831851348,0.08648082036534056,0.08181119445907381,0.06392676706901734,0.14086505780818573,0.5404128235805005,0.12069791343725306,0.18139752641483592,1.152904140210057,0.716506341348636,2.7455855617387797,-0.06786348876635595,0,0.979776350226029,0.9846963175514108,0.9942028985507246,0.9995094432180525,1.0,1.0,hongli_lowvol
0.30000000000000004,0.2,0.4,0.1,4203,1.07349713692958,1.0392007472342835,0.09443556492023679,0.08752411790210601,0.06750372384939518,0.15671815801867775,0.5864997436275065,0.13286088025243173,0.20067833387207631,1.176034792026147,0.7107853323025711,3.0349669656664515,-0.07791997925272764,0,0.9800142755174875,0.9849354375896701,0.9944444444444445,0.9995094432180525,1.0,1.0,hongli_lowvol
0.30000000000000004,0.25,0.15000000000000002,0.3,4203,0.6203814025859564,0.5289728410512042,0.055771850296827685,0.05741627312274522,0.04841808190067818,0.07918376644616486,0.38927632180739896,0.08640741003435436,0.15992652265590854,1.008025924998078,0.645452169838832,1.8117284687088584,-0.028053517886158286,0,0.979776350226029,0.9846963175514108,0.9942028985507246,0.9995094432180525,1.0,1.0,hongli_lowvol
0.30000000000000004,0.25,0.2,0.25,4203,0.7083498311362904,0.6267879278707296,0.06393843568434507,0.06430295733454239,0.0529067447967019,0.09547661436165257,0.42547842426553545,0.09055848803971286,0.16045561509247827,1.066191417183731,0.7060457508555793,2.035547824181496,-0.03756542932702389,0,0.9795384249345706,0.9844571975131516,0.9939613526570048,0.9995094432180525,1.0,1.0,hongli_lowvol
0.30000000000000004,0.25,0.25,0.2,4203,0.7928832679053233,0.7210068302809745,0.07134624156015498,0.07039546732270319,0.05660721416716243,0.11027692253075413,0.46233420387204616,0.09856769430938966,0.16099190219645704,1.101556492626774,0.7238298720492488,2.2595482992001132,-0.047621919813396474,0,0.979776350226029,0.9846963175514108,0.9942028985507246,0.9995094432180525,1.0,1.0,hongli_lowvol
0.30000000000000004,0.25,0.3,0.15000000000000002,4203,0.883060224386632,0.8206728956174054,0.07896914187173655,0.07646656477201286,0.06054333124839517,0.12531230925661335,0.5022349482256616,0.10884711880962507,0.1615353811780854,1.1324815307037266,0.7255051188801289,2.5032199861022084,-0.05767841029976917,0,0.9800142755174875,0.9849354375896701,0.9944444444444445,0.9995094432180525,1.0,1.0,hongli_lowvol
0.30000000000000004,0.25,0.35000000000000003,0.1,4203,0.9817781712812517,0.9314231510841846,0.08698752553219821,0.0823158528052208,0.06442618972871231,0.1413780561970966,0.5470284969391387,0.12049514938927171,0.1806357350473143,1.1613283207359446,0.7219172387693072,2.7749892381956762,-0.06773490078614053,0,0.979776350226029,0.9846963175514108,0.9942028985507246,0.9995094432180525,1.0,1.0,hongli_lowvol
0.30000000000000004,0.25,0.4,0.05,4203,1.0819189129110955,1.0466735878172955,0.09491805958170292,0.08802973742076992,0.06790077891813198,0.15723733549156638,0.5922716708380387,0.13266472771317692,0.19994472388508736,1.1831163446410888,0.7154732174698097,3.0605176890839427,-0.07779139127251333,0,0.9800142755174875,0.9849354375896701,0.9944444444444445,0.9995094432180525,1.0,1.0,hongli_lowvol
0.30000000000000004,0.3,0.1,0.3,4203,0.54168014161793,0.44083797338489017,0.048002744693993675,0.05053680645414049,0.04171319847261819,0.06289160007416346,0.35955854120562286,0.0842565274174937,0.15913588793440495,0.9392103987441687,0.5697213754863002,1.6217509771449712,-0.02073511977020348,0,0.9788246490601951,0.983739837398374,0.9932367149758454,0.9995094432180525,1.0,1.0,hongli_lowvol
0.30000000000000004,0.3,0.15000000000000002,0.25,4203,0.6276865660763096,0.5350948376882405,0.056272596032160414,0.05791599499496969,0.048918956560882874,0.07968468957130828,0.3946392669380676,0.08622082862983797,0.15965725680868817,1.0218533708471995,0.6526566367594206,1.834065944227262,-0.027958209881054574,0,0.979776350226029,0.9846963175514108,0.9942028985507246,0.9995094432180525,1.0,1.0,hongli_lowvol
0.30000000000000004,0.3,0.2,0.2,4203,0.7160491224047993,0.6324033074551649,0.06443956048828912,0.06480922180919557,0.053406585711667766,0.09597850668012674,0.43115496297042305,0.09043480966472167,0.1601858226456144,1.0780505275787362,0.7125526191429227,2.0595790422249074,-0.03743684134681036,0,0.9795384249345706,0.9844571975131516,0.9939613526570048,0.9995094432180525,1.0,1.0,hongli_lowvol
0.30000000000000004,0.3,0.25,0.15000000000000002,4203,0.8009857608013888,0.7267081746882325,0.07184998631896954,0.07089748591338618,0.05710915596213408,0.11078469422948936,0.4683273401680924,0.09834145418490617,0.16072158265441858,1.1120274835203106,0.7306174889774749,2.2853061272831905,-0.047493331833182495,0,0.979776350226029,0.9846963175514108,0.9942028985507246,0.9995094432180525,1.0,1.0,hongli_lowvol
0.30000000000000004,0.3,0.3,0.1,4203,0.8915813974210253,0.8278234296287985,0.07947524555942156,0.07697002483318105,0.06104704857008847,0.12582332439450633,0.5085548751324832,0.10861915139604549,0.16126453404577631,1.1418292978487947,0.7316872258524663,2.5308308478855097,-0.05754982231955541,0,0.9800142755174875,0.9849354375896701,0.9944444444444445,0.9995094432180525,1.0,1.0,hongli_lowvol
0.30000000000000004,0.3,0.35000000000000003,0.05,4203,0.9907416699839797,0.9387458805557878,0.0874940577087356,0.08282054048659582,0.06492959165817469,0.14189111867468038,0.553694896323498,0.12029432442701811,0.17987358634577408,1.1697418011037248,0.7273332148086318,2.804611765825693,-0.06760631280592744,0,0.979776350226029,0.9846963175514108,0.9942028985507246,0.9995094432180525,1.0,1.0,hongli_lowvol
0.30000000000000004,0.35000000000000003,0.05,0.3,4203,0.4618628927608334,0.3582069554248213,0.04003875828247155,0.04275194265625326,0.0339726373871851,0.05089147297682244,0.3269199842096096,0.08463520402018662,0.15835353018332138,0.824218816212403,0.473074517229518,1.427809903821776,-0.014359777529242668,0,0.9781108731858197,0.9830224772835964,0.9925120772946859,0.9992641648270787,1.0,1.0,hongli_lowvol
0.30000000000000004,0.35000000000000003,0.1,0.25,4203,0.5486442988592852,0.44698185197278506,0.04850365048337496,0.051037792427899964,0.042213846971101664,0.06339111828120805,0.3646507381159333,0.08405514954362008,0.15886717378450824,0.9557596476215705,0.5770455557657915,1.642662870669057,-0.020653483184876142,0,0.979300499643112,0.9842180774748924,0.993719806763285,0.9995094432180525,1.0,1.0,hongli_lowvol
0.40000000000000013,0.25,0.2,0.15000000000000002,4203,0.7664529917663578,0.6591605181209246,0.06632684935511235,0.06774487406599494,0.05567455308837581,0.09808945498863068,0.4819683450749461,0.12089617270368896,0.20697264617932423,1.0453942541502013,0.5486265435190942,2.383484733674522,-0.03884951505810097,0,0.9773970973114442,0.9823051171688187,0.9917874396135266,0.9995094432180525,1.0,1.0,hongli_lowvol
0.40000000000000013,0.25,0.25,0.1,4203,0.8540344606823047,0.753587291792337,0.07376762181219083,0.07431685868026827,0.059623469841281286,0.11256242282525025,0.5215383298357992,0.12425647675466397,0.20757163244584753,1.0888449047885094,0.5936722474261041,2.6301142312815298,-0.048682680592077365,0,0.9783487984772782,0.9832615973218556,0.9927536231884058,0.9995094432180525,1.0,1.0,hongli_lowvol
0.40000000000000013,0.25,0.3,0.05,4203,0.9474273066945464,0.8562816326364631,0.08141314266564217,0.08058797454874744,0.06340104810719818,0.1278175660387164,0.5643822921306239,0.1305038604848991,0.20818087539520733,1.1256956520267543,0.6238370448440694,2.9003546550208985,-0.05873917107844917,0,0.9785867237687366,0.9835007173601148,0.9929951690821256,0.9995094432180525,1.0,1.0,hongli_lowvol
0.40000000000000013,0.3,0.05,0.25,4203,0.5084141526867973,0.3763054442355962,0.0420271556409708,0.045540280365663266,0.03385575778717627,0.055956282493600636,0.37490449669027476,0.11613583808266807,0.2049770850315649,0.7573767921193595,0.3618792987144497,1.7056610401990984,-0.019128306603210077,0,0.9724006661908161,0.9772835963653754,0.9867149758454107,0.9958302673534462,1.0,1.0,hongli_lowvol
0.40000000000000013,0.3,0.1,0.2,4203,0.5940631602469187,0.4687166940406231,0.05036173547630331,0.05406502573210448,0.04265973792653286,0.06559211178526825,0.41054462232261874,0.11697667942005058,0.20554473912394827,0.8953002809283398,0.4305279969134683,1.9271751984482992,-0.02462917551546484,0,0.9726385914822746,0.9775227164036346,0.9871980676328502,0.99803777287221,1.0,1.0,hongli_lowvol
0.40000000000000013,0.3,0.15000000000000002,0.15000000000000002,4203,0.6830745132455539,0.5650653174235309,0.05864864822668931,0.06163356118114938,0.05047273188736616,0.08203867116980663,0.44856694631431865,0.11858198044129864,0.20612259602957708,0.9897679167078636,0.4945831399377076,2.161075261580141,-0.03105350670097684,0,0.9747799191054008,0.9796747967479674,0.9891304347826086,0.9985283296541575,1.0,1.0,hongli_lowvol
0.40000000000000013,0.3,0.2,0.1,4203,0.7744843722289483,0.6648468361546875,0.06682868704253463,0.06824908423103104,0.056175849780167784,0.09859151791195338,0.48802780324402134,0.12069581250820732,0.20671067313348304,1.0564018511832325,0.5536951585457057,2.4101951858857036,-0.038754207052996925,0,0.9773970973114442,0.9823051171688187,0.9917874396135266,0.9995094432180525,1.0,1.0,hongli_lowvol
0.40000000000000013,0.3,0.25,0.05,4203,0.8624786306124749,0.7602428717866445,0.07427108954337082,0.07482445438088225,0.0601272190560699,0.11306943119888202,0.5279467287064193,0.12407540928337052,0.20730898786021287,1.0986999990511386,0.5985963695170753,2.6587339614931915,-0.04855409261186305,0,0.9783487984772782,0.9832615973218556,0.9927536231884058,0.9995094432180525,1.0,1.0,hongli_lowvol
0.40000000000000013,0.35000000000000003,0.05,0.2,4203,0.5152927512821472,0.38269893907413666,0.04252811957098621,0.0460405238813304,0.03435559616025317,0.056460260162743615,0.38001223854329036,0.11592026168405467,0.20471713831978824,0.7743894154816863,0.3668739092989482,1.7272767344311681,-0.018901483831255006,0,0.9735902926481085,0.9784791965566715,0.9879227053140096,0.9968113809173412,1.0,1.0,hongli_lowvol
0.40000000000000013,0.35000000000000003,0.1,0.15000000000000002,4203,0.6013181961964147,0.4738774660028524,0.0508623132133256,0.0545675645156396,0.043160716846194984,0.06609423882759131,0.41597363176909846,0.11678291113236092,0.2052841257551056,0.9097986799902567,0.43552873207346765,1.9504621412845071,-0.024547538930136836,0,0.9731144420651915,0.9780009564801531,0.9876811594202899,0.99803777287221,1.0,1.0,hongli_lowvol
0.40000000000000013,0.35000000000000003,0.15000000000000002,0.1,4203,0.6907315310846657,0.5708968322583488,0.05914949771046212,0.062135046805358085,0.05097110719661235,0.08253854467946162,0.454334436646264,0.11838444641307733,0.2058613144205964,1.0022998591858612,0.4996390953594743,2.1861185853810436,-0.030971870115648392,0,0.9752557696883178,0.9801530368244858,0.9896135265700483,0.9987736080451313,1.0,1.0,hongli_lowvol
0.40000000000000013,0.35000000000000003,0.2,0.05,4203,0.7825555361882063,0.670879410015121,0.06733021310646643,0.06875332272770107,0.05667717431611927,0.0990936270554645,0.49413530244514225,0.12049752478063064,0.20644872169718034,1.067398377800393,0.5587684330366379,2.4352361306345456,-0.03865889904789421,0,0.9776350226029027,0.982544237207078,0.9920289855072464,0.9995094432180525,1.0,1.0,hongli_lowvol
0.40000000000000013,0.4,0.05,0.15000000000000002,4203,0.5222022387454299,0.38788365854295903,0.043028784125474714,0.04654079343916684,0.034855452641128035,0.056968227020522774,0.3851580222660606,0.11570731393418758,0.20445721285124788,0.7913834942530897,0.37187609548994266,1.74905579097259,-0.018674639057460918,0,0.973828217939567,0.9787183165949307,0.9881642512077294,0.9968113809173412,1.0,1.0,hongli_lowvol
0.40000000000000013,0.4,0.1,0.1,4203,0.6086132187364992,0.4797853589261929,0.0513630384586051,0.05507012987814397,0.043661716986853484,0.06659642684667406,0.4214444502718125,0.11658850310703309,0.20502353374945853,0.924293877251453,0.44054977197410017,1.9739243423954456,-0.024465902344808832,0,0.97335236735665,0.9782400765184123,0.9879227053140096,0.99803777287221,1.0,1.0,hongli_lowvol
0.40000000000000013,0.4,0.15000000000000002,0.05,4203,0.6984270355193355,0.5767043971050545,0.05965032188643084,0.062636558336151,0.05146457050017106,0.08303847889380198,0.46014259666108925,0.11818768342714202,0.20560005429515896,1.0148241725344302,0.5047084447103397,2.21134960658331,-0.030890233530320166,0,0.9759695455626933,0.9808703969392635,0.9903381642512077,0.9990188864361049,1.0,1.0,hongli_lowvol
0.40000000000000013,0.45,0.05,0.1,4203,0.5291476732683523,0.3937053686945764,0.04352947190656687,0.047041089035269934,0.03535532722671562,0.05747210001030441,0.39034258738756633,0.11549433566553939,0.20419730862078644,0.8083712893080424,0.3768970283756952,1.7709993744624914,-0.018473952634861956,0,0.974304068522484,0.9791965566714491,0.9886473429951691,0.9970566593083149,1.0,1.0,hongli_lowvol
0.40000000000000013,0.45,0.1,0.05,4203,0.6159481867607562,0.4856190861725904,0.05186384279971033,0.05557272181875761,0.04416273834722478,0.06709867583873144,0.42696117734711214,0.1163945700881176,0.20476296310181696,0.9387833839837982,0.44558644583202056,1.9975630460637896,-0.02438426575948105,0,0.97335236735665,0.9782400765184123,0.9879227053140096,0.99803777287221,1.0,1.0,hongli_lowvol
0.40000000000000013,0.5,0.05,0.05,4203,0.5361269000502735,0.3989290138904231,0.04403002665150032,0.047541410665731254,0.03585521991392948,0.05797604933033793,0.39556564143967987,0.11528198821247991,0.2039374256232529,0.8253468980795143,0.38193326931824917,1.7931086573477768,-0.01839816950507256,0,0.9745419938139425,0.9794356767097083,0.9888888888888889,0.9973019376992887,1.0,1.0,hongli_lowvol
0.45000000000000007,0.05,0.2,0.3,4203,0.7683198470316723,0.6455513028168791,0.0656520578258684,0.0681133822857205,0.05484234689522882,0.0970993264200351,0.4927503189284626,0.13590648460429725,0.23016146591547004,0.996125090155806,0.4830678831626003,2.4774095526393194,-0.04077552913487259,0,0.9735902926481085,0.9784791965566715,0.9879227053140096,0.9985283296541575,1.0,1.0,hongli_lowvol
0.45000000000000007,0.05,0.25,0.25,4203,0.8558373878614963,0.7403042358906129,0.07307387335914368,0.07398181072247234,0.05938924476057132,0.11180771538770964,0.5326834080256573,0.13806196993794773,0.23072703045558415,1.0467136366379735,0.5292831428668366,2.7302285724076403,-0.049727412902275225,0,0.9757316202712348,0.9806312769010043,0.990096618357488,0.9987736080451313,1.0,1.0,hongli_lowvol
0.45000000000000007,0.05,0.3,0.2,4203,0.9497447504966912,0.8435389615532802,0.08075333160789358,0.08104475313019566,0.06323943925956388,0.126872814087636,0.5761277309071148,0.14265349246936473,0.2313016347738362,1.0899622504447373,0.5660802985614642,3.0078537629248823,-0.059783903388647364,0,0.9778729478943612,0.9827833572453372,0.9922705314009662,0.9995094432180525,1.0,1.0,hongli_lowvol
0.45000000000000007,0.05,0.35000000000000003,0.15000000000000002,4203,1.051852385557438,0.9524557581433759,0.08877813219951665,0.0869937991739469,0.06722973978764797,0.14320606290920912,0.6246831897894631,0.14907425724301074,0.23188528783649268,1.128042065838516,0.5955295960643061,3.3173006276221004,-0.0698403938750195,0,0.9781108731858197,0.9830224772835964,0.9925120772946859,0.9995094432180525,1.0,1.0,hongli_lowvol
0.45000000000000007,0.05,0.4,0.1,4203,1.1554179873442711,1.06806521613197,0.0967316680890522,0.09321966253796243,0.07103543518043427,0.15918838375216168,0.6722128925399217,0.15823991924491218,0.23247799862168417,1.1576676285224892,0.611297506663524,3.6231053749238162,-0.07989688436139164,0,0.9781108731858197,0.9830224772835964,0.9925120772946859,0.9995094432180525,1.0,1.0,hongli_lowvol
0.45000000000000007,0.1,0.15000000000000002,0.3,4203,0.6841721423470173,0.552721008772924,0.05794576941898091,0.061547159129146545,0.0489209687872433,0.08108526384716816,0.458185655308894,0.13369948130476741,0.22934856044255778,0.93037872450475,0.4334030981533411,2.2479853507389036,-0.03332708091491898,0,0.9719248156078991,0.976805356288857,0.9864734299516909,0.9977924944812362,1.0,1.0,hongli_lowvol
0.45000000000000007,0.1,0.2,0.25,4203,0.7763737895270759,0.6517640462570267,0.06615316121612673,0.06861254716155019,0.055343952716470524,0.09760090479033422,0.49886389347382176,0.13570983832164984,0.2299045013430685,1.0067572771669935,0.4874603200052099,2.504864992018976,-0.040680221129769434,0,0.9740661432310255,0.9789574366331899,0.9884057971014493,0.9985283296541575,1.0,1.0,hongli_lowvol
0.45000000000000007,0.1,0.25,0.2,4203,0.8693026872958671,0.7522550186180079,0.07404675316625592,0.07485693270038052,0.06011339972015115,0.1133996605778411,0.5409946902170216,0.13786762266747302,0.23046947199758278,1.0616370538272029,0.537085877986389,2.77015349499333,-0.04959882492206058,0,0.9757316202712348,0.9806312769010043,0.990096618357488,0.9987736080451313,1.0,1.0,hongli_lowvol
0.45000000000000007,0.1,0.3,0.15000000000000002,4203,0.9586658517844298,0.8512356864361885,0.08125927654344031,0.08155033061213612,0.0637449565705869,0.12738326902486602,0.5829464946170811,0.14247230189673335,0.2310434813587923,1.0986877100379406,0.5703513978621514,3.039384023847534,-0.05965531540843272,0,0.9778729478943612,0.9827833572453372,0.9922705314009662,0.9995094432180525,1.0,1.0,hongli_lowvol
0.45000000000000007,0.1,0.35000000000000003,0.1,4203,1.0612215666466902,0.9605678010730043,0.0892844394433901,0.08750115662417812,0.06773304763033763,0.14372034777785944,0.6318722479356645,0.14889960223907112,0.23162653839123137,1.1359825175499263,0.599628461733808,3.3509535783916595,-0.06971180589480486,0,0.9781108731858197,0.9830224772835964,0.9925120772946859,0.9995094432180525,1.0,1.0,hongli_lowvol
0.45000000000000007,0.1,0.4,0.05,4203,1.1652477139519521,1.0758501800549833,0.09723907357542678,0.09372463417041277,0.07153778157281247,0.15970442414386007,0.6797670273088141,0.1579933004046898,0.23221865207128536,1.164947831717228,0.6154632717106047,3.659007520022083,-0.07976829638117755,0,0.9783487984772782,0.9832615973218556,0.9927536231884058,0.9995094432180525,1.0,1.0,hongli_lowvol
0.45000000000000007,0.15000000000000002,0.1,0.3,4203,0.6028925562992208,0.462346281954787,0.050171605941810464,0.05434710063321502,0.04151111918318558,0.06594053415533936,0.42603322346045513,0.13218710143975498,0.22927560815867046,0.8398765126008189,0.37954993638071755,2.0336164865856894,-0.026821113144079978,0,0.9719248156078991,0.976805356288857,0.9864734299516909,0.9977924944812362,1.0,1.0,hongli_lowvol
0.45000000000000007,0.15000000000000002,0.15000000000000002,0.25,4203,0.6918538693297632,0.5592400320243227,0.05844664630487978,0.062046849796633774,0.04942235952030951,0.08158606413435782,0.4639990228400503,0.13350611160677545,0.22909220689973347,0.9423741230352778,0.4377825524349524,2.2737362823636094,-0.033245444329591756,0,0.9719248156078991,0.976805356288857,0.9864734299516909,0.9977924944812362,1.0,1.0,hongli_lowvol
0.45000000000000007,0.15000000000000002,0.2,0.2,4203,0.7844705667270049,0.6578985027367008,0.06665429302036303,0.06911174383253726,0.055852545468230506,0.09810252944708409,0.5050252012395583,0.1355139332661637,0.22964755507934362,1.0173837104638277,0.49186302407330285,2.5325255480525253,-0.04058491312466583,0,0.974304068522484,0.9791965566714491,0.9886473429951691,0.9985283296541575,1.0,1.0,hongli_lowvol
0.45000000000000007,0.15000000000000002,0.25,0.15000000000000002,4203,0.8778492664585611,0.7586610927836934,0.07455067875385477,0.07536332394686207,0.06061671984483437,0.11390532004270082,0.5475217535866529,0.13766970145866586,0.2302119319434741,1.071202526719659,0.5415184166447689,2.799848154540368,-0.04947023694184527,0,0.9762074708541518,0.9811095169775227,0.9905797101449275,0.9990188864361049,1.0,1.0,hongli_lowvol
0.45000000000000007,0.15000000000000002,0.3,0.1,4203,0.9676366448043356,0.8586847920074747,0.08176581805053866,0.08205594589319243,0.06425050483604151,0.12789378056798806,0.5898274447391118,0.1422929911005832,0.23078534644308257,1.1074028648327734,0.5746299759258033,3.071149297071809,-0.059526727428218296,0,0.9778729478943612,0.9827833572453372,0.9922705314009662,0.9995094432180525,1.0,1.0,hongli_lowvol
0.45000000000000007,0.15000000000000002,0.35000000000000003,0.05,4203,1.070627579328655,0.9687678505701571,0.08979078548837921,0.08800681361767304,0.0682363831017653,0.1442347142114008,0.639095250010934,0.1487261260651945,0.23136780754096514,1.1439073673224653,0.6037324299633756,3.3848557761730858,-0.06958321791459166,0,0.9781108731858197,0.9830224772835964,0.9925120772946859,0.9995094432180525,1.0,1.0,hongli_lowvol
0.45000000000000007,0.2,0.05,0.3,4203,0.5235851802495564,0.3763786900561932,0.04232510401174565,0.04616030346991917,0.03300466101404527,0.05787973345167457,0.3948122072692702,0.1314891311776722,0.2284618316006228,0.7110274156368884,0.3218905139357462,1.8277755057907075,-0.023383450773921566,0,0.9674042350701879,0.9722620755619321,0.9816425120772947,0.9919058130978661,1.0,1.0,hongli_lowvol
0.45000000000000007,0.2,0.1,0.25,4203,0.6101977557955202,0.4688422539870254,0.050671271096685865,0.05484899525407916,0.04201225170355723,0.0664397521476201,0.4315569589715021,0.13199153052362794,0.22901991423587734,0.8535212895083626,0.38389789780955036,2.057739055493666,-0.026739476558752195,0,0.9719248156078991,0.976805356288857,0.9864734299516909,0.9977924944812362,1.0,1.0,hongli_lowvol
0.45000000000000007,0.2,0.15000000000000002,0.2,4203,0.6995665698202091,0.5647796357372699,0.05894699910224997,0.06254744220470299,0.04992377079633621,0.08208539732927164,0.46985773251129537,0.13331755193853764,0.22958802699097106,0.9543457966221486,0.44215482691600766,2.2996803650584607,-0.03316380774426331,0,0.9721627408993576,0.9770444763271162,0.9867149758454107,0.99803777287221,1.0,1.0,hongli_lowvol
0.45000000000000007,0.2,0.2,0.15000000000000002,4203,0.7926152757644231,0.6639787792452596,0.06715606647630844,0.06961097229743007,0.05636053002935104,0.09860420038992146,0.51124159941432,0.13531673638817693,0.22939062712017802,1.0280097407844315,0.4962879557164378,2.560392666753811,-0.04048960511956323,0,0.974304068522484,0.9791965566714491,0.9886473429951691,0.9985283296541575,1.0,1.0,hongli_lowvol
0.45000000000000007,0.2,0.25,0.1,4203,0.8864307296920256,0.7653420392273316,0.0750541108432496,0.07588078831443101,0.06112006825578038,0.11441105493696695,0.5540916714708972,0.13747481118346755,0.2299544102891169,1.0807540165830285,0.545948091851429,2.8297643581466345,-0.049341648961631956,0,0.9764453961456103,0.9813486370157819,0.9908212560386473,0.9992641648270787,1.0,1.0,hongli_lowvol
0.45000000000000007,0.2,0.3,0.05,4203,0.9766415271058474,0.8651223927073941,0.08227132163916817,0.08256159897539495,0.06476422457304683,0.1284043487156415,0.5967483397015572,0.142115275440622,0.23052723002253844,1.1161061341104128,0.5789055496257504,3.1031512379651724,-0.05939813944800376,0,0.9778729478943612,0.9827833572453372,0.9922705314009662,0.9995094432180525,1.0,1.0,hongli_lowvol
0.45000000000000007,0.25,0.05,0.25,4203,0.5305532761320222,0.3825847793840853,0.04282576458628121,0.04666325050960696,0.03350487907174129,0.05838585950016824,0.4000340289165791,0.13127509721664596,0.22820681048641267,0.7267657234916627,0.3262291591801679,1.8503485582872954,-0.023157205086406285,0,0.9678800856531049,0.9727403156384505,0.9821256038647344,0.9923963698798136,1.0,1.0,hongli_lowvol
0.1,0.2,0.4,0.3,4203,0.8846726777050148,0.9550236930390308,0.08759248572915108,0.08067229660709141,0.05549711232165522,0.1544354912860285,0.40757471916984905,0.12088642045384679,0.1678943753687376,1.1205995890044123,0.7245849897804941,2.038715350319651,-0.07579845769536653,0,0.9816797525576969,0.9866092778574844,0.9956521739130435,1.0,1.0,1.0,hongli_lowvol
0.1,0.25,0.35000000000000003,0.3,4203,0.8022000388140741,0.8508821939538731,0.08020373213268128,0.07415912904631394,0.05272070748068796,0.13794734947240128,0.3762149023940577,0.10611511202316729,0.14591305842267485,1.1098196264328566,0.7558181921833247,1.8572953859849872,-0.06561337922877952,0,0.9816797525576969,0.9866092778574844,0.9956521739130435,1.0,1.0,1.0,hongli_lowvol
0.1,0.25,0.4,0.25,4203,0.8929590513908109,0.9622154464587336,0.08810015009034003,0.08117746970145356,0.0559998343579764,0.15496163276716302,0.413122716497731,0.1206950814106967,0.16715629789412262,1.1286623522182249,0.7299398538914452,2.0626156313130575,-0.07566986971515277,0,0.9816797525576969,0.9866092778574844,0.9956521739130435,1.0,1.0,1.0,hongli_lowvol
0.1,0.3,0.3,0.3,4203,0.7204417892018744,0.7527477787571022,0.07273107451556743,0.06761507003012479,0.049486684814647394,0.12129310834444361,0.34438823085151465,0.09106650727100848,0.12308070246524169,1.096153024173218,0.7986588779464672,1.67311468075805,-0.05542830076219307,0,0.9819176778491554,0.9868483978957436,0.9958937198067633,1.0,1.0,1.0,hongli_lowvol
0.1,0.3,0.35000000000000003,0.25,4203,0.8101367486757569,0.8578029951943551,0.08071024018339827,0.07466362323387732,0.053223704804592355,0.1384866927038363,0.38156229307758766,0.1059213412279669,0.1451609592552285,1.11881706919032,0.7619828001393167,1.8798605379332942,-0.06548479124856554,0,0.9816797525576969,0.9866092778574844,0.9956521739130435,1.0,1.0,1.0,hongli_lowvol
0.1,0.3,0.4,0.2,4203,0.9012870923572587,0.9692655766614717,0.08860731592158644,0.08168267238225968,0.05650257863290058,0.1554866779748088,0.4187183919894492,0.12050369061141047,0.16641789806167828,1.1367264753182398,0.7353079019572885,2.0866934327796605,-0.07554128173493824,0,0.9816797525576969,0.9866092778574844,0.9956521739130435,1.0,1.0,1.0,hongli_lowvol
0.1,0.35000000000000003,0.25,0.3,4203,0.6466834959059157,0.6633105240135151,0.06575964248490647,0.06132584836405308,0.04659502722585782,0.10648438655326276,0.3165049159519801,0.07585864244581747,0.10011772978948484,1.088057288858369,0.8668708055496211,1.508645744962422,-0.04524322229560662,0,0.9823935284320723,0.9873266379722621,0.9963768115942029,1.0,1.0,1.0,hongli_lowvol
0.1,0.35000000000000003,0.3,0.25,4203,0.729306609590675,0.7605430563576034,0.07336792368862609,0.06820698332111852,0.05004508416248279,0.12212649124871527,0.34990107382760943,0.09087036346373786,0.12230755220820512,1.107584138278834,0.8073911107211958,1.696388276336977,-0.055299712781979316,0,0.9821556031406139,0.9870875179340028,0.996135265700483,1.0,1.0,1.0,hongli_lowvol
0.1,0.35000000000000003,0.35000000000000003,0.2,4203,0.818113707925704,0.8647788721426988,0.08121639325849132,0.0751681468190204,0.05372672400827296,0.13902620289447937,0.38695471414098703,0.10572753539117428,0.1444085348985251,1.1278139176306323,0.768166901441561,1.9025938897622097,-0.06535620326835179,0,0.9816797525576969,0.9866092778574844,0.9956521739130435,1.0,1.0,1.0,hongli_lowvol
0.1,0.35000000000000003,0.4,0.15000000000000002,4203,0.9096587689935427,0.9763431298258198,0.08911520200861812,0.08218790464765191,0.05700534514413178,0.15600891588018712,0.4243596146862785,0.1203122575655797,0.16567917587380315,1.1447788096403164,0.7406992754669514,2.1109499958974745,-0.07541269375472426,0,0.9816797525576969,0.9866092778574844,0.9956521739130435,1.0,1.0,1.0,hongli_lowvol
0.1,0.4,0.2,0.3,4203,0.574528612914778,0.5759537159573853,0.05869209685349043,0.054992703671880916,0.04371102451332933,0.09169178594558076,0.28997883561458027,0.060724735509027836,0.07657631619413066,1.0822547998508572,0.9665270068531593,1.3502336064118876,-0.03505814382901995,0,0.9833452295979063,0.9882831181252989,0.9973429951690821,1.0,1.0,1.0,hongli_lowvol
0.1,0.4,0.25,0.25,4203,0.6539310407511706,0.6699836726737676,0.06626321941676512,0.06182809428409741,0.047096237343650184,0.10699349217346969,0.3214194842083102,0.07566504830351876,0.09931867403397769,1.0997259471593912,0.8757440972080048,1.5285554344065937,-0.045114634315392976,0,0.9823935284320723,0.9873266379722621,0.9963768115942029,1.0,1.0,1.0,hongli_lowvol
0.1,0.4,0.3,0.2,4203,0.7369249327227957,0.7674409792458157,0.07387285925710037,0.06871001292004153,0.05054702059207043,0.1226387912212185,0.3550630624426647,0.09067518219616612,0.1215398081855772,1.1177395135722323,0.8146976655341512,1.7177225863395393,-0.05517112480176456,0,0.9821556031406139,0.9870875179340028,0.996135265700483,1.0,1.0,1.0,hongli_lowvol
0.1,0.4,0.35000000000000003,0.15000000000000002,4203,0.8261317180535351,0.8720013840233849,0.08172268800384776,0.0756726997995878,0.054229765089121564,0.1395658800722629,0.3923912527708416,0.10553374789776666,0.14365578535541756,1.1368053350190765,0.7743749239628511,1.9254966209425897,-0.06522761528813759,0,0.9816797525576969,0.9866092778574844,0.9956521739130435,1.0,1.0,1.0,hongli_lowvol
0.1,0.4,0.4,0.1,4203,0.9180817264489914,0.98380265332166,0.08962364716239554,0.08269316649577241,0.05750813388937601,0.15653125319919123,0.43007152340686755,0.120120786575334,0.1649401313329101,1.1528272333900826,0.7461127230147456,2.1430577696618918,-0.07528410577451006,0,0.9816797525576969,0.9866092778574844,0.9956521739130435,1.0,1.0,1.0,hongli_lowvol
0.1,0.45,0.15000000000000002,0.3,4203,0.5010709631050105,0.48865291833245306,0.05119614318334864,0.04851318435495977,0.04051741971716973,0.07583048607698602,0.2639993365972807,0.048050155208177896,0.06455191240992311,1.0767373576162258,1.0654730033969861,1.1933953488171443,-0.02487306536243472,0,0.9838210801808233,0.9887613582018173,0.9978260869565218,1.0,1.0,1.0,hongli_lowvol
0.1,0.45,0.2,0.25,4203,0.5828434985770072,0.5837387888767764,0.059347023775552586,0.05559368066311521,0.044279646307650466,0.09247628787168578,0.2950999948015044,0.06052960852077388,0.07576097279439603,1.0981410663272086,0.9804627062007938,1.3711266544979628,-0.03492955584880586,0,0.9833452295979063,0.9882831181252989,0.9973429951690821,1.0,1.0,1.0,hongli_lowvol
0.1,0.45,0.25,0.2,4203,0.6612159103892036,0.6764579872813143,0.06676686381539469,0.062330363918047915,0.04759746872053232,0.10750267712912685,0.3263733875069231,0.07547189453432111,0.09851926915904648,1.1113890217057898,0.8846586431593051,1.5486142342876161,-0.044986046335178664,0,0.9826314537235308,0.9875657580105213,0.9966183574879227,1.0,1.0,1.0,hongli_lowvol
0.1,0.45,0.3,0.15000000000000002,4203,0.7445855541081842,0.7737708006058597,0.07437789625617412,0.0692130651540468,0.05104897799821928,0.12315117094594116,0.36027572174725314,0.09048074333049132,0.12077173712737341,1.1278920840118167,0.8220301195415726,1.7455641273019067,-0.055042536821551025,0,0.9821556031406139,0.9870875179340028,0.996135265700483,1.0,1.0,1.0,hongli_lowvol
0.1,0.45,0.35000000000000003,0.1,4203,0.834204530915323,0.8791560610518774,0.08222960811403991,0.07617728217341724,0.05473282804453041,0.14010572426513834,0.3979071948756733,0.10533995272893802,0.14290271062875964,1.1457952097667736,0.7806117810365274,1.9479708856626017,-0.06509902730792261,0,0.9816797525576969,0.9866092778574844,0.9956521739130435,1.0,1.0,1.0,hongli_lowvol
0.1,0.45,0.4,0.05,4203,0.9265257720261868,0.9906762811893424,0.09013146838843633,0.08319845792475711,0.058010944866335776,0.1570536899329707,0.43576758471373417,0.11992926476369294,0.1642007644414008,1.160864404470182,0.7515385720577059,2.149653163549374,-0.07515551779429541,0,0.9816797525576969,0.9866092778574844,0.9956521739130435,1.0,1.0,1.0,hongli_lowvol
0.1,0.5,0.1,0.3,4203,0.4282812125058706,0.40156500617067103,0.04347146891683118,0.042411404507281425,0.03707551977664427,0.059834477940514885,0.23920818217910472,0.03862230656878544,0.06354262920937759,1.0796132718237914,1.1255534114569128,1.0413586511670365,-0.014687986895846716,0,0.9840590054722818,0.9890004782400765,0.9980676328502416,1.0,1.0,1.0,hongli_lowvol
0.1,0.5,0.15000000000000002,0.25,4203,0.5076693036898631,0.49425986907964004,0.05169680002292506,0.04901417962700494,0.04101746742710266,0.07633201298647471,0.2685031606838678,0.047972796909160516,0.06444594293660631,1.0937781812687752,1.0776273920575483,1.210895660299649,-0.024744477382218855,0,0.9838210801808233,0.9887613582018173,0.9978260869565218,1.0,1.0,1.0,hongli_lowvol
0.1,0.5,0.2,0.2,4203,0.5897996744461447,0.589490395619362,0.05984797726587166,0.05609436280685842,0.044779848172953815,0.09299457504843667,0.2998505777468015,0.06033476026125947,0.07494527805686636,1.1118565332339139,0.991931964372114,1.3899658942306603,-0.03480096786859255,0,0.9833452295979063,0.9882831181252989,0.9973429951690821,1.0,1.0,1.0,hongli_lowvol
0.1,0.5,0.25,0.15000000000000002,4203,0.6685409623442706,0.6824904560067198,0.06727062568859338,0.0628326572650415,0.04809872135485258,0.10801194142139373,0.33137410127908884,0.07528039254782233,0.09771951516766846,1.1230486291680557,0.8936008887820198,1.574187789540106,-0.04485745835496435,0,0.9828693790149893,0.9878048780487805,0.9968599033816425,1.0,1.0,1.0,hongli_lowvol
0.1,0.5,0.3,0.1,4203,0.7522867183585483,0.780319262158802,0.07488340913682333,0.0697161400220363,0.051550788654865086,0.12366363042365915,0.36553035743028545,0.0902867850595773,0.12000333903793522,1.1380346920228455,0.8293950115447152,1.7551682024666353,-0.05491394884133649,0,0.9823935284320723,0.9873266379722621,0.9963768115942029,1.0,1.0,1.0,hongli_lowvol
0.1,0.5,0.35000000000000003,0.05,4203,0.842273809558494,0.8863404772078922,0.08273526078546908,0.07668189393834979,0.0552359128718912,0.1406457355010532,0.4033478015970303,0.10514615429141967,0.1421493107214092,1.1547617249722901,0.7868595988414633,1.9571763581947796,-0.06497043932770918,0,0.9819176778491554,0.9868483978957436,0.9958937198067633,1.0,1.0,1.0,hongli_lowvol
0.15000000000000002,0.15000000000000002,0.4,0.3,4203,0.9162249395485441,0.9684902431518205,0.08864876537406886,0.081384346599227,0.05739272742997392,0.15316191789987535,0.4363597592079492,0.12323856136116709,0.17641271002725828,1.1251290685547732,0.7193265191912764,2.230796345600262,-0.07645742606492056,0,0.9812039019747799,0.986131037780966,0.9951690821256038,1.0,1.0,1.0,hongli_lowvol
0.15000000000000002,0.2,0.35000000000000003,0.3,4203,0.8322175597135567,0.8634761465180685,0.08124483649714088,0.07480765684563195,0.05460304672965997,0.13714154299138587,0.4040072300855253,0.10865994778198351,0.15475372524731143,1.1126092815362956,0.7476980999489471,2.036734635438894,-0.06627234759833422,0,0.9814418272662384,0.9863701578192252,0.9954106280193237,1.0,1.0,1.0,hongli_lowvol
0.15000000000000002,0.2,0.4,0.25,4203,0.9246848644326716,0.9757702159089796,0.089155454406553,0.08188873814953235,0.05790107234625199,0.1536817637724094,0.4421535533790231,0.12304906481742815,0.17566448581486246,1.1330910807733703,0.7245520682244583,2.256274878946343,-0.07632883808470659,0,0.9812039019747799,0.986131037780966,0.9951690821256038,1.0,1.0,1.0,hongli_lowvol
0.15000000000000002,0.25,0.3,0.3,4203,0.7490159367525454,0.7632312243109847,0.07375946181680759,0.06832655977994095,0.05153041003801806,0.12151038393245706,0.37118868800144716,0.09439969303332299,0.13262012403293372,1.0965229419711304,0.7813527718863512,1.8328150745898428,-0.05608726913174811,0,0.9816797525576969,0.9866092778574844,0.9956521739130435,1.0,1.0,1.0,hongli_lowvol
0.15000000000000002,0.25,0.35000000000000003,0.25,4203,0.8403252902578197,0.8701395972685033,0.08175099683179064,0.07531139749389393,0.05510609597570611,0.13765458001081707,0.4095871255006222,0.10846979432172053,0.15399025878314085,1.121465249179321,0.7536752267577631,2.0607737823095276,-0.06614375961811958,0,0.9814418272662384,0.9863701578192252,0.9954106280193237,1.0,1.0,1.0,hongli_lowvol
0.15000000000000002,0.25,0.4,0.2,4203,0.9328064904772757,0.9824786070401474,0.08965088097304251,0.08239315206936548,0.0583591901402087,0.15420170417074408,0.44755547056517253,0.12285797760525397,0.17491592072541848,1.1407595797255377,0.7297115150396927,2.279668285089462,-0.07620025010449294,0,0.9812039019747799,0.986131037780966,0.9951690821256038,1.0,1.0,1.0,hongli_lowvol
0.15000000000000002,0.3,0.25,0.3,4203,0.6737371246911514,0.6727413343791913,0.06675449278908656,0.062189884384487026,0.04875431449201626,0.10678290514768304,0.34236183316492363,0.08060384724302708,0.1098867226479494,1.084287018130908,0.8281799823749901,1.6582414056552723,-0.04590219066516121,0,0.9821556031406139,0.9870875179340028,0.996135265700483,1.0,1.0,1.0,hongli_lowvol
0.15000000000000002,0.3,0.3,0.25,4203,0.7567569232930998,0.7695342304738761,0.07426509879722512,0.06883004793220415,0.05203266831593689,0.12202279281280022,0.3765219170022313,0.0941983220935434,0.1318416987963804,1.106486903612023,0.7883908879340373,1.855292663419013,-0.05595868115153346,0,0.9816797525576969,0.9866092778574844,0.9956521739130435,1.0,1.0,1.0,hongli_lowvol
0.15000000000000002,0.3,0.35000000000000003,0.2,4203,0.8484741169253804,0.877380745068876,0.08225704745943657,0.07581516072929162,0.05560916630632504,0.13816768157605572,0.4152120457315668,0.10827959723516961,0.1532264491419831,1.1303181281000525,0.7596726397197863,2.0849928028994302,-0.06601517163790604,0,0.9814418272662384,0.9863701578192252,0.9954106280193237,1.0,1.0,1.0,hongli_lowvol
0.15000000000000002,0.3,0.4,0.15000000000000002,4203,0.9413570368214316,0.9899119777243346,0.09015960558773324,0.08289817211013983,0.05886111635425935,0.15472173909871412,0.45343849374332884,0.12266719080528417,0.1741670147579594,1.1486980501583346,0.7349936441509298,2.305501630688687,-0.07607166212427818,0,0.9814418272662384,0.9863701578192252,0.9954106280193237,1.0,1.0,1.0,hongli_lowvol
0.15000000000000002,0.35000000000000003,0.2,0.3,4203,0.6018875117866357,0.5870302931909603,0.05984283630786619,0.05629465426461033,0.04581212008450963,0.09252430673088856,0.31545659376422114,0.06806335433452905,0.09376813570953253,1.074387535388357,0.8792225551174088,1.490124413406468,-0.03571711219857476,0,0.9831073043064478,0.9880439980870397,0.9971014492753624,1.0,1.0,1.0,hongli_lowvol
0.15000000000000002,0.35000000000000003,0.25,0.25,4203,0.6811400453951056,0.6788655744896903,0.06725794038465101,0.06269266644777138,0.049255609355344454,0.10729503594377113,0.3474782723321875,0.08040037914218354,0.1090919538057022,1.0956506147205471,0.8365376022134067,1.6793757840666603,-0.045773602684947234,0,0.9823935284320723,0.9873266379722621,0.9963768115942029,1.0,1.0,1.0,hongli_lowvol
0.15000000000000002,0.35000000000000003,0.3,0.2,4203,0.765734520325549,0.777836856245059,0.07489133793421957,0.06941153428438973,0.052587255530748105,0.12266310656705985,0.38227203062942033,0.0939996737377972,0.13106292680455336,1.1175726248103097,0.7967191263144332,1.8800072211851417,-0.05583009317131915,0,0.9816797525576969,0.9866092778574844,0.9956521739130435,1.0,1.0,1.0,hongli_lowvol
0.15000000000000002,0.35000000000000003,0.35000000000000003,0.15000000000000002,4203,0.8566553850337304,0.8838987749946612,0.08276338177313915,0.07631894655093463,0.05611225771898374,0.13868084768590402,0.4208788282996038,0.10808935468073264,0.15246229632453898,1.1391460336327197,0.7656941057479738,2.109392965568506,-0.06588658365769173,0,0.9816797525576969,0.9866092778574844,0.9956521739130435,1.0,1.0,1.0,hongli_lowvol
0.15000000000000002,0.35000000000000003,0.4,0.1,4203,0.9499470893357174,0.9968772258517289,0.09066637895095356,0.08340358582839857,0.05936306402848399,0.15524186856015523,0.4593772759266686,0.12247877507292221,0.17341776791150293,1.156648391340798,0.740261966997727,2.331527427903432,-0.0759430741440642,0,0.9814418272662384,0.9863701578192252,0.9954106280193237,1.0,1.0,1.0,hongli_lowvol
0.15000000000000002,0.4,0.15000000000000002,0.3,4203,0.5257389308052802,0.49791775413122963,0.05218103978622486,0.05045808485387071,0.042424131554182586,0.07664498009048672,0.28815522137411376,0.058876772092551086,0.09323855739834225,1.054813747686719,0.8862754857586129,1.32256320729361,-0.02553203373198709,0,0.9838210801808233,0.9887613582018173,0.9978260869565218,1.0,1.0,1.0,hongli_lowvol
0.15000000000000002,0.4,0.2,0.25,4203,0.6089574656137783,0.5931748791660856,0.0603438601433251,0.05679596011949761,0.04631226816775236,0.09302792157265753,0.32035708264568746,0.06798373015691749,0.09366166419726923,1.0876164730225504,0.8876220825783121,1.509947191775828,-0.035588524218361006,0,0.9833452295979063,0.9882831181252989,0.9973429951690821,1.0,1.0,1.0,hongli_lowvol
0.15000000000000002,0.4,0.25,0.2,4203,0.6885813779380152,0.6850992535202933,0.06776154321801807,0.06319547873820097,0.049756922548950165,0.10780675772340712,0.35263498159505596,0.08019795825737501,0.10829683738287246,1.1070074627097701,0.8449285329752982,1.7006689622577555,-0.04564501470473292,0,0.9823935284320723,0.9873266379722621,0.9963768115942029,1.0,1.0,1.0,hongli_lowvol
0.15000000000000002,0.4,0.3,0.15000000000000002,4203,0.7735587234386202,0.7845951050891866,0.07539649253959535,0.06991490258366118,0.05308943978788974,0.12317499651985445,0.38769752272335434,0.09379820159955883,0.1302838080586694,1.1275179943681921,0.8038159714562157,1.9032527392984404,-0.055701505191105505,0,0.9816797525576969,0.9866092778574844,0.9956521739130435,1.0,1.0,1.0,hongli_lowvol
0.15000000000000002,0.4,0.35000000000000003,0.1,4203,0.8648952665305626,0.8907971300147886,0.08327000614778088,0.07682275495793545,0.056615370211150706,0.13919407833917022,0.4266100978453958,0.10789905660821554,0.15169780033150754,1.1479892595936532,0.7717398906473907,2.1339755470768473,-0.06575799567747787,0,0.9816797525576969,0.9866092778574844,0.9956521739130435,1.0,1.0,1.0,hongli_lowvol
0.15000000000000002,0.4,0.4,0.05,4203,0.9585730341642684,1.0038560678551245,0.09117363294405834,0.08390902998181837,0.05986503316135039,0.15576209255889442,0.4653273114315975,0.12228895744219906,0.1726681801850887,1.1645889190369403,0.7455590010009886,2.3577470287482023,-0.07581448616384956,0,0.9814418272662384,0.9863701578192252,0.9954106280193237,1.0,1.0,1.0,hongli_lowvol
0.15000000000000002,0.45,0.1,0.3,4203,0.45169289743821217,0.41093686561407305,0.04444252278469722,0.04458787875919401,0.03873792695813063,0.06078720398911859,0.2624499967950373,0.05065231160469249,0.09233764528986196,1.0327569712146956,0.8774036441128585,1.1604815414470195,-0.015346955265401974,0,0.9840590054722818,0.9890004782400765,0.9980676328502416,1.0,1.0,1.0,hongli_lowvol
0.15000000000000002,0.45,0.15000000000000002,0.25,4203,0.53247940318526,0.5035071008338581,0.052681585046728444,0.05095994913331747,0.042923570216887044,0.07714752452523316,0.2928320193557992,0.058796402032644565,0.09313212736260242,1.0709676427457602,0.8960001501023636,1.3411139341892349,-0.025403445751774445,0,0.9838210801808233,0.9887613582018173,0.9978260869565218,1.0,1.0,1.0,hongli_lowvol
0.15000000000000002,0.45,0.2,0.2,4203,0.6160638134837985,0.5996919429501075,0.06084470893777585,0.057298438204757884,0.04681243022920149,0.0935316110321219,0.3252967571752046,0.06790423188212066,0.09355522249470051,1.1008429417385988,0.8960370694333175,1.529918962341644,-0.03545993623814747,0,0.9833452295979063,0.9882831181252989,0.9973429951690821,1.0,1.0,1.0,hongli_lowvol
0.15000000000000002,0.45,0.25,0.15000000000000002,4203,0.6960635892247862,0.6915425859414508,0.06826514725468197,0.06369832125553754,0.050258254070872074,0.10831557077889001,0.35783964916916505,0.07999607244143948,0.10750137338352393,1.1183621180831034,0.8533562357658865,1.7221220644386421,-0.045516426724518944,0,0.9823935284320723,0.9873266379722621,0.9963768115942029,1.0,1.0,1.0,hongli_lowvol
0.15000000000000002,0.45,0.3,0.1,4203,0.7814173788953896,0.7911317354485896,0.0759018892677067,0.07041829441503622,0.05359164285400482,0.12368696375288986,0.3931472579521032,0.09359667864160272,0.12950434255992235,1.137449165406873,0.8109463964885729,1.9267080474159197,-0.05557291721089164,0,0.9816797525576969,0.9866092778574844,0.9956521739130435,1.0,1.0,1.0,hongli_lowvol
0.15000000000000002,0.45,0.35000000000000003,0.05,4203,0.8731449765169023,0.8979679013817388,0.08377585145466997,0.07732658594940123,0.057118503780294635,0.13970737353465248,0.43230194582019715,0.10771062438580711,0.15100565903987143,1.1568131886460205,0.7777863319647509,2.158741832636796,-0.06562940769726344,0,0.9816797525576969,0.9866092778574844,0.9956521739130435,1.0,1.0,1.0,hongli_lowvol
0.15000000000000002,0.5,0.05,0.3,4203,0.38003613568249217,0.3282031776974439,0.03666551100349253,0.03803504603686192,0.03400116657782752,0.04448667744565729,0.23847281181929633,0.046968319872110066,0.09133432162660826,1.0030413428857405,0.7806434444180453,1.0084223302798248,-0.008143158625487756,0,0.9852486319295741,0.9901960784313726,0.9992753623188406,1.0,1.0,1.0,hongli_lowvol
0.15000000000000002,0.5,0.1,0.25,4203,0.45811247528448434,0.41625504636615984,0.04494288813811142,0.04508779468683999,0.039238056801144075,0.06128803883177576,0.26690203635722914,0.050542139533573324,0.09223140685202903,1.0536904970534364,0.8892161778837533,1.177800941883251,-0.015236198632339049,0,0.9840590054722818,0.9890004782400765,0.9980676328502416,1.0,1.0,1.0,hongli_lowvol
0.15000000000000002,0.5,0.15000000000000002,0.2,4203,0.5392544915122981,0.508780393538248,0.053182160243620616,0.05146159307440801,0.04342302332762884,0.07765013059759235,0.29754424252606076,0.058716383024574575,0.09302572746198615,1.0871153532165958,0.9057465311063572,1.3598045368610778,-0.025274857771559245,0,0.9838210801808233,0.9887613582018173,0.9978260869565218,1.0,1.0,1.0,hongli_lowvol
0.15000000000000002,0.5,0.2,0.15000000000000002,4203,0.6232084380331061,0.6057329650963812,0.06134564489513038,0.05780093280214005,0.04731260626589697,0.09403537510748206,0.33027856076035095,0.06782494918246768,0.09344881058930735,1.1140655937174944,0.9044701932631576,1.5500407790324489,-0.03533134825793249,0,0.9833452295979063,0.9882831181252989,0.9973429951690821,1.0,1.0,1.0,hongli_lowvol
0.15000000000000002,0.5,0.25,0.1,4203,0.7035729742035731,0.6979531487604709,0.0687685271455294,0.0642011939995426,0.05075960391914771,0.10882446414519072,0.36305337163710033,0.07979466643083408,0.1067055618117125,1.129704040911926,0.861818592914827,1.743736222292703,-0.045387838744304965,0,0.9826314537235308,0.9875657580105213,0.9966183574879227,1.0,1.0,1.0,hongli_lowvol
0.15000000000000002,0.5,0.3,0.05,4203,0.7893054476915851,0.797878531459411,0.07640647951298972,0.07092170977631818,0.05409386472654583,0.12419900826842967,0.3986126103337145,0.09339510478194818,0.1287245303095235,1.1473775544123879,0.8180994035113274,1.9498841257388646,-0.05544432923067688,0,0.9819176778491554,0.9868483978957436,0.9958937198067633,1.0,1.0,1.0,hongli_lowvol
0.20000000000000004,0.1,0.4,0.3,4203,0.9467865757255306,0.9815579362988276,0.08964350713696714,0.0820439747321482,0.059372466106144196,0.15345314249228537,0.46502275236222274,0.1266836765361368,0.18530653721768148,1.1272892036609719,0.7076168736814024,2.399793817233666,-0.07711639443447493,0,0.9809659766833214,0.9858919177427068,0.9951690821256038,1.0,1.0,1.0,hongli_lowvol
0.20000000000000004,0.15000000000000002,0.35000000000000003,0.3,4203,0.8617314431520727,0.876552569341503,0.08224195806425408,0.07561370325263272,0.056684958967213726,0.13754097229565146,0.4321106437384695,0.11336101109860074,0.1641751599549862,1.1131300115388214,0.7254871605963404,2.197330965351912,-0.0669313159678886,0,0.9809659766833214,0.9858919177427068,0.9951690821256038,1.0,1.0,1.0,hongli_lowvol
0.20000000000000004,0.15000000000000002,0.4,0.25,4203,0.9554389849715884,0.988608953198715,0.09015143819183671,0.08255104102607946,0.059874596696711316,0.15396983390479765,0.47106458445171395,0.12648764054159642,0.18456170993278623,1.1351498094909849,0.7127292263957579,2.426554182410566,-0.07698780645426151,0,0.9812039019747799,0.986131037780966,0.9951690821256038,1.0,1.0,1.0,hongli_lowvol
0.20000000000000004,0.2,0.3,0.3,4203,0.7770393915630683,0.7751719119645986,0.074745955959969,0.06934580539844282,0.05352995742898035,0.12186598520699908,0.39808304797895305,0.10024953242172019,0.14229786236586847,1.0943100801718195,0.7455990482382983,1.9880825768622867,-0.05674623750130248,0,0.9807280513918629,0.9856527977044476,0.9951690821256038,1.0,1.0,1.0,hongli_lowvol
0.20000000000000004,0.2,0.35000000000000003,0.25,4203,0.8700060488209734,0.8831211806172867,0.08274791688291264,0.0761185208209687,0.05718725087945349,0.138054672155135,0.4379092141868016,0.11316281776856739,0.16341647459426514,1.1218376630985403,0.7312288480845611,2.2225635379445317,-0.0668027279876745,0,0.9809659766833214,0.9858919177427068,0.9951690821256038,1.0,1.0,1.0,hongli_lowvol
0.20000000000000004,0.2,0.4,0.2,4203,0.9641216220393196,0.9957457474339548,0.09065891357952595,0.08305589570472094,0.06037674874091081,0.15448660600399516,0.47714414439389263,0.1262948050950201,0.18381654189052035,1.1429943605738788,0.7178356505742032,2.453513762665947,-0.07685921847404709,0,0.9812039019747799,0.986131037780966,0.9951690821256038,1.0,1.0,1.0,hongli_lowvol
0.20000000000000004,0.25,0.25,0.3,4203,0.7002762804158521,0.683102266948489,0.06770660781297776,0.06353002749071379,0.050602760851273444,0.1075226743717014,0.368249907528249,0.08785500924344286,0.12009096459375054,1.0778159290001572,0.7706630321484043,1.8017141497748441,-0.046561159034715915,0,0.9812039019747799,0.986131037780966,0.9956521739130435,1.0,1.0,1.0,hongli_lowvol
0.20000000000000004,0.25,0.3,0.25,4203,0.7849424628609659,0.7814292929537241,0.07525130424368494,0.06984946086050603,0.05403222729922352,0.12237714799292312,0.4036243952338301,0.10004677415383516,0.14151253620415177,1.1040685154866978,0.7521612253881979,2.0117527586877397,-0.056617649521088054,0,0.9807280513918629,0.9856527977044476,0.9951690821256038,1.0,1.0,1.0,hongli_lowvol
0.20000000000000004,0.25,0.35000000000000003,0.2,4203,0.87832570217857,0.889709542639467,0.08325426831042668,0.07662336886969001,0.05768956558823084,0.1385737740474638,0.44375497052423785,0.11296457638722944,0.16265744621521674,1.1305394788589025,0.7369944718337252,2.247984406921579,-0.06667414000746075,0,0.9809659766833214,0.9858919177427068,0.9951690821256038,1.0,1.0,1.0,hongli_lowvol
0.20000000000000004,0.25,0.4,0.15000000000000002,4203,0.9728458289967321,1.0022916200836738,0.09116649477723265,0.08356077622424696,0.06087892223705121,0.15500345879024455,0.48326833802393204,0.12610231919796555,0.18307103309049624,1.1508322238983062,0.7229565273427856,2.4806739565390314,-0.07673063049383333,0,0.9812039019747799,0.986131037780966,0.9951690821256038,1.0,1.0,1.0,hongli_lowvol
0.20000000000000004,0.3,0.2,0.3,4203,0.6273484971417959,0.597060378011042,0.06079858517905181,0.05832093166352781,0.04754698163876392,0.09327814643878747,0.3404536716076449,0.07826447388950054,0.11376546387158747,1.0616450246191185,0.776835033285877,1.6278051415652723,-0.03637608056812991,0,0.9819176778491554,0.9868483978957436,0.9963768115942029,1.0,1.0,1.0,hongli_lowvol
0.20000000000000004,0.3,0.25,0.25,4203,0.7078187772840636,0.6892804060461242,0.06820931130791986,0.06403288883241576,0.05110445161788228,0.10804719928715767,0.3735493533663382,0.0876724034566749,0.11928995553594572,1.088854032853889,0.778002069278583,1.8239516809663638,-0.04643257105450216,0,0.9814418272662384,0.9863701578192252,0.9958937198067633,1.0,1.0,1.0,hongli_lowvol
0.20000000000000004,0.3,0.3,0.2,4203,0.792891111763405,0.7876831946086764,0.07575686641280628,0.0703531408578506,0.05453431846674541,0.12288837417063979,0.40921350740224804,0.09984463703299586,0.14072684989773238,1.1138280056210583,0.758747476719964,2.0356001428561434,-0.05648906154087374,0,0.9812039019747799,0.986131037780966,0.9954106280193237,1.0,1.0,1.0,hongli_lowvol
0.20000000000000004,0.3,0.35000000000000003,0.15000000000000002,4203,0.8866863420727118,0.8962463255781721,0.08376031632482629,0.07712824739875046,0.058191903090929434,0.1390935398981384,0.4496487288696945,0.11276628448732487,0.16189807481842355,1.1392380806910465,0.7427780094522942,2.273594897068283,-0.06654555202724688,0,0.9812039019747799,0.986131037780966,0.9951690821256038,1.0,1.0,1.0,hongli_lowvol
0.20000000000000004,0.3,0.4,0.1,4203,0.9816231753823792,1.0100737507569022,0.09167382982806137,0.08406568258420144,0.06138111718344077,0.15552039226390887,0.4894497595044088,0.12590706596946122,0.1823251835323184,1.158678710359921,0.7281071091776284,2.510719966907204,-0.07660204251361846,0,0.9812039019747799,0.986131037780966,0.9951690821256038,1.0,1.0,1.0,hongli_lowvol
0.20000000000000004,0.35000000000000003,0.15000000000000002,0.3,4203,0.5499625297430143,0.508147237535332,0.053128379129509504,0.05251734586315737,0.043968657067290765,0.077749000635756,0.31216064706900076,0.0706419771136124,0.1141155754930516,1.0311689490584597,0.7520794476641551,1.450648247891638,-0.02619100210154257,0,0.9831073043064478,0.9880439980870397,0.9975845410628019,1.0,1.0,1.0,hongli_lowvol
0.20000000000000004,0.35000000000000003,0.2,0.25,4203,0.6345656205683228,0.6034536067237741,0.061299562953346425,0.05882129439383954,0.04804736459792327,0.09378056223968133,0.34553429457513407,0.07818055137443486,0.11366108497295742,1.0743930311875534,0.7840768819825881,1.648687626041207,-0.03624749258791515,0,0.9821556031406139,0.9870875179340028,0.9966183574879227,1.0,1.0,1.0,hongli_lowvol
0.20000000000000004,0.35000000000000003,0.25,0.2,4203,0.7154193334724676,0.695271902100759,0.06871299773769918,0.06453577761152474,0.051606118202984594,0.10857186816122662,0.3789031265936439,0.08748414037698878,0.11848858404946087,1.0999111051977404,0.7854337648126788,1.8463560172095725,-0.04630398307428718,0,0.9814418272662384,0.9863701578192252,0.9958937198067633,1.0,1.0,1.0,hongli_lowvol
0.20000000000000004,0.35000000000000003,0.3,0.15000000000000002,4203,0.8020066028394189,0.7951926419635815,0.07637320897079976,0.0709283151933533,0.055080993812355365,0.12363960198177067,0.41521799356388606,0.09964303587224436,0.13994080344602444,1.124613918732922,0.766468105896737,2.061629690445041,-0.056360473560659874,0,0.9812039019747799,0.986131037780966,0.9954106280193237,1.0,1.0,1.0,hongli_lowvol
0.20000000000000004,0.35000000000000003,0.35000000000000003,0.1,4203,0.8950867151839562,0.9028238793448835,0.08426649083046026,0.07763315640810298,0.05869426338493562,0.1396134071662171,0.4555837830491332,0.11256956286898992,0.1611383604044725,1.14792759833097,0.7485726041996877,2.299396341928831,-0.06641696404703223,0,0.9812039019747799,0.986131037780966,0.9951690821256038,1.0,1.0,1.0,hongli_lowvol
0.20000000000000004,0.35000000000000003,0.4,0.05,4203,0.99043710301336,1.01704733965662,0.09218178389681903,0.08457061478412631,0.061883333578386206,0.15603740642535288,0.4956677315892117,0.12571346922879195,0.1815789932156036,1.166505594898601,0.7332689525022413,2.5383060247083384,-0.07647345453340393,0,0.9812039019747799,0.986131037780966,0.9951690821256038,1.0,1.0,1.0,hongli_lowvol
0.20000000000000004,0.4,0.1,0.3,4203,0.4746857058873152,0.4218664060469228,0.04537789775444217,0.04617868145129522,0.04018063307029283,0.06152349172334044,0.28544502875199307,0.0650021997787127,0.1134201893088046,0.9888278927077286,0.6980978783629225,1.2791115518284775,-0.0169715966989038,0,0.9826314537235308,0.9875657580105213,0.9971014492753624,1.0,1.0,1.0,hongli_lowvol
0.20000000000000004,0.4,0.15000000000000002,0.25,4203,0.5568435771961691,0.5139885802254589,0.05362889213529679,0.053017449139102446,0.044468950218699274,0.07825033613575116,0.31700378663906775,0.07052089188791166,0.11400275728911458,1.046485455739823,0.760468149219332,1.4701879648014504,-0.026062414121328148,0,0.9833452295979063,0.9882831181252989,0.9978260869565218,1.0,1.0,1.0,hongli_lowvol
0.20000000000000004,0.4,0.2,0.2,4203,0.6418096184782034,0.6091144584374697,0.061799800788617604,0.05932167825290846,0.048547762141407394,0.0942830160224538,0.35065023973083825,0.07810300406434013,0.11501688788972024,1.0871205439308904,0.7912602278102877,1.6697267919683405,-0.03611890460770051,0,0.9823935284320723,0.9873266379722621,0.9968599033816425,1.0,1.0,1.0,hongli_lowvol
0.3500000000000001,0.3,0.15000000000000002,0.2,4203,0.6530801055023654,0.5498278090674684,0.05739099887979131,0.05973910419935802,0.04964831505029719,0.08084475424257033,0.4184839797345853,0.10341906147513068,0.18339559896836088,1.0032553989956676,0.5549363730552921,1.9873373950935536,-0.029502991937413015,0,0.9783487984772782,0.9832615973218556,0.9927536231884058,0.9995094432180525,1.0,1.0,hongli_lowvol
0.3500000000000001,0.3,0.2,0.15000000000000002,4203,0.7435127883818675,0.6494197923415304,0.06558647204354782,0.06621924462215611,0.054762514177534215,0.09718423411624899,0.4571891069850567,0.10573765336425295,0.18395987898135455,1.0658544536340373,0.6202754643855265,2.2224655413263905,-0.03796722173615086,0,0.9790625743516536,0.9839789574366332,0.9934782608695653,0.9995094432180525,1.0,1.0,hongli_lowvol
0.3500000000000001,0.3,0.25,0.1,4203,0.8302143818852952,0.7447058279358343,0.0730439860806441,0.07315843380388709,0.05859222544339913,0.11198224828198887,0.4957317520873247,0.11139743369006994,0.18453341615386454,1.104659960366459,0.6557061833566754,2.461059575079575,-0.048023712222522,0,0.9790625743516536,0.9839789574366332,0.9934782608695653,0.9995094432180525,1.0,1.0,hongli_lowvol
0.3500000000000001,0.3,0.3,0.05,4203,0.9219971801249077,0.8456356057663477,0.0806497478588242,0.07881311875139763,0.06232526412199317,0.12720512636941916,0.5371869895918798,0.11903777370665691,0.18511622002523948,1.1373290356337398,0.677513913000156,2.718738803345969,-0.058080202708895246,0,0.979300499643112,0.9842180774748924,0.993719806763285,0.9995094432180525,1.0,1.0,hongli_lowvol
0.3500000000000001,0.35000000000000003,0.05,0.25,4203,0.4886923390868958,0.36989462271170703,0.04130079598107636,0.04441676879223588,0.034152108429125506,0.05367704249724294,0.3534821432397543,0.10024163136576807,0.18203026756361862,0.7967695963036738,0.41201240860072774,1.5756793657686101,-0.016492648211842265,0,0.9752557696883178,0.9801530368244858,0.9896135265700483,0.99803777287221,1.0,1.0,hongli_lowvol
0.3500000000000001,0.35000000000000003,0.1,0.2,4203,0.5732560673470142,0.4599945664780427,0.04962896213949494,0.05277767257967669,0.04268683891845635,0.06448751036426473,0.387981415916102,0.10147046820609933,0.18257542533985396,0.929544822169429,0.4890975967381195,1.7869408256242543,-0.022600511057507044,0,0.9754936949797763,0.9803921568627451,0.990096618357488,0.9990188864361049,1.0,1.0,hongli_lowvol
0.3500000000000001,0.35000000000000003,0.15000000000000002,0.15000000000000002,4203,0.6605714824377059,0.5560640279220384,0.05789203466747791,0.060240753818874726,0.050150145773488045,0.08134615197369587,0.42405557020846607,0.1032193601116516,0.18312981998114652,1.0164081848297837,0.5608641111982919,2.0110430097773686,-0.029407683932309414,0,0.9785867237687366,0.9835007173601148,0.9929951690821256,0.9995094432180525,1.0,1.0,hongli_lowvol
0.3500000000000001,0.35000000000000003,0.2,0.1,4203,0.7514068583012333,0.6559140401838446,0.06608768553509345,0.06672030662462136,0.05526390867162321,0.09768597999306886,0.46309010265470985,0.10555169353070154,0.18369346099854902,1.0772648358719334,0.626116771076446,2.247928868212206,-0.03783863375593577,0,0.9790625743516536,0.9839789574366332,0.9934782608695653,0.9995094432180525,1.0,1.0,hongli_lowvol
0.3500000000000001,0.35000000000000003,0.25,0.05,4203,0.8385202683297465,0.7509823174060288,0.07354764490464007,0.0736617941455513,0.05909605954197801,0.11248824516495293,0.5019584573645991,0.11121790145677166,0.18426635791618073,1.1148094430133124,0.6612932265515429,2.488360616441007,-0.047895124242308795,0,0.9790625743516536,0.9839789574366332,0.9934782608695653,0.9995094432180525,1.0,1.0,hongli_lowvol
0.3500000000000001,0.4,0.05,0.2,4203,0.4954498811307038,0.37485031843113337,0.04180149464208829,0.04491842985969585,0.03465033381460243,0.05418031806864581,0.3584523203254043,0.10003314340399919,0.18176578814618854,0.8152921925028326,0.4178764479415242,1.5962767021212878,-0.016416865082052756,0,0.9759695455626933,0.9808703969392635,0.9903381642512077,0.99803777287221,1.0,1.0,hongli_lowvol
0.3500000000000001,0.4,0.1,0.15000000000000002,4203,0.5803887084021654,0.4655081783856738,0.05012954570660051,0.05327636765425936,0.043187603984471544,0.06498818700022006,0.39326545313181954,0.10127464173004873,0.18231030956039831,0.9449887074744661,0.49498615695153636,1.8091328039729482,-0.022518874472178485,0,0.9754936949797763,0.9803921568627451,0.990096618357488,0.9990188864361049,1.0,1.0,hongli_lowvol
0.3500000000000001,0.4,0.15000000000000002,0.1,4203,0.6681020562805113,0.561433015197327,0.05839309437230782,0.06074285677379265,0.050652001406118564,0.08184761857081267,0.4296699508122438,0.1030199874436952,0.18286406658495608,1.0295542174120857,0.5668132546048128,2.034926604378039,-0.02931237592720559,0,0.9785867237687366,0.9835007173601148,0.9929951690821256,0.9995094432180525,1.0,1.0,hongli_lowvol
0.3500000000000001,0.4,0.2,0.05,4203,0.7593405720385713,0.6613389545724833,0.06658925449049093,0.06722139326791265,0.05576478731217893,0.09818777008018151,0.469031425811725,0.10536601016711518,0.18342706872877973,1.0886670237499754,0.6319804117559107,2.2735826241544195,-0.03771004577572157,0,0.9790625743516536,0.9839789574366332,0.9934782608695653,0.9995094432180525,1.0,1.0,hongli_lowvol
0.3500000000000001,0.45,0.05,0.15000000000000002,4203,0.5022409612512498,0.3806233709453395,0.042302088772117025,0.045420111833045285,0.03514860018167467,0.054708693757605883,0.36346128930150357,0.09982666937800531,0.18150133406995866,0.833802352815834,0.423755385566709,1.617029865804116,-0.01634108195226336,0,0.9762074708541518,0.9811095169775227,0.9905797101449275,0.9982830512631837,1.0,1.0,hongli_lowvol
0.3500000000000001,0.45,0.1,0.1,4203,0.5875588513083013,0.47133866220319254,0.050630149511024757,0.053776025475975375,0.043688389709645836,0.06548880741068515,0.398591045075554,0.10107885278896277,0.18204521924350647,0.9604255323452483,0.5008975479444032,1.8314919655318058,-0.022437237886849815,0,0.9757316202712348,0.9806312769010043,0.9903381642512077,0.9990188864361049,1.0,1.0,hongli_lowvol
0.3500000000000001,0.45,0.15000000000000002,0.05,4203,0.6756728265394147,0.567121308692778,0.05889424239587357,0.06124499049592491,0.05115388194800485,0.08234915403971246,0.4353259606004077,0.10282064471228101,0.18259833877299472,1.0426952015603246,0.5727861613849536,2.058989439618195,-0.029217067922102546,0,0.9785867237687366,0.9835007173601148,0.9929951690821256,0.9995094432180525,1.0,1.0,hongli_lowvol
0.3500000000000001,0.5,0.05,0.1,4203,0.509066823778369,0.3861961272361014,0.042802700850263053,0.045921814710810915,0.035646907526529326,0.0552119099656772,0.36850552007334425,0.09961915066225341,0.18123690532820436,0.8523068701146187,0.42966337863470044,1.6379399689542775,-0.01626529882247363,0,0.9766833214370687,0.9815877570540411,0.9910628019323672,0.9982830512631837,1.0,1.0,hongli_lowvol
0.3500000000000001,0.5,0.1,0.05,4203,0.5947717204242856,0.4773334326499077,0.05113101401542968,0.05427921428166527,0.04418919609166699,0.06598946615294143,0.40396296495465334,0.1008831099358202,0.18178015438241424,0.9758606026057209,0.506834236652282,1.8540194984989435,-0.022355601301522032,0,0.9759695455626933,0.9808703969392635,0.9905797101449275,0.9992641648270787,1.0,1.0,hongli_lowvol
0.40000000000000013,0.05,0.25,0.3,4203,0.820692868639213,0.7261252333619894,0.07175338639557882,0.07228917669144197,0.05760827720238724,0.1105351573211983,0.4964236193455441,0.12498840143470817,0.20862242820126023,1.049353825372654,0.5740803592328652,2.5172195084325977,-0.049197032512933725,0,0.9776350226029027,0.982544237207078,0.9920289855072464,0.9995094432180525,1.0,1.0,hongli_lowvol
0.40000000000000013,0.05,0.3,0.25,4203,0.9123440182643617,0.8281433427742193,0.07939002579701644,0.07856231053544804,0.06138894313070966,0.12577560509684765,0.5378621908035301,0.13121148979695818,0.20923436490943856,1.090009117841895,0.6050539165424285,2.777019446528587,-0.05925352299930664,0,0.9783487984772782,0.9832615973218556,0.9927536231884058,0.9995094432180525,1.0,1.0,hongli_lowvol
0.40000000000000013,0.05,0.35000000000000003,0.2,4203,1.01329757206653,0.9380701229000374,0.08742776640334439,0.08475337324956445,0.06555032246737232,0.14191667059777086,0.5858392027661738,0.13929487243865196,0.2098565822123968,1.1267953336591963,0.6276452598199492,3.080595516724107,-0.069310013485679,0,0.9783487984772782,0.9832615973218556,0.9927536231884058,0.9995094432180525,1.0,1.0,hongli_lowvol
0.40000000000000013,0.05,0.4,0.15000000000000002,4203,1.1146489042628942,1.053256470708161,0.09537066899009741,0.09070130559145073,0.06907654773104568,0.15781293521566508,0.6311139833828557,0.14904107320063506,0.22142024984331476,1.1548550853553115,0.6398952110450251,3.3690752418747225,-0.07936650397205058,0,0.9790625743516536,0.9839789574366332,0.9934782608695653,0.9995094432180525,1.0,1.0,hongli_lowvol
0.40000000000000013,0.1,0.2,0.3,4203,0.7426046480550311,0.638660745793175,0.06482279770393241,0.06623367204307229,0.05417083008582897,0.09658354354248315,0.46404075695434077,0.12149450195852877,0.20775869502663458,1.012343403073425,0.5335451124040097,2.3045367185787975,-0.03913543907341066,0,0.9766833214370687,0.9815877570540411,0.9910628019323672,0.9992641648270787,1.0,1.0,hongli_lowvol
0.40000000000000013,0.1,0.25,0.25,4203,0.8289583594192476,0.7325467162578749,0.07225671434085863,0.07279863126366082,0.058112030929497085,0.11104185850062441,0.5026228893653761,0.12480526486825523,0.20835969663989468,1.0592315699419055,0.5789556587787623,2.544988465415416,-0.049068444532719746,0,0.9778729478943612,0.9827833572453372,0.9922705314009662,0.9995094432180525,1.0,1.0,hongli_lowvol
0.40000000000000013,0.1,0.3,0.2,4203,0.9210437661154371,0.8350812423349665,0.0798955354813623,0.07906971639627858,0.06189214071749718,0.1262860055994465,0.5444135795412806,0.13103459839415013,0.20897095972585306,1.0989369480595004,0.6097285484940222,2.8067770966567793,-0.059124935019092106,0,0.9783487984772782,0.9832615973218556,0.9927536231884058,0.9995094432180525,1.0,1.0,hongli_lowvol
0.40000000000000013,0.1,0.35000000000000003,0.15000000000000002,4203,1.0222102039880845,0.9459612892784657,0.08792820688908061,0.08526130590335357,0.0660264320319373,0.14243067682524232,0.5924393501805668,0.13904300921605933,0.2095925018050235,1.1347542868202836,0.6323813572852751,3.1109139122735536,-0.06918142550546436,0,0.9785867237687366,0.9835007173601148,0.9929951690821256,0.9995094432180525,1.0,1.0,hongli_lowvol
0.40000000000000013,0.1,0.4,0.1,4203,1.1242529977163278,1.0615585336628746,0.09587799146281717,0.09120739398776156,0.0695796745552066,0.1583265232421981,0.6383779011001885,0.14878768560111647,0.22070041438563656,1.162263933983358,0.6443946693267049,3.4030600868372476,-0.07923791599183716,0,0.9790625743516536,0.9839789574366332,0.9934782608695653,0.9995094432180525,1.0,1.0,hongli_lowvol
0.40000000000000013,0.15000000000000002,0.15000000000000002,0.3,4203,0.6603331722425999,0.5459699153947071,0.05714576515052923,0.06012666258440724,0.048966557442164674,0.0805394148230584,0.4315245162645546,0.11917681976126855,0.20690656980998548,0.9521177661273955,0.4795040282581958,2.0870583346895737,-0.031333698009081146,0,0.9735902926481085,0.9784791965566715,0.9881642512077294,0.9985283296541575,1.0,1.0,hongli_lowvol
0.40000000000000013,0.15000000000000002,0.2,0.25,4203,0.7505048861212301,0.6452805898903295,0.06532369823710611,0.06673653872849417,0.05467204324042263,0.09708546780363143,0.4699692243508572,0.12129787433719177,0.20749665712064402,1.023354143209988,0.5385395135244911,2.3306568837876127,-0.039040131068307726,0,0.9771591720199857,0.9820659971305595,0.9915458937198067,0.9995094432180525,1.0,1.0,hongli_lowvol
0.40000000000000013,0.15000000000000002,0.25,0.2,4203,0.8372737475083014,0.7397454456424526,0.07276028540127676,0.07330820625123002,0.05861581427803544,0.11154863647710869,0.508880042984729,0.12462208968289581,0.2080969868303989,1.0691085378847471,0.5838474189159981,2.572965130931065,-0.048939856552505545,0,0.9778729478943612,0.9827833572453372,0.9922705314009662,0.9995094432180525,1.0,1.0,hongli_lowvol
0.40000000000000013,0.15000000000000002,0.3,0.15000000000000002,4203,0.9297898183366289,0.8415083054949875,0.08040128163759322,0.07957715797357179,0.0623953647136664,0.1267964659228678,0.5510117871793209,0.13085809230043818,0.2087075764158344,1.1078606116679224,0.6144158165854905,2.8367568894927233,-0.058996347038877905,0,0.9785867237687366,0.9835007173601148,0.9929951690821256,0.9995094432180525,1.0,1.0,hongli_lowvol
0.40000000000000013,0.15000000000000002,0.35000000000000003,0.1,4203,1.031401714015522,0.9535254068348615,0.0884342456569396,0.085769274177945,0.06652942275401075,0.1429449161014947,0.59940600733904,0.13879505707451353,0.20932844339331538,1.1428433180598465,0.6371570250478212,3.1430135657925575,-0.0690528375252506,0,0.9785867237687366,0.9835007173601148,0.9929951690821256,0.9995094432180525,1.0,1.0,hongli_lowvol
0.40000000000000013,0.15000000000000002,0.4,0.05,4203,1.1339017931480018,1.0697331705166215,0.09638516059568177,0.09171351738561517,0.07008284267347462,0.15884016596946227,0.6456936434361923,0.1485360739228466,0.21998019094652646,1.1696642369299102,0.6489006882311071,3.4372962773535747,-0.0791093280116234,0,0.9790625743516536,0.9839789574366332,0.9934782608695653,0.9995094432180525,1.0,1.0,hongli_lowvol
0.40000000000000013,0.2,0.1,0.3,4203,0.5796633843748392,0.4572040388661356,0.04936048125954134,0.05306002790536435,0.041657843755308344,0.06458870534255108,0.39980720095135736,0.11736503628023033,0.20606602997195841,0.86627676317602,0.42057228305782846,1.8811221516978884,-0.02479244868612107,0,0.9724006661908161,0.9772835963653754,0.9869565217391304,0.99803777287221,1.0,1.0,hongli_lowvol
0.40000000000000013,0.2,0.15000000000000002,0.25,4203,0.6678737407388644,0.5527206656478454,0.057646653280356085,0.06062947899763338,0.04946968408227859,0.08103910624619651,0.4371645134096484,0.11897912790461387,0.20664522371904698,0.9646722123637166,0.48451063892964213,2.1115464415301823,-0.0312383900039781,0,0.9735902926481085,0.9784791965566715,0.9881642512077294,0.9985283296541575,1.0,1.0,hongli_lowvol
0.40000000000000013,0.2,0.2,0.2,4203,0.7584551588102331,0.6508756645366947,0.06582508441581725,0.06724069223201101,0.05517328424153263,0.0975874382857688,0.47594744188781685,0.1210989897267597,0.20723464083995902,1.0343709535334076,0.5435642738584435,2.3569724290906184,-0.038944823063204015,0,0.9771591720199857,0.9820659971305595,0.9915458937198067,0.9995094432180525,1.0,1.0,hongli_lowvol
0.40000000000000013,0.2,0.25,0.15000000000000002,4203,0.8456326901631009,0.7468741330682438,0.07326389978076918,0.0738123851862249,0.059119627248475214,0.11205549125165551,0.5151863940255745,0.12443880104070515,0.20783429876747958,1.0789798173674265,0.5887544653922199,2.601150973122464,-0.048811268572291455,0,0.9783487984772782,0.9832615973218556,0.9927536231884058,0.9995094432180525,1.0,1.0,hongli_lowvol
0.40000000000000013,0.2,0.3,0.1,4203,0.9385857118938185,0.849038826485101,0.08090729890715334,0.08008255243327556,0.0628983667459769,0.12730698606874452,0.5576772971655866,0.13068123167408155,0.20844421497406027,1.116778179483998,0.6191195007171023,2.8699009013181676,-0.05886775905866426,0,0.9785867237687366,0.9835007173601148,0.9929951690821256,0.9995094432180525,1.0,1.0,hongli_lowvol
0.40000000000000013,0.2,0.35000000000000003,0.05,4203,1.040636198647854,0.9609322120384669,0.0889405553528895,0.08627727807537355,0.06703245618106676,0.14345923793498222,0.6064038461064417,0.13854580181059098,0.20906440697191767,1.1509278680219945,0.6419577799584436,3.175351375514042,-0.06892424954503684,0,0.9785867237687366,0.9835007173601148,0.9929951690821256,0.9995094432180525,1.0,1.0,hongli_lowvol
0.40000000000000013,0.25,0.05,0.3,4203,0.5015775985751119,0.3707282176809641,0.041526548838726446,0.045039835203105394,0.03335593752498602,0.0554523339147853,0.3698386160690649,0.11634923950258987,0.20523705299173117,0.7403658192628669,0.35691293743094976,1.684207551396506,-0.019355107373323466,0,0.9716868903164406,0.9765662362505978,0.9859903381642512,0.9955849889624724,1.0,1.0,hongli_lowvol
0.40000000000000013,0.25,0.1,0.25,4203,0.5868471166163712,0.46344032020472814,0.049861216423437486,0.05356251352839547,0.0421587802291453,0.0650901021861336,0.40515800403460656,0.11717071358605848,0.205805373861168,0.880795405307711,0.4255433367043197,1.9040622778601004,-0.02471081210079351,0,0.9724006661908161,0.9772835963653754,0.9869565217391304,0.99803777287221,1.0,1.0,hongli_lowvol
0.40000000000000013,0.25,0.15000000000000002,0.2,4203,0.6754547163118287,0.5587966738570382,0.0581476964395973,0.06113210146567094,0.04997153087378865,0.08153885836024721,0.4428417646305214,0.11877956369649814,0.20638389912731983,0.9772263453927003,0.48954293676456406,2.136218316838677,-0.031143081998875055,0,0.9740661432310255,0.9789574366331899,0.9886473429951691,0.9985283296541575,1.0,1.0,hongli_lowvol
0.45000000000000007,0.25,0.1,0.2,4203,0.6175539594031064,0.47486255823097023,0.05117190923170669,0.055350914447402255,0.042513402548982795,0.06693901809254021,0.4371115768501643,0.13178691062407352,0.22876424055528216,0.8671940522762649,0.3882928053278086,2.0820430681809556,-0.02665783997342397,0,0.9719248156078991,0.976805356288857,0.9864734299516909,0.9977924944812362,1.0,1.0,hongli_lowvol
0.45000000000000007,0.25,0.15000000000000002,0.15000000000000002,4203,0.7073303766293366,0.5712389635975768,0.05944808477186479,0.06304804944480402,0.05042520261424319,0.08258445276158236,0.4757569697624304,0.13312340108154944,0.22933169921555605,0.9663330583097793,0.4465637467859446,2.3258189656388453,-0.03308217115893586,0,0.9721627408993576,0.9770444763271162,0.9867149758454107,0.99803777287221,1.0,1.0,hongli_lowvol
0.45000000000000007,0.25,0.2,0.1,4203,0.8007941519232364,0.671612981668426,0.06765718258791338,0.07011023255497761,0.056864440119032265,0.0991059176184836,0.5174936584142857,0.13512027807398852,0.2291337174614497,1.0386228885951312,0.5007182012374632,2.588467803727121,-0.04039429711445952,0,0.974304068522484,0.9791965566714491,0.9886473429951691,0.9985283296541575,1.0,1.0,hongli_lowvol
0.45000000000000007,0.25,0.25,0.05,4203,0.8950606097995144,0.7722482265432231,0.07555771913716494,0.07638800071305063,0.061623444953819904,0.11491686526239665,0.560716507676251,0.137280153808258,0.22969690703036372,1.0903024686091962,0.5503906940743813,2.8594748428094077,-0.049213060981417756,0,0.9764453961456103,0.9813486370157819,0.9908212560386473,0.9992641648270787,1.0,1.0,hongli_lowvol
0.45000000000000007,0.3,0.05,0.2,4203,0.5375552377153625,0.3881884500273831,0.043326332944339595,0.04716622142992066,0.0340051170387758,0.058892013202602025,0.40529291682652097,0.13106203564247784,0.2279518094943794,0.742491535381427,0.33057881889251933,1.8730920547533576,-0.022930937397051543,0,0.9685938615274804,0.9734576757532282,0.9828502415458937,0.9926416482707874,1.0,1.0,hongli_lowvol
0.45000000000000007,0.3,0.1,0.15000000000000002,4203,0.6249519675209119,0.4811079888184584,0.05167272680390335,0.055852858212441125,0.04301457171847693,0.06743833198995462,0.4427114434228231,0.13158149320593968,0.2285085871120485,0.8808645457796215,0.3927051255075042,2.1065298119701263,-0.026576203388095965,0,0.9721627408993576,0.9770444763271162,0.9867149758454107,0.9977924944812362,1.0,1.0,hongli_lowvol
0.45000000000000007,0.3,0.15000000000000002,0.1,4203,0.7151046886448001,0.5767782412136191,0.05994748521576048,0.06355297889990763,0.050926654972942756,0.08308356383191652,0.4816999403932554,0.13294281908400307,0.22907539179305758,0.9782632446471997,0.4509268392893131,2.3521534600169476,-0.0330005345736073,0,0.9724006661908161,0.9772835963653754,0.9869565217391304,0.99803777287221,1.0,1.0,hongli_lowvol
0.45000000000000007,0.3,0.2,0.05,4203,0.8090250333160384,0.6777495024483757,0.06815884038582397,0.07061148703288134,0.05736797248064671,0.0996076811324032,0.5238035205024296,0.13492335133811806,0.2288768260990362,1.0492384536820178,0.5051671168100312,2.616752424226073,-0.040298989109355365,0,0.9747799191054008,0.9796747967479674,0.9891304347826086,0.9985283296541575,1.0,1.0,hongli_lowvol
0.45000000000000007,0.35000000000000003,0.05,0.15000000000000002,4203,0.5445953839298234,0.3940011075325869,0.04382694583201716,0.04766921623052944,0.034505146743277496,0.059403759563538515,0.41059507983450383,0.13084979778115685,0.22769682861971968,0.758209401829174,0.3349408755320866,1.8960072091049507,-0.022704647705856118,0,0.9688317868189389,0.9736967957914874,0.9830917874396136,0.9928869266617611,1.0,1.0,hongli_lowvol
0.45000000000000007,0.35000000000000003,0.1,0.1,4203,0.6323842984170946,0.4866586194031217,0.05217334455858201,0.056354826548452586,0.043515759211051996,0.06793834122845031,0.44835026261210353,0.13137766920324415,0.22825295390134392,0.8945211124899904,0.3971249061959586,2.131200582771958,-0.02649456680276807,0,0.9721627408993576,0.9770444763271162,0.9867149758454107,0.9977924944812362,1.0,1.0,hongli_lowvol
0.45000000000000007,0.35000000000000003,0.15000000000000002,0.05,4203,0.7229618862843603,0.5836042648256319,0.0604491928639199,0.06405793306293761,0.05142812787134439,0.08358273054271939,0.4876945052722323,0.1327451038795094,0.22881910471861397,0.9902557378420237,0.45537794688675415,2.378685233258532,-0.03291889798827852,0,0.9726385914822746,0.9775227164036346,0.9871980676328502,0.9982830512631837,1.0,1.0,hongli_lowvol
0.45000000000000007,0.4,0.05,0.1,4203,0.5516699722314271,0.39993443644779036,0.044327394317748035,0.048172234911096234,0.035000954975703505,0.05990903629467605,0.41593889161845543,0.13063825827080078,0.22744186785763087,0.7739137257883234,0.33931403330455867,1.9190952433873596,-0.02247833601282001,0,0.9693076374018558,0.9741750358680057,0.9835748792270531,0.9931322050527348,1.0,1.0,hongli_lowvol
0.45000000000000007,0.4,0.1,0.05,4203,0.6398609729517835,0.4927522850826487,0.05267426888333968,0.05685799433661676,0.044016965025717794,0.06843962811745707,0.4540356640809787,0.13117342049432212,0.22799734091833077,0.9081778215446774,0.40156205948460194,2.1560566851392657,-0.02641293021743918,0,0.9721627408993576,0.9770444763271162,0.9867149758454107,0.9977924944812362,1.0,1.0,hongli_lowvol
0.45000000000000007,0.45,0.05,0.05,4203,0.5587872102279693,0.4053003792464023,0.044828223636664395,0.04867527747128064,0.035499059005503764,0.06041489417921566,0.42132382617358155,0.13042550301731934,0.22718692720330916,0.7896214423662172,0.3437075004472983,1.942357387826224,-0.02225200231794433,0,0.9700214132762313,0.9748923959827833,0.9842995169082126,0.9936227618346823,1.0,1.0,hongli_lowvol
0.5000000000000001,0.05,0.15000000000000002,0.3,4203,0.7080080494168661,0.5557089422958088,0.058723570224384,0.06282207770830017,0.0488526114173979,0.08168379110500341,0.4853994771008679,0.14815814710228417,0.25250087659591836,0.9099570773371579,0.39635734769173997,2.4138303102347707,-0.035355745372878555,0,0.9712110397335236,0.9760879961740794,0.9857487922705314,0.9977924944812362,1.0,1.0,hongli_lowvol
0.5000000000000001,0.05,0.2,0.25,4203,0.8015630059744498,0.6559775970396611,0.06693664263443597,0.0701841342159486,0.05574148213413301,0.09856917763844374,0.5275562696911426,0.15000301756836107,0.25230579089174265,0.9899759985143924,0.44623530725927457,2.679827770941436,-0.04232031119123103,0,0.9716868903164406,0.9765662362505978,0.986231884057971,0.9977924944812362,1.0,1.0,hongli_lowvol
0.5000000000000001,0.05,0.25,0.2,4203,0.8957008354398743,0.7578536000003937,0.07481675888003035,0.07634568397260155,0.06112016816615169,0.11407945156684997,0.5711462178319489,0.15211571840587165,0.252857780776674,1.0481259832130405,0.49184107772745744,2.9603781513799188,-0.050257793291614394,0,0.973828217939567,0.9787183165949307,0.9881642512077294,0.9985283296541575,1.0,1.0,hongli_lowvol
0.5000000000000001,0.05,0.3,0.15000000000000002,4203,0.9901632931769264,0.8574669906208061,0.08215464871087642,0.0828324772571265,0.06533456388675005,0.12841771857900608,0.6197064144931287,0.15497369387438953,0.25341866271050434,1.090323384838372,0.5301199620205546,3.270516339306865,-0.06031428377798742,0,0.9754936949797763,0.9803921568627451,0.9898550724637681,0.9987736080451313,1.0,1.0,hongli_lowvol
0.5000000000000001,0.05,0.35000000000000003,0.1,4203,1.0907560059820056,0.9671909669473275,0.09010037036079406,0.08957638328183282,0.0689589776225727,0.14427810610076777,0.6650771675779451,0.16031589753623474,0.2539884453774169,1.1282439005997316,0.5620176897330441,3.569986721896334,-0.07037077426436011,0,0.9769212467285272,0.9818268770923003,0.991304347826087,0.9990188864361049,1.0,1.0,hongli_lowvol
0.5000000000000001,0.05,0.4,0.05,4203,1.1936629467721922,1.081681913246221,0.09799354249909532,0.09522045398937262,0.07258686200953846,0.16047546705206917,0.7110913996165802,0.1674301483428055,0.2545671374728998,1.1580645630097421,0.5852801509705293,3.8774061374658233,-0.0804272647507327,0,0.9776350226029027,0.982544237207078,0.9920289855072464,0.9995094432180525,1.0,1.0,hongli_lowvol
0.5000000000000001,0.1,0.1,0.3,4203,0.6255760185703626,0.4661845942230445,0.05094255363597249,0.05563049253633068,0.04122741555419478,0.06786033373141667,0.4520017219661239,0.1468668910928789,0.25169116050734985,0.8158054527759392,0.3468620684818359,2.190134671787962,-0.02884977760203833,0,0.9707351891506067,0.975609756097561,0.9852657004830918,0.9973019376992887,1.0,1.0,hongli_lowvol
0.5000000000000001,0.1,0.15000000000000002,0.25,4203,0.7158345997680626,0.5624614010821016,0.059224670599984576,0.06332400281874473,0.049353812069033776,0.08218406929533946,0.49138680048341954,0.14795664725205784,0.2522493916168805,0.9214476958500192,0.4002839460067642,2.4408682815865226,-0.03527410878754955,0,0.9714489650249821,0.9763271162123386,0.9859903381642512,0.9977924944812362,1.0,1.0,hongli_lowvol
0.5000000000000001,0.1,0.2,0.2,4203,0.8098024047685658,0.6639261156789726,0.06743737947111461,0.07068351862626576,0.0562430812604338,0.09907122812988783,0.5339115081811429,0.14981253343864276,0.2528175016739873,1.0002293353755398,0.45014511084771336,2.708859693707519,-0.042225003186127985,0,0.9719248156078991,0.976805356288857,0.9864734299516909,0.9977924944812362,1.0,1.0,hongli_lowvol
0.5000000000000001,0.1,0.25,0.15000000000000002,4203,0.9043937790489026,0.7651361076212171,0.07532013788465289,0.07684638681382494,0.061620016845455,0.11458537286318482,0.577864633716775,0.15192114417499067,0.25260511975345273,1.057420966460131,0.4957844300981254,2.9915457515561306,-0.05012920531140064,0,0.9740661432310255,0.9789574366331899,0.9884057971014493,0.9985283296541575,1.0,1.0,hongli_lowvol
0.5000000000000001,0.1,0.3,0.1,4203,0.9992944075887403,0.864953204868582,0.08266021373356629,0.08333589631867544,0.06583668326184391,0.128928285701689,0.6267968816625545,0.15479454794484532,0.25316541847934193,1.0988287210985548,0.5339995163332165,3.303833663912725,-0.060185695797773,0,0.9757316202712348,0.9806312769010043,0.990096618357488,0.9987736080451313,1.0,1.0,hongli_lowvol
0.5000000000000001,0.1,0.35000000000000003,0.05,4203,1.10034166349973,0.9750728940211937,0.0906070857184784,0.09008307189583631,0.06946146966830317,0.1447924313399982,0.6725369254089161,0.16014312469103642,0.25373461690022364,1.1360213795382277,0.565788171632634,3.6055398494570188,-0.07024218628414514,0,0.9773970973114442,0.9823051171688187,0.9917874396135266,0.9992641648270787,1.0,1.0,hongli_lowvol
0.5000000000000001,0.15000000000000002,0.05,0.3,4203,0.5451472050766643,0.3815367271185437,0.0430887249349206,0.04729172593901332,0.03250057911174209,0.06024592306054819,0.41952286397116123,0.14639212433288337,0.2508926057487501,0.6859309188570303,0.294337725688989,1.9731141579369766,-0.02740537884836669,0,0.9624078039495598,0.9672405547584888,0.9765700483091787,0.9872455236693647,1.0,1.0,hongli_lowvol
0.5000000000000001,0.15000000000000002,0.1,0.25,4203,0.6330286448106381,0.47229838636172317,0.0514431816892791,0.05613514683184495,0.04172869163104616,0.06840188217132495,0.4576801612684756,0.14666224100015524,0.2514403352359265,0.8287479260705336,0.3507595502323236,2.215476843258757,-0.028768141016710103,0,0.9707351891506067,0.975609756097561,0.9852657004830918,0.9973019376992887,1.0,1.0,hongli_lowvol
0.5000000000000001,0.15000000000000002,0.15000000000000002,0.2,4203,0.7236966625520078,0.5692171461139728,0.059725576702457976,0.06382595325944096,0.049854647539763784,0.08268438357401937,0.4974159346872857,0.14775448212853787,0.25199792591441045,0.9329256331051056,0.40422175924585607,2.468108829570959,-0.0351924722022221,0,0.9716868903164406,0.9765662362505978,0.986231884057971,0.9977924944812362,1.0,1.0,hongli_lowvol
0.5000000000000001,0.15000000000000002,0.2,0.15000000000000002,4203,0.8180911421702051,0.6700757276864733,0.0679390112012348,0.071182934959229,0.056744699555905866,0.09957332673874403,0.5403041723751473,0.14961774250179233,0.2525653940603158,1.0104918365684867,0.4540839212329442,2.738108336244096,-0.04212969518102516,0,0.9724006661908161,0.9772835963653754,0.9869565217391304,0.99803777287221,1.0,1.0,hongli_lowvol
0.5000000000000001,0.15000000000000002,0.25,0.1,4203,0.9131349189892024,0.7724457137086511,0.07582375991786101,0.07735116847995904,0.06211989295160962,0.11509137064452843,0.5846313400022825,0.15172594588283805,0.25235247612747247,1.0667136140404088,0.4997415536062086,3.0229456628510496,-0.05000061733118655,0,0.9740661432310255,0.9789574366331899,0.9884057971014493,0.9985283296541575,1.0,1.0,hongli_lowvol
0.5000000000000001,0.15000000000000002,0.3,0.05,4203,1.008474748850532,0.8726574146225747,0.08316565145911038,0.08383935931998754,0.06633883824696092,0.1294389151497883,0.6339421445572339,0.15461540229110182,0.2529121917373285,1.1073312092950691,0.5378872365026767,3.337397892673411,-0.06005710781755924,0,0.9759695455626933,0.9808703969392635,0.9903381642512077,0.9990188864361049,1.0,1.0,hongli_lowvol
0.5000000000000001,0.2,0.05,0.25,4203,0.5522404119375842,0.3866329338557042,0.043589226485358214,0.04779531958644778,0.03300070929648595,0.060749910238673224,0.42489781071534183,0.14618104572433463,0.25064243848228157,0.7005904145818354,0.29818658273630033,1.9968214901920356,-0.027179688243448297,0,0.9626457292410183,0.967479674796748,0.9768115942028985,0.9874908020603385,1.0,1.0,hongli_lowvol
0.5000000000000001,0.2,0.1,0.2,4203,0.6405186265651133,0.47843496318662826,0.05194372839370167,0.056635636133984146,0.042229987737302466,0.06890694705926755,0.46340084026296086,0.1464576766387799,0.25118952912551484,0.8416811169085385,0.3546671610926519,2.2410094279194444,-0.028686504431382764,0,0.9707351891506067,0.975609756097561,0.9852657004830918,0.9973019376992887,1.0,1.0,hongli_lowvol
0.5000000000000001,0.2,0.15000000000000002,0.15000000000000002,4203,0.7316034347041038,0.5758875120191622,0.06022676085874677,0.06432792902944673,0.05035471230776425,0.08318473393733754,0.5034875573780881,0.14755214977883085,0.25174647948396994,0.9444063686248755,0.40817271011653833,2.49555338595004,-0.03511083561689332,0,0.9716868903164406,0.9765662362505978,0.986231884057971,0.9977924944812362,1.0,1.0,hongli_lowvol
0.5000000000000001,0.2,0.2,0.1,4203,0.8264260507821408,0.6776610675536487,0.06844049014841254,0.07168238321322074,0.05724633702054329,0.10007547346153936,0.5467550642713285,0.1494235853969407,0.2523133058300396,1.0207469521794015,0.4580300356640605,2.7675752250477195,-0.04203438717592067,0,0.9726385914822746,0.9775227164036346,0.9871980676328502,0.9982830512631837,1.0,1.0,hongli_lowvol
0.5000000000000001,0.2,0.25,0.05,4203,0.9219219415507389,0.7792625122126273,0.07632741874676272,0.07785765800883726,0.06261979648540086,0.1155974449120029,0.5914533280702932,0.15153135588109773,0.2520998498948779,1.0760004479801786,0.5037070928518229,3.054579520993773,-0.049872029350973235,0,0.9740661432310255,0.9789574366331899,0.9884057971014493,0.9985283296541575,1.0,1.0,hongli_lowvol
0.5000000000000001,0.25,0.05,0.2,4203,0.5593787403903379,0.3919345439621196,0.04409016422094063,0.04829929277672185,0.03350085888398975,0.0612535794810356,0.4303181452188838,0.14596816007027827,0.2503922902616866,0.7152524125191725,0.3020532984707956,2.0207076183474495,-0.02695397563669155,0,0.9635974304068522,0.9684361549497847,0.9777777777777777,0.9884719156242335,1.0,1.0,hongli_lowvol
0.5000000000000001,0.25,0.1,0.15000000000000002,4203,0.6480507985183185,0.48383472935289373,0.052444392416111395,0.05713429660902536,0.04273130387260728,0.06941921347334934,0.4691694686830249,0.14625294148829412,0.2509387421716112,0.8546095478031384,0.3585869240127999,2.2667337751689436,-0.028604867846054427,0,0.9707351891506067,0.975609756097561,0.9852657004830918,0.9973019376992887,1.0,1.0,hongli_lowvol
0.5000000000000001,0.25,0.15000000000000002,0.1,4203,0.7395534411088557,0.5824406362015824,0.0607279167992966,0.06482993012781302,0.05085479764883218,0.08368512038159066,0.509612550313742,0.14735055673481232,0.25149505232101993,0.9558770148501465,0.41213225212707544,2.5232033920022223,-0.035029199031566094,0,0.9716868903164406,0.9765662362505978,0.986231884057971,0.9977924944812362,1.0,1.0,hongli_lowvol
0.5000000000000001,0.25,0.2,0.05,4203,0.8348015990841298,0.6841474055751458,0.06894171848800847,0.07218186338662269,0.05774799365433649,0.10057766829479844,0.5532483947838349,0.14923011470025405,0.2520612369785973,1.030995436238188,0.4619826140754893,2.7972618967293723,-0.041939079170817406,0,0.9728765167737331,0.9777618364418939,0.9874396135265701,0.9985283296541575,1.0,1.0,hongli_lowvol
0.5000000000000001,0.3,0.05,0.15000000000000002,4203,0.5665464381250609,0.39778227216237827,0.04459072745283413,0.0488025831984793,0.034001027873648934,0.061756027791310376,0.4357742197432994,0.1457574657660283,0.2501421610824891,0.7298969813944958,0.30592414061597173,2.0447738141651786,-0.026728241028096456,0,0.9643112062812277,0.9691535150645624,0.9785024154589372,0.9887171940152073,1.0,1.0,hongli_lowvol
0.5000000000000001,0.3,0.1,0.1,4203,0.6556192672394717,0.48996887951687595,0.05294507449977309,0.05763292131989073,0.04323264003660245,0.06992459675041918,0.4749733528895291,0.14604757429928159,0.2506879743697077,0.867531029982695,0.3625193691425352,2.29265124339756,-0.02852323126072631,0,0.9712110397335236,0.9760879961740794,0.9857487922705314,0.9975472160902624,1.0,1.0,hongli_lowvol
0.5000000000000001,0.3,0.15000000000000002,0.05,4203,0.7475381732115985,0.5883297080023118,0.06122876115889232,0.06533195655358992,0.05135490355931438,0.08418554290307027,0.5157811468198178,0.14715119922297784,0.2512436444210316,0.967333076357372,0.41609420434360533,2.5510602985817763,-0.034947562446237646,0,0.9716868903164406,0.9765662362505978,0.986231884057971,0.9977924944812362,1.0,1.0,hongli_lowvol
0.5000000000000001,0.35000000000000003,0.05,0.1,4203,0.573759988248822,0.4037159133047743,0.045091730575016344,0.049309757557741696,0.03451092736149746,0.06225627987519977,0.4412774996273214,0.14554475299222616,0.24989205094021352,0.7445444408568789,0.3098135085462324,2.0690213579120735,-0.02650248441766101,0,0.9650249821556032,0.96987087517934,0.9792270531400966,0.9892077507971547,1.0,1.0,hongli_lowvol
0.5000000000000001,0.35000000000000003,0.1,0.05,4203,0.6632274590827478,0.49579472823054815,0.053445734613049,0.058131584075566956,0.04373399622892164,0.07043001044218311,0.48082289539208,0.1458429267990543,0.25043722571530413,0.8804449230018626,0.36646093016693054,2.318763200042781,-0.028441594675398307,0,0.9714489650249821,0.9763271162123386,0.9859903381642512,0.9975472160902624,1.0,1.0,hongli_lowvol
0.5000000000000001,0.4,0.05,0.05,4203,0.5810052125450026,0.40916914705369534,0.04559237288449882,0.04981158596111701,0.03500986271159983,0.06275656081898262,0.44682144332286505,0.14533433695991418,0.24964195983038867,0.7591745527835091,0.3137068213761075,2.0934515384131713,-0.026276705805382772,0,0.9657387580299786,0.9705882352941176,0.979951690821256,0.9896983075791023,1.0,1.0,hongli_lowvol
