entry_date,final_value,total_return_pct,annual_return_pct,max_drawdown_pct,sharpe_ratio,annual_volatility_pct,benchmark_return_pct,outperform_benchmark,holding_years
2014-10-17,2005254.39,100.5254,6.1921,18.2971,0.4897,8.2972,43.3096,Yes,11.58
2014-10-20,1992883.46,99.2883,6.1399,18.4108,0.4891,8.2836,41.0777,Yes,11.57
2014-10-21,1998128.58,99.8129,6.1655,18.2971,0.494,8.2983,42.2684,Yes,11.57
2014-10-22,2006404.35,100.6404,6.2049,18.2971,0.5007,8.3001,44.0504,Yes,11.57
2014-10-23,2013915.46,101.3915,6.2408,18.4217,0.501,8.3075,46.4072,Yes,11.56
2014-10-24,2016538.56,101.6539,6.2542,18.4217,0.4985,8.3082,46.1252,Yes,11.56
2014-10-27,2015101.51,101.5102,6.2523,18.2971,0.4942,8.3034,44.5462,Yes,11.55
2014-10-28,1997217.67,99.7218,6.1718,18.4108,0.4878,8.288,40.8682,Yes,11.55
2014-10-29,2001252.31,100.1252,6.1919,18.0822,0.5004,8.2813,38.9959,Yes,11.55
2014-10-30,2010676.74,101.0677,6.2366,18.0822,0.5069,8.2813,39.1097,Yes,11.55
2014-10-31,2023081.19,102.3081,6.2948,18.0822,0.5081,8.2841,39.8486,Yes,11.54
2014-11-03,2022895.37,102.2895,6.2986,18.0822,0.5079,8.2842,38.3471,Yes,11.53
2014-11-04,2025564.24,102.5564,6.3123,18.0822,0.5153,8.2849,39.3278,Yes,11.53
2014-11-05,2037054.62,103.7055,6.366,18.0822,0.512,8.2864,39.4301,Yes,11.53
2014-11-06,2029139.98,102.914,6.3316,18.0822,0.5131,8.2867,38.0567,Yes,11.53
2014-11-07,2034683.66,103.4684,6.3584,18.0822,0.507,8.2866,39.4095,Yes,11.52
2014-11-10,2021229.97,102.123,6.3018,18.0822,0.5224,8.2776,38.9978,Yes,11.52
2014-11-11,2039825.86,103.9826,6.3879,18.4108,0.5091,8.2857,44.1582,Yes,11.51
2014-11-12,2035443.64,103.5444,6.3696,18.0822,0.5222,8.2781,41.8721,Yes,11.51
2014-11-13,2035167.95,103.5168,6.3699,18.4108,0.5184,8.2862,44.1396,Yes,11.51
2014-11-14,2039957.27,103.9957,6.3932,18.4108,0.5061,8.2808,44.4834,Yes,11.5
2014-11-17,2015078.4,101.5078,6.2844,18.4108,0.5041,8.2798,42.3192,Yes,11.5
2014-11-18,2010678.43,101.0678,6.2658,18.4108,0.5005,8.2801,41.4223,Yes,11.49
2014-11-19,2017078.46,101.7078,6.2967,18.0822,0.511,8.2751,40.1884,Yes,11.49
2014-11-20,2022640.23,102.264,6.3237,18.0822,0.5059,8.2758,40.3616,Yes,11.49
2014-11-21,2012193.33,101.2193,6.2773,18.0822,0.5013,8.2753,39.1278,Yes,11.48
2014-11-24,2003148.06,100.3148,6.2403,18.0822,0.4964,8.2748,37.9727,Yes,11.48
2014-11-25,1992292.82,99.2293,6.1915,18.0822,0.4939,8.2739,35.8269,Yes,11.47
2014-11-26,1988311.1,98.8311,6.1745,18.0822,0.4923,8.2748,34.9256,Yes,11.47
2014-11-27,1982297.39,98.2297,6.148,18.306,0.4952,8.2138,34.145,Yes,11.47
2014-11-28,1985034.1,98.5034,6.1623,18.306,0.507,8.209,34.0307,Yes,11.47
2014-12-01,2006853.59,100.6854,6.2682,18.306,0.4922,8.2013,35.8264,Yes,11.46
2014-12-02,1981894.75,98.1895,6.1537,18.0822,0.4901,8.2632,34.4573,Yes,11.45
2014-12-03,1974697.85,97.4698,6.1215,18.306,0.4856,8.2006,33.2931,Yes,11.45
2014-12-04,1969187.5,96.9188,6.0971,18.1771,0.4945,8.199,31.4494,Yes,11.45
2014-12-05,1981263.09,98.1263,6.1553,18.0822,0.4946,8.2641,34.363,Yes,11.45
2014-12-08,1982668.97,98.2669,6.1664,18.306,0.5044,8.2006,34.4582,Yes,11.44
2014-12-09,1995817.42,99.5817,6.2293,18.4108,0.4846,8.2627,40.9209,Yes,11.44
2014-12-10,1976959.49,97.6959,6.1427,18.0822,0.4895,8.256,36.3737,Yes,11.43
2014-12-11,1971587.84,97.1588,6.1189,18.0822,0.4852,8.2552,34.3375,Yes,11.43
2014-12-12,1961410.59,96.1411,6.0724,18.306,0.4807,8.1924,32.657,Yes,11.43
2014-12-15,1955750.73,95.5751,6.0501,18.1771,0.4887,8.191,30.4065,Yes,11.42
2014-12-16,1971076.82,97.1077,6.1241,18.1425,0.4948,8.1987,30.8564,Yes,11.42
2014-12-17,1967908.36,96.7908,6.1106,18.306,0.4893,8.1945,32.537,Yes,11.41
2014-12-18,1967026.42,96.7026,6.108,18.306,0.4932,8.1956,32.7444,Yes,11.41
2014-12-19,1978834.41,97.8834,6.1652,18.0822,0.508,8.2514,34.8648,Yes,11.41
2014-12-22,1999161.75,99.9162,6.265,18.4108,0.5137,8.2591,41.8599,Yes,11.4
2014-12-23,2018139.13,101.8139,6.3547,18.2971,0.5091,8.2734,44.1495,Yes,11.4
2014-12-24,2002052.9,100.2053,6.2816,18.4108,0.5047,8.26,41.0695,Yes,11.39
2014-12-25,2009277.32,100.9277,6.3167,18.0822,0.5095,8.2556,39.5363,Yes,11.39
2014-12-26,2005241.12,100.5241,6.2995,18.0822,0.5133,8.2563,39.2804,Yes,11.39
2014-12-29,2003831.84,100.3832,6.2977,18.2971,0.5154,8.2749,42.3624,Yes,11.38
2014-12-30,2019548.16,101.9548,6.3722,18.2971,0.5116,8.2765,45.1309,Yes,11.38
2015-01-05,2008027.23,100.8027,6.3282,18.2971,0.503,8.2743,43.52,Yes,11.36
2015-01-06,1988689.55,98.869,6.2392,18.4108,0.5007,8.2614,40.6692,Yes,11.36
2015-01-07,1987772.12,98.7772,6.2364,18.4108,0.5021,8.2629,40.7975,Yes,11.36
2015-01-08,1989311.66,98.9312,6.2452,18.4108,0.503,8.2644,40.8582,Yes,11.35
2015-01-09,1993765.82,99.3766,6.2677,18.2971,0.5042,8.2794,41.6879,Yes,11.35
2015-01-12,1996244.31,99.6244,6.2841,18.2971,0.4996,8.28,43.2242,Yes,11.34
2015-01-13,1980791.82,98.0792,6.2128,18.4108,0.5006,8.2669,40.7895,Yes,11.34
2015-01-14,1987459.52,98.746,6.2458,18.2971,0.5013,8.2819,41.4277,Yes,11.34
2015-01-15,1984380.52,98.4381,6.2329,18.4108,0.4893,8.2642,40.7543,Yes,11.33
2015-01-16,1963634.13,96.3634,6.1359,18.4108,0.4911,8.2647,38.8764,Yes,11.33
2015-01-19,1973805.92,97.3806,6.189,18.2971,0.4847,8.2766,42.1223,Yes,11.32
2015-01-20,1948179.24,94.8179,6.068,18.4108,0.4709,8.2578,37.0232,Yes,11.32
2015-01-21,1941293.25,94.1293,6.0363,18.0822,0.4769,8.2532,34.2872,Yes,11.32
2015-01-22,1935798.77,93.5799,6.0113,18.0822,0.4754,8.2532,32.1835,Yes,11.32
2015-01-23,1938763.82,93.8764,6.0271,18.0822,0.4708,8.2542,33.5368,Yes,11.31
2015-01-26,1924763.72,92.4764,5.9637,18.0822,0.4689,8.2541,30.7114,Yes,11.3
2015-01-27,1919331.01,91.9331,5.9387,18.306,0.4694,8.1922,29.7118,Yes,11.3
2015-01-28,1920478.4,92.0478,5.9457,18.306,0.4735,8.1934,30.2477,Yes,11.3
2015-01-29,1929776.36,92.9776,5.9925,18.0822,0.4808,8.2553,31.0588,Yes,11.3
2015-01-30,1943910.82,94.3911,6.0626,18.0822,0.4772,8.2567,32.6285,Yes,11.29
2015-02-02,1938318.39,93.8318,6.04,18.0822,0.4729,8.2571,32.8455,Yes,11.28
2015-02-03,1923445.29,92.3445,5.9692,18.306,0.4762,8.1942,30.477,Yes,11.28
2015-02-04,1928320.04,92.832,5.9944,18.306,0.4746,8.1956,30.5007,Yes,11.28
2015-02-05,1926321.36,92.6321,5.9862,18.306,0.4813,8.1953,30.4861,Yes,11.28
2015-02-06,1942714.0,94.2714,6.0674,18.0822,0.4899,8.2577,33.0278,Yes,11.27
2015-02-09,1956610.1,95.661,6.1391,18.0822,0.4858,8.2589,34.0988,Yes,11.27
2015-02-10,1947535.56,94.7536,6.0968,18.0822,0.4826,8.2597,32.442,Yes,11.26
2015-02-11,1937760.72,93.7761,6.0509,18.306,0.4836,8.1973,30.6544,Yes,11.26
2015-02-12,1942844.46,94.2844,6.0771,18.1771,0.4794,8.197,29.5181,Yes,11.26
2015-02-13,1934720.66,93.4721,6.0392,18.1425,0.4742,8.2015,27.3892,Yes,11.25
2015-02-16,1859270.34,85.927,5.6693,20.7177,0.4393,8.1243,24.6558,Yes,11.25
2015-02-17,1858017.99,85.8018,5.6644,20.6501,0.4435,8.1175,23.6836,Yes,11.24
2015-02-25,1863673.34,86.3673,5.7044,20.6501,0.4416,8.1189,23.9553,Yes,11.22
2015-02-26,1869486.33,86.9486,5.7352,20.2712,0.445,8.0772,23.2409,Yes,11.22
2015-02-27,1860515.41,86.0515,5.6913,20.2712,0.434,8.0725,21.5737,Yes,11.22
2015-03-02,1841137.67,84.1138,5.5969,20.2712,0.4365,8.0702,18.6531,Yes,11.21
2015-03-03,1847676.53,84.7677,5.6317,20.2712,0.4321,8.0712,19.2327,Yes,11.21
2015-03-04,1843974.09,84.3974,5.6142,20.025,0.4357,8.0413,17.1585,Yes,11.2
2015-03-05,1842321.78,84.2322,5.6072,20.025,0.4404,8.0407,16.5315,Yes,11.2
2015-03-06,1852678.25,85.2678,5.6614,20.025,0.4434,8.044,18.318,Yes,11.2
2015-03-09,1852823.12,85.2823,5.6665,19.9912,0.441,8.0355,16.5329,Yes,11.19
2015-03-10,1877607.59,87.7608,5.7935,18.757,0.4549,8.0874,14.7515,Yes,11.19
2015-03-11,1876186.99,87.6187,5.7878,18.757,0.4569,8.0888,14.7541,Yes,11.18
2015-03-12,1880148.55,88.0149,5.8092,18.757,0.454,8.0908,15.5462,Yes,11.18
2015-03-13,1871137.69,87.1138,5.7652,18.757,0.4423,8.085,13.5085,Yes,11.18
2015-03-16,1900557.2,90.0557,5.9174,16.6535,0.4687,8.1087,9.8602,Yes,11.17
2015-03-17,1896457.46,89.6457,5.8984,16.6535,0.4652,8.1083,8.6249,Yes,11.17
2015-03-18,1850705.08,85.0705,5.6685,18.4658,0.4257,8.2696,6.5232,Yes,11.16
2015-03-19,1838386.39,83.8386,5.6067,18.4658,0.4225,8.2703,5.6718,Yes,11.16
2015-03-20,1831349.01,83.1349,5.5718,18.4658,0.4104,8.2646,4.3735,Yes,11.16
2015-03-23,1809269.74,80.927,5.4613,18.5613,0.4058,8.2184,1.4276,Yes,11.15
2015-03-24,1808368.78,80.8369,5.4579,18.4217,0.4027,8.2906,0.3151,Yes,11.15
2015-03-25,1799159.03,79.9159,5.411,18.4217,0.4038,8.2899,-1.164,Yes,11.15
2015-03-26,1799114.32,79.9114,5.4122,18.5613,0.4019,8.2214,0.822,Yes,11.14
2015-03-27,1800739.81,80.074,5.4221,18.4217,0.4058,8.2937,-0.3173,Yes,11.14
2015-03-30,1804720.6,80.4721,5.4471,18.4217,0.4065,8.2947,-0.4194,Yes,11.13
2015-03-31,1804660.04,80.466,5.4482,18.4217,0.398,8.2923,-1.117,Yes,11.13
2015-04-01,1792810.98,79.2811,5.3871,18.2971,0.3864,8.2824,-3.6139,Yes,11.13
2015-04-02,1768754.93,76.8755,5.2606,18.4108,0.3804,8.2671,-6.0121,Yes,11.12
2015-04-03,1771352.63,77.1353,5.2758,18.0822,0.3787,8.2606,-7.8196,Yes,11.12
2015-04-07,1756602.19,75.6602,5.2019,18.0822,0.382,8.2584,-9.5625,Yes,11.11
2015-04-08,1765706.95,76.5707,5.2522,18.0822,0.3899,8.2606,-8.1744,Yes,11.11
2015-04-09,1776288.62,77.6289,5.3102,18.0822,0.3839,8.2611,-7.3322,Yes,11.1
2015-04-10,1762267.03,76.2267,5.2364,18.0822,0.3729,8.2551,-9.5595,Yes,11.1
2015-04-13,1742930.26,74.293,5.1357,18.306,0.3745,8.1898,-11.5242,Yes,11.09
2015-04-14,1751026.66,75.1027,5.181,18.1771,0.3892,8.1854,-11.6724,Yes,11.09
2015-04-15,1772105.92,77.2106,5.2959,18.0822,0.3841,8.2549,-8.0343,Yes,11.09
2015-04-16,1763098.42,76.3098,5.2488,18.0822,0.3838,8.2552,-9.0037,Yes,11.08
2015-04-17,1762890.33,76.289,5.249,18.0822,0.3877,8.2553,-9.2503,Yes,11.08
2015-04-20,1773129.02,77.3129,5.3081,18.0822,0.3827,8.2582,-7.1733,Yes,11.07
2015-04-21,1752620.66,75.2621,5.1988,18.306,0.3702,8.186,-10.6387,Yes,11.07
2015-04-22,1744048.15,74.4048,5.1536,18.1425,0.376,8.1833,-13.1323,Yes,11.07
2015-04-23,1687243.31,68.7243,4.8407,20.7973,0.3366,8.1162,-14.078,Yes,11.07
2015-04-24,1740206.0,74.0206,5.1352,18.1425,0.374,8.1837,-14.2362,Yes,11.06
2015-04-27,1686336.84,68.6337,4.8405,20.7177,0.3432,8.1083,-14.666,Yes,11.05
2015-04-28,1748230.12,74.823,5.1842,18.1771,0.3686,8.1875,-11.8324,Yes,11.05
2015-04-29,1735225.46,73.5225,5.1145,18.1425,0.3694,8.1846,-14.0961,Yes,11.05
2015-04-30,1676776.23,67.6776,4.7902,20.7983,0.3347,8.1138,-14.7128,Yes,11.05
2015-05-04,1680738.81,68.0739,4.8175,20.6501,0.3427,8.0978,-15.4572,Yes,11.04
2015-05-05,1747088.4,74.7088,5.1872,18.1425,0.3778,8.1878,-13.2365,Yes,11.03
2015-05-06,1746921.32,74.6921,5.1876,18.1425,0.383,8.1891,-12.947,Yes,11.03
2015-05-07,1751352.71,75.1353,5.2131,18.1771,0.3669,8.1847,-11.4603,Yes,11.03
2015-05-08,1673419.57,67.342,4.7809,20.7114,0.3183,8.0893,-15.4922,Yes,11.02
2015-05-11,1657038.06,65.7038,4.6911,20.2712,0.316,8.029,-19.3932,Yes,11.02
2015-05-12,1649587.4,64.9587,4.6494,20.025,0.314,7.9982,-21.4341,Yes,11.01
2015-05-13,1642981.2,64.2981,4.6125,19.9912,0.3072,7.9902,-22.0399,Yes,11.01
2015-05-14,1632484.15,63.2484,4.5527,20.0076,0.3067,7.9879,-22.5531,Yes,11.01
2015-05-15,1631655.66,63.1656,4.5491,20.0076,0.2963,7.9844,-22.6002,Yes,11.01
2015-05-18,1640019.76,64.002,4.6012,18.757,0.306,8.0403,-24.7752,Yes,11.0
2015-05-19,1665747.6,66.5748,4.7506,16.9697,0.3255,8.0833,-26.6132,Yes,10.99
2015-05-20,1665063.66,66.5064,4.7479,16.6535,0.3173,8.0623,-28.434,Yes,10.99
2015-05-21,1610263.36,61.0263,4.4306,18.4658,0.2842,8.2272,-31.0137,Yes,10.99
2015-05-22,1608910.17,60.891,4.4237,18.3834,0.2814,8.2241,-31.5642,Yes,10.99
2015-05-25,1599197.88,59.9198,4.3695,18.5613,0.2698,8.1813,-32.5769,Yes,10.98
2015-05-26,1586944.17,58.6944,4.2975,18.4217,0.267,8.2522,-35.2104,Yes,10.98
2015-05-27,1585729.34,58.5729,4.2913,18.2971,0.2852,8.2384,-36.0749,Yes,10.97
2015-05-28,1605863.21,60.5863,4.4124,18.5668,0.2808,8.1725,-32.2673,Yes,10.97
2015-05-29,1601873.37,60.1873,4.3899,18.4191,0.2684,8.1583,-33.3499,Yes,10.97
2015-06-01,1580785.88,58.0786,4.2671,18.4108,0.254,8.2007,-36.5821,Yes,10.96
2015-06-02,1569175.64,56.9176,4.198,18.0822,0.2565,8.1943,-39.1814,Yes,10.96
2015-06-03,1567113.88,56.7114,4.1866,18.0417,0.2604,8.1944,-39.5215,Yes,10.95
2015-06-04,1571399.48,57.1399,4.2136,18.0489,0.2583,8.1959,-39.3188,Yes,10.95
2015-06-05,1563369.07,56.3369,4.166,18.306,0.2644,8.129,-39.9779,Yes,10.95
2015-06-08,1577768.65,57.7769,4.2565,18.1503,0.2643,8.1982,-38.4197,Yes,10.94
2015-06-09,1575910.76,57.5911,4.2464,18.1565,0.2558,8.1968,-38.4481,Yes,10.94
2015-06-10,1567518.0,56.7518,4.1965,17.9723,0.2517,8.1925,-39.9615,Yes,10.93
2015-06-11,1554446.33,55.4446,4.1178,18.1771,0.2463,8.1268,-41.2098,Yes,10.93
2015-06-12,1551315.93,55.1316,4.0997,17.6767,0.2537,8.1243,-42.1401,Yes,10.93
2015-06-15,1555976.57,55.5977,4.1314,17.3054,0.263,8.1236,-40.9656,Yes,10.92
2015-06-16,1572014.29,57.2014,4.2303,17.2556,0.2585,8.1947,-38.4306,Yes,10.92
2015-06-17,1569860.24,56.986,4.2183,16.5444,0.2688,8.1899,-39.7344,Yes,10.92
2015-06-18,1575426.79,57.5427,4.2532,15.7123,0.2821,8.1854,-37.6882,Yes,10.91
2015-06-19,1597414.79,59.7415,4.3868,15.7585,0.2859,8.1387,-33.3371,Yes,10.91
2015-06-23,1601797.49,60.1797,4.4176,15.7194,0.2822,8.1378,-33.4511,Yes,10.9
2015-06-24,1598660.47,59.866,4.3999,15.0318,0.2976,8.1251,-34.7845,Yes,10.9
2015-06-25,1616919.93,61.692,4.51,15.0526,0.3229,8.1478,-31.9567,Yes,10.89
2015-06-26,1685154.65,68.5155,4.9086,15.1146,0.371,7.9784,-25.9838,Yes,10.89
2015-06-29,1653715.45,65.3715,4.731,15.0011,0.3211,7.8881,-20.3867,Yes,10.88
2015-06-30,1662833.76,66.2834,4.7851,14.9448,0.3564,7.919,-23.7124,Yes,10.88
2015-07-01,1661858.85,66.1859,4.7807,15.0132,0.363,7.8697,-19.1108,Yes,10.88
2015-07-02,1689787.04,68.9787,4.9427,15.0306,0.3768,7.9262,-13.1939,Yes,10.87
2015-07-03,1712744.25,71.2744,5.0743,15.0302,0.3891,7.9879,-7.224,Yes,10.87
2015-07-06,1734966.29,73.4966,5.203,15.0368,0.4026,8.0403,-1.9896,Yes,10.86
2015-07-07,1758127.12,75.8127,5.3329,15.038,0.415,8.1028,3.9076,Yes,10.86
2015-07-08,1781398.74,78.1399,5.4619,15.0744,0.4015,8.128,7.0003,Yes,10.86
2015-07-09,1761336.14,76.1336,5.3533,15.0481,0.3935,8.0949,3.9979,Yes,10.85
2015-07-10,1748138.68,74.8139,5.2817,15.0472,0.3818,8.0496,0.7237,Yes,10.85
2015-07-13,1729176.17,72.9176,5.18,15.0442,0.3774,7.9956,-3.8738,Yes,10.84
2015-07-14,1719874.07,71.9874,5.129,15.0545,0.3932,7.9531,-7.0197,Yes,10.84
2015-07-15,1736343.1,73.6343,5.2228,15.0563,0.3897,8.0012,-2.9101,Yes,10.84
2015-07-16,1736035.34,73.6035,5.2225,15.0693,0.3751,7.9782,-3.966,Yes,10.84
2015-07-17,1715591.93,71.5592,5.1088,15.0673,0.3773,7.924,-8.9989,Yes,10.83
2015-07-20,1716206.11,71.6206,5.1163,15.1056,0.3779,7.8915,-11.7609,Yes,10.82
2015-07-21,1713824.5,71.3825,5.1041,15.1235,0.3789,7.8707,-13.7161,Yes,10.82
2015-07-22,1713411.31,71.3411,5.1031,15.1408,0.371,7.8521,-15.1161,Yes,10.82
2015-07-23,1701525.25,70.1525,5.0368,15.1362,0.3796,7.8258,-17.7251,Yes,10.82
2015-07-24,1708952.97,70.8953,5.0804,15.1504,0.3951,7.825,-16.9104,Yes,10.81
2015-07-27,1724610.01,72.461,5.1731,15.1212,0.4054,7.8809,-10.6682,Yes,10.81
2015-07-28,1746197.06,74.6197,5.2956,15.1379,0.3885,7.9155,-6.4827,Yes,10.8
2015-07-29,1728315.82,72.8316,5.1967,15.1351,0.405,7.8679,-10.7387,Yes,10.8
2015-07-30,1745051.29,74.5051,5.292,15.1573,0.4128,7.8894,-8.2243,Yes,10.8
2015-07-31,1756810.05,75.681,5.3589,15.1653,0.4233,7.9081,-5.8652,Yes,10.79
2015-08-03,1771021.62,77.1022,5.4418,15.1428,0.404,7.9562,-0.4693,Yes,10.79
2015-08-04,1752208.79,75.2209,5.3389,15.1569,0.4102,7.8991,-6.2877,Yes,10.78
2015-08-05,1753491.46,75.3491,5.3474,15.1583,0.4112,7.9029,-6.0409,Yes,10.78
2015-08-06,1754940.85,75.4941,5.3569,15.1618,0.3966,7.8961,-5.9234,Yes,10.78
2015-08-07,1734663.96,73.4664,5.2447,15.1418,0.3833,7.8551,-9.4154,Yes,10.78
2015-08-10,1715495.44,71.5495,5.1403,15.137,0.3788,7.8124,-13.845,Yes,10.77
2015-08-11,1702165.86,70.2166,5.0654,15.1019,0.3705,7.8075,-14.4879,Yes,10.76
2015-08-12,1688097.84,68.8098,4.9858,15.0386,0.3601,7.8231,-13.2249,Yes,10.76
2015-08-13,1679921.25,67.9921,4.9397,15.045,0.3627,7.7997,-15.7743,Yes,10.76
2015-08-14,1680387.48,68.0387,4.9437,15.0545,0.3582,7.7942,-16.3358,Yes,10.76
2015-08-17,1674248.95,67.4249,4.9118,15.0535,0.3838,7.7606,-17.8023,Yes,10.75
2015-08-18,1701162.83,70.1163,5.0689,15.0612,0.3693,7.8167,-11.462,Yes,10.75
2015-08-19,1689686.89,68.9687,5.0041,15.0521,0.3766,7.7972,-13.6728,Yes,10.74
2015-08-20,1694366.16,69.4366,5.0324,15.0313,0.386,7.8203,-10.8549,Yes,10.74
2015-08-21,1707989.74,70.799,5.1121,15.0103,0.4081,7.8468,-5.7069,Yes,10.74
2015-08-24,1741547.84,74.1548,5.3069,15.0221,0.429,7.8968,2.0681,Yes,10.73
2015-08-25,1775824.16,77.5824,5.4999,15.0318,0.4437,7.9593,10.1564,Yes,10.73
2015-08-26,1801455.11,80.1455,5.6424,15.0526,0.4355,8.0009,15.0968,Yes,10.72
2015-08-27,1790266.68,79.0267,5.5825,15.0633,0.4185,7.953,11.4084,Yes,10.72
2015-08-28,1762623.35,76.2623,5.4308,15.0556,0.4331,7.8938,4.9776,Yes,10.72
2015-08-31,1779402.63,77.9403,5.5284,15.0569,0.4506,7.9181,9.2095,Yes,10.71
2015-09-01,1807756.55,80.7757,5.6857,15.0547,0.4624,7.9767,16.6814,Yes,10.71
2015-09-02,1866910.23,86.691,6.0056,15.1146,0.4965,7.7963,21.7769,Yes,10.7
2015-09-07,1866062.1,86.6062,6.009,15.1209,0.4847,7.7735,19.0796,Yes,10.69
2015-09-08,1803420.92,80.3421,5.6725,15.0818,0.4361,7.9367,13.4765,Yes,10.69
2015-09-09,1784023.16,78.4023,5.5671,15.0749,0.4463,7.9003,9.1234,Yes,10.68
2015-09-10,1796945.31,79.6945,5.6399,15.0965,0.4424,7.912,10.7058,Yes,10.68
2015-09-11,1791012.34,79.1012,5.6087,15.0971,0.4657,7.8822,9.1864,Yes,10.68
2015-09-14,1824496.96,82.4497,5.7966,15.1044,0.4803,7.9357,17.1384,Yes,10.67
2015-09-15,1887475.81,88.7476,6.1352,15.1146,0.4969,7.7369,23.4226,Yes,10.67
2015-09-16,1818528.07,81.8528,5.7672,15.1035,0.4616,7.9133,15.7593,Yes,10.67
2015-09-17,1817503.39,81.7503,5.7631,15.087,0.4542,7.9234,16.8808,Yes,10.66
2015-09-18,1806484.41,80.6484,5.7043,15.0772,0.4401,7.902,14.9076,Yes,10.66
2015-09-21,1783890.92,78.3891,5.584,15.059,0.4415,7.8729,10.6369,Yes,10.65
2015-09-22,1784425.26,78.4425,5.5884,15.0669,0.4453,7.8698,10.1743,Yes,10.65
2015-09-23,1789375.45,78.9375,5.6174,15.0731,0.4387,7.8752,10.9737,Yes,10.65
2015-09-24,1779377.33,77.9377,5.5633,15.06,0.4484,7.8634,9.5074,Yes,10.64
2015-09-25,1792969.51,79.297,5.6403,15.0522,0.4426,7.8961,13.6447,Yes,10.64
2015-09-28,1785868.37,78.5868,5.6053,15.066,0.452,7.8719,10.7535,Yes,10.63
2015-09-29,1797952.85,79.7953,5.6739,15.0836,0.4535,7.8845,12.4597,Yes,10.63
2015-09-30,1800062.27,80.0062,5.687,15.0919,0.436,7.8712,12.3603,Yes,10.63
2015-10-08,1773014.8,77.3015,5.5483,15.0635,0.4322,7.8408,7.775,Yes,10.61
2015-10-09,1765876.19,76.5876,5.5096,15.0615,0.4162,7.8188,6.1398,Yes,10.6
2015-10-12,1741809.75,74.181,5.3774,15.0377,0.4153,7.7913,1.8776,Yes,10.59
2015-10-13,1739053.88,73.9054,5.3631,15.0485,0.4154,7.7814,0.3653,Yes,10.59
2015-10-14,1736944.95,73.6945,5.3525,15.0244,0.403,7.789,1.7332,Yes,10.59
2015-10-15,1721307.33,72.1307,5.2639,15.0137,0.4006,7.7682,-1.4283,Yes,10.59
2015-10-16,1716444.48,71.6444,5.2372,15.0171,0.4028,7.759,-2.9114,Yes,10.58
2015-10-19,1718150.59,71.8151,5.2513,15.0222,0.397,7.7595,-2.8285,Yes,10.58
2015-10-20,1710580.39,71.058,5.2087,15.0224,0.4188,7.7319,-4.7593,Yes,10.57
2015-10-21,1736474.14,73.6474,5.3597,15.0261,0.4046,7.7715,1.6513,Yes,10.57
2015-10-22,1721284.52,72.1285,5.2736,15.0282,0.3948,7.74,-2.3846,Yes,10.57
2015-10-23,1705663.09,70.5663,5.1842,15.0161,0.3966,7.7218,-5.444,Yes,10.56
2015-10-26,1706470.02,70.647,5.193,15.03,0.3943,7.7171,-6.2641,Yes,10.56
2015-10-27,1702455.98,70.2456,5.171,15.0278,0.4003,7.7122,-7.0973,Yes,10.55
2015-10-28,1708444.3,70.8444,5.2073,15.02,0.3998,7.7282,-4.9192,Yes,10.55
2015-10-29,1710116.04,71.0116,5.2185,15.0372,0.4056,7.7226,-5.7727,Yes,10.55
2015-10-30,1716951.77,71.6952,5.2597,15.0569,0.4166,7.7208,-5.5028,Yes,10.55
2015-11-02,1730242.15,73.0242,5.341,15.068,0.4177,7.7383,-2.9294,Yes,10.54
2015-11-03,1733023.42,73.3023,5.3584,15.0747,0.4058,7.7353,-2.709,Yes,10.53
2015-11-04,1719666.93,71.9667,5.2825,15.0944,0.4125,7.7054,-7.6003,Yes,10.53
2015-11-05,1723768.57,72.3769,5.3077,15.1076,0.4045,7.7042,-7.5472,Yes,10.53
2015-11-06,1713394.58,71.3395,5.2488,15.1035,0.4044,7.6919,-9.8307,Yes,10.53
2015-11-09,1713109.21,71.3109,5.2513,15.1253,0.4033,7.6826,-11.5462,Yes,10.52
2015-11-10,1709185.25,70.9185,5.2298,15.1239,0.3947,7.6758,-12.3959,Yes,10.52
2015-11-11,1697071.48,69.7071,5.16,15.1057,0.3958,7.6679,-14.0375,Yes,10.51
2015-11-12,1697624.3,69.7624,5.1646,15.1118,0.4044,7.6651,-14.3307,Yes,10.51
2015-11-13,1706971.92,70.6972,5.221,15.1206,0.3903,7.6699,-12.6034,Yes,10.51
2015-11-16,1690203.04,69.0203,5.1263,15.0945,0.4005,7.6557,-14.8324,Yes,10.5
2015-11-17,1702339.08,70.2339,5.1993,15.1259,0.409,7.6587,-14.1131,Yes,10.5
2015-11-18,1711833.27,71.1833,5.2565,15.1372,0.3966,7.6638,-12.5496,Yes,10.49
2015-11-19,1698029.38,69.8029,5.1767,15.1264,0.3902,7.648,-15.1699,Yes,10.49
2015-11-20,1687761.28,68.7761,5.1173,15.1146,0.399,7.6381,-16.8356,Yes,10.49
2015-11-23,1697508.73,69.7509,5.1792,15.137,0.3953,7.6435,-16.04,Yes,10.48
2015-11-24,1693171.25,69.3171,5.1549,15.1355,0.3864,7.6362,-16.9887,Yes,10.48
2015-11-25,1681382.8,68.1383,5.0861,15.1209,0.3923,7.6269,-18.8257,Yes,10.47
2015-11-26,1686791.97,68.6792,5.1197,15.1318,0.4152,7.6127,-18.2488,Yes,10.47
2015-11-27,1711404.21,71.1404,5.2667,15.1395,0.4142,7.643,-12.5922,Yes,10.47
2015-11-30,1717571.64,71.7572,5.3071,15.1677,0.4101,7.6401,-13.1838,Yes,10.46
2015-12-01,1707764.5,70.7764,5.2509,15.1309,0.4149,7.6424,-12.7828,Yes,10.46
2015-12-02,1715357.62,71.5358,5.297,15.1409,0.4094,7.6492,-11.6004,Yes,10.45
2015-12-03,1711740.31,71.174,5.2772,15.1614,0.4103,7.6378,-14.0577,Yes,10.45
2015-12-04,1707942.09,70.7942,5.2562,15.1471,0.3968,7.6337,-13.876,Yes,10.45
2015-12-07,1690030.11,69.003,5.1542,15.1055,0.4059,7.6254,-15.1921,Yes,10.44
2015-12-08,1701127.05,70.1127,5.2216,15.1229,0.4047,7.6348,-13.6719,Yes,10.44
2015-12-09,1699686.52,69.9687,5.2144,15.1159,0.4052,7.6374,-13.4693,Yes,10.44
2015-12-10,1700870.73,70.0871,5.2228,15.1204,0.4081,7.6386,-13.4802,Yes,10.43
2015-12-11,1703446.2,70.3446,5.2395,15.1192,0.4005,7.6424,-12.7031,Yes,10.43
2015-12-14,1695028.85,69.5029,5.1937,15.1113,0.3995,7.6361,-14.1937,Yes,10.42
2015-12-15,1694045.86,69.4046,5.1893,15.1259,0.3978,7.6303,-15.5258,Yes,10.42
2015-12-16,1689859.98,68.986,5.1657,15.1227,0.3882,7.6238,-16.3056,Yes,10.42
2015-12-17,1678567.08,67.8567,5.0994,15.1171,0.3946,7.6128,-18.7014,Yes,10.41
2015-12-18,1683703.75,68.3704,5.1316,15.1297,0.3883,7.6147,-18.3191,Yes,10.41
2015-12-21,1674733.12,67.4733,5.0818,15.1071,0.3827,7.6125,-18.8507,Yes,10.4
2015-12-22,1668025.74,66.8026,5.0426,15.0958,0.3901,7.6081,-19.6738,Yes,10.4
2015-12-23,1675527.61,67.5528,5.0894,15.1044,0.389,7.616,-18.382,Yes,10.4
2015-12-24,1675062.5,67.5063,5.0879,15.1028,0.3856,7.6174,-18.3438,Yes,10.39
2015-12-25,1671171.77,67.1172,5.0658,15.0996,0.394,7.6131,-19.0579,Yes,10.39
2015-12-28,1679317.55,67.9318,5.1191,15.1059,0.3875,7.6218,-17.4289,Yes,10.38
2015-12-29,1673409.02,67.3409,5.0848,15.1007,0.3841,7.6173,-18.5011,Yes,10.38
2015-12-30,1668883.83,66.8884,5.0588,15.1012,0.4218,7.5691,-19.6549,Yes,10.38
2016-01-04,1706730.12,70.673,5.2932,15.1069,0.4208,7.6084,-10.4404,Yes,10.36
2016-01-05,1711675.83,71.1676,5.324,15.0937,0.4088,7.616,-8.1399,Yes,10.36
2016-01-06,1699226.73,69.9227,5.2513,15.0846,0.433,7.5889,-10.5763,Yes,10.36
2016-01-07,1724082.21,72.4082,5.4004,15.0556,0.428,7.625,-1.9628,Yes,10.36
2016-01-08,1722698.05,72.2698,5.3937,15.0543,0.4536,7.6033,-2.1811,Yes,10.35
2016-01-11,1754350.17,75.435,5.5837,15.0561,0.4567,7.6348,5.8199,Yes,10.35
2016-01-12,1760900.82,76.0901,5.6233,15.0749,0.4754,7.6251,6.0417,Yes,10.34
2016-01-13,1785292.53,78.5293,5.7655,15.0936,0.4597,7.635,10.8029,Yes,10.34
2016-01-14,1763474.19,76.3474,5.6413,15.0791,0.4748,7.6131,6.4346,Yes,10.34
2016-01-15,1782537.31,78.2537,5.7528,15.0913,0.4654,7.6256,10.3517,Yes,10.33
2016-01-18,1769710.43,76.971,5.6836,15.0839,0.4533,7.6116,7.7135,Yes,10.33
2016-01-19,1752882.16,75.2882,5.5874,15.0832,0.4563,7.5984,3.5081,Yes,10.32
2016-01-20,1755007.85,75.5008,5.6013,15.08,0.4681,7.5976,4.3414,Yes,10.32
2016-01-21,1770395.54,77.0396,5.6922,15.0675,0.4635,7.6156,9.2905,Yes,10.32
2016-01-22,1765175.83,76.5176,5.6635,15.0733,0.4589,7.6101,7.5346,Yes,10.32
2016-01-25,1758118.61,75.8119,5.6271,15.0686,0.4818,7.5893,6.1384,Yes,10.31
2016-01-26,1788752.88,78.8753,5.8058,15.0552,0.4848,7.6186,15.07,Yes,10.3
2016-01-27,1792802.07,79.2802,5.8307,15.0535,0.5027,7.6129,16.2843,Yes,10.3
2016-01-28,1818525.12,81.8525,5.9788,15.0612,0.4914,7.6274,22.2754,Yes,10.3
2016-01-29,1799955.62,79.9956,5.8748,15.0612,0.4934,7.6143,17.5594,Yes,10.3
2016-02-01,1802941.48,80.2941,5.8967,15.0525,0.4802,7.6136,19.0609,Yes,10.29
2016-02-02,1783209.85,78.321,5.7851,15.0454,0.4766,7.6016,14.6064,Yes,10.28
2016-02-03,1778021.23,77.8021,5.7567,15.0394,0.4658,7.5963,13.7894,Yes,10.28
2016-02-04,1762547.14,76.2547,5.6684,15.0222,0.467,7.5903,11.2106,Yes,10.28
2016-02-05,1764104.56,76.4105,5.679,15.0116,0.4533,7.5882,12.4884,Yes,10.28
2016-02-15,1745369.16,74.5369,5.5845,14.9517,0.4428,7.5859,12.3769,Yes,10.25
2016-02-16,1730813.35,73.0813,5.4998,14.9648,0.4354,7.5711,7.5972,Yes,10.25
2016-02-17,1720174.64,72.0175,5.4378,14.9519,0.437,7.5675,5.8583,Yes,10.24
2016-02-18,1721824.7,72.1825,5.4492,14.9536,0.4304,7.5685,6.195,Yes,10.24
2016-02-19,1713027.29,71.3027,5.398,14.9347,0.4261,7.567,5.3815,Yes,10.24
2016-02-22,1707264.45,70.7264,5.3677,14.9431,0.4285,7.5624,3.2684,Yes,10.23
2016-02-23,1709586.12,70.9586,5.3832,14.9433,0.4255,7.5654,3.8924,Yes,10.23
2016-02-24,1705499.31,70.5499,5.36,14.931,0.4494,7.5472,3.8016,Yes,10.22
2016-02-25,1737201.92,73.7202,5.5515,14.9241,0.4516,7.5715,12.7238,Yes,10.22
2016-02-26,1738717.59,73.8718,5.562,14.9236,0.4775,7.5519,13.2497,Yes,10.22
2016-02-29,1774108.03,77.4108,5.7751,14.9448,0.4674,7.5665,20.8664,Yes,10.21
2016-03-01,1757080.3,75.708,5.6768,14.9265,0.4548,7.556,18.2104,Yes,10.21
2016-03-02,1739020.2,73.902,5.5715,14.933,0.4509,7.5444,12.5879,Yes,10.21
2016-03-03,1734406.1,73.4406,5.5455,14.9219,0.4602,7.5423,12.3654,Yes,10.2
2016-03-04,1747900.27,74.79,5.6273,14.915,0.4532,7.5516,17.0358,Yes,10.2
2016-03-07,1736191.44,73.6191,5.5623,14.9107,0.4486,7.5463,14.2389,Yes,10.19
2016-03-08,1730131.94,73.0132,5.5276,14.905,0.4598,7.541,13.1926,Yes,10.19
2016-03-09,1744878.13,74.4878,5.6171,14.9196,0.4688,7.5455,15.7661,Yes,10.19
2016-03-10,1756268.74,75.6269,5.6862,14.9311,0.4656,7.5508,17.7038,Yes,10.18
2016-03-11,1751795.03,75.1795,5.6613,14.9167,0.457,7.5502,18.1383,Yes,10.18
2016-03-14,1738372.19,73.8372,5.5861,14.9229,0.4657,7.5394,13.6454,Yes,10.17
2016-03-15,1750200.51,75.0201,5.6581,14.9476,0.4677,7.5431,14.6706,Yes,10.17
2016-03-16,1752983.43,75.2983,5.6762,14.9402,0.4505,7.5352,16.0127,Yes,10.17
2016-03-17,1728400.5,72.84,5.531,14.917,0.4367,7.521,11.604,Yes,10.16
2016-03-18,1710181.18,71.0181,5.4225,14.9101,0.4319,7.5137,7.2303,Yes,10.16
2016-03-21,1703900.65,70.3901,5.3889,14.9272,0.4306,7.5104,4.2839,Yes,10.15
2016-03-22,1701782.44,70.1782,5.3774,14.918,0.4308,7.5121,4.4692,Yes,10.15
2016-03-23,1701750.6,70.1751,5.3787,14.9342,0.4408,7.5084,3.2587,Yes,10.15
2016-03-24,1713820.15,71.382,5.4537,14.9548,0.437,7.5127,4.8674,Yes,10.15
2016-03-25,1708725.86,70.8726,5.4242,14.9483,0.4404,7.5123,4.0681,Yes,10.14
2016-03-28,1712740.91,71.2741,5.4532,14.9552,0.4472,7.5133,4.6257,Yes,10.13
2016-03-29,1721021.34,72.1021,5.5049,14.9535,0.4307,7.5081,6.9425,Yes,10.13
2016-03-30,1699396.42,69.9396,5.3748,14.9332,0.434,7.5024,2.8911,Yes,10.13
2016-03-31,1703020.21,70.302,5.3984,14.9474,0.4352,7.5041,2.7876,Yes,10.13
2016-04-01,1704083.04,70.4083,5.4064,14.9422,0.4269,7.5041,3.4969,Yes,10.12
2016-04-05,1693762.13,69.3762,5.3491,14.946,0.4243,7.5011,0.5441,Yes,10.11
2016-04-06,1689834.85,68.9835,5.3264,14.9414,0.4307,7.5001,-0.0987,Yes,10.11
2016-04-07,1697096.47,69.7096,5.3726,14.945,0.4312,7.5042,1.5573,Yes,10.11
2016-04-08,1697622.75,69.7623,5.3774,14.937,0.4203,7.5022,2.3394,Yes,10.1
2016-04-11,1683891.04,68.3891,5.2971,14.9201,0.4218,7.5,0.0604,Yes,10.1
2016-04-12,1685071.46,68.5071,5.3059,14.914,0.4188,7.5022,0.8629,Yes,10.09
2016-04-13,1681490.24,68.149,5.2852,14.9206,0.4184,7.502,-0.5405,Yes,10.09
2016-04-14,1680756.67,68.0757,5.2821,14.9345,0.4195,7.5022,-1.7468,Yes,10.09
2016-04-15,1681497.64,68.1498,5.2882,14.9382,0.4244,7.5029,-1.7921,Yes,10.08
2016-04-18,1686986.38,68.6986,5.3266,14.9389,0.4196,7.5057,-0.3809,Yes,10.08
2016-04-19,1680908.08,68.0908,5.2904,14.9241,0.4366,7.4962,-0.8207,Yes,10.07
2016-04-20,1701289.71,70.129,5.418,14.9254,0.437,7.5044,4.4567,Yes,10.07
2016-04-21,1701743.61,70.1744,5.4223,14.9084,0.4381,7.5073,5.9053,Yes,10.07
2016-04-22,1702755.25,70.2755,5.43,14.9264,0.443,7.5071,4.8323,Yes,10.07
2016-04-25,1708531.2,70.8531,5.4701,14.9383,0.4393,7.5093,5.4683,Yes,10.06
2016-04-26,1703579.41,70.3579,5.4412,14.9401,0.4361,7.5088,4.0659,Yes,10.05
2016-04-27,1699222.26,69.9222,5.4158,14.9223,0.4358,7.5102,4.3155,Yes,10.05
2016-04-28,1698621.13,69.8621,5.4136,14.9174,0.431,7.5111,4.5655,Yes,10.05
2016-04-29,1692436.0,69.2436,5.3769,14.8971,0.4142,7.5012,4.715,Yes,10.05
2016-05-03,1671069.8,67.107,5.2496,14.8716,0.4154,7.4979,1.4497,Yes,10.04
2016-05-04,1671959.87,67.196,5.2566,14.875,0.4135,7.4994,1.3723,Yes,10.03
2016-05-05,1669402.05,66.9402,5.242,14.8755,0.4276,7.4932,0.6248,Yes,10.03
2016-05-06,1686257.53,68.6258,5.349,14.8808,0.4444,7.4903,4.9132,Yes,10.03
2016-05-09,1706818.95,70.6819,5.481,14.8915,0.4492,7.4964,9.6551,Yes,10.02
2016-05-10,1711642.11,71.1642,5.5123,14.9016,0.4509,7.4985,9.9256,Yes,10.02
2016-05-11,1713870.6,71.3871,5.5275,14.8983,0.4524,7.5009,10.9749,Yes,10.01
2016-05-12,1715148.81,71.5149,5.5369,14.9016,0.4507,7.5025,11.0042,Yes,10.01
2016-05-13,1712855.81,71.2856,5.5244,14.8943,0.4418,7.5011,11.2169,Yes,10.01
2016-05-16,1700914.09,70.0914,5.4553,14.8833,0.4442,7.4998,9.0629,Yes,10.0
2016-05-17,1703777.12,70.3777,5.4745,14.891,0.4553,7.4973,9.058,Yes,10.0
2016-05-18,1718108.21,71.8108,5.5645,14.8964,0.4592,7.502,12.5869,Yes,9.99
2016-05-19,1721323.7,72.1324,5.5858,14.9119,0.4548,7.5027,11.7845,Yes,9.99
2016-05-20,1715554.6,71.5555,5.5519,14.9094,0.4497,7.5021,10.4645,Yes,9.99
2016-05-23,1708774.83,70.8775,5.5148,14.9092,0.4557,7.5005,8.5932,Yes,9.98
2016-05-24,1716286.63,71.6287,5.5627,14.9185,0.4622,7.502,9.7171,Yes,9.98
2016-05-25,1723946.34,72.3946,5.6114,14.9403,0.4593,7.5041,10.0501,Yes,9.98
2016-05-26,1719935.3,71.9935,5.5883,14.9343,0.4618,7.5048,9.4986,Yes,9.97
2016-05-27,1722783.35,72.2783,5.6074,14.9414,0.4681,7.5053,9.7283,Yes,9.97
2016-05-30,1730429.48,73.0429,5.6591,14.9595,0.4511,7.4966,10.3597,Yes,9.96
2016-05-31,1707800.82,70.7801,5.5212,14.941,0.4474,7.4938,5.9176,Yes,9.96
2016-06-01,1703194.64,70.3195,5.4941,14.9379,0.443,7.4939,4.9832,Yes,9.96
2016-06-02,1697491.5,69.7492,5.4601,14.9351,0.4436,7.4944,3.7425,Yes,9.95
2016-06-03,1697933.16,69.7933,5.4644,14.9407,0.4349,7.4932,3.4664,Yes,9.95
2016-06-06,1686893.68,68.6894,5.3999,14.9079,0.434,7.4935,3.0891,Yes,9.94
2016-06-07,1685476.73,68.5477,5.3925,14.9054,0.432,7.4948,2.9401,Yes,9.94
2016-06-08,1682841.58,68.2842,5.3774,14.8972,0.4403,7.4937,2.974,Yes,9.94
2016-06-13,1694035.02,69.4035,5.4555,14.8766,0.4411,7.4982,8.5221,Yes,9.92
2016-06-14,1693040.29,69.304,5.4508,14.8789,0.4261,7.4912,8.0122,Yes,9.92
2016-06-15,1674066.03,67.4066,5.3326,14.8653,0.4194,7.4883,4.1018,Yes,9.92
2016-06-16,1666191.24,66.6191,5.284,14.847,0.426,7.4876,3.8839,Yes,9.92
2016-06-17,1673095.64,67.3096,5.3294,14.8718,0.4234,7.4895,3.1867,Yes,9.91
2016-06-20,1670003.47,67.0003,5.3143,14.8688,0.4288,7.4896,2.6569,Yes,9.9
2016-06-21,1676180.88,67.6181,5.3551,14.8733,0.4268,7.492,3.9744,Yes,9.9
2016-06-22,1673354.85,67.3355,5.3387,14.8843,0.4274,7.4928,1.9864,Yes,9.9
2016-06-23,1673921.38,67.3921,5.3438,14.8842,0.4144,7.4882,2.1996,Yes,9.9
2016-06-24,1658836.89,65.8837,5.2489,14.8376,0.4036,7.4841,3.0115,Yes,9.89
2016-06-27,1644725.4,64.4725,5.1625,14.8241,0.4021,7.4836,0.4221,Yes,9.88
2016-06-28,1642453.66,64.2454,5.1493,14.8272,0.4004,7.4846,-0.5446,Yes,9.88
2016-06-29,1640319.12,64.0319,5.1369,14.8235,0.4024,7.4858,-0.7222,Yes,9.88
2016-06-30,1642263.32,64.2263,5.151,14.8286,0.3986,7.487,-0.6686,Yes,9.88
2016-07-01,1637911.15,63.7911,5.1242,14.814,0.3866,7.4829,-0.3199,Yes,9.87
2016-07-04,1623581.66,62.3582,5.0349,14.7924,0.3872,7.4828,-2.157,Yes,9.87
2016-07-05,1623427.8,62.3428,5.0354,14.7966,0.3789,7.4818,-2.6045,Yes,9.86
2016-07-06,1614249.34,61.4249,4.9764,14.7749,0.3805,7.4827,-2.9561,Yes,9.86
2016-07-07,1615121.03,61.5121,4.9836,14.7784,0.3847,7.4836,-3.0334,Yes,9.86
2016-07-08,1619454.63,61.9455,5.0136,14.7892,0.3845,7.4855,-2.8705,Yes,9.85
2016-07-11,1619427.68,61.9428,5.0177,14.7829,0.3838,7.4874,-2.1672,Yes,9.85
2016-07-12,1618077.65,61.8078,5.0102,14.7865,0.384,7.4886,-2.9119,Yes,9.84
2016-07-13,1618099.66,61.81,5.0118,14.795,0.3857,7.4897,-3.7745,Yes,9.84
2016-07-14,1619754.02,61.9754,5.0241,14.8019,0.388,7.4911,-3.9823,Yes,9.84
2016-07-15,1622179.12,62.2179,5.0415,14.8029,0.3909,7.4928,-3.3423,Yes,9.84
2016-07-18,1625180.48,62.518,5.0656,14.8068,0.3879,7.4944,-2.8553,Yes,9.83
2016-07-19,1621729.6,62.173,5.0443,14.8037,0.3895,7.4955,-3.4921,Yes,9.82
2016-07-20,1623148.36,62.3148,5.0551,14.8081,0.3929,7.4967,-3.5034,Yes,9.82
2016-07-21,1626667.6,62.6668,5.0797,14.819,0.3938,7.4985,-3.607,Yes,9.82
2016-07-22,1627619.77,62.762,5.0875,14.8143,0.3961,7.5002,-2.7912,Yes,9.82
2016-07-25,1629891.11,62.9891,5.1068,14.8201,0.3913,7.5012,-2.7191,Yes,9.81
2016-07-26,1624359.2,62.4359,5.0718,14.8165,0.4094,7.4913,-3.9057,Yes,9.81
2016-07-27,1644500.19,64.45,5.2054,14.8264,0.4057,7.4947,0.9268,Yes,9.8
2016-07-28,1640178.2,64.0178,5.1787,14.8117,0.4114,7.495,1.296,Yes,9.8
2016-07-29,1645981.86,64.5982,5.2181,14.8199,0.4145,7.4968,2.1358,Yes,9.8
2016-08-01,1649875.74,64.9876,5.248,14.8153,0.4098,7.4981,3.8147,Yes,9.79
2016-08-02,1643635.1,64.3635,5.2087,14.8082,0.4067,7.4988,2.8046,Yes,9.79
2016-08-03,1639827.47,63.9827,5.1853,14.8023,0.4074,7.5,2.3633,Yes,9.78
2016-08-04,1640004.13,64.0004,5.1879,14.811,0.405,7.5013,1.5158,Yes,9.78
2016-08-05,1637599.0,63.7599,5.1736,14.7995,0.4088,7.5024,2.0844,Yes,9.78
2016-08-08,1640819.1,64.0819,5.1993,14.8198,0.4051,7.5035,0.8743,Yes,9.77
2016-08-09,1636672.43,63.6672,5.1735,14.8188,0.4013,7.5042,-0.1924,Yes,9.77
2016-08-10,1632407.9,63.2408,5.1469,14.8047,0.4106,7.5028,0.1254,Yes,9.76
2016-08-11,1642308.32,64.2308,5.2135,14.8166,0.4075,7.505,1.7694,Yes,9.76
2016-08-12,1638496.5,63.8496,5.19,14.8157,0.4004,7.5045,0.7847,Yes,9.76
2016-08-15,1630049.04,63.0049,5.1387,14.8137,0.3962,7.5046,-1.4212,Yes,9.75
2016-08-16,1625044.64,62.5045,5.107,14.8076,0.3968,7.5057,-2.19,Yes,9.75
2016-08-17,1625273.4,62.5273,5.11,14.8121,0.3949,7.5072,-2.5707,Yes,9.75
2016-08-18,1623061.14,62.3061,5.0968,14.8061,0.3946,7.5087,-2.5333,Yes,9.74
2016-08-19,1622300.3,62.23,5.0932,14.8059,0.4026,7.508,-2.6975,Yes,9.74
2016-08-22,1630851.22,63.0851,5.1544,14.8179,0.4015,7.5102,-1.4549,Yes,9.73
2016-08-23,1629589.88,62.959,5.1475,14.8158,0.4003,7.5117,-1.5596,Yes,9.73
2016-08-24,1627912.75,62.7913,5.1379,14.8148,0.4064,7.5118,-1.8966,Yes,9.73
2016-08-25,1634489.04,63.4489,5.183,14.8261,0.4052,7.5139,-1.1603,Yes,9.72
2016-08-26,1632954.25,63.2954,5.1743,14.8254,0.4056,7.5154,-1.4954,Yes,9.72
2016-08-29,1633079.14,63.3079,5.1796,14.8284,0.4047,7.5169,-1.7465,Yes,9.71
2016-08-30,1631891.45,63.1891,5.1732,14.8257,0.4064,7.5183,-1.7629,Yes,9.71
2016-08-31,1633544.73,63.3545,5.1857,14.8305,0.4101,7.5195,-1.7619,Yes,9.71
2016-09-01,1637495.72,63.7496,5.2134,14.8345,0.4116,7.5214,-1.0044,Yes,9.7
2016-09-02,1639000.1,63.9,5.2249,14.8341,0.4059,7.522,-0.4847,Yes,9.7
2016-09-05,1632361.31,63.2361,5.1854,14.8204,0.4,7.522,-0.9051,Yes,9.69
2016-09-06,1625215.8,62.5216,5.1393,14.8164,0.3958,7.5223,-2.5173,Yes,9.69
2016-09-07,1620319.7,62.032,5.108,14.8024,0.3951,7.5237,-2.4179,Yes,9.69
2016-09-08,1618935.11,61.8935,5.1002,14.8032,0.4002,7.5243,-2.8615,Yes,9.68
2016-09-09,1624240.68,62.4241,5.1372,14.8112,0.4134,7.5202,-2.1377,Yes,9.68
2016-09-12,1639110.42,63.911,5.2408,14.8217,0.4109,7.5226,1.1092,Yes,9.67
2016-09-13,1635755.02,63.5755,5.22,14.8205,0.4144,7.5235,0.3,Yes,9.67
2016-09-14,1639495.16,63.9495,5.2464,14.8267,0.4123,7.5252,0.7485,Yes,9.67
2016-09-19,1636712.26,63.6712,5.2355,14.8301,0.4121,7.5266,-0.3881,Yes,9.65
2016-09-20,1636414.27,63.6414,5.235,14.8292,0.4109,7.5282,-0.3401,Yes,9.65
2016-09-21,1634715.12,63.4715,5.2252,14.8271,0.4066,7.5291,-0.5651,Yes,9.65
2016-09-22,1629649.6,62.965,5.1929,14.8177,0.408,7.5304,-0.997,Yes,9.65
2016-09-23,1630855.52,63.0856,5.2025,14.8171,0.416,7.5299,-0.5379,Yes,9.64
2016-09-26,1639751.17,63.9751,5.2665,14.8214,0.4143,7.5319,1.6207,Yes,9.64
2016-09-27,1637286.51,63.7287,5.2516,14.8217,0.4177,7.533,0.913,Yes,9.63
2016-09-28,1640847.08,64.0847,5.2768,14.8303,0.4175,7.5348,1.0536,Yes,9.63
2016-09-29,1640445.55,64.0446,5.2757,14.8325,0.4152,7.5362,0.7431,Yes,9.63
2016-09-30,1637569.68,63.757,5.258,14.8296,0.4221,7.536,0.2498,Yes,9.62
2016-10-10,1645138.04,64.5138,5.324,14.8692,0.4199,7.5375,-1.8112,Yes,9.6
2016-10-11,1642443.8,64.2444,5.3076,14.8686,0.4205,7.539,-2.48,Yes,9.59
2016-10-12,1642716.23,64.2716,5.311,14.8709,0.4189,7.5405,-2.6111,Yes,9.59
2016-10-13,1640657.73,64.0658,5.2988,14.8672,0.4207,7.5419,-2.7645,Yes,9.59
2016-10-14,1642405.59,64.2406,5.312,14.8706,0.4238,7.5433,-2.592,Yes,9.59
2016-10-17,1645664.78,64.5665,5.3385,14.8713,0.4166,7.5434,-1.692,Yes,9.58
2016-10-18,1637264.49,63.7264,5.2838,14.8629,0.4174,7.5445,-3.1677,Yes,9.58
2016-10-19,1637739.49,63.7739,5.2885,14.8633,0.4132,7.5456,-3.0326,Yes,9.57
2016-10-20,1632819.91,63.282,5.257,14.8546,0.4168,7.5466,-3.4768,Yes,9.57
2016-10-21,1636458.35,63.6458,5.283,14.8594,0.4136,7.5481,-2.9113,Yes,9.57
2016-10-24,1632711.73,63.2712,5.2624,14.8555,0.4112,7.5493,-3.5336,Yes,9.56
2016-10-25,1629686.91,62.9687,5.2436,14.8516,0.4113,7.5508,-3.9474,Yes,9.56
2016-10-26,1629437.25,62.9437,5.2434,14.8474,0.4128,7.5523,-3.5342,Yes,9.55
2016-10-27,1630887.5,63.0887,5.2548,14.8513,0.416,7.5537,-3.4941,Yes,9.55
2016-10-28,1634126.72,63.4127,5.2782,14.852,0.4148,7.5555,-2.6021,Yes,9.55
2016-10-31,1632579.1,63.2579,5.2724,14.8478,0.4103,7.5564,-2.5571,Yes,9.54
2016-11-01,1627340.93,62.7341,5.2385,14.8437,0.4095,7.5577,-3.5988,Yes,9.54
2016-11-02,1626123.09,62.6123,5.2318,14.8347,0.4064,7.559,-2.9518,Yes,9.53
2016-11-03,1622341.53,62.2342,5.2076,14.8307,0.4094,7.5602,-3.5781,Yes,9.53
2016-11-04,1625247.42,62.5247,5.2289,14.8364,0.4103,7.5619,-3.3104,Yes,9.53
2016-11-07,1626131.37,62.6131,5.2395,14.8387,0.4091,7.5636,-3.2634,Yes,9.52
2016-11-08,1624526.44,62.4526,5.2302,14.8402,0.3986,7.5612,-3.8544,Yes,9.52
2016-11-09,1612994.58,61.2995,5.153,14.6813,0.4015,7.5625,-3.1775,Yes,9.52
2016-11-10,1615164.39,61.5164,5.1693,14.4522,0.4057,7.5633,-4.4165,Yes,9.51
2016-11-11,1619553.48,61.9553,5.2009,14.3561,0.4161,7.5612,-4.8112,Yes,9.51
2016-11-14,1630946.45,63.0946,5.2831,14.3543,0.4106,7.5617,-5.1301,Yes,9.5
2016-11-15,1624466.09,62.4466,5.2406,14.3493,0.4088,7.5631,-5.6014,Yes,9.5
2016-11-16,1622179.45,62.2179,5.2265,14.3478,0.4112,7.5645,-5.7457,Yes,9.5
2016-11-17,1624490.52,62.4491,5.2439,14.3518,0.4165,7.5653,-5.3604,Yes,9.49
2016-11-18,1630123.17,63.0123,5.2838,14.3552,0.413,7.5666,-5.0683,Yes,9.49
2016-11-21,1626015.83,62.6016,5.2605,14.3528,0.4093,7.5678,-5.2887,Yes,9.48
2016-11-22,1621660.81,62.1661,5.2323,14.2275,0.4117,7.569,-6.0747,Yes,9.48
2016-11-23,1623778.09,62.3778,5.2483,13.9201,0.4181,7.5694,-5.4178,Yes,9.48
2016-11-24,1630695.11,63.0695,5.2971,13.9252,0.4205,7.5709,-4.7596,Yes,9.47
2016-11-25,1633288.65,63.3289,5.3163,13.9233,0.4176,7.5722,-4.9499,Yes,9.47
2016-11-28,1629634.89,62.9635,5.2962,13.6836,0.4233,7.5728,-4.9404,Yes,9.46
2016-11-29,1635583.21,63.5583,5.3383,13.6836,0.4263,7.5744,-3.8603,Yes,9.46
2016-11-30,1638792.47,63.8792,5.3617,13.6836,0.4272,7.576,-3.6857,Yes,9.46
2016-12-01,1639664.11,63.9664,5.3692,13.6836,0.4343,7.5758,-4.1225,Yes,9.45
2016-12-02,1647117.61,64.7118,5.4214,13.6836,0.4365,7.5777,-2.4466,Yes,9.45
2016-12-05,1649414.76,64.9415,5.4418,13.6836,0.4366,7.5795,-1.9077,Yes,9.44
2016-12-06,1649340.69,64.9341,5.4429,13.6836,0.4334,7.5808,-2.1312,Yes,9.44
2016-12-07,1645571.67,64.5572,5.419,13.6836,0.4332,7.5821,-3.1941,Yes,9.44
2016-12-08,1644764.73,64.4765,5.4151,13.6836,0.4349,7.5839,-2.6009,Yes,9.44
2016-12-09,1646568.57,64.6569,5.429,13.6836,0.458,7.5687,-2.2372,Yes,9.43
2016-12-12,1672139.23,67.2139,5.6064,13.6836,0.4567,7.5704,3.3959,Yes,9.42
2016-12-13,1669841.03,66.9841,5.5927,13.6836,0.4573,7.572,2.9533,Yes,9.42
2016-12-14,1670334.54,67.0335,5.5976,13.6836,0.4573,7.5737,3.6357,Yes,9.42
2016-12-15,1669915.89,66.9916,5.5965,13.6836,0.4556,7.5753,2.5384,Yes,9.42
2016-12-16,1667795.45,66.7795,5.5839,13.6836,0.4545,7.5769,1.433,Yes,9.41
2016-12-19,1666162.39,66.6162,5.5779,13.6836,0.4567,7.5783,1.5358,Yes,9.41
2016-12-20,1668466.17,66.8466,5.5951,13.6836,0.4548,7.5799,1.5968,Yes,9.4
2016-12-21,1665941.18,66.5941,5.5798,13.6836,0.4572,7.5813,0.8508,Yes,9.4
2016-12-22,1668414.35,66.8414,5.5981,13.6836,0.4613,7.5824,0.8679,Yes,9.4
2016-12-23,1672753.52,67.2754,5.629,13.6836,0.4582,7.5838,2.0365,Yes,9.39
2016-12-26,1668889.27,66.8889,5.6081,13.6836,0.4561,7.5853,1.586,Yes,9.39
2016-12-27,1666229.24,66.6229,5.5918,13.6836,0.4561,7.587,1.4804,Yes,9.38
2016-12-28,1665962.95,66.5963,5.5917,13.6836,0.4557,7.5887,1.8926,Yes,9.38
2016-12-29,1665263.64,66.5264,5.5886,13.6836,0.4523,7.59,2.2897,Yes,9.38
2016-12-30,1661068.61,66.1069,5.5619,13.6836,0.4514,7.5916,2.2588,Yes,9.38
2017-01-03,1659769.49,65.9769,5.5598,13.6836,0.4462,7.5924,1.3721,Yes,9.36
2017-01-04,1655287.64,65.5288,5.5309,13.6836,0.4491,7.5938,0.1465,Yes,9.36
2017-01-05,1656634.0,65.6634,5.5418,13.6828,0.4528,7.595,0.1372,Yes,9.36
2017-01-06,1660082.28,66.0082,5.5669,13.7007,0.4495,7.5974,0.845,Yes,9.36
2017-01-09,1656736.83,65.6737,5.5491,13.6885,0.4494,7.5984,0.3329,Yes,9.35
2017-01-10,1655617.22,65.5617,5.5432,13.7038,0.4525,7.6003,0.8491,Yes,9.35
2017-01-11,1658674.01,65.8674,5.5657,13.7317,0.4548,7.6031,1.9109,Yes,9.34
2017-01-12,1661172.42,66.1172,5.5844,13.756,0.4628,7.6036,2.8353,Yes,9.34
2017-01-13,1669492.82,66.9493,5.6426,13.8048,0.4758,7.6015,4.784,Yes,9.34
2017-01-16,1683014.62,68.3015,5.7391,13.9242,0.4676,7.6076,9.4642,Yes,9.33
2017-01-17,1675716.45,67.5716,5.6916,13.8934,0.4715,7.6072,8.1459,Yes,9.33
2017-01-18,1679234.34,67.9234,5.7171,13.9058,0.4769,7.6085,8.6807,Yes,9.32
2017-01-19,1685243.89,68.5244,5.7593,13.9144,0.4701,7.6093,9.1417,Yes,9.32
2017-01-20,1677793.77,67.7794,5.7108,13.8709,0.4655,7.6079,7.3553,Yes,9.32
2017-01-23,1671814.24,67.1814,5.6754,13.8458,0.4687,7.608,6.2864,Yes,9.31
2017-01-24,1674445.48,67.4445,5.695,13.8606,0.4711,7.6101,6.882,Yes,9.31
2017-01-25,1677566.78,67.7567,5.7179,13.8489,0.4719,7.6114,6.5278,Yes,9.3
2017-01-26,1678265.63,67.8266,5.7243,13.829,0.4681,7.6117,5.8103,Yes,9.3
2017-02-03,1672715.1,67.2715,5.7005,13.8412,0.46,7.6117,6.1154,Yes,9.28
2017-02-06,1663959.05,66.3959,5.6459,13.8126,0.4576,7.6117,4.8629,Yes,9.27
2017-02-07,1660327.29,66.0327,5.6227,13.8143,0.4547,7.6131,4.8329,Yes,9.27
2017-02-08,1657220.18,65.722,5.603,13.7956,0.4503,7.6132,4.0782,Yes,9.27
2017-02-09,1651970.98,65.1971,5.5686,13.7758,0.4561,7.6128,3.2388,Yes,9.26
2017-02-10,1657722.45,65.7722,5.6099,13.7824,0.4525,7.6146,3.6019,Yes,9.26
2017-02-13,1653606.7,65.3607,5.5867,13.7674,0.4538,7.6155,2.961,Yes,9.25
2017-02-14,1654531.88,65.4532,5.5947,13.7701,0.4589,7.6164,3.0724,Yes,9.25
2017-02-15,1659525.67,65.9526,5.6309,13.7945,0.4544,7.6187,4.0577,Yes,9.25
2017-02-16,1654941.07,65.4941,5.601,13.7792,0.4566,7.6195,3.3949,Yes,9.24
2017-02-17,1656323.47,65.6323,5.6122,13.8037,0.4539,7.6222,4.3034,Yes,9.24
2017-02-20,1654007.7,65.4008,5.6014,13.7802,0.4501,7.6222,3.3989,Yes,9.23
2017-02-21,1649413.47,64.9413,5.5712,13.7553,0.4498,7.6228,2.3945,Yes,9.23
2017-02-22,1648501.49,64.8501,5.5666,13.7457,0.4494,7.624,2.0252,Yes,9.23
2017-02-23,1647467.8,64.7468,5.5611,13.7458,0.4437,7.6247,1.9964,Yes,9.22
2017-02-24,1640935.83,64.0936,5.5174,13.7397,0.4456,7.6258,1.6294,Yes,9.22
2017-02-27,1642138.37,64.2138,5.5308,13.7615,0.4452,7.6285,2.4272,Yes,9.21
2017-02-28,1642163.21,64.2163,5.5327,13.7512,0.4475,7.6296,2.0518,Yes,9.21
2017-03-01,1644407.75,64.4408,5.55,13.7438,0.4499,7.6309,1.8317,Yes,9.21
2017-03-02,1646174.11,64.6174,5.564,13.7614,0.4509,7.6333,2.4932,Yes,9.21
2017-03-03,1647795.45,64.7795,5.577,13.7491,0.4469,7.634,2.0834,Yes,9.2
2017-03-06,1643382.59,64.3383,5.5514,13.7179,0.4485,7.6343,0.8655,Yes,9.19
2017-03-07,1644255.52,64.4256,5.5592,13.7122,0.4528,7.6352,0.6747,Yes,9.19
2017-03-08,1648476.82,64.8477,5.5903,13.7212,0.457,7.6367,1.0802,Yes,9.19
2017-03-09,1652691.32,65.2691,5.6214,13.7367,0.4598,7.6388,1.7234,Yes,9.19
2017-03-10,1656037.06,65.6037,5.6464,13.7341,0.4541,7.6393,1.6969,Yes,9.18
2017-03-13,1649286.03,64.9286,5.6045,13.7184,0.457,7.64,0.9785,Yes,9.18
2017-03-14,1651959.68,65.196,5.6249,13.7225,0.4573,7.642,1.1762,Yes,9.17
2017-03-15,1651950.57,65.1951,5.6266,13.7252,0.4473,7.6404,1.2669,Yes,9.17
2017-03-16,1640851.31,64.0851,5.5507,13.7023,0.4506,7.6407,0.204,Yes,9.17
2017-03-17,1643403.9,64.3404,5.5703,13.7209,0.4471,7.643,0.9157,Yes,9.16
2017-03-20,1639901.87,63.9902,5.5508,13.713,0.4487,7.6442,0.5537,Yes,9.16
2017-03-21,1641314.21,64.1314,5.5624,13.7108,0.4477,7.6459,0.4987,Yes,9.15
2017-03-22,1639403.71,63.9404,5.5507,13.7277,0.4476,7.6483,1.0491,Yes,9.15
2017-03-23,1639457.38,63.9457,5.5528,13.7283,0.4483,7.65,1.0673,Yes,9.15
2017-03-24,1640123.43,64.0123,5.5592,13.7244,0.4452,7.6512,0.9342,Yes,9.15
2017-03-27,1636068.85,63.6069,5.5357,13.7321,0.4475,7.653,1.115,Yes,9.14
2017-03-28,1638369.05,63.8369,5.5537,13.7405,0.4514,7.6546,1.4557,Yes,9.13
2017-03-29,1642099.11,64.2099,5.5817,13.7618,0.4589,7.6552,2.2907,Yes,9.13
2017-03-30,1649447.39,64.9447,5.6351,13.8168,0.4596,7.6592,4.421,Yes,9.13
2017-03-31,1651343.81,65.1344,5.6501,13.8074,0.4486,7.6561,4.1192,Yes,9.13
2017-04-05,1639449.77,63.945,5.575,13.7526,0.4489,7.6555,1.885,Yes,9.11
2017-04-06,1638463.14,63.8463,5.5698,13.7462,0.4462,7.6567,1.6268,Yes,9.11
2017-04-07,1634984.84,63.4985,5.5469,13.7482,0.4522,7.6573,1.6139,Yes,9.11
2017-04-10,1640838.63,64.0839,5.5935,13.777,0.4483,7.6598,2.7636,Yes,9.1
2017-04-11,1637186.02,63.7186,5.5694,13.7573,0.4478,7.6607,1.9757,Yes,9.1
2017-04-12,1635501.8,63.5502,5.5591,13.7824,0.4447,7.6633,2.8215,Yes,9.09
2017-04-13,1632439.42,63.2439,5.5391,13.5032,0.4498,7.6639,2.5069,Yes,9.09
2017-04-14,1636907.13,63.6907,5.5726,13.1812,0.4556,7.6658,4.0381,Yes,9.09
2017-04-17,1643059.58,64.306,5.6214,12.9392,0.46,7.6684,5.62,Yes,9.08
2017-04-18,1647871.88,64.7872,5.6572,12.6774,0.4647,7.6704,6.7136,Yes,9.08
2017-04-19,1652773.41,65.2773,5.6935,12.566,0.4668,7.6733,8.0805,Yes,9.07
2017-04-20,1655142.56,65.5143,5.712,12.543,0.4691,7.6755,8.701,Yes,9.07
2017-04-21,1657364.71,65.7365,5.7294,12.5523,0.4837,7.6708,9.2791,Yes,9.07
2017-04-24,1672442.75,67.2443,5.8405,12.6062,0.4818,7.6759,12.7869,Yes,9.06
2017-04-25,1671047.04,67.1047,5.8325,12.6002,0.4826,7.6773,12.4114,Yes,9.06
2017-04-26,1671692.75,67.1693,5.8389,12.5911,0.4801,7.6784,12.0061,Yes,9.05
2017-04-27,1668649.02,66.8649,5.8194,12.581,0.478,7.6793,11.3286,Yes,9.05
2017-04-28,1665917.05,66.5917,5.802,12.5718,0.4773,7.6805,10.7187,Yes,9.05
2017-05-02,1664631.99,66.4632,5.8002,12.5724,0.479,7.6821,10.671,Yes,9.04
2017-05-03,1666162.97,66.6163,5.8128,12.5749,0.4853,7.6827,10.8805,Yes,9.04
2017-05-04,1672835.11,67.2835,5.8614,12.5744,0.4917,7.6833,11.2508,Yes,9.03
2017-05-05,1679302.17,67.9302,5.9085,12.5974,0.4991,7.6845,12.7579,Yes,9.03
2017-05-08,1687225.67,68.7226,5.9693,12.6317,0.4965,7.6881,14.9216,Yes,9.02
2017-05-09,1684701.92,68.4702,5.9536,12.6202,0.5064,7.6861,14.2009,Yes,9.02
2017-05-10,1694854.65,69.4855,6.0261,12.6547,0.5091,7.6896,16.5179,Yes,9.02
2017-05-11,1697862.99,69.7863,6.0488,12.6715,0.5089,7.6924,17.5372,Yes,9.01
2017-05-12,1697506.02,69.7506,6.0483,12.6771,0.5063,7.6942,17.79,Yes,9.01
2017-05-15,1694306.8,69.4307,6.0317,12.6746,0.4978,7.6933,17.4664,Yes,9.0
2017-05-16,1684724.55,68.4725,5.9668,12.6367,0.4962,7.6928,15.0056,Yes,9.0
2017-05-17,1682110.58,68.2111,5.9504,12.6336,0.4959,7.6943,14.6916,Yes,9.0
2017-05-18,1681324.14,68.1324,5.9468,12.6505,0.4972,7.6968,15.4732,Yes,8.99
2017-05-19,1682615.42,68.2615,5.9577,12.6517,0.5035,7.6974,15.6129,Yes,8.99
2017-05-22,1689080.94,68.9081,6.0085,12.6874,0.513,7.6979,17.7662,Yes,8.98
2017-05-23,1699709.01,69.9709,6.0845,12.7519,0.5157,7.7027,21.6358,Yes,8.98
2017-05-24,1702561.35,70.2561,6.1062,12.7367,0.5108,7.7031,21.0608,Yes,8.98
2017-05-25,1696788.72,69.6789,6.068,12.7237,0.511,7.7041,20.0483,Yes,8.98
2017-05-26,1696588.61,69.6589,6.0685,12.7238,0.5146,7.7054,20.0366,Yes,8.97
2017-05-31,1700229.26,70.0229,6.1034,12.7261,0.525,7.7039,20.3801,Yes,8.96
2017-06-01,1711603.2,71.1603,6.1844,12.7789,0.5223,7.7082,23.7497,Yes,8.96
2017-06-02,1708261.44,70.8261,6.1631,12.756,0.5142,7.7066,22.387,Yes,8.95
2017-06-05,1698741.17,69.8741,6.1027,12.7457,0.5103,7.7072,21.2572,Yes,8.95
2017-06-06,1693927.02,69.3927,6.0709,12.7393,0.5024,7.7064,20.6323,Yes,8.94
2017-06-07,1684815.64,68.4816,6.0089,12.7012,0.5043,7.7063,18.17,Yes,8.94
2017-06-08,1686249.0,68.6249,6.0209,12.7011,0.5085,7.7075,18.2523,Yes,8.94
2017-06-09,1690601.01,69.0601,6.0533,12.6936,0.516,7.7072,18.1551,Yes,8.93
2017-06-12,1698474.84,69.8475,6.1143,12.7171,0.5104,7.7092,19.8151,Yes,8.93
2017-06-13,1692197.29,69.2197,6.0722,12.6902,0.5095,7.7097,18.0835,Yes,8.92
2017-06-14,1690735.33,69.0735,6.0639,12.6889,0.5075,7.7113,17.9251,Yes,8.92
2017-06-15,1688326.86,68.8327,6.0488,12.6623,0.5092,7.7119,16.4615,Yes,8.92
2017-06-16,1689679.44,68.9679,6.0603,12.6646,0.5077,7.7137,16.656,Yes,8.92
2017-06-19,1687811.78,68.7812,6.0529,12.6521,0.5081,7.715,15.927,Yes,8.91
2017-06-20,1687887.1,68.7887,6.0553,12.6477,0.5085,7.7166,15.7101,Yes,8.9
2017-06-21,1687934.21,68.7934,6.0576,12.6475,0.513,7.7177,15.704,Yes,8.9
2017-06-22,1692424.47,69.2424,6.0911,12.6839,0.512,7.721,17.7794,Yes,8.9
2017-06-23,1691246.1,69.1246,6.0848,12.6839,0.5076,7.7222,17.7043,Yes,8.9
2017-06-26,1686232.53,68.6233,6.0551,12.663,0.509,7.723,16.3568,Yes,8.89
2017-06-27,1687314.81,68.7315,6.0647,12.6579,0.5127,7.7241,16.1709,Yes,8.88
2017-06-28,1690981.1,69.0981,6.0926,12.6693,0.5119,7.7265,16.9622,Yes,8.88
2017-06-29,1689996.65,68.9997,6.0875,12.66,0.5154,7.7275,16.4414,Yes,8.88
2017-06-30,1693519.46,69.3519,6.1144,12.6528,0.5133,7.729,16.2996,Yes,8.88
2017-07-03,1691004.27,69.1004,6.1024,12.6337,0.5172,7.7295,15.1988,Yes,8.87
2017-07-04,1694805.46,69.4805,6.1312,12.6332,0.5145,7.7312,15.4041,Yes,8.87
2017-07-05,1691622.61,69.1623,6.1107,12.6178,0.5136,7.7323,14.4248,Yes,8.86
2017-07-06,1690099.8,69.01,6.1018,12.6155,0.5137,7.734,14.2186,Yes,8.86
2017-07-07,1689924.02,68.9924,6.1025,12.61,0.5211,7.7338,13.8951,Yes,8.86
2017-07-10,1697741.47,69.7741,6.1637,12.6158,0.5244,7.7356,14.5799,Yes,8.85
2017-07-11,1700703.95,70.0704,6.1866,12.6384,0.5233,7.7384,16.0153,Yes,8.85
2017-07-12,1699524.33,69.9524,6.1803,12.6429,0.5224,7.7403,16.1663,Yes,8.84
2017-07-13,1698232.93,69.8233,6.1731,12.6445,0.5262,7.7416,16.1668,Yes,8.84
2017-07-14,1702164.73,70.2165,6.2029,12.6526,0.5434,7.7347,16.8094,Yes,8.84
2017-07-17,1720550.18,72.055,6.3381,12.7569,0.5391,7.7393,23.1838,Yes,8.83
2017-07-18,1715661.75,71.5662,6.3059,12.7422,0.5339,7.7397,22.1258,Yes,8.83
2017-07-19,1709508.65,70.9509,6.2646,12.7185,0.5318,7.7406,20.5455,Yes,8.82
2017-07-20,1706742.81,70.6743,6.2471,12.708,0.5295,7.7419,19.845,Yes,8.82
2017-07-21,1703697.72,70.3698,6.2276,12.7093,0.5267,7.7434,19.716,Yes,8.82
2017-07-24,1700313.36,70.0313,6.2096,12.7004,0.5272,7.7449,19.0604,Yes,8.81
2017-07-25,1700473.84,70.0474,6.2128,12.7048,0.5301,7.7466,19.2862,Yes,8.81
2017-07-26,1703507.54,70.3508,6.2363,12.6973,0.5212,7.7456,19.1056,Yes,8.81
2017-07-27,1693190.13,69.319,6.165,12.68,0.5219,7.7467,17.6015,Yes,8.8
2017-07-28,1693472.89,69.3473,6.169,12.6787,0.518,7.748,17.5523,Yes,8.8
2017-07-31,1688919.91,68.892,6.1424,12.6657,0.5179,7.7494,16.6246,Yes,8.79
2017-08-01,1688476.25,68.8476,6.1412,12.6637,0.5215,7.7507,16.4998,Yes,8.79
2017-08-02,1691957.32,69.1957,6.168,12.6796,0.5212,7.7531,17.4997,Yes,8.79
2017-08-03,1691580.24,69.158,6.1673,12.669,0.5212,7.7546,16.9522,Yes,8.78
2017-08-04,1691041.39,69.1041,6.1655,12.6809,0.5218,7.7567,17.5055,Yes,8.78
2017-08-07,1691730.41,69.173,6.1763,12.6622,0.5213,7.7581,16.6211,Yes,8.77
2017-08-08,1690645.64,69.0646,6.1706,12.6555,0.5192,7.7596,16.2229,Yes,8.77
2017-08-09,1688057.21,68.8057,6.154,12.651,0.5195,7.7612,15.84,Yes,8.77
2017-08-10,1687831.67,68.7832,6.1544,12.6684,0.5234,7.7629,16.6829,Yes,8.76
2017-08-11,1691884.59,69.1885,6.1854,12.6997,0.516,7.764,18.4795,Yes,8.76
2017-08-14,1683862.39,68.3862,6.1337,12.6629,0.5175,7.7647,16.1614,Yes,8.75
2017-08-15,1684914.79,68.4915,6.1433,12.6513,0.5172,7.7663,15.6563,Yes,8.75
2017-08-16,1684233.1,68.4233,6.1404,12.6406,0.5099,7.7661,15.0876,Yes,8.75
2017-08-17,1675875.07,67.5875,6.082,12.6295,0.5114,7.7674,14.0322,Yes,8.75
2017-08-18,1676963.51,67.6964,6.0918,12.6399,0.5098,7.7694,14.6065,Yes,8.74
2017-08-21,1675169.9,67.517,6.0847,12.6251,0.5134,7.7705,13.7702,Yes,8.73
2017-08-22,1678438.01,67.8438,6.1104,12.6353,0.516,7.7724,14.4697,Yes,8.73
2017-08-23,1680962.44,68.0962,6.1306,12.6479,0.5184,7.7744,15.2392,Yes,8.73
2017-08-24,1683325.6,68.3326,6.1497,12.6601,0.515,7.7762,15.9843,Yes,8.73
2017-08-25,1679623.62,67.9624,6.1249,12.6419,0.5093,7.7765,14.8605,Yes,8.72
2017-08-28,1673045.96,67.3046,6.0831,12.6245,0.5061,7.7774,13.608,Yes,8.72
2017-08-29,1668976.32,66.8976,6.0554,12.6355,0.5094,7.7791,13.8969,Yes,8.71
2017-08-30,1672420.14,67.242,6.0825,12.6218,0.5091,7.7807,13.4339,Yes,8.71
2017-08-31,1671701.54,67.1702,6.0792,12.615,0.5038,7.7814,13.0573,Yes,8.71
2017-09-01,1665699.08,66.5699,6.0373,12.6044,0.498,7.7818,12.1804,Yes,8.7
2017-09-04,1659133.98,65.9134,5.9951,12.5953,0.4991,7.7833,11.3421,Yes,8.7
2017-09-05,1659741.28,65.9741,6.0015,12.5938,0.4958,7.7848,11.3084,Yes,8.69
2017-09-06,1656139.83,65.614,5.9769,12.5814,0.4994,7.786,10.4904,Yes,8.69
2017-09-07,1659323.53,65.9324,6.0023,12.5877,0.4978,7.788,10.9831,Yes,8.69
2017-09-08,1657517.91,65.7518,5.991,12.5854,0.4958,7.7896,10.7651,Yes,8.68
2017-09-11,1655361.99,65.5362,5.9809,12.5644,0.4992,7.7907,9.6199,Yes,8.68
2017-09-12,1658249.98,65.825,6.0042,12.567,0.4974,7.7926,9.915,Yes,8.67
2017-09-13,1656146.98,65.6147,5.9906,12.5612,0.4987,7.7942,9.5085,Yes,8.67
2017-09-14,1657170.37,65.717,6.0001,12.5634,0.4989,7.7961,9.6756,Yes,8.67
2017-09-15,1656896.83,65.6897,6.0,12.5742,0.4994,7.7982,10.1781,Yes,8.67
2017-09-18,1657755.78,65.7756,6.0122,12.5556,0.5018,7.7995,9.3302,Yes,8.66
2017-09-19,1659483.18,65.9483,6.027,12.5638,0.4981,7.8012,9.8277,Yes,8.65
2017-09-20,1655671.49,65.5671,6.0007,12.3742,0.5066,7.8006,8.8681,Yes,8.65
2017-09-21,1663760.85,66.3761,6.0625,12.3888,0.5077,7.8028,10.0949,Yes,8.65
2017-09-22,1664784.63,66.4785,6.072,12.3991,0.5141,7.8035,10.6109,Yes,8.65
2017-09-25,1671125.37,67.1125,6.1246,12.4272,0.5075,7.8047,12.298,Yes,8.64
2017-09-26,1663940.84,66.3941,6.0737,12.435,0.508,7.8066,12.0886,Yes,8.64
2017-09-27,1664571.86,66.4572,6.0803,12.4124,0.5127,7.8074,11.1702,Yes,8.63
2017-09-28,1668872.84,66.8873,6.114,12.4188,0.5075,7.8086,11.7692,Yes,8.63
2017-09-29,1663259.62,66.326,6.0746,12.4039,0.5061,7.8101,10.7116,Yes,8.63
2017-10-09,1661683.2,66.1683,6.0828,12.3745,0.5043,7.8113,9.3371,Yes,8.6
2017-10-10,1659210.94,65.9211,6.0665,12.3579,0.5072,7.8126,8.6084,Yes,8.6
2017-10-11,1661568.3,66.1568,6.086,12.3643,0.5069,7.8147,9.0634,Yes,8.59
2017-10-12,1660938.4,66.0938,6.0833,12.3717,0.5052,7.8166,9.3514,Yes,8.59
2017-10-13,1659154.43,65.9154,6.072,12.0665,0.511,7.8173,8.9087,Yes,8.59
2017-10-16,1664194.38,66.4194,6.1155,11.9474,0.5133,7.8197,11.0373,Yes,8.58
2017-10-17,1667056.91,66.7057,6.1388,11.9333,0.5188,7.8206,11.2438,Yes,8.58
2017-10-18,1672432.96,67.2433,6.1807,11.9459,0.5232,7.8221,12.3202,Yes,8.58
2017-10-19,1676849.15,67.6849,6.2154,11.9602,0.5179,7.8235,13.409,Yes,8.57
2017-10-20,1671350.01,67.135,6.1767,11.9415,0.518,7.825,12.0136,Yes,8.57
2017-10-23,1670951.52,67.0952,6.1799,11.9302,0.5191,7.8266,11.4084,Yes,8.56
2017-10-24,1671495.34,67.1495,6.1859,11.9407,0.5186,7.8287,11.992,Yes,8.56
2017-10-25,1671023.26,67.1023,6.1845,11.9291,0.5158,7.8301,11.3197,Yes,8.56
2017-10-26,1667474.44,66.7474,6.1601,11.9261,0.5216,7.8308,10.8881,Yes,8.55
2017-10-27,1673252.4,67.3252,6.2051,11.9328,0.5313,7.8299,11.7356,Yes,8.55
2017-10-30,1682707.54,68.2708,6.2814,11.9624,0.5277,7.8323,14.6277,Yes,8.54
2017-10-31,1679326.88,67.9327,6.2584,11.9542,0.5287,7.834,13.7734,Yes,8.54
2017-11-01,1679986.39,67.9986,6.2654,11.953,0.5337,7.8351,13.7153,Yes,8.54
2017-11-02,1684641.02,68.4641,6.3019,11.9673,0.537,7.8369,15.1186,Yes,8.53
2017-11-03,1688068.99,68.8069,6.3293,11.9774,0.5341,7.8388,16.1251,Yes,8.53
2017-11-06,1684943.92,68.4944,6.3125,11.9654,0.5303,7.8399,14.9814,Yes,8.52
2017-11-07,1680360.35,68.036,6.2806,11.9602,0.5294,7.8417,14.3031,Yes,8.52
2017-11-08,1679079.2,67.9079,6.2732,11.9571,0.5263,7.8432,13.9826,Yes,8.52
2017-11-09,1675474.2,67.5474,6.2484,11.9524,0.5188,7.8431,13.3999,Yes,8.52
2017-11-10,1666891.01,66.6891,6.1864,11.8998,0.5201,7.8451,13.2032,Yes,8.51
2017-11-13,1668019.53,66.802,6.201,11.7176,0.5236,7.8465,13.0313,Yes,8.5
2017-11-14,1671266.57,67.1267,6.2274,11.5628,0.5266,7.8483,13.8336,Yes,8.5
2017-11-15,1674159.44,67.4159,6.2511,11.464,0.5286,7.8503,14.9043,Yes,8.5
2017-11-16,1676170.92,67.6171,6.2682,10.9558,0.5415,7.8471,15.222,Yes,8.5
2017-11-17,1689181.58,68.9182,6.367,10.9668,0.5383,7.8495,19.3877,Yes,8.49
2017-11-20,1685635.31,68.5635,6.3471,10.8554,0.5411,7.8511,19.0635,Yes,8.48
2017-11-21,1688364.11,68.8364,6.3694,10.8549,0.5408,7.853,19.1149,Yes,8.48
2017-11-22,1687743.73,68.7744,6.367,10.7013,0.55,7.8522,18.983,Yes,8.48
2017-11-23,1697236.44,69.7236,6.4395,10.703,0.5492,7.8545,21.7925,Yes,8.48
2017-11-24,1695998.74,69.5999,6.4325,10.7028,0.5535,7.8558,21.6134,Yes,8.47
2017-11-27,1700341.74,70.0342,6.4711,10.7036,0.5461,7.8562,22.8821,Yes,8.47
2017-11-28,1691968.14,69.1968,6.4111,10.7021,0.5452,7.8578,20.9802,Yes,8.46
2017-11-29,1690634.09,69.0634,6.4034,10.6195,0.5507,7.8587,20.7078,Yes,8.46
2017-11-30,1696192.22,69.6192,6.4468,10.6195,0.55,7.8607,21.3751,Yes,8.46
2017-12-01,1695207.21,69.5207,6.4416,10.6195,0.5548,7.8618,20.3288,Yes,8.45
2017-12-04,1699902.02,69.9902,6.483,10.6195,0.5657,7.8602,21.6101,Yes,8.45
2017-12-05,1711389.01,71.1389,6.5701,10.6195,0.5645,7.8622,24.9922,Yes,8.44
2017-12-06,1709494.29,70.9494,6.5583,10.6195,0.5676,7.8637,23.7416,Yes,8.44
2017-12-07,1712638.44,71.2638,6.5837,10.6195,0.5668,7.8657,23.8132,Yes,8.44
2017-12-08,1711428.74,71.1429,6.577,10.6195,0.5622,7.8669,22.671,Yes,8.44
2017-12-11,1706097.53,70.6098,6.5442,10.6195,0.567,7.868,21.2589,Yes,8.43
2017-12-12,1710920.06,71.092,6.5821,10.6195,0.5649,7.8698,22.3668,Yes,8.42
2017-12-13,1708277.32,70.8277,6.5647,10.6195,0.5613,7.8714,21.6106,Yes,8.42
2017-12-14,1703974.61,70.3975,6.535,10.6195,0.5628,7.8732,21.4961,Yes,8.42
2017-12-15,1705301.29,70.5301,6.5471,10.6195,0.5654,7.8749,21.9003,Yes,8.42
2017-12-18,1707799.19,70.7799,6.5722,10.6195,0.5618,7.8765,22.708,Yes,8.41
2017-12-19,1703504.63,70.3505,6.5425,10.6195,0.567,7.8775,22.0185,Yes,8.41
2017-12-20,1708855.99,70.8856,6.5845,10.6195,0.5671,7.8795,23.3069,Yes,8.4
2017-12-21,1708564.25,70.8564,6.5845,10.6195,0.5678,7.8814,23.1348,Yes,8.4
2017-12-22,1709017.28,70.9017,6.5901,10.6195,0.571,7.883,23.3788,Yes,8.4
2017-12-25,1712290.92,71.2291,6.6211,10.6195,0.5698,7.8849,25.1011,Yes,8.39
2017-12-26,1710468.56,71.0469,6.6098,10.6195,0.5706,7.8868,24.5585,Yes,8.39
2017-12-27,1711144.24,71.1144,6.6171,10.6195,0.5688,7.8887,25.0645,Yes,8.38
2017-12-28,1708799.93,70.88,6.6018,10.6195,0.5659,7.8904,24.8138,Yes,8.38
2017-12-29,1705322.07,70.5322,6.5782,10.6195,0.5597,7.8912,23.7312,Yes,8.38
2018-01-02,1698242.17,69.8242,6.5341,10.6195,0.5548,7.8924,22.4272,Yes,8.37
2018-01-03,1690950.62,69.0951,6.4815,10.7087,0.5547,7.8908,21.2682,Yes,8.36
2018-01-04,1693711.79,69.3712,6.5045,10.7087,0.5552,7.8928,21.0149,Yes,8.36
2018-01-05,1694326.89,69.4327,6.5113,10.5999,0.5561,7.8973,20.9811,Yes,8.36
2018-01-08,1691032.69,69.1033,6.4931,10.7034,0.5548,7.8965,20.7888,Yes,8.35
2018-01-09,1692996.61,69.2997,6.5101,10.6057,0.5595,7.901,20.9832,Yes,8.35
2018-01-10,1695392.66,69.5393,6.5303,10.6414,0.5558,7.9039,21.6266,Yes,8.35
2018-01-11,1692371.36,69.2371,6.5098,10.522,0.5583,7.9047,21.0059,Yes,8.34
2018-01-12,1693031.89,69.3032,6.517,10.4264,0.568,7.9049,21.8135,Yes,8.34
2018-01-15,1703308.44,70.3308,6.601,10.4867,0.5659,7.914,25.3034,Yes,8.33
2018-01-16,1702562.87,70.2563,6.5976,10.4508,0.569,7.9145,24.7386,Yes,8.33
2018-01-17,1704594.93,70.4595,6.6152,10.465,0.5704,7.9169,25.0587,Yes,8.33
2018-01-18,1706542.66,70.6543,6.632,10.442,0.5734,7.9178,24.8363,Yes,8.32
2018-01-19,1708646.16,70.8646,6.6501,10.4549,0.5688,7.9197,25.1407,Yes,8.32
2018-01-22,1705166.46,70.5166,6.6307,10.3747,0.569,7.9189,23.7807,Yes,8.31
2018-01-23,1703355.91,70.3356,6.6193,10.3754,0.5645,7.9202,23.685,Yes,8.31
2018-01-24,1695897.85,69.5898,6.5653,10.4811,0.5618,7.9208,22.768,Yes,8.31
2018-01-25,1697585.4,69.7585,6.5803,10.1866,0.5675,7.9229,22.9379,Yes,8.3
2018-01-26,1697605.09,69.7605,6.5827,9.9712,0.5715,7.9234,23.0533,Yes,8.3
2018-01-29,1706080.45,70.608,6.6534,9.8285,0.5774,7.9273,24.5275,Yes,8.29
2018-01-30,1710641.08,71.0641,6.6901,9.8285,0.5868,7.9265,24.8361,Yes,8.29
2018-01-31,1720874.03,72.0874,6.7691,9.8285,0.6055,7.9234,27.8551,Yes,8.29
2018-02-01,1731651.44,73.1651,6.8519,9.8285,0.6003,7.9025,33.4468,Yes,8.28
2018-02-02,1731830.85,73.1831,6.8556,9.8285,0.6052,7.9046,33.8291,Yes,8.28
2018-02-05,1737217.99,73.7218,6.9028,9.8285,0.6229,7.8978,34.3687,Yes,8.27
2018-02-06,1749756.76,74.9757,6.9981,10.1382,0.621,7.9156,41.3499,Yes,8.27
2018-02-07,1755408.27,75.5408,7.0423,10.0823,0.618,7.915,40.9921,Yes,8.27
2018-02-08,1752213.58,75.2214,7.0211,9.971,0.6302,7.9094,39.1848,Yes,8.27
2018-02-09,1759550.34,75.955,7.0776,10.2334,0.6171,7.9187,43.4433,Yes,8.26
2018-02-12,1751656.86,75.1657,7.0266,10.0292,0.6176,7.9128,39.9581,Yes,8.25
2018-02-13,1748490.38,74.849,7.0056,10.0258,0.6143,7.9142,39.6709,Yes,8.25
2018-02-14,1744400.68,74.4401,6.9776,10.0253,0.6106,7.9157,39.3536,Yes,8.25
2018-02-22,1742719.12,74.2719,6.9843,9.8512,0.6111,7.9113,36.7975,Yes,8.23
2018-02-23,1740001.08,74.0001,6.9664,9.8367,0.6011,7.9093,36.3928,Yes,8.22
2018-02-26,1730851.93,73.0852,6.905,9.8285,0.6048,7.9053,33.433,Yes,8.22
2018-02-27,1732263.64,73.2264,6.918,9.8285,0.6071,7.9059,32.9782,Yes,8.21
2018-02-28,1734758.72,73.4759,6.9391,9.8285,0.6033,7.905,32.2807,Yes,8.21
2018-03-01,1730938.92,73.0939,6.9128,9.8285,0.6057,7.9029,30.398,Yes,8.21
2018-03-02,1730236.76,73.0237,6.9099,9.8285,0.6012,7.9059,30.9133,Yes,8.21
2018-03-05,1726540.95,72.6541,6.8892,9.8285,0.599,7.9062,30.0913,Yes,8.2
2018-03-06,1727100.37,72.71,6.8958,9.8285,0.6019,7.9414,28.902,Yes,8.19
2018-03-07,1726987.51,72.6988,6.8973,9.8285,0.5994,7.9451,29.8138,Yes,8.19
2018-03-08,1726157.54,72.6158,6.8934,9.8285,0.596,7.9453,29.1066,Yes,8.19
2018-03-09,1723807.38,72.3807,6.878,9.8285,0.5926,7.9424,26.9927,Yes,8.19
2018-03-12,1715299.43,71.5299,6.8205,9.8285,0.5939,7.9422,24.9759,Yes,8.18
2018-03-13,1717045.0,71.7045,6.8362,9.8285,0.5972,7.9447,25.6232,Yes,8.18
2018-03-14,1723268.16,72.3268,6.8858,9.8285,0.6005,7.9477,27.0353,Yes,8.17
2018-03-15,1724063.76,72.4064,6.8943,9.8285,0.6033,7.9497,27.236,Yes,8.17
2018-03-16,1726755.55,72.6756,6.9171,9.8285,0.6044,7.952,27.5749,Yes,8.17
2018-03-19,1728349.48,72.8349,6.9364,9.8285,0.6034,7.9532,27.3023,Yes,8.16
2018-03-20,1726139.78,72.614,6.922,9.8285,0.6065,7.9551,27.2696,Yes,8.16
2018-03-21,1728308.23,72.8308,6.9409,9.8285,0.6026,7.9585,28.2319,Yes,8.15
2018-03-22,1724367.79,72.4368,6.9133,9.8285,0.6201,7.9517,28.3526,Yes,8.15
2018-03-23,1732975.7,73.2976,6.9811,9.8285,0.6062,7.9312,35.6052,Yes,8.15
2018-03-26,1728080.49,72.808,6.9512,9.8285,0.5993,7.9259,33.2666,Yes,8.14
2018-03-27,1720953.54,72.0954,6.8993,9.8285,0.6082,7.9206,29.9634,Yes,8.14
2018-03-28,1725724.55,72.5725,6.9381,9.8285,0.6095,7.9238,30.8442,Yes,8.13
2018-03-29,1731677.06,73.1677,6.9858,9.8285,0.604,7.9575,29.8967,Yes,8.13
2018-03-30,1725758.82,72.5759,6.9432,9.8285,0.6041,7.9563,27.7111,Yes,8.13
2018-04-02,1723740.25,72.374,6.9351,9.8285,0.606,7.9573,27.016,Yes,8.12
2018-04-03,1722963.99,72.2964,6.9316,9.8285,0.6087,7.9608,28.2603,Yes,8.12
2018-04-04,1726096.88,72.6097,6.9579,9.8285,0.6084,7.9645,29.4195,Yes,8.12
2018-04-09,1727060.62,72.7061,6.9775,9.8285,0.6086,7.9661,29.2321,Yes,8.1
2018-04-10,1726610.9,72.6611,6.9765,9.8285,0.6042,7.9675,29.1913,Yes,8.1
2018-04-11,1722049.74,72.205,6.944,9.8285,0.6056,7.9687,28.4452,Yes,8.1
2018-04-12,1721793.5,72.1793,6.9444,9.8285,0.6084,7.9714,29.0593,Yes,8.09
2018-04-13,1725501.99,72.5502,6.9753,9.8285,0.6074,7.9732,29.1742,Yes,8.09
2018-04-16,1723660.93,72.3661,6.9685,9.8285,0.6162,7.9731,29.246,Yes,8.08
2018-04-17,1727097.25,72.7097,6.9973,9.8285,0.6074,7.944,32.2629,Yes,8.08
2018-04-18,1722829.47,72.2829,6.967,9.8285,0.6077,7.9424,30.3449,Yes,8.08
2018-04-19,1720785.46,72.0785,6.9537,9.8285,0.619,7.9403,30.0365,Yes,8.07
2018-04-20,1729585.02,72.9585,7.0238,9.8285,0.6231,7.9458,32.8443,Yes,8.07
2018-04-23,1735120.67,73.5121,7.0736,9.8285,0.6145,7.9484,34.2709,Yes,8.06
2018-04-24,1729698.68,72.9699,7.0345,9.8285,0.6166,7.9453,31.4243,Yes,8.06
2018-04-25,1728891.06,72.8891,7.0308,9.8285,0.6246,7.9447,30.9202,Yes,8.06
2018-04-26,1733911.88,73.3912,7.0718,9.8285,0.623,7.9511,33.3632,Yes,8.05
2018-04-27,1734868.47,73.4868,7.0816,9.8285,0.6266,7.9524,33.2297,Yes,8.05
2018-05-02,1737579.47,73.7579,7.1149,9.8285,0.6173,7.9529,33.8508,Yes,8.04
2018-05-03,1727964.86,72.7965,7.0435,9.8285,0.6186,7.9537,32.6553,Yes,8.04
2018-05-04,1728263.29,72.8263,7.0483,9.8285,0.6102,7.9543,32.9393,Yes,8.03
2018-05-07,1721328.15,72.1328,7.0021,9.8285,0.611,7.9525,30.6333,Yes,8.02
2018-05-08,1720159.08,72.0159,6.9955,9.8285,0.6126,7.9534,30.016,Yes,8.02
2018-05-09,1720831.28,72.0831,7.0032,9.8285,0.6109,7.9555,30.079,Yes,8.02
2018-05-10,1719113.21,71.9113,6.9924,9.8285,0.6151,7.9562,29.5298,Yes,8.02
2018-05-11,1721316.72,72.1317,7.0119,9.8285,0.6168,7.9602,30.8266,Yes,8.01
2018-05-14,1723381.71,72.3382,7.0354,9.8285,0.6138,7.9637,31.7204,Yes,8.01
2018-05-15,1722504.38,72.2504,7.0311,9.8285,0.6221,7.9618,30.3481,Yes,8.0
2018-05-16,1728749.81,72.875,7.082,9.8285,0.6262,7.964,31.1056,Yes,8.0
2018-05-17,1732656.25,73.2656,7.1147,9.8285,0.6236,7.9667,31.7299,Yes,8.0
2018-05-18,1730380.12,73.038,7.0997,9.8285,0.6208,7.9676,31.1426,Yes,7.99
2018-05-21,1730735.77,73.0736,7.11,9.8285,0.62,8.003,29.6471,Yes,7.99
2018-05-22,1728115.02,72.8115,7.0922,9.8285,0.6247,8.0039,29.1217,Yes,7.98
2018-05-23,1728298.67,72.8299,7.0961,9.8285,0.6223,7.972,30.5212,Yes,7.98
2018-05-24,1726117.96,72.6118,7.0817,9.8285,0.6251,7.9749,30.9897,Yes,7.98
2018-05-25,1727730.66,72.7731,7.0967,9.8285,0.6284,7.9793,32.7329,Yes,7.98
2018-05-28,1732205.51,73.2206,7.1391,9.8285,0.6299,7.9827,33.7768,Yes,7.97
2018-05-29,1733078.96,73.3079,7.1484,9.8285,0.6409,7.9825,34.8914,Yes,7.96
2018-05-30,1741622.61,74.1623,7.2172,9.8285,0.6311,7.9912,39.3144,Yes,7.96
2018-05-31,1736682.42,73.6682,7.1815,9.8285,0.6387,7.9892,37.4888,Yes,7.96
2018-06-01,1741386.54,74.1387,7.2205,9.8285,0.6417,7.9932,39.0619,Yes,7.96
2018-06-04,1745346.01,74.5346,7.2589,9.8285,0.6359,7.995,39.6911,Yes,7.95
2018-06-05,1740993.14,74.0993,7.2278,9.8285,0.6372,7.9934,37.4617,Yes,7.95
2018-06-06,1739795.16,73.9795,7.221,9.8285,0.6408,7.995,37.3735,Yes,7.94
2018-06-07,1742463.72,74.2464,7.2443,9.8285,0.6449,7.9979,38.3715,Yes,7.94
2018-06-08,1746019.59,74.602,7.2745,9.8285,0.6465,8.0022,39.9084,Yes,7.94
2018-06-11,1747691.75,74.7692,7.2952,9.8285,0.6429,8.0063,41.1369,Yes,7.93
2018-06-12,1745649.73,74.565,7.282,9.8285,0.6518,8.0047,40.0619,Yes,7.93
2018-06-13,1751782.77,75.1783,7.3321,9.8285,0.6503,8.0107,42.5174,Yes,7.92
2018-06-14,1751200.61,75.1201,7.3302,9.8285,0.6584,8.0119,43.2751,Yes,7.92
2018-06-15,1757962.1,75.7962,7.3851,9.8285,0.6904,7.9881,46.4667,Yes,7.92
2018-06-19,1786816.41,78.6816,7.6171,9.8285,0.6815,8.0043,57.2224,Yes,7.91
2018-06-20,1784626.64,78.4627,7.6031,9.8285,0.6943,7.9997,55.3728,Yes,7.9
2018-06-21,1794568.91,79.4569,7.6815,9.8285,0.6847,8.0049,59.113,Yes,7.9
2018-06-22,1786846.95,78.6847,7.6255,9.8285,0.6874,8.0039,56.6877,Yes,7.9
2018-06-25,1787567.16,78.7567,7.6393,9.8285,0.6835,8.007,57.5104,Yes,7.89
2018-06-26,1784257.09,78.4257,7.6167,9.8285,0.6877,8.007,56.199,Yes,7.89
2018-06-27,1786799.52,78.68,7.6389,9.8285,0.6931,8.0098,57.611,Yes,7.88
2018-06-28,1792338.84,79.2339,7.6839,9.8285,0.6796,8.0093,59.4948,Yes,7.88
2018-06-29,1780495.56,78.0496,7.5962,9.8285,0.6869,8.0049,54.8114,Yes,7.88
2018-07-02,1783696.78,78.3697,7.6289,9.8285,0.6814,8.0092,56.7806,Yes,7.87
2018-07-03,1779850.68,77.9851,7.6022,9.8285,0.6893,8.0077,55.0034,Yes,7.87
2018-07-04,1784992.12,78.4992,7.6444,9.8285,0.6991,8.0096,57.8474,Yes,7.87
2018-07-05,1794825.3,79.4825,7.7224,9.8285,0.6947,8.017,62.2119,Yes,7.86
2018-07-06,1792305.62,79.2306,7.7059,9.8285,0.6869,8.0164,61.5504,Yes,7.86
2018-07-09,1784781.9,78.4782,7.6566,9.8285,0.6879,8.0145,58.2246,Yes,7.85
2018-07-10,1784196.67,78.4197,7.6549,9.8285,0.6975,8.0128,57.1577,Yes,7.85
2018-07-11,1791238.9,79.1239,7.7117,9.8285,0.6862,8.0169,60.8998,Yes,7.85
2018-07-12,1783105.49,78.3105,7.652,9.8285,0.6878,8.014,56.6881,Yes,7.84
2018-07-13,1782049.0,78.2049,7.6467,9.8285,0.6875,8.0154,56.1155,Yes,7.84
2018-07-16,1780982.1,78.0982,7.6468,9.8285,0.6879,8.0174,55.9676,Yes,7.83
2018-07-17,1781242.12,78.1242,7.6515,9.8285,0.6946,8.0179,55.7294,Yes,7.83
2018-07-18,1787731.48,78.7731,7.7043,9.8285,0.6977,8.0202,56.5989,Yes,7.83
2018-07-19,1789561.71,78.9562,7.7212,9.8285,0.6917,8.024,58.4204,Yes,7.82
2018-07-20,1784829.85,78.483,7.6876,9.8285,0.6879,8.0236,56.6923,Yes,7.82
2018-07-23,1779799.16,77.9799,7.6571,9.8285,0.6824,8.0236,55.5388,Yes,7.81
2018-07-24,1774360.12,77.436,7.6177,9.8285,0.6832,8.023,53.0732,Yes,7.81
2018-07-25,1773434.96,77.3435,7.6133,9.8285,0.6847,8.0246,52.7134,Yes,7.81
2018-07-26,1774019.41,77.4019,7.6206,9.8285,0.6879,8.0271,53.3177,Yes,7.81
2018-07-27,1777089.09,77.7089,7.6472,9.8285,0.6938,8.0289,54.215,Yes,7.8
2018-07-30,1782130.43,78.213,7.6947,9.8285,0.6931,8.0335,56.4714,Yes,7.79
2018-07-31,1782281.78,78.2282,7.6987,9.8285,0.7001,8.0343,56.6547,Yes,7.79
2018-08-01,1788290.95,78.8291,7.748,9.8285,0.7105,8.0352,59.1336,Yes,7.79
2018-08-02,1798491.62,79.8492,7.8296,9.8285,0.7154,8.04,63.03,Yes,7.79
2018-08-03,1804442.8,80.4443,7.8783,9.8285,0.7237,8.0419,65.2067,Yes,7.78
2018-08-06,1812511.03,81.2511,7.9488,9.8285,0.712,8.0447,68.7708,Yes,7.78
2018-08-07,1802702.1,80.2702,7.8764,9.8285,0.7224,8.0403,64.4554,Yes,7.77
2018-08-08,1810153.66,81.0154,7.9366,9.8285,0.7123,8.0427,67.2383,Yes,7.77
2018-08-09,1801494.81,80.1495,7.8729,9.8285,0.7119,8.0412,63.5778,Yes,7.77
2018-08-10,1799262.51,79.9263,7.8585,9.8285,0.7095,8.042,62.5342,Yes,7.76
2018-08-13,1795984.72,79.5985,7.8418,9.8285,0.7154,8.0426,61.713,Yes,7.76
2018-08-14,1801687.94,80.1688,7.8888,9.8285,0.725,8.0422,62.2617,Yes,7.75
2018-08-15,1809868.87,80.9869,7.9548,9.8285,0.7345,8.044,65.6335,Yes,7.75
2018-08-16,1820935.77,82.0936,8.0427,9.8285,0.7433,8.045,67.6759,Yes,7.75
2018-08-17,1829175.5,82.9176,8.1086,9.8285,0.7381,8.0495,70.777,Yes,7.75
2018-08-20,1824233.01,82.4233,8.0798,9.8285,0.7317,8.0502,70.1269,Yes,7.74
2018-08-21,1817416.88,81.7417,8.0305,9.8285,0.7377,8.0499,68.2024,Yes,7.73
2018-08-22,1822067.14,82.2067,8.0691,9.8285,0.7347,8.0538,70.1694,Yes,7.73
2018-08-23,1819692.45,81.9692,8.0539,9.8285,0.7367,8.0549,69.1428,Yes,7.73
2018-08-24,1820727.94,82.0728,8.0648,9.8285,0.7259,8.0543,69.7111,Yes,7.73
2018-08-27,1809973.03,80.9973,7.9908,9.8285,0.726,8.0533,66.0366,Yes,7.72
2018-08-28,1807995.32,80.7995,7.9784,9.8285,0.7306,8.0548,65.9052,Yes,7.72
2018-08-29,1812431.7,81.2432,8.0157,9.8285,0.7374,8.0561,66.855,Yes,7.71
2018-08-30,1818348.36,81.8348,8.0643,9.8285,0.7405,8.0604,69.7732,Yes,7.71
2018-08-31,1821977.69,82.1978,8.0953,9.8285,0.7423,8.0641,71.6623,Yes,7.71
2018-09-03,1824434.99,82.4435,8.1232,9.8285,0.7394,8.0659,71.7941,Yes,7.7
2018-09-04,1821635.92,82.1636,8.1046,9.8285,0.7474,8.0646,69.8104,Yes,7.7
2018-09-05,1827844.19,82.7844,8.1554,9.8285,0.7471,8.0692,72.5316,Yes,7.69
2018-09-06,1827836.01,82.7836,8.1584,9.8285,0.7449,8.072,73.2197,Yes,7.69
2018-09-07,1825463.07,82.5463,8.1431,9.8285,0.7552,8.071,72.8826,Yes,7.69
2018-09-10,1835172.94,83.5173,8.2269,9.8285,0.7532,8.0759,76.3461,Yes,7.68
2018-09-11,1833535.15,83.3535,8.2174,9.8285,0.7542,8.0782,76.2868,Yes,7.68
2018-09-12,1834274.05,83.4274,8.2261,9.8285,0.7491,8.0798,76.4837,Yes,7.67
2018-09-13,1828594.56,82.8595,8.1855,9.8285,0.7531,8.0806,75.1183,Yes,7.67
2018-09-14,1831632.73,83.1633,8.2119,9.8285,0.7616,8.082,76.9106,Yes,7.67
2018-09-17,1840431.75,84.0432,8.2888,9.8285,0.7534,8.0847,79.7069,Yes,7.66
2018-09-18,1832521.7,83.2522,8.231,9.8285,0.7498,8.0837,76.5718,Yes,7.66
2018-09-19,1827539.77,82.754,8.1956,9.8285,0.7518,8.0844,74.7009,Yes,7.65
2018-09-20,1828488.75,82.8489,8.206,9.8285,0.7455,8.0861,75.351,Yes,7.65
2018-09-21,1821955.34,82.1955,8.1584,9.8285,0.7495,8.0864,73.248,Yes,7.65
2018-09-25,1825185.12,82.5185,8.1957,9.8285,0.7473,8.0887,73.8027,Yes,7.64
2018-09-26,1822637.24,82.2637,8.1789,9.8285,0.7555,8.0885,73.0627,Yes,7.64
2018-09-27,1830094.98,83.0095,8.2399,9.8285,0.7555,8.0925,75.56,Yes,7.63
2018-09-28,1831326.56,83.1327,8.2525,9.8285,0.7654,8.0907,74.0962,Yes,7.63
2018-10-08,1838409.74,83.841,8.3384,9.8285,0.7645,8.0983,80.234,Yes,7.6
2018-10-09,1839596.89,83.9597,8.3508,9.8285,0.7655,8.1003,80.1854,Yes,7.6
2018-10-10,1840051.84,84.0052,8.3574,9.8285,0.7971,8.0771,80.4215,Yes,7.6
2018-10-11,1870444.03,87.0444,8.5945,9.8285,0.7928,8.0876,94.8265,No,7.59
2018-10-12,1867124.85,86.7125,8.5724,9.8285,0.7954,8.0907,96.0994,No,7.59
2018-10-15,1869757.63,86.9758,8.6022,9.8285,0.8052,8.092,99.1951,No,7.58
2018-10-16,1880415.64,88.0416,8.6869,9.8285,0.8034,8.0967,103.7621,No,7.58
2018-10-17,1878239.48,87.8239,8.6736,9.8285,0.8182,8.092,102.2893,No,7.58
2018-10-18,1893817.69,89.3818,8.7954,9.8285,0.8074,8.0944,109.2486,No,7.58
2018-10-19,1880952.85,88.0953,8.7009,9.8285,0.7881,8.0823,104.72,No,7.57
2018-10-22,1858698.46,85.8698,8.5398,9.8285,0.7948,8.0796,94.9959,No,7.56
2018-10-23,1864280.59,86.4281,8.5861,9.8285,0.7946,8.0832,98.2768,No,7.56
2018-10-24,1863998.93,86.3999,8.5871,9.8285,0.796,8.0854,98.345,No,7.56
2018-10-25,1864977.59,86.4978,8.5979,9.8285,0.7951,8.0883,99.8159,No,7.56
2018-10-26,1863729.29,86.3729,8.5916,9.8285,0.8024,8.0887,99.1675,No,7.55
2018-10-29,1871151.66,87.1152,8.6585,9.8285,0.7996,8.0918,102.0773,No,7.55
2018-10-30,1867789.96,86.779,8.6359,9.8285,0.7974,8.0931,100.2157,No,7.54
2018-10-31,1865077.5,86.5078,8.6182,9.8285,0.7947,8.0937,97.3056,No,7.54
2018-11-01,1861379.52,86.138,8.5929,9.8285,0.7823,8.0908,96.0526,No,7.54
2018-11-02,1847642.36,84.7642,8.4894,9.8285,0.7799,8.0908,90.2348,No,7.53
2018-11-05,1843940.06,84.394,8.4702,9.8285,0.7796,8.0926,88.8272,No,7.53
2018-11-06,1842943.37,84.2943,8.4656,9.8285,0.7808,8.0947,88.6259,No,7.52
2018-11-07,1843740.97,84.3741,8.4751,9.8285,0.7775,8.0969,89.0478,No,7.52
2018-11-08,1839545.79,83.9546,8.4454,9.8285,0.7796,8.0995,89.8936,No,7.52
2018-11-09,1841730.71,84.1731,8.4657,9.8285,0.7706,8.0995,90.3584,No,7.52
2018-11-12,1832591.15,83.2591,8.4035,9.8285,0.7654,8.0987,84.8417,No,7.51
2018-11-13,1826110.51,82.6111,8.3556,9.8285,0.7664,8.0998,81.2493,Yes,7.5
2018-11-14,1825862.95,82.5863,8.3568,9.8285,0.7574,8.0997,81.2199,Yes,7.5
2018-11-15,1816181.32,81.6181,8.2831,9.8285,0.7529,8.1005,78.2487,Yes,7.5
2018-11-16,1810875.05,81.0875,8.244,9.8285,0.7509,8.1021,76.3338,Yes,7.5
2018-11-19,1807958.18,80.7958,8.2301,9.8285,0.7613,8.1012,75.6736,Yes,7.49
2018-11-20,1817102.65,81.7103,8.3063,9.8285,0.7578,8.1045,80.442,Yes,7.48
2018-11-21,1814495.36,81.4495,8.2886,9.8285,0.7572,8.1064,79.1333,Yes,7.48
2018-11-22,1813027.02,81.3027,8.2801,9.8285,0.7769,8.0982,79.019,Yes,7.48
2018-11-23,1831508.03,83.1508,8.4302,9.8285,0.7771,8.1016,87.0408,No,7.48
2018-11-26,1832456.59,83.2457,8.4474,9.8285,0.7748,8.1038,87.3793,No,7.47
2018-11-27,1829872.16,82.9872,8.4301,9.8285,0.7722,8.1056,85.8586,No,7.47
2018-11-28,1826928.42,82.6928,8.41,9.8285,0.7802,8.1058,83.6209,No,7.46
2018-11-29,1833636.36,83.3636,8.4664,9.8285,0.7771,8.1085,88.0442,No,7.46
2018-11-30,1830827.73,83.0828,8.4474,9.8285,0.7654,8.1064,86.7967,No,7.46
2018-12-03,1818746.06,81.8746,8.3607,9.8285,0.763,8.1077,80.8023,Yes,7.45
2018-12-04,1814864.78,81.4865,8.3329,9.8285,0.7654,8.1097,79.1653,Yes,7.45
2018-12-05,1816340.18,81.634,8.3479,9.8285,0.7718,8.1108,80.2505,Yes,7.44
2018-12-06,1822131.7,82.2132,8.3974,9.8285,0.7708,8.1133,83.5302,No,7.44
2018-12-07,1821355.88,82.1356,8.3944,9.8285,0.7718,8.1155,83.4918,No,7.44
2018-12-10,1821490.79,82.1491,8.4052,9.8285,0.7682,8.1177,85.6611,No,7.43
2018-12-11,1818157.02,81.8157,8.3817,9.8285,0.7712,8.1196,83.9363,No,7.43
2018-12-12,1820650.14,82.065,8.4049,9.8285,0.7681,8.1216,84.0005,No,7.42
2018-12-13,1817220.45,81.722,8.3806,9.8285,0.781,8.1194,82.2664,No,7.42
2018-12-14,1828967.7,82.8968,8.478,9.8285,0.7823,8.1217,87.0501,No,7.42
2018-12-17,1830503.44,83.0503,8.5001,9.8285,0.7828,8.124,87.6427,No,7.41
2018-12-18,1830432.47,83.0432,8.5028,9.8285,0.7879,8.1254,88.8926,No,7.41
2018-12-19,1835349.83,83.535,8.5454,9.8285,0.787,8.1277,91.5265,No,7.41
2018-12-20,1834252.41,83.4252,8.5399,9.8285,0.7864,8.13,90.8025,No,7.4
2018-12-21,1832967.02,83.2967,8.5329,9.8285,0.7817,8.1317,92.1885,No,7.4
2018-12-24,1827851.33,82.7851,8.5018,9.8285,0.7838,8.1339,90.4794,No,7.39
2018-12-25,1829340.69,82.9341,8.517,9.8285,0.7853,8.1361,92.3231,No,7.39
2018-12-26,1830595.79,83.0596,8.5304,9.8285,0.7943,8.136,93.1841,No,7.39
2018-12-27,1839511.36,83.9511,8.6051,9.8285,0.7917,8.1381,96.2336,No,7.38
2018-12-28,1836358.24,83.6358,8.5832,9.8285,0.7935,8.1403,95.9956,No,7.38
2019-01-02,1837756.03,83.7756,8.611,9.8285,0.7932,8.1426,96.9515,No,7.37
2019-01-03,1835637.34,83.5637,8.5974,9.8285,0.7818,8.1274,98.3764,No,7.36
2019-01-04,1825002.82,82.5003,8.515,9.8285,0.7775,8.1292,93.0383,No,7.36
2019-01-07,1817410.88,81.7411,8.4634,9.8285,0.781,8.12,88.9938,No,7.35
2019-01-08,1820715.45,82.0715,8.4935,9.8285,0.7822,8.1229,89.3695,No,7.35
2019-01-09,1821381.91,82.1382,8.5022,9.8285,0.7828,8.1239,88.9695,No,7.35
2019-01-10,1821432.08,82.1432,8.5059,9.8285,0.7822,8.1278,89.4749,No,7.35
2019-01-11,1820476.64,82.0477,8.5015,9.8285,0.7854,8.1252,87.8707,No,7.34
2019-01-14,1823191.87,82.3192,8.5335,9.8285,0.7821,8.1302,88.9921,No,7.33
2019-01-15,1819030.92,81.9031,8.503,9.8285,0.7827,8.127,86.9583,No,7.33
2019-01-16,1819168.51,81.9169,8.5074,9.8285,0.7862,8.1298,87.2393,No,7.33
2019-01-17,1822717.18,82.2717,8.5396,9.8285,0.7836,8.1365,88.9386,No,7.33
2019-01-18,1819375.73,81.9376,8.5157,9.8285,0.784,8.1356,87.6757,No,7.32
2019-01-21,1819472.85,81.9473,8.5265,9.8285,0.7896,8.1337,86.5187,No,7.32
2019-01-22,1824876.38,82.4876,8.5738,9.8285,0.7887,8.1414,88.622,No,7.31
2019-01-23,1823476.02,82.3476,8.5658,9.8285,0.787,8.1431,88.3573,No,7.31
2019-01-24,1821115.24,82.1115,8.5499,9.8285,0.7907,8.1423,87.2978,No,7.31
2019-01-25,1824734.74,82.4735,8.5827,9.8285,0.7904,8.1474,88.4279,No,7.3
2019-01-28,1824022.93,82.4023,8.587,9.8285,0.7967,8.1532,89.9758,No,7.3
2019-01-29,1831219.95,83.122,8.649,9.8285,0.8022,8.1638,93.3754,No,7.29
2019-01-30,1837258.27,83.7258,8.7014,9.8285,0.8089,8.1728,96.3009,No,7.29
2019-01-31,1844712.67,84.4713,8.7653,9.8285,0.7952,8.1774,99.3384,No,7.29
2019-02-01,1827340.14,82.734,8.6275,9.8285,0.7834,8.1618,93.6802,No,7.28
2019-02-11,1813682.06,81.3682,8.5492,9.8285,0.7775,8.1493,88.2692,No,7.26
2019-02-12,1806605.57,80.6606,8.4941,9.8285,0.7709,8.144,85.6938,No,7.25
2019-02-13,1798856.36,79.8856,8.4331,9.8285,0.7706,8.1381,82.4154,No,7.25
2019-02-14,1797840.15,79.784,8.428,9.8285,0.7686,8.1383,81.6438,No,7.25
2019-02-15,1795016.55,79.5017,8.4078,9.8285,0.7516,8.1332,81.8923,No,7.25
2019-02-18,1776150.21,77.615,8.2596,9.8285,0.7497,8.1206,75.66,Yes,7.24
2019-02-19,1773442.56,77.3443,8.24,9.8285,0.7467,8.121,74.9212,Yes,7.24
2019-02-20,1769740.32,76.974,8.212,9.8285,0.7513,8.1226,74.8054,Yes,7.23
2019-02-21,1774536.63,77.4537,8.2557,9.8285,0.7448,8.1252,75.4902,Yes,7.23
2019-02-22,1767360.95,76.7361,8.1983,9.8285,0.7243,8.104,71.6106,Yes,7.23
2019-02-25,1745173.62,74.5174,8.0188,9.8285,0.7269,8.0874,63.0776,Yes,7.22
2019-02-26,1745639.73,74.564,8.026,9.8285,0.729,8.0896,63.0926,Yes,7.22
2019-02-27,1747249.38,74.7249,8.043,9.8285,0.7304,8.0928,63.5067,Yes,7.21
2019-02-28,1748615.01,74.8615,8.0578,9.8285,0.7299,8.0937,62.8912,Yes,7.21
2019-03-01,1747522.1,74.7522,8.0517,9.8285,0.7271,8.0935,61.858,Yes,7.21
2019-03-04,1745332.94,74.5333,8.0424,9.8285,0.7172,8.0844,58.3761,Yes,7.2
2019-03-05,1734273.25,73.4273,7.9502,9.8285,0.7076,8.0731,53.5583,Yes,7.2
2019-03-06,1722782.52,72.2783,7.8536,9.8285,0.7033,8.0681,50.2976,Yes,7.19
2019-03-07,1718490.89,71.8491,7.8193,9.8285,0.72,8.0594,47.7321,Yes,7.19
2019-03-08,1730653.41,73.0653,7.9283,9.8285,0.6974,8.0616,54.1303,Yes,7.19
2019-03-11,1711575.35,71.1575,7.7712,9.8285,0.691,8.0502,47.7561,Yes,7.18
2019-03-12,1703991.76,70.3992,7.7076,9.8285,0.7012,8.045,44.562,Yes,7.18
2019-03-13,1710493.2,71.0493,7.7679,9.8285,0.7149,8.0468,48.0006,Yes,7.18
2019-03-14,1723617.56,72.3618,7.8858,9.8285,0.7073,8.0561,52.6231,Yes,7.17
2019-03-15,1717712.6,71.7713,7.8373,9.8285,0.6974,8.0512,50.2941,Yes,7.17
2019-03-18,1707734.99,70.7735,7.759,9.8285,0.6959,8.0475,46.7571,Yes,7.16
2019-03-19,1704677.84,70.4678,7.7351,9.8285,0.6981,8.0485,46.1257,Yes,7.16
2019-03-20,1706318.33,70.6318,7.7527,9.8285,0.6906,8.0501,46.5138,Yes,7.16
2019-03-21,1698866.29,69.8866,7.6898,9.8285,0.6909,8.0496,44.937,Yes,7.15
2019-03-22,1699064.65,69.9065,7.6946,9.8285,0.6931,8.0511,44.3609,Yes,7.15
2019-03-25,1699472.83,69.9473,7.7075,9.8285,0.7056,8.0504,45.647,Yes,7.14
2019-03-26,1710505.57,71.0506,7.8082,9.8285,0.7015,8.0596,50.002,Yes,7.14
2019-03-27,1707905.29,70.7905,7.7883,9.8285,0.7097,8.0587,49.0194,Yes,7.14
2019-03-28,1714595.47,71.4595,7.8505,9.8285,0.7052,8.064,51.0588,Yes,7.13
2019-03-29,1712972.29,71.2972,7.8393,9.8285,0.6917,8.0527,46.8845,Yes,7.13
2019-04-01,1698347.1,69.8347,7.719,9.8285,0.6918,8.0471,41.4635,Yes,7.12
2019-04-02,1695917.64,69.5918,7.7004,9.8285,0.6868,8.0474,40.6111,Yes,7.12
2019-04-03,1690797.07,69.0797,7.6577,9.8285,0.6858,8.0476,39.2117,Yes,7.12
2019-04-04,1689268.49,68.9268,7.6471,9.8285,0.6866,8.0492,38.699,Yes,7.12
2019-04-08,1688834.87,68.8835,7.6554,9.8285,0.6847,8.0523,39.3637,Yes,7.1
2019-04-09,1687415.39,68.7415,7.6458,9.8285,0.6836,8.0541,39.0241,Yes,7.1
2019-04-10,1685469.48,68.5469,7.6313,9.8285,0.6925,8.054,39.2409,Yes,7.1
2019-04-11,1692561.64,69.2562,7.6981,9.8285,0.6964,8.0597,42.1766,Yes,7.1
2019-04-12,1697813.16,69.7813,7.7482,9.8285,0.7036,8.0616,42.3105,Yes,7.09
2019-04-15,1703544.25,70.3544,7.8088,9.8285,0.6948,8.0638,43.4663,Yes,7.08
2019-04-16,1696049.93,69.605,7.7449,9.8285,0.6951,8.0622,40.5005,Yes,7.08
2019-04-17,1695419.63,69.542,7.7423,9.8285,0.7018,8.0624,39.2765,Yes,7.08
2019-04-18,1700470.69,70.0471,7.7907,9.8285,0.6963,8.0653,39.9786,Yes,7.08
2019-04-19,1694914.01,69.4914,7.744,9.8285,0.7002,8.0654,38.8058,Yes,7.07
2019-04-22,1697135.47,69.7135,7.7733,9.8285,0.7104,8.0662,40.2205,Yes,7.07
2019-04-23,1706369.64,70.637,7.8593,9.8285,0.7045,8.0717,42.8475,Yes,7.06
2019-04-24,1701939.71,70.194,7.8227,9.8285,0.7227,8.0641,41.1036,Yes,7.06
2019-04-25,1715116.62,71.5117,7.9438,9.8285,0.7237,8.0731,47.1659,Yes,7.06
2019-04-26,1717531.49,71.7531,7.9685,9.8285,0.7408,8.0691,48.8189,Yes,7.05
2019-04-29,1732580.97,73.2581,8.1119,9.8285,0.7344,8.0777,54.4274,Yes,7.05
2019-04-30,1727749.26,72.7749,8.0724,9.8285,0.7647,8.0566,52.8035,Yes,7.04
2019-05-06,1753013.09,75.3013,8.3155,9.8285,0.7582,8.0695,65.4838,Yes,7.03
2019-05-07,1748463.44,74.8463,8.2788,9.8285,0.7583,8.07,63.4383,Yes,7.02
2019-05-08,1747495.49,74.7495,8.2736,9.8285,0.763,8.072,64.0482,Yes,7.02
2019-05-09,1751886.62,75.1887,8.3157,9.8285,0.7457,8.0675,65.7683,Yes,7.02
2019-05-10,1734964.29,73.4964,8.1694,9.8285,0.7472,8.0641,59.4456,Yes,7.02
2019-05-13,1734678.73,73.4679,8.1768,9.8285,0.7445,8.067,60.6229,Yes,7.01
2019-05-14,1731624.27,73.1624,8.1529,9.8285,0.7364,8.0681,61.7415,Yes,7.01
2019-05-15,1724803.14,72.4803,8.0953,9.8285,0.7324,8.0672,58.2581,Yes,7.0
2019-05-16,1719790.08,71.979,8.0536,9.8285,0.751,8.0595,57.0874,Yes,7.0
2019-05-17,1736115.82,73.6116,8.2029,9.8285,0.7562,8.0659,62.8714,Yes,7.0
2019-05-20,1741341.51,74.1342,8.2595,9.8285,0.7483,8.0676,63.4182,Yes,6.99
2019-05-21,1733299.0,73.3299,8.1911,9.8285,0.7514,8.0673,60.2544,Yes,6.99
2019-05-22,1735421.54,73.5422,8.2134,9.8285,0.7622,8.0672,60.9261,Yes,6.98
2019-05-23,1744908.08,74.4908,8.3013,9.8285,0.7654,8.0721,64.8242,Yes,6.98
2019-05-24,1747516.25,74.7516,8.3279,9.8285,0.7519,8.0709,66.9493,Yes,6.98
2019-05-27,1734472.03,73.4472,8.2217,9.8285,0.753,8.0697,62.1521,Yes,6.97
2019-05-28,1734817.22,73.4817,8.2282,9.8285,0.7507,8.0721,62.1554,Yes,6.97
2019-05-29,1732227.28,73.2227,8.2083,9.8285,0.7562,8.073,61.4923,Yes,6.96
2019-05-30,1737173.52,73.7174,8.256,9.8285,0.7521,8.0761,62.5363,Yes,6.96
2019-05-31,1732144.34,73.2144,8.2143,9.8285,0.7536,8.0777,62.7718,Yes,6.96
2019-06-03,1733276.2,73.3276,8.2346,9.8285,0.757,8.0806,65.2242,Yes,6.95
2019-06-04,1736321.82,73.6322,8.2653,9.8285,0.7542,8.0844,68.2366,Yes,6.95
2019-06-05,1733404.42,73.3404,8.2425,9.8285,0.7662,8.0826,68.3186,Yes,6.95
2019-06-06,1744642.32,74.4642,8.3467,9.8285,0.7618,8.0876,72.5899,Yes,6.94
2019-06-10,1739775.43,73.9775,8.3168,9.8285,0.7473,8.0826,70.2836,Yes,6.93
2019-06-11,1725469.63,72.547,8.1912,9.8285,0.7454,8.0813,64.145,Yes,6.93
2019-06-12,1722667.66,72.2668,8.1692,9.8285,0.7419,8.0832,64.9163,Yes,6.93
2019-06-13,1719247.78,71.9248,8.1415,9.8285,0.7459,8.0844,64.0058,Yes,6.92
2019-06-14,1722431.35,72.2431,8.1737,9.8285,0.7527,8.0868,67.8434,Yes,6.92
2019-06-17,1728941.26,72.8941,8.2429,9.8285,0.7503,8.0902,68.2465,Yes,6.91
2019-06-18,1725724.44,72.5724,8.2171,9.8285,0.7466,8.0918,68.2399,Yes,6.91
2019-06-19,1722203.54,72.2204,8.1885,9.8285,0.7298,8.085,65.8807,Yes,6.91
2019-06-20,1704867.17,70.4867,8.0335,9.8285,0.7185,8.081,63.2903,Yes,6.9
2019-06-21,1694274.54,69.4275,7.9393,9.8285,0.7156,8.0811,60.6102,Yes,6.9
2019-06-24,1691224.42,69.1224,7.9209,9.8285,0.7114,8.0827,60.6769,Yes,6.89
2019-06-25,1686928.86,68.6929,7.8843,9.8285,0.7195,8.083,62.2413,Yes,6.89
2019-06-26,1694381.84,69.4382,7.9567,9.8285,0.7173,8.0864,62.2504,Yes,6.89
2019-06-27,1691756.56,69.1757,7.9356,9.8285,0.7226,8.0873,60.8622,Yes,6.88
2019-06-28,1696004.66,69.6005,7.9783,9.8285,0.7206,8.0909,63.1638,Yes,6.88
2019-07-01,1694880.34,69.488,7.9778,9.8285,0.7171,8.0916,58.4019,Yes,6.87
2019-07-02,1689936.44,68.9936,7.9352,9.8285,0.7084,8.0915,58.341,Yes,6.87
2019-07-03,1681317.26,68.1317,7.8581,9.8285,0.7154,8.0916,59.9453,Yes,6.87
2019-07-04,1687918.33,68.7918,7.923,9.8285,0.7137,8.0951,60.6595,Yes,6.87
2019-07-05,1685787.38,68.5787,7.9064,9.8285,0.7328,8.0879,60.0711,Yes,6.86
2019-07-08,1702587.17,70.2587,8.0724,9.8285,0.7364,8.0936,65.5647,Yes,6.85
2019-07-09,1705306.41,70.5306,8.101,9.8285,0.7414,8.0957,65.0587,Yes,6.85
2019-07-10,1709419.36,70.9419,8.1424,9.8285,0.734,8.0976,66.5052,Yes,6.85
2019-07-11,1701816.86,70.1817,8.0754,9.8285,0.7364,8.0989,66.7689,Yes,6.85
2019-07-12,1703947.21,70.3947,8.0985,9.8285,0.7303,8.1006,66.3602,Yes,6.84
2019-07-15,1697751.76,69.7752,8.051,9.8285,0.7295,8.1018,64.6371,Yes,6.84
2019-07-16,1696728.58,69.6729,8.0448,9.8285,0.7323,8.1039,64.2815,Yes,6.83
2019-07-17,1699054.1,69.9054,8.0699,9.8285,0.7364,8.1062,64.1512,Yes,6.83
2019-07-18,1702276.59,70.2277,8.1032,9.8285,0.7284,8.1081,67.1476,Yes,6.83
2019-07-19,1694273.37,69.4273,8.032,9.8285,0.7464,8.1011,66.3335,Yes,6.82
2019-07-22,1710557.41,71.0557,8.1938,9.8285,0.7449,8.1066,71.143,No,6.82
2019-07-23,1708072.84,70.8073,8.1741,9.8285,0.7379,8.1071,69.2163,Yes,6.81
2019-07-24,1701169.99,70.117,8.1132,9.8285,0.7356,8.1083,67.1403,Yes,6.81
2019-07-25,1698808.31,69.8808,8.0946,9.8285,0.7372,8.1103,66.6189,Yes,6.81
2019-07-26,1699923.05,69.9923,8.1084,9.8285,0.7366,8.1129,66.4427,Yes,6.81
2019-07-29,1698946.7,69.8947,8.1094,9.8285,0.7332,8.115,66.3668,Yes,6.8
2019-07-30,1695395.04,69.5395,8.0795,9.8285,0.7349,8.1168,65.7084,Yes,6.79
2019-07-31,1696742.83,69.6743,8.0956,9.8285,0.7463,8.1163,66.9711,Yes,6.79
2019-08-01,1706801.66,70.6802,8.1931,9.8285,0.7432,8.1199,67.8382,Yes,6.79
2019-08-02,1703346.96,70.3347,8.1643,9.8285,0.735,8.1209,70.547,No,6.79
2019-08-05,1695764.36,69.5764,8.1034,9.8285,0.7463,8.1203,72.5268,No,6.78
2019-08-06,1706119.04,70.6119,8.204,9.8285,0.7404,8.124,77.2037,No,6.78
2019-08-07,1699703.52,69.9704,8.1472,9.8285,0.734,8.125,77.7251,No,6.77
2019-08-08,1692930.48,69.293,8.0869,9.8285,0.7372,8.1262,76.3575,No,6.77
2019-08-09,1696144.69,69.6145,8.1206,9.8285,0.7324,8.1289,78.2962,No,6.77
2019-08-12,1690161.91,69.0162,8.0744,9.8285,0.7233,8.1281,75.3286,No,6.76
2019-08-13,1682921.33,68.2921,8.0091,9.8285,0.734,8.1278,76.1736,No,6.76
2019-08-14,1690666.78,69.0667,8.0859,9.8285,0.7254,8.1286,74.9917,No,6.75
2019-08-15,1683095.32,68.3095,8.0175,9.8285,0.7226,8.1301,74.1609,No,6.75
2019-08-16,1680011.93,68.0012,7.9915,9.8285,0.7098,8.1277,73.1826,No,6.75
2019-08-19,1667359.69,66.736,7.8806,9.8285,0.7105,8.1274,67.8399,No,6.74
2019-08-20,1668198.52,66.8199,7.892,9.8285,0.7097,8.1298,67.4486,No,6.74
2019-08-21,1667288.07,66.7288,7.8866,9.8285,0.7065,8.132,67.4048,No,6.73
2019-08-22,1664037.64,66.4038,7.8586,9.8285,0.7081,8.134,66.7,No,6.73
2019-08-23,1665128.27,66.5128,7.8725,9.8285,0.6949,8.132,67.0529,No,6.73
2019-08-26,1653821.47,65.3821,7.7731,9.8285,0.6867,8.1322,67.9859,No,6.72
2019-08-27,1644963.28,64.4963,7.6903,9.8285,0.6873,8.1329,64.8608,No,6.72
2019-08-28,1645588.73,64.5589,7.6997,9.8285,0.6821,8.1349,65.1895,No,6.72
2019-08-29,1640814.65,64.0815,7.6563,9.8285,0.6983,8.1307,65.0397,No,6.71
2019-08-30,1653990.06,65.399,7.788,9.8285,0.6877,8.1319,67.5232,No,6.71
2019-09-02,1643678.27,64.3678,7.6973,9.8285,0.6818,8.1315,63.2835,Yes,6.7
2019-09-03,1638567.79,63.8568,7.6505,9.8285,0.6766,8.1327,62.0787,Yes,6.7
2019-09-04,1633779.48,63.3779,7.6067,9.8285,0.6699,8.1335,60.9477,Yes,6.7
2019-09-05,1627638.14,62.7638,7.5494,9.8285,0.6842,8.13,59.4442,Yes,6.69
2019-09-06,1638935.3,63.8935,7.6639,9.8285,0.671,8.128,58.777,Yes,6.69
2019-09-09,1627187.53,62.7188,7.5578,9.8285,0.6783,8.1273,54.9853,Yes,6.68
2019-09-10,1632939.01,63.2939,7.6179,9.8285,0.6812,8.1296,54.6449,Yes,6.68
2019-09-11,1635098.99,63.5099,7.6424,9.8285,0.679,8.1326,55.9831,Yes,6.68
2019-09-12,1632822.31,63.2822,7.6232,9.8285,0.6762,8.1346,55.2436,Yes,6.67
2019-09-16,1630114.99,63.0115,7.6094,9.8285,0.6903,8.1317,54.297,Yes,6.66
2019-09-17,1641627.18,64.1627,7.7264,9.8285,0.6891,8.1359,58.09,Yes,6.66
2019-09-18,1640194.69,64.0195,7.7156,9.8285,0.6845,8.138,58.2728,Yes,6.66
2019-09-19,1635828.51,63.5829,7.6757,9.8285,0.6833,8.1397,56.4327,Yes,6.65
2019-09-20,1634468.7,63.4469,7.6656,9.8285,0.6834,8.1422,56.2618,Yes,6.65
2019-09-23,1634350.59,63.4351,7.6742,9.8285,0.6791,8.1448,57.8316,Yes,6.64
2019-09-24,1630166.83,63.0167,7.636,9.8285,0.6864,8.1455,57.0415,Yes,6.64
2019-09-25,1636274.07,63.6274,7.6999,9.8285,0.7099,8.1365,60.1486,Yes,6.64
2019-09-26,1655485.04,65.5485,7.8928,9.8285,0.7109,8.1411,65.5707,No,6.64
2019-09-27,1655220.31,65.522,7.8936,9.8285,0.7184,8.1417,64.0888,Yes,6.63
2019-09-30,1661587.39,66.1587,7.9663,9.8285,0.7193,8.1449,65.9406,Yes,6.62
2019-10-08,1661759.45,66.1759,7.9955,9.8285,0.7083,8.1443,65.7887,Yes,6.6
2019-10-09,1651811.19,65.1811,7.9007,9.8285,0.7036,8.1458,64.284,Yes,6.6
2019-10-10,1647194.62,64.7195,7.8584,9.8285,0.7059,8.1474,61.7808,Yes,6.6
2019-10-11,1648994.92,64.8995,7.8796,9.8285,0.7058,8.1499,61.6685,Yes,6.59
2019-10-14,1648432.2,64.8432,7.8842,9.8285,0.7119,8.1508,59.151,Yes,6.59
2019-10-15,1653478.71,65.3479,7.9377,9.8285,0.7166,8.1535,61.5219,Yes,6.58
2019-10-16,1656965.04,65.6965,7.9757,9.8285,0.7139,8.1562,62.2012,Yes,6.58
2019-10-17,1654310.21,65.431,7.9529,9.8285,0.7215,8.1573,62.3755,Yes,6.58
2019-10-18,1660513.56,66.0514,8.0178,9.8285,0.7255,8.1601,64.4276,Yes,6.58
2019-10-21,1663495.76,66.3496,8.0577,9.8285,0.7218,8.1627,65.469,Yes,6.57
2019-10-22,1659619.12,65.9619,8.0228,9.8285,0.7237,8.1645,63.4395,Yes,6.56
2019-10-23,1661226.57,66.1227,8.0422,9.8285,0.7258,8.1673,64.7649,Yes,6.56
2019-10-24,1662544.25,66.2544,8.0588,9.8285,0.718,8.1685,65.0866,Yes,6.56
2019-10-25,1655319.65,65.532,7.9905,9.8285,0.707,8.1676,63.8208,Yes,6.56
2019-10-28,1645244.51,64.5245,7.9003,9.8285,0.7179,8.166,60.0267,Yes,6.55
2019-10-29,1654286.17,65.4286,7.9941,9.8285,0.7238,8.1683,61.786,Yes,6.55
2019-10-30,1658936.41,65.8936,8.0439,9.8285,0.7291,8.1706,63.41,Yes,6.54
2019-10-31,1663092.7,66.3093,8.0888,9.8285,0.7209,8.1718,65.2617,Yes,6.54
2019-11-01,1655315.29,65.5315,8.0148,9.8285,0.7186,8.1739,63.7004,Yes,6.54
2019-11-04,1652964.27,65.2964,8.0018,9.8285,0.7207,8.1761,62.6854,Yes,6.53
2019-11-05,1654453.01,65.4453,8.0202,9.8285,0.7326,8.1751,62.2301,Yes,6.53
2019-11-06,1664176.91,66.4177,8.1208,9.8285,0.7273,8.1774,63.6743,Yes,6.52
2019-11-07,1658988.42,65.8988,8.0726,9.8285,0.7385,8.1765,62.5913,Yes,6.52
2019-11-08,1668273.44,66.8273,8.1687,9.8285,0.7532,8.1742,63.1533,Yes,6.52
2019-11-11,1680492.62,68.0493,8.3008,9.8285,0.7578,8.1771,67.5033,Yes,6.51
2019-11-12,1683453.17,68.3453,8.3337,9.8285,0.7482,8.1773,67.0797,Yes,6.51
2019-11-13,1674663.89,67.4664,8.2502,9.8285,0.7438,8.1796,67.5705,No,6.5
2019-11-14,1670403.8,67.0404,8.2114,9.8285,0.7514,8.1804,66.4414,Yes,6.5
2019-11-15,1676871.11,67.6871,8.2794,9.8285,0.7486,8.1832,68.5113,No,6.5
2019-11-18,1673625.13,67.3625,8.2579,9.8285,0.7368,8.1821,67.3167,Yes,6.49
2019-11-19,1662811.21,66.2811,8.1535,9.8285,0.738,8.1842,64.2529,Yes,6.49
2019-11-20,1663889.85,66.389,8.1679,9.8285,0.7398,8.1868,65.0861,Yes,6.48
2019-11-21,1664974.56,66.4975,8.1823,9.8285,0.7482,8.1877,65.3629,Yes,6.48
2019-11-22,1671890.53,67.1891,8.2552,9.8285,0.7555,8.1894,67.5829,No,6.48
2019-11-25,1677497.89,67.7498,8.3221,9.8285,0.7567,8.1921,68.5505,No,6.47
2019-11-26,1677985.4,67.7985,8.3306,9.8285,0.7563,8.1948,68.6696,No,6.47
2019-11-27,1677303.34,67.7303,8.3275,9.8285,0.7596,8.1971,68.7274,No,6.47
2019-11-28,1679775.73,67.9776,8.3559,9.8285,0.7592,8.1998,69.2153,No,6.46
2019-11-29,1678956.38,67.8956,8.3514,9.8285,0.7577,8.2024,69.3643,No,6.46
2019-12-02,1677273.18,67.7273,8.3456,9.8285,0.7538,8.2047,68.9961,No,6.45
2019-12-03,1673472.91,67.3473,8.3112,9.8285,0.7442,8.2049,67.899,No,6.45
2019-12-04,1665018.89,66.5019,8.2298,9.8285,0.7413,8.2074,67.6287,No,6.45
2019-12-05,1661856.03,66.1856,8.2015,9.8285,0.7413,8.2098,65.7587,Yes,6.44
2019-12-06,1661658.84,66.1659,8.2031,9.8285,0.7436,8.212,64.5842,Yes,6.44
2019-12-09,1663321.26,66.3321,8.2308,9.8285,0.7405,8.2144,64.0006,Yes,6.43
2019-12-10,1660236.21,66.0236,8.2033,9.8285,0.7425,8.2168,63.0129,Yes,6.43
2019-12-11,1661655.58,66.1656,8.2213,9.8285,0.74,8.2194,63.6729,Yes,6.43
2019-12-12,1659158.08,65.9158,8.1996,9.8285,0.74,8.2221,63.6871,Yes,6.42
2019-12-13,1658698.08,65.8698,8.1986,9.8285,0.726,8.2194,61.5084,Yes,6.42
2019-12-16,1646195.46,64.6195,8.0819,9.8285,0.7202,8.221,58.5297,Yes,6.41
2019-12-17,1641139.23,64.1139,8.0336,9.8285,0.7199,8.2234,56.5678,Yes,6.41
2019-12-18,1640552.86,64.0553,8.0312,9.8285,0.7188,8.2261,56.6195,Yes,6.41
2019-12-19,1639327.62,63.9328,8.0222,9.8285,0.7236,8.2281,55.9353,Yes,6.41
2019-12-20,1642967.59,64.2968,8.0631,9.8285,0.7339,8.2283,57.8332,Yes,6.4
2019-12-23,1651237.2,65.1237,8.1588,9.8285,0.7239,8.2285,61.4751,Yes,6.39
2019-12-24,1641854.91,64.1855,8.0661,9.8285,0.7181,8.2303,58.6819,Yes,6.39
2019-12-25,1636795.07,63.6795,8.0175,9.8285,0.7143,8.2326,57.7398,Yes,6.39
2019-12-26,1633348.69,63.3349,7.9854,9.8285,0.7169,8.235,56.623,Yes,6.39
2019-12-27,1635239.32,63.5239,8.0085,9.8285,0.7143,8.2376,57.8973,Yes,6.38
2019-12-30,1632618.35,63.2618,7.9921,9.8285,0.7007,8.2355,57.0101,Yes,6.38
2020-01-02,1620872.27,62.0872,7.8804,9.8285,0.6915,8.2361,52.9563,Yes,6.37
2020-01-03,1612569.22,61.2569,7.7969,9.7508,0.6775,8.218,52.1659,Yes,6.36
2020-01-06,1601797.37,60.1797,7.6937,9.7508,0.677,8.2207,50.6168,Yes,6.36
2020-01-07,1599677.48,59.9677,7.6747,9.7445,0.6781,8.2,48.3616,Yes,6.35
2020-01-08,1598386.9,59.8387,7.6645,9.731,0.6864,8.2215,50.4148,Yes,6.35
2020-01-09,1607091.99,60.7092,7.7601,9.7959,0.689,8.2006,48.0625,Yes,6.35
2020-01-10,1606295.02,60.6295,7.7551,9.7908,0.6825,8.2056,48.3734,Yes,6.35
2020-01-13,1601045.46,60.1045,7.7099,9.7629,0.6924,8.1871,46.5001,Yes,6.34
2020-01-14,1607679.32,60.7679,7.7837,9.8063,0.6888,8.1936,46.8124,Yes,6.33
2020-01-15,1604088.21,60.4088,7.7491,9.7839,0.6892,8.1961,46.8272,Yes,6.33
2020-01-16,1604249.9,60.425,7.7543,9.7851,0.6915,8.2017,47.1105,Yes,6.33
2020-01-17,1605920.16,60.592,7.7755,9.7954,0.6847,8.2096,47.679,Yes,6.33
2020-01-20,1600625.34,60.0625,7.7297,9.7672,0.6862,8.1929,45.8077,Yes,6.32
2020-01-21,1599891.8,59.9892,7.7254,9.7596,0.688,8.2087,47.1173,Yes,6.32
2020-01-22,1602331.31,60.2331,7.7549,9.7779,0.7048,8.2011,46.6767,Yes,6.31
2020-01-23,1614536.57,61.4537,7.888,9.8416,0.7347,8.2368,52.3538,Yes,6.31
2020-02-03,1677932.4,67.7932,8.5914,9.9835,0.7891,8.1789,66.9689,Yes,6.28
2020-02-04,1679805.46,67.9805,8.6146,10.0013,0.7786,8.1778,66.5865,Yes,6.28
2020-02-05,1636874.88,63.6875,8.1712,9.9576,0.7113,8.3403,62.3429,Yes,6.27
2020-02-06,1625774.98,62.5775,8.0576,9.9027,0.7062,8.2917,57.4188,Yes,6.27
2020-02-07,1618277.92,61.8278,7.9816,9.8614,0.699,8.2734,55.5029,Yes,6.27
2020-02-10,1610957.53,61.0958,7.9143,9.8215,0.7055,8.2538,53.3615,Yes,6.26
2020-02-11,1614823.29,61.4823,7.9593,9.8444,0.6946,8.2647,54.4061,Yes,6.26
2020-02-12,1606033.87,60.6034,7.8687,9.7987,0.698,8.2322,50.8909,Yes,6.25
2020-02-13,1606277.07,60.6277,7.8749,9.7977,0.6951,8.2471,52.1262,Yes,6.25
2020-02-14,1604447.49,60.4447,7.8588,9.7884,0.6765,8.2352,51.5872,Yes,6.25
2020-02-17,1588764.68,58.8765,7.6999,9.7017,0.6671,8.1797,46.2592,Yes,6.24
2020-02-18,1577847.12,57.7847,7.5845,9.6392,0.6683,8.1494,42.9904,Yes,6.24
2020-02-19,1576206.82,57.6207,7.57,9.6254,0.6563,8.1612,44.2768,Yes,6.24
2020-02-20,1567662.68,56.7663,7.4797,9.5765,0.6407,8.1281,41.5407,Yes,6.23
2020-02-21,1553400.72,55.3401,7.3255,9.4865,0.6215,8.0927,39.0676,Yes,6.23
2020-02-24,1537038.76,53.7039,7.153,9.3814,0.6332,8.0609,36.0829,Yes,6.22
2020-02-25,1543891.27,54.3891,7.2329,9.4327,0.6461,8.0568,35.5152,Yes,6.22
2020-02-26,1551924.97,55.1925,7.3258,9.4779,0.6421,8.0997,39.5513,Yes,6.22
2020-02-27,1551189.0,55.1189,7.321,9.4745,0.6813,8.0679,39.3217,Yes,6.21
2020-02-28,1578773.18,57.8773,7.6293,9.6392,0.6666,8.155,47.8914,Yes,6.21
2020-03-02,1572765.84,57.2766,7.5737,9.6169,0.6668,8.1019,42.0263,Yes,6.2
2020-03-03,1568745.97,56.8746,7.5327,9.5962,0.6546,8.082,40.1357,Yes,6.2
2020-03-04,1557471.81,55.7472,7.4111,9.5219,0.6477,8.0744,39.446,Yes,6.2
2020-03-05,1552017.77,55.2018,7.3537,9.491,0.6408,8.0562,37.4744,Yes,6.19
2020-03-06,1544993.29,54.4993,7.2784,9.4416,0.666,8.0463,37.8913,Yes,6.19
2020-03-09,1562863.08,56.2863,7.4882,9.55,0.6554,8.1041,43.5239,Yes,6.18
2020-03-10,1558265.32,55.8265,7.4404,9.5302,0.6623,8.0725,39.8982,Yes,6.18
2020-03-11,1560479.51,56.048,7.4685,9.5408,0.6777,8.0866,41.806,Yes,6.18
2020-03-12,1572570.66,57.2571,7.6064,9.6158,0.6969,8.1084,44.7196,Yes,6.18
2020-03-13,1588466.15,58.8466,7.7853,9.7195,0.739,8.0892,46.0383,Yes,6.17
2020-03-16,1619475.17,61.9475,8.1347,9.9006,0.7622,8.1462,53.4641,Yes,6.16
2020-03-17,1641749.02,64.1749,8.3785,10.0406,0.7598,8.154,53.8681,Yes,6.16
2020-03-18,1637165.69,63.7166,8.3332,10.0061,0.7557,8.1782,56.2722,Yes,6.16
2020-03-19,1635760.47,63.576,8.3219,10.0032,0.7479,8.1635,54.5728,Yes,6.16
2020-03-20,1627647.03,62.7647,8.2383,9.9574,0.7738,8.1387,53.1205,Yes,6.15
2020-03-23,1647029.35,64.7029,8.4585,10.0586,0.7345,8.1729,60.298,Yes,6.15
2020-03-24,1615910.74,61.5911,8.1261,9.8724,0.7154,8.1407,57.3727,Yes,6.14
2020-03-25,1599346.77,59.9347,7.9486,9.7766,0.7241,8.1089,53.7671,Yes,6.14
2020-03-26,1604242.95,60.4243,8.006,9.8055,0.7214,8.125,55.1739,Yes,6.14
2020-03-27,1602541.77,60.2542,7.9911,9.792,0.7387,8.1321,56.3425,Yes,6.13
2020-03-30,1616386.37,61.6386,8.154,9.8708,0.7355,8.1726,60.3323,Yes,6.13
2020-03-31,1615155.22,61.5155,8.1443,9.8649,0.7476,8.1689,59.986,Yes,6.12
2020-04-01,1624163.44,62.4163,8.2464,9.9213,0.7324,8.1715,60.6916,Yes,6.12
2020-04-02,1611147.16,61.1147,8.108,9.8505,0.7339,8.1377,56.7661,Yes,6.12
2020-04-03,1610295.91,61.0296,8.1024,9.8434,0.7028,8.1246,57.6624,Yes,6.12
2020-04-07,1584785.19,58.4785,7.8351,9.6923,0.7092,8.0795,52.4565,Yes,6.1
2020-04-08,1587051.25,58.7051,7.864,9.7102,0.7018,8.0746,51.8443,Yes,6.1
2020-04-09,1580596.28,58.0596,7.7956,9.6736,0.7143,8.057,49.9785,Yes,6.1
2020-04-10,1588884.91,58.8885,7.8917,9.718,0.7184,8.0974,54.0152,Yes,6.1
2020-04-13,1593668.43,59.3668,7.9561,9.7458,0.7015,8.1093,55.635,Yes,6.09
2020-04-14,1580678.09,58.0678,7.8147,9.6696,0.7087,8.0828,52.5413,Yes,6.08
2020-04-15,1584413.7,58.4414,7.8602,9.6929,0.7002,8.0928,53.4594,Yes,6.08
2020-04-16,1578018.68,57.8019,7.7922,9.6545,0.7107,8.0829,52.3016,Yes,6.08
2020-04-17,1584933.99,58.4934,7.8734,9.7025,0.7048,8.0815,52.0591,Yes,6.08
2020-04-20,1579795.27,57.9795,7.8268,9.6764,0.7044,8.061,49.6132,Yes,6.07
2020-04-21,1577922.98,57.7923,7.8093,9.6625,0.701,8.0716,50.4009,Yes,6.07
2020-04-22,1575468.36,57.5468,7.7853,9.6511,0.6963,8.0605,49.0185,Yes,6.06
2020-04-23,1570950.6,57.0951,7.7379,9.6188,0.7023,8.0722,49.9729,Yes,6.06
2020-04-24,1575879.31,57.5879,7.7973,9.6442,0.7074,8.1033,52.9846,Yes,6.06
2020-04-27,1580691.46,58.0691,7.8626,9.6751,0.7199,8.1097,53.7935,Yes,6.05
2020-04-28,1590057.88,59.0058,7.9718,9.7316,0.7179,8.1343,56.1292,Yes,6.05
2020-04-29,1589284.22,58.9284,7.9668,9.7263,0.7038,8.1366,56.5111,Yes,6.04
2020-04-30,1577953.7,57.7954,7.8428,9.6624,0.6951,8.1027,52.913,Yes,6.04
2020-05-06,1569301.23,56.9301,7.7666,9.6147,0.7008,8.0741,49.6385,Yes,6.02
2020-05-07,1571658.89,57.1659,7.7971,9.6312,0.6879,8.0744,49.8076,Yes,6.02
2020-05-08,1561621.56,56.1622,7.6861,9.5689,0.6926,8.0613,48.0982,Yes,6.02
2020-05-11,1563968.4,56.3968,7.724,9.5852,0.6924,8.0667,48.3757,Yes,6.01
2020-05-12,1563577.68,56.3578,7.7231,9.5848,0.6873,8.0646,47.9282,Yes,6.01
2020-05-13,1559304.31,55.9304,7.6777,9.5601,0.6897,8.0562,46.7401,Yes,6.01
2020-05-14,1560183.92,56.0184,7.6915,9.5632,0.6789,8.0701,48.0864,Yes,6.0
2020-05-15,1552608.2,55.2608,7.6078,9.5139,0.6675,8.064,47.4141,Yes,6.0
2020-05-18,1544017.31,54.4017,7.519,9.4528,0.6696,8.076,48.1671,Yes,5.99
2020-05-19,1545123.04,54.5123,7.5354,9.4673,0.6718,8.059,46.2564,Yes,5.99
2020-05-20,1545757.18,54.5757,7.5464,9.4675,0.6832,8.0764,48.0206,Yes,5.99
2020-05-21,1554249.5,55.4249,7.6485,9.5219,0.6936,8.0941,49.917,Yes,5.98
2020-05-22,1562442.05,56.2442,7.7468,9.5709,0.6946,8.1244,52.7562,Yes,5.98
2020-05-25,1564044.99,56.4045,7.7763,9.5819,0.6798,8.1252,53.08,Yes,5.97
2020-05-26,1552579.7,55.258,7.6473,9.5148,0.6915,8.0914,49.4806,Yes,5.97
2020-05-27,1559048.02,55.9048,7.726,9.5576,0.6884,8.1026,50.4249,Yes,5.97
2020-05-28,1556996.49,55.6996,7.7059,9.5435,0.6829,8.1089,50.7686,Yes,5.96
2020-05-29,1552692.38,55.2692,7.6595,9.5192,0.6636,8.0873,49.2788,Yes,5.96
2020-06-01,1537347.63,53.7348,7.491,9.4261,0.6675,8.0481,44.861,Yes,5.95
2020-06-02,1537671.62,53.7672,7.4984,9.4301,0.6741,8.0477,44.6425,Yes,5.95
2020-06-03,1541891.17,54.1891,7.5515,9.4602,0.6778,8.0517,44.8403,Yes,5.95
2020-06-04,1544258.96,54.4259,7.5829,9.4788,0.677,8.0513,44.5479,Yes,5.95
2020-06-05,1543196.66,54.3197,7.5741,9.473,0.6843,8.0511,44.3422,Yes,5.94
2020-06-08,1547894.65,54.7895,7.6401,9.5058,0.6807,8.0566,44.6764,Yes,5.93
2020-06-09,1545170.9,54.5171,7.6118,9.4908,0.6754,8.0494,43.697,Yes,5.93
2020-06-10,1540574.24,54.0574,7.5614,9.4601,0.6732,8.0511,43.531,Yes,5.93
2020-06-11,1538679.1,53.8679,7.5426,9.4462,0.6729,8.0595,44.0528,Yes,5.93
2020-06-12,1538438.74,53.8439,7.5434,9.4458,0.675,8.0615,43.963,Yes,5.92
2020-06-15,1539551.53,53.9552,7.5674,9.4546,0.6646,8.0623,44.0159,Yes,5.92
2020-06-16,1531904.43,53.1904,7.4805,9.4101,0.6641,8.0374,41.1427,Yes,5.91
2020-06-17,1529759.4,52.9759,7.4586,9.3977,0.6684,8.0342,40.5383,Yes,5.91
2020-06-18,1532112.87,53.2113,7.4902,9.4135,0.6638,8.0431,41.1977,Yes,5.91
2020-06-19,1528982.02,52.8982,7.4565,9.3949,0.6549,8.0358,40.3346,Yes,5.9
2020-06-22,1522057.18,52.2057,7.3846,9.3564,0.6558,8.0302,39.4128,Yes,5.9
2020-06-23,1521841.27,52.1841,7.3856,9.3564,0.653,8.0306,39.1697,Yes,5.89
2020-06-24,1519517.84,51.9518,7.3613,9.3564,0.6545,8.0362,39.4228,Yes,5.89
2020-06-29,1520340.9,52.0341,7.389,9.3564,0.6443,8.0405,39.7862,Yes,5.88
2020-06-30,1513304.07,51.3304,7.3078,9.3564,0.6416,8.0198,37.3934,Yes,5.87
2020-07-01,1509867.27,50.9867,7.2697,9.3564,0.6413,8.0188,36.964,Yes,5.87
2020-07-02,1509283.05,50.9283,7.2662,9.3564,0.6354,8.0049,35.3714,Yes,5.87
2020-07-03,1504209.03,50.4209,7.2081,9.3564,0.6175,7.9863,34.0256,Yes,5.87
2020-07-06,1491720.49,49.172,7.0661,9.3564,0.614,7.9407,29.091,Yes,5.86
2020-07-07,1486359.92,48.636,7.0037,9.3564,0.6007,7.9219,27.3515,Yes,5.85
2020-07-08,1476737.7,47.6738,6.8884,9.3564,0.5842,7.8888,24.5004,Yes,5.85
2020-07-09,1464608.29,46.4608,6.7411,9.3564,0.5955,7.8563,20.8917,Yes,5.85
2020-07-10,1468789.94,46.879,6.7965,9.3564,0.5733,7.8539,21.4285,Yes,5.85
2020-07-13,1455879.29,45.5879,6.6449,9.3564,0.5843,7.8174,17.2843,Yes,5.84
2020-07-14,1458954.26,45.8954,6.6867,9.3564,0.5997,7.8232,18.212,Yes,5.84
2020-07-15,1467818.35,46.7818,6.8008,9.3564,0.6298,7.8352,21.7514,Yes,5.83
2020-07-16,1487166.7,48.7167,7.0443,9.3564,0.6258,7.8988,28.477,Yes,5.83
2020-07-17,1488558.28,48.8558,7.0649,9.3564,0.6049,7.8892,28.204,Yes,5.83
2020-07-20,1475248.23,47.5248,6.9101,9.3564,0.6014,7.8527,23.973,Yes,5.82
2020-07-21,1470029.79,47.003,6.8483,9.3564,0.5842,7.839,23.0048,Yes,5.82
2020-07-22,1458202.99,45.8203,6.7033,9.3564,0.5832,7.83,21.8521,Yes,5.81
2020-07-23,1456399.15,45.6399,6.6839,9.3564,0.6059,7.8227,21.953,Yes,5.81
2020-07-24,1469154.57,46.9155,6.8474,9.3564,0.588,7.8757,27.9753,Yes,5.81
2020-07-27,1460974.05,46.0974,6.7546,9.3564,0.5832,7.8772,27.9395,Yes,5.8
2020-07-28,1457421.35,45.7421,6.7131,9.3564,0.5664,7.8606,26.6073,Yes,5.8
2020-07-29,1446437.09,44.6437,6.5771,9.3564,0.5745,7.8299,22.9744,Yes,5.79
2020-07-30,1448877.71,44.8878,6.6114,9.3564,0.5619,7.8316,23.176,Yes,5.79
2020-07-31,1441352.43,44.1352,6.5187,9.3564,0.5477,7.8139,21.5787,Yes,5.79
2020-08-03,1432198.21,43.2198,6.411,9.3564,0.5551,7.7826,17.7574,Yes,5.78
2020-08-04,1433704.2,43.3704,6.4334,9.3564,0.5312,7.78,18.5153,Yes,5.78
2020-08-05,1419850.15,41.985,6.2578,9.3564,0.5292,7.7664,16.9036,Yes,5.78
2020-08-06,1416898.91,41.6899,6.2226,9.3564,0.5343,7.7676,16.8159,Yes,5.77
2020-08-07,1419182.16,41.9182,6.2552,9.3564,0.5361,7.7834,18.2953,Yes,5.77
2020-08-10,1420778.04,42.0778,6.2852,9.3564,0.5612,7.7712,17.9891,Yes,5.76
2020-08-11,1434335.81,43.4336,6.4637,9.3564,0.5968,7.7675,20.3676,Yes,5.76
2020-08-12,1456036.56,45.6037,6.745,9.3564,0.5933,7.7895,22.4227,Yes,5.76
2020-08-13,1455326.41,45.5326,6.7392,9.3564,0.5834,7.7869,22.0514,Yes,5.75
2020-08-14,1449012.54,44.9013,6.6619,9.3564,0.5672,7.7723,20.8617,Yes,5.75
2020-08-17,1438579.29,43.8579,6.5376,9.3564,0.5522,7.7453,18.2972,Yes,5.74
2020-08-18,1427751.22,42.7751,6.4006,9.3564,0.5736,7.7299,17.171,Yes,5.74
2020-08-19,1438196.8,43.8197,6.5391,9.3564,0.5953,7.7428,19.6596,Yes,5.74
2020-08-20,1451911.45,45.1911,6.7188,9.3564,0.5883,7.7607,21.4143,Yes,5.73
2020-08-21,1448862.97,44.8863,6.683,9.3564,0.5901,7.7572,20.6884,Yes,5.73
2020-08-24,1449525.1,44.9525,6.7014,9.3564,0.5934,7.7515,19.7006,Yes,5.72
2020-08-25,1450395.84,45.0396,6.7159,9.3564,0.609,7.7546,20.3637,Yes,5.72
2020-08-26,1459106.58,45.9107,6.8311,9.3564,0.5932,7.7802,23.3686,Yes,5.72
2020-08-27,1451318.84,45.1319,6.7345,9.3564,0.5878,7.7708,22.0536,Yes,5.72
2020-08-28,1447227.29,44.7227,6.685,9.3564,0.585,7.7599,20.5124,Yes,5.71
2020-08-31,1444365.88,44.4366,6.658,9.3564,0.577,7.7585,20.191,Yes,5.7
2020-09-01,1439171.14,43.9171,6.5939,9.3564,0.5831,7.7558,19.6141,Yes,5.7
2020-09-02,1442127.06,44.2127,6.6356,9.3564,0.601,7.7503,19.3882,Yes,5.7
2020-09-03,1451971.17,45.1971,6.7663,9.3564,0.5986,7.7652,20.7625,Yes,5.7
2020-09-04,1451170.33,45.117,6.7593,9.3564,0.6096,7.7666,20.8929,Yes,5.69
2020-09-07,1456989.02,45.6989,6.8446,9.3564,0.6035,7.7878,23.0327,Yes,5.68
2020-09-08,1454607.83,45.4608,6.8173,9.3564,0.6242,7.7759,22.2378,Yes,5.68
2020-09-09,1465332.74,46.5333,6.9589,9.3564,0.6379,7.8071,26.2454,Yes,5.68
2020-09-10,1475157.08,47.5157,7.0884,9.3564,0.6266,7.849,30.8833,Yes,5.68
2020-09-11,1470405.12,47.0405,7.031,9.3564,0.6195,7.8321,28.7834,Yes,5.67
2020-09-14,1464881.56,46.4882,6.9705,9.3564,0.6169,7.8176,26.7844,Yes,5.67
2020-09-15,1462002.96,46.2003,6.9368,9.3564,0.6255,7.8139,26.1723,Yes,5.66
2020-09-16,1466327.35,46.6327,6.9961,9.3564,0.6278,7.8275,27.4441,Yes,5.66
2020-09-17,1468239.6,46.824,7.0243,9.3564,0.6176,7.8261,27.2155,Yes,5.66
2020-09-18,1461887.7,46.1888,6.9458,9.3564,0.6199,7.8127,25.295,Yes,5.65
2020-09-21,1461833.1,46.1833,6.9555,9.3564,0.6441,7.8044,25.3416,Yes,5.65
2020-09-22,1475594.14,47.5594,7.1367,9.3564,0.6482,7.8235,27.3905,Yes,5.64
2020-09-23,1479295.98,47.9296,7.1879,9.3564,0.6731,7.8074,26.5146,Yes,5.64
2020-09-24,1492840.21,49.284,7.3649,9.3564,0.6672,7.8396,30.0743,Yes,5.64
2020-09-25,1490685.98,49.0686,7.3411,9.3564,0.6758,7.8477,30.8735,Yes,5.64
2020-09-28,1495971.71,49.5972,7.4198,9.3564,0.6602,7.8603,32.5521,Yes,5.63
2020-09-29,1486785.63,48.6786,7.3059,9.3564,0.6619,7.8521,31.1375,Yes,5.62
2020-09-30,1486733.52,48.6734,7.309,9.3564,0.6453,7.8498,31.2142,Yes,5.62
2020-10-09,1476745.14,47.6745,7.2131,9.3564,0.6249,7.8069,27.2675,Yes,5.6
2020-10-12,1462088.96,46.2089,7.0329,9.3564,0.6299,7.7783,23.3984,Yes,5.59
2020-10-13,1462511.47,46.2511,7.042,9.3564,0.643,7.7754,23.0906,Yes,5.59
2020-10-14,1469604.56,46.9605,7.1384,9.3564,0.6482,7.7868,24.2401,Yes,5.58
2020-10-15,1472885.82,47.2886,7.1848,9.3564,0.6472,7.7988,25.3479,Yes,5.58
2020-10-16,1472558.61,47.2559,7.1842,9.3564,0.6515,7.8044,25.7192,Yes,5.58
2020-10-19,1474917.28,47.4917,7.226,9.3564,0.6473,7.8143,26.5996,Yes,5.57
2020-10-20,1472862.53,47.2863,7.2028,9.3564,0.6568,7.8061,25.4106,Yes,5.57
2020-10-21,1477140.33,47.714,7.2624,9.3564,0.6588,7.8251,27.4033,Yes,5.56
2020-10-22,1479065.65,47.9066,7.2912,9.3564,0.6721,7.8306,28.2177,Yes,5.56
2020-10-23,1486920.35,48.692,7.3972,9.3564,0.6727,7.8539,30.7367,Yes,5.56
2020-10-26,1488333.18,48.8333,7.427,9.3564,0.6646,7.8543,30.5953,Yes,5.55
2020-10-27,1483029.79,48.303,7.3617,9.3564,0.6652,7.8522,29.9305,Yes,5.55
2020-10-28,1482748.33,48.2748,7.3618,9.3564,0.675,7.8528,29.8743,Yes,5.55
2020-10-29,1488390.95,48.8391,7.4391,9.3564,0.6947,7.8492,30.0822,Yes,5.54
2020-10-30,1499611.12,49.9611,7.5887,9.3564,0.6868,7.878,33.3504,Yes,5.54
2020-11-02,1496018.33,49.6018,7.5537,9.3564,0.6724,7.8766,33.2965,Yes,5.53
2020-11-03,1486962.81,48.6963,7.4396,9.3564,0.6739,7.8581,30.6139,Yes,5.53
2020-11-04,1486126.43,48.6126,7.4325,9.3564,0.6632,7.8614,30.9071,Yes,5.53
2020-11-05,1479749.97,47.975,7.3527,9.3564,0.6656,7.8453,28.5377,Yes,5.52
2020-11-06,1479385.62,47.9386,7.3517,9.3564,0.6517,7.8556,29.8115,Yes,5.52
2020-11-09,1471803.36,47.1803,7.263,9.3564,0.6785,7.8225,26.7174,Yes,5.51
2020-11-10,1485455.47,48.5455,7.4466,9.3564,0.6899,7.8325,28.0724,Yes,5.51
2020-11-11,1492206.86,49.2207,7.539,9.3564,0.6881,7.8531,30.2972,Yes,5.51
2020-11-12,1492099.62,49.21,7.5415,9.3564,0.6849,7.8539,30.0495,Yes,5.5
2020-11-13,1489686.97,48.9687,7.5137,9.3564,0.6803,7.8552,29.8556,Yes,5.5
2020-11-16,1486669.24,48.6669,7.4857,9.3564,0.6885,7.8477,28.6736,Yes,5.49
2020-11-17,1490445.75,49.0446,7.5393,9.3564,0.6916,7.8605,29.9463,Yes,5.49
2020-11-18,1492790.02,49.279,7.574,9.3564,0.6913,7.8632,29.9385,Yes,5.49
2020-11-19,1492422.3,49.2422,7.5731,9.3564,0.6878,7.8603,29.2358,Yes,5.48
2020-11-20,1489732.12,48.9732,7.5416,9.3564,0.6844,7.8559,28.3266,Yes,5.48
2020-11-23,1486946.81,48.6947,7.5166,9.3564,0.7006,7.848,27.5413,Yes,5.47
2020-11-24,1496293.76,49.6294,7.6437,9.3564,0.7191,7.8441,27.5361,Yes,5.47
2020-11-25,1506360.63,50.6361,7.7797,9.3564,0.7206,7.8639,29.7492,Yes,5.47
2020-11-26,1507816.8,50.7817,7.8028,9.3564,0.7186,7.8744,30.7002,Yes,5.47
2020-11-27,1506863.97,50.6864,7.7944,9.3564,0.7369,7.8711,30.728,Yes,5.46
2020-11-30,1518194.24,51.8194,7.9548,9.3564,0.7253,7.873,31.1112,Yes,5.45
2020-12-01,1510273.25,51.0273,7.8554,9.3564,0.7164,7.8605,29.3365,Yes,5.45
2020-12-02,1503300.03,50.33,7.7679,9.3564,0.7124,7.8605,28.9048,Yes,5.45
2020-12-03,1500276.33,50.0276,7.7321,9.3564,0.7077,7.8673,29.3632,Yes,5.45
2020-12-04,1497639.23,49.7639,7.7014,9.3564,0.7117,7.865,28.6962,Yes,5.44
2020-12-07,1499360.36,49.936,7.7362,9.3564,0.7027,7.8684,28.9567,Yes,5.44
2020-12-08,1493387.81,49.3388,7.6611,9.3564,0.7186,7.8667,28.9304,Yes,5.43
2020-12-09,1502387.67,50.2388,7.7844,9.3564,0.7225,7.889,31.5052,Yes,5.43
2020-12-10,1505948.41,50.5948,7.8355,9.3564,0.7341,7.8886,31.452,Yes,5.43
2020-12-11,1512166.15,51.2166,7.9215,9.3564,0.7252,7.9076,33.6155,Yes,5.42
2020-12-14,1507767.61,50.7768,7.876,9.3564,0.7208,7.8976,32.0191,Yes,5.42
2020-12-15,1503751.87,50.3752,7.827,9.3564,0.7219,7.898,31.6251,Yes,5.41
2020-12-16,1503801.69,50.3802,7.8317,9.3564,0.7129,7.9088,32.6941,Yes,5.41
2020-12-17,1498710.85,49.8711,7.7683,9.3564,0.7116,7.9035,31.598,Yes,5.41
2020-12-18,1496944.71,49.6945,7.7488,9.3564,0.6936,7.9046,32.0876,Yes,5.41
2020-12-21,1486042.15,48.6042,7.6152,9.3564,0.7185,7.8799,29.7548,Yes,5.4
2020-12-22,1498855.96,49.8856,7.7907,9.3564,0.7139,7.9041,32.5602,Yes,5.39
2020-12-23,1497305.39,49.7305,7.7741,9.3564,0.7227,7.8976,31.5306,Yes,5.39
2020-12-24,1501368.69,50.1369,7.8324,9.3564,0.7122,7.9163,33.6548,Yes,5.39
2020-12-25,1495852.11,49.5852,7.7629,9.3564,0.7163,7.9092,32.3318,Yes,5.39
2020-12-28,1497304.58,49.7305,7.7946,9.3564,0.7231,7.918,33.1803,Yes,5.38
2020-12-29,1501402.84,50.1403,7.8536,9.3564,0.7184,7.9273,34.0482,Yes,5.38
2020-12-30,1498748.56,49.8749,7.8222,9.3564,0.6863,7.8977,33.0292,Yes,5.37
2021-01-04,1478370.19,47.837,7.5678,9.3564,0.6872,7.8604,27.7093,Yes,5.36
2021-01-05,1475734.32,47.5734,7.536,9.3564,0.6944,7.8616,27.5464,Yes,5.36
2021-01-06,1479337.6,47.9338,7.589,9.3564,0.7097,7.8714,29.1111,Yes,5.35
2021-01-07,1488496.69,48.8497,7.7172,9.3564,0.716,7.8889,31.2263,Yes,5.35
2021-01-08,1492933.23,49.2933,7.7813,9.3564,0.7451,7.8802,31.8478,Yes,5.35
2021-01-11,1509703.46,50.9703,8.0195,9.3564,0.7322,7.8952,34.0753,Yes,5.34
2021-01-12,1502332.64,50.2333,7.9247,9.3564,0.7388,7.8845,32.2621,Yes,5.34
2021-01-13,1504920.07,50.492,7.9638,9.3564,0.7425,7.8951,33.2996,Yes,5.33
2021-01-14,1507467.29,50.7467,8.0023,9.3564,0.7368,7.8982,33.4391,Yes,5.33
2021-01-15,1503598.26,50.3598,7.9545,9.3564,0.7275,7.8968,32.9969,Yes,5.33
2021-01-18,1497971.37,49.7971,7.8912,9.3564,0.7324,7.8808,30.5251,Yes,5.32
2021-01-19,1499009.13,49.9009,7.9095,9.3564,0.725,7.889,31.2755,Yes,5.32
2021-01-20,1494811.57,49.4812,7.8568,9.3564,0.7135,7.8807,30.1464,Yes,5.32
2021-01-21,1487095.74,48.7096,7.756,9.3564,0.7201,7.8732,28.7252,Yes,5.31
2021-01-22,1489988.4,48.9988,7.7996,9.3564,0.7294,7.8775,29.1693,Yes,5.31
2021-01-25,1495149.95,49.515,7.8825,9.3564,0.7387,7.8876,30.4236,Yes,5.3
2021-01-26,1500543.18,50.0543,7.96,9.3564,0.7401,7.9094,32.8822,Yes,5.3
2021-01-27,1502446.94,50.2447,7.9902,9.3564,0.7572,7.906,32.8079,Yes,5.3
2021-01-28,1511728.65,51.1729,8.1202,9.3564,0.7614,7.9297,35.685,Yes,5.29
2021-01-29,1515099.85,51.51,8.1701,9.3564,0.7493,7.9468,37.7299,Yes,5.29
2021-02-01,1508370.19,50.837,8.0922,9.3564,0.7482,7.9443,36.8249,Yes,5.28
2021-02-02,1507274.77,50.7275,8.0817,9.3564,0.7684,7.9282,35.2973,Yes,5.28
2021-02-03,1517928.95,51.7929,8.2304,9.3564,0.7865,7.9407,37.6584,Yes,5.28
2021-02-04,1529104.79,52.9105,8.3855,9.3564,0.8052,7.9582,40.7751,Yes,5.27
2021-02-05,1541243.37,54.1243,8.5528,9.3564,0.7946,7.9796,43.6266,Yes,5.27
2021-02-08,1535145.2,53.5145,8.4849,9.3564,0.7721,7.965,42.6,Yes,5.26
2021-02-09,1520273.87,52.0274,8.2889,9.3564,0.77,7.9414,38.8334,Yes,5.26
2021-02-10,1517225.72,51.7226,8.2521,9.3564,0.78,7.9349,37.7476,Yes,5.26
2021-02-18,1523230.69,52.3231,8.3698,9.3564,0.7745,7.9172,35.5691,Yes,5.24
2021-02-19,1518150.32,51.815,8.3052,9.3564,0.7698,7.9005,33.0135,Yes,5.23
2021-02-22,1513209.54,51.321,8.2512,9.3564,0.7675,7.9037,32.8725,Yes,5.22
2021-02-23,1511402.56,51.1403,8.2309,9.3564,0.7737,7.9134,33.7859,Yes,5.22
2021-02-24,1515332.1,51.5332,8.2893,9.3564,0.7834,7.9221,34.8691,Yes,5.22
2021-02-25,1521276.55,52.1277,8.3751,9.3564,0.8023,7.9232,35.6803,Yes,5.22
2021-02-26,1532404.05,53.2404,8.5313,9.3564,0.7884,7.9324,37.2664,Yes,5.21
2021-03-01,1524426.03,52.4426,8.4366,9.3564,0.8062,7.9055,33.6789,Yes,5.21
2021-03-02,1532914.13,53.2914,8.557,9.3564,0.7957,7.909,34.2686,Yes,5.2
2021-03-03,1526053.68,52.6054,8.4681,9.3564,0.8153,7.8938,32.4869,Yes,5.2
2021-03-04,1536149.46,53.6149,8.6104,9.3564,0.8185,7.9129,34.9308,Yes,5.2
2021-03-05,1539237.78,53.9238,8.6572,9.3564,0.8261,7.9111,34.4839,Yes,5.19
2021-03-08,1542109.66,54.211,8.7105,9.3564,0.8472,7.9238,37.2177,Yes,5.19
2021-03-09,1555660.97,55.5661,8.899,9.3564,0.8426,7.9582,41.7279,Yes,5.18
2021-03-10,1554149.85,55.415,8.8835,9.3564,0.8225,7.9635,42.8481,Yes,5.18
2021-03-11,1541998.69,54.1999,8.7234,9.3564,0.8341,7.9431,39.6,Yes,5.18
2021-03-12,1547688.24,54.7688,8.8056,9.3564,0.8343,7.9446,39.5818,Yes,5.18
2021-03-15,1546663.46,54.6663,8.8063,9.3564,0.8266,7.9549,40.5475,Yes,5.17
2021-03-16,1542427.14,54.2427,8.7534,9.3564,0.8207,7.9487,39.291,Yes,5.16
2021-03-17,1537884.93,53.7885,8.6961,9.3564,0.8144,7.9448,38.3121,Yes,5.16
2021-03-18,1533185.1,53.3185,8.6365,9.3564,0.8225,7.9444,37.8443,Yes,5.16
2021-03-19,1537697.61,53.7698,8.7032,9.3564,0.8147,7.9537,38.9044,Yes,5.16
2021-03-22,1533434.15,53.3434,8.659,9.3564,0.8228,7.939,36.5283,Yes,5.15
2021-03-23,1536240.68,53.6241,8.7025,9.3564,0.8325,7.9509,38.0609,Yes,5.15
2021-03-24,1542332.36,54.2332,8.791,9.3564,0.8302,7.9685,40.1272,Yes,5.14
2021-03-25,1541502.22,54.1502,8.7845,9.3564,0.8209,7.9715,40.2529,Yes,5.14
2021-03-26,1535914.57,53.5915,8.7125,9.3564,0.8207,7.9571,37.7906,Yes,5.14
2021-03-29,1534139.88,53.414,8.7025,9.3564,0.833,7.9539,37.2402,Yes,5.13
2021-03-30,1541115.87,54.1116,8.8036,9.3564,0.8421,7.9579,37.7852,Yes,5.13
2021-03-31,1546301.59,54.6302,8.8799,9.3564,0.8258,7.9554,37.9646,Yes,5.12
2021-04-01,1535016.95,53.5017,8.7292,9.3564,0.8147,7.9526,37.0414,Yes,5.12
2021-04-02,1527920.76,52.7921,8.6357,9.3564,0.8135,7.9537,36.4928,Yes,5.12
2021-04-06,1527367.3,52.7367,8.6473,9.3564,0.8122,7.9471,35.2125,Yes,5.11
2021-04-07,1525230.1,52.523,8.6223,9.3564,0.8126,7.9508,35.1857,Yes,5.1
2021-04-08,1525134.65,52.5135,8.6258,9.3564,0.8098,7.9571,35.579,Yes,5.1
2021-04-09,1523274.23,52.3274,8.6047,9.3564,0.8292,7.9545,35.6766,Yes,5.1
2021-04-12,1534142.42,53.4142,8.7709,9.3564,0.837,7.9756,38.6253,Yes,5.09
2021-04-13,1539743.63,53.9744,8.8538,9.3564,0.8221,7.9783,39.343,Yes,5.09
2021-04-14,1530262.7,53.0263,8.7266,9.3564,0.8261,7.9691,37.3823,Yes,5.08
2021-04-15,1531560.44,53.156,8.7497,9.3564,0.8132,7.9731,37.8941,Yes,5.08
2021-04-16,1523678.71,52.3679,8.6442,9.3564,0.7994,7.9624,36.3301,Yes,5.08
2021-04-19,1514649.87,51.465,8.5315,9.3564,0.8095,7.9492,34.0456,Yes,5.07
2021-04-20,1519322.09,51.9322,8.6023,9.3564,0.8034,7.9536,34.4558,Yes,5.07
2021-04-21,1515085.38,51.5085,8.5473,9.3564,0.7999,7.9581,34.454,Yes,5.07
2021-04-22,1513036.44,51.3036,8.5231,9.3564,0.8061,7.9569,33.8839,Yes,5.06
2021-04-23,1516010.5,51.6011,8.57,9.3564,0.812,7.9636,34.5459,Yes,5.06
2021-04-26,1519387.35,51.9387,8.6324,9.3564,0.8148,7.9693,35.0106,Yes,5.05
2021-04-27,1520654.26,52.0654,8.6552,9.3564,0.8146,7.9772,35.6473,Yes,5.05
2021-04-28,1520772.65,52.0773,8.6618,9.3564,0.817,7.9745,34.8815,Yes,5.05
2021-04-29,1521127.14,52.1127,8.6717,9.3564,0.8225,7.9822,35.5584,Yes,5.04
2021-04-30,1524443.24,52.4443,8.7236,9.3564,0.8117,7.9862,36.0462,Yes,5.04
2021-05-06,1517508.11,51.7508,8.6547,9.3564,0.8126,7.9891,35.6996,Yes,5.02
2021-05-07,1517621.46,51.7621,8.6612,9.3564,0.8071,8.0057,37.3783,Yes,5.02
2021-05-10,1515077.73,51.5078,8.6397,9.3564,0.8076,8.0067,36.9812,Yes,5.01
2021-05-11,1514922.77,51.4923,8.6424,9.3564,0.799,8.0078,36.867,Yes,5.01
2021-05-12,1509550.58,50.9551,8.5702,9.3564,0.8084,7.9986,35.2367,Yes,5.01
2021-05-13,1513866.31,51.3866,8.6371,9.3564,0.7957,8.0054,36.1982,Yes,5.01
2021-05-14,1506503.18,50.6503,8.5362,9.3564,0.7907,7.9958,34.3549,Yes,5.0
2021-05-17,1502332.63,50.2333,8.4906,9.3564,0.7833,8.0007,34.4631,Yes,4.99
2021-05-18,1497975.21,49.7975,8.4323,9.3564,0.7832,8.0007,33.8507,Yes,4.99
2021-05-19,1497447.73,49.7448,8.4295,9.3564,0.7842,8.0039,33.8068,Yes,4.99
2021-05-20,1497612.83,49.7613,8.4367,9.3564,0.7847,8.0082,33.933,Yes,4.99
2021-05-21,1497674.35,49.7674,8.4424,9.3564,0.7773,8.011,33.9838,Yes,4.98
2021-05-24,1493204.55,49.3205,8.3918,9.3564,0.774,8.0061,32.8058,Yes,4.98
2021-05-25,1490743.8,49.0744,8.3607,9.3564,0.7672,7.9965,31.2429,Yes,4.97
2021-05-26,1485631.62,48.5632,8.2906,9.3564,0.766,7.997,30.6694,Yes,4.97
2021-05-27,1484782.8,48.4783,8.2829,9.3564,0.7681,7.9912,29.4943,Yes,4.97
2021-05-28,1484851.59,48.4852,8.2887,9.3564,0.7519,7.9913,29.7013,Yes,4.96
2021-05-31,1475736.41,47.5736,8.1685,9.3564,0.7463,7.9784,27.417,Yes,4.96
2021-06-01,1471235.7,47.1236,8.1065,9.3564,0.7689,7.9685,26.6665,Yes,4.95
2021-06-02,1482650.51,48.2651,8.2801,9.3564,0.773,7.9818,28.4519,Yes,4.95
2021-06-03,1485310.27,48.531,8.3241,9.3564,0.7789,7.9844,28.5544,Yes,4.95
2021-06-04,1488556.09,48.8556,8.3767,9.3564,0.7687,7.9796,27.9532,Yes,4.95
2021-06-07,1481932.83,48.1933,8.2933,9.3564,0.7709,7.974,26.5352,Yes,4.94
2021-06-08,1481861.7,48.1862,8.2971,9.3564,0.7691,7.985,27.5011,Yes,4.93
2021-06-09,1481307.4,48.1307,8.2937,9.3564,0.7647,7.9862,27.2481,Yes,4.93
2021-06-10,1478772.08,47.8772,8.2608,9.3564,0.7652,7.9796,25.8683,Yes,4.93
2021-06-11,1477484.12,47.7484,8.2465,9.3564,0.781,7.9846,26.6991,Yes,4.93
2021-06-15,1486589.77,48.659,8.401,9.3564,0.7966,7.9861,27.4028,Yes,4.92
2021-06-16,1494210.42,49.421,8.5188,9.3564,0.7945,8.0083,30.1114,Yes,4.91
2021-06-17,1495120.77,49.5121,8.5372,9.3564,0.798,7.9943,27.9181,Yes,4.91
2021-06-18,1495581.93,49.5582,8.549,9.3564,0.7901,7.9848,26.5008,Yes,4.91
2021-06-21,1490067.86,49.0068,8.4821,9.3564,0.787,7.975,24.6023,Yes,4.9
2021-06-22,1486848.75,48.6849,8.4391,9.3564,0.7825,7.9746,24.0334,Yes,4.9
2021-06-23,1483983.31,48.3983,8.4013,9.3564,0.7946,7.9704,23.2251,Yes,4.89
2021-06-24,1489539.41,48.9539,8.4891,9.3564,0.7924,7.9818,24.4889,Yes,4.89
2021-06-25,1488820.5,48.8821,8.4833,9.3564,0.7862,7.9812,24.0303,Yes,4.89
2021-06-28,1484952.48,48.4952,8.4404,9.3564,0.7961,7.9759,22.9233,Yes,4.88
2021-06-29,1489140.0,48.914,8.5079,9.3564,0.7939,7.986,23.9617,Yes,4.88
2021-06-30,1488968.24,48.8968,8.5103,9.3564,0.7998,7.979,22.5723,Yes,4.87
2021-07-01,1489583.88,48.9584,8.5245,9.3564,0.8015,7.9966,24.5802,Yes,4.87
2021-07-02,1491509.68,49.151,8.5583,9.3564,0.7891,8.0055,25.6729,Yes,4.87
2021-07-05,1485397.46,48.5397,8.4817,9.3564,0.7876,7.9973,23.9193,Yes,4.86
2021-07-06,1482836.85,48.2837,8.4482,9.3564,0.7768,8.0035,24.41,Yes,4.86
2021-07-07,1477724.66,47.7725,8.376,9.3564,0.7799,7.9938,22.4692,Yes,4.85
2021-07-08,1477916.26,47.7916,8.3838,9.3564,0.7745,7.9954,22.301,Yes,4.85
2021-07-09,1474622.37,47.4622,8.3389,9.3564,0.7639,7.9919,21.5564,Yes,4.85
2021-07-12,1469042.33,46.9042,8.2688,9.3564,0.76,7.9786,19.1979,Yes,4.84
2021-07-13,1465007.52,46.5008,8.2122,9.3564,0.7682,7.9762,18.4258,Yes,4.84
2021-07-14,1468057.92,46.8058,8.2636,9.3564,0.7616,7.9891,19.863,Yes,4.84
2021-07-15,1465003.48,46.5003,8.2218,9.3564,0.7646,7.9933,19.8993,Yes,4.83
2021-07-16,1466546.02,46.6546,8.2502,9.3564,0.7738,7.9964,20.1192,Yes,4.83
2021-07-19,1471289.14,47.1289,8.3374,9.3564,0.7648,8.0002,20.5042,Yes,4.82
2021-07-20,1466115.78,46.6116,8.2631,9.3564,0.7549,7.9971,19.7067,Yes,4.82
2021-07-21,1461178.9,46.1179,8.1922,9.3564,0.7598,7.9846,17.3521,Yes,4.82
2021-07-22,1462218.61,46.2219,8.2131,9.3564,0.7648,7.9823,16.6008,Yes,4.81
2021-07-23,1463157.97,46.3158,8.2324,9.3564,0.7705,7.992,17.6545,Yes,4.81
2021-07-26,1466072.25,46.6072,8.2919,9.3564,0.7936,7.9947,19.1666,Yes,4.8
2021-07-27,1478028.0,47.8028,8.4802,9.3564,0.7977,8.0176,22.3966,Yes,4.8
2021-07-28,1480704.13,48.0704,8.5262,9.3564,0.7681,8.026,25.0111,Yes,4.8
2021-07-29,1467137.7,46.7138,8.3231,9.3564,0.7664,7.9996,20.4672,Yes,4.79
2021-07-30,1463242.9,46.3243,8.268,9.3564,0.763,7.9973,19.5565,Yes,4.79
2021-08-02,1461937.41,46.1937,8.2625,9.3564,0.7762,7.9838,17.2958,Yes,4.78
2021-08-03,1465904.22,46.5904,8.3289,9.3564,0.7578,7.9918,18.7947,Yes,4.78
2021-08-04,1457738.06,45.7738,8.2072,9.3564,0.7658,7.9782,16.1061,Yes,4.78
2021-08-05,1459578.29,45.9578,8.2407,9.3564,0.7664,7.9846,16.5779,Yes,4.78
2021-08-06,1460330.15,46.033,8.2573,9.3564,0.7851,7.9789,16.0445,Yes,4.77
2021-08-09,1470456.25,47.0456,8.4293,9.3564,0.7878,7.9782,15.6595,Yes,4.76
2021-08-10,1470529.1,47.0529,8.4355,9.3564,0.7853,7.9773,15.0089,Yes,4.76
2021-08-11,1468621.68,46.8622,8.411,9.3564,0.7758,7.9734,14.1566,Yes,4.76
2021-08-12,1462395.92,46.2396,8.3192,9.3564,0.7763,7.9728,13.3872,Yes,4.76
2021-08-13,1461966.59,46.1967,8.3175,9.3564,0.7769,7.9779,13.6188,Yes,4.75
2021-08-16,1461352.7,46.1353,8.3229,9.3564,0.7873,7.9859,14.7264,Yes,4.75
2021-08-17,1465909.61,46.591,8.3991,9.3564,0.7778,8.0099,17.9703,Yes,4.74
2021-08-18,1463488.44,46.3488,8.3663,9.3564,0.7754,8.0089,17.2462,Yes,4.74
2021-08-19,1461943.95,46.1944,8.3472,9.3564,0.7753,8.006,16.2527,Yes,4.74
2021-08-20,1460627.37,46.0627,8.3316,9.3564,0.7599,8.0058,16.2747,Yes,4.73
2021-08-23,1453665.41,45.3665,8.2372,9.3564,0.7541,7.9902,13.4608,Yes,4.73
2021-08-24,1448160.94,44.8161,8.1553,9.3564,0.7545,7.9886,12.5414,Yes,4.72
2021-08-25,1448228.42,44.8228,8.1612,9.3564,0.7687,7.9842,11.7512,Yes,4.72
2021-08-26,1453752.36,45.3752,8.2535,9.3564,0.7593,7.9954,13.2098,Yes,4.72
2021-08-27,1449208.06,44.9208,8.1866,9.3564,0.7527,7.998,13.0542,Yes,4.72
2021-08-30,1445944.32,44.5944,8.1497,9.3564,0.7543,7.9975,12.3569,Yes,4.71
2021-08-31,1446052.27,44.6052,8.1563,9.3564,0.7655,7.9988,12.347,Yes,4.7
2021-09-01,1450500.71,45.0501,8.232,9.3564,0.756,8.0126,14.1422,Yes,4.7
2021-09-02,1447291.73,44.7292,8.1859,9.3564,0.7647,8.0077,12.8958,Yes,4.7
2021-09-03,1449996.1,44.9996,8.2339,9.3564,0.7502,8.0136,13.7837,Yes,4.7
2021-09-06,1443292.89,44.3293,8.142,9.3564,0.7426,8.0067,12.2501,Yes,4.69
2021-09-07,1439340.96,43.9341,8.0837,9.3564,0.7536,7.9968,10.2091,Yes,4.68
2021-09-08,1443369.83,44.337,8.1531,9.3564,0.7581,7.9984,9.987,Yes,4.68
2021-09-09,1444957.06,44.4957,8.1835,9.3564,0.752,8.0006,9.9037,Yes,4.68
2021-09-10,1441218.24,44.1218,8.1286,9.3564,0.7555,8.0015,9.4546,Yes,4.68
2021-09-13,1442948.45,44.2948,8.1712,9.3564,0.7586,8.0036,9.2504,Yes,4.67
2021-09-14,1443447.68,44.3448,8.1843,9.3564,0.7515,8.0092,9.6725,Yes,4.67
2021-09-15,1440261.76,44.0262,8.138,9.3564,0.7791,7.9966,8.9112,Yes,4.66
2021-09-16,1451663.96,45.1664,8.3261,9.3564,0.7851,8.0158,11.9628,Yes,4.66
2021-09-17,1456824.47,45.6824,8.4138,9.3564,0.7738,8.0186,12.3209,Yes,4.66
2021-09-22,1450147.29,45.0147,8.3324,9.3564,0.7769,8.0194,11.7594,Yes,4.64
2021-09-23,1452175.89,45.2176,8.3702,9.3564,0.7942,8.0151,11.2191,Yes,4.64
2021-09-24,1459156.1,45.9156,8.4874,9.3564,0.8122,8.0209,12.8259,Yes,4.64
2021-09-27,1467113.44,46.7113,8.6306,9.3564,0.8145,8.0435,16.2676,Yes,4.63
2021-09-28,1471072.95,47.1073,8.6992,9.3564,0.842,8.0347,16.2534,Yes,4.63
2021-09-29,1482380.36,48.238,8.8847,9.3564,0.8205,8.0586,20.6062,Yes,4.62
2021-09-30,1475222.01,47.5222,8.7762,9.3564,0.8151,8.0412,17.2466,Yes,4.62
2021-10-08,1468941.29,46.8941,8.719,9.3564,0.8216,8.0429,16.9276,Yes,4.6
2021-10-11,1472137.78,47.2138,8.7867,9.3564,0.8347,8.0466,17.574,Yes,4.59
2021-10-12,1477489.52,47.749,8.8783,9.3564,0.8236,8.066,20.4507,Yes,4.59
2021-10-13,1473962.8,47.3963,8.8271,9.3564,0.8112,8.0587,19.114,Yes,4.59
2021-10-14,1465979.7,46.598,8.7037,9.3564,0.8123,8.0584,18.256,Yes,4.58
2021-10-15,1466264.76,46.6265,8.7137,9.3564,0.815,8.0612,18.1247,Yes,4.58
2021-10-18,1468284.55,46.8285,8.7628,9.3564,0.8091,8.0557,16.8653,Yes,4.57
2021-10-19,1463796.52,46.3797,8.6954,9.3564,0.8113,8.0531,15.7062,Yes,4.57
2021-10-20,1464133.76,46.4134,8.7064,9.3564,0.8108,8.0549,15.4062,Yes,4.57
2021-10-21,1462811.8,46.2812,8.6903,9.3564,0.8136,8.0604,15.7142,Yes,4.56
2021-10-22,1463768.75,46.3769,8.7113,9.3564,0.8053,8.0693,16.7262,Yes,4.56
2021-10-25,1460817.68,46.0818,8.6795,9.3564,0.8075,8.0648,15.2712,Yes,4.55
2021-10-26,1460084.37,46.0084,8.673,9.3564,0.8197,8.0677,15.6348,Yes,4.55
2021-10-27,1466119.0,46.6119,8.777,9.3564,0.8282,8.0758,16.8037,Yes,4.55
2021-10-28,1469218.07,46.9218,8.8331,9.3564,0.8172,8.0943,19.4666,Yes,4.55
2021-10-29,1466306.46,46.6306,8.7911,9.3564,0.8172,8.0869,17.5666,Yes,4.54
2021-11-01,1465123.63,46.5124,8.7884,9.3564,0.8232,8.084,16.458,Yes,4.53
2021-11-02,1466023.14,46.6023,8.8087,9.3564,0.826,8.0952,17.8332,Yes,4.53
2021-11-03,1468770.77,46.8771,8.8592,9.3564,0.821,8.0964,17.5683,Yes,4.53
2021-11-04,1466168.36,46.6168,8.8222,9.3564,0.823,8.0914,16.021,Yes,4.53
2021-11-05,1464381.93,46.4382,8.7984,9.3564,0.8094,8.1023,17.4985,Yes,4.52
2021-11-08,1458431.12,45.8431,8.717,9.3564,0.7966,8.101,16.9711,Yes,4.52
2021-11-09,1452166.61,45.2167,8.6189,9.3564,0.7989,8.0956,15.2775,Yes,4.51
2021-11-10,1451958.36,45.1958,8.6209,9.3564,0.7831,8.0947,15.2275,Yes,4.51
2021-11-11,1443391.98,44.3392,8.4838,9.3564,0.7737,8.093,14.3397,Yes,4.51
2021-11-12,1438926.85,43.8927,8.4146,9.3564,0.7811,8.0877,12.7938,Yes,4.5
2021-11-15,1441124.4,44.1124,8.4674,9.3564,0.7862,8.0925,13.1072,Yes,4.5
2021-11-16,1442681.8,44.2682,8.4989,9.3564,0.7751,8.1024,14.4083,Yes,4.49
2021-11-17,1439005.88,43.9006,8.4426,9.3564,0.7775,8.0949,12.3955,Yes,4.49
2021-11-18,1438025.6,43.8026,8.4315,9.3564,0.7708,8.0991,12.5455,Yes,4.49
2021-11-19,1435326.92,43.5327,8.3915,9.3564,0.767,8.0952,11.2624,Yes,4.48
2021-11-22,1433578.6,43.3579,8.378,9.3564,0.7865,8.0836,9.2519,Yes,4.48
2021-11-23,1441545.16,44.1545,8.5177,9.3564,0.7929,8.0867,9.3319,Yes,4.47
2021-11-24,1443776.44,44.3776,8.5607,9.3564,0.7949,8.0904,9.3702,Yes,4.47
2021-11-25,1444162.22,44.4162,8.5726,9.3564,0.7881,8.0945,9.5498,Yes,4.47
2021-11-26,1440356.47,44.0356,8.514,9.3564,0.7854,8.0975,9.3425,Yes,4.47
2021-11-29,1439503.8,43.9504,8.5159,9.3564,0.785,8.0968,8.5354,Yes,4.46
2021-11-30,1438747.65,43.8748,8.5085,9.3564,0.7899,8.0964,7.8016,Yes,4.45
2021-12-01,1440265.53,44.0266,8.5397,9.3564,0.8024,8.0974,7.7811,Yes,4.45
2021-12-02,1445296.42,44.5296,8.6303,9.3564,0.7984,8.1073,8.9658,Yes,4.45
2021-12-03,1444397.97,44.4398,8.6206,9.3564,0.8057,8.1064,8.209,Yes,4.45
2021-12-06,1445560.11,44.556,8.657,9.3564,0.8162,8.1156,9.8131,Yes,4.44
2021-12-07,1451113.66,45.1114,8.7565,9.3564,0.8004,8.1257,11.5816,Yes,4.44
2021-12-08,1445266.56,44.5267,8.6631,9.3564,0.8064,8.1191,9.5942,Yes,4.43
2021-12-09,1446582.77,44.6583,8.691,9.3564,0.8082,8.1221,9.467,Yes,4.43
2021-12-10,1447096.99,44.7097,8.7054,9.3564,0.8012,8.1237,9.2278,Yes,4.43
2021-12-13,1442904.37,44.2904,8.6509,9.3564,0.8014,8.1252,8.7384,Yes,4.42
2021-12-14,1442522.88,44.2523,8.65,9.3564,0.8126,8.1271,8.7803,Yes,4.42
2021-12-15,1448055.2,44.8055,8.7498,9.3564,0.8018,8.1303,9.1392,Yes,4.41
2021-12-16,1441981.29,44.1981,8.6519,9.3564,0.8034,8.1309,8.4522,Yes,4.41
2021-12-17,1440895.87,44.0896,8.639,9.3564,0.8147,8.1395,9.9891,Yes,4.41
2021-12-20,1446707.03,44.6707,8.7552,9.3564,0.8081,8.1538,12.006,Yes,4.4
2021-12-21,1445769.91,44.577,8.7449,9.3564,0.8056,8.1497,10.6207,Yes,4.4
2021-12-22,1443537.64,44.3538,8.7123,9.3564,0.8005,8.1467,9.48,Yes,4.39
2021-12-23,1439166.48,43.9166,8.643,9.3564,0.8133,8.1477,9.4545,Yes,4.39
2021-12-24,1444144.55,44.4145,8.7341,9.3564,0.8104,8.1631,11.6509,Yes,4.39
2021-12-27,1444206.4,44.4206,8.7522,9.3564,0.8009,8.1655,11.6535,Yes,4.38
2021-12-28,1439722.18,43.9722,8.6807,9.3564,0.8077,8.1627,10.4167,Yes,4.38
2021-12-29,1441973.49,44.1973,8.7252,9.3564,0.8055,8.1669,10.5306,Yes,4.38
2021-12-30,1441245.72,44.1246,8.7184,9.3564,0.8009,8.165,9.5668,Yes,4.37
2022-01-04,1437994.76,43.7995,8.6906,9.3564,0.8189,8.1601,8.7634,Yes,4.36
2022-01-05,1444001.24,44.4001,8.8003,9.3564,0.8135,8.1785,11.5782,Yes,4.36
2022-01-06,1444196.37,44.4196,8.8095,9.3564,0.837,8.1701,10.6844,Yes,4.35
2022-01-07,1453121.96,45.3122,8.9695,9.3564,0.8289,8.1852,13.0157,Yes,4.35
2022-01-10,1450566.13,45.0566,8.943,9.3564,0.8321,8.1853,12.2633,Yes,4.34
2022-01-11,1450242.16,45.0242,8.9433,9.3564,0.8136,8.192,13.5478,Yes,4.34
2022-01-12,1442834.34,44.2834,8.8206,9.3564,0.8277,8.184,11.6091,Yes,4.34
2022-01-13,1446967.63,44.6968,8.8983,9.3564,0.8229,8.198,13.5761,Yes,4.33
2022-01-14,1446042.88,44.6043,8.8881,9.3564,0.8156,8.1986,13.1236,Yes,4.33
2022-01-17,1443024.53,44.3025,8.8531,9.3564,0.8259,8.1919,11.2008,Yes,4.32
2022-01-18,1445675.56,44.5676,8.9052,9.3564,0.8319,8.1985,11.91,Yes,4.32
2022-01-19,1447855.26,44.7855,8.9491,9.3564,0.8363,8.2086,13.2739,Yes,4.32
2022-01-20,1449109.79,44.911,8.9769,9.3564,0.843,8.2241,15.8829,Yes,4.32
2022-01-21,1453593.98,45.3594,9.061,9.3564,0.8398,8.2363,17.5119,Yes,4.31
2022-01-24,1453035.84,45.3036,9.0693,9.3564,0.8704,8.2234,16.9318,Yes,4.3
2022-01-25,1465059.05,46.5059,9.2845,9.3564,0.8602,8.2509,21.724,Yes,4.3
2022-01-26,1462565.54,46.2566,9.2474,9.3564,0.8992,8.2294,21.0796,Yes,4.3
2022-01-27,1479791.81,47.9792,9.5518,9.3564,0.8989,8.2499,24.7488,Yes,4.3
2022-01-28,1480712.17,48.0712,9.574,9.3564,0.8868,8.2499,24.518,Yes,4.29
2022-02-07,1474227.61,47.4228,9.5256,9.3564,0.8815,8.2461,22.9556,Yes,4.27
2022-02-08,1470410.67,47.0411,9.4654,9.3564,0.8651,8.2446,22.6257,Yes,4.26
2022-02-09,1462480.52,46.2481,9.3329,9.3564,0.8701,8.2382,20.4013,Yes,4.26
2022-02-10,1463153.91,46.3154,9.351,9.3564,0.8894,8.2386,21.0022,Yes,4.26
2022-02-11,1471907.77,47.1908,9.5108,9.3564,0.8781,8.2525,23.441,Yes,4.25
2022-02-14,1466386.73,46.6387,9.4331,9.3564,0.8576,8.2541,23.9304,Yes,4.25
2022-02-15,1456820.36,45.682,9.2708,9.3564,0.8649,8.2484,21.8644,Yes,4.24
2022-02-16,1459969.96,45.997,9.3328,9.3564,0.8566,8.2449,20.876,Yes,4.24
2022-02-17,1454405.88,45.4406,9.2406,9.3564,0.8481,8.2455,20.2483,Yes,4.24
2022-02-18,1449812.05,44.9812,9.1653,9.3564,0.8416,8.2471,19.7312,Yes,4.24
2022-02-21,1446755.85,44.6756,9.1294,9.3564,0.8404,8.2445,18.3795,Yes,4.23
2022-02-22,1444406.16,44.4406,9.0936,9.3564,0.8278,8.2519,19.2797,Yes,4.22
2022-02-23,1440090.26,44.009,9.0225,9.3564,0.8326,8.2424,16.5394,Yes,4.22
2022-02-24,1438847.81,43.8848,9.0063,9.3564,0.83,8.2605,19.1835,Yes,4.22
2022-02-25,1439904.6,43.9905,9.0314,9.3564,0.8314,8.2578,17.9395,Yes,4.22
2022-02-28,1439726.01,43.9726,9.0466,9.3564,0.8323,8.2571,17.0196,Yes,4.21
2022-03-01,1439127.59,43.9128,9.042,9.3564,0.8243,8.2595,16.8682,Yes,4.21
2022-03-02,1434460.77,43.4461,8.9639,9.3564,0.8338,8.2638,17.1067,Yes,4.2
2022-03-03,1438710.42,43.871,9.0467,9.3564,0.8409,8.2719,18.2502,Yes,4.2
2022-03-04,1441671.96,44.1672,9.1064,9.3564,0.8391,8.2843,19.9003,Yes,4.2
2022-03-07,1440515.88,44.0516,9.1041,9.3564,0.8426,8.3022,22.5371,Yes,4.19
2022-03-08,1442678.96,44.2679,9.1495,9.3564,0.839,8.3271,26.3626,Yes,4.19
2022-03-09,1442031.57,44.2032,9.144,9.3564,0.8449,8.3385,27.7605,Yes,4.18
2022-03-10,1445948.99,44.5949,9.2211,9.3564,0.8434,8.3247,24.885,Yes,4.18
2022-03-11,1443327.45,44.3327,9.18,9.3564,0.8703,8.3147,24.2015,Yes,4.18
2022-03-14,1454667.9,45.4668,9.404,9.3564,0.9245,8.2899,27.6749,Yes,4.17
2022-03-15,1479489.08,47.9489,9.8556,9.3564,0.9033,8.3162,34.1265,Yes,4.17
2022-03-16,1470941.1,47.0941,9.7097,9.3564,0.8857,8.2919,29.728,Yes,4.16
2022-03-17,1460194.35,46.0194,9.5232,9.3564,0.8802,8.2859,27.3388,Yes,4.16
2022-03-18,1456660.83,45.6661,9.466,9.3564,0.8756,8.2848,26.213,Yes,4.16
2022-03-21,1454027.85,45.4028,9.4379,9.3564,0.8763,8.2828,24.8511,Yes,4.15
2022-03-22,1453157.72,45.3158,9.4286,9.3564,0.8761,8.2899,25.4095,Yes,4.15
2022-03-23,1453316.42,45.3316,9.438,9.3564,0.8766,8.2901,24.6263,Yes,4.15
2022-03-24,1452355.15,45.2355,9.4271,9.3564,0.8796,8.3002,25.8208,Yes,4.14
2022-03-25,1453783.74,45.3784,9.4596,9.3564,0.8927,8.3082,27.3151,Yes,4.14
2022-03-28,1460134.48,46.0134,9.5948,9.3564,0.9018,8.3142,28.304,Yes,4.13
2022-03-29,1464227.49,46.4227,9.6758,9.3564,0.8881,8.3186,29.0971,Yes,4.13
2022-03-30,1457907.08,45.7907,9.5676,9.3564,0.9023,8.3088,26.4817,Yes,4.13
2022-03-31,1462861.98,46.2862,9.6645,9.3564,0.8978,8.3203,28.2128,Yes,4.12
2022-04-01,1460919.63,46.092,9.6358,9.3564,0.9026,8.3245,28.2026,Yes,4.12
2022-04-06,1462956.52,46.2957,9.7067,9.3564,0.9188,8.3247,28.3602,Yes,4.11
2022-04-07,1469773.56,46.9774,9.8378,9.3564,0.921,8.3406,31.0869,Yes,4.1
2022-04-08,1471229.1,47.1229,9.8712,9.3564,0.9437,8.3407,32.0499,Yes,4.1
2022-04-11,1481621.24,48.1621,10.0811,9.3564,0.9274,8.3649,37.2087,Yes,4.09
2022-04-12,1474558.25,47.4558,9.9597,9.3564,0.9408,8.3592,35.3615,Yes,4.09
2022-04-13,1480113.26,48.0113,10.0679,9.3564,0.9302,8.3744,38.1213,Yes,4.09
2022-04-14,1475191.53,47.5192,9.9853,9.3564,0.939,8.3709,36.526,Yes,4.08
2022-04-15,1478687.09,47.8687,10.0561,9.3564,0.9287,8.3821,38.3674,Yes,4.08
2022-04-18,1473633.17,47.3633,9.9849,9.3564,0.9328,8.3819,37.2529,Yes,4.07
2022-04-19,1475061.32,47.5061,10.0181,9.3564,0.9578,8.3742,36.8255,Yes,4.07
2022-04-20,1486215.06,48.6215,10.2291,9.3564,0.9801,8.379,39.2734,Yes,4.07
2022-04-21,1497309.84,49.731,10.4381,9.3564,0.9878,8.4074,45.1613,Yes,4.07
2022-04-22,1501573.46,50.1573,10.5229,9.3564,1.0611,8.3511,47.3682,Yes,4.06
2022-04-25,1537158.79,53.7159,11.1857,9.3564,1.0948,8.3839,59.8542,No,4.05
2022-04-26,1553404.68,55.3405,11.4825,9.3564,1.0604,8.3813,64.8641,No,4.05
2022-04-27,1531823.02,53.1823,11.1062,9.3564,1.0671,8.358,56.7063,No,4.05
2022-04-28,1535405.64,53.5406,11.1783,9.3564,1.0281,8.3377,58.0415,No,4.05
2022-04-29,1512940.73,51.2941,10.7817,9.3564,1.0175,8.3213,51.411,No,4.04
2022-05-05,1506927.25,50.6927,10.7185,9.3564,1.0299,8.3148,48.7538,Yes,4.03
2022-05-06,1512698.33,51.2698,10.8314,9.3564,1.0172,8.322,50.6178,Yes,4.02
2022-05-09,1505742.42,50.5742,10.7276,9.3564,1.0093,8.3199,48.6529,Yes,4.02
2022-05-10,1501126.1,50.1126,10.6506,9.3564,1.008,8.3156,45.9106,Yes,4.01
2022-05-11,1499837.72,49.9838,10.6346,9.3564,0.9966,8.3137,44.6379,Yes,4.01
2022-05-12,1493750.13,49.375,10.53,9.3564,1.0015,8.3162,43.8818,Yes,4.01
2022-05-13,1495568.22,49.5568,10.5711,9.3564,1.0086,8.3163,43.0028,Yes,4.01
2022-05-16,1498407.02,49.8407,10.6465,9.3564,1.0008,8.3182,42.7391,Yes,4.0
2022-05-17,1494071.75,49.4072,10.5739,9.3564,1.0097,8.3192,41.9092,Yes,3.99
2022-05-18,1497880.02,49.788,10.6521,9.3564,1.0008,8.3208,41.6927,Yes,3.99
2022-05-19,1493003.31,49.3003,10.5693,9.3564,0.9871,8.3189,40.4918,Yes,3.99
2022-05-20,1485800.03,48.58,10.4429,9.3564,0.9783,8.3171,38.6243,Yes,3.99
2022-05-23,1481055.31,48.1055,10.3768,9.3564,1.0123,8.3003,36.8755,Yes,3.98
2022-05-24,1495915.69,49.5916,10.6619,9.3564,0.997,8.3175,42.7683,Yes,3.98
2022-05-25,1488526.92,48.8527,10.5317,9.3564,0.9904,8.3146,40.3083,Yes,3.97
2022-05-26,1484680.37,48.468,10.4674,9.3564,0.9898,8.3169,39.4334,Yes,3.97
2022-05-27,1483974.3,48.3974,10.4617,9.3564,0.9856,8.3224,39.8152,Yes,3.97
2022-05-30,1481656.67,48.1657,10.4409,9.3564,0.9796,8.3216,38.207,Yes,3.96
2022-05-31,1478267.88,47.8268,10.3846,9.3564,0.9837,8.3215,36.6627,Yes,3.96
2022-06-01,1479585.87,47.9586,10.4171,9.3564,0.9711,8.3218,36.2344,Yes,3.95
2022-06-02,1473081.33,47.3081,10.3016,9.3564,0.9547,8.3182,34.7624,Yes,3.95
2022-06-06,1465065.36,46.5065,10.1789,9.3564,0.962,8.3135,31.4563,Yes,3.94
2022-06-07,1467275.91,46.7276,10.2286,9.3564,0.9573,8.3177,31.5985,Yes,3.94
2022-06-08,1464691.44,46.4691,10.1867,9.3564,0.971,8.3188,31.3784,Yes,3.93
2022-06-09,1470297.8,47.0298,10.3013,9.3564,0.9566,8.3267,33.7774,Yes,3.93
2022-06-10,1463997.54,46.3998,10.1883,9.3564,0.9403,8.319,31.0046,Yes,3.93
2022-06-13,1455216.75,45.5217,10.0417,9.3564,0.9572,8.3175,30.081,Yes,3.92
2022-06-14,1462482.26,46.2482,10.1891,9.3564,0.9647,8.3206,30.2674,Yes,3.92
2022-06-15,1465348.6,46.5349,10.2517,9.3564,0.9577,8.3246,30.4924,Yes,3.92
2022-06-16,1461780.01,46.178,10.1905,9.3564,0.9441,8.3241,29.6545,Yes,3.91
2022-06-17,1455024.89,45.5025,10.0675,9.3564,0.9398,8.325,28.1622,Yes,3.91
2022-06-20,1452733.36,45.2733,10.0453,9.3564,0.9514,8.324,26.7771,Yes,3.9
2022-06-21,1456857.11,45.6857,10.1328,9.3564,0.962,8.3294,28.0789,Yes,3.9
2022-06-22,1461324.85,46.1325,10.2268,9.3564,0.9429,8.3327,29.7504,Yes,3.9
2022-06-23,1452963.93,45.2964,10.072,9.3564,0.9415,8.3302,26.8382,Yes,3.89
2022-06-24,1451597.33,45.1597,10.0529,9.3564,0.9301,8.3282,25.2609,Yes,3.89
2022-06-27,1445529.82,44.553,9.9565,9.3564,0.9276,8.3299,23.9859,Yes,3.88
2022-06-28,1444211.86,44.4212,9.938,9.3564,0.952,8.3231,22.6411,Yes,3.88
2022-06-29,1453161.71,45.3162,10.1207,9.3564,0.9409,8.3334,25.8175,Yes,3.88
2022-06-30,1449149.25,44.9149,10.0496,9.3564,0.9509,8.3329,24.1172,Yes,3.87
2022-07-01,1452815.06,45.2815,10.1289,9.3564,0.9388,8.3346,24.1354,Yes,3.87
2022-07-04,1446940.42,44.694,10.0361,9.3564,0.9459,8.3355,22.7001,Yes,3.86
2022-07-05,1449146.22,44.9146,10.087,9.3564,0.9727,8.3306,23.4032,Yes,3.86
2022-07-06,1460656.3,46.0656,10.3205,9.3564,0.9747,8.3372,24.8588,Yes,3.86
2022-07-07,1462025.29,46.2025,10.355,9.3564,0.9835,8.3371,23.3005,Yes,3.85
2022-07-08,1464314.44,46.4314,10.4076,9.3564,0.9966,8.3401,24.024,Yes,3.85
2022-07-11,1469454.43,46.9454,10.5317,9.3564,1.007,8.3464,25.9518,Yes,3.84
2022-07-12,1473804.85,47.3805,10.6247,9.3564,1.005,8.3555,28.0711,Yes,3.84
2022-07-13,1473693.64,47.3694,10.6305,9.3564,0.9958,8.356,27.0341,Yes,3.84
2022-07-14,1468857.64,46.8858,10.5437,9.3564,1.012,8.3538,25.456,Yes,3.84
2022-07-15,1475029.87,47.503,10.6726,9.3564,0.9971,8.3575,26.702,Yes,3.83
2022-07-18,1468302.61,46.8303,10.5645,9.3564,0.995,8.3584,24.8596,Yes,3.82
2022-07-19,1466802.07,46.6802,10.5429,9.3564,0.9858,8.3594,23.8729,Yes,3.82
2022-07-20,1462363.28,46.2363,10.4632,9.3564,0.9995,8.3582,22.1171,Yes,3.82
2022-07-21,1467369.44,46.7369,10.57,9.3564,0.9927,8.3629,22.7179,Yes,3.82
2022-07-22,1463107.95,46.3108,10.4937,9.3564,0.9991,8.3684,23.4279,Yes,3.81
2022-07-25,1465849.3,46.5849,10.5719,9.3564,0.9887,8.375,24.9499,Yes,3.81
2022-07-26,1461737.53,46.1738,10.4983,9.3564,0.9839,8.3764,23.554,Yes,3.8
2022-07-27,1459167.61,45.9168,10.455,9.3564,0.9714,8.3757,22.3007,Yes,3.8
2022-07-28,1452501.28,45.2501,10.3298,9.3564,0.9643,8.3784,21.4324,Yes,3.8
2022-07-29,1448442.23,44.8442,10.2563,9.3564,0.957,8.3843,21.9914,Yes,3.79
2022-08-01,1445799.56,44.58,10.2265,9.3564,0.9777,8.381,20.9207,Yes,3.79
2022-08-02,1452742.79,45.2743,10.374,9.3564,0.9842,8.3916,24.787,Yes,3.78
2022-08-03,1456518.86,45.6519,10.4577,9.3564,0.9782,8.397,25.5323,Yes,3.78
2022-08-04,1453736.34,45.3736,10.4098,9.3564,0.958,8.3936,24.7452,Yes,3.78
2022-08-05,1444381.67,44.4382,10.229,9.3564,0.9551,8.3942,22.4633,Yes,3.78
2022-08-08,1442734.02,44.2734,10.2191,9.3564,0.9501,8.3954,20.994,Yes,3.77
2022-08-09,1439514.26,43.9514,10.1615,9.3564,0.9489,8.3993,20.4687,Yes,3.76
2022-08-10,1438525.4,43.8525,10.1491,9.3564,0.9436,8.4035,20.3905,Yes,3.76
2022-08-11,1436397.87,43.6398,10.1135,9.3564,0.9498,8.4052,19.0304,Yes,3.76
2022-08-12,1437592.18,43.7592,10.1456,9.3564,0.9414,8.4113,20.1114,Yes,3.76
2022-08-15,1434339.23,43.4339,10.1024,9.3564,0.9392,8.4143,19.2099,Yes,3.75
2022-08-16,1432940.27,43.294,10.0815,9.3564,0.9436,8.4175,18.5407,Yes,3.75
2022-08-17,1434282.33,43.4282,10.1167,9.3564,0.9466,8.4218,18.4751,Yes,3.74
2022-08-18,1435347.24,43.5347,10.1464,9.3564,0.9621,8.4223,18.1083,Yes,3.74
2022-08-19,1440598.89,44.0599,10.2619,9.3564,0.9576,8.4302,20.0189,Yes,3.74
2022-08-22,1439435.21,43.9435,10.2617,9.3564,0.9551,8.4331,19.1269,Yes,3.73
2022-08-23,1437537.72,43.7538,10.2306,9.3564,0.9828,8.4266,18.8424,Yes,3.73
2022-08-24,1447332.59,44.7333,10.4398,9.3564,0.9798,8.4386,23.3435,Yes,3.72
2022-08-25,1447089.21,44.7089,10.4428,9.3564,0.9834,8.4438,23.7496,Yes,3.72
2022-08-26,1448283.63,44.8284,10.4754,9.3564,0.9858,8.4494,24.3901,Yes,3.72
2022-08-29,1449554.31,44.9554,10.5259,9.3564,0.99,8.4525,23.6614,Yes,3.71
2022-08-30,1450252.07,45.0252,10.5485,9.3564,1.0242,8.4419,24.4518,Yes,3.71
2022-08-31,1463721.85,46.3722,10.833,9.3564,1.0344,8.4502,28.6178,Yes,3.7
2022-09-01,1468627.98,46.8628,10.9416,9.3564,1.0294,8.4553,29.2619,Yes,3.7
2022-09-02,1466193.21,46.6193,10.9004,9.3564,1.0209,8.4572,28.1227,Yes,3.7
2022-09-05,1461514.54,46.1515,10.8299,9.3564,1.0014,8.4565,27.8536,Yes,3.69
2022-09-06,1452959.36,45.2959,10.6621,9.3564,1.0037,8.458,25.4783,Yes,3.69
2022-09-07,1453379.25,45.3379,10.6791,9.3564,1.0066,8.4614,24.6877,Yes,3.68
2022-09-08,1453439.57,45.344,10.6887,9.3564,1.004,8.4681,25.8885,Yes,3.68
2022-09-09,1452502.92,45.2503,10.6777,9.3564,1.0058,8.4725,25.5884,Yes,3.68
2022-09-13,1452755.72,45.2756,10.7165,9.3564,1.0213,8.4739,25.7612,Yes,3.67
2022-09-14,1458807.65,45.8808,10.8506,9.3564,1.0537,8.4656,27.1335,Yes,3.67
2022-09-15,1471542.18,47.1542,11.1225,9.3564,1.0751,8.4678,31.174,Yes,3.66
2022-09-16,1480621.5,48.0621,11.3181,9.3564,1.0836,8.4745,33.9659,Yes,3.66
2022-09-19,1484004.53,48.4005,11.4146,9.3564,1.0707,8.4793,35.6707,Yes,3.65
2022-09-20,1478158.99,47.8159,11.3032,9.3564,1.0695,8.4822,33.9475,Yes,3.65
2022-09-21,1477026.92,47.7027,11.2888,9.3564,1.0714,8.4871,33.9791,Yes,3.65
2022-09-22,1477527.9,47.7528,11.3081,9.3564,1.0853,8.4888,33.8413,Yes,3.64
2022-09-23,1482825.02,48.2825,11.4265,9.3564,1.1039,8.4914,36.4407,Yes,3.64
2022-09-26,1490696.48,49.0696,11.6163,9.3564,1.0871,8.4938,38.1798,Yes,3.63
2022-09-27,1482821.23,48.2821,11.4628,9.3564,1.1139,8.4862,35.4596,Yes,3.63
2022-09-28,1493340.99,49.3341,11.6894,9.3564,1.1037,8.4941,39.7923,Yes,3.63
2022-09-29,1488457.05,48.8457,11.5979,9.3564,1.1162,8.4964,39.3958,Yes,3.62
2022-09-30,1493586.43,49.3586,11.7132,9.3564,1.1317,8.5,41.7608,Yes,3.62
2022-10-10,1500072.12,50.0072,11.9424,9.3564,1.1292,8.508,45.0857,Yes,3.59
2022-10-11,1498356.24,49.8356,11.9164,9.3564,1.1055,8.5037,44.2848,Yes,3.59
2022-10-12,1487040.73,48.7041,11.6898,9.3564,1.0984,8.5046,40.209,Yes,3.59
2022-10-13,1483424.0,48.3424,11.6234,9.3564,1.0801,8.5035,38.8731,Yes,3.59
2022-10-14,1474947.68,47.4948,11.4545,9.3564,1.0774,8.5058,35.5297,Yes,3.58
2022-10-17,1473263.07,47.3263,11.4466,9.3564,1.0728,8.5093,34.1479,Yes,3.58
2022-10-18,1470706.17,47.0706,11.4017,9.3564,1.0815,8.5126,33.4048,Yes,3.57
2022-10-19,1473846.33,47.3846,11.4775,9.3564,1.0911,8.5167,34.3826,Yes,3.57
2022-10-20,1477595.35,47.7595,11.5663,9.3564,1.0931,8.522,35.0397,Yes,3.57
2022-10-21,1478013.27,47.8013,11.5845,9.3564,1.0895,8.5267,34.9847,Yes,3.56
2022-10-24,1475818.97,47.5819,11.5661,9.3564,1.0904,8.5327,36.1252,Yes,3.56
2022-10-25,1475982.02,47.5982,11.579,9.3564,1.0735,8.5341,36.6104,Yes,3.55
2022-10-26,1468431.46,46.8431,11.4274,9.3564,1.0811,8.5363,33.7502,Yes,3.55
2022-10-27,1470921.37,47.0921,11.4899,9.3564,1.1131,8.5279,34.3729,Yes,3.55
2022-10-28,1483575.49,48.3575,11.769,9.3564,1.109,8.5353,39.1466,Yes,3.55
2022-10-31,1481469.46,48.1469,11.753,9.3564,1.0908,8.5348,37.9816,Yes,3.54
2022-11-01,1473132.87,47.3133,11.5844,9.3564,1.0796,8.5364,34.8275,Yes,3.53
2022-11-02,1467741.34,46.7741,11.478,9.3564,1.0778,8.5407,33.0774,Yes,3.53
2022-11-03,1466561.44,46.6561,11.462,9.3564,1.0608,8.541,32.2196,Yes,3.53
2022-11-04,1459019.63,45.902,11.3086,9.3564,1.0551,8.5444,29.4056,Yes,3.53
2022-11-07,1455625.98,45.5626,11.2628,9.3564,1.0562,8.5493,29.3286,Yes,3.52
2022-11-08,1455731.62,45.5732,11.2743,9.3564,1.0411,8.5514,29.6895,Yes,3.52
2022-11-09,1448701.39,44.8701,11.1303,9.3564,1.0503,8.5552,30.0576,Yes,3.51
2022-11-10,1452211.85,45.2212,11.2161,9.3564,1.0388,8.5592,31.4894,Yes,3.51
2022-11-11,1447102.94,44.7103,11.1136,9.3564,1.0528,8.5611,30.6943,Yes,3.51
2022-11-14,1452354.13,45.2354,11.2563,9.3564,1.0309,8.5595,31.562,Yes,3.5
2022-11-15,1442899.81,44.29,11.0579,9.3564,1.0345,8.5635,28.584,Yes,3.5
2022-11-16,1443461.25,44.3461,11.0794,9.3564,1.032,8.5689,29.5524,Yes,3.49
2022-11-17,1442220.32,44.222,11.0612,9.3564,1.0409,8.5727,29.3119,Yes,3.49
2022-11-18,1445323.25,44.5323,11.1388,9.3564,1.0421,8.578,30.4015,Yes,3.49
2022-11-21,1445649.67,44.565,11.1738,9.3564,1.0583,8.5793,29.7987,Yes,3.48
2022-11-22,1451498.74,45.1499,11.3123,9.3564,1.0612,8.5848,31.8904,Yes,3.48
2022-11-23,1452430.38,45.243,11.3422,9.3564,1.0557,8.5896,32.1965,Yes,3.47
2022-11-24,1449756.85,44.9757,11.2926,9.3564,1.064,8.5936,31.8178,Yes,3.47
2022-11-25,1452654.39,45.2654,11.3661,9.3564,1.0663,8.599,33.3298,Yes,3.47
2022-11-28,1453275.03,45.3275,11.4083,9.3564,1.0566,8.6031,33.7292,Yes,3.46
2022-11-29,1448994.99,44.8995,11.3229,9.3564,1.0594,8.6076,31.6686,Yes,3.46
2022-11-30,1449537.48,44.9537,11.3444,9.3564,1.0492,8.6115,31.7489,Yes,3.45
2022-12-01,1444961.6,44.4962,11.2519,9.3564,1.0417,8.6156,30.401,Yes,3.45
2022-12-02,1441377.31,44.1377,11.1813,9.3564,1.0467,8.6203,29.9693,Yes,3.45
2022-12-05,1443155.61,44.3156,11.2493,9.3564,1.0582,8.6235,29.3146,Yes,3.44
2022-12-06,1447265.79,44.7266,11.3508,9.3564,1.0605,8.6286,29.5232,Yes,3.44
2022-12-07,1447736.23,44.7736,11.3709,9.3564,1.0641,8.6335,29.4897,Yes,3.44
2022-12-08,1448658.61,44.8659,11.4011,9.3564,1.06,8.6388,30.3243,Yes,3.43
2022-12-09,1446701.46,44.6701,11.3668,9.3564,1.0645,8.6437,29.9726,Yes,3.43
2022-12-12,1448070.57,44.8071,11.4264,9.3564,1.0731,8.6478,30.4549,Yes,3.42
2022-12-13,1451067.98,45.1068,11.5035,9.3564,1.0669,8.6529,31.6817,Yes,3.42
2022-12-14,1448117.19,44.8117,11.4468,9.3564,1.0708,8.6581,32.1557,Yes,3.42
2022-12-15,1449505.01,44.9505,11.4878,9.3564,1.0872,8.6594,31.6042,Yes,3.41
2022-12-16,1455463.45,45.5463,11.6317,9.3564,1.1005,8.6623,33.1811,Yes,3.41
2022-12-19,1460380.54,46.0381,11.7721,9.3564,1.1078,8.6672,35.8624,Yes,3.4
2022-12-20,1463025.54,46.3026,11.8416,9.3564,1.1071,8.6726,36.9162,Yes,3.4
2022-12-21,1462332.62,46.2333,11.8361,9.3564,1.1221,8.6749,38.058,Yes,3.4
2022-12-22,1468056.53,46.8057,11.975,9.3564,1.134,8.6785,40.3387,Yes,3.39
2022-12-23,1472335.08,47.2335,12.0814,9.3564,1.1179,8.6803,40.9351,Yes,3.39
2022-12-26,1464951.01,46.4951,11.946,9.3564,1.1099,8.6847,38.3574,Yes,3.38
2022-12-27,1461289.99,46.129,11.8734,9.3564,1.1175,8.689,37.2615,Yes,3.38
2022-12-28,1463999.85,46.4,11.9449,9.3564,1.12,8.6943,38.5132,Yes,3.38
2022-12-29,1464537.24,46.4537,11.9674,9.3564,1.113,8.6991,38.66,Yes,3.38
2022-12-30,1461184.44,46.1184,11.9016,9.3564,1.0932,8.699,38.2231,Yes,3.37
2023-01-03,1452486.28,45.2486,11.744,9.3564,1.0899,8.7043,35.1659,Yes,3.36
2023-01-04,1452186.42,45.2186,11.7472,9.3564,1.0871,8.7096,35.2169,Yes,3.36
2023-01-05,1449713.86,44.9714,11.7006,9.3564,1.0941,8.7119,33.8786,Yes,3.36
2023-01-06,1451902.47,45.1902,11.761,9.3564,1.0818,8.7146,33.5727,Yes,3.35
2023-01-09,1445644.0,44.5644,11.6472,9.3564,1.0822,8.7182,32.8486,Yes,3.35
2023-01-10,1445657.06,44.5657,11.6576,9.3564,1.0882,8.7229,32.7582,Yes,3.34
2023-01-11,1447069.6,44.707,11.7004,9.3564,1.0877,8.7304,33.8489,Yes,3.34
2023-01-12,1447086.02,44.7086,11.7109,9.3564,1.0835,8.7356,33.794,Yes,3.34
2023-01-13,1445027.34,44.5027,11.6734,9.3564,1.0703,8.7375,33.2204,Yes,3.33
2023-01-16,1439387.2,43.9387,11.5726,9.3564,1.0678,8.7396,31.7189,Yes,3.33
2023-01-17,1437373.05,43.7373,11.5357,9.3564,1.0675,8.7448,31.6053,Yes,3.32
2023-01-18,1437155.32,43.7155,11.5406,9.3564,1.0577,8.7484,31.2966,Yes,3.32
2023-01-19,1432933.64,43.2934,11.4518,9.3564,1.0436,8.7482,30.0562,Yes,3.32
2023-01-20,1426414.6,42.6415,11.3086,9.3564,1.04,8.7509,28.883,Yes,3.32
2023-01-30,1424898.81,42.4899,11.372,9.3564,1.0466,8.7542,27.941,Yes,3.29
2023-01-31,1427063.76,42.7064,11.4335,9.3564,1.03,8.7549,27.5871,Yes,3.28
2023-02-01,1420117.57,42.0118,11.278,9.3564,1.0239,8.7554,25.5314,Yes,3.28
2023-02-02,1416223.52,41.6224,11.1948,9.3564,1.0375,8.7572,25.2325,Yes,3.28
2023-02-03,1421773.68,42.1774,11.3375,9.3564,1.0567,8.7591,25.3799,Yes,3.28
2023-02-06,1428582.43,42.8582,11.5305,9.3564,1.0567,8.7664,25.9924,Yes,3.27
2023-02-07,1428273.59,42.8274,11.5333,9.3564,1.0649,8.7701,25.3936,Yes,3.27
2023-02-08,1430127.88,43.0128,11.5879,9.3564,1.047,8.7737,26.2431,Yes,3.26
2023-02-09,1424066.43,42.4066,11.4529,9.3564,1.0603,8.7735,24.0524,Yes,3.26
2023-02-10,1427759.49,42.7759,11.5517,9.3564,1.0465,8.7776,24.4754,Yes,3.26
2023-02-13,1422161.06,42.2161,11.4477,9.3564,1.0482,8.7805,23.1202,Yes,3.25
2023-02-14,1422047.39,42.2047,11.4551,9.3564,1.0516,8.7857,22.9585,Yes,3.25
2023-02-15,1422969.28,42.2969,11.4876,9.3564,1.0719,8.786,22.921,Yes,3.24
2023-02-16,1428878.71,42.8879,11.6405,9.3564,1.0797,8.7941,25.3776,Yes,3.24
2023-02-17,1432479.04,43.2479,11.7377,9.3564,1.0632,8.7986,26.4118,Yes,3.24
2023-02-20,1426460.32,42.646,11.6237,9.3564,1.063,8.8012,24.7622,Yes,3.23
2023-02-21,1425679.52,42.568,11.6152,9.3564,1.0611,8.8059,24.2069,Yes,3.23
2023-02-22,1424033.33,42.4033,11.5856,9.3564,1.0683,8.8104,24.0657,Yes,3.22
2023-02-23,1426292.98,42.6293,11.6509,9.3564,1.0689,8.8171,24.6292,Yes,3.22
2023-02-24,1425952.01,42.5952,11.6531,9.3564,1.0777,8.8219,25.0234,Yes,3.22
2023-02-27,1428983.51,42.8984,11.7585,9.3564,1.0685,8.8286,25.9397,Yes,3.21
2023-02-28,1425852.31,42.5852,11.6927,9.3564,1.0616,8.8315,24.8302,Yes,3.21
2023-03-01,1422399.86,42.24,11.6188,9.3564,1.0683,8.8351,23.9888,Yes,3.21
2023-03-02,1424025.04,42.4025,11.6692,9.3564,1.0647,8.8417,24.5306,Yes,3.2
2023-03-03,1422197.11,42.2197,11.6349,9.3564,1.0547,8.8464,24.6086,Yes,3.2
2023-03-06,1418102.69,41.8103,11.5657,9.3564,1.0739,8.8459,24.0903,Yes,3.19
2023-03-07,1423718.06,42.3718,11.7146,9.3564,1.0769,8.8553,26.6553,Yes,3.19
2023-03-08,1426731.94,42.6732,11.7994,9.3564,1.0802,8.8604,25.9916,Yes,3.19
2023-03-09,1426659.75,42.666,11.8083,9.3564,1.0879,8.8652,25.966,Yes,3.18
2023-03-10,1428022.14,42.8022,11.8526,9.3564,1.0729,8.8721,27.718,Yes,3.18
2023-03-13,1422880.68,42.2881,11.758,9.3564,1.069,8.8764,27.0765,Yes,3.17
2023-03-14,1419950.87,41.9951,11.6961,9.3564,1.0618,8.8837,28.2548,Yes,3.17
2023-03-15,1418214.56,41.8215,11.6636,9.3564,1.0705,8.8874,27.6209,Yes,3.17
2023-03-16,1419611.63,41.9612,11.709,9.3564,1.0574,8.8957,29.7898,Yes,3.16
2023-03-17,1415629.22,41.5629,11.6205,9.3564,1.0347,8.8925,28.8922,Yes,3.16
2023-03-20,1405106.54,40.5107,11.3886,9.3564,1.0279,8.8984,29.1782,Yes,3.15
2023-03-21,1404093.78,40.4094,11.3736,9.3564,1.0404,8.8999,27.51,Yes,3.15
2023-03-22,1408096.78,40.8097,11.4848,9.3564,1.0334,8.904,26.9333,Yes,3.15
2023-03-23,1404159.95,40.416,11.3962,9.3564,1.0294,8.9087,26.4065,Yes,3.15
2023-03-24,1402065.39,40.2065,11.3537,9.3564,1.0327,8.9143,26.4228,Yes,3.14
2023-03-27,1403438.77,40.3439,11.4199,9.3564,1.0474,8.917,26.0788,Yes,3.13
2023-03-28,1407786.9,40.7787,11.5406,9.3564,1.0465,8.925,27.2112,Yes,3.13
2023-03-29,1407150.17,40.715,11.5352,9.3564,1.044,8.9316,27.5683,Yes,3.13
2023-03-30,1406008.71,40.6009,11.5169,9.3564,1.0305,8.9353,27.5427,Yes,3.13
2023-03-31,1400930.67,40.0931,11.3984,9.3564,1.0326,8.939,26.2783,Yes,3.12
2023-04-03,1402101.47,40.2101,11.46,9.3564,1.0274,8.9414,24.7113,Yes,3.12
2023-04-04,1397900.71,39.7901,11.3633,9.3564,1.0094,8.944,24.8699,Yes,3.11
2023-04-06,1390980.43,39.098,11.2066,9.3564,1.0014,8.9484,24.3394,Yes,3.11
2023-04-07,1388294.95,38.8295,11.1478,9.3564,1.0239,8.9466,23.2825,Yes,3.1
2023-04-10,1395212.07,39.5212,11.3577,9.3564,1.0175,8.9547,24.5973,Yes,3.1
2023-04-11,1392722.36,39.2722,11.304,9.3564,1.005,8.9583,24.3196,Yes,3.09
2023-04-12,1387699.74,38.77,11.1845,9.3564,1.0134,8.9622,23.6666,Yes,3.09
2023-04-13,1389916.9,38.9917,11.2525,9.3564,1.0013,8.9685,24.6287,Yes,3.09
2023-04-14,1385779.61,38.578,11.1555,9.3564,1.0147,8.9708,23.6829,Yes,3.08
2023-04-17,1390175.92,39.0176,11.3015,9.3564,1.0224,8.9763,23.812,Yes,3.08
2023-04-18,1392323.93,39.2324,11.368,9.3564,1.0282,8.9823,24.0898,Yes,3.07
2023-04-19,1393819.18,39.3819,11.4176,9.3564,1.0274,8.9894,24.6509,Yes,3.07
2023-04-20,1393336.01,39.3336,11.4158,9.3564,1.0601,8.9822,24.6809,Yes,3.07
2023-04-21,1403304.08,40.3304,11.686,9.3564,1.067,8.9924,28.1854,Yes,3.07
2023-04-24,1406572.25,40.6572,11.8042,9.3564,1.0764,8.9985,29.1049,Yes,3.06
2023-04-25,1408822.14,40.8822,11.8739,9.3564,1.0682,9.0084,31.4908,Yes,3.05
2023-04-26,1406593.87,40.6594,11.8271,9.3564,1.066,9.0138,31.0708,Yes,3.05
2023-04-27,1405297.2,40.5297,11.8045,9.3564,1.0609,9.0195,30.8911,Yes,3.05
2023-04-28,1403874.74,40.3875,11.7786,9.3564,1.0397,9.0152,29.1426,Yes,3.05
2023-05-04,1393873.79,39.3874,11.5826,9.3564,1.0449,9.0207,28.9381,Yes,3.03
2023-05-05,1395305.59,39.5306,11.6315,9.3564,1.0485,9.0291,30.4945,Yes,3.03
2023-05-08,1397557.87,39.7558,11.7246,9.3564,1.0629,9.0313,29.5435,Yes,3.02
2023-05-09,1401009.24,40.1009,11.8273,9.3564,1.056,9.0403,31.3238,Yes,3.02
2023-05-10,1398784.82,39.8785,11.7797,9.3564,1.0578,9.046,31.0132,Yes,3.01
2023-05-11,1399003.36,39.9003,11.7968,9.3564,1.0789,9.0465,31.108,Yes,3.01
2023-05-12,1405784.5,40.5785,11.988,9.3564,1.0674,9.0543,32.8447,Yes,3.01
2023-05-15,1401737.63,40.1738,11.9152,9.3564,1.0819,9.0563,31.8368,Yes,3.0
2023-05-16,1405955.06,40.5955,12.0389,9.3564,1.0803,9.0649,33.2454,Yes,3.0
2023-05-17,1405715.74,40.5716,12.0442,9.3564,1.0799,9.0698,32.4589,Yes,2.99
2023-05-18,1404985.38,40.4985,12.0364,9.3564,1.0827,9.0751,31.8803,Yes,2.99
2023-05-19,1405544.38,40.5544,12.063,9.3564,1.0811,9.0807,31.5092,Yes,2.99
2023-05-22,1404147.45,40.4147,12.0608,9.3564,1.096,9.0841,31.6355,Yes,2.98
2023-05-23,1408915.41,40.8915,12.2002,9.3564,1.0933,9.0925,32.9971,Yes,2.98
2023-05-24,1407653.63,40.7654,12.1783,9.3564,1.0996,9.0987,33.3089,Yes,2.98
2023-05-25,1409777.0,40.9777,12.2471,9.3564,1.0993,9.1054,33.5587,Yes,2.97
2023-05-26,1409650.93,40.9651,12.2557,9.3564,1.1031,9.1101,32.6323,Yes,2.97
2023-05-29,1410031.88,41.0032,12.3019,9.3564,1.1015,9.1169,32.8818,Yes,2.96
2023-05-30,1409403.75,40.9404,12.2971,9.3564,1.0903,9.1206,32.2674,Yes,2.96
2023-05-31,1404168.72,40.4169,12.1679,9.3564,1.088,9.1274,32.3243,Yes,2.96
2023-06-01,1403374.48,40.3374,12.1583,9.3564,1.0788,9.1325,32.0604,Yes,2.95
2023-06-02,1399777.87,39.9778,12.0728,9.3564,1.0907,9.1356,31.0336,Yes,2.95
2023-06-05,1403636.2,40.3636,12.2134,9.3564,1.1076,9.1383,30.9017,Yes,2.94
2023-06-06,1407829.7,40.783,12.3394,9.3564,1.1038,9.1494,33.789,Yes,2.94
2023-06-07,1407132.75,40.7133,12.3326,9.3564,1.1175,9.1533,33.8149,Yes,2.94
2023-06-08,1411542.59,41.1543,12.4647,9.3564,1.102,9.1584,34.7719,Yes,2.93
2023-06-09,1405615.89,40.5616,12.3157,9.3564,1.0978,9.1632,33.6705,Yes,2.93
2023-06-12,1403739.98,40.374,12.3011,9.3564,1.0932,9.1684,32.9623,Yes,2.92
2023-06-13,1401503.3,40.1503,12.252,9.3564,1.097,9.174,32.4594,Yes,2.92
2023-06-14,1402644.27,40.2644,12.2955,9.3564,1.1018,9.1794,31.9929,Yes,2.92
2023-06-15,1404059.46,40.4059,12.3466,9.3564,1.089,9.1823,31.2778,Yes,2.92
2023-06-16,1398591.06,39.8591,12.2084,9.3564,1.0854,9.1872,30.1941,Yes,2.91
2023-06-19,1396784.97,39.6785,12.1951,9.3564,1.0855,9.1931,29.7216,Yes,2.9
2023-06-20,1396251.81,39.6252,12.1925,9.3564,1.1131,9.1903,29.7097,Yes,2.9
2023-06-21,1404593.92,40.4594,12.4355,9.3564,1.133,9.1946,32.5919,Yes,2.9
2023-06-26,1411325.71,41.1326,12.6847,9.3564,1.1195,9.2034,35.2233,Yes,2.88
2023-06-27,1407257.31,40.7257,12.5847,9.3564,1.131,9.2061,33.43,Yes,2.88
2023-06-28,1410224.75,41.0225,12.6798,9.3564,1.1241,9.2132,34.0846,Yes,2.88
2023-06-29,1407651.43,40.7651,12.6211,9.3564,1.1113,9.2165,33.1687,Yes,2.88
2023-06-30,1402743.05,40.2743,12.497,9.3564,1.1102,9.2209,31.5148,Yes,2.87
2023-07-03,1401386.45,40.1386,12.4971,9.3564,1.1065,9.2272,31.2991,Yes,2.87
2023-07-04,1399768.56,39.9769,12.4643,9.3564,1.1144,9.2324,30.7935,Yes,2.86
2023-07-05,1401593.56,40.1594,12.5282,9.3564,1.1147,9.2406,31.8666,Yes,2.86
2023-07-06,1401542.38,40.1542,12.5395,9.3564,1.1241,9.2464,32.2149,Yes,2.86
2023-07-07,1404359.02,40.4359,12.6315,9.3564,1.1208,9.2543,33.1404,Yes,2.85
2023-07-10,1402974.75,40.2975,12.6311,9.3564,1.1135,9.2605,33.0297,Yes,2.85
2023-07-11,1400297.09,40.0297,12.5684,9.3564,1.1307,9.2624,31.9679,Yes,2.84
2023-07-12,1404925.15,40.4925,12.7121,9.3564,1.1112,9.268,33.9298,Yes,2.84
2023-07-13,1398234.95,39.8235,12.5357,9.3564,1.1185,9.2725,32.5938,Yes,2.84
2023-07-14,1400254.74,40.0255,12.6058,9.3564,1.1212,9.2792,32.6718,Yes,2.84
2023-07-17,1400421.78,40.0422,12.6495,9.3564,1.119,9.2868,33.2398,Yes,2.83
2023-07-18,1399357.55,39.9358,12.6322,9.3564,1.1103,9.2932,33.3734,Yes,2.82
2023-07-19,1395682.5,39.5683,12.5403,9.3564,1.1247,9.2978,33.7367,Yes,2.82
2023-07-20,1400144.41,40.0144,12.6807,9.3564,1.1314,9.306,35.481,Yes,2.82
2023-07-21,1402574.54,40.2575,12.7632,9.3564,1.1343,9.3127,35.6364,Yes,2.82
2023-07-24,1403047.15,40.3047,12.8164,9.3564,1.124,9.3187,35.7982,Yes,2.81
2023-07-25,1399688.61,39.9689,12.7333,9.3564,1.1296,9.3225,33.6149,Yes,2.81
2023-07-26,1400094.48,40.0094,12.7582,9.3564,1.1351,9.33,34.4636,Yes,2.8
2023-07-27,1401614.96,40.1615,12.8151,9.3564,1.1336,9.3383,35.5067,Yes,2.8
2023-07-28,1401489.99,40.149,12.8249,9.3564,1.1291,9.3432,34.2946,Yes,2.8
2023-07-31,1399225.13,39.9225,12.7996,9.3564,1.1289,9.3489,33.2544,Yes,2.79
2023-08-01,1398257.19,39.8257,12.7849,9.3564,1.1322,9.3559,33.4271,Yes,2.79
2023-08-02,1399064.41,39.9064,12.8217,9.3564,1.1373,9.3627,33.6611,Yes,2.78
2023-08-03,1400573.69,40.0574,12.8788,9.3564,1.1347,9.3695,33.5886,Yes,2.78
2023-08-04,1399303.34,39.9303,12.8554,9.3564,1.1386,9.3754,32.8573,Yes,2.78
2023-08-07,1399724.78,39.9725,12.9082,9.3564,1.144,9.3827,33.4975,Yes,2.77
2023-08-08,1401243.88,40.1244,12.9661,9.3564,1.1532,9.3893,34.1708,Yes,2.77
2023-08-09,1403887.85,40.3888,13.0568,9.3564,1.1564,9.3974,35.2233,Yes,2.76
2023-08-10,1404961.15,40.4961,13.1019,9.3564,1.1732,9.4008,35.1004,Yes,2.76
2023-08-11,1409474.06,40.9474,13.2472,9.3564,1.1694,9.4112,37.7186,Yes,2.76
2023-08-14,1408495.91,40.8496,13.2608,9.3564,1.1798,9.4164,37.3967,Yes,2.75
2023-08-15,1411314.87,41.1315,13.3573,9.3564,1.1897,9.4235,38.6622,Yes,2.75
2023-08-16,1414217.84,41.4218,13.4563,9.3564,1.1802,9.4321,40.3506,Yes,2.75
2023-08-17,1411097.1,41.1097,13.3793,9.3564,1.2085,9.4285,38.9758,Yes,2.74
2023-08-18,1419467.02,41.9467,13.6386,9.3564,1.2139,9.4383,41.9405,Yes,2.74
2023-08-21,1421092.39,42.1092,13.7299,9.3564,1.2084,9.447,43.345,No,2.73
2023-08-22,1419163.21,41.9163,13.688,9.3564,1.2286,9.4482,42.3574,No,2.73
2023-08-23,1425031.42,42.5031,13.8749,9.3564,1.2213,9.4584,45.3487,No,2.73
2023-08-24,1422396.34,42.2396,13.8124,9.3564,1.2453,9.4583,45.0017,No,2.72
2023-08-25,1429912.26,42.9912,14.048,9.3564,1.238,9.4679,47.6886,No,2.72
2023-08-28,1427204.95,42.7205,14.0137,9.3564,1.2057,9.4603,46.6129,No,2.71
2023-08-29,1415335.15,41.5335,13.6779,9.3564,1.2007,9.4632,42.1345,No,2.71
2023-08-30,1412503.45,41.2503,13.6086,9.3564,1.2042,9.4697,41.4199,No,2.71
2023-08-31,1413027.71,41.3028,13.6389,9.3564,1.2059,9.4777,42.2384,No,2.7
2023-09-01,1413353.81,41.3354,13.6633,9.3564,1.1879,9.4812,42.1708,No,2.7
2023-09-04,1406803.62,40.6804,13.5118,9.3564,1.1939,9.4864,40.0708,Yes,2.69
2023-09-05,1407928.86,40.7929,13.5602,9.3564,1.1916,9.4943,40.7775,Yes,2.69
2023-09-06,1406953.71,40.6954,13.5456,9.3564,1.2127,9.4958,40.1472,Yes,2.69
2023-09-07,1413064.06,41.3064,13.7438,9.3564,1.2035,9.5047,42.7249,No,2.68
2023-09-08,1409807.81,40.9808,13.6609,9.3564,1.1919,9.5104,42.2806,No,2.68
2023-09-11,1405616.85,40.5617,13.5791,9.3564,1.1932,9.5164,40.436,Yes,2.67
2023-09-12,1405269.28,40.5269,13.5835,9.3564,1.2063,9.5215,40.3914,Yes,2.67
2023-09-13,1408921.68,40.8922,13.7089,9.3564,1.2028,9.5304,42.2654,No,2.67
2023-09-14,1407409.98,40.741,13.6781,9.3564,1.2067,9.5382,43.0724,No,2.67
2023-09-15,1408514.93,40.8515,13.7266,9.3564,1.2126,9.545,42.8288,No,2.66
2023-09-18,1410033.66,41.0034,13.8181,9.3564,1.2175,9.552,42.7136,No,2.65
2023-09-19,1410997.55,41.0998,13.8626,9.3564,1.223,9.56,43.9661,No,2.65
2023-09-20,1412467.45,41.2467,13.9227,9.3564,1.2325,9.5671,45.1328,No,2.65
2023-09-21,1415255.06,41.5255,14.023,9.3564,1.2146,9.5719,46.1809,No,2.65
2023-09-22,1408922.07,40.8922,13.8452,9.3564,1.2193,9.5772,43.3981,No,2.64
2023-09-25,1409631.02,40.9631,13.913,9.3564,1.2277,9.5842,44.0532,No,2.64
2023-09-26,1412010.25,41.201,14.0014,9.3564,1.2304,9.5922,44.8048,No,2.63
2023-09-27,1412655.96,41.2656,14.0368,9.3564,1.2411,9.5977,43.894,No,2.63
2023-09-28,1415948.23,41.5948,14.1535,9.3564,1.2579,9.6013,42.8316,No,2.63
2023-10-09,1420762.18,42.0762,14.4785,9.3564,1.2725,9.6065,43.2789,No,2.6
2023-10-10,1425119.67,42.512,14.6301,9.3564,1.2718,9.6144,43.6697,No,2.59
2023-10-11,1424309.25,42.4309,14.6215,9.3564,1.2581,9.6197,43.2923,No,2.59
2023-10-12,1419026.4,41.9026,14.4736,9.3564,1.2603,9.6267,42.2347,No,2.59
2023-10-13,1419164.28,41.9164,14.4943,9.3564,1.2566,9.6348,42.763,No,2.59
2023-10-16,1417216.78,41.7217,14.4827,9.3564,1.2539,9.6438,44.1258,No,2.58
2023-10-17,1416129.67,41.613,14.4651,9.3564,1.2628,9.6507,44.4372,No,2.58
2023-10-18,1418461.87,41.8462,14.5548,9.3564,1.2673,9.6599,46.9642,No,2.57
2023-10-19,1419695.97,41.9696,14.6102,9.3564,1.2684,9.669,48.602,No,2.57
2023-10-20,1419685.41,41.9685,14.6265,9.3564,1.2971,9.6685,50.3667,No,2.57
2023-10-23,1428700.26,42.87,14.9608,9.3564,1.2853,9.6771,53.9987,No,2.56
2023-10-24,1424070.88,42.4071,14.8321,9.3564,1.2785,9.6832,51.8126,No,2.56
2023-10-25,1421272.67,42.1273,14.7607,9.3564,1.2679,9.689,50.2474,No,2.55
2023-10-26,1417136.72,41.7137,14.6466,9.3564,1.2498,9.6928,49.3998,No,2.55
2023-10-27,1410568.15,41.0568,14.4546,9.3564,1.2333,9.6961,46.7488,No,2.55
2023-10-30,1404462.64,40.4463,14.3092,9.3564,1.2399,9.7023,44.5529,No,2.54
2023-10-31,1405910.82,40.5911,14.3722,9.3564,1.2468,9.71,45.4541,No,2.54
2023-11-01,1407781.01,40.7781,14.4488,9.3564,1.2579,9.7164,45.7208,No,2.53
2023-11-02,1410840.84,41.0841,14.5637,9.3564,1.2443,9.7235,47.5325,No,2.53
2023-11-03,1406030.37,40.603,14.4259,9.3564,1.2293,9.7279,45.361,No,2.53
2023-11-06,1400688.7,40.0689,14.3035,9.3564,1.2326,9.7346,42.4187,No,2.52
2023-11-07,1400987.62,40.0988,14.3298,9.3564,1.2351,9.7423,41.9487,No,2.52
2023-11-08,1401350.46,40.135,14.3583,9.3564,1.2504,9.7473,41.4358,No,2.52
2023-11-09,1405635.53,40.5636,14.5141,9.3564,1.248,9.7557,42.3224,No,2.51
2023-11-10,1404340.67,40.4341,14.489,9.3564,1.2423,9.7637,42.6061,No,2.51
2023-11-13,1402258.21,40.2258,14.4719,9.3564,1.2342,9.7706,41.3046,No,2.5
2023-11-14,1398989.92,39.899,14.382,9.3564,1.2281,9.778,40.451,No,2.5
2023-11-15,1396454.64,39.6455,14.3158,9.3564,1.2431,9.7832,39.8788,No,2.5
2023-11-16,1400577.0,40.0577,14.4679,9.3564,1.231,9.7905,41.2928,No,2.49
2023-11-17,1396393.16,39.6393,14.3474,9.3564,1.2357,9.798,40.0602,No,2.49
2023-11-20,1397644.02,39.7644,14.4395,9.3564,1.2477,9.8041,38.8497,Yes,2.48
2023-11-21,1400539.94,40.054,14.5521,9.3564,1.2649,9.8089,39.7695,Yes,2.48
2023-11-22,1405417.08,40.5417,14.7303,9.3564,1.2557,9.8171,41.5734,No,2.48
2023-11-23,1402367.47,40.2367,14.647,9.3564,1.2714,9.822,40.0987,Yes,2.47
2023-11-24,1406393.71,40.6394,14.7975,9.3564,1.263,9.8304,41.98,No,2.47
2023-11-27,1403296.83,40.3297,14.7476,9.3564,1.2548,9.8382,42.0739,No,2.46
2023-11-28,1400315.93,40.0316,14.6661,9.3564,1.2527,9.8463,41.3353,No,2.46
2023-11-29,1398949.81,39.895,14.638,9.3564,1.2588,9.8543,42.0274,No,2.46
2023-11-30,1400494.0,40.0494,14.707,9.3564,1.251,9.8624,42.794,No,2.45
2023-12-01,1397656.34,39.7656,14.6298,9.3564,1.2422,9.8696,41.6408,No,2.45
2023-12-04,1394104.73,39.4105,14.5631,9.3564,1.2821,9.8607,42.0035,No,2.44
2023-12-05,1405774.1,40.5774,14.9725,9.3564,1.2794,9.8697,44.8896,No,2.44
2023-12-06,1404627.51,40.4628,14.952,9.3564,1.2797,9.8779,44.1391,No,2.44
2023-12-07,1404120.79,40.4121,14.953,9.3564,1.2835,9.8862,44.2103,No,2.44
2023-12-08,1404812.55,40.4813,14.9943,9.3564,1.2798,9.8947,44.6351,No,2.43
2023-12-11,1403433.35,40.3433,15.0022,9.3564,1.2853,9.9024,42.9225,No,2.42
2023-12-12,1404452.1,40.4452,15.0549,9.3564,1.2998,9.9082,42.8305,No,2.42
2023-12-13,1408391.48,40.8391,15.2065,9.3564,1.2892,9.9161,44.2408,No,2.42
2023-12-14,1404423.57,40.4424,15.0905,9.3564,1.2994,9.9235,44.9074,No,2.42
2023-12-15,1407224.37,40.7224,15.2039,9.3564,1.32,9.9271,45.8877,No,2.41
2023-12-18,1413139.49,41.3139,15.4608,9.3564,1.3177,9.9361,48.2439,No,2.41
2023-12-19,1411926.26,41.1926,15.4385,9.3564,1.3364,9.9405,48.0787,No,2.4
2023-12-20,1417294.95,41.7295,15.6401,9.3564,1.3304,9.9492,50.7062,No,2.4
2023-12-21,1414843.17,41.4843,15.5758,9.3564,1.3385,9.9569,49.729,No,2.4
2023-12-22,1416905.72,41.6906,15.6653,9.3564,1.3367,9.9658,51.4264,No,2.39
2023-12-25,1415792.4,41.5792,15.6852,9.3564,1.3534,9.9711,51.3785,No,2.39
2023-12-26,1420602.08,42.0602,15.8693,9.3564,1.3438,9.9791,53.6321,No,2.38
2023-12-27,1416814.72,41.6815,15.7591,9.3564,1.3221,9.9828,52.4299,No,2.38
2023-12-28,1409236.01,40.9236,15.5177,9.3564,1.3123,9.9907,49.5584,No,2.38
2023-12-29,1405653.79,40.5654,15.4132,9.3564,1.3163,9.9992,47.4827,No,2.38
2024-01-02,1406331.62,40.6332,15.5135,9.3564,1.323,10.0073,48.301,No,2.36
2024-01-03,1407964.18,40.7964,15.5896,9.3564,1.3356,10.0265,49.0829,No,2.36
2024-01-04,1413209.62,41.321,15.7914,9.3564,1.3614,10.0278,50.1406,No,2.36
2024-01-05,1418493.41,41.8493,15.9948,9.3564,1.3851,10.0616,52.9765,No,2.36
2024-01-08,1426735.05,42.6735,16.3417,9.3564,1.3791,10.1146,56.6255,No,2.35
2024-01-09,1426707.59,42.6708,16.3613,9.3564,1.3927,10.118,56.3511,No,2.35
2024-01-10,1430148.6,43.0149,16.5017,9.3564,1.372,10.137,57.5208,No,2.34
2024-01-11,1423857.26,42.3857,16.3032,9.3564,1.3852,10.1119,54.7403,No,2.34
2024-01-12,1425463.08,42.5463,16.3799,9.3564,1.3808,10.1337,55.7568,No,2.34
2024-01-15,1423822.02,42.3822,16.3846,9.3564,1.3846,10.1491,56.1804,No,2.33
2024-01-16,1425154.24,42.5154,16.4523,9.3564,1.4265,10.1458,56.7415,No,2.33
2024-01-17,1437602.88,43.7603,16.91,9.3564,1.427,10.2052,61.1144,No,2.32
2024-01-18,1439372.98,43.9373,16.9936,9.3564,1.4383,10.2179,61.5851,No,2.32
2024-01-19,1442125.72,44.2126,17.1118,9.3564,1.511,10.197,63.608,No,2.32
2024-01-22,1464584.36,46.4584,17.9643,9.3564,1.4796,10.3213,73.6241,No,2.31
2024-01-23,1458547.71,45.8548,17.7764,9.3564,1.4728,10.2981,70.9308,No,2.31
2024-01-24,1454459.51,45.446,17.6559,9.3564,1.4465,10.2719,68.8113,No,2.3
2024-01-25,1444413.67,44.4414,17.3248,9.3564,1.4645,10.2154,63.3246,No,2.3
2024-01-26,1445703.78,44.5704,17.3927,9.3564,1.4903,10.2332,64.7636,No,2.3
2024-01-29,1453875.04,45.3875,17.7497,9.3564,1.5153,10.2834,69.2114,No,2.29
2024-01-30,1463490.29,46.349,18.1126,9.3564,1.5557,10.3273,74.1875,No,2.29
2024-01-31,1478294.84,47.8295,18.6577,9.3564,1.5525,10.4203,81.4545,No,2.28
2024-02-01,1479913.59,47.9914,18.739,9.3564,1.5909,10.4286,82.7756,No,2.28
2024-02-02,1492979.55,49.298,19.2224,9.3564,1.6703,10.4498,89.7985,No,2.28
2024-02-05,1522241.42,52.2241,20.3222,9.3564,1.5957,10.5362,102.2481,No,2.27
2024-02-06,1494954.87,49.4955,19.3932,9.3564,1.5634,10.3766,89.0639,No,2.27
2024-02-07,1476477.7,47.6478,18.7651,9.3564,1.5286,10.2788,80.9698,No,2.27
2024-02-08,1460161.43,46.0161,18.208,9.3564,1.5377,10.2165,73.8929,No,2.26
2024-02-19,1459932.12,45.9932,18.4668,9.3564,1.5394,10.2117,72.6316,No,2.23
2024-02-20,1458924.94,45.8925,18.4549,9.3564,1.5358,10.2154,72.0696,No,2.23
2024-02-21,1456886.28,45.6886,18.4052,9.3564,1.5223,10.2135,71.138,No,2.23
2024-02-22,1451650.88,45.1651,18.2383,9.3564,1.5143,10.1952,68.545,No,2.22
2024-02-23,1447504.13,44.7504,18.1106,9.3564,1.5077,10.179,66.1539,No,2.22
2024-02-26,1443152.78,44.3153,18.023,9.3564,1.4804,10.1723,65.2141,No,2.21
2024-02-27,1434202.94,43.4203,17.7155,9.3564,1.5473,10.1056,60.9677,No,2.21
2024-02-28,1450266.47,45.0266,18.3347,9.3564,1.4955,10.1711,68.5281,No,2.21
2024-02-29,1436868.28,43.6868,17.8624,9.3564,1.4898,10.1197,62.4564,No,2.21
2024-03-01,1431408.72,43.1409,17.683,9.3564,1.4728,10.1099,60.7322,No,2.2
2024-03-04,1424235.59,42.4236,17.4855,9.3564,1.4668,10.114,59.9506,No,2.19
2024-03-05,1421409.47,42.1409,17.4027,9.3564,1.4535,10.1414,61.5338,No,2.19
2024-03-06,1418189.01,41.8189,17.3047,9.3564,1.4591,10.1498,61.3439,No,2.19
2024-03-07,1418961.92,41.8962,17.3574,9.3564,1.4395,10.1835,63.7224,No,2.19
2024-03-08,1414244.84,41.4245,17.2021,9.3564,1.419,10.1674,61.677,No,2.18
2024-03-11,1406539.96,40.654,16.9783,9.3564,1.4216,10.1496,58.8296,No,2.18
2024-03-12,1405899.06,40.5899,16.9769,9.3564,1.4224,10.1504,57.9711,No,2.17
2024-03-13,1405189.74,40.519,16.9728,9.3564,1.4317,10.1519,57.2436,No,2.17
2024-03-14,1406678.44,40.6678,17.0532,9.3564,1.4124,10.1692,58.2507,No,2.17
2024-03-15,1400999.96,40.1,16.8579,9.3564,1.4066,10.1596,56.2853,No,2.16
2024-03-18,1398823.54,39.8824,16.843,9.3564,1.4204,10.1423,53.7294,No,2.16
2024-03-19,1400159.29,40.0159,16.918,9.3564,1.4074,10.1626,54.8407,No,2.15
2024-03-20,1396682.02,39.6682,16.8062,9.3564,1.3885,10.1544,53.4267,No,2.15
2024-03-21,1388829.74,38.883,16.5231,9.3564,1.4078,10.1616,53.4504,No,2.15
2024-03-22,1394885.99,39.4886,16.7824,9.3564,1.4346,10.1792,55.1614,No,2.15
2024-03-25,1401888.6,40.1889,17.1263,9.3564,1.4322,10.226,58.8466,No,2.14
2024-03-26,1402346.74,40.2347,17.168,9.3564,1.4697,10.2267,59.3806,No,2.13
2024-03-27,1412195.32,41.2195,17.5773,9.3564,1.4296,10.2818,64.8742,No,2.13
2024-03-28,1401870.42,40.187,17.1971,9.3564,1.3978,10.2443,61.3206,No,2.13
2024-03-29,1389706.65,38.9707,16.7415,9.3564,1.3673,10.2322,59.5707,No,2.13
2024-04-01,1380500.54,38.0501,16.4457,9.3564,1.378,10.2091,56.1894,No,2.12
2024-04-02,1381605.64,38.1606,16.5127,9.3564,1.3694,10.2271,56.9802,No,2.12
2024-04-03,1378555.08,37.8555,16.4139,9.3564,1.3606,10.2481,57.8399,No,2.11
2024-04-08,1375709.36,37.5709,16.4148,9.3564,1.3356,10.2903,60.7924,No,2.1
2024-04-09,1369900.74,36.9901,16.2031,9.3564,1.3587,10.2759,58.7639,No,2.1
2024-04-10,1374987.18,37.4987,16.4319,9.3564,1.3609,10.3172,61.777,No,2.09
2024-04-11,1376456.91,37.6457,16.5147,9.3564,1.3402,10.3176,61.3902,No,2.09
2024-04-12,1369125.35,36.9125,16.2403,9.3564,1.3647,10.3389,62.634,No,2.09
2024-04-15,1376619.79,37.662,16.6152,9.3564,1.4128,10.3401,64.2106,No,2.08
2024-04-16,1389704.9,38.9705,17.1714,9.3564,1.3561,10.3979,71.3684,No,2.08
2024-04-17,1373991.8,37.3992,16.5551,9.3564,1.3708,10.3362,64.2123,No,2.07
2024-04-18,1375418.57,37.5419,16.6372,9.3564,1.3719,10.346,64.2352,No,2.07
2024-04-19,1375052.4,37.5052,16.6459,9.3564,1.399,10.3564,64.9318,No,2.07
2024-04-22,1382593.4,38.2593,17.0278,9.3564,1.4404,10.3527,65.5074,No,2.06
2024-04-23,1393543.29,39.3543,17.502,9.3564,1.4112,10.3558,66.3845,No,2.06
2024-04-24,1383478.8,38.3479,17.1134,9.3564,1.4145,10.3421,63.6505,No,2.05
2024-04-25,1383353.81,38.3354,17.133,9.3564,1.3845,10.3405,63.3925,No,2.05
2024-04-26,1373884.88,37.3885,16.7657,9.3564,1.3671,10.3187,60.3167,No,2.05
2024-04-29,1367998.6,36.7999,16.5931,9.3564,1.3906,10.288,56.5786,No,2.04
2024-04-30,1372142.48,37.2142,16.7903,9.3564,1.3691,10.3075,57.9402,No,2.04
2024-05-06,1366355.27,36.6355,16.6936,9.3564,1.3682,10.2875,54.8582,No,2.02
2024-05-07,1364190.52,36.4191,16.6264,9.3564,1.3928,10.2877,54.3491,No,2.02
2024-05-08,1369915.65,36.9916,16.8933,9.3564,1.3729,10.3198,56.8212,No,2.02
2024-05-09,1365143.39,36.5143,16.7157,9.3564,1.3602,10.3034,54.3082,No,2.01
2024-05-10,1359290.2,35.929,16.4911,9.3564,1.3782,10.3279,55.7641,No,2.01
2024-05-13,1364893.37,36.4893,16.8038,9.3564,1.3783,10.352,57.2715,No,2.0
2024-05-14,1364966.55,36.4967,16.8318,9.3564,1.3844,10.3528,56.397,No,2.0
2024-05-15,1365267.49,36.5267,16.8696,9.3564,1.3727,10.3802,57.9458,No,2.0
2024-05-16,1362194.64,36.2195,16.7627,9.3564,1.3552,10.3934,58.1844,No,1.99
2024-05-17,1357373.87,35.7374,16.5799,9.3564,1.3224,10.3709,56.0721,No,1.99
2024-05-20,1346553.73,34.6554,16.1843,9.3564,1.3524,10.3687,55.1367,No,1.98
2024-05-21,1354150.16,35.415,16.5389,9.3564,1.3498,10.3937,56.8187,No,1.98
2024-05-22,1353221.57,35.3222,16.5232,9.3564,1.4159,10.366,56.7362,No,1.98
2024-05-23,1369627.76,36.9628,17.2611,9.3564,1.4437,10.3981,60.4089,No,1.98
2024-05-24,1377007.48,37.7007,17.6069,9.3564,1.4286,10.4235,62.2894,No,1.97
2024-05-27,1372610.8,37.2611,17.4953,9.3564,1.4455,10.4166,60.6526,No,1.96
2024-05-28,1376024.12,37.6024,17.6707,9.3564,1.4358,10.4442,62.3524,No,1.96
2024-05-29,1373284.94,37.3285,17.5778,9.3564,1.454,10.4525,62.2546,No,1.96
2024-05-30,1377949.5,37.795,17.8085,9.3564,1.4454,10.4653,62.7704,No,1.96
2024-05-31,1374769.24,37.4769,17.6963,9.3564,1.4779,10.4615,62.1347,No,1.95
2024-06-03,1382829.11,38.2829,18.1318,9.3564,1.4607,10.4891,64.3003,No,1.95
2024-06-04,1377729.28,37.7729,17.9351,9.3564,1.4863,10.4875,63.401,No,1.94
2024-06-05,1384002.09,38.4002,18.2391,9.3564,1.4944,10.5175,65.5704,No,1.94
2024-06-06,1386053.07,38.6053,18.3576,9.3564,1.4847,10.57,69.2238,No,1.94
2024-06-07,1384304.15,38.4304,18.3086,9.3564,1.5174,10.5641,68.4779,No,1.93
2024-06-11,1392864.19,39.2864,18.8022,9.3564,1.5139,10.5493,67.0087,No,1.92
2024-06-12,1389369.03,38.9369,18.676,9.3564,1.5238,10.556,66.4472,No,1.92
2024-06-13,1391494.42,39.1494,18.7997,9.3564,1.5241,10.5793,67.6112,No,1.92
2024-06-14,1391372.96,39.1373,18.8236,9.3564,1.5229,10.5908,67.5977,No,1.92
2024-06-17,1390412.9,39.0413,18.8689,9.3564,1.5125,10.6013,67.4905,No,1.91
2024-06-18,1386989.94,38.699,18.7446,9.3564,1.5274,10.5974,66.1035,No,1.9
2024-06-19,1389941.18,38.9941,18.9069,9.3564,1.5417,10.6289,68.2687,No,1.9
2024-06-20,1394019.21,39.4019,19.1203,9.3564,1.5333,10.6781,71.725,No,1.9
2024-06-21,1392313.79,39.2314,19.0735,9.3564,1.6038,10.6493,71.7524,No,1.9
2024-06-24,1410406.34,41.0406,19.9819,9.3564,1.6111,10.7119,77.6401,No,1.89
2024-06-25,1412795.94,41.2796,20.1215,9.3564,1.5836,10.7329,79.112,No,1.88
2024-06-26,1404520.62,40.4521,19.7791,9.3564,1.634,10.6755,74.1273,No,1.88
2024-06-27,1415986.44,41.5986,20.33,9.3564,1.6104,10.7239,78.5054,No,1.88
2024-06-28,1409283.41,40.9283,20.0586,9.3564,1.6005,10.7285,77.3423,No,1.88
2024-07-01,1405921.57,40.5922,20.0017,9.3564,1.6109,10.724,75.7534,No,1.87
2024-07-02,1407766.01,40.7766,20.1182,9.3564,1.6143,10.7485,76.9929,No,1.87
2024-07-03,1408513.47,40.8513,20.1848,9.3564,1.6375,10.7701,78.3936,No,1.86
2024-07-04,1415050.55,41.5051,20.517,9.3564,1.62,10.8211,82.3371,No,1.86
2024-07-05,1410192.23,41.0192,20.3272,9.3564,1.6541,10.8057,80.4828,No,1.86
2024-07-08,1418930.42,41.893,20.8291,9.3564,1.6299,10.8585,84.9748,No,1.85
2024-07-09,1411810.96,41.1811,20.5342,9.3564,1.6349,10.8309,80.9994,No,1.85
2024-07-10,1411702.47,41.1702,20.5627,9.3564,1.596,10.8382,81.7336,No,1.84
2024-07-11,1399703.81,39.9704,20.0384,9.3564,1.5977,10.8122,77.429,No,1.84
2024-07-12,1398871.52,39.8872,20.0322,9.3564,1.6134,10.8291,77.9955,No,1.84
2024-07-15,1402868.41,40.2868,20.3181,9.3564,1.5966,10.8575,79.8544,No,1.83
2024-07-16,1397940.45,39.794,20.12,9.3564,1.594,10.8713,79.5154,No,1.83
2024-07-17,1397068.73,39.7069,20.112,9.3564,1.5899,10.9035,81.0537,No,1.82
2024-07-18,1395713.43,39.5713,20.0811,9.3564,1.6272,10.897,80.4216,No,1.82
2024-07-19,1404625.15,40.4625,20.5352,9.3564,1.6321,10.8949,80.0849,No,1.82
2024-07-22,1404475.55,40.4476,20.6303,9.3564,1.6807,10.8844,79.8816,No,1.81
2024-07-23,1416916.52,41.6917,21.2545,9.3564,1.6817,10.9435,84.9359,No,1.81
2024-07-24,1417749.16,41.7749,21.3295,9.3564,1.7155,10.9741,87.4894,No,1.81
2024-07-25,1426600.12,42.66,21.7848,9.3564,1.6972,10.9712,87.4264,No,1.8
2024-07-26,1419542.28,41.9542,21.4862,9.3564,1.6963,10.9587,84.6556,No,1.8
2024-07-29,1418315.82,41.8316,21.536,9.3564,1.6908,10.981,85.3032,No,1.79
2024-07-30,1416337.58,41.6338,21.4775,9.3564,1.6348,10.9554,84.6395,No,1.79
2024-07-31,1398607.03,39.8607,20.6598,9.3564,1.6336,10.9042,77.5928,No,1.79
2024-08-01,1396440.81,39.6441,20.5898,9.3564,1.6466,10.922,77.9856,No,1.78
2024-08-02,1399767.65,39.9768,20.7858,9.3564,1.7247,10.9105,80.5167,No,1.78
2024-08-05,1419413.17,41.9413,21.8459,9.3564,1.7201,10.9598,85.5754,No,1.77
2024-08-06,1417269.92,41.727,21.7792,9.3564,1.723,10.9418,82.7948,No,1.77
2024-08-07,1416485.85,41.6486,21.7782,9.3564,1.7258,10.9586,83.0467,No,1.77
2024-08-08,1416714.09,41.6714,21.8266,9.3564,1.7273,10.9731,83.1979,No,1.76
2024-08-09,1416651.98,41.6652,21.861,9.3564,1.7249,11.0036,84.6295,No,1.76
2024-08-12,1416003.75,41.6004,21.9422,9.3564,1.7091,11.0301,85.7609,No,1.75
2024-08-13,1411320.52,41.1321,21.7494,9.3564,1.7289,11.0338,84.8323,No,1.75
2024-08-14,1416107.23,41.6107,22.0231,9.3564,1.7209,11.0642,86.7527,No,1.75
2024-08-15,1413244.16,41.3244,21.9198,9.3564,1.7334,11.0588,85.0582,No,1.75
2024-08-16,1415740.43,41.574,22.0814,9.3564,1.7184,11.0853,86.4971,No,1.74
2024-08-19,1411246.15,41.1246,21.973,9.3564,1.7445,11.0937,86.1787,No,1.73
2024-08-20,1418100.98,41.8101,22.3533,9.3564,1.7501,11.1397,89.6064,No,1.73
2024-08-21,1419559.47,41.9559,22.4652,9.3564,1.7737,11.1614,90.9004,No,1.73
2024-08-22,1425649.53,42.565,22.8088,9.3564,1.779,11.196,93.2984,No,1.73
2024-08-23,1426437.89,42.6438,22.8884,9.3564,1.7679,11.2058,93.1477,No,1.72
2024-08-26,1422530.85,42.2531,22.8133,9.3564,1.7876,11.2115,92.3966,No,1.72
2024-08-27,1427486.34,42.7486,23.1034,9.3564,1.7879,11.247,94.6923,No,1.71
2024-08-28,1426901.93,42.6902,23.1149,9.3564,1.7691,11.253,94.2189,No,1.71
2024-08-29,1420389.07,42.0389,22.8264,9.3564,1.7494,11.234,91.1441,No,1.71
2024-08-30,1413352.9,41.3353,22.5094,9.3564,1.7931,11.1974,87.5579,No,1.7
2024-09-02,1423797.11,42.3797,23.1636,9.3564,1.7792,11.2456,91.5637,No,1.7
2024-09-03,1419377.52,41.9378,22.9791,9.3564,1.7989,11.241,89.8928,No,1.69
2024-09-04,1423684.43,42.3684,23.241,9.3564,1.7817,11.2581,90.7953,No,1.69
2024-09-05,1418036.26,41.8036,22.9928,9.3564,1.805,11.2559,89.2973,No,1.69
2024-09-06,1423928.34,42.3928,23.3373,9.3564,1.828,11.2969,92.5957,No,1.68
2024-09-09,1429644.36,42.9644,23.7596,9.3564,1.8173,11.3198,94.0027,No,1.68
2024-09-10,1425948.64,42.5949,23.6115,9.3564,1.8129,11.3328,93.482,No,1.67
2024-09-11,1424237.12,42.4237,23.5656,9.3564,1.8228,11.3491,93.5497,No,1.67
2024-09-12,1426312.0,42.6312,23.7164,9.3564,1.8223,11.3698,94.2974,No,1.67
2024-09-13,1426314.62,42.6315,23.7599,9.3564,1.8295,11.4143,96.7434,No,1.67
2024-09-18,1427941.87,42.7942,24.0644,9.3564,1.808,11.4309,97.3719,No,1.65
2024-09-19,1420597.42,42.0597,23.7215,9.3564,1.7976,11.409,93.7109,No,1.65
2024-09-20,1417245.7,41.7246,23.5879,9.3564,1.7867,11.4385,94.532,No,1.65
2024-09-23,1414009.35,41.4009,23.5467,9.3564,1.7397,11.4346,94.2805,No,1.64
2024-09-24,1399101.77,39.9102,22.7922,9.3564,1.7222,11.3763,87.0231,No,1.64
2024-09-25,1392966.62,39.2967,22.5044,9.3564,1.6684,11.35,85.279,No,1.63
2024-09-26,1376901.73,37.6902,21.6772,9.3564,1.6047,11.254,78.1374,No,1.63
2024-09-27,1357851.06,35.7851,20.6798,9.3564,1.4846,10.9876,69.0403,No,1.63
2024-09-30,1323453.61,32.3454,18.8959,9.3564,1.3953,10.7487,52.0918,No,1.62
2024-10-08,1298073.4,29.8073,17.7426,9.3564,1.5783,10.5279,39.998,No,1.6
2024-10-09,1327047.75,32.7048,19.4175,9.3564,1.585,10.5907,51.5991,No,1.59
2024-10-10,1329854.31,32.9854,19.6126,9.3564,1.6364,10.5921,53.5522,No,1.59
2024-10-11,1340174.16,34.0174,20.2331,9.3564,1.568,10.5994,60.2924,No,1.59
2024-10-14,1324713.16,32.4713,19.4681,9.3564,1.6044,10.5818,54.6124,No,1.58
2024-10-15,1330909.94,33.091,19.859,9.3564,1.5792,10.6044,57.6607,No,1.58
2024-10-16,1325180.14,32.518,19.5688,9.3564,1.5809,10.6178,57.1733,No,1.58
2024-10-17,1324996.91,32.4997,19.5956,9.3564,1.508,10.5867,57.7054,No,1.57
2024-10-18,1308182.77,30.8183,18.6636,9.3564,1.4692,10.5613,51.0175,No,1.57
2024-10-21,1298474.17,29.8474,18.2053,9.3564,1.4643,10.5656,48.1537,No,1.56
2024-10-22,1296548.76,29.6549,18.1276,9.3564,1.4544,10.5767,47.4431,No,1.56
2024-10-23,1293904.04,29.3904,18.0073,9.3564,1.4828,10.5832,47.0744,No,1.56
2024-10-24,1298893.9,29.8894,18.3346,9.3564,1.454,10.5948,48.1269,No,1.55
2024-10-25,1292788.69,29.2789,18.0107,9.3564,1.4265,10.5923,45.3186,No,1.55
2024-10-28,1286327.06,28.6327,17.7318,9.3564,1.4443,10.5956,42.7578,No,1.54
2024-10-29,1288518.57,28.8519,17.8963,9.3564,1.4178,10.6148,45.1018,No,1.54
2024-10-30,1283172.66,28.3173,17.6123,9.3564,1.4024,10.6255,44.2458,No,1.54
2024-10-31,1279745.22,27.9745,17.4415,9.3564,1.4765,10.5952,41.9508,No,1.53
2024-11-01,1292172.7,29.2173,18.2189,9.3564,1.4531,10.621,46.4134,No,1.53
2024-11-04,1288076.57,28.8077,18.0793,9.3564,1.4054,10.6046,43.4412,No,1.52
2024-11-05,1277857.69,27.7858,17.4976,9.3564,1.4097,10.6047,38.5557,No,1.52
2024-11-06,1277055.41,27.7055,17.4832,9.3564,1.4175,10.6169,37.969,No,1.52
2024-11-07,1278792.62,27.8793,17.6229,9.3564,1.4095,10.6224,35.5835,No,1.52
2024-11-08,1275600.55,27.5601,17.4632,9.3564,1.3726,10.6262,35.1781,No,1.51
2024-11-11,1268592.26,26.8592,17.1368,9.3564,1.4321,10.6106,31.9752,No,1.5
2024-11-12,1277840.99,27.7841,17.7388,9.3564,1.441,10.6283,33.7445,No,1.5
2024-11-13,1279217.28,27.9217,17.8586,9.3564,1.5336,10.5865,34.1076,No,1.5
2024-11-14,1294807.31,29.4807,18.8527,9.3564,1.5723,10.5967,38.431,No,1.5
2024-11-15,1301643.26,30.1643,19.3103,9.3564,1.5919,10.6145,41.7457,No,1.49
2024-11-18,1304956.44,30.4956,19.6316,9.3564,1.5254,10.6073,45.3271,No,1.48
2024-11-19,1291899.07,29.1899,18.8621,9.3564,1.4969,10.6087,41.6354,No,1.48
2024-11-20,1285633.95,28.5634,18.5101,9.3564,1.4805,10.6158,38.9046,No,1.48
2024-11-21,1281172.59,28.1173,18.2687,9.3564,1.5185,10.6198,38.6526,No,1.48
2024-11-22,1286998.42,28.6998,18.6703,9.3564,1.5336,10.6421,43.9793,No,1.47
2024-11-25,1290446.21,29.0446,19.0013,9.3564,1.5821,10.639,43.4645,No,1.47
2024-11-26,1298478.07,29.8478,19.546,9.3564,1.5325,10.6382,45.1568,No,1.46
2024-11-27,1288465.03,28.8465,18.9537,9.3564,1.5563,10.6447,41.9044,No,1.46
2024-11-28,1291777.87,29.1778,19.2024,9.3564,1.5158,10.6494,42.664,No,1.46
2024-11-29,1283655.95,28.3656,18.726,9.3564,1.5016,10.66,40.2888,No,1.45
2024-12-02,1280720.02,28.072,18.6538,9.3564,1.4946,10.6698,37.5229,No,1.45
2024-12-03,1277869.08,27.7869,18.5093,9.3564,1.527,10.6776,37.7483,No,1.44
2024-12-04,1283015.05,28.3015,18.8786,9.3564,1.5047,10.694,39.9312,No,1.44
2024-12-05,1279052.11,27.9052,18.6623,9.3564,1.4989,10.7067,38.1356,No,1.44
2024-12-06,1277363.88,27.7364,18.5919,9.3564,1.5074,10.7195,36.7429,No,1.44
2024-12-09,1277716.46,27.7716,18.7314,9.3564,1.4861,10.7347,37.7484,No,1.43
2024-12-10,1273721.26,27.3721,18.5098,9.3564,1.4525,10.7405,36.4764,No,1.42
2024-12-11,1266871.87,26.6872,18.0999,9.3564,1.434,10.7518,34.6696,No,1.42
2024-12-12,1262688.96,26.2689,17.8628,9.3564,1.4924,10.7437,33.7821,No,1.42
2024-12-13,1271650.46,27.165,18.4904,9.3564,1.5312,10.7498,36.6274,No,1.42
2024-12-16,1278267.41,27.8267,19.0457,9.3564,1.5731,10.7535,38.3135,No,1.41
2024-12-17,1284878.7,28.4879,19.5241,9.3564,1.5599,10.7724,41.3205,No,1.41
2024-12-18,1282649.45,28.2649,19.4178,9.3564,1.5751,10.7853,40.1362,No,1.4
2024-12-19,1284736.63,28.4737,19.5981,9.3564,1.5595,10.7991,39.8807,No,1.4
2024-12-20,1281394.24,28.1394,19.4173,9.3564,1.5967,10.8044,38.4406,No,1.4
2024-12-23,1286418.88,28.6419,19.88,9.3564,1.5829,10.8247,42.4231,No,1.39
2024-12-24,1284400.51,28.4401,19.7872,9.3564,1.6039,10.8363,40.8525,No,1.39
2024-12-25,1286982.35,28.6982,20.0041,9.3564,1.5842,10.8525,42.4627,No,1.38
2024-12-26,1283301.93,28.3302,19.7988,9.3564,1.5838,10.8678,40.9418,No,1.38
2024-12-27,1282443.53,28.2444,19.7836,9.3564,1.6019,10.8814,40.688,No,1.38
2024-12-30,1284992.39,28.4992,20.0874,9.3564,1.7008,10.838,41.2749,No,1.37
2025-01-02,1300395.05,30.0395,21.2768,9.3564,1.7399,10.8435,49.7761,No,1.36
2025-01-03,1307748.9,30.7749,21.8285,9.3564,1.7603,10.8626,54.3526,No,1.36
2025-01-06,1311581.4,31.1581,22.2395,9.3564,1.7436,10.878,54.8253,No,1.35
2025-01-07,1306058.35,30.6058,21.9071,9.3564,1.7479,10.8753,52.5403,No,1.35
2025-01-08,1305898.82,30.5899,21.9453,9.3564,1.736,10.894,53.3556,No,1.35
2025-01-09,1302854.28,30.2854,21.7827,9.3564,1.767,10.8948,53.0582,No,1.34
2025-01-10,1314866.01,31.4866,22.6692,9.1597,1.8087,10.8466,56.5877,No,1.34
2025-01-13,1312682.54,31.2683,22.6708,9.1597,1.7468,10.8309,56.1776,No,1.33
2025-01-14,1293545.87,29.3546,21.3737,9.3564,1.7019,10.8906,49.4161,No,1.33
2025-01-15,1292464.24,29.2464,21.3457,9.3564,1.6873,10.9066,50.3341,No,1.33
2025-01-16,1292536.64,29.2537,21.3994,9.2564,1.696,10.8728,49.6673,No,1.32
2025-01-17,1285787.98,28.5788,20.9678,9.3564,1.6645,10.92,48.6356,No,1.32
2025-01-20,1284074.74,28.4075,20.9891,9.3564,1.6593,10.9314,47.6855,No,1.31
2025-01-21,1282330.86,28.2331,20.9118,9.3564,1.6624,10.943,46.9638,No,1.31
2025-01-22,1284780.91,28.4781,21.1367,9.2564,1.6923,10.9189,48.276,No,1.31
2025-01-23,1285874.13,28.5874,21.2646,9.2564,1.654,10.9321,48.9553,No,1.3
2025-01-24,1277490.59,27.7491,20.7056,9.2564,1.6895,10.912,46.2187,No,1.3
2025-01-27,1283853.8,28.3854,21.3153,9.2564,1.6212,10.9168,48.5212,No,1.29
2025-02-05,1270535.01,27.0535,20.7748,9.1409,1.5961,10.81,47.6281,No,1.27
2025-02-06,1261972.94,26.1973,20.1805,9.1597,1.563,10.8095,43.7089,No,1.27
2025-02-07,1255912.81,25.5913,19.7711,9.1597,1.5173,10.7936,41.5484,No,1.26
2025-02-10,1246079.67,24.608,19.1639,9.1597,1.5018,10.7803,39.805,No,1.25
2025-02-11,1248241.88,24.8242,19.3748,9.0065,1.5256,10.7118,40.2651,No,1.25
2025-02-12,1240786.76,24.0787,18.8499,9.1597,1.5033,10.7956,38.1574,No,1.25
2025-02-13,1243097.73,24.3098,19.0726,9.1409,1.4874,10.803,39.7611,No,1.25
2025-02-14,1243371.72,24.3372,19.1395,9.0065,1.547,10.741,38.9484,No,1.24
2025-02-17,1243301.47,24.3301,19.2729,9.1597,1.5435,10.8449,38.2244,No,1.24
2025-02-18,1247782.43,24.7782,19.6683,9.1409,1.4901,10.8435,41.3621,No,1.23
2025-02-19,1236965.68,23.6966,18.8719,9.1409,1.4702,10.824,38.0713,No,1.23
2025-02-20,1233246.01,23.3246,18.6263,9.1409,1.4523,10.8288,37.0711,No,1.23
2025-02-21,1230162.81,23.0163,18.4294,9.1597,1.4459,10.8539,34.6309,No,1.22
2025-02-24,1228464.17,22.8464,18.4302,9.1597,1.4579,10.8657,34.3227,No,1.22
2025-02-25,1230064.09,23.0064,18.6025,9.1597,1.4512,10.8901,34.9196,No,1.21
2025-02-26,1229374.36,22.9374,18.5934,9.1597,1.475,10.9026,33.0796,No,1.21
2025-02-27,1232004.82,23.2005,18.8493,9.1597,1.5709,10.8794,33.589,No,1.21
2025-02-28,1246503.97,24.6504,20.0556,9.1597,1.5743,10.946,38.4701,No,1.21
2025-03-03,1246110.69,24.6111,20.1746,9.1597,1.5387,10.9569,38.3983,No,1.2
2025-03-04,1239015.01,23.9015,19.6519,9.1597,1.5111,10.9501,36.5707,No,1.19
2025-03-05,1233670.99,23.3671,19.2679,9.1597,1.4731,10.9458,35.7039,No,1.19
2025-03-06,1227826.69,22.7827,18.8408,9.1597,1.4912,10.9439,32.8645,No,1.19
2025-03-07,1229793.8,22.9794,19.0487,9.1597,1.4847,10.9697,33.4199,No,1.19
2025-03-10,1227881.26,22.7881,19.0363,9.1597,1.4886,10.9829,33.1497,No,1.18
2025-03-11,1225445.56,22.5446,18.8836,9.2564,1.4563,11.0583,32.5245,No,1.18
2025-03-12,1223466.1,22.3466,18.7678,9.2564,1.4744,11.0689,32.2171,No,1.17
2025-03-13,1228562.23,22.8562,19.2386,9.1597,1.4402,11.021,34.264,No,1.17
2025-03-14,1217304.06,21.7304,18.3506,9.1597,1.428,11.0043,32.1325,No,1.17
2025-03-17,1215813.77,21.5814,18.3669,9.1597,1.4097,11.018,31.7637,No,1.16
2025-03-18,1211971.96,21.1972,18.0905,9.1597,1.4047,11.0256,31.3181,No,1.16
2025-03-19,1215296.36,21.5296,18.4181,9.0065,1.4522,10.9563,32.2632,No,1.15
2025-03-20,1215989.26,21.5989,18.5245,9.0065,1.5019,10.9631,32.8626,No,1.15
2025-03-21,1223141.66,22.3142,19.1799,9.0065,1.5198,11.0052,35.5476,No,1.15
2025-03-24,1225257.62,22.5258,19.5119,9.0065,1.5405,11.0296,36.5124,No,1.14
2025-03-25,1227949.92,22.795,19.7943,9.0065,1.5292,11.0589,37.5848,No,1.14
2025-03-26,1225366.74,22.5367,19.6242,9.0065,1.5292,11.0709,37.0605,No,1.13
2025-03-27,1224897.31,22.4897,19.6356,9.0065,1.5148,11.0896,37.1935,No,1.13
2025-03-28,1228557.66,22.8558,20.0045,8.8936,1.5624,11.0456,38.5164,No,1.13
2025-03-31,1226658.26,22.6658,19.9993,8.8936,1.5307,11.0566,39.4434,No,1.12
2025-04-01,1221277.1,22.1277,19.5817,8.8936,1.5312,11.0588,38.712,No,1.12
2025-04-02,1221824.86,22.1825,19.6824,8.8936,1.5462,11.0803,38.3193,No,1.12
2025-04-03,1222571.22,22.2571,19.8011,8.8936,1.9502,10.5261,39.9693,No,1.11
2025-04-07,1257924.86,25.7925,23.1636,11.1812,1.615,12.3289,57.9686,No,1.1
2025-04-08,1254970.52,25.4971,22.9642,11.1753,1.5528,12.318,57.0095,No,1.1
2025-04-09,1242148.84,24.2149,21.8803,11.1212,1.4675,12.2261,53.6119,No,1.1
2025-04-10,1225748.94,22.5749,20.4671,11.0224,1.4103,12.1152,50.0999,No,1.09
2025-04-11,1215020.87,21.5021,19.5558,10.9464,1.3718,12.0445,48.1129,No,1.09
2025-04-14,1207457.27,20.7457,19.0292,10.9091,1.379,12.0202,46.2089,No,1.08
2025-04-15,1208576.27,20.8576,19.1841,10.9051,1.3655,12.0416,46.8145,No,1.08
2025-04-16,1206262.74,20.6263,19.0253,10.8082,1.3596,11.9783,48.7941,No,1.08
2025-04-17,1202841.45,20.2841,18.7637,10.766,1.3637,11.9595,48.6867,No,1.07
2025-04-18,1202568.63,20.2569,18.7908,10.7565,1.2925,11.9418,48.8875,No,1.07
2025-04-21,1189418.77,18.9419,17.7251,10.6779,1.2287,11.8484,45.8623,No,1.06
2025-04-22,1179683.05,17.9683,16.8653,10.5383,1.3591,11.6608,45.9438,No,1.06
2025-04-23,1195634.26,19.5634,18.4068,10.7933,1.3445,11.9226,45.0837,No,1.06
2025-04-24,1196309.85,19.631,18.5222,10.7504,1.3614,11.9132,46.6546,No,1.05
2025-04-25,1197097.82,19.7098,18.6489,10.7784,1.4041,11.9481,46.1849,No,1.05
