entry_date,final_value,total_return_pct,annual_return_pct,max_drawdown_pct,sharpe_ratio,annual_volatility_pct,benchmark_return_pct,outperform_benchmark,holding_years,rebalance_count,entry_index
2003-01-02,561649.39,461.6494,7.6415,16.6456,0.7207,7.0915,1166.4473,No,23.44,24,0
2003-01-03,558972.78,458.9728,7.6205,16.6456,0.7173,7.0918,1167.0501,No,23.43,24,1
2003-01-06,556566.36,456.5664,7.6034,16.6456,0.7204,7.0916,1139.2037,No,23.42,23,2
2003-01-07,558994.34,458.9943,7.6244,16.6456,0.7192,7.0926,1147.3046,No,23.42,23,3
2003-01-08,557672.69,457.6727,7.6144,16.6456,0.7197,7.0924,1164.7198,No,23.42,23,4
2003-01-09,557422.15,457.4222,7.6133,16.6456,0.7185,7.0931,1140.6101,No,23.42,23,5
2003-01-10,556578.2,456.5782,7.6072,16.6456,0.7185,7.0935,1140.6288,No,23.41,23,6
2003-01-13,556479.89,456.4799,7.6092,16.6456,0.7183,7.0941,1142.3004,No,23.41,23,7
2003-01-14,556273.19,456.2732,7.6084,16.6456,0.7205,7.0946,1135.0953,No,23.4,23,8
2003-01-15,558398.11,458.3981,7.6269,16.6456,0.7183,7.0949,1152.9768,No,23.4,23,9
2003-01-16,555880.57,455.8806,7.607,16.6456,0.7203,7.0944,1157.9143,No,23.4,23,10
2003-01-17,557896.82,457.8968,7.6246,16.6456,0.722,7.0949,1175.7868,No,23.39,23,11
2003-01-21,559381.5,459.3815,7.6405,16.6456,0.7223,7.0955,1196.1462,No,23.38,23,12
2003-01-22,559438.02,459.438,7.6419,16.6456,0.7199,7.0953,1209.6719,No,23.38,23,13
2003-01-23,556483.78,456.4838,7.6185,16.6456,0.7217,7.0951,1196.4212,No,23.38,23,14
2003-01-24,559084.22,459.0842,7.6409,16.6456,0.7253,7.0949,1235.4448,No,23.38,23,15
2003-01-27,561769.37,461.7694,7.6657,16.6456,0.7236,7.0951,1257.3899,No,23.37,23,16
2003-01-28,559372.74,459.3727,7.647,16.6456,0.7247,7.0954,1239.89,No,23.36,23,17
2003-01-29,560351.49,460.3515,7.6559,16.6456,0.7259,7.0962,1230.6318,No,23.36,23,18
2003-01-30,562306.22,462.3062,7.6729,16.6456,0.7245,7.0963,1261.4546,No,23.36,23,19
2003-01-31,559898.59,459.8986,7.6541,16.6456,0.7223,7.0966,1243.8176,No,23.36,23,20
2003-02-03,557851.19,457.8512,7.64,16.6456,0.7204,7.0967,1236.5804,No,23.35,23,21
2003-02-04,556568.22,456.5682,7.6303,16.6456,0.7243,7.0958,1255.6728,No,23.35,23,22
2003-02-05,559474.19,459.4742,7.6552,16.6456,0.7267,7.0962,1262.7924,No,23.34,23,23
2003-02-06,561877.61,461.8776,7.6759,16.6456,0.7284,7.0972,1271.2392,No,23.34,23,24
2003-02-07,563381.15,463.3811,7.6892,16.6456,0.7314,7.0973,1285.188,No,23.34,23,25
2003-02-10,565388.07,465.3881,7.7084,16.6456,0.733,7.098,1274.7458,No,23.33,23,26
2003-02-11,567262.38,467.2624,7.7247,16.6456,0.739,7.0962,1285.9208,No,23.33,23,27
2003-02-12,573022.11,473.0221,7.7723,16.6456,0.7371,7.0971,1303.2191,No,23.32,23,28
2003-02-13,570584.45,470.5844,7.7535,16.6456,0.7377,7.0974,1305.274,No,23.32,23,29
2003-02-14,570316.08,470.3161,7.7523,16.6456,0.7373,7.0982,1275.7772,No,23.32,23,30
2003-02-18,570242.33,470.2423,7.7555,16.6456,0.7347,7.099,1249.344,No,23.31,23,31
2003-02-19,568050.45,468.0504,7.7386,16.6456,0.7346,7.0991,1258.7309,No,23.3,23,32
2003-02-20,567854.36,467.8544,7.738,16.6456,0.7344,7.0995,1271.695,No,23.3,23,33
2003-02-21,566916.74,466.9167,7.7313,16.6456,0.7342,7.1001,1253.7824,No,23.3,23,34
2003-02-24,567547.49,467.5475,7.7392,16.6456,0.7348,7.1005,1279.1111,No,23.29,23,35
2003-02-25,567433.68,467.4337,7.7393,16.6456,0.735,7.1013,1269.2598,No,23.29,23,36
2003-02-26,568029.65,468.0296,7.7451,16.6456,0.737,7.1017,1286.9108,No,23.28,23,37
2003-02-27,569206.96,469.207,7.7556,16.6456,0.7336,7.102,1270.6356,No,23.28,23,38
2003-02-28,565865.42,465.8654,7.7293,16.6456,0.7351,7.102,1264.2907,No,23.28,23,39
2003-03-03,567413.27,467.4133,7.7448,16.6456,0.7359,7.1027,1274.6428,No,23.27,23,40
2003-03-04,568254.56,468.2546,7.7526,16.6456,0.7345,7.1029,1296.0734,No,23.27,23,41
2003-03-05,566201.03,466.201,7.7368,16.6456,0.7348,7.1034,1282.3918,No,23.27,23,42
2003-03-06,566702.59,466.7026,7.7418,16.6456,0.7359,7.1037,1295.3063,No,23.26,23,43
2003-03-07,567390.4,467.3904,7.7484,16.6456,0.7374,7.1045,1283.8407,No,23.26,23,44
2003-03-10,569620.91,469.6209,7.7694,16.6456,0.7419,7.104,1320.4898,No,23.25,23,45
2003-03-11,573074.38,473.0744,7.7984,16.6456,0.7428,7.105,1332.449,No,23.25,23,46
2003-03-12,573531.53,473.5315,7.803,16.6456,0.7452,7.1054,1325.6927,No,23.25,23,47
2003-03-13,574708.42,474.7084,7.8135,16.6456,0.743,7.1064,1278.1322,No,23.24,23,48
2003-03-14,573540.39,473.5404,7.805,16.6456,0.7395,7.1059,1275.846,No,23.24,23,49
2003-03-17,568923.8,468.9238,7.7704,16.6456,0.7391,7.1063,1228.725,No,23.23,23,50
2003-03-18,569158.71,469.1587,7.7732,16.6456,0.7393,7.1069,1223.0689,No,23.23,23,51
2003-03-19,569347.53,469.3475,7.7757,16.6456,0.7406,7.1075,1211.5348,No,23.23,23,52
2003-03-20,570736.8,470.7368,7.788,16.6456,0.7426,7.1081,1209.0382,No,23.22,23,53
2003-03-21,572200.12,472.2001,7.8008,16.6456,0.7438,7.1093,1179.6347,No,23.22,23,54
2003-03-24,574252.75,474.2528,7.8203,16.6456,0.7436,7.1093,1226.3543,No,23.21,23,55
2003-03-25,572958.66,472.9587,7.8108,16.6456,0.7432,7.1101,1210.4207,No,23.21,23,56
2003-03-26,572651.31,472.6513,7.8093,16.6456,0.7442,7.1104,1217.5868,No,23.21,23,57
2003-03-27,573575.98,473.576,7.8177,16.6456,0.745,7.1111,1219.5674,No,23.21,23,58
2003-03-28,574222.5,474.2225,7.8239,16.6456,0.7427,7.1112,1227.2077,No,23.2,23,59
2003-03-31,572118.26,472.1183,7.8097,16.6456,0.7426,7.1111,1251.1667,No,23.19,23,60
2003-04-01,571211.93,471.2119,7.8033,16.6456,0.7421,7.1119,1234.9479,No,23.19,23,61
2003-04-02,570532.32,470.5323,7.7987,16.6456,0.7449,7.1121,1200.7331,No,23.19,23,62
2003-04-03,573715.92,473.7159,7.8256,16.6456,0.7451,7.1132,1207.3168,No,23.19,23,63
2003-04-04,573423.21,473.4232,7.8242,16.6456,0.7471,7.1134,1203.7334,No,23.18,23,64
2003-04-07,575413.23,475.4132,7.8432,16.6456,0.746,7.1143,1202.0979,No,23.18,23,65
2003-04-08,574289.17,474.2892,7.835,16.6456,0.7464,7.1148,1204.0734,No,23.17,23,66
2003-04-09,574467.12,474.4671,7.8374,16.6456,0.7459,7.115,1222.4434,No,23.17,23,67
2003-04-10,573449.55,473.4495,7.8301,16.6456,0.746,7.1155,1213.9678,No,23.17,23,68
2003-04-11,573648.15,473.6481,7.8327,16.6456,0.7452,7.116,1218.8292,No,23.16,23,69
2003-04-14,572707.13,472.7071,7.828,16.6456,0.7431,7.1167,1193.5964,No,23.16,23,70
2003-04-15,570665.62,470.6656,7.8123,16.6456,0.744,7.1171,1185.3953,No,23.15,23,71
2003-04-16,571655.52,471.6555,7.8213,16.6456,0.7412,7.1168,1201.2869,No,23.15,23,72
2003-04-17,568304.11,468.3041,7.7949,16.6456,0.7387,7.1169,1181.3734,No,23.15,23,73
2003-04-21,565799.8,465.7998,7.7781,16.6456,0.735,7.116,1183.6357,No,23.14,23,74
2003-04-22,562076.26,462.0763,7.7483,16.6456,0.7344,7.1166,1156.363,No,23.13,23,75
2003-04-23,561899.2,461.8992,7.7478,16.6456,0.733,7.1173,1145.8828,No,23.13,23,76
2003-04-24,560498.54,460.4985,7.7372,16.6456,0.7357,7.117,1156.2482,No,23.13,23,77
2003-04-25,563044.39,463.0444,7.7592,16.6456,0.7333,7.117,1173.8765,No,23.13,23,78
2003-04-28,559938.37,459.9384,7.7363,16.6456,0.7331,7.1176,1151.3903,No,23.12,23,79
2003-04-29,559999.42,459.9994,7.7378,16.6456,0.7296,7.1173,1147.2198,No,23.12,23,80
2003-04-30,556489.47,456.4895,7.7094,16.6456,0.7283,7.1173,1148.3425,No,23.11,23,81
2003-05-01,555137.69,455.1377,7.699,16.6456,0.7277,7.1176,1148.9848,No,23.11,23,82
2003-05-02,554306.54,454.3065,7.693,16.6456,0.7267,7.1184,1130.4635,No,23.11,23,83
2003-05-05,553633.06,453.6331,7.6902,16.6456,0.7248,7.1185,1135.1045,No,23.1,23,84
2003-05-06,551656.7,451.6567,7.6744,16.6456,0.7241,7.1191,1124.7474,No,23.1,23,85
2003-05-07,551269.63,451.2696,7.6721,16.6456,0.7229,7.1195,1130.8397,No,23.09,23,86
2003-05-08,549630.25,449.6303,7.6592,16.6456,0.7206,7.1191,1143.3112,No,23.09,23,87
2003-05-09,547224.56,447.2246,7.6397,16.6456,0.7164,7.1184,1125.5294,No,23.09,23,88
2003-05-12,543304.62,443.3046,7.6089,16.6456,0.7171,7.1187,1110.3139,No,23.08,23,89
2003-05-13,544143.56,444.1436,7.6171,16.6456,0.7146,7.1188,1113.7586,No,23.08,23,90
2003-05-14,541801.75,441.8018,7.5979,16.6456,0.7132,7.1189,1117.3217,No,23.07,23,91
2003-05-15,540112.8,440.1128,7.5843,16.6456,0.7116,7.1193,1107.6746,No,23.07,23,92
2003-05-16,538731.24,438.7312,7.5733,16.6456,0.712,7.1197,1110.5714,No,23.07,23,93
2003-05-19,539050.63,439.0506,7.5788,16.6456,0.7094,7.1189,1141.478,No,23.06,23,94
2003-05-20,536698.42,436.6984,7.5594,16.6456,0.707,7.1186,1142.8898,No,23.06,23,95
2003-05-21,533870.92,433.8709,7.5357,16.6456,0.7057,7.1188,1137.8002,No,23.05,23,96
2003-05-22,532975.16,432.9752,7.5288,16.6456,0.7051,7.1196,1126.577,No,23.05,23,97
2003-05-23,532190.47,432.1905,7.5228,16.6456,0.7054,7.1201,1124.7928,No,23.05,23,98
2003-05-27,531748.73,431.7487,7.5226,16.6456,0.7058,7.1208,1101.284,No,23.04,23,99
2003-05-28,532661.62,432.6616,7.5316,16.6456,0.7034,7.1212,1098.9104,No,23.04,23,100
2003-05-29,530483.96,430.484,7.5134,16.6456,0.7038,7.1214,1103.3424,No,23.03,23,101
2003-05-30,530533.0,430.533,7.5147,16.6456,0.7037,7.1224,1085.8679,No,23.03,23,102
2003-06-02,530256.7,430.2567,7.5151,16.6456,0.702,7.1228,1081.6396,No,23.02,23,103
2003-06-03,528961.27,428.9613,7.5046,16.6456,0.7005,7.1232,1076.0905,No,23.02,23,104
2003-06-04,527449.09,427.4491,7.4921,16.6456,0.6987,7.1238,1058.2458,No,23.02,23,105
2003-06-05,525402.81,425.4028,7.4749,16.6456,0.7003,7.1237,1053.6068,No,23.01,23,106
2003-06-06,527237.41,427.2374,7.4921,16.6456,0.7023,7.1244,1056.3226,No,23.01,23,107
2003-06-09,528950.4,428.9504,7.5101,16.6456,0.7036,7.125,1070.3194,No,23.0,23,108
2003-06-10,530261.75,430.2617,7.5226,16.6456,0.7012,7.1255,1059.7108,No,23.0,23,109
2003-06-11,527146.85,427.1469,7.4959,16.6456,0.7005,7.1259,1044.6299,No,23.0,23,110
2003-06-12,527034.08,427.0341,7.4959,16.6456,0.7,7.1266,1043.4008,No,22.99,23,111
2003-06-13,526306.99,426.307,7.4903,16.6456,0.6973,7.1262,1054.8419,No,22.99,23,112
2003-06-16,523250.5,423.2505,7.4659,16.6456,0.6961,7.1268,1029.5186,No,22.98,23,113
2003-06-17,522308.77,422.3088,7.4584,16.6456,0.7008,7.1253,1028.4914,No,22.98,23,114
2003-06-18,526400.16,426.4002,7.4958,16.6456,0.7018,7.1263,1030.1607,No,22.98,23,115
2003-06-19,527087.67,427.0877,7.5028,16.6456,0.7045,7.126,1047.6306,No,22.98,23,116
2003-06-20,529408.31,429.4083,7.5243,16.6456,0.7074,7.1264,1046.4746,No,22.97,23,117
2003-06-23,532117.3,432.1173,7.551,16.6456,0.7092,7.1269,1062.8732,No,22.96,23,118
2003-06-24,533685.4,433.6854,7.5657,16.6456,0.7123,7.1274,1060.7304,No,22.96,23,119
2003-06-25,535398.98,435.399,7.5817,16.6456,0.7148,7.1272,1070.4107,No,22.96,23,120
2003-06-26,537736.23,437.7362,7.603,16.6456,0.7163,7.1282,1057.5067,No,22.96,23,121
2003-06-27,538966.22,438.9662,7.6147,16.6456,0.7156,7.1286,1068.8606,No,22.95,23,122
2003-06-30,538313.46,438.3135,7.6118,16.6456,0.713,7.1285,1070.9255,No,22.95,23,123
2003-07-01,535373.13,435.3731,7.5871,16.6456,0.7106,7.1286,1061.4083,No,22.94,23,124
2003-07-02,533463.01,433.463,7.5713,16.6456,0.7143,7.1281,1048.0138,No,22.94,23,125
2003-07-03,536437.17,436.4372,7.5983,16.6456,0.7136,7.1288,1057.3849,No,22.94,23,126
2003-07-07,535781.99,435.782,7.5963,16.6456,0.7146,7.1297,1035.7995,No,22.93,23,127
2003-07-08,536903.05,436.903,7.6071,16.6456,0.7155,7.1305,1031.5631,No,22.92,23,128
2003-07-09,537502.25,437.5023,7.6132,16.6456,0.7176,7.1308,1037.804,No,22.92,23,129
2003-07-10,539134.81,439.1348,7.6284,16.6456,0.7154,7.1309,1053.3489,No,22.92,23,130
2003-07-11,536989.2,436.9892,7.6107,16.6456,0.7151,7.1315,1042.3798,No,22.92,23,131
2003-07-14,536271.92,436.2719,7.6072,16.6456,0.7218,7.1283,1035.8542,No,22.91,23,132
2003-07-15,542088.53,442.0885,7.6588,16.6456,0.7215,7.1295,1039.7606,No,22.9,23,133
2003-07-16,541828.63,441.8286,7.6575,16.6456,0.7236,7.1296,1047.0165,No,22.9,23,134
2003-07-17,543466.99,443.467,7.6727,16.6456,0.7209,7.1295,1061.343,No,22.9,23,135
2003-07-18,540716.35,440.7164,7.6498,16.6456,0.7248,7.1287,1047.7902,No,22.9,23,136
2003-07-21,543855.85,443.8559,7.6799,16.6456,0.7226,7.1287,1064.8101,No,22.89,23,137
2003-07-22,542014.43,442.0144,7.6649,16.6456,0.7187,7.1282,1053.8407,No,22.88,23,138
2003-07-23,538161.65,438.1616,7.6323,16.6456,0.7195,7.1282,1053.236,No,22.88,23,139
2003-07-24,538804.57,438.8046,7.6388,16.6456,0.717,7.1281,1061.4656,No,22.88,23,140
2003-07-25,536482.63,436.4826,7.6194,16.6456,0.7185,7.1287,1041.5896,No,22.88,23,141
2003-07-28,537650.31,437.6503,7.6325,16.6456,0.7231,7.1275,1044.0586,No,22.87,23,142
2003-07-29,541644.95,441.645,7.6683,16.6456,0.7241,7.1282,1052.2617,No,22.87,23,143
2003-07-30,542682.0,442.682,7.6783,16.6456,0.7274,7.1284,1054.1958,No,22.86,23,144
2003-07-31,545073.96,445.074,7.7,16.6456,0.7328,7.127,1050.639,No,22.86,23,145
2003-08-01,550023.53,450.0235,7.7435,16.6456,0.7302,7.1273,1062.5455,No,22.86,23,146
2003-08-04,547168.63,447.1686,7.7219,16.6456,0.7352,7.1258,1059.385,No,22.85,23,147
2003-08-05,551410.93,451.4109,7.7592,16.6456,0.7316,7.1252,1080.1863,No,22.85,23,148
2003-08-06,548094.0,448.094,7.7318,16.6456,0.7294,7.1252,1078.0045,No,22.84,23,149
2003-08-07,545772.93,445.7729,7.7127,16.6456,0.7279,7.1256,1069.4404,No,22.84,23,150
2003-08-08,544175.23,444.1752,7.6998,16.6456,0.7257,7.1257,1065.2871,No,22.84,23,151
2003-08-11,542127.33,442.1273,7.6849,16.6456,0.7262,7.1261,1061.4247,No,22.83,23,152
2003-08-12,542610.07,442.6101,7.6901,16.6456,0.7287,7.1265,1049.9656,No,22.83,23,153
2003-08-13,544535.51,444.5355,7.7078,16.6456,0.7246,7.1256,1056.9143,No,22.82,23,154
2003-08-14,540759.46,440.7595,7.6759,16.6456,0.7259,7.1259,1049.3329,No,22.82,23,155
2003-08-15,541891.82,441.8918,7.6867,16.6456,0.7259,7.1267,1048.9568,No,22.82,23,156
2003-08-18,541932.67,441.9327,7.6899,16.6456,0.7222,7.1263,1038.479,No,22.81,23,157
2003-08-19,538285.94,438.2859,7.659,16.6456,0.7217,7.1267,1035.5025,No,22.81,23,158
2003-08-20,537647.48,437.6475,7.6544,16.6456,0.7237,7.1267,1037.7256,No,22.81,23,159
2003-08-21,539523.5,439.5235,7.6718,16.6456,0.7238,7.1277,1034.3084,No,22.8,23,160
2003-08-22,539373.28,439.3733,7.6714,16.6456,0.7258,7.1277,1045.9731,No,22.8,23,161
2003-08-25,541001.23,441.0012,7.6885,16.6456,0.7224,7.1275,1045.2256,No,22.79,23,162
2003-08-26,537761.46,437.7615,7.6611,16.6456,0.7199,7.1274,1041.7397,No,22.79,23,163
2003-08-27,535338.18,435.3382,7.6407,16.6456,0.7186,7.1276,1041.4791,No,22.79,23,164
2003-08-28,534293.08,434.2931,7.6324,16.6456,0.7162,7.1279,1034.5268,No,22.78,23,165
2003-08-29,531894.19,431.8942,7.6121,16.6456,0.7174,7.1282,1028.6303,No,22.78,23,166
2003-09-02,532815.33,432.8153,7.6241,16.6456,0.7162,7.129,1013.1694,No,22.77,23,167
2003-09-03,531724.73,431.7247,7.6154,16.6456,0.7155,7.1296,1008.2062,No,22.77,23,168
2003-09-04,531141.71,431.1417,7.6111,16.6456,0.7122,7.1293,1006.3341,No,22.76,23,169
2003-09-05,528075.56,428.0756,7.5847,16.6456,0.7134,7.1295,1013.4473,No,22.76,23,170
2003-09-08,528946.46,428.9465,7.5954,16.6456,0.711,7.1299,1002.307,No,22.75,23,171
2003-09-09,526716.93,426.7169,7.5763,16.6456,0.712,7.13,1011.4302,No,22.75,23,172
2003-09-10,527695.02,427.695,7.5861,16.6456,0.7126,7.1306,1024.792,No,22.75,23,173
2003-09-11,527825.31,427.8253,7.5882,16.6456,0.7128,7.1313,1018.3667,No,22.75,23,174
2003-09-12,528088.62,428.0886,7.5915,16.6456,0.7144,7.1319,1015.9318,No,22.74,23,175
2003-09-15,529272.12,429.2721,7.6049,16.6456,0.713,7.1324,1020.1048,No,22.73,23,176
2003-09-16,527887.6,427.8876,7.5935,16.6456,0.7106,7.1327,1004.3132,No,22.73,23,177
2003-09-17,525755.68,425.7557,7.5753,16.6456,0.7085,7.1328,1007.8714,No,22.73,23,178
2003-09-18,523722.59,423.7226,7.5579,16.6456,0.7067,7.1333,993.3613,No,22.73,23,179
2003-09-19,522086.33,422.0863,7.544,16.6456,0.7078,7.1335,996.7982,No,22.72,23,180
2003-09-22,522927.86,422.9279,7.5545,16.6456,0.7064,7.1337,1011.2581,No,22.72,23,181
2003-09-23,521699.9,421.6999,7.5443,16.6456,0.7076,7.1343,1004.5424,No,22.71,23,182
2003-09-24,522707.73,422.7077,7.5544,16.6456,0.7091,7.1346,1026.0429,No,22.71,23,183
2003-09-25,523784.31,423.7843,7.565,16.6456,0.7106,7.1351,1032.6659,No,22.71,23,184
2003-09-26,525062.11,425.0621,7.5775,16.6456,0.71,7.1358,1039.7527,No,22.7,23,185
2003-09-29,524094.0,424.094,7.5716,16.6456,0.7078,7.1361,1028.7075,No,22.7,23,186
2003-09-30,522493.49,422.4935,7.5581,16.6456,0.7058,7.1361,1040.7453,No,22.69,23,187
2003-10-01,520250.29,420.2503,7.5386,16.6456,0.7066,7.1369,1015.713,No,22.69,23,188
2003-10-02,520935.49,420.9355,7.5458,16.6456,0.7144,7.133,1013.3571,No,22.69,23,189
2003-10-03,527353.82,427.3538,7.6048,16.6456,0.712,7.1336,1002.9701,No,22.68,23,190
2003-10-06,524954.09,424.9541,7.5861,16.6456,0.7112,7.1341,998.1702,No,22.68,23,191
2003-10-07,524060.23,424.0602,7.5789,16.6456,0.7127,7.1344,992.9414,No,22.67,23,192
2003-10-08,525412.37,425.4124,7.5921,16.6456,0.7159,7.1343,998.3237,No,22.67,23,193
2003-10-09,528005.97,428.006,7.6164,16.6456,0.7135,7.1346,993.0789,No,22.67,23,194
2003-10-10,525647.39,425.6474,7.5961,16.6456,0.7124,7.135,993.7018,No,22.67,23,195
2003-10-13,524587.59,424.5876,7.5894,16.6456,0.7126,7.1356,986.0727,No,22.66,23,196
2003-10-14,524737.2,424.7372,7.5917,16.6456,0.7152,7.1357,981.8013,No,22.65,23,197
2003-10-15,526837.03,426.837,7.6116,16.6456,0.7154,7.1364,984.3957,No,22.65,23,198
2003-10-16,526871.88,426.8719,7.6129,16.6456,0.7163,7.137,980.9511,No,22.65,23,199
2003-10-17,527601.09,427.6011,7.6204,16.6456,0.7143,7.1372,992.124,No,22.65,23,200
2003-10-20,525644.51,425.6445,7.6056,16.6456,0.7105,7.1367,986.5232,No,22.64,23,201
2003-10-21,522155.66,422.1557,7.5749,16.6456,0.7093,7.1371,985.1229,No,22.64,23,202
2003-10-22,521236.96,421.237,7.5675,16.6456,0.7109,7.1374,1001.5271,No,22.63,23,203
2003-10-23,522332.33,422.3323,7.5784,16.6456,0.7083,7.1375,997.878,No,22.63,23,204
2003-10-24,520097.02,420.097,7.559,16.6456,0.7088,7.1381,1003.0585,No,22.63,23,205
2003-10-27,520391.89,420.3919,7.5646,16.6456,0.7077,7.1386,1000.6822,No,22.62,23,206
2003-10-28,519363.48,419.3635,7.5561,16.6456,0.7076,7.1393,984.2105,No,22.62,23,207
2003-10-29,519006.49,419.0065,7.5538,16.6456,0.7094,7.1396,982.6458,No,22.61,23,208
2003-10-30,520558.04,420.558,7.5689,16.6456,0.7075,7.14,983.5627,No,22.61,23,209
2003-10-31,518832.56,418.8326,7.5541,16.6456,0.7102,7.14,979.6641,No,22.61,23,210
2003-11-03,521095.96,421.096,7.5776,16.6456,0.7093,7.1407,971.1919,No,22.6,23,211
2003-11-04,520034.21,420.0342,7.5689,16.6456,0.7095,7.1412,977.043,No,22.6,23,212
2003-11-05,520056.53,420.0565,7.57,16.6456,0.7109,7.1416,978.3097,No,22.59,23,213
2003-11-06,521158.47,421.1585,7.5811,16.6456,0.7106,7.1423,971.8598,No,22.59,23,214
2003-11-07,520828.99,420.829,7.579,16.6456,0.7104,7.1429,976.5653,No,22.59,23,215
2003-11-10,520514.57,420.5146,7.579,16.6456,0.7099,7.1435,982.7523,No,22.58,23,216
2003-11-11,520032.2,420.0322,7.5755,16.6456,0.7046,7.1416,983.3138,No,22.58,23,217
2003-11-12,515208.16,415.2082,7.5321,16.6456,0.7025,7.1419,970.6499,No,22.58,23,218
2003-11-13,513573.04,413.573,7.5179,16.6456,0.7014,7.1424,970.7819,No,22.57,23,219
2003-11-14,512488.01,412.488,7.5088,16.6456,0.7049,7.1421,978.8031,No,22.57,23,220
2003-11-17,515276.94,415.2769,7.5375,16.6456,0.7032,7.1425,985.737,No,22.56,23,221
2003-11-18,513673.25,413.6732,7.5236,16.6456,0.7049,7.1429,995.6478,No,22.56,23,222
2003-11-19,514852.14,414.8521,7.5354,16.6456,0.7052,7.1435,986.8523,No,22.56,23,223
2003-11-20,515199.15,415.1992,7.5396,16.6456,0.7042,7.144,996.0552,No,22.55,23,224
2003-11-21,514122.28,414.1223,7.5306,16.6456,0.7048,7.1446,994.2747,No,22.55,23,225
2003-11-24,514498.31,414.4983,7.5369,16.6456,0.7039,7.1452,976.7971,No,22.54,23,226
2003-11-25,513713.85,413.7139,7.5306,16.6456,0.7018,7.1454,974.8335,No,22.54,23,227
2003-11-26,511675.82,411.6758,7.5126,16.6456,0.7032,7.1458,970.0251,No,22.54,23,228
2003-11-28,512818.64,412.8186,7.5251,16.6456,0.7001,7.1457,970.2473,No,22.53,23,229
2003-12-01,510085.15,410.0852,7.5024,16.6456,0.6996,7.1463,958.2854,No,22.52,23,230
2003-12-02,509647.32,409.6473,7.4993,16.6456,0.7005,7.1469,961.744,No,22.52,23,231
2003-12-03,510269.76,410.2698,7.506,16.6456,0.6998,7.1475,963.3379,No,22.52,23,232
2003-12-04,509553.86,409.5539,7.5003,16.6456,0.6974,7.1477,958.3058,No,22.52,23,233
2003-12-05,507598.01,407.598,7.4829,16.6456,0.6975,7.1483,966.478,No,22.51,23,234
2003-12-08,507422.27,407.4223,7.4841,16.6456,0.6994,7.1486,958.652,No,22.5,23,235
2003-12-09,508899.3,408.8993,7.4989,16.6456,0.7002,7.1492,967.7475,No,22.5,23,236
2003-12-10,509436.29,409.4363,7.5049,16.6456,0.698,7.1495,968.6947,No,22.5,23,237
2003-12-11,507543.51,407.5435,7.488,16.6456,0.6956,7.1496,956.436,No,22.5,23,238
2003-12-12,505422.54,405.4225,7.469,16.6456,0.6967,7.1501,953.5564,No,22.49,23,239
2003-12-15,506284.0,406.284,7.4799,16.6456,0.6959,7.1507,959.5355,No,22.48,23,240
2003-12-16,505484.2,405.4842,7.4733,16.6456,0.6932,7.1507,952.5351,No,22.48,23,241
2003-12-17,503127.61,403.1276,7.4519,16.6456,0.6907,7.1509,951.1073,No,22.48,23,242
2003-12-18,500998.83,400.9988,7.4326,16.6456,0.6914,7.1515,938.7036,No,22.48,23,243
2003-12-19,501464.07,401.4641,7.438,16.6456,0.6908,7.1521,939.168,No,22.47,23,244
2003-12-22,500847.83,400.8478,7.4349,16.6456,0.6921,7.1526,935.1009,No,22.47,23,245
2003-12-23,501734.76,401.7348,7.4443,16.6456,0.6904,7.153,932.1878,No,22.46,23,246
2003-12-24,500407.14,400.4071,7.4326,16.6456,0.6898,7.1536,934.0504,No,22.46,23,247
2003-12-26,499736.48,399.7365,7.428,16.6456,0.6884,7.1541,932.304,No,22.45,23,248
2003-12-29,498446.33,398.4463,7.4185,16.6456,0.6882,7.1547,919.2915,No,22.45,23,249
2003-12-30,498260.22,398.2602,7.4176,16.6456,0.6884,7.1553,919.0209,No,22.44,23,250
2003-12-31,498355.97,398.356,7.4195,16.6456,0.6909,7.1555,916.9176,No,22.44,23,251
2004-01-02,500187.51,400.1875,7.4389,16.6456,0.6864,7.1544,919.9908,No,22.44,23,252
2004-01-05,496863.06,396.8631,7.4098,16.6456,0.6858,7.155,907.5063,No,22.43,22,253
2004-01-06,495720.86,395.7209,7.3997,16.6456,0.6851,7.1559,906.1488,No,22.42,22,254
2004-01-07,495126.32,395.1263,7.3949,16.6456,0.6836,7.1565,903.5243,No,22.42,22,255
2004-01-08,493934.48,393.9345,7.3843,16.6456,0.6816,7.1565,898.5274,No,22.42,22,256
2004-01-09,492199.73,392.1997,7.3684,16.6456,0.6812,7.1568,907.4817,No,22.42,22,257
2004-01-12,491708.2,391.7082,7.3664,16.6456,0.682,7.1574,902.6525,No,22.41,22,258
2004-01-13,492256.24,392.2562,7.3727,16.6456,0.6807,7.1584,907.9801,No,22.41,22,259
2004-01-14,491152.34,391.1523,7.3629,16.6456,0.685,7.1579,899.6584,No,22.4,22,260
2004-01-15,494421.18,394.4212,7.3956,16.6456,0.6857,7.1605,898.2979,No,22.4,22,261
2004-01-16,494942.99,394.943,7.4016,16.6456,0.6836,7.1611,891.485,No,22.4,22,262
2004-01-20,493266.07,393.2661,7.3891,16.6456,0.6829,7.1608,892.4031,No,22.39,22,263
2004-01-21,492460.56,392.4606,7.3822,16.6456,0.6827,7.1617,884.6821,No,22.38,22,264
2004-01-22,492281.84,392.2818,7.3814,16.6456,0.6859,7.1617,887.8293,No,22.38,22,265
2004-01-23,494662.95,394.663,7.4054,16.6456,0.6855,7.1626,889.8853,No,22.38,22,266
2004-01-26,494314.76,394.3148,7.4049,16.6456,0.6849,7.1635,878.0473,No,22.37,22,267
2004-01-27,493719.54,393.7195,7.4,16.6456,0.6869,7.1633,887.7229,No,22.37,22,268
2004-01-28,495178.95,395.1789,7.4152,16.6456,0.6929,7.1605,901.1867,No,22.36,22,269
2004-01-29,499679.99,399.68,7.4596,16.6456,0.6908,7.1632,895.9604,No,22.36,22,270
2004-01-30,497963.52,397.9635,7.444,16.6456,0.6921,7.1632,898.5878,No,22.36,22,271
2004-02-02,498862.24,398.8622,7.4555,16.6456,0.6911,7.1643,894.9397,No,22.35,22,272
2004-02-03,497973.24,397.9732,7.4479,16.6456,0.6921,7.1648,894.2624,No,22.35,22,273
2004-02-04,498679.17,398.6792,7.4556,16.6456,0.6937,7.1649,902.4941,No,22.35,22,274
2004-02-05,499846.83,399.8468,7.4678,16.6456,0.6882,7.1634,900.6342,No,22.34,22,275
2004-02-06,495162.6,395.1626,7.4235,16.6456,0.687,7.1632,888.1783,No,22.34,22,276
2004-02-09,494095.05,394.095,7.4159,16.6456,0.6874,7.1634,890.5388,No,22.33,22,277
2004-02-10,494276.86,394.2769,7.4186,16.6456,0.6833,7.1627,885.5759,No,22.33,22,278
2004-02-11,490829.83,390.8298,7.3859,16.6456,0.6835,7.1628,874.818,No,22.33,22,279
2004-02-12,490891.22,390.8912,7.3875,16.6456,0.6851,7.1627,879.5101,No,22.32,22,280
2004-02-13,492043.49,392.0435,7.3997,16.6456,0.6817,7.1629,884.8055,No,22.32,22,281
2004-02-17,489221.9,389.2219,7.3758,16.6456,0.6838,7.1625,875.2846,No,22.31,22,282
2004-02-18,490672.71,390.6727,7.391,16.6456,0.6853,7.1634,879.5217,No,22.31,22,283
2004-02-19,491795.38,391.7954,7.4029,16.6456,0.6919,7.1611,883.5437,No,22.3,22,284
2004-02-20,496794.15,396.7942,7.4526,16.6456,0.6909,7.1634,886.0705,No,22.3,22,285
2004-02-23,495878.73,395.8787,7.4465,16.6456,0.6888,7.1635,888.7348,No,22.29,22,286
2004-02-24,494125.92,394.1259,7.4304,16.6456,0.6915,7.1628,890.3842,No,22.29,22,287
2004-02-25,496157.28,396.1573,7.4511,16.6456,0.6919,7.1647,886.2886,No,22.29,22,288
2004-02-26,496369.06,396.3691,7.4541,16.6456,0.6904,7.1651,884.9406,No,22.28,22,289
2004-02-27,495102.15,395.1022,7.4428,16.6456,0.688,7.1653,884.8995,No,22.28,22,290
2004-03-01,493019.0,393.019,7.4253,16.6456,0.6925,7.164,875.4691,No,22.27,22,291
2004-03-02,496396.89,396.3969,7.4591,16.6456,0.693,7.1654,881.2805,No,22.27,22,292
2004-03-03,496731.25,396.7313,7.4634,16.6456,0.6917,7.1661,879.3647,No,22.27,22,293
2004-03-04,495595.33,395.5953,7.4533,16.6456,0.6855,7.1633,876.0864,No,22.27,22,294
2004-03-05,490341.47,390.3415,7.4028,16.6456,0.6863,7.1629,874.3978,No,22.26,22,295
2004-03-08,490872.49,390.8725,7.4108,16.6456,0.6849,7.1635,882.5307,No,22.25,22,296
2004-03-09,489663.13,389.6631,7.3999,16.6456,0.6892,7.1623,888.2198,No,22.25,22,297
2004-03-10,492892.34,392.8923,7.4325,16.6456,0.6913,7.1631,902.7987,No,22.25,22,298
2004-03-11,494413.61,394.4136,7.4484,16.6456,0.6926,7.1635,918.0027,No,22.25,22,299
2004-03-12,495285.0,395.285,7.4578,16.6456,0.693,7.1648,905.4685,No,22.24,22,300
2004-03-15,495607.99,395.608,7.4638,16.6456,0.69,7.1641,920.079,No,22.24,22,301
2004-03-16,492946.39,392.9464,7.4388,16.6456,0.6868,7.1636,914.3612,No,22.23,22,302
2004-03-17,490238.79,390.2388,7.4131,16.6456,0.6863,7.1637,902.4941,No,22.23,22,303
2004-03-18,489746.36,389.7464,7.4092,16.6456,0.6878,7.1636,903.7623,No,22.23,22,304
2004-03-19,490910.62,390.9106,7.4216,16.6456,0.6873,7.164,915.1036,No,22.22,22,305
2004-03-22,490419.11,390.4191,7.4196,16.6456,0.6866,7.164,928.4123,No,22.22,22,306
2004-03-23,489679.74,389.6797,7.4133,16.6456,0.6883,7.1642,929.7791,No,22.21,22,307
2004-03-24,490798.96,390.799,7.4253,16.6456,0.6866,7.1649,932.2395,No,22.21,22,308
2004-03-25,489291.52,389.2915,7.4113,16.6456,0.6863,7.1656,915.6221,No,22.21,22,309
2004-03-26,489129.97,389.13,7.4107,16.6456,0.6874,7.1655,916.6544,No,22.21,22,310
2004-03-29,489697.7,389.6977,7.4191,16.6456,0.6851,7.1664,903.4328,No,22.2,22,311
2004-03-30,487931.17,387.9312,7.4026,16.6456,0.6825,7.166,899.3739,No,22.19,22,312
2004-03-31,485841.38,385.8414,7.3828,16.6456,0.6823,7.166,899.9855,No,22.19,22,313
2004-04-01,485423.49,385.4235,7.3796,16.6456,0.6874,7.1646,894.7179,No,22.19,22,314
2004-04-02,489157.17,389.1572,7.4176,16.6456,0.6898,7.1653,886.2473,No,22.19,22,315
2004-04-05,490974.55,390.9745,7.4384,16.6456,0.688,7.1664,878.7433,No,22.18,22,316
2004-04-06,489486.93,389.4869,7.4247,16.6456,0.6881,7.1667,880.4935,No,22.18,22,317
2004-04-07,489471.81,389.4718,7.4255,16.6456,0.69,7.1666,886.9964,No,22.17,22,318
2004-04-08,490785.6,390.7856,7.4394,16.6456,0.6898,7.1675,888.0481,No,22.17,22,319
2004-04-12,490526.67,390.5267,7.4407,16.6456,0.6993,7.1618,882.952,No,22.16,22,320
2004-04-13,497505.56,397.5056,7.5101,16.6456,0.7026,7.1629,896.622,No,22.16,22,321
2004-04-14,499982.37,399.9824,7.5352,16.6456,0.7043,7.164,897.7185,No,22.15,22,322
2004-04-15,501321.55,401.3216,7.5492,16.6456,0.7018,7.1643,897.1278,No,22.15,22,323
2004-04-16,499137.59,399.1376,7.5289,16.6456,0.7022,7.1646,892.0511,No,22.15,22,324
2004-04-19,499391.94,399.3919,7.5343,16.6456,0.7076,7.1631,890.9908,No,22.14,22,325
2004-04-20,503460.15,403.4602,7.5747,16.6456,0.7089,7.1639,906.6521,No,22.14,22,326
2004-04-21,504391.5,404.3915,7.5846,16.6456,0.705,7.164,901.2655,No,22.13,22,327
2004-04-22,501033.44,401.0334,7.5531,16.6456,0.7051,7.1644,887.2975,No,22.13,22,328
2004-04-23,501090.41,401.0904,7.5547,16.6456,0.7053,7.1648,886.7131,No,22.13,22,329
2004-04-26,501132.3,401.1323,7.558,16.6456,0.7035,7.1651,891.1098,No,22.12,22,330
2004-04-27,499518.93,399.5189,7.5433,16.6456,0.7131,7.1591,888.8592,No,22.12,22,331
2004-04-28,506798.02,406.798,7.6146,16.6456,0.7148,7.1607,902.549,No,22.12,22,332
2004-04-29,507946.82,407.9468,7.6266,16.6456,0.715,7.1612,909.9354,No,22.11,22,333
2004-04-30,508035.3,408.0353,7.6284,16.6456,0.7135,7.1616,915.9347,No,22.11,22,334
2004-05-03,506692.3,406.6923,7.6185,16.6456,0.7126,7.1623,906.6705,No,22.1,22,335
2004-05-04,505859.48,405.8595,7.6115,16.6456,0.7121,7.1624,904.8074,No,22.1,22,336
2004-05-05,505308.68,405.3087,7.6071,16.6456,0.716,7.1617,902.884,No,22.1,22,337
2004-05-06,508284.02,408.284,7.6367,16.6456,0.7247,7.1575,909.5709,No,22.09,22,338
2004-05-07,514987.81,414.9878,7.7016,16.6456,0.7272,7.1585,923.622,No,22.09,22,339
2004-05-10,516802.14,416.8021,7.7217,16.6456,0.726,7.159,934.4846,No,22.08,22,340
2004-05-11,515668.48,415.6685,7.712,16.6456,0.7266,7.1598,926.4041,No,22.08,22,341
2004-05-12,516099.62,416.0996,7.717,16.6456,0.7286,7.1601,924.3591,No,22.08,22,342
2004-05-13,517619.58,417.6196,7.7324,16.6456,0.7266,7.1606,925.0589,No,22.07,22,343
2004-05-14,515816.51,415.8165,7.7163,16.6456,0.7259,7.1611,925.6513,No,22.07,22,344
2004-05-17,515139.33,415.1393,7.7129,16.6456,0.7271,7.1614,936.5312,No,22.06,22,345
2004-05-18,516064.88,416.0649,7.7227,16.6456,0.7252,7.1621,929.4772,No,22.06,22,346
2004-05-19,514302.87,414.3029,7.707,16.6456,0.7259,7.162,931.9555,No,22.06,22,347
2004-05-20,514793.97,414.794,7.7126,16.6456,0.7234,7.1626,931.4588,No,22.05,22,348
2004-05-21,512562.22,412.5622,7.6924,16.6456,0.7224,7.1626,927.3304,No,22.05,22,349
2004-05-24,511643.12,411.6431,7.6866,16.6456,0.7185,7.162,925.5876,No,22.04,22,350
2004-05-25,508282.46,408.2825,7.6554,16.6456,0.7174,7.1624,909.3301,No,22.04,22,351
2004-05-26,507343.73,407.3437,7.6474,16.6456,0.7128,7.1613,907.4694,No,22.04,22,352
2004-05-27,503407.44,403.4074,7.6103,16.6456,0.7138,7.1614,901.6667,No,22.04,22,353
2004-05-28,504112.6,404.1126,7.6181,16.6456,0.7151,7.162,902.1837,No,22.03,22,354
2004-06-01,505040.8,405.0408,7.631,16.6456,0.7166,7.1624,901.7154,No,22.02,22,355
2004-06-02,506180.31,406.1803,7.643,16.6456,0.7187,7.163,898.0202,No,22.02,22,356
2004-06-03,507710.43,407.7104,7.6588,16.6456,0.7178,7.1638,905.4623,No,22.02,22,357
2004-06-04,506866.41,406.8664,7.6516,16.6456,0.7143,7.1632,900.1916,No,22.01,22,358
2004-06-07,503878.32,403.8783,7.6257,16.6456,0.715,7.1636,884.4413,No,22.01,22,359
2004-06-08,504347.42,404.3474,7.6312,16.6456,0.7201,7.1625,882.8408,No,22.0,22,360
2004-06-09,508274.93,408.2749,7.6702,16.6456,0.7187,7.1635,892.1943,No,22.0,22,361
2004-06-10,506955.77,406.9558,7.6584,16.6456,0.7227,7.1628,887.6579,No,22.0,22,362
2004-06-14,509996.62,409.9966,7.6917,16.6456,0.7169,7.1608,897.2182,No,21.99,22,363
2004-06-15,504966.07,404.9661,7.6441,16.6456,0.7188,7.1608,891.2765,No,21.98,22,364
2004-06-16,506475.18,406.4752,7.6597,16.6456,0.7164,7.1613,889.9031,No,21.98,22,365
2004-06-17,504326.92,404.3269,7.6399,16.6456,0.7139,7.1612,891.217,No,21.98,22,366
2004-06-18,502225.45,402.2255,7.6204,16.6456,0.715,7.1613,888.6222,No,21.98,22,367
2004-06-21,503001.22,403.0012,7.631,16.6456,0.7146,7.162,892.7433,No,21.97,22,368
2004-06-22,502600.28,402.6003,7.628,16.6456,0.7131,7.1624,889.1199,No,21.96,22,369
2004-06-23,501284.18,401.2842,7.6162,16.6456,0.7095,7.1621,880.7732,No,21.96,22,370
2004-06-24,498262.78,398.2628,7.5875,16.6456,0.7104,7.1621,883.5085,No,21.96,22,371
2004-06-25,498873.21,398.8732,7.5945,16.6456,0.7131,7.1622,888.8947,No,21.96,22,372
2004-06-28,500886.22,400.8862,7.6172,16.6456,0.7153,7.1626,889.6775,No,21.95,22,373
2004-06-29,502481.95,402.482,7.6338,16.6456,0.7131,7.1634,887.1735,No,21.95,22,374
2004-06-30,500608.93,400.6089,7.6165,16.6456,0.7132,7.1641,883.0633,No,21.94,22,375
2004-07-01,500546.95,400.5469,7.6169,16.6456,0.7112,7.1642,893.299,No,21.94,22,376
2004-07-02,498862.8,398.8628,7.6013,16.6456,0.7153,7.1635,896.4174,No,21.94,22,377
2004-07-06,501945.06,401.9451,7.6355,16.6456,0.7112,7.1631,904.5994,No,21.93,22,378
2004-07-07,498506.22,398.5062,7.6027,16.6456,0.7104,7.1632,902.4515,No,21.92,22,379
2004-07-08,497768.36,397.7684,7.5964,16.6456,0.71,7.1635,910.7209,No,21.92,22,380
2004-07-09,497284.36,397.2844,7.5926,16.6456,0.7094,7.1642,907.3095,No,21.92,22,381
2004-07-12,496733.58,396.7336,7.5902,16.6456,0.7123,7.1641,905.8913,No,21.91,22,382
2004-07-13,498886.9,398.8869,7.6124,16.6456,0.7115,7.165,905.1378,No,21.91,22,383
2004-07-14,498190.05,398.19,7.6065,16.6456,0.7127,7.1654,908.4174,No,21.9,22,384
2004-07-15,498967.91,398.9679,7.6152,16.6456,0.7105,7.1658,912.7739,No,21.9,22,385
2004-07-16,497179.85,397.1798,7.5985,16.6456,0.711,7.1663,917.626,No,21.9,22,386
2004-07-19,497447.56,397.4476,7.6041,16.6456,0.7129,7.1667,918.078,No,21.89,22,387
2004-07-20,498816.58,398.8166,7.6186,16.6456,0.7177,7.1659,910.95,No,21.89,22,388
2004-07-21,502390.11,402.3901,7.6547,16.6456,0.7179,7.1667,924.5307,No,21.88,22,389
2004-07-22,502463.8,402.4638,7.6564,16.6456,0.7211,7.1667,921.7463,No,21.88,22,390
2004-07-23,504847.86,404.8479,7.6807,16.6456,0.7224,7.1675,931.7426,No,21.88,22,391
2004-07-26,505753.94,405.7539,7.6925,16.6456,0.7245,7.1678,933.7719,No,21.87,22,392
2004-07-27,507286.42,407.2864,7.7084,16.6456,0.7237,7.1685,923.6094,No,21.87,22,393
2004-07-28,506494.34,406.4943,7.7017,16.6456,0.7235,7.1691,922.8671,No,21.87,22,394
2004-07-29,506242.33,406.2423,7.7003,16.6456,0.72,7.1689,917.9148,No,21.86,22,395
2004-07-30,503267.43,403.2674,7.6723,16.6456,0.7188,7.1693,916.717,No,21.86,22,396
2004-08-02,502293.13,402.2931,7.6657,16.6456,0.7184,7.1699,912.2149,No,21.85,22,397
2004-08-03,501829.79,401.8298,7.6622,16.6456,0.7193,7.1704,918.587,No,21.85,22,398
2004-08-04,502453.62,402.4536,7.6693,16.6456,0.7216,7.1707,919.3923,No,21.85,22,399
2004-08-05,504191.61,404.1916,7.6873,16.6456,0.7186,7.1706,936.2644,No,21.84,22,400
2004-08-06,501748.25,401.7483,7.6643,16.6456,0.7189,7.171,952.5016,No,21.84,22,401
2004-08-09,501721.19,401.7212,7.6671,16.6456,0.7178,7.1715,951.2345,No,21.83,22,402
2004-08-10,500673.34,400.6733,7.6578,16.6456,0.7193,7.172,937.7565,No,21.83,22,403
2004-08-11,501899.67,401.8997,7.6708,16.6456,0.7215,7.1725,940.3207,No,21.83,22,404
2004-08-12,503574.39,403.5744,7.6883,16.6456,0.7192,7.1727,952.5821,No,21.82,22,405
2004-08-13,501474.91,401.4749,7.6686,16.6456,0.7161,7.1724,950.9132,No,21.82,22,406
2004-08-16,498834.22,398.8342,7.6456,16.6456,0.7143,7.1727,936.7201,No,21.81,22,407
2004-08-17,497367.36,397.3674,7.6321,16.6456,0.7132,7.1732,934.3615,No,21.81,22,408
2004-08-18,496350.85,396.3508,7.6229,16.6456,0.7123,7.1738,921.4617,No,21.81,22,409
2004-08-19,495643.33,395.6433,7.6169,16.6456,0.7092,7.1736,925.1098,No,21.81,22,410
2004-08-20,493068.86,393.0689,7.5922,16.6456,0.7117,7.1735,918.4675,No,21.8,22,411
2004-08-23,494879.67,394.8797,7.6133,16.6456,0.7147,7.1736,920.8551,No,21.79,22,412
2004-08-24,497034.33,397.0343,7.6357,16.6456,0.7111,7.1735,920.3628,No,21.79,22,413
2004-08-25,494055.61,394.0556,7.607,16.6456,0.7104,7.174,912.2087,No,21.79,22,414
2004-08-26,493491.98,393.492,7.6024,16.6456,0.7119,7.1745,912.0907,No,21.79,22,415
2004-08-27,494506.42,394.5064,7.6135,16.6456,0.7107,7.1752,909.5215,No,21.78,22,416
2004-08-30,493524.14,393.5241,7.6067,16.6456,0.7082,7.1752,917.3312,No,21.78,22,417
2004-08-31,491384.1,391.3841,7.5862,16.6456,0.7084,7.1757,912.6185,No,21.77,22,418
2004-09-01,491499.19,391.4992,7.5883,16.6456,0.7094,7.1764,910.7643,No,21.77,22,419
2004-09-02,492124.01,392.124,7.5956,16.6456,0.7124,7.1764,899.5495,No,21.77,22,420
2004-09-03,494344.52,394.3445,7.6188,16.6456,0.7129,7.1772,903.7379,No,21.76,22,421
2004-09-07,494574.89,394.5749,7.6251,16.6456,0.7115,7.1778,896.8267,No,21.75,22,422
2004-09-08,493452.36,393.4524,7.6149,16.6456,0.7123,7.1784,901.138,No,21.75,22,423
2004-09-09,493948.3,393.9483,7.6208,16.6456,0.7101,7.1786,899.2408,No,21.75,22,424
2004-09-10,492058.43,392.0584,7.6029,16.6456,0.7083,7.179,894.3103,No,21.75,22,425
2004-09-13,490589.4,390.5894,7.5911,16.6456,0.7072,7.1795,892.3613,No,21.74,22,426
2004-09-14,489681.36,389.6814,7.5829,16.6456,0.7091,7.1798,890.1466,No,21.73,22,427
2004-09-15,491050.38,391.0504,7.5977,16.6456,0.7072,7.1802,897.1579,No,21.73,22,428
2004-09-16,489424.57,389.4246,7.5823,16.6456,0.707,7.1809,894.3463,No,21.73,22,429
2004-09-17,489110.21,389.1102,7.5801,16.6456,0.7071,7.1815,889.8912,No,21.73,22,430
2004-09-20,489175.29,389.1753,7.5837,16.6456,0.7046,7.1817,895.4859,No,21.72,22,431
2004-09-21,487104.69,387.1047,7.5637,16.6456,0.7057,7.1821,889.2148,No,21.72,22,432
2004-09-22,487976.24,387.9762,7.5735,16.6456,0.7059,7.1829,903.1766,No,21.71,22,433
2004-09-23,487889.51,387.8895,7.5736,16.6456,0.7067,7.1833,907.6786,No,21.71,22,434
2004-09-24,488380.74,388.3807,7.5796,16.6456,0.7066,7.1841,906.0937,No,21.71,22,435
2004-09-27,488314.21,388.3142,7.5819,16.6456,0.7052,7.1846,912.0969,No,21.7,22,436
2004-09-28,486980.23,386.9802,7.5694,16.6456,0.7059,7.1851,905.9588,No,21.7,22,437
2004-09-29,487427.4,387.4274,7.5749,16.6456,0.7044,7.1855,901.5816,No,21.69,22,438
2004-09-30,486230.32,386.2303,7.5637,16.6456,0.7026,7.1858,901.77,No,21.69,22,439
2004-10-01,484696.07,384.6961,7.549,16.6456,0.704,7.1862,886.7898,No,21.69,22,440
2004-10-04,485696.21,385.6962,7.5622,16.6456,0.7026,7.1869,883.4909,No,21.68,22,441
2004-10-05,484532.14,384.5321,7.5513,16.6456,0.7022,7.1874,884.0832,No,21.68,22,442
2004-10-06,484150.58,384.1506,7.5484,16.6456,0.7048,7.1875,877.2423,No,21.67,22,443
2004-10-07,486022.75,386.0228,7.5685,16.6456,0.7022,7.1876,887.0318,No,21.67,22,444
2004-10-08,483913.46,383.9135,7.5479,16.6456,0.7023,7.1882,894.5081,No,21.67,22,445
2004-10-11,483842.32,383.8423,7.5502,16.6456,0.7051,7.1883,892.5165,No,21.66,22,446
2004-10-12,485843.85,385.8439,7.5716,16.6456,0.7066,7.1889,894.7719,No,21.66,22,447
2004-10-13,486877.42,386.8774,7.5832,16.6456,0.7056,7.1896,901.9829,No,21.65,22,448
2004-10-14,486059.37,386.0594,7.5758,16.6456,0.7054,7.1901,911.3898,No,21.65,22,449
2004-10-15,485722.17,385.7222,7.5734,16.6456,0.7055,7.1908,906.9039,No,21.65,22,450
2004-10-18,485720.33,385.7203,7.5763,16.6456,0.7052,7.1915,901.6363,No,21.64,22,451
2004-10-19,485455.18,385.4552,7.5746,16.6456,0.703,7.1917,911.4332,No,21.64,22,452
2004-10-20,483670.89,383.6709,7.5573,16.6456,0.7023,7.1922,910.9686,No,21.64,22,453
2004-10-21,482995.42,382.9954,7.5514,16.6456,0.7035,7.1928,908.3311,No,21.63,22,454
2004-10-22,483907.01,383.907,7.5617,16.6456,0.7021,7.1933,918.2288,No,21.63,22,455
2004-10-25,482690.98,382.691,7.5522,16.6456,0.7012,7.1938,919.0901,No,21.62,22,456
2004-10-26,481754.28,381.7543,7.5435,16.6456,0.7014,7.1944,904.1533,No,21.62,22,457
2004-10-27,481832.08,381.8321,7.5453,16.6456,0.7004,7.1951,891.2229,No,21.62,22,458
2004-10-28,481086.68,381.0867,7.5386,16.6456,0.6982,7.1953,889.1199,No,21.61,22,459
2004-10-29,479283.36,379.2834,7.5209,16.6456,0.6997,7.1957,886.6954,No,21.61,22,460
2004-11-01,480307.34,380.3073,7.5345,16.6456,0.7024,7.1958,886.4241,No,21.6,22,461
2004-11-02,482182.35,382.1823,7.5549,16.6456,0.6989,7.1957,886.3947,No,21.6,22,462
2004-11-03,479407.39,379.4074,7.5271,16.6456,0.6943,7.1946,875.2846,No,21.6,22,463
2004-11-04,475785.71,375.7857,7.4904,16.6456,0.6942,7.1951,859.7335,No,21.59,22,464
2004-11-05,475656.71,375.6567,7.49,16.6456,0.6954,7.1956,856.0087,No,21.59,22,465
2004-11-08,476435.55,376.4356,7.5011,16.6456,0.6946,7.1963,856.9788,No,21.58,22,466
2004-11-09,475723.75,375.7237,7.4947,16.6456,0.6961,7.1967,857.2619,No,21.58,22,467
2004-11-10,476722.36,376.7224,7.5061,16.6456,0.6948,7.1973,858.0454,No,21.58,22,468
2004-11-11,475643.45,375.6434,7.4958,16.6456,0.6907,7.1966,849.4202,No,21.58,22,469
2004-11-12,472451.61,372.4516,7.4632,16.6456,0.691,7.1972,840.7558,No,21.57,22,470
2004-11-15,472595.41,372.5954,7.4677,16.6456,0.6911,7.1978,840.9381,No,21.56,22,471
2004-11-16,472581.04,372.581,7.4685,16.6456,0.6873,7.1974,847.5668,No,21.56,22,472
2004-11-17,469700.41,369.7004,7.439,16.6456,0.6876,7.1979,842.2382,No,21.56,22,473
2004-11-18,469736.45,369.7364,7.4404,16.6456,0.6892,7.1984,840.9489,No,21.56,22,474
2004-11-19,470936.06,370.9361,7.4541,16.6456,0.687,7.1986,851.5386,No,21.55,22,475
2004-11-22,469098.41,369.0984,7.4375,16.6456,0.6873,7.1992,845.9429,No,21.55,22,476
2004-11-23,469222.73,369.2227,7.4398,16.6456,0.6862,7.1998,846.1598,No,21.54,22,477
2004-11-24,468340.93,368.3409,7.4314,16.6456,0.6873,7.2004,842.2489,No,21.54,22,478
2004-11-26,469001.24,369.0012,7.4404,16.6456,0.688,7.201,841.4212,No,21.53,22,479
2004-11-29,469566.83,369.5668,7.4494,16.6456,0.6905,7.2012,844.5191,No,21.53,22,480
2004-11-30,471142.76,371.1428,7.4671,16.6456,0.6875,7.2012,848.3236,No,21.52,22,481
2004-12-01,468850.23,368.8502,7.4437,16.6456,0.6898,7.2014,834.0631,No,21.52,22,482
2004-12-02,470325.88,370.3259,7.4604,16.6456,0.6854,7.2006,834.8726,No,21.52,22,483
2004-12-03,466994.32,366.9943,7.4259,16.6456,0.6857,7.2012,834.2059,No,21.52,22,484
2004-12-06,467104.8,367.1048,7.43,16.6456,0.6882,7.2014,834.8938,No,21.51,22,485
2004-12-07,468809.48,368.8095,7.4492,16.6456,0.6903,7.2017,845.3307,No,21.5,22,486
2004-12-08,470166.79,370.1668,7.4646,16.6456,0.691,7.2024,840.5306,No,21.5,22,487
2004-12-09,470660.61,370.6606,7.4709,16.6456,0.6916,7.203,835.4131,No,21.5,22,488
2004-12-10,470992.74,370.9927,7.4754,16.6456,0.6881,7.2028,836.3896,No,21.5,22,489
2004-12-13,468334.84,368.3348,7.45,16.6456,0.6881,7.2034,827.9499,No,21.49,22,490
2004-12-14,468203.86,368.2039,7.4496,16.6456,0.6847,7.2032,824.3276,No,21.48,22,491
2004-12-15,465617.46,365.6175,7.4229,16.6456,0.6891,7.2024,822.4522,No,21.48,22,492
2004-12-16,468601.25,368.6012,7.4558,16.6456,0.6889,7.2031,824.3276,No,21.48,22,493
2004-12-17,468394.33,368.3943,7.4546,16.6456,0.6884,7.2037,831.275,No,21.48,22,494
2004-12-20,467920.89,367.9209,7.4525,16.6456,0.6868,7.2042,830.9177,No,21.47,22,495
2004-12-21,466655.14,366.6551,7.4399,16.6456,0.6874,7.2048,822.5604,No,21.47,22,496
2004-12-22,466994.16,366.9942,7.4446,16.6456,0.6874,7.2055,819.1028,No,21.46,22,497
2004-12-23,466898.09,366.8981,7.4445,16.6456,0.6883,7.2061,818.6781,No,21.46,22,498
2004-12-27,467464.48,367.4645,7.4545,16.6456,0.6878,7.2067,822.6481,No,21.45,22,499
2004-12-28,466950.18,366.9502,7.45,16.6456,0.6911,7.2065,816.0826,No,21.45,22,500
2004-12-29,469225.63,369.2256,7.4753,16.6456,0.6896,7.207,816.0165,No,21.44,22,501
2004-12-30,468006.61,368.0066,7.4633,16.6456,0.6889,7.2076,815.8792,No,21.44,22,502
2004-12-31,467413.75,367.4137,7.4579,16.6456,0.6934,7.2068,817.116,No,21.44,22,503
2005-01-03,470479.41,370.4794,7.4937,16.6456,0.6973,7.2063,824.6124,No,21.43,22,504
2005-01-04,473607.36,373.6074,7.5279,16.6456,0.6985,7.2069,835.4396,No,21.43,21,505
2005-01-05,473979.63,373.9796,7.5329,16.6456,0.7001,7.2075,838.7545,No,21.42,21,506
2005-01-06,475229.18,375.2292,7.5471,16.6456,0.7012,7.2085,835.2647,No,21.42,21,507
2005-01-07,475800.05,375.8,7.5541,16.6456,0.7005,7.2093,836.5969,No,21.42,21,508
2005-01-10,475146.73,375.1467,7.5502,16.6456,0.6996,7.2099,833.3922,No,21.41,21,509
2005-01-11,474268.77,374.2688,7.5419,16.6456,0.6971,7.21,839.0536,No,21.41,21,510
2005-01-12,472303.63,372.3036,7.5221,16.6456,0.6975,7.2103,835.217,No,21.41,21,511
2005-01-13,472715.3,372.7153,7.5274,16.6456,0.6975,7.2111,843.3638,No,21.4,21,512
2005-01-14,472590.31,372.5903,7.5271,16.6456,0.6954,7.2116,837.7357,No,21.4,21,513
2005-01-18,470929.37,370.9294,7.5134,16.6456,0.6967,7.212,828.7332,No,21.39,21,514
2005-01-19,471757.56,371.7576,7.5232,16.6456,0.698,7.2126,837.5759,No,21.39,21,515
2005-01-20,472626.65,372.6266,7.5335,16.6456,0.6974,7.2133,844.9139,No,21.38,21,516
2005-01-21,471895.58,371.8956,7.5267,16.6456,0.6971,7.2137,851.0012,No,21.38,21,517
2005-01-24,471761.21,371.7612,7.5283,16.6456,0.7001,7.2138,854.3558,No,21.37,21,518
2005-01-25,473888.11,373.8881,7.5519,16.6456,0.6974,7.2141,850.5521,No,21.37,21,519
2005-01-26,471550.99,371.551,7.528,16.6456,0.6978,7.2144,845.9375,No,21.37,21,520
2005-01-27,471883.53,371.8835,7.5326,16.6456,0.6969,7.2151,845.4715,No,21.36,21,521
2005-01-28,471217.7,371.2177,7.5265,16.6456,0.6968,7.2158,847.9805,No,21.36,21,522
2005-01-31,471169.82,371.1698,7.529,16.6456,0.6967,7.2167,840.0323,No,21.35,21,523
2005-02-01,470859.21,370.8592,7.5267,16.6456,0.6959,7.2174,833.5928,No,21.35,21,524
2005-02-02,470116.36,370.1164,7.5197,16.6456,0.6983,7.2176,830.5188,No,21.35,21,525
2005-02-03,471910.13,371.9101,7.5399,16.6456,0.6956,7.218,832.8172,No,21.35,21,526
2005-02-04,469961.74,369.9617,7.52,16.6456,0.6952,7.2188,822.6172,No,21.34,21,527
2005-02-07,469394.01,369.394,7.517,16.6456,0.6948,7.2195,823.5982,No,21.33,21,528
2005-02-08,469021.79,369.0218,7.514,16.6456,0.6959,7.2202,822.9577,No,21.33,21,529
2005-02-09,469585.52,369.5855,7.521,16.6456,0.6958,7.2209,830.7025,No,21.33,21,530
2005-02-10,469154.12,369.1541,7.5174,16.6456,0.6932,7.2208,826.7723,No,21.33,21,531
2005-02-11,467331.94,367.3319,7.4988,16.6456,0.6905,7.2207,820.1892,No,21.32,21,532
2005-02-14,465208.93,365.2089,7.4788,16.6456,0.6906,7.221,819.451,No,21.32,21,533
2005-02-15,465339.8,365.3398,7.4812,16.6456,0.6915,7.2216,816.347,No,21.31,21,534
2005-02-16,465840.83,365.8408,7.4876,16.6456,0.6932,7.222,816.0775,No,21.31,21,535
2005-02-17,466871.58,366.8716,7.4998,16.6456,0.6946,7.2224,823.345,No,21.31,21,536
2005-02-18,467849.37,367.8494,7.5113,16.6456,0.6949,7.2231,822.7049,No,21.3,21,537
2005-02-22,467755.31,367.7553,7.5143,16.6456,0.6931,7.2231,836.2568,No,21.29,21,538
2005-02-23,466598.43,366.5984,7.5028,16.6456,0.6924,7.2237,830.9755,No,21.29,21,539
2005-02-24,466015.79,366.0158,7.4975,16.6456,0.6901,7.224,823.3812,No,21.29,21,540
2005-02-25,464273.59,364.2736,7.4796,16.6456,0.6925,7.2242,814.7675,No,21.28,21,541
2005-02-28,465737.25,365.7373,7.4985,16.6456,0.693,7.2247,820.6563,No,21.28,21,542
2005-03-01,466201.46,366.2015,7.5045,16.6456,0.6935,7.2256,815.4677,No,21.27,21,543
2005-03-02,466366.98,366.367,7.5073,16.6456,0.6948,7.2262,815.4017,No,21.27,21,544
2005-03-03,467269.14,367.2691,7.5181,16.6456,0.6902,7.2253,815.1023,No,21.27,21,545
2005-03-04,463652.93,363.6529,7.4798,16.6456,0.6889,7.2255,806.3728,No,21.27,21,546
2005-03-07,462662.11,362.6621,7.472,16.6456,0.6893,7.2262,803.9799,No,21.26,21,547
2005-03-08,462681.15,362.6811,7.4732,16.6456,0.6929,7.2253,808.2483,No,21.25,21,548
2005-03-09,465171.19,365.1712,7.5014,16.6456,0.6914,7.2257,817.5035,No,21.25,21,549
2005-03-10,464048.38,364.0484,7.4902,16.6456,0.6927,7.2262,815.7674,No,21.25,21,550
2005-03-11,464739.48,364.7395,7.4987,16.6456,0.6926,7.2267,822.5192,No,21.25,21,551
2005-03-14,464872.49,364.8725,7.5031,16.6456,0.6953,7.2272,817.325,No,21.24,21,552
2005-03-15,466508.78,366.5088,7.5219,16.6456,0.6947,7.2279,824.2758,No,21.24,21,553
2005-03-16,465912.88,365.9129,7.5165,16.6456,0.6957,7.2283,831.7165,No,21.23,21,554
2005-03-17,466782.55,366.7825,7.5269,16.6456,0.6969,7.2292,830.0364,No,21.23,21,555
2005-03-18,467370.72,367.3707,7.5343,16.6456,0.7015,7.2283,830.4716,No,21.23,21,556
2005-03-21,470715.89,370.7159,7.5735,16.6456,0.7049,7.2288,835.0792,No,21.22,21,557
2005-03-22,472822.25,372.8223,7.5971,16.6456,0.7064,7.2293,844.6867,No,21.22,21,558
2005-03-23,474065.37,374.0654,7.6115,16.6456,0.7068,7.2304,844.0113,No,21.21,21,559
2005-03-24,474089.8,374.0898,7.6128,16.6456,0.7071,7.2311,844.9085,No,21.21,21,560
2005-03-28,474127.57,374.1276,7.6172,16.6456,0.7074,7.2316,842.6041,No,21.2,21,561
2005-03-29,474276.72,374.2767,7.6199,16.6456,0.7045,7.2317,849.6278,No,21.2,21,562
2005-03-30,472081.45,372.0814,7.5973,16.6456,0.7026,7.2321,836.6128,No,21.19,21,563
2005-03-31,470491.55,370.4916,7.5812,16.6456,0.7042,7.2324,837.2511,No,21.19,21,564
2005-04-01,471731.84,371.7318,7.5956,16.6456,0.7048,7.2333,843.38,No,21.19,21,565
2005-04-04,472045.27,372.0453,7.602,16.6456,0.7045,7.2341,840.7021,No,21.18,21,566
2005-04-05,471617.65,371.6176,7.5984,16.6456,0.7026,7.2345,836.4906,No,21.18,21,567
2005-04-06,470113.33,370.1133,7.5832,16.6456,0.7032,7.2349,834.1742,No,21.18,21,568
2005-04-07,470516.66,370.5167,7.5886,16.6456,0.704,7.2355,828.5712,No,21.17,21,569
2005-04-08,470954.91,370.9549,7.5944,16.6456,0.7026,7.2361,836.3843,No,21.17,21,570
2005-04-11,469805.3,369.8053,7.585,16.6456,0.7006,7.2364,836.363,No,21.16,21,571
2005-04-12,468417.17,368.4172,7.571,16.6456,0.7025,7.2369,831.1436,No,21.16,21,572
2005-04-13,469520.59,369.5206,7.5839,16.6456,0.7066,7.2362,842.1306,No,21.16,21,573
2005-04-14,472521.23,372.5212,7.6174,16.6456,0.7072,7.2373,851.6483,No,21.15,21,574
2005-04-15,472765.03,372.765,7.621,16.6456,0.7061,7.2378,867.8267,No,21.15,21,575
2005-04-18,471677.7,371.6777,7.6124,16.6456,0.7016,7.2368,864.9915,No,21.14,21,576
2005-04-19,468240.08,368.2401,7.5762,16.6456,0.7032,7.2369,859.2927,No,21.14,21,577
2005-04-20,469376.07,369.3761,7.5895,16.6456,0.7027,7.2374,872.1136,No,21.14,21,578
2005-04-21,468893.12,368.8931,7.5853,16.6456,0.702,7.2382,853.2864,No,21.13,21,579
2005-04-22,468363.14,368.3631,7.5806,16.6456,0.7002,7.2386,859.7223,No,21.13,21,580
2005-04-25,466915.33,366.9153,7.5678,16.6456,0.7007,7.2392,851.4782,No,21.12,21,581
2005-04-26,467153.77,367.1538,7.5715,16.6456,0.7013,7.2396,860.0405,No,21.12,21,582
2005-04-27,467736.02,367.736,7.5788,16.6456,0.7023,7.2406,856.0807,No,21.12,21,583
2005-04-28,468244.48,368.2445,7.5854,16.6456,0.7001,7.2409,866.7665,No,21.12,21,584
2005-04-29,466408.44,366.4084,7.5664,16.6456,0.7015,7.2413,855.3723,No,21.11,21,585
2005-05-02,467552.05,367.552,7.5819,16.6456,0.7026,7.2423,851.0012,No,21.1,21,586
2005-05-03,468214.99,368.215,7.5902,16.6456,0.7014,7.243,851.813,No,21.1,21,587
2005-05-04,466982.32,366.9823,7.5778,16.6456,0.7011,7.2435,839.9039,No,21.1,21,588
2005-05-05,466771.33,366.7713,7.5765,16.6456,0.704,7.2435,842.292,No,21.1,21,589
2005-05-06,468852.72,368.8527,7.6002,16.6456,0.703,7.2443,843.2721,No,21.09,21,590
2005-05-09,467957.55,367.9575,7.5935,16.6456,0.7033,7.245,837.2617,No,21.08,21,591
2005-05-10,468109.6,368.1096,7.5962,16.6456,0.7022,7.2455,847.3818,No,21.08,21,592
2005-05-11,467215.77,367.2158,7.5875,16.6456,0.7056,7.2454,842.9434,No,21.08,21,593
2005-05-12,469718.58,369.7186,7.6157,16.6456,0.7067,7.2464,852.3952,No,21.08,21,594
2005-05-13,470265.35,370.2654,7.6227,16.6456,0.706,7.2471,856.6682,No,21.07,21,595
2005-05-16,469606.76,369.6068,7.6186,16.6456,0.7043,7.2477,847.0122,No,21.07,21,596
2005-05-17,468304.48,368.3045,7.6055,16.6456,0.701,7.2475,840.3431,No,21.06,21,597
2005-05-18,465723.31,365.7233,7.5783,16.6456,0.7011,7.2481,830.8442,No,21.06,21,598
2005-05-19,465776.03,365.776,7.5799,16.6456,0.7025,7.2487,826.5226,No,21.06,21,599
2005-05-20,466816.72,366.8167,7.5923,16.6456,0.7013,7.2494,827.9239,No,21.05,21,600
2005-05-23,465788.98,365.789,7.5841,16.6456,0.7007,7.2502,824.3534,No,21.05,21,601
2005-05-24,465169.85,365.1698,7.5783,16.6456,0.702,7.2507,824.1774,No,21.04,21,602
2005-05-25,465877.43,365.8774,7.5871,16.6456,0.7013,7.2512,827.2877,No,21.04,21,603
2005-05-26,465417.65,365.4177,7.5831,16.6456,0.7004,7.2519,821.2833,No,21.04,21,604
2005-05-27,464588.92,364.5889,7.575,16.6456,0.7008,7.2525,820.2918,No,21.04,21,605
2005-05-31,465101.12,365.1011,7.5847,16.6456,0.6982,7.2528,825.9092,No,21.02,21,606
2005-06-01,463070.13,363.0701,7.5634,16.6456,0.695,7.2527,817.3199,No,21.02,21,607
2005-06-02,460225.29,360.2253,7.5329,16.6456,0.6969,7.2525,815.7726,No,21.02,21,608
2005-06-03,461552.96,361.553,7.5486,16.6456,0.6947,7.2527,822.0966,No,21.02,21,609
2005-06-06,459966.04,359.966,7.5341,16.6456,0.6941,7.2532,820.908,No,21.01,21,610
2005-06-07,459679.31,359.6793,7.5319,16.6456,0.6956,7.254,821.0365,No,21.01,21,611
2005-06-08,460430.72,360.4307,7.5413,16.6456,0.6951,7.2546,822.8855,No,21.0,21,612
2005-06-09,460066.65,360.0666,7.5382,16.6456,0.6963,7.2552,818.0496,No,21.0,21,613
2005-06-10,460516.03,360.516,7.5443,16.6456,0.6959,7.2556,820.2046,No,21.0,21,614
2005-06-13,460270.45,360.2704,7.5446,16.6456,0.6972,7.256,817.8709,No,20.99,21,615
2005-06-14,461229.48,361.2295,7.5563,16.6456,0.6961,7.2567,815.4982,No,20.99,21,616
2005-06-15,460276.91,360.2769,7.5467,16.6456,0.6921,7.2561,813.4461,No,20.98,21,617
2005-06-16,457170.81,357.1708,7.513,16.6456,0.6904,7.2562,810.1365,No,20.98,21,618
2005-06-17,455992.06,355.9921,7.5008,16.6456,0.6908,7.2567,805.6417,No,20.98,21,619
2005-06-20,456214.76,356.2148,7.5064,16.6456,0.6898,7.2574,806.2832,No,20.97,21,620
2005-06-21,455510.98,355.511,7.4995,16.6456,0.6883,7.2579,808.1283,No,20.97,21,621
2005-06-22,454441.82,354.4418,7.4884,16.6456,0.6892,7.2586,807.9085,No,20.96,21,622
2005-06-23,454696.33,354.6963,7.4923,16.6456,0.69,7.259,817.6565,No,20.96,21,623
2005-06-24,455391.15,355.3911,7.5012,16.6456,0.69,7.2597,824.7108,No,20.96,21,624
2005-06-27,455245.49,355.2455,7.5026,16.6456,0.6912,7.2603,825.3952,No,20.95,21,625
2005-06-28,456044.22,356.0442,7.5126,16.6456,0.6919,7.2612,816.8511,No,20.95,21,626
2005-06-29,456347.73,356.3477,7.517,16.6456,0.6919,7.2619,818.0445,No,20.95,21,627
2005-06-30,456368.58,356.3686,7.5183,16.6456,0.6969,7.2609,824.5968,No,20.94,21,628
2005-07-01,459789.91,359.7899,7.5576,16.6456,0.6994,7.2617,822.0863,No,20.94,21,629
2005-07-05,461320.24,361.3202,7.5788,16.6456,0.6999,7.2626,814.0025,No,20.93,21,630
2005-07-06,461465.21,361.4652,7.5815,16.6456,0.6993,7.2633,821.4685,No,20.93,21,631
2005-07-07,461011.02,361.011,7.5774,16.6456,0.6984,7.264,819.1591,No,20.92,21,632
2005-07-08,460247.0,360.247,7.5699,16.6456,0.6965,7.2644,808.5483,No,20.92,21,633
2005-07-11,458715.67,358.7157,7.5559,16.6456,0.6967,7.2649,802.887,No,20.91,21,634
2005-07-12,458793.84,358.7938,7.5578,16.6456,0.6978,7.2654,800.7975,No,20.91,21,635
2005-07-13,459586.42,359.5864,7.5677,16.6456,0.6997,7.266,799.8986,No,20.91,21,636
2005-07-14,460930.63,360.9306,7.5837,16.6456,0.699,7.2669,797.5397,No,20.9,21,637
2005-07-15,460154.98,360.155,7.5761,16.6456,0.7014,7.2671,796.5012,No,20.9,21,638
2005-07-18,461629.69,361.6297,7.5957,16.6456,0.7,7.2676,801.4863,No,20.89,21,639
2005-07-19,460751.88,360.7519,7.5869,16.6456,0.6978,7.268,795.4604,No,20.89,21,640
2005-07-20,458984.54,358.9845,7.5681,16.6456,0.6998,7.2683,791.133,No,20.89,21,641
2005-07-21,460008.06,360.0081,7.5806,16.6456,0.6977,7.2684,797.0519,No,20.88,21,642
2005-07-22,458786.14,358.7861,7.568,16.6456,0.6988,7.2691,792.1976,No,20.88,21,643
2005-07-25,459272.56,359.2726,7.5765,16.6456,0.6991,7.2697,795.5672,No,20.87,21,644
2005-07-26,459623.56,359.6236,7.5815,16.6456,0.6984,7.2705,794.0197,No,20.87,21,645
2005-07-27,458858.21,358.8582,7.5739,16.6456,0.6951,7.2703,789.8357,No,20.87,21,646
2005-07-28,456441.29,356.4413,7.5477,16.6456,0.6971,7.2706,784.6273,No,20.87,21,647
2005-07-29,457539.69,357.5397,7.5612,16.6456,0.6967,7.271,791.4458,No,20.86,21,648
2005-08-01,457216.41,357.2164,7.5606,16.6456,0.696,7.2715,790.5992,No,20.85,21,649
2005-08-02,456780.9,356.7809,7.5567,16.6456,0.6933,7.2717,784.3239,No,20.85,21,650
2005-08-03,454636.92,354.6369,7.5335,16.6456,0.6944,7.272,783.4813,No,20.85,21,651
2005-08-04,455366.94,355.3669,7.5428,16.6456,0.6973,7.2719,790.0373,No,20.85,21,652
2005-08-05,457261.81,357.2618,7.5652,16.6456,0.6991,7.2723,796.8618,No,20.84,21,653
2005-08-08,458494.78,358.4948,7.5822,16.6456,0.6978,7.273,799.2171,No,20.84,21,654
2005-08-09,457484.42,357.4844,7.5719,16.6456,0.6975,7.2737,793.1875,No,20.83,21,655
2005-08-10,457061.51,357.0615,7.5681,16.6456,0.692,7.2719,794.4461,No,20.83,21,656
2005-08-11,452879.36,352.8794,7.5217,16.6456,0.691,7.2722,788.0593,No,20.83,21,657
2005-08-12,452331.25,352.3313,7.5165,16.6456,0.6925,7.2727,793.405,No,20.82,21,658
2005-08-15,453336.44,353.3364,7.531,16.6456,0.6921,7.2736,790.7674,No,20.82,21,659
2005-08-16,452777.38,352.7774,7.5257,16.6456,0.6954,7.2732,801.3682,No,20.81,21,660
2005-08-17,455159.81,355.1598,7.5538,16.6456,0.6948,7.2742,800.4682,No,20.81,21,661
2005-08-18,454585.62,354.5856,7.5483,16.6456,0.6958,7.2749,801.3189,No,20.81,21,662
2005-08-19,455194.68,355.1947,7.5563,16.6456,0.6956,7.2757,800.7286,No,20.81,21,663
2005-08-22,454848.54,354.8485,7.5554,16.6456,0.695,7.2763,799.2416,No,20.8,21,664
2005-08-23,454348.48,354.3485,7.5508,16.6456,0.6968,7.2767,802.2946,No,20.79,21,665
2005-08-24,455591.9,355.5919,7.566,16.6456,0.6957,7.2774,808.1983,No,20.79,21,666
2005-08-25,454658.86,354.6589,7.5564,16.6456,0.6973,7.2779,806.0842,No,20.79,21,667
2005-08-26,455659.57,355.6596,7.5688,16.6456,0.6964,7.2786,811.5592,No,20.79,21,668
2005-08-29,454949.97,354.95,7.5638,16.6456,0.6982,7.279,806.0344,No,20.78,21,669
2005-08-30,456369.82,356.3698,7.581,16.6456,0.6947,7.279,808.8234,No,20.78,21,670
2005-08-31,453560.14,353.5601,7.5501,16.6456,0.6925,7.2792,799.6534,No,20.77,21,671
2005-09-01,451551.88,351.5519,7.5281,16.6456,0.6917,7.2794,798.7274,No,20.77,21,672
2005-09-02,451229.94,351.2299,7.5254,16.6456,0.6908,7.28,801.3337,No,20.77,21,673
2005-09-06,450507.35,350.5073,7.5213,16.6456,0.6918,7.2805,790.0709,No,20.76,21,674
2005-09-07,451073.06,351.0731,7.5288,16.6456,0.6916,7.2811,787.787,No,20.75,21,675
2005-09-08,450853.38,350.8534,7.5273,16.6456,0.689,7.2813,791.1426,No,20.75,21,676
2005-09-09,448981.87,348.9819,7.5068,16.6456,0.6901,7.2818,784.106,No,20.75,21,677
2005-09-12,449589.17,349.5892,7.5169,16.6456,0.6918,7.2821,784.7174,No,20.74,21,678
2005-09-13,450848.16,350.8482,7.5324,16.6456,0.6919,7.283,791.2052,No,20.74,21,679
2005-09-14,450562.53,350.5625,7.5301,16.6456,0.691,7.2835,794.1165,No,20.73,21,680
2005-09-15,449803.31,349.8033,7.5224,16.6456,0.6892,7.2837,793.6711,No,20.73,21,681
2005-09-16,448506.45,348.5064,7.5085,16.6456,0.6871,7.2839,786.3043,No,20.73,21,682
2005-09-19,446973.88,346.9739,7.4938,16.6456,0.6881,7.2842,791.2677,No,20.72,21,683
2005-09-20,447691.84,347.6918,7.5032,16.6456,0.6873,7.2849,798.3214,No,20.72,21,684
2005-09-21,447015.61,347.0156,7.4963,16.6456,0.6877,7.2855,806.567,No,20.72,21,685
2005-09-22,447272.71,347.2727,7.5004,16.6456,0.6902,7.2858,803.0697,No,20.71,21,686
2005-09-23,448822.42,348.8224,7.5193,16.6456,0.6902,7.2866,802.5759,No,20.71,21,687
2005-09-26,448641.06,348.6411,7.5203,16.6456,0.6912,7.2871,802.3242,No,20.7,21,688
2005-09-27,449345.03,349.345,7.5295,16.6456,0.6876,7.2869,802.2847,No,20.7,21,689
2005-09-28,446628.9,346.6289,7.4991,16.6456,0.686,7.2872,801.2058,No,20.7,21,690
2005-09-29,445479.63,345.4796,7.4867,16.6456,0.6876,7.2876,793.2552,No,20.69,21,691
2005-09-30,446562.12,346.5621,7.5003,16.6456,0.6905,7.2878,792.4292,No,20.69,21,692
2005-10-03,448346.47,348.3465,7.5242,16.6456,0.6917,7.2885,793.9567,No,20.68,21,693
2005-10-04,449086.42,349.0864,7.5338,16.6456,0.6936,7.2889,802.8623,No,20.68,21,694
2005-10-05,450257.83,350.2578,7.5483,16.6456,0.693,7.2896,816.1741,No,20.68,21,695
2005-10-06,449631.92,349.6319,7.5421,16.6456,0.6907,7.2897,819.9327,No,20.67,21,696
2005-10-07,448054.49,348.0545,7.5249,16.6456,0.692,7.2902,816.5252,No,20.67,21,697
2005-10-10,448837.27,348.8373,7.5371,16.6456,0.6921,7.2909,823.1436,No,20.66,21,698
2005-10-11,448781.75,348.7818,7.5375,16.6456,0.696,7.2904,824.9958,No,20.66,21,699
2005-10-12,451325.59,351.3256,7.5679,16.6456,0.6979,7.2909,830.5346,No,20.66,21,700
2005-10-13,452508.87,352.5089,7.5826,16.6456,0.6976,7.2916,831.1856,No,20.65,21,701
2005-10-14,452211.15,352.2111,7.5802,16.6456,0.6956,7.2921,823.5517,No,20.65,21,702
2005-10-17,450636.4,350.6364,7.5652,16.6456,0.6978,7.2922,820.8104,No,20.64,21,703
2005-10-18,452173.44,352.1734,7.584,16.6456,0.6985,7.293,830.157,No,20.64,21,704
2005-10-19,452636.68,352.6367,7.5904,16.6456,0.7018,7.2932,816.3725,No,20.64,21,705
2005-10-20,454731.92,354.7319,7.6155,16.6456,0.6982,7.293,830.3143,No,20.64,21,706
2005-10-21,451960.35,351.9604,7.5847,16.6456,0.6975,7.2935,828.8953,No,20.63,21,707
2005-10-24,451417.54,351.4175,7.5815,16.6456,0.6966,7.2942,813.5421,No,20.62,21,708
2005-10-25,450612.17,350.6122,7.5732,16.6456,0.6991,7.294,815.7166,No,20.62,21,709
2005-10-26,452316.12,352.3161,7.594,16.6456,0.6995,7.2947,819.6661,No,20.62,21,710
2005-10-27,452442.34,352.4423,7.5965,16.6456,0.6971,7.295,829.2718,No,20.62,21,711
2005-10-28,450736.59,350.7366,7.5778,16.6456,0.6985,7.2956,814.0632,No,20.61,21,712
2005-10-31,451750.06,351.7501,7.5927,16.6456,0.702,7.2958,807.559,No,20.61,21,713
2005-11-01,453942.16,353.9422,7.619,16.6456,0.6999,7.2963,810.7593,No,20.6,21,714
2005-11-02,452255.16,352.2552,7.6006,16.6456,0.7013,7.2967,801.6439,No,20.6,21,715
2005-11-03,453208.4,353.2084,7.6127,16.6456,0.7031,7.2973,797.5105,No,20.6,21,716
2005-11-04,454386.61,354.3866,7.6273,16.6456,0.7015,7.2979,797.3641,No,20.59,21,717
2005-11-07,453018.47,353.0185,7.6147,16.6456,0.6997,7.2983,795.3632,No,20.59,21,718
2005-11-08,451756.09,351.7561,7.6011,16.6456,0.6993,7.299,798.0281,No,20.58,21,719
2005-11-09,451278.12,351.2781,7.5966,16.6456,0.6958,7.2986,796.4672,No,20.58,21,720
2005-11-10,448890.38,348.8904,7.57,16.6456,0.6947,7.2993,788.791,No,20.58,21,721
2005-11-11,448043.58,348.0436,7.5611,16.6456,0.6962,7.2998,786.0901,No,20.58,21,722
2005-11-14,448969.92,348.9699,7.5751,16.6456,0.6959,7.3004,786.7138,No,20.57,21,723
2005-11-15,448680.39,348.6804,7.5727,16.6456,0.6905,7.2989,790.0469,No,20.56,21,724
2005-11-16,444718.29,344.7183,7.5274,16.6456,0.6859,7.2978,788.2792,No,20.56,21,725
2005-11-17,441486.2,341.4862,7.4903,16.6456,0.6861,7.2983,779.9813,No,20.56,21,726
2005-11-18,441636.95,341.6369,7.4931,16.6456,0.6837,7.2986,776.0111,No,20.56,21,727
2005-11-21,439918.27,339.9183,7.4758,16.6456,0.6815,7.2989,771.4134,No,20.55,21,728
2005-11-22,438363.92,338.3639,7.4583,16.6456,0.6818,7.2996,766.9595,No,20.55,21,729
2005-11-23,438516.52,338.5165,7.4612,16.6456,0.681,7.3002,763.9053,No,20.54,21,730
2005-11-25,437884.14,337.8841,7.4557,16.6456,0.6796,7.3008,762.0912,No,20.54,21,731
2005-11-28,436805.1,336.8051,7.4459,16.6456,0.6809,7.3012,769.3754,No,20.53,21,732
2005-11-29,437628.32,337.6283,7.4568,16.6456,0.6838,7.3013,769.2059,No,20.53,21,733
2005-11-30,439431.11,339.4311,7.4793,16.6456,0.6797,7.3007,774.484,No,20.52,21,734
2005-12-01,436486.15,336.4862,7.4451,16.6456,0.6794,7.3013,763.9777,No,20.52,21,735
2005-12-02,436225.94,336.2259,7.4431,16.6456,0.6787,7.3019,763.6928,No,20.52,21,736
2005-12-05,435718.63,335.7186,7.4401,16.6456,0.6765,7.3022,765.7044,No,20.51,21,737
2005-12-06,434172.56,334.1726,7.4225,16.6456,0.6767,7.3029,764.5842,No,20.51,21,738
2005-12-07,434210.39,334.2104,7.4239,16.6456,0.6743,7.3031,768.7713,No,20.5,21,739
2005-12-08,432555.68,332.5557,7.405,16.6456,0.6728,7.3036,769.7419,No,20.5,21,740
2005-12-09,431509.57,331.5096,7.3933,16.6456,0.6727,7.3042,767.2966,No,20.5,21,741
2005-12-12,431330.06,331.3301,7.3942,16.6456,0.6736,7.3048,766.5362,No,20.49,21,742
2005-12-13,431841.98,331.842,7.4014,16.6456,0.676,7.3052,761.6906,No,20.49,21,743
2005-12-14,433388.35,333.3884,7.4212,16.6456,0.6778,7.3059,758.044,No,20.48,21,744
2005-12-15,434365.67,334.3657,7.4341,16.6456,0.678,7.3066,759.2009,No,20.48,21,745
2005-12-16,434412.88,334.4129,7.4357,16.6456,0.6789,7.3073,761.6457,No,20.48,21,746
2005-12-19,434880.78,334.8808,7.4444,16.6456,0.6823,7.3071,766.7091,No,20.47,21,747
2005-12-20,437077.25,337.0772,7.4719,16.6456,0.683,7.3079,766.8911,No,20.47,21,748
2005-12-21,437359.97,337.36,7.4763,16.6456,0.678,7.3066,764.6929,No,20.47,21,749
2005-12-22,433797.07,333.7971,7.4344,16.6456,0.6767,7.3072,760.8546,No,20.46,21,750
2005-12-23,433003.88,333.0039,7.4258,16.6456,0.6755,7.3078,760.3655,No,20.46,21,751
2005-12-27,432047.09,332.0471,7.4183,16.6456,0.6737,7.3083,768.6615,No,20.45,21,752
2005-12-28,430828.8,330.8288,7.4045,16.6456,0.6734,7.3089,767.3787,No,20.45,21,753
2005-12-29,430582.48,330.5825,7.4025,16.6456,0.6743,7.3096,769.9115,No,20.44,21,754
2005-12-30,431048.43,331.0484,7.4093,16.6456,0.6678,7.3069,774.1783,No,20.44,21,755
2006-01-03,426612.23,326.6122,7.359,16.6456,0.6658,7.3073,760.0472,No,20.43,21,756
2006-01-04,425721.7,325.7217,7.349,16.6456,0.6693,7.3072,756.73,No,20.43,20,757
2006-01-05,427493.04,327.493,7.3719,16.6456,0.664,7.3085,756.7078,No,20.42,20,758
2006-01-06,423706.57,323.7066,7.3261,16.6456,0.6605,7.3037,748.524,No,20.42,20,759
2006-01-09,421282.21,321.2822,7.299,16.6456,0.6636,7.3007,745.4335,No,20.41,20,760
2006-01-10,423104.85,323.1048,7.3227,16.6456,0.662,7.3024,745.6934,No,20.41,20,761
2006-01-11,421942.33,321.9423,7.3093,16.6456,0.6622,7.3016,742.6579,No,20.41,20,762
2006-01-12,422056.25,322.0562,7.3117,16.6456,0.6589,7.3018,747.9746,No,20.41,20,763
2006-01-13,419766.71,319.7667,7.2841,16.6456,0.6598,7.3002,746.9477,No,20.4,20,764
2006-01-17,420257.96,320.258,7.2943,16.6456,0.6637,7.3008,750.0318,No,20.39,20,765
2006-01-18,422684.09,322.6841,7.3257,16.6456,0.659,7.3029,753.2662,No,20.39,20,766
2006-01-19,419375.61,319.3756,7.2853,16.6456,0.6634,7.2975,748.5414,No,20.39,20,767
2006-01-20,422139.55,322.1395,7.3209,16.6456,0.662,7.299,764.3759,No,20.38,20,768
2006-01-23,420999.79,320.9998,7.3097,16.6456,0.6628,7.2982,762.7672,No,20.38,20,769
2006-01-24,421324.76,321.3248,7.3148,16.6456,0.6636,7.2989,760.684,No,20.37,20,770
2006-01-25,421718.45,321.7185,7.3207,16.6456,0.664,7.2975,762.1498,No,20.37,20,771
2006-01-26,421826.52,321.8265,7.3231,16.6456,0.663,7.299,755.9391,No,20.37,20,772
2006-01-27,421148.27,321.1483,7.3157,16.6456,0.6609,7.3001,749.2575,No,20.36,20,773
2006-01-30,419728.28,319.7283,7.3009,16.6456,0.6598,7.2985,748.2449,No,20.36,20,774
2006-01-31,418928.59,318.9286,7.2919,16.6456,0.6607,7.2976,751.6283,No,20.35,20,775
2006-02-01,419314.29,319.3143,7.2977,16.6456,0.661,7.2987,749.9529,No,20.35,20,776
2006-02-02,419509.61,319.5096,7.3012,16.6456,0.6625,7.2981,757.4956,No,20.35,20,777
2006-02-03,420346.98,320.347,7.3128,16.6456,0.6614,7.3004,762.0507,No,20.35,20,778
2006-02-06,419518.74,319.5187,7.3054,16.6456,0.6698,7.2956,761.3578,No,20.34,20,779
2006-02-07,424652.56,324.6526,7.3706,16.6456,0.669,7.3016,768.3644,No,20.33,20,780
2006-02-08,424046.73,324.0467,7.3641,16.6456,0.6642,7.3011,760.5494,No,20.33,20,781
2006-02-09,420892.05,320.892,7.3257,16.6456,0.6695,7.2958,761.7806,No,20.33,20,782
2006-02-10,423985.38,323.9854,7.3654,16.6456,0.6735,7.2994,759.5813,No,20.33,20,783
2006-02-13,426637.14,326.6371,7.4015,16.6456,0.6704,7.3028,762.2669,No,20.32,20,784
2006-02-14,424421.0,324.421,7.375,16.6456,0.6713,7.3015,753.5972,No,20.32,20,785
2006-02-15,425047.5,325.0475,7.3838,16.6456,0.6682,7.3037,750.4172,No,20.31,20,786
2006-02-16,422891.63,322.8916,7.3579,16.6456,0.6654,7.3022,744.1664,No,20.31,20,787
2006-02-17,421081.92,321.0819,7.3363,16.6456,0.6658,7.3015,745.5634,No,20.31,20,788
2006-02-21,421176.74,321.1767,7.3416,16.6456,0.6636,7.301,748.3364,No,20.3,20,789
2006-02-22,419657.06,319.6571,7.3235,16.6456,0.6664,7.3018,741.9271,No,20.29,20,790
2006-02-23,421399.21,321.3992,7.3464,16.6456,0.6634,7.3032,744.8968,No,20.29,20,791
2006-02-24,419302.63,319.3026,7.3211,16.6456,0.6645,7.3007,743.7004,No,20.29,20,792
2006-02-27,419858.34,319.8583,7.3312,16.6456,0.6634,7.3026,740.5036,No,20.28,20,793
2006-02-28,419139.23,319.1392,7.3231,16.6456,0.6627,7.3012,749.3231,No,20.28,20,794
2006-03-01,418435.95,318.436,7.3152,16.6456,0.6628,7.3013,742.1376,No,20.27,20,795
2006-03-02,418405.64,318.4056,7.3159,16.6456,0.6649,7.3,743.502,No,20.27,20,796
2006-03-03,419566.62,319.5666,7.3316,16.6456,0.6712,7.2982,744.7368,No,20.27,20,797
2006-03-06,423391.72,323.3917,7.3828,16.6456,0.6721,7.3013,750.6319,No,20.26,20,798
2006-03-07,423956.13,323.9561,7.3909,16.6456,0.6751,7.302,752.178,No,20.26,20,799
2006-03-08,425819.06,325.8191,7.4151,16.6456,0.675,7.3058,750.2069,No,20.25,20,800
2006-03-09,425692.11,325.6921,7.4146,16.6456,0.6763,7.3053,754.3617,No,20.25,20,801
2006-03-10,426427.3,326.4273,7.4248,16.6456,0.6742,7.3075,748.1271,No,20.25,20,802
2006-03-13,424956.35,324.9564,7.4096,16.6456,0.6698,7.305,746.1877,No,20.24,20,803
2006-03-14,421992.42,321.9924,7.3735,16.6456,0.6697,7.3048,737.4839,No,20.24,20,804
2006-03-15,421788.46,321.7885,7.3719,16.6456,0.6675,7.3047,733.8661,No,20.24,20,805
2006-03-16,420403.76,320.4038,7.3555,16.6456,0.668,7.3055,732.3731,No,20.23,20,806
2006-03-17,420606.03,320.606,7.3591,16.6456,0.6678,7.3062,731.1449,No,20.23,20,807
2006-03-20,420396.36,320.3964,7.3596,16.6456,0.6708,7.306,732.5243,No,20.22,20,808
2006-03-21,422132.18,322.1322,7.3825,16.6456,0.67,7.307,737.5519,No,20.22,20,809
2006-03-22,421555.41,321.5554,7.3763,16.6456,0.6713,7.3084,732.5243,No,20.22,20,810
2006-03-23,422313.0,322.313,7.3868,16.6456,0.6671,7.3077,734.6758,No,20.21,20,811
2006-03-24,419473.43,319.4734,7.352,16.6456,0.666,7.3059,733.8534,No,20.21,20,812
2006-03-27,418600.83,318.6008,7.3441,16.6456,0.669,7.3038,734.718,No,20.2,20,813
2006-03-28,420336.0,320.336,7.3671,16.6456,0.6668,7.3036,740.1228,No,20.2,20,814
2006-03-29,418782.91,318.7829,7.3484,16.6456,0.6645,7.3022,733.7397,No,20.2,20,815
2006-03-30,417211.35,317.2114,7.3295,16.6456,0.6672,7.2986,735.3898,No,20.19,20,816
2006-03-31,418575.22,318.5752,7.3479,16.6456,0.6646,7.2999,738.8802,No,20.19,20,817
2006-04-03,416919.45,316.9194,7.3299,16.6456,0.6649,7.2989,736.9445,No,20.18,20,818
2006-04-04,416939.23,316.9392,7.3312,16.6456,0.6634,7.3004,731.6559,No,20.18,20,819
2006-04-05,415974.28,315.9743,7.3199,16.6456,0.663,7.3009,728.0091,No,20.18,20,820
2006-04-06,415665.65,315.6656,7.317,16.6456,0.6689,7.2972,729.399,No,20.18,20,821
2006-04-07,419014.26,319.0143,7.3607,16.6456,0.666,7.2981,738.0623,No,20.17,20,822
2006-04-10,417102.79,317.1028,7.3394,16.6456,0.6677,7.2966,737.3267,No,20.16,20,823
2006-04-11,417965.97,317.966,7.3515,16.6456,0.668,7.2978,743.709,No,20.16,20,824
2006-04-12,418074.04,318.074,7.3539,16.6456,0.6695,7.2976,742.688,No,20.16,20,825
2006-04-13,418909.37,318.9094,7.3656,16.6456,0.6644,7.2961,742.0345,No,20.16,20,826
2006-04-17,415665.92,315.6659,7.3283,16.6456,0.6606,7.2914,744.5164,No,20.15,20,827
2006-04-18,412858.04,312.858,7.2932,16.6456,0.658,7.2912,730.1039,No,20.14,20,828
2006-04-19,411333.29,311.3333,7.2745,16.6456,0.662,7.2882,728.5786,No,20.14,20,829
2006-04-20,413292.94,313.2929,7.3009,16.6456,0.6575,7.2902,727.5856,No,20.14,20,830
2006-04-21,410732.38,310.7324,7.2688,16.6456,0.6609,7.2881,727.6852,No,20.13,20,831
2006-04-24,412375.2,312.3752,7.2931,16.6456,0.6607,7.2912,729.6783,No,20.13,20,832
2006-04-25,412536.31,312.5363,7.2963,16.6456,0.659,7.2889,733.7397,No,20.12,20,833
2006-04-26,411202.44,311.2024,7.28,16.6456,0.66,7.2881,731.3123,No,20.12,20,834
2006-04-27,411505.32,311.5053,7.285,16.6456,0.6548,7.2881,728.3499,No,20.12,20,835
2006-04-28,408589.5,308.5895,7.2481,16.6456,0.6561,7.2855,727.7683,No,20.12,20,836
2006-05-01,409022.95,309.0229,7.2568,16.6456,0.6533,7.2841,731.2035,No,20.11,20,837
2006-05-02,407057.99,307.058,7.2321,16.6456,0.6543,7.2838,726.1274,No,20.1,20,838
2006-05-03,407536.03,307.536,7.2394,16.6456,0.6521,7.2838,729.3573,No,20.1,20,839
2006-05-04,406208.5,306.2085,7.223,16.6456,0.6479,7.2816,726.5453,No,20.1,20,840
2006-05-05,403387.76,303.3878,7.1869,16.6456,0.6492,7.2814,718.1051,No,20.1,20,841
2006-05-08,403979.75,303.9797,7.1977,16.6456,0.6439,7.2808,718.7138,No,20.09,20,842
2006-05-09,401194.26,301.1943,7.1618,16.6456,0.6439,7.2783,718.4053,No,20.08,20,843
2006-05-10,400594.01,300.594,7.1549,16.6456,0.6432,7.2784,719.4659,No,20.08,20,844
2006-05-11,400520.19,300.5202,7.1549,16.6456,0.6502,7.2741,729.9453,No,20.08,20,845
2006-05-12,403777.92,303.7779,7.1991,16.6456,0.6557,7.2734,739.3537,No,20.08,20,846
2006-05-15,406431.91,306.4319,7.2372,16.6456,0.6518,7.2773,737.1483,No,20.07,20,847
2006-05-16,404793.31,304.7933,7.2166,16.6456,0.6564,7.2758,738.7054,No,20.07,20,848
2006-05-17,407422.33,307.4223,7.2523,16.6456,0.6584,7.276,752.8385,No,20.06,20,849
2006-05-18,408128.5,308.1285,7.2625,16.6456,0.6628,7.2768,758.5439,No,20.06,20,850
2006-05-19,410538.4,310.5384,7.2951,16.6456,0.6623,7.2809,755.0079,No,20.06,20,851
2006-05-22,410696.38,310.6964,7.3002,16.6456,0.6592,7.2809,758.3653,No,20.05,20,852
2006-05-23,409011.64,309.0116,7.2792,16.6456,0.6694,7.2734,762.1047,No,20.05,20,853
2006-05-24,413936.17,313.9362,7.3444,16.6456,0.6642,7.2776,760.711,No,20.04,20,854
2006-05-25,411378.98,311.379,7.3122,16.6456,0.6631,7.2767,750.9302,No,20.04,20,855
2006-05-26,410440.51,310.4405,7.301,16.6456,0.6652,7.2768,745.9795,No,20.04,20,856
2006-05-30,411809.78,311.8098,7.323,16.6456,0.6683,7.2763,759.541,No,20.03,20,857
2006-05-31,413169.83,313.1698,7.3417,16.6456,0.6691,7.2784,752.2968,No,20.02,20,858
2006-06-01,413609.06,313.6091,7.3484,16.6456,0.6641,7.28,741.9185,No,20.02,20,859
2006-06-02,410805.37,310.8054,7.313,16.6456,0.6656,7.2799,740.2768,No,20.02,20,860
2006-06-05,411747.93,311.7479,7.3284,16.6456,0.6693,7.2785,755.4688,No,20.01,20,861
2006-06-06,413458.95,313.459,7.3517,16.6456,0.6706,7.281,756.401,No,20.01,20,862
2006-06-07,414396.73,314.3967,7.3649,16.6456,0.6753,7.2804,761.4792,No,20.01,20,863
2006-06-08,416959.09,316.9591,7.399,16.6456,0.6752,7.2837,760.213,No,20.0,20,864
2006-06-09,417049.75,317.0498,7.4013,16.6456,0.6778,7.2842,764.0772,No,20.0,20,865
2006-06-12,418628.52,318.6285,7.4247,16.6456,0.6937,7.2699,775.1656,No,19.99,20,866
2006-06-13,427677.36,327.6774,7.5408,16.6456,0.6946,7.276,784.0208,No,19.99,20,867
2006-06-14,428169.84,328.1698,7.548,16.6456,0.6908,7.2756,779.428,No,19.99,20,868
2006-06-15,425588.1,325.5881,7.5166,16.6456,0.6883,7.2756,761.1241,No,19.98,20,869
2006-06-16,424071.89,324.0719,7.4984,16.6456,0.6933,7.2731,764.2989,No,19.98,20,870
2006-06-19,426967.56,326.9676,7.5383,16.6456,0.6914,7.2745,772.2471,No,19.97,20,871
2006-06-20,425618.73,325.6187,7.5223,16.6456,0.6868,7.2726,772.2424,No,19.97,20,872
2006-06-21,422567.12,322.5671,7.4846,16.6456,0.6905,7.2713,763.8013,No,19.97,20,873
2006-06-22,424693.06,324.6931,7.5127,16.6456,0.6904,7.2724,768.1817,No,19.96,20,874
2006-06-23,424532.7,324.5327,7.5117,16.6456,0.69,7.2728,768.9406,No,19.96,20,875
2006-06-26,424185.58,324.1856,7.5105,16.6456,0.6918,7.2733,764.7336,No,19.95,20,876
2006-06-27,425255.99,325.256,7.5252,16.6456,0.6929,7.2743,772.6529,No,19.95,20,877
2006-06-28,425778.86,325.7789,7.5329,16.6456,0.6865,7.2722,767.7253,No,19.95,20,878
2006-06-29,421540.83,321.5408,7.48,16.6456,0.6778,7.2665,749.3668,No,19.95,20,879
2006-06-30,416117.66,316.1177,7.4113,16.6456,0.6772,7.2646,751.1452,No,19.94,20,880
2006-07-03,415341.51,315.3415,7.4044,16.6456,0.6759,7.2654,744.4127,No,19.93,20,881
2006-07-05,414772.94,314.7729,7.3992,16.6456,0.6732,7.2639,750.4785,No,19.93,20,882
2006-07-06,412756.63,312.7566,7.374,16.6456,0.6738,7.2641,748.1402,No,19.93,20,883
2006-07-07,413013.32,313.0133,7.3784,16.6456,0.6759,7.2646,753.9108,No,19.92,20,884
2006-07-10,414095.42,314.0954,7.3956,16.6456,0.6701,7.2637,752.6447,No,19.92,20,885
2006-07-11,410664.28,310.6643,7.3518,16.6456,0.6702,7.2631,749.1177,No,19.91,20,886
2006-07-12,410626.42,310.6264,7.3524,16.6456,0.6713,7.263,758.4099,No,19.91,20,887
2006-07-13,411161.83,311.1618,7.3604,16.6456,0.6689,7.2629,769.6685,No,19.91,20,888
2006-07-14,409712.42,309.7124,7.3424,16.6456,0.6738,7.2612,773.9514,No,19.9,20,889
2006-07-17,411969.58,311.9696,7.3752,16.6456,0.681,7.2592,775.161,No,19.9,20,890
2006-07-18,416003.35,316.0033,7.4289,16.6456,0.6725,7.2563,773.4658,No,19.89,20,891
2006-07-19,410897.38,310.8974,7.3633,16.6456,0.6764,7.2554,757.4644,No,19.89,20,892
2006-07-20,413036.55,313.0365,7.3924,16.6456,0.6815,7.2549,764.7971,No,19.89,20,893
2006-07-21,415923.79,315.9238,7.431,16.6456,0.6807,7.2562,770.949,No,19.88,20,894
2006-07-24,415243.7,315.2437,7.4254,16.6456,0.6785,7.2574,756.6811,No,19.88,20,895
2006-07-25,414049.16,314.0492,7.4109,16.6456,0.677,7.2576,751.2988,No,19.87,20,896
2006-07-26,413059.83,313.0598,7.399,16.6456,0.6751,7.2579,751.6151,No,19.87,20,897
2006-07-27,411959.81,311.9598,7.3856,16.6456,0.6718,7.257,754.9858,No,19.87,20,898
2006-07-28,409648.1,309.6481,7.3563,16.6456,0.672,7.2577,744.6849,No,19.87,20,899
2006-07-31,409758.85,309.7588,7.3609,16.6456,0.6697,7.2581,745.9232,No,19.86,20,900
2006-08-01,408441.95,308.442,7.3445,16.6456,0.667,7.2574,749.7472,No,19.85,20,901
2006-08-02,406596.85,306.5969,7.3211,16.6456,0.6687,7.2578,744.5466,No,19.85,20,902
2006-08-03,407364.44,307.3644,7.3324,16.6456,0.6679,7.2589,743.153,No,19.85,20,903
2006-08-04,406941.0,306.941,7.3278,16.6456,0.6674,7.2597,743.7392,No,19.85,20,904
2006-08-07,406617.51,306.6175,7.3266,16.6456,0.6692,7.26,746.0836,No,19.84,20,905
2006-08-08,407507.39,307.5074,7.3395,16.6456,0.6693,7.2607,748.8731,No,19.84,20,906
2006-08-09,407584.09,307.5841,7.3416,16.6456,0.6733,7.2601,752.3452,No,19.83,20,907
2006-08-10,409526.68,309.5267,7.3684,16.6456,0.6749,7.2614,748.2667,No,19.83,20,908
2006-08-11,410607.34,310.6073,7.3837,16.6456,0.6765,7.262,751.5404,No,19.83,20,909
2006-08-14,411420.05,311.42,7.3976,16.6456,0.6744,7.2627,750.5004,No,19.82,20,910
2006-08-15,409979.72,309.9797,7.3796,16.6456,0.67,7.2628,738.9314,No,19.82,20,911
2006-08-16,407450.33,307.4503,7.3472,16.6456,0.6737,7.2623,732.3521,No,19.81,20,912
2006-08-17,409416.37,309.4164,7.3743,16.6456,0.6734,7.2638,730.9984,No,19.81,20,913
2006-08-18,409251.08,309.2511,7.3732,16.6456,0.6697,7.2639,727.9177,No,19.81,20,914
2006-08-21,407090.53,307.0905,7.3476,16.6456,0.6702,7.2638,730.9691,No,19.8,20,915
2006-08-22,407112.57,307.1126,7.349,16.6456,0.6712,7.2645,730.1374,No,19.8,20,916
2006-08-23,407676.11,307.6761,7.3575,16.6456,0.6718,7.2653,733.8071,No,19.79,20,917
2006-08-24,407891.04,307.891,7.3615,16.6456,0.671,7.2662,731.8151,No,19.79,20,918
2006-08-25,407402.42,307.4024,7.356,16.6456,0.672,7.2668,732.3521,No,19.79,20,919
2006-08-28,407822.47,307.8225,7.3648,16.6456,0.6727,7.2679,728.0714,No,19.78,20,920
2006-08-29,408205.04,308.205,7.3709,16.6456,0.6703,7.2685,726.3508,No,19.78,20,921
2006-08-30,406743.6,306.7436,7.3525,16.6456,0.6678,7.2684,725.991,No,19.78,20,922
2006-08-31,405225.42,305.2254,7.3332,16.6456,0.6675,7.2687,726.2639,No,19.77,20,923
2006-09-01,404829.27,304.8293,7.329,16.6456,0.6675,7.2696,721.7181,No,19.77,20,924
2006-09-04,404821.44,304.8214,7.332,16.6456,0.6645,7.2697,721.7181,No,19.76,20,925
2006-09-05,403088.78,303.0888,7.3098,16.6456,0.6683,7.2688,720.2764,No,19.76,20,926
2006-09-06,405027.24,305.0272,7.3369,16.6456,0.6736,7.2677,728.3374,No,19.76,20,927
2006-09-07,407931.04,307.931,7.3768,16.6456,0.675,7.269,732.3017,No,19.75,20,928
2006-09-08,408644.2,308.6442,7.3873,16.6456,0.6809,7.2677,729.1615,No,19.75,20,929
2006-09-11,412023.87,312.0239,7.4353,16.6456,0.6792,7.2691,728.7243,No,19.74,20,930
2006-09-12,410943.63,310.9436,7.4221,16.6456,0.6779,7.27,720.146,No,19.74,20,931
2006-09-13,410067.92,310.0679,7.4116,16.6456,0.6816,7.2697,716.8296,No,19.74,20,932
2006-09-14,412195.06,312.1951,7.4408,16.6456,0.6823,7.2708,717.8942,No,19.73,20,933
2006-09-15,412514.31,312.5143,7.4461,16.6456,0.6796,7.2712,715.675,No,19.73,20,934
2006-09-18,410778.95,310.779,7.4264,16.6456,0.6809,7.2713,714.8535,No,19.72,20,935
2006-09-19,411583.12,311.5831,7.4381,16.6456,0.6791,7.2722,716.6195,No,19.72,20,936
2006-09-20,410287.71,310.2877,7.422,16.6456,0.6778,7.2728,712.3667,No,19.72,20,937
2006-09-21,409517.57,309.5176,7.4128,16.6456,0.6754,7.273,716.5912,No,19.72,20,938
2006-09-22,407994.37,307.9944,7.3936,16.6456,0.6727,7.2729,718.6123,No,19.71,20,939
2006-09-25,406280.08,306.2801,7.3738,16.6456,0.6718,7.2737,711.456,No,19.7,20,940
2006-09-26,405670.09,305.6701,7.3667,16.6456,0.6705,7.2743,705.3856,No,19.7,20,941
2006-09-27,404846.61,304.8466,7.3567,16.6456,0.6684,7.2745,705.083,No,19.7,20,942
2006-09-28,403492.68,303.4927,7.3395,16.6456,0.671,7.2744,703.5309,No,19.7,20,943
2006-09-29,404949.94,304.9499,7.3602,16.6456,0.6715,7.2753,705.5075,No,19.69,20,944
2006-10-02,405179.1,305.1791,7.3665,16.6456,0.6781,7.2732,708.2293,No,19.68,20,945
2006-10-03,408904.57,308.9046,7.4175,16.6456,0.6793,7.2746,706.5348,No,19.68,20,946
2006-10-04,409623.65,309.6236,7.4281,16.6456,0.6778,7.2757,696.7347,No,19.68,20,947
2006-10-05,408327.83,308.3278,7.4119,16.6456,0.6796,7.2758,694.7473,No,19.68,20,948
2006-10-06,409377.29,309.3773,7.427,16.6456,0.6773,7.2761,696.8886,No,19.67,20,949
2006-10-09,407900.95,307.9009,7.4105,16.6456,0.6804,7.2759,696.2504,No,19.67,20,950
2006-10-10,409682.84,309.6828,7.4353,16.6456,0.6814,7.2767,694.6019,No,19.66,20,951
2006-10-11,410152.66,310.1527,7.4427,16.6456,0.6786,7.2769,696.5617,No,19.66,20,952
2006-10-12,408363.61,308.3636,7.4199,16.6456,0.6754,7.2769,689.0252,No,19.66,20,953
2006-10-13,406390.31,306.3903,7.3945,16.6456,0.6726,7.2767,687.414,No,19.65,20,954
2006-10-16,404637.5,304.6375,7.3741,16.6456,0.6747,7.277,685.4279,No,19.65,20,955
2006-10-17,405800.13,305.8001,7.3908,16.6456,0.6744,7.2778,688.3128,No,19.64,20,956
2006-10-18,405574.83,305.5748,7.3888,16.6456,0.6718,7.2781,687.1361,No,19.64,20,957
2006-10-19,403911.47,303.9115,7.3674,16.6456,0.6736,7.2783,686.5321,No,19.64,20,958
2006-10-20,404922.55,304.9226,7.3822,16.6456,0.6774,7.2782,685.5811,No,19.64,20,959
2006-10-23,407073.56,307.0736,7.4144,16.6456,0.6762,7.2791,680.7647,No,19.63,20,960
2006-10-24,406186.78,306.1868,7.4035,16.6456,0.6734,7.2792,680.5653,No,19.62,20,961
2006-10-25,404454.13,304.4541,7.3812,16.6456,0.6689,7.2784,677.8136,No,19.62,20,962
2006-10-26,401686.46,301.6865,7.3447,16.6456,0.6692,7.279,673.9654,No,19.62,20,963
2006-10-27,401819.56,301.8196,7.3475,16.6456,0.6669,7.2793,680.4583,No,19.62,20,964
2006-10-30,400381.1,300.3811,7.3311,16.6456,0.6658,7.2799,680.0968,No,19.61,20,965
2006-10-31,399712.1,299.7121,7.323,16.6456,0.6627,7.2799,680.0894,No,19.61,20,966
2006-11-01,397836.25,297.8362,7.2983,16.6456,0.6611,7.2803,685.7644,No,19.6,20,967
2006-11-02,396836.75,296.8368,7.2856,16.6456,0.6633,7.2806,685.8243,No,19.6,20,968
2006-11-03,397989.56,297.9896,7.3025,16.6456,0.6613,7.2809,687.523,No,19.6,20,969
2006-11-06,396713.39,296.7134,7.2881,16.6456,0.6602,7.2817,678.6613,No,19.59,20,970
2006-11-07,396040.21,296.0402,7.2799,16.6456,0.6619,7.2822,676.9202,No,19.59,20,971
2006-11-08,396928.6,296.9286,7.2932,16.6456,0.6578,7.2819,675.1177,No,19.58,20,972
2006-11-09,394571.17,294.5712,7.2616,16.6456,0.6588,7.2824,679.1061,No,19.58,20,973
2006-11-10,394966.17,294.9662,7.2682,16.6456,0.6597,7.2831,677.6597,No,19.58,20,974
2006-11-13,395358.48,295.3585,7.2768,16.6456,0.6581,7.2837,675.5002,No,19.57,20,975
2006-11-14,394386.48,294.3865,7.2643,16.6456,0.6588,7.2845,670.511,No,19.57,20,976
2006-11-15,394690.45,294.6905,7.2696,16.6456,0.6598,7.2851,668.4839,No,19.56,20,977
2006-11-16,395203.63,295.2036,7.2778,16.6456,0.6585,7.2858,666.7096,No,19.56,20,978
2006-11-17,394391.96,294.392,7.2676,16.6456,0.6585,7.2865,665.9161,No,19.56,20,979
2006-11-20,394327.91,294.3279,7.2698,16.6456,0.656,7.2868,666.286,No,19.55,20,980
2006-11-21,392810.62,292.8106,7.2497,16.6456,0.6553,7.2874,664.986,No,19.55,20,981
2006-11-22,392323.4,292.3234,7.244,16.6456,0.6557,7.2882,663.136,No,19.55,20,982
2006-11-24,392497.29,292.4973,7.2485,16.6456,0.6576,7.2886,665.8593,No,19.54,20,983
2006-11-27,393506.67,293.5067,7.2658,16.6456,0.6545,7.2886,676.4122,No,19.53,20,984
2006-11-28,391621.81,291.6218,7.2405,16.6456,0.6538,7.2893,673.5555,No,19.53,20,985
2006-11-29,391136.56,291.1366,7.2347,16.6456,0.6495,7.2888,666.1686,No,19.53,20,986
2006-11-30,388706.6,288.7066,7.2015,16.6456,0.6504,7.2894,665.5289,No,19.52,20,987
2006-12-01,389058.36,289.0584,7.2075,16.6456,0.6485,7.2899,667.6796,No,19.52,20,988
2006-12-04,387929.6,287.9296,7.1947,16.6456,0.6495,7.2906,660.9018,No,19.51,20,989
2006-12-05,388406.83,288.4068,7.2025,16.6456,0.6535,7.2902,657.8446,No,19.51,20,990
2006-12-06,390484.93,290.4849,7.2329,16.6456,0.654,7.291,658.6458,No,19.51,20,991
2006-12-07,390725.06,290.7251,7.2373,16.6456,0.6568,7.2912,661.6498,No,19.5,20,992
2006-12-08,392143.06,292.1431,7.2583,16.6456,0.6547,7.2916,660.2569,No,19.5,20,993
2006-12-11,390884.61,290.8846,7.2438,16.6456,0.6555,7.2923,658.5238,No,19.49,20,994
2006-12-12,391241.97,291.242,7.2499,16.6456,0.6567,7.293,659.2985,No,19.49,20,995
2006-12-13,391828.83,291.8288,7.2592,16.6456,0.6563,7.2937,658.2729,No,19.49,20,996
2006-12-14,391527.87,291.5279,7.256,16.6456,0.6594,7.2937,651.6868,No,19.48,20,997
2006-12-15,393206.58,293.2066,7.2806,16.6456,0.6604,7.2944,650.8387,No,19.48,20,998
2006-12-18,393644.75,293.6447,7.2899,16.6456,0.6582,7.2948,653.2719,No,19.47,20,999
2006-12-19,392328.24,292.3282,7.2725,16.6456,0.6589,7.2955,651.6149,No,19.47,20,1000
2006-12-20,392625.89,292.6259,7.2778,16.6456,0.6594,7.2963,652.657,No,19.47,20,1001
2006-12-21,392851.74,292.8517,7.282,16.6456,0.6616,7.2967,655.2574,No,19.47,20,1002
2006-12-22,393960.06,293.9601,7.2986,16.6456,0.6591,7.297,659.1868,No,19.46,20,1003
2006-12-26,392496.95,292.4969,7.2823,16.6456,0.6583,7.2977,655.8905,No,19.45,20,1004
2006-12-27,391959.62,291.9596,7.2758,16.6456,0.6571,7.2983,650.47,No,19.45,20,1005
2006-12-28,391247.06,291.2471,7.2669,16.6456,0.6579,7.299,651.5465,No,19.45,20,1006
2006-12-29,391589.73,291.5897,7.2728,16.6456,0.658,7.2998,654.9396,No,19.44,20,1007
2007-01-02,391581.94,291.5819,7.2769,16.6456,0.6593,7.3004,654.9396,No,19.43,20,1008
2007-01-03,392364.74,292.3647,7.289,16.6456,0.6592,7.3026,655.7036,No,19.43,20,1009
2007-01-04,392535.05,292.535,7.2924,16.6456,0.6677,7.2987,654.7773,No,19.43,19,1010
2007-01-05,397255.13,297.2551,7.3595,16.6456,0.6673,7.302,659.3998,No,19.42,19,1011
2007-01-08,396320.32,296.3203,7.3497,16.6456,0.6658,7.3023,657.4794,No,19.42,19,1012
2007-01-09,395236.13,295.2361,7.3357,16.6456,0.6664,7.3022,657.869,No,19.41,19,1013
2007-01-10,395771.92,295.7719,7.3442,16.6456,0.6664,7.3028,656.3131,No,19.41,19,1014
2007-01-11,395601.37,295.6014,7.3429,16.6456,0.6628,7.302,651.5396,No,19.41,19,1015
2007-01-12,393056.17,293.0562,7.3083,16.6456,0.6621,7.3006,647.9092,No,19.41,19,1016
2007-01-16,392940.45,292.9404,7.311,16.6456,0.6609,7.3014,647.2995,No,19.39,19,1017
2007-01-17,391882.16,291.8822,7.2971,16.6456,0.662,7.3009,647.9023,No,19.39,19,1018
2007-01-18,392783.66,292.7837,7.3109,16.6456,0.66,7.3022,650.1118,No,19.39,19,1019
2007-01-19,391206.67,291.2067,7.2897,16.6456,0.6609,7.3015,647.9362,No,19.39,19,1020
2007-01-22,391847.18,291.8472,7.3019,16.6456,0.6583,7.3024,651.8889,No,19.38,19,1021
2007-01-23,389988.59,289.9886,7.2767,16.6456,0.6559,7.301,649.2367,No,19.38,19,1022
2007-01-24,388810.51,288.8105,7.261,16.6456,0.6593,7.3003,642.8996,No,19.37,19,1023
2007-01-25,390477.95,290.4779,7.2858,16.6456,0.6606,7.3009,651.3617,No,19.37,19,1024
2007-01-26,391248.33,291.2483,7.2978,16.6456,0.6618,7.302,652.2693,No,19.37,19,1025
2007-01-29,391797.29,291.7973,7.3087,16.6456,0.6604,7.3027,653.0175,No,19.36,19,1026
2007-01-30,390963.88,290.9639,7.298,16.6456,0.6559,7.3017,648.6827,No,19.36,19,1027
2007-01-31,388158.0,288.158,7.2591,16.6456,0.6536,7.3014,643.693,No,19.35,19,1028
2007-02-01,386835.16,286.8352,7.2413,16.6456,0.6562,7.3008,639.554,No,19.35,19,1029
2007-02-02,388526.71,288.5267,7.2665,16.6456,0.6554,7.3027,638.3035,No,19.35,19,1030
2007-02-05,387627.49,287.6275,7.2569,16.6456,0.6535,7.3028,638.9481,No,19.34,19,1031
2007-02-06,386552.89,286.5529,7.2426,16.6456,0.653,7.3035,638.4256,No,19.34,19,1032
2007-02-07,386330.41,286.3304,7.2404,16.6456,0.6517,7.3044,637.0966,No,19.33,19,1033
2007-02-08,385356.07,285.3561,7.2275,16.6456,0.6513,7.3046,637.9502,No,19.33,19,1034
2007-02-09,384903.77,284.9038,7.222,16.6456,0.6533,7.3038,643.1806,No,19.33,19,1035
2007-02-12,386231.02,286.231,7.2443,16.6456,0.6522,7.305,645.5778,No,19.32,19,1036
2007-02-13,385530.87,285.5309,7.2353,16.6456,0.6485,7.3042,639.8225,No,19.32,19,1037
2007-02-14,383328.8,283.3288,7.2046,16.6456,0.6479,7.3047,634.0314,No,19.32,19,1038
2007-02-15,382955.32,282.9553,7.2002,16.6456,0.6472,7.3056,633.1933,No,19.31,19,1039
2007-02-16,382434.69,282.4347,7.1937,16.6456,0.6495,7.306,633.8126,No,19.31,19,1040
2007-02-20,383953.98,283.954,7.22,16.6456,0.6446,7.3059,631.7272,No,19.3,19,1041
2007-02-21,380364.18,280.3642,7.1688,16.6456,0.6452,7.3041,632.7181,No,19.3,19,1042
2007-02-22,381061.6,281.0616,7.1801,16.6456,0.6438,7.3045,633.1737,No,19.29,19,1043
2007-02-23,380078.33,280.0783,7.1668,16.6456,0.6419,7.3052,635.7132,No,19.29,19,1044
2007-02-26,378998.01,278.998,7.1541,16.6456,0.6466,7.3043,636.5439,No,19.28,19,1045
2007-02-27,381360.44,281.3604,7.1897,16.6456,0.65,7.3062,662.9737,No,19.28,19,1046
2007-02-28,383618.49,283.6185,7.2236,16.6456,0.6532,7.3075,658.5308,No,19.28,19,1047
2007-03-01,385101.05,285.1011,7.2461,16.6456,0.6606,7.3056,660.4917,No,19.27,19,1048
2007-03-02,389324.28,289.3243,7.3079,16.6456,0.6643,7.3085,669.2613,No,19.27,19,1049
2007-03-05,390903.75,290.9037,7.3337,16.6456,0.6604,7.309,676.5327,No,19.26,19,1050
2007-03-06,388471.57,288.4716,7.3,16.6456,0.6582,7.3081,664.6528,No,19.26,19,1051
2007-03-07,387086.93,287.0869,7.2812,16.6456,0.6562,7.3082,666.3252,No,19.26,19,1052
2007-03-08,386020.42,286.0204,7.2669,16.6456,0.659,7.3079,660.8528,No,19.25,19,1053
2007-03-09,387544.33,287.5443,7.2899,16.6456,0.6586,7.3085,660.3339,No,19.25,19,1054
2007-03-12,387208.25,287.2082,7.2883,16.6456,0.6616,7.3088,658.2798,No,19.24,19,1055
2007-03-13,388627.86,288.6279,7.3098,16.6456,0.663,7.3104,673.8311,No,19.24,19,1056
2007-03-14,389636.86,289.6369,7.3253,16.6456,0.6615,7.3112,668.6343,No,19.24,19,1057
2007-03-15,388434.68,288.4347,7.3092,16.6456,0.6603,7.3113,665.7811,No,19.24,19,1058
2007-03-16,387574.68,287.5747,7.2979,16.6456,0.6584,7.3113,668.7238,No,19.23,19,1059
2007-03-19,386694.77,286.6948,7.2884,16.6456,0.6562,7.3112,660.4355,No,19.22,19,1060
2007-03-20,385230.92,285.2309,7.2683,16.6456,0.6528,7.3106,655.6412,No,19.22,19,1061
2007-03-21,383482.59,283.4826,7.244,16.6456,0.6535,7.3107,642.9331,No,19.22,19,1062
2007-03-22,383505.89,283.5059,7.2454,16.6456,0.6556,7.3104,643.1941,No,19.22,19,1063
2007-03-23,384818.55,284.8185,7.2656,16.6456,0.6538,7.3113,642.3783,No,19.21,19,1064
2007-03-26,383459.77,283.4598,7.249,16.6456,0.6555,7.3112,641.6644,No,19.21,19,1065
2007-03-27,384382.15,284.3821,7.2635,16.6456,0.6561,7.3122,646.2723,No,19.2,19,1066
2007-03-28,384516.24,284.5162,7.2665,16.6456,0.6569,7.3126,652.1014,No,19.2,19,1067
2007-03-29,385149.52,285.1495,7.2768,16.6456,0.6574,7.3137,649.2673,No,19.2,19,1068
2007-03-30,385174.83,285.1748,7.2783,16.6456,0.656,7.3141,650.1391,No,19.19,19,1069
2007-04-02,384320.35,284.3203,7.2691,16.6456,0.655,7.3146,648.1905,No,19.19,19,1070
2007-04-03,383885.77,283.8858,7.2638,16.6456,0.6529,7.3148,641.1648,No,19.18,19,1071
2007-04-04,382325.96,282.326,7.2421,16.6456,0.6522,7.3148,640.3336,No,19.18,19,1072
2007-04-05,382039.43,282.0394,7.239,16.6456,0.654,7.3149,637.8677,No,19.18,19,1073
2007-04-09,382998.88,282.9989,7.2573,16.6456,0.6521,7.3153,637.4325,No,19.17,19,1074
2007-04-10,381717.88,281.7179,7.2397,16.6456,0.6533,7.3155,635.4936,No,19.16,19,1075
2007-04-11,382296.2,282.2962,7.2492,16.6456,0.6526,7.3164,640.2739,No,19.16,19,1076
2007-04-12,382001.71,282.0017,7.246,16.6456,0.6501,7.3167,635.7001,No,19.16,19,1077
2007-04-13,380326.58,280.3266,7.2224,16.6456,0.646,7.3152,633.1444,No,19.16,19,1078
2007-04-16,378119.79,278.1198,7.1931,16.6456,0.6453,7.3155,625.3372,No,19.15,19,1079
2007-04-17,377700.63,277.7006,7.1879,16.6456,0.6442,7.3164,623.8548,No,19.15,19,1080
2007-04-18,377016.35,277.0163,7.1788,16.6456,0.6461,7.317,623.3471,No,19.14,19,1081
2007-04-19,378033.32,278.0333,7.195,16.6456,0.6432,7.3175,624.2042,No,19.14,19,1082
2007-04-20,376268.13,276.2681,7.1698,16.6456,0.6434,7.3173,617.5385,No,19.14,19,1083
2007-04-23,376329.6,276.3296,7.1739,16.6456,0.6446,7.3183,619.1801,No,19.13,19,1084
2007-04-24,377011.1,277.0111,7.1851,16.6456,0.6437,7.3196,619.434,No,19.13,19,1085
2007-04-25,376486.38,276.4864,7.1784,16.6456,0.648,7.3189,612.145,No,19.12,19,1086
2007-04-26,378720.13,278.7201,7.2126,16.6456,0.6475,7.3201,612.634,No,19.12,19,1087
2007-04-27,378122.7,278.1227,7.2048,16.6456,0.6466,7.3205,612.6986,No,19.12,19,1088
2007-04-30,377498.15,277.4981,7.1988,16.6456,0.6474,7.3217,618.3193,No,19.11,19,1089
2007-05-01,378189.75,278.1897,7.2101,16.6456,0.6473,7.3229,616.4173,No,19.11,19,1090
2007-05-02,378026.06,278.0261,7.2088,16.6456,0.6448,7.3231,611.7335,No,19.1,19,1091
2007-05-03,376297.1,276.2971,7.1841,16.6456,0.6422,7.3224,608.4644,No,19.1,19,1092
2007-05-04,374859.64,274.8596,7.1637,16.6456,0.641,7.3228,606.9258,No,19.1,19,1093
2007-05-07,374252.55,274.2525,7.1578,16.6456,0.6425,7.3233,605.0926,No,19.09,19,1094
2007-05-08,375009.47,275.0095,7.1702,16.6456,0.644,7.3241,605.8586,No,19.09,19,1095
2007-05-09,375855.92,275.8559,7.1839,16.6456,0.6507,7.3223,603.4037,No,19.08,19,1096
2007-05-10,379302.28,279.3023,7.2363,16.6456,0.6486,7.3244,613.2407,No,19.08,19,1097
2007-05-11,377889.85,277.8898,7.2164,16.6456,0.6501,7.3242,606.36,No,19.08,19,1098
2007-05-14,378627.62,278.6276,7.2306,16.6456,0.6494,7.3251,607.5866,No,19.07,19,1099
2007-05-15,378007.54,278.0075,7.2224,16.6456,0.6513,7.3252,608.4431,No,19.07,19,1100
2007-05-16,379473.91,279.4739,7.2453,16.6456,0.6542,7.3264,602.1767,No,19.07,19,1101
2007-05-17,380619.51,280.6195,7.2633,16.6456,0.6532,7.3273,602.7628,No,19.06,19,1102
2007-05-18,379877.09,279.8771,7.2534,16.6456,0.652,7.3272,598.146,No,19.06,19,1103
2007-05-21,379130.16,279.1302,7.2456,16.6456,0.6541,7.3275,597.0668,No,19.05,19,1104
2007-05-22,380325.96,280.326,7.2644,16.6456,0.6544,7.3284,597.5174,No,19.05,19,1105
2007-05-23,380217.79,280.2178,7.2638,16.6456,0.6585,7.3277,598.3468,No,19.05,19,1106
2007-05-24,382462.58,282.4626,7.2981,16.6456,0.6576,7.3294,605.1047,No,19.04,19,1107
2007-05-25,381858.57,281.8586,7.2903,16.6456,0.657,7.3298,601.2757,No,19.04,19,1108
2007-05-29,381375.33,281.3753,7.2875,16.6456,0.6563,7.3303,600.0947,No,19.03,19,1109
2007-05-30,381173.31,281.1733,7.2856,16.6456,0.6549,7.3311,594.2926,No,19.03,19,1110
2007-05-31,379955.78,279.9558,7.2686,16.6456,0.6523,7.3307,594.0999,No,19.02,19,1111
2007-06-01,378437.33,278.4373,7.2471,16.6456,0.6511,7.3304,591.5174,No,19.02,19,1112
2007-06-04,377915.64,277.9156,7.2426,16.6456,0.6537,7.3308,590.216,No,19.01,19,1113
2007-06-05,379143.78,279.1438,7.262,16.6456,0.6555,7.3314,593.8986,No,19.01,19,1114
2007-06-06,379949.17,279.9492,7.275,16.6456,0.6648,7.3267,599.9284,No,19.01,19,1115
2007-06-07,384767.42,284.7674,7.3473,16.6456,0.6672,7.3276,612.4125,No,19.01,19,1116
2007-06-08,386452.21,286.4522,7.3731,16.6456,0.6662,7.329,604.4004,No,19.0,19,1117
2007-06-11,385093.15,285.0931,7.3565,16.6456,0.6724,7.3262,603.7126,No,18.99,19,1118
2007-06-12,388480.28,288.4803,7.4071,16.6456,0.6679,7.3257,611.3102,No,18.99,19,1119
2007-06-13,386048.62,286.0486,7.3727,16.6456,0.667,7.3264,600.5017,No,18.99,19,1120
2007-06-14,385289.36,285.2894,7.3626,16.6456,0.664,7.3261,597.0991,No,18.99,19,1121
2007-06-15,383552.52,283.5525,7.3382,16.6456,0.6643,7.3267,592.5795,No,18.98,19,1122
2007-06-18,383622.23,283.6222,7.3425,16.6456,0.6611,7.3267,593.4175,No,18.98,19,1123
2007-06-19,381699.83,281.6998,7.3152,16.6456,0.6663,7.3253,592.2047,No,18.97,19,1124
2007-06-20,384424.93,284.4249,7.3565,16.6456,0.6676,7.3263,601.7378,No,18.97,19,1125
2007-06-21,385331.22,285.3312,7.371,16.6456,0.6685,7.3272,597.2759,No,18.97,19,1126
2007-06-22,385248.73,285.2487,7.3708,16.6456,0.6684,7.3283,606.3812,No,18.96,19,1127
2007-06-25,385353.15,285.3532,7.3757,16.6456,0.6716,7.3287,608.656,No,18.96,19,1128
2007-06-26,387236.77,287.2368,7.4044,16.6456,0.6704,7.3302,610.9302,No,18.95,19,1129
2007-06-27,386437.47,286.4375,7.3938,16.6456,0.6693,7.3307,604.4425,No,18.95,19,1130
2007-06-28,385444.54,285.4445,7.3804,16.6456,0.6674,7.3308,604.7253,No,18.95,19,1131
2007-06-29,384448.41,284.4484,7.3668,16.6456,0.6623,7.3302,605.8253,No,18.95,19,1132
2007-07-02,381564.76,281.5648,7.3274,16.6456,0.6637,7.3301,598.3498,No,18.94,19,1133
2007-07-03,382471.78,282.4718,7.342,16.6456,0.6674,7.33,595.718,No,18.93,19,1134
2007-07-05,384343.21,284.3432,7.3719,16.6456,0.6668,7.3307,595.4687,No,18.93,19,1135
2007-07-06,383686.22,283.6862,7.3633,16.6456,0.6639,7.3304,592.9807,No,18.93,19,1136
2007-07-09,381893.63,281.8936,7.34,16.6456,0.6626,7.3306,592.3383,No,18.92,19,1137
2007-07-10,381072.14,281.0721,7.3289,16.6456,0.6636,7.332,602.3022,No,18.92,19,1138
2007-07-11,381976.33,281.9763,7.3434,16.6456,0.6597,7.3311,598.2198,No,18.91,19,1139
2007-07-12,379671.75,279.6718,7.3102,16.6456,0.6593,7.3308,585.1557,No,18.91,19,1140
2007-07-13,379293.58,279.2936,7.3056,16.6456,0.6583,7.3316,583.0318,No,18.91,19,1141
2007-07-16,378636.24,278.6362,7.2991,16.6456,0.6588,7.3328,584.3432,No,18.9,19,1142
2007-07-17,378895.68,278.8957,7.3041,16.6456,0.6565,7.3332,584.4113,No,18.9,19,1143
2007-07-18,377359.41,277.3594,7.2821,16.6456,0.6543,7.3333,585.7535,No,18.89,19,1144
2007-07-19,376256.56,276.2566,7.2666,16.6456,0.6531,7.3336,582.6871,No,18.89,19,1145
2007-07-20,375296.25,275.2963,7.2531,16.6456,0.6528,7.3345,591.1322,No,18.89,19,1146
2007-07-23,375545.3,275.5453,7.2602,16.6456,0.6553,7.335,587.7682,No,18.88,19,1147
2007-07-24,376283.04,276.283,7.2724,16.6456,0.6565,7.3358,601.6632,No,18.88,19,1148
2007-07-25,377466.0,277.466,7.2914,16.6456,0.663,7.335,598.397,No,18.87,19,1149
2007-07-26,380452.1,280.4521,7.3373,16.6456,0.6662,7.3366,615.0825,No,18.87,19,1150
2007-07-27,381966.34,281.9663,7.361,16.6456,0.6637,7.3376,626.5954,No,18.87,19,1151
2007-07-30,380656.34,280.6563,7.3447,16.6456,0.664,7.3378,619.2052,No,18.86,19,1152
2007-07-31,380582.95,280.5829,7.3447,16.6456,0.6638,7.3389,628.4105,No,18.86,19,1153
2007-08-01,380711.88,280.7119,7.3478,16.6456,0.6626,7.3395,623.1285,No,18.85,19,1154
2007-08-02,379902.75,279.9028,7.3368,16.6456,0.6643,7.34,619.82,No,18.85,19,1155
2007-08-03,380278.45,280.2784,7.3435,16.6456,0.6609,7.3406,639.4314,No,18.85,19,1156
2007-08-06,379055.47,279.0555,7.3285,16.6456,0.6608,7.3407,621.9802,No,18.84,19,1157
2007-08-07,378745.68,278.7457,7.3249,16.6456,0.6597,7.3413,617.5323,No,18.84,19,1158
2007-08-08,378053.94,278.0539,7.3156,16.6456,0.6691,7.3358,607.3409,No,18.84,19,1159
2007-08-09,382658.26,282.6583,7.3857,16.6456,0.6672,7.3377,628.8126,No,18.83,19,1160
2007-08-10,381341.74,281.3417,7.3672,16.6456,0.6667,7.3378,628.5359,No,18.83,19,1161
2007-08-13,381185.56,281.1856,7.3682,16.6456,0.67,7.3379,628.7868,No,18.82,19,1162
2007-08-14,382698.31,282.6983,7.3919,16.6456,0.673,7.3384,642.1814,No,18.82,19,1163
2007-08-15,384204.03,284.204,7.4154,16.6456,0.6761,7.3385,652.4374,No,18.82,19,1164
2007-08-16,386471.68,286.4717,7.4501,16.6456,0.6713,7.3384,649.9721,No,18.81,19,1165
2007-08-17,383202.97,283.203,7.4027,16.6456,0.6715,7.3382,631.9869,No,18.81,19,1166
2007-08-20,383199.07,283.1991,7.406,16.6456,0.6706,7.339,632.1849,No,18.8,19,1167
2007-08-21,382637.66,282.6377,7.3988,16.6456,0.6682,7.3395,631.3867,No,18.8,19,1168
2007-08-22,381358.38,281.3584,7.3808,16.6456,0.6681,7.34,622.8782,No,18.8,19,1169
2007-08-23,381149.86,281.1499,7.3788,16.6456,0.6629,7.3389,623.6421,No,18.79,19,1170
2007-08-24,378144.74,278.1447,7.3346,16.6456,0.6637,7.339,615.318,No,18.79,19,1171
2007-08-27,378575.36,278.5754,7.3445,16.6456,0.6685,7.3385,621.4468,No,18.78,19,1172
2007-08-28,380869.82,280.8698,7.3801,16.6456,0.6644,7.3387,638.7529,No,18.78,19,1173
2007-08-29,378893.03,278.893,7.3515,16.6456,0.6647,7.3391,622.7231,No,18.78,19,1174
2007-08-30,378836.27,278.8363,7.3517,16.6456,0.6606,7.3389,625.7168,No,18.78,19,1175
2007-08-31,376462.27,276.4623,7.3169,16.6456,0.6561,7.3379,617.654,No,18.77,19,1176
2007-09-04,373980.56,273.9806,7.2835,16.6456,0.6568,7.338,610.2051,No,18.76,19,1177
2007-09-05,374302.75,274.3027,7.2895,16.6456,0.6528,7.338,618.1381,No,18.76,19,1178
2007-09-06,371967.76,271.9678,7.2549,16.6456,0.6517,7.3379,614.9678,No,18.76,19,1179
2007-09-07,371329.88,271.3299,7.2461,16.6456,0.6496,7.3386,627.2646,No,18.75,19,1180
2007-09-10,370347.36,270.3474,7.2343,16.6456,0.6451,7.3381,628.1663,No,18.75,19,1181
2007-09-11,367919.09,267.9191,7.1977,16.6456,0.6458,7.3382,618.3725,No,18.74,19,1182
2007-09-12,368270.34,268.2703,7.2043,16.6456,0.6467,7.3389,618.1443,No,18.74,19,1183
2007-09-13,368723.93,268.7239,7.2124,16.6456,0.6467,7.3395,612.1051,No,18.74,19,1184
2007-09-14,368551.58,268.5516,7.2108,16.6456,0.6453,7.3402,611.9576,No,18.73,19,1185
2007-09-17,367630.09,267.6301,7.1998,16.6456,0.6413,7.3399,615.6189,No,18.73,19,1186
2007-09-18,365903.44,265.9034,7.1739,16.6456,0.641,7.3403,595.3047,No,18.72,19,1187
2007-09-19,365359.02,265.359,7.1665,16.6456,0.6431,7.3403,591.0773,No,18.72,19,1188
2007-09-20,366213.22,266.2132,7.1809,16.6456,0.6409,7.3399,595.6036,No,18.72,19,1189
2007-09-21,365167.9,265.1679,7.1656,16.6456,0.6413,7.3409,592.408,No,18.72,19,1190
2007-09-24,365231.28,265.2313,7.1699,16.6456,0.6422,7.3416,596.0671,No,18.71,19,1191
2007-09-25,365651.71,265.6517,7.1776,16.6456,0.642,7.3424,596.2903,No,18.7,19,1192
2007-09-26,365561.69,265.5617,7.1773,16.6456,0.6392,7.3428,592.4167,No,18.7,19,1193
2007-09-27,363968.19,263.9682,7.1533,16.6456,0.6369,7.3431,589.6997,No,18.7,19,1194
2007-09-28,362611.63,262.6116,7.133,16.6456,0.6323,7.3421,591.7811,No,18.7,19,1195
2007-10-01,360404.63,260.4046,7.1012,16.6456,0.6364,7.3417,582.7041,No,18.69,19,1196
2007-10-02,362511.84,262.5118,7.1357,16.6456,0.6384,7.3432,582.8763,No,18.68,19,1197
2007-10-03,363199.93,263.1999,7.1477,16.6456,0.6353,7.3433,585.8618,No,18.68,19,1198
2007-10-04,361487.48,261.4875,7.1217,16.6456,0.6346,7.3438,584.4113,No,18.68,19,1199
2007-10-05,361212.44,261.2124,7.1184,16.6456,0.6378,7.3435,577.7362,No,18.68,19,1200
2007-10-08,362708.39,262.7084,7.1454,16.6456,0.6357,7.3444,579.9224,No,18.67,19,1201
2007-10-09,361531.66,261.5317,7.1278,16.6456,0.6353,7.3449,574.4487,No,18.67,19,1202
2007-10-10,361192.65,261.1926,7.1235,16.6456,0.6338,7.3454,575.5557,No,18.66,19,1203
2007-10-11,360228.81,260.2288,7.1092,16.6456,0.6342,7.3457,579.0217,No,18.66,19,1204
2007-10-12,360643.73,260.6437,7.1169,16.6456,0.634,7.3465,575.8046,No,18.66,19,1205
2007-10-15,360185.91,260.1859,7.1129,16.6456,0.635,7.3468,581.5116,No,18.65,19,1206
2007-10-16,360695.51,260.6955,7.1221,16.6456,0.6325,7.3473,586.0186,No,18.65,19,1207
2007-10-17,359456.11,259.4561,7.1034,16.6456,0.6302,7.3479,584.7491,No,18.64,19,1208
2007-10-18,358146.19,258.1462,7.0835,16.6456,0.6321,7.3482,585.2495,No,18.64,19,1209
2007-10-19,358934.24,258.9342,7.0972,16.6456,0.6331,7.3492,603.2598,No,18.64,19,1210
2007-10-22,359660.59,259.6606,7.1121,16.6456,0.6313,7.35,600.585,No,18.63,19,1211
2007-10-23,358631.29,258.6313,7.0967,16.6456,0.63,7.3505,594.4709,No,18.63,19,1212
2007-10-24,357818.67,257.8187,7.0847,16.6456,0.6295,7.3513,596.1611,No,18.62,19,1213
2007-10-25,357471.59,257.4716,7.0802,16.6456,0.6236,7.3494,596.8313,No,18.62,19,1214
2007-10-26,354487.63,254.4876,7.0331,16.6456,0.6211,7.3491,587.3586,No,18.62,19,1215
2007-10-29,353188.51,253.1885,7.0152,16.6456,0.6236,7.3493,584.7179,No,18.61,19,1216
2007-10-30,354338.16,254.3382,7.0349,16.6456,0.6214,7.35,589.1553,No,18.61,19,1217
2007-10-31,353256.28,253.2563,7.0184,16.6456,0.6244,7.3498,580.9492,No,18.61,19,1218
2007-11-01,354406.35,254.4063,7.0382,16.6456,0.6201,7.3497,599.2582,No,18.6,19,1219
2007-11-02,352282.3,252.2823,7.0047,16.6456,0.6205,7.35,598.6661,No,18.6,19,1220
2007-11-05,352446.15,252.4462,7.0105,16.6456,0.6164,7.3496,602.0901,No,18.59,19,1221
2007-11-06,350451.8,250.4518,6.979,16.6456,0.6194,7.3494,593.7206,No,18.59,19,1222
2007-11-07,351616.3,251.6163,6.9991,16.6456,0.6188,7.3499,614.3304,No,18.59,19,1223
2007-11-08,351362.18,251.3622,6.996,16.6456,0.6206,7.3504,614.7109,No,18.58,19,1224
2007-11-09,352110.57,252.1106,7.0093,16.6456,0.628,7.3477,625.0473,No,18.58,19,1225
2007-11-12,355623.68,255.6237,7.0698,16.6456,0.6255,7.3488,632.3604,No,18.57,19,1226
2007-11-13,354462.31,254.4623,7.052,16.6456,0.6235,7.3494,611.4205,No,18.57,19,1227
2007-11-14,353115.19,253.1152,7.0311,16.6456,0.6305,7.3464,616.2991,No,18.57,19,1228
2007-11-15,356577.63,256.5776,7.0885,16.6456,0.6298,7.3478,625.854,No,18.56,19,1229
2007-11-16,356019.57,256.0196,7.0805,16.6456,0.6341,7.3473,622.0623,No,18.56,19,1230
2007-11-19,358052.83,258.0528,7.1166,16.6456,0.6306,7.3474,634.8778,No,18.55,19,1231
2007-11-20,356102.52,256.1025,7.0862,16.6456,0.6307,7.3479,631.5521,No,18.55,19,1232
2007-11-21,356122.48,256.1225,7.0876,16.6456,0.6215,7.3423,643.3513,No,18.55,19,1233
2007-11-23,351376.03,251.376,7.0123,16.6456,0.6217,7.3428,630.9268,No,18.54,19,1234
2007-11-26,351522.99,251.523,7.0179,16.6456,0.6237,7.3433,648.3127,No,18.53,19,1235
2007-11-27,352395.85,252.3959,7.0333,16.6456,0.6229,7.3442,637.2711,No,18.53,19,1236
2007-11-28,352080.44,252.0804,7.0292,16.6456,0.6228,7.3452,616.5759,No,18.53,19,1237
2007-11-29,351846.38,251.8464,7.0264,16.6456,0.6256,7.3455,616.1841,No,18.53,19,1238
2007-11-30,353178.0,253.178,7.0494,16.6456,0.6242,7.3463,610.6608,No,18.52,19,1239
2007-12-03,352245.74,252.2457,7.0373,16.6456,0.6224,7.3469,614.8471,No,18.52,19,1240
2007-12-04,351268.86,251.2689,7.0223,16.6456,0.6225,7.3475,619.5501,No,18.51,19,1241
2007-12-05,351423.12,251.4231,7.0259,16.6456,0.6208,7.3481,608.4127,No,18.51,19,1242
2007-12-06,350499.22,250.4992,7.0118,16.6456,0.625,7.3477,597.8508,No,18.51,19,1243
2007-12-07,352434.37,252.4344,7.0447,16.6456,0.622,7.3479,599.0864,No,18.5,19,1244
2007-12-10,350793.12,250.7931,7.0209,16.6456,0.6222,7.3486,593.8519,No,18.5,19,1245
2007-12-11,350778.02,250.778,7.0218,16.6456,0.6224,7.3492,611.8317,No,18.49,19,1246
2007-12-12,350929.51,250.9295,7.0253,16.6456,0.6278,7.3482,607.4591,No,18.49,19,1247
2007-12-13,353457.9,253.4579,7.068,16.6456,0.633,7.3474,606.5687,No,18.49,19,1248
2007-12-14,355704.67,255.7047,7.1058,16.6456,0.6339,7.3482,616.383,No,18.48,19,1249
2007-12-17,356017.83,256.0178,7.1142,16.6456,0.6298,7.3478,627.2902,No,18.48,19,1250
2007-12-18,353938.92,253.9389,7.0813,16.6456,0.6281,7.3484,622.7485,No,18.47,19,1251
2007-12-19,353106.04,253.106,7.0687,16.6456,0.6281,7.3492,623.7087,No,18.47,19,1252
2007-12-20,353068.08,253.0681,7.0692,16.6456,0.6251,7.3494,619.9959,No,18.47,19,1253
2007-12-21,351518.32,251.5183,7.0448,16.6456,0.6243,7.3501,608.0783,No,18.47,19,1254
2007-12-24,351120.18,251.1202,7.0414,16.6456,0.623,7.3508,602.3979,No,18.46,19,1255
2007-12-26,350366.73,250.3667,7.0311,16.6456,0.6231,7.3516,601.8183,No,18.45,19,1256
2007-12-27,350285.14,250.2851,7.0309,16.6456,0.6176,7.3503,611.7703,No,18.45,19,1257
2007-12-28,347602.62,247.6026,6.9874,16.6456,0.6189,7.3509,610.7312,No,18.45,19,1258
2007-12-31,348149.18,248.1492,6.9997,16.6456,0.6142,7.3502,615.6251,No,18.44,19,1259
2008-01-02,345821.27,245.8213,6.9629,16.6456,0.6125,7.3508,625.9562,No,18.43,19,1260
2008-01-03,346227.52,246.2275,6.9708,16.6456,0.6226,7.3242,625.9562,No,18.43,19,1261
2008-01-04,349023.33,249.0233,7.0186,16.6456,0.6228,7.325,644.2296,No,18.43,18,1262
2008-01-07,348706.44,248.7064,7.0165,16.6456,0.6224,7.3268,641.8311,No,18.42,18,1263
2008-01-08,348106.82,248.1068,7.0076,16.6456,0.6187,7.3251,655.4441,No,18.42,18,1264
2008-01-09,346967.33,246.9673,6.9896,16.6456,0.6182,7.3242,645.2344,No,18.41,18,1265
2008-01-10,346843.37,246.8434,6.9886,16.6456,0.6201,7.3198,639.342,No,18.41,18,1266
2008-01-11,346378.5,246.3785,6.9819,16.6456,0.6152,7.3215,649.4885,No,18.41,18,1267
2008-01-14,344857.25,244.8573,6.9595,16.6456,0.6188,7.32,641.4245,No,18.4,18,1268
2008-01-15,345174.93,245.1749,6.966,16.6456,0.6234,7.3224,660.3725,No,18.4,18,1269
2008-01-16,348124.17,248.1242,7.0165,16.6456,0.6263,7.3259,664.5749,No,18.39,18,1270
2008-01-17,351947.65,251.9476,7.0812,16.6456,0.6323,7.3422,687.4553,No,18.39,18,1271
2008-01-18,352927.19,252.9272,7.0985,16.6456,0.6306,7.3424,692.2256,No,18.39,18,1272
2008-01-22,351548.3,251.5483,7.08,16.6456,0.6275,7.3445,701.1049,No,18.38,18,1273
2008-01-23,351247.7,251.2477,7.0761,16.6456,0.6262,7.3428,684.2708,No,18.38,18,1274
2008-01-24,350819.41,250.8194,7.0701,16.6456,0.6279,7.3355,676.4341,No,18.37,18,1275
2008-01-25,349390.69,249.3907,7.0474,16.6456,0.6202,7.3376,688.9536,No,18.37,18,1276
2008-01-28,347369.03,247.369,7.0169,16.6456,0.6228,7.3328,675.3289,No,18.36,18,1277
2008-01-29,347953.43,247.9534,7.0277,16.6456,0.6269,7.3316,670.547,No,18.36,18,1278
2008-01-30,349336.75,249.3367,7.052,16.6456,0.6222,7.3314,674.1832,No,18.36,18,1279
2008-01-31,347419.06,247.4191,7.021,16.6456,0.6226,7.3306,661.288,No,18.35,18,1280
2008-02-01,343813.68,243.8137,6.9612,16.6456,0.621,7.3213,652.0842,No,18.35,18,1281
2008-02-04,345855.66,245.8557,6.999,16.6456,0.6297,7.3176,660.0223,No,18.34,18,1282
2008-02-05,352064.59,252.0646,7.1039,16.6456,0.632,7.3368,685.0692,No,18.34,18,1283
2008-02-06,351442.61,251.4426,7.0947,16.6456,0.6336,7.3354,690.7794,No,18.34,18,1284
2008-02-07,352961.6,252.9616,7.121,16.6456,0.6321,7.3306,684.4013,No,18.33,18,1285
2008-02-08,350801.14,250.8011,7.0862,16.6456,0.6288,7.331,687.6996,No,18.33,18,1286
2008-02-11,349595.83,249.5958,7.0694,16.6456,0.6322,7.3302,683.0504,No,18.32,18,1287
2008-02-12,351221.36,251.2214,7.0976,16.6456,0.6324,7.3318,677.3666,No,18.32,18,1288
2008-02-13,348150.13,248.1501,7.0474,16.6456,0.6327,7.3174,666.6419,No,18.32,18,1289
2008-02-14,354114.5,254.1145,7.1478,16.6456,0.639,7.3282,677.0446,No,18.32,18,1290
2008-02-15,353581.56,253.5816,7.1401,16.6456,0.6357,7.3302,676.3464,No,18.31,18,1291
2008-02-19,352703.95,252.704,7.1299,16.6456,0.6329,7.3247,676.9787,No,18.3,18,1292
2008-02-20,350743.39,250.7434,7.0984,16.6456,0.6315,7.3239,670.511,No,18.3,18,1293
2008-02-21,349261.79,249.2618,7.0747,16.6456,0.6302,7.326,680.2812,No,18.3,18,1294
2008-02-22,349586.35,249.5863,7.0813,16.6456,0.632,7.3252,674.0997,No,18.29,18,1295
2008-02-25,346954.8,246.9548,7.0403,16.6456,0.6237,7.3129,663.5385,No,18.28,18,1296
2008-02-26,345811.42,245.8114,7.0221,16.6456,0.6222,7.3113,658.2868,No,18.28,18,1297
2008-02-27,344779.28,244.7793,7.0057,16.6456,0.6198,7.31,658.8028,No,18.28,18,1298
2008-02-28,346351.32,246.3513,7.0334,16.6456,0.626,7.3238,665.5573,No,18.28,18,1299
2008-02-29,345551.11,245.5511,7.021,16.6456,0.6219,7.3292,686.8471,No,18.27,18,1300
2008-03-03,345076.74,245.0767,7.0162,16.6456,0.6286,7.326,686.4122,No,18.27,18,1301
2008-03-04,347748.17,247.7482,7.0625,16.6456,0.6254,7.3277,689.1271,No,18.26,18,1302
2008-03-05,347069.93,247.0699,7.0521,16.6456,0.633,7.3214,684.6251,No,18.26,18,1303
2008-03-06,348569.09,248.5691,7.0785,16.6456,0.6327,7.3272,702.16,No,18.26,18,1304
2008-03-07,349118.64,249.1186,7.0888,16.6456,0.6326,7.3297,708.9503,No,18.25,18,1305
2008-03-10,348532.92,248.5329,7.0823,16.6456,0.6245,7.3328,721.6199,No,18.25,18,1306
2008-03-11,347045.0,247.045,7.0583,16.6456,0.6253,7.3261,692.1799,No,18.24,18,1307
2008-03-12,345020.39,245.0204,7.025,16.6456,0.6217,7.3298,699.142,No,18.24,18,1308
2008-03-13,344574.67,244.5747,7.0185,16.6456,0.6236,7.3272,695.0345,No,18.24,18,1309
2008-03-14,342194.53,242.1945,6.9789,16.6456,0.621,7.2836,711.8872,No,18.24,18,1310
2008-03-17,341643.54,241.6435,6.9727,16.6456,0.6128,7.2836,719.1039,No,18.23,18,1311
2008-03-18,341274.18,241.2742,6.9675,16.6456,0.63,7.3147,685.7608,No,18.22,18,1312
2008-03-19,345417.25,245.4173,7.0394,16.6456,0.6258,7.3275,705.307,No,18.22,18,1313
2008-03-20,345915.1,245.9151,7.049,16.6456,0.628,7.3285,686.4797,No,18.22,18,1314
2008-03-24,347317.63,247.3176,7.0772,16.6456,0.626,7.3242,674.6083,No,18.21,18,1315
2008-03-25,345314.7,245.3147,7.0443,16.6456,0.626,7.3229,672.8238,No,18.21,18,1316
2008-03-26,345063.01,245.063,7.0411,16.6456,0.6298,7.3216,679.6177,No,18.2,18,1317
2008-03-27,346498.38,246.4984,7.0666,16.6456,0.6328,7.3223,688.4899,No,18.2,18,1318
2008-03-28,347385.52,247.3855,7.0827,16.6456,0.6324,7.3274,694.7741,No,18.2,18,1319
2008-03-31,347905.26,247.9053,7.0948,16.6456,0.6356,7.329,690.2607,No,18.19,18,1320
2008-04-01,347275.69,247.2757,7.0853,16.6456,0.6295,7.3178,662.8785,No,18.19,18,1321
2008-04-02,349492.08,249.4921,7.1239,16.6456,0.6337,7.3271,664.2032,No,18.18,18,1322
2008-04-03,348269.89,248.2699,7.1043,16.6456,0.6314,7.3262,663.2031,No,18.18,18,1323
2008-04-04,346847.87,246.8479,7.0813,16.6456,0.629,7.3271,662.5859,No,18.18,18,1324
2008-04-07,346133.94,246.1339,7.0725,16.6456,0.6334,7.3245,661.3897,No,18.17,18,1325
2008-04-08,347539.56,247.5396,7.0975,16.6456,0.6287,7.3254,665.0356,No,18.17,18,1326
2008-04-09,345132.29,245.1323,7.0576,16.6456,0.629,7.3257,671.2167,No,18.16,18,1327
2008-04-10,345698.31,245.6983,7.0684,16.6456,0.6331,7.3253,667.744,No,18.16,18,1328
2008-04-11,346498.3,246.4983,7.0831,16.6456,0.6326,7.3299,683.6601,No,18.16,18,1329
2008-04-14,347175.36,247.1754,7.098,16.6456,0.6337,7.3302,686.3073,No,18.15,18,1330
2008-04-15,348018.66,248.0187,7.1134,16.6456,0.6294,7.3265,682.7012,No,18.15,18,1331
2008-04-16,346486.75,246.4867,7.0885,16.6456,0.6337,7.3214,665.2521,No,18.15,18,1332
2008-04-17,347078.52,247.0785,7.0996,16.6456,0.6362,7.3222,664.752,No,18.14,18,1333
2008-04-18,344965.51,244.9655,7.0647,16.6456,0.6291,7.3138,651.1224,No,18.14,18,1334
2008-04-21,344400.4,244.4004,7.0583,16.6456,0.6284,7.3149,652.2761,No,18.13,18,1335
2008-04-22,347384.4,247.3844,7.1104,16.6456,0.6383,7.3257,658.9458,No,18.13,18,1336
2008-04-23,345460.46,245.4605,7.0787,16.6456,0.6361,7.3161,656.7466,No,18.13,18,1337
2008-04-24,347748.05,247.7481,7.1188,16.6456,0.6365,7.3178,651.9026,No,18.12,18,1338
2008-04-25,347966.53,247.9665,7.1236,16.6456,0.6358,7.3171,647.0391,No,18.12,18,1339
2008-04-28,347163.87,247.1639,7.1133,16.6456,0.6399,7.3164,647.7939,No,18.11,18,1340
2008-04-29,348702.6,248.7026,7.1406,16.6456,0.641,7.3205,650.6919,No,18.11,18,1341
2008-04-30,349242.11,249.2421,7.1509,16.6456,0.64,7.3242,653.5608,No,18.11,18,1342
2008-05-01,349612.02,249.612,7.1582,16.6456,0.6414,7.3255,640.7223,No,18.1,18,1343
2008-05-02,350077.27,250.0773,7.1672,16.6456,0.6399,7.323,638.3331,No,18.1,18,1344
2008-05-05,348752.06,248.7521,7.1481,16.6456,0.6391,7.3217,641.6277,No,18.09,18,1345
2008-05-06,348748.4,248.7484,7.1492,16.6456,0.6444,7.3193,635.9724,No,18.09,18,1346
2008-05-07,349902.93,249.9029,7.1699,16.6456,0.6382,7.3219,649.2367,No,18.09,18,1347
2008-05-08,347667.76,247.6678,7.1331,16.6456,0.638,7.3217,646.4647,No,18.08,18,1348
2008-05-09,347276.6,247.2766,7.1275,16.6456,0.6359,7.323,651.3617,No,18.08,18,1349
2008-05-12,346873.38,246.8734,7.124,16.6456,0.6425,7.3205,643.1505,No,18.07,18,1350
2008-05-13,349504.68,249.5047,7.1699,16.6456,0.6427,7.3223,643.2677,No,18.07,18,1351
2008-05-14,349509.06,249.5091,7.1711,16.6456,0.6365,7.3204,640.1742,No,18.07,18,1352
2008-05-15,346614.41,246.6144,7.1229,16.6456,0.6335,7.3183,632.2856,No,18.07,18,1353
2008-05-16,345149.46,245.1495,7.0989,16.6456,0.6328,7.3156,631.3511,No,18.06,18,1354
2008-05-19,344412.87,244.4129,7.0896,16.6456,0.6308,7.3154,630.6711,No,18.05,18,1355
2008-05-20,343106.32,243.1063,7.0681,16.6456,0.6316,7.3158,637.5116,No,18.05,18,1356
2008-05-21,343277.23,243.2772,7.0722,16.6456,0.6347,7.3164,649.4919,No,18.05,18,1357
2008-05-22,345255.19,245.2552,7.1074,16.6456,0.6356,7.3167,647.3943,No,18.05,18,1358
2008-05-23,344885.14,244.8851,7.1022,16.6456,0.6385,7.3177,657.3925,No,18.04,18,1359
2008-05-27,346763.29,246.7633,7.1389,16.6456,0.6415,7.3186,652.2384,No,18.03,18,1360
2008-05-28,348135.77,248.1358,7.1635,16.6456,0.6477,7.3169,649.1244,No,18.03,18,1361
2008-05-29,350752.09,250.7521,7.2091,16.6456,0.6445,7.3186,645.0594,No,18.03,18,1362
2008-05-30,348989.06,248.9891,7.1803,16.6456,0.6446,7.3186,643.9243,No,18.02,18,1363
2008-06-02,348651.0,248.651,7.1779,16.6456,0.646,7.3199,651.7964,No,18.02,18,1364
2008-06-03,349230.75,249.2307,7.1889,16.6456,0.6472,7.3233,656.1433,No,18.01,18,1365
2008-06-04,350355.16,250.3552,7.2092,16.6456,0.6469,7.3233,656.0186,No,18.01,18,1366
2008-06-05,350658.41,250.6584,7.2155,16.6456,0.647,7.3223,641.5044,No,18.01,18,1367
2008-06-06,348856.41,248.8564,7.186,16.6456,0.6448,7.3251,665.0498,No,18.01,18,1368
2008-06-09,348862.92,248.8629,7.1895,16.6456,0.6527,7.3221,664.4155,No,18.0,18,1369
2008-06-10,352216.41,252.2164,7.2476,16.6456,0.6535,7.3256,666.2824,No,17.99,18,1370
2008-06-11,355994.93,255.9949,7.3124,16.6456,0.6635,7.3365,679.2827,No,17.99,18,1371
2008-06-12,354252.64,254.2526,7.2843,16.6456,0.6546,7.3259,676.6789,No,17.99,18,1372
2008-06-13,353489.45,253.4895,7.2725,16.6456,0.653,7.3241,665.1491,No,17.99,18,1373
2008-06-16,352198.61,252.1986,7.2542,16.6456,0.6542,7.3232,665.0853,No,17.98,18,1374
2008-06-17,352301.36,252.3014,7.257,16.6456,0.6526,7.3249,670.2953,No,17.98,18,1375
2008-06-18,354978.21,254.9782,7.3034,16.6456,0.6568,7.3376,677.8356,No,17.97,18,1376
2008-06-19,354446.58,254.4466,7.2956,16.6456,0.6605,7.3357,674.7247,No,17.97,18,1377
2008-06-20,354849.27,254.8493,7.3035,16.6456,0.6619,7.3387,689.3535,No,17.97,18,1378
2008-06-23,356118.73,256.1187,7.3283,16.6456,0.6598,7.3414,689.3082,No,17.96,18,1379
2008-06-24,355086.68,255.0867,7.3121,16.6456,0.6602,7.3428,691.5265,No,17.96,18,1380
2008-06-25,355561.29,255.5613,7.3213,16.6456,0.6577,7.3435,686.8883,No,17.95,18,1381
2008-06-26,353437.73,253.4377,7.2866,16.6456,0.6513,7.3441,710.4479,No,17.95,18,1382
2008-06-27,350905.82,250.9058,7.2448,16.6456,0.6512,7.3454,713.4478,No,17.95,18,1383
2008-06-30,351064.83,251.0648,7.2509,16.6456,0.6477,7.3455,712.4147,No,17.94,18,1384
2008-07-01,349713.51,249.7135,7.229,16.6456,0.6508,7.3438,709.1525,No,17.94,18,1385
2008-07-02,350000.72,250.0007,7.2351,16.6456,0.6521,7.3473,724.1102,No,17.93,18,1386
2008-07-03,351253.82,251.2538,7.2576,16.6456,0.6538,7.3485,723.1936,No,17.93,18,1387
2008-07-07,349983.05,249.983,7.2405,16.6456,0.6502,7.2978,730.1415,No,17.92,18,1388
2008-07-08,350327.84,250.3278,7.2475,16.6456,0.6529,7.3498,715.8847,No,17.92,18,1389
2008-07-09,349049.78,249.0498,7.2268,16.6456,0.6477,7.3009,734.8109,No,17.92,18,1390
2008-07-10,347444.36,247.4444,7.2004,16.6456,0.6497,7.2985,729.0198,No,17.91,18,1391
2008-07-11,348232.71,248.2327,7.2151,16.6456,0.6476,7.3034,738.2496,No,17.91,18,1392
2008-07-14,346795.53,246.7955,7.1937,16.6456,0.6482,7.3063,745.8885,No,17.9,18,1393
2008-07-15,347164.18,247.1642,7.2012,16.6456,0.6496,7.3089,755.194,No,17.9,18,1394
2008-07-16,348804.77,248.8048,7.2306,16.6456,0.649,7.3047,734.178,No,17.9,18,1395
2008-07-17,349747.82,249.7478,7.248,16.6456,0.6541,7.3473,724.2502,No,17.89,18,1396
2008-07-18,351164.34,251.1643,7.2733,16.6456,0.6523,7.3483,724.0115,No,17.89,18,1397
2008-07-21,350277.38,250.2774,7.2616,16.6456,0.6537,7.3491,724.4313,No,17.88,18,1398
2008-07-22,351271.04,251.271,7.2798,16.6456,0.6597,7.3468,713.4398,No,17.88,18,1399
2008-07-23,353417.26,253.4173,7.3175,16.6456,0.6623,7.3483,710.1495,No,17.88,18,1400
2008-07-24,353704.69,253.7047,7.3235,16.6456,0.6602,7.3537,729.3073,No,17.87,18,1401
2008-07-25,354208.86,254.2089,7.3332,16.6456,0.6629,7.3522,725.8546,No,17.87,18,1402
2008-07-28,352364.33,252.3643,7.3054,16.6456,0.6597,7.3098,741.5107,No,17.86,18,1403
2008-07-29,354128.67,254.1287,7.3365,16.6456,0.661,7.3546,722.2339,No,17.86,18,1404
2008-07-30,354235.37,254.2354,7.3395,16.6456,0.6603,7.3542,708.6966,No,17.86,18,1405
2008-07-31,352878.41,252.8784,7.3176,16.6456,0.6608,7.3568,719.3032,No,17.85,18,1406
2008-08-01,353385.31,253.3853,7.3274,16.6456,0.6643,7.358,723.8963,No,17.85,18,1407
2008-08-04,354977.74,254.9777,7.358,16.6456,0.6642,7.3606,731.3375,No,17.84,18,1408
2008-08-05,356153.09,256.1531,7.379,16.6456,0.6674,7.3584,708.0512,No,17.84,18,1409
2008-08-06,356682.11,256.6821,7.3891,16.6456,0.6694,7.3584,704.9809,No,17.84,18,1410
2008-08-07,356355.21,256.3552,7.3848,16.6456,0.6648,7.3637,719.6002,No,17.84,18,1411
2008-08-08,355936.05,255.936,7.3789,16.6456,0.6755,7.358,700.4754,No,17.83,18,1412
2008-08-11,360410.2,260.4102,7.4577,16.6456,0.6801,7.3598,694.7626,No,17.82,18,1413
2008-08-12,361520.91,261.5209,7.4774,16.6456,0.6759,7.3642,704.4199,No,17.82,18,1414
2008-08-13,360199.08,260.1991,7.4565,16.6456,0.6778,7.3629,706.5072,No,17.82,18,1415
2008-08-14,361003.43,261.0034,7.4712,16.6456,0.6808,7.365,702.0509,No,17.82,18,1416
2008-08-15,362362.84,262.3628,7.495,16.6456,0.6795,7.3688,698.6972,No,17.81,18,1417
2008-08-18,361181.73,261.1817,7.4789,16.6456,0.6781,7.3703,710.8859,No,17.81,18,1418
2008-08-19,360851.9,260.8519,7.4746,16.6456,0.6763,7.3706,718.4377,No,17.8,18,1419
2008-08-20,360255.25,260.2552,7.4658,16.6456,0.6715,7.3691,713.3436,No,17.8,18,1420
2008-08-21,357819.36,257.8194,7.426,16.6456,0.6713,7.3671,711.2646,No,17.8,18,1421
2008-08-22,357821.77,257.8218,7.4272,16.6456,0.676,7.3659,702.0821,No,17.79,18,1422
2008-08-25,358690.91,258.6909,7.4455,16.6456,0.6727,7.3711,718.1335,No,17.79,18,1423
2008-08-26,358109.49,258.1095,7.4368,16.6456,0.6699,7.3707,715.1231,No,17.78,18,1424
2008-08-27,356799.12,256.7991,7.4159,16.6456,0.6671,7.3693,708.5262,No,17.78,18,1425
2008-08-28,355618.63,255.6186,7.397,16.6456,0.6724,7.3669,696.577,No,17.78,18,1426
2008-08-29,357071.64,257.0716,7.4229,16.6456,0.6764,7.3677,707.6202,No,17.78,18,1427
2008-09-02,358964.65,258.9647,7.4596,16.6456,0.6757,7.3724,710.9098,No,17.76,18,1428
2008-09-03,358845.23,258.8452,7.4588,16.6456,0.681,7.3721,712.1508,No,17.76,18,1429
2008-09-04,360323.23,260.3232,7.4848,16.6456,0.6778,7.3783,737.1823,No,17.76,18,1430
2008-09-05,360138.75,260.1387,7.4829,16.6456,0.6737,7.3772,733.4576,No,17.76,18,1431
2008-09-08,358473.12,258.4731,7.4585,16.6456,0.6827,7.3723,716.571,No,17.75,18,1432
2008-09-09,360705.77,260.7058,7.4973,16.6456,0.6873,7.3762,745.4292,No,17.75,18,1433
2008-09-10,364602.17,264.6022,7.5636,16.6456,0.69,7.3784,740.2169,No,17.74,18,1434
2008-09-11,365987.38,265.9874,7.5878,16.6456,0.6887,7.3788,728.5121,No,17.74,18,1435
2008-09-12,364772.4,264.7724,7.5688,16.6456,0.6865,7.3755,726.7441,No,17.74,18,1436
2008-09-15,357699.81,257.6998,7.4537,16.6456,0.6756,7.344,767.6386,No,17.73,17,1437
2008-09-16,357343.54,257.3435,7.4489,16.6456,0.6681,7.337,752.7019,No,17.73,17,1438
2008-09-17,352124.44,252.1244,7.3609,16.6456,0.6512,7.3248,794.8582,No,17.72,17,1439
2008-09-18,346049.66,246.0497,7.2567,16.6456,0.6606,7.3079,757.4154,No,17.72,17,1440
2008-09-19,354368.07,254.3681,7.4018,16.6456,0.6683,7.3476,724.242,No,17.72,18,1441
2008-09-22,348384.04,248.384,7.3021,16.6456,0.6693,7.2997,756.9658,No,17.71,17,1442
2008-09-23,351612.51,251.6125,7.3592,16.6456,0.6673,7.3048,770.5631,No,17.71,17,1443
2008-09-24,350934.09,250.9341,7.3486,16.6456,0.6662,7.3065,772.2793,No,17.7,17,1444
2008-09-25,350899.47,250.8995,7.3492,16.6456,0.6643,7.3028,755.4644,No,17.7,17,1445
2008-09-26,349377.7,249.3777,7.324,16.6456,0.6752,7.2965,752.5698,No,17.7,17,1446
2008-09-29,352373.67,252.3737,7.3794,16.6456,0.667,7.3212,834.6873,No,17.69,17,1447
2008-09-30,352500.36,252.5004,7.3827,16.6456,0.6684,7.3069,786.6234,No,17.69,17,1448
2008-10-01,350840.54,250.8405,7.3553,16.6456,0.6846,7.2942,790.5367,No,17.68,17,1449
2008-10-02,357224.07,257.2241,7.466,16.6456,0.6854,7.307,827.7622,No,17.68,17,1450
2008-10-03,358412.56,258.4126,7.4874,16.6456,0.6806,7.3118,840.4449,No,17.68,17,1451
2008-10-06,355984.72,255.9847,7.4497,16.6456,0.6872,7.3185,878.1052,No,17.67,17,1452
2008-10-07,359467.43,259.4674,7.5101,16.6456,0.6849,7.3336,937.6521,No,17.67,17,1453
2008-10-08,359498.67,259.4987,7.5118,16.6456,0.7091,7.306,948.9761,No,17.67,17,1454
2008-10-09,369158.34,269.1583,7.6745,16.6456,0.7173,7.3214,1035.4478,No,17.66,17,1455
2008-10-10,373731.32,273.7313,7.7509,16.6456,0.7024,7.3086,1048.8528,No,17.66,17,1456
2008-10-13,367324.66,267.3247,7.6491,16.6456,0.7104,7.2831,929.612,No,17.65,17,1457
2008-10-14,368727.38,268.7274,7.6736,16.6456,0.7281,7.2677,935.114,No,17.65,17,1458
2008-10-15,375975.82,275.9758,7.7937,16.6456,0.7263,7.2879,1037.8119,No,17.65,17,1459
2008-10-16,376655.62,276.6556,7.806,16.6456,0.7347,7.2791,991.3802,No,17.64,17,1460
2008-10-17,379900.25,279.9002,7.8597,16.6456,0.7241,7.2733,998.1848,No,17.64,17,1461
2008-10-20,374751.17,274.7512,7.78,16.6456,0.7367,7.2596,948.2033,No,17.63,17,1462
2008-10-21,379529.79,279.5298,7.8588,16.6456,0.7538,7.2506,981.5036,No,17.63,17,1463
2008-10-22,387404.76,287.4048,7.9858,16.6456,0.7536,7.266,1051.5302,No,17.63,17,1464
2008-10-23,388372.94,288.3729,8.0024,16.6456,0.759,7.2656,1037.1298,No,17.62,17,1465
2008-10-24,390420.06,290.4201,8.0359,16.6456,0.7612,7.2694,1077.7691,No,17.62,17,1466
2008-10-27,391656.4,291.6564,8.0592,16.6456,0.745,7.2558,1116.4066,No,17.61,17,1467
2008-10-28,384080.92,284.0809,7.9407,16.6456,0.7482,7.2417,997.951,No,17.61,17,1468
2008-10-29,383743.42,283.7434,7.9366,16.6456,0.749,7.2421,1010.0846,No,17.61,17,1469
2008-10-30,384592.37,284.5924,7.9514,16.6456,0.7555,7.2386,981.9644,No,17.61,17,1470
2008-10-31,387608.64,287.6086,8.0006,16.6456,0.7545,7.2381,965.5897,No,17.6,17,1471
2008-11-03,386272.96,286.273,7.9833,16.6456,0.7369,7.2137,968.2798,No,17.59,17,1472
2008-11-04,376709.71,276.7097,7.8308,16.6456,0.7504,7.2003,926.3657,No,17.59,17,1473
2008-11-05,381933.76,281.9338,7.9166,16.6456,0.7642,7.1956,982.7879,No,17.59,17,1474
2008-11-06,388641.9,288.6419,8.0247,16.6456,0.7586,7.2001,1039.7684,No,17.59,17,1475
2008-11-07,386471.93,286.4719,7.9916,16.6456,0.7579,7.1973,1007.4179,No,17.58,17,1476
2008-11-10,385352.41,285.3524,7.9777,16.6456,0.7653,7.1951,1021.4673,No,17.58,17,1477
2008-11-11,388928.66,288.9287,8.0358,16.6456,0.779,7.1886,1046.7295,No,17.57,17,1478
2008-11-12,395262.14,295.2621,8.1364,16.6456,0.7731,7.194,1108.9485,No,17.57,17,1479
2008-11-13,393500.01,293.5,8.1103,16.6456,0.7698,7.1864,1030.5477,No,17.57,17,1480
2008-11-14,389886.73,289.8867,8.0548,16.6456,0.7732,7.1884,1079.5284,No,17.56,17,1481
2008-11-17,391970.84,291.9708,8.0916,16.6456,0.7709,7.1918,1110.7312,No,17.56,17,1482
2008-11-18,390961.04,290.961,8.077,16.6456,0.7774,7.1907,1098.7015,No,17.55,17,1483
2008-11-19,394109.2,294.1092,8.1277,16.6456,0.7767,7.1988,1176.6454,No,17.55,17,1484
2008-11-20,394700.45,294.7004,8.1383,16.6456,0.7592,7.1824,1268.4422,No,17.55,17,1485
2008-11-21,384101.48,284.1015,7.9719,16.6456,0.7444,7.1583,1186.7683,No,17.55,17,1486
2008-11-24,376184.63,276.1846,7.8477,16.6456,0.7384,7.1508,1108.5236,No,17.54,17,1487
2008-11-25,372811.21,272.8112,7.7935,16.6456,0.7334,7.151,1100.4714,No,17.53,17,1488
2008-11-26,370505.53,270.5055,7.7567,16.6456,0.7276,7.1479,1059.0674,No,17.53,17,1489
2008-11-28,367555.73,267.5557,7.71,16.6456,0.7509,7.1218,1047.9578,No,17.53,17,1490
2008-12-01,377976.03,277.976,7.8858,16.6456,0.7426,7.1194,1160.4313,No,17.52,17,1491
2008-12-02,372916.42,272.9164,7.8041,16.6456,0.7399,7.119,1111.9314,No,17.52,17,1492
2008-12-03,371741.85,271.7419,7.786,16.6456,0.7435,7.119,1080.7773,No,17.51,17,1493
2008-12-04,373456.84,273.4568,7.8156,16.6456,0.7434,7.1204,1116.3796,No,17.51,17,1494
2008-12-05,373257.83,273.2578,7.8136,16.6456,0.7328,7.1126,1073.5232,No,17.51,17,1495
2008-12-08,367757.64,267.7576,7.726,16.6456,0.7322,7.1129,1029.9439,No,17.5,17,1496
2008-12-09,367477.92,267.4779,7.7225,16.6456,0.7221,7.1065,1056.6467,No,17.5,17,1497
2008-12-10,362386.34,262.3863,7.6379,16.6456,0.7229,7.1068,1042.9336,No,17.49,17,1498
2008-12-11,362832.94,262.8329,7.6467,16.6456,0.7232,7.1076,1076.166,No,17.49,17,1499
2008-12-12,362842.33,262.8423,7.6481,16.6456,0.7196,7.1076,1067.9508,No,17.49,17,1500
2008-12-15,361199.44,261.1994,7.6239,16.6456,0.7048,7.0911,1082.9016,No,17.48,17,1501
2008-12-16,353781.06,253.7811,7.4974,16.6456,0.6957,7.0864,1025.1141,No,17.48,17,1502
2008-12-17,349693.26,249.6933,7.4272,16.6456,0.698,7.0867,1035.948,No,17.47,17,1503
2008-12-18,350718.17,250.7182,7.4464,16.6456,0.7035,7.0861,1060.4611,No,17.47,17,1504
2008-12-19,352789.82,252.7898,7.4838,16.6456,0.7067,7.0865,1057.0441,No,17.47,17,1505
2008-12-22,354082.13,254.0821,7.51,16.6456,0.7114,7.0859,1078.5008,No,17.46,17,1506
2008-12-23,356047.65,256.0477,7.5453,16.6456,0.7085,7.0862,1089.8348,No,17.46,17,1507
2008-12-24,354573.94,254.5739,7.521,16.6456,0.7015,7.0839,1082.4354,No,17.45,17,1508
2008-12-26,351404.47,251.4045,7.4681,16.6456,0.7017,7.0846,1076.1492,No,17.45,17,1509
2008-12-29,351413.09,251.4131,7.4719,16.6456,0.6964,7.0836,1080.3298,No,17.44,17,1510
2008-12-30,348893.12,248.8931,7.4288,16.6456,0.6944,7.0842,1051.9883,No,17.44,17,1511
2008-12-31,347945.99,247.946,7.4132,16.6456,0.6941,7.0851,1035.8698,No,17.44,17,1512
2009-01-02,347775.51,247.7755,7.4126,16.6456,0.706,7.0781,1000.8732,No,17.43,17,1513
2009-01-05,352970.45,252.9704,7.5077,16.6456,0.7055,7.0789,1006.0079,No,17.42,16,1514
2009-01-06,352350.66,252.3507,7.4981,16.6456,0.7173,7.0734,997.4327,No,17.42,15,1515
2009-01-07,357203.63,257.2036,7.5838,16.6456,0.7134,7.0803,1030.7336,No,17.42,16,1516
2009-01-08,355690.67,255.6907,7.5588,16.6456,0.7182,7.0749,1026.8579,No,17.41,16,1517
2009-01-09,358473.49,258.4735,7.6082,16.6456,0.7312,7.0787,1051.3775,No,17.41,15,1518
2009-01-12,362305.1,262.3051,7.6777,16.6456,0.7286,7.0813,1077.9541,No,17.4,16,1519
2009-01-13,362074.06,262.0741,7.675,16.6456,0.7355,7.0793,1075.8057,No,17.4,16,1520
2009-01-14,366390.1,266.3901,7.7496,16.6456,0.7394,7.0719,1116.3976,No,17.4,16,1521
2009-01-15,366331.71,266.3317,7.7499,16.6456,0.7333,7.0705,1114.7413,No,17.39,16,1522
2009-01-16,364810.51,264.8105,7.7254,16.6456,0.7422,7.0878,1105.6191,No,17.39,16,1523
2009-01-20,368822.08,268.8221,7.7982,16.6456,0.7422,7.0962,1172.835,No,17.38,16,1524
2009-01-21,366523.69,266.5237,7.7607,16.6456,0.7448,7.0838,1119.5075,No,17.38,15,1525
2009-01-22,368361.43,268.3614,7.793,16.6456,0.7364,7.0784,1138.2552,No,17.38,15,1526
2009-01-23,363534.2,263.5342,7.7125,16.6456,0.7327,7.0686,1131.6205,No,17.37,15,1527
2009-01-26,361898.55,261.8985,7.6883,16.6456,0.7272,7.063,1124.811,No,17.36,15,1528
2009-01-27,360244.48,260.2445,7.6612,16.6456,0.729,7.0669,1111.5843,No,17.36,15,1529
2009-01-28,359653.91,259.6539,7.6522,16.6456,0.7357,7.0571,1072.0981,No,17.36,15,1530
2009-01-29,362849.21,262.8492,7.7084,16.6456,0.7359,7.0567,1112.154,No,17.36,15,1531
2009-01-30,363071.43,263.0714,7.7134,16.6456,0.7372,7.0567,1140.4237,No,17.35,15,1532
2009-02-02,364261.96,264.262,7.7375,16.6456,0.7436,7.0628,1141.0765,No,17.35,15,1533
2009-02-03,365915.46,265.9155,7.767,16.6456,0.7427,7.0603,1121.7102,No,17.34,15,1534
2009-02-04,365748.11,265.7481,7.7654,16.6456,0.7367,7.0576,1130.0142,No,17.34,15,1535
2009-02-05,362422.73,262.4227,7.7099,16.6456,0.7313,7.0517,1110.1276,No,17.34,15,1536
2009-02-06,359640.41,259.6404,7.6633,16.6456,0.7346,7.0465,1077.9624,No,17.33,15,1537
2009-02-09,361828.93,261.8289,7.7048,16.6456,0.7361,7.0521,1076.1744,No,17.33,15,1538
2009-02-10,363364.45,263.3644,7.7324,16.6456,0.728,7.0528,1136.9003,No,17.32,15,1539
2009-02-11,358113.73,258.1137,7.6431,16.6456,0.7283,7.048,1126.6043,No,17.32,15,1540
2009-02-12,358012.84,258.0128,7.6426,16.6456,0.7375,7.0411,1124.1932,No,17.32,15,1541
2009-02-13,361762.6,261.7626,7.7087,16.6456,0.7346,7.041,1136.4092,No,17.32,15,1542
2009-02-17,360404.32,260.4043,7.6903,16.6456,0.7349,7.0318,1195.18,No,17.3,16,1543
2009-02-18,360119.23,260.1192,7.6867,16.6456,0.7414,7.0282,1196.1667,No,17.3,16,1544
2009-02-19,362605.08,262.6051,7.7308,16.6456,0.7361,7.0271,1211.0661,No,17.3,16,1545
2009-02-20,360311.78,260.3118,7.6925,16.6456,0.7443,7.0134,1225.9175,No,17.3,16,1546
2009-02-23,363646.09,263.6461,7.7537,16.6456,0.7423,7.0165,1273.5444,No,17.29,16,1547
2009-02-24,362766.72,262.7667,7.7399,16.6456,0.7475,7.0282,1220.5704,No,17.28,16,1548
2009-02-25,364956.91,264.9569,7.7787,16.6456,0.7601,7.0067,1234.473,No,17.28,16,1549
2009-02-26,369738.22,269.7382,7.8612,16.6456,0.7664,7.0094,1255.5726,No,17.28,16,1550
2009-02-27,372624.4,272.6244,7.9111,16.6456,0.7735,7.0119,1288.2407,No,17.28,16,1551
2009-03-02,376916.75,276.9167,7.9866,16.6456,0.7846,7.0157,1356.1075,No,17.27,16,1552
2009-03-03,381145.61,281.1456,8.0577,16.6456,0.7829,7.0177,1365.4815,No,17.27,16,1553
2009-03-04,379142.11,279.1421,8.026,16.6456,0.7799,7.0136,1330.9586,No,17.26,16,1554
2009-03-05,379674.7,279.6747,8.0361,16.6456,0.7797,7.0246,1394.4096,No,17.26,16,1555
2009-03-06,378559.28,278.5593,8.0191,16.6456,0.7889,7.02,1392.2207,No,17.26,16,1556
2009-03-09,382608.65,282.6087,8.0897,16.6456,0.785,7.021,1407.156,No,17.25,16,1557
2009-03-10,379867.39,279.8674,8.046,16.6456,0.7783,7.0107,1316.8558,No,17.25,16,1558
2009-03-11,376681.57,276.6816,7.9945,16.6456,0.7668,6.9964,1312.9258,No,17.24,16,1559
2009-03-12,371199.97,271.2,7.9041,16.6456,0.7656,6.994,1257.3787,No,17.24,16,1560
2009-03-13,370121.75,270.1218,7.8872,16.6456,0.7698,7.0084,1246.9104,No,17.24,16,1561
2009-03-16,372540.08,272.5401,7.9319,16.6456,0.7653,7.0079,1251.6425,No,17.23,16,1562
2009-03-17,370928.15,270.9281,7.906,16.6456,0.761,7.0018,1209.5368,No,17.23,16,1563
2009-03-18,370578.67,270.5787,7.9014,16.6456,0.7507,7.0218,1182.7378,No,17.22,15,1564
2009-03-19,362032.65,262.0327,7.7566,16.6456,0.7541,6.9916,1199.596,No,17.22,16,1565
2009-03-20,364767.88,264.7679,7.805,16.6456,0.7433,6.9855,1225.7684,No,17.22,16,1566
2009-03-23,359988.04,259.988,7.7263,16.6456,0.7527,6.9912,1137.9116,No,17.21,15,1567
2009-03-24,364910.82,264.9108,7.8126,16.6456,0.7527,7.0012,1163.674,No,17.21,15,1568
2009-03-25,363360.1,263.3601,7.7872,16.6456,0.744,6.9929,1151.6181,No,17.21,15,1569
2009-03-26,359461.35,259.4613,7.721,16.6456,0.7503,6.9881,1123.0864,No,17.2,15,1570
2009-03-27,363138.29,263.1383,7.786,16.6456,0.7605,6.9916,1148.2292,No,17.2,15,1571
2009-03-30,366451.08,266.4511,7.8468,16.6456,0.7561,6.9732,1193.1909,No,17.19,16,1572
2009-03-31,363700.57,263.7006,7.8008,16.6456,0.7499,6.9712,1176.4282,No,17.19,16,1573
2009-04-01,362070.26,262.0703,7.774,16.6456,0.7512,6.993,1155.4073,No,17.19,15,1574
2009-04-02,361843.03,261.843,7.7713,16.6456,0.7555,6.9894,1120.283,No,17.18,15,1575
2009-04-03,363593.48,263.5935,7.8029,16.6456,0.7636,6.984,1108.4971,No,17.18,15,1576
2009-04-06,367839.91,267.8399,7.8797,16.6456,0.7665,6.9897,1118.5801,No,17.17,15,1577
2009-04-07,368959.57,268.9596,7.9001,16.6456,0.7625,6.991,1147.5498,No,17.17,15,1578
2009-04-08,366678.28,266.6783,7.8624,16.6456,0.7579,6.9895,1132.9915,No,17.17,15,1579
2009-04-09,363711.25,263.7113,7.8127,16.6456,0.7513,6.9825,1087.7711,No,17.16,15,1580
2009-04-13,361233.35,261.2333,7.7749,16.6456,0.7555,6.9806,1084.6677,No,17.15,15,1581
2009-04-14,363566.27,263.5663,7.8166,16.6456,0.7539,6.9852,1108.9043,No,17.15,15,1582
2009-04-15,362064.58,262.0646,7.7919,16.6456,0.7552,6.9835,1093.8975,No,17.15,15,1583
2009-04-16,362608.13,262.6081,7.8026,16.6456,0.7593,6.9828,1075.5879,No,17.15,15,1584
2009-04-17,364368.46,264.3685,7.8344,16.6456,0.7604,6.9839,1069.7885,No,17.14,15,1585
2009-04-20,365628.36,265.6284,7.86,16.6456,0.7608,6.9885,1122.0449,No,17.13,15,1586
2009-04-21,364585.39,264.5854,7.8433,16.6456,0.7607,6.9862,1096.6155,No,17.13,15,1587
2009-04-22,364624.88,264.6249,7.8453,16.6456,0.7554,6.9839,1105.6191,No,17.13,15,1588
2009-04-23,361823.55,261.8236,7.7981,16.6456,0.7516,6.9804,1093.7593,No,17.13,15,1589
2009-04-24,359802.86,259.8029,7.7641,16.6456,0.7535,6.9762,1074.0408,No,17.12,15,1590
2009-04-27,361327.73,261.3277,7.7946,16.6456,0.762,6.9764,1085.9872,No,17.12,15,1591
2009-04-28,364556.56,264.5566,7.852,16.6456,0.7579,6.9773,1089.2005,No,17.11,15,1592
2009-04-29,362009.51,262.0095,7.8091,16.6456,0.7602,6.9726,1063.8983,No,17.11,15,1593
2009-04-30,363499.83,263.4998,7.8363,16.6456,0.7616,6.9747,1064.9334,No,17.11,15,1594
2009-05-01,363804.12,263.8041,7.8429,16.6456,0.7511,6.9677,1058.6524,No,17.1,15,1595
2009-05-04,358350.92,258.3509,7.7515,16.6456,0.7508,6.9628,1020.7057,No,17.1,15,1596
2009-05-05,358561.31,258.5613,7.7565,16.6456,0.7462,6.9622,1024.8227,No,17.09,15,1597
2009-05-06,356111.87,256.1119,7.7146,16.6456,0.7529,6.9569,1005.1931,No,17.09,15,1598
2009-05-07,358764.66,258.7647,7.7627,16.6456,0.7473,6.9544,1019.93,No,17.09,15,1599
2009-05-08,356224.56,256.2246,7.7192,16.6456,0.7489,6.9531,993.6004,No,17.08,15,1600
2009-05-11,357509.42,257.5094,7.7457,16.6456,0.7471,6.9569,1017.2462,No,17.08,15,1601
2009-05-12,356110.88,256.1109,7.7223,16.6456,0.75,6.9557,1018.2833,No,17.07,15,1602
2009-05-13,357884.93,257.8849,7.7549,16.6456,0.7477,6.9593,1048.7089,No,17.07,15,1603
2009-05-14,356260.77,256.2608,7.7275,16.6456,0.7494,6.9588,1037.2865,No,17.07,15,1604
2009-05-15,357091.88,257.0919,7.7435,16.6456,0.7488,6.9602,1049.7172,No,17.07,15,1605
2009-05-18,356195.23,256.1952,7.7315,16.6456,0.7484,6.9582,1015.7054,No,17.06,15,1606
2009-05-19,356166.05,256.166,7.7323,16.6456,0.7448,6.9572,1017.443,No,17.05,15,1607
2009-05-20,354703.83,254.7038,7.7076,16.6456,0.751,6.9556,1023.1234,No,17.05,15,1608
2009-05-21,356799.06,256.7991,7.7461,16.6456,0.7517,6.9533,1041.9214,No,17.05,15,1609
2009-05-22,356964.43,256.9644,7.7503,16.6456,0.7503,6.952,1043.6147,No,17.05,15,1610
2009-05-26,356003.99,256.004,7.7384,16.6456,0.7578,6.9463,1014.3043,No,17.04,15,1611
2009-05-27,359339.95,259.34,7.7987,16.6456,0.7503,6.9435,1035.6353,No,17.03,15,1612
2009-05-28,355721.18,255.7212,7.736,16.6456,0.7389,6.9345,1018.2001,No,17.03,15,1613
2009-05-29,350586.95,250.5869,7.6453,16.6456,0.7399,6.9336,1003.2281,No,17.03,15,1614
2009-06-01,350342.09,250.3421,7.6448,16.6456,0.7365,6.9294,975.4218,No,17.02,15,1615
2009-06-02,349255.79,249.2558,7.6264,16.6456,0.7417,6.9282,973.2958,No,17.02,15,1616
2009-06-03,351818.48,251.8185,7.6739,16.6456,0.741,6.9337,988.0202,No,17.01,15,1617
2009-06-04,350544.08,250.5441,7.6522,16.6456,0.747,6.9267,975.4639,No,17.01,15,1618
2009-06-05,353409.46,253.4095,7.7051,16.6456,0.7504,6.9295,978.1194,No,17.01,15,1619
2009-06-08,354756.37,254.7564,7.733,16.6456,0.7495,6.9317,978.9794,No,17.0,15,1620
2009-06-09,354159.2,254.1592,7.7236,16.6456,0.7537,6.9308,975.1556,No,17.0,15,1621
2009-06-10,355758.37,255.7584,7.7535,16.6456,0.7486,6.9291,978.8595,No,16.99,15,1622
2009-06-11,353461.19,253.4612,7.7137,16.6456,0.7512,6.9288,972.0338,No,16.99,15,1623
2009-06-12,354907.83,254.9078,7.7409,16.6456,0.7583,6.9312,970.504,No,16.99,15,1624
2009-06-15,358082.81,258.0828,7.8013,16.6456,0.7574,6.9364,996.5649,No,16.98,15,1625
2009-06-16,357508.11,257.5081,7.7924,16.6456,0.7587,6.939,1010.6897,No,16.98,15,1626
2009-06-17,357648.25,257.6482,7.7962,16.6456,0.7605,6.9386,1012.2017,No,16.98,15,1627
2009-06-18,358117.04,258.117,7.8058,16.6456,0.7564,6.9368,1002.771,No,16.97,15,1628
2009-06-19,356557.51,256.5575,7.7794,16.6456,0.7649,6.9345,999.3479,No,16.97,15,1629
2009-06-22,360693.2,260.6932,7.8567,16.6456,0.7628,6.9403,1033.872,No,16.96,15,1630
2009-06-23,359174.79,259.1748,7.8311,16.6456,0.7615,6.9414,1031.2451,No,16.96,15,1631
2009-06-24,358099.23,258.0992,7.8134,16.6456,0.752,6.9339,1023.8805,No,16.96,15,1632
2009-06-25,353987.4,253.9874,7.7413,16.6456,0.7515,6.9338,1000.2787,No,16.95,15,1633
2009-06-26,353805.55,253.8055,7.7393,16.6456,0.7495,6.9344,1001.6742,No,16.95,15,1634
2009-06-29,352809.01,252.809,7.7253,16.6456,0.7549,6.933,991.7484,No,16.94,15,1635
2009-06-30,355280.46,255.2805,7.771,16.6456,0.7519,6.9358,1001.0422,No,16.94,15,1636
2009-07-01,353410.62,253.4106,7.7387,16.6456,0.7601,6.9298,996.1426,No,16.94,15,1637
2009-07-02,357407.78,257.4078,7.8116,16.6456,0.7628,6.9346,1029.0163,No,16.93,15,1638
2009-07-06,358041.02,258.041,7.8281,16.6456,0.7647,6.936,1026.1044,No,16.92,15,1639
2009-07-07,359068.0,259.068,7.8477,16.6456,0.7663,6.9381,1048.7089,No,16.92,15,1640
2009-07-08,360123.2,260.1232,7.8677,16.6456,0.7678,6.9441,1049.9415,No,16.92,15,1641
2009-07-09,359812.8,259.8128,7.8635,16.6456,0.7671,6.9423,1045.8697,No,16.92,15,1642
2009-07-10,359990.28,259.9903,7.868,16.6456,0.7615,6.9427,1050.5027,No,16.91,15,1643
2009-07-13,356646.17,256.6462,7.8124,16.6456,0.763,6.939,1022.39,No,16.9,15,1644
2009-07-14,357307.03,257.307,7.8256,16.6456,0.758,6.9367,1016.4602,No,16.9,15,1645
2009-07-15,354443.98,254.444,7.7755,16.6456,0.7535,6.9303,984.296,No,16.9,15,1646
2009-07-16,353203.29,253.2033,7.7545,16.6456,0.7568,6.9315,974.9665,No,16.9,15,1647
2009-07-17,354194.78,254.1948,7.7737,16.6456,0.7507,6.9288,975.3798,No,16.89,15,1648
2009-07-20,351418.97,251.419,7.7274,16.6456,0.7459,6.9264,963.2214,No,16.88,15,1649
2009-07-21,349759.7,249.7597,7.6985,16.6456,0.7471,6.9287,959.3655,No,16.88,15,1650
2009-07-22,349776.08,249.7761,7.7001,16.6456,0.7455,6.9278,959.7328,No,16.88,15,1651
2009-07-23,348811.32,248.8113,7.6838,16.6456,0.7437,6.9257,935.6076,No,16.88,15,1652
2009-07-24,348326.33,248.3263,7.6762,16.6456,0.7456,6.9268,932.4655,No,16.87,15,1653
2009-07-27,348881.43,248.8814,7.6902,16.6456,0.7475,6.9263,929.4002,No,16.87,15,1654
2009-07-28,350003.52,250.0035,7.712,16.6456,0.7507,6.9297,932.0846,No,16.86,15,1655
2009-07-29,351327.07,251.3271,7.7375,16.6456,0.7443,6.9302,936.681,No,16.86,15,1656
2009-07-30,348240.72,248.2407,7.6824,16.6456,0.7362,6.926,924.3654,No,16.86,15,1657
2009-07-31,344649.72,244.6497,7.6175,16.6456,0.7355,6.9252,923.622,No,16.85,15,1658
2009-08-03,344054.38,244.0544,7.6103,16.6456,0.7338,6.9235,908.1463,No,16.85,15,1659
2009-08-04,343219.51,243.2195,7.596,16.6456,0.7381,6.9206,905.095,No,16.84,15,1660
2009-08-05,344955.64,244.9556,7.6296,16.6456,0.7394,6.9209,907.6846,No,16.84,15,1661
2009-08-06,345569.14,245.5691,7.6422,16.6456,0.7394,6.9228,913.2465,No,16.84,15,1662
2009-08-07,345335.79,245.3358,7.6392,16.6456,0.7402,6.9228,899.7977,No,16.84,15,1663
2009-08-10,346009.72,246.0097,7.6555,16.6456,0.741,6.9267,903.1217,No,16.83,15,1664
2009-08-11,346193.54,246.1935,7.6602,16.6456,0.7401,6.9287,915.6846,No,16.82,15,1665
2009-08-12,345375.2,245.3752,7.6464,16.6456,0.7346,6.9258,903.7501,No,16.82,15,1666
2009-08-13,343226.72,243.2267,7.6077,16.6456,0.7376,6.9262,896.8207,No,16.82,15,1667
2009-08-14,344552.88,244.5529,7.6337,16.6456,0.7432,6.9274,905.395,No,16.82,15,1668
2009-08-17,347135.9,247.1359,7.6854,16.6456,0.7427,6.9325,930.1711,No,16.81,15,1669
2009-08-18,346214.85,246.2149,7.6697,16.6456,0.7381,6.9307,919.6442,No,16.81,15,1670
2009-08-19,344322.82,244.3228,7.6359,16.6456,0.7348,6.9303,912.5626,No,16.8,15,1671
2009-08-20,343030.96,243.031,7.6131,16.6456,0.7325,6.9314,901.5451,No,16.8,15,1672
2009-08-21,341457.32,241.4573,7.5849,16.6456,0.7304,6.9277,883.0574,No,16.8,15,1673
2009-08-24,341353.26,241.3533,7.5868,16.6456,0.7292,6.9314,883.5847,No,16.79,15,1674
2009-08-25,340476.26,240.4763,7.5716,16.6456,0.7284,6.9321,881.2572,No,16.79,15,1675
2009-08-26,340138.21,240.1382,7.5665,16.6456,0.7286,6.9333,881.0414,No,16.78,15,1676
2009-08-27,340028.68,240.0287,7.5657,16.6456,0.7254,6.933,878.2096,No,16.78,15,1677
2009-08-28,338609.2,238.6092,7.5402,16.6456,0.7281,6.9318,880.0161,No,16.78,15,1678
2009-08-31,339836.39,239.8364,7.5672,16.6456,0.7333,6.9326,887.9535,No,16.77,15,1679
2009-09-01,341736.52,241.7365,7.6043,16.6456,0.7265,6.9308,910.2631,No,16.77,15,1680
2009-09-02,338662.52,238.6625,7.5476,16.6456,0.7218,6.9283,913.346,No,16.76,15,1681
2009-09-03,336371.32,236.3713,7.5053,16.6456,0.7223,6.9253,904.6972,No,16.76,15,1682
2009-09-04,336506.6,236.5066,7.5092,16.6456,0.7209,6.9243,891.622,No,16.76,15,1683
2009-09-08,335912.79,235.9128,7.5029,16.6456,0.7199,6.9238,882.7765,No,16.75,15,1684
2009-09-09,335546.94,235.5469,7.4972,16.6456,0.7139,6.9224,875.1348,No,16.75,15,1685
2009-09-10,333260.28,233.2603,7.4546,16.6456,0.7114,6.9236,865.0649,No,16.74,15,1686
2009-09-11,332025.59,232.0256,7.432,16.6456,0.7133,6.9232,866.1722,No,16.74,15,1687
2009-09-14,332673.36,232.6734,7.4483,16.6456,0.7127,6.9238,860.0685,No,16.73,15,1688
2009-09-15,332269.83,232.2698,7.4418,16.6456,0.7061,6.921,857.0565,No,16.73,15,1689
2009-09-16,329471.11,229.4711,7.3887,16.6456,0.7052,6.9192,842.5933,No,16.73,15,1690
2009-09-17,329433.36,229.4334,7.3893,16.6456,0.7078,6.9216,845.3523,No,16.72,15,1691
2009-09-18,330147.12,230.1471,7.4044,16.6456,0.7093,6.9221,842.8518,No,16.72,15,1692
2009-09-21,330802.13,230.8021,7.4209,16.6456,0.7056,6.9231,846.0731,No,16.71,15,1693
2009-09-22,329062.05,229.0621,7.3883,16.6456,0.7073,6.9221,839.8665,No,16.71,15,1694
2009-09-23,329830.59,229.8306,7.4045,16.6456,0.7125,6.9223,849.4202,No,16.71,15,1695
2009-09-24,331945.02,231.945,7.4469,16.6456,0.7134,6.9259,858.407,No,16.7,15,1696
2009-09-25,332294.11,232.2941,7.4549,16.6456,0.708,6.9269,864.2811,No,16.7,15,1697
2009-09-28,329867.81,229.8678,7.4116,16.6456,0.7087,6.9271,847.2406,No,16.69,15,1698
2009-09-29,330059.56,230.0596,7.4166,16.6456,0.7065,6.9276,849.3328,No,16.69,15,1699
2009-09-30,328942.71,228.9427,7.396,16.6456,0.7109,6.9251,852.4117,No,16.69,15,1700
2009-10-01,331119.64,231.1196,7.4397,16.6456,0.7137,6.929,877.5838,No,16.68,15,1701
2009-10-02,331644.58,231.6446,7.4512,16.6456,0.7077,6.927,881.9695,No,16.68,15,1702
2009-10-05,329008.14,229.0081,7.4036,16.6456,0.702,6.9237,867.56,No,16.67,15,1703
2009-10-06,326469.65,226.4696,7.355,16.6456,0.6971,6.9194,854.4607,No,16.67,15,1704
2009-10-07,324928.13,224.9281,7.3257,16.6456,0.6956,6.9201,851.3795,No,16.67,15,1705
2009-10-08,323942.81,223.9428,7.3074,16.6456,0.7007,6.9166,844.3246,No,16.67,15,1706
2009-10-09,325793.17,225.7932,7.3454,16.6456,0.6974,6.9163,839.0055,No,16.66,15,1707
2009-10-12,324508.1,224.5081,7.3236,16.6456,0.6954,6.9157,834.9043,No,16.65,15,1708
2009-10-13,323705.94,223.7059,7.3089,16.6456,0.695,6.916,837.4534,No,16.65,15,1709
2009-10-14,323324.23,223.3242,7.3026,16.6456,0.6978,6.9148,821.2524,No,16.65,15,1710
2009-10-15,324547.25,224.5472,7.3282,16.6456,0.698,6.917,817.4423,No,16.65,15,1711
2009-10-16,324554.47,224.5545,7.3296,16.6456,0.6933,6.9171,824.9285,No,16.64,15,1712
2009-10-19,322602.55,222.6025,7.2944,16.6456,0.6935,6.9172,816.3166,No,16.64,15,1713
2009-10-20,322689.17,222.6892,7.2974,16.6456,0.6958,6.9182,822.045,No,16.63,15,1714
2009-10-21,323351.55,223.3515,7.3118,16.6456,0.6958,6.9183,830.1517,No,16.63,15,1715
2009-10-22,323309.93,223.3099,7.3123,16.6456,0.7008,6.9178,820.2918,No,16.63,15,1716
2009-10-23,325095.72,225.0957,7.3491,16.6456,0.7095,6.9149,831.6376,No,16.62,15,1717
2009-10-26,328275.82,228.2758,7.4157,16.6456,0.7091,6.9171,842.6795,No,16.62,15,1718
2009-10-27,328225.61,228.2256,7.416,16.6456,0.714,6.9187,845.8128,No,16.61,15,1719
2009-10-28,330036.73,230.0367,7.4529,16.6456,0.7088,6.9192,864.5291,No,16.61,15,1720
2009-10-29,327375.54,227.3755,7.4018,16.6456,0.7127,6.9153,843.2128,No,16.61,15,1721
2009-10-30,329419.27,229.4193,7.4433,16.6456,0.7105,6.9182,870.4388,No,16.61,15,1722
2009-11-02,327938.51,227.9385,7.418,16.6456,0.7056,6.9157,864.2135,No,16.6,15,1723
2009-11-03,325805.88,225.8059,7.377,16.6456,0.7064,6.9122,861.8757,No,16.59,15,1724
2009-11-04,326160.13,226.1601,7.3853,16.6456,0.7019,6.9111,860.5322,No,16.59,15,1725
2009-11-05,324311.12,224.3111,7.3498,16.6456,0.6997,6.9109,842.3027,No,16.59,15,1726
2009-11-06,323478.8,223.4788,7.3344,16.6456,0.6937,6.9089,839.8237,No,16.59,15,1727
2009-11-09,321019.57,221.0196,7.2888,16.6456,0.6937,6.9086,819.1539,No,16.58,15,1728
2009-11-10,321044.81,221.0448,7.2905,16.6456,0.6895,6.9082,818.9799,No,16.58,15,1729
2009-11-11,319338.36,219.3384,7.2573,16.6456,0.6938,6.9066,814.3823,No,16.57,15,1730
2009-11-12,320964.98,220.965,7.2914,16.6456,0.69,6.9076,823.7326,No,16.57,15,1731
2009-11-13,319329.78,219.3298,7.2596,16.6456,0.6804,6.9017,818.4531,No,16.57,15,1732
2009-11-16,315507.14,215.5071,7.1853,16.6456,0.6789,6.9002,805.1748,No,16.56,15,1733
2009-11-17,315008.35,215.0083,7.1763,16.6456,0.6801,6.9011,804.2374,No,16.56,15,1734
2009-11-18,315315.44,215.3154,7.1839,16.6456,0.6826,6.9011,804.5199,No,16.55,15,1735
2009-11-19,316258.25,216.2582,7.2044,16.6456,0.6827,6.9023,816.8256,No,16.55,15,1736
2009-11-20,316150.39,216.1504,7.2035,16.6456,0.6769,6.9007,819.62,No,16.55,15,1737
2009-11-23,313781.81,213.7818,7.1584,16.6456,0.6753,6.8993,807.2248,No,16.54,15,1738
2009-11-24,313268.24,213.2682,7.149,16.6456,0.6697,6.8984,807.6538,No,16.54,15,1739
2009-11-25,311026.36,211.0264,7.1037,16.6456,0.6752,6.8955,803.4652,No,16.53,15,1740
2009-11-27,313080.0,213.08,7.1488,16.6456,0.673,6.8978,819.0823,No,16.53,15,1741
2009-11-30,312086.88,212.0869,7.1319,16.6456,0.6696,6.8973,815.5236,No,16.52,15,1742
2009-12-01,310638.57,210.6386,7.103,16.6456,0.6668,6.8955,804.5546,No,16.52,15,1743
2009-12-02,309662.11,209.6621,7.0838,16.6456,0.6702,6.8946,804.1285,No,16.52,15,1744
2009-12-03,310764.48,210.7645,7.108,16.6456,0.6809,6.889,811.7556,No,16.51,15,1745
2009-12-04,314436.14,214.4361,7.1855,16.6456,0.6824,6.8932,806.7562,No,16.51,15,1746
2009-12-07,314926.73,214.9267,7.1993,16.6456,0.6886,6.8926,808.9586,No,16.5,15,1747
2009-12-08,317184.59,217.1846,7.247,16.6456,0.6937,6.8943,818.259,No,16.5,15,1748
2009-12-09,318918.56,218.9186,7.2837,16.6456,0.6942,6.8968,814.803,No,16.5,15,1749
2009-12-10,318870.46,218.8705,7.2839,16.6456,0.6946,6.8966,809.4043,No,16.49,15,1750
2009-12-11,319055.69,219.0557,7.289,16.6456,0.6922,6.8976,806.0643,No,16.49,15,1751
2009-12-14,318062.85,218.0629,7.2725,16.6456,0.6947,6.8976,799.619,No,16.48,15,1752
2009-12-15,318925.64,218.9256,7.2913,16.6456,0.6923,6.8982,804.6389,No,16.48,15,1753
2009-12-16,317908.25,217.9083,7.2718,16.6456,0.697,6.8965,803.6087,No,16.48,15,1754
2009-12-17,319902.97,219.903,7.3138,16.6456,0.6967,6.9006,814.3671,No,16.47,15,1755
2009-12-18,319418.21,219.4182,7.3052,16.6456,0.7015,6.8995,809.1338,No,16.47,15,1756
2009-12-21,321131.58,221.1316,7.3438,16.6456,0.7041,6.9005,799.5994,No,16.46,15,1757
2009-12-22,322033.78,222.0338,7.3634,16.6456,0.7023,6.9018,796.3844,No,16.46,15,1758
2009-12-23,321201.39,221.2014,7.3478,16.6456,0.7013,6.9019,794.1359,No,16.46,15,1759
2009-12-24,320691.61,220.6916,7.3387,16.6456,0.7009,6.9014,789.4616,No,16.45,15,1760
2009-12-28,320548.54,220.5485,7.3408,16.6456,0.7019,6.9018,788.3174,No,16.44,15,1761
2009-12-29,320957.38,220.9574,7.3504,16.6456,0.7018,6.9037,789.4089,No,16.44,15,1762
2009-12-30,320874.44,220.8744,7.35,16.6456,0.7047,6.9048,789.155,No,16.44,15,1763
2009-12-31,321761.96,221.762,7.3693,16.6456,0.6972,6.9021,798.1747,No,16.44,15,1764
2010-01-04,318714.39,218.7144,7.3122,16.6456,0.6949,6.9004,783.9545,No,16.42,15,1765
2010-01-05,317928.86,217.9289,7.2973,16.6456,0.6943,6.9013,781.1982,No,16.42,15,1766
2010-01-06,317509.27,217.5093,7.29,16.6456,0.6935,6.9003,780.338,No,16.42,15,1767
2010-01-07,317258.96,217.259,7.2861,16.6456,0.6922,6.9013,776.779,No,16.42,15,1768
2010-01-08,316668.16,216.6682,7.2752,16.6456,0.6907,6.9015,774.257,No,16.41,15,1769
2010-01-11,316014.64,216.0146,7.2654,16.6456,0.6932,6.9008,772.7359,No,16.41,15,1770
2010-01-12,317102.42,217.1024,7.2892,16.6456,0.693,6.9039,781.0007,No,16.4,15,1771
2010-01-13,316748.18,216.7482,7.2831,16.6456,0.6883,6.9025,773.6415,No,16.4,15,1772
2010-01-14,315007.02,215.007,7.2483,16.6456,0.692,6.9023,771.5101,No,16.4,15,1773
2010-01-15,316354.13,216.3541,7.2775,16.6456,0.6884,6.9037,781.01,No,16.39,15,1774
2010-01-19,314834.29,214.8343,7.251,16.6456,0.694,6.9017,770.1316,No,16.38,15,1775
2010-01-20,317028.26,217.0283,7.2977,16.6456,0.6999,6.9036,779.3202,No,16.38,15,1776
2010-01-21,319006.44,219.0064,7.3398,16.6456,0.7088,6.9018,796.2773,No,16.38,15,1777
2010-01-22,322101.13,222.1011,7.4043,16.6456,0.7081,6.904,816.5761,No,16.38,15,1778
2010-01-25,321559.49,221.5595,7.3971,16.6456,0.7084,6.9041,812.3603,No,16.37,15,1779
2010-01-26,321662.61,221.6626,7.4005,16.6456,0.7104,6.9046,816.2047,No,16.36,15,1780
2010-01-27,322396.63,222.3966,7.4168,16.6456,0.7136,6.906,811.7153,No,16.36,15,1781
2010-01-28,323495.02,223.495,7.4404,16.6456,0.7143,6.907,822.5398,No,16.36,15,1782
2010-01-29,323725.71,223.7257,7.4464,16.6456,0.7093,6.9067,831.6902,No,16.36,15,1783
2010-02-01,321455.29,221.4553,7.404,16.6456,0.703,6.9034,818.5861,No,16.35,15,1784
2010-02-02,319110.28,219.1103,7.3572,16.6456,0.708,6.9016,806.816,No,16.35,15,1785
2010-02-03,320894.76,220.8948,7.3951,16.6456,0.7224,6.8926,811.4987,No,16.34,15,1786
2010-02-04,326461.17,226.4612,7.5095,16.6456,0.7252,6.8974,840.7719,No,16.34,15,1787
2010-02-05,326936.51,226.9365,7.5204,16.6456,0.7244,6.899,838.0555,No,16.34,15,1788
2010-02-08,326395.67,226.3957,7.5134,16.6456,0.7215,6.8985,846.1273,No,16.33,15,1789
2010-02-09,325082.25,225.0822,7.4881,16.6456,0.7239,6.8978,833.915,No,16.33,15,1790
2010-02-10,326051.66,226.0517,7.5091,16.6456,0.7193,6.8974,835.7632,No,16.32,15,1791
2010-02-11,324092.89,224.0929,7.4707,16.6456,0.7197,6.8968,826.663,No,16.32,15,1792
2010-02-12,324375.01,224.375,7.4777,16.6456,0.71,6.8921,829.0155,No,16.32,15,1793
2010-02-16,320306.83,220.3068,7.3998,16.6456,0.7112,6.8907,812.4663,No,16.31,15,1794
2010-02-17,320796.98,220.797,7.4111,16.6456,0.7109,6.8915,808.4582,No,16.3,15,1795
2010-02-18,320667.7,220.6677,7.4098,16.6456,0.7087,6.8921,802.4426,No,16.3,15,1796
2010-02-19,319793.83,219.7938,7.3931,16.6456,0.7117,6.8922,800.3355,No,16.3,15,1797
2010-02-22,320877.31,220.8773,7.4192,16.6456,0.7132,6.8935,801.2599,No,16.29,15,1798
2010-02-23,321488.42,221.4884,7.4331,16.6456,0.7123,6.895,812.2999,No,16.29,15,1799
2010-02-24,320975.94,220.9759,7.4238,16.6456,0.7094,6.8958,803.3416,No,16.28,15,1800
2010-02-25,319785.41,219.7854,7.4006,16.6456,0.706,6.8953,805.001,No,16.28,15,1801
2010-02-26,318441.02,218.441,7.3741,16.6456,0.704,6.8953,803.6978,No,16.28,15,1802
2010-03-01,317669.07,217.6691,7.362,16.6456,0.7001,6.8953,794.5867,No,16.27,15,1803
2010-03-02,316097.62,216.0976,7.3305,16.6456,0.6993,6.8949,792.5064,No,16.27,15,1804
2010-03-03,315797.14,215.7971,7.3255,16.6456,0.6993,6.8954,791.9903,No,16.27,15,1805
2010-03-04,315852.22,215.8522,7.328,16.6456,0.699,6.8969,788.6475,No,16.26,15,1806
2010-03-05,315545.91,215.5459,7.3228,16.6456,0.7024,6.8968,776.3413,No,16.26,15,1807
2010-03-08,316799.66,216.7997,7.3529,16.6456,0.7025,6.8984,776.3367,No,16.25,15,1808
2010-03-09,316759.79,216.7598,7.3533,16.6456,0.7051,6.8989,774.7992,No,16.25,15,1809
2010-03-10,317697.7,217.6977,7.3741,16.6456,0.7037,6.9005,770.7468,No,16.25,15,1810
2010-03-11,317044.84,217.0448,7.3618,16.6456,0.7038,6.9014,766.9503,No,16.24,15,1811
2010-03-12,317104.14,217.1041,7.3644,16.6456,0.7036,6.9026,767.128,No,16.24,15,1812
2010-03-15,316871.81,216.8718,7.3634,16.6456,0.697,6.9007,766.7182,No,16.23,15,1813
2010-03-16,314296.22,214.2962,7.3107,16.6456,0.6943,6.9002,760.0203,No,16.23,15,1814
2010-03-17,313369.32,213.3693,7.2924,16.6456,0.6946,6.9009,755.03,No,16.23,15,1815
2010-03-18,313371.99,213.372,7.2938,16.6456,0.6997,6.9001,755.2915,No,16.22,15,1816
2010-03-19,315265.31,215.2653,7.3349,16.6456,0.7005,6.9021,759.6708,No,16.22,15,1817
2010-03-22,315426.03,215.426,7.3421,16.6456,0.6994,6.9034,755.287,No,16.21,15,1818
2010-03-23,314867.55,214.8675,7.3317,16.6456,0.7082,6.8999,749.1002,No,16.21,15,1819
2010-03-24,317915.39,217.9154,7.3968,16.6456,0.7095,6.9016,753.7827,No,16.21,15,1820
2010-03-25,318200.77,218.2008,7.404,16.6456,0.7064,6.9018,755.2383,No,16.21,15,1821
2010-03-26,316984.44,216.9844,7.3799,16.6456,0.7047,6.9018,754.605,No,16.2,15,1822
2010-03-29,316328.92,216.3289,7.3701,16.6456,0.7052,6.9023,749.6204,No,16.19,15,1823
2010-03-30,316530.2,216.5302,7.3756,16.6456,0.7029,6.9032,749.4891,No,16.19,15,1824
2010-03-31,315551.05,215.5511,7.3563,16.6456,0.6995,6.9029,752.266,No,16.19,15,1825
2010-04-01,314230.12,214.2301,7.3298,16.6456,0.6999,6.903,745.9622,No,16.19,15,1826
2010-04-05,314313.12,214.3131,7.3367,16.6456,0.6988,6.9035,739.2812,No,16.18,15,1827
2010-04-06,313884.38,213.8844,7.3289,16.6456,0.694,6.903,737.8666,No,16.17,15,1828
2010-04-07,312023.95,212.0239,7.2908,16.6456,0.6931,6.9028,742.4515,No,16.17,15,1829
2010-04-08,311727.46,211.7275,7.2857,16.6456,0.6896,6.9029,739.5886,No,16.17,15,1830
2010-04-09,310374.23,210.3742,7.2581,16.6456,0.688,6.9032,734.0136,No,16.16,15,1831
2010-04-12,309790.58,209.7906,7.2495,16.6456,0.6889,6.904,732.5243,No,16.16,15,1832
2010-04-13,310123.18,210.1232,7.2579,16.6456,0.6871,6.9051,731.8906,No,16.15,15,1833
2010-04-14,309357.18,209.3572,7.2427,16.6456,0.6866,6.9057,722.7052,No,16.15,15,1834
2010-04-15,309150.82,209.1508,7.2395,16.6456,0.6936,6.9039,722.0168,No,16.15,15,1835
2010-04-16,311570.25,211.5702,7.2926,16.6456,0.6939,6.9059,735.4913,No,16.15,15,1836
2010-04-19,311488.0,211.488,7.2947,16.6456,0.6908,6.9063,731.7188,No,16.14,15,1837
2010-04-20,310339.99,210.34,7.2714,16.6456,0.6875,6.9064,725.0619,No,16.13,15,1838
2010-04-21,309069.67,209.0697,7.2454,16.6456,0.6889,6.9066,725.8959,No,16.13,15,1839
2010-04-22,309555.17,209.5552,7.2572,16.6456,0.6862,6.9074,723.9909,No,16.13,15,1840
2010-04-23,308478.76,208.4788,7.2353,16.6456,0.6869,6.9077,718.1659,No,16.13,15,1841
2010-04-26,308683.08,208.6831,7.2435,16.6456,0.6875,6.9084,721.6853,No,16.12,15,1842
2010-04-27,308832.53,208.8325,7.248,16.6456,0.6862,6.9086,741.352,No,16.12,15,1843
2010-04-28,308268.6,208.2686,7.2371,16.6456,0.683,6.9085,735.8002,No,16.11,15,1844
2010-04-29,307166.84,207.1668,7.2145,16.6456,0.6821,6.9095,725.0578,No,16.11,15,1845
2010-04-30,306756.59,206.7566,7.2069,16.6456,0.6792,6.9092,739.0209,No,16.11,15,1846
2010-05-03,305665.29,205.6653,7.187,16.6456,0.6834,6.909,728.1504,No,16.1,15,1847
2010-05-04,307203.92,207.2039,7.2217,16.6456,0.6829,6.9103,748.3713,No,16.1,15,1848
2010-05-05,306830.58,206.8306,7.2149,16.6456,0.6792,6.91,753.6899,No,16.09,15,1849
2010-05-06,305706.43,205.7064,7.1917,16.6456,0.684,6.9092,782.1166,No,16.09,15,1850
2010-05-07,306968.51,206.9685,7.2204,16.6456,0.6807,6.9089,795.8249,No,16.09,15,1851
2010-05-10,305647.64,205.6476,7.1955,16.6456,0.6781,6.9098,758.0663,No,16.08,15,1852
2010-05-11,304776.82,204.7768,7.1777,16.6456,0.6726,6.9082,760.8142,No,16.08,15,1853
2010-05-12,302757.19,202.7572,7.1347,16.6456,0.6764,6.9072,748.86,No,16.07,15,1854
2010-05-13,304117.01,204.117,7.1658,16.6456,0.6774,6.9085,759.2412,No,16.07,15,1855
2010-05-14,304466.21,204.4662,7.1747,16.6456,0.6785,6.9093,775.695,No,16.07,15,1856
2010-05-17,304603.22,204.6032,7.1815,16.6456,0.6808,6.9099,774.5627,No,16.06,15,1857
2010-05-18,305531.82,205.5318,7.2031,16.6456,0.686,6.9101,786.9998,No,16.06,15,1858
2010-05-19,307171.77,207.1718,7.2401,16.6456,0.6916,6.9104,791.4892,No,16.05,15,1859
2010-05-20,309353.01,209.353,7.2887,16.6456,0.6919,6.9114,827.5536,No,16.05,15,1860
2010-05-21,308861.93,208.8619,7.2794,16.6456,0.6921,6.9127,813.8153,No,16.05,15,1861
2010-05-24,308930.48,208.9305,7.2847,16.6456,0.6904,6.9127,825.7482,No,16.04,15,1862
2010-05-25,308281.43,208.2814,7.2719,16.6456,0.6896,6.9133,825.4212,No,16.04,15,1863
2010-05-26,307895.61,207.8956,7.2648,16.6456,0.6877,6.9133,830.5083,No,16.04,15,1864
2010-05-27,306841.36,206.8414,7.2432,16.6456,0.6886,6.9141,800.5714,No,16.03,15,1865
2010-05-28,307527.57,207.5276,7.2594,16.6456,0.689,6.9149,811.8311,No,16.03,15,1866
2010-06-01,307657.66,207.6577,7.2674,16.6456,0.6868,6.9148,827.7152,No,16.02,15,1867
2010-06-02,306437.61,206.4376,7.2421,16.6456,0.6893,6.9154,804.2028,No,16.02,15,1868
2010-06-03,307431.87,207.4319,7.265,16.6456,0.6896,6.9168,800.5173,No,16.01,15,1869
2010-06-04,307978.26,207.9783,7.2782,16.6456,0.6883,6.9167,832.5747,No,16.01,15,1870
2010-06-07,307112.62,207.1126,7.2632,16.6456,0.6867,6.9165,845.3144,No,16.0,15,1871
2010-06-08,306196.28,206.1963,7.2445,16.6456,0.691,6.9159,834.915,No,16.0,15,1872
2010-06-09,307771.56,207.7716,7.2802,16.6456,0.6901,6.9174,840.4449,No,16.0,15,1873
2010-06-10,307053.19,207.0532,7.2658,16.6456,0.6841,6.9171,813.4916,No,15.99,15,1874
2010-06-11,305235.12,205.2351,7.2273,16.6456,0.687,6.9172,809.1789,No,15.99,15,1875
2010-06-14,306104.73,206.1047,7.2502,16.6456,0.6811,6.9163,810.8046,No,15.98,15,1876
2010-06-15,303821.95,203.822,7.2013,16.6456,0.6802,6.9169,789.8885,No,15.98,15,1877
2010-06-16,303712.71,203.7127,7.2001,16.6456,0.6752,6.9163,790.3638,No,15.98,15,1878
2010-06-17,301861.2,201.8612,7.1604,16.6456,0.6737,6.9163,789.1023,No,15.98,15,1879
2010-06-18,301255.26,201.2553,7.1482,16.6456,0.6786,6.9155,787.9303,No,15.97,15,1880
2010-06-21,302866.1,202.8661,7.1878,16.6456,0.6797,6.917,791.3592,No,15.96,15,1881
2010-06-22,303353.54,203.3535,7.1999,16.6456,0.6807,6.9176,805.7908,No,15.96,15,1882
2010-06-23,303500.98,203.501,7.2044,16.6456,0.6842,6.9181,808.4832,No,15.96,15,1883
2010-06-24,304606.88,204.6069,7.2301,16.6456,0.6813,6.9179,824.0067,No,15.96,15,1884
2010-06-25,303434.36,203.4344,7.2055,16.6456,0.6829,6.9182,821.3707,No,15.95,15,1885
2010-06-28,304055.69,204.0557,7.2231,16.6456,0.6874,6.9188,823.0713,No,15.95,15,1886
2010-06-29,305789.26,205.7893,7.2626,16.6456,0.689,6.9193,852.5821,No,15.94,15,1887
2010-06-30,305996.83,205.9968,7.2685,16.6456,0.6975,6.9167,862.201,No,15.94,15,1888
2010-07-01,308726.44,208.7264,7.3296,16.6456,0.7008,6.9185,865.2737,No,15.94,15,1889
2010-07-02,309596.18,209.5962,7.3498,16.6456,0.7001,6.9193,869.7602,No,15.93,15,1890
2010-07-06,309421.66,209.4217,7.3513,16.6456,0.6953,6.9192,864.5967,No,15.92,15,1891
2010-07-07,307209.37,207.2094,7.3042,16.6456,0.6941,6.9202,834.8461,No,15.92,15,1892
2010-07-08,307023.35,207.0234,7.3014,16.6456,0.6909,6.9209,826.0962,No,15.92,15,1893
2010-07-09,305863.29,205.8633,7.2772,16.6456,0.6927,6.9211,819.4715,No,15.92,15,1894
2010-07-12,306571.71,206.5717,7.2967,16.6456,0.6886,6.9214,818.7753,No,15.91,15,1895
2010-07-13,304872.46,204.8725,7.2605,16.6456,0.6871,6.922,804.7877,No,15.9,15,1896
2010-07-14,304625.47,204.6255,7.2563,16.6456,0.6848,6.9226,804.9118,No,15.9,15,1897
2010-07-15,303758.83,203.7588,7.2384,16.6456,0.6949,6.9184,803.8314,No,15.9,15,1898
2010-07-16,307262.74,207.2627,7.3171,16.6456,0.6975,6.9194,830.6237,No,15.9,15,1899
2010-07-19,307603.33,207.6033,7.3285,16.6456,0.6927,6.9195,825.0788,No,15.89,15,1900
2010-07-20,305850.66,205.8507,7.2912,16.6456,0.6915,6.9201,814.6104,No,15.88,15,1901
2010-07-21,305792.2,205.7922,7.2912,16.6456,0.6894,6.9201,826.3561,No,15.88,15,1902
2010-07-22,304416.93,204.4169,7.2621,16.6456,0.6907,6.921,805.935,No,15.88,15,1903
2010-07-23,304990.94,204.9909,7.2761,16.6456,0.6892,6.9224,798.5415,No,15.88,15,1904
2010-07-26,304513.02,204.513,7.2694,16.6456,0.6968,6.9205,788.5853,No,15.87,15,1905
2010-07-27,307044.74,207.0447,7.3267,16.6456,0.6975,6.9224,789.5144,No,15.87,15,1906
2010-07-28,307207.14,207.2071,7.3316,16.6456,0.6972,6.9231,795.6596,No,15.86,15,1907
2010-07-29,306974.65,206.9747,7.3278,16.6456,0.6914,6.9217,799.2563,No,15.86,15,1908
2010-07-30,304968.68,204.9687,7.2847,16.6456,0.6896,6.9216,799.2024,No,15.86,15,1909
2010-08-02,304020.92,204.0209,7.2676,16.6456,0.6885,6.923,779.8124,No,15.85,15,1910
2010-08-03,303885.8,203.8858,7.2659,16.6456,0.6875,6.9236,784.0445,No,15.85,15,1911
2010-08-04,303299.13,203.2991,7.2541,16.6456,0.6858,6.9243,778.4262,No,15.84,15,1912
2010-08-05,302833.69,202.8337,7.245,16.6456,0.6833,6.9246,779.503,No,15.84,15,1913
2010-08-06,301960.93,201.9609,7.2267,16.6456,0.6838,6.925,782.6733,No,15.84,15,1914
2010-08-09,301944.54,201.9445,7.2302,16.6456,0.6856,6.9259,777.8422,No,15.83,15,1915
2010-08-10,302586.73,202.5867,7.2459,16.6456,0.689,6.9262,783.0937,No,15.83,15,1916
2010-08-11,303911.04,203.911,7.2768,16.6456,0.6887,6.9263,808.2433,No,15.82,15,1917
2010-08-12,303344.94,203.3449,7.2655,16.6456,0.6868,6.9264,813.0266,No,15.82,15,1918
2010-08-13,302844.96,202.845,7.2556,16.6456,0.6802,6.9241,816.6881,No,15.82,15,1919
2010-08-16,300577.72,200.5777,7.2086,16.6456,0.6792,6.9242,816.5303,No,15.81,15,1920
2010-08-17,299766.32,199.7663,7.1915,16.6456,0.6772,6.9252,805.2293,No,15.81,15,1921
2010-08-18,299250.28,199.2503,7.1811,16.6456,0.6769,6.9259,803.7621,No,15.81,15,1922
2010-08-19,299417.69,199.4177,7.1862,16.6456,0.6805,6.9259,819.3178,No,15.8,15,1923
2010-08-20,300222.25,200.2223,7.2057,16.6456,0.6817,6.9269,822.6946,No,15.8,15,1924
2010-08-23,300567.24,200.5672,7.2174,16.6456,0.6808,6.9277,826.4237,No,15.79,15,1925
2010-08-24,300491.44,200.4914,7.217,16.6456,0.6805,6.9281,840.0485,No,15.79,15,1926
2010-08-25,299902.72,199.9027,7.2049,16.6456,0.6808,6.9287,836.8627,No,15.79,15,1927
2010-08-26,300237.68,200.2377,7.2138,16.6456,0.6842,6.9292,844.0869,No,15.78,15,1928
2010-08-27,300571.55,200.5716,7.2227,16.6456,0.6815,6.9303,828.4406,No,15.78,15,1929
2010-08-30,300546.33,200.5463,7.226,16.6456,0.6783,6.9298,842.1198,No,15.77,15,1930
2010-08-31,299101.53,199.1015,7.1945,16.6456,0.6772,6.9302,841.7113,No,15.77,15,1931
2010-09-01,298044.31,198.0443,7.1718,16.6456,0.6751,6.9315,814.6205,No,15.77,15,1932
2010-09-02,297627.56,197.6276,7.1635,16.6456,0.6749,6.9324,806.323,No,15.76,15,1933
2010-09-03,297482.8,197.4828,7.1615,16.6456,0.6708,6.933,794.4751,No,15.76,15,1934
2010-09-07,296615.71,196.6157,7.1468,16.6456,0.6725,6.9333,804.7976,No,15.75,15,1935
2010-09-08,296675.2,196.6752,7.1495,16.6456,0.677,6.9331,798.8057,No,15.75,15,1936
2010-09-09,297985.38,197.9854,7.1807,16.6456,0.6773,6.9342,794.48,No,15.75,15,1937
2010-09-10,298158.6,198.1586,7.186,16.6456,0.6735,6.9346,790.1333,No,15.74,15,1938
2010-09-13,296863.72,196.8637,7.1602,16.6456,0.6671,6.9333,780.0188,No,15.73,15,1939
2010-09-14,294765.03,194.765,7.1132,16.6456,0.6706,6.9328,780.6481,No,15.73,15,1940
2010-09-15,295632.89,195.6329,7.1345,16.6456,0.6717,6.9338,777.5249,No,15.73,15,1941
2010-09-16,295984.4,195.9844,7.1439,16.6456,0.6698,6.9344,777.6975,No,15.73,15,1942
2010-09-17,295419.61,195.4196,7.1322,16.6456,0.6648,6.9337,776.9699,No,15.72,15,1943
2010-09-20,293616.12,193.6161,7.0943,16.6456,0.6633,6.9345,763.8104,No,15.72,15,1944
2010-09-21,293307.52,193.3075,7.0884,16.6456,0.6598,6.9346,766.0132,No,15.71,15,1945
2010-09-22,292037.54,192.0375,7.0601,16.6456,0.6608,6.9349,770.1087,No,15.71,15,1946
2010-09-23,292279.4,192.2794,7.067,16.6456,0.6591,6.9354,777.4176,No,15.71,15,1947
2010-09-24,291374.06,191.3741,7.0472,16.6456,0.6557,6.9361,759.2054,No,15.7,15,1948
2010-09-27,290663.47,190.6635,7.0343,16.6456,0.6521,6.9358,764.0908,No,15.7,15,1949
2010-09-28,289252.01,189.252,7.0024,16.6456,0.6535,6.9363,759.7649,No,15.69,15,1950
2010-09-29,289598.65,189.5986,7.0118,16.6456,0.6546,6.9371,761.8976,No,15.69,15,1951
2010-09-30,289920.18,189.9202,7.0207,16.6456,0.6534,6.9379,764.557,No,15.69,15,1952
2010-10-01,289400.68,189.4007,7.0097,16.6456,0.6547,6.9385,760.7379,No,15.68,15,1953
2010-10-04,289905.2,189.9052,7.0254,16.6456,0.6479,6.9364,767.6477,No,15.68,15,1954
2010-10-05,287347.4,187.3474,6.9662,16.6456,0.6433,6.9361,749.9223,No,15.67,15,1955
2010-10-06,286147.07,186.1471,6.9388,16.6456,0.6484,6.9356,750.0624,No,15.67,15,1956
2010-10-07,287487.45,187.4874,6.972,16.6456,0.6462,6.9366,751.4613,No,15.67,15,1957
2010-10-08,286724.88,186.7249,6.9551,16.6456,0.6445,6.9372,746.2788,No,15.67,15,1958
2010-10-11,286204.94,186.2049,6.9465,16.6456,0.6474,6.9374,746.153,No,15.66,15,1959
2010-10-12,286955.25,186.9552,6.9657,16.6456,0.642,6.9371,742.9334,No,15.65,15,1960
2010-10-13,285227.65,185.2276,6.9257,16.6456,0.6451,6.937,736.8809,No,15.65,15,1961
2010-10-14,286118.04,186.118,6.9482,16.6456,0.6485,6.9371,739.939,No,15.65,15,1962
2010-10-15,287065.81,187.0658,6.9721,16.6456,0.6449,6.9377,738.2453,No,15.65,15,1963
2010-10-18,285961.79,185.9618,6.9495,16.6456,0.6538,6.9345,732.201,No,15.64,15,1964
2010-10-19,288726.63,188.7266,7.0166,16.6456,0.6501,6.935,745.6328,No,15.64,15,1965
2010-10-20,287308.02,187.308,6.9842,16.6456,0.6558,6.934,736.6985,No,15.63,15,1966
2010-10-21,288978.5,188.9785,7.0251,16.6456,0.6537,6.9352,735.17,No,15.63,15,1967
2010-10-22,288359.34,188.3593,7.0117,16.6456,0.6504,6.9354,733.1841,No,15.63,15,1968
2010-10-25,287230.54,187.2305,6.9886,16.6456,0.6543,6.9352,731.3877,No,15.62,15,1969
2010-10-26,288276.93,188.2769,7.0148,16.6456,0.6597,6.9346,731.3794,No,15.62,15,1970
2010-10-27,289938.31,189.9383,7.0555,16.6456,0.6555,6.9349,733.5123,No,15.61,15,1971
2010-10-28,288556.68,188.5567,7.024,16.6456,0.6511,6.9343,732.5033,No,15.61,15,1972
2010-10-29,287151.53,187.1515,6.9918,16.6456,0.6534,6.9346,732.8646,No,15.61,15,1973
2010-11-01,287731.74,187.7317,7.0095,16.6456,0.6477,6.9339,732.0751,No,15.6,15,1974
2010-11-02,285932.94,185.9329,6.9677,16.6456,0.6554,6.9318,725.6687,No,15.6,15,1975
2010-11-03,288059.3,188.0593,7.0198,16.6456,0.642,6.9225,722.492,No,15.59,15,1976
2010-11-04,283668.26,183.6683,6.9157,16.6456,0.6427,6.923,706.795,No,15.59,15,1977
2010-11-05,283799.56,183.7996,6.9202,16.6456,0.6412,6.9238,703.5934,No,15.59,15,1978
2010-11-08,283360.48,183.3605,6.9133,16.6456,0.6474,6.9226,705.1931,No,15.58,15,1979
2010-11-09,285118.92,185.1189,6.957,16.6456,0.6479,6.9235,711.464,No,15.58,15,1980
2010-11-10,285210.94,185.2109,6.9605,16.6456,0.6484,6.9245,707.7664,No,15.58,15,1981
2010-11-11,285358.76,185.3588,6.9653,16.6456,0.6594,6.9194,711.2127,No,15.57,15,1982
2010-11-12,288547.3,188.5473,7.043,16.6456,0.6644,6.9193,720.8598,No,15.57,15,1983
2010-11-15,289961.68,189.9617,7.0805,16.6456,0.6676,6.9197,721.8081,No,15.56,15,1984
2010-11-16,291061.43,191.0614,7.1078,16.6456,0.6697,6.9203,735.1108,No,15.56,15,1985
2010-11-17,291495.29,191.4953,7.1194,16.6456,0.6627,6.9186,734.7982,No,15.56,15,1986
2010-11-18,289169.82,189.1698,7.0655,16.6456,0.6608,6.9193,722.1643,No,15.55,15,1987
2010-11-19,288579.74,188.5797,7.0527,16.6456,0.6595,6.9201,720.0359,No,15.55,15,1988
2010-11-22,288102.59,188.1026,7.0452,16.6456,0.6585,6.9208,721.2887,No,15.54,15,1989
2010-11-23,287811.37,187.8114,7.0395,16.6456,0.6604,6.9212,733.1589,No,15.54,15,1990
2010-11-24,288161.28,188.1613,7.0492,16.6456,0.6605,6.9224,720.8638,No,15.54,15,1991
2010-11-26,288302.79,188.3028,7.0551,16.6456,0.6585,6.923,726.8393,No,15.53,15,1992
2010-11-29,287601.23,187.6012,7.0422,16.6456,0.6558,6.9233,727.7517,No,15.52,15,1993
2010-11-30,286717.38,186.7174,7.0223,16.6456,0.6559,6.924,732.7595,No,15.52,15,1994
2010-12-01,286509.27,186.5093,7.0185,16.6456,0.6531,6.9249,715.0225,No,15.52,15,1995
2010-12-02,285674.06,185.6741,6.9997,16.6456,0.6515,6.9258,704.6944,No,15.52,15,1996
2010-12-03,285175.0,185.175,6.9889,16.6456,0.6471,6.9256,702.5657,No,15.51,15,1997
2010-12-06,283795.6,183.7956,6.9593,16.6456,0.6536,6.9243,703.5817,No,15.5,15,1998
2010-12-07,285612.16,185.6122,7.0046,16.6456,0.6595,6.9235,703.1555,No,15.5,15,1999
2010-12-08,287305.38,187.3054,7.0467,16.6456,0.6559,6.9239,699.9865,No,15.5,15,2000
2010-12-09,286172.01,186.172,7.0207,16.6456,0.6574,6.9246,696.8616,No,15.5,15,2001
2010-12-10,286560.66,186.5607,7.0313,16.6456,0.6545,6.9252,692.1001,No,15.49,15,2002
2010-12-13,285612.99,185.613,7.0123,16.6456,0.6568,6.9257,691.9367,No,15.48,15,2003
2010-12-14,286278.5,186.2785,7.0297,16.6456,0.6646,6.9236,691.204,No,15.48,15,2004
2010-12-15,288514.28,188.5143,7.0847,16.6456,0.6642,6.9246,695.2605,No,15.48,15,2005
2010-12-16,288331.29,188.3313,7.0817,16.6456,0.6586,6.9238,690.3477,No,15.48,15,2006
2010-12-17,286533.59,186.5336,7.0397,16.6456,0.6573,6.9246,689.6821,No,15.47,15,2007
2010-12-20,286064.32,186.0643,7.0322,16.6456,0.654,6.9249,687.6582,No,15.47,15,2008
2010-12-21,284979.67,184.9797,7.0072,16.6456,0.6552,6.9257,682.8238,No,15.46,15,2009
2010-12-22,285304.27,185.3043,7.0164,16.6456,0.6574,6.9263,680.0747,No,15.46,15,2010
2010-12-23,285906.31,185.9063,7.0322,16.6456,0.6549,6.9269,681.3006,No,15.46,15,2011
2010-12-27,285097.4,185.0974,7.0178,16.6456,0.6556,6.9278,680.8202,No,15.45,15,2012
2010-12-28,285306.96,185.307,7.0242,16.6456,0.6506,6.9271,680.211,No,15.44,15,2013
2010-12-29,283618.18,183.6182,6.9843,16.6456,0.6525,6.9277,679.2864,No,15.44,15,2014
2010-12-30,284142.53,184.1425,6.9984,16.6456,0.6476,6.9274,680.4398,No,15.44,15,2015
2010-12-31,282608.34,182.6083,6.9621,16.6456,0.6467,6.9282,680.5912,No,15.44,15,2016
2011-01-03,282260.47,182.2605,6.9574,16.6456,0.6545,6.9261,671.8263,No,15.43,15,2017
2011-01-04,284752.48,184.7525,7.0197,16.6456,0.6606,6.925,672.8274,No,15.42,14,2018
2011-01-05,286549.11,186.5491,7.0646,16.6456,0.6615,6.9265,668.8777,No,15.42,14,2019
2011-01-06,286396.22,186.3962,7.0622,16.6456,0.6611,6.9276,670.2198,No,15.42,14,2020
2011-01-07,286220.87,186.2209,7.0593,16.6456,0.6592,6.9288,671.6422,No,15.42,14,2021
2011-01-10,285574.5,185.5745,7.0475,16.6456,0.6578,6.929,672.708,No,15.41,14,2022
2011-01-11,285248.75,185.2487,7.0408,16.6456,0.6577,6.9285,669.8389,No,15.41,14,2023
2011-01-12,285229.95,185.23,7.0417,16.6456,0.6565,6.9294,662.8855,No,15.4,14,2024
2011-01-13,284523.38,184.5234,7.0257,16.6456,0.6606,6.9292,664.1926,No,15.4,14,2025
2011-01-14,286007.9,186.0079,7.0632,16.6456,0.6606,6.934,658.5657,No,15.4,14,2026
2011-01-18,285890.39,185.8904,7.0655,16.6456,0.6613,6.9338,657.5072,No,15.39,14,2027
2011-01-19,285804.82,185.8048,7.0648,16.6456,0.6689,6.9307,665.1456,No,15.38,14,2028
2011-01-20,288356.63,188.3566,7.128,16.6456,0.6681,6.9345,666.1366,No,15.38,14,2029
2011-01-21,287836.07,187.8361,7.1167,16.6456,0.6658,6.9363,664.274,No,15.38,14,2030
2011-01-24,287227.02,187.227,7.1059,16.6456,0.666,6.937,659.8404,No,15.37,14,2031
2011-01-25,287100.03,187.1,7.1041,16.6456,0.6682,6.9396,659.6166,No,15.37,14,2032
2011-01-26,288070.0,188.07,7.1289,16.6456,0.6701,6.9402,656.3963,No,15.36,14,2033
2011-01-27,288381.89,188.3819,7.1378,16.6456,0.6691,6.9435,654.6635,No,15.36,14,2034
2011-01-28,287801.93,187.8019,7.1251,16.6456,0.67,6.9401,668.3587,No,15.36,14,2035
2011-01-31,288344.14,188.3441,7.1421,16.6456,0.6669,6.9416,662.519,No,15.35,14,2036
2011-02-01,287384.76,187.3848,7.1202,16.6456,0.6697,6.9423,649.996,No,15.35,14,2037
2011-02-02,287980.92,187.9809,7.136,16.6456,0.6675,6.944,651.9095,No,15.35,14,2038
2011-02-03,287359.33,187.3593,7.1222,16.6456,0.6706,6.9416,650.0369,No,15.34,14,2039
2011-02-04,288273.6,188.2736,7.1457,16.6456,0.6688,6.9429,647.8684,No,15.34,14,2040
2011-02-07,287473.06,187.4731,7.1302,16.6456,0.6672,6.9442,643.2208,No,15.33,14,2041
2011-02-08,287116.98,187.117,7.1229,16.6456,0.6664,6.9431,639.8921,No,15.33,14,2042
2011-02-09,286450.66,186.4507,7.108,16.6456,0.6692,6.9431,641.8711,No,15.33,14,2043
2011-02-10,287558.3,187.5583,7.1363,16.6456,0.6656,6.9435,641.248,No,15.32,14,2044
2011-02-11,286077.12,186.0771,7.1015,16.6456,0.6637,6.9451,637.0867,No,15.32,14,2045
2011-02-14,285598.35,185.5983,7.0937,16.6456,0.662,6.9454,635.1791,No,15.31,14,2046
2011-02-15,284916.29,184.9163,7.0783,16.6456,0.661,6.9449,637.4754,No,15.31,14,2047
2011-02-16,284735.02,184.735,7.0752,16.6456,0.6587,6.9456,632.7603,No,15.31,14,2048
2011-02-17,283870.72,183.8707,7.0552,16.6456,0.6586,6.9454,630.4512,No,15.3,14,2049
2011-02-18,283831.39,183.8314,7.0555,16.6456,0.6583,6.946,629.0412,No,15.3,14,2050
2011-02-22,283193.17,183.1932,7.045,16.6456,0.6557,6.944,644.3101,No,15.29,14,2051
2011-02-23,282600.93,182.6009,7.0317,16.6456,0.6541,6.9428,648.856,No,15.29,14,2052
2011-02-24,282013.39,182.0134,7.0184,16.6456,0.6511,6.9432,649.4204,No,15.28,14,2053
2011-02-25,281183.32,181.1833,6.999,16.6456,0.6495,6.9455,641.4012,No,15.28,14,2054
2011-02-28,280693.44,180.6934,6.9907,16.6456,0.6492,6.9467,637.2612,No,15.27,14,2055
2011-03-01,280357.13,180.3571,6.9836,16.6456,0.6513,6.9437,649.0496,No,15.27,14,2056
2011-03-02,281216.18,181.2162,7.0064,16.6456,0.654,6.9435,647.7194,No,15.27,14,2057
2011-03-03,282039.99,182.04,7.0282,16.6456,0.6527,6.9477,635.0349,No,15.27,14,2058
2011-03-04,281176.51,181.1765,7.008,16.6456,0.6549,6.9464,640.493,No,15.26,14,2059
2011-03-07,281940.54,181.9405,7.0309,16.6456,0.6558,6.946,646.6977,No,15.25,14,2060
2011-03-08,282249.88,182.2499,7.0399,16.6456,0.654,6.948,639.9552,No,15.25,14,2061
2011-03-09,281379.14,181.3791,7.0195,16.6456,0.6571,6.948,640.852,No,15.25,14,2062
2011-03-10,282025.86,182.0259,7.037,16.6456,0.654,6.95,655.1054,No,15.25,14,2063
2011-03-11,281561.16,181.5612,7.0267,16.6456,0.6557,6.95,649.5633,No,15.24,14,2064
2011-03-14,281816.7,181.8167,7.037,16.6456,0.6603,6.949,654.1013,No,15.24,14,2065
2011-03-15,282924.04,182.924,7.0659,16.6456,0.6608,6.9535,662.6388,No,15.23,14,2066
2011-03-16,283083.94,183.0839,7.0711,16.6456,0.6576,6.953,677.777,No,15.23,14,2067
2011-03-17,282434.64,182.4346,7.0563,16.6456,0.6548,6.9527,667.4726,No,15.23,14,2068
2011-03-18,281328.05,181.328,7.03,16.6456,0.6512,6.9517,664.182,No,15.22,14,2069
2011-03-21,280347.89,180.3479,7.0094,16.6456,0.6518,6.952,652.887,No,15.22,14,2070
2011-03-22,280220.21,180.2202,7.0075,16.6456,0.6496,6.9524,655.4787,No,15.21,14,2071
2011-03-23,279623.54,179.6235,6.9938,16.6456,0.6501,6.9522,653.2753,No,15.21,14,2072
2011-03-24,279812.33,179.8123,6.9999,16.6456,0.652,6.9538,646.3061,No,15.21,14,2073
2011-03-25,280248.36,180.2484,7.0121,16.6456,0.6537,6.9558,643.9512,No,15.21,14,2074
2011-03-28,280612.89,180.6129,7.0252,16.6456,0.6544,6.9573,646.0024,No,15.2,14,2075
2011-03-29,280993.11,180.9931,7.0361,16.6456,0.6504,6.958,640.616,No,15.19,14,2076
2011-03-30,279516.62,179.5166,7.0003,16.6456,0.6488,6.9583,635.6181,No,15.19,14,2077
2011-03-31,279048.6,179.0486,6.9898,16.6456,0.6486,6.9572,636.9682,No,15.19,14,2078
2011-04-01,278868.98,178.869,6.9865,16.6456,0.6475,6.9598,633.3203,No,15.19,14,2079
2011-04-04,278542.05,178.5421,6.9822,16.6456,0.6455,6.96,632.9751,No,15.18,14,2080
2011-04-05,277925.0,177.925,6.9678,16.6456,0.648,6.9583,633.0988,No,15.18,14,2081
2011-04-06,278744.4,178.7444,6.9899,16.6456,0.6497,6.9585,631.1988,No,15.17,14,2082
2011-04-07,278959.93,178.9599,6.9967,16.6456,0.6498,6.9593,632.2856,No,15.17,14,2083
2011-04-08,278949.36,178.9494,6.9977,16.6456,0.6517,6.9581,635.2282,No,15.17,14,2084
2011-04-11,279320.87,179.3209,7.011,16.6456,0.6533,6.9593,637.2744,No,15.16,14,2085
2011-04-12,279582.19,179.5822,7.0189,16.6456,0.6508,6.9613,643.0468,No,15.16,14,2086
2011-04-13,278940.06,178.9401,7.004,16.6456,0.6481,6.9618,642.8294,No,15.15,14,2087
2011-04-14,278197.57,178.1976,6.9865,16.6456,0.6424,6.9588,642.7559,No,15.15,14,2088
2011-04-15,276202.51,176.2025,6.937,16.6456,0.6431,6.9584,639.8557,No,15.15,14,2089
2011-04-18,276379.07,176.3791,6.9454,16.6456,0.6403,6.9576,648.0888,No,15.14,14,2090
2011-04-19,275563.65,175.5637,6.9258,16.6456,0.6381,6.9584,643.8036,No,15.14,14,2091
2011-04-20,275086.21,175.0862,6.9149,16.6456,0.6371,6.9595,633.8682,No,15.13,14,2092
2011-04-21,274607.95,174.608,6.9039,16.6456,0.6361,6.9601,629.9924,No,15.13,14,2093
2011-04-25,274148.47,174.1485,6.8972,16.6456,0.6326,6.9598,631.1567,No,15.12,14,2094
2011-04-26,273062.32,173.0623,6.8704,16.6456,0.6312,6.9618,624.6493,No,15.12,14,2095
2011-04-27,272902.79,172.9028,6.8676,16.6456,0.6274,6.9604,620.0273,No,15.12,14,2096
2011-04-28,271441.03,171.441,6.8309,16.6456,0.6224,6.9587,617.42,No,15.11,14,2097
2011-04-29,269974.17,169.9742,6.7939,16.6456,0.6227,6.9571,615.771,No,15.11,14,2098
2011-05-02,269914.5,169.9145,6.7961,16.6456,0.6248,6.9576,617.0273,No,15.1,14,2099
2011-05-03,270357.24,170.3572,6.809,16.6456,0.6289,6.959,619.456,No,15.1,14,2100
2011-05-04,271492.54,171.4925,6.8399,16.6456,0.6338,6.9607,624.2932,No,15.1,14,2101
2011-05-05,272816.64,172.8166,6.8756,16.6456,0.6316,6.9648,630.8847,No,15.09,14,2102
2011-05-06,272451.1,172.4511,6.8674,16.6456,0.6294,6.9645,628.0185,No,15.09,14,2103
2011-05-09,271725.28,171.7253,6.8524,16.6456,0.6275,6.9641,624.7162,No,15.08,14,2104
2011-05-10,271202.48,171.2025,6.84,16.6456,0.632,6.9632,618.9013,No,15.08,14,2105
2011-05-11,272069.6,172.0696,6.8639,16.6456,0.6309,6.9652,626.5762,No,15.08,14,2106
2011-05-12,272026.2,172.0262,6.8641,16.6456,0.6334,6.9656,622.9574,No,15.07,14,2107
2011-05-13,272383.18,172.3832,6.8747,16.6456,0.6335,6.9675,628.8061,No,15.07,14,2108
2011-05-16,272447.82,172.4478,6.8803,16.6456,0.6326,6.9684,633.3105,No,15.06,14,2109
2011-05-17,272130.29,172.1303,6.8733,16.6456,0.6308,6.9705,633.3953,No,15.06,14,2110
2011-05-18,271913.04,171.913,6.8689,16.6456,0.6319,6.9701,626.8642,No,15.06,14,2111
2011-05-19,271958.66,171.9587,6.8714,16.6456,0.6312,6.9715,625.2225,No,15.05,14,2112
2011-05-20,271634.11,171.6341,6.8642,16.6456,0.632,6.9701,630.8426,No,15.05,14,2113
2011-05-23,271694.15,171.6942,6.8696,16.6456,0.6299,6.9696,639.6534,No,15.04,14,2114
2011-05-24,271095.46,171.0955,6.8553,16.6456,0.6298,6.9697,640.2572,No,15.04,14,2115
2011-05-25,271113.33,171.1133,6.857,16.6456,0.6278,6.9701,637.8545,No,15.04,14,2116
2011-05-26,270341.54,170.3415,6.8381,16.6456,0.6247,6.9713,634.7732,No,15.04,14,2117
2011-05-27,269522.76,169.5228,6.8178,16.6456,0.6221,6.9707,631.6429,No,15.03,14,2118
2011-05-31,268714.14,168.7141,6.8016,16.6456,0.6235,6.9721,623.9659,No,15.02,14,2119
2011-06-01,268786.58,168.7866,6.8048,16.6456,0.6296,6.9689,640.7656,No,15.02,14,2120
2011-06-02,270806.05,170.8061,6.8593,16.6456,0.6298,6.9707,641.631,No,15.02,14,2121
2011-06-03,270539.34,170.5393,6.8536,16.6456,0.6335,6.9694,648.8831,No,15.01,14,2122
2011-06-06,271609.93,171.6099,6.8856,16.6456,0.6335,6.9693,657.0138,No,15.01,14,2123
2011-06-07,271435.56,171.4356,6.8823,16.6456,0.6333,6.9705,657.7055,No,15.0,14,2124
2011-06-08,271293.86,171.2939,6.8799,16.6456,0.6316,6.9719,660.7265,No,15.0,14,2125
2011-06-09,270968.61,170.9686,6.8726,16.6456,0.6358,6.9719,655.1503,No,15.0,14,2126
2011-06-10,271838.92,171.8389,6.8968,16.6456,0.6385,6.9731,665.8451,No,14.99,14,2127
2011-06-13,272760.67,172.7607,6.9249,16.6456,0.6379,6.9754,665.0818,No,14.99,14,2128
2011-06-14,272771.37,172.7714,6.9264,16.6456,0.6385,6.9758,655.5098,No,14.98,14,2129
2011-06-15,272386.03,172.386,6.9177,16.6456,0.6357,6.9758,668.8957,No,14.98,14,2130
2011-06-16,271743.83,171.7438,6.9021,16.6456,0.6347,6.9765,667.419,No,14.98,14,2131
2011-06-17,271512.49,171.5125,6.8973,16.6456,0.6332,6.9763,665.0853,No,14.98,14,2132
2011-06-20,270943.27,170.9433,6.8863,16.6456,0.6305,6.9769,660.972,No,14.97,14,2133
2011-06-21,270245.33,170.2453,6.8692,16.6456,0.6314,6.9779,650.8114,No,14.96,14,2134
2011-06-22,270306.02,170.306,6.8721,16.6456,0.6356,6.9769,655.6655,No,14.96,14,2135
2011-06-23,271292.77,171.2928,6.8994,16.6456,0.6422,6.9785,657.8098,No,14.96,14,2136
2011-06-24,273238.76,173.2388,6.9518,16.6456,0.6441,6.9807,666.8022,No,14.96,14,2137
2011-06-27,273939.63,173.9396,6.9741,16.6456,0.643,6.9822,659.8228,No,14.95,14,2138
2011-06-28,273584.93,173.5849,6.9661,16.6456,0.6417,6.9832,649.9483,No,14.95,14,2139
2011-06-29,273134.02,173.134,6.9557,16.6456,0.6416,6.9834,643.6897,No,14.94,14,2140
2011-06-30,272974.02,172.974,6.9528,16.6456,0.642,6.9857,636.2384,No,14.94,14,2141
2011-07-01,273126.39,173.1264,6.9581,16.6456,0.6374,6.9885,625.6849,No,14.94,14,2142
2011-07-05,271663.96,171.664,6.9249,16.6456,0.6337,6.9854,626.6338,No,14.93,14,2143
2011-07-06,270447.1,170.4471,6.8941,16.6456,0.6318,6.9845,625.6339,No,14.92,14,2144
2011-07-07,269985.13,169.9851,6.8831,16.6456,0.6289,6.9854,618.0911,No,14.92,14,2145
2011-07-08,268808.55,168.8085,6.8531,16.6456,0.628,6.9848,623.1221,No,14.92,14,2146
2011-07-11,268423.8,168.4238,6.8468,16.6456,0.6256,6.984,636.4322,No,14.91,14,2147
2011-07-12,267878.53,167.8785,6.8335,16.6456,0.6208,6.9823,639.7065,No,14.91,14,2148
2011-07-13,266507.35,166.5074,6.798,16.6456,0.6258,6.98,637.3469,No,14.9,14,2149
2011-07-14,267886.86,167.8869,6.8363,16.6456,0.6247,6.98,642.3216,No,14.9,14,2150
2011-07-15,267375.99,167.376,6.8239,16.6456,0.6274,6.9808,638.2176,No,14.9,14,2151
2011-07-18,268151.45,168.1515,6.8486,16.6456,0.6196,6.9764,644.243,No,14.89,14,2152
2011-07-19,265582.12,165.5821,6.7808,16.6456,0.6228,6.9776,632.3019,No,14.89,14,2153
2011-07-20,266705.24,166.7052,6.8124,16.6456,0.6235,6.9789,632.6888,No,14.88,14,2154
2011-07-21,266882.7,166.8827,6.8185,16.6456,0.6199,6.9806,622.8339,No,14.88,14,2155
2011-07-22,265650.03,165.65,6.7865,16.6456,0.6224,6.9799,622.1665,No,14.88,14,2156
2011-07-25,266435.21,166.4352,6.8116,16.6456,0.6218,6.9794,626.2565,No,14.87,14,2157
2011-07-26,265961.31,165.9613,6.8001,16.6456,0.6269,6.9783,629.2474,No,14.87,14,2158
2011-07-27,267270.22,167.2702,6.8367,16.6456,0.6269,6.9783,644.3303,No,14.87,14,2159
2011-07-28,267227.46,167.2275,6.8368,16.6456,0.6215,6.9778,646.674,No,14.86,14,2160
2011-07-29,265527.32,165.5273,6.7923,16.6456,0.621,6.9774,651.5191,No,14.86,14,2161
2011-08-01,265370.34,165.3703,6.7919,16.6456,0.6162,6.9782,654.6393,No,14.85,14,2162
2011-08-02,263921.58,163.9216,6.7538,16.6456,0.6108,6.9759,674.4339,No,14.85,14,2163
2011-08-03,262627.04,162.627,6.7198,16.6456,0.6154,6.9743,670.2916,No,14.85,14,2164
2011-08-04,263575.37,163.5754,6.747,16.6456,0.6236,6.9721,708.9384,No,14.84,14,2165
2011-08-05,266004.79,166.0048,6.8143,16.6456,0.6239,6.9724,709.3986,No,14.84,14,2166
2011-08-08,266359.72,166.3597,6.8278,16.6456,0.611,6.9556,767.046,No,14.83,14,2167
2011-08-09,261843.71,161.8437,6.706,16.6456,0.6087,6.9548,727.7807,No,14.83,14,2168
2011-08-10,261599.71,161.5997,6.7005,16.6456,0.616,6.952,765.6544,No,14.83,14,2169
2011-08-11,263105.76,163.1058,6.7431,16.6456,0.6116,6.9517,727.2082,No,14.82,14,2170
2011-08-12,261613.18,161.6132,6.7035,16.6456,0.6061,6.9531,722.8652,No,14.82,14,2171
2011-08-15,260359.64,160.3596,6.6727,16.6456,0.6013,6.9513,705.2637,No,14.81,14,2172
2011-08-16,258960.26,158.9603,6.6352,16.6456,0.5962,6.9494,713.035,No,14.81,14,2173
2011-08-17,257374.15,157.3741,6.5922,16.6456,0.5982,6.9503,712.039,No,14.81,14,2174
2011-08-18,258268.42,158.2684,6.6184,16.6456,0.5974,6.95,749.8785,No,14.81,14,2175
2011-08-19,257895.67,157.8957,6.6093,16.6456,0.594,6.9484,762.8304,No,14.8,14,2176
2011-08-22,256887.61,156.8876,6.5849,16.6456,0.5942,6.9467,762.6049,No,14.79,14,2177
2011-08-23,256318.92,156.3189,6.5702,16.6456,0.612,6.9327,734.0009,No,14.79,14,2178
2011-08-24,260653.97,160.654,6.6924,16.6456,0.611,6.9381,723.0868,No,14.79,14,2179
2011-08-25,260790.09,160.7901,6.6974,16.6456,0.6009,6.9336,736.0839,No,14.79,14,2180
2011-08-26,257949.01,157.949,6.6197,16.6456,0.5986,6.9325,723.5057,No,14.78,14,2181
2011-08-29,257195.25,157.1953,6.6023,16.6456,0.5893,6.9283,700.755,No,14.78,14,2182
2011-08-30,254717.38,154.7174,6.5338,16.6456,0.5922,6.9275,698.6934,No,14.77,14,2183
2011-08-31,255409.35,155.4093,6.5546,16.6456,0.5909,6.9274,694.6899,No,14.77,14,2184
2011-09-01,254813.34,154.8133,6.539,16.6456,0.5827,6.9264,704.169,No,14.77,14,2185
2011-09-02,252969.59,152.9696,6.4878,16.6456,0.5837,6.9272,724.9918,No,14.76,14,2186
2011-09-06,252903.23,152.9032,6.4909,16.6456,0.5888,6.9279,731.1533,No,14.75,14,2187
2011-09-07,253895.68,153.8957,6.5204,16.6456,0.5829,6.9286,707.8099,No,14.75,14,2188
2011-09-08,252804.07,152.8041,6.4906,16.6456,0.5877,6.9275,716.4538,No,14.75,14,2189
2011-09-09,253907.31,153.9073,6.5233,16.6456,0.5926,6.9288,738.8418,No,14.75,14,2190
2011-09-12,254746.03,154.746,6.5509,16.6456,0.5905,6.9319,732.9865,No,14.74,14,2191
2011-09-13,254520.86,154.5209,6.5457,16.6456,0.5863,6.9296,725.165,No,14.73,14,2192
2011-09-14,253138.06,153.1381,6.5076,16.6456,0.5917,6.9293,714.1902,No,14.73,14,2193
2011-09-15,254406.78,154.4068,6.545,16.6456,0.5836,6.9281,700.289,No,14.73,14,2194
2011-09-16,252478.7,152.4787,6.4912,16.6456,0.5868,6.9273,695.732,No,14.73,14,2195
2011-09-19,253005.18,153.0052,6.51,16.6456,0.5815,6.9304,703.6052,No,14.72,14,2196
2011-09-20,251882.25,151.8822,6.4791,16.6456,0.5814,6.9302,704.9182,No,14.72,14,2197
2011-09-21,251854.17,151.8542,6.4795,16.6456,0.5899,6.9312,729.2614,No,14.71,14,2198
2011-09-22,253980.64,153.9806,6.5417,16.6456,0.609,6.9231,756.5655,No,14.71,14,2199
2011-09-23,258307.17,158.3072,6.6654,16.6456,0.613,6.9255,751.2769,No,14.71,14,2200
2011-09-26,259441.92,159.4419,6.701,16.6456,0.605,6.9234,731.8654,No,14.7,14,2201
2011-09-27,257442.11,157.4421,6.6462,16.6456,0.6164,6.9149,723.0622,No,14.7,14,2202
2011-09-28,260197.04,160.197,6.7247,16.6456,0.613,6.9174,740.2383,No,14.69,14,2203
2011-09-29,259214.25,159.2142,6.6985,16.6456,0.6123,6.9185,733.4366,No,14.69,14,2204
2011-09-30,259243.08,159.2431,6.7006,16.6456,0.6081,6.9206,754.7776,No,14.69,14,2205
2011-10-03,258318.47,158.3185,6.6785,16.6456,0.6135,6.9227,779.7655,No,14.68,14,2206
2011-10-04,259028.69,159.0287,6.6998,16.6456,0.6063,6.921,760.3027,No,14.68,14,2207
2011-10-05,257189.81,157.1898,6.6493,16.6456,0.6045,6.9195,744.7671,No,14.67,14,2208
2011-10-06,256635.15,156.6352,6.6349,16.6456,0.6111,6.9157,729.5073,No,14.67,14,2209
2011-10-07,258319.24,158.3192,6.6837,16.6456,0.6015,6.9121,736.3126,No,14.67,14,2210
2011-10-10,255611.51,155.6115,6.6109,16.6456,0.6039,6.9095,708.7164,No,14.66,14,2211
2011-10-11,256146.24,156.1462,6.6274,16.6456,0.6019,6.9104,708.2649,No,14.66,14,2212
2011-10-12,255641.79,155.6418,6.6143,16.6456,0.6026,6.9095,700.3007,No,14.65,14,2213
2011-10-13,255692.52,155.6925,6.6171,16.6456,0.5998,6.9112,702.6203,No,14.65,14,2214
2011-10-14,254971.98,154.972,6.5978,16.6456,0.6016,6.9103,688.912,No,14.65,14,2215
2011-10-17,255377.46,155.3775,6.6132,16.6456,0.6018,6.9128,704.4669,No,14.64,14,2216
2011-10-18,255302.37,155.3024,6.6123,16.6456,0.6058,6.9127,688.3694,No,14.64,14,2217
2011-10-19,256365.57,156.3656,6.6439,16.6456,0.612,6.9124,698.3418,No,14.64,14,2218
2011-10-20,257824.84,157.8248,6.6865,16.6456,0.6065,6.9124,694.7014,No,14.63,14,2219
2011-10-21,256400.18,156.4002,6.6474,16.6456,0.6009,6.9099,680.0119,No,14.63,14,2220
2011-10-24,254839.54,154.8395,6.6068,16.6456,0.5929,6.9066,670.0868,No,14.62,14,2221
2011-10-25,252777.81,152.7778,6.5488,16.6456,0.5919,6.908,685.8393,No,14.62,14,2222
2011-10-26,252432.73,152.4327,6.5401,16.6456,0.589,6.9066,677.6377,No,14.62,14,2223
2011-10-27,251760.83,151.7608,6.522,16.6456,0.5877,6.9043,651.8135,No,14.61,14,2224
2011-10-28,251040.48,151.0405,6.5023,16.6456,0.587,6.9057,651.502,No,14.61,14,2225
2011-10-31,250808.32,150.8083,6.4994,16.6456,0.5872,6.9095,670.5614,No,14.6,14,2226
2011-11-01,251016.23,151.0162,6.5067,16.6456,0.584,6.9126,692.7089,No,14.6,14,2227
2011-11-02,250137.92,150.1379,6.4824,16.6456,0.578,6.9101,680.0709,No,14.6,14,2228
2011-11-03,248619.67,148.6197,6.4392,16.6456,0.5812,6.9088,665.536,No,14.59,14,2229
2011-11-04,249232.72,149.2327,6.4584,16.6456,0.5735,6.9071,670.3707,No,14.59,14,2230
2011-11-07,247286.78,147.2868,6.405,16.6456,0.573,6.9073,665.4898,No,14.58,14,2231
2011-11-08,247072.22,147.0722,6.3999,16.6456,0.5785,6.9059,656.1571,No,14.58,14,2232
2011-11-09,248393.39,148.3934,6.4401,16.6456,0.585,6.9066,684.8863,No,14.58,14,2233
2011-11-10,249803.95,149.804,6.4827,16.6456,0.5776,6.9049,678.0704,No,14.58,14,2234
2011-11-11,248027.93,148.0279,6.4318,16.6456,0.5778,6.9046,663.196,No,14.57,14,2235
2011-11-14,247918.09,147.9181,6.4323,16.6456,0.5764,6.9064,670.4606,No,14.56,14,2236
2011-11-15,247554.57,147.5546,6.4228,16.6456,0.5795,6.9067,666.6277,No,14.56,14,2237
2011-11-16,248291.89,148.2919,6.4458,16.6456,0.5899,6.9034,679.3563,No,14.56,14,2238
2011-11-17,250690.88,150.6909,6.5174,16.6456,0.5891,6.9058,692.6593,No,14.56,14,2239
2011-11-18,250555.79,150.5558,6.5147,16.6456,0.5997,6.9016,692.9184,No,14.55,14,2240
2011-11-21,253060.95,153.061,6.5914,16.6456,0.5946,6.9024,707.9444,No,14.55,14,2241
2011-11-22,251797.47,151.7975,6.556,16.6456,0.5991,6.9025,711.2406,No,14.54,14,2242
2011-11-23,252952.59,152.9526,6.5908,16.6456,0.6057,6.9025,729.5365,No,14.54,14,2243
2011-11-25,254382.26,154.3823,6.6347,16.6456,0.5953,6.8975,731.6433,No,14.53,14,2244
2011-11-28,251535.66,151.5357,6.556,16.6456,0.5962,6.8975,707.9088,No,14.53,14,2245
2011-11-29,251778.33,151.7783,6.5644,16.6456,0.5853,6.8917,705.8338,No,14.52,14,2246
2011-11-30,248869.49,148.8695,6.4804,16.6456,0.5887,6.8911,672.2668,No,14.52,14,2247
2011-12-01,249646.29,149.6463,6.5045,16.6456,0.5838,6.8909,673.7186,No,14.52,14,2248
2011-12-02,248383.76,148.3838,6.4686,16.6456,0.5843,6.892,673.8747,No,14.52,14,2249
2011-12-05,248390.88,148.3909,6.4726,16.6456,0.5868,6.8926,665.9588,No,14.51,14,2250
2011-12-06,249014.77,149.0148,6.4923,16.6456,0.5836,6.8929,665.0994,No,14.5,14,2251
2011-12-07,248198.29,148.1983,6.4694,16.6456,0.5907,6.8914,663.3407,No,14.5,14,2252
2011-12-08,249847.93,149.8479,6.5193,16.6456,0.5913,6.8929,679.8093,No,14.5,14,2253
2011-12-09,249968.45,149.9684,6.5242,16.6456,0.5999,6.89,666.8593,No,14.5,14,2254
2011-12-12,251955.76,151.9558,6.5862,16.6456,0.6003,6.8915,678.4337,No,14.49,14,2255
2011-12-13,252082.91,152.0829,6.5912,16.6456,0.6105,6.8879,685.0991,No,14.48,14,2256
2011-12-14,254578.84,154.5788,6.6651,16.6456,0.6126,6.8891,694.0285,No,14.48,14,2257
2011-12-15,254975.69,154.9757,6.6778,16.6456,0.6059,6.8877,691.3899,No,14.48,14,2258
2011-12-16,253200.96,153.201,6.6277,16.6456,0.606,6.8887,688.8404,No,14.48,14,2259
2011-12-19,253263.61,153.2636,6.6334,16.6456,0.602,6.8888,698.1913,No,14.47,14,2260
2011-12-20,252020.35,152.0204,6.5984,16.6456,0.6055,6.8888,674.9539,No,14.47,14,2261
2011-12-21,252901.55,152.9015,6.6254,16.6456,0.6029,6.8894,673.4322,No,14.46,14,2262
2011-12-22,252206.6,152.2066,6.6064,16.6456,0.6042,6.8903,666.8984,No,14.46,14,2263
2011-12-23,252492.13,152.4921,6.6161,16.6456,0.6048,6.8912,660.0258,No,14.46,14,2264
2011-12-27,252599.4,152.5994,6.6244,16.6456,0.6084,6.8915,659.9523,No,14.45,14,2265
2011-12-28,253518.37,153.5184,6.6525,16.6456,0.6094,6.8926,669.3831,No,14.44,14,2266
2011-12-29,253687.09,153.6871,6.6587,16.6456,0.6058,6.8929,661.2106,No,14.44,14,2267
2011-12-30,252666.49,152.6665,6.6303,16.6456,0.6004,6.8924,664.4474,No,14.44,14,2268
2012-01-03,251247.63,151.2476,6.5938,16.6456,0.6015,6.8933,652.7806,No,14.43,14,2269
2012-01-04,251737.17,151.7372,6.6095,16.6456,0.6012,6.8942,652.4785,No,14.42,13,2270
2012-01-05,251352.82,151.3528,6.5995,16.6456,0.6004,6.8946,650.2721,No,14.42,13,2271
2012-01-06,251146.5,151.1465,6.5947,16.6456,0.6019,6.8959,651.8957,No,14.42,13,2272
2012-01-09,251418.76,151.4188,6.6066,16.6456,0.5965,6.8961,650.18,No,14.41,13,2273
2012-01-10,250019.09,150.0191,6.5666,16.6456,0.5921,6.8944,643.5623,No,14.41,13,2274
2012-01-11,248905.51,148.9055,6.5349,16.6456,0.5909,6.8952,643.261,No,14.41,13,2275
2012-01-12,248526.67,148.5267,6.5249,16.6456,0.5925,6.8954,641.5044,No,14.4,13,2276
2012-01-13,248895.93,148.8959,6.5372,16.6456,0.5869,6.8963,645.1907,No,14.4,13,2277
2012-01-17,247464.88,147.4649,6.4996,16.6456,0.5868,6.8957,642.5553,No,14.39,13,2278
2012-01-18,247265.97,147.266,6.495,16.6456,0.5898,6.8955,634.2796,No,14.39,13,2279
2012-01-19,247954.35,147.9544,6.5168,16.6456,0.591,6.8963,630.6517,No,14.38,13,2280
2012-01-20,248250.0,148.25,6.5269,16.6456,0.5905,6.8963,630.1442,No,14.38,13,2281
2012-01-23,248094.24,148.0942,6.5261,16.6456,0.5927,6.8959,629.7891,No,14.37,13,2282
2012-01-24,248535.04,148.535,6.5406,16.6456,0.586,6.8955,630.5159,No,14.37,13,2283
2012-01-25,246853.01,146.853,6.4915,16.6456,0.5807,6.8927,624.2295,No,14.37,13,2284
2012-01-26,245529.08,145.5291,6.4529,16.6456,0.5801,6.8924,628.3815,No,14.36,13,2285
2012-01-27,245254.75,145.2548,6.4459,16.6456,0.5782,6.8929,629.5052,No,14.36,13,2286
2012-01-30,244738.7,144.7387,6.4341,16.6456,0.5747,6.8937,631.3251,No,14.35,13,2287
2012-01-31,243856.51,143.8565,6.4086,16.6456,0.5743,6.8946,631.6591,No,14.35,13,2288
2012-02-01,243626.8,143.6268,6.4029,16.6456,0.5727,6.8946,625.0536,No,14.35,13,2289
2012-02-02,243255.54,143.2555,6.3928,16.6456,0.5775,6.8939,624.201,No,14.35,13,2290
2012-02-03,244213.55,144.2136,6.4232,16.6456,0.577,6.8953,613.6879,No,14.34,13,2291
2012-02-06,244131.8,144.1318,6.4246,16.6456,0.5761,6.8974,613.9781,No,14.33,13,2292
2012-02-07,243977.31,143.9773,6.4211,16.6456,0.5783,6.8965,612.5232,No,14.33,13,2293
2012-02-08,244321.41,144.3214,6.4329,16.6456,0.5783,6.8985,610.7312,No,14.33,13,2294
2012-02-09,244362.14,144.3621,6.4354,16.6456,0.5793,6.8986,609.6768,No,14.33,13,2295
2012-02-10,244535.06,144.5351,6.4419,16.6456,0.5774,6.9007,614.5809,No,14.32,13,2296
2012-02-13,244004.04,144.004,6.4295,16.6456,0.5773,6.9017,609.6005,No,14.32,13,2297
2012-02-14,243967.21,143.9672,6.4297,16.6456,0.5776,6.9032,610.1532,No,14.31,13,2298
2012-02-15,244053.79,144.0538,6.4336,16.6456,0.5771,6.9035,613.7527,No,14.31,13,2299
2012-02-16,243796.6,143.7966,6.427,16.6456,0.5769,6.9042,605.8645,No,14.31,13,2300
2012-02-17,243730.4,143.7304,6.4263,16.6456,0.5748,6.9052,604.1931,No,14.3,13,2301
2012-02-21,243296.45,143.2964,6.4181,16.6456,0.5714,6.9032,603.6706,No,14.29,13,2302
2012-02-22,242325.69,142.3257,6.3896,16.6456,0.5685,6.9034,606.0005,No,14.29,13,2303
2012-02-23,241564.78,141.5648,6.3674,16.6456,0.5681,6.9035,602.8615,No,14.29,13,2304
2012-02-24,241354.74,141.3547,6.3622,16.6456,0.5657,6.905,601.5976,No,14.28,13,2305
2012-02-27,240770.99,140.771,6.348,16.6456,0.5638,6.9061,600.585,No,14.28,13,2306
2012-02-28,240320.1,140.3201,6.3352,16.6456,0.5786,6.8968,598.1282,No,14.27,13,2307
2012-02-29,243481.27,143.4813,6.4339,16.6456,0.5771,6.9014,601.3322,No,14.27,13,2308
2012-03-01,243278.27,143.2783,6.429,16.6456,0.5776,6.9016,596.996,No,14.27,13,2309
2012-03-02,243323.13,143.3231,6.4316,16.6456,0.5816,6.9026,599.2374,No,14.27,13,2310
2012-03-05,244248.53,144.2485,6.4638,16.6456,0.5875,6.902,601.9139,No,14.26,13,2311
2012-03-06,245615.14,145.6151,6.5067,16.6456,0.5856,6.9047,612.8494,No,14.25,13,2312
2012-03-07,245095.2,145.0952,6.4922,16.6456,0.5835,6.9047,607.7504,No,14.25,13,2313
2012-03-08,244554.11,144.5541,6.477,16.6456,0.5804,6.9042,600.8022,No,14.25,13,2314
2012-03-09,243757.4,143.7574,6.4539,16.6456,0.5824,6.9044,598.267,No,14.25,13,2315
2012-03-12,244147.43,144.1474,6.4697,16.6456,0.5831,6.906,598.1075,No,14.24,13,2316
2012-03-13,244267.24,144.2672,6.4746,16.6456,0.5985,6.8964,585.4402,No,14.24,13,2317
2012-03-14,247776.56,147.7766,6.5827,16.6456,0.5941,6.8984,586.2411,No,14.23,13,2318
2012-03-15,246694.54,146.6945,6.5512,16.6456,0.5941,6.8986,582.1594,No,14.23,13,2319
2012-03-16,246622.75,146.6227,6.5503,16.6456,0.5945,6.8998,581.3934,No,14.23,13,2320
2012-03-19,246732.37,146.7324,6.5576,16.6456,0.5978,6.8996,578.6922,No,14.22,13,2321
2012-03-20,247386.58,147.3866,6.5787,16.6456,0.5949,6.9012,580.7273,No,14.22,13,2322
2012-03-21,246655.79,146.6558,6.5579,16.6456,0.5972,6.9019,581.9762,No,14.21,13,2323
2012-03-22,247179.94,147.1799,6.5751,16.6456,0.5912,6.9015,586.8894,No,14.21,13,2324
2012-03-23,245659.13,145.6591,6.5301,16.6456,0.5857,6.9002,584.7662,No,14.21,13,2325
2012-03-26,244294.89,144.2949,6.4922,16.6456,0.585,6.9001,575.3843,No,14.2,13,2326
2012-03-27,244031.94,144.0319,6.4854,16.6456,0.5909,6.8995,577.2217,No,14.2,13,2327
2012-03-28,245364.62,145.3646,6.5276,16.6456,0.5903,6.9017,580.4214,No,14.19,13,2328
2012-03-29,245197.24,145.1972,6.5238,16.6456,0.5911,6.903,581.5031,No,14.19,13,2329
2012-03-30,245420.18,145.4202,6.5319,16.6456,0.5871,6.9019,578.9882,No,14.19,13,2330
2012-04-02,244306.01,144.306,6.5016,16.6456,0.5939,6.9004,573.8841,No,14.18,13,2331
2012-04-03,245913.39,145.9134,6.5522,16.6456,0.6025,6.898,576.4224,No,14.18,13,2332
2012-04-04,247801.23,147.8012,6.611,16.6456,0.5981,6.901,583.3797,No,14.18,13,2333
2012-04-05,246747.2,146.7472,6.5803,16.6456,0.5931,6.9001,583.5637,No,14.17,13,2334
2012-04-09,245506.88,145.5069,6.5476,16.6456,0.5922,6.9009,591.4015,No,14.16,13,2335
2012-04-10,245299.38,145.2994,6.5425,16.6456,0.594,6.9013,603.4127,No,14.16,13,2336
2012-04-11,245562.14,145.5621,6.5519,16.6456,0.5885,6.9006,598.1105,No,14.16,13,2337
2012-04-12,244211.75,144.2117,6.5117,16.6456,0.5909,6.9003,588.6148,No,14.15,13,2338
2012-04-13,244747.62,144.7476,6.5295,16.6456,0.5933,6.9022,597.2994,No,14.15,13,2339
2012-04-16,245240.6,145.2406,6.5486,16.6456,0.5894,6.9029,597.6502,No,14.14,13,2340
2012-04-17,244235.46,144.2355,6.519,16.6456,0.5915,6.9036,587.0095,No,14.14,13,2341
2012-04-18,244731.7,144.7317,6.5356,16.6456,0.5926,6.905,589.8005,No,14.14,13,2342
2012-04-19,244979.25,144.9793,6.5445,16.6456,0.5923,6.9059,593.8869,No,14.13,13,2343
2012-04-20,244832.85,144.8328,6.5413,16.6456,0.5944,6.9066,593.0593,No,14.13,13,2344
2012-04-23,245306.9,145.3069,6.5598,16.6456,0.5937,6.9082,598.9205,No,14.12,13,2345
2012-04-24,245083.2,145.0832,6.5542,16.6456,0.5919,6.9084,596.3579,No,14.12,13,2346
2012-04-25,244579.05,144.579,6.54,16.6456,0.586,6.9077,586.8894,No,14.12,13,2347
2012-04-26,243125.21,143.1252,6.4963,16.6456,0.5847,6.9079,582.2948,No,14.12,13,2348
2012-04-27,242758.4,142.7584,6.4862,16.6456,0.5859,6.9087,580.6375,No,14.11,13,2349
2012-04-30,243002.2,143.0022,6.4977,16.6456,0.5862,6.9097,583.275,No,14.1,13,2350
2012-05-01,243020.27,143.0203,6.4996,16.6456,0.5864,6.9106,579.427,No,14.1,13,2351
2012-05-02,243038.93,143.0389,6.5015,16.6456,0.5917,6.9108,581.056,No,14.1,13,2352
2012-05-03,244225.83,144.2258,6.5396,16.6456,0.5923,6.9125,586.1869,No,14.1,13,2353
2012-05-04,244397.18,144.3972,6.5462,16.6456,0.5936,6.9131,597.432,No,14.09,13,2354
2012-05-07,244582.99,144.583,6.5559,16.6456,0.5989,6.9129,597.1757,No,14.08,13,2355
2012-05-08,245831.76,145.8318,6.5957,16.6456,0.6023,6.915,600.0768,No,14.08,13,2356
2012-05-09,246602.32,146.6023,6.6208,16.6456,0.6023,6.9164,604.6019,No,14.08,13,2357
2012-05-10,246536.43,146.5364,6.6201,16.6456,0.603,6.9172,602.6162,No,14.08,13,2358
2012-05-11,246705.01,146.705,6.6266,16.6456,0.6063,6.9184,604.9269,No,14.07,13,2359
2012-05-14,247527.0,147.527,6.6558,16.6456,0.6079,6.9207,612.7755,No,14.07,13,2360
2012-05-15,247808.69,147.8087,6.6658,16.6456,0.6119,6.9212,616.7657,No,14.06,13,2361
2012-05-16,248759.23,148.7592,6.6962,16.6456,0.6054,6.9209,619.6882,No,14.06,13,2362
2012-05-17,247179.03,147.179,6.6491,16.6456,0.6052,6.9207,630.6097,No,14.06,13,2363
2012-05-18,246983.99,146.984,6.6445,16.6456,0.6026,6.9206,636.0446,No,14.05,13,2364
2012-05-21,246155.06,146.1551,6.623,16.6456,0.6072,6.9204,624.4171,No,14.05,13,2365
2012-05-22,247239.3,147.2393,6.6577,16.6456,0.6096,6.9213,624.0485,No,14.04,13,2366
2012-05-23,247866.05,147.8661,6.6783,16.6456,0.6089,6.9236,622.7927,No,14.04,13,2367
2012-05-24,247600.61,147.6006,6.6715,16.6456,0.6067,6.9239,621.6834,No,14.04,13,2368
2012-05-25,247058.41,147.0584,6.6562,16.6456,0.6082,6.9244,623.2489,No,14.04,13,2369
2012-05-29,247315.74,147.3157,6.6694,16.6456,0.6029,6.9248,615.2095,No,14.02,13,2370
2012-05-30,246216.29,146.2163,6.6369,16.6456,0.6016,6.9259,625.3883,No,14.02,13,2371
2012-05-31,245746.26,145.7463,6.6237,16.6456,0.593,6.9233,626.9667,No,14.02,13,2372
2012-06-01,243873.09,143.8731,6.5669,16.6456,0.5981,6.9228,645.2984,No,14.02,13,2373
2012-06-04,244606.34,144.6063,6.5937,16.6456,0.5995,6.9236,645.2007,No,14.01,13,2374
2012-06-05,244836.6,144.8366,6.6022,16.6456,0.5956,6.9233,640.9352,No,14.01,13,2375
2012-06-06,243747.11,143.7471,6.5695,16.6456,0.6022,6.9201,624.0422,No,14.0,13,2376
2012-06-07,245428.12,145.4281,6.6232,16.6456,0.5998,6.9224,624.0866,No,14.0,13,2377
2012-06-08,244762.16,144.7622,6.6038,16.6456,0.601,6.923,618.2443,No,14.0,13,2378
2012-06-11,245131.2,145.1312,6.6193,16.6456,0.5981,6.9237,627.3864,No,13.99,13,2379
2012-06-12,244211.69,144.2117,6.592,16.6456,0.5963,6.9235,619.0016,No,13.99,13,2380
2012-06-13,243890.09,143.8901,6.5833,16.6456,0.5943,6.9245,623.8167,No,13.98,13,2381
2012-06-14,243232.09,143.2321,6.5641,16.6456,0.5888,6.924,616.0598,No,13.98,13,2382
2012-06-15,241918.17,141.9182,6.5241,16.6456,0.5873,6.9246,608.7321,No,13.98,13,2383
2012-06-18,241567.33,141.5673,6.517,16.6456,0.589,6.9256,607.6957,No,13.97,13,2384
2012-06-19,241796.84,141.7968,6.5256,16.6456,0.5891,6.9262,600.8022,No,13.97,13,2385
2012-06-20,241900.7,141.9007,6.5302,16.6456,0.6025,6.9198,601.9557,No,13.96,13,2386
2012-06-21,245032.07,145.0321,6.6297,16.6456,0.6047,6.9227,617.8257,No,13.96,13,2387
2012-06-22,245251.1,145.2511,6.6378,16.6456,0.6013,6.9227,612.714,No,13.96,13,2388
2012-06-25,244632.08,144.6321,6.6225,16.6456,0.6041,6.9234,624.1819,No,13.95,13,2389
2012-06-26,245067.07,145.0671,6.6375,16.6456,0.6008,6.9242,620.741,No,13.95,13,2390
2012-06-27,244228.38,144.2284,6.6126,16.6456,0.6054,6.9239,614.1542,No,13.95,13,2391
2012-06-28,245349.67,145.3497,6.649,16.6456,0.5942,6.9191,615.6282,No,13.94,13,2392
2012-06-29,242330.97,142.331,6.5557,16.6456,0.5915,6.918,598.1991,No,13.94,13,2393
2012-07-02,241831.68,141.8317,6.5439,16.6456,0.5882,6.9188,596.4431,No,13.93,13,2394
2012-07-03,240926.35,140.9263,6.5165,16.6456,0.5901,6.9188,591.9725,No,13.93,13,2395
2012-07-05,241405.22,141.4052,6.5344,16.6456,0.5954,6.9189,595.2227,No,13.92,13,2396
2012-07-06,242660.85,142.6608,6.5754,16.6456,0.5925,6.9203,601.5976,No,13.92,13,2397
2012-07-09,241872.6,141.8726,6.5545,16.6456,0.596,6.9207,602.7388,No,13.91,13,2398
2012-07-10,242652.53,142.6525,6.5805,16.6456,0.5968,6.922,608.4887,No,13.91,13,2399
2012-07-11,242735.83,142.7358,6.5844,16.6456,0.5981,6.923,608.4127,No,13.91,13,2400
2012-07-12,243086.15,143.0862,6.5968,16.6456,0.5908,6.9215,611.9637,No,13.9,13,2401
2012-07-13,241097.87,141.0979,6.5352,16.6456,0.59,6.9217,600.3888,No,13.9,13,2402
2012-07-16,241005.75,141.0057,6.5363,16.6456,0.5908,6.9228,602.0154,No,13.89,13,2403
2012-07-17,241039.31,141.0393,6.5387,16.6456,0.5918,6.9236,596.8518,No,13.89,13,2404
2012-07-18,241312.58,141.3126,6.5487,16.6456,0.5903,6.9248,592.1235,No,13.89,13,2405
2012-07-19,240881.98,140.882,6.5363,16.6456,0.5894,6.9255,590.1756,No,13.88,13,2406
2012-07-20,240762.86,140.7629,6.5339,16.6456,0.5918,6.9265,597.1757,No,13.88,13,2407
2012-07-23,241244.7,141.2447,6.5532,16.6456,0.5928,6.9278,603.4277,No,13.87,13,2408
2012-07-24,241451.99,141.452,6.5612,16.6456,0.5876,6.9275,609.8417,No,13.87,13,2409
2012-07-25,240077.45,140.0774,6.5186,16.6456,0.5847,6.9274,610.0524,No,13.87,13,2410
2012-07-26,239234.42,139.2344,6.4929,16.6456,0.5838,6.928,598.4768,No,13.87,13,2411
2012-07-27,238949.5,138.9495,6.4851,16.6456,0.5812,6.9285,585.3605,No,13.86,13,2412
2012-07-30,238497.56,138.4976,6.4745,16.6456,0.5836,6.9293,585.668,No,13.85,13,2413
2012-07-31,239005.93,139.0059,6.4922,16.6456,0.5871,6.9299,588.6348,No,13.85,13,2414
2012-08-01,239718.1,139.7181,6.5164,16.6456,0.5904,6.9305,590.6203,No,13.85,13,2415
2012-08-02,240506.15,140.5061,6.543,16.6456,0.5871,6.9313,595.6915,No,13.85,13,2416
2012-08-03,239467.26,139.4673,6.511,16.6456,0.5848,6.9316,582.6109,No,13.84,13,2417
2012-08-06,239029.45,139.0295,6.5009,16.6456,0.5875,6.9321,581.0082,No,13.84,13,2418
2012-08-07,239547.61,139.5476,6.5189,16.6456,0.5881,6.9329,577.5359,No,13.83,13,2419
2012-08-08,239662.04,139.662,6.5239,16.6456,0.5874,6.9338,576.9023,No,13.83,13,2420
2012-08-09,239485.36,139.4854,6.5196,16.6456,0.5853,6.9345,576.3281,No,13.83,13,2421
2012-08-10,238962.51,138.9625,6.5041,16.6456,0.5878,6.9352,574.832,No,13.82,13,2422
2012-08-13,239501.27,139.5013,6.5254,16.6456,0.5933,6.935,575.5474,No,13.82,13,2423
2012-08-14,240657.14,140.6571,6.5639,16.6456,0.596,6.9356,575.517,No,13.81,13,2424
2012-08-15,241204.41,141.2044,6.5828,16.6456,0.5943,6.9363,574.5065,No,13.81,13,2425
2012-08-16,240779.4,140.7794,6.5705,16.6456,0.5926,6.9368,569.7004,No,13.81,13,2426
2012-08-17,240369.46,140.3695,6.5587,16.6456,0.5916,6.9378,568.4472,No,13.81,13,2427
2012-08-20,240102.28,140.1023,6.5542,16.6456,0.5884,6.9383,568.4499,No,13.8,13,2428
2012-08-21,239318.28,139.3183,6.5302,16.6456,0.5847,6.9383,570.7809,No,13.79,13,2429
2012-08-22,238453.73,138.4537,6.5036,16.6456,0.581,6.9389,570.5874,No,13.79,13,2430
2012-08-23,237546.91,137.5469,6.4755,16.6456,0.5798,6.9393,576.0344,No,13.79,13,2431
2012-08-24,237181.74,137.1817,6.465,16.6456,0.5781,6.9402,571.6026,No,13.79,13,2432
2012-08-27,236786.21,136.7862,6.4561,16.6456,0.5788,6.9412,571.9252,No,13.78,13,2433
2012-08-28,236903.67,136.9037,6.4612,16.6456,0.581,6.9421,572.4262,No,13.78,13,2434
2012-08-29,237317.72,137.3177,6.4761,16.6456,0.5827,6.943,571.6982,No,13.77,13,2435
2012-08-30,237727.96,137.728,6.4907,16.6456,0.5735,6.9397,576.8912,No,13.77,13,2436
2012-08-31,235522.3,135.5223,6.42,16.6456,0.5731,6.9404,573.4661,No,13.77,13,2437
2012-09-04,235355.43,135.3554,6.4198,16.6456,0.5751,6.941,574.2365,No,13.76,13,2438
2012-09-05,235735.2,135.7352,6.4336,16.6456,0.5723,6.9417,574.785,No,13.75,13,2439
2012-09-06,235012.46,135.0125,6.4111,16.6456,0.5671,6.941,561.1846,No,13.75,13,2440
2012-09-07,233853.56,133.8536,6.3742,16.6456,0.5696,6.9412,558.4806,No,13.75,13,2441
2012-09-10,234373.47,134.3735,6.3953,16.6456,0.5702,6.9424,562.5143,No,13.74,13,2442
2012-09-11,234431.84,134.4318,6.3986,16.6456,0.5732,6.9428,560.4358,No,13.74,13,2443
2012-09-12,235041.91,135.0419,6.42,16.6456,0.5644,6.9399,558.8828,No,13.73,13,2444
2012-09-13,233037.99,133.038,6.355,16.6456,0.5707,6.9387,548.2233,No,13.73,13,2445
2012-09-14,234354.45,134.3545,6.4,16.6456,0.569,6.9393,545.6621,No,13.73,13,2446
2012-09-17,233894.98,133.895,6.3887,16.6456,0.568,6.9404,547.6561,No,13.72,13,2447
2012-09-18,233650.55,133.6506,6.3819,16.6456,0.5661,6.9413,548.473,No,13.72,13,2448
2012-09-19,233174.12,133.1741,6.3674,16.6456,0.5659,6.9424,547.6942,No,13.72,13,2449
2012-09-20,233090.61,133.0906,6.3659,16.6456,0.5646,6.9433,547.9485,No,13.71,13,2450
2012-09-21,232777.39,132.7774,6.3568,16.6456,0.5654,6.9442,547.9969,No,13.71,13,2451
2012-09-24,232882.18,132.8822,6.3642,16.6456,0.5654,6.9455,549.4477,No,13.7,13,2452
2012-09-25,232889.12,132.8891,6.3658,16.6456,0.5663,6.9466,556.2654,No,13.7,13,2453
2012-09-26,233039.54,133.0395,6.3721,16.6456,0.5619,6.9469,559.9156,No,13.7,13,2454
2012-09-27,231993.53,131.9935,6.3385,16.6456,0.5641,6.9473,553.5627,No,13.69,13,2455
2012-09-28,232431.7,132.4317,6.3544,16.6456,0.5612,6.948,556.5004,No,13.69,13,2456
2012-10-01,231759.99,131.76,6.3359,16.6456,0.5627,6.9489,554.7346,No,13.68,13,2457
2012-10-02,232020.73,132.0207,6.3459,16.6456,0.561,6.9498,554.1196,No,13.68,13,2458
2012-10-03,231622.52,131.6225,6.3339,16.6456,0.5601,6.9507,551.6119,No,13.68,13,2459
2012-10-04,231380.85,131.3808,6.3271,16.6456,0.5661,6.9498,546.9655,No,13.67,13,2460
2012-10-05,232606.33,132.6063,6.3695,16.6456,0.5656,6.9508,546.9528,No,13.67,13,2461
2012-10-08,232484.9,132.4849,6.3694,16.6456,0.5706,6.9508,549.1974,No,13.66,13,2462
2012-10-09,233511.29,133.5113,6.405,16.6456,0.5705,6.952,555.6632,No,13.66,13,2463
2012-10-10,233468.37,133.4684,6.4049,16.6456,0.568,6.9528,559.6966,No,13.66,13,2464
2012-10-11,232871.15,132.8711,6.3862,16.6456,0.57,6.9536,559.4568,No,13.65,13,2465
2012-10-12,233248.21,133.2482,6.4002,16.6456,0.5719,6.9546,561.4072,No,13.65,13,2466
2012-10-15,233598.48,133.5985,6.4159,16.6456,0.5715,6.9557,556.1063,No,13.64,13,2467
2012-10-16,233490.38,133.4904,6.4136,16.6456,0.5719,6.9565,549.435,No,13.64,13,2468
2012-10-17,233550.65,133.5507,6.4169,16.6456,0.5756,6.9567,546.6943,No,13.64,13,2469
2012-10-18,234312.16,134.3122,6.4437,16.6456,0.5797,6.9569,548.2437,No,13.64,13,2470
2012-10-19,235205.75,135.2058,6.4747,16.6456,0.5812,6.9582,559.1565,No,13.63,13,2471
2012-10-22,235467.75,135.4678,6.4874,16.6456,0.584,6.9587,558.8513,No,13.62,13,2472
2012-10-23,236098.5,136.0985,6.5097,16.6456,0.5892,6.9589,568.5067,No,13.62,13,2473
2012-10-24,237119.15,137.1191,6.5448,16.6456,0.588,6.9599,570.5711,No,13.62,13,2474
2012-10-25,236833.7,136.8337,6.5367,16.6456,0.5847,6.9602,568.5555,No,13.62,13,2475
2012-10-26,236068.85,136.0688,6.5128,16.6456,0.5824,6.9611,569.0433,No,13.61,13,2476
2012-10-31,235490.09,135.4901,6.5003,16.6456,0.5824,6.9621,568.8508,No,13.6,13,2477
2012-11-01,235399.34,135.3993,6.4987,16.6456,0.5916,6.9591,561.5689,No,13.6,13,2478
2012-11-02,237393.81,137.3938,6.5661,16.6456,0.5884,6.96,567.8251,No,13.59,13,2479
2012-11-05,236642.25,136.6422,6.5454,16.6456,0.5841,6.9601,566.3045,No,13.59,13,2480
2012-11-06,235605.22,135.6052,6.5123,16.6456,0.5857,6.9607,561.0945,No,13.58,13,2481
2012-11-07,236024.67,136.0247,6.5276,16.6456,0.5838,6.9616,576.536,No,13.58,13,2482
2012-11-08,235552.34,135.5523,6.5132,16.6456,0.5829,6.9626,584.8912,No,13.58,13,2483
2012-11-09,235213.41,135.2134,6.5033,16.6456,0.5826,6.9636,583.6996,No,13.58,13,2484
2012-11-12,235107.75,135.1078,6.5038,16.6456,0.5838,6.9646,583.609,No,13.57,13,2485
2012-11-13,235352.91,135.3529,6.5134,16.6456,0.5867,6.9653,586.127,No,13.56,13,2486
2012-11-14,235982.22,135.9822,6.5357,16.6456,0.5906,6.9657,595.5069,No,13.56,13,2487
2012-11-15,236726.49,136.7265,6.5618,16.6456,0.5895,6.9668,596.5695,No,13.56,13,2488
2012-11-16,236421.51,136.4215,6.553,16.6456,0.5829,6.9657,593.1467,No,13.56,13,2489
2012-11-19,234827.97,134.828,6.504,16.6456,0.5869,6.9657,579.6032,No,13.55,13,2490
2012-11-20,235699.96,135.7,6.5345,16.6456,0.5857,6.9667,579.0943,No,13.55,13,2491
2012-11-21,235424.92,135.4249,6.5266,16.6456,0.5792,6.9657,577.5108,No,13.54,13,2492
2012-11-23,233898.11,133.8981,6.4782,16.6456,0.5789,6.9666,568.7017,No,13.54,13,2493
2012-11-26,233808.06,133.8081,6.4792,16.6456,0.5805,6.9675,570.0429,No,13.53,13,2494
2012-11-27,234138.81,134.1388,6.4917,16.6456,0.583,6.9683,573.4991,No,13.53,13,2495
2012-11-28,234565.2,134.5652,6.5074,16.6456,0.5801,6.9691,568.0494,No,13.52,13,2496
2012-11-29,233922.72,133.9227,6.4871,16.6456,0.5835,6.9695,565.1015,No,13.52,13,2497
2012-11-30,234607.5,134.6075,6.5115,16.6456,0.5832,6.9706,564.9942,No,13.52,13,2498
2012-12-03,234548.85,134.5489,6.5136,16.6456,0.5864,6.9711,568.1576,No,13.51,13,2499
2012-12-04,235182.78,135.1828,6.5363,16.6456,0.5865,6.9722,569.2875,No,13.51,13,2500
2012-12-05,235157.06,135.1571,6.5368,16.6456,0.5839,6.973,568.017,No,13.5,13,2501
2012-12-06,234541.92,134.5419,6.5175,16.6456,0.5852,6.9739,565.6434,No,13.5,13,2502
2012-12-07,234747.03,134.747,6.5258,16.6456,0.5826,6.9746,563.6519,No,13.5,13,2503
2012-12-10,234166.17,134.1662,6.5103,16.6456,0.5838,6.9756,563.4011,No,13.49,13,2504
2012-12-11,234355.86,134.3559,6.5181,16.6456,0.5855,6.9764,559.0828,No,13.49,13,2505
2012-12-12,234689.46,134.6895,6.5307,16.6456,0.5904,6.9763,558.6409,No,13.48,13,2506
2012-12-13,235727.63,135.7276,6.5669,16.6456,0.5896,6.9773,562.6606,No,13.48,13,2507
2012-12-14,235541.97,135.542,6.5621,16.6456,0.5906,6.9783,565.3857,No,13.48,13,2508
2012-12-17,235637.68,135.6377,6.5694,16.6456,0.5946,6.9785,557.5702,No,13.47,13,2509
2012-12-18,236498.61,136.4986,6.5997,16.6456,0.5963,6.9793,550.0898,No,13.47,13,2510
2012-12-19,236863.72,136.8637,6.6133,16.6456,0.5985,6.9802,555.0387,No,13.47,13,2511
2012-12-20,237288.72,137.2887,6.6288,16.6456,0.596,6.9809,551.3239,No,13.46,13,2512
2012-12-21,236706.35,136.7063,6.6108,16.6456,0.5974,6.9819,557.4445,No,13.46,13,2513
2012-12-24,236963.14,136.9631,6.6235,16.6456,0.5977,6.9829,558.9697,No,13.45,13,2514
2012-12-26,237000.62,137.0006,6.6276,16.6456,0.5969,6.984,562.1342,No,13.45,13,2515
2012-12-27,236767.11,136.7671,6.6211,16.6456,0.5998,6.9846,562.8177,No,13.44,13,2516
2012-12-28,237391.2,137.3912,6.6434,16.6456,0.5971,6.9853,570.1545,No,13.44,13,2517
2012-12-31,236643.49,136.6435,6.6226,16.6456,0.5918,6.9851,558.9881,No,13.43,13,2518
2013-01-02,235447.69,135.4477,6.5851,16.6456,0.5985,6.984,542.54,No,13.43,13,2519
2013-01-03,236589.55,136.5895,6.625,16.6456,0.5989,6.9878,543.8837,No,13.42,13,2520
2013-01-04,237208.95,137.2089,6.6471,16.6456,0.6014,6.9886,540.7663,No,13.42,12,2521
2013-01-07,237493.42,137.4934,6.6609,16.6456,0.5981,6.9893,542.7702,No,13.41,12,2522
2013-01-08,237346.79,137.3468,6.6574,16.6456,0.602,6.9889,544.6432,No,13.41,13,2523
2013-01-09,236945.84,136.9458,6.6453,16.6456,0.5949,6.9894,542.923,No,13.41,12,2524
2013-01-10,235902.51,135.9025,6.6116,16.6456,0.5958,6.9883,538.0759,No,13.41,12,2525
2013-01-11,235883.89,135.8839,6.6124,16.6456,0.5949,6.9913,538.034,No,13.4,12,2526
2013-01-14,235857.07,135.8571,6.6157,16.6456,0.5917,6.9907,538.6314,No,13.39,12,2527
2013-01-15,235137.11,135.1371,6.5927,16.6456,0.5921,6.9903,537.9082,No,13.39,12,2528
2013-01-16,235016.69,135.0167,6.59,16.6456,0.5922,6.9915,537.7061,No,13.39,12,2529
2013-01-17,234911.23,134.9112,6.5879,16.6456,0.5896,6.9916,534.1239,No,13.39,12,2530
2013-01-18,234338.35,134.3383,6.5698,16.6456,0.5869,6.993,531.9628,No,13.38,12,2531
2013-01-22,233732.79,133.7328,6.5547,16.6456,0.5881,6.9935,529.1489,No,13.37,12,2532
2013-01-23,233861.7,133.8617,6.5605,16.6456,0.5914,6.9946,528.1887,No,13.37,12,2533
2013-01-24,234484.7,134.4847,6.5831,16.6456,0.5951,6.9964,528.1647,No,13.37,12,2534
2013-01-25,235161.76,135.1618,6.6075,16.6456,0.5961,6.9986,524.7619,No,13.36,12,2535
2013-01-28,235599.22,135.5992,6.6265,16.6456,0.5949,6.9999,525.9016,No,13.36,12,2536
2013-01-29,235283.16,135.2832,6.6172,16.6456,0.5933,7.0001,522.69,No,13.35,12,2537
2013-01-30,235130.91,135.1309,6.6135,16.6456,0.5971,6.9987,524.9678,No,13.35,12,2538
2013-01-31,235566.44,135.5664,6.6296,16.6456,0.5961,7.0017,526.536,No,13.35,12,2539
2013-02-01,235286.4,135.2864,6.6215,16.6456,0.5944,7.002,520.2864,No,13.35,12,2540
2013-02-04,235298.32,135.2983,6.6262,16.6456,0.596,7.0021,527.5151,No,13.34,12,2541
2013-02-05,235070.9,135.0709,6.6198,16.6456,0.5919,7.0034,520.9726,No,13.33,12,2542
2013-02-06,234431.46,134.4315,6.5995,16.6456,0.5946,7.0038,520.5546,No,13.33,12,2543
2013-02-07,234845.65,134.8456,6.615,16.6456,0.5927,7.0054,521.4215,No,13.33,12,2544
2013-02-08,234331.29,134.3313,6.5988,16.6456,0.5956,7.0066,517.9291,No,13.33,12,2545
2013-02-11,234892.85,134.8928,6.6222,16.6456,0.5951,7.0095,518.2717,No,13.32,12,2546
2013-02-12,234886.59,134.8866,6.6234,16.6456,0.5978,7.0102,517.2543,No,13.32,12,2547
2013-02-13,235372.14,135.3721,6.6413,16.6456,0.5964,7.0116,516.6017,No,13.31,12,2548
2013-02-14,235079.86,135.0799,6.6328,16.6456,0.6017,7.0124,516.1022,No,13.31,12,2549
2013-02-15,236038.79,136.0388,6.6668,16.6456,0.601,7.0163,516.6915,No,13.31,12,2550
2013-02-19,235906.03,135.906,6.668,16.6456,0.6074,7.0158,512.1057,No,13.3,12,2551
2013-02-20,237422.61,137.4226,6.7209,16.6456,0.6073,7.0193,519.7647,No,13.29,12,2552
2013-02-21,237537.94,137.5379,6.7262,16.6456,0.6065,7.02,523.5557,No,13.29,12,2553
2013-02-22,237009.08,137.0091,6.7097,16.6456,0.6031,7.0219,518.0425,No,13.29,12,2554
2013-02-25,236931.84,136.9318,6.7114,16.6456,0.6009,7.0198,529.5713,No,13.28,12,2555
2013-02-26,235920.36,135.9204,6.6784,16.6456,0.6024,7.0178,525.6501,No,13.28,12,2556
2013-02-27,235691.44,135.6914,6.6721,16.6456,0.6034,7.0212,517.6378,No,13.27,12,2557
2013-02-28,236166.91,136.1669,6.6897,16.6456,0.6019,7.0242,518.1444,No,13.27,12,2558
2013-03-01,235873.81,135.8738,6.6811,16.6456,0.6019,7.0261,516.6985,No,13.27,12,2559
2013-03-04,235805.73,135.8057,6.6831,16.6456,0.5994,7.0271,513.8633,No,13.26,12,2560
2013-03-05,235179.25,135.1792,6.6631,16.6456,0.6011,7.028,508.0262,No,13.26,12,2561
2013-03-06,235564.96,135.565,6.6777,16.6456,0.6025,7.0288,507.1941,No,13.25,12,2562
2013-03-07,235834.57,135.8346,6.6883,16.6456,0.6037,7.0297,506.0347,No,13.25,12,2563
2013-03-08,236020.43,136.0204,6.6961,16.6456,0.6021,7.0306,503.2877,No,13.25,12,2564
2013-03-11,235685.87,135.6859,6.689,16.6456,0.5985,7.0312,501.2788,No,13.24,12,2565
2013-03-12,235049.5,135.0495,6.6686,16.6456,0.6,7.0306,502.6973,No,13.24,12,2566
2013-03-13,235076.61,135.0766,6.671,16.6456,0.5988,7.0321,501.7041,No,13.24,12,2567
2013-03-14,234766.05,134.7661,6.6617,16.6456,0.5975,7.033,498.3381,No,13.23,12,2568
2013-03-15,234566.2,134.5662,6.6563,16.6456,0.5954,7.0336,499.3115,No,13.23,12,2569
2013-03-18,234193.75,134.1938,6.6478,16.6456,0.5943,7.033,502.6247,No,13.22,12,2570
2013-03-19,233805.54,133.8055,6.6358,16.6456,0.5969,7.0331,504.0782,No,13.22,12,2571
2013-03-20,234034.12,134.0341,6.6451,16.6456,0.5949,7.0346,500.0524,No,13.22,12,2572
2013-03-21,233928.25,133.9283,6.6429,16.6456,0.5952,7.0348,505.0527,No,13.21,12,2573
2013-03-22,233584.0,133.584,6.6324,16.6456,0.596,7.0369,500.7448,No,13.21,12,2574
2013-03-25,233917.33,133.9173,6.6482,16.6456,0.5953,7.038,502.7567,No,13.2,12,2575
2013-03-26,233522.03,133.522,6.6359,16.6456,0.5907,7.0398,497.9003,No,13.2,12,2576
2013-03-27,232797.89,132.7979,6.6123,16.6456,0.5938,7.0395,498.2188,No,13.2,12,2577
2013-03-28,233106.89,133.1069,6.6244,16.6456,0.5914,7.0419,495.8001,No,13.19,12,2578
2013-04-01,232865.67,132.8657,6.6217,16.6456,0.5962,7.0415,498.4401,No,13.18,12,2579
2013-04-02,233445.07,133.4451,6.6432,16.6456,0.5992,7.0447,495.3573,No,13.18,12,2580
2013-04-03,234392.35,134.3923,6.6775,16.6456,0.5953,7.0474,501.5923,No,13.18,12,2581
2013-04-04,233497.74,133.4977,6.6479,16.6456,0.5874,7.0459,499.1266,No,13.18,12,2582
2013-04-05,232046.12,132.0461,6.5989,16.6456,0.5902,7.0444,501.7063,No,13.17,12,2583
2013-04-08,232063.97,132.064,6.6038,16.6456,0.5869,7.0457,497.7422,No,13.16,12,2584
2013-04-09,231508.34,131.5083,6.5858,16.6456,0.5926,7.0438,495.6302,No,13.16,12,2585
2013-04-10,232202.43,132.2024,6.6114,16.6456,0.5881,7.0481,488.4163,No,13.16,12,2586
2013-04-11,231657.2,131.6572,6.5938,16.6456,0.5963,7.0457,486.2822,No,13.16,12,2587
2013-04-12,233092.43,133.0924,6.6453,16.6456,0.6275,7.0146,487.9363,No,13.15,12,2588
2013-04-15,239430.43,139.4304,6.8675,16.6456,0.6194,7.0276,501.7568,No,13.15,12,2589
2013-04-16,237795.66,137.7957,6.8132,16.6456,0.6222,7.0258,493.2707,No,13.14,12,2590
2013-04-17,238663.42,138.6634,6.8443,16.6456,0.6226,7.0267,501.8928,No,13.14,12,2591
2013-04-18,238638.21,138.6382,6.8449,16.6456,0.6211,7.0261,505.9346,No,13.14,12,2592
2013-04-19,237974.23,137.9742,6.8237,16.6456,0.6145,7.0255,500.594,No,13.13,12,2593
2013-04-22,236628.85,136.6288,6.782,16.6456,0.6157,7.024,497.7963,No,13.13,12,2594
2013-04-23,236526.97,136.527,6.78,16.6456,0.6112,7.0264,491.6331,No,13.12,12,2595
2013-04-24,235831.94,135.8319,6.7575,16.6456,0.6049,7.0236,491.5547,No,13.12,12,2596
2013-04-25,234384.8,134.3848,6.7089,16.6456,0.6054,7.0211,489.1578,No,13.12,12,2597
2013-04-26,234327.41,134.3274,6.7083,16.6456,0.6023,7.0223,490.2198,No,13.12,12,2598
2013-04-29,233520.14,133.5201,6.6846,16.6456,0.6006,7.0223,485.997,No,13.11,12,2599
2013-04-30,233145.27,133.1453,6.6729,16.6456,0.6054,7.022,484.538,No,13.1,12,2600
2013-05-01,234182.41,134.1824,6.7105,16.6456,0.5997,7.0234,490.0003,No,13.1,12,2601
2013-05-02,232825.57,132.8256,6.6647,16.6456,0.6041,7.022,484.4551,No,13.1,12,2602
2013-05-03,233426.48,133.4265,6.6871,16.6456,0.6023,7.024,478.2991,No,13.1,12,2603
2013-05-06,233286.59,133.2866,6.6865,16.6456,0.6057,7.0243,477.1947,No,13.09,12,2604
2013-05-07,233791.47,133.7915,6.7056,16.6456,0.5987,7.0258,474.1587,No,13.08,12,2605
2013-05-08,232520.25,132.5202,6.6626,16.6456,0.602,7.0243,471.544,No,13.08,12,2606
2013-05-09,233047.93,133.0479,6.6825,16.6456,0.61,7.0229,473.3927,No,13.08,12,2607
2013-05-10,234447.12,134.4471,6.7328,16.6456,0.6113,7.0268,470.9192,No,13.08,12,2608
2013-05-13,234925.13,134.9251,6.7538,16.6456,0.6133,7.028,470.8402,No,13.07,12,2609
2013-05-14,235162.09,135.1621,6.7635,16.6456,0.6146,7.0302,464.9874,No,13.07,12,2610
2013-05-15,235490.31,135.4903,6.7764,16.6456,0.6143,7.0342,461.9364,No,13.06,12,2611
2013-05-16,235632.35,135.6323,6.7828,16.6456,0.6199,7.0347,464.74,No,13.06,12,2612
2013-05-17,236490.28,136.4903,6.814,16.6456,0.6155,7.0381,458.9712,No,13.06,12,2613
2013-05-20,235829.68,135.8297,6.7955,16.6456,0.6148,7.0371,459.3558,No,13.05,12,2614
2013-05-21,235542.01,135.542,6.787,16.6456,0.6236,7.0355,458.3793,No,13.05,12,2615
2013-05-22,237296.67,137.2967,6.8493,16.6456,0.6182,7.0362,462.9715,No,13.04,12,2616
2013-05-23,236268.14,136.2681,6.8152,16.6456,0.62,7.0346,464.541,No,13.04,12,2617
2013-05-24,236426.37,136.4264,6.8221,16.6456,0.627,7.034,464.8405,No,13.04,12,2618
2013-05-28,237694.26,137.6943,6.8719,16.6456,0.6227,7.0356,461.2733,No,13.03,12,2619
2013-05-29,237067.97,137.068,6.8518,16.6456,0.6195,7.0345,465.1693,No,13.02,12,2620
2013-05-30,236169.43,136.1694,6.8221,16.6456,0.6288,7.0303,463.008,No,13.02,12,2621
2013-05-31,238048.91,138.0489,6.8887,16.6456,0.6224,7.0306,471.178,No,13.02,12,2622
2013-06-03,236618.02,136.618,6.8436,16.6456,0.63,7.0278,467.7493,No,13.01,12,2623
2013-06-04,238049.55,138.0495,6.8947,16.6456,0.6295,7.03,470.8698,No,13.01,12,2624
2013-06-05,238183.31,138.1833,6.9008,16.6456,0.6253,7.0291,478.7026,No,13.01,12,2625
2013-06-06,236965.49,136.9655,6.8602,16.6456,0.6335,7.0261,473.7515,No,13.0,12,2626
2013-06-07,238325.13,138.3251,6.9087,16.6456,0.6327,7.0305,466.4729,No,13.0,12,2627
2013-06-10,238481.0,138.481,6.9186,16.6456,0.6342,7.0312,466.6343,No,12.99,12,2628
2013-06-11,238877.73,138.8777,6.9338,16.6456,0.6382,7.0321,472.444,No,12.99,12,2629
2013-06-12,239658.67,139.6587,6.9622,16.6456,0.6334,7.0303,477.1382,No,12.99,12,2630
2013-06-13,238326.21,138.3262,6.9178,16.6456,0.6332,7.0333,468.6472,No,12.98,12,2631
2013-06-14,238476.9,138.4769,6.9245,16.6456,0.6341,7.0332,472.0135,No,12.98,12,2632
2013-06-17,238422.77,138.4228,6.9272,16.6456,0.6347,7.0349,467.7083,No,12.97,12,2633
2013-06-18,238500.84,138.5008,6.9314,16.6456,0.6396,7.0365,463.3116,No,12.97,12,2634
2013-06-19,239744.54,139.7445,6.9758,16.6456,0.6729,6.9975,471.2196,No,12.97,12,2635
2013-06-20,246125.5,146.1255,7.1943,16.6456,0.675,7.0044,485.7786,No,12.96,12,2636
2013-06-21,246658.82,146.6588,7.2138,16.6456,0.6804,7.0037,484.2172,No,12.96,12,2637
2013-06-24,247946.2,147.9462,7.2616,16.6456,0.6811,7.0055,491.3999,No,12.95,12,2638
2013-06-25,247876.97,147.877,7.2609,16.6456,0.6862,7.0058,485.7786,No,12.95,12,2639
2013-06-26,248967.26,148.9673,7.2988,16.6456,0.6851,7.0112,480.0959,No,12.95,12,2640
2013-06-27,248854.89,148.8549,7.2967,16.6456,0.6816,7.0138,476.473,No,12.95,12,2641
2013-06-28,248134.84,148.1348,7.2743,16.6456,0.6733,7.0098,478.9523,No,12.94,12,2642
2013-07-01,246075.53,146.0755,7.21,16.6456,0.6768,7.0078,475.7711,No,12.93,12,2643
2013-07-02,246716.84,146.7168,7.2331,16.6456,0.6756,7.0099,475.958,No,12.93,12,2644
2013-07-03,246417.72,146.4177,7.2246,16.6456,0.6921,6.9994,475.482,No,12.93,12,2645
2013-07-05,249649.83,149.6498,7.336,16.6456,0.6822,7.0003,469.6678,No,12.92,12,2646
2013-07-08,247606.09,147.6061,7.2725,16.6456,0.678,6.9989,466.5234,No,12.92,12,2647
2013-07-09,246519.02,146.519,7.2376,16.6456,0.6799,6.9992,462.4477,No,12.91,12,2648
2013-07-10,246886.5,146.8865,7.2515,16.6456,0.6665,6.9913,462.3213,No,12.91,12,2649
2013-07-11,243763.21,143.7632,7.1474,16.6456,0.6669,6.9904,454.7438,No,12.91,12,2650
2013-07-12,243707.05,143.707,7.1471,16.6456,0.6638,6.9914,453.0373,No,12.9,12,2651
2013-07-15,243032.14,143.0321,7.1287,16.6456,0.6627,6.992,452.2767,No,12.9,12,2652
2013-07-16,242762.11,142.7621,7.1211,16.6456,0.6647,6.9923,454.3339,No,12.89,12,2653
2013-07-17,243043.66,143.0437,7.1323,16.6456,0.6652,6.9944,452.7391,No,12.89,12,2654
2013-07-18,243122.39,143.1224,7.1365,16.6456,0.6587,6.9933,449.9102,No,12.89,12,2655
2013-07-19,241712.3,141.7123,7.0897,16.6456,0.6493,6.9894,449.0102,No,12.88,12,2656
2013-07-22,239627.69,139.6277,7.0224,16.6456,0.6523,6.9876,447.8857,No,12.88,12,2657
2013-07-23,240041.03,140.041,7.0383,16.6456,0.6605,6.9858,448.9025,No,12.87,12,2658
2013-07-24,241677.37,141.6774,7.0963,16.6456,0.6579,6.9874,450.9953,No,12.87,12,2659
2013-07-25,241128.79,141.1288,7.079,16.6456,0.6578,6.988,449.5806,No,12.87,12,2660
2013-07-26,241023.71,141.0237,7.0769,16.6456,0.6595,6.9894,449.1235,No,12.87,12,2661
2013-07-29,241403.53,141.4035,7.0947,16.6456,0.6608,6.9899,451.1517,No,12.86,12,2662
2013-07-30,241579.9,141.5799,7.1024,16.6456,0.6623,6.9911,450.9254,No,12.85,12,2663
2013-07-31,241861.18,141.8612,7.1136,16.6456,0.6645,6.9927,450.918,No,12.85,12,2664
2013-08-01,242234.06,142.2341,7.128,16.6456,0.6609,6.9937,444.0406,No,12.85,12,2665
2013-08-02,241492.88,141.4929,7.1041,16.6456,0.6654,6.994,443.1382,No,12.85,12,2666
2013-08-05,242382.76,142.3828,7.1395,16.6456,0.6705,6.9943,443.89,No,12.84,12,2667
2013-08-06,243444.8,143.4448,7.1775,16.6456,0.6688,6.9964,447.0032,No,12.84,12,2668
2013-08-07,243102.94,143.1029,7.1674,16.6456,0.6622,6.995,448.9189,No,12.83,12,2669
2013-08-08,241580.91,141.5809,7.1165,16.6456,0.6628,6.9947,446.6698,No,12.83,12,2670
2013-08-09,241610.8,141.6108,7.1191,16.6456,0.6607,6.9954,448.5249,No,12.83,12,2671
2013-08-12,241150.39,141.1504,7.1079,16.6456,0.6675,6.9934,449.1399,No,12.82,12,2672
2013-08-13,242379.7,142.3797,7.152,16.6456,0.6656,6.9952,447.4986,No,12.82,12,2673
2013-08-14,242071.18,142.0712,7.1429,16.6456,0.6681,6.9952,450.2384,No,12.81,12,2674
2013-08-15,242690.48,142.6905,7.1659,16.6456,0.6692,6.9944,458.1168,No,12.81,12,2675
2013-08-16,242710.32,142.7103,7.1681,16.6456,0.6751,6.9936,459.9384,No,12.81,12,2676
2013-08-19,243849.17,143.8492,7.2121,16.6456,0.6708,6.994,463.2232,No,12.8,12,2677
2013-08-20,242843.9,142.8439,7.1791,16.6456,0.6763,6.9935,461.0577,No,12.8,12,2678
2013-08-21,243995.06,143.9951,7.2203,16.6456,0.6714,6.9934,464.2901,No,12.79,12,2679
2013-08-22,242771.09,142.7711,7.1798,16.6456,0.6625,6.9911,459.4639,No,12.79,12,2680
2013-08-23,240886.7,140.8867,7.1161,16.6456,0.6635,6.9911,457.1785,No,12.79,12,2681
2013-08-26,240958.73,140.9587,7.1233,16.6456,0.6592,6.9914,459.4317,No,12.78,12,2682
2013-08-27,240254.87,140.2549,7.1004,16.6456,0.6627,6.9908,468.4572,No,12.78,12,2683
2013-08-28,240590.01,140.59,7.1136,16.6456,0.661,6.9919,466.79,No,12.78,12,2684
2013-08-29,240199.77,140.1998,7.1016,16.6456,0.6656,6.9923,465.5993,No,12.77,12,2685
2013-08-30,241107.16,141.1072,7.1348,16.6456,0.6651,6.9941,467.3492,No,12.77,12,2686
2013-09-03,241057.35,141.0574,7.1394,16.6456,0.6682,6.9941,464.9662,No,12.76,12,2687
2013-09-04,241463.88,141.4639,7.1552,16.6456,0.6748,6.994,460.2882,No,12.76,12,2688
2013-09-05,242879.69,142.8797,7.2059,16.6456,0.6703,6.9951,459.5948,No,12.75,12,2689
2013-09-06,242029.21,142.0292,7.178,16.6456,0.6679,6.9953,459.4942,No,12.75,12,2690
2013-09-09,241323.21,141.3232,7.1582,16.6456,0.6724,6.9955,453.9264,No,12.74,12,2691
2013-09-10,242153.63,142.1536,7.1887,16.6456,0.6686,6.9974,449.8827,No,12.74,12,2692
2013-09-11,241410.98,141.411,7.1645,16.6456,0.6772,6.9954,448.1332,No,12.74,12,2693
2013-09-12,243069.88,143.0699,7.2237,16.6456,0.6796,6.9976,449.8351,No,12.73,12,2694
2013-09-13,243596.01,143.596,7.2435,16.6456,0.6776,6.9997,448.3426,No,12.73,12,2695
2013-09-16,243210.79,143.2108,7.235,16.6456,0.6761,7.0003,445.2358,No,12.72,12,2696
2013-09-17,242797.31,142.7973,7.2223,16.6456,0.6697,7.0002,442.9381,No,12.72,12,2697
2013-09-18,241349.9,141.3499,7.1735,16.6456,0.6591,6.9965,436.3984,No,12.72,12,2698
2013-09-19,239239.54,139.2395,7.1011,16.6456,0.6691,6.9919,437.3065,No,12.72,12,2699
2013-09-20,240898.99,140.899,7.161,16.6456,0.6693,6.9942,441.2075,No,12.71,12,2700
2013-09-23,241005.7,141.0057,7.1695,16.6456,0.6695,6.9955,443.7717,No,12.7,12,2701
2013-09-24,241000.97,141.001,7.1709,16.6456,0.6657,6.9963,445.1314,No,12.7,12,2702
2013-09-25,240209.51,140.2095,7.1448,16.6456,0.6699,6.996,446.6136,No,12.7,12,2703
2013-09-26,240894.11,140.8941,7.1704,16.6456,0.6671,6.9973,444.6115,No,12.7,12,2704
2013-09-27,240386.34,140.3863,7.1542,16.6456,0.6724,6.9967,446.8074,No,12.69,12,2705
2013-09-30,241364.52,141.3645,7.1933,16.6456,0.68,6.9957,450.099,No,12.68,12,2706
2013-10-01,242781.54,142.7815,7.2444,16.6456,0.6718,6.9957,445.6973,No,12.68,12,2707
2013-10-02,241198.57,141.1986,7.1907,16.6456,0.6763,6.995,445.9555,No,12.68,12,2708
2013-10-03,242018.66,142.0187,7.221,16.6456,0.6766,6.9961,450.9014,No,12.68,12,2709
2013-10-04,241926.02,141.926,7.2194,16.6456,0.6745,6.9974,447.0231,No,12.67,12,2710
2013-10-07,241596.63,141.5966,7.2127,16.6456,0.6787,6.9973,451.7155,No,12.67,12,2711
2013-10-08,242406.6,142.4066,7.2426,16.6456,0.6852,6.9967,458.4322,No,12.66,12,2712
2013-10-09,243574.94,143.5749,7.285,16.6456,0.6807,6.9976,458.0565,No,12.66,12,2713
2013-10-10,242488.24,142.4882,7.2487,16.6456,0.6849,6.9982,446.0494,No,12.66,12,2714
2013-10-11,243389.13,143.3891,7.2818,16.6456,0.6839,7.0003,442.6382,No,12.65,12,2715
2013-10-14,243211.01,143.211,7.2805,16.6456,0.687,7.0007,440.433,No,12.65,12,2716
2013-10-15,243863.39,143.8634,7.3049,16.6456,0.6782,6.9981,444.2774,No,12.64,12,2717
2013-10-16,241813.91,141.8139,7.2349,16.6456,0.6656,6.9914,436.7945,No,12.64,12,2718
2013-10-17,239056.1,139.0561,7.1392,16.6456,0.6656,6.9915,433.1736,No,12.64,12,2719
2013-10-18,238864.83,138.8648,7.134,16.6456,0.6662,6.9929,429.6912,No,12.64,12,2720
2013-10-21,238982.3,138.9823,7.143,16.6456,0.6562,6.9893,429.6368,No,12.63,12,2721
2013-10-22,236840.38,136.8404,7.0682,16.6456,0.6589,6.9896,426.6135,No,12.62,12,2722
2013-10-23,237270.04,137.27,7.0852,16.6456,0.6558,6.9904,429.1088,No,12.62,12,2723
2013-10-24,236606.04,136.606,7.063,16.6456,0.6534,6.991,427.3825,No,12.62,12,2724
2013-10-25,236021.89,136.0219,7.0436,16.6456,0.6543,6.992,425.0754,No,12.62,12,2725
2013-10-28,236146.0,136.146,7.0528,16.6456,0.6539,6.9932,424.3747,No,12.61,12,2726
2013-10-29,235992.87,135.9929,7.0489,16.6456,0.6562,6.9942,421.434,No,12.61,12,2727
2013-10-30,236481.1,136.4811,7.0681,16.6456,0.6624,6.9935,423.9469,No,12.6,12,2728
2013-10-31,237651.46,137.6515,7.1116,16.6456,0.667,6.9941,425.9237,No,12.6,12,2729
2013-11-01,238546.24,138.5462,7.1452,16.6456,0.6654,6.9954,424.3997,No,12.6,12,2730
2013-11-04,238197.42,138.1974,7.1375,16.6456,0.6713,6.995,422.5302,No,12.59,12,2731
2013-11-05,239353.23,139.3532,7.1804,16.6456,0.6678,6.9957,423.9419,No,12.59,12,2732
2013-11-06,238599.15,138.5991,7.1551,16.6456,0.6714,6.9961,421.4308,No,12.58,12,2733
2013-11-07,239322.78,139.3228,7.1825,16.6456,0.6803,6.994,428.2755,No,12.58,12,2734
2013-11-08,240980.43,140.9804,7.243,16.6456,0.6817,6.9955,421.2693,No,12.58,12,2735
2013-11-11,241315.85,141.3158,7.2597,16.6456,0.6834,6.9965,420.891,No,12.57,12,2736
2013-11-12,241630.36,141.6304,7.2725,16.6456,0.6808,6.9975,422.0955,No,12.57,12,2737
2013-11-13,241014.7,141.0147,7.2524,16.6456,0.6739,6.9966,417.7486,No,12.56,12,2738
2013-11-14,239515.49,139.5155,7.2007,16.6456,0.6722,6.9973,415.1612,No,12.56,12,2739
2013-11-15,239081.91,139.0819,7.1869,16.6456,0.6751,6.9981,412.9914,No,12.56,12,2740
2013-11-18,239636.95,139.637,7.2116,16.6456,0.6777,6.9991,414.8703,No,12.55,12,2741
2013-11-19,240141.42,140.1414,7.2312,16.6456,0.6877,6.9961,415.8262,No,12.55,12,2742
2013-11-20,242107.76,142.1078,7.3025,16.6456,0.6883,6.9974,417.6836,No,12.55,12,2743
2013-11-21,242185.68,142.1857,7.3069,16.6456,0.6842,6.9981,413.4767,No,12.54,12,2744
2013-11-22,241288.48,141.2885,7.2768,16.6456,0.6846,6.9993,410.8731,No,12.54,12,2745
2013-11-25,241328.37,141.3284,7.2832,16.6456,0.6836,7.0004,411.5081,No,12.53,12,2746
2013-11-26,241071.62,141.0716,7.2757,16.6456,0.6844,7.0015,411.3765,No,12.53,12,2747
2013-11-27,241177.34,141.1773,7.2811,16.6456,0.6817,7.0024,409.9891,No,12.53,12,2748
2013-11-29,240584.18,140.5842,7.2633,16.6456,0.6919,6.9991,410.3707,No,12.52,12,2749
2013-12-02,242590.36,142.5904,7.3395,16.6456,0.692,7.0006,411.7412,No,12.51,12,2750
2013-12-03,242589.56,142.5896,7.3411,16.6456,0.6891,7.0014,413.3505,No,12.51,12,2751
2013-12-04,241926.42,141.9264,7.3193,16.6456,0.695,7.0006,413.8875,No,12.51,12,2752
2013-12-05,243085.7,143.0857,7.362,16.6456,0.6914,7.0013,416.1101,No,12.5,12,2753
2013-12-06,242242.83,142.2428,7.3338,16.6456,0.6892,7.0024,410.3281,No,12.5,12,2754
2013-12-09,241739.51,141.7395,7.321,16.6456,0.6822,7.0012,409.3831,No,12.49,12,2755
2013-12-10,240205.73,140.2057,7.268,16.6456,0.689,7.0001,411.0028,No,12.49,12,2756
2013-12-11,241540.42,141.5404,7.3172,16.6456,0.6992,6.997,416.7953,No,12.49,12,2757
2013-12-12,243553.01,143.553,7.3902,16.6456,0.6958,6.9979,418.6125,No,12.48,12,2758
2013-12-13,242784.08,142.7841,7.3647,16.6456,0.693,6.9986,418.6548,No,12.48,12,2759
2013-12-16,242133.85,142.1338,7.3467,16.6456,0.6961,6.9992,415.3912,No,12.47,12,2760
2013-12-17,242748.95,142.749,7.3702,16.6456,0.692,6.9997,416.9879,No,12.47,12,2761
2013-12-18,241788.65,141.7887,7.3377,16.6456,0.7025,6.9963,408.5042,No,12.47,12,2762
2013-12-19,243945.97,143.946,7.4159,16.6456,0.695,6.9947,408.7299,No,12.47,12,2763
2013-12-20,242213.16,142.2132,7.3562,16.6456,0.6969,6.9957,406.2891,No,12.46,12,2764
2013-12-23,242561.37,142.5614,7.3736,16.6456,0.6969,6.9968,403.5349,No,12.45,12,2765
2013-12-24,242508.94,142.5089,7.3734,16.6456,0.6947,6.9977,402.014,No,12.45,12,2766
2013-12-26,241993.0,141.993,7.3584,16.6456,0.6953,6.9988,399.6431,No,12.45,12,2767
2013-12-27,242067.78,142.0678,7.3627,16.6456,0.6966,6.9998,399.7172,No,12.44,12,2768
2013-12-30,242319.69,142.3197,7.3768,16.6456,0.6979,7.0009,399.7717,No,12.44,12,2769
2013-12-31,242519.8,142.5198,7.3856,16.6456,0.6942,7.0015,397.7684,No,12.43,12,2770
2014-01-02,241685.87,141.6859,7.3592,16.6456,0.6914,7.0023,402.1454,No,12.43,12,2771
2014-01-03,240996.28,140.9963,7.3362,16.6456,0.691,7.0033,402.2997,No,12.42,12,2772
2014-01-06,241158.68,141.1587,7.347,16.6456,0.6918,7.0043,403.5564,No,12.42,11,2773
2014-01-07,240964.71,140.9647,7.3418,16.6456,0.6933,7.0059,400.5068,No,12.41,11,2774
2014-01-08,241326.53,141.3265,7.3564,16.6456,0.6908,7.0071,400.4628,No,12.41,11,2775
2014-01-09,240714.76,140.7148,7.3361,16.6456,0.683,7.0052,400.2913,No,12.41,11,2776
2014-01-10,238993.9,138.9939,7.2758,16.6456,0.6844,7.0052,399.1384,No,12.41,11,2777
2014-01-13,239238.43,139.2384,7.2896,16.6456,0.6842,7.0056,405.4394,No,12.4,11,2778
2014-01-14,239130.64,139.1306,7.2874,16.6456,0.6847,7.0075,400.0276,No,12.39,11,2779
2014-01-15,239186.08,139.1861,7.291,16.6456,0.6827,7.009,397.4444,No,12.39,11,2780
2014-01-16,238716.91,138.7169,7.2757,16.6456,0.6799,7.0097,398.1034,No,12.39,11,2781
2014-01-17,238165.97,138.166,7.2574,16.6456,0.6815,7.0099,400.0427,No,12.39,11,2782
2014-01-21,238335.82,138.3358,7.2702,16.6456,0.6827,7.0115,398.6483,No,12.38,11,2783
2014-01-22,238599.92,138.5999,7.2815,16.6456,0.676,7.0109,398.302,No,12.37,11,2784
2014-01-23,237187.6,137.1876,7.2317,16.6456,0.6803,7.0097,402.7649,No,12.37,11,2785
2014-01-24,237978.89,137.9789,7.2622,16.6456,0.6844,7.0094,413.4799,No,12.37,11,2786
2014-01-27,238792.33,138.7923,7.2968,16.6456,0.6854,7.0105,415.9793,No,12.36,11,2787
2014-01-28,238760.9,138.7609,7.2974,16.6456,0.6829,7.0123,412.8305,No,12.36,11,2788
2014-01-29,238376.68,138.3767,7.285,16.6456,0.6856,7.0123,418.0639,No,12.35,11,2789
2014-01-30,238694.65,138.6947,7.2983,16.6456,0.6855,7.0148,412.2622,No,12.35,11,2790
2014-01-31,238738.29,138.7383,7.3016,16.6456,0.6839,7.0157,415.5957,No,12.35,11,2791
2014-02-03,238546.55,138.5465,7.2996,16.6456,0.6879,7.0148,427.6421,No,12.34,11,2792
2014-02-04,239122.53,139.1225,7.3223,16.6456,0.6899,7.0163,423.6128,No,12.34,11,2793
2014-02-05,239620.61,139.6206,7.3421,16.6456,0.6881,7.017,424.5197,No,12.33,11,2794
2014-02-06,239074.83,139.0748,7.3239,16.6456,0.6829,7.0173,417.8119,No,12.33,11,2795
2014-02-07,237945.89,137.9459,7.2844,16.6456,0.6792,7.0179,411.0139,No,12.33,11,2796
2014-02-10,237182.96,137.183,7.2615,16.6456,0.6748,7.0175,410.2019,No,12.32,11,2797
2014-02-11,236275.53,136.2755,7.2298,16.6456,0.6758,7.0182,404.5941,No,12.32,11,2798
2014-02-12,236406.3,136.4063,7.2362,16.6456,0.672,7.0184,404.4815,No,12.32,11,2799
2014-02-13,235454.75,135.4547,7.2028,16.6456,0.6665,7.0181,401.5151,No,12.31,11,2800
2014-02-14,234401.05,134.4011,7.1654,16.6456,0.665,7.0184,399.0735,No,12.31,11,2801
2014-02-18,233949.32,133.9493,7.1552,16.6456,0.6694,7.0185,398.4179,No,12.3,11,2802
2014-02-19,234783.27,134.7833,7.1879,16.6456,0.6694,7.0197,401.6661,No,12.3,11,2803
2014-02-20,234699.07,134.6991,7.1864,16.6456,0.667,7.021,398.5684,No,12.29,11,2804
2014-02-21,234188.92,134.1889,7.1691,16.6456,0.6631,7.021,399.4601,No,12.29,11,2805
2014-02-24,233446.67,133.4467,7.1463,16.6456,0.6607,7.0214,396.3836,No,12.28,11,2806
2014-02-25,232748.29,132.7483,7.1219,16.6456,0.6623,7.022,397.0429,No,12.28,11,2807
2014-02-26,232919.19,132.9192,7.1299,16.6456,0.6579,7.0232,396.9351,No,12.28,11,2808
2014-02-27,232115.53,132.1155,7.1014,16.6456,0.6592,7.0241,394.4192,No,12.27,11,2809
2014-02-28,232286.49,132.2865,7.1095,16.6456,0.653,7.0243,393.0412,No,12.27,11,2810
2014-03-03,231227.77,131.2278,7.0745,16.6456,0.6568,7.0237,396.6809,No,12.26,11,2811
2014-03-04,231768.83,131.7688,7.0965,16.6456,0.6559,7.0258,389.2034,No,12.26,11,2812
2014-03-05,231524.4,131.5244,7.089,16.6456,0.6559,7.0268,389.1367,No,12.26,11,2813
2014-03-06,231658.24,131.6582,7.0957,16.6456,0.6616,7.0266,388.2121,No,12.25,11,2814
2014-03-07,232540.37,132.5404,7.1305,16.6456,0.6606,7.0284,387.9119,No,12.25,11,2815
2014-03-10,232342.37,132.3424,7.128,16.6456,0.6605,7.0294,388.1067,No,12.24,11,2816
2014-03-11,232275.53,132.2755,7.1272,16.6456,0.6537,7.0281,390.5805,No,12.24,11,2817
2014-03-12,230919.86,130.9199,7.0776,16.6456,0.6535,7.0282,390.3035,No,12.24,11,2818
2014-03-13,230655.03,130.655,7.0692,16.6456,0.6527,7.0289,396.0449,No,12.24,11,2819
2014-03-14,230572.43,130.5724,7.0677,16.6456,0.6539,7.0297,397.4354,No,12.23,11,2820
2014-03-17,230701.22,130.7012,7.0775,16.6456,0.6538,7.0314,392.6982,No,12.22,11,2821
2014-03-18,230510.49,130.5105,7.0719,16.6456,0.6614,7.0303,389.1541,No,12.22,11,2822
2014-03-19,232033.33,132.0333,7.1312,16.6456,0.6625,7.0319,392.1722,No,12.22,11,2823
2014-03-20,232187.25,132.1872,7.1387,16.6456,0.6588,7.0332,389.2092,No,12.22,11,2824
2014-03-21,231431.7,131.4317,7.1118,16.6456,0.6637,7.0329,390.6461,No,12.21,11,2825
2014-03-24,232178.64,132.1786,7.145,16.6456,0.6625,7.0348,393.0441,No,12.21,11,2826
2014-03-25,232146.58,132.1466,7.1455,16.6456,0.6644,7.0359,390.8329,No,12.2,11,2827
2014-03-26,232354.03,132.354,7.155,16.6456,0.6651,7.0371,394.2786,No,12.2,11,2828
2014-03-27,232462.59,132.4626,7.1607,16.6456,0.6654,7.0385,395.1342,No,12.2,11,2829
2014-03-28,232584.0,132.584,7.167,16.6456,0.6665,7.0398,392.8277,No,12.19,11,2830
2014-03-31,232678.08,132.6781,7.1755,16.6456,0.6677,7.0414,388.9324,No,12.19,11,2831
2014-04-01,232974.72,132.9747,7.1884,16.6456,0.6664,7.0429,385.4806,No,12.18,11,2832
2014-04-02,232743.91,132.7439,7.1814,16.6456,0.6676,7.0437,384.0155,No,12.18,11,2833
2014-04-03,232753.97,132.754,7.1834,16.6456,0.6649,7.0448,384.5555,No,12.18,11,2834
2014-04-04,232317.97,132.318,7.1686,16.6456,0.6681,7.0445,390.6913,No,12.18,11,2835
2014-04-07,232771.44,132.7714,7.1908,16.6456,0.6639,7.0449,396.0211,No,12.17,11,2836
2014-04-08,231949.59,131.9496,7.1613,16.6456,0.6632,7.0457,394.0063,No,12.16,11,2837
2014-04-09,231737.58,131.7376,7.1549,16.6456,0.6635,7.0473,388.6284,No,12.16,11,2838
2014-04-10,231842.09,131.8421,7.1606,16.6456,0.6649,7.0473,399.0493,No,12.16,11,2839
2014-04-11,231941.3,131.9413,7.166,16.6456,0.6615,7.0478,403.7778,No,12.16,11,2840
2014-04-14,231286.19,131.2862,7.1461,16.6456,0.6642,7.0486,399.6688,No,12.15,11,2841
2014-04-15,231501.71,131.5017,7.156,16.6456,0.6591,7.0502,396.3149,No,12.15,11,2842
2014-04-16,230663.57,130.6636,7.1256,16.6456,0.6643,7.0502,391.1498,No,12.14,11,2843
2014-04-17,231671.36,131.6714,7.1658,16.6456,0.665,7.0518,390.4595,No,12.14,11,2844
2014-04-21,231706.97,131.707,7.1738,16.6456,0.6645,7.0533,388.6081,No,12.13,11,2845
2014-04-22,231533.65,131.5336,7.1689,16.6456,0.6624,7.0547,386.6157,No,12.13,11,2846
2014-04-23,231138.9,131.1389,7.1555,16.6456,0.6601,7.0554,387.6337,No,12.12,11,2847
2014-04-24,230658.37,130.6584,7.1388,16.6456,0.66,7.0563,386.7865,No,12.12,11,2848
2014-04-25,230647.41,130.6474,7.14,16.6456,0.6615,7.0569,390.7584,No,12.12,11,2849
2014-04-28,230831.47,130.8315,7.1521,16.6456,0.6614,7.0582,389.1454,No,12.11,11,2850
2014-04-29,230743.98,130.744,7.1504,16.6456,0.6595,7.0595,386.8195,No,12.11,11,2851
2014-04-30,230304.93,130.3049,7.1352,16.6456,0.6592,7.0607,385.345,No,12.1,11,2852
2014-05-01,230110.07,130.1101,7.1294,16.6456,0.653,7.0609,385.3821,No,12.1,11,2853
2014-05-02,229026.29,129.0263,7.0893,16.6456,0.6533,7.0613,386.0382,No,12.1,11,2854
2014-05-05,229047.1,129.0471,7.0951,16.6456,0.6555,7.0621,385.0925,No,12.09,11,2855
2014-05-06,229349.61,129.3496,7.1084,16.6456,0.6595,7.0624,389.482,No,12.09,11,2856
2014-05-07,229981.31,129.9813,7.1345,16.6456,0.661,7.0642,386.5411,No,12.08,11,2857
2014-05-08,230367.54,130.3675,7.151,16.6456,0.6618,7.0654,387.0882,No,12.08,11,2858
2014-05-09,230474.61,130.4746,7.1568,16.6456,0.6586,7.0662,386.2616,No,12.08,11,2859
2014-05-12,229833.89,129.8339,7.1372,16.6456,0.6566,7.0671,381.5848,No,12.07,11,2860
2014-05-13,229271.46,129.2715,7.1171,16.6456,0.6522,7.0675,381.2633,No,12.07,11,2861
2014-05-14,228412.69,128.4127,7.0854,16.6456,0.6556,7.0676,383.4427,No,12.07,11,2862
2014-05-15,228926.99,128.927,7.1071,16.6456,0.6551,7.069,387.9191,No,12.06,11,2863
2014-05-16,228885.48,128.8855,7.1071,16.6456,0.6562,7.0702,386.0954,No,12.06,11,2864
2014-05-19,229105.47,129.1055,7.1207,16.6456,0.6577,7.0714,384.1973,No,12.05,11,2865
2014-05-20,229313.91,129.3139,7.1305,16.6456,0.6588,7.0724,387.3485,No,12.05,11,2866
2014-05-21,229468.72,129.4687,7.1381,16.6456,0.6571,7.0739,383.3564,No,12.05,11,2867
2014-05-22,229136.49,129.1365,7.1269,16.6456,0.6554,7.0747,382.1504,No,12.04,11,2868
2014-05-23,228669.76,128.6698,7.1105,16.6456,0.6578,7.0757,380.104,No,12.04,11,2869
2014-05-27,228996.71,128.9967,7.1299,16.6456,0.6552,7.0778,377.2428,No,12.03,11,2870
2014-05-28,228525.5,128.5255,7.1132,16.6456,0.6556,7.079,377.7,No,12.03,11,2871
2014-05-29,228661.39,128.6614,7.1202,16.6456,0.658,7.0802,375.09,No,12.02,11,2872
2014-05-30,229026.49,129.0265,7.1361,16.6456,0.6604,7.0815,374.2122,No,12.02,11,2873
2014-06-02,229527.46,129.5275,7.1606,16.6456,0.6644,7.0822,373.8242,No,12.01,11,2874
2014-06-03,230307.93,130.3079,7.1926,16.6456,0.6646,7.0834,373.9793,No,12.01,11,2875
2014-06-04,230213.81,130.2138,7.1907,16.6456,0.6606,7.084,372.9999,No,12.01,11,2876
2014-06-05,229422.4,129.4224,7.1616,16.6456,0.6598,7.085,369.9025,No,12.01,11,2877
2014-06-06,229182.54,129.1825,7.154,16.6456,0.6598,7.0863,367.6694,No,12.0,11,2878
2014-06-09,229155.35,129.1554,7.158,16.6456,0.6598,7.0874,367.2074,No,11.99,11,2879
2014-06-10,229140.56,129.1406,7.1591,16.6456,0.6605,7.0884,367.3198,No,11.99,11,2880
2014-06-11,229175.1,129.1751,7.1621,16.6456,0.6571,7.089,368.9265,No,11.99,11,2881
2014-06-12,228470.78,128.4708,7.1363,16.6456,0.6566,7.0895,372.1393,No,11.99,11,2882
2014-06-13,228315.22,128.3152,7.1319,16.6456,0.6555,7.0907,370.6569,No,11.98,11,2883
2014-06-16,228054.49,128.0545,7.1268,16.6456,0.6581,7.0915,370.2599,No,11.98,11,2884
2014-06-17,228563.2,128.5632,7.1484,16.6456,0.6539,7.0921,369.2318,No,11.97,11,2885
2014-06-18,227597.85,127.5979,7.1122,16.6456,0.6478,7.0918,365.6322,No,11.97,11,2886
2014-06-19,226718.33,126.7183,7.0792,16.6456,0.6464,7.0914,364.9737,No,11.97,11,2887
2014-06-20,226034.5,126.0345,7.0539,16.6456,0.647,7.0925,364.1681,No,11.96,11,2888
2014-06-23,226170.96,126.171,7.0643,16.6456,0.6456,7.0935,364.2282,No,11.96,11,2889
2014-06-24,225773.69,125.7737,7.0502,16.6456,0.643,7.0942,367.1942,No,11.95,11,2890
2014-06-25,225276.69,125.2767,7.0322,16.6456,0.6434,7.0954,364.9055,No,11.95,11,2891
2014-06-26,225257.26,125.2573,7.0331,16.6456,0.6425,7.0967,365.3749,No,11.95,11,2892
2014-06-27,225126.45,125.1265,7.0295,16.6456,0.6416,7.0978,364.462,No,11.95,11,2893
2014-06-30,224879.01,124.879,7.0247,16.6456,0.6412,7.0989,364.615,No,11.94,11,2894
2014-07-01,224848.72,124.8487,7.0251,16.6456,0.6438,7.0999,361.4492,No,11.93,11,2895
2014-07-02,225332.53,125.3325,7.0461,16.6456,0.6463,7.1009,361.1191,No,11.93,11,2896
2014-07-03,225638.61,125.6386,7.0599,16.6456,0.6463,7.1025,358.6051,No,11.93,11,2897
2014-07-07,225530.59,125.5306,7.0624,16.6456,0.6449,7.1036,360.3936,No,11.92,11,2898
2014-07-08,225216.48,125.2165,7.0515,16.6456,0.6413,7.1042,363.5254,No,11.92,11,2899
2014-07-09,224601.85,124.6018,7.0286,16.6456,0.6395,7.1051,361.355,No,11.91,11,2900
2014-07-10,224262.61,124.2626,7.0167,16.6456,0.6382,7.1056,363.2704,No,11.91,11,2901
2014-07-11,223829.82,123.8298,7.001,16.6456,0.645,7.1048,362.5446,No,11.91,11,2902
2014-07-14,224980.36,124.9804,7.0521,16.6456,0.6479,7.1064,360.314,No,11.9,11,2903
2014-07-15,225578.17,125.5782,7.0777,16.6456,0.6445,7.1075,361.2029,No,11.9,11,2904
2014-07-16,224890.64,124.8906,7.0519,16.6456,0.6405,7.108,359.2202,No,11.89,11,2905
2014-07-17,224111.78,124.1118,7.0224,16.6456,0.6404,7.1084,364.6739,No,11.89,11,2906
2014-07-18,224016.62,124.0166,7.0202,16.6456,0.6387,7.1099,359.9497,No,11.89,11,2907
2014-07-21,223660.01,123.66,7.0109,16.6456,0.6384,7.1109,361.0058,No,11.88,11,2908
2014-07-22,223535.71,123.5357,7.0076,16.6456,0.6386,7.1123,358.7046,No,11.88,11,2909
2014-07-23,223574.98,123.575,7.0108,16.6456,0.6441,7.1123,357.8964,No,11.87,11,2910
2014-07-24,224552.46,124.5525,7.0518,16.6456,0.6394,7.1131,357.6679,No,11.87,11,2911
2014-07-25,223600.89,123.6009,7.0152,16.6456,0.6398,7.1138,359.8895,No,11.87,11,2912
2014-07-28,223658.02,123.658,7.0225,16.6456,0.6415,7.1148,359.7549,No,11.86,11,2913
2014-07-29,223876.32,123.8763,7.033,16.6456,0.6464,7.115,361.8237,No,11.86,11,2914
2014-07-30,224861.7,124.8617,7.0744,16.6456,0.6573,7.1119,361.7203,No,11.85,11,2915
2014-07-31,226731.46,126.7315,7.1509,16.6456,0.6532,7.1126,371.1124,No,11.85,11,2916
2014-08-01,225922.39,125.9224,7.1203,16.6456,0.6535,7.1133,372.4624,No,11.85,11,2917
2014-08-04,225901.47,125.9015,7.1246,16.6456,0.6564,7.1144,369.0877,No,11.84,11,2918
2014-08-05,226398.28,126.3983,7.1461,16.6456,0.651,7.1144,373.6311,No,11.84,11,2919
2014-08-06,225448.72,125.4487,7.1098,16.6456,0.6497,7.1149,373.4803,No,11.84,11,2920
2014-08-07,225021.43,125.0214,7.0943,16.6456,0.6475,7.1157,376.0108,No,11.83,11,2921
2014-08-08,224557.88,124.5579,7.0774,16.6456,0.6468,7.1171,370.5724,No,11.83,11,2922
2014-08-11,224405.38,124.4054,7.0763,16.6456,0.6494,7.118,369.1918,No,11.82,11,2923
2014-08-12,224884.48,124.8845,7.0973,16.6456,0.6449,7.1184,369.9359,No,11.82,11,2924
2014-08-13,223925.62,123.9256,7.0603,16.6456,0.6411,7.119,366.6856,No,11.82,11,2925
2014-08-14,223135.84,123.1358,7.03,16.6456,0.6399,7.1201,364.6425,No,11.81,11,2926
2014-08-15,222827.09,122.8271,7.0191,16.6456,0.6416,7.1213,364.6163,No,11.81,11,2927
2014-08-18,223211.12,123.2111,7.0398,16.6456,0.6419,7.1228,360.6571,No,11.8,11,2928
2014-08-19,223206.64,123.2066,7.0413,16.6456,0.6422,7.1242,358.274,No,11.8,11,2929
2014-08-20,223227.38,123.2274,7.0439,16.6456,0.6444,7.1253,357.1114,No,11.8,11,2930
2014-08-21,223499.77,123.4998,7.0566,16.6456,0.6418,7.1269,355.7557,No,11.79,11,2931
2014-08-22,223062.41,123.0624,7.0405,16.6456,0.6398,7.1277,356.6043,No,11.79,11,2932
2014-08-25,222615.88,122.6159,7.0274,16.6456,0.639,7.129,354.4217,No,11.78,11,2933
2014-08-26,222488.63,122.4886,7.0239,16.6456,0.6372,7.1299,353.9405,No,11.78,11,2934
2014-08-27,222031.87,122.0319,7.0069,16.6456,0.6345,7.1309,353.8244,No,11.78,11,2935
2014-08-28,221529.28,121.5293,6.988,16.6456,0.6342,7.1319,354.5319,No,11.78,11,2936
2014-08-29,221411.13,121.4111,6.9848,16.6456,0.6452,7.1284,352.9911,No,11.77,11,2937
2014-09-02,223380.31,123.3803,7.0722,16.6456,0.6428,7.1299,353.2163,No,11.76,11,2938
2014-09-03,222858.1,122.8581,7.0525,16.6456,0.648,7.1298,353.4865,No,11.76,11,2939
2014-09-04,223841.25,123.8413,7.0943,16.6456,0.6474,7.1311,354.1704,No,11.76,11,2940
2014-09-05,223645.19,123.6452,7.0881,16.6456,0.6516,7.1316,351.8835,No,11.75,11,2941
2014-09-08,224317.85,124.3179,7.1206,16.6456,0.6552,7.1325,353.1989,No,11.75,11,2942
2014-09-09,224973.73,124.9737,7.1489,16.6456,0.6569,7.1336,356.1764,No,11.74,11,2943
2014-09-10,225291.75,125.2918,7.1636,16.6456,0.6593,7.1348,354.473,No,11.74,11,2944
2014-09-11,225688.91,125.6889,7.1814,16.6456,0.6665,7.1341,353.9468,No,11.74,11,2945
2014-09-12,226998.13,126.9981,7.236,16.6456,0.6657,7.1354,356.6598,No,11.73,11,2946
2014-09-15,226778.84,126.7788,7.2324,16.6456,0.6645,7.1364,356.981,No,11.73,11,2947
2014-09-16,226544.51,126.5445,7.2247,16.6456,0.6655,7.1377,353.58,No,11.72,11,2948
2014-09-17,226663.46,126.6635,7.2312,16.6456,0.6655,7.1389,352.9824,No,11.72,11,2949
2014-09-18,226558.59,126.5586,7.2287,16.6456,0.6643,7.1404,350.7149,No,11.72,11,2950
2014-09-19,226247.62,126.2476,7.2179,16.6456,0.6657,7.1418,350.9242,No,11.72,11,2951
2014-09-22,226546.36,126.5464,7.2352,16.6456,0.6647,7.1428,354.5669,No,11.71,11,2952
2014-09-23,226291.87,126.2919,7.2267,16.6456,0.6647,7.1438,357.1608,No,11.7,11,2953
2014-09-24,226301.81,126.3018,7.2289,16.6456,0.6657,7.1452,353.5999,No,11.7,11,2954
2014-09-25,226368.39,126.3684,7.2333,16.6456,0.6652,7.1461,361.0547,No,11.7,11,2955
2014-09-26,226278.46,126.2785,7.2314,16.6456,0.6629,7.1474,357.0494,No,11.7,11,2956
2014-09-29,225772.68,125.7727,7.2162,16.6456,0.6673,7.1476,358.1773,No,11.69,11,2957
2014-09-30,226579.61,126.5796,7.2506,16.6456,0.6647,7.1487,359.4324,No,11.68,11,2958
2014-10-01,225976.27,125.9763,7.2279,16.6456,0.6673,7.1494,365.5586,No,11.68,11,2959
2014-10-02,226512.67,126.5127,7.2515,16.6456,0.6685,7.1505,365.5166,No,11.68,11,2960
2014-10-03,226619.52,126.6195,7.2575,16.6456,0.6651,7.1521,360.3692,No,11.68,11,2961
2014-10-06,226003.95,126.0039,7.2378,16.6456,0.6647,7.1529,361.0792,No,11.67,11,2962
2014-10-07,225837.51,125.8375,7.2328,16.6456,0.6611,7.1534,368.159,No,11.67,11,2963
2014-10-08,225104.0,125.104,7.2047,16.6456,0.6639,7.1546,359.9676,No,11.66,11,2964
2014-10-09,225685.12,125.6851,7.2301,16.6456,0.6659,7.1549,369.647,No,11.66,11,2965
2014-10-10,225911.03,125.911,7.2411,16.6456,0.6671,7.156,375.0394,No,11.66,11,2966
2014-10-13,226158.92,126.1589,7.2565,16.6456,0.6642,7.1564,382.9942,No,11.65,11,2967
2014-10-14,225492.44,125.4924,7.2311,16.6456,0.6619,7.1573,382.2293,No,11.65,11,2968
2014-10-15,225056.93,125.0569,7.215,16.6456,0.6651,7.1578,386.1212,No,11.64,11,2969
2014-10-16,225566.55,125.5665,7.2376,16.6456,0.6637,7.159,386.0339,No,11.64,11,2970
2014-10-17,225227.77,125.2278,7.2255,16.6456,0.6586,7.1594,379.8514,No,11.64,11,2971
2014-10-20,224235.13,124.2351,7.1901,16.6456,0.6536,7.1596,375.4965,No,11.63,11,2972
2014-10-21,223287.87,123.2879,7.1528,16.6456,0.6573,7.1604,366.3585,No,11.63,11,2973
2014-10-22,223894.56,123.8946,7.1796,16.6456,0.6604,7.1612,369.7339,No,11.62,11,2974
2014-10-23,224418.73,124.4187,7.2029,16.6456,0.6575,7.1627,364.0245,No,11.62,11,2975
2014-10-24,223839.45,123.8395,7.1808,16.6456,0.6581,7.164,360.7702,No,11.62,11,2976
2014-10-27,223901.74,123.9017,7.1887,16.6456,0.6565,7.1652,361.4595,No,11.61,11,2977
2014-10-28,223599.9,123.5999,7.178,16.6456,0.6577,7.1665,356.0164,No,11.61,11,2978
2014-10-29,223746.17,123.7462,7.1858,16.6456,0.6622,7.167,356.6005,No,11.61,11,2979
2014-10-30,224515.73,124.5157,7.2192,16.6456,0.6663,7.1682,353.7421,No,11.6,11,2980
2014-10-31,225286.13,125.2861,7.2527,16.6456,0.667,7.1703,348.4784,No,11.6,11,2981
2014-11-03,225369.37,125.3694,7.2614,16.6456,0.6677,7.1716,348.5284,No,11.59,11,2982
2014-11-04,225432.12,125.4321,7.2658,16.6456,0.6722,7.1719,349.7997,No,11.59,11,2983
2014-11-05,226262.39,126.2624,7.3016,16.6456,0.6741,7.1737,347.0946,No,11.59,11,2984
2014-11-06,226578.16,126.5782,7.3163,16.6456,0.664,7.1705,345.2768,No,11.58,11,2985
2014-11-07,224522.08,124.5221,7.2337,16.6456,0.6686,7.1702,345.0354,No,11.58,11,2986
2014-11-10,225378.27,125.3783,7.2742,16.6456,0.6677,7.1716,343.625,No,11.57,11,2987
2014-11-11,225140.07,125.1401,7.2662,16.6456,0.6693,7.1726,343.3164,No,11.57,11,2988
2014-11-12,225398.59,125.3986,7.2787,16.6456,0.6681,7.1739,343.4999,No,11.57,11,2989
2014-11-13,225112.9,125.1129,7.2687,16.6456,0.6607,7.1728,343.2283,No,11.56,11,2990
2014-11-14,223658.67,123.6587,7.2103,16.6456,0.6619,7.1735,343.0689,No,11.56,11,2991
2014-11-17,223854.61,123.8546,7.2238,16.6456,0.6564,7.1734,342.7194,No,11.55,11,2992
2014-11-18,222763.09,122.7631,7.1802,16.6456,0.6598,7.174,340.371,No,11.55,11,2993
2014-11-19,223358.44,123.3584,7.2067,16.6456,0.6587,7.1752,341.0053,No,11.55,11,2994
2014-11-20,223069.95,123.07,7.1965,16.6456,0.6537,7.1755,340.1209,No,11.55,11,2995
2014-11-21,222108.53,122.1085,7.1582,16.6456,0.6533,7.1767,337.7674,No,11.54,11,2996
2014-11-24,221993.21,121.9932,7.1586,16.6456,0.6509,7.1778,336.5111,No,11.53,11,2997
2014-11-25,221484.61,121.4846,7.1391,16.6456,0.6494,7.1789,336.9665,No,11.53,11,2998
2014-11-26,221182.43,121.1824,7.1281,16.6456,0.6534,7.1795,335.6423,No,11.53,11,2999
2014-11-28,221854.1,121.8541,7.1598,16.6456,0.6465,7.1792,336.7329,No,11.52,11,3000
2014-12-01,220590.17,120.5902,7.112,16.6456,0.6528,7.1783,339.7175,No,11.52,11,3001
2014-12-02,221658.17,121.6582,7.1587,16.6456,0.6485,7.179,336.9051,No,11.51,11,3002
2014-12-03,220789.24,120.7892,7.1239,16.6456,0.6468,7.1801,335.153,No,11.51,11,3003
2014-12-04,220405.45,120.4055,7.1094,16.6456,0.6526,7.1799,335.6515,No,11.51,11,3004
2014-12-05,221447.88,121.4479,7.1551,16.6456,0.6502,7.181,334.9237,No,11.5,11,3005
2014-12-08,220906.86,120.9069,7.1376,16.6456,0.6404,7.1782,338.0381,No,11.5,11,3006
2014-12-09,219090.29,119.0903,7.0624,16.6456,0.6435,7.1789,339.0671,No,11.49,11,3007
2014-12-10,219555.96,119.556,7.0839,16.6456,0.6418,7.18,345.3897,No,11.49,11,3008
2014-12-11,219223.63,119.2236,7.0716,16.6456,0.6436,7.1812,343.2593,No,11.49,11,3009
2014-12-12,219487.45,119.4874,7.0845,16.6456,0.6501,7.1806,350.5463,No,11.48,11,3010
2014-12-15,220607.88,120.6079,7.1373,16.6456,0.6524,7.1817,353.4093,No,11.48,11,3011
2014-12-16,220998.87,120.9989,7.1556,16.6456,0.6491,7.1825,357.2925,No,11.47,11,3012
2014-12-17,220361.48,120.3615,7.1304,16.6456,0.6474,7.1837,348.1484,No,11.47,11,3013
2014-12-18,220057.92,120.0579,7.1193,16.6456,0.6423,7.1839,337.5712,No,11.47,11,3014
2014-12-19,218999.31,118.9993,7.076,16.6456,0.645,7.1848,335.5791,No,11.47,11,3015
2014-12-22,219463.84,119.4638,7.1011,16.6456,0.6513,7.1845,333.8649,No,11.46,11,3016
2014-12-23,220584.69,120.5847,7.1505,16.6456,0.6513,7.1858,333.0862,No,11.45,11,3017
2014-12-24,220484.98,120.485,7.148,16.6456,0.6439,7.1848,333.1305,No,11.45,11,3018
2014-12-26,219074.44,119.0744,7.0915,16.6456,0.645,7.1859,331.7018,No,11.45,11,3019
2014-12-29,219227.28,119.2273,7.1033,16.6456,0.6411,7.1866,331.2562,No,11.44,11,3020
2014-12-30,218466.73,118.4667,7.0725,16.6456,0.6481,7.1858,333.3238,No,11.44,11,3021
2014-12-31,219660.87,119.6609,7.1253,16.6456,0.6444,7.1865,337.8359,No,11.43,11,3022
2015-01-02,218952.91,118.9529,7.0986,16.6456,0.6408,7.1872,337.9242,No,11.43,11,3023
2015-01-05,218480.35,118.4803,7.0836,16.6456,0.6357,7.1874,346.0494,No,11.42,10,3024
2015-01-06,217479.79,117.4798,7.0423,16.6456,0.6364,7.1844,350.0499,No,11.42,10,3025
2015-01-07,217201.31,117.2013,7.0321,16.6456,0.6349,7.1878,344.738,No,11.41,10,3026
2015-01-08,216884.34,116.8843,7.0201,16.6456,0.6314,7.1914,336.9133,No,11.41,10,3027
2015-01-09,216521.24,116.5212,7.0061,16.6456,0.629,7.1896,340.6144,No,11.41,10,3028
2015-01-12,216044.41,116.0444,6.9907,16.6456,0.6306,7.1874,344.2089,No,11.4,10,3029
2015-01-13,216128.37,116.1284,6.996,16.6456,0.6304,7.1883,345.3128,No,11.4,10,3030
2015-01-14,216099.41,116.0994,6.9965,16.6456,0.6219,7.1852,347.9027,No,11.39,10,3031
2015-01-15,214710.67,114.7107,6.9377,16.6456,0.6211,7.1804,352.0717,No,11.39,10,3032
2015-01-16,214050.14,114.0501,6.9105,16.6456,0.6122,7.1787,346.0783,No,11.39,10,3033
2015-01-20,212655.09,112.6551,6.856,16.6456,0.6155,7.1765,345.3741,No,11.38,10,3034
2015-01-21,212946.18,112.9462,6.8705,16.6456,0.61,7.1779,343.2235,No,11.38,10,3035
2015-01-22,211944.64,111.9446,6.828,16.6456,0.609,7.1792,336.5538,No,11.37,10,3036
2015-01-23,211883.41,111.8834,6.8269,16.6456,0.6129,7.1797,338.9631,No,11.37,10,3037
2015-01-26,212361.53,112.3615,6.8532,16.6456,0.6132,7.183,337.8347,No,11.36,10,3038
2015-01-27,212646.2,112.6462,6.8676,16.6456,0.615,7.1819,343.7754,No,11.36,10,3039
2015-01-28,212897.21,112.8972,6.8804,16.6456,0.623,7.1804,349.8095,No,11.36,10,3040
2015-01-29,213809.17,113.8092,6.9223,16.6456,0.6144,7.1846,345.5292,No,11.35,10,3041
2015-01-30,212852.61,112.8526,6.8818,16.6456,0.6145,7.181,351.3867,No,11.35,10,3042
2015-02-02,212315.99,112.316,6.8632,16.6456,0.62,7.1816,345.599,No,11.34,10,3043
2015-02-03,213102.03,113.102,6.8997,16.6456,0.6181,7.1869,339.2459,No,11.34,10,3044
2015-02-04,213091.48,113.0915,6.901,16.6456,0.6192,7.1874,340.9475,No,11.34,10,3045
2015-02-05,213068.15,113.0681,6.9017,16.6456,0.6325,7.1826,336.3691,No,11.33,10,3046
2015-02-06,215252.88,115.2529,6.9997,16.6456,0.6317,7.1888,337.7476,No,11.33,10,3047
2015-02-09,215309.33,115.3093,7.0074,16.6456,0.6337,7.1889,339.5945,No,11.32,10,3048
2015-02-10,215434.25,115.4342,7.0147,16.6456,0.6355,7.1922,334.9305,No,11.32,10,3049
2015-02-11,215830.18,115.8302,7.0338,16.6456,0.6331,7.1949,334.793,No,11.32,10,3050
2015-02-12,215361.13,115.3611,7.015,16.6456,0.6332,7.1968,330.5362,No,11.32,10,3051
2015-02-13,215378.69,115.3787,7.0175,16.6456,0.6423,7.1949,328.7534,No,11.31,10,3052
2015-02-17,216819.39,116.8194,7.0877,16.6456,0.642,7.2,328.0028,No,11.3,10,3053
2015-02-18,216876.09,116.8761,7.092,16.6456,0.6426,7.202,328.1183,No,11.3,10,3054
2015-02-19,216959.38,116.9594,7.0974,16.6456,0.6408,7.2026,328.504,No,11.3,10,3055
2015-02-20,216547.36,116.5474,7.0811,16.6456,0.6384,7.2042,325.8427,No,11.29,10,3056
2015-02-23,216141.41,116.1414,7.0687,16.6456,0.6347,7.2046,325.968,No,11.28,10,3057
2015-02-24,215448.12,115.4481,7.04,16.6456,0.6329,7.2054,324.7829,No,11.28,10,3058
2015-02-25,215084.98,115.085,7.0257,16.6456,0.6357,7.2055,325.0367,No,11.28,10,3059
2015-02-26,215499.88,115.4999,7.0458,16.6456,0.6335,7.2062,325.5956,No,11.28,10,3060
2015-02-27,215114.83,115.1148,7.0306,16.6456,0.6393,7.2051,326.8538,No,11.27,10,3061
2015-03-02,215922.26,115.9223,7.0715,16.6456,0.6424,7.2083,324.2314,No,11.27,10,3062
2015-03-03,216529.8,116.5298,7.1,16.6456,0.6446,7.2099,326.1605,No,11.26,10,3063
2015-03-04,216900.32,116.9003,7.118,16.6456,0.6461,7.2113,327.9507,No,11.26,10,3064
2015-03-05,217089.23,117.0892,7.1281,16.6456,0.667,7.1977,327.4209,No,11.26,10,3065
2015-03-06,220505.93,120.5059,7.2786,16.6456,0.6619,7.2038,333.5116,No,11.25,10,3066
2015-03-09,219667.69,119.6677,7.2478,16.6456,0.665,7.2039,331.7673,No,11.25,10,3067
2015-03-10,220286.13,120.2861,7.2765,16.6456,0.6668,7.2042,339.1886,No,11.24,10,3068
2015-03-11,220441.66,120.4417,7.285,16.6456,0.663,7.2058,339.9648,No,11.24,10,3069
2015-03-12,219637.29,119.6373,7.252,16.6456,0.6655,7.2073,334.3799,No,11.24,10,3070
2015-03-13,220135.52,120.1355,7.2754,16.6456,0.6587,7.2063,337.0243,No,11.24,10,3071
2015-03-16,218793.96,118.794,7.2226,16.6456,0.6585,7.2077,331.1807,No,11.23,10,3072
2015-03-17,218795.04,118.795,7.2244,16.6456,0.6487,7.2048,332.6173,No,11.22,10,3073
2015-03-18,216957.77,116.9578,7.1457,16.6456,0.6474,7.2052,327.4099,No,11.22,10,3074
2015-03-19,216694.92,116.6949,7.136,16.6456,0.6397,7.2008,329.4976,No,11.22,10,3075
2015-03-20,215201.72,115.2017,7.0717,16.6456,0.6402,7.1999,325.6604,No,11.22,10,3076
2015-03-23,215222.4,115.2224,7.078,16.6456,0.6385,7.2005,326.4049,No,11.21,10,3077
2015-03-24,214935.87,114.9359,7.0671,16.6456,0.645,7.1989,329.003,No,11.21,10,3078
2015-03-25,215990.53,115.9905,7.1157,16.6456,0.6494,7.1985,335.3309,No,11.2,10,3079
2015-03-26,216592.8,116.5928,7.1441,16.6456,0.6463,7.1991,336.3576,No,11.2,10,3080
2015-03-27,216031.82,116.0318,7.1211,16.6456,0.6482,7.2004,335.2425,No,11.2,10,3081
2015-03-30,216191.3,116.1913,7.1336,16.6456,0.65,7.2046,329.9418,No,11.19,10,3082
2015-03-31,216674.15,116.6742,7.1567,16.6456,0.6414,7.2022,333.7133,No,11.19,10,3083
2015-04-01,215175.66,115.1757,7.0921,16.6456,0.6469,7.1981,335.3849,No,11.18,10,3084
2015-04-02,215795.86,115.7959,7.1214,16.6456,0.6417,7.2004,333.8421,No,11.18,10,3085
2015-04-06,214940.39,114.9404,7.0906,16.6456,0.6421,7.1998,330.9905,No,11.17,10,3086
2015-04-07,214968.2,114.9682,7.0936,16.6456,0.6433,7.2016,331.8724,No,11.17,10,3087
2015-04-08,215081.17,115.0812,7.1005,16.6456,0.6484,7.2029,330.5531,No,11.16,10,3088
2015-04-09,215877.56,115.8776,7.1377,16.6456,0.643,7.2057,328.642,No,11.16,10,3089
2015-04-10,215023.93,115.0239,7.1015,16.6456,0.6458,7.2053,326.4248,No,11.16,10,3090
2015-04-13,215439.55,115.4396,7.1255,16.6456,0.645,7.207,328.3483,No,11.15,10,3091
2015-04-14,215259.28,115.2593,7.1193,16.6456,0.6416,7.2085,327.6502,No,11.15,10,3092
2015-04-15,214623.03,114.623,7.0926,16.6456,0.6446,7.2085,325.4585,No,11.15,10,3093
2015-04-16,215064.34,115.0643,7.1142,16.6456,0.6433,7.2105,325.7801,No,11.14,10,3094
2015-04-17,214950.58,114.9506,7.1109,16.6456,0.6467,7.2096,330.6508,No,11.14,10,3095
2015-04-20,215246.85,115.2468,7.1296,16.6456,0.6455,7.2132,326.6993,No,11.13,10,3096
2015-04-21,215158.69,115.1587,7.1275,16.6456,0.6535,7.211,327.3257,No,11.13,10,3097
2015-04-22,216326.72,116.3267,7.1814,16.6456,0.6488,7.2152,325.1483,No,11.13,10,3098
2015-04-23,215633.5,115.6335,7.1523,16.6456,0.6516,7.215,324.1072,No,11.12,10,3099
2015-04-24,216015.57,116.0156,7.1712,16.6456,0.6454,7.2175,323.1524,No,11.12,10,3100
2015-04-27,215038.66,115.0387,7.133,16.6456,0.6472,7.2146,324.9108,No,11.11,10,3101
2015-04-28,215132.7,115.1327,7.139,16.6456,0.6536,7.2138,323.6989,No,11.11,10,3102
2015-04-29,216161.82,116.1618,7.1869,16.6456,0.6636,7.2122,325.2612,No,11.11,10,3103
2015-04-30,217836.54,117.8365,7.2633,16.6456,0.6665,7.2162,329.5915,No,11.1,10,3104
2015-05-01,218252.42,118.2524,7.2835,16.6456,0.6648,7.2201,324.9491,No,11.1,10,3105
2015-05-04,218041.32,118.0413,7.2798,16.6456,0.6676,7.2202,323.7043,No,11.09,10,3106
2015-05-05,218531.04,118.531,7.3033,16.6456,0.6759,7.2176,328.74,No,11.09,10,3107
2015-05-06,219828.57,119.8286,7.3625,16.6456,0.6727,7.2199,330.4969,No,11.09,10,3108
2015-05-07,219205.68,119.2057,7.3369,16.6456,0.6661,7.22,328.7712,No,11.08,10,3109
2015-05-08,217976.4,117.9764,7.2843,16.6456,0.6773,7.2161,323.0689,No,11.08,10,3110
2015-05-11,219854.66,119.8547,7.3731,16.6456,0.6749,7.2194,325.1483,No,11.07,10,3111
2015-05-12,219471.14,119.4711,7.3581,16.6456,0.6713,7.2184,326.3829,No,11.07,10,3112
2015-05-13,218828.8,118.8288,7.3315,16.6456,0.6664,7.2156,326.4193,No,11.07,10,3113
2015-05-14,217753.77,117.7538,7.2856,16.6456,0.6601,7.215,321.8243,No,11.07,10,3114
2015-05-15,216609.1,116.6091,7.2364,16.6456,0.6642,7.2143,321.4505,No,11.06,10,3115
2015-05-18,217253.91,117.2539,7.2708,16.6456,0.6729,7.2137,320.1459,No,11.05,10,3116
2015-05-19,218630.42,118.6304,7.334,16.6456,0.6718,7.2183,320.3321,No,11.05,10,3117
2015-05-20,218496.61,118.4966,7.3299,16.6456,0.6681,7.2186,320.6782,No,11.05,10,3118
2015-05-21,217773.24,117.7732,7.2996,16.6456,0.6688,7.2197,319.6385,No,11.05,10,3119
2015-05-22,217879.69,117.8797,7.3062,16.6456,0.6714,7.2206,320.5731,No,11.04,10,3120
2015-05-26,218291.23,118.2912,7.3321,16.6456,0.6684,7.2221,324.9349,No,11.03,10,3121
2015-05-27,217677.88,117.6779,7.3066,16.6456,0.6689,7.224,321.0076,No,11.03,10,3122
2015-05-28,217773.1,117.7731,7.3127,16.6456,0.6701,7.225,321.4688,No,11.03,10,3123
2015-05-29,217963.34,117.9633,7.3231,16.6456,0.6736,7.2252,324.1377,No,11.02,10,3124
2015-06-01,218462.57,118.4626,7.3511,16.6456,0.6769,7.227,323.223,No,11.02,10,3125
2015-06-02,219031.01,119.031,7.3783,16.6456,0.6842,7.2263,323.6293,No,11.01,10,3126
2015-06-03,220196.17,120.1962,7.432,16.6456,0.6853,7.2301,322.655,No,11.01,10,3127
2015-06-04,220412.12,120.4121,7.4434,16.6456,0.6919,7.2296,326.3234,No,11.01,10,3128
2015-06-05,221486.55,121.4866,7.4929,16.6456,0.6928,7.2326,326.9189,No,11.01,10,3129
2015-06-08,221677.47,121.6775,7.5071,16.6456,0.6947,7.2327,329.6284,No,11.0,10,3130
2015-06-09,221910.96,121.911,7.5193,16.6456,0.6916,7.2336,329.4373,No,10.99,10,3131
2015-06-10,221307.89,121.3079,7.4946,16.6456,0.6863,7.2341,324.2991,No,10.99,10,3132
2015-06-11,220285.41,120.2854,7.4513,16.6456,0.6889,7.2347,323.4401,No,10.99,10,3133
2015-06-12,220738.35,120.7383,7.4733,16.6456,0.6885,7.2357,326.3972,No,10.99,10,3134
2015-06-15,220632.48,120.6325,7.4744,16.6456,0.686,7.2354,328.3683,No,10.98,10,3135
2015-06-16,220068.19,120.0682,7.4513,16.6456,0.6889,7.2369,325.9383,No,10.98,10,3136
2015-06-17,220555.97,120.556,7.4749,16.6456,0.6809,7.2369,325.087,No,10.97,10,3137
2015-06-18,219155.67,119.1557,7.4144,16.6456,0.6792,7.2356,320.8659,No,10.97,10,3138
2015-06-19,218753.63,118.7536,7.3984,16.6456,0.6892,7.2321,323.1091,No,10.97,10,3139
2015-06-22,220308.83,120.3088,7.4736,16.6456,0.6925,7.2369,320.5463,No,10.96,10,3140
2015-06-23,220932.01,120.932,7.5032,16.6456,0.6931,7.2396,320.2443,No,10.96,10,3141
2015-06-24,221032.06,121.0321,7.5096,16.6456,0.6958,7.2401,323.3446,No,10.95,10,3142
2015-06-25,221446.32,121.4463,7.5299,16.6456,0.6993,7.2411,324.5894,No,10.95,10,3143
2015-06-26,222032.48,122.0325,7.5579,16.6456,0.6964,7.2426,324.6801,No,10.95,10,3144
2015-06-29,221556.87,121.5569,7.5427,16.6456,0.7008,7.2399,333.6871,No,10.94,10,3145
2015-06-30,222087.52,122.0875,7.5681,16.6456,0.7034,7.2424,332.5107,No,10.94,10,3146
2015-07-01,222532.95,122.533,7.5898,16.6456,0.7041,7.2452,329.4261,No,10.93,10,3147
2015-07-02,222631.69,122.6317,7.5962,16.6456,0.697,7.2452,329.5602,No,10.93,10,3148
2015-07-06,221384.31,121.3843,7.5487,16.6456,0.6983,7.2439,331.2112,No,10.92,10,3149
2015-07-07,221431.1,121.4311,7.5528,16.6456,0.6974,7.248,328.6008,No,10.92,10,3150
2015-07-08,221444.69,121.4447,7.5553,16.6456,0.7054,7.2445,335.7286,No,10.92,10,3151
2015-07-09,222593.37,122.5934,7.6083,16.6456,0.7069,7.2473,334.7426,No,10.91,10,3152
2015-07-10,222810.62,122.8106,7.6199,16.6456,0.7049,7.2502,329.444,No,10.91,10,3153
2015-07-13,222441.27,122.4413,7.6095,16.6456,0.7029,7.2526,324.7063,No,10.9,10,3154
2015-07-14,222078.0,122.078,7.5953,16.6456,0.7015,7.2543,322.8196,No,10.9,10,3155
2015-07-15,221806.29,121.8063,7.5852,16.6456,0.6979,7.2554,323.1242,No,10.9,10,3156
2015-07-16,221111.18,121.1112,7.5562,16.6456,0.6992,7.2573,319.7505,No,10.89,10,3157
2015-07-17,221324.66,121.3247,7.5677,16.6456,0.7076,7.2574,319.2845,No,10.89,10,3158
2015-07-20,222733.58,122.7336,7.6364,16.6456,0.708,7.2629,318.9514,No,10.88,10,3159
2015-07-21,222842.19,122.8422,7.6432,16.6456,0.7105,7.2639,320.7296,No,10.88,10,3160
2015-07-22,223239.68,123.2397,7.6629,16.6456,0.7078,7.2665,321.6918,No,10.88,10,3161
2015-07-23,222757.41,122.7574,7.6434,16.6456,0.7135,7.2654,324.0712,No,10.87,10,3162
2015-07-24,223686.31,123.6863,7.6867,16.6456,0.7109,7.267,328.6576,No,10.87,10,3163
2015-07-27,223178.52,123.1785,7.6702,16.6456,0.71,7.266,331.1458,No,10.86,10,3164
2015-07-28,222848.84,122.8488,7.6575,16.6456,0.7097,7.2684,325.868,No,10.86,10,3165
2015-07-29,222795.02,122.795,7.6571,16.6456,0.7085,7.2709,322.7222,No,10.86,10,3166
2015-07-30,222590.61,122.5906,7.65,16.6456,0.7053,7.2723,322.6756,No,10.85,10,3167
2015-07-31,221989.78,121.9898,7.6252,16.6456,0.7049,7.2721,323.6347,No,10.85,10,3168
2015-08-03,221872.61,121.8726,7.626,16.6456,0.7082,7.2733,324.8047,No,10.84,10,3169
2015-08-04,222355.01,122.355,7.6495,16.6456,0.7111,7.2743,325.7505,No,10.84,10,3170
2015-08-05,222807.21,122.8072,7.6717,16.6456,0.7093,7.2769,324.2674,No,10.84,10,3171
2015-08-06,222539.28,122.5393,7.6618,16.6456,0.7056,7.2761,327.4619,No,10.84,10,3172
2015-08-07,221813.79,121.8138,7.6313,16.6456,0.7032,7.2758,328.6788,No,10.83,10,3173
2015-08-10,221206.18,121.2062,7.6101,16.6456,0.7,7.2765,323.2479,No,10.82,10,3174
2015-08-11,220753.75,120.7538,7.5917,16.6456,0.6978,7.2759,327.2527,No,10.82,10,3175
2015-08-12,220199.75,120.1998,7.5687,16.6456,0.7017,7.2745,326.7489,No,10.82,10,3176
2015-08-13,220798.26,120.7983,7.5977,16.6456,0.7006,7.277,327.2284,No,10.82,10,3177
2015-08-14,220577.85,120.5778,7.5898,16.6456,0.696,7.2782,325.5616,No,10.81,10,3178
2015-08-17,219740.35,119.7404,7.5579,16.6456,0.7,7.2781,323.2762,No,10.81,10,3179
2015-08-18,220368.72,120.3687,7.5883,16.6456,0.6965,7.2794,324.31,No,10.8,10,3180
2015-08-19,219797.69,119.7977,7.5645,16.6456,0.6939,7.2779,327.8142,No,10.8,10,3181
2015-08-20,219373.25,119.3732,7.5472,16.6456,0.7032,7.2721,337.0336,No,10.8,10,3182
2015-08-21,220888.92,120.8889,7.6178,16.6456,0.7203,7.2627,351.3385,No,10.79,10,3183
2015-08-24,223743.22,123.7432,7.752,16.6456,0.737,7.2554,369.8436,No,10.79,10,3184
2015-08-25,226181.38,126.1814,7.8624,16.6456,0.7347,7.2585,376.2787,No,10.78,10,3185
2015-08-26,225382.76,125.3828,7.8291,16.6456,0.7254,7.2624,358.3504,No,10.78,10,3186
2015-08-27,223944.66,123.9447,7.7671,16.6456,0.7205,7.2649,347.4316,No,10.78,10,3187
2015-08-28,223222.84,123.2228,7.7369,16.6456,0.7266,7.2633,347.1043,No,10.78,10,3188
2015-08-31,224219.42,124.2194,7.7876,16.6456,0.7323,7.2634,350.8355,No,10.77,10,3189
2015-09-01,225389.73,125.3897,7.8418,16.6456,0.733,7.2616,364.5535,No,10.76,10,3190
2015-09-02,224978.81,124.9788,7.8256,16.6456,0.7326,7.2653,356.131,No,10.76,10,3191
2015-09-03,225059.24,125.0592,7.8313,16.6456,0.7356,7.2674,355.5758,No,10.76,10,3192
2015-09-04,225695.87,125.6959,7.8617,16.6456,0.7335,7.2675,362.6315,No,10.76,10,3193
2015-09-08,224924.7,124.9247,7.8356,16.6456,0.7408,7.2684,351.2583,No,10.75,10,3194
2015-09-09,226438.43,126.4384,7.9051,16.6456,0.7397,7.2712,357.579,No,10.74,10,3195
2015-09-10,226096.43,126.0964,7.892,16.6456,0.7379,7.272,355.1386,No,10.74,10,3196
2015-09-11,225753.01,125.753,7.8788,16.6456,0.7376,7.2744,352.965,No,10.74,10,3197
2015-09-14,225707.77,125.7078,7.883,16.6456,0.7416,7.2742,354.7961,No,10.73,10,3198
2015-09-15,226199.38,126.1994,7.907,16.6456,0.7347,7.2766,349.0287,No,10.73,10,3199
2015-09-16,225051.04,125.051,7.8579,16.6456,0.7324,7.2762,345.1362,No,10.72,10,3200
2015-09-17,224625.68,124.6257,7.841,16.6456,0.7272,7.2759,346.2049,No,10.72,10,3201
2015-09-18,223812.05,123.8121,7.8065,16.6456,0.7343,7.2714,353.5314,No,10.72,10,3202
2015-09-21,224644.16,124.6442,7.8501,16.6456,0.7358,7.2742,351.4657,No,10.71,10,3203
2015-09-22,225061.08,125.0611,7.8709,16.6456,0.7355,7.2753,357.0848,No,10.71,10,3204
2015-09-23,224870.51,124.8705,7.8644,16.6456,0.7287,7.2737,357.9994,No,10.7,10,3205
2015-09-24,223677.15,123.6771,7.8129,16.6456,0.7351,7.2705,359.545,No,10.7,10,3206
2015-09-25,224526.98,124.527,7.8532,16.6456,0.7418,7.2713,359.7575,No,10.7,10,3207
2015-09-28,225935.54,125.9355,7.9226,16.6456,0.7436,7.2723,371.7291,No,10.69,10,3208
2015-09-29,225933.16,125.9332,7.9246,16.6456,0.742,7.2742,371.1204,No,10.69,10,3209
2015-09-30,225453.29,125.4533,7.9052,16.6456,0.7393,7.2784,362.2738,No,10.68,10,3210
2015-10-01,225158.32,125.1583,7.8941,16.6456,0.727,7.2735,361.3305,No,10.68,10,3211
2015-10-02,222825.35,122.8254,7.791,16.6456,0.7253,7.2723,354.7748,No,10.68,10,3212
2015-10-05,222359.64,122.3596,7.7761,16.6456,0.7219,7.2751,346.5828,No,10.67,10,3213
2015-10-06,221942.79,121.9428,7.7592,16.6456,0.7203,7.2748,348.1934,No,10.67,10,3214
2015-10-07,221494.32,121.4943,7.7409,16.6456,0.7213,7.2765,344.4482,No,10.67,10,3215
2015-10-08,221599.46,121.5995,7.7477,16.6456,0.7166,7.2788,340.5614,No,10.66,10,3216
2015-10-09,220873.24,120.8732,7.7166,16.6456,0.712,7.2776,340.2277,No,10.66,10,3217
2015-10-12,219999.34,119.9993,7.6827,16.6456,0.7139,7.2775,339.6683,No,10.65,10,3218
2015-10-13,220276.36,120.2764,7.6975,16.6456,0.7093,7.2773,342.6458,No,10.65,10,3219
2015-10-14,219465.3,119.4653,7.6622,16.6456,0.705,7.2752,344.7176,No,10.65,10,3220
2015-10-15,218474.78,118.4748,7.6185,16.6456,0.7043,7.2768,338.1858,No,10.64,10,3221
2015-10-16,218365.07,118.3651,7.6155,16.6456,0.7079,7.2784,336.1927,No,10.64,10,3222
2015-10-19,218941.86,118.9419,7.6483,16.6456,0.709,7.2811,336.0682,No,10.63,10,3223
2015-10-20,219139.51,119.1395,7.6595,16.6456,0.7108,7.2819,336.6774,No,10.63,10,3224
2015-10-21,219422.79,119.4228,7.6746,16.6456,0.7057,7.2827,339.1793,No,10.63,10,3225
2015-10-22,218380.1,118.3801,7.6284,16.6456,0.7054,7.2852,331.9854,No,10.62,10,3226
2015-10-23,218323.24,118.3232,7.6278,16.6456,0.7025,7.288,327.2704,No,10.62,10,3227
2015-10-26,217915.8,117.9158,7.615,16.6456,0.7031,7.2885,328.0861,No,10.61,10,3228
2015-10-27,217941.13,117.9411,7.6182,16.6456,0.6981,7.2886,329.1815,No,10.61,10,3229
2015-10-28,216989.57,116.9896,7.5759,16.6456,0.7124,7.2823,324.1202,No,10.61,10,3230
2015-10-29,219209.0,119.209,7.6812,16.6456,0.7126,7.2882,324.262,No,10.61,10,3231
2015-10-30,219354.45,119.3545,7.69,16.6456,0.7122,7.2896,326.3124,No,10.6,10,3232
2015-11-02,219172.1,119.1721,7.6877,16.6456,0.7202,7.2902,321.3096,No,10.59,10,3233
2015-11-03,220492.89,120.4929,7.7509,16.6456,0.7229,7.2947,320.1566,No,10.59,10,3234
2015-11-04,220994.53,120.9945,7.7761,16.6456,0.725,7.2967,321.5011,No,10.59,10,3235
2015-11-05,221291.54,121.2915,7.7919,16.6456,0.7353,7.2944,321.8923,No,10.59,10,3236
2015-11-06,222956.22,122.9562,7.8703,16.6456,0.7402,7.2978,321.9904,No,10.58,10,3237
2015-11-09,223811.82,123.8118,7.9157,16.6456,0.739,7.2986,326.0879,No,10.58,10,3238
2015-11-10,223526.08,123.5261,7.9048,16.6456,0.7421,7.2996,325.3346,No,10.57,10,3239
2015-11-11,224009.07,124.0091,7.929,16.6456,0.7465,7.3006,326.7114,No,10.57,10,3240
2015-11-12,224772.11,124.7721,7.9659,16.6456,0.749,7.301,332.6876,No,10.57,10,3241
2015-11-13,225135.08,125.1351,7.9845,16.6456,0.7443,7.3002,337.5863,No,10.56,10,3242
2015-11-16,224130.52,124.1305,7.9452,16.6456,0.7485,7.3016,331.0862,No,10.56,10,3243
2015-11-17,224895.31,124.8953,7.9822,16.6456,0.7428,7.3037,331.5731,No,10.55,10,3244
2015-11-18,223818.95,123.819,7.9353,16.6456,0.7382,7.3057,324.6746,No,10.55,10,3245
2015-11-19,223031.5,123.0315,7.9014,16.6456,0.7388,7.3053,325.1341,No,10.55,10,3246
2015-11-20,223044.54,123.0445,7.9041,16.6456,0.7412,7.3071,323.4554,No,10.55,10,3247
2015-11-23,223456.63,123.4566,7.9294,16.6456,0.7389,7.3094,323.9612,No,10.54,10,3248
2015-11-24,222983.22,122.9832,7.9098,16.6456,0.7395,7.3098,323.4315,No,10.53,10,3249
2015-11-25,223058.33,123.0583,7.9154,16.6456,0.7443,7.3108,323.4423,No,10.53,10,3250
2015-11-27,223833.44,123.8334,7.9553,16.6456,0.7417,7.3142,323.0982,No,10.53,10,3251
2015-11-30,223364.98,123.365,7.9402,16.6456,0.7351,7.3117,325.0487,No,10.52,10,3252
2015-12-01,222130.38,122.1304,7.8855,16.6456,0.7419,7.312,320.5227,No,10.52,10,3253
2015-12-02,223265.42,123.2654,7.9399,16.6456,0.7541,7.3087,325.0991,No,10.51,10,3254
2015-12-03,225179.16,125.1792,8.0298,16.6456,0.7388,7.2988,331.2799,No,10.51,10,3255
2015-12-04,222291.77,122.2918,7.8993,16.6456,0.7404,7.2981,322.6031,No,10.51,10,3256
2015-12-07,222602.45,122.6024,7.9201,16.6456,0.743,7.2994,325.5452,No,10.5,10,3257
2015-12-08,222956.41,122.9564,7.9386,16.6456,0.7459,7.2999,328.2872,No,10.5,10,3258
2015-12-09,223398.48,123.3985,7.9611,16.6456,0.7465,7.3005,331.6002,No,10.49,10,3259
2015-12-10,223421.74,123.4217,7.9644,16.6456,0.7467,7.3027,330.5834,No,10.49,10,3260
2015-12-11,223560.82,123.5608,7.9729,16.6456,0.7546,7.2994,339.0414,No,10.49,10,3261
2015-12-14,224601.81,124.6018,8.0273,16.6456,0.7533,7.3035,336.9341,No,10.48,10,3262
2015-12-15,224374.08,124.3741,8.019,16.6456,0.7447,7.3037,332.3396,No,10.48,10,3263
2015-12-16,222817.45,122.8175,7.9494,16.6456,0.7544,7.3006,326.1154,No,10.47,10,3264
2015-12-17,224574.92,124.5749,8.0326,16.6456,0.7546,7.304,332.5549,No,10.47,10,3265
2015-12-18,224521.56,124.5216,8.0324,16.6456,0.7485,7.2994,340.3922,No,10.47,10,3266
2015-12-21,223220.38,123.2204,7.9789,16.6456,0.7502,7.2992,336.9422,No,10.46,10,3267
2015-12-22,223438.06,123.4381,7.9911,16.6456,0.75,7.3027,333.0782,No,10.46,10,3268
2015-12-23,223383.7,123.3837,7.9908,16.6456,0.746,7.3059,327.7333,No,10.45,10,3269
2015-12-24,222755.73,122.7557,7.9639,16.6456,0.7483,7.3056,328.4172,No,10.45,10,3270
2015-12-28,223079.63,123.0796,7.9876,16.6456,0.7484,7.3076,329.3501,No,10.44,10,3271
2015-12-29,222962.22,122.9622,7.9843,16.6456,0.7564,7.3072,324.7522,No,10.44,10,3272
2015-12-30,224364.62,124.3646,8.0514,16.6456,0.7583,7.3103,327.7965,No,10.44,10,3273
2015-12-31,224670.13,124.6701,8.0677,16.6456,0.7569,7.3105,331.86,No,10.43,10,3274
2016-01-04,224401.35,124.4013,8.0641,16.6456,0.7576,7.3081,338.4698,No,10.42,10,3275
2016-01-05,224316.77,124.3168,8.0624,16.6456,0.7535,7.3089,337.5886,No,10.42,10,3276
2016-01-06,223682.48,123.6825,8.0352,16.6456,0.7572,7.3065,343.245,No,10.42,10,3277
2016-01-07,224270.6,124.2706,8.0647,16.6456,0.764,7.3027,353.993,No,10.41,10,3278
2016-01-08,225217.1,125.2171,8.1106,16.6456,0.7686,7.3036,358.9648,No,10.41,10,3279
2016-01-11,225804.89,125.8049,8.1444,16.6456,0.7645,7.3052,358.5746,No,10.4,10,3280
2016-01-12,225116.3,125.1163,8.1148,16.6456,0.7691,7.3071,355.0231,No,10.4,10,3281
2016-01-13,226107.08,126.1071,8.1627,16.6456,0.7728,7.3055,366.6196,No,10.4,10,3282
2016-01-14,226243.55,126.2436,8.1712,16.6456,0.7684,7.3102,358.9495,No,10.39,10,3283
2016-01-15,225917.39,125.9174,8.1585,16.6456,0.772,7.3068,369.0611,No,10.39,10,3284
2016-01-19,226120.51,126.1205,8.1768,16.6456,0.7673,7.3078,368.8093,No,10.38,10,3285
2016-01-20,225463.96,125.464,8.1487,16.6456,0.7719,7.3054,374.2858,No,10.38,10,3286
2016-01-21,225869.79,125.8698,8.1697,16.6456,0.7667,7.3077,371.8195,No,10.38,10,3287
2016-01-22,224861.65,124.8616,8.1253,16.6456,0.7664,7.311,362.4383,No,10.37,10,3288
2016-01-25,225140.78,125.1408,8.145,16.6456,0.7587,7.3067,369.7821,No,10.36,10,3289
2016-01-26,223441.75,123.4418,8.0682,16.6456,0.7639,7.3062,363.2288,No,10.36,10,3290
2016-01-27,224422.69,124.4227,8.1161,16.6456,0.7625,7.3073,368.2865,No,10.36,10,3291
2016-01-28,224008.17,124.0082,8.099,16.6456,0.7517,7.3047,365.6703,No,10.36,10,3292
2016-01-29,221977.05,121.977,8.0062,16.6456,0.7487,7.3075,354.4092,No,10.35,10,3293
2016-02-01,221595.99,121.596,7.9949,16.6456,0.7494,7.3077,354.597,No,10.35,10,3294
2016-02-02,221891.41,121.8914,8.011,16.6456,0.7483,7.3064,363.2665,No,10.34,10,3295
2016-02-03,221299.71,121.2997,7.9853,16.6456,0.7415,7.3054,360.8076,No,10.34,10,3296
2016-02-04,220187.66,120.1877,7.9349,16.6456,0.7479,7.3036,360.0138,No,10.34,10,3297
2016-02-05,221309.85,121.3098,7.9902,16.6456,0.7362,7.2964,368.6495,No,10.33,10,3298
2016-02-08,219404.75,119.4048,7.9064,16.6456,0.739,7.2921,375.3335,No,10.33,10,3299
2016-02-09,219344.14,119.3441,7.9057,16.6456,0.7374,7.2932,375.5499,No,10.32,10,3300
2016-02-10,219072.27,119.0723,7.8949,16.6456,0.7254,7.2886,375.476,No,10.32,10,3301
2016-02-11,217353.1,117.3531,7.8147,16.6456,0.7301,7.2846,381.3068,No,10.32,10,3302
2016-02-12,217230.96,117.231,7.811,16.6456,0.7345,7.2868,372.0435,No,10.32,10,3303
2016-02-16,217944.66,117.9447,7.8539,16.6456,0.7282,7.2915,364.2203,No,10.3,10,3304
2016-02-17,217066.31,117.0663,7.8138,16.6456,0.7208,7.2924,356.6472,No,10.3,10,3305
2016-02-18,216130.45,116.1305,7.7708,16.6456,0.7207,7.2918,358.7632,No,10.3,10,3306
2016-02-19,215902.89,115.9029,7.7619,16.6456,0.7221,7.2927,358.7084,No,10.3,10,3307
2016-02-22,215880.59,115.8806,7.7673,16.6456,0.7202,7.2966,352.1732,No,10.29,10,3308
2016-02-23,215932.61,115.9326,7.7719,16.6456,0.7165,7.2952,357.8482,No,10.28,10,3309
2016-02-24,215079.9,115.0799,7.7326,16.6456,0.712,7.295,355.801,No,10.28,10,3310
2016-02-25,214197.93,114.1979,7.6917,16.6456,0.7208,7.2938,350.5783,No,10.28,10,3311
2016-02-26,215525.64,115.5256,7.7586,16.6456,0.7177,7.2967,351.3694,No,10.28,10,3312
2016-02-29,215238.1,115.2381,7.751,16.6456,0.7179,7.2964,355.0231,No,10.27,10,3313
2016-03-01,214794.21,114.7942,7.7315,16.6456,0.7107,7.2992,344.4075,No,10.27,10,3314
2016-03-02,213889.37,113.8894,7.6893,16.6456,0.7044,7.2984,342.5141,No,10.26,10,3315
2016-03-03,212845.23,112.8452,7.6401,16.6456,0.7027,7.2985,340.9263,No,10.26,10,3316
2016-03-04,212481.09,112.4811,7.6243,16.6456,0.7046,7.2994,339.4646,No,10.26,10,3317
2016-03-07,212690.1,112.6901,7.6409,16.6456,0.7049,7.3014,339.0461,No,10.25,10,3318
2016-03-08,212859.36,112.8594,7.6514,16.6456,0.7078,7.3015,343.9544,No,10.25,10,3319
2016-03-09,213051.21,113.0512,7.663,16.6456,0.7047,7.3037,341.6461,No,10.24,10,3320
2016-03-10,212649.46,112.6495,7.6453,16.6456,0.7066,7.3042,341.5492,No,10.24,10,3321
2016-03-11,212663.06,112.6631,7.6481,16.6456,0.7086,7.3075,334.3067,No,10.24,10,3322
2016-03-14,213130.87,113.1309,7.6776,16.6456,0.7128,7.309,334.8263,No,10.23,10,3323
2016-03-15,213748.41,113.7484,7.7102,16.6456,0.7102,7.311,335.6193,No,10.23,10,3324
2016-03-16,213300.02,113.3,7.6902,16.6456,0.6976,7.3066,333.1646,No,10.22,10,3325
2016-03-17,211310.64,111.3106,7.5937,16.6456,0.6993,7.3059,330.3218,No,10.22,10,3326
2016-03-18,211353.83,111.3538,7.5979,16.6456,0.7041,7.3071,328.4351,No,10.22,10,3327
2016-03-21,212069.01,112.069,7.6399,16.6456,0.703,7.3096,328.0106,No,10.21,10,3328
2016-03-22,211945.98,111.946,7.6359,16.6456,0.7084,7.3097,328.3205,No,10.21,10,3329
2016-03-23,212740.31,112.7403,7.6775,16.6456,0.7094,7.3117,331.0726,No,10.21,10,3330
2016-03-24,212833.45,112.8334,7.6842,16.6456,0.7094,7.3132,331.2348,No,10.2,10,3331
2016-03-28,212792.65,112.7926,7.6908,16.6456,0.6991,7.3106,330.9961,No,10.19,10,3332
2016-03-29,211103.22,111.1032,7.6087,16.6456,0.7041,7.3101,327.1433,No,10.19,10,3333
2016-03-30,211711.12,111.7111,7.6412,16.6456,0.7,7.3125,325.2491,No,10.19,10,3334
2016-03-31,211182.06,111.1821,7.6169,16.6456,0.701,7.313,326.1165,No,10.18,10,3335
2016-04-01,211165.09,111.1651,7.6182,16.6456,0.7028,7.3152,323.4326,No,10.18,10,3336
2016-04-04,211479.03,111.479,7.6403,16.6456,0.7,7.3164,324.7031,No,10.17,10,3337
2016-04-05,211119.4,111.1194,7.6244,16.6456,0.7016,7.3161,329.0543,No,10.17,10,3338
2016-04-06,211073.26,111.0733,7.6242,16.6456,0.6972,7.3184,324.4398,No,10.17,10,3339
2016-04-07,210626.32,110.6263,7.6039,16.6456,0.6982,7.3177,329.5692,No,10.16,10,3340
2016-04-08,210513.45,110.5134,7.6004,16.6456,0.6958,7.319,328.3717,No,10.16,10,3341
2016-04-11,210178.25,110.1782,7.5899,16.6456,0.6948,7.3195,329.5479,No,10.15,10,3342
2016-04-12,209838.2,109.8382,7.5748,16.6456,0.6933,7.3216,325.4234,No,10.15,10,3343
2016-04-13,209559.72,109.5597,7.5629,16.6456,0.7005,7.3219,321.1322,No,10.15,10,3344
2016-04-14,210648.36,110.6484,7.6199,16.6456,0.6955,7.3242,321.0162,No,10.15,10,3345
2016-04-15,209955.98,109.956,7.5871,16.6456,0.6953,7.3247,321.4312,No,10.14,10,3346
2016-04-18,209763.48,109.7635,7.5838,16.6456,0.69,7.3258,318.6846,No,10.13,10,3347
2016-04-19,208966.84,108.9668,7.5455,16.6456,0.6939,7.3258,317.3981,No,10.13,10,3348
2016-04-20,209453.68,109.4537,7.5723,16.6456,0.6988,7.3269,317.0563,No,10.13,10,3349
2016-04-21,210210.25,110.2102,7.6128,16.6456,0.7056,7.3269,319.2227,No,10.13,10,3350
2016-04-22,211140.77,111.1408,7.6619,16.6456,0.7045,7.3297,319.2014,No,10.12,10,3351
2016-04-25,211039.18,111.0392,7.6632,16.6456,0.705,7.3306,319.9609,No,10.12,10,3352
2016-04-26,211024.56,111.0246,7.6646,16.6456,0.6994,7.3311,319.177,No,10.11,10,3353
2016-04-27,210145.44,110.1454,7.6223,16.6456,0.6973,7.3316,318.4553,No,10.11,10,3354
2016-04-28,209840.05,109.84,7.609,16.6456,0.693,7.3304,322.3252,No,10.11,10,3355
2016-04-29,209116.63,109.1166,7.5744,16.6456,0.6935,7.3303,324.4704,No,10.1,10,3356
2016-05-02,208960.76,108.9608,7.5728,16.6456,0.6931,7.3324,321.1774,No,10.1,10,3357
2016-05-03,208986.95,108.9869,7.5763,16.6456,0.6987,7.332,324.8529,No,10.09,10,3358
2016-05-04,209698.12,109.6981,7.6146,16.6456,0.6971,7.3337,327.2981,No,10.09,10,3359
2016-05-05,209438.38,109.4384,7.6035,16.6456,0.6922,7.3339,327.2981,No,10.09,10,3360
2016-05-06,208649.32,108.6493,7.5654,16.6456,0.6988,7.3333,325.8889,No,10.08,10,3361
2016-05-09,209466.81,109.4668,7.6136,16.6456,0.6946,7.3355,325.5638,No,10.08,10,3362
2016-05-10,208797.26,108.7973,7.5815,16.6456,0.6926,7.3376,320.3085,No,10.07,10,3363
2016-05-11,208641.25,108.6412,7.5757,16.6456,0.6964,7.3374,324.1431,No,10.07,10,3364
2016-05-12,209026.92,109.0269,7.5976,16.6456,0.6956,7.3393,324.1737,No,10.07,10,3365
2016-05-13,208988.81,108.9888,7.5977,16.6456,0.6957,7.3397,327.7666,No,10.07,10,3366
2016-05-16,208769.77,108.7698,7.593,16.6456,0.6971,7.3419,323.5738,No,10.06,10,3367
2016-05-17,209116.42,109.1164,7.6129,16.6456,0.7034,7.3415,327.4663,No,10.05,10,3368
2016-05-18,209890.53,109.8905,7.6546,16.6456,0.7083,7.3427,327.3147,No,10.05,10,3369
2016-05-19,210639.04,110.639,7.6949,16.6456,0.7065,7.3446,328.9005,No,10.05,10,3370
2016-05-20,210302.8,110.3028,7.6799,16.6456,0.7068,7.3464,326.2662,No,10.05,10,3371
2016-05-23,210360.7,110.3607,7.6894,16.6456,0.7101,7.3473,327.141,No,10.04,10,3372
2016-05-24,210661.15,110.6612,7.7069,16.6456,0.7096,7.3508,321.3666,No,10.04,10,3373
2016-05-25,210656.63,110.6566,7.7089,16.6456,0.7086,7.3531,318.4224,No,10.03,10,3374
2016-05-26,210540.44,110.5404,7.7051,16.6456,0.7097,7.3544,318.4521,No,10.03,10,3375
2016-05-27,210611.3,110.6113,7.7109,16.6456,0.7088,7.3565,316.591,No,10.03,10,3376
2016-05-31,210502.05,110.5021,7.7141,16.6456,0.7082,7.3577,316.9826,No,10.02,10,3377
2016-06-01,210344.3,110.3443,7.7082,16.6456,0.7056,7.359,316.4407,No,10.01,10,3378
2016-06-02,209907.58,109.9076,7.6881,16.6456,0.6941,7.355,315.2191,No,10.01,10,3379
2016-06-03,208150.76,108.1508,7.5998,16.6456,0.695,7.3542,316.427,No,10.01,10,3380
2016-06-06,208045.84,108.0458,7.6009,16.6456,0.6937,7.356,314.3871,No,10.0,10,3381
2016-06-07,207857.67,107.8577,7.5933,16.6456,0.6869,7.3557,313.8447,No,10.0,10,3382
2016-06-08,206794.68,106.7947,7.5403,16.6456,0.6831,7.3557,312.3949,No,9.99,10,3383
2016-06-09,206180.48,106.1805,7.5104,16.6456,0.6845,7.3563,313.0865,No,9.99,10,3384
2016-06-10,206353.12,106.3531,7.5216,16.6456,0.6835,7.3569,316.9057,No,9.99,10,3385
2016-06-13,206181.18,106.1812,7.519,16.6456,0.6851,7.3573,320.1908,No,9.98,10,3386
2016-06-14,206268.19,106.2682,7.5257,16.6456,0.6846,7.3587,320.9196,No,9.98,10,3387
2016-06-15,206178.13,106.1781,7.5231,16.6456,0.6797,7.3589,321.6627,No,9.98,10,3388
2016-06-16,205376.12,105.3761,7.4833,16.6456,0.6844,7.3591,320.2764,No,9.97,10,3389
2016-06-17,205987.13,105.9871,7.5174,16.6456,0.6869,7.3606,321.6487,No,9.97,10,3390
2016-06-20,206247.8,106.2478,7.5375,16.6456,0.6924,7.3616,319.211,No,9.96,10,3391
2016-06-21,207031.09,107.0311,7.5806,16.6456,0.6926,7.3642,318.0398,No,9.96,10,3392
2016-06-22,207138.17,107.1382,7.5884,16.6456,0.6941,7.3655,318.7282,No,9.96,10,3393
2016-06-23,207183.52,107.1835,7.5929,16.6456,0.6811,7.3627,313.2002,No,9.95,10,3394
2016-06-24,205881.43,105.8814,7.5269,16.6456,0.6829,7.36,328.5964,No,9.95,10,3395
2016-06-27,205733.3,105.7333,7.5256,16.6456,0.6804,7.3592,336.4949,No,9.94,10,3396
2016-06-28,204819.95,104.82,7.4796,16.6456,0.6741,7.3603,328.7801,No,9.94,10,3397
2016-06-29,203868.32,103.8683,7.4314,16.6456,0.669,7.3617,321.5463,No,9.94,10,3398
2016-06-30,203106.96,103.107,7.393,16.6456,0.6586,7.36,315.9044,No,9.93,10,3399
2016-07-01,201713.87,101.7139,7.3208,16.6456,0.6529,7.3588,315.0186,No,9.93,10,3400
2016-07-05,200874.46,100.8745,7.284,16.6456,0.6499,7.3584,317.8514,No,9.92,10,3401
2016-07-06,200189.11,100.1891,7.2491,16.6456,0.6517,7.3596,315.4804,No,9.92,10,3402
2016-07-07,200390.68,100.3907,7.2621,16.6456,0.6451,7.3596,315.8017,No,9.92,10,3403
2016-07-08,199310.79,99.3108,7.2057,16.6456,0.647,7.361,309.553,No,9.91,10,3404
2016-07-11,199561.29,99.5613,7.2255,16.6456,0.6555,7.3601,308.1613,No,9.9,10,3405
2016-07-12,200621.69,100.6217,7.285,16.6456,0.6483,7.3617,305.3185,No,9.9,10,3406
2016-07-13,199789.61,99.7896,7.242,16.6456,0.6553,7.361,305.2269,No,9.9,10,3407
2016-07-14,200536.77,100.5368,7.2846,16.6456,0.6592,7.3626,303.098,No,9.9,10,3408
2016-07-15,201147.36,101.1474,7.3196,16.6456,0.6581,7.3644,303.4715,No,9.89,10,3409
2016-07-18,200985.75,100.9857,7.3172,16.6456,0.656,7.3658,302.4964,No,9.88,10,3410
2016-07-19,200693.76,100.6938,7.3035,16.6456,0.6602,7.3664,303.0655,No,9.88,10,3411
2016-07-20,201140.7,101.1407,7.3298,16.6456,0.6574,7.3684,301.3014,No,9.88,10,3412
2016-07-21,200835.45,100.8354,7.3154,16.6456,0.6578,7.3694,302.7498,No,9.88,10,3413
2016-07-22,200755.99,100.756,7.3132,16.6456,0.6601,7.3709,300.9222,No,9.87,10,3414
2016-07-25,201085.24,101.0852,7.3373,16.6456,0.6593,7.3724,302.1306,No,9.87,10,3415
2016-07-26,200939.36,100.9394,7.3316,16.6456,0.6543,7.3729,301.9895,No,9.86,10,3416
2016-07-27,200227.92,100.2279,7.2951,16.6456,0.6537,7.3737,302.4561,No,9.86,10,3417
2016-07-28,200016.53,100.0165,7.2857,16.6456,0.6463,7.3732,301.7762,No,9.86,10,3418
2016-07-29,198976.39,98.9764,7.231,16.6456,0.6508,7.3735,301.1161,No,9.85,10,3419
2016-08-01,199457.02,99.457,7.2635,16.6456,0.6533,7.3749,301.6266,No,9.85,10,3420
2016-08-02,199850.43,99.8504,7.2871,16.6456,0.6546,7.3763,304.1869,No,9.84,10,3421
2016-08-03,199902.41,99.9024,7.292,16.6456,0.651,7.3777,302.8009,No,9.84,10,3422
2016-08-04,199438.93,99.4389,7.2688,16.6456,0.658,7.3773,302.6132,No,9.84,10,3423
2016-08-05,200194.02,100.194,7.3122,16.6456,0.6575,7.3797,299.1709,No,9.84,10,3424
2016-08-08,200250.94,100.2509,7.3216,16.6456,0.6528,7.3805,299.4965,No,9.83,10,3425
2016-08-09,199581.83,99.5818,7.2872,16.6456,0.6517,7.3815,299.3254,No,9.82,10,3426
2016-08-10,199359.56,99.3596,7.2771,16.6456,0.6541,7.3825,300.3241,No,9.82,10,3427
2016-08-11,199557.72,99.5577,7.29,16.6456,0.653,7.3844,298.3846,No,9.82,10,3428
2016-08-12,199439.67,99.4397,7.2857,16.6456,0.6544,7.3857,298.682,No,9.82,10,3429
2016-08-15,199554.74,99.5547,7.2983,16.6456,0.6545,7.3874,297.5239,No,9.81,10,3430
2016-08-16,199621.61,99.6216,7.3041,16.6456,0.6544,7.3886,299.6426,No,9.81,10,3431
2016-08-17,199489.12,99.4891,7.2989,16.6456,0.651,7.3898,298.7986,No,9.8,10,3432
2016-08-18,199003.41,99.0034,7.2744,16.6456,0.6566,7.3901,297.9121,No,9.8,10,3433
2016-08-19,199676.62,99.6766,7.3135,16.6456,0.6544,7.3919,298.4318,No,9.8,10,3434
2016-08-22,199410.01,99.41,7.3052,16.6456,0.6531,7.3931,298.6493,No,9.79,10,3435
2016-08-23,199149.21,99.1492,7.2929,16.6456,0.6603,7.3927,297.8622,No,9.79,10,3436
2016-08-24,200097.57,100.0976,7.3472,16.6456,0.6633,7.3942,299.9361,No,9.78,10,3437
2016-08-25,200492.32,100.4923,7.3709,16.6456,0.6656,7.3956,300.4756,No,9.78,10,3438
2016-08-26,200793.57,100.7936,7.3896,16.6456,0.659,7.3957,301.0995,No,9.78,10,3439
2016-08-29,199836.26,99.8363,7.3435,16.6456,0.6645,7.3959,298.9596,No,9.77,10,3440
2016-08-30,200501.82,100.5018,7.3822,16.6456,0.666,7.3977,299.6755,No,9.77,10,3441
2016-08-31,200724.99,100.725,7.3965,16.6456,0.6645,7.3992,300.5534,No,9.76,10,3442
2016-09-01,200483.07,100.4831,7.3854,16.6456,0.6636,7.4005,300.5651,No,9.76,10,3443
2016-09-02,200269.67,100.2697,7.3759,16.6456,0.6533,7.3982,298.868,No,9.76,10,3444
2016-09-06,198832.19,98.8322,7.3051,16.6456,0.6558,7.3988,297.6753,No,9.75,10,3445
2016-09-07,199027.38,99.0274,7.3181,16.6456,0.6632,7.3985,297.637,No,9.75,10,3446
2016-09-08,199978.08,99.9781,7.3727,16.6456,0.6798,7.3908,298.5059,No,9.74,10,3447
2016-09-09,202362.82,102.3628,7.5056,16.6456,0.6776,7.3922,308.5189,No,9.74,10,3448
2016-09-12,201831.16,101.8312,7.4831,16.6456,0.687,7.3906,302.5877,No,9.73,10,3449
2016-09-13,203257.11,103.2571,7.5631,16.6456,0.6865,7.3921,308.522,No,9.73,10,3450
2016-09-14,203123.63,103.1236,7.5581,16.6456,0.6869,7.3935,308.7334,No,9.73,10,3451
2016-09-15,203032.41,103.0324,7.5553,16.6456,0.687,7.3955,304.5763,No,9.72,10,3452
2016-09-16,203132.4,103.1324,7.563,16.6456,0.6865,7.3969,306.1044,No,9.72,10,3453
2016-09-19,203008.76,103.0088,7.5629,16.6456,0.6855,7.3983,306.1074,No,9.71,10,3454
2016-09-20,202814.76,102.8148,7.5545,16.6456,0.676,7.3963,305.9815,No,9.71,10,3455
2016-09-21,201361.44,101.3614,7.477,16.6456,0.668,7.3952,301.5924,No,9.71,10,3456
2016-09-22,200163.88,100.1639,7.4132,16.6456,0.6717,7.3959,298.9924,No,9.7,10,3457
2016-09-23,200631.26,100.6313,7.4412,16.6456,0.6722,7.3974,301.2936,No,9.7,10,3458
2016-09-26,200723.63,100.7236,7.4528,16.6456,0.6718,7.3985,304.736,No,9.69,10,3459
2016-09-27,200497.16,100.4972,7.4425,16.6456,0.6723,7.4003,302.1256,No,9.69,10,3460
2016-09-28,200514.61,100.5146,7.4456,16.6456,0.6739,7.402,299.9186,No,9.69,10,3461
2016-09-29,200832.52,100.8325,7.4654,16.6456,0.6772,7.4028,303.6708,No,9.68,10,3462
2016-09-30,201096.75,101.0967,7.4822,16.6456,0.6802,7.4044,300.4785,No,9.68,10,3463
2016-10-03,201573.14,101.5731,7.515,16.6456,0.6986,7.395,301.739,No,9.67,10,3464
2016-10-04,203965.83,103.9658,7.6485,16.6456,0.6983,7.3974,303.7005,No,9.67,10,3465
2016-10-05,203962.37,103.9624,7.6506,16.6456,0.7044,7.3977,301.8104,No,9.67,10,3466
2016-10-06,204790.39,104.7904,7.698,16.6456,0.7055,7.3995,301.606,No,9.67,10,3467
2016-10-07,204969.08,104.9691,7.7099,16.6456,0.7063,7.401,302.9041,No,9.66,10,3468
2016-10-10,204991.04,104.991,7.718,16.6456,0.7103,7.402,301.0566,No,9.65,10,3469
2016-10-11,205632.97,105.633,7.7551,16.6456,0.7108,7.4033,306.1094,No,9.65,10,3470
2016-10-12,205587.14,105.5871,7.7549,16.6456,0.7096,7.4048,305.6104,No,9.65,10,3471
2016-10-13,205424.31,105.4243,7.7484,16.6456,0.7157,7.4049,306.8572,No,9.65,10,3472
2016-10-14,206159.25,106.1592,7.7906,16.6456,0.714,7.4067,306.774,No,9.64,10,3473
2016-10-17,205967.9,105.9679,7.7871,16.6456,0.7095,7.4073,308.0019,No,9.64,10,3474
2016-10-18,205215.38,105.2154,7.7484,16.6456,0.7067,7.4085,305.5037,No,9.63,10,3475
2016-10-19,204769.21,104.7692,7.7263,16.6456,0.7078,7.4099,304.5584,No,9.63,10,3476
2016-10-20,204875.48,104.8755,7.7344,16.6456,0.7075,7.4114,305.0867,No,9.63,10,3477
2016-10-21,204792.76,104.7928,7.7322,16.6456,0.7087,7.4128,305.1195,No,9.62,10,3478
2016-10-24,204881.15,104.8811,7.7439,16.6456,0.7063,7.4145,303.2024,No,9.62,10,3479
2016-10-25,204584.53,104.5845,7.7299,16.6456,0.712,7.4147,304.7271,No,9.61,10,3480
2016-10-26,205272.27,105.2723,7.7699,16.6456,0.7161,7.4158,305.427,No,9.61,10,3481
2016-10-27,205845.24,105.8452,7.8034,16.6456,0.716,7.4174,306.6267,No,9.61,10,3482
2016-10-28,205833.74,105.8337,7.8051,16.6456,0.7155,7.4188,307.8718,No,9.61,10,3483
2016-10-31,205690.07,105.6901,7.8042,16.6456,0.714,7.4202,307.9192,No,9.6,10,3484
2016-11-01,205509.74,105.5097,7.7967,16.6456,0.7101,7.4207,310.7026,No,9.59,10,3485
2016-11-02,204919.01,104.919,7.7666,16.6456,0.7167,7.4205,313.3472,No,9.59,10,3486
2016-11-03,205689.51,105.6895,7.8111,16.6456,0.714,7.422,315.0311,No,9.59,10,3487
2016-11-04,205305.17,105.3052,7.7924,16.6456,0.7165,7.4231,315.7148,No,9.59,10,3488
2016-11-07,205381.59,105.3816,7.8035,16.6456,0.7166,7.4254,306.6718,No,9.58,10,3489
2016-11-08,205520.59,105.5206,7.8135,16.6456,0.7283,7.4224,304.9445,No,9.58,10,3490
2016-11-09,207090.06,107.0901,7.9015,16.6456,0.7346,7.4228,300.4815,No,9.57,10,3491
2016-11-10,208005.98,108.006,7.9536,16.6456,0.7371,7.4243,299.6639,No,9.57,10,3492
2016-11-11,208371.33,108.3713,7.9758,16.6456,0.7527,7.418,300.2231,No,9.57,10,3493
2016-11-14,210432.08,110.4321,8.0942,16.6456,0.7471,7.4192,300.2115,No,9.56,10,3494
2016-11-15,209632.36,109.6324,8.0535,16.6456,0.7447,7.4205,297.148,No,9.56,10,3495
2016-11-16,209258.99,109.259,8.0357,16.6456,0.7507,7.4208,297.6657,No,9.55,10,3496
2016-11-17,210049.27,110.0493,8.0808,16.6456,0.755,7.4218,295.7908,No,9.55,10,3497
2016-11-18,210651.79,110.6518,8.1156,16.6456,0.7514,7.423,296.6745,No,9.55,10,3498
2016-11-21,210064.66,110.0647,8.0913,16.6456,0.7505,7.4245,293.7314,No,9.54,10,3499
2016-11-22,209899.2,109.8992,8.0847,16.6456,0.7585,7.4239,292.8626,No,9.54,10,3500
2016-11-23,210983.73,110.9837,8.1456,16.6456,0.7599,7.4255,292.5318,No,9.53,10,3501
2016-11-25,211164.7,111.1647,8.1602,16.6456,0.7556,7.4266,290.9946,No,9.53,10,3502
2016-11-28,210514.26,110.5143,8.1325,16.6456,0.7548,7.428,293.0085,No,9.52,10,3503
2016-11-29,210324.16,110.3242,8.1247,16.6456,0.7673,7.4243,292.3918,No,9.52,10,3504
2016-11-30,212059.46,112.0595,8.2205,16.6456,0.7738,7.4245,293.3514,No,9.52,10,3505
2016-12-01,212982.48,112.9825,8.2724,16.6456,0.769,7.4253,294.723,No,9.51,10,3506
2016-12-02,212202.94,112.2029,8.2331,16.6456,0.7679,7.4268,294.5663,No,9.51,10,3507
2016-12-05,211984.13,111.9841,8.2288,16.6456,0.7691,7.4283,292.2445,No,9.5,10,3508
2016-12-06,212119.69,112.1197,8.2385,16.6456,0.7596,7.4266,290.9002,No,9.5,10,3509
2016-12-07,210623.85,110.6239,8.1604,16.6456,0.765,7.4271,285.7472,No,9.5,10,3510
2016-12-08,211358.39,111.3584,8.2025,16.6456,0.7708,7.4275,284.8782,No,9.49,10,3511
2016-12-09,212178.83,112.1788,8.2491,16.6456,0.7696,7.4291,282.6021,No,9.49,10,3512
2016-12-12,211945.37,111.9454,8.244,16.6456,0.7683,7.4306,283.0167,No,9.48,10,3513
2016-12-13,211706.07,111.7061,8.2336,16.6456,0.7741,7.431,280.4632,No,9.48,10,3514
2016-12-14,212524.85,112.5248,8.2802,16.6456,0.7818,7.4305,283.5517,No,9.48,10,3515
2016-12-15,213605.63,113.6056,8.3406,16.6456,0.7813,7.4322,282.0503,No,9.47,10,3516
2016-12-16,213458.49,113.4585,8.3353,16.6456,0.7755,7.4325,282.7094,No,9.47,10,3517
2016-12-19,212528.03,112.528,8.2928,16.6456,0.779,7.4336,281.946,No,9.46,10,3518
2016-12-20,213019.32,113.0193,8.3217,16.6456,0.7788,7.4352,280.5071,No,9.46,10,3519
2016-12-21,212925.92,112.9259,8.3192,16.6456,0.7811,7.4366,281.4313,No,9.46,10,3520
2016-12-22,213219.6,113.2196,8.3375,16.6456,0.7792,7.438,282.0954,No,9.45,10,3521
2016-12-23,212886.72,112.8867,8.3221,16.6456,0.7781,7.4396,281.5795,No,9.45,10,3522
2016-12-27,212679.82,112.6798,8.321,16.6456,0.778,7.4411,280.7203,No,9.44,10,3523
2016-12-28,212621.57,112.6216,8.3204,16.6456,0.7719,7.4414,283.8621,No,9.44,10,3524
2016-12-29,211653.05,111.6531,8.2705,16.6456,0.7753,7.4425,283.9568,No,9.44,10,3525
2016-12-30,212107.9,112.1079,8.2976,16.6456,0.768,7.4422,285.7273,No,9.43,10,3526
2017-01-03,210950.91,110.9509,8.2448,16.6456,0.7638,7.4432,282.4717,No,9.42,10,3527
2017-01-04,210488.28,110.4883,8.2221,16.6456,0.7555,7.4423,280.2099,No,9.42,9,3528
2017-01-05,209021.33,109.0213,8.1442,16.6456,0.7605,7.4415,280.4991,No,9.42,9,3529
2017-01-06,209613.94,109.6139,8.1792,16.6456,0.7554,7.4433,279.0485,No,9.41,9,3530
2017-01-09,208890.29,108.8903,8.1469,16.6456,0.756,7.4438,280.3965,No,9.41,9,3531
2017-01-10,208888.1,108.8881,8.1492,16.6456,0.7507,7.4444,280.3948,No,9.4,9,3532
2017-01-11,208045.6,108.0456,8.1052,16.6456,0.7515,7.4453,279.2863,No,9.4,9,3533
2017-01-12,208131.67,108.1317,8.1124,16.6456,0.754,7.4465,280.0926,No,9.4,9,3534
2017-01-13,208418.08,108.4181,8.1307,16.6456,0.7466,7.4467,279.3918,No,9.39,9,3535
2017-01-17,207344.6,107.3446,8.0811,16.6456,0.7515,7.4462,280.5211,No,9.38,9,3536
2017-01-18,207907.09,107.9071,8.1148,16.6456,0.7585,7.4466,279.7882,No,9.38,9,3537
2017-01-19,208905.79,108.9058,8.1725,16.6456,0.7573,7.4488,281.1574,No,9.38,9,3538
2017-01-20,208661.54,108.6615,8.1615,16.6456,0.7517,7.4494,279.8669,No,9.38,9,3539
2017-01-23,207850.48,107.8505,8.124,16.6456,0.7538,7.4498,280.8811,No,9.37,9,3540
2017-01-24,208017.26,108.0173,8.1357,16.6456,0.7593,7.451,278.3958,No,9.36,9,3541
2017-01-25,208761.81,108.7618,8.1794,16.6456,0.7605,7.454,275.3827,No,9.36,9,3542
2017-01-26,208967.05,108.967,8.1933,16.6456,0.7602,7.4558,275.6509,No,9.36,9,3543
2017-01-27,208886.92,108.8869,8.1914,16.6456,0.7623,7.4571,275.9573,No,9.36,9,3544
2017-01-30,209155.57,109.1556,8.2137,16.6456,0.7561,7.4568,278.2129,No,9.35,9,3545
2017-01-31,208182.48,108.1825,8.1622,16.6456,0.7596,7.457,278.5477,No,9.35,9,3546
2017-02-01,208593.91,108.5939,8.1876,16.6456,0.7564,7.4587,278.349,No,9.34,9,3547
2017-02-02,208103.9,108.1039,8.1628,16.6456,0.7537,7.4596,278.1106,No,9.34,9,3548
2017-02-03,207627.14,107.6271,8.1388,16.6456,0.749,7.4608,275.3502,No,9.34,9,3549
2017-02-06,206957.0,106.957,8.1088,16.6456,0.7456,7.4611,276.1441,No,9.33,9,3550
2017-02-07,206392.98,106.393,8.0796,16.6456,0.7398,7.4611,276.0412,No,9.33,9,3551
2017-02-08,205513.37,105.5134,8.0326,16.6456,0.743,7.4617,275.6612,No,9.32,9,3552
2017-02-09,205857.92,105.8579,8.0544,16.6456,0.7421,7.4641,273.4435,No,9.32,9,3553
2017-02-10,205707.38,105.7074,8.0484,16.6456,0.7443,7.4657,272.0947,No,9.32,9,3554
2017-02-13,205966.4,105.9664,8.0704,16.6456,0.7455,7.468,270.0581,No,9.31,9,3555
2017-02-14,206112.62,106.1126,8.0811,16.6456,0.7431,7.4699,268.4759,No,9.31,9,3556
2017-02-15,205736.84,105.7368,8.0624,16.6456,0.7391,7.4711,266.5926,No,9.3,9,3557
2017-02-16,205157.79,105.1578,8.0321,16.6456,0.7375,7.472,266.8721,No,9.3,9,3558
2017-02-17,204855.82,104.8558,8.0175,16.6456,0.7362,7.4735,266.2501,No,9.3,9,3559
2017-02-21,204610.55,104.6106,8.0134,16.6456,0.7376,7.4753,264.0478,No,9.29,9,3560
2017-02-22,204801.79,104.8018,8.0267,16.6456,0.7314,7.4758,264.4087,No,9.28,9,3561
2017-02-23,203880.7,103.8807,7.9767,16.6456,0.7255,7.4752,264.2141,No,9.28,9,3562
2017-02-24,202959.67,102.9597,7.9265,16.6456,0.7274,7.4761,263.5834,No,9.28,9,3563
2017-02-27,203169.44,103.1694,7.9458,16.6456,0.7286,7.4779,263.1626,No,9.27,9,3564
2017-02-28,203310.16,103.3102,7.9563,16.6456,0.7311,7.4792,264.0903,No,9.27,9,3565
2017-03-01,203553.66,103.5537,7.9727,16.6456,0.7394,7.4795,259.1151,No,9.27,9,3566
2017-03-02,204739.45,104.7394,8.0429,16.6456,0.7405,7.4816,261.2026,No,9.26,9,3567
2017-03-03,204837.64,104.8376,8.0509,16.6456,0.744,7.483,261.0106,No,9.26,9,3568
2017-03-06,205299.33,105.2993,8.0847,16.6456,0.7493,7.4837,262.1895,No,9.25,9,3569
2017-03-07,206001.99,106.002,8.1271,16.6456,0.7544,7.4848,263.2233,No,9.25,9,3570
2017-03-08,206668.17,106.6682,8.1674,16.6456,0.7591,7.4859,263.9498,No,9.25,9,3571
2017-03-09,207297.52,107.2975,8.2055,16.6456,0.7574,7.4881,263.6547,No,9.24,9,3572
2017-03-10,207003.84,107.0038,8.1914,16.6456,0.7592,7.4896,262.4631,No,9.24,9,3573
2017-03-13,207218.68,107.2187,8.2111,16.6456,0.759,7.4914,262.2118,No,9.23,9,3574
2017-03-14,207169.93,107.1699,8.2109,16.6456,0.7526,7.4913,263.4225,No,9.23,9,3575
2017-03-15,206155.75,106.1557,8.1559,16.6456,0.7473,7.492,260.3926,No,9.23,9,3576
2017-03-16,205383.19,105.3832,8.1144,16.6456,0.745,7.4925,260.9664,No,9.22,9,3577
2017-03-17,204992.45,104.9924,8.0946,16.6456,0.7434,7.4936,261.4399,No,9.22,9,3578
2017-03-20,204721.53,104.7215,8.0866,16.6456,0.7416,7.4948,262.1577,No,9.21,9,3579
2017-03-21,204474.9,104.4749,8.075,16.6456,0.7394,7.4949,266.6748,No,9.21,9,3580
2017-03-22,204034.15,104.0342,8.0521,16.6456,0.7413,7.4962,265.9699,No,9.21,9,3581
2017-03-23,204255.94,104.2559,8.0674,16.6456,0.7402,7.4979,266.3541,No,9.21,9,3582
2017-03-24,204067.13,104.0671,8.059,16.6456,0.7372,7.499,266.6643,No,9.2,9,3583
2017-03-27,203605.32,103.6053,8.0399,16.6456,0.7374,7.5002,267.0377,No,9.19,9,3584
2017-03-28,203541.15,103.5412,8.0387,16.6456,0.7353,7.5022,264.3926,No,9.19,9,3585
2017-03-29,203241.53,103.2415,8.0238,16.6456,0.74,7.503,263.9234,No,9.19,9,3586
2017-03-30,203818.8,103.8188,8.0597,16.6456,0.7391,7.5053,262.8472,No,9.19,9,3587
2017-03-31,203700.22,103.7002,8.0553,16.6456,0.7355,7.5062,263.6668,No,9.18,9,3588
2017-04-03,203140.46,103.1405,8.0304,16.6456,0.7364,7.5073,264.247,No,9.18,9,3589
2017-04-04,203202.75,103.2027,8.0365,16.6456,0.7394,7.5086,263.9844,No,9.17,9,3590
2017-04-05,203591.98,103.592,8.0616,16.6456,0.7381,7.5103,265.0624,No,9.17,9,3591
2017-04-06,203343.41,103.3434,8.0497,16.6456,0.7389,7.5119,264.2511,No,9.17,9,3592
2017-04-07,203429.9,103.4299,8.0572,16.6456,0.7382,7.5135,264.5512,No,9.16,9,3593
2017-04-10,203279.37,103.2794,8.056,16.6456,0.7299,7.5127,264.28,No,9.16,9,3594
2017-04-11,202088.42,102.0884,7.9891,16.6456,0.7287,7.5132,264.7518,No,9.15,9,3595
2017-04-12,201864.69,101.8647,7.9785,16.6456,0.7276,7.5143,266.1233,No,9.15,9,3596
2017-04-13,201686.88,101.6869,7.9706,16.6456,0.7253,7.5151,268.6331,No,9.15,9,3597
2017-04-17,201225.7,101.2257,7.9535,16.6456,0.7209,7.5165,265.4836,No,9.14,9,3598
2017-04-18,200657.89,100.6579,7.9226,16.6456,0.7271,7.5163,266.538,No,9.13,9,3599
2017-04-19,201397.06,101.3971,7.9685,16.6456,0.7258,7.5184,267.1169,No,9.13,9,3600
2017-04-20,201145.63,101.1456,7.9562,16.6456,0.7253,7.5204,264.354,No,9.13,9,3601
2017-04-21,201102.5,101.1025,7.9562,16.6456,0.7269,7.5217,265.4634,No,9.13,9,3602
2017-04-24,201187.46,101.1875,7.9686,16.6456,0.7318,7.5232,261.5381,No,9.12,9,3603
2017-04-25,201848.02,101.848,8.0099,16.6456,0.7309,7.5257,259.3489,No,9.12,9,3604
2017-04-26,201731.86,101.7319,8.0056,16.6456,0.7306,7.5273,259.5195,No,9.11,9,3605
2017-04-27,201646.13,101.6461,8.0031,16.6456,0.73,7.5289,259.284,No,9.11,9,3606
2017-04-28,201542.91,101.5429,7.9995,16.6456,0.7367,7.5289,259.9697,No,9.11,9,3607
2017-05-01,202363.84,102.3638,8.0553,16.6456,0.7339,7.531,259.3458,No,9.1,9,3608
2017-05-02,201968.58,101.9686,8.0346,16.6456,0.7369,7.5322,258.9191,No,9.1,9,3609
2017-05-03,202336.88,102.3369,8.0588,16.6456,0.7448,7.532,259.3035,No,9.09,9,3610
2017-05-04,203356.34,103.3563,8.121,16.6456,0.7437,7.5344,259.0752,No,9.09,9,3611
2017-05-05,203155.12,103.1551,8.1118,16.6456,0.7456,7.536,257.6087,No,9.09,9,3612
2017-05-08,203396.81,103.3968,8.1336,16.6456,0.7496,7.5372,257.5591,No,9.08,9,3613
2017-05-09,203911.01,103.911,8.1662,16.6456,0.7489,7.5392,257.9095,No,9.08,9,3614
2017-05-10,203757.14,103.7571,8.1598,16.6456,0.7482,7.5408,257.3686,No,9.07,9,3615
2017-05-11,203627.25,103.6273,8.1548,16.6456,0.7453,7.542,258.0276,No,9.07,9,3616
2017-05-12,203179.75,103.1798,8.1311,16.6456,0.7441,7.5432,258.551,No,9.07,9,3617
2017-05-15,202947.76,102.9478,8.1251,16.6456,0.7412,7.5448,256.8031,No,9.06,9,3618
2017-05-16,202521.79,102.5218,8.1026,16.6456,0.7362,7.5453,256.9767,No,9.06,9,3619
2017-05-17,201884.35,101.8844,8.0675,16.6456,0.7374,7.5454,263.4769,No,9.05,9,3620
2017-05-18,201850.62,101.8506,8.0681,16.6456,0.7339,7.5469,262.1346,No,9.05,9,3621
2017-05-19,201321.26,101.3213,8.0392,16.6456,0.7308,7.5484,259.6927,No,9.05,9,3622
2017-05-22,200855.74,100.8557,8.0192,16.6456,0.7344,7.5495,257.8389,No,9.04,9,3623
2017-05-23,201316.73,101.3167,8.0491,16.6456,0.7323,7.5515,257.1745,No,9.04,9,3624
2017-05-24,200994.22,100.9942,8.0325,16.6456,0.7298,7.553,256.2747,No,9.04,9,3625
2017-05-25,200593.24,100.5932,8.0111,16.6456,0.7257,7.5542,254.6501,No,9.03,9,3626
2017-05-26,200019.96,100.02,7.9794,16.6456,0.7263,7.5554,254.4932,No,9.03,9,3627
2017-05-30,200045.32,100.0453,7.991,16.6456,0.7229,7.5567,254.8659,No,9.02,9,3628
2017-05-31,199551.82,99.5518,7.9639,16.6456,0.7219,7.558,254.9743,No,9.02,9,3629
2017-06-01,199324.97,99.325,7.9528,16.6456,0.7136,7.5578,252.2641,No,9.01,9,3630
2017-06-02,198174.43,98.1744,7.886,16.6456,0.716,7.5588,250.9569,No,9.01,9,3631
2017-06-05,198439.54,98.4395,7.9095,16.6456,0.711,7.5597,251.3724,No,9.0,9,3632
2017-06-06,197753.14,97.7531,7.8705,16.6456,0.7139,7.5605,252.3506,No,9.0,9,3633
2017-06-07,198046.64,98.0466,7.8907,16.6456,0.7189,7.5615,251.7251,No,9.0,9,3634
2017-06-08,198677.81,98.6778,7.9314,16.6456,0.7222,7.5632,251.6217,No,8.99,9,3635
2017-06-09,199092.61,99.0926,7.959,16.6456,0.7236,7.565,251.9126,No,8.99,9,3636
2017-06-12,199246.02,99.246,7.9758,16.6456,0.7222,7.5667,252.2318,No,8.98,9,3637
2017-06-13,198992.43,98.9924,7.963,16.6456,0.7151,7.5668,250.5604,No,8.98,9,3638
2017-06-14,198026.83,98.0268,7.9071,16.6456,0.7232,7.5659,250.8846,No,8.98,9,3639
2017-06-15,199014.13,99.0141,7.9694,16.6456,0.7221,7.5681,251.6074,No,8.98,9,3640
2017-06-16,198828.3,98.8283,7.9607,16.6456,0.7227,7.5696,251.5048,No,8.97,9,3641
2017-06-19,198842.07,98.8421,7.9691,16.6456,0.7229,7.5718,248.5908,No,8.96,9,3642
2017-06-20,198897.35,98.8974,7.975,16.6456,0.7222,7.5732,250.9376,No,8.96,9,3643
2017-06-21,198725.96,98.726,7.9671,16.6456,0.7206,7.5746,251.1108,No,8.96,9,3644
2017-06-22,198473.3,98.4733,7.9543,16.6456,0.718,7.5759,251.2677,No,8.96,9,3645
2017-06-23,198066.79,98.0668,7.9321,16.6456,0.7197,7.5774,250.7205,No,8.95,9,3646
2017-06-26,198262.2,98.2622,7.9516,16.6456,0.7271,7.5774,250.6058,No,8.95,9,3647
2017-06-27,199197.24,99.1972,8.0109,16.6456,0.7249,7.579,253.4591,No,8.94,9,3648
2017-06-28,198809.06,98.8091,7.9899,16.6456,0.7325,7.5788,250.3036,No,8.94,9,3649
2017-06-29,199821.93,99.8219,8.0539,16.6456,0.7342,7.5805,253.3312,No,8.94,9,3650
2017-06-30,199986.6,99.9866,8.0664,16.6456,0.7417,7.5804,252.7724,No,8.93,9,3651
2017-07-03,200950.92,100.9509,8.1324,16.6456,0.7405,7.5828,251.9261,No,8.93,9,3652
2017-07-05,200742.74,100.7427,8.125,16.6456,0.7467,7.5831,251.347,No,8.92,9,3653
2017-07-06,201553.52,101.5535,8.1765,16.6456,0.7512,7.584,254.5411,No,8.92,9,3654
2017-07-07,202075.74,102.0757,8.2105,16.6456,0.7493,7.5863,252.2814,No,8.92,9,3655
2017-07-10,201801.12,101.8011,8.2019,16.6456,0.7488,7.5879,251.9531,No,8.91,9,3656
2017-07-11,201691.05,101.6911,8.1979,16.6456,0.7426,7.5882,252.2243,No,8.9,9,3657
2017-07-12,200768.67,100.7687,8.1448,16.6456,0.745,7.5896,249.6395,No,8.9,9,3658
2017-07-13,201048.73,101.0487,8.1643,16.6456,0.7399,7.5907,248.9763,No,8.9,9,3659
2017-07-14,200307.88,100.3079,8.1221,16.6456,0.7372,7.592,247.3472,No,8.9,9,3660
2017-07-17,199914.97,99.915,8.106,16.6456,0.7316,7.5925,247.3545,No,8.89,9,3661
2017-07-18,199117.44,99.1174,8.06,16.6456,0.7298,7.5937,247.1397,No,8.88,9,3662
2017-07-19,198803.88,98.8039,8.0434,16.6456,0.7278,7.5955,245.2531,No,8.88,9,3663
2017-07-20,198520.11,98.5201,8.0286,16.6456,0.7239,7.5965,245.2827,No,8.88,9,3664
2017-07-21,197952.95,97.953,7.9963,16.6456,0.7263,7.5977,245.4106,No,8.88,9,3665
2017-07-24,198207.78,98.2078,8.0197,16.6456,0.731,7.5987,245.7703,No,8.87,9,3666
2017-07-25,198775.41,98.7754,8.0571,16.6456,0.7312,7.6008,244.7634,No,8.87,9,3667
2017-07-26,198785.2,98.7852,8.0603,16.6456,0.7305,7.6025,244.6647,No,8.86,9,3668
2017-07-27,198648.87,98.6489,8.0545,16.6456,0.7265,7.6036,244.9637,No,8.86,9,3669
2017-07-28,198081.01,98.081,8.0222,16.6456,0.7273,7.6049,245.4142,No,8.86,9,3670
2017-07-31,198126.03,98.126,8.0327,16.6456,0.7224,7.6059,245.6645,No,8.85,9,3671
2017-08-01,197422.21,97.4222,7.9919,16.6456,0.7224,7.6074,244.8188,No,8.85,9,3672
2017-08-02,197386.33,97.3863,7.9922,16.6456,0.7208,7.609,244.5834,No,8.84,9,3673
2017-08-03,197146.45,97.1465,7.9799,16.6456,0.7266,7.6095,245.2719,No,8.84,9,3674
2017-08-04,197823.92,97.8239,8.0244,16.6456,0.7257,7.6116,244.6144,No,8.84,9,3675
2017-08-07,197682.64,97.6826,8.0234,16.6456,0.7287,7.613,244.0382,No,8.83,9,3676
2017-08-08,198044.02,98.044,8.0484,16.6456,0.7223,7.6134,244.8296,No,8.83,9,3677
2017-08-09,197143.75,97.1437,7.9952,16.6456,0.7216,7.6146,244.9147,No,8.82,9,3678
2017-08-10,197073.7,97.0737,7.9934,16.6456,0.7207,7.6156,249.8529,No,8.82,9,3679
2017-08-11,196825.35,96.8253,7.9806,16.6456,0.7201,7.6173,249.3841,No,8.82,9,3680
2017-08-14,196669.97,96.67,7.9786,16.6456,0.7249,7.6185,245.8913,No,8.81,9,3681
2017-08-15,197283.18,97.2832,8.0194,16.6456,0.7221,7.6203,245.9841,No,8.81,9,3682
2017-08-16,196891.26,96.8913,7.9976,16.6456,0.7226,7.6219,245.3954,No,8.81,9,3683
2017-08-17,196990.37,96.9904,8.0063,16.6456,0.7245,7.6229,250.7951,No,8.8,9,3684
2017-08-18,197120.67,97.1207,8.017,16.6456,0.722,7.6244,251.4307,No,8.8,9,3685
2017-08-21,196745.57,96.7456,8.0014,16.6456,0.7217,7.626,251.0122,No,8.79,9,3686
2017-08-22,196613.91,96.6139,7.9958,16.6456,0.7193,7.628,247.5447,No,8.79,9,3687
2017-08-23,196322.81,96.3228,7.9802,16.6456,0.7226,7.6291,248.7175,No,8.79,9,3688
2017-08-24,196693.86,96.6939,8.006,16.6456,0.7191,7.6305,249.4359,No,8.78,9,3689
2017-08-25,196187.72,96.1877,7.9769,16.6456,0.7145,7.6314,248.8133,No,8.78,9,3690
2017-08-28,195552.49,95.5525,7.9447,16.6456,0.7124,7.6327,248.6283,No,8.77,9,3691
2017-08-29,195221.39,95.2214,7.9265,16.6456,0.7125,7.6344,248.2862,No,8.77,9,3692
2017-08-30,195157.4,95.1574,7.925,16.6456,0.707,7.6354,246.5966,No,8.77,9,3693
2017-08-31,194418.6,94.4186,7.8809,16.6456,0.707,7.6371,244.6093,No,8.76,9,3694
2017-09-01,194374.52,94.3745,7.8806,16.6456,0.7001,7.6373,243.9049,No,8.76,9,3695
2017-09-05,193510.1,93.5101,7.8359,16.6456,0.7037,7.6381,246.5217,No,8.75,9,3696
2017-09-06,193815.36,93.8154,7.8579,16.6456,0.6968,7.6386,245.4381,No,8.75,9,3697
2017-09-07,192943.38,92.9434,7.8049,16.6456,0.6985,7.64,245.4207,No,8.75,9,3698
2017-09-08,193085.59,93.0856,7.8165,16.6456,0.7035,7.6409,245.921,No,8.74,9,3699
2017-09-11,193603.7,93.6037,7.8572,16.6456,0.7047,7.643,242.207,No,8.73,9,3700
2017-09-12,193778.03,93.778,7.8709,16.6456,0.7073,7.6447,241.0395,No,8.73,9,3701
2017-09-13,194085.47,94.0855,7.8931,16.6456,0.7059,7.6465,240.7769,No,8.73,9,3702
2017-09-14,193880.13,93.8801,7.8826,16.6456,0.7066,7.6481,241.041,No,8.73,9,3703
2017-09-15,193908.86,93.9089,7.887,16.6456,0.7125,7.6487,240.3693,No,8.72,9,3704
2017-09-18,194612.07,94.6121,7.9395,16.6456,0.7132,7.6507,239.8618,No,8.72,9,3705
2017-09-19,194671.8,94.6718,7.9459,16.6456,0.7112,7.6524,239.4815,No,8.71,9,3706
2017-09-20,194390.23,94.3902,7.9306,16.6456,0.7192,7.652,239.2659,No,8.71,9,3707
2017-09-21,195356.15,95.3561,7.9946,16.6456,0.7174,7.6539,240.2913,No,8.71,9,3708
2017-09-22,195080.57,95.0806,7.9797,16.6456,0.7123,7.6548,240.0635,No,8.7,9,3709
2017-09-25,194397.32,94.3973,7.944,16.6456,0.7163,7.6557,240.8212,No,8.7,9,3710
2017-09-26,194832.02,94.832,7.9743,16.6456,0.7248,7.6552,240.7698,No,8.69,9,3711
2017-09-27,195853.36,95.8534,8.0419,16.6456,0.7248,7.6573,239.3831,No,8.69,9,3712
2017-09-28,195840.8,95.8408,8.0438,16.6456,0.724,7.6591,238.9036,No,8.69,9,3713
2017-09-29,195688.75,95.6887,8.0367,16.6456,0.7261,7.6607,237.6445,No,8.68,9,3714
2017-10-02,195911.82,95.9118,8.0588,16.6456,0.7254,7.6626,236.3405,No,8.68,9,3715
2017-10-03,195795.44,95.7954,8.0541,16.6456,0.7245,7.6644,235.6012,No,8.67,9,3716
2017-10-04,195636.33,95.6363,8.0466,16.6456,0.7251,7.6661,235.1609,No,8.67,9,3717
2017-10-05,195667.76,95.6678,8.0512,16.6456,0.7262,7.668,233.2215,No,8.67,9,3718
2017-10-06,195774.02,95.774,8.0607,16.6456,0.7229,7.6694,233.4747,No,8.67,9,3719
2017-10-09,195318.91,95.3189,8.0396,16.6456,0.7193,7.6706,234.0774,No,8.66,9,3720
2017-10-10,194786.8,94.7868,8.0082,16.6456,0.7195,7.6723,233.2942,No,8.65,9,3721
2017-10-11,194777.99,94.778,8.0102,16.6456,0.7166,7.6738,232.6882,No,8.65,9,3722
2017-10-12,194369.32,94.3693,7.9866,16.6456,0.7116,7.6746,233.2215,No,8.65,9,3723
2017-10-13,193673.11,93.6731,7.9445,16.6456,0.712,7.6763,232.9244,No,8.65,9,3724
2017-10-16,193673.14,93.6731,7.9523,16.6456,0.7165,7.6774,232.3358,No,8.64,9,3725
2017-10-17,194206.27,94.2063,7.9893,16.6456,0.7199,7.6788,232.1131,No,8.64,9,3726
2017-10-18,194597.15,94.5972,8.0171,16.6456,0.7173,7.6805,231.8527,No,8.63,9,3727
2017-10-19,194223.59,94.2236,7.9957,16.6456,0.7225,7.6813,231.7166,No,8.63,9,3728
2017-10-20,194834.58,94.8346,8.0377,16.6456,0.7234,7.6832,230.006,No,8.63,9,3729
2017-10-23,194932.0,94.932,8.0519,16.6456,0.7263,7.6847,231.3137,No,8.62,9,3730
2017-10-24,195250.66,95.2507,8.075,16.6456,0.7301,7.686,230.7699,No,8.62,9,3731
2017-10-25,195700.5,95.7005,8.1066,16.6456,0.734,7.6873,232.3197,No,8.61,9,3732
2017-10-26,196147.55,96.1475,8.1379,16.6456,0.7281,7.6881,231.898,No,8.61,9,3733
2017-10-27,195332.6,95.3326,8.0883,16.6456,0.7243,7.6894,229.2397,No,8.61,9,3734
2017-10-30,194806.65,94.8067,8.0625,16.6456,0.7263,7.6909,230.2675,No,8.6,9,3735
2017-10-31,195012.52,95.0125,8.0784,16.6456,0.7222,7.6922,229.9453,No,8.6,9,3736
2017-11-01,194441.18,94.4412,8.0442,16.6456,0.7205,7.6939,229.421,No,8.59,9,3737
2017-11-02,194181.01,94.181,8.03,16.6456,0.721,7.6956,229.3231,No,8.59,9,3738
2017-11-03,194212.77,94.2128,8.0347,16.6456,0.7156,7.6965,228.2744,No,8.59,9,3739
2017-11-06,193467.77,93.4678,7.9944,16.6456,0.7161,7.6981,227.8303,No,8.58,9,3740
2017-11-07,193492.1,93.4921,7.9986,16.6456,0.7143,7.6999,227.8902,No,8.58,9,3741
2017-11-08,193219.0,93.219,7.9835,16.6456,0.7158,7.7015,227.4115,No,8.58,9,3742
2017-11-09,193374.86,93.3749,7.9963,16.6456,0.7263,7.6998,228.5672,No,8.57,9,3743
2017-11-10,194629.08,94.6291,8.0804,16.6456,0.7239,7.7016,228.7439,No,8.57,9,3744
2017-11-13,194286.32,94.2863,8.0662,16.6456,0.7212,7.7032,228.4135,No,8.56,9,3745
2017-11-14,193906.9,93.9069,8.0442,16.6456,0.721,7.7049,229.1228,No,8.56,9,3746
2017-11-15,193845.13,93.8451,8.0429,16.6456,0.7212,7.7066,230.876,No,8.56,9,3747
2017-11-16,193797.89,93.7979,8.0425,16.6456,0.7142,7.7069,228.0792,No,8.55,9,3748
2017-11-17,192879.18,92.8792,7.9851,16.6456,0.7206,7.7073,228.9312,No,8.55,9,3749
2017-11-20,193628.85,93.6288,8.0422,16.6456,0.7154,7.7083,228.5018,No,8.54,9,3750
2017-11-21,192902.61,92.9026,7.9973,16.6456,0.7115,7.7096,226.3619,No,8.54,9,3751
2017-11-22,192383.75,92.3837,7.9659,16.6456,0.7136,7.7112,226.5783,No,8.54,9,3752
2017-11-24,192589.83,92.5898,7.9848,16.6456,0.7123,7.713,225.8928,No,8.53,9,3753
2017-11-27,192400.99,92.401,7.9804,16.6456,0.7081,7.7142,225.9816,No,8.52,9,3754
2017-11-28,191815.95,91.816,7.9444,16.6456,0.7161,7.714,222.79,No,8.52,9,3755
2017-11-29,192767.67,92.7677,8.0098,16.6456,0.717,7.7158,222.8676,No,8.52,9,3756
2017-11-30,192848.07,92.8481,8.0178,16.6456,0.7114,7.7166,220.1271,No,8.52,9,3757
2017-12-01,192088.68,92.0887,7.9704,16.6456,0.7133,7.7182,220.7636,No,8.51,9,3758
2017-12-04,192284.81,92.2848,7.9914,16.6456,0.717,7.7196,221.0943,No,8.5,9,3759
2017-12-05,192720.03,92.72,8.0228,16.6456,0.7158,7.7213,222.2851,No,8.5,9,3760
2017-12-06,192511.7,92.5117,8.0117,16.6456,0.7219,7.7218,222.314,No,8.5,9,3761
2017-12-07,193239.53,93.2395,8.0624,16.6456,0.7215,7.7237,221.3156,No,8.5,9,3762
2017-12-08,193144.2,93.1442,8.0588,16.6456,0.7219,7.7255,219.5228,No,8.49,9,3763
2017-12-11,193142.9,93.1429,8.0669,16.6456,0.7233,7.7272,218.5017,No,8.48,9,3764
2017-12-12,193291.79,93.2918,8.0794,16.6456,0.7189,7.7284,217.9978,No,8.48,9,3765
2017-12-13,192677.32,92.6773,8.0415,16.6456,0.7165,7.7301,218.1376,No,8.48,9,3766
2017-12-14,192328.98,92.329,8.0212,16.6456,0.7118,7.7312,219.3831,No,8.48,9,3767
2017-12-15,191696.83,91.6968,7.9819,16.6456,0.7111,7.733,216.5256,No,8.47,9,3768
2017-12-18,191552.7,91.5527,7.9804,16.6456,0.718,7.7332,214.8241,No,8.47,9,3769
2017-12-19,192380.02,92.38,8.038,16.6456,0.7212,7.7347,215.8393,No,8.46,9,3770
2017-12-20,192732.43,92.7324,8.0641,16.6456,0.7181,7.7362,216.0595,No,8.46,9,3771
2017-12-21,192307.79,92.3078,8.0387,16.6456,0.7156,7.7379,215.433,No,8.46,9,3772
2017-12-22,191948.15,91.9481,8.0174,16.6456,0.7125,7.7394,215.576,No,8.45,9,3773
2017-12-26,191520.38,91.5204,7.9997,16.6456,0.7067,7.7401,215.8949,No,8.44,9,3774
2017-12-27,190752.65,90.7526,7.951,16.6456,0.7045,7.7418,215.6231,No,8.44,9,3775
2017-12-28,190427.48,90.4275,7.9319,16.6456,0.7025,7.7435,214.9857,No,8.44,9,3776
2017-12-29,190145.7,90.1457,7.9156,16.6456,0.7016,7.7453,216.607,No,8.44,9,3777
2018-01-02,189989.18,89.9892,7.9158,16.6456,0.6969,7.7465,213.9856,No,8.42,9,3778
2018-01-03,189379.33,89.3793,7.8772,16.6456,0.6948,7.7476,211.9889,No,8.42,9,3779
2018-01-04,189257.15,89.2572,7.8716,16.6456,0.6948,7.7495,210.6727,No,8.42,8,3780
2018-01-05,189051.34,89.0513,7.8604,16.6456,0.6955,7.7502,208.5031,No,8.42,8,3781
2018-01-08,189065.64,89.0656,7.8693,16.6456,0.7025,7.7502,207.9856,No,8.41,8,3782
2018-01-09,189900.96,89.901,7.9286,16.6456,0.7024,7.7512,207.4932,No,8.41,8,3783
2018-01-10,189799.71,89.7997,7.9244,16.6456,0.6975,7.7524,207.8333,No,8.4,8,3784
2018-01-11,189168.83,89.1688,7.8843,16.6456,0.6911,7.752,205.6595,No,8.4,8,3785
2018-01-12,188336.97,88.337,7.8304,16.6456,0.6908,7.7529,203.6093,No,8.4,8,3786
2018-01-16,188210.56,88.2106,7.8324,16.6456,0.6871,7.755,204.6776,No,8.39,8,3787
2018-01-17,187778.19,87.7782,7.8054,16.6456,0.6956,7.7534,201.8364,No,8.38,8,3788
2018-01-18,188721.47,88.7215,7.8726,16.6456,0.6946,7.7551,202.298,No,8.38,8,3789
2018-01-19,188581.87,88.5819,7.8657,16.6456,0.6921,7.7558,200.9711,No,8.38,8,3790
2018-01-22,188221.18,88.2212,7.8491,16.6456,0.6889,7.7563,198.5581,No,8.37,8,3791
2018-01-23,187742.15,87.7422,7.8189,16.6456,0.6857,7.7577,197.8984,No,8.37,8,3792
2018-01-24,187336.23,87.3362,7.7936,16.6456,0.681,7.7584,198.0652,No,8.36,8,3793
2018-01-25,186682.15,86.6821,7.7512,16.6456,0.6811,7.7605,197.885,No,8.36,8,3794
2018-01-26,186730.65,86.7306,7.7572,16.6456,0.6873,7.7597,194.394,No,8.36,8,3795
2018-01-29,187355.41,87.3554,7.8082,16.6456,0.699,7.7578,196.3717,No,8.35,8,3796
2018-01-30,188667.33,88.6673,7.9011,16.6456,0.6954,7.7607,199.6166,No,8.35,8,3797
2018-01-31,188221.41,88.2214,7.8732,16.6456,0.6998,7.762,199.4617,No,8.35,8,3798
2018-02-01,188787.14,88.7871,7.9147,16.6456,0.7161,7.7556,199.5981,No,8.34,8,3799
2018-02-02,190547.22,90.5472,8.0375,16.6456,0.7286,7.7544,206.0704,No,8.34,8,3800
2018-02-05,191950.87,91.9509,8.141,16.6456,0.725,7.7616,219.1478,No,8.33,8,3801
2018-02-06,191723.29,91.7233,8.1284,16.6456,0.7363,7.7577,213.6431,No,8.33,8,3802
2018-02-07,192950.97,92.951,8.2141,16.6456,0.7506,7.7537,215.2113,No,8.33,8,3803
2018-02-08,194554.98,94.555,8.3246,16.6456,0.7476,7.7597,227.4556,No,8.32,8,3804
2018-02-09,194314.7,94.3147,8.3113,16.6456,0.7384,7.7564,222.5326,No,8.32,8,3805
2018-02-12,193053.88,93.0539,8.2351,16.6456,0.7353,7.7564,218.0953,No,8.31,8,3806
2018-02-13,192561.41,92.5614,8.2046,16.6456,0.7268,7.7557,217.2484,No,8.31,8,3807
2018-02-14,191575.08,91.5751,8.1406,16.6456,0.7232,7.7547,212.9644,No,8.31,8,3808
2018-02-15,190969.14,90.9691,8.1021,16.6456,0.7212,7.7553,209.1585,No,8.3,8,3809
2018-02-16,190628.42,90.6284,8.0817,16.6456,0.7327,7.7531,209.0155,No,8.3,8,3810
2018-02-20,191952.24,91.9522,8.183,16.6456,0.7395,7.7541,210.8096,No,8.29,8,3811
2018-02-21,192791.82,92.7918,8.2428,16.6456,0.7383,7.756,212.5211,No,8.29,8,3812
2018-02-22,192563.36,92.5634,8.2302,16.6456,0.7297,7.7555,212.1913,No,8.28,8,3813
2018-02-23,191480.92,91.4809,8.1594,16.6456,0.7249,7.7553,207.2471,No,8.28,8,3814
2018-02-26,190857.82,90.8578,8.1252,16.6456,0.736,7.7526,203.6395,No,8.27,8,3815
2018-02-27,192019.59,92.0196,8.2073,16.6456,0.7376,7.7556,207.503,No,8.27,8,3816
2018-02-28,192175.16,92.1752,8.2208,16.6456,0.7436,7.7573,210.9209,No,8.27,8,3817
2018-03-01,192871.28,92.8713,8.271,16.6456,0.739,7.7604,215.0705,No,8.27,8,3818
2018-03-02,192396.7,92.3967,8.2415,16.6456,0.7375,7.7612,213.4512,No,8.26,8,3819
2018-03-05,192152.77,92.1528,8.2334,16.6456,0.7324,7.761,210.029,No,8.25,8,3820
2018-03-06,191432.64,91.4326,8.187,16.6456,0.7357,7.7621,209.1967,No,8.25,8,3821
2018-03-07,191771.83,91.7718,8.2131,16.6456,0.7337,7.764,209.3253,No,8.25,8,3822
2018-03-08,191481.64,91.4816,8.1961,16.6456,0.7291,7.765,207.8678,No,8.25,8,3823
2018-03-09,190978.77,90.9788,8.1644,16.6456,0.7295,7.7651,202.6012,No,8.24,8,3824
2018-03-12,190840.25,90.8403,8.1633,16.6456,0.7281,7.7673,202.9862,No,8.24,8,3825
2018-03-13,190619.56,90.6196,8.1509,16.6456,0.7272,7.7698,204.909,No,8.23,8,3826
2018-03-14,190459.82,90.4598,8.1428,16.6456,0.7295,7.7722,206.5787,No,8.23,8,3827
2018-03-15,190759.05,90.759,8.1662,16.6456,0.7322,7.774,206.7999,No,8.23,8,3828
2018-03-16,191059.9,91.0599,8.1898,16.6456,0.7379,7.7746,206.2675,No,8.22,8,3829
2018-03-19,191647.32,91.6473,8.2387,16.6456,0.7405,7.7773,210.6786,No,8.22,8,3830
2018-03-20,191988.98,91.989,8.265,16.6456,0.7383,7.7789,210.2132,No,8.21,8,3831
2018-03-21,191660.4,91.6604,8.2453,16.6456,0.7429,7.7802,210.7529,No,8.21,8,3832
2018-03-22,192084.06,92.0841,8.2773,16.6456,0.744,7.7846,218.7619,No,8.21,8,3833
2018-03-23,192298.73,92.2987,8.2949,16.6456,0.7338,7.7851,225.5842,No,8.21,8,3834
2018-03-26,191090.62,91.0906,8.2204,16.6456,0.7416,7.7828,216.9761,No,8.2,8,3835
2018-03-27,191790.35,91.7904,8.2715,16.6456,0.7463,7.7857,222.5477,No,8.19,8,3836
2018-03-28,192380.1,92.3801,8.315,16.6456,0.7395,7.7868,223.4365,No,8.19,8,3837
2018-03-29,191555.36,91.5554,8.261,16.6456,0.7424,7.7873,219.0287,No,8.19,8,3838
2018-04-02,191812.29,91.8123,8.2903,16.6456,0.7432,7.7911,226.3142,No,8.18,8,3839
2018-04-03,191940.08,91.9401,8.302,16.6456,0.7393,7.7911,222.236,No,8.18,8,3840
2018-04-04,191407.72,91.4077,8.2681,16.6456,0.7436,7.7914,218.5287,No,8.17,8,3841
2018-04-05,191872.35,91.8724,8.3031,16.6456,0.7464,7.7924,216.312,No,8.17,8,3842
2018-04-06,192058.48,92.0585,8.3189,16.6456,0.7426,7.7962,223.3946,No,8.17,8,3843
2018-04-09,191650.93,91.6509,8.2994,16.6456,0.7356,7.7962,222.2234,No,8.16,8,3844
2018-04-10,190784.15,90.7842,8.2421,16.6456,0.733,7.7963,216.9128,No,8.16,8,3845
2018-04-11,190354.5,90.3545,8.2151,16.6456,0.7382,7.7978,218.6591,No,8.15,8,3846
2018-04-12,190964.99,90.965,8.2605,16.6456,0.7371,7.7988,216.0135,No,8.15,8,3847
2018-04-13,190752.02,90.752,8.2485,16.6456,0.7333,7.8006,216.9225,No,8.15,8,3848
2018-04-16,190274.52,90.2745,8.2239,16.6456,0.7287,7.8011,214.3648,No,8.14,8,3849
2018-04-17,189672.08,89.6721,8.1846,16.6456,0.7309,7.802,211.0492,No,8.14,8,3850
2018-04-18,189898.97,89.899,8.2034,16.6456,0.7384,7.802,210.7903,No,8.13,8,3851
2018-04-19,190710.52,90.7105,8.263,16.6456,0.7482,7.8012,212.5413,No,8.13,8,3852
2018-04-20,191807.44,91.8074,8.3423,16.6456,0.7525,7.8031,215.2167,No,8.13,8,3853
2018-04-23,192288.75,92.2887,8.3845,16.6456,0.7572,7.8043,215.1993,No,8.12,8,3854
2018-04-24,192812.31,92.8123,8.4238,16.6456,0.7624,7.8062,219.4665,No,8.12,8,3855
2018-04-25,193434.41,93.4344,8.4698,16.6456,0.7575,7.8071,218.8808,No,8.12,8,3856
2018-04-26,192776.3,92.7763,8.4272,16.6456,0.7533,7.8078,215.5868,No,8.11,8,3857
2018-04-27,192181.61,92.1816,8.3889,16.6456,0.7572,7.8093,215.218,No,8.11,8,3858
2018-04-30,192603.45,92.6034,8.4271,16.6456,0.7614,7.8113,217.8092,No,8.1,8,3859
2018-05-01,193119.31,93.1193,8.4659,16.6456,0.7656,7.8124,216.9992,No,8.1,8,3860
2018-05-02,193543.41,93.5434,8.4982,16.6456,0.7623,7.8147,219.3003,No,8.1,8,3861
2018-05-03,193112.47,93.1125,8.4714,16.6456,0.7563,7.8158,219.9868,No,8.09,8,3862
2018-05-04,192374.7,92.3747,8.423,16.6456,0.7564,7.8167,215.8828,No,8.09,8,3863
2018-05-07,192314.73,92.3147,8.4278,16.6456,0.7574,7.8182,214.7887,No,8.08,8,3864
2018-05-08,192376.94,92.3769,8.4351,16.6456,0.7564,7.8202,214.8692,No,8.08,8,3865
2018-05-09,192271.32,92.2713,8.4307,16.6456,0.7476,7.8184,211.8132,No,8.08,8,3866
2018-05-10,191092.53,91.0925,8.3511,16.6456,0.7468,7.8197,208.8489,No,8.07,8,3867
2018-05-11,190934.35,90.9344,8.3429,16.6456,0.7497,7.8213,208.2151,No,8.07,8,3868
2018-05-14,191250.04,91.25,8.374,16.6456,0.7665,7.8149,207.9292,No,8.06,8,3869
2018-05-15,193149.52,93.1495,8.5099,16.6456,0.7663,7.8172,210.0366,No,8.06,8,3870
2018-05-16,193105.74,93.1057,8.5099,16.6456,0.7698,7.8184,208.697,No,8.06,8,3871
2018-05-17,193465.8,93.4658,8.538,16.6456,0.7673,7.82,208.8726,No,8.05,8,3872
2018-05-18,193053.58,93.0536,8.5123,16.6456,0.7641,7.8222,209.6625,No,8.05,8,3873
2018-05-21,192698.68,92.6987,8.4965,16.6456,0.7661,7.8234,207.3827,No,8.04,8,3874
2018-05-22,192855.14,92.8551,8.5105,16.6456,0.7629,7.8253,208.344,No,8.04,8,3875
2018-05-23,192423.97,92.424,8.4833,16.6456,0.7564,7.826,207.3369,No,8.04,8,3876
2018-05-24,191566.1,91.5661,8.426,16.6456,0.755,7.8282,207.9488,No,8.04,8,3877
2018-05-25,191359.36,91.3594,8.4144,16.6456,0.7523,7.8303,208.6404,No,8.03,8,3878
2018-05-29,190949.0,90.949,8.3974,16.6456,0.7485,7.8337,212.2379,No,8.02,8,3879
2018-05-30,190612.37,90.6124,8.3765,16.6456,0.7533,7.8338,208.2686,No,8.02,8,3880
2018-05-31,191036.78,91.0368,8.4096,16.6456,0.7527,7.8362,210.3357,No,8.02,8,3881
2018-06-01,191017.11,91.0171,8.4112,16.6456,0.7553,7.8371,206.9768,No,8.01,8,3882
2018-06-04,191247.47,91.2475,8.4365,16.6456,0.7534,7.8383,205.6006,No,8.01,8,3883
2018-06-05,190928.33,90.9283,8.4168,16.6456,0.7536,7.8402,205.3676,No,8.0,8,3884
2018-06-06,190982.13,90.9821,8.4237,16.6456,0.7504,7.8409,202.7644,No,8.0,8,3885
2018-06-07,190452.7,90.4527,8.389,16.6456,0.7506,7.8432,202.9261,No,8.0,8,3886
2018-06-08,190487.23,90.4872,8.3945,16.6456,0.7512,7.8448,201.9706,No,7.99,8,3887
2018-06-11,190501.06,90.5011,8.4045,16.6456,0.7519,7.8466,201.6466,No,7.99,8,3888
2018-06-12,190548.65,90.5486,8.4109,16.6456,0.7536,7.8483,201.1084,No,7.98,8,3889
2018-06-13,190675.12,90.6751,8.4229,16.6456,0.7472,7.8494,202.3141,No,7.98,8,3890
2018-06-14,189872.34,89.8723,8.3686,16.6456,0.7567,7.8485,201.4769,No,7.98,8,3891
2018-06-15,190964.26,90.9643,8.4495,16.6456,0.7579,7.8507,201.7525,No,7.98,8,3892
2018-06-18,191035.94,91.0359,8.4637,16.6456,0.7576,7.8528,202.3905,No,7.97,8,3893
2018-06-19,190935.42,90.9354,8.4596,16.6456,0.7619,7.8545,203.5976,No,7.96,8,3894
2018-06-20,191469.53,91.4695,8.5007,16.6456,0.7642,7.856,203.0791,No,7.96,8,3895
2018-06-21,191627.74,91.6277,8.515,16.6456,0.7633,7.8586,204.9851,No,7.96,8,3896
2018-06-22,191538.34,91.5383,8.5116,16.6456,0.769,7.8594,204.4096,No,7.96,8,3897
2018-06-25,192094.93,92.0949,8.5604,16.6456,0.7702,7.8624,208.6451,No,7.95,8,3898
2018-06-26,192276.81,92.2768,8.5764,16.6456,0.7715,7.8642,207.9666,No,7.95,8,3899
2018-06-27,192336.39,92.3364,8.5838,16.6456,0.7704,7.8671,210.64,No,7.94,8,3900
2018-06-28,192242.22,92.2422,8.5802,16.6456,0.7709,7.8686,208.6907,No,7.94,8,3901
2018-06-29,192233.7,92.2337,8.5826,16.6456,0.7741,7.8701,208.4374,No,7.94,8,3902
2018-07-02,192594.65,92.5947,8.6176,16.6456,0.7708,7.8715,207.48,No,7.93,8,3903
2018-07-03,192069.02,92.069,8.5833,16.6456,0.7642,7.8729,209.0091,No,7.93,8,3904
2018-07-05,191311.14,91.3111,8.5352,16.6456,0.7611,7.8739,206.2937,No,7.92,8,3905
2018-07-06,190895.16,90.8952,8.5085,16.6456,0.7595,7.8752,203.6965,No,7.92,8,3906
2018-07-09,190669.76,90.6698,8.5015,16.6456,0.7603,7.8763,200.9535,No,7.91,8,3907
2018-07-10,190690.7,90.6907,8.5061,16.6456,0.7657,7.8772,199.9057,No,7.91,8,3908
2018-07-11,191241.6,91.2416,8.5487,16.6456,0.7616,7.8794,202.0485,No,7.9,8,3909
2018-07-12,190776.05,90.7761,8.5184,16.6456,0.7627,7.8807,199.3992,No,7.9,8,3910
2018-07-13,190819.42,90.8194,8.5246,16.6456,0.7657,7.8824,199.0753,No,7.9,8,3911
2018-07-16,191123.79,91.1238,8.5557,16.6456,0.7693,7.884,199.3688,No,7.89,8,3912
2018-07-17,191553.24,91.5532,8.5897,16.6456,0.7706,7.8856,198.1794,No,7.89,8,3913
2018-07-18,191632.93,91.6329,8.5986,16.6456,0.7714,7.8873,197.537,No,7.88,8,3914
2018-07-19,191641.53,91.6415,8.6023,16.6456,0.7745,7.8894,198.6867,No,7.88,8,3915
2018-07-20,191995.86,91.9959,8.6309,16.6456,0.7811,7.8898,198.9577,No,7.88,8,3916
2018-07-23,192766.9,92.7669,8.6956,16.6456,0.7786,7.8911,198.4085,No,7.87,8,3917
2018-07-24,192389.45,92.3895,8.6717,16.6456,0.7737,7.892,196.9743,No,7.87,8,3918
2018-07-25,191774.14,91.7741,8.6306,16.6456,0.7785,7.8927,194.2937,No,7.87,8,3919
2018-07-26,192247.22,92.2472,8.6677,16.6456,0.7817,7.8945,195.1885,No,7.86,8,3920
2018-07-27,192548.31,92.5483,8.6925,16.6456,0.7859,7.8964,197.1379,No,7.86,8,3921
2018-07-30,193014.19,93.0142,8.7355,16.6456,0.7811,7.8981,198.8327,No,7.85,8,3922
2018-07-31,192426.48,92.4265,8.6964,16.6456,0.7872,7.8987,197.3708,No,7.85,8,3923
2018-08-01,193124.02,93.124,8.7497,16.6456,0.7876,7.9006,197.6803,No,7.85,8,3924
2018-08-02,193143.74,93.1437,8.7543,16.6456,0.7833,7.9017,196.1903,No,7.84,8,3925
2018-08-03,192535.1,92.5351,8.7137,16.6456,0.7838,7.9035,194.7815,No,7.84,8,3926
2018-08-06,192587.55,92.5875,8.7271,16.6456,0.7851,7.9052,193.7144,No,7.83,8,3927
2018-08-07,192686.96,92.687,8.7374,16.6456,0.7844,7.9069,192.8841,No,7.83,8,3928
2018-08-08,192513.98,92.514,8.7281,16.6456,0.782,7.9088,192.9522,No,7.83,8,3929
2018-08-09,192165.4,92.1654,8.7061,16.6456,0.7821,7.9111,193.2995,No,7.82,8,3930
2018-08-10,192118.93,92.1189,8.7059,16.6456,0.7913,7.911,195.3116,No,7.82,8,3931
2018-08-13,193242.71,93.2427,8.7967,16.6456,0.7897,7.9132,196.4947,No,7.81,8,3932
2018-08-14,193005.26,93.0053,8.7828,16.6456,0.7965,7.9134,194.5868,No,7.81,8,3933
2018-08-15,193711.82,93.7118,8.8369,16.6456,0.7939,7.9159,196.7885,No,7.81,8,3934
2018-08-16,193426.19,93.4262,8.8196,16.6456,0.7928,7.9174,194.3688,No,7.81,8,3935
2018-08-17,193204.68,93.2047,8.8068,16.6456,0.7862,7.9178,193.3693,No,7.8,8,3936
2018-08-20,192306.76,92.3068,8.7515,16.6456,0.7848,7.9198,192.6478,No,7.79,8,3937
2018-08-21,192127.29,92.1273,8.7417,16.6456,0.7824,7.9214,192.0337,No,7.79,8,3938
2018-08-22,191781.4,91.7814,8.7197,16.6456,0.7858,7.9231,192.1412,No,7.79,8,3939
2018-08-23,192176.61,92.1766,8.7516,16.6456,0.7766,7.9226,192.6182,No,7.79,8,3940
2018-08-24,190978.61,90.9786,8.6675,16.6456,0.775,7.9242,190.8125,No,7.78,8,3941
2018-08-27,190823.49,90.8235,8.6657,16.6456,0.7787,7.9253,188.5661,No,7.78,8,3942
2018-08-28,191176.11,91.1761,8.6947,16.6456,0.7773,7.9271,188.4859,No,7.77,8,3943
2018-08-29,190994.29,90.9943,8.6846,16.6456,0.7813,7.9283,186.8259,No,7.77,8,3944
2018-08-30,191352.38,91.3524,8.714,16.6456,0.7815,7.9307,188.0549,No,7.77,8,3945
2018-08-31,191341.19,91.3412,8.7164,16.6456,0.7875,7.9315,187.987,No,7.76,8,3946
2018-09-04,192022.13,92.0221,8.7791,16.6456,0.7895,7.9334,188.437,No,7.75,8,3947
2018-09-05,192171.21,92.1712,8.7932,16.6456,0.7885,7.9355,189.2458,No,7.75,8,3948
2018-09-06,191991.35,91.9913,8.7833,16.6456,0.7944,7.9367,190.2203,No,7.75,8,3949
2018-09-07,192691.95,92.692,8.8377,16.6456,0.7929,7.9385,190.8402,No,7.75,8,3950
2018-09-10,192450.15,92.4502,8.8298,16.6456,0.794,7.9405,190.2898,No,7.74,8,3951
2018-09-11,192570.57,92.5706,8.8419,16.6456,0.7904,7.9417,189.1885,No,7.73,8,3952
2018-09-12,192029.74,92.0297,8.8056,16.6456,0.7885,7.9437,189.0827,No,7.73,8,3953
2018-09-13,191838.66,91.8387,8.7948,16.6456,0.7935,7.9448,187.4879,No,7.73,8,3954
2018-09-14,192364.04,92.364,8.8366,16.6456,0.7948,7.9466,187.3658,No,7.73,8,3955
2018-09-17,192384.3,92.3843,8.8479,16.6456,0.7978,7.9486,188.9708,No,7.72,8,3956
2018-09-18,192821.62,92.8216,8.8832,16.6456,0.7989,7.95,187.4163,No,7.72,8,3957
2018-09-19,192840.41,92.8404,8.8879,16.6456,0.793,7.9508,187.0559,No,7.71,8,3958
2018-09-20,192107.16,92.1072,8.8374,16.6456,0.7974,7.9519,184.8103,No,7.71,8,3959
2018-09-21,192571.3,92.5713,8.8747,16.6456,0.7995,7.9538,184.9086,No,7.71,8,3960
2018-09-24,192707.7,92.7077,8.8946,16.6456,0.8002,7.956,185.9136,No,7.7,8,3961
2018-09-25,192776.73,92.7767,8.903,16.6456,0.801,7.9581,186.2662,No,7.7,8,3962
2018-09-26,192808.58,92.8086,8.9086,16.6456,0.8037,7.9603,187.2117,No,7.69,8,3963
2018-09-27,193166.31,93.1663,8.9382,16.6456,0.8025,7.9621,186.367,No,7.69,8,3964
2018-09-28,192889.21,92.8892,8.9212,16.6456,0.8057,7.9637,186.3571,No,7.69,8,3965
2018-10-01,193310.55,93.3105,8.9621,16.6456,0.7991,7.9638,185.316,No,7.68,8,3966
2018-10-02,192339.14,92.3391,8.894,16.6456,0.8073,7.9637,185.4186,No,7.68,8,3967
2018-10-03,193392.04,93.392,8.9748,16.6456,0.8151,7.9637,185.2159,No,7.67,8,3968
2018-10-04,194132.16,94.1322,9.0324,16.6456,0.8197,7.9653,187.4974,No,7.67,8,3969
2018-10-05,194638.37,94.6384,9.0728,16.6456,0.8274,7.9656,189.0918,No,7.67,8,3970
2018-10-08,195565.87,95.5659,9.1507,16.6456,0.8237,7.967,189.2053,No,7.66,8,3971
2018-10-09,194950.51,94.9505,9.1092,16.6456,0.8381,7.9631,189.5315,No,7.66,8,3972
2018-10-10,196398.13,96.3981,9.2181,16.6456,0.8283,7.9653,199.3677,No,7.65,8,3973
2018-10-11,195188.58,95.1886,9.1334,16.6456,0.824,7.9692,205.6549,No,7.65,8,3974
2018-10-12,194979.26,94.9793,9.1215,16.6456,0.8252,7.9701,201.3415,No,7.65,8,3975
2018-10-15,194905.83,94.9058,9.1264,16.6456,0.8153,7.9699,203.1248,No,7.64,8,3976
2018-10-16,193836.68,93.8367,9.0512,16.6456,0.8206,7.9701,196.7378,No,7.64,8,3977
2018-10-17,194303.48,94.3035,9.089,16.6456,0.8264,7.971,196.8007,No,7.64,8,3978
2018-10-18,194814.46,94.8145,9.1299,16.6456,0.8274,7.9739,201.1051,No,7.63,8,3979
2018-10-19,194990.55,94.9906,9.1463,16.6456,0.8316,7.9754,201.2057,No,7.63,8,3980
2018-10-22,195411.26,95.4113,9.1875,16.6456,0.8286,7.9775,202.4986,No,7.62,8,3981
2018-10-23,194971.93,94.9719,9.1587,16.6456,0.8404,7.9756,204.1599,No,7.62,8,3982
2018-10-24,196182.49,96.1825,9.2508,16.6456,0.833,7.9787,213.8465,No,7.62,8,3983
2018-10-25,195527.91,95.5279,9.2064,16.6456,0.8379,7.9791,208.1086,No,7.61,8,3984
2018-10-26,195842.17,95.8422,9.2329,16.6456,0.8438,7.9809,213.5406,No,7.61,8,3985
2018-10-29,196581.18,96.5812,9.2974,16.6456,0.8402,7.983,215.6068,No,7.6,8,3986
2018-10-30,196220.89,96.2209,9.2746,16.6456,0.8426,7.984,210.7113,No,7.6,8,3987
2018-10-31,196442.55,96.4426,9.2943,16.6456,0.8314,7.9808,207.3655,No,7.6,8,3988
2018-11-01,194945.53,94.9455,9.1878,16.6456,0.8418,7.9795,204.1459,No,7.59,8,3989
2018-11-02,196086.85,96.0869,9.2752,16.6456,0.8388,7.9813,206.0523,No,7.59,8,3990
2018-11-05,195675.26,95.6753,9.2555,16.6456,0.839,7.9832,204.3394,No,7.58,8,3991
2018-11-06,195680.28,95.6803,9.2593,16.6456,0.8299,7.9821,202.4227,No,7.58,8,3992
2018-11-07,194611.2,94.6112,9.1839,16.6456,0.8334,7.9831,196.1382,No,7.58,8,3993
2018-11-08,194833.06,94.8331,9.2038,16.6456,0.8401,7.9839,196.7271,No,7.58,8,3994
2018-11-09,195516.63,95.5166,9.2578,16.6456,0.8474,7.9846,199.4301,No,7.57,8,3995
2018-11-12,196246.06,96.2461,9.3221,16.6456,0.8482,7.9875,205.4485,No,7.56,8,3996
2018-11-13,196428.34,96.4283,9.339,16.6456,0.8483,7.9897,205.8912,No,7.56,8,3997
2018-11-14,196338.41,96.3384,9.3359,16.6456,0.8422,7.9913,208.1431,No,7.56,8,3998
2018-11-15,195675.28,95.6753,9.2905,16.6456,0.8371,7.992,204.8144,No,7.56,8,3999
2018-11-16,194933.09,94.9331,9.2391,16.6456,0.8423,7.9933,204.1162,No,7.55,8,4000
2018-11-19,195419.29,95.4193,9.2857,16.6456,0.8508,7.9935,209.254,No,7.55,8,4001
2018-11-20,196379.1,96.3791,9.3602,16.6456,0.847,7.9961,214.9473,No,7.54,8,4002
2018-11-21,195970.03,95.97,9.3335,16.6456,0.8514,7.9975,213.9659,No,7.54,8,4003
2018-11-23,196404.26,96.4043,9.3727,16.6456,0.8463,7.9992,216.0207,No,7.53,8,4004
2018-11-26,195858.43,95.8584,9.343,16.6456,0.8487,8.0006,211.1507,No,7.53,8,4005
2018-11-27,196030.89,96.0309,9.3594,16.6456,0.8386,7.9993,210.1362,No,7.52,8,4006
2018-11-28,194857.94,94.8579,9.2757,16.6456,0.8383,8.0006,203.152,No,7.52,8,4007
2018-11-29,194620.99,94.621,9.2615,16.6456,0.8347,8.0025,203.7451,No,7.52,8,4008
2018-11-30,194227.21,94.2272,9.2356,16.6456,0.8237,8.0004,201.2271,No,7.52,8,4009
2018-12-03,192825.93,92.8259,9.1409,16.6456,0.8283,8.0017,197.9668,No,7.51,8,4010
2018-12-04,193095.97,93.096,9.1647,16.6456,0.827,8.005,207.9149,No,7.5,8,4011
2018-12-06,193108.08,93.1081,9.1726,16.6456,0.8334,8.0059,208.2876,No,7.5,8,4012
2018-12-07,193699.43,93.6994,9.2207,16.6456,0.8314,8.0087,215.5971,No,7.5,8,4013
2018-12-10,193532.82,93.5328,9.2187,16.6456,0.8326,8.0107,215.0392,No,7.49,8,4014
2018-12-11,193623.83,93.6238,9.2291,16.6456,0.8318,8.0128,215.1355,No,7.48,8,4015
2018-12-12,193502.06,93.5021,9.2234,16.6456,0.8339,8.0146,213.434,No,7.48,8,4016
2018-12-13,193687.03,93.687,9.2409,16.6456,0.843,8.0143,213.4382,No,7.48,8,4017
2018-12-14,194601.71,94.6017,9.3133,16.6456,0.8456,8.0166,219.4975,No,7.48,8,4018
2018-12-17,194847.83,94.8478,9.3425,16.6456,0.8421,8.0192,226.2568,No,7.47,8,4019
2018-12-18,194466.49,94.4665,9.3174,16.6456,0.8423,8.0214,226.2078,No,7.47,8,4020
2018-12-19,194418.8,94.4188,9.3174,16.6456,0.8467,8.0233,231.2771,No,7.46,8,4021
2018-12-20,194895.65,94.8957,9.3569,16.6456,0.8593,8.0212,236.5779,No,7.46,8,4022
2018-12-21,196292.59,96.2926,9.4652,16.6456,0.8644,8.0229,243.6528,No,7.46,8,4023
2018-12-24,196866.51,96.8665,9.5191,16.6456,0.8489,8.0177,253.2027,No,7.45,8,4024
2018-12-26,194952.61,94.9526,9.3828,16.6456,0.8435,8.0187,236.5072,No,7.44,8,4025
2018-12-27,194218.02,94.218,9.3309,16.6456,0.84,8.0205,233.6196,No,7.44,8,4026
2018-12-28,193751.94,93.7519,9.2992,16.6456,0.8356,8.0222,233.9794,No,7.44,8,4027
2018-12-31,193216.22,93.2162,9.2692,16.6456,0.8325,8.024,231.1242,No,7.43,8,4028
2019-01-02,192792.73,92.7927,9.2441,16.6456,0.8348,8.026,230.7036,No,7.42,8,4029
2019-01-03,192840.09,92.8401,9.2512,16.6456,0.8268,8.0303,239.0087,No,7.42,8,4030
2019-01-04,192273.93,92.2739,9.2115,16.6456,0.8258,8.0325,227.7554,No,7.42,7,4031
2019-01-07,191882.7,91.8827,9.1922,16.6456,0.824,8.0349,225.4731,No,7.41,7,4032
2019-01-08,191633.88,91.6339,9.1766,16.6456,0.8207,8.0378,222.3405,No,7.41,7,4033
2019-01-09,191241.19,91.2412,9.1499,16.6456,0.8232,8.0397,220.9226,No,7.41,7,4034
2019-01-10,191490.35,91.4903,9.1726,16.6456,0.821,8.0427,219.4795,No,7.4,7,4035
2019-01-11,191214.42,91.2144,9.1549,16.6456,0.8245,8.0441,219.5253,No,7.4,7,4036
2019-01-14,191583.58,91.5836,9.194,16.6456,0.823,8.046,221.1775,No,7.39,7,4037
2019-01-15,191312.86,91.3129,9.1767,16.6456,0.8199,8.049,217.764,No,7.39,7,4038
2019-01-16,190938.99,90.939,9.1514,16.6456,0.817,8.0507,217.0516,No,7.39,7,4039
2019-01-17,190552.51,90.5525,9.125,16.6456,0.8169,8.0534,214.632,No,7.38,7,4040
2019-01-18,190508.77,90.5088,9.1251,16.6456,0.8196,8.057,210.5295,No,7.38,7,4041
2019-01-22,190854.94,90.8549,9.1662,16.6456,0.8196,8.0578,214.9761,No,7.37,7,4042
2019-01-23,190735.96,90.736,9.1605,16.6456,0.8178,8.06,214.2839,No,7.37,7,4043
2019-01-24,190499.23,90.4992,9.1456,16.6456,0.8107,8.0606,213.8417,No,7.36,7,4044
2019-01-25,189596.48,89.5965,9.0788,16.6456,0.8128,8.0623,211.1894,No,7.36,7,4045
2019-01-28,189854.51,89.8545,9.1095,16.6456,0.81,8.0635,213.6514,No,7.35,7,4046
2019-01-29,189464.89,89.4649,9.0826,16.6456,0.8037,8.0637,214.1033,No,7.35,7,4047
2019-01-30,188646.14,88.6461,9.0219,16.6456,0.7933,8.0639,209.2598,No,7.35,7,4048
2019-01-31,187432.62,87.4326,8.9296,16.6456,0.7964,8.0651,206.5582,No,7.35,7,4049
2019-02-01,187770.36,87.7704,8.9598,16.6456,0.7966,8.0679,206.242,No,7.34,7,4050
2019-02-04,187741.54,87.7415,8.968,16.6456,0.7929,8.0707,204.1756,No,7.33,7,4051
2019-02-05,187289.82,87.2898,8.9357,16.6456,0.7953,8.0727,202.7472,No,7.33,7,4052
2019-02-06,187540.94,87.5409,8.9591,16.6456,0.7969,8.0749,203.3928,No,7.33,7,4053
2019-02-07,187684.95,87.685,8.974,16.6456,0.7939,8.0757,206.2136,No,7.33,7,4054
2019-02-08,187270.14,87.2701,8.9446,16.6456,0.7978,8.0769,205.9053,No,7.32,7,4055
2019-02-11,187665.69,87.6657,8.9865,16.6456,0.7931,8.0793,205.6855,No,7.32,7,4056
2019-02-12,187065.81,87.0658,8.9423,16.6456,0.7929,8.0824,201.774,No,7.31,7,4057
2019-02-13,187032.96,87.033,8.9432,16.6456,0.7921,8.085,200.8394,No,7.31,7,4058
2019-02-14,186907.65,86.9077,8.9367,16.6456,0.7846,8.085,201.5342,No,7.31,7,4059
2019-02-15,185993.39,85.9934,8.8671,16.6456,0.776,8.0854,198.2678,No,7.3,7,4060
2019-02-19,185003.16,85.0032,8.8013,16.6456,0.7756,8.0861,197.799,No,7.29,7,4061
2019-02-20,184928.28,84.9283,8.7988,16.6456,0.7879,8.0842,197.2134,No,7.29,7,4062
2019-02-21,186228.28,86.2283,8.9068,16.6456,0.7815,8.0868,198.2392,No,7.29,7,4063
2019-02-22,185423.79,85.4238,8.8456,16.6456,0.7834,8.0885,196.3302,No,7.28,7,4064
2019-02-25,185615.21,85.6152,8.8715,16.6456,0.7822,8.0912,195.9242,No,7.28,7,4065
2019-02-26,185442.09,85.4421,8.861,16.6456,0.7901,8.0912,196.1552,No,7.27,7,4066
2019-02-27,186273.36,86.2734,8.9315,16.6456,0.7948,8.0941,196.2706,No,7.27,7,4067
2019-02-28,186736.83,86.7368,8.9722,16.6456,0.8017,8.0953,197.0213,No,7.27,7,4068
2019-03-01,187462.86,87.4629,9.034,16.6456,0.8043,8.0995,194.9712,No,7.27,7,4069
2019-03-04,187706.78,87.7068,9.0642,16.6456,0.8053,8.1015,196.1133,No,7.26,7,4070
2019-03-05,187763.1,87.7631,9.0723,16.6456,0.8059,8.1036,196.4393,No,7.25,7,4071
2019-03-06,187785.63,87.7856,9.0777,16.6456,0.8074,8.1049,198.3719,No,7.25,7,4072
2019-03-07,187901.23,87.9012,9.0905,16.6456,0.8027,8.1055,200.7523,No,7.25,7,4073
2019-03-08,187294.02,87.294,9.0454,16.6456,0.8007,8.1064,201.3657,No,7.25,7,4074
2019-03-11,187033.94,87.0339,9.0352,16.6456,0.7954,8.1096,197.0064,No,7.24,7,4075
2019-03-12,186412.56,86.4126,8.9886,16.6456,0.7886,8.1096,197.0064,No,7.24,7,4076
2019-03-13,185599.39,85.5994,8.9263,16.6456,0.7968,8.1099,194.0541,No,7.23,7,4077
2019-03-14,186496.74,86.4967,9.0025,16.6456,0.7898,8.112,194.2098,No,7.23,7,4078
2019-03-15,185622.44,85.6224,8.9352,16.6456,0.7891,8.1136,192.7392,No,7.23,7,4079
2019-03-18,185526.24,85.5262,8.938,16.6456,0.7889,8.1162,191.6549,No,7.22,7,4080
2019-03-19,185458.23,85.4582,8.936,16.6456,0.7874,8.1183,191.6848,No,7.22,7,4081
2019-03-20,185266.37,85.2664,8.9239,16.6456,0.7805,8.1184,192.5332,No,7.21,7,4082
2019-03-21,184436.33,84.4363,8.8597,16.6456,0.7803,8.1209,189.3767,No,7.21,7,4083
2019-03-22,184414.75,84.4147,8.8614,16.6456,0.7774,8.1201,194.9506,No,7.21,7,4084
2019-03-25,183997.12,83.9971,8.8377,16.6456,0.7774,8.1216,195.1759,No,7.2,7,4085
2019-03-26,183961.96,83.962,8.8383,16.6456,0.7771,8.1248,193.0708,No,7.2,7,4086
2019-03-27,183919.21,83.9192,8.8383,16.6456,0.7812,8.1259,194.4339,No,7.19,7,4087
2019-03-28,184331.44,84.3314,8.8757,16.6456,0.7783,8.129,193.3349,No,7.19,7,4088
2019-03-29,183928.49,83.9285,8.8461,16.6456,0.7812,8.1313,191.3598,No,7.19,7,4089
2019-04-01,184218.77,84.2188,8.8806,16.6456,0.7801,8.1357,188.0252,No,7.18,7,4090
2019-04-02,184065.93,84.0659,8.8715,16.6456,0.7833,8.1374,188.0096,No,7.18,7,4091
2019-04-03,184372.21,84.3722,8.9003,16.6456,0.7817,8.1404,187.3918,No,7.18,7,4092
2019-04-04,184162.74,84.1627,8.8866,16.6456,0.779,8.1425,186.7282,No,7.17,7,4093
2019-04-05,183829.96,83.83,8.8626,16.6456,0.7782,8.1449,185.4023,No,7.17,7,4094
2019-04-08,183689.57,83.6896,8.8616,16.6456,0.7774,8.1471,185.0986,No,7.16,7,4095
2019-04-09,183567.98,83.568,8.8551,16.6456,0.7734,8.1479,186.7516,No,7.16,7,4096
2019-04-10,183078.13,83.0781,8.818,16.6456,0.7831,8.1471,185.7339,No,7.16,7,4097
2019-04-11,184118.39,84.1184,8.9077,16.6456,0.7833,8.151,185.7196,No,7.15,7,4098
2019-04-12,184065.03,84.065,8.9069,16.6456,0.7841,8.1541,183.8151,No,7.15,7,4099
2019-04-15,184115.92,84.1159,8.9218,16.6456,0.7919,8.1546,183.9875,No,7.14,7,4100
2019-04-16,184935.67,84.9357,8.9932,16.6456,0.7935,8.1582,183.8434,No,7.14,7,4101
2019-04-17,185029.27,85.0293,9.0045,16.6456,0.791,8.1602,184.4613,No,7.14,7,4102
2019-04-18,184717.01,84.717,8.9823,16.6456,0.7925,8.1621,184.0061,No,7.13,7,4103
2019-04-22,184830.4,84.8304,9.0061,16.6456,0.7895,8.1645,183.7116,No,7.12,7,4104
2019-04-23,184484.49,84.4845,8.9811,16.6456,0.7853,8.167,181.2114,No,7.12,7,4105
2019-04-24,183956.5,83.9565,8.9408,16.6456,0.7862,8.1681,181.8285,No,7.12,7,4106
2019-04-25,184026.8,84.0268,8.9502,16.6456,0.7801,8.1694,181.9325,No,7.12,7,4107
2019-04-26,183296.86,83.2969,8.893,16.6456,0.7847,8.1706,180.609,No,7.11,7,4108
2019-04-29,183786.09,83.7861,8.9446,16.6456,0.7812,8.1734,180.2959,No,7.1,7,4109
2019-04-30,183336.0,83.336,8.9106,16.6456,0.7834,8.175,180.0219,No,7.1,7,4110
2019-05-01,183538.46,83.5385,8.9311,16.6456,0.7909,8.1749,182.1359,No,7.1,7,4111
2019-05-02,184310.19,84.3102,8.9991,16.6456,0.783,8.1762,182.725,No,7.1,7,4112
2019-05-03,183359.61,83.3596,8.9233,16.6456,0.783,8.1784,179.9987,No,7.09,7,4113
2019-05-06,183332.27,83.3323,8.9318,16.6456,0.7866,8.1796,181.232,No,7.08,7,4114
2019-05-07,183673.6,83.6736,8.964,16.6456,0.7911,8.1795,185.9517,No,7.08,7,4115
2019-05-08,184102.94,84.1029,9.0036,16.6456,0.7896,8.1822,186.4038,No,7.08,7,4116
2019-05-09,183876.61,83.8766,8.9883,16.6456,0.788,8.1837,187.1712,No,7.08,7,4117
2019-05-10,183662.6,83.6626,8.974,16.6456,0.7905,8.1861,186.0087,No,7.07,7,4118
2019-05-13,183901.39,83.9014,9.0049,16.6456,0.7907,8.1853,193.0698,No,7.07,7,4119
2019-05-14,183852.38,83.8524,9.0045,16.6456,0.7853,8.1879,190.706,No,7.06,7,4120
2019-05-15,183223.17,83.2232,8.9552,16.6456,0.7868,8.19,188.9607,No,7.06,7,4121
2019-05-16,183375.01,83.375,8.9716,16.6456,0.7924,8.1929,186.3307,No,7.06,7,4122
2019-05-17,183945.0,83.945,9.0232,16.6456,0.7964,8.1948,187.9825,No,7.05,7,4123
2019-05-20,184291.96,84.292,9.0633,16.6456,0.7953,8.1967,189.9349,No,7.05,7,4124
2019-05-21,184123.26,84.1233,9.0528,16.6456,0.7938,8.1999,187.4849,No,7.04,7,4125
2019-05-22,183926.45,83.9264,9.04,16.6456,0.7906,8.2013,188.2934,No,7.04,7,4126
2019-05-23,183540.94,83.5409,9.0111,16.6456,0.7907,8.2013,191.7389,No,7.04,7,4127
2019-05-24,183496.71,83.4967,9.0111,16.6456,0.7939,8.2035,191.3012,No,7.04,7,4128
2019-05-28,183822.07,83.8221,9.0532,16.6456,0.795,8.2051,193.7599,No,7.02,7,4129
2019-05-29,183855.49,83.8555,9.0597,16.6456,0.7887,8.2053,195.7959,No,7.02,7,4130
2019-05-30,183113.27,83.1133,9.0006,16.6456,0.783,8.206,195.1368,No,7.02,7,4131
2019-05-31,182488.51,82.4885,8.9512,16.6456,0.7765,8.2044,199.0243,No,7.02,7,4132
2019-06-03,181708.11,81.7081,8.8955,16.6456,0.7723,8.2048,199.8512,No,7.01,7,4133
2019-06-04,181154.94,81.1549,8.8518,16.6456,0.7691,8.209,193.5441,No,7.01,7,4134
2019-06-05,180832.63,80.8326,8.8277,16.6456,0.762,8.2108,191.1321,No,7.0,7,4135
2019-06-06,180053.23,80.0532,8.7642,16.6456,0.7528,8.2105,189.2782,No,7.0,7,4136
2019-06-07,179050.36,79.0504,8.681,16.6456,0.7605,8.2109,186.2458,No,7.0,7,4137
2019-06-10,179835.51,79.8355,8.7597,16.6456,0.7603,8.215,184.9165,No,6.99,7,4138
2019-06-11,179757.67,79.7577,8.7565,16.6456,0.7594,8.2172,185.0016,No,6.99,7,4139
2019-06-12,179617.17,79.6172,8.7479,16.6456,0.7539,8.2183,185.5791,No,6.98,7,4140
2019-06-13,178999.44,78.9994,8.6978,16.6456,0.7534,8.2204,184.329,No,6.98,7,4141
2019-06-14,178922.4,78.9224,8.6947,16.6456,0.7531,8.2224,184.7494,No,6.98,7,4142
2019-06-17,178848.54,78.8485,8.6989,16.6456,0.7446,8.2227,184.4824,No,6.97,7,4143
2019-06-18,177901.97,77.902,8.6197,16.6456,0.7435,8.225,181.7361,No,6.97,7,4144
2019-06-19,177769.67,77.7697,8.6117,16.6456,0.7238,8.2155,180.897,No,6.96,7,4145
2019-06-20,175583.19,75.5832,8.4223,16.6456,0.728,8.2157,178.2351,No,6.96,7,4146
2019-06-21,176008.74,76.0087,8.4635,16.6456,0.7202,8.217,178.5695,No,6.96,7,4147
2019-06-24,175178.09,75.1781,8.4001,16.6456,0.7232,8.2178,179.0523,No,6.95,7,4148
2019-06-25,175456.81,75.4568,8.4283,16.6456,0.7282,8.2186,181.7275,No,6.95,7,4149
2019-06-26,175894.6,75.8946,8.4707,16.6456,0.7248,8.2211,182.0756,No,6.95,7,4150
2019-06-27,175505.89,75.5059,8.4396,16.6456,0.7225,8.2232,180.9591,No,6.94,7,4151
2019-06-28,175226.53,75.2265,8.4182,16.6456,0.7279,8.225,179.3376,No,6.94,7,4152
2019-07-01,175760.85,75.7608,8.4762,16.6456,0.7179,8.226,177.2084,No,6.93,7,4153
2019-07-02,174671.96,74.672,8.3825,16.6456,0.7102,8.2257,176.3885,No,6.93,7,4154
2019-07-03,173858.5,73.8585,8.3129,16.6456,0.7213,8.2238,175.8522,No,6.93,7,4155
2019-07-05,174914.19,74.9142,8.4145,16.6456,0.7231,8.2279,174.6856,No,6.92,7,4156
2019-07-08,175058.8,75.0588,8.4379,16.6456,0.7228,8.2298,176.0164,No,6.91,7,4157
2019-07-09,174987.07,74.9871,8.435,16.6456,0.7196,8.2321,175.5952,No,6.91,7,4158
2019-07-10,174616.77,74.6168,8.4052,16.6456,0.7266,8.2332,174.3545,No,6.91,7,4159
2019-07-11,175287.95,75.2879,8.4689,16.6456,0.7227,8.2365,173.7279,No,6.9,7,4160
2019-07-12,174845.18,74.8452,8.4327,16.6456,0.7199,8.2387,172.4428,No,6.9,7,4161
2019-07-15,174533.26,74.5333,8.4151,16.6456,0.7237,8.2401,172.3952,No,6.89,7,4162
2019-07-16,174881.37,74.8814,8.4499,16.6456,0.7185,8.2419,173.3168,No,6.89,7,4163
2019-07-17,174316.01,74.316,8.4024,16.6456,0.7158,8.2426,175.1096,No,6.89,7,4164
2019-07-18,173994.92,73.9949,8.3769,16.6456,0.7202,8.2444,174.0998,No,6.88,7,4165
2019-07-19,174400.95,74.4009,8.4171,16.6456,0.7185,8.2465,175.7923,No,6.88,7,4166
2019-07-22,174180.84,74.1808,8.4076,16.6456,0.7198,8.2489,175.0074,No,6.87,7,4167
2019-07-23,174274.59,74.2746,8.4196,16.6456,0.7153,8.2517,173.1322,No,6.87,7,4168
2019-07-24,173787.67,73.7877,8.3789,16.6456,0.7229,8.2523,171.8469,No,6.87,7,4169
2019-07-25,174508.57,74.5086,8.4478,16.6456,0.7177,8.2542,173.2838,No,6.87,7,4170
2019-07-26,173929.61,73.9296,8.3988,16.6456,0.7182,8.2567,171.2763,No,6.86,7,4171
2019-07-29,173949.71,73.9497,8.4111,16.6456,0.7154,8.2588,171.7144,No,6.85,7,4172
2019-07-30,173634.49,73.6345,8.3859,16.6456,0.7182,8.2603,172.3893,No,6.85,7,4173
2019-07-31,173881.72,73.8817,8.4119,16.6456,0.7156,8.2614,175.3795,No,6.85,7,4174
2019-08-01,173600.39,73.6004,8.3898,16.6456,0.708,8.2603,177.8524,No,6.85,7,4175
2019-08-02,172773.47,72.7735,8.3177,16.6456,0.7083,8.2611,179.8657,No,6.84,7,4176
2019-08-05,172881.89,72.8819,8.338,16.6456,0.6989,8.2569,188.44,No,6.84,7,4177
2019-08-06,171714.41,71.7144,8.2341,16.6456,0.6882,8.2562,184.712,No,6.83,7,4178
2019-08-07,170662.6,70.6626,8.1402,16.6456,0.6822,8.2568,184.4863,No,6.83,7,4179
2019-08-08,169976.95,69.9769,8.0799,16.6456,0.6861,8.2596,179.1764,No,6.83,7,4180
2019-08-09,170382.08,70.3821,8.121,16.6456,0.6802,8.2609,180.9917,No,6.82,7,4181
2019-08-12,169858.63,69.8586,8.0824,16.6456,0.6774,8.2609,184.4461,No,6.82,7,4182
2019-08-13,169388.55,69.3886,8.0418,16.6456,0.6759,8.2643,180.1955,No,6.81,7,4183
2019-08-14,169478.16,69.4782,8.0535,16.6456,0.6715,8.2624,188.5661,No,6.81,7,4184
2019-08-15,168815.07,68.8151,7.9947,16.6456,0.6713,8.2643,187.8017,No,6.81,7,4185
2019-08-16,168648.74,68.6487,7.9824,16.6456,0.6753,8.2673,183.6624,No,6.81,7,4186
2019-08-19,168999.02,68.999,8.0254,16.6456,0.6723,8.2712,180.254,No,6.8,7,4187
2019-08-20,168830.03,68.83,8.0129,16.6456,0.6726,8.2726,182.4686,No,6.79,7,4188
2019-08-21,168713.58,68.7136,8.0052,16.6456,0.6779,8.2748,180.1465,No,6.79,7,4189
2019-08-22,169203.24,69.2032,8.0547,16.6456,0.6736,8.2773,180.2806,No,6.79,7,4190
2019-08-23,168955.38,68.9554,8.0348,16.6456,0.673,8.277,187.7445,No,6.79,7,4191
2019-08-26,168605.44,68.6054,8.0118,16.6456,0.6631,8.2777,184.5834,No,6.78,7,4192
2019-08-27,167754.92,67.7549,7.9346,16.6456,0.6617,8.2788,185.4966,No,6.78,7,4193
2019-08-28,167483.39,67.4834,7.9121,16.6456,0.6609,8.2815,183.6298,No,6.77,7,4194
2019-08-29,167347.12,67.3471,7.9025,16.6456,0.6623,8.2848,180.0295,No,6.77,7,4195
2019-08-30,167500.21,67.5002,7.9204,16.6456,0.6572,8.2867,179.8121,No,6.77,7,4196
2019-09-03,167036.15,67.0361,7.8894,16.6456,0.6513,8.2872,181.7361,No,6.76,7,4197
2019-09-04,166362.64,66.3626,7.8282,16.6456,0.6639,8.2853,178.6909,No,6.75,7,4198
2019-09-05,167425.77,67.4258,7.9333,16.6456,0.6623,8.2897,175.0486,No,6.75,7,4199
2019-09-06,167355.86,67.3559,7.93,16.6456,0.6722,8.2894,174.788,No,6.75,7,4200
2019-09-09,168176.57,68.1766,8.0184,16.6456,0.6837,8.2889,174.7917,No,6.74,7,4201
2019-09-10,169208.78,69.2088,8.1199,16.6456,0.68,8.292,174.6943,No,6.74,7,4202
2019-09-11,168838.09,68.8381,8.0882,16.6456,0.6804,8.2947,172.7084,No,6.73,7,4203
2019-09-12,168848.0,68.848,8.0925,16.6456,0.6931,8.293,171.8836,No,6.73,7,4204
2019-09-13,169982.87,69.9829,8.2036,16.6456,0.6854,8.295,172.0059,No,6.73,7,4205
2019-09-16,169243.83,69.2438,8.1439,16.6456,0.6818,8.2962,172.8527,No,6.72,7,4206
2019-09-17,168846.29,68.8463,8.1095,16.6456,0.6794,8.2984,172.149,No,6.72,7,4207
2019-09-18,168586.27,68.5863,8.0882,16.6456,0.6811,8.3006,172.0544,No,6.72,7,4208
2019-09-19,168711.83,68.7118,8.1036,16.6456,0.6752,8.3021,172.0329,No,6.71,7,4209
2019-09-20,168140.51,68.1405,8.0524,16.6456,0.6712,8.3033,173.3575,No,6.71,7,4210
2019-09-23,167697.38,67.6974,8.0201,16.6456,0.6675,8.3051,173.3847,No,6.7,7,4211
2019-09-24,167358.66,67.3587,7.9909,16.6456,0.6807,8.3025,175.6826,No,6.7,7,4212
2019-09-25,168429.89,68.4299,8.0973,16.6456,0.6778,8.3058,173.9947,No,6.7,7,4213
2019-09-26,168192.45,68.1924,8.0779,16.6456,0.6822,8.3075,174.6454,No,6.69,7,4214
2019-09-27,168558.56,68.5586,8.1165,16.6456,0.6895,8.3084,176.0732,No,6.69,7,4215
2019-09-30,169192.98,69.193,8.1877,16.6456,0.6891,8.3113,174.6728,No,6.68,7,4216
2019-10-01,169146.45,69.1464,8.1867,16.6456,0.6911,8.3131,178.0692,No,6.68,7,4217
2019-10-02,169329.41,69.3294,8.2077,16.6456,0.6828,8.3126,183.1388,No,6.68,7,4218
2019-10-03,168419.03,68.419,8.1238,16.6456,0.6738,8.3127,180.8296,No,6.67,7,4219
2019-10-04,167510.5,67.5105,8.0397,16.6456,0.6824,8.3131,176.8921,No,6.67,7,4220
2019-10-07,168276.42,68.2764,8.124,16.6456,0.6887,8.3147,178.1367,No,6.66,7,4221
2019-10-08,168895.57,68.8956,8.1871,16.6456,0.6855,8.3163,182.5261,No,6.66,7,4222
2019-10-09,168436.83,68.4368,8.1464,16.6456,0.6926,8.3174,179.8894,No,6.66,7,4223
2019-10-10,169059.91,69.0599,8.2099,16.6456,0.6967,8.32,178.0991,No,6.65,7,4224
2019-10-11,169413.21,69.4132,8.2474,16.6456,0.6912,8.3227,175.0642,No,6.65,7,4225
2019-10-14,168920.21,68.9202,8.2106,16.6456,0.6971,8.3239,175.4461,No,6.64,7,4226
2019-10-15,169375.53,69.3755,8.2579,16.6456,0.6942,8.327,172.7301,No,6.64,7,4227
2019-10-16,169108.59,69.1086,8.2358,16.6456,0.6931,8.3293,173.2584,No,6.64,7,4228
2019-10-17,168956.24,68.9562,8.2246,16.6456,0.6964,8.3315,172.4847,No,6.64,7,4229
2019-10-18,169243.4,69.2434,8.2559,16.6456,0.6989,8.3338,173.5496,No,6.63,7,4230
2019-10-21,169412.43,69.4124,8.2828,16.6456,0.6982,8.3367,171.6746,No,6.62,7,4231
2019-10-22,169346.11,69.3461,8.28,16.6456,0.6945,8.3386,172.6386,No,6.62,7,4232
2019-10-23,168938.51,68.9385,8.2441,16.6456,0.6921,8.3409,171.855,No,6.62,7,4233
2019-10-24,168677.34,68.6773,8.2224,16.6456,0.6925,8.3435,171.3334,No,6.62,7,4234
2019-10-25,168679.07,68.6791,8.2261,16.6456,0.6973,8.3455,170.228,No,6.61,7,4235
2019-10-28,169080.55,69.0806,8.2757,16.6456,0.6985,8.3485,168.7281,No,6.61,7,4236
2019-10-29,169171.74,69.1717,8.2881,16.6456,0.689,8.3485,168.9488,No,6.6,7,4237
2019-10-30,168244.92,68.2449,8.2016,16.6456,0.6793,8.348,168.055,No,6.6,7,4238
2019-10-31,167313.0,67.313,8.1141,16.6456,0.6779,8.3499,168.8498,No,6.6,7,4239
2019-11-01,167106.83,67.1068,8.0974,16.6456,0.6824,8.352,166.2535,No,6.59,7,4240
2019-11-04,167485.19,67.4852,8.145,16.6456,0.697,8.3492,165.2675,No,6.59,7,4241
2019-11-05,168773.92,68.7739,8.2745,16.6456,0.6914,8.3514,165.5812,No,6.58,7,4242
2019-11-06,168216.44,68.2164,8.2237,16.6456,0.7071,8.3473,165.3754,No,6.58,7,4243
2019-11-07,169595.15,69.5952,8.3616,16.6456,0.7091,8.3502,164.5294,No,6.58,7,4244
2019-11-08,169738.18,69.7382,8.3791,16.6456,0.7119,8.3526,163.8055,No,6.58,7,4245
2019-11-11,169964.24,69.9642,8.412,16.6456,0.7105,8.3551,164.3252,No,6.57,7,4246
2019-11-12,169799.99,69.8,8.3997,16.6456,0.7047,8.3567,163.8983,No,6.56,7,4247
2019-11-13,169206.32,69.2063,8.3455,16.6456,0.6968,8.3574,163.7014,No,6.56,7,4248
2019-11-14,168430.54,68.4305,8.2732,16.6456,0.6954,8.3597,163.4135,No,6.56,7,4249
2019-11-15,168269.66,68.2697,8.2611,16.6456,0.6936,8.3623,161.3561,No,6.56,7,4250
2019-11-18,168063.4,68.0634,8.2516,16.6456,0.6896,8.3644,161.2205,No,6.55,7,4251
2019-11-19,167670.44,67.6704,8.2164,16.6456,0.687,8.3666,161.3594,No,6.55,7,4252
2019-11-20,167398.75,67.3988,8.1932,16.6456,0.6944,8.3675,162.2936,No,6.54,7,4253
2019-11-21,168016.59,68.0166,8.2577,16.6456,0.6932,8.3701,162.6936,No,6.54,7,4254
2019-11-22,167867.33,67.8673,8.2466,16.6456,0.6907,8.3725,162.1199,No,6.54,7,4255
2019-11-25,167615.21,67.6152,8.2325,16.6456,0.6865,8.3747,160.136,No,6.53,7,4256
2019-11-26,167186.01,67.186,8.1936,16.6456,0.6883,8.377,159.5591,No,6.53,7,4257
2019-11-27,167311.39,67.3114,8.2096,16.6456,0.6875,8.3797,158.4494,No,6.52,7,4258
2019-11-29,167191.7,67.1917,8.2049,16.6456,0.6991,8.3785,159.4326,No,6.52,7,4259
2019-12-02,168202.04,68.202,8.3159,16.6456,0.6881,8.3778,161.6819,No,6.51,7,4260
2019-12-03,167168.71,67.1687,8.217,16.6456,0.6918,8.3798,163.4219,No,6.51,7,4261
2019-12-04,167421.23,67.4212,8.2457,16.6456,0.6925,8.3825,161.7395,No,6.5,7,4262
2019-12-05,167457.37,67.4574,8.2529,16.6456,0.6967,8.3845,161.2755,No,6.5,7,4263
2019-12-06,167819.03,67.819,8.2925,16.6456,0.6975,8.3872,158.8978,No,6.5,7,4264
2019-12-09,167850.8,67.8508,8.3066,16.6456,0.6973,8.3898,159.6976,No,6.49,7,4265
2019-12-10,167791.57,67.7916,8.3043,16.6456,0.6906,8.3912,159.9741,No,6.49,7,4266
2019-12-11,167143.67,67.1437,8.2434,16.6456,0.6955,8.393,159.2175,No,6.48,7,4267
2019-12-12,167538.07,67.5381,8.2864,16.6456,0.6877,8.3941,156.977,No,6.48,7,4268
2019-12-13,166789.25,66.7893,8.2152,16.6456,0.6891,8.3966,156.9138,No,6.48,7,4269
2019-12-16,166877.67,66.8777,8.2349,16.6456,0.69,8.3992,155.0832,No,6.47,7,4270
2019-12-17,166929.03,66.929,8.2436,16.6456,0.695,8.401,154.9961,No,6.47,7,4271
2019-12-18,167341.78,67.3418,8.2886,16.6456,0.6908,8.4032,155.0844,No,6.47,7,4272
2019-12-19,166921.69,66.9217,8.2502,16.6456,0.6893,8.4058,153.936,No,6.46,7,4273
2019-12-20,166759.7,66.7597,8.2376,16.6456,0.6876,8.4083,152.6729,No,6.46,7,4274
2019-12-23,166555.71,66.5557,8.2279,16.6456,0.6816,8.41,152.4545,No,6.45,7,4275
2019-12-24,165965.03,65.965,8.172,16.6456,0.6752,8.4115,152.4862,No,6.45,7,4276
2019-12-26,165362.35,65.3624,8.1181,16.6456,0.6736,8.414,151.1747,No,6.44,7,4277
2019-12-27,165186.85,65.1869,8.1039,16.6456,0.6781,8.4161,151.1625,No,6.44,7,4278
2019-12-30,165548.06,65.5481,8.1514,16.6456,0.6801,8.4185,152.5893,No,6.43,7,4279
2019-12-31,165695.34,65.6953,8.17,16.6456,0.67,8.4184,151.8316,No,6.43,7,4280
2020-01-02,164740.23,64.7402,8.0799,16.6456,0.6592,8.4178,149.7085,No,6.42,7,4281
2020-01-03,163679.58,63.6796,7.9748,16.6516,0.6553,8.414,151.4575,No,6.42,7,4282
2020-01-06,163479.19,63.4792,7.9648,16.6516,0.6595,8.4162,150.571,No,6.41,6,4283
2020-01-07,163656.89,63.6569,7.9867,16.6545,0.6652,8.4167,151.25,No,6.41,6,4284
2020-01-08,164006.06,64.0061,8.0261,16.6572,0.6612,8.4207,150.0165,No,6.41,6,4285
2020-01-09,163663.3,63.6633,7.9944,16.6559,0.6564,8.4228,148.2979,No,6.41,6,4286
2020-01-10,163335.25,63.3353,7.9641,16.6514,0.6584,8.4258,149.0085,No,6.4,6,4287
2020-01-13,163318.64,63.3186,7.973,16.6544,0.6578,8.4284,147.2826,No,6.39,6,4288
2020-01-14,163356.91,63.3569,7.9806,16.6517,0.6516,8.4328,147.6339,No,6.39,6,4289
2020-01-15,162766.82,62.7668,7.923,16.6493,0.6508,8.433,147.167,No,6.39,6,4290
2020-01-16,162530.69,62.5307,7.902,16.6535,0.6493,8.4335,145.1077,No,6.39,6,4291
2020-01-17,162392.69,62.3927,7.8911,16.6586,0.6463,8.431,144.1591,No,6.38,6,4292
2020-01-21,162204.53,62.2045,7.8856,16.653,0.6458,8.4364,144.8038,No,6.37,6,4293
2020-01-22,162086.55,62.0866,7.8768,16.6516,0.6397,8.4387,144.7243,No,6.37,6,4294
2020-01-23,161534.91,61.5349,7.8226,16.6488,0.639,8.4392,144.4274,No,6.37,6,4295
2020-01-24,161542.54,61.5425,7.8269,16.6422,0.6392,8.4441,146.651,No,6.36,6,4296
2020-01-27,161671.28,61.6713,7.8509,16.6307,0.6435,8.4531,150.5935,No,6.36,6,4297
2020-01-28,161615.99,61.616,7.8486,16.6369,0.6379,8.4527,148.0941,No,6.35,6,4298
2020-01-29,161299.98,61.3,7.8189,16.6324,0.6333,8.4564,148.3035,No,6.35,6,4299
2020-01-30,160782.75,60.7827,7.7678,16.6333,0.6378,8.4535,147.4906,No,6.35,6,4300
2020-01-31,161400.16,61.4002,7.8364,16.6246,0.6393,8.4644,151.9304,No,6.35,6,4301
2020-02-03,161189.23,61.1892,7.8247,16.6262,0.646,8.4642,150.1119,No,6.34,6,4302
2020-02-04,161570.96,61.571,7.8685,16.6374,0.6412,8.4669,146.4201,No,6.33,6,4303
2020-02-05,161196.82,61.1968,7.8326,16.6459,0.6343,8.4613,143.6736,No,6.33,6,4304
2020-02-06,160673.51,60.6735,7.7807,16.645,0.6302,8.461,142.8253,No,6.33,6,4305
2020-02-07,160410.72,60.4107,7.7563,16.6378,0.6253,8.4652,144.0959,No,6.33,6,4306
2020-02-10,159782.75,59.7827,7.6999,16.6389,0.6295,8.4635,142.2838,No,6.32,6,4307
2020-02-11,160097.88,60.0979,7.737,16.6418,0.628,8.4675,141.8663,No,6.32,6,4308
2020-02-12,159903.85,59.9039,7.7198,16.6462,0.6241,8.4666,140.3051,No,6.31,6,4309
2020-02-13,159639.2,59.6392,7.695,16.644,0.6197,8.4675,140.6204,No,6.31,6,4310
2020-02-14,159195.21,59.1952,7.6509,16.6427,0.6133,8.4668,140.1386,No,6.31,6,4311
2020-02-18,158675.44,58.6754,7.6088,16.6386,0.6103,8.4662,140.8269,No,6.3,6,4312
2020-02-19,158252.05,58.252,7.5665,16.6402,0.6058,8.4648,139.6578,No,6.29,6,4313
2020-02-20,157951.52,57.9515,7.5375,16.6354,0.5996,8.4661,140.5643,No,6.29,6,4314
2020-02-21,157508.15,57.5082,7.4928,16.6308,0.6032,8.4667,143.1129,No,6.29,6,4315
2020-02-24,157970.04,57.97,7.5531,16.6997,0.6274,8.469,151.5104,No,6.28,7,4316
2020-02-25,159621.42,59.6214,7.7349,16.7403,0.6333,8.4917,159.3588,No,6.28,7,4317
2020-02-26,160155.73,60.1557,7.7958,16.7403,0.6497,8.4897,160.3403,No,6.27,7,4318
2020-02-27,161630.34,61.6303,7.957,16.7202,0.6653,8.5131,172.3125,No,6.27,7,4319
2020-02-28,163087.32,63.0873,8.1153,16.7202,0.6406,8.5241,174.5293,No,6.27,7,4320
2020-03-02,160814.8,60.8148,7.8842,16.7403,0.6345,8.4931,162.4409,No,6.26,7,4321
2020-03-03,160005.89,60.0059,7.8009,16.7189,0.6193,8.5004,170.0225,No,6.26,7,4322
2020-03-04,158829.06,58.8291,7.6773,16.7403,0.6188,8.4775,159.0746,No,6.25,7,4323
2020-03-05,158614.38,58.6144,7.6575,16.7189,0.6013,8.493,168.1138,No,6.25,7,4324
2020-03-06,157718.7,57.7187,7.5635,16.7348,0.6305,8.5,172.7567,No,6.25,7,4325
2020-03-09,160058.96,60.059,7.828,16.6915,0.6395,8.5371,195.1489,No,6.24,7,4326
2020-03-10,160186.14,60.1861,7.8453,16.7291,0.6878,8.4591,181.2483,No,6.24,7,4327
2020-03-11,164256.84,64.2568,8.2838,16.7218,0.7535,8.3883,195.6767,No,6.24,7,4328
2020-03-12,170128.93,70.1289,8.8995,16.6659,0.7487,8.4199,226.6837,No,6.23,7,4329
2020-03-13,168856.94,68.8569,8.7725,16.7291,0.7855,8.3854,198.8305,No,6.23,7,4330
2020-03-16,174047.54,74.0475,9.3152,16.6712,0.796,8.4169,239.5024,No,6.22,7,4331
2020-03-17,172052.5,72.0525,9.1171,16.6854,0.8655,8.2705,220.2893,No,6.22,7,4332
2020-03-18,178443.2,78.4432,9.7633,16.6725,0.8515,8.2778,237.7958,No,6.22,7,4333
2020-03-19,177110.75,77.1107,9.6355,16.6725,0.8362,8.2786,236.1891,No,6.21,7,4334
2020-03-20,176431.32,76.4313,9.5721,16.6263,0.8138,8.2794,251.3657,No,6.21,7,4335
2020-03-23,174520.59,74.5206,9.3932,16.6161,0.7736,8.1335,261.9687,No,6.2,7,4336
2020-03-24,167627.49,67.6275,8.6888,16.646,0.763,8.1434,230.8866,No,6.2,7,4337
2020-03-25,168059.9,68.0599,8.738,16.6712,0.7295,8.106,227.1123,No,6.2,7,4338
2020-03-26,164131.56,64.1316,8.3276,16.6725,0.7336,8.0985,207.8816,No,6.19,7,4339
2020-03-27,165674.81,65.6748,8.4953,16.6659,0.7289,8.1056,218.6142,No,6.19,7,4340
2020-03-30,164267.2,64.2672,8.3574,16.6725,0.7496,8.0933,208.2323,No,6.18,7,4341
2020-03-31,166388.25,66.3882,8.5864,16.6725,0.7685,8.0961,213.2157,No,6.18,7,4342
2020-04-01,168621.37,68.6214,8.825,16.6712,0.7509,8.0793,227.678,No,6.18,7,4343
2020-04-02,165785.81,65.7858,8.5306,16.6659,0.7514,8.0733,220.3116,No,6.18,7,4344
2020-04-03,166431.17,66.4312,8.6029,16.6712,0.7131,8.0229,225.1909,No,6.17,7,4345
2020-04-06,161773.15,61.7731,8.1158,16.6725,0.7138,8.0164,203.8189,No,6.16,7,4346
2020-04-07,162555.9,62.5559,8.2043,16.6782,0.7007,8.0134,204.3035,No,6.16,7,4347
2020-04-08,161260.49,61.2605,8.0676,16.7012,0.6702,8.0002,194.2119,No,6.16,7,4348
2020-04-09,158870.85,58.8709,7.8096,16.7012,0.6782,7.991,189.9736,No,6.16,7,4349
2020-04-13,159358.83,59.3588,7.8779,16.6886,0.6599,7.976,192.9273,No,6.15,7,4350
2020-04-14,158005.25,58.0052,7.7318,16.7218,0.6678,7.9838,184.2031,No,6.14,7,4351
2020-04-15,158677.08,58.6771,7.8099,16.7066,0.6639,7.9855,190.5867,No,6.14,7,4352
2020-04-16,158119.3,58.1193,7.7516,16.7012,0.6657,7.9952,188.9045,No,6.14,7,4353
2020-04-17,158232.42,58.2324,7.7678,16.7226,0.6661,8.0033,181.3543,No,6.13,7,4354
2020-04-20,158426.2,58.4262,7.8001,16.7113,0.6845,7.9993,186.4774,No,6.13,7,4355
2020-04-21,159909.15,59.9091,7.9679,16.6915,0.6673,7.9834,195.5348,No,6.12,7,4356
2020-04-22,158029.82,58.0298,7.7633,16.7012,0.6614,7.9864,188.902,No,6.12,7,4357
2020-04-23,157834.48,57.8345,7.7451,16.7066,0.6582,7.9824,189.0341,No,6.12,7,4358
2020-04-24,157375.54,57.3755,7.6974,16.7113,0.6628,7.9952,185.0597,No,6.12,7,4359
2020-04-27,157719.05,57.719,7.7466,16.727,0.6596,7.9949,180.9214,No,6.11,7,4360
2020-04-28,157565.68,57.5657,7.7331,16.7218,0.6521,7.996,182.3999,No,6.1,7,4361
2020-04-29,156726.39,56.7264,7.6424,16.7291,0.6675,7.9909,175.0779,No,6.1,7,4362
2020-04-30,157985.15,57.9851,7.7872,16.7291,0.6746,7.9947,177.6257,No,6.1,7,4363
2020-05-01,158756.92,58.7569,7.8771,16.7218,0.6746,7.9977,185.6083,No,6.1,7,4364
2020-05-04,158400.6,58.4006,7.8483,16.7218,0.6735,7.9978,184.3981,No,6.09,7,4365
2020-05-05,158285.35,58.2854,7.8391,16.727,0.6917,7.9925,181.8501,No,6.08,7,4366
2020-05-06,159587.72,59.5877,7.9881,16.7262,0.6658,7.9829,183.8087,No,6.08,7,4367
2020-05-07,157628.49,57.6285,7.7727,16.7262,0.6686,7.9812,180.4821,No,6.08,7,4368
2020-05-08,157594.9,57.5949,7.7725,16.7311,0.6759,7.9779,175.7761,No,6.08,7,4369
2020-05-11,158146.45,58.1464,7.8455,16.7311,0.6776,7.9813,175.725,No,6.07,7,4370
2020-05-12,158476.88,58.4769,7.8863,16.7225,0.6823,7.9858,181.4608,No,6.07,7,4371
2020-05-13,158736.77,58.7368,7.9192,16.7113,0.6656,7.983,186.4425,No,6.06,7,4372
2020-05-14,157471.59,57.4716,7.7805,16.7218,0.6629,7.9799,183.1193,No,6.06,7,4373
2020-05-15,157016.73,57.0167,7.7327,16.7218,0.6642,7.9801,181.9821,No,6.06,7,4374
2020-05-18,156821.94,56.8219,7.7215,16.7311,0.6606,7.9807,173.3394,No,6.05,7,4375
2020-05-19,156919.18,56.9192,7.7362,16.7291,0.6506,7.9811,176.21,No,6.05,7,4376
2020-05-20,155890.09,55.8901,7.6226,16.7311,0.6617,7.9769,171.6362,No,6.04,7,4377
2020-05-21,156845.41,56.8454,7.735,16.7311,0.6542,7.9825,173.7461,No,6.04,7,4378
2020-05-22,156226.56,56.2266,7.6682,16.7311,0.6649,7.9814,173.0563,No,6.04,7,4379
2020-05-26,156726.61,56.7266,7.7397,16.7273,0.6537,7.9877,169.7369,No,6.03,7,4380
2020-05-27,155905.35,55.9054,7.6495,16.7154,0.654,7.9857,165.7908,No,6.02,7,4381
2020-05-28,156060.06,56.0601,7.6708,16.7154,0.6413,7.9839,166.3209,No,6.02,7,4382
2020-05-29,155088.37,55.0884,7.5628,16.7219,0.6436,7.9838,165.0042,No,6.02,7,4383
2020-06-01,155118.56,55.1186,7.577,16.7175,0.6447,7.9843,164.0009,No,6.01,7,4384
2020-06-02,155172.04,55.172,7.5867,16.7189,0.6526,7.9861,161.8429,No,6.01,7,4385
2020-06-03,155812.84,55.8128,7.6642,16.7378,0.6565,7.9865,158.2913,No,6.01,7,4386
2020-06-04,155997.2,55.9972,7.689,16.7378,0.66,7.9847,159.1076,No,6.0,7,4387
2020-06-05,156181.89,56.1819,7.7139,16.7463,0.6454,7.9781,152.4862,No,6.0,7,4388
2020-06-08,155012.35,55.0124,7.5898,16.7936,0.6382,7.9822,149.4779,No,5.99,7,4389
2020-06-09,154556.26,54.5563,7.5405,16.7403,0.6351,7.9807,151.4211,No,5.99,7,4390
2020-06-10,154203.5,54.2035,7.503,16.7337,0.6506,7.9825,152.7631,No,5.99,7,4391
2020-06-11,155738.06,55.7381,7.6847,16.7273,0.6546,7.9957,168.5623,No,5.98,7,4392
2020-06-12,155423.28,55.4233,7.6519,16.7154,0.6503,7.9945,165.0208,No,5.98,7,4393
2020-06-15,155300.66,55.3007,7.6486,16.7189,0.6462,7.9977,162.827,No,5.97,7,4394
2020-06-16,154974.79,54.9748,7.6144,16.7378,0.6474,7.9922,157.9316,No,5.97,7,4395
2020-06-17,154866.07,54.8661,7.6053,16.7273,0.6419,7.9958,158.8637,No,5.97,7,4396
2020-06-18,154545.67,54.5457,7.5716,16.7255,0.6384,7.9998,158.7006,No,5.96,7,4397
2020-06-19,154235.56,54.2356,7.539,16.7189,0.6319,8.002,160.122,No,5.96,7,4398
2020-06-22,153776.63,53.7766,7.4959,16.7202,0.6297,8.0015,158.4434,No,5.95,7,4399
2020-06-23,153492.31,53.4923,7.4661,16.7226,0.6398,7.9977,157.334,No,5.95,7,4400
2020-06-24,154350.97,54.351,7.5705,16.7219,0.6356,8.0062,164.1623,No,5.95,7,4401
2020-06-25,153908.46,53.9085,7.5222,16.7189,0.6402,8.0076,161.2854,No,5.95,7,4402
2020-06-26,154501.15,54.5012,7.5953,16.7348,0.638,8.0091,167.7693,No,5.94,7,4403
2020-06-29,153728.59,53.7286,7.5154,16.7225,0.6238,8.0107,163.8616,No,5.93,7,4404
2020-06-30,152817.49,52.8175,7.4113,16.7175,0.6273,8.0068,159.8366,No,5.93,7,4405
2020-07-01,153117.45,53.1174,7.4504,16.7189,0.6213,8.0111,158.5304,No,5.93,7,4406
2020-07-02,152730.14,52.7301,7.408,16.7202,0.6153,8.0099,157.3051,No,5.93,7,4407
2020-07-06,152205.01,52.205,7.3597,16.7378,0.6101,8.0058,153.2817,No,5.92,7,4408
2020-07-07,151679.72,51.6797,7.3005,16.7189,0.604,8.0124,156.0504,No,5.91,7,4409
2020-07-08,151305.34,51.3053,7.2591,16.7202,0.6039,8.0116,154.058,No,5.91,7,4410
2020-07-09,151274.57,51.2746,7.2589,16.7189,0.6018,8.019,155.4275,No,5.91,7,4411
2020-07-10,151062.13,51.0621,7.2369,16.7255,0.6015,8.0175,152.7809,No,5.9,7,4412
2020-07-13,151050.2,51.0502,7.2459,16.7189,0.5945,8.0214,155.1696,No,5.9,7,4413
2020-07-14,150473.94,50.4739,7.1799,16.7255,0.5923,8.0199,151.7613,No,5.89,7,4414
2020-07-15,150347.8,50.3478,7.168,16.7378,0.5967,8.0189,149.4904,No,5.89,7,4415
2020-07-16,150609.13,50.6091,7.2031,16.7378,0.5944,8.024,150.335,No,5.89,7,4416
2020-07-17,150343.74,50.3437,7.1745,16.7378,0.5865,8.0236,149.6115,No,5.88,7,4417
2020-07-20,149707.56,49.7076,7.1075,16.7378,0.5772,8.0228,147.5303,No,5.88,7,4418
2020-07-21,149113.96,49.114,7.0385,16.7378,0.5676,8.0191,147.1119,No,5.87,7,4419
2020-07-22,148347.03,48.347,6.948,16.7378,0.5614,8.0174,145.6937,No,5.87,7,4420
2020-07-23,147947.09,47.9471,6.9021,16.7202,0.5636,8.024,148.7394,No,5.87,7,4421
2020-07-24,147993.82,47.9938,6.9112,16.7189,0.5524,8.0247,150.2837,No,5.87,7,4422
2020-07-27,147180.53,47.1805,6.8207,16.7189,0.5488,8.0222,148.4455,No,5.86,7,4423
2020-07-28,146916.87,46.9169,6.7913,16.7175,0.5413,8.0235,150.0611,No,5.85,7,4424
2020-07-29,146362.7,46.3627,6.7256,16.7189,0.5434,8.0235,146.991,No,5.85,7,4425
2020-07-30,146513.65,46.5136,6.7477,16.7189,0.5351,8.0264,147.8809,No,5.85,7,4426
2020-07-31,145825.28,45.8253,6.665,16.7189,0.533,8.0259,145.9676,No,5.85,7,4427
2020-08-03,145717.26,45.7173,6.6612,16.7226,0.5178,8.0193,144.2065,No,5.84,7,4428
2020-08-04,144699.0,44.699,6.5363,16.7202,0.5132,8.0183,143.3279,No,5.84,7,4429
2020-08-05,144219.07,44.2191,6.4788,16.7226,0.5018,8.0131,141.7731,No,5.83,7,4430
2020-08-06,143426.29,43.4263,6.3813,16.7255,0.5167,8.007,140.2023,No,5.83,7,4431
2020-08-07,144363.35,44.3634,6.5034,16.7378,0.5142,8.009,140.0,No,5.83,7,4432
2020-08-10,144146.88,44.1469,6.4854,16.7378,0.5514,7.9802,139.3408,No,5.82,7,4433
2020-08-11,146424.5,46.4245,6.7759,16.7437,0.5463,7.992,141.2623,No,5.82,7,4434
2020-08-12,146177.73,46.1777,6.7483,16.7403,0.5474,7.9894,137.897,No,5.81,7,4435
2020-08-13,146245.65,46.2456,6.7601,16.7403,0.556,7.9883,138.3257,No,5.81,7,4436
2020-08-14,146686.43,46.6864,6.8187,16.7403,0.5393,7.9872,138.3491,No,5.81,7,4437
2020-08-17,145712.8,45.7128,6.7061,16.7403,0.5328,7.9834,137.6989,No,5.8,7,4438
2020-08-18,145148.27,45.1483,6.6379,16.7403,0.5512,7.9778,137.1157,No,5.8,7,4439
2020-08-19,146178.92,46.1789,6.7715,16.7403,0.5501,7.9847,138.1249,No,5.79,7,4440
2020-08-20,146141.96,46.142,6.7701,16.7403,0.5443,7.9892,137.3673,No,5.79,7,4441
2020-08-21,145772.96,45.773,6.7268,16.7403,0.5419,7.9915,136.5389,No,5.79,7,4442
2020-08-24,145534.38,45.5344,6.7065,16.7936,0.5481,7.9934,134.1595,No,5.78,7,4443
2020-08-25,145942.65,45.9426,6.7615,16.7471,0.5365,7.9934,133.3177,No,5.78,7,4444
2020-08-26,145203.19,45.2032,6.6709,16.6871,0.5519,7.9835,130.9613,No,5.78,7,4445
2020-08-27,146086.01,46.086,6.7863,16.6233,0.5366,7.9827,130.5608,No,5.77,6,4446
2020-08-28,145077.05,45.0771,6.6614,16.629,0.5343,7.9801,128.9959,No,5.77,6,4447
2020-08-31,144920.5,44.9205,6.6512,16.6254,0.5253,7.9807,129.4731,No,5.76,6,4448
2020-09-01,144202.85,44.2029,6.5626,16.6211,0.5212,7.9823,127.7549,No,5.76,6,4449
2020-09-02,143741.45,43.7415,6.5065,16.6161,0.5388,7.9778,124.2846,No,5.76,6,4450
2020-09-03,145208.79,45.2088,6.6979,16.746,0.5576,7.9826,132.405,No,5.75,7,4451
2020-09-04,146252.9,46.2529,6.8342,16.7491,0.5671,7.9841,134.3108,No,5.75,7,4452
2020-09-08,146905.64,46.9056,6.9306,16.7337,0.555,7.9888,140.9893,No,5.74,7,4453
2020-09-09,146078.38,46.0784,6.8289,16.7463,0.5609,7.9786,136.2177,No,5.74,7,4454
2020-09-10,146330.12,46.3301,6.8643,16.7347,0.5635,7.99,140.4343,No,5.73,7,4455
2020-09-11,146537.29,46.5373,6.8941,16.7337,0.5525,7.9929,140.2946,No,5.73,7,4456
2020-09-14,145855.66,45.8557,6.8173,16.7403,0.552,7.9897,137.1971,No,5.72,7,4457
2020-09-15,145626.08,45.6261,6.7912,16.7403,0.5545,7.9913,135.962,No,5.72,7,4458
2020-09-16,145875.85,45.8759,6.8266,16.7403,0.5643,7.9922,137.0479,No,5.72,7,4459
2020-09-17,146510.07,46.5101,6.9111,16.7403,0.57,7.9973,139.0555,No,5.72,7,4460
2020-09-18,146745.68,46.7457,6.9446,16.7437,0.5877,7.9952,141.7553,No,5.71,7,4461
2020-09-21,147915.82,47.9158,7.104,16.7378,0.5827,8.004,144.5727,No,5.7,7,4462
2020-09-22,147561.41,47.5614,7.0625,16.7337,0.6069,7.9927,142.0262,No,5.7,7,4463
2020-09-23,149276.09,49.2761,7.2833,16.7378,0.6026,8.0008,147.8884,No,5.7,7,4464
2020-09-24,148856.08,48.8561,7.2338,16.7378,0.5975,8.002,147.1378,No,5.7,7,4465
2020-09-25,148349.88,48.3499,7.1733,16.7337,0.5845,8.0015,143.2437,No,5.69,7,4466
2020-09-28,147575.8,47.5758,7.0854,16.7403,0.5812,7.998,139.3866,No,5.68,7,4467
2020-09-29,147397.95,47.3979,7.0662,16.7403,0.5862,7.9989,140.5138,No,5.68,7,4468
2020-09-30,147474.55,47.4745,7.0796,16.7463,0.5756,7.9938,138.5369,No,5.68,7,4469
2020-10-01,146802.62,46.8026,6.997,16.7463,0.5859,7.9917,137.2554,No,5.68,7,4470
2020-10-02,147458.9,47.4589,7.0846,16.7403,0.5832,8.0018,139.5489,No,5.67,7,4471
2020-10-05,147177.21,47.1772,7.0591,16.7524,0.5905,8.0007,135.2946,No,5.67,7,4472
2020-10-06,147761.51,47.7615,7.1376,16.7463,0.5914,7.9997,138.6196,No,5.66,7,4473
2020-10-07,147800.03,47.8,7.1461,16.6219,0.5838,8.004,134.5349,No,5.66,6,4474
2020-10-08,147140.65,47.1407,7.065,16.6212,0.5698,8.0017,132.6009,No,5.66,6,4475
2020-10-09,146194.77,46.1948,6.9465,16.626,0.5585,7.998,130.5686,No,5.65,6,4476
2020-10-12,145270.04,45.27,6.8369,16.6279,0.5661,7.9972,126.8452,No,5.65,6,4477
2020-10-13,145924.29,45.9243,6.9254,16.6197,0.5655,8.0037,128.2848,No,5.64,6,4478
2020-10-14,145941.72,45.9417,6.9311,16.6185,0.5689,8.0055,129.784,No,5.64,6,4479
2020-10-15,146031.36,46.0314,6.9463,16.6192,0.5716,8.0081,130.1291,No,5.64,6,4480
2020-10-16,146148.35,46.1484,6.965,16.6205,0.5813,8.009,130.0941,No,5.64,6,4481
2020-10-19,146833.49,46.8335,7.0644,16.6915,0.584,8.0123,133.9136,No,5.63,7,4482
2020-10-20,146958.21,46.9582,7.0841,16.626,0.5839,8.0146,132.8089,No,5.62,6,4483
2020-10-21,146930.42,46.9304,7.0841,16.6287,0.5948,8.0139,133.3161,No,5.62,6,4484
2020-10-22,147399.87,47.3999,7.1485,16.633,0.587,8.0184,132.085,No,5.62,6,4485
2020-10-23,147022.31,47.0223,7.1032,16.6306,0.5923,8.0201,131.2836,No,5.62,6,4486
2020-10-26,147394.8,47.3948,7.1623,16.7523,0.5893,8.0273,135.6628,No,5.61,7,4487
2020-10-27,147148.16,47.1482,7.1339,16.7936,0.62,8.0115,136.374,No,5.61,7,4488
2020-10-28,149103.91,49.1039,7.3903,16.7347,0.6225,8.0195,145.0204,No,5.6,7,4489
2020-10-29,149232.47,49.2325,7.4106,16.7403,0.6319,8.019,142.1075,No,5.6,7,4490
2020-10-30,149944.33,49.9443,7.5057,16.7403,0.6197,8.0168,145.0535,No,5.6,7,4491
2020-11-02,148869.73,48.8697,7.3789,16.7403,0.6073,8.0149,142.0685,No,5.59,7,4492
2020-11-03,147989.92,47.9899,7.2687,16.7936,0.5868,8.0082,137.8332,No,5.59,7,4493
2020-11-04,146786.38,46.7864,7.1157,16.6183,0.5636,7.9911,132.7025,No,5.58,6,4494
2020-11-05,144948.39,44.9484,6.8777,16.626,0.5684,7.9876,128.2178,No,5.58,6,4495
2020-11-06,145249.65,45.2496,6.921,16.6328,0.6032,7.9649,128.2545,No,5.58,6,4496
2020-11-09,147027.85,47.0278,7.1654,16.6368,0.5942,7.9761,125.5943,No,5.57,6,4497
2020-11-10,146873.11,46.8731,7.1488,16.6419,0.5933,7.9772,125.8728,No,5.57,6,4498
2020-11-11,146659.46,46.6595,7.1244,16.64,0.5847,7.9798,124.1579,No,5.56,6,4499
2020-11-12,146368.86,46.3689,7.0898,16.6304,0.5776,7.9792,126.3704,No,5.56,6,4500
2020-11-13,145543.32,45.5433,6.9845,16.6351,0.5706,7.9798,123.3099,No,5.56,6,4501
2020-11-16,145054.5,45.0545,6.9304,16.6388,0.5689,7.9822,120.7359,No,5.55,6,4502
2020-11-17,145109.39,45.1094,6.9412,16.6342,0.5786,7.9836,121.7666,No,5.55,6,4503
2020-11-18,145738.46,45.7385,7.0282,16.6294,0.5792,7.9878,124.3197,No,5.55,6,4504
2020-11-19,145609.3,45.6093,7.0147,16.6263,0.5744,7.9912,123.4232,No,5.54,6,4505
2020-11-20,145445.26,45.4453,6.9965,16.6215,0.5871,7.9906,124.9489,No,5.54,6,4506
2020-11-23,145943.16,45.9432,7.0734,16.6215,0.5919,7.9954,123.663,No,5.53,6,4507
2020-11-24,146128.7,46.1287,7.1016,16.6263,0.5907,8.0009,120.103,No,5.53,6,4508
2020-11-25,146276.41,46.2764,7.1249,16.6278,0.5917,8.0038,120.4443,No,5.53,6,4509
2020-11-27,146315.19,46.3152,7.1373,16.6214,0.5973,8.008,119.8951,No,5.52,6,4510
2020-11-30,146675.98,46.676,7.1962,16.6206,0.5879,8.0096,120.8756,No,5.51,6,4511
2020-12-01,145889.91,45.8899,7.0954,16.6339,0.5864,8.009,118.4072,No,5.51,6,4512
2020-12-02,145838.17,45.8382,7.0922,16.6397,0.5786,8.0099,117.9961,No,5.51,6,4513
2020-12-03,145395.57,45.3956,7.0367,16.6365,0.5836,8.0111,118.0917,No,5.5,6,4514
2020-12-04,145480.79,45.4808,7.0517,16.646,0.5699,8.0115,116.1684,No,5.5,6,4515
2020-12-07,144809.39,44.8094,6.9725,16.6435,0.565,8.011,116.5874,No,5.49,6,4516
2020-12-08,144371.2,44.3712,6.9171,16.6425,0.5836,8.0057,115.98,No,5.49,6,4517
2020-12-09,145482.67,45.4827,7.0702,16.639,0.5798,8.0119,117.6999,No,5.49,6,4518
2020-12-10,145274.1,45.2741,7.0458,16.634,0.5777,8.0145,117.9641,No,5.48,6,4519
2020-12-11,145102.9,45.1029,7.0265,16.6326,0.5863,8.0154,118.2353,No,5.48,6,4520
2020-12-14,145581.35,45.5814,7.1018,16.6321,0.5741,8.0162,119.1508,No,5.47,6,4521
2020-12-15,144672.56,44.6726,6.9829,16.6388,0.5725,8.0168,116.3523,No,5.47,6,4522
2020-12-16,144606.14,44.6061,6.9776,16.6409,0.5614,8.0169,115.969,No,5.47,6,4523
2020-12-17,143879.51,43.8795,6.8826,16.6467,0.566,8.0168,114.7225,No,5.47,6,4524
2020-12-18,144151.96,44.152,6.9232,16.6474,0.5685,8.02,115.4634,No,5.46,6,4525
2020-12-21,144310.87,44.3109,6.9556,16.6439,0.5716,8.0232,116.3016,No,5.45,6,4526
2020-12-22,144457.35,44.4573,6.9791,16.6396,0.5733,8.027,116.7345,No,5.45,6,4527
2020-12-23,144496.61,44.4966,6.9881,16.6442,0.5674,8.0289,116.5695,No,5.45,6,4528
2020-12-24,144114.29,44.1143,6.9397,16.6434,0.5634,8.0309,115.7835,No,5.45,6,4529
2020-12-28,143757.57,43.7576,6.9054,16.6445,0.5638,8.0337,113.9177,No,5.44,6,4530
2020-12-29,143850.25,43.8503,6.9217,16.6451,0.559,8.036,114.3948,No,5.43,6,4531
2020-12-30,143518.07,43.5181,6.8798,16.6453,0.5545,8.0375,114.0841,No,5.43,6,4532
2020-12-31,143145.23,43.1452,6.8321,16.646,0.5477,8.0392,112.6977,No,5.43,6,4533
2021-01-04,142972.22,42.9722,6.8226,16.6489,0.5498,8.0389,115.8715,No,5.42,6,4534
2021-01-05,142755.1,42.7551,6.7962,16.6551,0.5718,8.0303,114.3277,No,5.41,6,4535
2021-01-06,143926.72,43.9267,6.9612,16.6629,0.5635,8.0366,113.1075,No,5.41,6,4536
2021-01-07,143464.89,43.4649,6.9013,16.6712,0.5848,8.0278,109.9447,No,5.41,6,4537
2021-01-08,144703.83,44.7038,7.0751,16.6659,0.5823,8.0359,108.7714,No,5.41,6,4538
2021-01-11,144758.77,44.7588,7.0938,16.6672,0.5862,8.0379,110.1492,No,5.4,6,4539
2021-01-12,144885.62,44.8856,7.1149,16.667,0.5753,8.039,110.0617,No,5.39,6,4540
2021-01-13,144222.25,44.2223,7.0275,16.6625,0.585,8.0388,109.5808,No,5.39,6,4541
2021-01-14,144746.05,44.7461,7.1032,16.6665,0.5938,8.0408,110.346,No,5.39,6,4542
2021-01-15,145312.54,45.3125,7.1846,16.6607,0.5851,8.0435,111.8666,No,5.39,6,4543
2021-01-19,144660.34,44.6603,7.1101,16.6617,0.5684,8.0395,110.1486,No,5.38,6,4544
2021-01-20,143550.31,43.5503,6.9604,16.6667,0.5721,8.0398,107.2602,No,5.37,6,4545
2021-01-21,143771.64,43.7716,6.9948,16.6705,0.5749,8.043,107.1772,No,5.37,6,4546
2021-01-22,143963.81,43.9638,7.0251,16.6672,0.567,8.0451,107.8009,No,5.37,6,4547
2021-01-25,143438.48,43.4385,6.9633,16.6614,0.571,8.0471,107.0521,No,5.36,6,4548
2021-01-26,143636.43,43.6364,6.9945,16.6617,0.587,8.0451,107.3596,No,5.36,6,4549
2021-01-27,144790.45,44.7905,7.1583,16.6547,0.5903,8.0491,112.8242,No,5.35,6,4550
2021-01-28,144663.92,44.6639,7.1445,16.6589,0.6009,8.0493,110.7457,No,5.35,6,4551
2021-01-29,145542.11,45.5421,7.2697,16.6594,0.5898,8.0485,114.8671,No,5.35,6,4552
2021-02-01,144554.07,44.5541,7.1445,16.6633,0.5939,8.0495,111.4724,No,5.34,6,4553
2021-02-02,144711.59,44.7116,7.1701,16.6663,0.5957,8.0541,108.5711,No,5.34,6,4554
2021-02-03,144928.48,44.9285,7.204,16.6715,0.6046,8.0556,108.361,No,5.33,6,4555
2021-02-04,145363.25,45.3633,7.2681,16.6725,0.5983,8.0612,106.1032,No,5.33,6,4556
2021-02-05,145051.07,45.0511,7.2287,16.6782,0.585,8.0595,105.2816,No,5.33,6,4557
2021-02-08,144196.23,44.1962,7.1212,16.6796,0.5845,8.0607,103.7695,No,5.32,6,4558
2021-02-09,144146.06,44.1461,7.118,16.6794,0.5797,8.063,103.9616,No,5.32,6,4559
2021-02-10,143839.06,43.8391,7.0788,16.6762,0.5878,8.064,104.0269,No,5.32,6,4560
2021-02-11,144229.28,44.2293,7.1372,16.6779,0.593,8.0676,103.6473,No,5.31,6,4561
2021-02-12,144507.1,44.5071,7.1799,16.6854,0.6099,8.0649,102.6819,No,5.31,6,4562
2021-02-16,145506.46,45.5065,7.3348,16.6915,0.6141,8.0699,102.7723,No,5.3,6,4563
2021-02-17,145801.02,45.801,7.3797,16.6886,0.6186,8.0737,102.8042,No,5.3,6,4564
2021-02-18,146076.6,46.0766,7.422,16.6891,0.6275,8.0753,103.6963,No,5.29,6,4565
2021-02-19,146563.83,46.5638,7.4936,16.6947,0.6264,8.0791,104.063,No,5.29,6,4566
2021-02-22,146557.76,46.5578,7.5048,16.6999,0.6298,8.0806,105.6361,No,5.28,6,4567
2021-02-23,146645.3,46.6453,7.521,16.7016,0.6297,8.084,105.3738,No,5.28,6,4568
2021-02-24,146547.79,46.5478,7.5115,16.7066,0.6616,8.0664,103.0662,No,5.28,6,4569
2021-02-25,148608.98,48.609,7.8007,16.7084,0.6621,8.072,108.1321,No,5.27,6,4570
2021-02-26,148593.38,48.5934,7.8027,16.6875,0.6593,8.076,109.1012,No,5.27,6,4571
2021-03-01,148162.34,48.1623,7.7559,16.7012,0.6583,8.0802,104.2372,No,5.26,6,4572
2021-03-02,148282.44,48.2824,7.7767,16.6986,0.6805,8.0733,105.8996,No,5.26,6,4573
2021-03-03,149599.32,49.5993,7.9623,16.6995,0.6989,8.0717,108.6149,No,5.26,6,4574
2021-03-04,150728.67,50.7287,8.1213,16.6983,0.6884,8.0735,111.4144,No,5.25,6,4575
2021-03-05,149862.7,49.8627,8.0071,16.7035,0.7025,8.0718,107.3628,No,5.25,6,4576
2021-03-08,150812.05,50.812,8.1503,16.7055,0.6741,8.0582,108.4778,No,5.24,6,4577
2021-03-09,148873.93,48.8739,7.8882,16.7036,0.6679,8.0572,105.5493,No,5.24,6,4578
2021-03-10,148439.62,48.4396,7.8323,16.7046,0.6658,8.0598,104.3063,No,5.24,6,4579
2021-03-11,148238.67,48.2387,7.8086,16.7113,0.6784,8.0596,102.1905,No,5.24,6,4580
2021-03-12,149015.59,49.0156,7.9206,16.7218,0.6679,8.0622,101.9352,No,5.23,6,4581
2021-03-15,148331.88,48.3319,7.8386,16.7211,0.6708,8.0641,100.6239,No,5.22,6,4582
2021-03-16,148504.66,48.5047,7.8669,16.7226,0.6754,8.0669,100.9338,No,5.22,6,4583
2021-03-17,148735.01,48.735,7.9033,16.727,0.6888,8.0669,100.3552,No,5.22,6,4584
2021-03-18,149616.72,49.6167,8.0299,16.7272,0.6839,8.0692,103.3467,No,5.22,6,4585
2021-03-19,149218.05,49.218,7.979,16.7243,0.6751,8.0696,103.4479,No,5.21,6,4586
2021-03-22,148586.05,48.5861,7.9041,16.7211,0.6789,8.072,102.0281,No,5.21,6,4587
2021-03-23,148850.0,48.85,7.9452,16.7144,0.6771,8.0752,103.5809,No,5.2,6,4588
2021-03-24,148713.92,48.7139,7.9306,16.7102,0.6827,8.0768,104.6876,No,5.2,6,4589
2021-03-25,148939.36,48.9394,7.9664,16.7156,0.6722,8.0791,103.6141,No,5.2,6,4590
2021-03-26,148221.05,48.221,7.8703,16.7225,0.6843,8.0786,100.2816,No,5.19,6,4591
2021-03-29,148984.47,48.9845,7.9902,16.7262,0.6931,8.0818,100.4552,No,5.19,6,4592
2021-03-30,149523.17,49.5232,8.0698,16.7226,0.6842,8.0848,101.0692,No,5.18,6,4593
2021-03-31,148930.21,48.9302,7.9914,16.7266,0.664,8.0774,100.3277,No,5.18,6,4594
2021-04-01,147577.8,47.5778,7.8057,16.7225,0.6579,8.0783,97.9863,No,5.18,6,4595
2021-04-05,147132.44,47.1324,7.7598,16.7291,0.649,8.0808,95.1422,No,5.17,6,4596
2021-04-06,146624.9,46.6249,7.692,16.7257,0.6536,8.082,95.3238,No,5.16,6,4597
2021-04-07,146842.4,46.8424,7.7272,16.7295,0.6407,8.0824,95.032,No,5.16,6,4598
2021-04-08,146025.92,46.0259,7.6151,16.727,0.6434,8.0839,94.1677,No,5.16,6,4599
2021-04-09,146117.22,46.1172,7.6323,16.7311,0.6477,8.0877,92.6779,No,5.16,6,4600
2021-04-12,146385.39,46.3854,7.6833,16.7312,0.6365,8.0891,92.7125,No,5.15,6,4601
2021-04-13,145676.15,45.6762,7.5859,16.7288,0.6454,8.0893,92.0796,No,5.15,6,4602
2021-04-14,146177.0,46.177,7.662,16.729,0.6197,8.0785,92.8447,No,5.14,6,4603
2021-04-15,144527.36,44.5274,7.4287,16.7247,0.6181,8.079,90.7247,No,5.14,6,4604
2021-04-16,144390.93,44.3909,7.4131,16.7296,0.6268,8.0802,90.0391,No,5.14,6,4605
2021-04-19,144889.78,44.8898,7.4976,16.7293,0.6259,8.084,91.053,No,5.13,6,4606
2021-04-20,144838.05,44.838,7.4943,16.725,0.6153,8.0836,92.355,No,5.13,6,4607
2021-04-21,144104.82,44.1048,7.392,16.727,0.6221,8.0849,90.5813,No,5.12,6,4608
2021-04-22,144527.48,44.5275,7.4576,16.7221,0.6193,8.0879,92.3375,No,5.12,6,4609
2021-04-23,144257.17,44.2572,7.4224,16.7266,0.618,8.0918,90.2518,No,5.12,6,4610
2021-04-26,144191.77,44.1918,7.4252,16.7278,0.6242,8.0941,89.9133,No,5.11,6,4611
2021-04-27,144532.54,44.5325,7.479,16.7319,0.6263,8.0978,89.9529,No,5.11,6,4612
2021-04-28,144633.86,44.6339,7.498,16.7313,0.6262,8.1011,90.1122,No,5.1,6,4613
2021-04-29,144570.49,44.5705,7.4929,16.7348,0.6293,8.1047,88.825,No,5.1,6,4614
2021-04-30,144781.66,44.7817,7.5278,16.7315,0.62,8.1056,90.1781,No,5.1,6,4615
2021-05-03,144178.47,44.1785,7.4523,16.7322,0.626,8.1068,89.6567,No,5.09,6,4616
2021-05-04,144502.78,44.5028,7.5039,16.7269,0.6225,8.1099,90.9317,No,5.09,6,4617
2021-05-05,144251.49,44.2515,7.4713,16.7264,0.6067,8.1072,90.7964,No,5.08,6,4618
2021-05-06,143264.07,43.2641,7.3303,16.7283,0.6005,8.1081,89.2213,No,5.08,6,4619
2021-05-07,142852.46,42.8525,7.2736,16.7331,0.6114,8.1085,87.8049,No,5.08,6,4620
2021-05-10,143505.94,43.5059,7.3824,16.7355,0.622,8.1098,89.7816,No,5.07,6,4621
2021-05-11,144081.01,44.081,7.4713,16.7369,0.6477,8.1009,91.4395,No,5.07,6,4622
2021-05-12,145572.79,45.5728,7.6943,16.7373,0.6406,8.1033,95.6085,No,5.07,6,4623
2021-05-13,144996.33,44.9963,7.6142,16.739,0.6212,8.0995,93.2234,No,5.06,6,4624
2021-05-14,143803.27,43.8033,7.4429,16.7382,0.6141,8.1011,90.3683,No,5.06,6,4625
2021-05-17,143443.82,43.4438,7.4023,16.7424,0.6222,8.1018,90.8508,No,5.05,6,4626
2021-05-18,143863.84,43.8638,7.4687,16.7422,0.6221,8.1048,92.4665,No,5.05,6,4627
2021-05-19,143823.67,43.8237,7.4669,16.7446,0.6116,8.1049,93.0073,No,5.05,6,4628
2021-05-20,143093.52,43.0935,7.3627,16.742,0.6115,8.108,90.9743,No,5.04,6,4629
2021-05-21,143094.34,43.0943,7.367,16.7395,0.601,8.109,91.1165,No,5.04,6,4630
2021-05-24,142427.63,42.4276,7.2799,16.7402,0.5923,8.1107,89.2222,No,5.03,6,4631
2021-05-25,141945.77,41.9458,7.2117,16.736,0.5922,8.1125,89.6225,No,5.03,6,4632
2021-05-26,141875.14,41.8751,7.2052,16.7377,0.5961,8.1154,89.2647,No,5.03,6,4633
2021-05-27,142062.91,42.0629,7.2375,16.7397,0.5945,8.1192,89.0278,No,5.02,6,4634
2021-05-28,141965.27,41.9653,7.2269,16.7416,0.5954,8.1222,88.8591,No,5.02,6,4635
2021-06-01,141981.8,41.9818,7.2457,16.7417,0.592,8.1252,88.9462,No,5.01,6,4636
2021-06-02,141757.31,41.7573,7.2159,16.7411,0.609,8.1224,88.6534,No,5.01,6,4637
2021-06-03,142654.23,42.6542,7.3552,16.7385,0.5893,8.1198,89.3097,No,5.01,6,4638
2021-06-04,141497.92,41.4979,7.1849,16.7345,0.5898,8.1216,87.6499,No,5.0,6,4639
2021-06-07,141513.43,41.5134,7.1995,16.737,0.5875,8.1246,87.7951,No,4.99,6,4640
2021-06-08,141335.08,41.3351,7.1765,16.7324,0.5832,8.1273,87.7584,No,4.99,6,4641
2021-06-09,141076.81,41.0768,7.1413,16.7271,0.577,8.129,88.0941,No,4.99,6,4642
2021-06-10,140666.14,40.6661,7.0827,16.7247,0.5825,8.1313,87.214,No,4.99,6,4643
2021-06-11,140935.19,40.9352,7.1278,16.7242,0.5904,8.1341,86.8456,No,4.98,6,4644
2021-06-14,141357.51,41.3575,7.2044,16.7283,0.5955,8.1379,86.4608,No,4.98,6,4645
2021-06-15,141643.54,41.6435,7.2521,16.7282,0.598,8.1414,86.83,No,4.97,6,4646
2021-06-16,141790.57,41.7906,7.2787,16.727,0.619,8.136,87.84,No,4.97,6,4647
2021-06-17,142893.56,42.8936,7.4503,16.7195,0.6175,8.1416,87.917,No,4.97,6,4648
2021-06-18,142885.97,42.886,7.4534,16.7068,0.6162,8.1432,90.4063,No,4.96,6,4649
2021-06-21,142640.43,42.6404,7.429,16.719,0.6128,8.1475,87.7686,No,4.96,6,4650
2021-06-22,142462.51,42.4625,7.4062,16.7194,0.6132,8.151,86.8114,No,4.95,6,4651
2021-06-23,142473.34,42.4733,7.412,16.7203,0.6114,8.1542,87.0135,No,4.95,6,4652
2021-06-24,142318.71,42.3187,7.3927,16.7213,0.6155,8.1574,85.917,No,4.95,6,4653
2021-06-25,142528.96,42.529,7.429,16.7273,0.6068,8.1602,85.2964,No,4.95,6,4654
2021-06-28,142024.6,42.0246,7.3647,16.7232,0.612,8.1622,84.8686,No,4.94,6,4655
2021-06-29,142281.51,42.2815,7.4083,16.7225,0.606,8.1654,84.8009,No,4.93,6,4656
2021-06-30,141915.84,41.9158,7.3565,16.7208,0.6015,8.1677,84.5507,No,4.93,6,4657
2021-07-01,141609.39,41.6094,7.3137,16.7224,0.591,8.169,83.5797,No,4.93,6,4658
2021-07-02,140981.99,40.982,7.2212,16.7219,0.5815,8.1702,82.1899,No,4.93,6,4659
2021-07-06,140448.97,40.449,7.1553,16.716,0.5722,8.1702,82.5506,No,4.92,6,4660
2021-07-07,139870.86,39.8709,7.0695,16.7129,0.5763,8.1724,81.9392,No,4.91,6,4661
2021-07-08,140092.74,40.0927,7.1081,16.7086,0.5754,8.1752,83.474,No,4.91,6,4662
2021-07-09,139941.08,39.9411,7.0886,16.7186,0.5752,8.1795,81.4252,No,4.91,6,4663
2021-07-12,139937.84,39.9378,7.1004,16.7202,0.5811,8.1824,80.8015,No,4.9,6,4664
2021-07-13,140253.65,40.2536,7.1538,16.7228,0.5687,8.1829,81.439,No,4.9,6,4665
2021-07-14,139541.53,39.5415,7.0465,16.7179,0.5634,8.1843,81.2059,No,4.89,6,4666
2021-07-15,139218.39,39.2184,6.9999,16.7119,0.5752,8.1841,81.7951,No,4.89,6,4667
2021-07-16,139824.18,39.8242,7.099,16.7104,0.574,8.1878,83.1761,No,4.89,6,4668
2021-07-19,139828.38,39.8284,7.1121,16.6956,0.5723,8.1892,86.1264,No,4.88,6,4669
2021-07-20,139523.32,39.5233,7.0683,16.7046,0.5771,8.1928,83.3413,No,4.88,6,4670
2021-07-21,139783.24,39.7832,7.1133,16.713,0.5687,8.1965,81.8424,No,4.87,6,4671
2021-07-22,139349.74,39.3497,7.0491,16.7093,0.5684,8.1993,81.4629,No,4.87,6,4672
2021-07-23,139257.93,39.2579,7.0387,16.7154,0.5694,8.2035,79.6322,No,4.87,6,4673
2021-07-26,139316.51,39.3165,7.0603,16.7175,0.5656,8.2071,79.2033,No,4.86,6,4674
2021-07-27,139122.42,39.1224,7.0337,16.7112,0.5668,8.2096,80.051,No,4.86,6,4675
2021-07-28,139124.2,39.1242,7.0381,16.7111,0.557,8.2111,80.0834,No,4.85,6,4676
2021-07-29,138549.51,38.5495,6.9509,16.7151,0.5643,8.2126,79.308,No,4.85,6,4677
2021-07-30,138937.43,38.9374,7.0167,16.7113,0.5587,8.2155,80.2685,No,4.85,6,4678
2021-08-02,138608.59,38.6086,6.9766,16.7067,0.5569,8.218,80.6009,No,4.84,6,4679
2021-08-03,138433.83,38.4338,6.9528,16.7088,0.5583,8.2219,79.131,No,4.84,6,4680
2021-08-04,138529.06,38.5291,6.9721,16.7065,0.5604,8.2249,79.9629,No,4.84,6,4681
2021-08-05,138570.17,38.5702,6.9827,16.7107,0.5864,8.2158,78.8758,No,4.83,6,4682
2021-08-06,139936.21,39.9362,7.2044,16.7189,0.6025,8.2164,78.5557,No,4.83,6,4683
2021-08-09,140831.88,40.8319,7.359,16.7202,0.6034,8.2212,78.71,No,4.82,6,4684
2021-08-10,140835.59,40.8356,7.3639,16.7226,0.5946,8.2234,78.5328,No,4.82,6,4685
2021-08-11,140319.38,40.3194,7.2865,16.7238,0.5944,8.2262,78.0862,No,4.82,6,4686
2021-08-12,140281.7,40.2817,7.2848,16.7255,0.5748,8.222,77.5154,No,4.81,6,4687
2021-08-13,139172.27,39.1723,7.1121,16.7188,0.5683,8.2229,77.2236,No,4.81,6,4688
2021-08-16,138763.99,38.764,7.0592,16.7185,0.5742,8.2251,76.7553,No,4.8,6,4689
2021-08-17,139070.0,39.07,7.1125,16.7166,0.5808,8.2276,78.0011,No,4.8,6,4690
2021-08-18,139416.71,39.4167,7.1724,16.7119,0.5768,8.2303,79.9007,No,4.8,6,4691
2021-08-19,139150.62,39.1506,7.1339,16.709,0.5716,8.2328,79.6629,No,4.79,6,4692
2021-08-20,138807.62,38.8076,7.083,16.7111,0.559,8.2334,78.2033,No,4.79,6,4693
2021-08-23,138083.26,38.0833,6.9785,16.714,0.5623,8.2362,76.6813,No,4.78,6,4694
2021-08-24,138236.8,38.2368,7.0075,16.7181,0.5726,8.2379,76.4165,No,4.78,6,4695
2021-08-25,138762.44,38.7624,7.0967,16.7226,0.5731,8.2423,76.0235,No,4.78,6,4696
2021-08-26,138803.16,38.8032,7.1075,16.7196,0.5557,8.239,77.0481,No,4.78,6,4697
2021-08-27,137790.53,37.7905,6.9475,16.7192,0.5543,8.2416,75.4966,No,4.77,6,4698
2021-08-30,137686.57,37.6866,6.9429,16.7192,0.5577,8.245,74.7331,No,4.76,6,4699
2021-08-31,137841.08,37.8411,6.9722,16.7221,0.5574,8.2486,74.9491,No,4.76,6,4700
2021-09-01,137804.93,37.8049,6.9705,16.7214,0.5547,8.2519,74.8829,No,4.76,6,4701
2021-09-02,137632.9,37.6329,6.9466,16.7203,0.5533,8.2553,74.3597,No,4.76,6,4702
2021-09-03,137528.92,37.5289,6.9337,16.7245,0.574,8.2506,74.4136,No,4.75,6,4703
2021-09-07,138589.52,38.5895,7.1237,16.7273,0.5726,8.2552,75.0029,No,4.74,6,4704
2021-09-08,138506.98,38.507,7.1145,16.7238,0.5661,8.2575,75.2279,No,4.74,6,4705
2021-09-09,138142.71,38.1427,7.0592,16.7169,0.5807,8.2562,76.0237,No,4.74,6,4706
2021-09-10,138865.01,38.865,7.1814,16.7187,0.575,8.2596,77.3851,No,4.73,6,4707
2021-09-13,138532.05,38.5321,7.1399,16.7166,0.5669,8.2614,76.9807,No,4.73,6,4708
2021-09-14,138094.62,38.0946,7.0725,16.7095,0.5693,8.2638,77.9597,No,4.72,6,4709
2021-09-15,138130.45,38.1304,7.0826,16.7136,0.5871,8.2615,76.4595,No,4.72,6,4710
2021-09-16,139077.4,39.0774,7.242,16.7151,0.5986,8.2634,76.7282,No,4.72,6,4711
2021-09-17,139675.06,39.6751,7.344,16.7147,0.5977,8.267,78.3524,No,4.72,6,4712
2021-09-20,139658.15,39.6582,7.3545,16.704,0.5955,8.269,81.4316,No,4.71,6,4713
2021-09-21,139431.71,39.4317,7.3219,16.7042,0.5858,8.2705,81.5707,No,4.7,6,4714
2021-09-22,138866.48,38.8665,7.2336,16.7043,0.6038,8.2676,79.8585,No,4.7,6,4715
2021-09-23,139742.39,39.7424,7.3816,16.7183,0.6077,8.2724,77.6951,No,4.7,6,4716
2021-09-24,139972.49,39.9725,7.4237,16.7233,0.6119,8.2759,77.4335,No,4.7,6,4717
2021-09-27,140189.05,40.189,7.4726,16.7242,0.6421,8.2631,77.9236,No,4.69,6,4718
2021-09-28,141773.22,41.7732,7.7353,16.7254,0.6462,8.2668,81.6123,No,4.68,6,4719
2021-09-29,141944.61,41.9446,7.7678,16.725,0.6418,8.2702,81.31,No,4.68,6,4720
2021-09-30,141705.62,41.7056,7.7337,16.7217,0.6297,8.2697,83.4827,No,4.68,6,4721
2021-10-01,140951.29,40.9513,7.6155,16.7212,0.6366,8.272,81.3971,No,4.68,6,4722
2021-10-04,141344.53,41.3445,7.6936,16.7185,0.6395,8.275,83.7727,No,4.67,6,4723
2021-10-05,141402.39,41.4024,7.7078,16.7262,0.6326,8.2787,81.838,No,4.67,6,4724
2021-10-06,141035.28,41.0353,7.6524,16.7248,0.6353,8.2819,81.0945,No,4.66,6,4725
2021-10-07,141126.6,41.1266,7.6721,16.7323,0.6417,8.2852,79.5628,No,4.66,6,4726
2021-10-08,141469.39,41.4694,7.7328,16.735,0.649,8.2879,79.9044,No,4.66,6,4727
2021-10-11,141847.04,41.847,7.8088,16.7342,0.6389,8.2895,81.148,No,4.65,6,4728
2021-10-12,141277.08,41.2771,7.7202,16.7255,0.6191,8.284,81.5871,No,4.65,6,4729
2021-10-13,140136.7,40.1367,7.5371,16.7221,0.6055,8.2829,81.0362,No,4.64,6,4730
2021-10-14,139316.79,39.3168,7.4058,16.7255,0.6152,8.2847,77.9792,No,4.64,6,4731
2021-10-15,139812.77,39.8128,7.4927,16.7303,0.6109,8.2888,76.6613,No,4.64,6,4732
2021-10-18,139576.13,39.5761,7.4672,16.7291,0.6137,8.2921,76.067,No,4.63,6,4733
2021-10-19,139679.74,39.6797,7.489,16.7378,0.6105,8.2962,74.7723,No,4.63,6,4734
2021-10-20,139494.7,39.4947,7.4628,16.7422,0.6107,8.2999,74.1325,No,4.62,6,4735
2021-10-21,139478.92,39.4789,7.4647,16.7437,0.5995,8.3013,73.5996,No,4.62,6,4736
2021-10-22,138862.0,38.862,7.3662,16.7383,0.5943,8.3037,73.7833,No,4.62,6,4737
2021-10-25,138540.62,38.5406,7.3259,16.7405,0.5929,8.3073,72.9614,No,4.61,6,4738
2021-10-26,138446.4,38.4464,7.3146,16.7371,0.583,8.309,72.6466,No,4.61,6,4739
2021-10-27,137919.61,37.9196,7.2303,16.7272,0.5785,8.3113,73.5201,No,4.61,6,4740
2021-10-28,137607.01,37.607,7.1819,16.7317,0.5821,8.3149,71.8226,No,4.6,6,4741
2021-10-29,137787.36,37.7874,7.2168,16.7308,0.5817,8.3187,71.4694,No,4.6,6,4742
2021-11-01,137727.99,37.728,7.2201,16.7347,0.579,8.3223,71.1596,No,4.59,6,4743
2021-11-02,137570.04,37.57,7.1978,16.7337,0.5914,8.323,70.5316,No,4.59,6,4744
2021-11-03,138180.93,38.1809,7.3058,16.7403,0.5716,8.3198,69.437,No,4.59,6,4745
2021-11-04,137101.24,37.1012,7.1269,16.7369,0.5517,8.315,68.7094,No,4.58,6,4746
2021-11-05,136028.46,36.0285,6.9477,16.7312,0.5491,8.3179,68.0651,No,4.58,6,4747
2021-11-08,135851.27,35.8513,6.9302,16.7324,0.5422,8.3206,67.9141,No,4.57,6,4748
2021-11-09,135493.11,35.4931,6.8727,16.7254,0.5543,8.3212,68.4917,No,4.57,6,4749
2021-11-10,136060.12,36.0601,6.9747,16.7318,0.5498,8.3246,69.8512,No,4.57,6,4750
2021-11-11,135806.94,35.8069,6.9354,16.7327,0.5468,8.328,69.7575,No,4.56,6,4751
2021-11-12,135611.24,35.6112,6.9059,16.737,0.5561,8.33,68.5244,No,4.56,6,4752
2021-11-15,136063.24,36.0632,6.997,16.743,0.56,8.3336,68.519,No,4.55,6,4753
2021-11-16,136233.59,36.2336,7.0308,16.7453,0.551,8.3361,67.8612,No,4.55,6,4754
2021-11-17,135761.4,35.7614,6.9534,16.7409,0.55,8.3394,68.2658,No,4.55,6,4755
2021-11-18,135666.63,35.6666,6.9414,16.7401,0.5477,8.343,67.6831,No,4.55,6,4756
2021-11-19,135538.34,35.5383,6.9234,16.7347,0.5753,8.3331,67.9143,No,4.54,6,4757
2021-11-22,136873.21,36.8732,7.1678,16.7391,0.5928,8.3314,68.4372,No,4.53,6,4758
2021-11-23,137735.71,37.7357,7.3209,16.7463,0.5809,8.3329,68.1564,No,4.53,6,4759
2021-11-24,137102.86,37.1029,7.2164,16.7395,0.5794,8.3363,67.7641,No,4.53,6,4760
2021-11-26,137061.2,37.0612,7.2183,16.7213,0.579,8.3396,71.6614,No,4.52,6,4761
2021-11-29,136914.85,36.9149,7.2065,16.7288,0.5847,8.3426,69.4142,No,4.52,6,4762
2021-11-30,137264.59,37.2646,7.2717,16.7163,0.5871,8.346,72.6657,No,4.51,6,4763
2021-12-01,137331.97,37.332,7.2879,16.7101,0.5856,8.3495,74.7152,No,4.51,6,4764
2021-12-02,137188.2,37.1882,7.2676,16.7136,0.5756,8.3516,72.243,No,4.51,6,4765
2021-12-03,136689.28,36.6893,7.1854,16.7058,0.5799,8.3548,73.7025,No,4.5,6,4766
2021-12-06,136798.02,36.798,7.218,16.7156,0.5693,8.3569,71.6834,No,4.5,6,4767
2021-12-07,136235.01,36.235,7.1242,16.7252,0.5784,8.3589,68.1984,No,4.49,6,4768
2021-12-08,136680.02,36.68,7.2065,16.7342,0.5827,8.3624,67.6775,No,4.49,6,4769
2021-12-09,136912.84,36.9128,7.2517,16.7296,0.5757,8.3651,68.8697,No,4.49,6,4770
2021-12-10,136495.52,36.4955,7.1833,16.7335,0.5709,8.3685,67.2707,No,4.48,6,4771
2021-12-13,136266.19,36.2662,7.1567,16.7241,0.5847,8.3687,68.8093,No,4.48,6,4772
2021-12-14,136910.58,36.9106,7.2743,16.723,0.5838,8.3725,70.0552,No,4.47,6,4773
2021-12-15,136810.33,36.8103,7.2613,16.7321,0.5766,8.3756,67.3165,No,4.47,6,4774
2021-12-16,136435.54,36.4355,7.2001,16.7296,0.5737,8.3791,68.7851,No,4.47,6,4775
2021-12-17,136289.44,36.2894,7.179,16.7215,0.5916,8.3772,70.5302,No,4.47,6,4776
2021-12-20,137132.32,37.1323,7.3411,16.7216,0.585,8.3802,72.4928,No,4.46,6,4777
2021-12-21,136738.69,36.7387,7.2765,16.7285,0.5701,8.3803,69.4673,No,4.45,6,4778
2021-12-22,135963.58,35.9636,7.1442,16.7294,0.5686,8.384,67.7419,No,4.45,6,4779
2021-12-23,135849.27,35.8493,7.1285,16.7353,0.559,8.3864,66.7016,No,4.45,6,4780
2021-12-27,135351.9,35.3519,7.0582,16.7381,0.5621,8.3901,64.4202,No,4.44,6,4781
2021-12-28,135474.96,35.475,7.0847,16.7397,0.5709,8.3924,64.5865,No,4.44,6,4782
2021-12-29,135885.83,35.8858,7.1624,16.7453,0.5647,8.3957,64.3557,No,4.43,6,4783
2021-12-30,135560.8,35.5608,7.1091,16.7406,0.5603,8.3989,64.8334,No,4.43,6,4784
2021-12-31,135305.32,35.3053,7.068,16.0736,0.5853,8.3915,65.2594,No,4.43,6,4785
2022-01-03,136505.07,36.5051,7.2957,16.0736,0.5835,8.3952,64.2118,No,4.42,6,4786
2022-01-04,136523.21,36.5232,7.3036,15.7637,0.5998,8.3941,64.3043,No,4.42,5,4787
2022-01-05,137058.45,37.0584,7.4035,15.8219,0.6099,8.4045,67.541,No,4.41,5,4788
2022-01-06,137786.12,37.7861,7.5373,15.7874,0.617,8.4079,67.6905,No,4.41,5,4789
2022-01-07,137926.5,37.9265,7.567,15.8293,0.6145,8.4149,68.3416,No,4.41,5,4790
2022-01-10,137869.79,37.8698,7.5716,15.8224,0.5972,8.4132,68.5846,No,4.4,5,4791
2022-01-11,136956.69,36.9567,7.414,15.7963,0.5958,8.4115,67.0545,No,4.4,5,4792
2022-01-12,136789.3,36.7893,7.3889,15.6363,0.6015,8.414,66.5825,No,4.39,5,4793
2022-01-13,137118.4,37.1184,7.4525,15.3439,0.6141,8.4197,68.9707,No,4.39,5,4794
2022-01-14,137614.2,37.6142,7.5457,15.4056,0.6372,8.4154,68.8293,No,4.39,5,4795
2022-01-18,138700.44,38.7004,7.7586,15.4589,0.6251,8.429,71.9892,No,4.38,5,4796
2022-01-19,138168.93,38.1689,7.6692,15.4225,0.6282,8.4357,73.6685,No,4.38,5,4797
2022-01-20,138368.34,38.3683,7.7097,15.3962,0.6378,8.442,75.5935,No,4.37,5,4798
2022-01-21,138896.46,38.8965,7.8086,15.3484,0.6395,8.4528,78.9769,No,4.37,5,4799
2022-01-24,138823.97,38.824,7.811,15.3792,0.644,8.4562,78.4822,No,4.36,5,4800
2022-01-25,139054.88,39.0549,7.8572,15.3806,0.6614,8.4604,80.6806,No,4.36,5,4801
2022-01-26,139920.86,39.9209,8.0162,15.4335,0.6658,8.4664,80.9496,No,4.36,5,4802
2022-01-27,140372.66,40.3727,8.1014,15.3703,0.657,8.4662,81.9172,No,4.35,5,4803
2022-01-28,139723.29,39.7233,7.9916,15.3768,0.6464,8.4555,77.5725,No,4.35,5,4804
2022-01-31,139020.61,39.0206,7.882,15.399,0.6425,8.4516,74.2777,No,4.34,5,4805
2022-02-01,138770.89,38.7709,7.8424,15.4126,0.6308,8.4507,73.0891,No,4.34,5,4806
2022-02-02,138174.38,38.1744,7.7405,15.3996,0.6573,8.4382,71.4717,No,4.34,5,4807
2022-02-03,139335.19,39.3352,7.9538,15.4267,0.6606,8.454,75.7504,No,4.33,5,4808
2022-02-04,139502.09,39.5021,7.9888,15.4861,0.656,8.4585,74.8194,No,4.33,5,4809
2022-02-07,139302.7,39.3027,7.9689,15.4798,0.6524,8.4639,75.465,No,4.32,5,4810
2022-02-08,139089.23,39.0892,7.9358,15.5076,0.638,8.4622,74.0016,No,4.32,5,4811
2022-02-09,138376.38,38.3764,7.8127,15.5021,0.6632,8.4492,71.4904,No,4.32,5,4812
2022-02-10,139412.52,39.4125,8.0044,15.562,0.6616,8.4643,74.6318,No,4.32,5,4813
2022-02-11,139522.06,39.5221,8.0293,15.4975,0.6638,8.4735,78.0017,No,4.31,5,4814
2022-02-14,139453.29,39.4533,8.0329,15.5412,0.6635,8.4819,78.675,No,4.3,5,4815
2022-02-15,139526.56,39.5266,8.0514,15.5945,0.6538,8.4796,75.8815,No,4.3,5,4816
2022-02-16,139002.64,39.0026,7.9622,15.5681,0.6527,8.4819,75.7032,No,4.3,5,4817
2022-02-17,138892.21,38.8922,7.9475,15.5268,0.6507,8.4942,79.4816,No,4.3,5,4818
2022-02-18,138865.63,38.8656,7.948,15.4836,0.6548,8.4991,80.7502,No,4.29,5,4819
2022-02-22,138991.14,38.9911,7.9919,15.4694,0.6769,8.4989,82.5999,No,4.28,5,4820
2022-02-23,139978.42,39.9784,8.176,15.5198,0.6588,8.5101,86.024,No,4.28,5,4821
2022-02-24,139130.35,39.1303,8.0278,15.5184,0.6574,8.5071,83.268,No,4.28,5,4822
2022-02-25,139092.68,39.0927,8.0263,15.5293,0.6424,8.4947,79.238,No,4.27,5,4823
2022-02-28,138288.99,38.289,7.8957,15.4395,0.6325,8.4929,79.657,No,4.27,5,4824
2022-03-01,137671.27,37.6713,7.7877,15.3812,0.6522,8.4962,82.4757,No,4.26,5,4825
2022-03-02,138441.3,38.4413,7.9341,15.5301,0.6416,8.496,79.1302,No,4.26,5,4826
2022-03-03,138062.05,38.062,7.8699,15.4854,0.6258,8.4958,80.0538,No,4.26,5,4827
2022-03-04,137268.66,37.2687,7.7292,15.1783,0.6437,8.4966,81.4811,No,4.25,5,4828
2022-03-07,138009.76,38.0098,7.8814,15.234,0.6384,8.5177,86.9985,No,4.25,5,4829
2022-03-08,137754.75,37.7548,7.8397,15.2691,0.6448,8.5272,88.356,No,4.24,5,4830
2022-03-09,138083.21,38.0832,7.9055,15.2694,0.6543,8.5165,83.6089,No,4.24,5,4831
2022-03-10,138436.44,38.4364,7.9759,15.3151,0.6652,8.5226,84.3832,No,4.24,5,4832
2022-03-11,139063.87,39.0639,8.0966,15.3217,0.6966,8.516,86.7936,No,4.24,5,4833
2022-03-14,140443.11,40.4431,8.3656,15.3981,0.692,8.5272,88.149,No,4.23,5,4834
2022-03-15,140326.33,40.3263,8.3499,15.3805,0.679,8.5164,84.2013,No,4.22,5,4835
2022-03-16,139657.73,39.6577,8.2331,15.3289,0.6666,8.5035,80.1642,No,4.22,5,4836
2022-03-17,138814.69,38.8147,8.0834,15.3356,0.6549,8.5017,77.9562,No,4.22,5,4837
2022-03-18,138319.61,38.3196,7.9973,15.2887,0.6744,8.4925,75.9028,No,4.22,5,4838
2022-03-21,139030.72,39.0307,8.1452,15.3573,0.6766,8.5008,75.9702,No,4.21,5,4839
2022-03-22,139203.37,39.2034,8.1827,15.3836,0.6645,8.4998,74.0032,No,4.21,5,4840
2022-03-23,138640.95,38.6409,8.0841,15.3332,0.6528,8.5027,76.1554,No,4.2,5,4841
2022-03-24,137940.19,37.9402,7.9592,15.3399,0.6622,8.5003,73.6493,No,4.2,5,4842
2022-03-25,138345.13,38.3451,8.04,15.3763,0.6561,8.5043,72.7729,No,4.2,5,4843
2022-03-28,138111.26,38.1113,8.0128,15.3443,0.6543,8.5031,71.5471,No,4.19,5,4844
2022-03-29,138009.12,38.0091,7.9992,15.3107,0.6482,8.4988,69.4695,No,4.19,5,4845
2022-03-30,137559.7,37.5597,7.9204,15.1887,0.6522,8.504,70.5254,No,4.18,5,4846
2022-03-31,137700.21,37.7002,7.9522,15.1549,0.6575,8.5142,73.2252,No,4.18,5,4847
2022-04-01,138038.04,38.038,8.0209,15.1418,0.6549,8.5154,72.6365,No,4.18,5,4848
2022-04-04,137791.3,37.7913,7.991,14.3364,0.6832,8.5035,71.2496,No,4.17,5,4849
2022-04-05,139014.78,39.0148,8.2258,14.0867,0.6955,8.5135,73.3984,No,4.17,5,4850
2022-04-06,139672.29,39.6723,8.3542,14.1171,0.6913,8.5233,75.0992,No,4.16,5,4851
2022-04-07,139469.83,39.4698,8.3221,13.9279,0.698,8.5262,74.3359,No,4.16,5,4852
2022-04-08,139752.38,39.7524,8.3805,13.8736,0.7204,8.5244,74.796,No,4.16,5,4853
2022-04-11,140778.42,40.7784,8.589,13.9174,0.712,8.5386,77.7969,No,4.15,5,4854
2022-04-12,140423.52,40.4235,8.5289,13.9096,0.6996,8.5426,78.4006,No,4.15,5,4855
2022-04-13,139815.25,39.8153,8.4211,13.3736,0.7285,8.5282,76.3958,No,4.15,5,4856
2022-04-14,141065.93,41.0659,8.6603,13.428,0.7265,8.5416,78.5644,No,4.14,5,4857
2022-04-18,141018.31,41.0183,8.6753,13.4335,0.7304,8.5467,78.601,No,4.13,5,4858
2022-04-19,141225.5,41.2255,8.72,13.4441,0.7195,8.5425,75.7758,No,4.13,5,4859
2022-04-20,140645.96,40.646,8.6177,12.846,0.7403,8.5363,75.882,No,4.13,5,4860
2022-04-21,141519.48,41.5195,8.7869,11.9704,0.7703,8.5322,78.5011,No,4.12,5,4861
2022-04-22,142948.48,42.9485,9.0586,11.9167,0.7718,8.5494,83.5913,No,4.12,5,4862
2022-04-25,143147.75,43.1477,9.1145,11.7807,0.7841,8.5465,82.5486,No,4.11,5,4863
2022-04-26,143655.71,43.6557,9.2149,11.7713,0.7979,8.5581,87.8338,No,4.11,5,4864
2022-04-27,144305.35,44.3053,9.3414,11.8027,0.7786,8.5571,87.4385,No,4.11,5,4865
2022-04-28,143340.12,43.3401,9.1692,11.2031,0.8095,8.5362,82.9014,No,4.1,5,4866
2022-04-29,144666.74,44.6667,9.4211,11.2519,0.8349,8.5456,89.7738,No,4.1,5,4867
2022-05-02,145990.72,45.9907,9.6848,11.2912,0.8245,8.5479,88.7019,No,4.09,5,4868
2022-05-03,145446.85,45.4469,9.5915,11.2734,0.802,8.5392,87.7934,No,4.09,5,4869
2022-05-04,144265.5,44.2655,9.3798,10.4687,0.8509,8.4972,82.3461,No,4.09,5,4870
2022-05-05,146336.72,46.3367,9.7688,10.5382,0.8601,8.5173,89.0659,No,4.08,5,4871
2022-05-06,146904.13,46.9041,9.8798,10.5724,0.887,8.5136,90.1166,No,4.08,5,4872
2022-05-09,148268.55,48.2686,10.1503,10.5624,0.8856,8.5285,96.3939,No,4.07,5,4873
2022-05-10,148216.98,48.217,10.1481,10.5448,0.8803,8.5295,95.9113,No,4.07,5,4874
2022-05-11,147919.97,47.92,10.101,10.5028,0.8955,8.5339,99.1832,No,4.07,5,4875
2022-05-12,148615.74,48.6157,10.2353,10.5128,0.8963,8.5385,99.3704,No,4.07,5,4876
2022-05-13,148587.32,48.5873,10.2373,10.5451,0.8985,8.5354,94.7009,No,4.06,5,4877
2022-05-16,148632.67,48.6327,10.2674,10.5472,0.8911,8.5406,95.4624,No,4.05,5,4878
2022-05-17,148216.7,48.2167,10.1984,10.5706,0.907,8.535,91.5877,No,4.05,5,4879
2022-05-18,149052.87,49.0529,10.3589,10.531,0.9007,8.5502,99.6048,No,4.05,5,4880
2022-05-19,148652.86,48.6529,10.293,10.5222,0.8926,8.5557,100.7544,No,4.05,5,4881
2022-05-20,148250.17,48.2502,10.2263,10.4972,0.8903,8.5579,100.7217,No,4.04,5,4882
2022-05-23,147988.8,47.9888,10.2,10.5298,0.8754,8.5542,97.0417,No,4.04,5,4883
2022-05-24,147276.17,47.2762,10.0754,10.4846,0.8748,8.5586,98.6522,No,4.03,5,4884
2022-05-25,147175.7,47.1757,10.064,10.4777,0.8649,8.5564,96.7892,No,4.03,5,4885
2022-05-26,146572.82,46.5728,9.959,10.4838,0.8452,8.5465,92.9457,No,4.03,5,4886
2022-05-27,145520.97,45.521,9.7695,10.2824,0.8716,8.531,88.2546,No,4.02,5,4887
2022-05-31,146639.3,46.6393,10.0071,10.3266,0.8767,8.5404,89.4264,No,4.01,5,4888
2022-06-01,146929.2,46.9292,10.0685,10.3313,0.8546,8.5393,90.8352,No,4.01,5,4889
2022-06-02,145774.59,45.7746,9.8592,10.1559,0.8786,8.528,87.3496,No,4.01,5,4890
2022-06-03,146862.63,46.8626,10.0705,10.1743,0.8928,8.5347,90.4494,No,4.01,5,4891
2022-06-06,147518.45,47.5184,10.215,10.2048,0.8749,8.5362,89.8522,No,4.0,5,4892
2022-06-07,146631.21,46.6312,10.056,10.1766,0.8896,8.532,88.056,No,3.99,5,4893
2022-06-08,147232.59,47.2326,10.1761,10.2046,0.906,8.5367,90.101,No,3.99,5,4894
2022-06-09,148050.27,48.0503,10.3365,10.2225,0.9235,8.5432,94.7161,No,3.99,5,4895
2022-06-10,148904.18,48.9042,10.5033,10.2668,1.0016,8.4756,100.5481,No,3.99,5,4896
2022-06-13,152456.52,52.4565,11.1831,10.3595,1.0206,8.4909,108.6354,No,3.98,5,4897
2022-06-14,153443.3,53.4433,11.3718,10.3836,0.9949,8.487,109.3524,No,3.98,5,4898
2022-06-15,152076.99,52.077,11.1296,10.3366,1.0028,8.4828,106.3351,No,3.97,5,4899
2022-06-16,152459.24,52.4592,11.208,10.3604,1.0042,8.4972,113.2463,No,3.97,5,4900
2022-06-17,152462.59,52.4626,11.2168,10.3513,1.0,8.4999,112.7734,No,3.97,5,4901
2022-06-21,152128.23,52.1282,11.1878,10.3571,0.9813,8.4931,107.6782,No,3.96,5,4902
2022-06-22,151217.32,51.2173,11.0272,10.3099,0.9743,8.4927,107.9457,No,3.95,5,4903
2022-06-23,150736.39,50.7364,10.9458,10.2846,0.9632,8.4904,105.973,No,3.95,5,4904
2022-06-24,150049.32,50.0493,10.8254,10.2791,0.9751,8.4846,99.861,No,3.95,5,4905
2022-06-27,150579.9,50.5799,10.9486,10.2971,0.9887,8.4878,100.4509,No,3.94,5,4906
2022-06-28,151263.27,51.2633,11.0843,10.3091,0.9799,8.4966,104.5719,No,3.94,5,4907
2022-06-29,150820.29,50.8203,11.0096,10.2817,0.9856,8.4984,104.6947,No,3.93,5,4908
2022-06-30,151055.74,51.0557,11.0618,10.2741,0.9739,8.5018,106.4691,No,3.93,5,4909
2022-07-01,150406.09,50.4061,10.9481,10.2447,0.9842,8.4998,104.3103,No,3.93,5,4910
2022-07-05,150892.76,50.8928,11.0719,10.2247,1.009,8.4941,103.9503,No,3.92,5,4911
2022-07-06,151951.46,51.9515,11.2786,10.2475,1.0032,8.4992,103.2205,No,3.92,5,4912
2022-07-07,151614.11,51.6141,11.2237,10.2485,1.0116,8.4987,100.2011,No,3.91,5,4913
2022-07-08,151966.83,51.9668,11.2982,10.2697,1.0118,8.5049,100.3516,No,3.91,5,4914
2022-07-11,152055.6,52.0556,11.3399,10.2498,1.0194,8.5098,102.6846,No,3.9,5,4915
2022-07-12,152363.09,52.3631,11.406,10.2482,1.0108,8.515,104.5719,No,3.9,5,4916
2022-07-13,151885.22,51.8852,11.3247,10.2346,1.0345,8.5109,105.4837,No,3.9,5,4917
2022-07-14,152981.71,52.9817,11.539,10.2481,1.0182,8.5128,106.0751,No,3.89,5,4918
2022-07-15,152103.53,52.1035,11.3826,10.2186,1.0316,8.5077,102.1925,No,3.89,5,4919
2022-07-18,152617.58,52.6176,11.5049,10.2466,1.0143,8.5119,103.8978,No,3.88,5,4920
2022-07-19,151744.37,51.7444,11.3487,10.2287,1.0139,8.5088,98.4078,No,3.88,5,4921
2022-07-20,151684.62,51.6846,11.3458,10.217,0.9902,8.5005,97.2419,No,3.88,5,4922
2022-07-21,150407.45,50.4075,11.1115,10.1785,0.9805,8.4976,95.2984,No,3.87,5,4923
2022-07-22,149846.86,49.8469,11.0127,10.1607,0.9922,8.5005,97.1359,No,3.87,5,4924
2022-07-25,150317.41,50.3174,11.1275,10.1758,1.0014,8.5041,96.877,No,3.86,5,4925
2022-07-26,150753.82,50.7538,11.2193,10.1864,0.986,8.5083,99.1743,No,3.86,5,4926
2022-07-27,149947.76,49.9478,11.0732,10.1703,0.9596,8.4929,94.0953,No,3.86,5,4927
2022-07-28,148502.09,48.5021,10.8027,10.1479,0.9463,8.4897,91.7451,No,3.85,5,4928
2022-07-29,147791.49,47.7915,10.6729,10.14,0.9288,8.4852,89.0388,No,3.85,5,4929
2022-08-01,146957.92,46.9579,10.5341,10.1013,0.9527,8.4795,89.5728,No,3.84,5,4930
2022-08-02,147860.3,47.8603,10.7183,10.1467,0.9333,8.4838,90.8433,No,3.84,5,4931
2022-08-03,147075.63,47.0756,10.573,10.1016,0.9244,8.4799,87.902,No,3.84,5,4932
2022-08-04,146424.93,46.4249,10.4532,10.1065,0.9517,8.472,88.0315,No,3.84,5,4933
2022-08-05,147630.3,47.6303,10.6975,10.1499,0.934,8.4756,88.3137,No,3.83,5,4934
2022-08-08,146822.08,46.8221,10.5629,10.124,0.9387,8.4781,88.5437,No,3.82,5,4935
2022-08-09,146941.11,46.9411,10.5943,10.1363,0.9268,8.4823,89.3362,No,3.82,5,4936
2022-08-10,146375.99,46.376,10.4908,10.1272,0.9501,8.4735,85.3811,No,3.82,5,4937
2022-08-11,147323.71,47.3237,10.6857,10.1704,0.9253,8.4716,85.4619,No,3.82,5,4938
2022-08-12,146177.31,46.1773,10.4673,10.0293,0.9327,8.4693,82.2808,No,3.81,5,4939
2022-08-15,146444.73,46.4447,10.5441,10.0219,0.9331,8.473,81.5545,No,3.81,5,4940
2022-08-16,146416.67,46.4167,10.5465,9.4764,0.9546,8.4697,81.2055,No,3.8,5,4941
2022-08-17,147308.17,47.3082,10.7313,9.5003,0.9538,8.4775,82.4935,No,3.8,5,4942
2022-08-18,147284.72,47.2847,10.7348,8.7339,0.9824,8.4693,82.0526,No,3.8,5,4943
2022-08-19,148470.76,48.4708,10.9772,8.7036,1.0082,8.4679,84.4261,No,3.79,5,4944
2022-08-22,149660.6,49.6606,11.2366,8.7267,1.0081,8.4786,88.4392,No,3.79,5,4945
2022-08-23,149633.65,49.6337,11.2399,8.7411,1.011,8.4839,88.8593,No,3.78,5,4946
2022-08-24,149763.35,49.7634,11.2739,8.7511,0.9864,8.4784,88.3064,No,3.78,5,4947
2022-08-25,148548.9,48.5489,11.043,7.8336,1.0206,8.4618,85.6854,No,3.78,5,4948
2022-08-26,150004.78,50.0048,11.3387,7.7327,1.0327,8.4716,92.1534,No,3.78,5,4949
2022-08-29,150522.61,50.5226,11.4667,7.7327,1.0457,8.4756,93.4338,No,3.77,5,4950
2022-08-30,151152.74,51.1527,11.5993,7.7327,1.0656,8.4766,95.5749,No,3.76,5,4951
2022-08-31,152019.73,52.0197,11.778,7.7327,1.0861,8.4775,97.0759,No,3.76,5,4952
2022-09-01,152951.15,52.9511,11.9689,7.7327,1.0844,8.4834,96.4533,No,3.76,5,4953
2022-09-02,152825.1,52.8251,11.9536,7.7327,1.1133,8.4771,98.5697,No,3.76,5,4954
2022-09-06,154111.92,54.1119,12.2416,7.7327,1.0813,8.4686,99.3759,No,3.75,5,4955
2022-09-07,152497.32,52.4973,11.9356,7.7327,1.0897,8.4659,95.7795,No,3.74,5,4956
2022-09-08,152796.93,52.7969,12.0036,7.7327,1.0735,8.4656,94.4701,No,3.74,5,4957
2022-09-09,151959.75,51.9598,11.8484,7.7327,1.0678,8.4655,91.5284,No,3.74,5,4958
2022-09-12,151596.89,51.5969,11.8043,7.7327,1.1159,8.4371,89.5227,No,3.73,5,4959
2022-09-13,153678.84,53.6788,12.2235,7.7327,1.1139,8.4509,98.0816,No,3.73,5,4960
2022-09-14,153620.65,53.6206,12.2216,7.7327,1.1409,8.4441,97.3591,No,3.72,5,4961
2022-09-15,154839.92,54.8399,12.4699,7.7327,1.1521,8.4495,99.598,No,3.72,5,4962
2022-09-16,155257.19,55.2572,12.5611,7.7327,1.1473,8.4564,101.0386,No,3.72,5,4963
2022-09-19,155048.09,55.0481,12.5497,7.7327,1.1699,8.452,99.6673,No,3.71,5,4964
2022-09-20,156011.06,56.0111,12.7477,7.7327,1.1679,8.4602,101.9416,No,3.71,5,4965
2022-09-21,155933.14,55.9331,12.7425,7.7327,1.1948,8.4562,105.4446,No,3.7,5,4966
2022-09-22,157059.5,57.0595,12.972,7.7327,1.218,8.4561,107.1811,No,3.7,5,4967
2022-09-23,158243.15,58.2431,13.2118,7.7327,1.2571,8.4439,110.809,No,3.7,5,4968
2022-09-26,159964.33,59.9643,13.5755,7.7327,1.28,8.4447,113.0112,No,3.69,5,4969
2022-09-27,160983.36,60.9834,13.782,7.7327,1.2279,8.4,113.4504,No,3.69,5,4970
2022-09-28,158053.72,58.0537,13.2272,7.7327,1.2531,8.3891,109.3203,No,3.68,5,4971
2022-09-29,159144.42,59.1444,13.4493,7.7327,1.2754,8.3908,113.8071,No,3.68,5,4972
2022-09-30,160155.69,60.1557,13.6555,7.7327,1.2318,8.365,117.0677,No,3.68,5,4973
2022-10-03,157750.84,57.7508,13.2205,7.7327,1.1992,8.3447,111.5892,No,3.67,5,4974
2022-10-04,155981.84,55.9818,12.8835,7.7327,1.2148,8.3403,105.2923,No,3.67,5,4975
2022-10-05,156652.68,56.6527,13.0259,7.7327,1.2287,8.343,105.6873,No,3.67,5,4976
2022-10-06,157249.6,57.2496,13.1537,7.7327,1.2689,8.3279,107.7635,No,3.66,5,4977
2022-10-07,159026.43,59.0264,13.5121,7.7327,1.3077,8.3174,113.742,No,3.66,5,4978
2022-10-10,160769.16,60.7692,13.8838,7.7327,1.3052,8.3244,115.3558,No,3.65,5,4979
2022-10-11,160571.16,60.5712,13.8565,7.7327,1.3088,8.3294,116.7652,No,3.65,5,4980
2022-10-12,160720.72,60.7207,13.8967,7.7327,1.2969,8.332,117.475,No,3.65,5,4981
2022-10-13,160058.64,60.0586,13.7789,7.7327,1.3429,8.3065,111.9436,No,3.64,5,4982
2022-10-14,162081.85,62.0818,14.1831,7.7327,1.32,8.3065,117.072,No,3.64,5,4983
2022-10-17,160819.47,60.8195,13.9718,7.7327,1.3137,8.3077,111.4718,No,3.63,5,4984
2022-10-18,160476.18,60.4762,13.916,7.7327,1.3496,8.2939,109.0782,No,3.63,5,4985
2022-10-19,162045.84,62.0458,14.2334,7.7327,1.3712,8.2945,110.4831,No,3.63,5,4986
2022-10-20,162979.14,62.9791,14.426,7.7327,1.3572,8.299,112.146,No,3.62,5,4987
2022-10-21,162279.3,62.2793,14.3018,7.7327,1.3572,8.3029,107.2256,No,3.62,5,4988
2022-10-24,162227.99,62.228,14.3265,7.7327,1.3227,8.2851,104.7922,No,3.61,5,4989
2022-10-25,160293.29,60.2933,13.9589,7.7327,1.3127,8.2838,101.5131,No,3.61,5,4990
2022-10-26,159698.23,59.6982,13.8528,7.7327,1.3109,8.2879,103.0102,No,3.61,5,4991
2022-10-27,159590.34,59.5903,13.8427,7.7327,1.3074,8.2922,104.2489,No,3.61,5,4992
2022-10-28,159481.1,59.4811,13.8322,7.7327,1.3255,8.291,99.3205,No,3.6,5,4993
2022-10-31,160148.9,60.1489,13.9984,7.7327,1.3173,8.2962,100.8099,No,3.59,5,4994
2022-11-01,159684.25,59.6842,13.9176,7.7327,1.3437,8.2904,101.6349,No,3.59,5,4995
2022-11-02,160817.29,60.8173,14.1536,7.7327,1.368,8.289,106.8044,No,3.59,5,4996
2022-11-03,161932.68,61.9327,14.3854,7.7327,1.3492,8.2898,108.99,No,3.59,5,4997
2022-11-04,160921.38,60.9214,14.1973,7.7327,1.3482,8.2949,106.1387,No,3.58,5,4998
2022-11-07,160866.17,60.8662,14.2212,7.7327,1.32,8.2862,104.1715,No,3.58,5,4999
2022-11-08,159318.77,59.3188,13.9242,7.7327,1.3368,8.285,103.0332,No,3.57,5,5000
2022-11-09,160033.37,60.0334,14.0786,7.7327,1.259,8.1485,107.2966,No,3.57,5,5001
2022-11-10,155484.73,55.4847,13.1716,7.7327,1.2488,8.1465,96.3943,No,3.57,5,5002
2022-11-11,154931.06,54.9311,13.0691,7.7327,1.2562,8.1503,94.5963,No,3.56,5,5003
2022-11-14,155179.04,55.179,13.1521,7.7327,1.2359,8.1495,96.3063,No,3.56,5,5004
2022-11-15,154207.6,54.2076,12.9631,7.7327,1.2256,8.1511,94.596,No,3.55,5,5005
2022-11-16,153672.78,53.6728,12.8632,7.7327,1.2449,8.149,96.17,No,3.55,5,5006
2022-11-17,154465.42,54.4654,13.0375,7.7327,1.2523,8.1536,96.7371,No,3.55,5,5007
2022-11-18,154759.54,54.7595,13.1089,7.7327,1.2607,8.1575,95.7995,No,3.55,5,5008
2022-11-21,155066.65,55.0666,13.2047,7.7327,1.2384,8.1544,96.5405,No,3.54,5,5009
2022-11-22,153994.48,53.9945,12.9936,7.7327,1.2173,8.1507,93.9024,No,3.53,5,5010
2022-11-23,152957.05,52.9571,12.7882,7.7327,1.2176,8.154,92.7522,No,3.53,5,5011
2022-11-25,152899.32,52.8993,12.7972,7.7327,1.2367,8.1535,92.8013,No,3.53,5,5012
2022-11-28,153665.22,53.6652,12.9893,7.7327,1.2451,8.1572,95.8241,No,3.52,5,5013
2022-11-29,153977.58,53.9776,13.0654,7.7327,1.2152,8.1489,96.1192,No,3.52,5,5014
2022-11-30,152626.16,52.6262,12.7928,7.7327,1.1687,8.112,90.1816,No,3.51,5,5015
2022-12-01,150230.34,50.2303,12.296,7.7327,1.1615,8.1149,90.3154,No,3.51,5,5016
2022-12-02,149920.44,49.9204,12.24,7.7327,1.209,8.0919,90.5278,No,3.51,5,5017
2022-12-05,151725.65,51.7257,12.6552,7.7327,1.2102,8.0973,93.9967,No,3.5,5,5018
2022-12-06,151742.21,51.7422,12.6693,7.7327,1.1852,8.0925,96.8234,No,3.5,5,5019
2022-12-07,150602.89,50.6029,12.437,7.7327,1.181,8.0964,97.1861,No,3.49,5,5020
2022-12-08,150344.11,50.3441,12.3919,7.7327,1.2083,8.0909,95.686,No,3.49,5,5021
2022-12-09,151366.5,51.3665,12.6209,7.7327,1.2015,8.0957,97.1267,No,3.49,5,5022
2022-12-12,151108.34,51.1083,12.5972,7.7327,1.1734,8.0871,94.3504,No,3.48,5,5023
2022-12-13,149758.12,49.7581,12.3174,7.7327,1.1788,8.0909,92.9363,No,3.48,5,5024
2022-12-14,149952.86,49.9529,12.3698,7.7327,1.2162,8.0782,94.0736,No,3.47,5,5025
2022-12-15,151408.43,51.4084,12.6933,7.7327,1.2319,8.0798,99.0194,No,3.47,5,5026
2022-12-16,151950.67,51.9507,12.8201,7.7327,1.2579,8.0755,101.2457,No,3.47,5,5027
2022-12-19,152965.48,52.9655,13.0698,7.7327,1.2593,8.0804,103.0614,No,3.46,5,5028
2022-12-20,152980.61,52.9806,13.084,7.7327,1.2446,8.0826,102.8436,No,3.46,5,5029
2022-12-21,152315.73,52.3157,12.9525,7.7327,1.2751,8.0753,99.8438,No,3.45,5,5030
2022-12-22,153501.35,53.5013,13.2175,7.7327,1.28,8.0795,102.7745,No,3.45,5,5031
2022-12-23,153639.38,53.6394,13.2581,7.7327,1.2932,8.0819,101.5859,No,3.45,5,5032
2022-12-27,154151.77,54.1518,13.4129,7.7327,1.3149,8.0806,102.3891,No,3.44,5,5033
2022-12-28,154993.47,54.9935,13.6042,7.7327,1.2861,8.0728,104.8497,No,3.44,5,5034
2022-12-29,153631.69,53.6317,13.324,7.7327,1.2998,8.0747,101.3081,No,3.43,5,5035
2022-12-30,154155.95,54.156,13.448,7.7327,1.2783,8.0729,101.8088,No,3.43,5,5036
2023-01-03,153148.52,53.1485,13.2764,7.7327,1.2547,8.0695,102.612,No,3.42,5,5037
2023-01-04,152217.68,52.2177,13.0858,7.7327,1.2758,8.0683,101.0859,No,3.42,4,5038
2023-01-05,152951.36,52.9514,13.2564,7.7219,1.2322,8.0366,103.4224,No,3.41,4,5039
2023-01-06,150730.71,50.7307,12.7831,7.6879,1.2246,8.0325,98.8762,No,3.41,4,5040
2023-01-09,150399.71,50.3997,12.743,7.6768,1.2361,8.0328,98.9916,No,3.4,4,5041
2023-01-10,150690.04,50.69,12.8178,7.7132,1.2071,8.0356,97.6125,No,3.4,4,5042
2023-01-11,149534.84,49.5348,12.5735,7.6817,1.1791,8.0218,95.1012,No,3.4,4,5043
2023-01-12,148312.68,48.3127,12.3124,7.6414,1.1765,8.0172,94.414,No,3.39,4,5044
2023-01-13,148006.9,48.0069,12.2546,7.6617,1.1894,8.0219,93.633,No,3.39,4,5045
2023-01-17,148524.53,48.5245,12.4127,7.6753,1.183,8.0295,94.0266,No,3.38,4,5046
2023-01-18,148441.82,48.4418,12.4049,7.6228,1.1943,8.0234,97.0937,No,3.38,4,5047
2023-01-19,148624.23,48.6242,12.4564,7.6345,1.191,8.0294,98.5857,No,3.38,4,5048
2023-01-20,148287.23,48.2872,12.3915,7.6721,1.1804,8.0412,94.8945,No,3.37,4,5049
2023-01-23,147936.08,47.9361,12.3444,7.6842,1.1637,8.0458,92.606,No,3.36,4,5050
2023-01-24,147352.91,47.3529,12.2231,7.654,1.1614,8.044,92.7387,No,3.36,4,5051
2023-01-25,147138.32,47.1383,12.185,7.649,1.1626,8.0474,92.7717,No,3.36,4,5052
2023-01-26,147064.65,47.0646,12.1788,7.6609,1.1618,8.0552,90.6593,No,3.36,4,5053
2023-01-27,147052.71,47.0527,12.1866,7.6668,1.181,8.056,90.1814,No,3.35,4,5054
2023-01-30,147817.56,47.8176,12.3924,7.6726,1.1598,8.0551,92.6619,No,3.35,4,5055
2023-01-31,146820.65,46.8206,12.1759,7.6583,1.1408,8.0525,89.8779,No,3.34,4,5056
2023-02-01,146030.16,46.0302,12.0052,7.6349,1.1331,8.0522,87.9129,No,3.34,4,5057
2023-02-02,145616.37,45.6164,11.9205,7.6348,1.1875,8.0229,85.1808,No,3.34,4,5058
2023-02-03,147593.63,47.5936,12.3845,7.6656,1.1992,8.034,87.1098,No,3.33,4,5059
2023-02-06,148019.19,48.0192,12.5143,7.6804,1.1924,8.041,88.2531,No,3.33,4,5060
2023-02-07,147659.33,47.6593,12.4428,7.6998,1.1942,8.0496,85.8573,No,3.32,4,5061
2023-02-08,147828.78,47.8288,12.4926,7.688,1.2208,8.0434,87.9339,No,3.32,4,5062
2023-02-09,148731.4,48.7314,12.7101,7.7069,1.2318,8.0504,89.5791,No,3.32,4,5063
2023-02-10,149085.81,49.0858,12.8022,7.7315,1.2181,8.0587,89.1253,No,3.32,4,5064
2023-02-13,148551.89,48.5519,12.7136,7.7158,1.2205,8.0614,86.9561,No,3.31,4,5065
2023-02-14,148590.81,48.5908,12.7337,7.7208,1.2379,8.0629,86.9857,No,3.3,4,5066
2023-02-15,149202.9,49.2029,12.8854,7.7415,1.2611,8.0655,86.4218,No,3.3,4,5067
2023-02-16,150091.75,50.0918,13.1003,7.7698,1.2576,8.0748,89.0109,No,3.3,4,5068
2023-02-17,149957.47,49.9575,13.0811,7.7528,1.3049,8.0519,89.5001,No,3.3,4,5069
2023-02-21,151636.94,51.6369,13.5117,7.7912,1.2992,8.0632,93.3741,No,3.28,4,5070
2023-02-22,151398.04,51.398,13.4692,7.7714,1.2945,8.0639,93.6755,No,3.28,4,5071
2023-02-23,151128.82,51.1288,13.4196,7.7518,1.3254,8.055,92.6329,No,3.28,4,5072
2023-02-24,152224.91,52.2249,13.682,7.7778,1.3162,8.064,94.6759,No,3.28,4,5073
2023-02-27,151813.06,51.8131,13.6244,7.7727,1.3096,8.0672,94.0556,No,3.27,4,5074
2023-02-28,151519.61,51.5196,13.5693,7.7627,1.3219,8.0674,94.6268,No,3.27,4,5075
2023-03-01,151907.89,51.9079,13.6706,7.7851,1.3255,8.0754,95.5388,No,3.26,4,5076
2023-03-02,151986.49,51.9865,13.7009,7.8059,1.2829,8.0597,94.0376,No,3.26,4,5077
2023-03-03,150171.22,50.1712,13.2945,7.7578,1.292,8.0548,90.9383,No,3.26,4,5078
2023-03-06,150406.98,50.407,13.385,7.7748,1.3201,8.0525,90.7999,No,3.25,4,5079
2023-03-07,151551.46,51.5515,13.6621,7.7588,1.3225,8.0553,93.7644,No,3.25,4,5080
2023-03-08,151477.54,51.4775,13.6573,7.7571,1.3301,8.0592,93.4739,No,3.24,4,5081
2023-03-09,151811.58,51.8116,13.7469,7.7486,1.3,8.0447,97.0799,No,3.24,4,5082
2023-03-10,150586.54,50.5865,13.475,7.6749,1.2835,8.0262,99.9595,No,3.24,4,5083
2023-03-13,149578.25,49.5783,13.2756,7.6697,1.2882,8.0276,100.257,No,3.23,4,5084
2023-03-14,149533.45,49.5335,13.2771,7.7077,1.2631,8.0347,96.9644,No,3.23,4,5085
2023-03-15,148785.91,48.7859,13.1132,7.6662,1.2627,8.0312,98.342,No,3.22,4,5086
2023-03-16,148448.35,48.4483,13.0453,7.686,1.2321,8.0306,94.8904,No,3.22,4,5087
2023-03-17,147457.94,47.4579,12.8223,7.6524,1.2331,8.0277,97.0573,No,3.22,4,5088
2023-03-20,147202.4,47.2024,12.7962,7.6727,1.2483,8.0319,95.3136,No,3.21,4,5089
2023-03-21,147711.15,47.7111,12.9291,7.6937,1.2448,8.042,92.7963,No,3.21,4,5090
2023-03-22,147790.48,47.7905,12.9598,7.6629,1.2251,8.0333,96.0086,No,3.21,4,5091
2023-03-23,146796.71,46.7967,12.7338,7.6631,1.2226,8.0372,95.4087,No,3.2,4,5092
2023-03-24,146626.99,46.627,12.7047,7.6554,1.2621,8.0229,94.3117,No,3.2,4,5093
2023-03-27,147901.43,47.9014,13.0455,7.7066,1.2494,8.0364,93.9922,No,3.19,4,5094
2023-03-28,147532.27,47.5323,12.9688,7.7025,1.2425,8.0396,94.2934,No,3.19,4,5095
2023-03-29,147124.66,47.1247,12.8826,7.7095,1.2246,8.043,91.5659,No,3.19,4,5096
2023-03-30,146465.73,46.4657,12.7353,7.7008,1.2033,8.0404,90.4516,No,3.18,4,5097
2023-03-31,145581.84,45.5818,12.5326,7.6717,1.1893,8.0383,87.7342,No,3.18,4,5098
2023-04-03,145001.8,45.0018,12.4255,7.6623,1.1729,8.038,87.0421,No,3.17,4,5099
2023-04-04,144386.99,44.387,12.2862,7.6506,1.1686,8.0398,88.1156,No,3.17,4,5100
2023-04-05,144160.76,44.1608,12.2419,7.6282,1.1695,8.0411,88.562,No,3.17,4,5101
2023-04-06,144077.27,44.0773,12.2326,7.6236,1.1979,8.0357,87.8503,No,3.16,4,5102
2023-04-10,144973.91,44.9739,12.4987,7.6587,1.1868,8.0463,87.6591,No,3.15,4,5103
2023-04-11,144624.41,44.6244,12.4241,7.6543,1.1904,8.0502,87.6668,No,3.15,4,5104
2023-04-12,144715.38,44.7154,12.458,7.656,1.1721,8.051,88.442,No,3.15,4,5105
2023-04-13,143909.7,43.9097,12.27,7.6751,1.2032,8.0461,85.9465,No,3.15,4,5106
2023-04-14,144979.23,44.9792,12.5462,7.6949,1.2158,8.0525,86.3315,No,3.14,4,5107
2023-04-17,145391.84,45.3918,12.6832,7.7216,1.2043,8.0613,85.714,No,3.13,4,5108
2023-04-18,144999.0,44.999,12.5977,7.7142,1.2131,8.064,85.5556,No,3.13,4,5109
2023-04-19,145248.96,45.249,12.6714,7.7164,1.2052,8.069,85.5712,No,3.13,4,5110
2023-04-20,144972.71,44.9727,12.6146,7.6971,1.2275,8.0654,86.6622,No,3.13,4,5111
2023-04-21,145626.71,45.6267,12.7887,7.7097,1.2126,8.0707,86.4905,No,3.12,4,5112
2023-04-24,145090.77,45.0908,12.6911,7.6892,1.2135,8.0723,86.3317,No,3.12,4,5113
2023-04-25,145157.1,45.1571,12.7195,7.6554,1.2381,8.0665,89.3171,No,3.11,4,5114
2023-04-26,145817.91,45.8179,12.8962,7.6778,1.2266,8.0744,90.0461,No,3.11,4,5115
2023-04-27,145286.93,45.2869,12.7758,7.7027,1.2008,8.0772,86.3944,No,3.11,4,5116
2023-04-28,144409.69,44.4097,12.5679,7.6699,1.2379,8.0619,84.849,No,3.1,4,5117
2023-05-01,145531.77,45.5318,12.8852,7.7332,1.2082,8.0683,84.92,No,3.1,4,5118
2023-05-02,144612.52,44.6125,12.6662,7.678,1.2084,8.0646,87.086,No,3.09,4,5119
2023-05-03,144459.22,44.4592,12.6395,7.6649,1.219,8.0667,88.4025,No,3.09,4,5120
2023-05-04,144747.37,44.7474,12.7241,7.685,1.22,8.075,89.7513,No,3.09,4,5121
2023-05-05,144638.28,44.6383,12.7085,7.6957,1.2276,8.0802,86.2989,No,3.08,4,5122
2023-05-08,144941.02,44.941,12.8212,7.7266,1.2307,8.0897,86.2117,No,3.08,4,5123
2023-05-09,145072.36,45.0724,12.8666,7.7338,1.2208,8.095,87.0551,No,3.07,4,5124
2023-05-10,144656.43,44.6564,12.7733,7.7137,1.221,8.0971,86.2151,No,3.07,4,5125
2023-05-11,144632.62,44.6326,12.7794,7.6909,1.2335,8.0973,86.492,No,3.07,4,5126
2023-05-12,144971.88,44.9719,12.8777,7.709,1.2395,8.1047,86.7454,No,3.07,4,5127
2023-05-15,145138.4,45.1384,12.9569,7.7323,1.2649,8.1049,86.1693,No,3.06,4,5128
2023-05-16,146019.56,46.0196,13.1933,7.7379,1.2607,8.1113,87.3545,No,3.05,4,5129
2023-05-17,145773.29,45.7733,13.1433,7.7466,1.2707,8.116,85.1168,No,3.05,4,5130
2023-05-18,146091.05,46.0911,13.2367,7.7647,1.2673,8.1242,83.3519,No,3.05,4,5131
2023-05-19,145983.98,45.984,13.2221,7.7803,1.2736,8.1311,83.6128,No,3.05,4,5132
2023-05-22,146166.48,46.1665,13.3067,7.7883,1.2843,8.136,83.5632,No,3.04,4,5133
2023-05-23,146555.75,46.5557,13.4188,7.78,1.3049,8.1356,85.643,No,3.04,4,5134
2023-05-24,147198.17,47.1982,13.5954,7.7895,1.3102,8.1422,87.0082,No,3.03,4,5135
2023-05-25,147298.74,47.2987,13.6341,7.7967,1.2889,8.1438,85.3786,No,3.03,4,5136
2023-05-26,146476.25,46.4763,13.4372,7.7818,1.2727,8.1437,82.9781,No,3.03,4,5137
2023-05-30,145864.29,45.8643,13.3318,7.7602,1.269,8.1454,82.9628,No,3.02,4,5138
2023-05-31,145687.48,45.6875,13.2991,7.7404,1.2508,8.143,84.0489,No,3.01,4,5139
2023-06-01,144897.34,44.8973,13.1075,7.7338,1.2613,8.1455,82.2198,No,3.01,4,5140
2023-06-02,145179.31,45.1793,13.1933,7.7607,1.2614,8.155,79.599,No,3.01,4,5141
2023-06-05,145214.01,45.214,13.2408,7.7646,1.2503,8.1596,79.9564,No,3.0,4,5142
2023-06-06,144777.31,44.7773,13.1399,7.7523,1.285,8.1498,79.5292,No,3.0,4,5143
2023-06-07,145865.46,45.8655,13.436,7.7845,1.257,8.1511,80.2108,No,2.99,4,5144
2023-06-08,144824.96,44.825,13.1779,7.7604,1.2597,8.1525,79.0821,No,2.99,4,5145
2023-06-09,144850.03,44.85,13.1973,7.7637,1.2518,8.1579,78.8718,No,2.99,4,5146
2023-06-12,144516.92,44.5169,13.1486,7.7591,1.2615,8.1612,77.2196,No,2.98,4,5147
2023-06-13,144793.78,44.7938,13.2342,7.7824,1.2468,8.1681,75.9925,No,2.98,4,5148
2023-06-14,144274.03,44.274,13.1104,7.7652,1.2255,8.165,75.8071,No,2.98,4,5149
2023-06-15,143432.55,43.4325,12.9008,7.7465,1.2345,8.1664,73.6614,No,2.97,4,5150
2023-06-16,143689.61,43.6896,12.9816,7.7546,1.2456,8.1714,74.2982,No,2.97,4,5151
2023-06-20,144059.18,44.0592,13.1308,7.7387,1.252,8.1743,75.1266,No,2.96,4,5152
2023-06-21,144212.6,44.2126,13.1845,7.7327,1.2743,8.1733,76.0383,No,2.96,4,5153
2023-06-22,144878.42,44.8784,13.3742,7.76,1.2685,8.1828,75.372,No,2.95,4,5154
2023-06-23,144703.1,44.7031,13.3409,7.7372,1.2722,8.1849,76.7239,No,2.95,4,5155
2023-06-26,144746.54,44.7465,13.3921,7.7342,1.2698,8.19,77.5169,No,2.94,4,5156
2023-06-27,144586.4,44.5864,13.3627,7.7421,1.2671,8.1966,75.5065,No,2.94,4,5157
2023-06-28,144484.83,44.4848,13.3488,7.7329,1.2851,8.197,75.5685,No,2.94,4,5158
2023-06-29,144994.94,44.9949,13.4983,7.7737,1.2545,8.198,74.766,No,2.93,4,5159
2023-06-30,143898.47,43.8985,13.2182,7.7503,1.2605,8.1994,72.6415,No,2.93,4,5160
2023-07-03,144034.01,44.034,13.2942,7.7632,1.2745,8.2042,72.4309,No,2.92,4,5161
2023-07-05,144471.1,44.4711,13.4385,7.7841,1.3057,8.2013,72.7496,No,2.92,4,5162
2023-07-06,145474.02,45.474,13.7215,7.8143,1.3058,8.2114,74.1157,No,2.92,4,5163
2023-07-07,145448.18,45.4482,13.7284,7.8275,1.3033,8.2188,74.5878,No,2.91,4,5164
2023-07-10,145331.21,45.3312,13.7383,7.8252,1.289,8.2218,74.1677,No,2.9,4,5165
2023-07-11,144774.05,44.774,13.6016,7.8153,1.2591,8.2145,72.9984,No,2.9,4,5166
2023-07-12,143638.45,43.6384,13.307,7.7924,1.2397,8.212,71.7218,No,2.9,4,5167
2023-07-13,142901.73,42.9017,13.1194,7.7709,1.2483,8.2136,70.2615,No,2.9,4,5168
2023-07-14,143123.25,43.1232,13.1932,7.784,1.2486,8.2211,70.4305,No,2.89,4,5169
2023-07-17,143105.12,43.1051,13.2282,7.7838,1.2251,8.2201,69.7758,No,2.88,4,5170
2023-07-18,142229.46,42.2295,13.0007,7.7752,1.2119,8.2225,68.5763,No,2.88,4,5171
2023-07-19,141748.93,41.7489,12.8811,7.2896,1.2401,8.2162,68.1768,No,2.88,4,5172
2023-07-20,142577.71,42.5777,13.1231,7.3135,1.2421,8.2254,69.3044,No,2.88,4,5173
2023-07-21,142626.49,42.6265,13.1499,7.3131,1.2451,8.2309,69.2495,No,2.87,4,5174
2023-07-24,142676.39,42.6764,13.2038,7.3207,1.244,8.2379,68.5667,No,2.87,4,5175
2023-07-25,142602.69,42.6027,13.1968,7.3247,1.2404,8.2442,68.0906,No,2.86,4,5176
2023-07-26,142445.43,42.4454,13.1666,7.1859,1.285,8.2287,68.1142,No,2.86,4,5177
2023-07-27,143800.39,43.8004,13.5556,7.2207,1.2619,8.2346,69.1895,No,2.86,4,5178
2023-07-28,142976.05,42.9761,13.341,7.2107,1.2536,8.2383,67.5187,No,2.85,4,5179
2023-07-31,142648.6,42.6486,13.2907,7.1859,1.2941,8.2259,67.2681,No,2.85,4,5180
2023-08-01,143881.57,43.8816,13.6477,7.1859,1.3246,8.226,67.7111,No,2.84,4,5181
2023-08-02,144835.5,44.8355,13.9264,7.1859,1.358,8.2223,70.0628,No,2.84,4,5182
2023-08-03,145880.7,45.8807,14.2297,7.1859,1.3415,8.2323,70.4891,No,2.84,4,5183
2023-08-04,145283.27,45.2833,14.0792,7.1859,1.348,8.2323,71.3848,No,2.84,4,5184
2023-08-07,145425.58,45.4256,14.1624,7.1859,1.3461,8.2412,69.8478,No,2.83,4,5185
2023-08-08,145336.24,45.3362,14.1522,7.1859,1.355,8.2426,70.5659,No,2.82,4,5186
2023-08-09,145572.49,45.5725,14.2326,7.1859,1.3755,8.2421,71.7601,No,2.82,4,5187
2023-08-10,146179.3,46.1793,14.4161,7.1859,1.3806,8.2522,71.6952,No,2.82,4,5188
2023-08-11,146324.68,46.3247,14.4715,7.1859,1.3793,8.2587,71.8545,No,2.82,4,5189
2023-08-14,146233.45,46.2335,14.4914,7.1859,1.4052,8.2576,70.8615,No,2.81,4,5190
2023-08-15,147040.52,47.0405,14.7314,7.1859,1.4277,8.2592,72.8314,No,2.81,4,5191
2023-08-16,147734.46,47.7345,14.9397,7.1859,1.4496,8.2616,74.1192,No,2.8,4,5192
2023-08-17,148415.46,48.4155,15.1443,7.1859,1.4463,8.2685,75.4384,No,2.8,4,5193
2023-08-18,148243.6,48.2436,15.1125,7.1859,1.4507,8.2731,75.4527,No,2.8,4,5194
2023-08-21,148343.31,48.3433,15.1881,7.1859,1.4445,8.2828,74.2507,No,2.79,4,5195
2023-08-22,148094.54,48.0945,15.1347,7.1859,1.3993,8.2585,74.7335,No,2.79,4,5196
2023-08-23,146336.96,46.337,14.6578,7.1859,1.4244,8.2511,72.8212,No,2.78,4,5197
2023-08-24,147091.67,47.0917,14.8856,7.1859,1.419,8.2583,75.174,No,2.78,4,5198
2023-08-25,146849.48,46.8495,14.8332,7.1859,1.4086,8.2625,73.9843,No,2.78,4,5199
2023-08-28,146441.73,46.4417,14.7651,7.1859,1.3743,8.2539,72.8989,No,2.77,4,5200
2023-08-29,145169.42,45.1694,14.4193,7.1859,1.368,8.2571,70.4212,No,2.77,4,5201
2023-08-30,144910.5,44.9105,14.3607,7.1859,1.3692,8.2634,69.7421,No,2.76,4,5202
2023-08-31,144910.76,44.9108,14.376,7.1859,1.3855,8.265,69.9743,No,2.76,4,5203
2023-09-01,145384.42,45.3844,14.5267,7.1859,1.4159,8.265,69.6605,No,2.76,4,5204
2023-09-05,146317.65,46.3177,14.8558,7.1859,1.427,8.273,70.3677,No,2.75,4,5205
2023-09-06,146636.31,46.6363,14.9627,7.1859,1.4293,8.2781,71.5592,No,2.75,4,5206
2023-09-07,146656.15,46.6561,14.9844,7.1859,1.4245,8.2831,72.0883,No,2.74,4,5207
2023-09-08,146438.46,46.4385,14.9381,7.1859,1.4236,8.2881,71.8309,No,2.74,4,5208
2023-09-11,146362.37,46.3624,14.9644,7.1859,1.4317,8.2954,70.6831,No,2.73,4,5209
2023-09-12,146587.52,46.5875,15.0453,7.1859,1.4336,8.2996,71.6541,No,2.73,4,5210
2023-09-13,146589.22,46.5892,15.062,7.1859,1.4328,8.3058,71.4398,No,2.73,4,5211
2023-09-14,146519.15,46.5191,15.058,7.1859,1.4466,8.3117,69.9592,No,2.72,4,5212
2023-09-15,146930.54,46.9305,15.1929,7.1859,1.4367,8.318,72.0442,No,2.72,4,5213
2023-09-18,146537.75,46.5377,15.1286,7.1859,1.4488,8.3208,71.9175,No,2.71,4,5214
2023-09-19,146883.62,46.8836,15.2453,7.1859,1.4492,8.3288,72.2883,No,2.71,4,5215
2023-09-20,146856.25,46.8562,15.2539,7.1859,1.5213,8.287,73.9104,No,2.71,4,5216
2023-09-21,148971.25,48.9713,15.8816,7.1859,1.5132,8.2985,76.8044,No,2.7,4,5217
2023-09-22,148628.45,48.6284,15.8002,7.1859,1.545,8.2919,77.2085,No,2.7,4,5218
2023-09-25,149606.64,49.6066,16.1345,7.1859,1.5787,8.2925,76.496,No,2.69,4,5219
2023-09-26,150624.35,50.6243,16.4453,7.1859,1.6047,8.2918,79.1238,No,2.69,4,5220
2023-09-27,151392.77,51.3928,16.6841,7.1859,1.6028,8.2991,79.0791,No,2.69,4,5221
2023-09-28,151266.79,51.2668,16.6663,7.1859,1.615,8.3029,78.0065,No,2.68,4,5222
2023-09-29,151617.17,51.6172,16.7853,7.1859,1.6489,8.2971,78.4841,No,2.68,4,5223
2023-10-02,152663.31,52.6633,17.1419,7.1859,1.6987,8.2839,78.4692,No,2.67,4,5224
2023-10-03,154191.12,54.1911,17.5985,7.1859,1.6807,8.2908,80.9419,No,2.67,4,5225
2023-10-04,153434.53,53.4345,17.4014,7.1859,1.6904,8.2928,79.4857,No,2.67,4,5226
2023-10-05,153718.78,53.7188,17.5024,7.1859,1.6839,8.2998,79.6876,No,2.67,4,5227
2023-10-06,153464.05,53.4641,17.4487,7.1859,1.644,8.2891,77.5608,No,2.66,4,5228
2023-10-09,151872.6,51.8726,17.0467,7.1859,1.6335,8.2897,76.4486,No,2.65,4,5229
2023-10-10,151489.66,51.4897,16.9543,7.1859,1.6013,8.2844,75.5309,No,2.65,4,5230
2023-10-11,150259.07,50.2591,16.6137,7.1859,1.6466,8.2663,74.7721,No,2.65,4,5231
2023-10-12,151659.32,51.6593,17.0418,7.1859,1.6038,8.2528,75.8517,No,2.65,4,5232
2023-10-13,149988.64,49.9886,16.5714,7.1859,1.6157,8.2544,76.7381,No,2.64,4,5233
2023-10-16,150356.73,50.3567,16.7357,7.1859,1.6303,8.2613,74.8799,No,2.64,4,5234
2023-10-17,150777.63,50.7776,16.8785,7.1859,1.6389,8.2687,74.8975,No,2.63,4,5235
2023-10-18,151033.73,51.0337,16.9729,7.1859,1.6694,8.2679,77.2729,No,2.63,4,5236
2023-10-19,151975.37,51.9754,17.2691,7.1859,1.6732,8.2776,78.7743,No,2.63,4,5237
2023-10-20,151968.38,51.9684,17.2866,7.1859,1.667,8.2825,81.0471,No,2.62,4,5238
2023-10-23,151646.84,51.6468,17.2504,7.1859,1.6456,8.2823,81.3524,No,2.62,4,5239
2023-10-24,150846.3,50.8463,17.0327,7.1859,1.6866,8.2693,80.0406,No,2.61,4,5240
2023-10-25,152173.64,52.1736,17.4454,7.1859,1.6853,8.2786,82.6589,No,2.61,4,5241
2023-10-26,151955.3,51.9553,17.4006,7.1859,1.6968,8.2806,84.8432,No,2.61,4,5242
2023-10-27,152294.57,52.2946,17.521,7.1859,1.6861,8.2864,85.7312,No,2.61,4,5243
2023-10-30,151863.17,51.8632,17.4527,7.1859,1.6923,8.2931,83.5107,No,2.6,4,5244
2023-10-31,152003.98,52.004,17.5146,7.1859,1.662,8.2902,82.3177,No,2.59,4,5245
2023-11-01,150822.4,50.8224,17.1813,7.1859,1.6139,8.2672,80.4214,No,2.59,4,5246
2023-11-02,149063.04,49.063,16.671,7.1859,1.5919,8.2672,77.0705,No,2.59,4,5247
2023-11-03,148327.79,48.3278,16.4672,7.1859,1.6088,8.2696,75.4143,No,2.59,4,5248
2023-11-06,148824.44,48.8244,16.675,7.1859,1.599,8.2765,75.102,No,2.58,4,5249
2023-11-07,148402.08,48.4021,16.5654,7.1859,1.5875,8.2806,74.603,No,2.58,4,5250
2023-11-08,147982.32,47.9823,16.4562,7.1859,1.6191,8.2749,74.419,No,2.57,4,5251
2023-11-09,148956.67,48.9567,16.7729,7.1859,1.6164,8.2829,75.8062,No,2.57,4,5252
2023-11-10,148735.76,48.7358,16.7247,7.1859,1.6129,8.2901,73.0768,No,2.57,4,5253
2023-11-13,148607.76,48.6078,16.7434,7.1859,1.5618,8.2624,73.2108,No,2.56,4,5254
2023-11-14,146716.37,46.7164,16.1792,7.1859,1.5786,8.2639,69.9335,No,2.56,4,5255
2023-11-15,147230.65,47.2306,16.3572,7.1859,1.5517,8.2633,69.6314,No,2.55,4,5256
2023-11-16,146258.42,46.2584,16.0743,7.1859,1.5472,8.2682,69.3892,No,2.55,4,5257
2023-11-17,146068.79,46.0688,16.0338,7.1859,1.5348,8.2731,69.1687,No,2.55,4,5258
2023-11-20,145630.88,45.6309,15.9525,7.1859,1.526,8.279,67.9106,No,2.54,4,5259
2023-11-21,145328.96,45.329,15.8762,7.1859,1.5236,8.2849,68.2466,No,2.54,4,5260
2023-11-22,145183.45,45.1834,15.8488,7.1859,1.5319,8.2906,67.5573,No,2.53,4,5261
2023-11-24,145421.15,45.4211,15.9607,7.1859,1.5118,8.2933,67.4536,No,2.53,4,5262
2023-11-27,144683.28,44.6833,15.7828,7.1859,1.4931,8.2952,67.7786,No,2.52,4,5263
2023-11-28,144086.31,44.0863,15.6113,7.1859,1.4771,8.2985,67.6137,No,2.52,4,5264
2023-11-29,143513.9,43.5139,15.4467,7.1859,1.4931,8.301,67.7433,No,2.52,4,5265
2023-11-30,143955.59,43.9556,15.6061,7.1859,1.4498,8.2861,67.0607,No,2.51,4,5266
2023-12-01,142483.12,42.4831,15.1517,7.1859,1.4931,8.2735,66.0711,No,2.51,4,5267
2023-12-04,143619.91,43.6199,15.5717,7.1859,1.4728,8.2769,66.9737,No,2.5,4,5268
2023-12-05,142947.03,42.947,15.373,7.1859,1.4557,8.2799,67.0616,No,2.5,4,5269
2023-12-06,142395.27,42.3953,15.2124,7.1859,1.4547,8.2858,67.7121,No,2.5,4,5270
2023-12-07,142319.38,42.3194,15.2057,7.1859,1.4814,8.2855,66.3598,No,2.49,4,5271
2023-12-08,143023.29,43.0233,15.4522,7.1859,1.4935,8.2911,65.6775,No,2.49,4,5272
2023-12-11,143323.55,43.3236,15.6047,7.1859,1.4861,8.2977,65.0291,No,2.48,4,5273
2023-12-12,143051.23,43.0512,15.5346,7.1859,1.4433,8.2832,64.2669,No,2.48,4,5274
2023-12-13,141649.4,41.6494,15.0945,7.1859,1.3865,8.2497,62.0517,No,2.48,4,5275
2023-12-14,139792.66,39.7927,14.5001,7.1859,1.3923,8.2555,61.5867,No,2.47,4,5276
2023-12-15,139909.7,39.9097,14.5561,7.1859,1.3949,8.2621,61.59,No,2.47,4,5277
2023-12-18,139938.6,39.9386,14.6177,7.1859,1.3758,8.2652,60.8597,No,2.46,4,5278
2023-12-19,139334.02,39.334,14.4335,7.1859,1.3897,8.2697,59.9088,No,2.46,4,5279
2023-12-20,139673.53,39.6735,14.5641,7.1859,1.3837,8.276,62.2727,No,2.46,4,5280
2023-12-21,139455.44,39.4554,14.5086,7.1859,1.3779,8.2826,60.6178,No,2.45,4,5281
2023-12-22,139249.31,39.2493,14.4569,7.1859,1.3702,8.2889,60.3514,No,2.45,4,5282
2023-12-26,138982.6,38.9826,14.4364,7.1859,1.3357,8.2829,59.6748,No,2.44,4,5283
2023-12-27,137925.68,37.9257,14.0959,7.1859,1.351,8.2871,59.4339,No,2.44,4,5284
2023-12-28,138289.42,38.2894,14.2363,7.1859,1.375,8.288,59.3571,No,2.44,4,5285
2023-12-29,138888.66,38.8887,14.4567,7.1859,1.39,8.2923,59.8009,No,2.43,4,5286
2024-01-02,139250.24,39.2502,14.6497,7.1859,1.4156,8.2925,60.7055,No,2.42,4,5287
2024-01-03,139794.4,39.7944,14.8524,7.1859,1.4327,8.2943,61.9975,No,2.42,4,5288
2024-01-04,140440.97,40.441,15.09,7.1859,1.4494,8.2982,62.5333,No,2.42,3,5289
2024-01-05,140643.54,40.6435,15.1771,7.1859,1.4287,8.3029,62.237,No,2.41,3,5290
2024-01-08,140114.66,40.1147,15.0524,7.1859,1.4416,8.3096,59.9761,No,2.41,3,5291
2024-01-09,140354.29,40.3543,15.1527,7.1859,1.4436,8.3171,60.1902,No,2.4,3,5292
2024-01-10,140360.47,40.3605,15.1734,7.1859,1.442,8.3253,59.2851,No,2.4,3,5293
2024-01-11,140368.18,40.3682,15.1946,7.1859,1.4272,8.3306,59.3863,No,2.4,3,5294
2024-01-12,139746.6,39.7466,14.9999,7.1859,1.469,8.3134,59.2532,No,2.39,3,5295
2024-01-16,140821.22,40.8212,15.4442,7.1859,1.4934,8.3196,59.8473,No,2.38,3,5296
2024-01-17,141558.45,41.5585,15.7168,7.1859,1.4875,8.3312,60.7469,No,2.38,3,5297
2024-01-18,141164.0,41.164,15.6006,7.1859,1.4613,8.331,59.3309,No,2.38,3,5298
2024-01-19,140430.91,40.4309,15.3667,7.1859,1.4555,8.3355,57.3838,No,2.38,3,5299
2024-01-22,140301.21,40.3012,15.379,7.1859,1.4625,8.3427,57.0394,No,2.37,3,5300
2024-01-23,140345.18,40.3452,15.4134,7.1859,1.4749,8.3474,56.5784,No,2.36,3,5301
2024-01-24,140684.76,40.6848,15.5508,7.1859,1.4593,8.3552,56.4499,No,2.36,3,5302
2024-01-25,140223.47,40.2235,15.4094,7.1859,1.4649,8.3603,55.6224,No,2.36,3,5303
2024-01-26,140305.25,40.3053,15.4572,7.1859,1.4379,8.3607,55.7237,No,2.36,3,5304
2024-01-29,139506.05,39.5061,15.2346,7.1859,1.426,8.3632,54.5532,No,2.35,3,5305
2024-01-30,139131.23,39.1312,15.1215,7.1859,1.4265,8.3681,54.6335,No,2.35,3,5306
2024-01-31,139128.64,39.1286,15.1396,7.1859,1.3902,8.3548,57.1599,No,2.34,3,5307
2024-02-01,137999.61,37.9996,14.7582,7.1859,1.4209,8.3512,55.2125,No,2.34,3,5308
2024-02-02,138569.82,38.5698,14.9795,7.1859,1.457,8.348,53.5645,No,2.34,3,5309
2024-02-05,139495.5,39.4955,15.3655,7.1859,1.435,8.3557,54.0539,No,2.33,3,5310
2024-02-06,138941.62,38.9416,15.1877,7.1859,1.433,8.3602,53.6944,No,2.33,3,5311
2024-02-07,138760.73,38.7607,15.1423,7.1859,1.4416,8.366,52.4361,No,2.32,3,5312
2024-02-08,138965.09,38.9651,15.2346,7.1859,1.443,8.3741,52.3298,No,2.32,3,5313
2024-02-09,138983.82,38.9838,15.2606,7.1859,1.4474,8.3828,51.4457,No,2.32,3,5314
2024-02-12,139083.37,39.0834,15.3546,7.1859,1.5116,8.3576,51.5876,No,2.31,3,5315
2024-02-13,140626.69,40.6267,15.9274,7.1859,1.4959,8.3698,53.6709,No,2.31,3,5316
2024-02-14,140160.1,40.1601,15.7807,7.1859,1.4764,8.3734,52.1843,No,2.3,3,5317
2024-02-15,139535.56,39.5356,15.5764,7.1859,1.4853,8.3766,51.2694,No,2.3,3,5318
2024-02-16,139689.72,39.6897,15.6519,7.1859,1.482,8.3823,51.9754,No,2.3,3,5319
2024-02-20,139563.26,39.5633,15.6866,7.1859,1.4945,8.3845,52.8881,No,2.29,3,5320
2024-02-21,139832.07,39.8321,15.8043,7.1859,1.4643,8.3851,52.6882,No,2.28,3,5321
2024-02-22,138958.71,38.9587,15.5072,7.1859,1.4366,8.3853,49.5219,No,2.28,3,5322
2024-02-23,138166.59,38.1666,15.2378,7.1859,1.4553,8.3845,49.4667,No,2.28,3,5323
2024-02-26,138591.27,38.5913,15.4529,7.1859,1.4609,8.3939,50.0292,No,2.27,3,5324
2024-02-27,138629.33,38.6293,15.4869,7.1859,1.4552,8.4004,49.7713,No,2.27,3,5325
2024-02-28,138513.66,38.5137,15.4645,7.1859,1.4344,8.4032,50.006,No,2.27,3,5326
2024-02-29,137851.91,37.8519,15.2404,7.1859,1.3936,8.3902,49.1936,No,2.26,3,5327
2024-03-01,136582.16,36.5822,14.7893,7.1859,1.3807,8.3877,47.9998,No,2.26,3,5328
2024-03-04,136170.35,36.1703,14.6933,7.1859,1.3649,8.3879,48.1713,No,2.25,3,5329
2024-03-05,135836.74,35.8367,14.5874,7.1859,1.3451,8.387,49.6936,No,2.25,3,5330
2024-03-06,135173.18,35.1732,14.3569,7.1859,1.3294,8.3887,48.9171,No,2.25,3,5331
2024-03-07,134685.31,34.6853,14.1914,7.1859,1.3277,8.3944,47.378,No,2.24,3,5332
2024-03-08,134610.2,34.6102,14.1815,7.1859,1.3285,8.3984,48.3359,No,2.24,3,5333
2024-03-11,134596.49,34.5965,14.2321,7.1859,1.3399,8.4039,48.5022,No,2.23,3,5334
2024-03-12,134820.47,34.8205,14.336,7.1859,1.3399,8.4155,46.8525,No,2.23,3,5335
2024-03-13,134767.94,34.7679,14.3348,7.1859,1.3736,8.4096,47.1295,No,2.23,3,5336
2024-03-14,135538.09,35.5381,14.647,7.1859,1.3865,8.4184,47.5168,No,2.22,3,5337
2024-03-15,135879.79,35.8798,14.7963,7.1859,1.3824,8.4272,48.4745,No,2.22,3,5338
2024-03-18,135679.86,35.6799,14.7788,7.1859,1.3744,8.4338,47.5407,No,2.21,3,5339
2024-03-19,135467.39,35.4674,14.717,7.1859,1.3637,8.4409,46.7119,No,2.21,3,5340
2024-03-20,135124.78,35.1248,14.6051,7.1859,1.3427,8.4444,45.398,No,2.21,3,5341
2024-03-21,134515.78,34.5158,14.3899,7.1859,1.3473,8.4469,44.9255,No,2.21,3,5342
2024-03-22,134699.45,34.6995,14.48,7.1859,1.3524,8.4582,45.1218,No,2.2,3,5343
2024-03-25,134663.96,34.664,14.5242,7.1859,1.3522,8.4633,45.5666,No,2.19,3,5344
2024-03-26,134664.72,34.6647,14.5439,7.1859,1.3214,8.4614,45.9751,No,2.19,3,5345
2024-03-27,133801.51,33.8015,14.2273,7.1859,1.3067,8.4636,44.7088,No,2.19,3,5346
2024-03-28,133331.43,33.3314,14.0626,7.1859,1.3239,8.4632,44.543,No,2.19,3,5347
2024-04-01,133646.14,33.6461,14.262,7.1859,1.3247,8.4689,44.8341,No,2.18,3,5348
2024-04-02,133671.21,33.6712,14.2911,7.1859,1.3047,8.4702,45.8862,No,2.17,3,5349
2024-04-03,133107.31,33.1073,14.0879,7.1859,1.316,8.471,45.7203,No,2.17,3,5350
2024-04-04,133417.44,33.4174,14.2295,7.1859,1.3023,8.4774,47.5216,No,2.17,3,5351
2024-04-05,132875.04,32.875,14.0339,7.1859,1.2977,8.4806,45.9017,No,2.16,3,5352
2024-04-08,132798.01,32.798,14.0603,7.1859,1.278,8.4842,45.9538,No,2.16,3,5353
2024-04-09,132280.82,32.2808,13.8729,7.1859,1.3355,8.4629,45.7222,No,2.15,3,5354
2024-04-10,133500.12,33.5001,14.3787,7.1859,1.3172,8.4729,47.1108,No,2.15,3,5355
2024-04-11,132995.33,32.9953,14.1967,7.1859,1.3295,8.4753,46.0201,No,2.15,3,5356
2024-04-12,133330.78,33.3308,14.3502,7.1859,1.3676,8.4718,48.1587,No,2.15,3,5357
2024-04-15,134114.29,34.1143,14.7233,7.1859,1.3667,8.4802,49.9595,No,2.14,3,5358
2024-04-16,134034.89,34.0349,14.7117,7.1859,1.372,8.4849,50.2684,No,2.13,3,5359
2024-04-17,134175.75,34.1758,14.7885,7.1859,1.3795,8.4943,51.1422,No,2.13,3,5360
2024-04-18,134257.28,34.2573,14.8417,7.1859,1.3788,8.5013,51.4671,No,2.13,3,5361
2024-04-19,134237.19,34.2372,14.8541,7.1859,1.4124,8.4981,52.798,No,2.13,3,5362
2024-04-22,134933.05,34.933,15.1967,7.1859,1.3988,8.5137,51.4754,No,2.12,3,5363
2024-04-23,134548.7,34.5487,15.0625,7.1859,1.4109,8.5199,49.6814,No,2.12,3,5364
2024-04-24,134809.79,34.8098,15.1891,7.1859,1.4253,8.5268,49.6488,No,2.11,3,5365
2024-04-25,135117.56,35.1176,15.3349,7.1859,1.403,8.5308,50.3339,No,2.11,3,5366
2024-04-26,134501.7,34.5017,15.1064,7.1859,1.3822,8.5339,48.8122,No,2.11,3,5367
2024-04-29,133960.64,33.9606,14.9489,7.1859,1.4578,8.4967,48.3331,No,2.1,3,5368
2024-04-30,135630.11,35.6301,15.6512,7.1859,1.4504,8.5131,50.6983,No,2.1,3,5369
2024-05-01,135391.25,35.3912,15.5759,7.1859,1.4354,8.5174,51.2167,No,2.09,3,5370
2024-05-02,134930.14,34.9301,15.4093,7.1859,1.406,8.5176,49.8465,No,2.09,3,5371
2024-05-03,134161.18,34.1612,15.1154,7.1859,1.375,8.5162,47.981,No,2.09,3,5372
2024-05-06,133320.59,33.3206,14.8319,7.1859,1.3692,8.5204,46.4645,No,2.08,3,5373
2024-05-07,133178.98,33.179,14.7941,7.1859,1.3815,8.5275,46.2604,No,2.08,3,5374
2024-05-08,133387.79,33.3878,14.9018,7.1859,1.3576,8.532,46.261,No,2.07,3,5375
2024-05-09,132766.65,32.7666,14.6642,7.1859,1.3434,8.5355,45.492,No,2.07,3,5376
2024-05-10,132351.1,32.3511,14.5113,7.1859,1.3599,8.5363,45.2297,No,2.07,3,5377
2024-05-13,132740.37,32.7404,14.7367,7.1859,1.3375,8.5442,45.2627,No,2.06,3,5378
2024-05-14,132131.09,32.1311,14.5014,7.1859,1.2854,8.523,44.5418,No,2.06,3,5379
2024-05-15,130786.35,30.7863,13.9533,7.1859,1.2968,8.5237,42.8415,No,2.05,3,5380
2024-05-16,131004.45,31.0045,14.0658,7.1859,1.2873,8.5327,43.11,No,2.05,3,5381
2024-05-17,130705.09,30.7051,13.9586,7.1859,1.2779,8.537,42.9375,No,2.05,3,5382
2024-05-20,130454.9,30.4549,13.9116,7.1859,1.2753,8.5429,42.7945,No,2.04,3,5383
2024-05-21,130377.41,30.3774,13.8983,7.1859,1.2996,8.547,42.4345,No,2.04,3,5384
2024-05-22,130892.83,30.8928,14.1393,7.1859,1.3589,8.5326,42.8192,No,2.04,3,5385
2024-05-23,132141.0,32.141,14.6938,7.1859,1.3488,8.5478,43.8758,No,2.03,3,5386
2024-05-24,131840.3,31.8403,14.5864,7.1859,1.3569,8.5554,42.8721,No,2.03,3,5387
2024-05-28,131932.67,31.9327,14.7109,7.1859,1.3964,8.5482,42.8364,No,2.02,3,5388
2024-05-29,132788.51,32.7885,15.1008,7.1859,1.3907,8.5598,43.8948,No,2.02,3,5389
2024-05-30,132656.51,32.6565,15.066,7.1859,1.385,8.5668,44.7449,No,2.01,3,5390
2024-05-31,132461.04,32.461,15.0036,7.1859,1.349,8.5653,43.5789,No,2.01,3,5391
2024-06-03,131570.27,31.5703,14.6826,7.1859,1.3462,8.5693,43.4019,No,2.0,3,5392
2024-06-04,131481.02,31.481,14.6652,7.1859,1.3065,8.5639,43.1789,No,2.0,3,5393
2024-06-05,130422.04,30.422,14.2233,7.1859,1.3,8.5677,41.5003,No,2.0,3,5394
2024-06-06,130232.76,30.2328,14.161,7.1859,1.3769,8.5304,41.5268,No,1.99,3,5395
2024-06-07,131793.58,31.7936,14.8668,7.1859,1.3828,8.5476,41.6589,No,1.99,3,5396
2024-06-10,131863.44,31.8634,14.9635,7.1859,1.3647,8.5541,41.2824,No,1.98,3,5397
2024-06-11,131458.51,31.4585,14.8073,7.1859,1.3278,8.5492,40.8993,No,1.98,3,5398
2024-06-12,130506.47,30.5065,14.4081,7.1859,1.3266,8.5536,39.7081,No,1.98,3,5399
2024-06-13,130535.9,30.5359,14.4425,7.1859,1.3006,8.5584,39.3796,No,1.98,3,5400
2024-06-14,129815.8,29.8158,14.1434,7.1859,1.3184,8.5599,39.4002,No,1.97,3,5401
2024-06-17,130131.5,30.1315,14.3479,7.1859,1.2909,8.5655,38.3228,No,1.96,3,5402
2024-06-18,129500.71,29.5007,14.0864,7.1859,1.2919,8.5714,37.9707,No,1.96,3,5403
2024-06-20,129430.27,29.4303,14.0967,7.1859,1.3192,8.5708,38.3191,No,1.96,3,5404
2024-06-21,130040.88,30.0409,14.3931,7.1859,1.3123,8.5835,38.5283,No,1.95,3,5405
2024-06-24,129815.4,29.8154,14.3561,7.1859,1.3147,8.5905,38.9452,No,1.95,3,5406
2024-06-25,129833.32,29.8333,14.3858,7.1859,1.3488,8.5912,38.4009,No,1.94,3,5407
2024-06-26,130469.68,30.4697,14.6963,7.1859,1.326,8.5992,38.1833,No,1.94,3,5408
2024-06-27,129930.83,29.9308,14.4737,7.1859,1.3609,8.5946,38.0565,No,1.94,3,5409
2024-06-28,130575.47,30.5755,14.789,7.1859,1.3834,8.5989,38.6055,No,1.93,3,5410
2024-07-01,131012.57,31.0126,15.056,7.1859,1.3656,8.6065,38.2313,No,1.93,3,5411
2024-07-02,130634.15,30.6342,14.906,7.1859,1.3197,8.5961,37.3796,No,1.92,3,5412
2024-07-03,129515.92,29.5159,14.4155,7.1859,1.2838,8.5892,36.6807,No,1.92,3,5413
2024-07-05,128662.94,28.6629,14.0654,7.1859,1.3024,8.5913,35.9185,No,1.92,3,5414
2024-07-08,129046.23,29.0462,14.3083,7.1859,1.308,8.6034,35.7762,No,1.91,3,5415
2024-07-09,129078.18,29.0782,14.3451,7.1859,1.2816,8.6068,35.6724,No,1.9,3,5416
2024-07-10,128465.56,28.4656,14.0814,7.1859,1.2548,8.6082,34.2854,No,1.9,3,5417
2024-07-11,127853.91,27.8539,13.8166,7.1859,1.2429,8.6121,35.4675,No,1.9,3,5418
2024-07-12,127557.88,27.5579,13.6988,7.1859,1.2527,8.6198,34.7241,No,1.9,3,5419
2024-07-15,127676.12,27.6761,13.8183,7.1859,1.1997,8.6049,34.3309,No,1.89,3,5420
2024-07-16,126509.13,26.5091,13.2865,7.1859,1.2288,8.6025,33.478,No,1.88,3,5421
2024-07-17,127064.6,27.0646,13.5711,7.1859,1.2583,8.6066,35.3617,No,1.88,3,5422
2024-07-18,127589.52,27.5895,13.8416,7.1859,1.3196,8.5888,36.4274,No,1.88,3,5423
2024-07-19,128785.12,28.7851,14.4304,7.1859,1.3127,8.6033,37.4001,No,1.88,3,5424
2024-07-22,128558.65,28.5587,14.3905,7.1859,1.3102,8.6121,35.9274,No,1.87,3,5425
2024-07-23,128470.52,28.4705,14.3711,7.1859,1.3621,8.5998,36.1395,No,1.87,3,5426
2024-07-24,129460.47,29.4605,14.8659,7.1859,1.4013,8.5978,39.3638,No,1.86,3,5427
2024-07-25,130275.1,30.2751,15.2774,7.1859,1.361,8.5964,40.0829,No,1.86,3,5428
2024-07-26,129251.38,29.2514,14.813,7.1859,1.3544,8.6021,38.5369,No,1.86,3,5429
2024-07-29,129101.29,29.1013,14.8113,7.1859,1.3408,8.61,38.4225,No,1.85,3,5430
2024-07-30,128757.52,28.7575,14.6691,7.1859,1.2911,8.5956,39.1119,No,1.85,3,5431
2024-07-31,127623.47,27.6235,14.1435,7.1859,1.2952,8.6017,36.9386,No,1.84,3,5432
2024-08-01,127718.33,27.7183,14.2121,7.1859,1.2855,8.6097,38.8341,No,1.84,3,5433
2024-08-02,127608.86,27.6089,14.1814,7.1859,1.3549,8.5938,41.4321,No,1.84,3,5434
2024-08-05,128864.75,28.8647,14.8625,7.1859,1.3923,8.5987,45.7952,No,1.83,3,5435
2024-08-06,129312.79,29.3128,15.1047,7.1859,1.4122,8.6037,44.2992,No,1.83,3,5436
2024-08-07,129766.29,29.7663,15.3501,7.1859,1.3685,8.5978,45.4191,No,1.82,3,5437
2024-08-08,128690.7,28.6907,14.849,7.1859,1.3368,8.5987,42.1427,No,1.82,3,5438
2024-08-09,128102.82,28.1028,14.5842,7.1859,1.3142,8.6028,41.4647,No,1.82,3,5439
2024-08-12,127576.16,27.5762,14.3945,7.1859,1.2769,8.5986,41.4392,No,1.81,3,5440
2024-08-13,126745.59,26.7456,14.0053,7.1859,1.2796,8.607,39.0945,No,1.81,3,5441
2024-08-14,126807.84,26.8078,14.059,7.1859,1.2609,8.6157,38.5604,No,1.81,3,5442
2024-08-15,126298.15,26.2982,13.8272,7.1859,1.222,8.6144,36.3211,No,1.8,3,5443
2024-08-16,125517.81,25.5178,13.4583,7.1859,1.1984,8.6163,36.0312,No,1.8,3,5444
2024-08-19,125019.48,25.0195,13.2723,7.1859,1.1844,8.6241,34.7071,No,1.79,3,5445
2024-08-20,124735.63,24.7356,13.15,7.1859,1.1816,8.6325,34.9708,No,1.79,3,5446
2024-08-21,124612.98,24.613,13.1092,7.1859,1.236,8.6208,34.3951,No,1.79,3,5447
2024-08-22,125574.33,25.5743,13.6191,7.1859,1.1911,8.6172,35.6039,No,1.78,3,5448
2024-08-23,124622.9,24.6229,13.1571,7.1859,1.1957,8.624,34.0627,No,1.78,3,5449
2024-08-26,124674.1,24.6741,13.2482,7.1859,1.1984,8.633,34.4838,No,1.77,3,5450
2024-08-27,124687.16,24.6872,13.2767,7.1859,1.2221,8.6382,34.2589,No,1.77,3,5451
2024-08-28,125111.87,25.1119,13.5169,7.1859,1.2139,8.6487,35.0655,No,1.77,3,5452
2024-08-29,124880.89,24.8809,13.4204,7.1859,1.237,8.6521,35.0638,No,1.76,3,5453
2024-08-30,125262.26,25.2623,13.6391,7.1859,1.2477,8.6632,33.6956,No,1.76,3,5454
2024-09-03,125556.4,25.5564,13.8826,7.1859,1.2343,8.6702,36.5705,No,1.75,3,5455
2024-09-04,125203.19,25.2032,13.7223,7.1859,1.2227,8.678,36.7842,No,1.75,3,5456
2024-09-05,124909.68,24.9097,13.5924,7.1859,1.2681,8.672,37.1932,No,1.75,3,5457
2024-09-06,125729.71,25.7297,14.0427,7.1859,1.2418,8.677,39.5853,No,1.74,3,5458
2024-09-09,125105.12,25.1051,13.7865,7.1859,1.2174,8.6823,37.9729,No,1.73,3,5459
2024-09-10,124623.89,24.6239,13.5567,7.1859,1.2039,8.69,37.3548,No,1.73,3,5460
2024-09-11,124290.43,24.2904,13.4037,7.1859,1.1745,8.6945,35.9039,No,1.73,3,5461
2024-09-12,123668.05,23.668,13.0969,7.1859,1.1414,8.6953,34.8907,No,1.73,3,5462
2024-09-13,123034.5,23.0345,12.7824,7.1859,1.1257,8.7018,34.143,No,1.72,3,5463
2024-09-16,122747.37,22.7474,12.6938,7.1859,1.1478,8.7081,33.9476,No,1.72,3,5464
2024-09-17,123066.26,23.0663,12.8863,7.1859,1.1709,8.715,33.9091,No,1.71,3,5465
2024-09-18,123420.12,23.4201,13.098,7.1859,1.1373,8.7181,34.2958,No,1.71,3,5466
2024-09-19,122745.5,22.7455,12.7577,7.1859,1.1258,8.7272,32.0466,No,1.71,3,5467
2024-09-20,122526.36,22.5264,12.6612,7.1859,1.1216,8.7355,32.3022,No,1.7,3,5468
2024-09-23,122413.26,22.4133,12.665,7.1859,1.1033,8.7434,31.9303,No,1.7,3,5469
2024-09-24,122044.78,22.0448,12.4863,7.1859,1.1171,8.7506,31.5991,No,1.69,3,5470
2024-09-25,122242.18,22.2422,12.6153,7.1859,1.1004,8.7593,31.8437,No,1.69,3,5471
2024-09-26,121918.78,21.9188,12.4604,7.1859,1.1119,8.7678,31.3055,No,1.69,3,5472
2024-09-27,122107.99,22.108,12.5854,7.1859,1.1208,8.7787,31.4661,No,1.68,3,5473
2024-09-30,122196.53,22.1965,12.6996,7.1859,1.1052,8.7886,30.9,No,1.68,3,5474
2024-10-01,121930.97,21.931,12.5752,7.1859,1.137,8.79,32.1282,No,1.67,3,5475
2024-10-02,122392.22,22.3922,12.8518,7.1859,1.1503,8.8003,32.102,No,1.67,3,5476
2024-10-03,122593.71,22.5937,12.9855,7.1859,1.1639,8.8089,32.324,No,1.67,3,5477
2024-10-04,122779.92,22.7799,13.1112,7.1859,1.1946,8.8128,31.12,No,1.67,3,5478
2024-10-07,123316.56,23.3166,13.4785,7.1859,1.1963,8.8236,32.3874,No,1.66,3,5479
2024-10-08,123307.36,23.3074,13.4972,7.1859,1.2013,8.8357,31.1165,No,1.65,3,5480
2024-10-09,123349.87,23.3499,13.5447,7.1859,1.2027,8.8471,30.1866,No,1.65,3,5481
2024-10-10,123347.34,23.3473,13.5672,7.1859,1.1772,8.8528,30.4368,No,1.65,3,5482
2024-10-11,122835.1,22.8351,13.3046,7.1859,1.1704,8.8617,29.6511,No,1.65,3,5483
2024-10-14,122682.16,22.6822,13.2894,7.1859,1.1554,8.8717,28.6595,No,1.64,3,5484
2024-10-15,122410.44,22.4104,13.1596,7.1859,1.1361,8.878,29.635,No,1.64,3,5485
2024-10-16,121993.87,21.9939,12.947,7.1859,1.1553,8.8851,29.0295,No,1.63,3,5486
2024-10-17,122264.48,22.2645,13.1238,7.1859,1.1335,8.8931,29.0503,No,1.63,3,5487
2024-10-18,121858.92,21.8589,12.9165,7.1859,1.1638,8.8959,28.5325,No,1.63,3,5488
2024-10-21,122326.08,22.3261,13.2535,7.1859,1.1507,8.9063,28.7623,No,1.62,3,5489
2024-10-22,122078.29,22.0783,13.1354,7.1859,1.1946,8.9028,28.8229,No,1.62,3,5490
2024-10-23,122775.93,22.7759,13.5594,7.1859,1.169,8.911,30.0157,No,1.61,3,5491
2024-10-24,122290.15,22.2902,13.3047,7.1859,1.1783,8.92,29.7374,No,1.61,3,5492
2024-10-25,122397.81,22.3978,13.3909,7.1859,1.1789,8.931,29.7753,No,1.61,3,5493
2024-10-28,122369.81,22.3698,13.4479,7.1859,1.1591,8.9398,29.4304,No,1.6,3,5494
2024-10-29,121995.99,21.996,13.2553,7.1859,1.1497,8.9491,29.2219,No,1.6,3,5495
2024-10-30,121797.9,21.7979,13.1641,7.1859,1.2181,8.9292,29.6489,No,1.59,3,5496
2024-10-31,122885.49,22.8855,13.8221,7.1859,1.2388,8.9388,32.0978,No,1.59,3,5497
2024-11-01,123169.2,23.1692,14.0129,7.1859,1.2192,8.9489,31.5539,No,1.59,3,5498
2024-11-04,122825.14,22.8251,13.8889,7.1859,1.1896,8.9529,31.9184,No,1.58,3,5499
2024-11-05,122229.11,22.2291,13.5641,7.1859,1.2449,8.9431,30.3186,No,1.58,3,5500
2024-11-06,123080.92,23.0809,14.091,7.1859,1.1915,8.9381,27.1028,No,1.58,3,5501
2024-11-07,122124.15,22.1242,13.5523,7.1859,1.172,8.9454,26.1623,No,1.57,3,5502
2024-11-08,121748.68,21.7487,13.355,7.1859,1.2362,8.9305,25.6634,No,1.57,3,5503
2024-11-11,122751.02,22.751,14.0269,7.1859,1.2805,8.931,25.5417,No,1.56,3,5504
2024-11-12,123421.37,23.4214,14.4524,7.1859,1.3131,8.9351,25.8984,No,1.56,3,5505
2024-11-13,123932.46,23.9325,14.784,7.1859,1.3245,8.946,25.8637,No,1.56,3,5506
2024-11-14,124095.01,24.095,14.9088,7.1859,1.3586,8.9499,26.6147,No,1.55,3,5507
2024-11-15,124614.45,24.6145,15.247,7.1859,1.3202,8.9518,28.2915,No,1.55,3,5508
2024-11-18,123881.93,23.8819,14.8942,7.1859,1.2949,8.9581,27.7713,No,1.54,3,5509
2024-11-19,123405.44,23.4054,14.6353,7.1859,1.2884,8.9689,27.2652,No,1.54,3,5510
2024-11-20,123249.19,23.2492,14.5688,7.1859,1.2659,8.977,27.2585,No,1.54,3,5511
2024-11-21,122823.22,22.8232,14.3383,7.1859,1.2357,8.9821,26.5633,No,1.53,3,5512
2024-11-22,122268.09,22.2681,14.0279,7.1859,1.2483,8.9917,26.1206,No,1.53,3,5513
2024-11-25,122487.62,22.4876,14.2432,7.1859,1.2479,9.0041,25.7401,No,1.52,3,5514
2024-11-26,122380.56,22.3806,14.2049,7.1859,1.2304,9.0141,25.0161,No,1.52,3,5515
2024-11-27,122058.09,22.0581,14.0339,7.1859,1.1929,9.016,25.4856,No,1.52,3,5516
2024-11-29,121382.48,21.3825,13.6702,7.1859,1.202,9.0265,24.7736,No,1.51,3,5517
2024-12-02,121490.96,21.491,13.8174,7.1859,1.213,9.0377,24.4541,No,1.5,3,5518
2024-12-03,121610.57,21.6106,13.9189,7.1859,1.178,9.042,24.3955,No,1.5,3,5519
2024-12-04,121008.08,21.0081,13.5691,7.1859,1.2001,9.0501,23.6448,No,1.5,3,5520
2024-12-05,121321.95,21.3219,13.7924,7.1859,1.187,9.0616,23.8688,No,1.5,3,5521
2024-12-06,121056.02,21.056,13.6522,7.1859,1.199,9.0722,23.5465,No,1.49,3,5522
2024-12-09,121197.36,21.1974,13.8222,7.1859,1.1917,9.0841,24.2928,No,1.48,3,5523
2024-12-10,121049.31,21.0493,13.7556,7.1859,1.1713,9.0937,24.6597,No,1.48,3,5524
2024-12-11,120675.39,20.6754,13.545,7.1859,1.2418,9.0743,23.6482,No,1.48,3,5525
2024-12-12,121715.88,21.7159,14.234,7.1859,1.2864,9.0738,24.3214,No,1.48,3,5526
2024-12-13,122379.27,22.3793,14.6844,7.1859,1.2788,9.0861,24.309,No,1.47,3,5527
2024-12-16,122221.2,22.2212,14.6714,7.1859,1.2891,9.0973,23.822,No,1.47,3,5528
2024-12-17,122344.64,22.3446,14.78,7.1859,1.3843,9.0573,24.2997,No,1.46,3,5529
2024-12-18,123738.28,23.7383,15.7037,7.1859,1.454,9.0405,28.0746,No,1.46,3,5530
2024-12-19,124760.01,24.76,16.3902,7.1859,1.4011,9.034,28.1852,No,1.46,3,5531
2024-12-20,123805.54,23.8055,15.8105,7.1859,1.4193,9.0436,26.8008,No,1.45,3,5532
2024-12-23,124055.65,24.0556,16.0689,7.1859,1.3881,9.0499,25.8759,No,1.45,3,5533
2024-12-24,123494.37,23.4944,15.7377,7.1859,1.3789,9.0619,24.5012,No,1.44,3,5534
2024-12-26,123296.6,23.2966,15.6732,7.1859,1.4372,9.0532,24.5417,No,1.44,3,5535
2024-12-27,124142.97,24.143,16.258,7.1859,1.4535,9.0637,25.923,No,1.44,3,5536
2024-12-30,124359.65,24.3597,16.5011,7.1859,1.4578,9.0761,27.2843,No,1.43,3,5537
2024-12-31,124378.03,24.378,16.5474,7.1859,1.4378,9.0865,27.8206,No,1.42,3,5538
2025-01-02,124011.32,24.0113,16.374,7.1859,1.4324,9.0992,28.1007,No,1.42,3,5539
2025-01-03,123902.58,23.9026,16.3361,7.1859,1.4391,9.1131,26.4974,No,1.42,3,5540
2025-01-06,124065.93,24.0659,16.5478,7.1859,1.4813,9.1144,25.791,No,1.41,2,5541
2025-01-07,124416.83,24.4168,16.8171,7.1859,1.4655,9.1225,27.2022,No,1.41,2,5542
2025-01-08,124212.13,24.2121,16.7155,7.1859,1.4531,9.1323,27.0011,No,1.4,2,5543
2025-01-09,123988.07,23.9881,16.6004,7.1859,1.4772,9.1691,27.0011,No,1.4,2,5544
2025-01-10,124345.23,24.3452,16.8758,7.1859,1.4846,9.2884,28.9635,No,1.4,2,5545
2025-01-13,124742.89,24.7429,17.253,7.1859,1.5035,9.1967,28.7606,No,1.39,2,5546
2025-01-14,124694.63,24.6946,17.2571,7.1859,1.4005,9.2793,28.6127,No,1.39,2,5547
2025-01-15,123248.98,23.249,16.3096,7.1859,1.3831,9.2719,26.2875,No,1.38,2,5548
2025-01-16,122715.5,22.7155,15.9796,7.1859,1.3592,9.27,26.5526,No,1.38,2,5549
2025-01-17,122407.74,22.4077,15.8026,7.1859,1.3228,9.2728,25.2982,No,1.38,2,5550
2025-01-21,121757.64,21.7576,15.4881,7.1859,1.3157,9.2825,24.2059,No,1.37,2,5551
2025-01-22,121535.46,21.5355,15.367,7.1859,1.3244,9.2848,23.4462,No,1.36,2,5552
2025-01-23,121656.43,21.6564,15.4845,7.1859,1.3138,9.2946,22.7918,No,1.36,2,5553
2025-01-24,121581.27,21.5813,15.4655,7.1859,1.3603,9.2994,23.1316,No,1.36,2,5554
2025-01-27,122096.03,22.096,15.9287,7.1859,1.3223,9.3306,24.9525,No,1.35,2,5555
2025-01-28,121417.4,21.4174,15.485,7.1859,1.333,9.3259,23.8111,No,1.35,2,5556
2025-01-29,121570.8,21.5708,15.6273,7.1859,1.2797,9.322,24.3925,No,1.35,2,5557
2025-01-30,120796.21,20.7962,15.1122,7.1859,1.3221,9.3099,23.7378,No,1.34,2,5558
2025-01-31,121261.34,21.2613,15.4761,7.1859,1.3082,9.3262,24.3575,No,1.34,2,5559
2025-02-03,121053.78,21.0538,15.4301,7.1859,1.279,9.3421,25.3033,No,1.33,2,5560
2025-02-04,120488.74,20.4887,15.0584,7.1859,1.2277,9.3312,24.4037,No,1.33,2,5561
2025-02-05,119697.88,19.6979,14.5216,7.1859,1.2359,9.3432,23.9182,No,1.33,2,5562
2025-02-06,119730.89,19.7309,14.5777,7.1859,1.2617,9.347,23.4683,No,1.32,2,5563
2025-02-07,120099.42,20.0994,14.877,7.1859,1.2245,9.3588,24.6397,No,1.32,2,5564
2025-02-10,119282.36,19.2824,14.3803,7.1859,1.2234,9.3961,23.7907,No,1.31,1,5565
2025-02-11,119460.32,19.4603,14.5428,7.1859,1.2615,9.398,23.7457,No,1.31,1,5566
2025-02-12,119939.29,19.9393,14.9268,7.1859,1.1981,9.3835,24.0703,No,1.31,1,5567
2025-02-13,118981.14,18.9811,14.2555,7.1859,1.2212,9.3923,22.7888,No,1.3,1,5568
2025-02-14,119461.28,19.4613,14.6418,7.1859,1.2266,9.3777,22.769,No,1.3,2,5569
2025-02-18,118993.9,18.9939,14.4268,7.1859,1.2109,9.4132,22.4509,No,1.29,1,5570
2025-02-19,119050.46,19.0505,14.5018,7.1859,1.2023,9.4331,22.1585,No,1.29,1,5571
2025-02-20,118802.94,18.8029,14.3495,7.1859,1.2142,9.4396,22.6737,No,1.28,1,5572
2025-02-21,119021.58,19.0216,14.5464,7.1859,1.2155,9.4678,24.7988,No,1.28,1,5573
2025-02-24,118957.25,18.9573,14.5982,7.1859,1.2214,9.4805,25.4176,No,1.27,1,5574
2025-02-25,119227.97,19.228,14.837,7.1859,1.2137,9.5257,26.0051,No,1.27,1,5575
2025-02-26,118910.37,18.9104,14.63,7.1859,1.2917,9.5031,25.9853,No,1.27,1,5576
2025-02-27,120012.7,20.0127,15.5029,7.1859,1.2723,9.5336,28.0151,No,1.27,1,5577
2025-02-28,119775.03,19.775,15.3578,7.1859,1.2769,9.5037,26.0016,No,1.26,2,5578
2025-03-03,119547.38,19.5474,15.2909,7.1859,1.3084,9.5599,28.2464,No,1.25,1,5579
2025-03-04,119968.52,19.9685,15.6512,7.1859,1.2943,9.5624,29.8312,No,1.25,1,5580
2025-03-05,119755.34,19.7553,15.5235,7.1859,1.3396,9.5525,28.3956,No,1.25,1,5581
2025-03-06,120367.36,20.3674,16.0336,7.1859,1.3448,9.5711,30.7212,No,1.25,1,5582
2025-03-07,120431.29,20.4313,16.1212,7.1859,1.395,9.5739,29.9842,No,1.24,1,5583
2025-03-10,121191.48,21.1915,16.8302,7.1859,1.4189,9.6087,33.563,No,1.24,1,5584
2025-03-11,121318.11,21.3181,16.9696,7.1859,1.4008,9.6115,34.58,No,1.23,1,5585
2025-03-12,120970.48,20.9705,16.7378,7.1859,1.3771,9.6079,33.9227,No,1.23,1,5586
2025-03-13,120608.56,20.6086,16.4934,7.1859,1.3376,9.6055,35.7978,No,1.23,1,5587
2025-03-14,119941.55,19.9416,16.0067,7.1859,1.3091,9.6022,32.9434,No,1.22,1,5588
2025-03-17,119542.71,19.5427,15.8056,7.1859,1.3078,9.6157,32.0864,No,1.22,1,5589
2025-03-18,119416.35,19.4163,15.7431,7.1859,1.2735,9.6153,33.5039,No,1.21,1,5590
2025-03-19,118938.29,18.9383,15.3985,7.1859,1.2771,9.6292,32.0767,No,1.21,1,5591
2025-03-20,118934.03,18.934,15.4325,7.1859,1.3068,9.6388,32.3496,No,1.21,1,5592
2025-03-21,119322.0,19.322,15.7826,7.1859,1.2984,9.6606,32.237,No,1.21,1,5593
2025-03-24,119105.39,19.1054,15.7233,7.1859,1.2885,9.6667,29.9431,No,1.2,1,5594
2025-03-25,118926.31,18.9263,15.6164,7.1859,1.3319,9.6654,29.7337,No,1.19,1,5595
2025-03-26,119472.34,19.4723,16.1004,7.1859,1.3193,9.6827,31.1975,No,1.19,1,5596
2025-03-27,119170.71,19.1707,15.8936,7.1859,1.3115,9.6811,31.6323,No,1.19,1,5597
2025-03-28,119126.4,19.1264,15.8968,7.1859,1.2595,9.6846,34.2783,No,1.19,1,5598
2025-03-31,118275.31,18.2753,15.3122,7.1859,1.2363,9.6865,33.5249,No,1.18,1,5599
2025-04-01,117982.4,17.9824,15.1074,7.1859,1.2138,9.7046,33.0186,No,1.18,1,5600
2025-04-02,117545.99,17.546,14.7819,7.1859,1.3537,9.6106,32.1258,No,1.17,1,5601
2025-04-03,119504.32,19.5043,16.4522,7.1859,1.5674,9.4909,38.8387,No,1.17,1,5602
2025-04-04,122328.03,22.328,18.8483,7.1859,1.7342,9.4724,47.6405,No,1.17,1,5603
2025-04-07,123939.29,23.9393,20.3451,7.1859,1.8052,9.4724,47.9836,No,1.16,1,5604
2025-04-08,124762.25,24.7622,21.0891,7.1859,1.5877,8.9963,50.3435,No,1.16,1,5605
2025-04-09,120444.56,20.4446,17.5009,7.1859,1.6421,8.9635,37.2789,No,1.15,1,5606
2025-04-10,121175.44,21.1754,18.1657,7.1859,1.5434,8.8599,42.1748,No,1.15,1,5607
2025-04-11,119695.13,19.6951,16.9537,7.1859,1.5156,8.8517,39.6448,No,1.15,1,5608
2025-04-14,119436.65,19.4366,16.864,7.1859,1.5045,8.8783,38.5438,No,1.14,1,5609
2025-04-15,119244.41,19.2444,16.7424,7.1859,1.468,8.8821,38.7705,No,1.14,1,5610
2025-04-16,118714.26,18.7143,16.3282,7.1859,1.5094,8.8437,41.9477,No,1.13,1,5611
2025-04-17,119080.83,19.0808,16.6883,7.1859,1.5407,8.8579,41.7574,No,1.13,1,5612
2025-04-21,119374.82,19.3748,17.122,7.1859,1.4783,8.8044,45.1666,No,1.12,1,5613
2025-04-22,118439.69,18.4397,16.3459,7.1859,1.501,8.8241,41.6062,No,1.12,1,5614
2025-04-23,118890.76,18.8908,16.7867,7.1859,1.3983,8.8293,39.2827,No,1.12,1,5615
2025-04-24,117392.05,17.392,15.5064,7.1859,1.396,8.8311,36.517,No,1.11,1,5616
2025-04-25,117474.31,17.4743,15.6205,7.1859,1.3481,8.8587,35.5173,No,1.11,1,5617
2025-04-28,116776.03,16.776,15.121,7.1859,1.3243,8.8543,35.428,No,1.1,1,5618
2025-04-29,116516.44,16.5164,14.9284,7.1859,1.3575,8.8747,34.6463,No,1.1,1,5619
2025-04-30,116813.23,16.8132,15.2356,7.1859,1.4343,8.8659,34.4366,No,1.1,1,5620
2025-05-01,117748.26,17.7483,16.1203,7.1859,1.4157,8.9194,33.5934,No,1.09,1,5621
2025-05-02,117333.29,17.3333,15.7884,7.1859,1.3798,8.9239,31.6504,No,1.09,1,5622
2025-05-05,116841.69,16.8417,15.4686,7.1859,1.3133,8.8863,32.4891,No,1.08,1,5623
2025-05-06,115999.67,15.9997,14.7394,7.1859,1.3145,8.8642,33.5147,No,1.08,1,5624
2025-05-07,116043.78,16.0438,14.8201,7.1859,1.4046,8.8587,32.9359,No,1.08,1,5625
2025-05-08,117007.63,17.0076,15.7486,7.1859,1.3777,8.9011,32.1691,No,1.07,1,5626
2025-05-09,116586.99,16.587,15.4033,7.1859,1.4094,8.8974,32.24,No,1.07,1,5627
2025-05-12,117052.38,17.0524,15.965,7.1859,1.3937,8.9597,28.0555,No,1.06,1,5628
2025-05-13,116722.02,16.722,15.7005,7.1859,1.4598,8.9464,27.1307,No,1.06,1,5629
2025-05-14,117506.66,17.5067,16.4798,7.1859,1.4037,8.9671,26.9948,No,1.06,1,5630
2025-05-15,116710.96,16.711,15.7778,7.1859,1.4105,8.9714,26.4408,No,1.05,1,5631
2025-05-16,116851.39,16.8514,15.9544,7.1859,1.3849,9.0026,25.5447,No,1.05,1,5632
2025-05-19,116383.52,16.3835,15.6443,7.1859,1.37,9.0001,25.4166,No,1.04,1,5633
2025-05-20,116143.33,16.1433,15.4592,7.1859,1.4367,8.9709,25.9026,No,1.04,1,5634
2025-05-21,116790.16,16.7902,16.1225,7.1859,1.4384,8.9681,27.9633,No,1.04,1,5635
2025-05-22,116834.59,16.8346,16.2111,7.1859,1.4004,8.9864,28.0176,No,1.04,1,5636
2025-05-23,116266.71,16.2667,15.7103,7.1859,1.3597,8.9712,28.8744,No,1.03,1,5637
2025-05-27,115935.67,15.9357,15.5686,7.1859,1.4016,9.0148,26.2802,No,1.02,1,5638
2025-05-28,116271.81,16.2718,15.9424,7.1859,1.3518,9.0208,26.9861,No,1.02,1,5639
2025-05-29,115663.64,15.6636,15.3918,7.1859,1.374,9.0304,26.4767,No,1.02,1,5640
2025-05-30,115911.62,15.9116,15.6806,7.1859,1.3281,9.0491,26.4756,No,1.01,1,5641
2025-06-02,115205.29,15.2053,15.1165,7.1859,1.3288,9.0338,25.9437,No,1.01,1,5642
2025-06-03,115281.72,15.2817,15.2369,7.1859,1.2713,9.0444,25.2155,No,1.0,1,5643
2025-06-04,114618.2,14.6182,14.6182,7.1859,1.3077,9.0529,25.201,No,1.0,1,5644
2025-06-05,114978.23,14.9782,15.0223,7.1859,1.3443,9.0728,25.855,No,1.0,1,5645
