date,open,high,low,close,volume,amount
2008-08-04,2759.8,2759.8,2683.91,2687.55,5972906.0,5436500480.0
2008-08-05,2683.84,2695.04,2575.85,2582.16,8046384.0,7688378880.0
2008-08-06,2597.73,2614.61,2550.19,2590.76,6838590.0,5979063808.0
2008-08-07,2589.28,2612.05,2562.19,2592.37,5549979.0,5082008064.0
2008-08-08,2591.63,2591.63,2450.83,2455.95,6933512.0,6239303680.0
2008-08-11,2449.03,2451.26,2310.3,2326.84,7688190.0,6428604928.0
2008-08-12,2310.76,2377.0,2298.09,2360.44,6584794.0,5591300608.0
2008-08-13,2350.22,2398.05,2300.95,2376.1,6198864.0,5099921408.0
2008-08-14,2360.38,2396.96,2345.39,2375.97,4353338.0,3820727040.0
2008-08-15,2374.71,2400.0,2342.03,2368.55,4466511.0,3753341184.0
2008-08-18,2376.1,2378.26,2227.33,2228.15,5237596.0,4227633152.0
2008-08-19,2199.78,2267.42,2188.66,2262.47,4365054.0,3409381376.0
2008-08-20,2251.57,2422.51,2223.46,2418.71,10513312.0,8515867648.0
2008-08-21,2377.53,2413.26,2312.2,2318.93,8552673.0,7069864960.0
2008-08-22,2297.75,2311.75,2239.3,2273.84,5482280.0,4343411200.0
2008-08-25,2269.93,2290.74,2232.31,2254.34,4025363.0,3222877440.0
2008-08-26,2232.55,2232.65,2148.0,2167.12,5121225.0,3918358784.0
2008-08-27,2160.91,2191.2,2118.82,2157.4,4685519.0,3554079744.0
2008-08-28,2155.26,2182.46,2144.64,2173.05,4233004.0,3328524800.0
2008-08-29,2179.4,2256.54,2179.4,2233.28,6447928.0,5151943680.0
2008-09-01,2217.11,2220.77,2164.96,2177.14,4749172.0,4025456640.0
2008-09-02,2162.96,2190.66,2140.49,2172.64,3627366.0,2895667968.0
2008-09-03,2165.13,2175.86,2123.78,2142.43,4745436.0,3947917824.0
2008-09-04,2136.85,2173.51,2127.23,2152.82,4102837.0,3446045696.0
2008-09-05,2099.9,2127.47,2082.81,2088.46,4676863.0,3574924544.0
2008-09-08,2090.49,2100.68,2013.85,2018.23,4405386.0,3266988032.0
2008-09-09,2027.51,2056.31,2011.1,2042.64,3837964.0,2849740288.0
2008-09-10,2030.73,2086.08,2013.93,2051.7,4724506.0,3555286272.0
2008-09-11,2051.41,2064.94,2008.24,2011.46,4235506.0,3177208576.0
2008-09-12,2009.81,2043.87,2009.81,2024.08,4090545.0,2884099840.0
2008-09-16,2019.57,2020.58,1979.91,1997.32,5962563.0,4118607616.0
2008-09-17,1992.17,2016.52,1954.07,1959.53,5550682.0,3950243328.0
2008-09-18,1924.78,1953.86,1833.46,1914.64,8668601.0,6057907712.0
2008-09-19,2069.61,2079.88,2051.15,2079.88,7565353.0,5748766208.0
2008-09-22,2207.61,2252.23,2095.72,2163.63,22369170.0,18119145472.0
2008-09-23,2098.44,2125.72,2061.74,2072.69,11978864.0,9882688512.0
2008-09-24,2038.2,2094.32,2018.08,2094.09,7457226.0,5859584000.0
2008-09-25,2097.75,2196.08,2093.23,2175.2,15437232.0,12274718720.0
2008-09-26,2188.11,2218.44,2161.41,2203.04,11267813.0,9075846144.0
2008-10-06,2161.4,2161.4,2079.89,2080.21,9587319.0,7600420352.0
2008-10-07,2010.32,2085.88,1985.77,2053.11,8164964.0,6265309696.0
2008-10-08,2006.16,2032.26,1989.16,2005.1,6716075.0,4965366784.0
2008-10-09,2039.52,2044.9,1969.32,1969.52,6794324.0,4915825664.0
2008-10-10,1900.84,1903.73,1865.19,1875.45,7761575.0,5314041856.0
2008-10-13,1852.21,1912.23,1800.03,1911.66,8116756.0,5445145600.0
2008-10-14,1965.57,1973.33,1867.38,1867.38,9949212.0,6927349248.0
2008-10-15,1848.99,1852.91,1818.11,1839.04,6830051.0,4262416896.0
2008-10-16,1774.72,1790.93,1750.32,1750.46,7925179.0,4721646080.0
2008-10-17,1760.07,1781.71,1744.08,1774.74,5849191.0,3543516672.0
2008-10-20,1772.65,1831.36,1753.21,1828.09,6893154.0,4331101184.0
2008-10-21,1835.04,1861.16,1817.71,1817.94,8756965.0,6014554624.0
2008-10-22,1796.72,1821.07,1775.49,1775.59,6656964.0,4362953216.0
2008-10-23,1740.35,1784.18,1731.79,1783.39,6103157.0,3993104384.0
2008-10-24,1777.56,1790.68,1739.13,1748.09,5966341.0,3939702784.0
2008-10-27,1713.96,1713.96,1628.69,1629.95,7633584.0,4460429312.0
2008-10-28,1601.09,1671.97,1594.12,1665.35,7608616.0,4524440064.0
2008-10-29,1686.27,1689.66,1621.39,1621.55,6556932.0,4003357696.0
2008-10-30,1630.52,1668.84,1610.11,1651.19,7934144.0,4605869056.0
2008-10-31,1642.44,1649.08,1609.03,1615.56,6343714.0,3594864128.0
2008-11-03,1606.79,1620.27,1592.34,1596.1,4988712.0,2797298944.0
2008-11-04,1589.71,1591.91,1555.37,1568.82,5151911.0,3007527936.0
2008-11-05,1579.27,1633.15,1579.27,1618.69,8387698.0,4763769856.0
2008-11-06,1583.72,1615.28,1572.68,1603.55,7765625.0,3967528960.0
2008-11-07,1578.96,1625.5,1571.55,1617.39,6487917.0,3400153856.0
2008-11-10,1640.94,1722.4,1640.94,1722.4,14735932.0,8256495616.0
2008-11-11,1723.92,1755.52,1707.07,1717.48,18708345.0,10583751680.0
2008-11-12,1696.19,1731.12,1690.65,1730.1,10897145.0,6333408768.0
2008-11-13,1713.4,1822.56,1702.21,1810.39,20286656.0,12345803776.0
2008-11-14,1827.44,1872.43,1797.29,1872.43,22780109.0,14448960512.0
2008-11-17,1862.55,1922.64,1844.72,1922.54,22119563.0,13970256896.0
2008-11-18,1905.34,1919.7,1772.31,1776.57,22904659.0,13844152320.0
2008-11-19,1759.79,1878.75,1759.79,1875.0,19642878.0,12503678976.0
2008-11-20,1838.64,1899.69,1821.91,1851.81,19972119.0,14075037696.0
2008-11-21,1802.73,1877.23,1763.14,1839.84,19644939.0,12328317952.0
2008-11-24,1840.83,1851.1,1772.35,1775.12,12180654.0,7724890624.0
2008-11-25,1800.49,1814.38,1737.18,1766.74,10012642.0,6613794304.0
2008-11-26,1764.31,1813.0,1750.41,1791.66,13301519.0,7916974592.0
2008-11-27,1908.26,1912.86,1819.69,1821.41,22222734.0,13686403072.0
2008-11-28,1804.55,1828.86,1786.15,1798.44,12623493.0,7654043648.0
2008-12-01,1792.59,1828.03,1764.32,1827.94,11787778.0,7272155648.0
2008-12-02,1793.42,1851.57,1783.8,1837.74,14169915.0,9121046528.0
2008-12-03,1851.34,1919.0,1851.34,1919.0,21365507.0,13958416384.0
2008-12-04,1941.88,2010.66,1932.44,1943.79,33390880.0,21939556352.0
2008-12-05,1933.14,1970.21,1919.67,1969.9,19700979.0,12973953024.0
2008-12-08,1992.61,2039.21,1980.91,2039.21,28679801.0,19597834240.0
2008-12-09,2048.55,2061.53,2002.9,2004.64,24455076.0,17138699264.0
2008-12-10,1988.97,2028.66,1958.59,2028.44,21712790.0,14552213504.0
2008-12-11,2021.99,2039.55,1979.61,1981.51,18755003.0,13305321472.0
2008-12-12,1967.12,1976.91,1879.31,1902.68,16694755.0,11003692032.0
2008-12-15,1931.87,1943.45,1889.54,1924.41,12161953.0,8291649024.0
2008-12-16,1909.93,1947.84,1872.43,1947.67,11323689.0,7845485568.0
2008-12-17,1955.24,1987.88,1947.98,1961.41,15536680.0,11249747968.0
2008-12-18,1959.15,1989.79,1937.71,1988.21,13185708.0,9533101056.0
2008-12-19,1986.97,2021.1,1981.96,2001.14,15836796.0,11538575360.0
2008-12-22,1998.95,2005.63,1950.65,1973.23,13532188.0,9692122112.0
2008-12-23,1977.47,1977.47,1876.05,1876.42,14974532.0,10340258816.0
2008-12-24,1848.75,1865.3,1823.27,1838.65,10663692.0,7240061952.0
2008-12-25,1843.0,1853.34,1801.33,1823.21,8538010.0,5893385728.0
2008-12-26,1810.41,1819.02,1789.03,1804.81,7365990.0,5211892736.0
2008-12-29,1782.99,1791.76,1748.1,1783.93,7177554.0,4851192320.0
2008-12-30,1778.42,1783.35,1741.44,1746.51,7278373.0,4797842944.0
2008-12-31,1743.82,1751.79,1708.58,1711.02,9679981.0,5658318336.0
2009-01-05,1729.75,1776.25,1725.77,1776.05,13505179.0,8540060672.0
2009-01-06,1772.48,1839.13,1762.63,1833.28,19304586.0,13637913600.0
2009-01-07,1827.32,1844.51,1815.6,1821.68,16224508.0,11891753984.0
2009-01-08,1789.18,1803.07,1770.6,1784.42,13903659.0,13586231296.0
2009-01-09,1786.2,1827.18,1786.2,1822.57,12200425.0,10658190336.0
2009-01-12,1817.83,1862.95,1812.21,1838.33,14407859.0,11579829248.0
2009-01-13,1817.27,1840.77,1796.0,1797.3,13611646.0,9948317696.0
2009-01-14,1795.69,1867.07,1795.69,1867.07,14746257.0,10888190976.0
2009-01-15,1850.47,1885.22,1842.27,1861.71,17141204.0,12698452992.0
2009-01-16,1870.06,1910.98,1870.06,1885.97,19588689.0,14801216512.0
2009-01-19,1902.74,1923.52,1876.59,1895.27,17150389.0,13123227648.0
2009-01-20,1891.97,1908.31,1876.44,1908.31,14500042.0,10370753536.0
2009-01-21,1879.72,1916.3,1873.98,1896.28,14590436.0,11344092160.0
2009-01-22,1905.19,1924.93,1892.18,1924.44,15073356.0,12282465280.0
2009-01-23,1920.66,1939.91,1908.49,1918.79,15831921.0,12157084672.0
2009-02-02,1940.57,1959.98,1923.94,1957.42,14319283.0,11289251840.0
2009-02-03,1957.8,2012.54,1950.48,2012.17,21599188.0,16617267200.0
2009-02-04,2021.76,2062.2,2021.76,2061.96,25406798.0,19905744896.0
2009-02-05,2062.31,2108.59,2038.28,2055.04,30831100.0,24383516672.0
2009-02-06,2062.66,2149.46,2062.66,2143.17,26681514.0,21598310400.0
2009-02-09,2179.31,2231.9,2167.44,2227.32,34026794.0,28746074112.0
2009-02-10,2222.08,2279.73,2186.72,2279.73,31560720.0,27875872768.0
2009-02-11,2238.91,2314.31,2222.59,2269.86,38489476.0,34214651904.0
2009-02-12,2270.34,2283.8,2171.89,2250.85,33249906.0,28353050624.0
2009-02-13,2251.13,2332.33,2230.58,2328.57,35090577.0,29998589952.0
2009-02-16,2354.11,2404.27,2320.86,2404.27,44283449.0,37288370176.0
2009-02-17,2403.77,2408.52,2320.36,2320.76,41581547.0,35693416448.0
2009-02-18,2260.67,2304.27,2203.75,2206.94,29798322.0,25284128768.0
2009-02-19,2230.59,2272.18,2211.06,2255.84,25786917.0,20898924544.0
2009-02-20,2265.66,2330.8,2236.47,2330.67,23801926.0,20966995968.0
2009-02-23,2321.37,2396.57,2290.44,2386.71,28354888.0,25620834304.0
2009-02-24,2355.14,2395.09,2290.61,2291.96,35344021.0,31824760832.0
2009-02-25,2320.82,2337.13,2217.39,2277.21,27049609.0,24497604608.0
2009-02-26,2277.93,2311.47,2107.58,2137.43,24542408.0,22401869824.0
2009-02-27,2109.68,2123.25,2013.96,2038.24,22570088.0,18503512064.0
2009-03-02,2014.73,2078.19,2006.05,2068.41,14373824.0,11877109760.0
2009-03-03,2019.03,2091.13,2004.89,2069.97,18140798.0,14254313472.0
2009-03-04,2076.63,2210.84,2076.63,2205.13,25577252.0,21402198016.0
2009-03-05,2237.96,2252.91,2174.68,2220.92,29974474.0,26215704576.0
2009-03-06,2178.88,2213.67,2164.07,2196.22,19875381.0,17655808000.0
2009-03-09,2210.15,2230.05,2105.87,2107.41,19232124.0,16430216192.0
2009-03-10,2079.8,2147.55,2074.16,2147.55,13118307.0,11132073984.0
2009-03-11,2193.51,2204.44,2125.0,2135.67,19125181.0,15733157888.0
2009-03-12,2123.54,2141.53,2074.83,2133.84,13294148.0,10936626176.0
2009-03-13,2147.09,2158.48,2109.29,2111.7,11483921.0,9745013760.0
2009-03-16,2107.1,2144.15,2092.81,2140.61,12260896.0,10496443392.0
2009-03-17,2148.33,2227.63,2142.1,2222.98,22578296.0,20562061312.0
2009-03-18,2235.37,2296.36,2232.69,2255.13,28164918.0,25898031104.0
2009-03-19,2259.89,2311.17,2250.72,2309.85,25859088.0,24904966144.0
2009-03-20,2320.58,2353.74,2293.45,2337.32,28465485.0,28589391872.0
2009-03-23,2350.24,2410.85,2340.23,2392.71,30388315.0,30392399872.0
2009-03-24,2420.53,2425.58,2385.95,2410.78,28698367.0,28755773440.0
2009-03-25,2393.78,2414.88,2339.42,2339.57,24927751.0,24991864832.0
2009-03-26,2342.76,2408.89,2304.69,2408.63,24009356.0,25019969536.0
2009-03-27,2430.26,2469.65,2411.5,2437.81,38352549.0,34816643072.0
2009-03-30,2433.26,2433.74,2395.79,2409.32,24103931.0,23706140672.0
2009-03-31,2360.84,2408.2,2338.87,2407.3,21423961.0,20361639936.0
2009-04-01,2422.03,2476.58,2422.02,2466.31,30531600.0,31402549248.0
2009-04-02,2473.5,2513.58,2459.49,2489.71,33808191.0,33530861568.0
2009-04-03,2508.65,2515.01,2449.72,2464.08,29638518.0,29763899392.0
2009-04-07,2466.98,2491.68,2452.0,2480.84,22909666.0,23063984128.0
2009-04-08,2469.19,2470.37,2395.23,2395.23,26279364.0,25831254016.0
2009-04-09,2391.23,2430.4,2374.35,2430.24,20401753.0,20967241728.0
2009-04-10,2446.47,2501.78,2430.5,2500.34,27231846.0,28498313216.0
2009-04-13,2523.02,2581.23,2518.26,2575.46,38527176.0,38303432704.0
2009-04-14,2571.15,2607.58,2553.69,2598.09,29425405.0,29804048384.0
2009-04-15,2583.73,2636.42,2567.19,2626.86,35665750.0,35217801216.0
2009-04-16,2634.85,2664.73,2598.99,2641.09,38531840.0,36914380800.0
2009-04-17,2630.8,2630.81,2555.47,2587.04,29739900.0,30715748352.0
2009-04-20,2579.18,2642.03,2576.0,2641.19,23377213.0,23660877824.0
2009-04-21,2608.57,2634.86,2564.37,2614.96,28285875.0,28845400064.0
2009-04-22,2623.64,2645.16,2495.9,2506.66,30372380.0,28790513664.0
2009-04-23,2482.04,2546.74,2473.23,2533.95,19934546.0,20135434240.0
2009-04-24,2540.77,2544.15,2499.23,2501.48,18295298.0,18241472512.0
2009-04-27,2495.09,2501.18,2408.45,2420.1,17627474.0,16160416768.0
2009-04-28,2402.62,2445.69,2399.81,2433.68,12770891.0,12853264384.0
2009-04-29,2431.38,2500.61,2424.96,2493.77,17594866.0,18188533760.0
2009-04-30,2512.74,2528.83,2495.24,2513.34,19168440.0,19004739584.0
2009-05-04,2531.5,2624.72,2531.5,2624.54,25604000.0,25674860544.0
2009-05-05,2645.47,2653.3,2616.16,2636.42,25281702.0,25453469696.0
2009-05-06,2633.52,2684.78,2622.66,2681.29,25133708.0,26480084992.0
2009-05-07,2705.7,2720.97,2632.86,2668.45,31749690.0,33525651456.0
2009-05-08,2645.09,2671.91,2612.75,2657.41,24593933.0,26419914752.0
2009-05-11,2668.06,2680.95,2576.49,2578.07,28831250.0,28377665536.0
2009-05-12,2554.1,2656.31,2549.8,2656.31,22867113.0,21147447296.0
2009-05-13,2659.26,2694.09,2653.16,2682.98,27266358.0,27019935744.0
2009-05-14,2653.94,2688.57,2642.38,2680.6,21411660.0,21367539712.0
2009-05-15,2684.74,2693.73,2654.25,2680.08,16175367.0,16694028288.0
2009-05-18,2667.0,2719.91,2628.86,2715.47,17263789.0,18873905152.0
2009-05-19,2733.81,2752.37,2720.45,2745.82,26374325.0,28450414592.0
2009-05-20,2751.06,2767.8,2730.75,2732.1,22580378.0,25797732352.0
2009-05-21,2717.46,2732.91,2661.9,2675.0,21965180.0,24187359232.0
2009-05-22,2657.8,2683.72,2635.88,2659.98,16366432.0,17606004736.0
2009-05-25,2594.99,2678.64,2574.46,2669.27,18965560.0,21956585472.0
2009-05-26,2668.57,2682.71,2633.52,2637.59,17301982.0,19834370048.0
2009-05-27,2649.34,2665.3,2618.71,2656.95,15172954.0,16124809216.0
2009-06-01,2687.51,2746.4,2687.51,2738.32,23846056.0,26128410624.0
2009-06-02,2759.41,2785.89,2751.22,2764.97,24971622.0,28299851776.0
2009-06-03,2763.96,2809.5,2758.78,2809.5,26126923.0,26959601664.0
2009-06-04,2792.93,2830.02,2771.02,2827.82,34716978.0,33632311296.0
2009-06-05,2839.05,2863.83,2809.92,2812.59,29693347.0,31261280256.0
2009-06-08,2806.61,2814.34,2760.17,2786.86,20614802.0,22209921024.0
2009-06-09,2784.11,2791.53,2716.36,2779.93,22143647.0,22483294208.0
2009-06-10,2793.0,2825.22,2783.3,2823.9,25440095.0,24952008704.0
2009-06-11,2819.54,2828.14,2779.02,2789.35,21190248.0,21336662016.0
2009-06-12,2784.47,2797.3,2710.27,2730.47,19555361.0,19733942272.0
2009-06-15,2717.14,2735.43,2686.11,2735.21,15417823.0,16443324416.0
2009-06-16,2708.95,2748.5,2701.12,2737.19,14578568.0,14833235968.0
2009-06-17,2734.25,2776.17,2715.93,2774.59,17035969.0,17144283136.0
2009-06-18,2779.52,2805.7,2779.52,2799.83,18646658.0,19901427712.0
2009-06-19,2810.88,2818.59,2774.22,2807.65,23467426.0,23238432768.0
2009-06-22,2823.11,2837.31,2796.25,2805.28,25177182.0,23581272064.0
2009-06-23,2766.15,2848.88,2756.0,2821.13,29116782.0,27099435008.0
2009-06-24,2825.22,2901.45,2824.7,2901.45,30437169.0,30943199232.0
2009-06-25,2908.8,2912.21,2872.1,2889.41,21182930.0,22326396928.0
2009-06-26,2893.2,2902.26,2873.23,2883.28,17643345.0,19416414208.0
2009-06-29,2882.92,2920.32,2864.09,2920.32,20287052.0,22500358144.0
2009-06-30,2926.96,2929.11,2878.95,2887.43,20218741.0,22610808832.0
2009-07-01,2871.76,2928.78,2866.21,2928.78,20844761.0,22243409920.0
2009-07-02,2940.86,2956.27,2924.19,2955.36,23109539.0,26080743424.0
2009-07-03,2933.81,2990.22,2928.67,2981.11,24435449.0,27589308416.0
2009-07-06,2990.14,3065.37,2986.39,3059.13,36971152.0,37564067840.0
2009-07-07,3056.5,3095.97,3035.07,3051.88,35937386.0,35808153600.0
2009-07-08,3031.01,3090.27,3006.58,3081.03,24347934.0,26184658944.0
2009-07-09,3082.32,3140.06,3077.69,3140.06,27079066.0,29700134912.0
2009-07-10,3142.2,3162.11,3126.0,3139.72,25761902.0,28516745216.0
2009-07-13,3128.56,3150.65,3106.2,3109.83,21986616.0,24018991104.0
2009-07-14,3118.82,3192.25,3118.82,3192.25,27535768.0,29083359232.0
2009-07-15,3207.67,3292.68,3207.67,3283.58,38539184.0,44027043840.0
2009-07-16,3303.68,3329.45,3267.85,3278.04,32079765.0,39947132928.0
2009-07-17,3274.11,3335.53,3273.15,3330.01,25745064.0,31628306432.0
2009-07-20,3350.95,3427.46,3350.95,3424.19,30971680.0,38053142528.0
2009-07-21,3434.52,3434.98,3336.59,3346.05,29003055.0,35545473024.0
2009-07-22,3334.32,3442.26,3333.98,3417.05,26357536.0,34098020352.0
2009-07-23,3426.96,3442.47,3399.85,3442.41,24695481.0,30553481216.0
2009-07-24,3460.28,3475.43,3384.2,3463.41,28305817.0,37946912768.0
2009-07-27,3478.18,3562.64,3477.55,3562.64,31710470.0,40057806848.0
2009-07-28,3572.82,3618.14,3552.75,3617.76,37430724.0,46866001920.0
2009-07-29,3606.31,3627.08,3301.07,3419.17,40794297.0,47803244544.0
2009-07-30,3430.74,3496.98,3360.96,3484.7,27950293.0,35462557696.0
2009-07-31,3527.55,3618.04,3495.79,3618.04,31191512.0,40822337536.0
2009-08-03,3641.77,3759.75,3639.98,3758.84,36599131.0,48309022720.0
2009-08-04,3776.93,3829.61,3724.29,3817.93,37812567.0,51567267840.0
2009-08-05,3810.02,3810.02,3691.59,3771.13,33142267.0,43875700736.0
2009-08-06,3728.43,3728.43,3605.64,3642.41,26609413.0,35121242112.0
2009-08-07,3630.08,3674.16,3470.5,3489.27,26123781.0,33475692544.0
2009-08-10,3529.04,3564.96,3437.88,3523.36,20912072.0,27601612800.0
2009-08-11,3536.75,3544.17,3465.66,3527.79,17026002.0,21826015232.0
2009-08-12,3511.58,3511.58,3330.39,3338.38,22271470.0,27209252864.0
2009-08-13,3345.79,3383.04,3289.12,3376.01,20333833.0,25611448320.0
2009-08-14,3381.58,3395.25,3273.84,3274.83,22418231.0,29051854848.0
2009-08-17,3197.29,3223.88,3035.36,3039.82,23036657.0,25934622720.0
2009-08-18,3004.63,3124.64,3000.16,3110.45,22418245.0,23959613440.0
2009-08-19,3108.34,3108.34,2896.46,2930.22,21731313.0,23176491008.0
2009-08-20,2930.63,3053.18,2930.63,3048.18,19913105.0,22722213888.0
2009-08-21,3037.65,3135.42,3011.56,3128.59,23851418.0,27153967104.0
2009-08-24,3148.03,3191.98,3108.99,3175.45,20869320.0,25258383360.0
2009-08-25,3147.57,3147.57,2976.8,3080.72,22700624.0,26194616320.0
2009-08-26,3050.21,3182.92,3033.22,3149.57,18415306.0,21898876928.0
2009-08-27,3122.49,3192.68,3093.18,3135.69,18712792.0,21952454656.0
2009-08-28,3132.16,3152.55,3004.37,3019.75,18558102.0,21573947392.0
2009-08-31,2975.96,2975.96,2773.29,2777.81,19886637.0,21318197248.0
2009-09-01,2739.62,2813.99,2707.99,2750.69,16065236.0,17757032448.0
2009-09-02,2730.9,2800.64,2716.42,2777.47,12985252.0,15016134656.0
2009-09-03,2784.76,2963.15,2781.69,2956.07,22090614.0,24309112832.0
2009-09-04,2955.17,2999.7,2939.33,2985.74,21952786.0,25122560000.0
2009-09-07,3000.19,3045.18,2967.34,2993.94,20889771.0,24195338240.0
2009-09-08,2966.54,3071.92,2924.93,3071.92,21332760.0,25783250944.0
2009-09-09,3093.49,3136.64,3056.3,3133.0,26259535.0,32287193088.0
2009-09-10,3112.92,3147.41,3081.42,3093.76,18133460.0,22341795840.0
2009-09-11,3074.25,3154.29,3072.49,3130.25,18968929.0,22896683008.0
2009-09-14,3136.08,3198.68,3127.27,3190.23,20727649.0,24195012608.0
2009-09-15,3197.24,3247.19,3166.75,3218.46,23521715.0,27254272000.0
2009-09-16,3208.98,3210.52,3120.88,3173.87,20980710.0,25293619200.0
2009-09-17,3185.58,3239.67,3185.58,3232.69,21150472.0,24448212992.0
2009-09-18,3231.06,3239.2,3088.98,3115.92,23055203.0,25976604672.0
2009-09-21,3071.94,3126.5,3004.9,3125.98,16908842.0,19233509376.0
2009-09-22,3117.66,3146.52,3038.58,3038.58,17906499.0,20018987008.0
2009-09-23,3033.54,3064.17,2928.64,2949.85,14847221.0,17557231616.0
2009-09-24,2925.42,2969.46,2850.25,2930.88,13696461.0,15271848960.0
2009-09-25,2912.65,2929.89,2877.09,2894.14,10169893.0,11109826560.0
2009-09-28,2901.41,2929.04,2796.85,2807.81,10599875.0,11650018304.0
2009-09-29,2811.36,2825.33,2735.97,2788.8,11197875.0,11332785152.0
2009-09-30,2810.64,2860.78,2810.64,2826.99,8859375.0,10039973888.0
2009-10-09,2903.49,2987.35,2895.51,2987.21,13406690.0,16423441408.0
2009-10-12,2996.32,2996.32,2953.66,2973.69,13529253.0,16128460800.0
2009-10-13,2972.25,3028.25,2965.84,3027.45,13372444.0,15053543424.0
2009-10-14,3035.22,3103.18,3029.92,3054.79,19063125.0,22667939840.0
2009-10-15,3083.98,3114.06,3058.9,3078.35,16203023.0,18751029248.0
2009-10-16,3091.81,3106.4,3033.08,3084.12,13627076.0,16533736448.0
2009-10-19,3083.09,3181.62,3068.87,3178.54,19473075.0,24643934208.0
2009-10-20,3199.67,3212.03,3177.93,3210.06,20651535.0,26475423744.0
2009-10-21,3205.33,3230.56,3185.94,3195.68,20444547.0,24385202176.0
2009-10-22,3195.66,3210.92,3168.3,3173.63,15053104.0,18936643584.0
2009-10-23,3179.96,3263.77,3179.96,3238.48,21071291.0,27241621504.0
2009-10-26,3245.66,3259.91,3220.67,3256.79,17249592.0,22328133632.0
2009-10-27,3224.75,3233.08,3151.16,3151.27,18487605.0,23220209664.0
2009-10-28,3135.88,3182.79,3106.58,3182.43,15918171.0,19184928768.0
2009-10-29,3118.18,3145.07,3093.95,3102.95,16134555.0,20012023808.0
2009-10-30,3157.62,3180.82,3128.57,3131.57,15088020.0,18357848064.0
2009-11-02,3061.63,3227.95,3048.28,3227.95,19523492.0,23027445760.0
2009-11-03,3239.64,3288.41,3234.76,3282.5,23046635.0,26506500096.0
2009-11-04,3295.29,3331.87,3272.84,3307.98,23151376.0,27080540160.0
2009-11-05,3312.72,3340.08,3285.56,3336.09,21076566.0,23497689088.0
2009-11-06,3357.39,3387.45,3353.48,3362.9,26180495.0,29251414016.0
2009-11-09,3364.99,3397.14,3355.29,3397.14,21910219.0,24879962112.0
2009-11-10,3423.26,3435.7,3391.64,3393.02,20899829.0,24865146880.0
2009-11-11,3389.0,3405.44,3350.7,3381.18,16751041.0,19472848896.0
2009-11-12,3391.95,3423.7,3383.26,3397.56,22015186.0,24636383232.0
2009-11-13,3386.4,3407.96,3332.29,3407.42,20193212.0,23694909440.0
2009-11-16,3432.38,3524.51,3432.38,3524.51,29450335.0,37398724608.0
2009-11-17,3551.39,3555.8,3509.7,3525.33,25593222.0,31847888896.0
2009-11-18,3531.11,3555.98,3505.56,3533.48,22770594.0,28783003648.0
2009-11-19,3541.66,3561.57,3507.71,3561.46,24890381.0,29190281216.0
2009-11-20,3550.41,3571.08,3521.88,3547.11,25043198.0,28112095232.0
2009-11-23,3553.1,3608.76,3548.14,3608.12,26106649.0,31638624256.0
2009-11-24,3627.11,3675.63,3477.6,3495.15,45395355.0,52000858112.0
2009-11-25,3481.45,3630.41,3466.85,3629.85,35395167.0,38204432384.0
2009-11-26,3643.84,3670.66,3477.38,3492.8,37753443.0,45175345152.0
2009-11-27,3434.96,3483.65,3358.49,3371.14,24892242.0,29246986240.0
2009-11-30,3408.53,3520.23,3408.53,3520.22,22286923.0,27589689344.0
2009-12-01,3522.48,3606.65,3504.06,3606.65,28176159.0,32915691520.0
2009-12-02,3623.94,3649.13,3601.07,3633.56,25959533.0,32014178304.0
2009-12-03,3631.58,3667.05,3606.25,3666.5,26358931.0,31843954688.0
2009-12-04,3657.22,3706.73,3558.27,3652.57,30241570.0,37890498560.0
2009-12-07,3662.53,3684.18,3646.24,3684.18,20856230.0,26435373056.0
2009-12-08,3685.79,3685.79,3601.35,3649.2,21669969.0,25950130176.0
2009-12-09,3602.25,3634.99,3579.84,3591.62,18404658.0,22782820352.0
2009-12-10,3612.07,3636.25,3568.64,3604.62,14667707.0,17629513728.0
2009-12-11,3624.6,3645.83,3600.32,3608.57,16149965.0,18357088256.0
2009-12-14,3614.2,3627.07,3521.98,3625.09,18488824.0,21823410176.0
2009-12-15,3617.88,3658.31,3602.7,3625.37,15783356.0,20061366272.0
2009-12-16,3614.35,3647.44,3581.05,3591.38,13238817.0,17201833984.0
2009-12-17,3601.72,3613.12,3478.31,3482.57,15288217.0,18533531648.0
2009-12-18,3452.32,3460.83,3380.33,3384.58,13656967.0,16423602176.0
2009-12-21,3381.87,3402.21,3355.13,3395.59,10835062.0,12834617344.0
2009-12-22,3403.75,3408.5,3284.61,3284.61,11480822.0,14165691392.0
2009-12-23,3281.11,3321.53,3273.07,3318.34,10034154.0,12673421312.0
2009-12-24,3331.88,3460.37,3325.21,3452.86,15212945.0,19367636992.0
2009-12-25,3449.92,3463.86,3428.42,3444.69,11887510.0,14925017088.0
2009-12-28,3452.51,3511.13,3452.35,3504.75,12598465.0,16424084480.0
2009-12-29,3513.96,3519.1,3468.08,3518.88,13058152.0,16570974208.0
2009-12-30,3520.26,3559.3,3516.1,3555.84,18213623.0,22961453056.0
2009-12-31,3557.79,3566.22,3522.08,3566.12,14413090.0,18873915392.0
2010-01-04,3584.43,3589.03,3532.21,3532.21,16446143.0,19862022144.0
2010-01-05,3540.73,3578.47,3512.61,3569.85,20601793.0,26424858624.0
2010-01-06,3564.9,3612.67,3554.88,3559.64,20125860.0,26962194432.0
2010-01-07,3557.28,3579.07,3466.22,3480.28,20922570.0,26665621504.0
2010-01-08,3467.0,3481.42,3428.9,3478.92,15150816.0,19893985280.0
2010-01-11,3591.88,3591.88,3462.89,3476.13,23230580.0,26895165440.0
2010-01-12,3470.77,3541.68,3440.87,3541.39,24413858.0,30940205056.0
2010-01-13,3456.02,3497.57,3421.94,3427.69,31834607.0,37698564096.0
2010-01-14,3440.65,3480.75,3422.06,3478.36,21509979.0,27770185728.0
2010-01-15,3480.95,3505.53,3454.53,3483.32,18999787.0,23823542272.0
2010-01-18,3473.96,3517.72,3464.97,3515.62,21062082.0,26138740736.0
2010-01-19,3520.13,3549.7,3516.02,3520.88,21017709.0,26047291392.0
2010-01-20,3528.65,3534.4,3403.22,3407.73,24693154.0,29614915584.0
2010-01-21,3413.62,3433.91,3374.94,3412.38,19007989.0,22974027776.0
2010-01-22,3370.86,3391.83,3290.61,3370.2,25601787.0,28018915328.0
2010-01-25,3342.95,3377.48,3320.39,3321.61,15564815.0,17643438080.0
2010-01-26,3318.32,3333.36,3214.18,3238.8,15730957.0,17369925632.0
2010-01-27,3237.43,3248.56,3175.59,3196.6,14379741.0,15808204800.0
2010-01-28,3194.27,3216.1,3173.8,3197.59,12606951.0,14330649600.0
2010-01-29,3186.08,3238.93,3171.08,3197.7,12767969.0,14589772800.0
2010-02-01,3189.6,3190.72,3110.93,3139.1,14216867.0,16068625408.0
2010-02-02,3153.81,3191.65,3130.45,3132.73,11841054.0,12976241664.0
2010-02-03,3149.06,3223.81,3088.02,3222.64,17819015.0,20257902592.0
2010-02-04,3201.63,3231.75,3186.79,3205.03,14046046.0,16164141056.0
2010-02-05,3138.97,3160.27,3114.25,3135.65,14767486.0,16063935488.0
2010-02-08,3132.36,3154.07,3122.46,3139.11,8036811.0,9167972352.0
2010-02-09,3137.58,3173.16,3133.72,3162.01,11045169.0,11217538048.0
2010-02-10,3185.47,3196.06,3173.55,3195.42,8788902.0,9954928640.0
2010-02-11,3197.38,3220.5,3188.53,3205.46,9670647.0,10718044160.0
2010-02-12,3216.83,3242.76,3215.48,3242.19,8802585.0,10067968000.0
2010-02-22,3239.43,3257.0,3224.46,3225.16,9981982.0,11104698368.0
2010-02-23,3221.27,3221.27,3162.22,3207.47,11630018.0,13147504640.0
2010-02-24,3185.72,3257.62,3170.71,3256.45,15771667.0,16591622144.0
2010-02-25,3263.69,3292.06,3256.65,3289.6,18753694.0,19959709696.0
2010-02-26,3283.94,3295.29,3266.43,3270.35,14026743.0,16407026688.0
2010-03-01,3277.35,3316.51,3276.23,3311.51,15783882.0,18382295040.0
2010-03-02,3314.3,3325.86,3278.31,3291.09,13355829.0,16592617472.0
2010-03-03,3291.71,3318.13,3280.63,3316.44,17121292.0,19797743616.0
2010-03-04,3319.07,3324.0,3224.71,3234.44,18096849.0,20920973312.0
2010-03-05,3235.24,3256.21,3220.2,3240.11,12080958.0,14202753024.0
2010-03-08,3251.7,3280.26,3241.37,3272.29,13002014.0,15557797888.0
2010-03-09,3270.89,3310.63,3242.66,3290.52,14634474.0,17804224512.0
2010-03-10,3287.33,3308.98,3251.05,3264.74,13104981.0,15359705088.0
2010-03-11,3266.84,3283.51,3234.97,3260.34,12716638.0,13902521344.0
2010-03-12,3261.84,3268.82,3213.0,3216.46,11074942.0,12506867712.0
2010-03-15,3214.57,3216.9,3154.17,3167.84,10271742.0,11560962048.0
2010-03-16,3166.99,3179.79,3143.0,3170.75,8971048.0,9719304192.0
2010-03-17,3182.27,3235.88,3178.02,3235.27,12925463.0,14532708352.0
2010-03-18,3239.32,3246.9,3216.97,3227.63,11396499.0,12862942208.0
2010-03-19,3230.12,3254.95,3209.51,3252.42,11866642.0,14764244992.0
2010-03-22,3253.42,3268.67,3243.93,3259.21,12643513.0,14770337792.0
2010-03-23,3262.08,3269.43,3236.88,3239.65,15402288.0,18149617664.0
2010-03-24,3245.19,3261.54,3232.23,3239.42,15807197.0,16913585152.0
2010-03-25,3232.81,3232.97,3196.36,3206.94,14743522.0,17394305024.0
2010-03-26,3204.95,3251.21,3194.58,3242.89,15476252.0,17389520896.0
2010-03-29,3258.86,3320.88,3254.28,3312.58,23678574.0,26802214912.0
2010-03-30,3316.26,3323.42,3300.57,3314.98,15094952.0,18734430208.0
2010-03-31,3315.29,3316.78,3284.44,3291.28,15010702.0,17917538304.0
2010-04-01,3296.77,3338.5,3296.77,3337.0,16697741.0,20758740992.0
2010-04-02,3347.68,3364.54,3343.79,3359.07,18208037.0,23312281600.0
2010-04-06,3378.4,3399.44,3354.32,3369.91,17023566.0,22526191616.0
2010-04-07,3369.49,3374.88,3338.14,3356.13,14691835.0,18145859584.0
2010-04-08,3350.45,3350.45,3310.49,3318.02,15777726.0,21121556480.0
2010-04-09,3318.29,3345.5,3309.61,3344.6,14347249.0,18943408128.0
2010-04-12,3353.64,3358.87,3303.71,3317.91,18923737.0,23851681792.0
2010-04-13,3315.18,3363.0,3288.52,3354.01,20936747.0,25885583360.0
2010-04-14,3357.87,3368.35,3345.07,3364.33,15957662.0,20091889664.0
2010-04-15,3370.73,3379.81,3327.91,3353.28,16115842.0,21118054400.0
2010-04-16,3350.46,3350.46,3308.36,3317.02,12548450.0,15869423616.0
2010-04-19,3274.83,3274.83,3141.25,3143.72,23581542.0,26538452992.0
2010-04-20,3143.58,3164.54,3105.94,3147.31,16544790.0,19498483712.0
2010-04-21,3153.53,3206.59,3131.93,3205.63,17852725.0,22379175936.0
2010-04-22,3191.91,3191.91,3142.96,3163.85,20410629.0,24146900992.0
2010-04-23,3159.46,3191.79,3136.65,3147.01,16769462.0,23837253632.0
2010-04-26,3154.92,3165.52,3121.47,3126.16,13422975.0,17749999616.0
2010-04-27,3116.24,3116.59,3019.25,3060.53,16390338.0,19252922368.0
2010-04-28,3032.42,3074.63,3017.89,3054.76,11670270.0,13811902464.0
2010-04-29,3070.54,3086.82,3020.59,3020.63,12211406.0,15041838080.0
2010-04-30,3022.19,3029.94,2976.76,3027.91,15270550.0,17079709696.0
2010-05-04,2975.02,3020.79,2963.71,2993.49,10537771.0,12025918464.0
2010-05-05,2963.74,3016.28,2924.84,3016.19,14060418.0,17127281664.0
2010-05-06,2996.7,2996.7,2880.43,2884.16,14516013.0,17937741824.0
2010-05-07,2820.22,2860.73,2792.26,2814.4,14887740.0,17120110592.0
2010-05-10,2816.79,2840.84,2771.39,2829.74,11848578.0,13459097600.0
2010-05-11,2883.16,2890.14,2775.38,2786.48,14464735.0,15319440384.0
2010-05-12,2765.0,2809.09,2740.53,2807.71,13594600.0,13224654848.0
2010-05-13,2804.12,2873.83,2799.22,2872.37,14224251.0,13770157056.0
2010-05-14,2855.09,2874.36,2839.32,2857.08,10724163.0,11542563840.0
2010-05-17,2818.31,2818.72,2705.45,2709.95,12888436.0,13009517568.0
2010-05-18,2707.59,2768.25,2682.05,2758.28,11850287.0,12190683136.0
2010-05-19,2741.04,2791.23,2710.42,2749.25,11013801.0,11590676480.0
2010-05-20,2732.54,2784.4,2718.49,2723.61,10452179.0,10973208576.0
2010-05-21,2653.31,2761.45,2643.94,2760.48,12538774.0,13025485824.0
2010-05-24,2773.47,2863.03,2773.47,2854.71,16681210.0,17781874688.0
2010-05-25,2836.62,2843.9,2783.11,2795.5,14029969.0,14874313728.0
2010-05-26,2796.98,2820.08,2779.75,2792.14,10006857.0,10325839872.0
2010-05-27,2785.63,2841.64,2751.08,2836.7,12063006.0,13117149184.0
2010-05-28,2864.09,2872.56,2821.72,2839.18,13324375.0,15853688832.0
2010-05-31,2826.64,2850.06,2765.91,2768.06,13020900.0,13524064256.0
2010-06-01,2750.98,2769.18,2697.07,2729.07,13863315.0,13212930048.0
2010-06-02,2717.36,2740.01,2685.61,2738.66,12762113.0,11922045952.0
2010-06-03,2750.68,2768.28,2717.49,2719.06,11029663.0,11787142144.0
2010-06-04,2706.72,2719.93,2688.77,2716.93,8357293.0,8776862720.0
2010-06-07,2668.79,2685.31,2644.52,2665.25,10334114.0,10737528832.0
2010-06-08,2660.46,2683.22,2644.54,2669.74,8784915.0,8878072832.0
2010-06-09,2678.26,2746.03,2659.84,2741.27,15248049.0,14574013440.0
2010-06-10,2722.6,2740.06,2714.19,2721.8,11052761.0,11585798144.0
2010-06-11,2733.28,2744.51,2725.49,2732.15,10455148.0,11127732224.0
2010-06-17,2749.91,2756.1,2712.43,2712.54,8727099.0,9545581568.0
2010-06-18,2711.13,2719.01,2656.06,2664.33,10858813.0,11066803200.0
2010-06-21,2664.92,2728.26,2646.58,2727.32,12162587.0,11656001536.0
2010-06-22,2719.64,2747.36,2714.12,2735.72,9631978.0,10150337536.0
2010-06-23,2721.78,2735.98,2685.14,2710.58,9705470.0,9692612608.0
2010-06-24,2703.54,2730.61,2691.07,2706.85,7691433.0,7536460288.0
2010-06-25,2695.23,2703.27,2661.07,2678.08,7915717.0,7534065152.0
2010-06-28,2674.53,2690.55,2650.57,2659.31,7024006.0,6859073536.0
2010-06-29,2660.32,2668.27,2543.45,2544.54,11926214.0,10757543936.0
2010-06-30,2524.74,2529.78,2496.4,2508.11,9903215.0,8306225664.0
2010-07-01,2503.39,2523.03,2470.1,2471.83,7837867.0,7124513792.0
2010-07-02,2471.41,2483.75,2415.72,2477.46,10347867.0,9095024640.0
2010-07-05,2450.96,2472.52,2418.52,2456.86,8560183.0,7182279680.0
2010-07-06,2447.39,2510.27,2444.68,2508.86,11439608.0,9520811008.0
2010-07-07,2505.96,2524.8,2490.58,2524.37,8747863.0,8049921024.0
2010-07-08,2531.22,2539.12,2499.32,2511.81,7847061.0,7351493120.0
2010-07-09,2513.29,2600.58,2490.83,2589.27,14491706.0,13517511680.0
2010-07-12,2587.33,2639.39,2577.39,2624.1,14454156.0,13590277120.0
2010-07-13,2602.83,2602.83,2566.37,2581.4,10797314.0,10501217280.0
2010-07-14,2587.27,2625.3,2587.27,2601.82,10865952.0,10841300992.0
2010-07-15,2599.87,2623.03,2548.25,2549.28,8780828.0,8278255616.0
2010-07-16,2540.31,2569.34,2523.66,2565.28,7769873.0,7542508032.0
2010-07-19,2543.5,2641.25,2535.98,2629.5,12874167.0,13919758336.0
2010-07-20,2630.78,2691.8,2630.35,2687.56,16590083.0,17431392256.0
2010-07-21,2689.04,2714.31,2677.13,2691.44,16862091.0,17056655360.0
2010-07-22,2682.41,2722.94,2679.66,2722.03,14089880.0,13866201088.0
2010-07-23,2726.37,2745.62,2705.71,2729.96,16233966.0,16060139520.0
2010-07-26,2733.91,2749.39,2710.15,2748.93,13028308.0,13624725504.0
2010-07-27,2739.45,2749.84,2717.19,2735.35,12354532.0,13063430144.0
2010-07-28,2735.87,2800.24,2722.24,2796.91,18667946.0,18086721536.0
2010-07-29,2797.24,2826.76,2788.33,2814.0,19426605.0,18911782912.0
2010-07-30,2805.86,2809.8,2774.4,2797.42,12609790.0,13582536704.0
2010-08-02,2795.98,2850.91,2794.35,2850.13,16236284.0,16655568896.0
2010-08-03,2857.49,2863.21,2803.93,2804.78,18033257.0,19969335296.0
2010-08-04,2796.73,2820.18,2762.71,2819.54,15745060.0,17115400192.0
2010-08-05,2820.06,2822.42,2775.73,2792.48,14304699.0,15571547136.0
2010-08-06,2790.23,2845.05,2769.34,2844.06,16787520.0,18745993216.0
2010-08-09,2842.24,2866.99,2836.96,2862.36,16632681.0,19805827072.0
2010-08-10,2863.78,2876.31,2782.63,2784.16,19297516.0,20600518656.0
2010-08-11,2775.1,2807.69,2770.97,2795.64,12345439.0,14034675712.0
2010-08-12,2767.83,2800.05,2756.93,2762.23,13432380.0,15233659904.0
2010-08-13,2764.92,2795.1,2744.95,2794.51,12473120.0,13713906688.0
2010-08-16,2791.7,2860.21,2784.5,2855.92,18239207.0,19863111680.0
2010-08-17,2857.91,2869.82,2842.5,2863.67,16838888.0,17582434304.0
2010-08-18,2869.46,2886.2,2848.02,2859.73,16789769.0,18190954496.0
2010-08-19,2861.79,2892.83,2853.09,2877.19,18255861.0,21272031232.0
2010-08-20,2872.11,2879.64,2821.98,2829.28,18499420.0,21020479488.0
2010-08-23,2827.45,2847.08,2819.63,2827.73,13706979.0,14694720512.0
2010-08-24,2824.47,2869.18,2802.19,2845.74,15763745.0,15067564032.0
2010-08-25,2828.61,2833.85,2775.41,2776.74,16247950.0,15526980608.0
2010-08-26,2791.72,2807.56,2774.67,2789.49,11395282.0,11735016448.0
2010-08-27,2786.97,2802.16,2773.3,2799.1,10494037.0,10731276288.0
2010-08-30,2814.78,2854.7,2814.78,2848.48,15708949.0,17182873600.0
2010-08-31,2838.94,2848.9,2827.94,2840.62,15675956.0,17894379520.0
2010-09-01,2845.33,2873.48,2809.05,2831.92,18495746.0,20026546176.0
2010-09-02,2858.9,2871.82,2847.93,2862.42,16105898.0,18131300352.0
2010-09-03,2869.28,2872.2,2831.04,2856.76,16153315.0,18308935680.0
2010-09-06,2873.43,2907.91,2870.88,2903.18,22816179.0,24105732096.0
2010-09-07,2908.05,2925.44,2892.06,2917.27,19242215.0,20229296128.0
2010-09-08,2906.6,2920.78,2889.95,2919.39,15042250.0,17872054272.0
2010-09-09,2923.3,2923.3,2869.75,2875.05,18972665.0,22664151040.0
2010-09-10,2879.16,2888.16,2838.74,2883.88,15781330.0,19736147968.0
2010-09-13,2882.06,2910.32,2870.82,2901.06,16275133.0,20614860800.0
2010-09-14,2906.22,2916.87,2882.62,2893.78,15139627.0,18509463552.0
2010-09-15,2892.61,2892.84,2839.68,2845.57,14384305.0,17135692800.0
2010-09-16,2843.73,2851.27,2767.18,2788.77,17485166.0,20350371840.0
2010-09-17,2795.94,2804.11,2775.27,2785.07,11483664.0,13835768832.0
2010-09-20,2788.67,2796.57,2751.65,2764.84,10480857.0,12103216128.0
2010-09-21,2774.45,2779.59,2753.05,2771.34,7555686.0,9260696576.0
2010-09-27,2782.99,2816.06,2780.73,2814.17,10359792.0,12060679168.0
2010-09-28,2808.92,2813.49,2788.31,2791.57,11852031.0,14432506880.0
2010-09-29,2790.52,2822.65,2786.27,2793.86,12454981.0,15187741696.0
2010-09-30,2781.09,2843.19,2777.76,2842.85,11805348.0,14410558464.0
2010-10-08,2871.2,2950.83,2869.86,2942.42,21861102.0,29175519232.0
2010-10-11,2977.28,3043.1,2976.45,3028.52,34810233.0,45599043584.0
2010-10-12,3018.01,3074.68,3001.59,3067.47,31106860.0,42677796864.0
2010-10-13,3072.03,3099.83,3053.15,3095.41,31636412.0,42571288576.0
2010-10-14,3110.48,3141.76,3086.27,3107.14,37226740.0,45295718400.0
2010-10-15,3092.1,3199.83,3086.4,3199.78,42041964.0,51074101248.0
2010-10-18,3210.21,3243.7,3154.47,3164.6,45304924.0,54351736832.0
2010-10-19,3165.51,3226.32,3148.44,3226.32,30328646.0,37634666496.0
2010-10-20,3154.73,3277.61,3151.02,3240.87,37489799.0,52371468288.0
2010-10-21,3252.79,3269.36,3205.31,3234.97,29418889.0,42916159488.0
2010-10-22,3230.94,3261.1,3216.75,3240.66,24923645.0,39190626304.0
2010-10-25,3246.57,3333.58,3229.47,3332.55,30540196.0,46115348480.0
2010-10-26,3344.39,3353.98,3295.38,3322.14,29704609.0,43125329920.0
2010-10-27,3309.83,3338.4,3272.64,3279.79,29243405.0,39374983168.0
2010-10-28,3269.76,3292.92,3246.04,3268.08,24793258.0,33292142592.0
2010-10-29,3269.56,3274.96,3226.64,3250.08,24832477.0,33900896256.0
2010-11-01,3259.25,3356.23,3258.6,3356.23,30059831.0,44732145664.0
2010-11-02,3369.28,3409.9,3341.86,3347.1,35499067.0,53831667712.0
2010-11-03,3346.15,3351.27,3288.96,3291.64,29209110.0,38517583872.0
2010-11-04,3298.57,3353.46,3290.5,3353.12,30274280.0,38538764288.0
2010-11-05,3396.69,3411.97,3373.1,3398.02,34908380.0,46440673280.0
2010-11-08,3408.92,3431.86,3389.82,3431.22,31611838.0,42213253120.0
2010-11-09,3428.14,3429.52,3389.49,3419.14,27560026.0,38780993536.0
2010-11-10,3407.15,3411.42,3375.44,3401.23,26998901.0,37817704448.0
2010-11-11,3390.7,3462.7,3390.08,3416.33,34017509.0,50698715136.0
2010-11-12,3393.46,3411.65,3213.54,3220.11,37861990.0,51012157440.0
2010-11-15,3222.88,3248.57,3159.38,3247.15,31436086.0,35803308032.0
2010-11-16,3241.68,3241.68,3099.37,3110.59,25809924.0,36860801024.0
2010-11-17,3065.88,3100.64,3022.63,3034.47,18227818.0,25738643456.0
2010-11-18,3063.85,3083.96,3030.27,3074.66,14404951.0,20756922368.0
2010-11-19,3092.37,3109.64,3016.11,3108.65,18325137.0,25612165120.0
2010-11-22,3081.7,3125.73,3069.14,3099.43,19475811.0,26469003264.0
2010-11-23,3084.21,3084.21,2999.52,3050.58,19914472.0,27334264832.0
2010-11-24,3009.09,3086.65,3008.54,3085.96,22835133.0,27422468096.0
2010-11-25,3102.49,3120.25,3079.06,3119.44,20445108.0,25967824896.0
2010-11-26,3116.12,3133.95,3081.7,3106.03,17330444.0,26150416384.0
2010-11-29,3099.72,3111.73,3068.94,3093.39,14759687.0,21283518464.0
2010-11-30,3091.11,3107.9,2969.9,3040.73,20699669.0,27708790784.0
2010-12-01,3033.09,3060.75,3014.39,3049.24,11842529.0,15572808704.0
2010-12-02,3098.53,3106.61,3072.0,3074.93,15572277.0,20839333888.0
2010-12-03,3082.08,3088.36,3051.2,3075.64,11150440.0,14917761024.0
2010-12-06,3086.96,3095.7,3056.67,3081.4,12094188.0,16770142208.0
2010-12-07,3071.14,3127.01,3031.84,3116.32,12497066.0,17841836032.0
2010-12-08,3116.27,3130.38,3087.84,3091.85,11360680.0,18415259648.0
2010-12-09,3079.7,3099.25,3046.83,3047.54,13100835.0,17234720768.0
2010-12-10,3032.29,3095.25,3024.58,3081.72,11570898.0,16925327360.0
2010-12-13,3096.57,3182.84,3095.19,3182.28,18837506.0,28167383040.0
2010-12-14,3195.18,3199.0,3168.71,3185.7,17336504.0,24012345344.0
2010-12-15,3187.77,3209.23,3167.46,3174.13,17452086.0,26379104256.0
2010-12-16,3172.14,3189.83,3155.75,3163.44,12011839.0,18406975488.0
2010-12-17,3161.39,3170.69,3144.39,3162.04,9967546.0,15264724992.0
2010-12-20,3175.21,3186.77,3064.02,3121.12,15822781.0,22747922432.0
2010-12-21,3127.32,3186.05,3119.16,3182.32,16236512.0,24717326336.0
2010-12-22,3188.81,3203.99,3146.96,3159.34,15435263.0,22960746496.0
2010-12-23,3157.51,3185.3,3132.12,3136.34,13888245.0,19518615552.0
2010-12-24,3122.19,3132.36,3086.44,3110.88,11577789.0,15915364352.0
2010-12-27,3116.78,3169.9,3053.18,3061.57,15759465.0,23323539456.0
2010-12-28,3046.27,3055.95,2995.83,3005.53,12820163.0,17727168512.0
2010-12-29,3008.79,3019.71,2979.14,3018.1,9849763.0,14760825856.0
2010-12-30,3016.81,3045.7,2990.41,3028.51,13137946.0,16641950720.0
2010-12-31,3032.54,3093.55,3032.54,3092.6,13446334.0,20356470784.0
2011-01-04,3123.98,3153.14,3109.08,3146.59,18400751.0,29518606336.0
2011-01-05,3124.94,3148.85,3115.2,3142.04,14988622.0,23301945344.0
2011-01-06,3141.33,3159.98,3118.75,3121.49,11507033.0,17416925184.0
2011-01-07,3118.21,3164.31,3101.46,3123.61,18410122.0,22775683072.0
2011-01-10,3116.73,3135.7,3067.89,3071.84,13578483.0,17593559040.0
2011-01-11,3063.16,3096.3,3052.65,3096.3,11872399.0,15186904064.0
2011-01-12,3105.81,3123.07,3071.84,3106.44,11688943.0,14710096896.0
2011-01-13,3119.1,3126.38,3092.9,3113.75,11987327.0,14723936256.0
2011-01-14,3105.22,3105.22,3059.39,3065.76,10892492.0,14238613504.0
2011-01-17,3045.21,3058.54,2961.78,2969.29,14514683.0,19138732032.0
2011-01-18,2959.71,2974.29,2947.18,2970.49,8839026.0,10893888512.0
2011-01-19,2972.81,3034.29,2966.08,3032.85,11724699.0,16144864256.0
2011-01-20,3025.05,3025.05,2939.16,2939.79,11391185.0,15486858240.0
2011-01-21,2933.16,3011.62,2932.61,2972.08,12853792.0,15994747904.0
2011-01-24,2973.91,2980.2,2928.68,2931.85,11638233.0,14523226112.0
2011-01-25,2929.36,2940.93,2903.18,2921.17,10742836.0,12028189696.0
2011-01-26,2923.53,2955.86,2922.99,2948.59,8377407.0,10299622400.0
2011-01-27,2931.17,3010.06,2918.22,3005.36,14205198.0,17670539264.0
2011-01-28,3000.14,3019.26,2987.99,3010.69,9825250.0,13244027904.0
2011-01-31,3010.79,3044.46,3005.02,3043.73,11217897.0,13925424128.0
2011-02-01,3051.33,3056.9,3036.78,3050.24,8927498.0,12395980800.0
2011-02-09,3028.44,3057.61,3003.0,3010.94,10403713.0,14167459840.0
2011-02-10,3006.53,3071.39,3000.18,3070.76,12694632.0,17630613504.0
2011-02-11,3067.81,3089.39,3060.31,3081.11,14392750.0,18612002816.0
2011-02-14,3086.14,3197.25,3086.14,3189.71,28177880.0,35429715968.0
2011-02-15,3193.41,3222.67,3178.99,3180.45,25226314.0,32959793152.0
2011-02-16,3177.64,3219.82,3169.1,3218.93,20110753.0,28931305472.0
2011-02-17,3223.2,3235.95,3191.18,3219.12,19612477.0,28136280064.0
2011-02-18,3213.31,3213.31,3174.92,3181.39,15953324.0,22288695296.0
2011-02-21,3164.72,3230.41,3162.8,3229.14,18830687.0,24942075904.0
2011-02-22,3244.23,3247.64,3145.54,3148.13,23496532.0,32529676288.0
2011-02-23,3138.02,3164.98,3132.4,3155.92,15399682.0,20850810880.0
2011-02-24,3152.68,3183.98,3144.0,3177.44,16062425.0,22505076736.0
2011-02-25,3178.51,3202.3,3149.23,3189.08,15314995.0,21451517952.0
2011-02-28,3194.42,3230.01,3166.44,3226.03,17060304.0,24932038656.0
2011-03-01,3225.28,3252.6,3216.99,3234.71,18589339.0,27628857344.0
2011-03-02,3216.16,3234.05,3184.97,3218.1,15457276.0,21552375808.0
2011-03-03,3224.99,3239.03,3194.47,3195.85,20947710.0,25287974912.0
2011-03-04,3197.63,3248.33,3188.57,3244.78,18964788.0,25066553344.0
2011-03-07,3260.18,3333.59,3260.18,3332.31,29490692.0,45374644224.0
2011-03-08,3341.51,3346.41,3314.12,3339.79,22260776.0,35396984832.0
2011-03-09,3343.54,3351.72,3318.48,3331.7,18925550.0,27718813696.0
2011-03-10,3325.49,3325.49,3270.6,3273.94,21225601.0,32082483200.0
2011-03-11,3256.25,3290.1,3239.3,3245.99,16617680.0,24853723136.0
2011-03-14,3247.78,3268.93,3230.21,3267.28,17413190.0,26510196736.0
2011-03-15,3254.08,3254.08,3153.81,3208.24,23117354.0,32582836224.0
2011-03-16,3210.12,3260.68,3210.12,3256.08,19750082.0,28549511168.0
2011-03-17,3226.27,3272.09,3202.32,3216.4,20727997.0,28792797184.0
2011-03-18,3251.57,3261.44,3222.54,3228.81,14349546.0,19611244544.0
2011-03-21,3237.17,3247.29,3199.08,3214.36,13481592.0,19399163904.0
2011-03-22,3225.85,3234.78,3184.09,3226.93,12310867.0,17340932096.0
2011-03-23,3228.11,3266.21,3221.67,3264.17,14851933.0,20740259840.0
2011-03-24,3268.75,3271.41,3252.47,3254.46,13646556.0,18963748864.0
2011-03-25,3259.37,3301.67,3254.99,3290.88,19383990.0,26783666176.0
2011-03-28,3304.11,3323.46,3285.73,3289.86,21473548.0,31489982464.0
2011-03-29,3289.33,3315.91,3260.93,3262.82,22792856.0,30436474880.0
2011-03-30,3264.25,3273.57,3233.59,3253.77,17631780.0,23740317696.0
2011-03-31,3254.63,3267.97,3216.95,3234.1,13291677.0,18155929600.0
2011-04-01,3241.31,3284.61,3230.51,3284.05,13735726.0,20561825792.0
2011-04-06,3277.98,3326.54,3276.22,3318.97,23454720.0,32093079552.0
2011-04-07,3322.43,3333.23,3305.78,3323.15,17956771.0,23579652096.0
2011-04-08,3318.93,3355.87,3312.36,3354.88,18174957.0,27614590976.0
2011-04-11,3365.77,3397.58,3346.49,3349.29,24154981.0,34314256384.0
2011-04-12,3336.49,3380.53,3334.11,3354.87,28467055.0,31628670976.0
2011-04-13,3337.06,3384.35,3324.82,3384.35,20338190.0,23982641152.0
2011-04-14,3390.62,3395.64,3366.66,3373.72,20787805.0,25666260992.0
2011-04-15,3364.29,3394.96,3336.59,3374.3,19639093.0,25002196992.0
2011-04-18,3361.57,3397.23,3357.81,3381.89,20199776.0,26106472448.0
2011-04-19,3351.55,3351.55,3298.0,3302.78,20287106.0,25963073536.0
2011-04-20,3310.46,3320.95,3291.25,3302.15,14940247.0,19359401984.0
2011-04-21,3319.98,3344.45,3310.47,3334.37,18070505.0,26209011712.0
2011-04-22,3334.27,3340.31,3302.54,3312.34,15533489.0,18582034432.0
2011-04-25,3300.12,3301.11,3244.93,3246.79,16589424.0,23288586240.0
2011-04-26,3241.38,3255.19,3207.74,3221.61,14067181.0,18482030592.0
2011-04-27,3234.51,3249.6,3192.93,3212.63,14952995.0,18256863232.0
2011-04-28,3228.77,3246.61,3167.67,3171.23,15986388.0,19271796736.0
2011-04-29,3175.81,3214.1,3163.95,3211.36,13873682.0,16044274688.0
2011-05-03,3213.97,3239.77,3193.91,3238.87,16814090.0,18662418432.0
2011-05-04,3220.32,3220.7,3138.66,3150.83,21876158.0,25021820928.0
2011-05-05,3138.37,3161.57,3125.53,3149.98,14540738.0,15971680256.0
2011-05-06,3110.56,3162.51,3097.2,3139.58,14124615.0,18854674432.0
2011-05-09,3143.88,3166.77,3137.29,3149.76,11707479.0,14593422336.0
2011-05-10,3158.57,3176.38,3145.91,3175.5,11131445.0,14106802176.0
2011-05-11,3178.57,3183.71,3146.54,3162.88,11129998.0,13963314176.0
2011-05-12,3138.46,3156.25,3118.32,3119.91,13335000.0,15911540736.0
2011-05-13,3126.03,3148.19,3100.68,3147.31,12389979.0,14539918336.0
2011-05-16,3138.78,3156.18,3114.12,3117.0,10588765.0,12203407360.0
2011-05-17,3113.24,3156.27,3089.63,3133.57,12162684.0,16269395968.0
2011-05-18,3126.32,3166.91,3123.62,3155.83,9454225.0,13075373056.0
2011-05-19,3165.53,3168.82,3134.13,3136.97,9864332.0,12635074560.0
2011-05-20,3134.95,3143.15,3123.5,3131.78,7293112.0,9086238720.0
2011-05-23,3125.79,3125.79,3022.64,3024.92,14584084.0,16196060160.0
2011-05-24,3018.9,3025.7,3000.31,3020.2,10000638.0,12100468736.0
2011-05-25,3017.54,3028.83,2987.57,2990.19,8944991.0,11064423424.0
2011-05-26,3010.07,3021.24,2984.93,2986.45,8648913.0,10850805760.0
2011-05-27,2989.82,3008.57,2974.01,2975.5,10001774.0,12419354624.0
2011-05-30,2973.51,3000.75,2961.66,2972.08,10112226.0,11639602176.0
2011-05-31,2975.69,3018.83,2967.35,3016.73,9058881.0,11509840896.0
2011-06-01,3008.9,3022.57,3000.32,3019.6,9759540.0,12225927168.0
2011-06-02,2986.17,3000.96,2945.7,2983.69,11306802.0,13606825984.0
2011-06-03,2977.45,3013.4,2976.06,3004.33,8406655.0,11119111168.0
2011-06-07,2991.82,3016.71,2988.87,3013.26,8361665.0,10901987328.0
2011-06-08,3007.9,3019.49,2976.11,3012.63,8995659.0,11113940992.0
2011-06-09,3003.57,3009.29,2962.1,2962.1,8957679.0,11041363968.0
2011-06-10,2958.32,2978.58,2937.97,2976.09,9277356.0,10851248128.0
2011-06-13,2953.17,2963.08,2927.84,2957.1,7302180.0,8304704512.0
2011-06-14,2953.07,2999.33,2947.05,2991.68,11255422.0,13445907456.0
2011-06-15,2982.21,3001.93,2972.35,2972.59,9881807.0,12512964608.0
2011-06-16,2942.6,2946.9,2915.32,2917.3,9139638.0,10860427264.0
2011-06-17,2921.82,2932.47,2895.78,2897.14,8108180.0,10058949632.0
2011-06-20,2890.8,2902.28,2870.99,2879.4,7801422.0,9730743296.0
2011-06-21,2887.3,2918.64,2879.22,2917.44,8759843.0,11809611776.0
2011-06-22,2920.54,2924.35,2899.04,2910.71,8301836.0,9954571264.0
2011-06-23,2899.36,2965.78,2889.71,2957.6,11501486.0,14433196032.0
2011-06-24,2942.36,3042.61,2939.4,3023.33,20349450.0,25962676224.0
2011-06-27,3018.58,3043.37,3013.59,3029.92,15228429.0,19997241344.0
2011-06-28,3032.61,3033.85,3001.38,3028.39,10876549.0,15037657088.0
2011-06-29,3021.92,3027.57,2986.93,2988.48,12062457.0,14342795264.0
2011-06-30,2991.34,3045.17,2991.34,3027.75,13514201.0,16738857984.0
2011-07-01,3034.08,3055.7,3016.61,3040.57,13225577.0,17528047616.0
2011-07-04,3059.02,3111.71,3059.02,3105.16,19574871.0,26169356288.0
2011-07-05,3102.39,3108.08,3083.51,3106.9,14619213.0,19225262080.0
2011-07-06,3104.21,3104.21,3072.41,3100.14,14463385.0,20138514432.0
2011-07-07,3105.85,3123.73,3086.0,3088.25,14643365.0,20245487616.0
2011-07-08,3089.18,3105.3,3076.47,3091.48,11266877.0,15048497152.0
2011-07-11,3083.69,3100.34,3067.39,3090.61,11148156.0,14832257024.0
2011-07-12,3064.05,3064.16,3028.29,3031.07,12550167.0,16769977344.0
2011-07-13,3033.79,3080.63,3033.79,3077.22,11847387.0,16020005888.0
2011-07-14,3082.79,3096.94,3066.74,3087.31,13226846.0,17738702848.0
2011-07-15,3078.81,3095.67,3063.88,3095.4,13387732.0,17156484096.0
2011-07-18,3093.24,3096.59,3072.75,3082.14,12289866.0,16568860672.0
2011-07-19,3067.57,3074.1,3049.79,3055.53,11451318.0,15859989504.0
2011-07-20,3074.47,3080.55,3034.07,3053.63,10095444.0,12737064960.0
2011-07-21,3057.15,3063.57,3027.89,3028.75,10647785.0,13937328128.0
2011-07-22,3035.96,3053.89,3032.72,3038.89,9391505.0,12729400320.0
2011-07-25,3024.59,3024.71,2936.75,2946.38,14502657.0,17454520320.0
2011-07-26,2943.69,2954.84,2933.02,2950.71,8342211.0,10022450176.0
2011-07-27,2935.34,2976.97,2925.91,2973.33,10493288.0,12113804288.0
2011-07-28,2948.63,2965.04,2932.83,2960.75,10170484.0,13241010176.0
2011-07-29,2959.99,2974.02,2931.25,2951.43,9939897.0,11523904512.0
2011-08-01,2949.61,2974.32,2941.08,2959.94,7532195.0,9797833728.0
2011-08-02,2943.39,2943.39,2900.38,2934.92,9308206.0,12433316864.0
2011-08-03,2907.82,2947.03,2904.59,2929.5,8819529.0,12407631872.0
2011-08-04,2935.13,2954.29,2925.09,2933.07,6803143.0,9310235648.0
2011-08-05,2859.56,2886.5,2845.88,2865.94,11403677.0,13937734656.0
2011-08-08,2836.06,2854.04,2717.46,2746.91,15308891.0,17316229120.0
2011-08-09,2675.71,2755.95,2647.4,2744.39,14884607.0,16018699264.0
2011-08-10,2792.62,2803.96,2764.76,2768.43,12774906.0,14590978048.0
2011-08-11,2725.28,2809.01,2722.01,2807.85,11916545.0,13405490176.0
2011-08-12,2824.14,2836.76,2812.74,2818.15,10940144.0,12791664640.0
2011-08-15,2825.53,2855.29,2812.65,2854.62,10099731.0,11076381696.0
2011-08-16,2858.69,2865.77,2830.31,2836.86,9413799.0,11233559552.0
2011-08-17,2831.88,2850.25,2824.38,2830.64,7527726.0,9177809920.0
2011-08-18,2830.89,2832.48,2780.26,2783.32,7952585.0,9683892224.0
2011-08-19,2735.13,2756.6,2725.71,2749.61,9006237.0,10985787392.0
2011-08-22,2750.31,2770.88,2716.08,2724.36,6256623.0,8002813440.0
2011-08-23,2735.6,2766.87,2726.33,2766.48,6053024.0,7092546048.0
2011-08-24,2780.12,2788.29,2751.98,2758.43,7261354.0,9239075840.0
2011-08-25,2767.94,2849.31,2761.32,2848.05,14263991.0,16444413952.0
2011-08-26,2834.24,2846.81,2823.7,2841.15,8616625.0,10459933696.0
2011-08-29,2819.91,2819.91,2794.64,2800.21,9238639.0,11353240576.0
2011-08-30,2821.33,2850.02,2791.03,2793.63,9205529.0,10889492480.0
2011-08-31,2794.31,2806.39,2772.55,2800.04,7208850.0,8528786944.0
2011-09-01,2804.06,2820.91,2778.88,2786.22,6727987.0,8187286016.0
2011-09-02,2782.7,2789.59,2746.57,2755.32,6116643.0,7821011968.0
2011-09-05,2731.83,2731.83,2692.04,2693.57,7487549.0,8654298112.0
2011-09-06,2678.16,2693.71,2661.57,2675.2,6161161.0,7430737920.0
2011-09-07,2688.9,2732.51,2685.49,2731.77,7404431.0,8746857472.0
2011-09-08,2742.01,2745.07,2715.68,2716.22,6618664.0,7536690176.0
2011-09-09,2730.92,2758.12,2704.09,2715.19,6712364.0,7577137152.0
2011-09-13,2681.1,2696.77,2666.66,2691.59,6051455.0,6874350080.0
2011-09-14,2700.3,2710.35,2655.69,2709.3,6675619.0,7587425792.0
2011-09-15,2708.54,2725.99,2698.99,2699.38,6132658.0,7169667072.0
2011-09-16,2715.15,2726.87,2699.1,2704.85,5559249.0,6183652864.0
2011-09-19,2690.72,2690.72,2656.09,2656.14,5593885.0,6258450944.0
2011-09-20,2652.29,2682.55,2649.12,2672.12,4923096.0,5561709568.0
2011-09-21,2674.72,2756.73,2659.44,2749.63,11487245.0,13258141696.0
2011-09-22,2725.17,2733.9,2673.69,2674.25,8980245.0,10037240832.0
2011-09-23,2635.52,2671.57,2627.2,2665.01,8931372.0,10014282752.0
2011-09-26,2643.28,2673.93,2615.54,2623.66,7361491.0,7997178880.0
2011-09-27,2643.68,2662.84,2625.85,2649.11,7454768.0,9256422400.0
2011-09-28,2666.23,2670.08,2612.26,2620.31,7196485.0,8681877504.0
2011-09-29,2605.13,2625.68,2592.6,2600.16,7688927.0,8718835712.0
2011-09-30,2606.97,2616.72,2585.4,2595.0,6813119.0,7692569600.0
2011-10-10,2601.5,2607.77,2578.27,2583.16,5788227.0,6396009984.0
2011-10-11,2648.25,2661.0,2538.25,2564.08,11326886.0,13308033024.0
2011-10-12,2547.93,2644.67,2527.94,2641.66,14016358.0,15065090048.0
2011-10-13,2629.8,2660.24,2622.57,2654.48,12088490.0,12236467200.0
2011-10-14,2648.07,2658.38,2627.41,2651.25,7528834.0,8189548032.0
2011-10-17,2655.44,2676.58,2644.66,2656.82,7105961.0,8110896640.0
2011-10-18,2638.7,2642.73,2584.69,2586.79,8685316.0,8899521536.0
2011-10-19,2595.26,2612.12,2578.3,2580.77,6417633.0,6908477440.0
2011-10-20,2567.0,2572.44,2501.29,2517.92,8347776.0,9341264896.0
2011-10-21,2520.63,2530.56,2498.03,2499.05,6055773.0,6270659584.0
2011-10-24,2506.23,2563.9,2490.49,2561.24,8776622.0,9252580352.0
2011-10-25,2557.52,2618.55,2548.75,2610.32,11180673.0,11999326208.0
2011-10-26,2597.34,2654.64,2595.42,2627.94,13010546.0,14069442560.0
2011-10-27,2632.17,2654.1,2626.96,2635.58,10481347.0,10725154816.0
2011-10-28,2667.35,2697.13,2664.83,2683.71,14427957.0,16148540416.0
2011-10-31,2679.32,2688.93,2661.46,2673.53,10756985.0,11245280256.0
2011-11-01,2653.63,2700.04,2650.05,2678.4,11301114.0,12168541184.0
2011-11-02,2642.0,2714.17,2635.19,2713.34,12582771.0,13681300480.0
2011-11-03,2720.91,2752.18,2718.67,2719.56,17276686.0,19575951360.0
2011-11-04,2743.91,2751.47,2722.03,2735.91,11759587.0,12995346432.0
2011-11-07,2724.36,2749.48,2717.49,2723.13,9559675.0,10570836992.0
2011-11-08,2729.28,2746.37,2718.01,2721.66,10333407.0,11066749952.0
2011-11-09,2734.87,2747.8,2704.29,2742.7,8546932.0,9820477440.0
2011-11-10,2714.43,2724.76,2694.01,2694.97,11122018.0,11256898560.0
2011-11-11,2702.72,2710.9,2685.22,2692.01,7716058.0,8204049920.0
2011-11-14,2714.01,2753.12,2713.0,2752.09,10259280.0,12129431552.0
2011-11-15,2748.21,2761.29,2742.08,2751.12,8920671.0,10499090432.0
2011-11-16,2752.82,2753.27,2670.45,2680.04,11903773.0,12567179264.0
2011-11-17,2682.77,2699.66,2674.74,2676.32,7572290.0,8355232256.0
2011-11-18,2659.72,2661.51,2613.63,2619.95,8930090.0,9591317504.0
2011-11-21,2621.29,2626.01,2599.42,2619.69,5892184.0,6619453952.0
2011-11-22,2604.45,2617.96,2587.81,2611.86,6709386.0,6609560576.0
2011-11-23,2616.71,2619.69,2583.03,2587.49,7072377.0,7344415232.0
2011-11-24,2570.71,2603.52,2560.74,2588.3,6920848.0,7190332928.0
2011-11-25,2583.61,2597.44,2561.97,2568.6,5634229.0,5747408896.0
2011-11-28,2576.74,2592.0,2563.96,2575.37,5859966.0,6284134912.0
2011-11-29,2594.52,2611.24,2583.55,2609.28,6409519.0,7465445888.0
2011-11-30,2602.12,2604.5,2512.22,2526.56,9782249.0,9551669248.0
2011-12-01,2592.87,2623.74,2573.59,2578.67,13636382.0,14292858880.0
2011-12-02,2568.76,2570.85,2533.11,2543.99,7375870.0,8037553664.0
2011-12-05,2547.6,2547.75,2507.3,2512.21,7344543.0,7248845312.0
2011-12-06,2507.72,2516.42,2491.53,2509.03,5566435.0,5907584000.0
2011-12-07,2509.35,2523.33,2499.39,2513.5,4728388.0,4504453120.0
2011-12-08,2513.61,2532.81,2482.22,2510.78,5712134.0,5681204224.0
2011-12-09,2497.05,2511.99,2490.62,2498.05,4770337.0,5158437376.0
2011-12-12,2496.06,2499.78,2478.61,2480.0,5130096.0,4908638720.0
2011-12-13,2472.38,2477.92,2439.92,2441.8,8033338.0,7657342976.0
2011-12-14,2436.84,2455.81,2416.52,2420.21,5924371.0,5501330944.0
2011-12-15,2407.53,2409.58,2359.93,2361.29,9121302.0,8432067584.0
2011-12-16,2358.66,2401.76,2344.16,2401.1,8639825.0,7791924224.0
2011-12-19,2380.52,2397.6,2330.45,2390.88,8679408.0,7875794432.0
2011-12-20,2381.79,2409.48,2373.27,2377.08,7147476.0,6553126400.0
2011-12-21,2397.38,2403.84,2347.9,2349.59,7005782.0,6354637312.0
2011-12-22,2337.46,2367.5,2308.33,2352.02,8296627.0,6983813632.0
2011-12-23,2349.07,2389.62,2342.76,2372.51,7543344.0,6903736832.0
2011-12-26,2360.04,2385.05,2349.36,2357.67,6314647.0,5123818496.0
2011-12-27,2353.57,2368.76,2327.01,2327.01,6233000.0,5748798464.0
2011-12-28,2319.49,2333.39,2292.48,2332.74,7113678.0,6435675136.0
2011-12-29,2321.11,2345.44,2318.46,2336.48,7058449.0,6282519552.0
2011-12-30,2342.35,2365.63,2342.35,2363.78,8631007.0,7466306560.0
2012-01-04,2380.35,2385.24,2321.96,2321.96,8857529.0,8317505536.0
2012-01-05,2314.52,2345.09,2303.08,2306.65,11023243.0,10047444992.0
2012-01-06,2305.09,2325.65,2294.83,2325.18,9249091.0,8155697664.0
2012-01-09,2325.85,2403.11,2310.33,2402.6,15662548.0,14088827904.0
2012-01-10,2400.58,2475.95,2396.15,2471.19,19857724.0,19142614272.0
2012-01-11,2469.84,2477.83,2447.87,2458.86,13614773.0,13340581120.0
2012-01-12,2453.58,2483.33,2450.27,2460.44,10524344.0,10642539776.0
2012-01-13,2463.73,2470.75,2406.94,2424.64,10410146.0,10421426688.0
2012-01-16,2412.79,2432.44,2393.61,2393.77,7846678.0,8172088832.0
2012-01-17,2396.15,2498.82,2375.86,2498.61,16003429.0,15611269632.0
2012-01-18,2496.4,2513.17,2453.53,2461.43,14738839.0,14791020544.0
2012-01-19,2465.27,2518.93,2459.68,2506.63,13655210.0,13486396160.0
2012-01-20,2514.66,2541.18,2503.36,2537.12,12513530.0,12951120640.0
2012-01-30,2539.73,2540.16,2485.55,2485.84,10512521.0,10046240256.0
2012-01-31,2487.81,2498.75,2474.01,2490.31,7023502.0,6976290048.0
2012-02-01,2486.9,2505.45,2454.65,2458.77,8093330.0,8253536512.0
2012-02-02,2467.17,2514.98,2459.89,2514.98,10433960.0,10295043072.0
2012-02-03,2506.88,2542.76,2500.67,2532.52,13069412.0,12600753920.0
2012-02-06,2537.73,2548.51,2516.72,2530.73,11692808.0,11823771904.0
2012-02-07,2514.96,2517.77,2469.56,2484.62,9628611.0,9426488064.0
2012-02-08,2483.17,2556.1,2479.28,2549.04,12994733.0,13421577728.0
2012-02-09,2546.46,2563.45,2532.88,2549.2,14813198.0,14366850304.0
2012-02-10,2540.46,2571.67,2532.88,2546.27,13932249.0,13259031552.0
2012-02-13,2521.29,2562.4,2512.3,2543.17,12287100.0,12264939008.0
2012-02-14,2540.08,2543.15,2522.17,2535.42,10277090.0,10201646336.0
2012-02-15,2528.6,2571.15,2521.11,2558.8,14586738.0,14587502592.0
2012-02-16,2554.58,2565.7,2532.63,2547.82,13924550.0,13262948096.0
2012-02-17,2562.58,2568.31,2536.81,2548.54,9631757.0,9322741248.0
2012-02-20,2581.08,2582.71,2546.03,2547.05,12454934.0,12658086656.0
2012-02-21,2551.61,2565.75,2529.75,2565.02,11004815.0,10647767296.0
2012-02-22,2565.11,2597.94,2557.0,2597.12,19511672.0,18943719936.0
2012-02-23,2594.61,2609.36,2587.18,2601.8,16805682.0,17019461632.0
2012-02-24,2602.92,2643.3,2598.29,2642.96,22562668.0,22459462656.0
2012-02-27,2653.75,2683.89,2649.61,2649.99,27188033.0,26597865472.0
2012-02-28,2645.1,2664.04,2636.62,2654.78,19552147.0,18335417600.0
2012-02-29,2648.84,2654.27,2623.94,2625.79,14116676.0,13558332672.0
2012-03-01,2618.5,2640.96,2617.46,2628.86,9847326.0,9712064256.0
2012-03-02,2633.56,2671.6,2633.56,2671.6,16677404.0,16456223744.0
2012-03-05,2677.15,2686.01,2654.86,2657.2,17351981.0,17961422592.0
2012-03-06,2649.16,2651.7,2608.99,2616.56,16605327.0,17693566720.0
2012-03-07,2594.56,2626.35,2592.97,2599.23,13841410.0,14362611200.0
2012-03-08,2608.18,2637.0,2607.26,2626.79,13271954.0,14141599232.0
2012-03-09,2634.96,2650.08,2622.25,2649.61,14057431.0,15469855744.0
2012-03-12,2647.55,2650.24,2617.58,2635.6,15324726.0,16868731648.0
2012-03-13,2632.92,2661.47,2630.18,2660.88,13472544.0,14600967936.0
2012-03-14,2673.95,2682.23,2576.56,2584.82,25904507.0,26034105088.0
2012-03-15,2583.62,2600.74,2563.77,2569.3,16116558.0,16031609600.0
2012-03-16,2574.72,2604.77,2565.78,2603.49,13701838.0,14573424640.0
2012-03-19,2596.35,2608.93,2577.93,2607.31,12111068.0,13479099648.0
2012-03-20,2603.32,2603.83,2564.93,2567.05,12443018.0,13378935040.0
2012-03-21,2580.08,2589.94,2551.92,2569.76,12399328.0,13848687872.0
2012-03-22,2570.35,2582.97,2555.22,2569.4,9942632.0,11033783808.0
2012-03-23,2561.91,2567.2,2535.47,2543.33,10653584.0,10954499840.0
2012-03-26,2543.75,2552.62,2534.05,2545.5,7626090.0,8465393152.0
2012-03-27,2555.49,2559.36,2535.79,2539.48,8147443.0,9361531392.0
2012-03-28,2534.4,2536.14,2469.51,2472.66,12130430.0,12144904704.0
2012-03-29,2463.89,2475.2,2434.57,2445.05,10628492.0,10326626304.0
2012-03-30,2450.61,2467.55,2448.21,2463.93,8793003.0,8500192256.0
2012-04-05,2460.27,2516.41,2446.84,2510.98,13724236.0,13645602560.0
2012-04-06,2507.34,2521.88,2500.4,2517.63,10799499.0,11097726720.0
2012-04-09,2509.53,2514.99,2491.37,2493.41,7997286.0,7649988608.0
2012-04-10,2486.79,2515.17,2460.99,2515.17,9450665.0,9430511616.0
2012-04-11,2491.38,2531.05,2486.06,2512.14,9820757.0,9468237312.0
2012-04-12,2515.01,2564.36,2513.0,2564.36,15131470.0,15488512512.0
2012-04-13,2568.19,2589.42,2561.88,2574.55,14659564.0,15884860672.0
2012-04-16,2559.28,2581.33,2555.4,2568.83,10443800.0,10811498240.0
2012-04-17,2566.51,2575.39,2535.46,2536.75,10502659.0,10266616064.0
2012-04-18,2545.52,2593.42,2537.94,2592.21,15202419.0,15478081024.0
2012-04-19,2589.35,2594.94,2576.69,2586.16,13084901.0,13913322752.0
2012-04-20,2583.78,2620.69,2581.07,2618.96,16783631.0,17852455936.0
2012-04-23,2615.75,2621.76,2592.86,2596.47,13823371.0,14742535424.0
2012-04-24,2584.83,2635.31,2557.81,2600.88,18969918.0,19530441984.0
2012-04-25,2594.17,2622.46,2588.54,2617.0,17405420.0,16778100480.0
2012-04-26,2623.36,2629.19,2602.01,2615.11,16088063.0,16590604544.0
2012-04-27,2613.95,2621.5,2601.96,2604.71,11750746.0,12044745472.0
2012-05-02,2640.68,2673.55,2626.93,2658.56,20564321.0,22844281344.0
2012-05-03,2655.15,2667.46,2646.92,2664.44,15140199.0,18264961024.0
2012-05-04,2661.44,2679.59,2645.54,2678.97,15339346.0,17338980864.0
2012-05-07,2661.21,2677.64,2656.7,2677.45,17686940.0,19953855744.0
2012-05-08,2676.31,2677.16,2646.41,2664.14,15386061.0,17318749184.0
2012-05-09,2643.4,2643.4,2611.8,2614.86,14267749.0,15147364096.0
2012-05-10,2617.53,2625.65,2605.73,2615.85,10589731.0,10902798848.0
2012-05-11,2609.12,2626.32,2595.52,2596.56,10346253.0,11346804480.0
2012-05-14,2614.71,2615.84,2576.11,2578.03,12508231.0,13371314944.0
2012-05-15,2561.95,2573.37,2551.14,2572.07,10913467.0,11467931392.0
2012-05-16,2565.15,2570.25,2533.78,2534.97,11108043.0,11280847104.0
2012-05-17,2537.7,2584.3,2535.13,2579.29,11184301.0,12374084864.0
2012-05-18,2561.29,2564.72,2534.07,2541.66,11788355.0,11819770624.0
2012-05-21,2539.41,2561.62,2526.14,2547.6,9912786.0,10217943296.0
2012-05-22,2557.8,2583.5,2557.21,2582.71,11372433.0,11731785472.0
2012-05-23,2576.54,2589.73,2557.96,2575.87,11644929.0,12927433984.0
2012-05-24,2572.7,2584.62,2548.52,2554.49,10569923.0,12500608512.0
2012-05-25,2552.95,2559.35,2529.12,2536.9,9215294.0,9346010880.0
2012-05-28,2525.07,2567.48,2509.45,2567.32,13800007.0,13747218688.0
2012-05-29,2565.13,2606.32,2562.97,2599.09,17486918.0,18711521792.0
2012-05-30,2595.37,2600.86,2585.24,2592.05,12802885.0,13192444672.0
2012-05-31,2572.99,2594.05,2567.2,2580.99,11189026.0,12259184640.0
2012-06-01,2581.08,2598.86,2571.53,2581.4,10356017.0,11803189760.0
2012-06-04,2548.28,2553.71,2509.75,2509.97,13513716.0,14303722240.0
2012-06-05,2516.89,2526.76,2503.3,2513.04,9699607.0,10323063296.0
2012-06-06,2516.21,2524.87,2497.42,2506.67,8472497.0,8930854144.0
2012-06-07,2520.0,2523.28,2479.54,2484.36,8536806.0,8891315712.0
2012-06-08,2498.12,2498.69,2462.52,2466.24,11109823.0,10503916288.0
2012-06-11,2464.75,2496.04,2458.98,2489.8,9121894.0,9101047296.0
2012-06-12,2477.07,2480.14,2455.01,2465.27,9433313.0,9312986624.0
2012-06-13,2470.85,2499.31,2459.44,2498.49,12257676.0,12392481536.0
2012-06-14,2485.62,2498.59,2473.54,2474.98,10927094.0,11469229312.0
2012-06-15,2481.39,2500.34,2464.46,2492.96,10508818.0,10748635904.0
2012-06-18,2502.24,2515.69,2498.18,2503.99,8564788.0,8858950912.0
2012-06-19,2501.01,2501.74,2483.87,2485.8,7968701.0,8112690944.0
2012-06-20,2491.01,2497.45,2481.01,2483.43,6757881.0,6670677760.0
2012-06-21,2477.68,2477.68,2431.89,2437.79,9980564.0,9975680000.0
2012-06-25,2427.05,2427.05,2392.04,2393.65,9998873.0,9948262400.0
2012-06-26,2384.04,2400.5,2376.45,2393.15,7773948.0,7665352704.0
2012-06-27,2391.16,2403.32,2380.07,2383.36,6833366.0,6361945344.0
2012-06-28,2388.28,2392.62,2360.93,2361.88,7517273.0,7439285760.0
2012-06-29,2355.58,2396.07,2353.98,2394.1,9496744.0,9084219648.0
2012-07-02,2405.45,2405.45,2379.91,2388.62,9365071.0,10194357248.0
2012-07-03,2389.12,2406.22,2380.17,2389.58,9169938.0,10014116864.0
2012-07-04,2395.87,2402.41,2385.45,2391.79,7082736.0,7871933696.0
2012-07-05,2380.73,2380.8,2348.16,2356.07,8352664.0,8295047936.0
2012-07-06,2355.19,2386.44,2336.58,2380.7,12640793.0,13740881408.0
2012-07-09,2364.39,2369.31,2313.31,2316.02,11977652.0,12233580800.0
2012-07-10,2312.52,2327.41,2305.74,2310.77,9061445.0,9050397696.0
2012-07-11,2307.27,2330.93,2306.66,2330.64,9368079.0,9442641920.0
2012-07-12,2325.37,2363.18,2308.87,2353.33,14835662.0,16037352448.0
2012-07-13,2345.3,2368.02,2341.72,2352.19,9211902.0,9914776320.0
2012-07-16,2356.11,2356.11,2316.79,2317.42,9744131.0,9683223296.0
2012-07-17,2312.4,2348.23,2312.36,2339.05,8468488.0,9002301696.0
2012-07-18,2336.42,2349.11,2313.81,2348.46,9146811.0,9149632256.0
2012-07-19,2341.02,2373.23,2334.86,2354.59,12012000.0,11567091200.0
2012-07-20,2348.21,2350.03,2323.73,2328.55,8824796.0,8230013696.0
2012-07-23,2312.59,2312.59,2282.49,2291.45,8633843.0,8200552192.0
2012-07-24,2279.61,2311.33,2278.6,2297.45,7882758.0,7443828736.0
2012-07-25,2290.72,2304.1,2280.27,2282.38,5842402.0,5405054464.0
2012-07-26,2281.53,2296.53,2271.59,2273.68,6463516.0,6082204416.0
2012-07-27,2281.42,2298.14,2274.33,2280.95,7698888.0,7381772544.0
2012-07-30,2283.3,2294.64,2268.74,2270.86,7433875.0,6761318400.0
2012-07-31,2272.97,2285.68,2266.71,2271.36,7263396.0,6483896320.0
2012-08-01,2270.73,2300.1,2270.24,2293.2,7839694.0,7237080320.0
2012-08-02,2285.67,2292.07,2264.56,2273.24,7660589.0,6757058304.0
2012-08-03,2278.16,2291.08,2272.46,2290.91,6889760.0,6496670208.0
2012-08-06,2288.93,2318.13,2287.27,2314.64,9723663.0,9027029504.0
2012-08-07,2311.71,2315.53,2304.95,2313.22,8821667.0,7820780288.0
2012-08-08,2316.63,2326.9,2311.57,2317.83,8310439.0,7976904448.0
2012-08-09,2317.9,2331.71,2304.31,2330.75,7910802.0,8185187328.0
2012-08-10,2333.28,2338.17,2321.71,2324.64,8212605.0,7828652544.0
2012-08-13,2320.8,2320.97,2277.79,2279.05,10936076.0,10577419264.0
2012-08-14,2279.91,2285.22,2259.41,2283.71,9165104.0,8424212480.0
2012-08-15,2279.15,2279.15,2252.64,2254.08,6737939.0,6096020480.0
2012-08-16,2250.97,2259.25,2245.74,2248.07,5401735.0,5137246720.0
2012-08-17,2247.38,2254.11,2235.8,2249.5,5492161.0,5322675456.0
2012-08-20,2232.68,2244.17,2221.35,2239.03,5716308.0,5199170048.0
2012-08-21,2238.6,2256.13,2232.43,2247.26,7506971.0,6484564736.0
2012-08-22,2248.35,2251.88,2229.7,2238.3,7251283.0,6379445248.0
2012-08-23,2239.12,2252.02,2229.46,2242.05,7003412.0,6047872768.0
2012-08-24,2234.48,2237.08,2217.66,2218.83,6704815.0,5737404416.0
2012-08-27,2213.75,2213.96,2171.73,2172.27,8604220.0,7480229632.0
2012-08-28,2173.17,2202.66,2171.0,2190.39,9876486.0,7939095552.0
2012-08-29,2181.82,2192.82,2169.0,2169.64,7661116.0,6383352576.0
2012-08-30,2158.33,2181.72,2154.06,2175.38,9452668.0,8355618816.0
2012-08-31,2169.93,2180.32,2167.64,2168.27,6111882.0,5289508608.0
2012-09-03,2164.45,2190.75,2161.1,2180.97,9449916.0,8363470848.0
2012-09-04,2182.06,2185.15,2151.92,2156.7,8204152.0,7033065728.0
2012-09-05,2151.93,2157.03,2135.02,2145.61,7795904.0,6824620288.0
2012-09-06,2148.94,2160.95,2142.02,2159.03,7164769.0,5979600896.0
2012-09-07,2173.19,2273.4,2173.19,2253.37,23381959.0,19858032896.0
2012-09-10,2254.13,2267.1,2245.81,2260.05,15761175.0,14143248384.0
2012-09-11,2250.46,2250.46,2230.17,2248.61,11208211.0,9955230208.0
2012-09-12,2259.54,2268.64,2234.51,2254.18,11552825.0,10278072576.0
2012-09-13,2252.82,2259.87,2238.32,2238.32,10092775.0,8611887104.0
2012-09-14,2256.98,2270.71,2242.68,2257.25,13360947.0,12164195328.0
2012-09-17,2252.9,2254.48,2206.11,2207.48,10293423.0,9073624832.0
2012-09-18,2200.27,2202.22,2180.78,2185.8,7666029.0,6666447872.0
2012-09-19,2186.14,2196.64,2180.13,2191.78,7794179.0,6933270528.0
2012-09-20,2184.67,2184.67,2146.66,2147.6,9988904.0,8287718144.0
2012-09-21,2143.57,2169.31,2142.19,2153.71,8385745.0,7189885184.0
2012-09-24,2139.89,2175.35,2129.15,2164.31,9070693.0,7930248448.0
2012-09-25,2159.97,2175.87,2155.77,2163.77,7835457.0,7116848896.0
2012-09-26,2162.61,2169.64,2139.88,2143.02,7186301.0,6383853568.0
2012-09-27,2144.36,2227.72,2144.23,2209.71,14097215.0,13214571776.0
2012-09-28,2193.41,2246.58,2191.22,2242.93,14529138.0,13778390528.0
2012-10-08,2240.6,2254.81,2212.38,2224.8,8963856.0,8098774272.0
2012-10-09,2237.16,2279.23,2237.16,2268.59,13655779.0,12521216256.0
2012-10-10,2264.28,2271.9,2252.97,2269.55,10415148.0,9055237888.0
2012-10-11,2263.48,2267.25,2246.87,2247.98,10047801.0,8756165632.0
2012-10-12,2256.22,2277.48,2237.49,2254.35,9487817.0,8126246144.0
2012-10-15,2255.25,2258.22,2234.25,2249.71,6981440.0,6228781056.0
2012-10-16,2248.39,2265.45,2240.75,2248.54,7574347.0,7390430720.0
2012-10-17,2256.11,2267.59,2236.9,2255.42,8461752.0,7933326592.0
2012-10-18,2261.24,2291.55,2259.68,2285.28,12454230.0,11122733056.0
2012-10-19,2285.0,2289.63,2274.7,2276.18,8429379.0,7519951104.0
2012-10-22,2267.23,2293.95,2263.35,2287.46,7778024.0,7459971328.0
2012-10-23,2287.18,2292.2,2257.42,2260.24,9083333.0,8141629440.0
2012-10-24,2252.32,2269.34,2251.26,2258.6,8796705.0,6984264960.0
2012-10-25,2257.0,2272.63,2240.37,2241.5,10188701.0,7685380864.0
2012-10-26,2242.7,2245.68,2200.44,2209.9,9606208.0,7723997184.0
2012-10-29,2205.03,2210.82,2189.42,2197.64,7688318.0,6027857920.0
2012-10-30,2198.28,2217.32,2191.64,2201.97,7817916.0,6451153408.0
2012-10-31,2202.08,2214.65,2193.97,2213.34,8262841.0,7210756864.0
2012-11-01,2214.41,2260.29,2214.29,2253.33,12729616.0,10898353920.0
2012-11-02,2254.35,2269.42,2245.37,2266.62,10848893.0,8834874624.0
2012-11-05,2264.01,2279.64,2257.6,2265.33,9822756.0,8646368512.0
2012-11-06,2266.58,2268.96,2226.91,2257.55,9727453.0,8502535168.0
2012-11-07,2254.31,2264.6,2240.27,2252.92,8027101.0,6632355072.0
2012-11-08,2236.56,2237.99,2211.63,2211.83,8745148.0,7270967040.0
2012-11-09,2208.06,2216.67,2200.68,2206.79,7760333.0,6123938304.0
2012-11-12,2210.03,2220.61,2202.77,2219.91,8213686.0,6941601280.0
2012-11-13,2219.76,2219.77,2178.2,2184.23,8873069.0,7447423744.0
2012-11-14,2184.16,2196.56,2178.53,2195.24,6616055.0,5740851200.0
2012-11-15,2183.73,2192.18,2165.83,2166.31,6918125.0,5829282048.0
2012-11-16,2163.02,2167.07,2141.05,2152.7,7841937.0,6883180288.0
2012-11-19,2151.98,2157.31,2135.39,2156.48,7304377.0,6649955840.0
2012-11-20,2160.75,2163.73,2142.11,2144.27,6372532.0,5272340992.0
2012-11-21,2145.28,2172.45,2134.68,2171.96,7725399.0,6700500480.0
2012-11-22,2161.27,2164.24,2150.95,2156.54,6281773.0,5559052800.0
2012-11-23,2165.33,2179.93,2159.29,2172.45,7683453.0,6784132096.0
2012-11-26,2165.46,2170.46,2155.92,2158.84,6041772.0,5222456576.0
2012-11-27,2152.66,2156.92,2134.53,2135.12,9037388.0,6710331904.0
2012-11-28,2129.78,2132.43,2117.41,2121.6,7647534.0,5941044480.0
2012-11-29,2122.29,2131.95,2100.35,2101.96,7985978.0,6078269952.0
2012-11-30,2101.13,2124.47,2094.89,2122.62,8964330.0,6653453568.0
2012-12-03,2120.41,2130.78,2094.38,2095.63,8921855.0,7174580480.0
2012-12-04,2094.52,2121.41,2089.09,2116.31,8789139.0,7020057600.0
2012-12-05,2115.72,2198.43,2113.71,2188.24,20832317.0,17710317568.0
2012-12-06,2185.6,2197.46,2176.35,2188.37,13063335.0,11000509696.0
2012-12-07,2190.13,2238.97,2185.68,2233.74,19425845.0,16448807680.0
2012-12-10,2243.49,2259.98,2238.74,2254.46,18593142.0,15684474880.0
2012-12-11,2246.81,2259.84,2237.34,2245.71,12407781.0,10432888320.0
2012-12-12,2246.32,2263.08,2236.44,2252.04,10686904.0,9014569728.0
2012-12-13,2244.96,2250.61,2226.84,2227.79,9832368.0,7897795328.0
2012-12-14,2232.4,2344.72,2232.4,2341.72,26858069.0,23405264896.0
2012-12-17,2347.03,2371.48,2343.28,2356.29,21473277.0,20371829760.0
2012-12-18,2350.95,2391.15,2340.65,2359.99,19583122.0,17953277952.0
2012-12-19,2358.01,2381.31,2353.34,2364.72,14856884.0,13672883200.0
2012-12-20,2354.92,2384.71,2341.48,2375.14,14638119.0,13684811008.0
2012-12-21,2378.0,2400.54,2353.06,2356.82,17151346.0,15880414976.0
2012-12-24,2357.27,2390.86,2356.14,2371.53,12838294.0,12684471552.0
2012-12-25,2365.25,2452.96,2358.97,2444.26,24070906.0,21946192640.0
2012-12-26,2439.93,2450.35,2435.67,2448.07,17620827.0,16268866816.0
2012-12-27,2454.91,2469.91,2433.0,2434.65,18043110.0,16923703040.0
2012-12-28,2440.31,2481.81,2438.29,2480.32,17907083.0,17604429824.0
2012-12-31,2484.25,2530.93,2484.25,2530.56,22010427.0,21536757760.0
2013-01-04,2562.03,2570.6,2509.51,2533.88,36321105.0,30726757376.0
2013-01-07,2528.33,2570.52,2522.0,2557.83,26434191.0,23620976384.0
2013-01-08,2558.14,2565.3,2520.78,2539.62,25667137.0,23465828608.0
2013-01-09,2529.15,2544.77,2514.14,2536.05,24588248.0,22424768000.0
2013-01-10,2535.79,2562.29,2523.79,2539.1,24566526.0,22089666560.0
2013-01-11,2540.87,2546.63,2477.5,2488.88,25424412.0,22748761600.0
2013-01-14,2480.22,2596.9,2480.22,2589.42,34260034.0,30702577664.0
2013-01-15,2588.22,2605.6,2581.77,2595.64,30740092.0,27521789440.0
2013-01-16,2591.47,2595.0,2531.51,2563.55,27902327.0,25616483328.0
2013-01-17,2557.37,2565.06,2528.42,2545.13,23272703.0,21228788992.0
2013-01-18,2561.6,2601.3,2547.38,2585.71,26838572.0,24423270656.0
2013-01-21,2592.66,2611.92,2571.24,2610.98,30960977.0,28171432448.0
2013-01-22,2606.73,2630.66,2582.66,2604.44,40881099.0,33568163840.0
2013-01-23,2594.02,2618.31,2580.7,2617.53,29131131.0,23635953152.0
2013-01-24,2617.48,2685.23,2581.21,2602.12,44701870.0,38831386880.0
2013-01-25,2602.79,2609.86,2586.77,2590.99,21105186.0,18497527296.0
2013-01-28,2599.69,2691.91,2599.69,2691.19,38174469.0,34988084224.0
2013-01-29,2693.77,2742.14,2678.91,2725.57,40314787.0,38548004608.0
2013-01-30,2728.62,2738.35,2705.54,2737.06,40717514.0,34277193216.0
2013-01-31,2739.28,2751.14,2719.12,2747.54,37649028.0,30830172160.0
2013-02-01,2737.24,2830.3,2729.99,2827.14,40731038.0,37494736896.0
2013-02-04,2834.99,2870.58,2818.51,2838.89,50833981.0,47937664512.0
2013-02-05,2812.71,2855.04,2807.46,2846.05,42074746.0,38496007424.0
2013-02-06,2844.58,2862.28,2831.19,2849.3,31589460.0,29757522176.0
2013-02-07,2844.61,2848.05,2757.61,2802.76,38987691.0,37828140032.0
2013-02-08,2795.34,2816.06,2771.98,2792.69,31102303.0,30340048128.0
2013-02-18,2809.37,2814.81,2767.15,2770.0,29599883.0,27655769600.0
2013-02-19,2767.61,2778.03,2725.94,2736.57,29657883.0,26815079424.0
2013-02-20,2738.43,2741.02,2695.85,2736.21,29316513.0,27715620608.0
2013-02-21,2709.35,2709.35,2601.37,2628.51,42494669.0,39591401728.0
2013-02-22,2626.07,2633.98,2593.45,2600.31,24284493.0,23173388800.0
2013-02-25,2614.17,2641.51,2605.83,2620.09,21978462.0,20432041472.0
2013-02-26,2599.41,2659.47,2586.56,2588.94,35535597.0,34283297792.0
2013-02-27,2597.24,2646.67,2595.66,2624.58,26097346.0,24928624128.0
2013-02-28,2644.15,2713.67,2620.04,2712.25,34959682.0,34143728640.0
2013-03-01,2711.2,2720.54,2655.84,2704.47,29081310.0,29520030208.0
2013-03-04,2657.27,2659.76,2555.65,2575.15,44038889.0,41111529472.0
2013-03-05,2578.84,2687.97,2578.59,2685.24,37258230.0,35301977088.0
2013-03-06,2698.28,2725.55,2674.4,2712.17,35703593.0,34516936704.0
2013-03-07,2699.8,2722.53,2645.61,2673.23,34077671.0,33006383360.0
2013-03-08,2675.98,2688.84,2655.17,2667.83,21674106.0,22321572608.0
2013-03-11,2662.69,2663.87,2618.72,2638.26,19742923.0,18976684800.0
2013-03-12,2635.19,2663.19,2568.48,2592.09,28324368.0,25696396800.0
2013-03-13,2589.0,2598.81,2556.08,2567.68,21014172.0,19227775232.0
2013-03-14,2560.67,2592.84,2553.2,2577.33,18677384.0,18293424896.0
2013-03-15,2577.46,2658.82,2550.38,2589.29,30860116.0,30099444992.0
2013-03-18,2577.61,2600.13,2552.44,2555.56,22680624.0,21823582208.0
2013-03-19,2559.59,2591.08,2547.09,2586.03,20552219.0,19261689088.0
2013-03-20,2588.73,2680.56,2587.44,2680.1,34981688.0,33437193216.0
2013-03-21,2680.63,2692.21,2662.4,2679.44,25309380.0,24656884224.0
2013-03-22,2677.13,2691.26,2666.0,2680.53,20178837.0,18859054336.0
2013-03-25,2693.08,2709.96,2668.15,2672.03,20732361.0,19622372096.0
2013-03-26,2661.24,2661.9,2602.38,2620.31,23095897.0,22276215552.0
2013-03-27,2622.37,2661.78,2610.49,2629.94,20232762.0,19186187264.0
2013-03-28,2560.3,2560.3,2507.33,2519.02,39421601.0,35985129984.0
2013-03-29,2520.43,2528.91,2499.63,2522.29,21249106.0,20107933440.0
2013-04-01,2510.09,2530.27,2506.86,2515.21,15576141.0,14387648768.0
2013-04-02,2519.15,2543.11,2495.14,2509.64,18698835.0,17835117312.0
2013-04-03,2517.32,2536.59,2505.52,2515.17,15988488.0,15134125312.0
2013-04-08,2469.39,2499.31,2458.79,2497.34,17627724.0,16055372544.0
2013-04-09,2505.11,2531.49,2504.87,2512.94,15798904.0,14640405248.0
2013-04-10,2511.97,2516.51,2485.4,2503.3,14693225.0,14034823936.0
2013-04-11,2521.71,2528.15,2497.07,2500.0,13716220.0,13074540288.0
2013-04-12,2499.17,2512.46,2481.13,2483.29,13270106.0,12046240256.0
2013-04-15,2475.25,2485.54,2453.62,2461.53,15844393.0,12868333056.0
2013-04-16,2447.14,2468.55,2422.84,2466.09,19502220.0,17691813120.0
2013-04-17,2461.04,2463.45,2428.32,2446.4,15533873.0,13585723648.0
2013-04-18,2424.42,2461.37,2417.15,2458.15,15842623.0,14740815616.0
2013-04-19,2463.08,2557.54,2460.43,2546.2,27944173.0,26441833216.0
2013-04-22,2533.73,2552.38,2532.93,2551.28,19356148.0,18485874432.0
2013-04-23,2557.16,2557.16,2472.27,2474.72,20660618.0,19640278784.0
2013-04-24,2478.97,2538.51,2467.23,2520.55,19620128.0,18606213888.0
2013-04-25,2509.88,2530.43,2479.46,2496.1,17532980.0,16670637824.0
2013-04-26,2505.54,2515.54,2468.23,2474.5,14723805.0,13417390080.0
2013-05-02,2460.89,2482.46,2447.02,2481.07,15583784.0,13494387968.0
2013-05-03,2489.56,2555.2,2489.15,2523.52,21661727.0,20198004992.0
2013-05-06,2531.6,2561.09,2527.66,2549.82,18570384.0,17337040640.0
2013-05-07,2543.66,2554.16,2527.4,2547.79,16735330.0,16341519360.0
2013-05-08,2558.01,2578.7,2541.87,2553.75,18725925.0,17391027968.0
2013-05-09,2554.9,2556.36,2519.44,2539.82,18527835.0,18117387264.0
2013-05-10,2534.27,2560.79,2530.13,2554.39,17045751.0,16175248128.0
2013-05-13,2555.81,2560.19,2534.25,2547.48,17215756.0,16687292672.0
2013-05-14,2542.25,2543.59,2508.91,2522.44,17233288.0,16383744256.0
2013-05-15,2523.27,2536.62,2520.66,2536.5,13319633.0,13212564480.0
2013-05-16,2530.71,2576.09,2511.95,2574.46,22484434.0,22122688000.0
2013-05-17,2571.5,2613.96,2563.51,2606.19,27285501.0,24468846848.0
2013-05-20,2611.15,2649.22,2601.43,2629.8,28693381.0,27607947520.0
2013-05-21,2624.59,2633.46,2603.94,2623.32,22479598.0,21409776640.0
2013-05-22,2623.04,2634.96,2612.31,2625.85,23822321.0,21912410368.0
2013-05-23,2611.0,2622.79,2577.15,2579.44,23027514.0,20341343488.0
2013-05-24,2588.36,2605.42,2569.47,2589.42,18092261.0,15867802624.0
2013-05-27,2586.91,2605.36,2584.59,2591.84,17571155.0,16651665152.0
2013-05-28,2592.74,2640.69,2581.2,2639.61,25058977.0,23874715904.0
2013-05-29,2644.16,2655.22,2630.53,2632.81,24542517.0,23018245888.0
2013-05-30,2626.93,2643.48,2621.11,2632.26,20808972.0,20753852160.0
2013-05-31,2636.28,2645.83,2609.68,2613.04,19597551.0,19677383936.0
2013-06-03,2607.86,2625.59,2596.3,2603.85,19232064.0,18194824448.0
2013-06-04,2600.58,2600.58,2566.2,2573.51,19094078.0,17751192064.0
2013-06-05,2571.13,2574.44,2544.72,2557.73,15737746.0,14894081024.0
2013-06-06,2549.86,2552.08,2520.09,2522.91,17013819.0,16106561536.0
2013-06-07,2524.18,2534.91,2482.16,2489.33,19119768.0,18107042304.0
2013-06-13,2448.16,2448.16,2372.24,2405.33,25152639.0,20683054592.0
2013-06-14,2407.48,2415.38,2397.36,2413.09,19092665.0,15900561152.0
2013-06-17,2419.3,2425.3,2393.93,2399.7,16846082.0,14529960448.0
2013-06-18,2406.53,2417.06,2387.58,2406.49,15170532.0,12870381056.0
2013-06-19,2396.19,2396.19,2349.7,2378.69,17106191.0,14811798016.0
2013-06-20,2365.36,2365.36,2297.86,2300.6,18850241.0,15726543616.0
2013-06-21,2263.58,2308.29,2244.48,2294.82,21337725.0,17550563840.0
2013-06-24,2285.83,2285.83,2143.59,2147.48,30138327.0,23465603328.0
2013-06-25,2121.97,2148.57,2004.13,2143.5,36356823.0,26403580928.0
2013-06-26,2146.74,2146.74,2093.6,2126.25,26852450.0,19915156992.0
2013-06-27,2129.69,2157.14,2114.51,2130.0,26127563.0,18896987136.0
2013-06-28,2117.08,2194.8,2106.55,2182.98,26692975.0,19033616384.0
2013-07-01,2170.54,2189.12,2146.95,2187.5,19783400.0,13771469312.0
2013-07-02,2187.25,2192.11,2158.82,2188.53,20766419.0,16056814592.0
2013-07-03,2172.3,2172.3,2133.35,2166.89,21410912.0,14876487168.0
2013-07-04,2152.36,2200.49,2138.81,2178.01,20691746.0,15457288448.0
2013-07-05,2179.61,2197.37,2173.73,2182.86,15895755.0,12177308416.0
2013-07-08,2152.6,2160.2,2123.71,2127.63,16750074.0,11968474624.0
2013-07-09,2125.65,2143.84,2119.94,2137.57,13833196.0,9529075968.0
2013-07-10,2137.62,2188.32,2131.54,2186.99,18396536.0,13427667456.0
2013-07-11,2201.49,2330.71,2201.34,2309.52,42019329.0,32433546496.0
2013-07-12,2298.69,2309.13,2245.8,2250.82,28829971.0,22445408000.0
2013-07-15,2265.45,2311.19,2246.62,2276.72,22686638.0,18782939904.0
2013-07-16,2267.11,2282.54,2247.71,2282.26,19088846.0,15318436864.0
2013-07-17,2275.74,2293.31,2249.61,2249.85,19352435.0,15358946560.0
2013-07-18,2240.5,2250.45,2203.21,2206.85,18906869.0,14513196800.0
2013-07-19,2209.67,2216.62,2157.93,2158.99,21493697.0,16506072576.0
2013-07-22,2133.71,2165.07,2122.02,2163.49,17781622.0,13560137216.0
2013-07-23,2170.47,2235.47,2161.68,2215.47,22629360.0,17796107264.0
2013-07-24,2200.07,2212.39,2164.76,2196.64,20719721.0,16628479232.0
2013-07-25,2206.72,2220.3,2182.95,2189.7,19276862.0,15214851840.0
2013-07-26,2181.19,2192.32,2169.77,2179.26,14149165.0,12056194560.0
2013-07-29,2159.91,2159.91,2122.68,2130.96,16399356.0,12968969984.0
2013-07-30,2141.16,2185.48,2129.14,2154.58,16362138.0,12881481728.0
2013-07-31,2171.72,2195.53,2147.87,2153.9,13285359.0,11267785984.0
2013-08-01,2167.65,2200.49,2160.5,2198.35,18272257.0,14783677952.0
2013-08-02,2214.67,2224.48,2189.21,2193.63,18037705.0,14969656064.0
2013-08-05,2194.54,2215.26,2185.41,2215.02,15709443.0,13863466240.0
2013-08-06,2204.99,2229.3,2189.12,2220.58,20033311.0,16915155200.0
2013-08-07,2214.55,2238.9,2200.99,2205.56,20352755.0,17296227072.0
2013-08-08,2199.08,2217.55,2187.52,2195.76,14745928.0,12375191552.0
2013-08-09,2207.33,2216.01,2173.78,2200.1,16932120.0,14611731712.0
2013-08-12,2210.22,2277.58,2208.76,2277.05,31213367.0,27189568768.0
2013-08-13,2277.85,2292.95,2270.36,2291.72,24344026.0,20506526208.0
2013-08-14,2296.4,2322.18,2275.84,2281.63,22699099.0,19369716736.0
2013-08-15,2280.47,2302.9,2260.2,2261.88,19939496.0,16321905664.0
2013-08-16,2253.76,2403.83,2234.43,2258.74,42004064.0,32624250368.0
2013-08-19,2237.76,2293.89,2234.47,2282.08,22967681.0,18570872576.0
2013-08-20,2276.6,2313.33,2264.84,2271.93,23908201.0,19464902400.0
2013-08-21,2280.48,2282.11,2247.91,2264.84,17596835.0,15025052672.0
2013-08-22,2257.25,2289.23,2249.54,2258.25,16928160.0,14283113728.0
2013-08-23,2269.52,2277.18,2203.08,2235.38,21713113.0,18115300352.0
2013-08-26,2242.33,2286.68,2233.41,2283.49,23239652.0,19804234496.0
2013-08-27,2279.31,2295.48,2268.65,2287.42,21578349.0,18592153856.0
2013-08-28,2272.14,2292.8,2255.55,2276.86,24079713.0,20031164672.0
2013-08-29,2289.89,2295.82,2261.36,2270.21,18478991.0,14814299136.0
2013-08-30,2268.2,2287.78,2257.15,2271.29,27643543.0,20991587328.0
2013-09-02,2279.34,2291.18,2259.3,2278.92,26561768.0,20607807232.0
2013-09-03,2286.9,2314.0,2280.84,2312.03,27089574.0,20838116352.0
2013-09-04,2309.68,2324.64,2307.05,2313.87,25832161.0,19730018304.0
2013-09-05,2318.28,2319.1,2303.26,2309.52,20489918.0,16208035072.0
2013-09-06,2304.7,2342.74,2304.63,2334.44,26090733.0,21009644800.0
2013-09-09,2360.59,2459.87,2360.59,2452.8,61915781.0,47765284608.0
2013-09-10,2459.76,2487.01,2442.47,2486.61,62087091.0,52035062272.0
2013-09-11,2492.68,2516.56,2480.77,2488.3,55806840.0,46391813632.0
2013-09-12,2484.09,2560.3,2469.41,2529.42,56803576.0,48843214080.0
2013-09-13,2515.59,2529.26,2478.49,2491.18,37226676.0,33821307136.0
2013-09-16,2506.06,2508.68,2456.28,2479.95,35991159.0,33129607680.0
2013-09-17,2489.76,2497.46,2423.86,2425.65,34288857.0,30146318336.0
2013-09-18,2427.16,2443.59,2403.51,2428.38,24452354.0,21425174784.0
2013-09-23,2436.73,2454.15,2425.39,2452.33,25513135.0,23208746496.0
2013-09-24,2451.63,2451.63,2388.36,2406.8,31357957.0,28366427392.0
2013-09-25,2405.39,2429.13,2385.33,2390.45,25431786.0,23299625216.0
2013-09-26,2385.95,2385.95,2344.03,2347.96,27360271.0,23522205952.0
2013-09-27,2344.64,2362.87,2340.31,2360.04,18441464.0,16148310528.0
2013-09-30,2371.38,2377.94,2356.78,2368.54,16012267.0,14282829568.0
2013-10-08,2360.65,2393.43,2341.93,2386.91,21365921.0,19056006400.0
2013-10-09,2379.76,2405.51,2371.33,2398.35,21647333.0,19831483136.0
2013-10-10,2401.01,2401.28,2354.08,2357.41,22647354.0,20381114880.0
2013-10-11,2373.9,2409.03,2370.53,2405.47,27958008.0,24564805376.0
2013-10-14,2407.67,2410.86,2394.18,2401.93,30081311.0,26225531648.0
2013-10-15,2404.61,2406.23,2376.43,2389.82,27277436.0,23558648320.0
2013-10-16,2383.75,2383.75,2342.6,2353.48,24749406.0,21479998976.0
2013-10-17,2366.43,2373.4,2345.09,2349.47,22487069.0,20198188032.0
2013-10-18,2351.15,2373.0,2346.5,2357.62,19839107.0,17585662208.0
2013-10-21,2362.55,2396.65,2349.61,2393.2,25938114.0,22986377216.0
2013-10-22,2390.75,2390.75,2365.78,2371.29,24384139.0,22147450624.0
2013-10-23,2377.74,2410.44,2355.32,2358.86,28101892.0,23779294208.0
2013-10-24,2352.98,2361.14,2332.61,2336.71,19959120.0,16762188544.0
2013-10-25,2336.34,2358.45,2309.04,2322.35,24270705.0,20825708544.0
2013-10-28,2329.43,2330.11,2306.41,2320.84,18432445.0,15432717312.0
2013-10-29,2324.2,2380.1,2306.59,2346.5,36916497.0,29676225024.0
2013-10-30,2346.1,2377.25,2332.76,2375.87,31171222.0,23247596032.0
2013-10-31,2367.68,2367.68,2339.53,2343.25,23465420.0,18668401664.0
2013-11-01,2349.85,2370.83,2338.27,2362.66,18946669.0,14864636160.0
2013-11-04,2376.48,2383.02,2350.97,2354.87,16031541.0,12894242816.0
2013-11-05,2341.5,2352.68,2313.35,2349.8,20359104.0,16241151232.0
2013-11-06,2335.34,2345.74,2320.38,2321.5,21542558.0,17570554880.0
2013-11-07,2321.64,2329.12,2307.45,2321.38,16298797.0,13488752640.0
2013-11-08,2312.0,2323.02,2289.61,2293.03,16291223.0,13292852736.0
2013-11-11,2293.08,2304.49,2281.52,2298.48,14424777.0,11868777728.0
2013-11-12,2303.34,2323.01,2301.36,2321.29,15866885.0,13416102144.0
2013-11-13,2302.96,2303.7,2257.92,2259.54,19294595.0,15267932672.0
2013-11-14,2260.84,2266.02,2241.43,2257.9,15936215.0,12788681216.0
2013-11-15,2260.95,2324.38,2260.15,2297.48,25953344.0,21505846528.0
2013-11-18,2312.59,2389.53,2302.74,2387.37,39587179.0,34412585984.0
2013-11-19,2386.98,2386.98,2361.61,2368.06,28134902.0,24522930432.0
2013-11-20,2384.01,2390.93,2358.23,2376.08,21999125.0,19355845376.0
2013-11-21,2363.71,2370.62,2333.72,2367.19,27390413.0,23488905728.0
2013-11-22,2373.19,2376.76,2349.92,2359.4,23570487.0,19944007168.0
2013-11-25,2346.22,2373.53,2339.7,2343.85,19980975.0,16753132800.0
2013-11-26,2343.83,2354.86,2337.37,2340.9,17087680.0,14157886464.0
2013-11-27,2340.13,2375.5,2337.42,2363.18,23081738.0,20260923392.0
2013-11-28,2368.01,2403.53,2364.0,2381.88,27445234.0,23156821504.0
2013-11-29,2389.31,2393.25,2374.07,2379.23,18412089.0,16195371776.0
2013-12-02,2379.57,2424.06,2363.98,2403.25,47501189.0,40243078144.0
2013-12-03,2394.99,2415.2,2387.67,2409.97,27282572.0,22950890240.0
2013-12-04,2406.24,2445.2,2400.6,2431.09,34807877.0,29000179456.0
2013-12-05,2431.03,2436.71,2415.84,2423.7,23202611.0,20229387520.0
2013-12-06,2419.66,2423.82,2398.9,2409.67,21330796.0,19009510400.0
2013-12-09,2414.38,2422.67,2401.8,2403.98,18745385.0,16767860224.0
2013-12-10,2409.66,2419.34,2400.22,2408.32,19467380.0,17099952128.0
2013-12-11,2397.72,2398.09,2355.81,2364.87,23529699.0,19852564992.0
2013-12-12,2358.97,2370.81,2354.02,2356.75,16466466.0,13581553664.0
2013-12-13,2338.51,2357.42,2334.33,2345.69,17583410.0,14028214272.0
2013-12-16,2347.47,2350.62,2316.81,2324.41,18799603.0,14738832896.0
2013-12-17,2323.8,2329.77,2308.54,2311.25,14503357.0,10791035392.0
2013-12-18,2311.01,2320.0,2302.69,2309.8,12517094.0,9556616448.0
2013-12-19,2316.51,2324.31,2288.41,2290.56,15353035.0,11347338752.0
2013-12-20,2291.26,2294.11,2246.51,2249.01,22144189.0,15199556864.0
2013-12-23,2254.14,2261.47,2228.5,2250.55,13756383.0,10053630464.0
2013-12-24,2256.95,2279.11,2241.05,2259.25,14826641.0,11043476992.0
2013-12-25,2261.15,2273.49,2254.05,2273.16,12512794.0,10030439424.0
2013-12-26,2268.4,2268.69,2226.15,2227.46,15816425.0,11822714880.0
2013-12-27,2228.18,2270.89,2224.19,2263.49,16853766.0,12943094016.0
2013-12-30,2273.56,2277.85,2252.24,2254.5,15987951.0,12050682880.0
2013-12-31,2245.01,2275.69,2241.53,2273.68,19946073.0,16363496960.0
2014-01-02,2267.85,2270.7,2258.46,2270.2,13871908.0,10641868544.0
2014-01-03,2260.7,2264.04,2237.19,2241.65,17122407.0,12770957312.0
2014-01-06,2240.67,2240.67,2187.46,2189.62,20995565.0,14607185664.0
2014-01-07,2177.76,2200.03,2172.59,2190.44,14061158.0,10070152448.0
2014-01-08,2191.88,2204.98,2177.01,2183.66,15604179.0,10992701696.0
2014-01-09,2178.39,2193.04,2157.25,2159.87,15274914.0,11114380800.0
2014-01-10,2153.34,2157.07,2131.77,2139.32,14378020.0,9856632576.0
2014-01-13,2139.94,2156.01,2124.74,2135.31,12303168.0,8685671168.0
2014-01-14,2135.43,2163.6,2126.99,2163.46,12707847.0,8887614464.0
2014-01-15,2161.53,2166.89,2148.21,2159.0,11935299.0,8616672768.0
2014-01-16,2159.37,2177.49,2151.78,2166.07,13757887.0,9775747072.0
2014-01-17,2159.14,2159.61,2139.37,2144.96,14730722.0,10104619520.0
2014-01-20,2141.09,2148.25,2127.35,2134.88,10804244.0,7561020416.0
2014-01-21,2136.63,2159.53,2136.63,2155.97,11180130.0,8222809856.0
2014-01-22,2159.01,2205.22,2158.11,2205.19,18597797.0,13066014208.0
2014-01-23,2204.01,2206.83,2193.72,2197.73,14999478.0,11445683200.0
2014-01-24,2196.19,2227.27,2192.94,2215.62,15786604.0,11982121728.0
2014-01-27,2207.38,2209.26,2193.68,2196.82,15992724.0,12083721984.0
2014-01-28,2199.34,2215.55,2192.27,2205.05,13724493.0,10353910784.0
2014-01-29,2210.15,2230.7,2208.43,2226.97,14817767.0,11527063296.0
2014-01-30,2221.76,2223.28,2206.81,2208.28,10530349.0,8168819200.0
2014-02-07,2199.11,2231.62,2190.87,2231.44,12141336.0,9537032448.0
2014-02-10,2237.88,2294.36,2237.88,2293.5,21149771.0,16263384576.0
2014-02-11,2296.89,2317.26,2285.54,2309.5,31857458.0,23133065472.0
2014-02-12,2311.0,2325.1,2305.75,2322.9,25198888.0,18346183168.0
2014-02-13,2321.03,2333.23,2305.19,2306.39,33529385.0,23220240384.0
2014-02-14,2305.83,2332.78,2302.26,2331.39,21093097.0,15130687488.0
2014-02-17,2343.9,2363.5,2333.72,2363.46,25070219.0,18969416192.0
2014-02-18,2364.81,2366.33,2352.24,2359.61,25382902.0,19613891072.0
2014-02-19,2362.07,2389.8,2352.71,2375.03,31986528.0,22301705472.0
2014-02-20,2382.7,2399.26,2362.53,2367.49,32529266.0,22256504576.0
2014-02-21,2363.84,2363.84,2321.57,2338.2,23148044.0,16230896128.0
2014-02-24,2325.63,2325.63,2283.12,2308.62,25363156.0,18430405888.0
2014-02-25,2309.68,2323.6,2233.74,2244.06,25780875.0,19702345472.0
2014-02-26,2235.05,2256.23,2211.1,2255.98,20973262.0,15606205952.0
2014-02-27,2256.98,2292.78,2252.29,2259.42,29978757.0,21206995712.0
2014-02-28,2253.18,2278.46,2231.05,2276.91,22982803.0,16817412608.0
2014-03-03,2275.31,2306.9,2268.77,2306.77,26147891.0,18318893312.0
2014-03-04,2294.21,2299.68,2273.63,2293.36,22008918.0,16003344128.0
2014-03-05,2294.14,2298.71,2273.0,2277.64,19155736.0,13931267072.0
2014-03-06,2272.14,2282.2,2245.2,2276.16,21951749.0,15051539712.0
2014-03-07,2275.93,2290.71,2256.9,2266.78,20691533.0,14503882752.0
2014-03-10,2248.93,2248.93,2180.56,2183.05,23066275.0,15829795328.0
2014-03-11,2176.76,2193.85,2168.67,2186.9,17958353.0,12571513856.0
2014-03-12,2187.68,2208.16,2168.56,2199.33,22245664.0,15116792832.0
2014-03-13,2204.77,2240.92,2204.64,2236.44,27460388.0,17394824704.0
2014-03-14,2231.02,2241.01,2209.84,2227.85,21481747.0,14108193280.0
2014-03-17,2229.34,2262.39,2223.4,2260.83,18112110.0,11931871232.0
2014-03-18,2263.95,2286.15,2259.92,2272.47,20174364.0,14923272704.0
2014-03-19,2265.21,2265.21,2238.27,2262.61,17665677.0,12989771264.0
2014-03-20,2258.37,2273.05,2215.04,2216.31,22654099.0,15052423680.0
2014-03-21,2207.15,2274.3,2199.8,2269.93,40784027.0,26699916288.0
2014-03-24,2273.79,2297.71,2266.61,2289.06,36646805.0,24820639744.0
2014-03-25,2287.94,2311.96,2283.13,2293.29,26363011.0,17777711616.0
2014-03-26,2301.35,2310.28,2288.86,2297.36,21887495.0,14745727488.0
2014-03-27,2290.89,2300.2,2267.34,2267.34,26756812.0,18534845184.0
2014-03-28,2266.68,2278.93,2240.08,2245.66,25857834.0,17537506304.0
2014-03-31,2247.48,2259.36,2231.13,2244.32,19804736.0,12759441920.0
2014-04-01,2240.95,2277.06,2239.98,2276.69,16727954.0,11470973952.0
2014-04-02,2280.96,2299.24,2278.09,2295.76,23038718.0,15226254848.0
2014-04-03,2298.33,2300.2,2260.75,2267.89,25111513.0,15683474944.0
2014-04-04,2260.66,2282.79,2255.46,2282.76,14483421.0,9909586432.0
2014-04-08,2275.38,2320.57,2271.19,2317.36,37324546.0,27046808576.0
2014-04-09,2321.92,2331.61,2315.43,2327.57,21998239.0,15717209856.0
2014-04-10,2328.21,2367.29,2317.65,2356.33,40969378.0,30357160192.0
2014-04-11,2347.63,2363.54,2341.75,2355.59,32946746.0,25105809152.0
2014-04-14,2352.87,2364.8,2345.48,2363.55,21717310.0,16535201024.0
2014-04-15,2356.02,2356.03,2317.03,2321.47,22148708.0,16570185216.0
2014-04-16,2315.62,2329.03,2309.47,2321.45,16900572.0,12487612928.0
2014-04-17,2324.78,2327.52,2309.05,2315.49,15796867.0,12051659520.0
2014-04-18,2308.45,2315.56,2298.2,2315.23,16601092.0,12085659904.0
2014-04-21,2298.52,2318.8,2274.43,2274.79,17403909.0,13097874432.0
2014-04-22,2272.06,2284.52,2242.73,2272.02,18353525.0,13813968384.0
2014-04-23,2265.23,2274.75,2252.51,2259.77,17130195.0,12794638592.0
2014-04-24,2257.78,2272.23,2251.06,2253.87,13945300.0,9839124736.0
2014-04-25,2253.59,2259.4,2219.77,2220.52,19813139.0,13854436352.0
2014-04-28,2214.95,2216.99,2176.51,2179.49,21235091.0,14305690112.0
2014-04-29,2177.18,2205.01,2175.25,2204.48,16370578.0,10749398016.0
2014-04-30,2205.53,2221.65,2200.35,2215.1,14567746.0,9996282880.0
2014-05-05,2212.14,2220.24,2194.36,2219.36,16251158.0,10552034560.0
2014-05-06,2215.63,2232.8,2213.39,2223.85,15494252.0,10310745856.0
2014-05-07,2219.13,2219.13,2195.66,2196.71,16398623.0,11000240896.0
2014-05-08,2191.53,2226.21,2188.87,2195.76,16685372.0,11596647424.0
2014-05-09,2196.29,2200.09,2173.37,2185.54,15341303.0,10499743488.0
2014-05-12,2201.44,2243.65,2194.58,2243.14,25613663.0,17851643136.0
2014-05-13,2248.47,2251.65,2229.61,2239.21,21560024.0,14287383552.0
2014-05-14,2236.47,2243.15,2229.1,2235.18,15539881.0,10973633024.0
2014-05-15,2229.79,2231.7,2200.0,2201.86,15179574.0,10598562304.0
2014-05-16,2196.89,2200.48,2176.93,2196.81,15082673.0,10115460352.0
2014-05-19,2191.13,2191.13,2161.5,2174.46,15841154.0,10753666816.0
2014-05-20,2181.83,2193.95,2169.5,2174.07,13456431.0,8651840768.0
2014-05-21,2165.52,2194.07,2151.59,2193.59,13383357.0,9038643456.0
2014-05-22,2191.7,2211.56,2184.41,2185.12,14926504.0,10468438784.0
2014-05-23,2178.74,2198.85,2176.56,2198.75,11407311.0,8303499264.0
2014-05-26,2209.32,2222.42,2208.72,2218.11,13307783.0,9935381248.0
2014-05-27,2216.45,2223.32,2209.57,2210.85,13483344.0,9515851264.0
2014-05-28,2208.9,2228.43,2203.24,2225.1,15190744.0,11159887872.0
2014-05-29,2225.09,2229.39,2203.53,2205.06,14965783.0,10646605056.0
2014-05-30,2203.45,2214.81,2192.14,2204.89,14578253.0,10124097280.0
2014-06-03,2204.28,2213.76,2197.65,2198.36,14255766.0,9351473152.0
2014-06-04,2196.2,2197.32,2165.11,2175.24,14194202.0,9100049152.0
2014-06-05,2172.19,2194.97,2168.09,2194.35,11874890.0,7851737088.0
2014-06-06,2193.89,2193.89,2172.69,2181.37,11924958.0,8205800960.0
2014-06-09,2174.57,2190.94,2170.76,2174.48,11526439.0,7744267008.0
2014-06-10,2177.2,2201.7,2171.87,2201.63,16126965.0,11106343424.0
2014-06-11,2199.16,2210.27,2196.77,2209.18,13240428.0,9077103104.0
2014-06-12,2205.82,2205.91,2192.34,2198.45,13450090.0,8933368064.0
2014-06-13,2194.45,2227.98,2193.88,2226.23,21567951.0,14933546752.0
2014-06-16,2229.58,2249.95,2229.58,2248.84,24567072.0,17236519424.0
2014-06-17,2245.58,2245.58,2227.62,2230.04,16692962.0,11485395456.0
2014-06-18,2224.86,2225.54,2206.08,2208.66,16776708.0,10671624704.0
2014-06-19,2208.85,2212.7,2156.47,2163.07,16575867.0,11302679552.0
2014-06-20,2160.33,2180.8,2160.33,2180.25,13488179.0,9313272320.0
2014-06-23,2179.32,2190.89,2176.3,2179.51,12421221.0,8854090496.0
2014-06-24,2175.92,2190.7,2173.8,2189.65,11375125.0,8124303616.0
2014-06-25,2186.08,2186.27,2171.36,2182.07,11522868.0,7456869888.0
2014-06-26,2183.64,2202.88,2183.23,2202.67,13485643.0,9091291904.0
2014-06-27,2197.18,2219.04,2191.27,2212.92,15183479.0,10234355712.0
2014-06-30,2219.86,2232.87,2214.62,2232.08,16892477.0,11822875136.0
2014-07-01,2233.19,2240.54,2225.18,2238.46,15874127.0,11445803008.0
2014-07-02,2237.19,2258.77,2231.28,2258.17,17622539.0,12782368256.0
2014-07-03,2256.12,2281.28,2252.78,2275.2,19473922.0,14117526272.0
2014-07-04,2275.9,2279.17,2263.31,2267.22,16868626.0,12863978752.0
2014-07-07,2264.93,2274.54,2255.21,2266.72,15331159.0,10947716096.0
2014-07-08,2265.88,2278.54,2249.9,2277.43,16399643.0,11863149312.0
2014-07-09,2271.66,2272.02,2241.99,2243.19,18953193.0,13094988800.0
2014-07-10,2241.78,2251.35,2234.92,2238.56,16411937.0,11444966656.0
2014-07-11,2232.09,2256.74,2230.55,2247.16,16585596.0,11202979072.0
2014-07-14,2247.91,2284.6,2247.86,2284.32,20769668.0,15434025728.0
2014-07-15,2283.55,2288.45,2271.82,2288.45,22057736.0,16234821888.0
2014-07-16,2286.79,2296.15,2271.99,2278.06,26664932.0,16764070656.0
2014-07-17,2273.06,2273.06,2251.2,2264.92,20700764.0,13230882560.0
2014-07-18,2255.06,2283.98,2252.6,2272.45,21334272.0,14408873472.0
2014-07-21,2271.39,2274.63,2260.21,2265.66,17559943.0,11280011264.0
2014-07-22,2264.84,2305.98,2263.94,2305.31,25902048.0,18442549248.0
2014-07-23,2306.47,2319.66,2294.63,2304.73,28874546.0,19648038656.0
2014-07-24,2310.45,2334.92,2305.75,2331.59,44112179.0,30598757120.0
2014-07-25,2335.4,2358.1,2332.71,2358.1,32984489.0,22946341120.0
2014-07-28,2369.38,2410.28,2368.67,2409.37,60540854.0,42091388672.0
2014-07-29,2416.11,2443.38,2407.0,2433.99,44555837.0,32320288768.0
2014-07-30,2423.58,2435.47,2412.29,2423.9,40769683.0,28856006656.0
2014-07-31,2419.49,2450.5,2418.19,2450.5,30855960.0,22070982656.0
2014-08-01,2440.7,2467.8,2426.98,2432.27,43127887.0,29630234368.0
2014-08-04,2435.48,2472.02,2433.43,2471.8,40890574.0,28890007296.0
2014-08-05,2472.25,2475.32,2454.92,2471.4,34214211.0,25093479936.0
2014-08-06,2462.14,2485.48,2447.07,2478.58,33634039.0,24543797760.0
2014-08-07,2477.42,2484.58,2445.4,2447.29,32345587.0,23381633280.0
2014-08-08,2444.41,2459.42,2438.09,2452.53,25915325.0,18505422848.0
2014-08-11,2455.19,2495.59,2455.19,2495.59,27995774.0,20765991424.0
2014-08-12,2494.06,2498.58,2484.49,2498.14,25343591.0,19513420544.0
2014-08-13,2499.32,2511.71,2474.93,2503.21,30767562.0,22820492288.0
2014-08-14,2501.06,2514.64,2479.87,2483.61,28454770.0,22117400576.0
2014-08-15,2480.64,2504.63,2471.97,2501.63,25780320.0,20371087360.0
2014-08-18,2502.97,2520.74,2502.97,2520.74,26498814.0,20221901568.0
2014-08-19,2523.69,2523.88,2501.54,2520.11,29835627.0,21929288448.0
2014-08-20,2512.55,2517.7,2499.54,2505.37,25775049.0,18703536640.0
2014-08-21,2505.35,2507.19,2461.38,2484.31,26035140.0,19498515456.0
2014-08-22,2481.62,2497.11,2473.97,2494.78,23933511.0,17403221760.0
2014-08-25,2494.17,2494.66,2471.52,2477.73,25586023.0,18055906048.0
2014-08-26,2472.83,2486.58,2443.54,2453.83,24629663.0,17885167872.0
2014-08-27,2451.58,2459.63,2445.28,2455.42,15803200.0,11303664128.0
2014-08-28,2455.61,2457.41,2424.7,2431.74,19888517.0,13729697024.0
2014-08-29,2434.0,2463.57,2432.43,2462.89,16425566.0,11754751488.0
2014-09-01,2464.21,2489.56,2463.42,2489.37,21173851.0,15108328192.0
2014-09-02,2493.0,2522.99,2488.12,2522.32,32899944.0,23829896704.0
2014-09-03,2526.78,2544.96,2526.62,2541.32,36217457.0,26347800832.0
2014-09-04,2540.64,2558.14,2534.17,2557.47,32437201.0,24290590208.0
2014-09-05,2563.02,2578.58,2557.47,2576.95,38487380.0,28575611392.0
2014-09-09,2581.67,2588.72,2568.26,2584.56,29828334.0,22973362176.0
2014-09-10,2577.54,2580.2,2561.86,2576.88,28473703.0,21404142080.0
2014-09-11,2575.21,2605.14,2557.83,2568.82,35906659.0,26488182272.0
2014-09-12,2564.07,2585.53,2555.04,2585.53,26928560.0,19308602112.0
2014-09-15,2585.06,2598.87,2576.41,2598.57,32538828.0,23404895232.0
2014-09-16,2597.37,2605.59,2541.02,2542.44,52582382.0,34744611584.0
2014-09-17,2541.67,2550.94,2518.69,2550.39,33642242.0,21890517248.0
2014-09-18,2548.32,2565.74,2538.97,2563.52,36207413.0,23787337216.0
2014-09-19,2563.08,2583.99,2556.41,2583.85,30566971.0,21491696640.0
2014-09-22,2577.49,2577.51,2537.7,2544.38,32146443.0,22246568192.0
2014-09-23,2543.97,2565.92,2543.75,2565.65,24758593.0,17216469504.0
2014-09-24,2559.65,2604.45,2555.53,2603.93,40988474.0,29511288064.0
2014-09-25,2611.23,2626.09,2593.47,2602.48,40067880.0,28655453696.0
2014-09-26,2596.77,2608.38,2587.93,2605.59,26019477.0,19336671744.0
2014-09-29,2611.6,2627.1,2609.86,2626.36,33170435.0,24408665088.0
2014-09-30,2629.77,2633.49,2619.86,2629.08,29248885.0,21513685248.0
2014-10-08,2635.47,2648.56,2621.99,2648.56,34424022.0,25436999936.0
2014-10-09,2649.47,2660.85,2631.71,2660.51,36979738.0,28088994560.0
2014-10-10,2653.56,2658.98,2632.09,2644.9,35319145.0,27472732416.0
2014-10-13,2632.46,2632.71,2600.47,2631.66,32800879.0,23694462464.0
2014-10-14,2626.15,2648.92,2610.15,2623.58,32325204.0,22834902272.0
2014-10-15,2622.24,2641.96,2610.1,2641.37,38583200.0,28098664448.0
2014-10-16,2628.29,2659.27,2616.12,2616.31,53250437.0,36916599296.0
2014-10-17,2610.79,2619.89,2560.38,2597.97,40956451.0,29271631872.0
2014-10-20,2602.4,2621.28,2599.82,2620.93,29089052.0,22211097088.0
2014-10-21,2621.27,2626.88,2595.46,2598.18,28961906.0,22051128064.0
2014-10-22,2597.79,2607.5,2574.85,2576.21,26948740.0,20233308672.0
2014-10-23,2572.12,2580.7,2540.12,2546.07,33348924.0,23656194304.0
2014-10-24,2546.89,2562.05,2542.43,2547.77,24178078.0,17608353536.0
2014-10-27,2541.79,2546.32,2524.74,2541.56,24824219.0,18315549184.0
2014-10-28,2546.8,2599.48,2546.8,2599.27,32387736.0,23568435456.0
2014-10-29,2604.58,2652.23,2597.46,2645.35,51153454.0,37331011840.0
2014-10-30,2641.68,2675.49,2636.5,2668.81,61010299.0,40435177984.0
2014-10-31,2669.26,2696.31,2658.79,2691.59,95566341.0,60829547520.0
2014-11-03,2699.23,2722.4,2693.12,2714.2,65876767.0,44982456064.0
2014-11-04,2714.38,2720.13,2697.88,2712.74,61672486.0,41800843520.0
2014-11-05,2717.03,2724.42,2704.37,2705.87,58344061.0,39183451648.0
2014-11-06,2707.11,2721.3,2683.09,2720.47,48375764.0,34466877184.0
2014-11-07,2721.47,2750.06,2693.56,2707.88,74209085.0,57206841856.0
2014-11-10,2722.73,2768.25,2715.06,2768.25,83255844.0,62120163072.0
2014-11-11,2773.2,2788.62,2699.34,2725.34,127819520.0,87897477120.0
2014-11-12,2711.77,2768.7,2706.13,2768.28,67848586.0,49630270720.0
2014-11-13,2768.78,2777.29,2732.12,2753.06,74902927.0,55974322944.0
2014-11-14,2743.67,2745.24,2719.47,2741.09,50145129.0,38762174976.0
2014-11-17,2769.06,2771.82,2739.16,2748.56,54775265.0,42647276800.0
2014-11-18,2749.81,2753.25,2725.55,2736.91,53919452.0,39341795584.0
2014-11-19,2732.1,2739.31,2719.02,2725.61,39353665.0,29679198208.0
2014-11-20,2717.94,2730.1,2709.08,2726.81,35313815.0,25739895040.0
2014-11-21,2725.74,2764.26,2721.3,2763.07,50382303.0,38564468224.0
2014-11-24,2787.22,2825.98,2770.96,2810.73,89514970.0,69659561984.0
2014-11-25,2812.61,2860.18,2809.56,2860.05,72835763.0,58021306112.0
2014-11-26,2866.48,2880.12,2848.23,2879.97,88416458.0,69525172224.0
2014-11-27,2889.84,2894.66,2860.61,2889.64,95910835.0,75363606528.0
2014-11-28,2886.34,2923.83,2871.99,2923.64,152648404.0,112277155840.0
2014-12-01,2932.0,2957.34,2918.54,2935.2,141748488.0,107078930432.0
2014-12-02,2924.32,3014.76,2919.62,2999.54,149993628.0,114152656896.0
2014-12-03,3005.47,3061.94,2981.39,3032.12,179726641.0,145209663488.0
2014-12-04,3040.75,3134.98,3029.25,3133.92,173998625.0,143928922112.0
2014-12-05,3154.31,3177.95,3011.95,3109.27,231382743.0,199841660928.0
2014-12-08,3085.17,3200.38,3057.39,3188.33,209169336.0,179014443008.0
2014-12-09,3173.7,3290.13,3048.13,3069.59,248742106.0,227311886336.0
2014-12-10,3075.4,3203.62,3044.48,3199.79,165985324.0,155911741440.0
2014-12-11,3188.21,3260.85,3174.3,3225.46,132209037.0,128368640000.0
2014-12-12,3233.1,3251.03,3214.16,3241.77,106986609.0,106925400064.0
2014-12-15,3241.01,3276.51,3204.83,3268.46,116475730.0,102428749824.0
2014-12-16,3271.12,3319.11,3257.25,3318.86,148427830.0,139015610368.0
2014-12-17,3329.52,3360.52,3286.4,3346.58,226455086.0,209377189888.0
2014-12-18,3353.2,3372.01,3321.48,3348.44,157838730.0,154545418240.0
2014-12-19,3349.23,3425.68,3314.63,3423.91,187174397.0,168071647232.0
2014-12-22,3452.9,3496.67,3388.83,3439.21,288129728.0,234362753024.0
2014-12-23,3401.58,3438.73,3323.32,3330.99,191542679.0,157382774784.0
2014-12-24,3332.25,3345.55,3235.7,3275.2,153275679.0,136536051712.0
2014-12-25,3294.64,3374.24,3272.53,3373.73,156846326.0,137423138816.0
2014-12-26,3379.13,3439.35,3361.98,3433.28,185923884.0,170756751360.0
2014-12-29,3460.29,3473.96,3382.13,3419.23,211857669.0,202838364160.0
2014-12-30,3413.06,3432.69,3356.8,3383.05,165835494.0,157855145984.0
2014-12-31,3387.77,3455.24,3374.17,3448.81,181606968.0,164770729984.0
2015-01-05,3470.71,3592.21,3470.71,3582.31,210390866.0,194965667840.0
2015-01-06,3559.17,3633.98,3534.32,3605.6,203922939.0,195005640704.0
2015-01-07,3580.71,3604.41,3545.8,3596.05,142606710.0,144830816256.0
2015-01-08,3593.23,3600.53,3512.89,3517.6,136486364.0,131966812160.0
2015-01-09,3501.57,3605.67,3492.47,3499.42,173327122.0,165322620928.0
2015-01-12,3468.42,3473.63,3391.9,3423.42,123323648.0,123067031552.0
2015-01-13,3413.55,3453.91,3412.09,3451.44,79466629.0,85920862208.0
2015-01-14,3455.95,3484.11,3419.93,3442.53,95631427.0,91433664512.0
2015-01-15,3441.94,3532.66,3436.39,3532.47,117329331.0,116114325504.0
2015-01-16,3538.52,3572.02,3523.93,3559.57,139605512.0,136291135488.0
2015-01-19,3391.79,3459.59,3266.68,3294.75,160760773.0,135364202496.0
2015-01-20,3302.48,3387.05,3301.06,3372.58,137757135.0,140002811904.0
2015-01-21,3387.58,3500.47,3375.36,3493.49,161293327.0,154438541312.0
2015-01-22,3494.1,3524.47,3463.0,3517.13,109732828.0,105380384768.0
2015-01-23,3526.59,3550.43,3485.37,3502.09,121803599.0,115989901312.0
2015-01-26,3499.78,3555.58,3493.18,3555.09,94036823.0,90159136768.0
2015-01-27,3556.92,3567.98,3482.42,3550.81,117591068.0,111275040768.0
2015-01-28,3528.86,3558.02,3506.47,3519.71,88799386.0,89326645248.0
2015-01-29,3479.59,3515.71,3470.09,3497.69,97628178.0,85338005504.0
2015-01-30,3502.25,3516.64,3452.75,3452.85,83350700.0,76022710272.0
2015-02-02,3393.79,3417.14,3365.72,3373.15,85947456.0,73279664128.0
2015-02-03,3394.11,3431.32,3373.51,3430.6,85777521.0,75849125888.0
2015-02-04,3438.38,3456.95,3403.69,3406.78,79870886.0,76842917888.0
2015-02-05,3469.67,3470.81,3358.18,3358.18,118066501.0,104068370432.0
2015-02-06,3343.79,3350.1,3260.84,3280.88,83721300.0,69682151424.0
2015-02-09,3271.13,3302.91,3252.01,3281.78,77741916.0,71973699584.0
2015-02-10,3282.67,3343.21,3280.07,3342.44,72063419.0,65972803072.0
2015-02-11,3346.26,3364.84,3345.56,3358.0,49459277.0,46726269696.0
2015-02-12,3359.25,3371.82,3334.95,3365.3,57003548.0,54587651072.0
2015-02-13,3380.0,3437.79,3380.0,3408.9,82851512.0,73256644608.0
2015-02-16,3410.18,3435.52,3401.81,3435.29,55409475.0,54373053952.0
2015-02-17,3441.98,3464.64,3441.98,3459.16,56129380.0,55273933568.0
2015-02-25,3466.39,3476.26,3436.78,3449.99,66381768.0,60485804544.0
2015-02-26,3447.74,3520.32,3438.9,3518.72,97241958.0,89994412032.0
2015-02-27,3517.16,3533.64,3509.75,3522.47,83086925.0,76101120000.0
2015-03-02,3550.11,3568.12,3528.04,3567.61,91520333.0,86043152384.0
2015-03-03,3555.63,3555.63,3512.52,3514.88,103764580.0,93479550976.0
2015-03-04,3514.57,3545.37,3511.87,3544.69,77573123.0,69806948352.0
2015-03-05,3539.82,3540.5,3494.54,3520.05,90483323.0,80702464000.0
2015-03-06,3518.64,3542.78,3504.78,3513.85,66657761.0,61821025536.0
2015-03-09,3501.36,3581.66,3478.41,3581.56,117966543.0,101851844608.0
2015-03-10,3567.98,3602.9,3561.57,3582.02,85540229.0,79074353152.0
2015-03-11,3581.79,3611.93,3578.31,3593.49,80543293.0,71950499840.0
2015-03-12,3617.44,3650.33,3606.33,3640.55,142233213.0,129014030336.0
2015-03-13,3647.03,3678.41,3644.42,3669.45,118686684.0,111010078720.0
2015-03-16,3687.36,3746.74,3678.95,3746.28,112057211.0,106414292992.0
2015-03-17,3768.26,3810.87,3757.21,3804.43,149448817.0,138206498816.0
2015-03-18,3828.31,3904.8,3825.78,3904.78,163378926.0,148344086528.0
2015-03-19,3924.26,3937.77,3890.87,3926.79,152074788.0,145234051072.0
2015-03-20,3928.87,3963.74,3914.01,3958.92,163239754.0,169637212160.0
2015-03-23,3979.76,4040.16,3979.76,4040.16,164500529.0,167798906880.0
2015-03-24,4044.64,4069.41,3947.03,4060.45,186715441.0,177528152064.0
2015-03-25,4052.09,4075.55,4016.45,4050.85,153406231.0,152644255744.0
2015-03-26,4031.07,4097.91,3997.33,4057.97,138182963.0,140115685376.0
2015-03-27,4062.27,4105.08,4042.47,4095.96,120775946.0,123163615232.0
2015-03-30,4116.3,4208.21,4116.3,4198.23,190669747.0,183116120064.0
2015-03-31,4230.59,4243.59,4157.93,4167.37,186504271.0,190439215104.0
2015-04-01,4167.12,4255.23,4167.12,4250.0,128328609.0,134924431360.0
2015-04-02,4276.31,4327.74,4251.71,4326.28,132401083.0,137650409472.0
2015-04-03,4319.73,4421.5,4301.32,4419.57,123605240.0,134476824576.0
2015-04-07,4470.88,4556.68,4467.69,4556.68,183037824.0,178573430784.0
2015-04-08,4578.84,4617.32,4490.12,4589.57,199853834.0,208200982528.0
2015-04-09,4591.97,4612.2,4432.63,4553.8,191075617.0,210715643904.0
2015-04-10,4548.9,4689.97,4529.25,4676.6,151260129.0,160107835392.0
2015-04-13,4717.29,4791.39,4704.79,4779.3,210816069.0,212089364480.0
2015-04-14,4775.8,4852.13,4734.36,4805.15,190889946.0,204835024896.0
2015-04-15,4799.69,4803.18,4676.92,4687.28,232893727.0,227751333888.0
2015-04-16,4632.48,4794.94,4583.77,4793.88,192560212.0,202689888256.0
2015-04-17,4835.41,4879.34,4811.11,4842.85,251826798.0,260858298368.0
2015-04-20,4833.82,4889.02,4710.58,4738.44,299763197.0,328694865920.0
2015-04-21,4715.84,4832.77,4709.02,4832.08,190497155.0,215186083840.0
2015-04-22,4845.73,4973.45,4845.73,4971.09,213834053.0,251026796544.0
2015-04-23,4992.86,5018.72,4935.25,4990.34,190003407.0,223815237632.0
2015-04-24,4917.1,4972.94,4852.64,4935.64,187092314.0,217951215616.0
2015-04-27,4963.27,5019.13,4947.87,5014.77,215616868.0,253516627968.0
2015-04-28,5020.99,5027.36,4869.37,4910.57,312863680.0,332984582144.0
2015-04-29,4885.9,4964.41,4858.08,4948.89,172372790.0,200485666816.0
2015-04-30,4960.25,5002.13,4948.04,4955.86,175921052.0,202618597376.0
2015-05-04,4957.75,5042.42,4923.36,5038.73,151899592.0,173302620160.0
2015-05-05,5043.26,5043.26,4808.74,4824.97,209671260.0,229258731520.0
2015-05-06,4829.93,4890.34,4682.59,4723.29,158889236.0,177581355008.0
2015-05-07,4695.3,4716.85,4582.19,4591.62,118934021.0,121167278080.0
2015-05-08,4634.55,4713.34,4597.45,4712.64,115475994.0,124540649472.0
2015-05-11,4754.2,4885.99,4715.55,4885.75,145693092.0,160072134656.0
2015-05-12,4892.41,4964.0,4871.29,4963.81,145532260.0,160788762624.0
2015-05-13,4966.71,4981.07,4903.02,4945.74,137688067.0,151734284288.0
2015-05-14,4949.68,4978.47,4906.92,4958.94,120411720.0,134659072000.0
2015-05-15,4955.41,4955.41,4842.74,4880.28,112909932.0,126142504960.0
2015-05-18,4849.94,4917.08,4828.43,4881.53,96849073.0,110192635904.0
2015-05-19,4897.71,5031.49,4897.03,5030.69,120455452.0,145429311488.0
2015-05-20,5054.68,5176.55,5054.37,5099.42,134352102.0,158961459200.0
2015-05-21,5111.2,5260.88,5098.12,5260.28,111943411.0,132981989376.0
2015-05-22,5329.63,5390.55,5289.47,5385.92,167248527.0,192402407424.0
2015-05-25,5380.85,5557.3,5373.88,5556.78,180182405.0,214314405888.0
2015-05-26,5603.59,5682.21,5514.47,5680.53,174974477.0,213523828736.0
2015-05-27,5677.69,5711.57,5582.44,5696.36,165691200.0,200904269824.0
2015-05-28,5684.37,5749.71,5349.73,5355.66,212202435.0,240610762752.0
2015-05-29,5335.98,5455.89,5141.13,5369.28,155786568.0,174029152256.0
2015-06-01,5413.56,5674.92,5408.53,5674.2,162134390.0,183073734656.0
2015-06-02,5727.41,5847.71,5686.51,5846.39,161750275.0,184892481536.0
2015-06-03,5882.08,5891.79,5734.83,5863.53,160545129.0,192263077888.0
2015-06-04,5878.13,5914.87,5557.27,5906.89,223921674.0,243178577920.0
2015-06-05,6001.52,6056.77,5874.62,6018.42,223802836.0,258886991872.0
2015-06-08,6068.76,6138.02,5972.18,6124.16,303976364.0,326051794944.0
2015-06-09,6132.83,6132.83,5990.76,6085.04,276517484.0,327659671552.0
2015-06-10,6011.95,6157.18,5948.79,6089.13,181643927.0,229969776640.0
2015-06-11,6081.02,6113.71,6032.27,6113.09,159325967.0,205091241984.0
2015-06-12,6142.36,6232.1,6142.36,6226.62,186969994.0,241791676416.0
2015-06-15,6240.65,6267.35,6130.76,6149.73,187728453.0,239475474432.0
2015-06-16,6090.76,6093.09,5841.35,5880.95,165715950.0,203447201792.0
2015-06-17,5892.43,6039.79,5724.9,6030.07,183013420.0,211602255872.0
2015-06-18,6011.38,6077.89,5877.88,5884.32,165520581.0,192707076096.0
2015-06-19,5724.2,5791.21,5477.86,5478.31,142368753.0,164251013120.0
2015-06-23,5444.16,5525.22,5147.18,5524.29,144588393.0,166462500864.0
2015-06-24,5573.87,5677.78,5510.08,5674.47,170130276.0,196538118144.0
2015-06-25,5698.91,5705.78,5430.41,5482.02,183500887.0,213670404096.0
2015-06-26,5323.24,5360.73,5010.85,5056.83,189874048.0,207901868032.0
2015-06-29,5188.37,5198.2,4681.37,4864.34,216701514.0,236887523328.0
2015-06-30,4803.44,5127.22,4586.26,5118.2,222542410.0,242576736256.0
2015-07-01,5054.84,5180.45,4828.46,4829.26,173658655.0,198481612800.0
2015-07-02,4826.55,4844.43,4503.55,4579.49,211951900.0,212893241344.0
2015-07-03,4416.63,4584.51,4231.19,4274.74,182724657.0,178215084032.0
2015-07-06,4599.99,4599.99,4137.81,4330.59,332765650.0,303799283712.0
2015-07-07,4188.57,4264.48,4069.85,4179.85,332685358.0,307377299456.0
2015-07-08,3882.92,4050.15,3848.88,3971.31,365925440.0,328765304832.0
2015-07-09,3891.88,4257.2,3869.16,4232.98,275730811.0,250628317184.0
2015-07-10,4307.22,4534.31,4268.7,4482.91,282085706.0,281543553024.0
2015-07-13,4583.57,4722.21,4512.18,4679.81,237101179.0,247711019008.0
2015-07-14,4677.54,4809.43,4564.94,4631.63,203515323.0,207789375488.0
2015-07-15,4567.47,4585.37,4355.38,4408.95,182276475.0,175160848384.0
2015-07-16,4364.77,4532.87,4246.47,4441.68,136898772.0,133071810560.0
2015-07-17,4457.13,4666.71,4442.32,4623.91,125523548.0,131440758784.0
2015-07-20,4621.49,4714.67,4568.92,4646.22,126558556.0,134127583232.0
2015-07-21,4587.03,4727.6,4553.24,4692.01,114159921.0,123968741376.0
2015-07-22,4670.3,4721.29,4594.97,4710.57,110162591.0,119170072576.0
2015-07-23,4703.36,4836.18,4686.18,4817.91,114948413.0,124171190272.0
2015-07-24,4817.84,4878.26,4695.14,4725.45,129277537.0,138460753920.0
2015-07-27,4617.25,4706.87,4330.53,4331.51,136113861.0,135035088896.0
2015-07-28,4173.34,4372.79,4086.9,4281.75,136537777.0,132641570816.0
2015-07-29,4314.29,4469.52,4243.18,4466.39,90499320.0,90585554944.0
2015-07-30,4452.02,4524.04,4332.04,4346.52,85600993.0,85999005696.0
2015-07-31,4287.25,4397.79,4282.12,4346.63,74397619.0,73250373632.0
2015-08-03,4292.86,4375.3,4250.23,4374.04,91342822.0,86545813504.0
2015-08-04,4368.25,4535.29,4329.17,4534.82,72720159.0,74329272320.0
2015-08-05,4518.62,4580.67,4456.23,4485.83,64785231.0,68119828224.0
2015-08-06,4410.91,4520.84,4391.23,4456.46,46200005.0,51034827008.0
2015-08-07,4485.83,4556.83,4474.42,4556.83,55286451.0,60321673984.0
2015-08-10,4588.67,4790.24,4575.26,4767.98,109378496.0,116110131200.0
2015-08-11,4760.03,4846.78,4738.17,4781.97,101297464.0,111486824448.0
2015-08-12,4717.49,4785.98,4707.05,4710.6,76325609.0,85588914176.0
2015-08-13,4688.13,4826.38,4672.19,4826.28,76891095.0,84942950400.0
2015-08-14,4842.19,4892.81,4797.74,4811.52,79669816.0,90652999680.0
2015-08-17,4799.76,4882.92,4761.73,4882.9,78110984.0,84851576832.0
2015-08-18,4887.79,4894.29,4514.42,4527.85,105884708.0,111492071424.0
2015-08-19,4400.31,4627.56,4288.07,4601.64,90281275.0,88302280704.0
2015-08-20,4547.36,4595.48,4438.66,4438.66,65524178.0,66305788160.0
2015-08-21,4369.18,4416.92,4185.25,4199.15,74222682.0,70430105600.0
2015-08-24,4029.02,4039.64,3827.5,3836.11,106873987.0,88131604480.0
2015-08-25,3558.59,3699.67,3504.32,3520.75,111390159.0,90303967232.0
2015-08-26,3538.65,3667.7,3385.11,3476.71,114884961.0,91703934976.0
2015-08-27,3529.13,3650.75,3453.59,3649.97,103344187.0,86252601344.0
2015-08-28,3711.63,3862.37,3674.94,3851.77,104398359.0,93653610496.0
2015-08-31,3809.79,3809.79,3695.19,3784.07,105258742.0,95977865216.0
2015-09-01,3713.01,3713.01,3571.68,3680.82,150060247.0,120235036672.0
2015-09-02,3506.41,3721.27,3492.92,3685.15,159827036.0,123599925248.0
2015-09-07,3684.65,3787.28,3585.87,3608.92,83526582.0,72029691904.0
2015-09-08,3581.9,3737.5,3524.63,3731.15,60138839.0,53292210688.0
2015-09-09,3743.95,3849.61,3722.51,3818.83,76632532.0,73467600896.0
2015-09-10,3760.7,3821.32,3743.71,3758.22,51886932.0,50347555584.0
2015-09-11,3753.59,3796.28,3714.69,3767.51,38038826.0,39048752384.0
2015-09-14,3795.92,3807.07,3539.81,3603.19,75463967.0,70386020352.0
2015-09-15,3511.63,3564.99,3417.44,3432.07,56053978.0,47825706496.0
2015-09-16,3436.19,3673.66,3421.35,3641.68,56320648.0,50703351296.0
2015-09-17,3623.23,3709.68,3556.52,3556.74,58126523.0,57106809088.0
2015-09-18,3583.96,3612.54,3546.89,3588.56,38154496.0,37735907072.0
2015-09-21,3554.02,3668.93,3537.48,3668.09,38900075.0,38665069312.0
2015-09-22,3678.05,3727.77,3659.98,3695.39,42443027.0,43657130496.0
2015-09-23,3637.2,3681.25,3599.2,3625.72,38395784.0,39078276352.0
2015-09-24,3639.87,3671.09,3619.98,3663.57,31005553.0,30139666176.0
2015-09-25,3651.97,3676.34,3564.73,3595.04,37953836.0,35215475456.0
2015-09-28,3597.59,3638.38,3548.64,3638.05,23674405.0,22910105600.0
2015-09-29,3587.3,3615.1,3558.32,3576.0,28597338.0,27559460608.0
2015-09-30,3605.45,3621.6,3577.91,3591.53,26048870.0,28102870528.0
2015-10-08,3705.79,3735.76,3677.19,3708.49,41253432.0,43503038976.0
2015-10-09,3707.02,3754.05,3694.47,3742.89,36946223.0,35768494848.0
2015-10-12,3758.56,3908.73,3756.08,3882.21,67851855.0,66909587712.0
2015-10-13,3848.91,3903.67,3834.25,3896.91,43335887.0,44102045184.0
2015-10-14,3870.73,3898.04,3828.28,3830.14,42808691.0,44450666496.0
2015-10-15,3816.32,3939.26,3815.94,3939.18,46451154.0,46860176896.0
2015-10-16,3972.75,4009.18,3932.58,4008.53,62015667.0,62598454528.0
2015-10-19,4031.26,4079.93,3997.63,4042.38,62141873.0,64874507264.0
2015-10-20,4035.98,4086.98,4001.47,4086.98,54378486.0,57931688448.0
2015-10-21,4084.99,4105.86,3851.46,3891.04,99351378.0,91270594560.0
2015-10-22,3868.2,3978.43,3851.6,3969.13,56054902.0,52921943808.0
2015-10-23,3985.96,4064.49,3969.3,4047.31,53669955.0,53684765440.0
2015-10-26,4099.7,4110.48,4040.18,4074.16,57410255.0,60078187008.0
2015-10-27,4066.23,4103.69,3949.78,4088.06,46539574.0,48594982656.0
2015-10-28,4070.82,4116.74,4006.12,4020.22,46266309.0,48591960064.0
2015-10-29,4035.13,4068.03,3997.51,4035.47,35609534.0,36650604288.0
2015-10-30,4026.1,4061.48,3977.96,4016.33,38856203.0,41533455360.0
2015-11-02,3945.85,4026.64,3934.21,3942.02,36777792.0,37738550016.0
2015-11-03,3942.63,3964.46,3902.34,3923.94,30939349.0,30721950976.0
2015-11-04,3938.25,4102.12,3938.25,4101.78,64303690.0,64412337152.0
2015-11-05,4105.25,4222.85,4094.77,4165.04,136452196.0,136250028032.0
2015-11-06,4154.02,4250.16,4153.14,4244.15,95236849.0,99900399616.0
2015-11-09,4241.26,4333.88,4240.2,4303.97,128186652.0,128968204288.0
2015-11-10,4275.35,4336.86,4263.6,4309.28,88430799.0,92264026112.0
2015-11-11,4313.77,4334.72,4281.37,4331.56,66592507.0,69731409920.0
2015-11-12,4331.99,4336.18,4258.13,4297.4,58259656.0,63853095168.0
2015-11-13,4261.57,4305.78,4218.57,4256.18,61373038.0,69831319552.0
2015-11-16,4186.8,4311.32,4180.52,4311.12,51794452.0,58183181824.0
2015-11-17,4348.54,4399.82,4299.18,4308.75,73361339.0,83355136000.0
2015-11-18,4305.59,4321.89,4251.26,4259.61,63054364.0,69327577088.0
2015-11-19,4267.92,4332.97,4249.77,4332.19,46287012.0,50330884864.0
2015-11-20,4338.92,4374.81,4328.43,4360.78,51306243.0,55957855744.0
2015-11-23,4371.68,4414.06,4341.13,4356.68,53085939.0,60972517120.0
2015-11-24,4353.41,4371.56,4293.96,4371.35,42773064.0,47073467904.0
2015-11-25,4364.65,4433.5,4359.46,4432.57,46214318.0,54123610880.0
2015-11-26,4454.7,4463.44,4402.24,4409.7,48087235.0,55729299200.0
2015-11-27,4383.66,4404.94,4144.49,4183.04,62282637.0,68158767872.0
2015-11-30,4182.14,4236.01,4040.73,4232.35,56544072.0,56058688768.0
2015-12-01,4229.63,4280.33,4194.87,4237.51,46650509.0,48156639744.0
2015-12-02,4214.74,4312.78,4169.45,4312.53,84444613.0,82090659840.0
2015-12-03,4308.38,4377.53,4299.71,4369.74,85921249.0,73871577088.0
2015-12-04,4345.32,4353.7,4279.01,4305.06,55030080.0,54321667072.0
2015-12-07,4308.28,4333.51,4285.91,4323.67,37876508.0,41027047168.0
2015-12-08,4300.56,4300.56,4226.54,4232.06,42181506.0,44704829440.0
2015-12-09,4213.58,4264.49,4210.09,4253.75,33295066.0,36835704832.0
2015-12-10,4261.02,4294.61,4235.53,4245.7,36499973.0,40877888000.0
2015-12-11,4232.82,4238.54,4179.72,4205.23,34349886.0,36898906624.0
2015-12-14,4172.5,4302.09,4166.73,4299.71,40922901.0,41498395904.0
2015-12-15,4296.42,4322.5,4273.08,4295.22,35597229.0,38265295360.0
2015-12-16,4304.76,4317.22,4278.66,4287.3,31034696.0,32424732928.0
2015-12-17,4306.95,4381.12,4306.48,4380.81,49104668.0,52574302720.0
2015-12-18,4374.75,4426.58,4364.57,4377.74,56386348.0,60819701504.0
2015-12-21,4366.51,4507.9,4362.68,4497.0,74480471.0,78639407104.0
2015-12-22,4509.87,4529.12,4479.15,4520.01,51005143.0,57850072064.0
2015-12-23,4520.92,4564.91,4503.63,4513.84,61919035.0,66422607360.0
2015-12-24,4502.92,4504.75,4409.72,4457.31,43734551.0,44985339136.0
2015-12-25,4462.53,4483.23,4445.34,4478.35,29485290.0,32076159232.0
2015-12-28,4489.28,4495.11,4367.54,4367.54,46328517.0,47753903104.0
2015-12-29,4364.55,4410.82,4349.13,4410.33,30444265.0,32830612480.0
2015-12-30,4413.78,4418.55,4374.72,4417.87,29480951.0,32572810496.0
2015-12-31,4416.64,4429.3,4374.58,4375.17,31617818.0,33464878336.0
2016-01-04,4368.3,4370.96,4065.07,4065.49,33831107.0,31699062528.0
2016-01-05,3966.6,4126.0,3952.49,4079.85,45759160.0,42040024832.0
2016-01-06,4084.17,4181.14,4083.04,4181.09,38887769.0,35304694272.0
2016-01-07,4119.5,4119.63,3881.99,3889.62,10973584.0,9807151872.0
2016-01-08,3992.29,4039.94,3833.26,3984.16,49404055.0,44443770880.0
2016-01-11,3918.73,3944.0,3758.8,3758.8,46279237.0,40412855296.0
2016-01-12,3769.8,3797.03,3717.7,3757.79,32076219.0,28104880640.0
2016-01-13,3779.86,3816.9,3686.24,3686.24,29181639.0,25708038912.0
2016-01-14,3607.31,3770.77,3598.03,3763.71,36306842.0,29950231552.0
2016-01-15,3739.73,3757.88,3607.8,3627.11,32970121.0,26924162816.0
2016-01-18,3569.08,3677.43,3565.16,3637.35,26821993.0,21416688640.0
2016-01-19,3637.36,3757.13,3628.7,3752.64,33240714.0,27692351232.0
2016-01-20,3735.9,3755.0,3669.73,3707.21,36771254.0,30998023680.0
2016-01-21,3656.15,3731.34,3600.07,3600.07,30937795.0,25682305024.0
2016-01-22,3636.79,3659.6,3570.11,3640.39,24294405.0,20547942656.0
2016-01-25,3659.95,3687.8,3638.03,3665.45,21197411.0,17429152512.0
2016-01-26,3636.09,3639.31,3434.63,3437.77,34746114.0,26986116864.0
2016-01-27,3455.52,3467.39,3309.88,3419.93,36840714.0,27823748352.0
2016-01-28,3390.43,3427.14,3321.21,3330.71,27261070.0,20515795712.0
2016-01-29,3328.26,3453.29,3328.26,3430.87,32327557.0,24151705344.0
2016-02-01,3423.94,3438.96,3349.89,3388.88,24538400.0,18837542912.0
2016-02-02,3390.33,3467.93,3390.33,3461.02,23785160.0,18965832192.0
2016-02-03,3426.37,3457.5,3400.49,3447.94,20913016.0,16731393024.0
2016-02-04,3456.09,3504.19,3456.09,3487.77,23193529.0,19136494080.0
2016-02-05,3490.92,3501.21,3471.84,3476.32,18997296.0,15888436736.0
2016-02-15,3381.99,3468.98,3377.75,3453.89,18784178.0,15278081792.0
2016-02-16,3467.47,3561.79,3467.23,3556.87,27599956.0,20838591744.0
2016-02-17,3550.23,3594.53,3544.06,3592.92,30500138.0,23614596864.0
2016-02-18,3610.05,3626.56,3585.14,3593.35,30472552.0,24158677760.0
2016-02-19,3585.61,3610.47,3574.13,3594.2,21414957.0,17207017472.0
2016-02-22,3631.81,3680.91,3625.32,3675.17,35359667.0,27108710656.0
2016-02-23,3678.92,3681.71,3614.1,3649.7,26481187.0,20929193728.0
2016-02-24,3629.84,3675.67,3608.83,3675.67,29288385.0,22939015936.0
2016-02-25,3668.3,3668.3,3427.56,3447.18,43832315.0,33010539008.0
2016-02-26,3478.17,3501.42,3423.45,3483.46,28613829.0,21873465856.0
2016-02-29,3475.51,3478.52,3338.04,3395.02,37892151.0,27027306752.0
2016-03-01,3400.83,3473.83,3379.7,3462.3,28762455.0,22319991808.0
2016-03-02,3466.08,3621.21,3465.4,3618.93,48023772.0,36850944768.0
2016-03-03,3615.02,3652.67,3608.49,3622.68,45480612.0,36554661632.0
2016-03-04,3609.16,3647.0,3566.78,3629.48,75967032.0,55979377920.0
2016-03-07,3649.64,3684.61,3634.05,3667.6,35536910.0,28264986112.0
2016-03-08,3669.61,3670.84,3558.99,3664.49,36675957.0,28361604608.0
2016-03-09,3596.67,3614.87,3561.3,3610.14,35159698.0,26792431616.0
2016-03-10,3598.36,3623.11,3558.06,3559.59,21465515.0,17343515648.0
2016-03-11,3532.42,3565.76,3515.83,3558.54,22551157.0,18714715136.0
2016-03-14,3583.67,3664.11,3583.53,3621.37,31242511.0,25741306368.0
2016-03-15,3614.98,3628.64,3574.71,3626.73,30708272.0,24087615744.0
2016-03-16,3620.65,3649.17,3620.62,3636.61,51135734.0,39627952128.0
2016-03-17,3641.55,3699.09,3621.8,3681.23,34918775.0,29759612672.0
2016-03-18,3689.24,3754.41,3684.04,3738.71,53997770.0,43086950144.0
2016-03-21,3760.82,3808.71,3753.66,3797.98,59198953.0,47409453824.0
2016-03-22,3778.08,3802.93,3761.48,3782.14,35938776.0,31272195072.0
2016-03-23,3773.5,3794.89,3754.84,3780.23,26084665.0,22795229184.0
2016-03-24,3759.69,3772.11,3727.64,3727.64,28700135.0,25149746688.0
2016-03-25,3725.0,3762.53,3724.68,3755.71,19606445.0,17840677120.0
2016-03-28,3766.41,3797.98,3731.88,3742.04,26768067.0,24512069120.0
2016-03-29,3740.51,3746.25,3683.82,3702.02,24627708.0,20908024320.0
2016-03-30,3729.01,3789.71,3729.01,3789.71,35686378.0,28381715456.0
2016-03-31,3801.88,3809.17,3777.55,3793.31,32104163.0,26619258368.0
2016-04-01,3784.52,3796.8,3732.84,3796.8,34128587.0,26560911104.0
2016-04-05,3788.47,3861.63,3786.38,3857.54,39180671.0,32275740672.0
2016-04-06,3848.64,3866.87,3828.64,3856.49,31831015.0,26950509312.0
2016-04-07,3865.01,3870.16,3798.22,3800.12,29997450.0,26585231872.0
2016-04-08,3778.44,3787.9,3747.35,3774.3,24740553.0,21226781440.0
2016-04-11,3797.2,3845.65,3797.2,3831.98,30909645.0,27333130752.0
2016-04-12,3829.02,3831.91,3793.45,3816.39,22096254.0,19281980160.0
2016-04-13,3836.25,3904.15,3836.25,3868.99,45629780.0,38132256000.0
2016-04-14,3884.7,3894.06,3854.28,3882.55,23375036.0,20489863424.0
2016-04-15,3885.31,3887.46,3860.22,3872.15,24416856.0,21533430784.0
2016-04-18,3856.29,3856.29,3813.64,3831.48,25231484.0,22228887552.0
2016-04-19,3846.7,3855.72,3818.47,3840.95,18682647.0,16893581312.0
2016-04-20,3850.46,3855.78,3677.85,3754.13,42894578.0,34852187392.0
2016-04-21,3735.88,3778.51,3727.07,3736.36,25119761.0,22683569408.0
2016-04-22,3716.21,3756.05,3711.69,3755.87,18257486.0,17080497664.0
2016-04-25,3742.83,3761.09,3717.57,3758.97,17246265.0,16495525632.0
2016-04-26,3756.09,3780.08,3743.55,3778.83,15002689.0,14168899328.0
2016-04-27,3780.69,3791.37,3759.44,3764.98,15656752.0,15333336064.0
2016-04-28,3765.16,3772.43,3720.12,3757.62,19154383.0,17252972288.0
2016-04-29,3744.93,3770.45,3739.93,3751.26,17144238.0,16081738240.0
2016-05-03,3753.64,3818.45,3740.86,3817.76,26974855.0,24430299392.0
2016-05-04,3806.42,3821.94,3794.37,3805.69,19799510.0,18446542336.0
2016-05-05,3800.79,3811.45,3781.91,3807.25,16783657.0,15285494272.0
2016-05-06,3805.02,3810.06,3702.11,3702.3,25386844.0,22529445120.0
2016-05-09,3690.32,3690.32,3601.5,3613.31,24624841.0,20096425984.0
2016-05-10,3605.16,3637.61,3604.0,3624.84,18086326.0,16051599104.0
2016-05-11,3638.3,3664.2,3614.45,3645.76,19560043.0,18391807232.0
2016-05-12,3616.42,3653.83,3576.9,3650.12,20411882.0,17307452672.0
2016-05-13,3641.71,3668.35,3626.03,3642.23,17472415.0,14956023808.0
2016-05-16,3629.26,3665.3,3615.72,3665.3,14768621.0,13002744320.0
2016-05-17,3669.51,3670.43,3636.1,3648.9,15300089.0,14268836864.0
2016-05-18,3631.24,3631.5,3564.32,3599.62,22391017.0,18515407872.0
2016-05-19,3590.33,3624.5,3590.33,3596.54,13441813.0,11456819200.0
2016-05-20,3579.32,3610.74,3570.62,3610.31,13237987.0,11552004096.0
2016-05-23,3609.07,3632.36,3608.69,3628.12,14359722.0,12814693632.0
2016-05-24,3624.73,3624.73,3584.63,3598.55,13835272.0,11768903168.0
2016-05-25,3612.21,3623.63,3589.44,3600.11,12067578.0,10361922816.0
2016-05-26,3599.47,3611.29,3561.46,3607.81,13529919.0,11060472064.0
2016-05-27,3603.36,3629.33,3595.01,3617.15,11898154.0,10265204992.0
2016-05-30,3611.35,3632.02,3590.86,3617.97,15626386.0,12660741120.0
2016-05-31,3621.19,3720.9,3621.19,3720.27,33677805.0,26934992896.0
2016-06-01,3721.4,3732.12,3711.39,3718.37,23194014.0,21080110080.0
2016-06-02,3716.45,3729.99,3706.89,3726.49,16720978.0,15280405504.0
2016-06-03,3727.41,3749.96,3713.93,3744.39,20219853.0,19025850368.0
2016-06-06,3746.01,3752.96,3729.27,3744.23,17020794.0,16498011392.0
2016-06-07,3742.09,3744.57,3725.84,3736.48,15090544.0,13793623296.0
2016-06-08,3726.94,3726.94,3689.79,3711.11,17225249.0,15091005184.0
2016-06-13,3680.47,3688.46,3606.42,3606.91,20766799.0,17612877824.0
2016-06-14,3598.15,3620.67,3597.75,3616.09,15176031.0,12571861248.0
2016-06-15,3586.94,3674.62,3583.75,3667.38,19788170.0,17342885632.0
2016-06-16,3655.73,3667.62,3638.56,3647.14,18963944.0,16966563584.0
2016-06-17,3653.19,3688.0,3653.07,3675.94,24601015.0,22700576000.0
2016-06-20,3676.47,3682.01,3648.95,3676.93,16780681.0,15760392192.0
2016-06-21,3686.74,3708.17,3657.64,3666.45,21773462.0,20149614336.0
2016-06-22,3660.79,3697.82,3658.1,3697.82,18781082.0,15878523648.0
2016-06-23,3687.31,3691.36,3661.18,3673.01,17780681.0,14928799488.0
2016-06-24,3662.79,3679.32,3573.9,3622.3,25553720.0,21968025344.0
2016-06-27,3606.81,3671.12,3606.26,3671.12,18517332.0,16916087552.0
2016-06-28,3656.43,3692.26,3649.01,3691.74,20953484.0,19816905984.0
2016-06-29,3697.8,3705.35,3688.78,3703.2,26901342.0,23699417344.0
2016-06-30,3702.49,3710.69,3693.87,3703.5,20900309.0,18806461696.0
2016-07-01,3706.88,3724.62,3700.65,3706.91,17049961.0,15612213248.0
2016-07-04,3689.02,3765.36,3686.88,3761.78,27781024.0,24946319872.0
2016-07-05,3758.58,3771.67,3751.7,3767.15,28688417.0,27149070080.0
2016-07-06,3756.06,3780.77,3742.17,3779.89,34523141.0,42266601728.0
2016-07-07,3763.87,3769.93,3739.26,3761.17,27659113.0,29622467072.0
2016-07-08,3742.48,3742.72,3722.2,3732.62,21206783.0,22442922496.0
2016-07-11,3740.23,3778.08,3735.39,3743.67,26170262.0,27242752512.0
2016-07-12,3742.39,3829.65,3742.25,3829.65,38664720.0,38346407168.0
2016-07-13,3825.94,3851.2,3825.4,3841.25,40129125.0,37953474048.0
2016-07-14,3835.72,3837.5,3808.3,3824.85,22788600.0,22777241344.0
2016-07-15,3827.82,3840.87,3818.35,3831.73,22736258.0,23451991552.0
2016-07-18,3826.29,3853.05,3810.97,3837.38,31712814.0,31194441728.0
2016-07-19,3832.0,3833.41,3790.9,3816.88,24883361.0,24648361984.0
2016-07-20,3814.6,3822.36,3799.39,3805.19,18152086.0,19038938112.0
2016-07-21,3805.13,3847.35,3805.04,3826.64,21204197.0,21982657280.0
2016-07-22,3822.58,3825.78,3780.35,3784.73,21236248.0,21777621760.0
2016-07-25,3780.64,3813.89,3780.64,3799.63,18589101.0,19545891840.0
2016-07-26,3794.86,3850.93,3793.75,3850.93,21608956.0,22611568128.0
2016-07-27,3850.39,3868.81,3733.4,3795.18,40114891.0,37246308352.0
2016-07-28,3781.56,3848.43,3774.05,3844.06,32280684.0,32648030720.0
2016-07-29,3835.72,3866.41,3831.66,3840.54,26661981.0,28483423744.0
2016-08-01,3832.06,3833.07,3777.94,3806.07,25668144.0,25414112256.0
2016-08-02,3797.45,3820.77,3786.35,3820.77,18066721.0,19045320192.0
2016-08-03,3808.54,3834.75,3798.32,3830.02,20807163.0,20655961088.0
2016-08-04,3827.57,3838.07,3800.76,3837.96,22750864.0,24551873536.0
2016-08-05,3838.94,3863.85,3829.14,3840.74,24804855.0,29147466496.0
2016-08-08,3835.54,3880.99,3823.77,3880.96,23830715.0,27893370112.0
2016-08-09,3879.31,3909.17,3876.31,3905.85,28274977.0,27996160768.0
2016-08-10,3905.36,3920.39,3887.16,3888.14,23440735.0,25092484096.0
2016-08-11,3883.19,3916.01,3872.0,3872.53,30218525.0,29350824448.0
2016-08-12,3871.41,3946.36,3870.0,3946.2,42281094.0,40863776768.0
2016-08-15,3958.06,4059.28,3957.74,4043.63,65208346.0,64547222016.0
2016-08-16,4057.88,4071.11,4017.94,4026.59,70963607.0,69884436480.0
2016-08-17,4022.59,4040.19,4005.03,4026.45,36881640.0,40952077568.0
2016-08-18,4020.18,4049.43,4002.09,4017.65,39652645.0,45201395200.0
2016-08-19,4012.86,4029.87,3994.73,4022.52,30782210.0,33198831104.0
2016-08-22,4018.7,4025.74,3995.07,3997.93,29344158.0,29416857600.0
2016-08-23,3990.12,4018.98,3979.92,4000.9,27654277.0,27476110080.0
2016-08-24,4001.38,4006.31,3981.33,3989.04,20543937.0,20819117056.0
2016-08-25,3974.46,3974.74,3930.15,3969.47,27892793.0,27508659712.0
2016-08-26,3970.04,3985.89,3954.34,3962.14,19613219.0,19748003840.0
2016-08-29,3957.48,3968.77,3944.41,3961.38,21917178.0,20386504448.0
2016-08-30,3962.01,3979.8,3957.78,3969.12,21249131.0,20225185280.0
2016-08-31,3965.54,3992.26,3961.42,3986.49,23544389.0,26340832512.0
2016-09-01,3985.76,3986.83,3950.81,3951.59,22720345.0,24401382144.0
2016-09-02,3954.32,3969.87,3938.77,3960.57,22905472.0,23445271552.0
2016-09-05,3969.5,3988.73,3965.56,3976.52,20063302.0,19164420096.0
2016-09-06,3983.11,4015.06,3962.76,4009.48,31170987.0,35019454976.0
2016-09-07,4008.93,4033.41,4005.74,4012.75,30495797.0,29565881856.0
2016-09-08,4009.63,4019.34,4002.06,4018.29,20905790.0,22330502656.0
2016-09-09,4016.35,4022.9,3984.78,3984.96,20084651.0,21247081728.0
2016-09-12,3936.1,3940.96,3883.58,3912.03,36631103.0,34250895360.0
2016-09-13,3916.85,3924.15,3897.1,3918.39,19090390.0,19824191488.0
2016-09-14,3900.42,3909.14,3873.29,3880.15,20264649.0,20502605824.0
2016-09-19,3884.69,3919.79,3884.69,3919.3,17324399.0,18029129472.0
2016-09-20,3919.35,3924.62,3912.29,3923.16,14706347.0,15542431232.0
2016-09-21,3919.75,3932.98,3916.78,3926.53,16802245.0,18781563648.0
2016-09-22,3941.66,3972.83,3940.25,3962.79,23665640.0,29590970368.0
2016-09-23,3966.54,3968.51,3942.45,3944.34,17199562.0,19911508992.0
2016-09-26,3934.28,3934.36,3882.37,3883.81,21084461.0,20562283520.0
2016-09-27,3878.9,3907.89,3874.08,3907.89,18116936.0,19188930560.0
2016-09-28,3914.11,3914.11,3892.59,3901.61,14908261.0,16560485632.0
2016-09-29,3903.95,3926.78,3903.81,3914.99,15687602.0,16547254528.0
2016-09-30,3909.81,3932.14,3907.77,3925.2,13320319.0,15682774528.0
2016-10-10,3940.99,3977.03,3928.26,3977.03,23911594.0,24508183040.0
2016-10-11,3977.02,3988.07,3971.97,3987.3,22123811.0,22424923392.0
2016-10-12,3977.71,3981.18,3963.59,3978.85,16713135.0,17084304384.0
2016-10-13,3978.26,3993.69,3972.49,3989.81,20468966.0,20331272704.0
2016-10-14,3984.53,3990.71,3968.64,3990.18,21572681.0,20755455744.0
2016-10-17,3992.22,3997.04,3952.52,3961.75,22623243.0,21728469760.0
2016-10-18,3960.43,4015.46,3960.08,4014.97,26393228.0,24634283776.0
2016-10-19,4017.04,4029.41,3998.3,4007.94,23557371.0,22142258176.0
2016-10-20,4007.98,4015.76,3999.33,4012.68,20314121.0,19979873792.0
2016-10-21,4012.2,4038.08,3999.59,4031.25,29383587.0,28310661888.0
2016-10-24,4034.31,4083.51,4031.82,4070.31,40174132.0,35463679744.0
2016-10-25,4071.84,4086.28,4068.49,4086.01,29508577.0,28106148864.0
2016-10-26,4080.9,4080.9,4051.72,4058.09,24807359.0,24913500160.0
2016-10-27,4053.17,4056.96,4036.31,4052.55,21429812.0,20401667328.0
2016-10-28,4048.5,4067.09,4027.21,4028.79,24083507.0,23097629184.0
2016-10-31,4023.45,4035.43,4007.77,4031.49,19581586.0,19121516544.0
2016-11-01,4033.72,4058.22,4027.17,4058.22,22012264.0,22296523776.0
2016-11-02,4048.85,4049.2,4018.3,4020.4,20846748.0,20356201216.0
2016-11-03,4012.2,4059.92,4010.82,4048.25,28481235.0,25573606400.0
2016-11-04,4048.06,4063.15,4028.37,4034.31,30354404.0,27789090560.0
2016-11-07,4033.93,4054.26,4024.78,4042.0,25311633.0,23208968960.0
2016-11-08,4051.6,4074.98,4047.8,4062.19,31239961.0,26993994752.0
2016-11-09,4061.91,4067.04,3999.11,4040.18,39347064.0,40938444544.0
2016-11-10,4060.75,4095.52,4060.75,4092.1,33551508.0,34434875392.0
2016-11-11,4088.71,4114.72,4083.29,4111.7,40900219.0,36827096832.0
2016-11-14,4104.01,4132.34,4098.33,4113.85,45293212.0,41836539648.0
2016-11-15,4114.14,4117.49,4100.34,4116.47,29943532.0,30266730752.0
2016-11-16,4115.69,4117.69,4104.17,4113.78,24880243.0,23934648064.0
2016-11-17,4107.88,4133.06,4099.15,4132.84,28520224.0,29775546368.0
2016-11-18,4138.89,4147.8,4116.61,4121.28,30406893.0,32795224832.0
2016-11-21,4117.09,4178.7,4116.07,4153.44,57082360.0,53661368064.0
2016-11-22,4151.33,4179.32,4151.33,4178.86,62339689.0,56815186432.0
2016-11-23,4184.26,4210.63,4182.11,4193.84,58760031.0,58455372288.0
2016-11-24,4188.67,4239.21,4186.11,4217.78,42089244.0,48551680000.0
2016-11-25,4216.97,4255.36,4190.09,4254.82,50549947.0,52975279360.0
2016-11-28,4266.21,4298.57,4266.21,4279.07,77426130.0,81958203392.0
2016-11-29,4271.27,4333.69,4262.64,4297.09,72597847.0,74919649280.0
2016-11-30,4288.63,4292.24,4235.76,4250.25,49127296.0,49427582720.0
2016-12-01,4261.12,4301.1,4261.12,4292.49,57770383.0,69754605568.0
2016-12-02,4290.0,4299.03,4233.42,4247.61,67615598.0,67246047744.0
2016-12-05,4189.71,4212.31,4169.9,4181.43,60586737.0,62524527360.0
2016-12-06,4178.98,4192.9,4171.82,4175.43,38202276.0,40260765440.0
2016-12-07,4173.9,4196.03,4157.29,4196.03,30817525.0,31396510720.0
2016-12-08,4201.55,4207.92,4188.42,4193.68,34789046.0,35446865664.0
2016-12-09,4189.04,4243.31,4186.71,4230.1,64029258.0,59822600192.0
2016-12-12,4229.67,4236.62,4114.0,4126.78,71182067.0,70812561408.0
2016-12-13,4113.25,4133.73,4077.09,4120.14,40849812.0,41018633728.0
2016-12-14,4115.48,4128.51,4087.37,4089.39,46038392.0,45161884416.0
2016-12-15,4074.29,4085.81,4026.27,4044.91,44417531.0,44762011392.0
2016-12-16,4041.46,4065.17,4033.7,4055.28,33626039.0,33726194688.0
2016-12-19,4052.41,4066.16,4037.88,4051.58,28155590.0,29537451264.0
2016-12-20,4046.48,4047.3,4002.08,4025.67,31986874.0,31043420672.0
2016-12-21,4029.19,4066.65,4029.19,4065.09,36856713.0,34611750656.0
2016-12-22,4062.89,4076.03,4055.33,4072.16,30867819.0,30217817344.0
2016-12-23,4068.41,4068.51,4017.53,4028.85,30530190.0,30069490176.0
2016-12-26,4015.88,4041.16,3977.38,4040.77,29917191.0,29460100864.0
2016-12-27,4037.21,4057.85,4035.2,4043.08,25058317.0,27363701248.0
2016-12-28,4042.35,4047.21,4017.86,4026.91,23004779.0,23511048960.0
2016-12-29,4022.37,4037.49,4011.99,4021.23,24530757.0,24408152064.0
2016-12-30,4025.65,4045.36,4021.89,4040.73,26055657.0,26295677696.0
2017-01-03,4045.25,4081.87,4044.88,4081.8,28065536.0,28057616640.0
2017-01-04,4080.01,4117.04,4077.52,4115.53,30272305.0,32312599552.0
2017-01-05,4116.21,4121.93,4107.93,4120.05,29025657.0,28507656704.0
2017-01-06,4117.58,4122.75,4097.46,4102.33,31051623.0,29536143104.0
2017-01-09,4101.79,4126.23,4100.45,4125.82,27230174.0,26770955264.0
2017-01-10,4123.4,4129.32,4110.22,4114.38,23817953.0,24170310144.0
2017-01-11,4110.24,4118.51,4080.76,4082.06,26839294.0,25747325184.0
2017-01-12,4079.76,4090.34,4054.53,4057.21,21844217.0,21424502784.0
2017-01-13,4055.25,4073.97,4043.34,4059.99,29724366.0,28751065088.0
2017-01-16,4053.86,4066.16,3999.45,4063.01,61914834.0,54607306240.0
2017-01-17,4045.52,4071.79,4035.61,4071.58,22413247.0,21980007424.0
2017-01-18,4068.85,4105.42,4066.57,4096.88,26046854.0,27962491904.0
2017-01-19,4088.98,4106.84,4080.81,4087.67,23603251.0,22837366784.0
2017-01-20,4084.25,4126.15,4083.94,4123.69,20537105.0,22165253376.0
2017-01-23,4127.17,4146.7,4119.5,4128.52,23779854.0,24796551680.0
2017-01-24,4125.11,4150.8,4123.54,4144.2,24181493.0,23379184896.0
2017-01-25,4139.85,4153.4,4131.92,4150.07,19279878.0,19964769536.0
2017-01-26,4152.06,4170.01,4151.88,4157.87,21233061.0,20882478848.0
2017-02-03,4158.86,4160.26,4127.01,4131.77,15131858.0,16171794944.0
2017-02-06,4135.87,4153.75,4126.73,4144.05,23085677.0,23174276096.0
2017-02-07,4140.97,4149.59,4128.04,4146.86,20931933.0,21924069120.0
2017-02-08,4141.15,4161.95,4123.27,4161.75,22088897.0,22982942464.0
2017-02-09,4161.04,4191.36,4158.64,4179.77,32543860.0,34615292928.0
2017-02-10,4181.64,4213.99,4180.21,4206.29,41025111.0,43103980288.0
2017-02-13,4209.97,4240.7,4209.14,4237.66,38461486.0,43676317696.0
2017-02-14,4238.74,4241.96,4217.01,4228.75,27101465.0,30381976576.0
2017-02-15,4229.14,4256.86,4217.57,4225.67,49907871.0,43888171008.0
2017-02-16,4224.74,4248.34,4219.63,4248.34,33899829.0,32824886784.0
2017-02-17,4250.95,4258.68,4215.5,4218.56,31125246.0,33068441088.0
2017-02-20,4219.16,4295.37,4219.16,4293.09,50811169.0,51162981888.0
2017-02-21,4295.96,4312.41,4289.51,4300.01,36433153.0,38206331136.0
2017-02-22,4298.57,4324.95,4296.16,4324.54,31666045.0,35145867520.0
2017-02-23,4322.01,4329.73,4284.94,4302.67,29017490.0,31522979328.0
2017-02-24,4296.99,4297.78,4272.68,4296.51,25258524.0,27172609792.0
2017-02-27,4295.57,4295.57,4252.11,4256.86,31748386.0,34590038016.0
2017-02-28,4256.9,4278.61,4256.85,4275.43,21340412.0,23728945152.0
2017-03-01,4275.65,4295.12,4271.02,4278.95,29162925.0,29857583360.0
2017-03-02,4281.76,4288.75,4255.94,4257.55,25733053.0,28129603328.0
2017-03-03,4247.94,4259.62,4235.03,4259.2,23153374.0,24741446912.0
2017-03-06,4257.46,4283.95,4257.34,4280.97,29365601.0,30341948928.0
2017-03-07,4277.27,4286.19,4268.75,4285.91,24472780.0,27284574208.0
2017-03-08,4282.93,4282.93,4264.26,4274.55,27756699.0,29832030208.0
2017-03-09,4267.53,4267.65,4228.86,4240.96,29804463.0,30325051392.0
2017-03-10,4236.56,4253.69,4235.99,4244.69,21959037.0,25871116544.0
2017-03-13,4240.34,4285.47,4223.69,4285.47,28484670.0,34031569152.0
2017-03-14,4283.33,4295.11,4276.02,4283.67,24314124.0,28422498816.0
2017-03-15,4278.99,4301.4,4276.65,4298.08,25982211.0,28656811776.0
2017-03-16,4304.08,4325.59,4304.08,4314.32,32599230.0,35301758976.0
2017-03-17,4316.63,4319.62,4262.24,4268.78,32582425.0,35842137856.0
2017-03-20,4279.34,4290.86,4262.03,4289.3,28811379.0,32330002688.0
2017-03-21,4290.77,4331.39,4286.9,4331.33,32905477.0,43012369408.0
2017-03-22,4308.79,4325.75,4290.33,4307.38,35774805.0,42268982272.0
2017-03-23,4309.88,4328.79,4280.66,4316.12,30577355.0,38008561152.0
2017-03-24,4315.57,4364.06,4313.76,4354.31,42430928.0,51559188736.0
2017-03-27,4357.99,4382.49,4336.99,4341.29,41081050.0,46542194176.0
2017-03-28,4340.98,4341.95,4313.65,4326.36,26180838.0,31472048128.0
2017-03-29,4328.56,4342.74,4302.05,4319.62,32401864.0,34376028928.0
2017-03-30,4315.85,4321.9,4264.06,4290.82,40004604.0,39682827008.0
2017-03-31,4287.76,4325.22,4284.42,4323.96,35829726.0,34717549824.0
2017-04-05,4352.99,4382.42,4343.24,4382.42,50591022.0,56848879616.0
2017-04-06,4387.23,4400.64,4374.05,4400.05,51780452.0,53986966272.0
2017-04-07,4394.89,4416.28,4381.68,4407.75,44131932.0,45171042304.0
2017-04-10,4412.73,4417.04,4399.31,4405.85,38860307.0,44695760128.0
2017-04-11,4410.51,4430.27,4352.53,4421.57,47222280.0,54200003072.0
2017-04-12,4419.54,4446.4,4399.7,4423.27,52804475.0,55161315840.0
2017-04-13,4410.43,4454.05,4407.34,4450.62,47335219.0,47756288768.0
2017-04-14,4450.52,4454.59,4389.86,4397.73,37231505.0,36407507968.0
2017-04-17,4379.33,4382.38,4345.13,4375.88,35254382.0,37385851136.0
2017-04-18,4367.91,4401.39,4365.36,4365.36,39680450.0,46020615424.0
2017-04-19,4349.94,4355.76,4306.79,4347.31,42176660.0,46469250048.0
2017-04-20,4344.81,4376.49,4340.44,4366.19,40051846.0,49580310784.0
2017-04-21,4361.49,4379.91,4351.31,4369.35,39306744.0,41862926080.0
2017-04-24,4356.83,4356.83,4285.99,4315.2,40934182.0,42793711616.0
2017-04-25,4313.36,4348.59,4305.41,4335.37,32852893.0,35967482112.0
2017-04-26,4331.91,4361.28,4327.55,4339.48,38938913.0,45514668800.0
2017-04-27,4325.19,4336.62,4272.93,4329.63,47114012.0,48849771264.0
2017-04-28,4311.9,4313.17,4279.94,4302.84,35230319.0,41825307392.0
2017-05-02,4284.96,4292.89,4270.59,4281.13,31151226.0,35776868352.0
2017-05-03,4270.17,4282.95,4241.17,4254.32,30178502.0,32865411584.0
2017-05-04,4245.63,4276.32,4229.4,4251.87,34232696.0,36362737920.0
2017-05-05,4233.91,4238.13,4210.33,4229.1,38703941.0,41342629888.0
2017-05-08,4213.71,4219.13,4176.27,4194.24,41687330.0,43661736448.0
2017-05-09,4178.26,4201.16,4162.46,4192.62,27660672.0,29968261888.0
2017-05-10,4189.67,4203.49,4145.41,4147.82,30143482.0,32462300672.0
2017-05-11,4126.48,4170.81,4103.09,4170.48,38555442.0,38914483968.0
2017-05-12,4162.4,4206.57,4158.84,4202.12,39023399.0,38584658944.0
2017-05-15,4203.76,4232.95,4203.76,4228.94,33005335.0,35672935168.0
2017-05-16,4218.28,4278.25,4198.83,4278.08,36722932.0,40568659712.0
2017-05-17,4273.76,4290.78,4261.71,4265.53,35244516.0,38932512512.0
2017-05-18,4235.26,4257.56,4227.49,4245.37,28900771.0,30219446528.0
2017-05-19,4238.84,4265.01,4238.75,4261.37,26032069.0,30103234304.0
2017-05-22,4255.04,4269.52,4224.77,4248.44,34583086.0,36660310784.0
2017-05-23,4240.43,4275.91,4237.08,4259.54,45378619.0,49234357248.0
2017-05-24,4242.67,4266.98,4210.64,4266.98,31872165.0,35516497152.0
2017-05-25,4254.49,4336.51,4251.09,4325.16,60572280.0,58154412544.0
2017-05-26,4315.68,4342.86,4315.68,4331.28,41166947.0,43135781376.0
2017-05-31,4350.2,4359.69,4311.69,4338.31,39767032.0,43777276160.0
2017-06-01,4325.18,4338.54,4317.65,4330.89,37271164.0,41461345280.0
2017-06-02,4324.04,4343.59,4311.01,4338.47,32627819.0,34040982528.0
2017-06-05,4333.04,4337.34,4310.42,4316.5,37087546.0,34528062976.0
2017-06-06,4308.95,4339.0,4301.92,4338.88,24459509.0,28653482752.0
2017-06-07,4336.49,4397.55,4333.0,4397.44,39258614.0,46109868032.0
2017-06-08,4395.27,4438.49,4392.41,4437.77,32718361.0,41646035712.0
2017-06-09,4433.58,4462.04,4432.06,4450.95,42241481.0,48731079168.0
2017-06-12,4442.58,4494.53,4435.82,4462.27,36815719.0,46792420352.0
2017-06-13,4458.94,4477.89,4446.56,4477.02,25900091.0,33585869312.0
2017-06-14,4458.48,4459.41,4403.61,4413.18,29769012.0,38583069184.0
2017-06-15,4402.82,4415.62,4373.83,4391.99,27119058.0,34082570496.0
2017-06-16,4377.19,4390.86,4356.57,4362.86,23983938.0,29596571136.0
2017-06-19,4361.85,4398.08,4358.96,4393.38,26835487.0,32638269952.0
2017-06-20,4399.45,4406.58,4378.96,4387.9,26448520.0,33621237248.0
2017-06-21,4404.65,4439.06,4379.97,4439.06,28489575.0,38593790720.0
2017-06-22,4439.19,4489.14,4435.66,4438.04,54477514.0,63888633856.0
2017-06-23,4427.19,4475.03,4405.75,4475.03,37908496.0,47584411136.0
2017-06-26,4476.92,4534.41,4475.92,4525.73,52109412.0,65256493568.0
2017-06-27,4522.38,4536.12,4500.57,4534.92,36376357.0,45258388736.0
2017-06-28,4523.8,4542.39,4506.54,4510.0,38652218.0,48576916992.0
2017-06-29,4509.63,4526.14,4501.97,4525.37,27985662.0,36809984512.0
2017-06-30,4505.16,4528.14,4495.81,4527.24,26985204.0,34128545792.0
2017-07-03,4529.38,4532.96,4494.62,4518.92,27852731.0,36387785728.0
2017-07-04,4514.15,4514.25,4469.03,4483.8,32559074.0,42092486400.0
2017-07-05,4469.27,4515.13,4461.52,4514.1,28414618.0,37870866432.0
2017-07-06,4511.68,4524.32,4482.87,4515.58,30468120.0,38622553600.0
2017-07-07,4504.77,4517.47,4490.74,4517.37,29429127.0,36862059008.0
2017-07-10,4500.98,4518.72,4492.0,4506.22,33020546.0,41403485440.0
2017-07-11,4497.61,4554.32,4497.17,4526.76,42521202.0,52105581312.0
2017-07-12,4526.93,4540.88,4483.1,4505.91,46473997.0,52387260416.0
2017-07-13,4502.01,4523.72,4497.27,4517.2,46963942.0,52546012160.0
2017-07-14,4511.69,4544.46,4503.47,4544.46,38371221.0,42155868672.0
2017-07-17,4542.73,4558.76,4445.58,4489.01,70042317.0,69357133824.0
2017-07-18,4472.82,4489.53,4442.42,4489.53,45978939.0,50254144768.0
2017-07-19,4480.71,4551.65,4478.02,4549.81,56243366.0,63097965056.0
2017-07-20,4547.75,4589.21,4544.19,4588.11,43214047.0,52443702272.0
2017-07-21,4577.51,4600.73,4569.38,4585.49,39146691.0,45289026048.0
2017-07-24,4579.65,4628.96,4578.4,4615.17,46958495.0,55146235392.0
2017-07-25,4611.88,4619.01,4578.58,4592.29,44226107.0,45758774528.0
2017-07-26,4589.27,4610.87,4538.66,4568.78,44149568.0,49595898112.0
2017-07-27,4561.02,4570.78,4530.64,4564.19,38212313.0,44211128576.0
2017-07-28,4554.08,4584.48,4545.45,4581.28,27875098.0,33188279808.0
2017-07-31,4577.47,4607.78,4570.25,4599.89,36381445.0,44441159168.0
2017-08-01,4604.26,4633.75,4602.52,4627.98,40405819.0,48285032192.0
2017-08-02,4625.31,4642.01,4604.64,4606.67,46854738.0,51415410432.0
2017-08-03,4601.4,4613.74,4557.32,4569.54,40561430.0,47367053568.0
2017-08-04,4566.96,4579.34,4547.43,4548.57,37548487.0,43182238208.0
2017-08-07,4540.57,4578.69,4519.73,4577.64,34607797.0,40128540416.0
2017-08-08,4579.71,4584.64,4560.88,4572.2,31704748.0,34441047040.0
2017-08-09,4570.17,4593.41,4554.85,4584.55,33520434.0,40634300672.0
2017-08-10,4579.62,4600.43,4533.3,4572.05,34810358.0,41439970048.0
2017-08-11,4539.34,4549.73,4486.21,4492.21,46177139.0,49384867328.0
2017-08-14,4489.65,4534.01,4489.65,4528.8,35188812.0,40542087168.0
2017-08-15,4531.45,4570.52,4531.45,4556.9,38134146.0,39726622208.0
2017-08-16,4550.66,4551.35,4529.27,4541.25,27318185.0,31153950720.0
2017-08-17,4541.53,4563.68,4539.13,4563.46,28269929.0,33335828736.0
2017-08-18,4542.33,4580.52,4535.66,4574.27,27895330.0,31999385600.0
2017-08-21,4579.31,4593.32,4570.7,4592.58,27268442.0,31201844224.0
2017-08-22,4593.97,4596.01,4577.53,4593.61,27423671.0,36576604672.0
2017-08-23,4587.92,4603.48,4576.47,4591.57,30675325.0,34708244992.0
2017-08-24,4589.45,4605.76,4576.15,4588.27,28271769.0,31976756736.0
2017-08-25,4584.98,4646.96,4584.56,4646.54,49180083.0,51571951616.0
2017-08-28,4655.95,4702.21,4655.95,4679.79,56294648.0,66510905856.0
2017-08-29,4675.27,4687.36,4665.59,4676.54,34900340.0,41894676992.0
2017-08-30,4679.81,4694.22,4673.53,4681.08,40307845.0,47454051840.0
2017-08-31,4681.88,4683.59,4628.78,4653.35,42856937.0,49449864448.0
2017-09-01,4662.32,4680.53,4650.39,4663.48,47656765.0,54419158272.0
2017-09-04,4665.59,4671.22,4647.94,4669.58,48029243.0,50859716096.0
2017-09-05,4667.79,4683.24,4663.21,4672.39,37854950.0,41696871936.0
2017-09-06,4662.6,4670.0,4643.87,4664.5,32646041.0,38702955520.0
2017-09-07,4665.71,4676.19,4652.39,4654.16,33077199.0,42677272064.0
2017-09-08,4653.08,4666.55,4636.87,4649.43,29015096.0,38583150080.0
2017-09-11,4653.66,4678.17,4644.5,4657.85,34733222.0,42687497728.0
2017-09-12,4661.66,4688.29,4658.03,4677.32,37206662.0,48496708608.0
2017-09-13,4676.23,4692.08,4669.63,4686.92,27630845.0,38312426240.0
2017-09-14,4689.76,4699.73,4660.06,4675.25,35049957.0,43506440960.0
2017-09-15,4668.64,4674.02,4649.05,4666.91,38708142.0,48210514432.0
2017-09-18,4665.01,4693.26,4665.01,4676.92,32477806.0,42645728000.0
2017-09-19,4679.79,4690.77,4650.48,4663.19,33619650.0,42491549440.0
2017-09-20,4661.18,4695.32,4659.56,4685.91,29343733.0,40279025920.0
2017-09-21,4684.97,4706.52,4679.61,4683.82,29401871.0,37098157312.0
2017-09-22,4675.47,4694.68,4666.8,4690.05,29903038.0,38602597120.0
2017-09-25,4680.27,4684.54,4658.06,4668.8,34910572.0,43459523840.0
2017-09-26,4660.34,4671.1,4651.12,4666.41,21833519.0,27728317184.0
2017-09-27,4664.17,4682.14,4663.42,4673.3,22524718.0,28699842816.0
2017-09-28,4672.28,4672.28,4657.4,4663.26,25416001.0,32903726336.0
2017-09-29,4665.18,4694.18,4664.79,4672.25,22992034.0,31309100800.0
2017-10-09,4743.74,4754.29,4710.39,4719.97,45912174.0,55573432064.0
2017-10-10,4723.06,4740.85,4682.2,4726.09,33695090.0,48561164032.0
2017-10-11,4719.71,4752.55,4717.6,4739.61,30872021.0,45403489536.0
2017-10-12,4739.23,4747.02,4724.82,4740.3,25567785.0,35087069696.0
2017-10-13,4742.52,4751.92,4736.39,4741.52,25146821.0,32815219968.0
2017-10-16,4741.27,4749.83,4706.35,4708.88,30511014.0,42019515904.0
2017-10-17,4706.18,4717.29,4692.32,4708.79,21299764.0,29923763968.0
2017-10-18,4710.68,4742.16,4708.43,4740.83,32935123.0,41166832128.0
2017-10-19,4736.94,4745.2,4726.42,4740.43,32015695.0,40788291072.0
2017-10-20,4731.62,4744.92,4718.45,4742.31,20360393.0,28488040448.0
2017-10-23,4745.48,4753.21,4731.56,4746.5,24822947.0,31502226688.0
2017-10-24,4738.3,4775.73,4732.83,4775.13,29159570.0,38200323328.0
2017-10-25,4771.82,4789.4,4767.24,4787.01,24151732.0,31783783680.0
2017-10-26,4787.17,4818.23,4782.31,4791.85,43836805.0,56912474112.0
2017-10-27,4788.98,4808.25,4783.51,4806.63,40819136.0,51612043264.0
2017-10-30,4806.03,4815.7,4732.9,4786.04,44432666.0,56738372864.0
2017-10-31,4771.51,4773.14,4742.08,4767.55,33440571.0,44430245120.0
2017-11-01,4766.13,4785.2,4738.06,4744.36,45350170.0,58001457664.0
2017-11-02,4741.52,4745.78,4714.44,4744.38,35546077.0,43672939520.0
2017-11-03,4737.93,4740.16,4691.13,4724.28,39305554.0,47034172160.0
2017-11-06,4720.57,4758.61,4705.12,4757.08,33230933.0,47544085504.0
2017-11-07,4757.21,4804.91,4753.49,4786.6,44623137.0,58559226624.0
2017-11-08,4786.16,4829.45,4777.58,4788.85,41663954.0,56693099264.0
2017-11-09,4785.76,4815.04,4780.65,4814.41,31627821.0,43519064320.0
2017-11-10,4810.28,4849.25,4806.2,4841.38,43197699.0,58634464768.0
2017-11-13,4849.64,4882.53,4849.64,4867.81,54083241.0,67049774848.0
2017-11-14,4866.56,4867.98,4816.07,4836.05,40353366.0,57677212160.0
2017-11-15,4824.21,4836.58,4793.96,4814.78,34671577.0,49032906752.0
2017-11-16,4809.44,4832.26,4802.81,4827.47,33809074.0,51389566464.0
2017-11-17,4820.97,4836.47,4797.87,4835.37,66676178.0,83973378048.0
2017-11-20,4809.66,4858.26,4766.68,4857.33,45511055.0,59851670016.0
2017-11-21,4847.73,4922.28,4842.52,4921.27,61271319.0,84917678080.0
2017-11-22,4933.27,4957.72,4890.86,4928.32,69501243.0,87471648768.0
2017-11-23,4919.48,4919.48,4782.15,4798.55,63215473.0,79732736000.0
2017-11-24,4781.44,4805.63,4736.83,4798.52,43116913.0,61600633088.0
2017-11-27,4780.8,4780.95,4736.18,4756.49,47180388.0,59469069312.0
2017-11-28,4737.9,4763.19,4714.56,4760.79,30643311.0,40058792704.0
2017-11-29,4764.49,4776.92,4710.7,4755.96,39147101.0,57065781248.0
2017-11-30,4744.2,4760.07,4703.95,4725.78,34166641.0,47240960000.0
2017-12-01,4721.07,4738.39,4698.45,4718.13,31690446.0,42647810560.0
2017-12-04,4710.96,4742.93,4700.03,4724.02,28142749.0,41318368512.0
2017-12-05,4713.43,4744.29,4711.21,4735.6,58425462.0,70091710464.0
2017-12-06,4721.53,4724.91,4655.88,4708.7,33274690.0,42751351296.0
2017-12-07,4697.14,4709.54,4645.7,4660.84,28066216.0,37642790144.0
2017-12-08,4650.29,4689.91,4637.61,4675.84,26385475.0,36584393216.0
2017-12-11,4678.91,4725.18,4673.8,4725.18,29296977.0,43180944384.0
2017-12-12,4723.96,4723.96,4677.28,4677.61,24984501.0,35175903232.0
2017-12-13,4674.38,4713.81,4667.94,4713.32,23812195.0,34814328832.0
2017-12-14,4714.38,4720.36,4688.82,4702.4,24110150.0,32164301568.0
2017-12-15,4697.14,4697.14,4657.54,4664.86,26742240.0,35371685888.0
2017-12-18,4664.91,4682.88,4645.9,4664.14,22659090.0,34027991296.0
2017-12-19,4662.89,4705.06,4662.32,4703.62,24529684.0,34892381952.0
2017-12-20,4701.88,4711.33,4679.6,4690.55,27852238.0,38611775488.0
2017-12-21,4683.8,4729.87,4663.63,4716.31,27537400.0,39623053056.0
2017-12-22,4713.9,4730.16,4711.62,4716.9,21178391.0,30995879936.0
2017-12-25,4718.26,4754.3,4693.7,4710.8,30490422.0,42314424320.0
2017-12-26,4709.01,4731.37,4689.7,4730.76,28401479.0,36883306752.0
2017-12-27,4723.61,4736.64,4690.88,4696.68,31769731.0,40157748736.0
2017-12-28,4695.51,4731.52,4684.63,4718.56,32736869.0,43385662720.0
2017-12-29,4726.14,4752.65,4725.55,4750.79,28406045.0,36814517760.0
2018-01-02,4764.31,4836.08,4764.31,4836.08,58068426.0,65691489536.0
2018-01-03,4831.82,4885.72,4827.55,4859.7,45356216.0,60938057728.0
2018-01-04,4866.01,4888.52,4855.63,4877.63,44041659.0,56011530240.0
2018-01-05,4878.54,4934.67,4867.19,4912.43,49695357.0,62394455296.0
2018-01-08,4918.99,4973.16,4911.36,4952.72,55218173.0,73608019968.0
2018-01-09,4945.27,4959.3,4938.78,4949.16,40939436.0,56527887360.0
2018-01-10,4950.57,4967.38,4929.4,4963.99,57797143.0,72219000832.0
2018-01-11,4957.98,4966.27,4922.62,4950.75,40450002.0,52462706944.0
2018-01-12,4948.91,4984.49,4948.91,4974.83,39698006.0,53156379136.0
2018-01-15,4976.59,5005.79,4947.79,4956.67,64756127.0,81557876736.0
2018-01-16,4948.28,5028.38,4947.32,5027.23,65748398.0,82584293376.0
2018-01-17,5033.73,5062.44,4998.46,5020.78,86828037.0,106681602048.0
2018-01-18,5024.31,5061.92,5020.33,5061.05,83761516.0,96275521536.0
2018-01-19,5066.49,5101.3,5043.11,5058.98,89382216.0,103207489536.0
2018-01-22,5052.4,5110.68,5051.25,5108.9,77838290.0,93304774656.0
2018-01-23,5110.28,5170.05,5110.28,5169.57,97217452.0,104455782400.0
2018-01-24,5174.93,5188.81,5136.39,5177.35,93984343.0,107715559424.0
2018-01-25,5169.07,5176.87,5117.83,5156.28,71609016.0,85671464960.0
2018-01-26,5143.04,5211.12,5139.45,5190.29,83269568.0,90879410176.0
2018-01-29,5198.3,5223.38,5115.92,5139.46,74254449.0,93718069248.0
2018-01-30,5121.17,5142.78,5072.72,5077.64,55028495.0,68854730752.0
2018-01-31,5055.36,5092.19,5034.07,5071.81,57884884.0,72155697152.0
2018-02-01,5071.6,5086.3,4987.77,5020.18,72568865.0,87918260224.0
2018-02-02,4987.12,5062.71,4936.7,5061.52,53028892.0,66537552384.0
2018-02-05,5004.08,5098.94,4997.14,5098.94,73314770.0,93531287552.0
2018-02-06,5001.21,5033.26,4939.3,4952.92,98487885.0,119539314688.0
2018-02-07,5013.72,5038.16,4847.25,4852.49,97529516.0,117362221056.0
2018-02-08,4821.3,4872.26,4757.13,4807.16,74282632.0,84849266688.0
2018-02-09,4685.38,4705.6,4524.74,4620.23,91540306.0,100816662528.0
2018-02-12,4623.63,4692.19,4607.91,4672.71,47979131.0,57259698176.0
2018-02-13,4701.59,4771.51,4701.59,4724.1,48117128.0,54766136576.0
2018-02-14,4729.25,4746.33,4696.2,4736.56,26476126.0,32376935168.0
2018-02-22,4792.31,4839.73,4784.58,4839.24,40366441.0,48230182400.0
2018-02-23,4844.37,4872.34,4816.79,4853.35,37156841.0,44380162304.0
2018-02-26,4875.47,4907.28,4825.17,4899.07,47022764.0,56214475520.0
2018-02-27,4898.92,4898.98,4813.81,4822.36,46620460.0,58986969856.0
2018-02-28,4780.29,4815.89,4744.42,4789.78,35304665.0,46133244160.0
2018-03-01,4759.14,4817.88,4749.82,4796.38,32037056.0,40244650240.0
2018-03-02,4763.27,4799.73,4749.1,4783.91,30603008.0,38417560576.0
2018-03-05,4786.83,4808.79,4756.34,4777.4,29404854.0,35785687552.0
2018-03-06,4791.84,4841.9,4760.05,4841.26,47530995.0,52497978112.0
2018-03-07,4840.11,4869.58,4815.87,4822.2,41650171.0,47709469184.0
2018-03-08,4820.26,4868.15,4820.26,4867.4,33142769.0,41898320128.0
2018-03-09,4877.13,4884.78,4858.86,4884.41,32207667.0,41328855808.0
2018-03-12,4898.1,4904.67,4874.69,4894.36,46095322.0,57572043264.0
2018-03-13,4889.77,4900.57,4860.51,4864.38,40546668.0,44995035136.0
2018-03-14,4847.63,4859.11,4829.99,4845.2,28643842.0,36282732032.0
2018-03-15,4830.04,4862.57,4828.1,4851.28,25324341.0,35602186752.0
2018-03-16,4851.66,4863.82,4812.18,4813.08,27516804.0,37017802240.0
2018-03-19,4807.82,4807.82,4776.21,4791.61,24718863.0,32752043520.0
2018-03-20,4765.41,4795.36,4753.07,4790.34,25921951.0,30967839232.0
2018-03-21,4797.75,4824.59,4766.58,4781.54,31463666.0,37727102464.0
2018-03-22,4780.79,4790.62,4722.63,4743.82,30403851.0,40184533248.0
2018-03-23,4623.49,4648.2,4531.64,4607.29,61114598.0,68751593472.0
2018-03-26,4556.01,4568.81,4516.13,4568.44,43151286.0,50630166784.0
2018-03-27,4603.56,4617.46,4558.68,4586.77,40311275.0,50177255936.0
2018-03-28,4541.23,4579.88,4514.94,4521.3,37234812.0,48436272640.0
2018-03-29,4532.51,4617.52,4492.3,4599.43,45200430.0,56364585984.0
2018-03-30,4602.26,4618.93,4584.56,4601.87,31151143.0,38304868864.0
2018-04-02,4601.05,4634.06,4575.28,4578.51,35069811.0,43174817536.0
2018-04-03,4529.29,4551.0,4514.99,4533.22,29167466.0,36272445952.0
2018-04-04,4543.37,4572.51,4528.1,4529.76,27777377.0,39395454720.0
2018-04-09,4520.72,4538.92,4490.01,4520.92,26173233.0,34279264768.0
2018-04-10,4529.8,4597.21,4522.82,4597.2,37180042.0,43591341056.0
2018-04-11,4606.29,4644.41,4600.25,4622.61,41469920.0,46441838336.0
2018-04-12,4620.66,4620.66,4577.32,4580.81,26718856.0,30878817280.0
2018-04-13,4598.52,4609.88,4554.76,4559.85,23128728.0,27719372544.0
2018-04-16,4554.17,4557.76,4468.81,4483.79,40491517.0,44160583168.0
2018-04-17,4488.44,4499.08,4428.56,4432.05,26787850.0,31891571968.0
2018-04-18,4468.29,4478.59,4395.81,4450.5,33015285.0,38646140672.0
2018-04-19,4450.93,4494.16,4442.76,4492.2,26977657.0,35282742272.0
2018-04-20,4483.18,4484.51,4419.53,4429.92,28536808.0,35811691776.0
2018-04-23,4425.8,4456.53,4404.19,4431.92,23065252.0,29383166976.0
2018-04-24,4436.3,4541.06,4436.3,4521.88,39510833.0,48317031424.0
2018-04-25,4504.64,4519.21,4496.18,4508.58,22574752.0,29071470080.0
2018-04-26,4499.66,4504.83,4427.7,4440.74,28762480.0,47811197696.0
2018-04-27,4442.31,4450.41,4390.25,4440.9,30313907.0,48438265600.0
2018-05-02,4442.25,4467.43,4436.54,4461.71,31249144.0,41625047296.0
2018-05-03,4456.07,4500.97,4438.14,4494.9,28045930.0,38401296896.0
2018-05-04,4486.32,4502.75,4479.92,4482.6,22243850.0,32040763136.0
2018-05-07,4491.84,4549.75,4486.62,4549.22,28465245.0,40573895424.0
2018-05-08,4546.01,4598.78,4543.12,4586.68,33363650.0,45800210688.0
2018-05-09,4585.55,4588.16,4565.57,4581.58,20853335.0,28573523968.0
2018-05-10,4590.43,4610.55,4582.31,4608.94,21661112.0,30371005952.0
2018-05-11,4615.89,4620.04,4586.63,4588.78,24551421.0,31449097984.0
2018-05-14,4595.03,4620.11,4594.25,4608.96,28137451.0,37669307136.0
2018-05-15,4617.27,4628.46,4592.44,4628.16,24238523.0,31948576512.0
2018-05-16,4615.6,4628.86,4598.36,4601.88,23685469.0,31306976768.0
2018-05-17,4602.28,4608.89,4580.12,4585.08,19626434.0,26822744320.0
2018-05-18,4581.9,4628.82,4564.13,4628.82,24858103.0,31063617792.0
2018-05-21,4648.84,4663.2,4641.41,4650.22,28762214.0,34703079424.0
2018-05-22,4651.93,4651.93,4612.71,4637.42,25358797.0,32436213760.0
2018-05-23,4624.61,4626.54,4591.51,4591.51,30364438.0,35549373184.0
2018-05-24,4590.22,4598.3,4558.48,4561.82,24609460.0,29533708288.0
2018-05-25,4557.33,4567.1,4533.25,4551.38,23695497.0,28003666688.0
2018-05-28,4545.44,4576.77,4527.06,4564.43,21780646.0,30433460992.0
2018-05-29,4556.09,4574.92,4544.37,4551.26,29617066.0,38038793984.0
2018-05-30,4501.42,4513.6,4458.65,4466.28,26757475.0,34741240064.0
2018-05-31,4487.02,4563.52,4487.02,4559.62,32088030.0,48487935744.0
2018-06-01,4542.07,4558.5,4506.14,4527.09,24375364.0,32804883200.0
2018-06-04,4535.27,4560.18,4531.62,4559.68,28842946.0,42572252160.0
2018-06-05,4554.09,4579.54,4537.61,4579.53,24331197.0,37856722176.0
2018-06-06,4572.58,4581.66,4561.61,4578.86,21134461.0,30180715008.0
2018-06-07,4578.82,4584.05,4545.31,4549.36,25208737.0,33973065728.0
2018-06-08,4532.46,4532.46,4466.2,4486.99,26727587.0,34270689024.0
2018-06-11,4476.23,4499.86,4461.78,4480.98,22050357.0,33692246016.0
2018-06-12,4482.74,4540.4,4470.26,4535.47,24349310.0,40546649344.0
2018-06-13,4526.44,4533.95,4496.26,4501.39,22824079.0,32477504256.0
2018-06-14,4484.83,4514.25,4466.86,4481.24,23422126.0,32702508032.0
2018-06-15,4474.83,4485.55,4438.56,4460.99,29081064.0,35901575936.0
2018-06-19,4407.52,4410.22,4240.31,4291.98,58756388.0,66947767296.0
2018-06-20,4272.66,4328.82,4258.86,4315.14,24738944.0,32648486656.0
2018-06-21,4312.17,4357.4,4273.29,4276.18,26931158.0,36286522624.0
2018-06-22,4251.19,4293.63,4229.76,4291.5,21448044.0,27674118912.0
2018-06-25,4313.44,4323.04,4250.42,4252.13,23629054.0,32001073152.0
2018-06-26,4213.88,4221.21,4148.14,4202.36,28702889.0,34962341120.0
2018-06-27,4199.07,4215.98,4129.09,4151.27,29653985.0,37650579712.0
2018-06-28,4126.73,4157.55,4091.88,4096.88,24589864.0,30953922048.0
2018-06-29,4105.61,4188.13,4097.49,4187.02,21932653.0,26614770944.0
2018-07-02,4180.77,4186.64,4052.59,4076.23,29915801.0,35582200832.0
2018-07-03,4074.79,4092.32,3987.59,4082.47,32034364.0,40896316928.0
2018-07-04,4067.44,4088.3,4036.59,4042.29,22599546.0,27485120256.0
2018-07-05,4044.38,4075.51,3992.65,4003.21,27200533.0,31329275904.0
2018-07-06,4000.31,4044.94,3939.64,4014.88,26182990.0,30953606144.0
2018-07-09,4022.55,4109.28,4020.22,4108.55,26821565.0,30953318656.0
2018-07-10,4116.14,4127.4,4088.43,4121.38,22061299.0,26159605248.0
2018-07-11,4056.34,4072.37,4020.0,4052.95,20500262.0,22778331136.0
2018-07-12,4047.5,4143.9,4047.5,4128.18,27691328.0,31918816768.0
2018-07-13,4127.45,4139.43,4107.99,4133.14,19762850.0,24517030400.0
2018-07-16,4126.64,4140.98,4089.92,4107.22,20605523.0,24021933824.0
2018-07-17,4092.45,4093.23,4049.08,4079.33,16902744.0,20615474432.0
2018-07-18,4084.15,4125.64,4084.12,4087.36,21228577.0,23857445632.0
2018-07-19,4093.92,4112.06,4071.2,4081.91,20382167.0,22729187328.0
2018-07-20,4081.13,4164.81,4055.01,4154.69,37823175.0,39320417792.0
2018-07-23,4139.11,4196.13,4127.37,4195.71,39038756.0,41132778496.0
2018-07-24,4202.82,4260.71,4202.81,4250.76,45319580.0,52282498304.0
2018-07-25,4254.76,4255.7,4228.78,4244.13,24977110.0,29294985472.0
2018-07-26,4247.14,4261.46,4206.79,4216.18,24598169.0,28023313920.0
2018-07-27,4208.85,4225.23,4195.88,4201.06,18151359.0,21660834816.0
2018-07-30,4197.71,4238.0,4183.15,4204.87,24343666.0,26630988288.0
2018-07-31,4202.78,4219.74,4179.59,4207.78,22272131.0,23761501952.0
2018-08-01,4214.7,4229.83,4129.26,4129.26,28437551.0,32402304256.0
2018-08-02,4119.9,4119.9,3989.09,4046.94,31489169.0,37532688384.0
2018-08-03,4042.58,4057.34,3995.06,3995.22,22301476.0,27537642752.0
2018-08-06,3994.23,4011.74,3928.55,3943.29,25033580.0,28589575168.0
2018-08-07,3953.63,4043.76,3935.26,4043.76,27772156.0,31952518656.0
2018-08-08,4035.22,4036.78,3984.99,3988.71,22583667.0,27322196224.0
2018-08-09,3972.88,4073.08,3966.17,4059.25,25100533.0,30675614464.0
2018-08-10,4057.87,4076.18,4025.19,4049.15,22463026.0,26006984960.0
2018-08-13,4012.62,4033.29,3971.67,4025.9,23976780.0,26091696384.0
2018-08-14,4021.76,4035.97,4005.87,4023.04,18512148.0,21179208192.0
2018-08-15,4022.22,4023.06,3939.14,3942.07,20367939.0,23900987904.0
2018-08-16,3909.5,3960.74,3881.74,3919.1,21976154.0,24933820672.0
2018-08-17,3943.1,3951.45,3868.93,3875.75,18979241.0,22290793728.0
2018-08-20,3881.37,3912.0,3855.09,3912.0,21231176.0,24804478464.0
2018-08-21,3914.49,3968.65,3906.41,3961.26,21114589.0,26731360256.0
2018-08-22,3958.44,3958.44,3927.58,3935.27,13729849.0,16408036864.0
2018-08-23,3933.76,3961.71,3908.57,3945.73,17123807.0,20766650368.0
2018-08-24,3937.1,3977.26,3919.85,3956.01,22159496.0,22630306816.0
2018-08-27,3966.03,4039.03,3966.03,4039.03,28348580.0,32804832512.0
2018-08-28,4040.07,4047.17,4024.25,4034.72,20750540.0,26044589824.0
2018-08-29,4026.95,4035.55,3999.81,4010.28,17930783.0,20596706560.0
2018-08-30,4009.65,4031.56,3988.13,3990.23,17886685.0,21046880256.0
2018-08-31,3980.84,3995.26,3947.43,3970.52,27643977.0,33194547712.0
2018-09-03,3959.29,3966.11,3926.35,3960.53,20252491.0,23017987840.0
2018-09-04,3964.85,4008.54,3951.1,3999.42,20548936.0,22619193088.0
2018-09-05,3984.95,3990.58,3933.51,3934.87,20102342.0,22949404160.0
2018-09-06,3924.29,3946.09,3892.6,3897.03,18173464.0,22740049152.0
2018-09-07,3906.64,3948.99,3886.6,3910.13,17414557.0,20709747456.0
2018-09-10,3907.16,3916.44,3872.42,3874.42,17269878.0,18937167104.0
2018-09-11,3873.72,3887.03,3850.03,3865.67,19094849.0,20393298176.0
2018-09-12,3859.45,3882.48,3839.3,3858.47,16075924.0,16664145664.0
2018-09-13,3886.87,3902.0,3856.32,3893.64,20292450.0,20566507776.0
2018-09-14,3899.3,3914.23,3881.87,3902.84,15872932.0,18104688640.0
2018-09-17,3892.22,3892.22,3861.13,3866.85,14227761.0,15233545984.0
2018-09-18,3852.67,3925.97,3852.67,3925.44,21430348.0,22964510720.0
2018-09-19,3920.25,4000.29,3913.26,3980.15,29890301.0,34711906048.0
2018-09-20,3979.18,3998.1,3970.76,3977.71,21839945.0,22804718848.0
2018-09-21,3986.63,4082.45,3977.72,4082.45,41149530.0,42127342848.0
2018-09-25,4047.13,4061.4,4035.8,4049.12,24710203.0,26251124224.0
2018-09-26,4055.62,4116.7,4055.62,4076.53,35034733.0,39177532160.0
2018-09-27,4077.49,4086.81,4059.36,4065.03,23047201.0,25111410944.0
2018-09-28,4071.51,4112.47,4068.67,4108.73,29257517.0,31101586176.0
2018-10-08,4030.77,4041.82,3954.67,3963.25,33960887.0,36600277760.0
2018-10-09,3963.04,3983.53,3946.23,3954.86,22156201.0,23837009152.0
2018-10-10,3959.62,3989.09,3935.36,3960.96,20420958.0,24472954112.0
2018-10-11,3865.53,3880.99,3745.31,3770.54,35957846.0,36045067264.0
2018-10-12,3767.39,3825.73,3723.12,3812.27,28362337.0,30443684352.0
2018-10-15,3815.78,3818.61,3730.4,3737.97,20174677.0,22357558784.0
2018-10-16,3736.39,3768.33,3689.08,3700.23,20774497.0,21743834880.0
2018-10-17,3739.5,3752.83,3673.63,3728.17,24078196.0,24266413824.0
2018-10-18,3709.4,3709.4,3651.09,3651.09,22746406.0,22978919936.0
2018-10-19,3629.8,3753.58,3613.09,3752.42,31922530.0,32504136192.0
2018-10-22,3778.55,3932.93,3778.55,3904.41,43559140.0,46360144128.0
2018-10-23,3900.82,3904.5,3795.29,3812.22,32373911.0,37740873728.0
2018-10-24,3793.14,3869.84,3785.86,3811.73,34222602.0,37113528576.0
2018-10-25,3734.15,3825.49,3717.18,3821.6,29943748.0,33006866944.0
2018-10-26,3835.94,3860.28,3798.67,3823.64,29047376.0,31167033600.0
2018-10-29,3812.16,3813.44,3712.79,3729.13,31736844.0,37804713472.0
2018-10-30,3732.24,3791.02,3703.18,3765.16,32686347.0,38035217664.0
2018-10-31,3772.41,3823.71,3763.98,3808.41,31022279.0,34722372864.0
2018-11-01,3827.74,3857.21,3809.01,3815.73,35479593.0,42338988288.0
2018-11-02,3875.97,3916.03,3843.07,3916.03,46981883.0,53604570624.0
2018-11-05,3899.51,3914.16,3866.25,3903.15,30810239.0,34471400192.0
2018-11-06,3898.01,3898.24,3865.26,3894.79,23064819.0,25079292672.0
2018-11-07,3897.78,3918.93,3873.3,3876.55,22909906.0,25378504448.0
2018-11-08,3901.16,3907.61,3865.59,3871.18,19956073.0,22381647872.0
2018-11-09,3855.77,3855.77,3826.4,3830.23,31454203.0,29172128512.0
2018-11-12,3824.27,3892.29,3822.84,3891.64,26673475.0,27178308352.0
2018-11-13,3849.76,3941.74,3846.45,3925.07,29628195.0,30893402368.0
2018-11-14,3917.03,3933.33,3889.09,3893.83,28794988.0,27837103104.0
2018-11-15,3888.92,3929.15,3888.89,3929.08,22848435.0,22993510656.0
2018-11-16,3931.88,3977.27,3925.32,3957.74,31461755.0,31464283136.0
2018-11-19,3964.48,3999.46,3957.48,3999.46,31293595.0,32067858688.0
2018-11-20,3974.42,3985.98,3908.68,3911.21,28758193.0,27801062656.0
2018-11-21,3878.41,3930.77,3873.87,3924.04,22444200.0,22848892160.0
2018-11-22,3932.21,3935.7,3896.61,3911.12,16846826.0,17590842112.0
2018-11-23,3906.09,3909.31,3815.88,3822.98,21681718.0,21200863232.0
2018-11-26,3825.91,3849.18,3809.29,3822.08,17546752.0,16962806016.0
2018-11-27,3832.45,3840.11,3804.69,3813.21,15402817.0,15663697152.0
2018-11-28,3815.06,3855.66,3794.4,3855.17,17332810.0,18054359552.0
2018-11-29,3871.37,3878.66,3813.63,3813.63,19413568.0,20734300160.0
2018-11-30,3814.48,3847.58,3802.86,3846.95,19492787.0,20980943616.0
2018-12-03,3923.29,3958.09,3906.96,3945.49,36529697.0,41357457152.0
2018-12-04,3940.05,3959.84,3931.04,3957.12,24195081.0,25550663680.0
2018-12-05,3910.86,3960.52,3905.24,3943.37,20434000.0,22880357120.0
2018-12-06,3916.13,3921.03,3875.86,3879.01,22298735.0,24951467520.0
2018-12-07,3883.64,3901.04,3883.64,3901.04,14414828.0,16046653952.0
2018-12-10,3882.4,3894.17,3855.53,3864.74,17766658.0,19582209536.0
2018-12-11,3874.32,3884.07,3866.13,3881.0,14313540.0,15614703616.0
2018-12-12,3901.26,3916.58,3895.33,3907.65,15349602.0,17024261376.0
2018-12-13,3916.26,3973.46,3906.59,3956.96,26691287.0,32289373952.0
2018-12-14,3948.73,3953.48,3898.88,3898.88,23880125.0,24271116288.0
2018-12-17,3890.64,3927.15,3880.35,3924.75,20457826.0,18738651648.0
2018-12-18,3901.71,3926.07,3871.87,3896.49,20252140.0,18875085568.0
2018-12-19,3901.37,3912.11,3870.46,3870.46,19038782.0,18649267968.0
2018-12-20,3873.74,3890.31,3843.18,3867.28,25719128.0,22653254400.0
2018-12-21,3856.82,3864.0,3824.4,3839.93,23773454.0,22046514432.0
2018-12-24,3831.72,3872.88,3824.23,3867.24,17619902.0,15888709120.0
2018-12-25,3841.22,3854.33,3781.31,3843.11,22299661.0,19265709568.0
2018-12-26,3839.93,3860.07,3826.66,3841.53,16309387.0,14856007936.0
2018-12-27,3882.63,3890.35,3823.41,3823.92,25314445.0,21524469248.0
2018-12-28,3821.58,3845.8,3813.41,3836.87,23375314.0,20357427712.0
2019-01-02,3839.11,3840.64,3772.09,3779.25,20740487.0,18313816320.0
2019-01-03,3774.35,3808.21,3751.4,3756.76,17897718.0,16154984960.0
2019-01-04,3736.34,3831.03,3727.63,3830.93,23524663.0,21711114240.0
2019-01-07,3853.0,3885.6,3841.33,3883.36,23971862.0,21973118208.0
2019-01-08,3878.86,3896.14,3867.07,3890.53,18264737.0,15676986624.0
2019-01-09,3908.14,3963.35,3908.13,3923.41,27875852.0,28174273536.0
2019-01-10,3915.43,3935.47,3901.75,3907.76,19585611.0,17916361472.0
2019-01-11,3915.92,3923.42,3890.78,3923.14,16627645.0,16214793984.0
2019-01-14,3923.11,3932.3,3910.58,3917.07,16587139.0,14808079616.0
2019-01-15,3914.96,3957.12,3903.55,3954.31,20014248.0,21192497152.0
2019-01-16,3953.39,3967.41,3949.9,3959.03,17460374.0,17134529024.0
2019-01-17,3965.19,3977.7,3947.67,3950.54,20735133.0,18713174016.0
2019-01-18,3955.12,3996.24,3948.64,3994.56,28532009.0,25914124288.0
2019-01-21,3998.14,4016.62,3991.6,4000.72,23834213.0,22371655168.0
2019-01-22,4002.97,4003.16,3953.63,3962.71,17946786.0,16813338112.0
2019-01-23,3958.76,3988.24,3957.83,3979.63,15810448.0,14120803840.0
2019-01-24,3989.51,4004.52,3968.74,3994.16,17866361.0,16544178176.0
2019-01-25,4001.48,4032.68,4001.48,4013.57,25914112.0,23962555392.0
2019-01-28,4031.16,4061.0,4003.64,4014.53,23324510.0,23028821504.0
2019-01-29,4010.55,4032.28,3962.0,4025.02,23088183.0,22222150656.0
2019-01-30,4010.87,4034.09,3995.65,4000.74,20354506.0,19674813696.0
2019-01-31,4011.1,4042.6,3992.15,4012.07,26476274.0,25499116288.0
2019-02-01,4026.77,4065.24,4018.62,4065.24,21715787.0,22127942656.0
2019-02-11,4060.72,4128.45,4060.65,4127.0,24925053.0,26062852864.0
2019-02-12,4124.67,4172.31,4121.22,4163.67,25986744.0,26201588480.0
2019-02-13,4166.5,4225.73,4156.18,4216.61,33011648.0,33223691008.0
2019-02-14,4208.08,4233.94,4198.13,4216.83,25209698.0,26384590080.0
2019-02-15,4205.72,4207.88,4156.21,4159.94,28922100.0,30028579072.0
2019-02-18,4185.62,4260.65,4185.62,4260.31,34836502.0,34262167040.0
2019-02-19,4276.81,4293.71,4232.23,4255.22,37116089.0,36175777792.0
2019-02-20,4256.32,4261.48,4224.04,4258.25,26644233.0,26707308800.0
2019-02-21,4257.96,4290.62,4219.5,4230.38,31657736.0,32277465344.0
2019-02-22,4228.88,4287.54,4210.66,4287.41,36733803.0,36375017728.0
2019-02-25,4313.78,4473.77,4309.86,4470.26,85798216.0,80898510848.0
2019-02-26,4464.09,4525.25,4429.7,4453.78,74735777.0,70059286528.0
2019-02-27,4455.88,4505.36,4400.67,4444.22,62588204.0,57683454464.0
2019-02-28,4444.11,4469.97,4421.97,4440.87,41925209.0,41002033152.0
2019-03-01,4459.71,4502.18,4417.11,4502.03,50413481.0,50320586752.0
2019-03-04,4524.59,4633.26,4518.91,4555.8,86009682.0,84340559872.0
2019-03-05,4549.79,4608.02,4535.25,4608.02,55262835.0,54570615552.0
2019-03-06,4612.75,4664.84,4578.68,4664.23,61973348.0,59309856256.0
2019-03-07,4656.77,4678.47,4608.06,4658.76,67307341.0,65659806720.0
2019-03-08,4584.95,4611.69,4465.05,4469.65,65788892.0,62153305856.0
2019-03-11,4471.04,4562.82,4457.93,4562.26,48152755.0,47741006592.0
2019-03-12,4584.9,4648.12,4553.89,4598.85,57277873.0,56393196288.0
2019-03-13,4595.64,4620.21,4539.51,4557.1,50586243.0,49993739008.0
2019-03-14,4545.52,4582.12,4468.18,4493.98,40191980.0,41215986944.0
2019-03-15,4508.27,4597.47,4507.92,4574.03,43046966.0,46413971200.0
2019-03-18,4589.66,4703.5,4565.69,4703.47,58936678.0,64587727872.0
2019-03-19,4704.17,4720.91,4656.5,4679.07,43266921.0,46746237440.0
2019-03-20,4662.76,4692.89,4617.96,4685.05,42202312.0,44297219584.0
2019-03-21,4689.71,4732.66,4688.77,4705.45,44146941.0,45566600448.0
2019-03-22,4698.43,4736.42,4653.72,4734.4,37808285.0,38912674304.0
2019-03-25,4663.67,4727.3,4651.25,4662.45,50038098.0,48737204992.0
2019-03-26,4682.05,4695.67,4576.7,4592.35,40152303.0,39351637760.0
2019-03-27,4613.72,4659.91,4578.46,4659.77,37532597.0,39948207616.0
2019-03-28,4654.31,4674.76,4607.34,4612.98,36531493.0,37378196224.0
2019-03-29,4608.21,4749.03,4602.18,4742.96,56878231.0,61670173952.0
2019-04-01,4765.9,4883.56,4765.9,4881.11,73564646.0,79507771392.0
2019-04-02,4905.13,4914.03,4870.08,4885.61,58059469.0,61224610816.0
2019-04-03,4858.11,4960.24,4846.37,4954.02,60112282.0,59408734208.0
2019-04-04,4977.49,5026.57,4966.27,5021.84,70323666.0,72680738816.0
2019-04-08,5055.86,5092.49,4986.03,5072.0,77714964.0,80397889536.0
2019-04-09,5067.41,5095.19,5029.65,5066.94,53042319.0,61536211456.0
2019-04-10,5040.52,5106.84,5013.35,5080.54,50282314.0,59102491904.0
2019-04-11,5080.84,5105.74,5007.26,5018.39,47252946.0,54195785472.0
2019-04-12,5015.53,5041.06,4973.03,4993.35,37749932.0,41091573248.0
2019-04-15,5036.08,5055.22,4939.68,4940.22,61330089.0,63277518592.0
2019-04-16,4911.1,5011.66,4857.99,5011.66,69484764.0,66928826624.0
2019-04-17,4999.91,5052.15,4978.92,5032.02,52885171.0,55831307264.0
2019-04-18,5030.41,5030.41,4966.03,4968.62,35424702.0,37754187008.0
2019-04-19,4966.78,4993.73,4921.75,4993.68,32930189.0,36983256064.0
2019-04-22,4993.16,4998.78,4882.84,4891.72,49435699.0,54861860096.0
2019-04-23,4884.25,4902.52,4840.28,4854.26,39182944.0,42887485952.0
2019-04-24,4863.5,4897.67,4821.58,4897.19,35502965.0,38022144512.0
2019-04-25,4868.99,4884.03,4766.07,4769.56,39092715.0,40859575552.0
2019-04-26,4758.3,4772.75,4697.39,4705.72,39254625.0,44050045184.0
2019-04-29,4712.64,4749.96,4667.11,4672.43,39805959.0,43778319360.0
2019-04-30,4663.09,4737.84,4662.99,4735.74,34893456.0,39960168960.0
2019-05-06,4614.69,4614.69,4430.36,4475.77,61505608.0,63279962112.0
2019-05-07,4494.46,4544.75,4474.83,4534.71,38723054.0,43482728960.0
2019-05-08,4443.6,4531.8,4429.82,4471.7,32491242.0,32954778112.0
2019-05-09,4437.04,4465.24,4389.5,4400.12,30057974.0,32262148096.0
2019-05-10,4436.42,4521.11,4365.26,4521.11,36782817.0,38575199744.0
2019-05-13,4469.44,4495.96,4450.95,4480.79,26618444.0,26756846848.0
2019-05-14,4438.04,4488.57,4429.62,4455.79,28181454.0,29279023104.0
2019-05-15,4482.12,4547.25,4482.12,4535.73,30700964.0,33292432384.0
2019-05-16,4535.15,4558.31,4527.41,4556.43,28758923.0,29733106944.0
2019-05-17,4557.16,4557.89,4426.23,4441.82,29536655.0,29888956928.0
2019-05-20,4430.02,4438.73,4361.7,4406.03,31501993.0,29762611200.0
2019-05-21,4405.82,4499.21,4403.53,4490.17,26205080.0,27805420544.0
2019-05-22,4479.74,4491.01,4446.44,4460.1,23757074.0,27642242304.0
2019-05-23,4443.02,4443.17,4384.31,4403.78,27879480.0,27732704512.0
2019-05-24,4390.24,4425.43,4373.21,4399.02,24137733.0,24861610752.0
2019-05-27,4394.72,4460.96,4357.77,4449.32,29509474.0,31000493056.0
2019-05-28,4448.4,4507.54,4439.33,4489.73,35170789.0,37427305984.0
2019-05-29,4464.32,4498.7,4455.84,4477.01,23508881.0,26351233792.0
2019-05-30,4460.94,4468.94,4421.62,4468.9,25241842.0,27139827200.0
2019-05-31,4466.21,4488.7,4448.63,4469.51,24608797.0,25593990912.0
2019-06-03,4472.9,4490.97,4414.84,4425.71,27459941.0,29018204416.0
2019-06-04,4415.92,4418.6,4357.53,4377.47,22914311.0,24686113024.0
2019-06-05,4398.76,4408.32,4355.64,4358.39,25418994.0,26206071808.0
2019-06-06,4351.73,4351.73,4297.51,4303.8,21114641.0,22093493248.0
2019-06-10,4316.06,4364.16,4310.28,4341.99,25190709.0,27754893056.0
2019-06-11,4353.69,4461.09,4351.67,4460.8,36095479.0,41002422016.0
2019-06-12,4445.29,4447.11,4409.37,4417.0,24004417.0,25862181888.0
2019-06-13,4404.52,4409.64,4363.93,4402.2,21445652.0,22488982528.0
2019-06-14,4404.17,4411.49,4343.18,4357.24,23127291.0,23741712896.0
2019-06-17,4351.77,4374.76,4333.22,4355.13,19370296.0,20110781696.0
2019-06-18,4355.13,4369.4,4331.47,4350.51,21189127.0,21374428416.0
2019-06-19,4416.98,4432.03,4371.99,4373.75,34289027.0,34721236992.0
2019-06-20,4374.46,4464.28,4363.92,4446.14,45269012.0,47629032960.0
2019-06-21,4441.42,4469.03,4434.02,4449.95,36782716.0,40316293632.0
2019-06-24,4449.73,4468.02,4443.11,4465.89,25207459.0,29274007296.0
2019-06-25,4459.21,4460.18,4377.66,4413.82,32247062.0,38662371072.0
2019-06-26,4401.35,4432.11,4390.03,4416.46,21929991.0,24240019200.0
2019-06-27,4422.71,4458.6,4421.33,4438.92,28483421.0,32824380928.0
2019-06-28,4425.82,4425.82,4388.58,4406.91,22936410.0,23769754624.0
2019-07-01,4465.37,4488.85,4449.97,4486.77,36994466.0,43618951680.0
2019-07-02,4485.15,4512.13,4472.29,4511.87,31473365.0,37353493248.0
2019-07-03,4501.78,4513.35,4484.39,4501.22,30640325.0,36334313472.0
2019-07-04,4506.99,4529.86,4473.74,4491.01,29096904.0,33700993536.0
2019-07-05,4488.54,4515.07,4470.54,4508.12,22372653.0,27230853632.0
2019-07-08,4492.09,4492.66,4368.55,4391.99,31624584.0,35362886144.0
2019-07-09,4389.19,4412.52,4384.19,4404.03,21580075.0,25820165632.0
2019-07-10,4416.62,4420.07,4353.68,4367.02,19292872.0,23722949888.0
2019-07-11,4384.34,4406.47,4348.93,4360.97,18900948.0,25293066496.0
2019-07-12,4356.92,4383.86,4341.92,4374.95,19607181.0,24695542784.0
2019-07-15,4369.32,4412.22,4309.94,4400.41,25312391.0,29513291776.0
2019-07-16,4397.39,4405.41,4387.19,4399.2,18063365.0,23354860800.0
2019-07-17,4391.75,4407.73,4378.62,4394.82,18074035.0,21594828800.0
2019-07-18,4376.46,4376.46,4330.65,4330.78,18184505.0,21221570304.0
2019-07-19,4338.36,4379.02,4338.36,4356.66,22927414.0,27365760768.0
2019-07-22,4357.67,4357.67,4288.68,4303.89,23309376.0,25322009088.0
2019-07-23,4307.06,4325.16,4296.01,4324.95,20689553.0,24091568640.0
2019-07-24,4333.88,4370.06,4332.99,4348.96,23694575.0,27052920576.0
2019-07-25,4351.38,4362.65,4336.46,4361.8,22232631.0,26514013440.0
2019-07-26,4355.56,4378.97,4348.77,4372.99,21540449.0,24090977792.0
2019-07-29,4375.98,4377.37,4354.78,4368.12,22245691.0,24299885056.0
2019-07-30,4374.3,4408.94,4374.29,4393.86,22675798.0,27036402944.0
2019-07-31,4384.67,4384.97,4348.6,4350.95,22704670.0,27813312512.0
2019-08-01,4339.59,4349.73,4306.51,4320.21,22407389.0,26096779264.0
2019-08-02,4250.71,4256.99,4227.16,4253.14,28259992.0,31026890752.0
2019-08-05,4240.38,4244.51,4184.16,4184.16,26870068.0,30038084608.0
2019-08-06,4122.43,4122.43,4047.94,4109.81,33284216.0,38368275712.0
2019-08-07,4126.96,4133.4,4098.55,4099.14,23580130.0,27307866880.0
2019-08-08,4113.65,4134.35,4113.59,4129.2,21447981.0,24161320192.0
2019-08-09,4139.96,4147.4,4085.62,4091.69,21172038.0,24710652160.0
2019-08-12,4094.75,4151.97,4092.15,4151.97,20119128.0,23824810240.0
2019-08-13,4123.54,4129.77,4107.34,4117.79,18122061.0,20555878400.0
2019-08-14,4159.24,4169.93,4134.5,4138.5,21089358.0,25491971328.0
2019-08-15,4074.9,4150.54,4064.0,4146.78,21031128.0,23650522624.0
2019-08-16,4145.22,4172.37,4137.17,4151.95,19822700.0,23462237696.0
2019-08-19,4184.1,4232.76,4171.39,4232.76,36734931.0,38799996672.0
2019-08-20,4232.88,4240.54,4215.47,4230.38,24780237.0,26969255936.0
2019-08-21,4222.97,4236.41,4216.46,4222.68,19698256.0,23929259264.0
2019-08-22,4228.65,4230.45,4197.84,4220.4,19133601.0,22701703680.0
2019-08-23,4218.88,4234.49,4211.21,4229.05,22265169.0,28875240704.0
2019-08-26,4161.6,4192.4,4154.57,4181.74,25682288.0,31245477632.0
2019-08-27,4197.31,4261.03,4197.31,4236.44,33174528.0,40264870656.0
2019-08-28,4241.42,4263.32,4224.62,4240.37,24115597.0,32948612864.0
2019-08-29,4246.09,4247.14,4204.39,4219.56,23889890.0,30705302784.0
2019-08-30,4239.98,4249.56,4184.39,4196.77,26098716.0,33606728192.0
2019-09-02,4199.88,4265.38,4195.27,4257.87,29020065.0,35960063232.0
2019-09-03,4261.38,4265.15,4239.51,4265.15,23953765.0,30142318080.0
2019-09-04,4262.75,4319.4,4257.75,4319.4,34754386.0,39030183424.0
2019-09-05,4337.3,4391.74,4337.3,4343.92,43791503.0,48854093824.0
2019-09-06,4358.33,4373.76,4351.7,4373.76,26993768.0,32975040000.0
2019-09-09,4412.51,4416.93,4375.18,4401.27,31548385.0,38509494528.0
2019-09-10,4400.61,4400.61,4364.43,4381.25,25542185.0,30456914432.0
2019-09-11,4389.91,4389.91,4358.58,4365.52,27229136.0,31596319232.0
2019-09-12,4378.29,4399.38,4365.41,4393.29,25685121.0,30658679552.0
2019-09-16,4409.72,4409.97,4379.55,4393.73,26395083.0,30979091712.0
2019-09-17,4385.83,4386.26,4310.39,4320.94,25237416.0,27909746944.0
2019-09-18,4329.29,4356.07,4326.57,4346.59,19742719.0,25004844800.0
2019-09-19,4355.69,4355.69,4326.62,4355.53,17686969.0,23082239488.0
2019-09-20,4362.03,4373.05,4352.95,4367.62,24865379.0,29974362880.0
2019-09-23,4351.53,4351.53,4283.58,4310.0,22220909.0,26832695808.0
2019-09-24,4309.2,4337.9,4292.7,4312.85,18045751.0,23719525120.0
2019-09-25,4299.3,4299.3,4255.68,4255.69,18631557.0,23875231232.0
2019-09-26,4264.52,4272.18,4225.51,4227.69,28278235.0,32929802496.0
2019-09-27,4233.03,4233.81,4212.14,4217.0,22500772.0,25183224320.0
2019-09-30,4213.07,4231.34,4193.31,4193.89,18323327.0,20918039552.0
2019-10-08,4202.13,4240.97,4199.05,4225.82,25466408.0,31172886528.0
2019-10-09,4214.54,4262.86,4205.71,4262.86,27984516.0,32587429632.0
2019-10-10,4264.06,4287.32,4257.55,4287.32,21965494.0,25396426496.0
2019-10-11,4299.55,4324.0,4280.85,4312.58,28052509.0,33300623360.0
2019-10-14,4335.96,4382.15,4335.96,4360.78,40388955.0,41710455296.0
2019-10-15,4356.72,4356.72,4319.8,4330.19,25676462.0,28097686528.0
2019-10-16,4336.14,4360.69,4308.04,4312.49,26530171.0,29552778496.0
2019-10-17,4315.81,4318.45,4289.51,4298.54,18624492.0,20918304256.0
2019-10-18,4306.84,4312.13,4230.68,4241.19,24357844.0,25942268416.0
2019-10-21,4236.7,4262.02,4220.28,4257.18,24061541.0,26509740544.0
2019-10-22,4269.28,4276.97,4249.38,4276.56,20775799.0,22515202816.0
2019-10-23,4276.7,4289.05,4246.77,4258.83,21503508.0,21896567552.0
2019-10-24,4256.74,4275.67,4244.67,4265.68,22796974.0,23739929088.0
2019-10-25,4271.52,4290.09,4244.65,4289.4,21835159.0,24085104128.0
2019-10-28,4279.05,4311.69,4279.05,4311.23,24281459.0,27093277696.0
2019-10-29,4312.51,4312.65,4281.79,4282.06,21326664.0,25673532672.0
2019-10-30,4264.89,4265.99,4234.24,4246.29,22566668.0,28729903104.0
2019-10-31,4250.33,4253.47,4213.3,4220.22,25699519.0,34425137152.0
2019-11-01,4217.89,4273.98,4204.67,4273.98,29943304.0,40145059584.0
2019-11-04,4279.56,4291.86,4273.28,4283.27,28648944.0,36408578304.0
2019-11-05,4286.18,4323.37,4269.72,4301.95,34880776.0,41772496384.0
2019-11-06,4303.98,4304.14,4256.65,4270.67,27836017.0,32831511552.0
2019-11-07,4272.67,4300.51,4268.66,4283.19,21911382.0,25283683584.0
2019-11-08,4304.52,4313.29,4274.48,4274.7,26739430.0,30397313280.0
2019-11-11,4252.39,4252.39,4191.58,4197.01,27616848.0,30602758656.0
2019-11-12,4200.0,4211.53,4178.07,4208.52,19106664.0,22505922048.0
2019-11-13,4210.96,4211.09,4174.22,4188.02,19848325.0,22583337984.0
2019-11-14,4194.19,4200.32,4178.27,4189.98,20098638.0,23491724544.0
2019-11-15,4194.3,4194.3,4146.26,4146.26,20660544.0,23939601664.0
2019-11-18,4142.02,4190.11,4137.88,4188.18,22392626.0,26479429120.0
2019-11-19,4187.37,4232.83,4184.22,4232.61,22114625.0,27009973248.0
2019-11-20,4229.57,4231.86,4195.24,4198.8,21118333.0,25662821376.0
2019-11-21,4189.11,4203.3,4173.45,4195.59,19294036.0,20905758720.0
2019-11-22,4202.23,4228.18,4164.98,4180.09,23509067.0,26991385600.0
2019-11-25,4182.59,4235.13,4182.59,4235.13,30493909.0,33422781696.0
2019-11-26,4240.25,4240.28,4206.14,4226.17,29451904.0,32381482240.0
2019-11-27,4218.56,4226.27,4197.83,4204.76,18574308.0,22392644608.0
2019-11-28,4203.3,4212.17,4183.12,4191.53,16153004.0,18513082368.0
2019-11-29,4193.26,4201.37,4165.41,4183.41,18534576.0,21736329728.0
2019-12-02,4188.69,4212.85,4188.69,4197.95,19964862.0,24088915968.0
2019-12-03,4189.16,4214.65,4178.29,4214.65,18398312.0,21896763648.0
2019-12-04,4203.18,4209.83,4181.77,4193.25,17629538.0,20514667776.0
2019-12-05,4202.84,4214.43,4196.0,4212.48,18841904.0,21794232064.0
2019-12-06,4218.61,4220.98,4200.17,4219.05,17733562.0,21097449216.0
2019-12-09,4224.82,4237.47,4215.4,4237.1,24977654.0,28484629760.0
2019-12-10,4229.56,4235.56,4220.45,4234.71,19267117.0,22889041920.0
2019-12-11,4240.8,4262.5,4238.68,4261.17,25116232.0,28524390400.0
2019-12-12,4264.37,4273.72,4256.13,4266.67,22666554.0,24976537856.0
2019-12-13,4290.3,4309.11,4283.8,4306.34,36054105.0,41675275008.0
2019-12-16,4316.66,4338.63,4303.88,4338.63,29430521.0,33819827712.0
2019-12-17,4343.27,4396.28,4324.92,4372.29,38834842.0,42028788224.0
2019-12-18,4372.18,4386.63,4355.79,4363.93,28252808.0,32081651712.0
2019-12-19,4360.7,4372.76,4355.29,4369.59,23657113.0,25445717760.0
2019-12-20,4374.43,4377.96,4344.93,4349.85,22839697.0,25142110720.0
2019-12-23,4342.18,4353.85,4292.34,4295.55,24783662.0,27959960576.0
2019-12-24,4297.87,4319.73,4287.81,4319.65,16452746.0,20116494848.0
2019-12-25,4317.56,4323.93,4298.2,4313.73,15817066.0,19207001344.0
2019-12-26,4317.86,4362.73,4316.91,4362.73,20597985.0,23067432960.0
2019-12-27,4361.38,4390.3,4351.99,4354.55,26953638.0,28408783104.0
2019-12-30,4352.28,4412.6,4344.14,4412.57,32795796.0,35663943424.0
2019-12-31,4408.34,4442.07,4396.54,4440.59,26919476.0,29118053888.0
2020-01-02,4473.17,4517.24,4473.17,4503.09,43471414.0,48123435520.0
2020-01-03,4509.48,4511.38,4481.2,4501.64,30034987.0,34207825408.0
2020-01-06,4483.59,4528.48,4464.78,4485.78,39991606.0,44159347456.0
2020-01-07,4491.89,4522.3,4489.67,4522.22,30500656.0,31822366976.0
2020-01-08,4506.29,4512.54,4457.3,4469.48,30812432.0,34107079936.0
2020-01-09,4505.29,4525.89,4496.52,4525.87,28151908.0,33178996736.0
2020-01-10,4534.62,4537.63,4488.6,4508.8,23161617.0,27331021056.0
2020-01-13,4508.11,4540.44,4489.72,4540.44,26283586.0,31878747392.0
2020-01-14,4544.03,4568.38,4542.87,4545.16,25083460.0,28467863808.0
2020-01-15,4545.84,4545.84,4504.83,4521.73,21819966.0,25323749632.0
2020-01-16,4537.18,4538.15,4493.63,4498.1,24374188.0,26833110784.0
2020-01-17,4519.28,4523.5,4491.37,4500.0,21009945.0,24659874304.0
2020-01-20,4501.15,4506.53,4477.64,4505.39,22960760.0,29292843008.0
2020-01-21,4493.96,4493.96,4421.05,4422.56,27782966.0,32135242496.0
2020-01-22,4406.45,4448.17,4355.18,4438.05,26175569.0,31811599872.0
2020-01-23,4409.17,4416.06,4290.87,4318.04,35446213.0,40089578240.0
2020-02-03,3901.66,3957.22,3901.66,3933.39,54626824.0,54659910144.0
2020-02-04,3841.43,4016.7,3841.43,4015.71,46316636.0,45432308480.0
2020-02-05,4023.78,4107.38,4008.0,4062.18,34600284.0,36785907200.0
2020-02-06,4065.59,4120.57,4032.77,4113.11,33999699.0,36231680256.0
2020-02-07,4099.29,4127.14,4068.92,4127.12,28676119.0,30909363200.0
2020-02-10,4109.84,4190.44,4094.55,4189.89,30541577.0,34611097344.0
2020-02-11,4192.4,4225.86,4176.92,4204.23,31186163.0,33780456192.0
2020-02-12,4194.08,4231.6,4185.91,4231.0,23555869.0,26595211008.0
2020-02-13,4231.07,4250.33,4203.18,4205.11,27744900.0,31364488448.0
2020-02-14,4197.11,4236.91,4196.57,4236.91,25447890.0,29698290944.0
2020-02-17,4238.19,4324.82,4238.19,4324.8,33895624.0,38737345536.0
2020-02-18,4324.39,4342.29,4293.81,4333.75,29994361.0,34490673152.0
2020-02-19,4326.81,4349.6,4312.85,4316.45,28050075.0,30366390528.0
2020-02-20,4325.38,4381.25,4308.8,4377.59,35305910.0,38648668416.0
2020-02-21,4379.51,4413.51,4374.01,4394.18,32979032.0,39077378304.0
2020-02-24,4379.54,4384.95,4330.29,4363.6,36264191.0,42931538432.0
2020-02-25,4292.07,4324.57,4223.83,4320.08,38892702.0,44651510528.0
2020-02-26,4271.69,4374.22,4264.54,4318.04,48007040.0,51689476608.0
2020-02-27,4330.11,4348.72,4307.54,4323.53,34554279.0,39297267456.0
2020-02-28,4233.49,4270.55,4174.14,4189.41,46672156.0,49918014976.0
2020-03-02,4215.0,4364.44,4215.0,4354.65,47736998.0,54210374400.0
2020-03-03,4405.55,4419.76,4327.32,4353.84,44994729.0,51140094208.0
2020-03-04,4331.83,4410.62,4324.78,4409.94,37835238.0,42922319616.0
2020-03-05,4436.92,4470.04,4420.06,4464.61,48390592.0,54550736128.0
2020-03-06,4419.02,4425.71,4396.14,4411.64,34047324.0,36744488192.0
2020-03-09,4354.65,4354.65,4274.36,4274.94,47514614.0,46778550528.0
2020-03-10,4234.7,4351.36,4223.06,4351.12,40013687.0,41741072128.0
2020-03-11,4360.67,4375.41,4313.09,4313.09,31840204.0,32282288128.0
2020-03-12,4261.93,4279.55,4212.21,4235.85,33453873.0,33392127232.0
2020-03-13,4059.9,4197.18,4047.04,4169.4,42391004.0,42401787136.0
2020-03-16,4191.98,4192.0,4030.12,4040.05,40228457.0,40654450944.0
2020-03-17,4042.75,4091.67,3940.95,4025.37,35919709.0,37157899264.0
2020-03-18,4052.58,4082.88,3966.93,3967.1,34276256.0,38934686720.0
2020-03-19,3961.3,3984.68,3860.72,3927.06,42255899.0,44968919040.0
2020-03-20,3965.19,3989.97,3922.69,3981.64,31794964.0,34715275008.0
2020-03-23,3892.07,3922.93,3860.45,3866.57,27794739.0,30643744512.0
2020-03-24,3925.42,3964.74,3888.19,3962.09,29680368.0,32761288448.0
2020-03-25,4030.02,4052.29,3996.66,4044.26,32151269.0,37297833216.0
2020-03-26,4019.74,4031.08,4000.58,4004.61,24010205.0,26334988800.0
2020-03-27,4041.6,4072.63,4025.25,4033.94,28385735.0,30695524352.0
2020-03-30,3991.47,3999.95,3953.86,3982.03,27950491.0,30026876160.0
2020-03-31,4010.16,4014.24,3964.28,3975.14,26147515.0,25231221248.0
2020-04-01,3970.81,4005.08,3947.48,3950.95,22420024.0,24711961600.0
2020-04-02,3931.65,4005.22,3923.01,4005.22,21989549.0,22371528192.0
2020-04-03,3997.67,4011.39,3969.31,3984.08,19597691.0,19729892352.0
2020-04-07,4033.82,4062.91,4027.27,4057.71,28759689.0,31861879040.0
2020-04-08,4040.37,4061.85,4021.12,4054.29,21295168.0,21989715456.0
2020-04-09,4064.99,4073.44,4056.64,4065.45,17583474.0,19184585216.0
2020-04-10,4070.14,4079.38,4012.49,4023.08,20949908.0,24472982528.0
2020-04-13,4010.4,4025.58,3989.06,4012.59,18033991.0,19673601536.0
2020-04-14,4026.12,4063.91,4026.12,4063.71,21285063.0,24169350656.0
2020-04-15,4066.89,4068.22,4035.67,4041.39,18650957.0,21395432960.0
2020-04-16,4020.07,4035.72,4010.03,4029.0,17631596.0,18704827136.0
2020-04-17,4044.66,4062.22,4037.04,4040.92,25646066.0,28323769600.0
2020-04-20,4051.44,4064.77,4033.89,4064.31,23298285.0,24880866560.0
2020-04-21,4047.61,4049.52,4009.68,4039.7,22275612.0,23591416320.0
2020-04-22,4019.5,4056.65,4008.13,4056.44,18762277.0,19533137408.0
2020-04-23,4065.6,4068.29,4041.35,4043.86,22416557.0,22045247488.0
2020-04-24,4049.4,4052.99,4010.2,4019.42,18371037.0,19300265728.0
2020-04-27,4025.49,4064.34,4025.39,4042.99,23137991.0,24340246016.0
2020-04-28,4047.0,4047.0,3937.54,4018.51,25043007.0,25038080256.0
2020-04-29,4008.53,4053.95,4007.59,4053.95,26282670.0,28664494080.0
2020-04-30,4050.2,4093.38,4049.55,4090.12,28048501.0,30059742976.0
2020-05-06,4052.76,4096.82,4044.72,4094.2,32610136.0,34615742464.0
2020-05-07,4088.73,4104.7,4075.28,4100.48,25168210.0,26420187136.0
2020-05-08,4111.09,4139.98,4106.51,4132.81,26379447.0,29163800832.0
2020-05-11,4138.08,4155.14,4121.39,4134.94,25834970.0,28966592256.0
2020-05-12,4138.77,4139.15,4097.13,4121.51,21731241.0,24292431104.0
2020-05-13,4106.36,4127.79,4085.87,4125.91,19376345.0,21030984192.0
2020-05-14,4112.91,4112.91,4079.63,4082.37,19799085.0,23001804544.0
2020-05-15,4096.94,4103.64,4064.97,4067.7,19002861.0,21488247040.0
2020-05-18,4069.18,4087.14,4048.34,4064.58,21621497.0,27114964736.0
2020-05-19,4094.25,4101.07,4076.07,4089.54,20905814.0,23592543744.0
2020-05-20,4085.41,4085.41,4050.52,4057.07,18910859.0,22257681408.0
2020-05-21,4069.74,4072.99,4031.62,4034.88,18380866.0,19452244992.0
2020-05-22,4029.57,4029.8,3961.14,3965.22,23159670.0,23050356480.0
2020-05-25,3972.91,3991.74,3956.49,3985.39,18136075.0,19969155328.0
2020-05-26,3992.09,4018.54,3992.09,4016.35,17572415.0,19008709120.0
2020-05-27,4019.11,4041.55,4009.24,4033.75,22199774.0,21472732928.0
2020-05-28,4022.07,4043.18,3994.49,4026.0,24054945.0,25093453312.0
2020-05-29,4014.17,4019.63,3999.28,4002.18,22754546.0,22455860224.0
2020-06-01,4020.13,4085.04,4019.73,4082.19,27396515.0,29722231296.0
2020-06-02,4078.93,4095.17,4068.95,4091.53,27589723.0,28368840704.0
2020-06-03,4103.92,4116.3,4090.36,4091.71,28905834.0,29522185472.0
2020-06-04,4112.49,4113.19,4085.68,4104.48,21562330.0,22902590720.0
2020-06-05,4108.22,4108.22,4064.78,4088.89,20838980.0,22554323200.0
2020-06-08,4099.58,4105.76,4088.02,4092.07,25318403.0,28019649792.0
2020-06-09,4098.32,4107.68,4089.39,4107.68,23160268.0,25666000896.0
2020-06-10,4094.48,4094.54,4071.32,4080.98,22573469.0,24888334848.0
2020-06-11,4076.06,4087.64,4035.44,4043.16,27555506.0,28906822912.0
2020-06-12,3987.03,4041.48,3978.78,4035.69,31316942.0,29003598848.0
2020-06-15,4009.71,4037.23,4000.38,4001.99,28523903.0,28484836352.0
2020-06-16,4025.55,4070.16,4020.75,4070.16,24963089.0,24924013568.0
2020-06-17,4069.85,4080.54,4055.88,4076.77,26442896.0,25433223936.0
2020-06-18,4068.31,4110.56,4060.89,4108.19,34667304.0,31418777344.0
2020-06-19,4104.24,4121.47,4096.65,4115.03,34855974.0,33854069248.0
2020-06-22,4110.9,4115.38,4080.33,4083.96,29562889.0,29445733376.0
2020-06-23,4085.17,4086.03,4063.19,4083.41,25142448.0,26390199040.0
2020-06-24,4078.14,4089.14,4072.95,4082.31,27179451.0,30242251776.0
2020-06-29,4071.23,4074.06,4049.57,4060.8,30945787.0,31399239168.0
2020-06-30,4067.7,4093.5,4067.61,4089.54,25922448.0,26731445248.0
2020-07-01,4096.47,4163.22,4087.63,4162.95,44557048.0,49531587328.0
2020-07-02,4159.76,4258.16,4156.62,4256.98,61349742.0,64730767616.0
2020-07-03,4262.0,4298.95,4262.0,4298.95,63782771.0,65832435712.0
2020-07-06,4341.77,4529.32,4341.77,4526.02,105539210.0,102260850688.0
2020-07-07,4567.57,4604.02,4484.92,4503.78,94563620.0,94960967680.0
2020-07-08,4494.24,4572.8,4465.22,4556.28,73959360.0,74341576704.0
2020-07-09,4545.6,4592.94,4506.2,4592.61,73228416.0,74361942016.0
2020-07-10,4550.66,4567.24,4475.67,4487.61,69119931.0,70632456192.0
2020-07-13,4494.5,4614.47,4494.5,4608.96,73808481.0,74611630080.0
2020-07-14,4613.82,4636.62,4510.19,4584.58,64771942.0,67217417728.0
2020-07-15,4598.1,4608.2,4473.41,4498.99,58940516.0,62545648896.0
2020-07-16,4496.54,4528.84,4353.54,4355.26,59347858.0,63666026752.0
2020-07-17,4362.57,4423.53,4335.79,4378.35,43004173.0,47670881536.0
2020-07-20,4411.33,4568.27,4411.33,4568.27,56357471.0,67424867328.0
2020-07-21,4574.48,4578.25,4535.71,4558.65,40482490.0,47904252928.0
2020-07-22,4561.93,4607.69,4540.84,4553.99,44969272.0,48146749440.0
2020-07-23,4515.97,4543.7,4421.72,4499.98,46532690.0,50479145472.0
2020-07-24,4479.76,4496.33,4315.72,4331.9,50579625.0,53508417536.0
2020-07-27,4348.93,4362.32,4284.48,4320.27,32103382.0,35720154624.0
2020-07-28,4342.59,4379.96,4333.9,4361.52,27929060.0,30507953920.0
2020-07-29,4354.97,4434.87,4321.07,4433.82,35239339.0,39273409536.0
2020-07-30,4440.41,4460.17,4425.14,4431.13,31657020.0,36965376256.0
2020-07-31,4428.0,4502.18,4411.28,4468.9,39619688.0,42437651456.0
2020-08-03,4494.84,4555.85,4492.81,4555.77,43763717.0,48345013760.0
2020-08-04,4570.24,4591.08,4532.65,4568.55,56611551.0,58285682944.0
2020-08-05,4557.62,4578.72,4506.42,4565.91,37764581.0,40374242560.0
2020-08-06,4570.24,4580.18,4507.53,4564.09,38027948.0,43727422464.0
2020-08-07,4555.84,4555.84,4475.63,4529.17,36557602.0,40160313088.0
2020-08-10,4526.88,4603.12,4521.51,4587.98,41862695.0,46854213632.0
2020-08-11,4601.19,4634.99,4537.87,4541.77,47752020.0,53990345984.0
2020-08-12,4530.16,4536.82,4440.52,4513.0,44862787.0,47792723968.0
2020-08-13,4529.15,4549.77,4518.79,4529.99,30625614.0,32974421504.0
2020-08-14,4526.58,4568.4,4499.99,4563.88,33120831.0,35795867648.0
2020-08-17,4577.19,4676.4,4565.36,4658.84,65565722.0,66329092096.0
2020-08-18,4663.44,4674.25,4639.08,4666.23,40347243.0,41255864064.0
2020-08-19,4660.31,4678.72,4616.4,4621.76,38680108.0,41011382784.0
2020-08-20,4606.52,4613.23,4570.55,4586.65,36200278.0,35466430720.0
2020-08-21,4597.03,4609.09,4550.85,4582.4,29397094.0,31312284416.0
2020-08-24,4593.84,4624.97,4584.67,4608.75,30902548.0,36443325952.0
2020-08-25,4618.88,4640.77,4591.31,4605.18,29552502.0,32785202688.0
2020-08-26,4602.82,4605.2,4514.77,4528.43,30943430.0,34372705024.0
2020-08-27,4534.92,4556.58,4515.37,4555.34,27883576.0,32025004800.0
2020-08-28,4554.77,4637.55,4539.51,4635.48,36045965.0,43835195904.0
2020-08-31,4651.41,4669.85,4609.32,4610.92,46620659.0,52775287040.0
2020-09-01,4605.65,4619.73,4576.03,4619.73,31278724.0,36856744704.0
2020-09-02,4629.71,4633.61,4577.37,4615.78,34291004.0,37228109824.0
2020-09-03,4625.86,4649.92,4596.14,4608.7,32308048.0,38619205120.0
2020-09-04,4552.93,4600.85,4538.03,4595.51,27841077.0,33354317824.0
2020-09-07,4592.24,4632.39,4534.69,4542.95,32862567.0,41787492096.0
2020-09-08,4548.49,4575.76,4518.37,4569.35,31379887.0,36946118912.0
2020-09-09,4536.96,4555.49,4484.02,4500.09,34073656.0,35168840704.0
2020-09-10,4532.2,4538.37,4451.19,4458.3,33551480.0,35576857088.0
2020-09-11,4442.36,4481.34,4427.36,4476.86,24380565.0,27169994496.0
2020-09-14,4491.06,4501.94,4467.36,4496.22,22280789.0,26572605184.0
2020-09-15,4494.87,4516.97,4480.08,4516.89,21339797.0,26580921088.0
2020-09-16,4514.21,4533.87,4496.71,4515.31,22186053.0,27169261824.0
2020-09-17,4512.69,4553.58,4495.76,4532.7,23229111.0,31006402048.0
2020-09-18,4534.65,4603.79,4523.56,4602.24,41702132.0,48051600384.0
2020-09-21,4612.05,4612.58,4564.09,4574.17,28751820.0,32741765376.0
2020-09-22,4535.77,4563.0,4498.75,4508.26,24568111.0,27496404480.0
2020-09-23,4523.49,4532.75,4503.63,4514.73,19932277.0,22958309632.0
2020-09-24,4494.33,4494.9,4426.37,4429.38,25189658.0,27802165248.0
2020-09-25,4437.64,4448.25,4386.73,4403.59,20943841.0,23644506112.0
2020-09-28,4413.51,4426.18,4395.7,4399.77,22045368.0,22993065728.0
2020-09-29,4414.27,4441.54,4403.67,4417.63,19511651.0,23673498880.0
2020-09-30,4428.58,4437.21,4378.86,4395.75,23259403.0,26555597568.0
2020-10-09,4451.65,4502.18,4450.49,4492.47,25059403.0,30738981376.0
2020-10-12,4514.73,4604.48,4514.39,4603.85,39063976.0,45327690752.0
2020-10-13,4599.02,4617.21,4584.49,4612.96,28614653.0,34103140096.0
2020-10-14,4615.68,4618.5,4596.78,4612.21,27172257.0,32994467328.0
2020-10-15,4606.31,4609.69,4584.44,4593.67,29451293.0,35801960192.0
2020-10-16,4590.01,4619.37,4587.91,4605.44,40162210.0,40718197504.0
2020-10-19,4625.35,4651.62,4566.47,4572.35,43766405.0,45199974912.0
2020-10-20,4561.45,4576.84,4542.42,4576.7,27879488.0,30536289280.0
2020-10-21,4577.74,4578.99,4536.19,4561.58,28702440.0,30668735744.0
2020-10-22,4547.26,4547.49,4512.94,4524.95,26365659.0,33822158336.0
2020-10-23,4526.94,4549.48,4482.17,4488.64,32377298.0,35014667264.0
2020-10-26,4487.65,4498.45,4448.48,4495.54,32974328.0,33906988288.0
2020-10-27,4479.36,4482.99,4454.69,4479.05,26249802.0,29702973440.0
2020-10-28,4479.6,4484.63,4432.5,4478.58,29472086.0,36689620480.0
2020-10-29,4435.59,4517.67,4428.84,4502.06,30514890.0,38795557632.0
2020-10-30,4508.89,4514.07,4429.25,4433.77,36636687.0,44224814336.0
2020-11-02,4433.92,4479.57,4426.11,4476.99,35256148.0,44589677824.0
2020-11-03,4500.14,4534.85,4495.71,4532.88,32601400.0,40968002816.0
2020-11-04,4543.67,4576.38,4522.81,4558.12,29715751.0,40773183744.0
2020-11-05,4584.97,4640.7,4582.56,4636.84,37019948.0,49479053824.0
2020-11-06,4638.58,4646.72,4613.77,4644.21,36163670.0,46453772288.0
2020-11-09,4670.77,4725.34,4670.77,4720.27,44923643.0,53045365760.0
2020-11-10,4734.66,4736.64,4686.5,4705.11,41309409.0,49233981696.0
2020-11-11,4693.94,4756.82,4692.99,4726.29,44245558.0,50925236736.0
2020-11-12,4728.32,4752.84,4716.9,4752.84,30039374.0,37075047424.0
2020-11-13,4742.08,4742.86,4679.19,4721.19,33585820.0,39823462144.0
2020-11-16,4736.52,4821.38,4736.52,4819.83,35293497.0,43927105536.0
2020-11-17,4823.88,4852.36,4811.3,4852.26,40035453.0,50504222208.0
2020-11-18,4843.84,4877.66,4831.93,4870.9,45070812.0,52918852352.0
2020-11-19,4861.79,4864.21,4824.03,4850.43,34158049.0,42479024384.0
2020-11-20,4845.73,4875.42,4823.27,4875.34,31414621.0,39492064768.0
2020-11-23,4882.24,4969.4,4879.08,4943.56,49697244.0,56867484160.0
2020-11-24,4935.59,4936.91,4905.62,4924.32,35314046.0,43302864896.0
2020-11-25,4940.97,4947.13,4856.13,4856.13,39288603.0,46879329280.0
2020-11-26,4853.22,4858.28,4801.9,4837.0,33711920.0,45174330368.0
2020-11-27,4852.1,4871.61,4814.8,4871.06,55099233.0,53830041600.0
2020-11-30,4879.1,4911.51,4817.82,4817.82,83600115.0,81292312576.0
2020-12-01,4823.24,4888.91,4807.33,4883.22,51404997.0,55022788608.0
2020-12-02,4889.71,4905.53,4869.52,4891.28,44669061.0,50118847232.0
2020-12-03,4889.28,4889.28,4834.4,4856.7,38323356.0,40721759488.0
2020-12-04,4855.24,4855.64,4811.57,4849.95,35199329.0,41518766336.0
2020-12-07,4858.92,4869.01,4800.94,4800.94,39283896.0,45960303360.0
2020-12-08,4807.49,4818.29,4770.57,4786.76,31734593.0,37390620672.0
2020-12-09,4796.22,4801.93,4727.48,4727.48,33288531.0,40569127168.0
2020-12-10,4727.9,4753.49,4717.28,4735.41,33482915.0,36046199808.0
2020-12-11,4751.49,4754.22,4626.83,4706.94,42681523.0,44896534784.0
2020-12-14,4693.69,4698.7,4654.95,4674.22,36900755.0,38056552704.0
2020-12-15,4674.87,4674.87,4631.16,4664.9,35417976.0,34250461184.0
2020-12-16,4660.92,4668.5,4631.87,4645.77,30167193.0,29539879680.0
2020-12-17,4641.71,4695.07,4603.88,4692.57,34684934.0,34632345600.0
2020-12-18,4702.06,4735.8,4698.88,4713.29,34203883.0,36102022912.0
2020-12-21,4722.3,4742.1,4684.05,4728.49,35088868.0,37718871808.0
2020-12-22,4709.21,4709.21,4613.8,4620.27,42441680.0,43206054400.0
2020-12-23,4620.33,4649.58,4608.64,4622.76,33921024.0,37067172352.0
2020-12-24,4624.0,4624.0,4567.72,4580.11,26337366.0,28185466368.0
2020-12-25,4570.49,4632.08,4552.82,4612.86,26391784.0,27954064896.0
2020-12-28,4617.36,4619.96,4570.93,4582.14,32915180.0,37617175040.0
2020-12-29,4583.38,4592.69,4540.31,4543.63,30103383.0,34706593280.0
2020-12-30,4542.76,4580.64,4534.03,4562.0,31106796.0,33425021184.0
2020-12-31,4562.33,4599.76,4562.15,4595.59,36898829.0,39501892352.0
2021-01-04,4595.07,4620.88,4571.45,4611.31,48318152.0,55840142848.0
2021-01-05,4602.01,4622.88,4561.45,4621.52,49004977.0,57153148928.0
2021-01-06,4631.65,4646.67,4596.97,4632.2,44283953.0,52785173248.0
2021-01-07,4639.79,4641.68,4566.64,4600.77,49005248.0,55320430080.0
2021-01-08,4598.97,4632.0,4560.62,4614.18,47258222.0,55707796736.0
2021-01-11,4610.17,4622.93,4553.57,4562.99,55903974.0,65575141888.0
2021-01-12,4551.14,4600.79,4548.31,4600.21,43947832.0,50812286464.0
2021-01-13,4600.13,4605.58,4567.2,4593.39,54880241.0,62113001984.0
2021-01-14,4575.95,4600.7,4558.94,4576.91,51894999.0,56013143296.0
2021-01-15,4582.57,4614.64,4571.72,4603.72,62129178.0,68738224128.0
2021-01-18,4602.6,4644.21,4597.68,4638.68,48109396.0,57479618816.0
2021-01-19,4633.34,4693.33,4620.12,4663.32,53314534.0,58931610880.0
2021-01-20,4656.49,4669.5,4633.86,4656.54,42066063.0,47044642304.0
2021-01-21,4655.1,4693.92,4643.44,4676.95,41809793.0,48972322560.0
2021-01-22,4669.12,4669.12,4611.2,4626.21,41564071.0,48872852736.0
2021-01-25,4611.34,4611.34,4553.12,4559.48,41257248.0,50153810688.0
2021-01-26,4549.51,4566.71,4520.25,4530.27,33111772.0,39770381056.0
2021-01-27,4528.15,4560.99,4525.76,4533.91,37423697.0,43440102656.0
2021-01-28,4503.54,4507.58,4461.47,4469.68,35808522.0,41463790336.0
2021-01-29,4483.41,4490.79,4398.15,4431.62,41262291.0,47791188480.0
2021-02-01,4425.19,4484.57,4413.93,4482.1,40105645.0,45677613568.0
2021-02-02,4485.96,4513.85,4481.69,4512.33,39315722.0,49515646464.0
2021-02-03,4510.37,4511.66,4461.49,4475.74,38024212.0,46265729280.0
2021-02-04,4463.46,4463.46,4391.59,4431.3,39736651.0,47908820480.0
2021-02-05,4432.6,4474.69,4429.54,4447.25,58597548.0,59238607616.0
2021-02-08,4454.17,4501.09,4442.01,4492.18,46083105.0,49949906176.0
2021-02-09,4493.91,4551.76,4484.66,4548.47,43431951.0,50420874752.0
2021-02-10,4559.39,4588.41,4546.7,4581.27,50688330.0,53140995072.0
2021-02-18,4648.85,4698.36,4648.85,4692.45,63373844.0,66750283008.0
2021-02-19,4685.92,4776.32,4676.32,4774.45,52263158.0,58467444992.0
2021-02-22,4788.09,4909.25,4788.09,4826.08,75221880.0,76657459200.0
2021-02-23,4815.18,4828.94,4777.86,4789.96,58124180.0,60208730880.0
2021-02-24,4789.72,4810.38,4709.73,4737.76,51983895.0,56559666432.0
2021-02-25,4777.53,4833.66,4764.62,4805.21,67539144.0,72399085568.0
2021-02-26,4725.41,4772.78,4698.26,4705.62,60221440.0,67564029184.0
2021-03-01,4728.85,4803.17,4728.85,4801.2,46015619.0,51933230080.0
2021-03-02,4826.55,4830.36,4731.81,4759.48,49545946.0,54708467456.0
2021-03-03,4759.37,4872.04,4759.37,4870.28,61742915.0,63464021248.0
2021-03-04,4843.05,4877.54,4816.35,4832.92,60480794.0,61687155968.0
2021-03-05,4785.83,4820.08,4758.6,4802.39,55131830.0,55386318080.0
2021-03-08,4829.81,4860.46,4758.05,4760.41,55338913.0,53508983808.0
2021-03-09,4754.93,4798.35,4647.05,4721.34,58233715.0,57799975680.0
2021-03-10,4742.49,4753.7,4691.19,4696.05,41716775.0,42459288832.0
2021-03-11,4700.51,4806.33,4697.07,4803.3,47378537.0,48950667520.0
2021-03-12,4813.33,4852.66,4788.21,4843.12,54377656.0,55679336960.0
2021-03-15,4833.67,4884.25,4813.78,4854.55,53968788.0,52106630144.0
2021-03-16,4851.25,4887.4,4816.67,4886.43,43652677.0,44920371456.0
2021-03-17,4873.85,4873.85,4826.9,4863.28,37600687.0,38129995776.0
2021-03-18,4860.48,4903.95,4859.31,4880.97,35243144.0,36002951168.0
2021-03-19,4836.37,4873.83,4807.82,4832.37,47453184.0,46287739648.0
2021-03-22,4834.61,4900.64,4834.61,4898.57,40556516.0,41053860096.0
2021-03-23,4896.68,4899.14,4807.46,4828.34,38138395.0,39062712064.0
2021-03-24,4805.4,4820.91,4741.19,4753.19,37710916.0,39332716544.0
2021-03-25,4745.11,4769.22,4723.74,4735.62,33175516.0,32618168320.0
2021-03-26,4746.86,4797.83,4744.74,4794.54,37733981.0,36607859456.0
2021-03-29,4817.02,4855.1,4795.05,4848.2,48513108.0,45719303680.0
2021-03-30,4833.42,4842.12,4796.19,4841.74,39316076.0,38752472064.0
2021-03-31,4836.78,4836.78,4796.79,4827.2,44517591.0,42701289216.0
2021-04-01,4823.34,4871.18,4812.14,4865.11,33352606.0,30217294080.0
2021-04-02,4864.82,4866.49,4826.86,4836.83,33936500.0,32035138304.0
2021-04-06,4844.97,4867.47,4844.53,4857.9,26783388.0,27934470144.0
2021-04-07,4855.71,4900.68,4837.2,4899.55,37226117.0,37402940672.0
2021-04-08,4894.72,4916.73,4870.41,4888.85,33213485.0,31489281536.0
2021-04-09,4885.81,4903.33,4865.15,4893.54,30486720.0,29903899392.0
2021-04-12,4892.38,4913.12,4859.5,4871.15,38716370.0,36472556544.0
2021-04-13,4859.82,4861.47,4821.66,4828.81,31691244.0,30123659520.0
2021-04-14,4816.77,4873.51,4814.15,4864.07,29615426.0,30583516416.0
2021-04-15,4860.01,4871.63,4839.71,4869.29,28267248.0,31564072704.0
2021-04-16,4875.16,4929.41,4865.73,4928.35,28387155.0,29042842112.0
2021-04-19,4918.5,4963.29,4908.77,4958.26,35874855.0,40518686720.0
2021-04-20,4949.9,4983.72,4939.64,4955.39,32163193.0,35393082368.0
2021-04-21,4938.9,4962.73,4915.99,4950.17,31132768.0,33088891392.0
2021-04-22,4964.86,4999.97,4958.67,4971.05,33756087.0,32176097792.0
2021-04-23,4960.95,4965.7,4926.28,4956.21,31481062.0,33503430656.0
2021-04-26,4964.85,4982.91,4919.31,4921.29,34596148.0,39825006848.0
2021-04-27,4918.96,4928.7,4878.09,4922.71,27933590.0,29053325568.0
2021-04-28,4912.17,4953.03,4892.43,4952.55,30463676.0,31552626432.0
2021-04-29,4956.93,4985.79,4937.03,4981.26,36954128.0,36331744512.0
2021-04-30,4962.4,4969.01,4932.35,4956.5,46337101.0,43067077888.0
2021-05-06,4976.57,5036.52,4976.57,5029.41,40489074.0,41322028032.0
2021-05-07,5042.53,5078.32,5005.48,5037.87,45168425.0,45255898880.0
2021-05-10,5054.18,5082.35,5034.08,5080.9,42881981.0,43127475456.0
2021-05-11,5042.12,5042.12,4950.26,5033.75,37032085.0,36916449280.0
2021-05-12,5030.58,5081.63,5029.85,5080.38,34041940.0,34511886592.0
2021-05-13,5045.16,5071.54,5005.49,5016.72,31491084.0,31648207360.0
2021-05-14,5034.68,5068.16,5023.7,5051.42,38532992.0,39410749184.0
2021-05-17,5048.9,5069.13,5023.86,5043.01,37486996.0,38276038400.0
2021-05-18,5040.24,5070.94,5033.06,5070.85,28405235.0,28509118464.0
2021-05-19,5056.01,5077.06,5045.73,5068.85,33623107.0,34091808768.0
2021-05-20,5015.78,5017.95,4979.24,4994.91,37026242.0,36071148288.0
2021-05-21,5000.76,5029.87,4982.1,5009.73,30335887.0,31324798720.0
2021-05-24,5016.52,5051.65,5010.73,5042.46,32602670.0,32751683072.0
2021-05-25,5051.72,5109.87,5033.77,5105.87,48136863.0,50299815168.0
2021-05-26,5115.76,5147.41,5102.19,5136.14,44678986.0,47695727104.0
2021-05-27,5121.51,5157.64,5108.02,5152.81,38939325.0,41535340288.0
2021-05-28,5157.49,5194.6,5144.82,5160.21,40775932.0,41532952576.0
2021-05-31,5180.38,5205.54,5131.37,5204.73,43019098.0,42629752832.0
2021-06-01,5199.23,5238.27,5152.24,5236.08,42896808.0,43294911232.0
2021-06-02,5240.31,5240.31,5180.75,5209.3,43739497.0,42478956544.0
2021-06-03,5202.43,5250.25,5193.88,5205.28,42881558.0,41192710400.0
2021-06-04,5171.55,5205.7,5145.92,5179.99,38335988.0,39706223360.0
2021-06-07,5178.26,5189.01,5147.84,5170.73,36992788.0,35247664640.0
2021-06-08,5177.29,5186.31,5131.89,5142.36,37240608.0,35916022272.0
2021-06-09,5145.48,5176.34,5134.24,5157.38,38495186.0,36290770944.0
2021-06-10,5154.89,5198.62,5142.12,5169.69,39110375.0,38637516288.0
2021-06-11,5174.72,5184.24,5145.05,5147.63,45845629.0,45918452480.0
2021-06-15,5167.94,5172.1,5089.1,5105.45,43621844.0,44400644352.0
2021-06-16,5100.5,5107.7,5032.48,5038.75,35911950.0,36496992512.0
2021-06-17,5032.3,5061.39,5014.84,5029.82,35445138.0,32976226816.0
2021-06-18,5031.31,5031.58,4983.06,5009.93,37085097.0,39172142592.0
2021-06-21,5006.28,5041.42,4987.86,5036.61,37919467.0,39816527360.0
2021-06-22,5045.8,5101.44,5040.72,5096.2,38027928.0,40161773312.0
2021-06-23,5116.73,5180.18,5095.82,5168.74,37712284.0,39842504192.0
2021-06-24,5178.46,5188.2,5133.82,5163.13,34175550.0,34273834752.0
2021-06-25,5163.24,5199.63,5145.46,5185.63,36531566.0,38626690560.0
2021-06-28,5154.75,5167.03,5131.78,5143.83,35719866.0,39773827072.0
2021-06-29,5142.35,5162.52,5113.56,5136.99,37573698.0,38907983872.0
2021-06-30,5137.58,5163.89,5124.91,5153.4,36716916.0,35946569472.0
2021-07-01,5151.28,5185.74,5123.25,5129.82,37786327.0,41620966656.0
2021-07-02,5112.19,5118.02,5087.44,5095.13,37947458.0,41044753920.0
2021-07-05,5105.86,5121.33,5077.0,5102.94,34491786.0,35304827648.0
2021-07-06,5102.51,5111.27,5044.62,5093.26,35550370.0,37487534336.0
2021-07-07,5068.06,5100.22,5049.46,5097.02,30159772.0,30953639680.0
2021-07-08,5087.56,5087.72,4995.76,4999.4,38808249.0,42733595392.0
2021-07-09,4984.72,5043.19,4969.9,5041.8,36471721.0,37989321216.0
2021-07-12,5066.69,5104.02,5058.08,5077.15,44922977.0,44834815744.0
2021-07-13,5079.17,5113.84,5059.4,5110.62,40321223.0,38197673984.0
2021-07-14,5106.52,5113.8,5075.32,5076.15,42407641.0,43617322752.0
2021-07-15,5065.39,5104.95,5030.02,5102.58,38965874.0,41062068224.0
2021-07-16,5089.88,5135.29,5080.67,5107.88,36292684.0,35659517440.0
2021-07-19,5118.17,5126.29,5083.28,5096.59,36729317.0,35154915328.0
2021-07-20,5059.14,5081.11,5034.89,5079.32,31269370.0,30227538176.0
2021-07-21,5099.73,5119.34,5065.75,5078.76,35697656.0,36859017216.0
2021-07-22,5092.98,5138.1,5080.65,5134.35,39591513.0,42925268992.0
2021-07-23,5126.7,5135.74,5046.1,5054.1,41197544.0,42135270144.0
2021-07-26,5059.0,5060.84,4914.1,4951.13,46155515.0,47867093504.0
2021-07-27,4949.23,4982.89,4803.44,4803.44,48837642.0,48899293952.0
2021-07-28,4778.35,4802.45,4696.04,4750.03,45459648.0,43941064448.0
2021-07-29,4796.36,4813.73,4766.32,4799.05,37725453.0,37784697856.0
2021-07-30,4817.9,4862.15,4787.22,4858.43,39717714.0,38492441856.0
2021-08-02,4835.43,4878.57,4779.31,4870.71,50211023.0,51954598144.0
2021-08-03,4847.73,4870.14,4806.09,4812.43,41206235.0,45132120576.0
2021-08-04,4823.78,4889.81,4819.14,4886.7,34880782.0,37444381952.0
2021-08-05,4880.88,4914.44,4838.55,4856.89,37883229.0,41260401408.0
2021-08-06,4859.11,4883.8,4831.71,4882.56,31045045.0,34406380800.0
2021-08-09,4875.65,4953.27,4862.35,4950.71,45141312.0,50736654848.0
2021-08-10,4940.29,4959.39,4928.05,4959.39,38293257.0,43230386432.0
2021-08-11,4973.74,5040.31,4973.74,5036.93,53615322.0,55158456832.0
2021-08-12,5032.09,5108.9,5016.48,5101.58,39372699.0,45894266880.0
2021-08-13,5097.7,5130.13,5088.75,5108.1,35999885.0,43914367744.0
2021-08-16,5118.74,5144.41,5091.98,5108.37,40865000.0,46148902400.0
2021-08-17,5101.59,5128.33,5001.19,5011.67,46742472.0,49420715008.0
2021-08-18,5018.22,5051.21,5008.21,5043.67,44717916.0,48739830016.0
2021-08-19,5021.0,5033.68,4975.56,5014.93,40478038.0,43225130752.0
2021-08-20,5012.17,5032.9,4959.18,5022.09,40655792.0,44972750848.0
2021-08-23,5047.88,5088.48,5047.88,5080.22,35143884.0,38976961792.0
2021-08-24,5099.32,5141.55,5088.37,5122.62,36548781.0,40279677440.0
2021-08-25,5130.63,5186.71,5110.4,5184.79,34182396.0,36698100992.0
2021-08-26,5191.98,5237.38,5186.66,5205.18,41090808.0,44845102848.0
2021-08-27,5189.3,5242.1,5177.72,5240.64,40432364.0,45903507456.0
2021-08-30,5241.39,5277.19,5230.82,5271.52,52050906.0,58040858880.0
2021-08-31,5261.26,5385.98,5256.42,5385.98,53771720.0,57324938496.0
2021-09-01,5408.2,5436.92,5303.2,5361.02,72410025.0,73340100608.0
2021-09-02,5350.55,5452.69,5347.14,5448.12,57042035.0,58446706432.0
2021-09-03,5428.33,5497.35,5399.95,5431.93,55612314.0,54924027648.0
2021-09-06,5457.39,5497.41,5415.26,5482.7,54011697.0,54750014464.0
2021-09-07,5499.45,5597.93,5483.76,5592.55,58387400.0,57435617024.0
2021-09-08,5583.22,5666.66,5576.29,5639.62,57764805.0,56213012736.0
2021-09-09,5650.13,5749.37,5620.77,5746.51,66068273.0,64187665408.0
2021-09-10,5733.27,5770.06,5667.5,5668.78,72352195.0,74574671872.0
2021-09-13,5675.13,5786.18,5670.77,5772.51,59875735.0,66305043968.0
2021-09-14,5764.64,5775.27,5658.48,5670.94,65574610.0,67533369088.0
2021-09-15,5659.8,5728.73,5645.73,5687.31,49459784.0,55136475136.0
2021-09-16,5730.55,5765.65,5601.54,5601.54,56218696.0,59693931008.0
2021-09-17,5577.75,5640.85,5400.9,5496.14,48589422.0,49654885888.0
2021-09-22,5439.02,5574.46,5434.91,5574.29,53252270.0,55357050880.0
2021-09-23,5650.0,5685.05,5564.61,5581.68,53282527.0,56851419136.0
2021-09-24,5576.64,5576.64,5401.79,5404.99,49065085.0,52441662976.0
2021-09-27,5418.36,5428.69,5212.17,5251.93,50360486.0,51849807360.0
2021-09-28,5256.07,5347.06,5244.51,5335.04,50216292.0,51287597568.0
2021-09-29,5301.31,5326.68,5166.0,5166.0,50703695.0,50047046144.0
2021-09-30,5180.29,5249.72,5174.28,5245.35,40634124.0,41499414016.0
2021-10-08,5316.72,5326.69,5207.68,5244.44,44777149.0,45987230464.0
2021-10-11,5250.39,5301.42,5216.84,5275.22,44518339.0,48884197376.0
2021-10-12,5271.02,5297.75,5124.78,5187.63,45424607.0,47101390080.0
2021-10-13,5192.47,5193.03,5082.74,5151.12,36241808.0,37262841856.0
2021-10-14,5138.25,5162.54,5091.64,5130.9,29031021.0,32012465152.0
2021-10-15,5127.11,5161.16,5088.16,5143.64,36426216.0,37027056640.0
2021-10-18,5144.29,5221.89,5130.14,5220.44,36936725.0,40208717568.0
2021-10-19,5209.85,5268.11,5186.77,5257.33,34358380.0,38519790336.0
2021-10-20,5178.17,5222.97,5170.73,5205.66,34549451.0,36563696896.0
2021-10-21,5190.89,5291.39,5188.78,5243.45,40447502.0,44093598720.0
2021-10-22,5234.53,5267.11,5146.12,5149.86,42026660.0,44951873536.0
2021-10-25,5144.49,5164.59,5102.9,5155.31,36421540.0,42120659968.0
2021-10-26,5163.87,5174.41,5115.26,5132.2,33038025.0,38955364608.0
2021-10-27,5110.08,5110.08,5034.64,5054.62,35968476.0,37693721600.0
2021-10-28,5023.81,5023.81,4925.17,4940.01,38154639.0,39101307648.0
2021-10-29,4945.42,4965.99,4915.61,4964.67,37782051.0,41000705792.0
2021-11-01,4945.2,5004.45,4930.59,4990.25,41886617.0,41095884032.0
2021-11-02,4988.16,4996.75,4835.27,4888.58,48538772.0,49863714560.0
2021-11-03,4892.44,4954.41,4886.01,4952.71,30614168.0,32981377536.0
2021-11-04,4953.86,4956.68,4922.37,4954.04,29942435.0,33434959616.0
2021-11-05,4946.63,4954.08,4881.92,4881.95,32733327.0,36281689600.0
2021-11-08,4890.6,4928.74,4872.43,4912.02,29928485.0,35150384896.0
2021-11-09,4926.03,4941.82,4906.48,4937.52,26911052.0,31691893760.0
2021-11-10,4932.3,4934.88,4849.23,4932.43,36109126.0,38913227520.0
2021-11-11,4930.76,5007.89,4925.45,5005.17,47482657.0,51649796352.0
2021-11-12,4990.54,4993.87,4951.41,4970.96,35053229.0,37246971136.0
2021-11-15,4963.6,4982.28,4940.99,4979.0,29481779.0,31650352896.0
2021-11-16,4982.04,5001.93,4947.08,4951.63,28565248.0,28546515712.0
2021-11-17,4961.93,4994.59,4958.22,4992.96,25049592.0,25457741824.0
2021-11-18,5002.22,5018.26,4986.5,4989.29,27091273.0,29749368832.0
2021-11-19,4985.67,5063.45,4969.21,5059.43,35745168.0,36151127552.0
2021-11-22,5068.38,5083.16,5050.17,5067.43,34276301.0,36789463552.0
2021-11-23,5072.58,5119.79,5060.57,5095.6,34286583.0,35654940672.0
2021-11-24,5108.2,5127.07,5086.26,5120.14,32960470.0,33704127744.0
2021-11-25,5132.89,5132.89,5082.16,5097.97,27673892.0,27932552192.0
2021-11-26,5079.65,5100.86,5058.11,5061.1,27804275.0,30545015040.0
2021-11-29,5000.97,5029.84,4983.8,5029.29,32617547.0,31729653504.0
2021-11-30,5040.89,5071.46,5023.8,5044.12,29427955.0,30771032064.0
2021-12-01,5049.39,5103.48,5036.34,5103.48,32980902.0,34411452672.0
2021-12-02,5097.7,5124.85,5079.47,5114.32,41100008.0,45150114560.0
2021-12-03,5118.21,5159.26,5072.17,5150.05,37982287.0,41400146688.0
2021-12-06,5147.7,5176.04,5091.8,5092.92,44994716.0,47809188096.0
2021-12-07,5137.99,5151.27,5060.94,5119.6,52715064.0,55962122496.0
2021-12-08,5128.82,5128.96,5087.55,5124.21,41019190.0,43235278592.0
2021-12-09,5121.86,5144.32,5109.34,5130.75,49718164.0,51961298432.0
2021-12-10,5115.93,5128.34,5090.16,5118.56,50753802.0,47795584768.0
2021-12-13,5141.23,5153.0,5112.77,5117.09,51453330.0,47945387776.0
2021-12-14,5101.79,5102.19,5060.87,5064.59,41381538.0,37662639872.0
2021-12-15,5063.82,5107.7,5052.45,5087.39,36241245.0,32544092928.0
2021-12-16,5104.83,5163.47,5103.94,5162.86,46158582.0,39320565760.0
2021-12-17,5162.06,5177.98,5127.76,5129.74,39406460.0,36404589056.0
2021-12-20,5123.61,5152.44,5079.03,5084.14,37993457.0,33028691712.0
2021-12-21,5078.06,5190.45,5077.93,5186.49,45543652.0,37161145088.0
2021-12-22,5191.79,5191.79,5150.29,5166.85,35846135.0,29502482944.0
2021-12-23,5162.44,5197.02,5148.37,5186.92,35927991.0,33045114880.0
2021-12-24,5189.22,5189.66,5140.71,5156.06,33299899.0,30384606976.0
2021-12-27,5159.55,5204.62,5159.55,5186.57,33533874.0,31351696640.0
2021-12-28,5187.89,5188.32,5139.8,5160.62,34823998.0,30482106880.0
2021-12-29,5157.25,5162.08,5139.04,5145.03,28081525.0,25172441344.0
2021-12-30,5144.4,5166.58,5143.23,5158.35,28949059.0,25272917760.0
2021-12-31,5160.57,5217.71,5156.27,5209.9,30115162.0,28159297280.0
2022-01-04,5235.93,5284.06,5230.4,5272.76,43692616.0,41075424256.0
2022-01-05,5257.41,5272.99,5223.61,5258.01,53610033.0,47402969600.0
2022-01-06,5242.07,5284.44,5237.66,5281.62,44104251.0,38731914240.0
2022-01-07,5277.52,5347.47,5277.52,5296.28,58717791.0,48082318080.0
2022-01-10,5293.79,5348.77,5289.32,5347.83,48843553.0,40959920896.0
2022-01-11,5340.99,5400.61,5338.62,5371.9,50903626.0,44903401216.0
2022-01-12,5365.88,5366.4,5306.78,5347.72,42846878.0,37025145088.0
2022-01-13,5346.23,5386.64,5329.95,5331.5,46053230.0,38212552192.0
2022-01-14,5309.79,5310.23,5233.33,5235.98,47664453.0,38883923712.0
2022-01-17,5238.61,5267.41,5234.06,5251.16,32025511.0,28016548608.0
2022-01-18,5257.67,5321.22,5237.53,5303.18,47230843.0,38948507392.0
2022-01-19,5305.48,5363.21,5301.04,5338.34,48790853.0,43797117184.0
2022-01-20,5340.91,5375.85,5300.39,5318.14,56943314.0,47729881856.0
2022-01-21,5314.41,5322.0,5262.99,5276.73,43104389.0,36471540224.0
2022-01-24,5258.08,5286.11,5209.68,5252.39,39027135.0,32515562496.0
2022-01-25,5224.28,5229.03,5070.32,5070.73,40015108.0,32227466240.0
2022-01-26,5078.85,5121.6,5053.52,5102.66,31827258.0,25696096512.0
2022-01-27,5104.79,5114.19,5033.88,5033.89,35511339.0,28680599040.0
2022-01-28,5056.41,5065.53,4973.58,5009.74,41445159.0,32383866368.0
2022-02-07,5050.98,5147.71,5050.98,5140.6,50140662.0,38833412608.0
2022-02-08,5154.02,5254.53,5149.99,5254.53,58985848.0,44082715648.0
2022-02-09,5252.39,5302.74,5237.56,5278.93,50166464.0,41058395136.0
2022-02-10,5264.91,5336.75,5239.94,5336.19,45050655.0,39113931776.0
2022-02-11,5332.59,5382.19,5321.11,5325.3,55370993.0,48401733120.0
2022-02-14,5310.18,5317.19,5227.59,5242.91,47871017.0,38455941632.0
2022-02-15,5241.27,5247.9,5187.35,5221.09,37565949.0,31455090944.0
2022-02-16,5232.27,5271.05,5228.17,5268.18,31231830.0,26256436736.0
2022-02-17,5263.57,5264.96,5229.81,5244.61,31653354.0,27176180480.0
2022-02-18,5228.9,5345.9,5220.69,5345.16,40788585.0,35596739072.0
2022-02-21,5347.63,5386.77,5316.83,5379.54,36181598.0,31392376576.0
2022-02-22,5347.01,5364.06,5297.49,5334.18,35682257.0,31556275456.0
2022-02-23,5332.9,5345.29,5289.58,5319.45,37466448.0,32221297920.0
2022-02-24,5302.87,5318.47,5171.35,5216.49,51055923.0,40343440896.0
2022-02-25,5230.8,5280.43,5187.4,5215.19,45807237.0,37563375360.0
2022-02-28,5214.23,5220.99,5155.9,5219.15,37109086.0,30944098560.0
2022-03-01,5230.29,5268.73,5206.75,5263.58,35189585.0,29880445696.0
2022-03-02,5260.57,5303.6,5253.29,5298.65,34441578.0,28759573760.0
2022-03-03,5311.65,5364.46,5311.4,5355.01,49329869.0,39855622144.0
2022-03-04,5336.95,5365.87,5282.3,5329.22,42241721.0,36362940416.0
2022-03-07,5344.16,5356.66,5253.3,5271.52,48647603.0,41055138560.0
2022-03-08,5253.75,5255.83,5088.21,5090.09,49412145.0,41324895488.0
2022-03-09,5107.36,5142.71,4866.54,5024.81,59872461.0,47731643392.0
2022-03-10,5078.1,5132.59,5024.89,5087.35,38193255.0,32655721216.0
2022-03-11,5048.54,5126.25,4969.53,5120.31,42953516.0,33946698240.0
2022-03-14,5078.25,5150.35,5009.31,5009.31,39853343.0,32315738112.0
2022-03-15,4974.12,4974.75,4699.87,4699.87,66667308.0,50113389056.0
2022-03-16,4759.56,4829.12,4606.2,4811.54,57372585.0,43790934784.0
2022-03-17,4876.72,4958.55,4862.74,4896.58,52324541.0,41944946176.0
2022-03-18,4887.52,5034.28,4875.52,5025.5,51579026.0,41153365504.0
2022-03-21,5028.17,5066.44,4994.53,5046.46,40362920.0,33590073088.0
2022-03-22,5035.21,5153.99,5027.26,5131.93,49477591.0,37865983744.0
2022-03-23,5123.46,5162.22,5086.08,5145.75,49922112.0,40654128384.0
2022-03-24,5123.49,5153.79,5108.47,5128.44,37965077.0,29616220416.0
2022-03-25,5119.4,5189.4,5111.83,5124.29,39992918.0,30520995584.0
2022-03-28,5105.06,5206.45,5072.95,5187.17,49465088.0,37343917312.0
2022-03-29,5178.68,5197.4,5148.22,5177.71,41046411.0,32262034944.0
2022-03-30,5175.72,5244.58,5171.97,5244.39,53602563.0,43762747648.0
2022-03-31,5242.16,5348.48,5240.25,5303.28,62778988.0,50527436544.0
2022-04-01,5270.69,5363.49,5262.08,5357.43,59892091.0,49352673280.0
2022-04-06,5365.12,5453.75,5339.59,5447.77,77522836.0,61150305536.0
2022-04-07,5408.27,5442.12,5342.34,5342.52,61509450.0,48134743296.0
2022-04-08,5349.56,5400.78,5285.15,5399.54,58589878.0,47446941952.0
2022-04-11,5371.4,5376.72,5262.61,5280.01,58456660.0,47967217664.0
2022-04-12,5269.96,5301.32,5203.93,5264.82,54578255.0,44521062656.0
2022-04-13,5245.97,5323.93,5205.37,5254.47,49205532.0,41631567872.0
2022-04-14,5274.72,5399.21,5259.6,5379.79,47592143.0,42360439552.0
2022-04-15,5368.98,5439.66,5325.44,5347.9,57487670.0,51723392512.0
2022-04-18,5297.79,5341.27,5263.42,5276.56,51820600.0,43802546432.0
2022-04-19,5278.19,5346.56,5238.93,5338.53,45365064.0,39171974656.0
2022-04-20,5321.47,5331.94,5166.53,5182.91,49186074.0,42122120704.0
2022-04-21,5176.65,5207.72,5047.3,5062.85,49464054.0,38839903744.0
2022-04-22,5039.01,5154.26,5014.33,5128.4,48214871.0,37808320768.0
2022-04-25,5058.0,5058.0,4858.67,4859.16,61272033.0,47056873216.0
2022-04-26,4857.61,4899.5,4753.84,4766.71,53213740.0,39540021504.0
2022-04-27,4720.67,4820.85,4675.22,4820.59,59101939.0,45571279872.0
2022-04-28,4806.53,4905.8,4796.06,4883.17,56543788.0,44636330752.0
2022-04-29,4910.52,5020.63,4881.08,5019.23,66446413.0,53019833856.0
2022-05-05,5022.95,5067.23,4999.95,5052.01,60283566.0,46331662080.0
2022-05-06,4952.87,4995.35,4905.37,4921.83,42740288.0,33630257152.0
2022-05-09,4897.78,4942.87,4879.19,4934.04,34809203.0,27769535232.0
2022-05-10,4856.32,4931.0,4816.32,4930.67,48600858.0,38092889856.0
2022-05-11,4923.47,4978.75,4916.63,4923.27,50511419.0,40004286976.0
2022-05-12,4909.25,4951.67,4869.06,4911.54,36583040.0,29369478144.0
2022-05-13,4920.36,5028.31,4920.36,5028.31,43638991.0,37743072768.0
2022-05-16,5081.03,5093.73,5033.13,5078.78,47109107.0,39843700992.0
2022-05-17,5065.82,5071.2,4994.27,5040.82,43515497.0,36109396480.0
2022-05-18,5027.81,5041.66,4987.92,5006.19,36885675.0,30854796288.0
2022-05-19,4935.53,5024.28,4926.66,5024.25,40534658.0,31617217536.0
2022-05-20,5021.58,5072.33,5020.28,5070.66,48836106.0,39794175488.0
2022-05-23,5081.78,5092.41,5057.14,5084.99,43254205.0,36286473472.0
2022-05-24,5080.78,5085.41,4951.53,4951.53,46263532.0,37526672384.0
2022-05-25,4943.89,5031.29,4932.82,5031.29,35530383.0,28296238848.0
2022-05-26,5027.36,5091.45,4994.95,5081.99,40170151.0,33476382208.0
2022-05-27,5081.28,5093.38,5039.08,5074.43,36977505.0,31378535168.0
2022-05-30,5076.98,5079.71,5033.95,5072.06,39487320.0,31724080128.0
2022-05-31,5062.8,5077.54,5040.72,5070.53,41495329.0,34313888000.0
2022-06-01,5057.38,5095.08,5044.17,5093.22,36236707.0,30518736640.0
2022-06-02,5074.29,5074.29,5029.89,5054.23,36225862.0,31113092608.0
2022-06-06,5053.77,5074.79,5019.37,5073.12,51978801.0,43420870144.0
2022-06-07,5063.31,5100.51,5044.58,5087.42,43670106.0,36323226624.0
2022-06-08,5090.89,5127.22,5029.14,5125.17,45600681.0,38443345664.0
2022-06-09,5115.32,5153.58,5072.51,5100.76,48985628.0,41449858816.0
2022-06-10,5054.27,5142.9,5045.58,5134.13,54240013.0,41273233920.0
2022-06-13,5099.86,5122.32,5032.19,5071.64,48232604.0,40165615360.0
2022-06-14,5032.92,5144.44,5013.11,5143.29,46753531.0,38426887680.0
2022-06-15,5134.32,5214.95,5119.7,5137.36,65390707.0,53520764672.0
2022-06-16,5127.0,5160.44,5045.06,5058.37,46810173.0,40643577088.0
2022-06-17,5032.24,5065.07,4999.93,5056.85,38452571.0,32207563008.0
2022-06-20,5036.91,5051.1,5005.71,5035.07,46828347.0,40697607424.0
2022-06-21,5028.34,5064.18,4998.66,5037.47,45522209.0,36618588160.0
2022-06-22,5044.36,5044.36,4966.98,4970.58,37094920.0,30538343168.0
2022-06-23,4973.68,5039.95,4958.16,5039.95,38844039.0,33007244800.0
2022-06-24,5038.68,5052.56,5012.72,5033.96,40856704.0,34508973312.0
2022-06-27,5042.12,5090.04,5039.26,5079.56,44806218.0,37864400896.0
2022-06-28,5081.57,5125.78,5074.28,5125.14,41242169.0,36368351232.0
2022-06-29,5107.46,5145.91,5090.33,5091.24,51483784.0,45355676416.0
2022-06-30,5089.92,5123.91,5083.61,5106.47,44771197.0,40881294336.0
2022-07-01,5109.65,5136.35,5072.76,5125.94,38501812.0,36607140352.0
2022-07-04,5127.98,5143.81,5110.56,5143.81,40246213.0,36938361088.0
2022-07-05,5150.86,5173.82,5108.4,5151.22,42257171.0,38414337536.0
2022-07-06,5125.65,5125.65,5021.16,5050.61,42874217.0,36980464896.0
2022-07-07,5049.27,5094.93,5032.82,5081.07,33450183.0,30879558144.0
2022-07-08,5092.54,5099.21,5064.41,5070.86,32577428.0,30875357696.0
2022-07-11,5048.71,5048.71,4979.36,4997.9,40571811.0,34369334784.0
2022-07-12,4994.69,5032.98,4982.5,4997.94,41479163.0,33324979016.0
2022-07-13,4989.78,5020.11,4971.71,5004.27,43956003.0,35396719082.0
2022-07-14,4977.7,4982.59,4926.01,4937.89,49253121.0,37356811538.0
2022-07-15,4908.42,4920.48,4813.94,4813.94,51266315.0,41711265144.0
2022-07-18,4829.26,4932.11,4829.26,4932.11,38259724.0,33073788005.0
2022-07-19,4940.27,4958.59,4918.23,4951.39,32716175.0,28306945014.0
2022-07-20,4957.94,4972.06,4945.83,4968.22,28718935.0,25263746967.0
2022-07-21,4961.58,4961.58,4896.21,4896.21,35700355.0,32122939017.0
2022-07-22,4893.84,4906.08,4841.61,4874.3,29835756.0,25334706672.0
2022-07-25,4881.66,4901.43,4860.59,4869.84,26448196.0,22745213936.0
2022-07-26,4870.93,4949.05,4857.56,4938.79,31305887.0,25579929320.0
2022-07-27,4934.19,4954.64,4907.56,4943.23,27644284.0,23166154782.0
2022-07-28,4954.96,4968.72,4939.6,4962.89,30744414.0,25417997028.0
2022-07-29,4968.02,4976.12,4918.29,4921.72,32881207.0,28418824738.0
2022-08-01,4918.25,4946.6,4889.95,4937.89,30166557.0,27756077482.0
2022-08-02,4897.2,4897.2,4756.35,4798.78,39326022.0,31300061939.0
2022-08-03,4800.09,4853.56,4734.77,4736.11,32530410.0,27697380932.0
2022-08-04,4753.19,4764.1,4705.06,4762.28,27909113.0,22641497128.0
2022-08-05,4768.31,4800.7,4733.8,4797.14,24779906.0,21460350152.0
2022-08-08,4794.27,4876.87,4785.94,4873.23,27418669.0,23365633172.0
2022-08-09,4874.41,4890.44,4854.06,4883.65,23908216.0,21256445153.0
2022-08-10,4883.18,4884.67,4846.44,4862.62,21091412.0,18862880624.0
2022-08-11,4885.55,4926.01,4876.67,4923.72,27581853.0,22368934986.0
2022-08-12,4924.57,4965.18,4922.46,4957.35,28087577.0,22701915699.0
2022-08-15,4956.65,4989.16,4943.61,4969.85,27594592.0,24493933464.0
2022-08-16,4976.38,5003.44,4969.07,4996.1,28716059.0,25213933744.0
2022-08-17,5001.94,5019.62,4982.39,5012.05,32146937.0,28353308414.0
2022-08-18,5006.81,5010.18,4958.84,4969.34,24968148.0,22096440699.0
2022-08-19,4972.31,5032.42,4970.71,5007.0,31197005.0,27771103997.0
2022-08-22,5007.42,5054.6,4997.51,5050.92,30010755.0,26747324091.0
2022-08-23,5043.01,5087.51,5021.11,5075.63,27714925.0,26141923076.0
2022-08-24,5076.16,5081.68,4979.43,4984.46,31780430.0,28803019709.0
2022-08-25,5001.65,5076.23,4997.73,5073.62,32064976.0,31253120805.0
2022-08-26,5069.05,5095.94,5037.62,5051.22,27327130.0,26686776062.0
2022-08-29,5010.07,5093.76,4985.35,5090.85,31625443.0,29367782068.0
2022-08-30,5088.6,5103.46,5031.21,5060.86,31234492.0,26881270763.0
2022-08-31,5056.75,5062.5,4996.92,5009.62,39747472.0,33456441392.0
2022-09-01,5018.27,5098.27,5000.5,5043.03,32870992.0,29018391526.0
2022-09-02,5039.5,5058.76,5020.09,5040.13,26722212.0,22164453885.0
2022-09-05,5050.33,5115.83,5037.23,5115.83,30610997.0,27504805799.0
2022-09-06,5122.97,5201.74,5113.54,5201.74,36404162.0,31783678711.0
2022-09-07,5180.98,5194.6,5156.33,5187.12,28675259.0,25353522252.0
2022-09-08,5180.07,5188.62,5144.5,5168.47,27530696.0,23941274764.0
2022-09-09,5168.83,5230.58,5165.92,5222.86,38667193.0,33267660782.0
2022-09-13,5227.34,5228.92,5174.15,5187.63,34705736.0,28142572695.0
2022-09-14,5129.07,5173.09,5123.76,5144.59,28498904.0,22631482095.0
2022-09-15,5173.77,5206.62,5074.97,5134.27,44736958.0,36731592057.0
2022-09-16,5115.92,5134.99,4975.15,4975.15,45260540.0,37168477309.0
2022-09-19,4969.65,4999.43,4931.62,4975.77,34029857.0,26102333532.0
2022-09-20,5001.68,5016.47,4968.15,4980.39,30635856.0,24143184025.0
2022-09-21,4970.83,5036.09,4938.66,5020.62,29711946.0,22215404318.0
2022-09-22,4995.63,5027.78,4987.86,5015.05,29318078.0,23819071119.0
2022-09-23,5006.42,5052.44,4950.49,4962.21,33762938.0,24311748363.0
2022-09-26,4934.4,4962.15,4865.73,4872.49,35778941.0,25614397044.0
2022-09-27,4883.8,4930.36,4826.73,4930.36,29278271.0,23040669207.0
2022-09-28,4925.86,4927.71,4869.64,4869.64,26985793.0,20933976508.0
2022-09-29,4904.86,4921.67,4823.3,4846.59,29732476.0,23251814446.0
2022-09-30,4858.03,4918.09,4844.33,4869.99,29771075.0,24141922421.0
2022-10-10,4886.7,4952.77,4847.25,4856.02,39102682.0,29705892890.0
2022-10-11,4857.27,4864.79,4791.56,4856.67,28624069.0,22005463901.0
2022-10-12,4848.64,4924.67,4788.61,4924.67,29645093.0,23105253546.0
2022-10-13,4897.11,4905.8,4831.0,4878.3,31510142.0,26629190081.0
2022-10-14,4891.29,4959.63,4891.29,4934.51,35399464.0,26660549489.0
2022-10-17,4912.61,4940.81,4859.26,4935.9,30879158.0,25119713389.0
2022-10-18,4942.32,4967.67,4923.54,4941.31,27659455.0,23245254219.0
2022-10-19,4929.04,4956.49,4900.47,4901.75,25001016.0,22159247216.0
2022-10-20,4880.83,4907.18,4844.54,4855.5,28625266.0,22089480531.0
2022-10-21,4864.26,4912.05,4860.49,4878.47,30563830.0,23068871196.0
2022-10-24,4876.21,4901.11,4755.51,4772.91,41669933.0,30937588896.0
2022-10-25,4765.45,4784.4,4709.38,4753.56,31395529.0,24026657346.0
2022-10-26,4758.76,4786.62,4725.6,4741.76,40245854.0,29338287081.0
2022-10-27,4740.1,4787.81,4737.81,4754.5,37276327.0,27656172836.0
2022-10-28,4737.42,4738.21,4617.97,4628.83,38948058.0,30186108249.0
2022-10-31,4595.02,4614.56,4547.5,4562.0,45917081.0,35269503049.0
2022-11-01,4573.36,4622.23,4541.71,4622.14,52564431.0,37958157771.0
2022-11-02,4613.89,4697.71,4604.32,4679.53,41048913.0,29963764635.0
2022-11-03,4647.04,4670.55,4637.92,4654.33,29186963.0,21914273901.0
2022-11-04,4656.71,4768.46,4656.29,4750.54,37690280.0,29335046146.0
2022-11-07,4742.26,4803.5,4736.26,4784.93,32184446.0,24896361659.0
2022-11-08,4790.04,4799.67,4770.6,4790.02,27140025.0,21486038688.0
2022-11-09,4793.55,4831.87,4793.55,4795.23,30917681.0,23230592783.0
2022-11-10,4773.6,4811.08,4734.99,4793.47,31894560.0,21634283766.0
2022-11-11,4866.08,4938.97,4848.43,4900.02,58490572.0,43097802329.0
2022-11-14,4948.49,4985.44,4900.22,4914.24,63448272.0,50224162385.0
2022-11-15,4907.48,4962.65,4893.84,4961.88,42857324.0,34802953741.0
2022-11-16,4960.13,4965.86,4934.69,4943.74,34856912.0,27614645065.0
2022-11-17,4933.25,4936.57,4890.96,4924.2,32877356.0,27792828552.0
2022-11-18,4920.31,4935.25,4890.25,4891.54,31826516.0,24185761045.0
2022-11-21,4866.43,4894.86,4827.62,4894.16,29448139.0,23617823218.0
2022-11-22,4899.67,4937.48,4877.39,4899.19,41477939.0,29393587561.0
2022-11-23,4890.94,4923.67,4880.28,4910.77,42572784.0,28938307951.0
2022-11-24,4931.69,4952.3,4919.53,4945.97,32640032.0,24921276642.0
2022-11-25,4942.46,5018.84,4935.2,5007.61,57340017.0,41139697878.0
2022-11-28,4948.62,4990.01,4919.81,4986.38,44442951.0,32371766659.0
2022-11-29,5042.05,5134.67,5037.05,5129.63,70667181.0,53460997280.0
2022-11-30,5128.03,5180.44,5099.62,5120.05,66473835.0,49743508046.0
2022-12-01,5149.94,5165.75,5086.91,5093.58,56100923.0,41805038498.0
2022-12-02,5083.94,5086.96,5045.72,5077.22,42231869.0,33640457958.0
2022-12-05,5113.34,5161.15,5113.34,5151.15,57407025.0,44067565857.0
2022-12-06,5137.19,5148.63,5103.9,5125.57,44657844.0,33620931635.0
2022-12-07,5120.2,5123.92,5068.58,5095.95,43815929.0,34673161773.0
2022-12-08,5096.21,5123.92,5078.31,5106.72,39136603.0,30474675647.0
2022-12-09,5109.65,5158.57,5092.83,5151.55,54549106.0,45473969214.0
2022-12-12,5156.26,5165.5,5074.36,5077.86,42825678.0,37838611351.0
2022-12-13,5074.8,5115.06,5074.29,5101.6,30599359.0,26009424069.0
2022-12-14,5099.29,5103.76,5070.87,5082.25,28527950.0,24741197735.0
2022-12-15,5076.92,5085.58,5025.68,5030.61,27474607.0,24087706152.0
2022-12-16,5016.93,5101.08,5016.66,5083.34,34386328.0,28484528466.0
2022-12-19,5076.25,5090.56,4959.72,4978.93,31056454.0,25904753958.0
2022-12-20,4965.51,4980.92,4913.39,4928.73,26117655.0,21112288688.0
2022-12-21,4934.6,4969.42,4920.85,4930.9,19013796.0,15597169753.0
2022-12-22,4962.35,4974.52,4881.06,4896.18,24039586.0,19878887718.0
2022-12-23,4882.97,4923.2,4870.81,4890.01,20497136.0,16266747552.0
2022-12-26,4887.92,4892.95,4870.59,4877.97,23910426.0,19192548371.0
2022-12-27,4895.13,4935.32,4895.11,4928.71,25973751.0,20646509030.0
2022-12-28,4919.05,4948.35,4898.77,4936.9,26254838.0,20500285642.0
2022-12-29,4926.17,4926.21,4884.71,4892.79,25610964.0,20606211182.0
2022-12-30,4909.34,4934.61,4896.15,4925.86,27845240.0,21509555228.0
2023-01-03,4925.96,4961.94,4914.43,4957.78,33364964.0,27865570675.0
2023-01-04,4957.79,5012.82,4945.99,4996.91,39729525.0,33240590830.0
2023-01-05,5004.55,5017.82,4992.16,5010.51,31750755.0,26990465577.0
2023-01-06,5013.55,5019.32,4988.97,5000.11,29884266.0,24821685853.0
2023-01-09,5012.42,5016.66,4986.07,4997.31,30636810.0,26153572247.0
2023-01-10,4996.66,4996.66,4966.15,4969.0,28627368.0,24065045719.0
2023-01-11,4972.81,5014.82,4968.05,4995.85,29279050.0,28697313203.0
2023-01-12,4991.52,4991.52,4958.38,4976.54,25091792.0,21813111414.0
2023-01-13,4980.21,5019.25,4977.08,5019.25,26489981.0,22772044740.0
2023-01-16,5029.82,5062.02,5017.59,5038.56,39985889.0,32941169930.0
2023-01-17,5044.05,5044.05,5016.8,5030.96,25282362.0,21712978076.0
2023-01-18,5036.34,5049.9,5030.03,5036.72,24105096.0,20727125232.0
2023-01-19,5035.11,5057.06,5015.12,5057.06,23781433.0,21380163427.0
2023-01-20,5063.07,5106.67,5059.65,5106.67,30469732.0,26566635060.0
2023-01-30,5147.53,5151.25,5085.48,5088.46,40459309.0,35940448688.0
2023-01-31,5078.65,5105.5,5071.6,5099.71,29629540.0,26545975312.0
2023-02-01,5106.8,5117.22,5076.95,5115.41,33322693.0,29326506547.0
2023-02-02,5122.54,5134.12,5094.16,5123.74,32937134.0,29393365679.0
2023-02-03,5113.71,5113.71,5052.63,5078.34,30631561.0,25630006329.0
2023-02-06,5059.22,5067.42,5037.45,5049.8,27581253.0,24280134251.0
2023-02-07,5056.07,5081.32,5053.33,5076.74,24875614.0,22575516317.0
2023-02-08,5082.37,5085.14,5051.71,5054.09,22749582.0,19570655771.0
2023-02-09,5052.67,5092.3,5048.18,5091.42,22415491.0,19626070344.0
2023-02-10,5089.74,5104.9,5071.17,5093.73,24535281.0,20225760993.0
2023-02-13,5093.24,5115.29,5071.02,5111.87,35800463.0,30892413839.0
2023-02-14,5122.64,5141.03,5116.61,5138.18,27362808.0,23241448726.0
2023-02-15,5139.47,5139.47,5098.47,5106.61,27342527.0,23649250629.0
2023-02-16,5109.53,5146.46,5037.79,5062.8,35783706.0,30028250006.0
2023-02-17,5062.07,5109.72,5062.07,5069.23,29763445.0,25012232242.0
2023-02-20,5088.79,5182.75,5088.32,5182.75,44699469.0,39702222849.0
2023-02-21,5202.22,5250.6,5193.7,5241.19,39728321.0,37517621828.0
2023-02-22,5230.61,5259.93,5217.91,5244.3,27084828.0,26100659503.0
2023-02-23,5264.73,5286.83,5231.75,5251.4,30517242.0,30836743121.0
2023-02-24,5253.3,5254.2,5201.02,5230.06,27543737.0,25256521977.0
2023-02-27,5222.52,5256.67,5212.74,5222.78,26076468.0,24201304442.0
2023-02-28,5225.85,5249.28,5201.23,5245.94,29232759.0,26180883975.0
2023-03-01,5252.81,5282.09,5245.87,5281.48,35951484.0,31541488170.0
2023-03-02,5277.43,5319.19,5269.91,5304.99,39246106.0,33051337087.0
2023-03-03,5308.53,5333.23,5290.91,5327.93,47009780.0,34650501627.0
2023-03-06,5336.49,5342.94,5295.66,5302.98,47347268.0,38657236993.0
2023-03-07,5306.65,5360.24,5268.93,5271.29,68843404.0,49302968585.0
2023-03-08,5257.38,5268.66,5237.17,5267.15,35628230.0,27163239908.0
2023-03-09,5275.68,5289.16,5241.8,5250.3,33700129.0,25331103658.0
2023-03-10,5230.83,5230.83,5154.39,5156.62,35558960.0,28363588817.0
2023-03-13,5150.49,5219.06,5150.2,5219.06,37008364.0,30121788209.0
2023-03-14,5209.09,5229.84,5154.29,5175.87,36167695.0,29570279335.0
2023-03-15,5196.33,5248.67,5185.56,5238.44,38693631.0,28650548834.0
2023-03-16,5214.51,5239.23,5185.41,5189.85,51751016.0,35584303904.0
2023-03-17,5213.64,5265.5,5208.59,5220.77,49476172.0,36445653568.0
2023-03-20,5229.34,5263.83,5192.65,5196.13,52899702.0,37330787846.0
2023-03-21,5207.63,5222.87,5182.76,5195.35,38960140.0,27782631750.0
2023-03-22,5205.07,5244.7,5197.54,5219.88,33595979.0,25813367099.0
2023-03-23,5215.36,5224.95,5192.04,5224.2,33451150.0,26134351157.0
2023-03-24,5226.46,5226.48,5178.2,5181.61,36607382.0,28838842623.0
2023-03-27,5178.28,5178.28,5112.82,5139.55,44526388.0,36411349992.0
2023-03-28,5151.67,5161.19,5124.96,5141.4,33658311.0,28573185928.0
2023-03-29,5155.21,5158.82,5123.06,5126.52,35792171.0,28159993735.0
2023-03-30,5130.26,5161.25,5096.42,5158.66,36860505.0,31672532986.0
2023-03-31,5163.25,5196.64,5157.27,5175.89,34841760.0,28463080149.0
2023-04-03,5181.85,5209.74,5177.77,5199.37,40249705.0,32685069104.0
2023-04-04,5199.27,5227.62,5188.19,5217.98,42169837.0,31845841809.0
2023-04-06,5212.95,5212.95,5184.03,5185.44,29462004.0,22990218145.0
2023-04-07,5191.93,5217.29,5186.35,5205.39,29142518.0,26101547862.0
2023-04-10,5205.58,5215.39,5190.85,5206.9,34817841.0,27891103619.0
2023-04-11,5206.41,5241.71,5191.38,5240.32,37224924.0,32643650184.0
2023-04-12,5250.96,5295.21,5246.97,5292.26,43043454.0,33136847436.0
2023-04-13,5293.82,5311.88,5279.21,5293.25,39576689.0,31575041766.0
2023-04-14,5304.27,5311.7,5265.58,5287.03,35563916.0,29653201438.0
2023-04-17,5285.04,5359.76,5278.08,5359.76,53272220.0,44578139140.0
2023-04-18,5357.09,5383.26,5342.93,5379.56,52530205.0,43153512940.0
2023-04-19,5379.92,5397.51,5366.37,5374.94,45423184.0,37419013421.0
2023-04-20,5371.33,5391.16,5331.42,5383.53,44750915.0,36767872573.0
2023-04-21,5383.46,5417.92,5318.24,5318.82,47290983.0,38342766979.0
2023-04-24,5330.34,5355.02,5297.5,5314.87,49701069.0,39846271062.0
2023-04-25,5326.96,5357.38,5263.1,5332.14,55478301.0,41673326359.0
2023-04-26,5309.98,5372.38,5276.7,5345.38,52403348.0,39407213743.0
2023-04-27,5343.66,5378.2,5318.84,5357.91,43903986.0,38518895814.0
2023-04-28,5339.95,5417.27,5339.95,5414.95,53419784.0,46309690051.0
2023-05-04,5387.85,5528.45,5384.12,5523.84,94342166.0,75039427681.0
2023-05-05,5538.58,5579.49,5484.2,5537.91,83950195.0,64443829574.0
2023-05-08,5527.98,5670.0,5527.93,5653.01,117381448.0,88063381644.0
2023-05-09,5663.1,5715.61,5600.86,5607.72,115554075.0,84351931253.0
2023-05-10,5588.45,5600.01,5477.24,5499.45,87975986.0,60779408954.0
2023-05-11,5502.41,5533.79,5473.45,5495.85,54391967.0,40383953448.0
2023-05-12,5487.11,5534.72,5458.35,5463.14,51148318.0,39139460019.0
2023-05-15,5457.99,5461.78,5353.06,5461.78,66491883.0,47299437535.0
2023-05-16,5459.55,5479.26,5410.06,5423.52,50400673.0,37801533580.0
2023-05-17,5407.65,5432.36,5379.49,5396.71,38701435.0,30691335164.0
2023-05-18,5405.08,5464.37,5401.25,5426.51,49828010.0,36346666684.0
2023-05-19,5414.37,5414.5,5354.16,5360.59,39671527.0,30217150391.0
2023-05-22,5346.92,5384.59,5334.66,5355.01,36927357.0,29371190725.0
2023-05-23,5356.11,5364.8,5287.39,5287.39,43132810.0,30844863337.0
2023-05-24,5276.13,5276.13,5206.4,5211.99,53746409.0,37192048651.0
2023-05-25,5197.79,5216.55,5137.09,5188.24,40155556.0,29813243262.0
2023-05-26,5186.29,5243.91,5164.86,5233.14,33418122.0,26189101761.0
2023-05-29,5220.59,5295.17,5218.91,5268.17,42981936.0,33448524926.0
2023-05-30,5254.12,5273.7,5203.02,5262.09,41094272.0,32472740533.0
2023-05-31,5239.56,5252.23,5196.46,5214.21,37481896.0,32451525527.0
2023-06-01,5205.58,5241.77,5178.42,5195.67,40340380.0,31635381490.0
2023-06-02,5200.76,5229.82,5197.91,5225.23,37918698.0,32374535658.0
2023-06-05,5221.3,5259.62,5206.01,5252.58,36088633.0,27433745154.0
2023-06-06,5243.35,5291.12,5198.94,5209.35,39046495.0,31786624080.0
2023-06-07,5212.06,5259.58,5211.48,5247.88,31971810.0,25801555924.0
2023-06-08,5240.7,5302.16,5212.42,5295.2,42511168.0,32837497717.0
2023-06-09,5293.66,5307.72,5269.85,5284.15,38300176.0,31740045322.0
2023-06-12,5275.13,5277.66,5245.17,5252.32,42003799.0,33180681039.0
2023-06-13,5247.18,5268.68,5229.68,5243.4,30529249.0,24597026988.0
2023-06-14,5245.74,5267.61,5213.92,5214.89,39464008.0,29889384931.0
2023-06-15,5213.65,5219.61,5188.4,5216.58,32166809.0,27634001639.0
2023-06-16,5212.47,5228.26,5196.75,5197.77,36706485.0,30826241096.0
2023-06-19,5196.98,5197.54,5131.12,5132.54,40551679.0,30880605603.0
2023-06-20,5129.62,5131.09,5089.9,5090.26,31543016.0,24735040981.0
2023-06-21,5073.79,5095.5,5040.7,5040.7,33355334.0,24444109445.0
2023-06-26,5017.93,5017.93,4964.64,4974.28,37873899.0,27870321982.0
2023-06-27,4981.53,5072.69,4973.03,5060.82,34479187.0,26896899637.0
2023-06-28,5053.05,5084.63,5032.54,5084.63,29060643.0,23699777225.0
2023-06-29,5070.9,5084.01,5049.36,5067.45,27294090.0,21203857414.0
2023-06-30,5056.14,5091.42,5052.79,5072.55,27618942.0,21345711879.0
2023-07-03,5082.11,5131.46,5082.11,5125.96,33955605.0,26752012605.0
2023-07-04,5123.3,5123.3,5081.75,5100.77,30996928.0,24738046025.0
2023-07-05,5087.9,5103.02,5071.23,5086.77,23445269.0,19216579784.0
2023-07-06,5067.57,5085.93,5045.33,5054.04,26943236.0,20230000487.0
2023-07-07,5045.62,5090.13,5041.19,5072.59,24877609.0,19564407825.0
2023-07-10,5092.15,5103.31,5070.45,5093.41,24051176.0,20050033415.0
2023-07-11,5101.95,5108.27,5072.11,5103.35,25057702.0,20784712721.0
2023-07-12,5095.93,5102.7,5060.76,5064.72,27508971.0,23392954703.0
2023-07-13,5065.77,5120.01,5065.59,5113.9,30803104.0,24329008271.0
2023-07-14,5108.81,5133.23,5099.26,5111.72,31353650.0,23699090910.0
2023-07-17,5077.22,5077.27,5037.67,5060.94,27558391.0,20055913739.0
2023-07-18,5060.63,5072.91,5034.0,5056.12,27422043.0,19982455204.0
2023-07-19,5047.85,5077.13,5043.59,5076.31,24525804.0,18809177214.0
2023-07-20,5073.45,5088.4,5043.75,5048.75,27420203.0,21658140500.0
2023-07-21,5041.67,5061.04,5028.9,5046.85,24199274.0,18983948420.0
2023-07-24,5045.37,5068.07,5023.79,5048.47,23127706.0,17828218099.0
2023-07-25,5087.94,5133.92,5087.94,5132.84,49478348.0,42832258129.0
2023-07-26,5131.8,5149.21,5120.84,5142.0,32718049.0,27436570766.0
2023-07-27,5139.28,5194.33,5134.0,5147.45,41876807.0,32612683183.0
2023-07-28,5139.69,5246.43,5137.32,5241.8,55192435.0,45014670153.0
2023-07-31,5263.46,5315.85,5261.77,5278.66,59147807.0,49736447514.0
2023-08-01,5278.39,5305.5,5264.58,5283.46,42284558.0,34202490773.0
2023-08-02,5272.53,5281.55,5221.79,5235.29,44593891.0,32555968308.0
2023-08-03,5227.84,5267.57,5206.22,5264.09,39632267.0,30611843800.0
2023-08-04,5288.72,5310.67,5247.8,5248.91,43461435.0,34244811316.0
2023-08-07,5234.97,5234.97,5188.16,5203.11,35737581.0,28101407348.0
2023-08-08,5196.47,5214.28,5171.95,5195.85,27093294.0,21869331503.0
2023-08-09,5189.31,5191.63,5163.88,5172.88,24953255.0,19715348852.0
2023-08-10,5164.14,5196.05,5156.43,5185.83,24807220.0,20944404472.0
2023-08-11,5189.11,5194.37,5105.88,5105.88,33071407.0,25533450806.0
2023-08-14,5071.02,5111.82,5039.79,5103.19,31596560.0,24264161076.0
2023-08-15,5105.95,5143.25,5094.32,5137.04,30917865.0,21876133235.0
2023-08-16,5126.28,5164.44,5100.13,5134.51,27276079.0,21088676978.0
2023-08-17,5116.75,5141.7,5090.23,5134.98,30134637.0,22437916892.0
2023-08-18,5131.98,5182.29,5112.66,5112.66,30910801.0,22741352751.0
2023-08-21,5108.55,5129.43,5059.37,5059.37,30862037.0,23272962431.0
2023-08-22,5073.98,5107.39,5048.35,5099.76,32794727.0,24334753966.0
2023-08-23,5098.14,5137.11,5082.21,5085.62,31730259.0,24016848713.0
2023-08-24,5092.6,5110.5,5056.71,5061.56,32592608.0,24028514778.0
2023-08-25,5056.65,5108.96,5044.85,5071.87,32367079.0,24287734707.0
2023-08-28,5286.16,5288.9,5128.84,5141.93,61933775.0,50185791045.0
2023-08-29,5134.66,5164.13,5109.55,5151.08,50653419.0,38626690481.0
2023-08-30,5149.81,5164.82,5108.46,5113.63,39759093.0,31209209812.0
2023-08-31,5113.12,5136.65,5055.06,5060.9,41475883.0,32557096571.0
2023-09-01,5070.81,5129.16,5070.81,5114.92,42785418.0,36009780015.0
2023-09-04,5138.11,5206.78,5138.11,5194.16,53811938.0,44922670022.0
2023-09-05,5190.66,5190.66,5144.53,5153.77,36857436.0,30382274215.0
2023-09-06,5144.6,5164.49,5125.42,5152.7,30568512.0,25743645840.0
2023-09-07,5146.84,5167.64,5122.44,5125.61,32715011.0,25802295187.0
2023-09-08,5113.54,5115.34,5079.87,5092.1,24242165.0,18655038758.0
2023-09-11,5099.52,5140.67,5099.52,5129.38,34785920.0,27577092831.0
2023-09-12,5129.78,5137.53,5117.2,5122.77,23597794.0,19246592050.0
2023-09-13,5131.31,5164.16,5116.52,5137.0,29600461.0,23222040002.0
2023-09-14,5137.1,5189.6,5128.25,5188.45,43307264.0,33533623821.0
2023-09-15,5194.8,5222.25,5162.48,5176.43,41695887.0,32450696256.0
2023-09-18,5172.61,5187.9,5136.34,5182.17,32437982.0,25639772152.0
2023-09-19,5180.37,5222.54,5175.86,5216.85,36575141.0,28284673040.0
2023-09-20,5212.86,5237.83,5191.29,5223.79,33270506.0,24950337351.0
2023-09-21,5220.5,5236.17,5188.31,5189.76,31994556.0,23886155711.0
2023-09-22,5190.26,5214.92,5166.72,5211.97,36933139.0,27885328579.0
2023-09-25,5206.69,5232.11,5192.13,5201.56,35525612.0,26141205010.0
2023-09-26,5199.52,5206.53,5175.56,5178.05,26873218.0,19740404236.0
2023-09-27,5181.64,5191.99,5160.21,5160.21,30135564.0,22165393368.0
2023-09-28,5175.69,5184.74,5156.78,5161.13,25562189.0,19648101502.0
2023-10-09,5141.95,5153.9,5100.17,5142.71,34953363.0,26091226015.0
2023-10-10,5145.1,5157.99,5088.08,5091.63,32008112.0,23556218294.0
2023-10-11,5098.61,5105.13,5067.81,5075.79,34797353.0,25233206178.0
2023-10-12,5099.75,5131.67,5099.04,5127.17,45656198.0,29469221358.0
2023-10-13,5109.0,5129.38,5098.26,5120.71,38672658.0,25351308597.0
2023-10-16,5125.14,5136.88,5102.88,5130.52,33368050.0,24629427171.0
2023-10-17,5132.39,5143.1,5117.17,5140.49,30376131.0,22684961219.0
2023-10-18,5132.85,5135.91,5090.86,5093.11,34298682.0,24556851009.0
2023-10-19,5077.15,5077.15,5007.43,5008.19,41786057.0,28810485706.0
2023-10-20,4994.78,5015.73,4975.54,4982.37,32299024.0,23051683896.0
2023-10-23,4972.88,4980.03,4894.86,4915.65,31773723.0,22375291197.0
2023-10-24,4931.21,4962.24,4915.38,4953.04,37432129.0,25857001966.0
2023-10-25,5001.28,5019.26,4983.68,4997.21,41796254.0,30340760139.0
2023-10-26,4980.04,5027.97,4973.53,5021.2,35002677.0,25254275569.0
2023-10-27,5016.32,5061.93,5012.31,5041.47,38566397.0,28600492802.0
2023-10-30,5033.56,5043.37,4982.28,4989.67,49806798.0,34926485921.0
2023-10-31,4985.82,5009.22,4973.53,4998.89,39506920.0,29447423939.0
2023-11-01,5001.6,5002.9,4971.17,4992.94,31908247.0,23146880733.0
2023-11-02,4994.05,5025.05,4994.05,5001.2,30397849.0,21881191583.0
2023-11-03,5004.97,5019.81,4976.17,4977.79,30631822.0,22162517700.0
2023-11-06,4991.3,5001.89,4959.15,4969.89,46920157.0,35091186974.0
2023-11-07,4968.93,4980.43,4947.22,4967.49,31737553.0,24474991073.0
2023-11-08,4962.59,4980.32,4946.03,4961.33,32089013.0,25240236046.0
2023-11-09,4961.67,5005.57,4959.48,4993.89,37463996.0,29414585959.0
2023-11-10,4981.22,4989.04,4953.1,4975.8,34178642.0,26903421044.0
2023-11-13,4983.65,4993.52,4944.57,4984.7,31220698.0,24660763956.0
2023-11-14,4980.59,4990.85,4963.7,4977.84,31085209.0,23809446345.0
2023-11-15,5002.62,5006.9,4988.66,5002.09,29408846.0,23372998182.0
2023-11-16,4994.29,5009.52,4982.52,4995.86,28741875.0,22338611836.0
2023-11-17,4984.96,4990.91,4959.83,4982.95,25628646.0,19911086929.0
2023-11-20,4987.71,5004.51,4970.79,4995.52,25698852.0,19685838353.0
2023-11-21,5003.08,5049.56,5003.06,5014.03,34864281.0,27333378840.0
2023-11-22,5006.69,5034.93,4998.8,4998.8,25447938.0,19772638570.0
2023-11-23,5000.68,5042.06,4990.67,5037.95,28051750.0,22584740815.0
2023-11-24,5036.7,5057.19,5028.73,5041.07,28464297.0,23030276281.0
2023-11-27,5041.59,5041.59,5001.65,5027.75,36177212.0,28826274928.0
2023-11-28,5022.85,5030.43,4992.74,5027.38,27513911.0,21497912171.0
2023-11-29,5027.17,5030.13,4986.51,4992.13,33984609.0,26314187402.0
2023-11-30,4991.0,5011.54,4985.81,5008.61,32900521.0,25711773542.0
2023-12-01,5008.92,5027.54,5000.53,5023.62,35238246.0,26738942746.0
2023-12-04,5025.09,5038.69,5012.97,5024.14,30250420.0,23490805919.0
2023-12-05,5018.38,5018.38,4956.76,4959.32,32554945.0,24889049035.0
2023-12-06,4954.57,4971.53,4918.39,4957.19,38543161.0,26946677289.0
2023-12-07,4953.29,4978.21,4931.26,4964.69,36299883.0,26134355728.0
2023-12-08,4957.74,4986.25,4939.76,4963.75,49886015.0,34852204909.0
2023-12-11,4952.22,5044.1,4900.35,5039.7,51159199.0,38065304372.0
2023-12-12,5035.36,5078.79,5009.86,5078.07,40944719.0,31030749152.0
2023-12-13,5066.85,5074.55,5034.32,5036.12,31780497.0,24610030437.0
2023-12-14,5045.72,5059.34,5028.44,5031.52,26003386.0,20846557799.0
2023-12-15,5039.41,5049.53,4996.53,5001.82,32017712.0,24693241103.0
2023-12-18,4988.55,5027.04,4974.54,4990.64,31116110.0,22432793118.0
2023-12-19,4995.11,4995.11,4957.65,4981.94,25185444.0,18864616153.0
2023-12-20,4985.07,5010.17,4959.65,4959.65,30676057.0,26037791677.0
2023-12-21,4948.13,4956.79,4909.4,4954.71,34804247.0,27877318398.0
2023-12-22,4955.64,4978.21,4932.39,4943.32,34933227.0,28352826223.0
2023-12-25,4936.54,4955.06,4911.64,4951.06,23997207.0,19569445619.0
2023-12-26,4956.42,4981.5,4917.78,4921.87,27276983.0,23818034917.0
2023-12-27,4924.19,4953.64,4902.98,4950.14,30005831.0,23185752173.0
2023-12-28,4950.95,4960.82,4924.75,4943.8,46516505.0,35745967674.0
2023-12-29,4935.53,4975.88,4933.98,4969.67,33036897.0,26179154193.0
2024-01-02,4970.26,5042.22,4968.39,5020.99,41503727.0,33939023612.0
2024-01-03,5014.11,5074.75,5012.41,5074.18,40495456.0,31735446240.0
2024-01-04,5074.3,5100.02,5056.46,5096.16,41077774.0,32707800308.0
2024-01-05,5092.56,5166.35,5077.34,5099.25,52005595.0,40531404665.0
2024-01-08,5092.0,5092.25,5044.18,5046.02,41645526.0,32427755078.0
2024-01-09,5040.91,5084.88,5014.88,5074.4,36745599.0,28808910025.0
2024-01-10,5064.13,5077.61,5046.52,5046.52,30884135.0,24859338006.0
2024-01-11,5041.29,5049.28,5013.52,5020.58,39232073.0,29617919798.0
2024-01-12,5013.64,5059.63,5012.37,5032.42,30488206.0,23510205267.0
2024-01-15,5018.19,5064.09,5013.84,5057.51,31802311.0,25384118198.0
2024-01-16,5052.33,5081.67,5027.25,5075.15,38171962.0,28593066615.0
2024-01-17,5066.04,5085.83,5004.11,5004.11,40482337.0,30485949902.0
2024-01-18,4991.42,4991.42,4842.98,4971.3,64091606.0,45341722971.0
2024-01-19,4958.94,4978.69,4926.21,4942.08,41375514.0,31160889739.0
2024-01-22,4931.33,4931.33,4751.07,4778.68,54452149.0,39668495507.0
2024-01-23,4770.17,4855.11,4734.1,4835.93,42284715.0,31223087153.0
2024-01-24,4846.86,4945.52,4817.69,4943.46,49091179.0,36046875592.0
2024-01-25,4955.65,5085.89,4950.77,5085.89,59802788.0,45349066315.0
2024-01-26,5084.07,5168.47,5081.15,5152.4,63435655.0,47761774621.0
2024-01-29,5168.29,5213.48,5158.82,5166.21,65585196.0,50776320705.0
2024-01-30,5146.93,5187.54,5094.82,5098.27,49853195.0,38908509104.0
2024-01-31,5074.56,5138.25,5053.81,5079.34,52382726.0,42509220123.0
2024-02-01,5053.61,5081.76,5009.15,5028.79,48665871.0,37777994298.0
2024-02-02,5029.89,5108.76,4923.52,5024.8,62335731.0,47543789482.0
2024-02-05,5008.15,5078.89,4907.32,5020.68,78256557.0,58801630981.0
2024-02-06,4985.04,5167.78,4970.23,5139.15,75025225.0,58149843103.0
2024-02-07,5135.06,5240.32,5094.57,5240.32,88554580.0,67434600047.0
2024-02-08,5228.11,5295.36,5209.61,5244.22,73389606.0,56138257360.0
2024-02-19,5267.6,5349.72,5212.54,5348.88,69691984.0,55378746645.0
2024-02-20,5333.91,5414.86,5313.0,5410.19,49307510.0,41885787439.0
2024-02-21,5386.17,5487.65,5371.13,5411.45,62152497.0,52597383897.0
2024-02-22,5398.78,5490.4,5396.32,5490.4,45875972.0,41662335580.0
2024-02-23,5489.99,5513.88,5440.47,5470.98,50936326.0,43208227039.0
2024-02-26,5461.05,5465.6,5354.39,5374.68,54178321.0,46698995760.0
2024-02-27,5358.52,5408.3,5345.35,5402.89,42001293.0,35701398728.0
2024-02-28,5394.92,5430.77,5350.74,5352.36,53757445.0,46725278099.0
2024-02-29,5331.08,5414.02,5329.02,5414.02,44078503.0,38399887328.0
2024-03-01,5405.85,5433.16,5391.46,5414.24,42609086.0,37397338899.0
2024-03-04,5404.95,5441.91,5384.41,5439.76,48342034.0,43543477867.0
2024-03-05,5427.8,5479.85,5417.88,5469.15,50455131.0,43532400065.0
2024-03-06,5464.34,5504.22,5459.96,5467.62,42905033.0,37619345422.0
2024-03-07,5467.28,5537.5,5467.25,5493.8,41488854.0,36495715404.0
2024-03-08,5490.31,5526.68,5468.3,5524.19,38042236.0,33548334398.0
2024-03-11,5518.78,5529.36,5435.71,5482.49,46985761.0,42602676246.0
2024-03-12,5468.7,5469.36,5365.32,5379.18,62537384.0,57415930186.0
2024-03-13,5365.54,5375.23,5314.96,5356.53,44509118.0,41624379281.0
2024-03-14,5345.58,5386.98,5345.06,5370.83,39493647.0,35613109479.0
2024-03-15,5365.46,5375.09,5324.41,5370.6,42990761.0,38649637185.0
2024-03-18,5361.52,5366.09,5324.76,5357.79,40803821.0,37297075547.0
2024-03-19,5352.43,5378.46,5333.3,5338.32,38993388.0,35286515769.0
2024-03-20,5328.53,5368.24,5309.22,5359.21,36595197.0,33576590540.0
2024-03-21,5358.66,5379.61,5337.47,5365.83,34343084.0,30316152315.0
2024-03-22,5359.74,5377.46,5312.37,5347.74,38437407.0,33573778870.0
2024-03-25,5328.46,5418.12,5323.56,5352.36,42683514.0,38086987569.0
2024-03-26,5355.05,5367.02,5306.44,5348.76,40994237.0,36110527633.0
2024-03-27,5345.57,5381.5,5330.7,5330.7,40478016.0,34280913610.0
2024-03-28,5321.68,5357.39,5288.56,5325.65,49382024.0,38101362230.0
2024-03-29,5317.68,5381.64,5314.95,5380.73,44114502.0,36605051483.0
2024-04-01,5369.7,5399.02,5360.93,5396.83,46833091.0,42366311517.0
2024-04-02,5391.08,5434.52,5388.95,5416.89,49385123.0,43089014400.0
2024-04-03,5413.37,5471.97,5411.4,5470.48,43919262.0,40524574398.0
2024-04-08,5455.34,5516.77,5432.73,5461.65,50688172.0,45415125735.0
2024-04-09,5457.12,5480.1,5419.42,5441.75,42608121.0,36795296973.0
2024-04-10,5436.46,5486.45,5429.5,5454.41,44554378.0,40351173878.0
2024-04-11,5431.99,5530.82,5422.69,5502.44,41219992.0,36846737894.0
2024-04-12,5492.42,5519.75,5469.29,5483.85,40023283.0,34370188588.0
2024-04-15,5486.15,5591.44,5457.32,5585.26,58516230.0,50029058103.0
2024-04-16,5578.32,5641.28,5536.78,5566.74,62092531.0,53573973126.0
2024-04-17,5555.88,5669.06,5536.0,5669.06,59092737.0,48635748900.0
2024-04-18,5663.77,5742.68,5660.48,5693.42,63276899.0,54232652065.0
2024-04-19,5659.11,5748.31,5655.55,5710.27,50089295.0,43782356816.0
2024-04-22,5708.57,5741.44,5592.54,5594.4,53287877.0,46939996879.0
2024-04-23,5564.36,5567.27,5490.9,5501.33,49196872.0,41071047720.0
2024-04-24,5500.42,5509.68,5451.12,5509.22,38784610.0,33939900753.0
2024-04-25,5501.3,5539.19,5493.69,5536.79,37438048.0,32143774413.0
2024-04-26,5523.12,5554.14,5459.58,5502.14,68592401.0,56326937445.0
2024-04-29,5470.38,5503.77,5427.32,5495.31,75759487.0,65462673120.0
2024-04-30,5482.78,5536.11,5469.79,5499.66,64522771.0,56543811635.0
2024-05-06,5532.23,5557.5,5494.59,5554.32,72242175.0,63056094103.0
2024-05-07,5548.57,5562.74,5528.61,5556.5,55207335.0,46308536338.0
2024-05-08,5550.16,5588.34,5544.96,5563.15,47019318.0,41621735909.0
2024-05-09,5562.46,5613.91,5560.64,5602.73,45940438.0,38701997957.0
2024-05-10,5602.78,5632.77,5576.65,5628.3,50174279.0,43698691695.0
2024-05-13,5610.63,5653.77,5569.58,5644.16,48478547.0,42518217266.0
2024-05-14,5638.88,5644.03,5597.38,5627.96,44098166.0,39350641291.0
2024-05-15,5616.8,5658.91,5595.88,5621.33,39848514.0,35168264958.0
2024-05-16,5623.45,5660.02,5617.43,5633.55,55943982.0,47069767065.0
2024-05-17,5633.35,5691.02,5609.63,5689.08,63058047.0,53826478835.0
2024-05-20,5690.53,5759.63,5688.52,5742.41,66920433.0,61117265335.0
2024-05-21,5728.54,5770.85,5720.48,5757.02,46354697.0,42128586465.0
2024-05-22,5756.77,5806.63,5752.84,5754.62,53402834.0,47866151464.0
2024-05-23,5732.51,5733.81,5662.36,5675.44,47708334.0,41724732386.0
2024-05-24,5654.69,5721.75,5647.62,5650.87,41480839.0,36684800523.0
2024-05-27,5658.28,5735.26,5658.28,5732.45,44544182.0,40975513193.0
2024-05-28,5731.14,5747.36,5697.44,5705.08,39187332.0,35255183297.0
2024-05-29,5694.27,5755.99,5687.0,5716.21,37767439.0,33341731086.0
2024-05-30,5701.21,5743.79,5651.97,5664.77,41841588.0,36089732610.0
2024-05-31,5674.24,5709.33,5669.49,5669.49,37552694.0,33525153626.0
2024-06-03,5663.65,5674.44,5600.95,5634.79,47728172.0,41478118125.0
2024-06-04,5622.58,5671.96,5598.79,5663.53,40702397.0,37759592958.0
2024-06-05,5662.03,5668.92,5589.75,5591.39,37141870.0,33016490418.0
2024-06-06,5582.96,5636.87,5579.88,5596.1,43186974.0,39088403266.0
2024-06-07,5600.14,5633.33,5589.24,5629.32,43350033.0,35822535276.0
2024-06-11,5621.51,5626.58,5517.05,5535.75,47705269.0,39559084873.0
2024-06-12,5525.44,5605.32,5511.44,5597.65,43638725.0,37051043320.0
2024-06-13,5584.51,5591.27,5513.05,5528.94,39129509.0,33168988439.0
2024-06-14,5504.89,5527.73,5485.86,5514.71,57192316.0,50661912132.0
2024-06-17,5500.09,5522.88,5436.08,5442.69,46945791.0,39358863806.0
2024-06-18,5440.73,5469.47,5412.46,5460.87,34957838.0,29133182924.0
2024-06-19,5452.96,5469.59,5431.51,5438.2,33938007.0,28147233855.0
2024-06-20,5430.88,5450.66,5407.01,5421.53,33695459.0,29465570759.0
2024-06-21,5408.85,5442.96,5397.58,5417.8,35188059.0,29917648647.0
2024-06-24,5400.87,5401.38,5322.85,5347.62,39129798.0,33175711970.0
2024-06-25,5342.56,5389.79,5340.14,5360.9,38294062.0,31327838256.0
2024-06-26,5340.99,5372.08,5313.3,5368.96,33556708.0,27524607484.0
2024-06-27,5354.17,5371.8,5321.77,5334.25,40649668.0,32735896211.0
2024-06-28,5319.22,5382.53,5317.32,5354.83,40908680.0,33481574261.0
2024-07-01,5353.73,5475.2,5353.53,5471.46,42458692.0,35638834221.0
2024-07-02,5472.69,5487.84,5427.74,5464.48,44058089.0,35899738656.0
2024-07-03,5456.37,5471.71,5411.16,5419.51,37325720.0,30698181898.0
2024-07-04,5418.98,5441.66,5376.55,5384.29,35388206.0,29719450198.0
2024-07-05,5382.52,5394.28,5328.6,5365.13,42145355.0,35617459046.0
2024-07-08,5347.29,5365.56,5316.98,5326.18,39481988.0,33722350907.0
2024-07-09,5318.05,5390.02,5287.44,5382.26,39555870.0,33229468030.0
2024-07-10,5351.59,5355.92,5268.38,5273.2,39927954.0,35350830527.0
2024-07-11,5292.23,5298.63,5253.76,5283.23,41869127.0,35100482253.0
2024-07-12,5260.86,5289.32,5244.61,5254.14,43928015.0,35940769176.0
2024-07-15,5246.79,5311.07,5228.08,5300.04,39668528.0,33141621971.0
2024-07-16,5283.6,5289.18,5242.52,5263.49,39475144.0,31048464864.0
2024-07-17,5251.2,5261.41,5214.21,5227.97,39978184.0,33763956009.0
2024-07-18,5211.35,5239.71,5174.35,5235.43,35918694.0,31081053388.0
2024-07-19,5222.65,5222.65,5174.21,5199.05,41414171.0,34054733748.0
2024-07-22,5190.68,5190.68,5107.35,5151.02,43309554.0,35976500054.0
2024-07-23,5144.75,5147.06,5087.1,5087.1,44330018.0,34432471502.0
2024-07-24,5078.61,5100.35,5051.63,5075.72,44215306.0,34240754990.0
2024-07-25,5064.74,5073.67,5023.73,5063.54,47047156.0,35577671005.0
2024-07-26,5057.37,5080.82,5027.99,5062.35,43542224.0,35569416884.0
2024-07-29,5059.3,5071.94,5032.67,5067.15,37915229.0,28938802535.0
2024-07-30,5057.39,5057.39,5013.33,5035.22,35735447.0,28251541795.0
2024-07-31,5037.0,5119.08,5028.77,5114.86,51639976.0,40235503675.0
2024-08-01,5116.56,5133.82,5105.27,5105.84,45026092.0,35270246816.0
2024-08-02,5085.11,5118.38,5067.43,5092.8,33592636.0,26600455205.0
2024-08-05,5073.63,5111.47,5026.32,5034.11,44325978.0,35293555673.0
2024-08-06,5053.72,5075.07,4982.11,5018.31,39506095.0,32008052427.0
2024-08-07,5011.8,5057.81,4998.74,5031.85,32613501.0,26285632852.0
2024-08-08,5032.43,5066.17,5019.33,5055.42,28240091.0,22639088510.0
2024-08-09,5059.33,5073.74,5034.24,5034.24,32763123.0,25976267955.0
2024-08-12,5036.65,5078.66,5022.91,5062.34,30291539.0,23566278826.0
2024-08-13,5069.49,5076.36,5035.07,5070.04,31001682.0,23528991746.0
2024-08-14,5062.12,5071.26,5046.02,5047.33,26866463.0,21394645172.0
2024-08-15,5045.21,5110.64,5035.96,5092.54,34912467.0,27975106126.0
2024-08-16,5092.32,5109.96,5080.46,5092.86,35352164.0,27008739987.0
2024-08-19,5090.88,5141.35,5090.07,5135.8,39315962.0,29695800270.0
2024-08-20,5141.08,5141.82,5054.54,5076.74,40895999.0,31324726712.0
2024-08-21,5065.56,5066.83,5009.61,5036.84,35710854.0,27569219528.0
2024-08-22,5035.06,5054.42,5021.44,5028.88,37282301.0,29064645694.0
2024-08-23,5020.79,5048.08,5005.55,5034.11,33470241.0,27723704091.0
2024-08-26,5034.36,5040.47,4994.67,5028.44,32847004.0,26580521661.0
2024-08-27,5020.74,5031.99,5009.55,5027.49,36593117.0,28836025491.0
2024-08-28,5013.05,5031.33,4987.01,5001.42,34802073.0,27667609367.0
2024-08-29,4997.09,4997.86,4926.4,4928.91,52297028.0,37807825115.0
2024-08-30,4929.69,4998.95,4903.69,4946.1,76435940.0,56986887593.0
2024-09-02,4932.5,4992.69,4907.98,4964.3,59477393.0,44197726231.0
2024-09-03,4960.15,4975.57,4904.38,4928.78,54145112.0,38618291077.0
2024-09-04,4906.36,4944.25,4890.73,4922.38,41132171.0,30137270131.0
2024-09-05,4921.99,4938.61,4902.32,4922.91,37340862.0,28180520545.0
2024-09-06,4916.23,4940.62,4872.73,4875.41,31362960.0,24242767645.0
2024-09-09,4863.13,4863.13,4778.41,4793.09,41842830.0,31712666260.0
2024-09-10,4793.39,4809.18,4747.9,4797.09,39133645.0,28317502176.0
2024-09-11,4779.31,4779.31,4686.92,4703.98,43243000.0,32669440230.0
2024-09-12,4701.72,4739.6,4693.7,4717.86,35975840.0,26413501815.0
2024-09-13,4720.21,4749.09,4696.57,4696.57,32493507.0,24028020573.0
2024-09-18,4696.73,4758.86,4685.38,4750.47,32727233.0,24810426496.0
2024-09-19,4759.45,4788.28,4711.4,4765.35,41843374.0,31511670353.0
2024-09-20,4757.66,4772.63,4734.14,4759.79,40511443.0,30652981070.0
2024-09-23,4756.91,4824.01,4751.78,4810.41,34306549.0,25692278470.0
2024-09-24,4840.81,5025.98,4840.81,5025.98,71656278.0,55104335886.0
2024-09-25,5093.42,5200.06,5087.28,5093.98,84366401.0,65726415788.0
2024-09-26,5091.33,5279.07,5079.74,5279.07,86389828.0,67990005345.0
2024-09-27,5355.48,5395.07,5262.64,5355.89,84282994.0,69221937838.0
2024-09-30,5511.04,5750.11,5431.27,5699.29,177455508.0,153885633743.0
2024-10-08,6209.67,6209.67,5608.36,5753.63,204727312.0,187481656830.0
2024-10-09,5655.65,5655.65,5313.82,5313.82,133676798.0,114912251536.0
2024-10-10,5329.07,5593.9,5329.07,5478.74,124862344.0,108190993883.0
2024-10-11,5482.62,5517.21,5337.9,5382.62,81521628.0,69205514886.0
2024-10-14,5432.03,5564.0,5419.01,5524.01,98622207.0,82594222043.0
2024-10-15,5498.36,5522.46,5400.97,5400.97,72116441.0,60638251614.0
2024-10-16,5375.3,5515.77,5372.98,5474.85,77481415.0,66751169126.0
2024-10-17,5489.6,5520.19,5383.42,5383.42,66817570.0,57489528514.0
2024-10-18,5371.36,5498.5,5317.54,5430.08,79883902.0,67473012192.0
2024-10-21,5442.23,5442.44,5364.26,5394.99,74936199.0,63469154537.0
2024-10-22,5390.65,5442.62,5377.11,5429.92,54201267.0,47042650798.0
2024-10-23,5429.93,5457.35,5417.06,5439.08,53353822.0,46619333676.0
2024-10-24,5427.73,5437.99,5392.34,5411.05,43071854.0,36813797448.0
2024-10-25,5406.76,5432.04,5396.97,5416.04,49073354.0,42699069653.0
2024-10-28,5418.14,5469.86,5401.86,5469.86,68473622.0,55887883756.0
2024-10-29,5468.1,5475.53,5378.54,5386.33,63804489.0,53718131585.0
2024-10-30,5368.33,5399.96,5307.43,5339.59,54565995.0,47056579229.0
2024-10-31,5328.24,5340.16,5268.63,5319.41,67528000.0,60269297735.0
2024-11-01,5318.96,5398.57,5310.07,5360.42,71621401.0,61915564323.0
2024-11-04,5379.42,5406.55,5323.58,5406.55,53181829.0,45147281426.0
2024-11-05,5408.58,5475.9,5391.5,5475.9,63257038.0,56856647712.0
2024-11-06,5479.58,5486.25,5430.66,5455.84,69058815.0,63799389565.0
2024-11-07,5429.79,5564.85,5423.87,5564.85,81637354.0,73809010993.0
2024-11-08,5580.83,5597.08,5467.44,5489.28,79007512.0,72089434139.0
2024-11-11,5460.52,5463.71,5390.21,5449.77,70287714.0,61565572518.0
2024-11-12,5449.95,5497.76,5397.52,5421.26,67373676.0,62046909848.0
2024-11-13,5407.44,5454.81,5404.26,5443.07,59770473.0,52841426142.0
2024-11-14,5440.64,5449.1,5369.55,5372.8,59917628.0,50249199788.0
2024-11-15,5359.15,5415.89,5356.62,5356.62,58680284.0,48263304608.0
2024-11-18,5399.67,5523.46,5399.67,5445.0,103868966.0,80085141342.0
2024-11-19,5436.73,5465.94,5380.26,5449.51,75684496.0,57145433629.0
2024-11-20,5432.39,5466.57,5419.17,5465.77,53738724.0,43441130232.0
2024-11-21,5455.27,5478.1,5435.68,5461.15,43933536.0,37405833569.0
2024-11-22,5456.45,5476.15,5312.33,5312.33,56015278.0,48182723490.0
2024-11-25,5321.45,5366.14,5288.35,5320.61,50032795.0,42365977146.0
2024-11-26,5310.32,5346.02,5301.2,5322.63,45648860.0,37111244322.0
2024-11-27,5310.91,5380.43,5259.88,5380.43,47748060.0,40213795555.0
2024-11-28,5373.7,5390.12,5349.4,5358.43,41278800.0,34630977326.0
2024-11-29,5358.8,5420.51,5358.8,5392.24,53069081.0,44237875970.0
2024-12-02,5405.74,5429.27,5376.55,5420.61,61935884.0,52048045728.0
2024-12-03,5414.58,5475.91,5393.64,5475.91,64885113.0,54073271631.0
2024-12-04,5456.55,5506.85,5432.13,5483.94,62787128.0,54329093304.0
2024-12-05,5473.23,5485.92,5460.35,5474.81,45666921.0,38265831773.0
2024-12-06,5477.78,5558.94,5477.78,5549.69,59886700.0,49951467511.0
2024-12-09,5547.42,5590.48,5529.57,5558.78,58690446.0,48541357251.0
2024-12-10,5656.47,5670.74,5551.77,5559.89,75936648.0,67150053753.0
2024-12-11,5545.68,5601.09,5545.47,5587.8,61555364.0,51445718771.0
2024-12-12,5587.01,5612.87,5567.8,5609.68,59960046.0,49673316516.0
2024-12-13,5592.25,5592.25,5506.86,5511.56,83189390.0,70148161714.0
2024-12-16,5508.82,5593.09,5508.82,5557.69,68600998.0,60362094924.0
2024-12-17,5554.2,5592.38,5527.16,5537.64,59992562.0,52815466741.0
2024-12-18,5552.56,5611.78,5552.56,5571.98,62184724.0,52744040664.0
2024-12-19,5538.68,5554.86,5487.8,5518.37,52170517.0,43995008758.0
2024-12-20,5509.26,5523.64,5469.83,5472.42,52621061.0,44987375688.0
2024-12-23,5470.77,5526.65,5469.03,5475.13,66620453.0,56433035477.0
2024-12-24,5473.59,5539.37,5472.47,5537.93,53691738.0,47966173230.0
2024-12-25,5537.26,5564.05,5519.23,5559.46,56969443.0,48360061121.0
2024-12-26,5555.04,5556.56,5523.01,5533.8,45527643.0,39221739847.0
2024-12-27,5527.63,5549.21,5490.62,5545.56,51540162.0,44973921448.0
2024-12-30,5541.13,5616.41,5540.94,5612.29,57828893.0,51359428214.0
2024-12-31,5612.98,5652.11,5580.62,5581.5,62230774.0,56703209734.0
2025-01-02,5586.23,5614.65,5441.94,5470.19,73508392.0,67313115740.0
2025-01-03,5482.19,5516.0,5415.36,5424.41,60218440.0,53091512180.0
2025-01-06,5420.67,5460.85,5386.96,5444.26,56755761.0,49048946563.0
2025-01-07,5432.47,5452.2,5381.53,5428.63,47120455.0,40717149178.0
2025-01-08,5412.38,5437.46,5349.41,5416.3,54725871.0,48116345718.0
2025-01-09,5395.02,5395.21,5334.84,5336.23,44025738.0,38823644584.0
2025-01-10,5332.45,5351.61,5255.72,5255.72,42375806.0,36888243691.0
2025-01-13,5234.35,5263.68,5192.13,5214.98,44401539.0,37187874754.0
2025-01-14,5223.22,5316.56,5213.9,5310.86,47207948.0,40336827604.0
2025-01-15,5301.61,5358.79,5298.09,5312.62,45564155.0,38824609678.0
2025-01-16,5331.77,5383.74,5330.58,5355.67,42752958.0,37339230653.0
2025-01-17,5345.62,5359.51,5311.02,5340.43,39676890.0,33667698979.0
2025-01-20,5349.23,5362.12,5320.33,5328.87,42473973.0,37562309121.0
2025-01-21,5344.49,5346.75,5286.15,5295.87,38665648.0,32334160415.0
2025-01-22,5282.15,5282.15,5224.54,5242.84,42622497.0,35405735100.0
2025-01-23,5269.85,5325.48,5269.85,5296.17,58097967.0,47846323380.0
2025-01-24,5285.62,5348.95,5274.08,5330.38,46679522.0,39136020482.0
2025-01-27,5338.54,5416.65,5338.54,5397.84,49702043.0,40738810610.0
2025-02-05,5411.33,5411.33,5277.88,5291.46,47454149.0,40124330798.0
2025-02-06,5285.69,5300.52,5257.99,5295.8,40240880.0,34001784611.0
2025-02-07,5289.07,5347.8,5270.01,5331.43,52754276.0,45312181911.0
2025-02-10,5329.36,5340.07,5314.33,5325.35,44321237.0,37732114582.0
2025-02-11,5331.68,5347.01,5324.37,5345.53,48364972.0,39972142948.0
2025-02-12,5339.09,5350.18,5313.67,5346.74,43428806.0,36901621483.0
2025-02-13,5343.47,5372.03,5341.58,5348.71,47472146.0,40080675460.0
2025-02-14,5347.74,5362.32,5327.12,5359.12,45274858.0,38905894904.0
2025-02-17,5355.86,5357.24,5313.38,5336.57,49327009.0,43849473696.0
2025-02-18,5329.47,5361.68,5303.8,5318.64,57265915.0,48078955067.0
2025-02-19,5312.28,5314.59,5289.17,5303.7,49066554.0,43037506013.0
2025-02-20,5298.3,5298.56,5277.28,5291.03,38911833.0,34699044585.0
2025-02-21,5296.69,5297.48,5247.96,5257.0,56629595.0,49962504060.0
2025-02-24,5248.8,5274.33,5233.53,5261.45,55739619.0,50133357842.0
2025-02-25,5246.69,5262.01,5217.96,5226.62,48553845.0,44267676710.0
2025-02-26,5228.47,5292.44,5228.47,5292.16,53736427.0,44146826705.0
2025-02-27,5307.49,5350.67,5297.36,5350.67,57871499.0,50365849884.0
2025-02-28,5354.35,5367.97,5309.58,5311.65,56281918.0,50517380220.0
2025-03-03,5316.5,5336.24,5294.12,5305.07,51090445.0,43061468921.0
2025-03-04,5291.78,5318.27,5278.46,5305.59,42922650.0,38821399582.0
2025-03-05,5307.3,5331.86,5290.8,5330.74,53950347.0,45734789297.0
2025-03-06,5340.79,5341.54,5306.47,5329.47,52388088.0,46537743909.0
2025-03-07,5322.27,5353.91,5319.35,5336.69,46197589.0,41663973959.0
2025-03-10,5339.59,5355.37,5327.61,5352.34,45344196.0,40387394488.0
2025-03-11,5325.11,5386.43,5322.3,5386.43,41345048.0,39571495266.0
2025-03-12,5390.5,5390.53,5363.29,5364.77,40244199.0,37391504857.0
2025-03-13,5364.0,5404.69,5362.53,5402.28,49620201.0,47747017544.0
2025-03-14,5401.7,5447.93,5399.81,5443.38,63240821.0,59859556140.0
2025-03-17,5452.34,5474.33,5440.86,5463.47,47778239.0,44272899491.0
2025-03-18,5470.36,5471.89,5436.19,5454.1,35803548.0,35223881421.0
2025-03-19,5449.72,5467.7,5431.45,5462.32,39800379.0,36634076512.0
2025-03-20,5461.67,5477.08,5441.68,5447.28,39744938.0,39791813432.0
2025-03-21,5440.14,5476.55,5402.68,5424.09,48709878.0,46001306909.0
2025-03-24,5432.05,5458.13,5415.7,5454.45,49395142.0,45876713512.0
2025-03-25,5452.26,5489.93,5450.6,5489.03,44322096.0,40491128524.0
2025-03-26,5482.25,5490.12,5461.46,5481.38,40574235.0,36446118859.0
2025-03-27,5476.75,5491.46,5460.88,5476.23,36985458.0,32836197666.0
2025-03-28,5472.59,5474.57,5425.91,5436.47,40990661.0,33891077956.0
2025-03-31,5425.45,5457.72,5395.17,5407.99,58349164.0,47056340121.0
2025-04-01,5418.23,5463.65,5413.49,5460.51,49349991.0,40187566975.0
2025-04-02,5454.15,5493.05,5454.15,5480.34,41002929.0,33804071289.0
2025-04-03,5443.9,5496.14,5443.82,5487.75,41907238.0,36427946040.0
2025-04-07,5297.87,5334.66,5040.64,5121.63,105395592.0,89772009861.0
2025-04-08,5131.3,5253.11,5131.3,5252.5,85288461.0,73797841262.0
2025-04-09,5217.4,5271.08,5137.42,5268.15,70711826.0,60771913725.0
2025-04-10,5308.44,5338.54,5272.83,5317.96,56878336.0,50335717261.0
2025-04-11,5306.8,5317.18,5280.54,5294.01,44284049.0,37520612112.0
2025-04-14,5310.29,5344.53,5300.55,5341.43,47391529.0,41833561982.0
2025-04-15,5341.25,5369.22,5327.02,5367.05,46649089.0,39400480650.0
2025-04-16,5360.45,5391.45,5338.6,5391.45,52072272.0,43810835845.0
2025-04-17,5371.05,5389.1,5354.3,5380.3,37199309.0,31387245341.0
2025-04-18,5372.39,5389.39,5361.88,5382.34,34107513.0,29394986828.0
2025-04-21,5375.56,5412.84,5368.96,5375.04,40195583.0,33214820558.0
2025-04-22,5372.14,5409.68,5372.14,5395.88,39158059.0,32068964076.0
2025-04-23,5403.89,5408.85,5371.85,5371.85,35022878.0,29877150204.0
2025-04-24,5376.31,5414.75,5375.12,5400.71,37905034.0,32412767652.0
2025-04-25,5396.33,5408.7,5382.83,5392.28,38297897.0,32506501552.0
2025-04-28,5389.67,5403.64,5372.57,5391.38,44272068.0,40773491725.0
2025-04-29,5372.04,5400.12,5364.17,5377.23,38258487.0,33417687761.0
2025-04-30,5369.71,5370.99,5339.46,5341.77,59150888.0,48553220144.0
2025-05-06,5360.24,5361.24,5325.2,5355.26,49990885.0,42640206442.0
2025-05-07,5393.01,5402.97,5370.38,5391.5,50595871.0,42500914472.0
2025-05-08,5375.7,5400.5,5363.08,5394.13,40768057.0,36568847205.0
2025-05-09,5402.72,5428.67,5400.65,5421.84,41268042.0,36630184363.0
2025-05-12,5433.39,5443.36,5414.5,5440.61,42391340.0,39623527021.0
2025-05-13,5464.67,5479.91,5442.4,5478.64,47611913.0,43001140945.0
2025-05-14,5476.6,5510.84,5454.02,5509.56,50125567.0,51680252731.0
2025-05-15,5503.32,5520.37,5486.81,5486.94,42170045.0,40444194389.0
2025-05-16,5479.86,5488.04,5434.6,5456.46,41914510.0,37633938895.0
2025-05-19,5457.65,5479.24,5453.47,5470.96,35137676.0,31671853336.0
2025-05-20,5478.41,5498.55,5469.7,5486.86,32629251.0,31487487740.0
2025-05-21,5489.07,5538.42,5489.07,5528.8,36668658.0,34710566021.0
2025-05-22,5523.48,5529.46,5506.38,5519.05,36162301.0,32052051604.0
2025-05-23,5518.15,5542.17,5464.77,5464.77,39601955.0,35794091534.0
2025-05-26,5456.59,5466.35,5419.84,5427.86,37514243.0,33489358162.0
2025-05-27,5432.19,5439.7,5396.09,5413.75,35274705.0,30422977782.0
2025-05-28,5412.39,5436.36,5400.25,5431.02,33334317.0,29739732220.0
2025-05-29,5430.09,5448.09,5418.84,5440.66,35017850.0,31809581070.0
2025-05-30,5437.27,5459.03,5432.68,5445.8,43210888.0,37370070410.0
2025-06-03,5440.69,5475.47,5416.56,5465.69,54155592.0,49947982564.0
2025-06-04,5462.15,5482.41,5450.46,5480.87,38684152.0,35462229049.0
2025-06-05,5479.89,5491.75,5439.58,5449.49,38893471.0,34999656303.0
2025-06-06,5456.06,5471.69,5444.27,5448.3,35889513.0,31717537024.0
2025-06-09,5447.83,5462.01,5427.86,5458.88,42554251.0,36429243432.0
2025-06-10,5456.16,5483.77,5426.78,5454.57,50272913.0,43303886843.0
2025-06-11,5451.52,5479.5,5451.36,5471.48,40951306.0,37176180659.0
2025-06-12,5468.06,5476.3,5453.23,5471.6,41204345.0,38106286858.0
2025-06-13,5451.66,5454.89,5409.63,5416.31,64661953.0,57012789902.0
2025-06-16,5413.01,5430.39,5402.2,5428.6,51005729.0,43341696724.0
2025-06-17,5426.06,5433.51,5413.74,5426.02,40066364.0,35760942770.0
2025-06-18,5422.29,5424.51,5388.75,5419.95,44575140.0,37804254062.0
2025-06-19,5412.14,5414.41,5368.79,5384.74,43960261.0,37892303192.0
2025-06-20,5374.7,5403.91,5371.51,5393.71,45427126.0,41537451769.0
2025-06-23,5383.47,5418.68,5353.68,5407.43,53233098.0,47604981408.0
2025-06-24,5398.29,5430.49,5390.78,5424.75,56718233.0,53144949636.0
2025-06-25,5413.74,5447.37,5390.41,5443.2,52533295.0,49369695012.0
2025-06-26,5436.33,5454.83,5423.32,5444.7,47259621.0,42671581589.0
2025-06-27,5452.6,5474.83,5406.55,5416.2,69881829.0,60928729439.0
2025-06-30,5405.71,5417.13,5389.51,5410.26,46094512.0,41972512239.0
2025-07-01,5414.69,5456.44,5409.4,5454.33,43518836.0,38792767182.0
2025-07-02,5456.75,5495.34,5455.6,5493.47,48537506.0,43969040021.0
2025-07-03,5490.42,5499.99,5467.67,5493.13,43135023.0,37701660955.0
2025-07-04,5490.99,5544.49,5489.98,5520.94,53084585.0,47048881674.0
2025-07-07,5518.13,5545.79,5500.7,5545.08,41118392.0,36510545466.0
2025-07-08,5543.26,5555.62,5518.43,5542.35,42040451.0,37892590922.0
2025-07-09,5551.63,5576.56,5551.63,5560.32,47958141.0,43396779374.0
2025-07-10,5552.51,5611.96,5552.51,5594.92,65834454.0,57974331063.0
2025-07-11,5594.67,5613.2,5553.97,5553.97,82582344.0,74580686252.0
2025-07-14,5553.57,5602.97,5553.52,5581.21,59465717.0,53539950666.0
2025-07-15,5574.15,5582.45,5501.25,5516.33,49975567.0,45305588040.0
2025-07-16,5510.54,5518.04,5468.11,5492.6,45982241.0,41014809372.0
2025-07-17,5491.08,5506.46,5474.86,5487.89,41594782.0,35810661180.0
2025-07-18,5493.13,5511.69,5491.77,5506.74,42853130.0,38072895308.0
2025-07-21,5526.76,5579.16,5526.76,5575.87,60060600.0,56499124773.0
2025-07-22,5585.16,5667.71,5545.26,5667.61,90456108.0,86648322012.0
2025-07-23,5702.03,5702.03,5642.29,5647.09,83102660.0,80050932896.0
2025-07-24,5641.08,5672.43,5612.22,5670.75,73035017.0,69346032842.0
2025-07-25,5665.58,5688.3,5627.6,5633.83,60681205.0,58061630906.0
2025-07-28,5605.17,5614.01,5566.84,5572.53,57478991.0,57602048359.0
2025-07-29,5574.03,5577.3,5536.08,5570.46,54185311.0,50513742396.0
2025-07-30,5571.69,5626.15,5562.13,5581.48,60368839.0,56919820710.0
2025-07-31,5563.89,5564.52,5470.36,5484.71,66349101.0,60812044117.0
2025-08-01,5483.54,5510.23,5472.77,5484.59,55072356.0,47528499861.0
2025-08-04,5462.64,5511.79,5462.32,5510.34,50304414.0,43160488237.0
2025-08-05,5510.52,5567.88,5509.34,5567.88,51079942.0,45216794385.0
2025-08-06,5567.4,5606.4,5561.44,5603.2,47405811.0,44278247050.0
2025-08-07,5600.9,5618.49,5576.12,5612.68,46296658.0,43150510748.0
2025-08-08,5611.3,5630.56,5604.92,5615.61,41068298.0,38090531254.0
2025-08-11,5622.16,5627.56,5582.65,5591.7,49206016.0,44047723566.0
2025-08-12,5597.22,5639.99,5597.22,5623.04,47439654.0,43902488190.0
2025-08-13,5627.87,5628.26,5588.35,5593.7,56225895.0,51600174555.0
2025-08-14,5592.1,5605.01,5540.13,5540.13,49985035.0,48292954895.0
2025-08-15,5536.27,5558.91,5518.72,5553.42,72133304.0,62679815694.0
2025-08-18,5568.52,5568.52,5531.81,5542.76,64659160.0,63976976342.0
2025-08-19,5544.07,5553.59,5525.08,5537.45,53244899.0,52905858161.0
2025-08-20,5533.41,5581.18,5518.46,5579.27,55282344.0,51858019904.0
2025-08-21,5580.11,5617.96,5572.69,5609.2,56721351.0,53392226081.0
2025-08-22,5606.27,5606.27,5555.69,5599.4,57709321.0,55422435333.0
2025-08-25,5602.95,5640.48,5593.39,5640.48,70359566.0,66446763616.0
2025-08-26,5636.56,5649.82,5614.74,5634.04,56833982.0,52618060794.0
2025-08-27,5631.64,5633.03,5532.43,5532.43,76078710.0,72461238505.0
2025-08-28,5535.18,5552.26,5472.14,5544.19,67570717.0,65373429924.0
2025-08-29,5538.04,5593.06,5532.01,5538.04,93920439.0,92197299868.0
2025-09-01,5543.47,5558.7,5504.83,5524.75,90750484.0,83989760460.0
2025-09-02,5524.62,5544.37,5487.19,5542.17,79618760.0,71955535069.0
2025-09-03,5553.83,5555.9,5479.76,5495.47,59211713.0,56792703892.0
2025-09-04,5484.44,5497.0,5438.46,5493.08,84192302.0,74670561005.0
2025-09-05,5491.42,5513.56,5460.01,5510.04,60039340.0,54530685505.0
2025-09-08,5503.25,5558.05,5495.69,5552.59,64991044.0,58353437521.0
2025-09-09,5548.04,5575.07,5541.81,5565.03,55652773.0,51851994155.0
2025-09-10,5555.37,5555.37,5522.59,5537.79,51317156.0,45083202676.0
2025-09-11,5533.04,5560.19,5505.05,5559.81,60070605.0,53990001478.0
2025-09-12,5556.28,5565.65,5524.28,5529.95,65936144.0,60777564132.0
2025-09-15,5525.57,5528.14,5496.81,5511.14,64564436.0,56176244642.0
2025-09-16,5524.19,5542.13,5490.36,5508.97,74080875.0,62308474657.0
2025-09-17,5496.77,5530.74,5487.59,5522.29,61932564.0,56757813366.0
2025-09-18,5521.52,5522.51,5400.67,5424.13,76892460.0,69865308580.0
2025-09-19,5422.1,5474.23,5415.25,5468.73,65348419.0,56153830827.0
2025-09-22,5464.71,5464.76,5418.19,5434.04,50529631.0,45460462192.0
2025-09-23,5423.64,5457.13,5400.71,5454.06,75248468.0,63930998663.0
2025-09-24,5437.97,5471.96,5432.26,5467.04,57649486.0,49915655260.0
2025-09-25,5465.21,5465.21,5421.55,5440.51,52132248.0,47042338564.0
2025-09-26,5433.83,5469.01,5419.46,5455.01,50605532.0,47065311779.0
2025-09-29,5448.87,5493.93,5413.91,5474.39,65952376.0,59545130873.0
2025-09-30,5471.93,5472.1,5446.06,5461.08,54778132.0,49439533597.0
2025-10-09,5465.38,5502.73,5435.56,5502.38,71887707.0,63798001311.0
2025-10-10,5486.61,5565.16,5482.77,5559.05,81651048.0,68423354473.0
2025-10-13,5452.62,5543.04,5452.62,5534.32,79904910.0,68810384872.0
2025-10-14,5543.25,5612.96,5532.17,5596.29,95625817.0,86148493314.0
2025-10-15,5598.49,5623.51,5576.38,5620.2,68881252.0,63636049316.0
2025-10-16,5608.36,5648.63,5605.53,5639.6,75575325.0,67493808824.0
2025-10-17,5634.69,5668.51,5588.79,5596.32,70810250.0,64499492879.0
2025-10-20,5609.08,5641.63,5560.77,5637.94,70176288.0,61842946552.0
2025-10-21,5631.06,5649.6,5607.73,5640.36,63932097.0,58328618573.0
2025-10-22,5624.83,5653.92,5624.36,5645.9,60706000.0,51569323804.0
2025-10-23,5644.64,5697.73,5644.19,5691.9,78264142.0,64664988826.0
2025-10-24,5668.68,5675.54,5637.89,5655.08,70645688.0,60716565150.0
2025-10-27,5655.0,5700.76,5630.92,5681.5,74656773.0,66594479832.0
2025-10-28,5676.32,5682.16,5640.26,5651.65,61309705.0,53736173923.0
2025-10-29,5657.73,5658.53,5609.01,5653.75,64683743.0,60427995104.0
2025-10-30,5648.91,5681.14,5626.83,5630.55,64845455.0,59473176652.0
2025-10-31,5631.91,5648.91,5616.63,5627.67,76917750.0,65453492672.0
2025-11-03,5636.5,5681.11,5636.35,5678.43,69319905.0,61456130403.0
2025-11-04,5675.59,5725.83,5670.37,5699.45,70987547.0,62521212469.0
2025-11-05,5679.89,5737.89,5670.53,5723.39,57356673.0,51755694352.0
2025-11-06,5717.39,5749.82,5697.21,5745.9,56073215.0,52077545044.0
2025-11-07,5742.6,5776.34,5741.52,5752.94,52094888.0,47169701972.0
2025-11-10,5759.96,5796.0,5739.92,5795.39,55085030.0,51991979358.0
2025-11-11,5788.39,5791.43,5748.3,5782.59,46493426.0,44506966540.0
2025-11-12,5783.89,5817.02,5775.29,5786.42,63133238.0,61078213604.0
2025-11-13,5785.13,5808.14,5762.57,5801.99,56901102.0,53292671434.0
2025-11-14,5792.92,5828.73,5767.56,5767.56,56480162.0,51330385983.0
2025-11-17,5763.71,5767.42,5717.69,5739.32,59207697.0,51093630409.0
2025-11-18,5730.98,5732.28,5643.59,5659.78,51170822.0,43743930109.0
2025-11-19,5661.61,5684.04,5647.18,5668.66,55414028.0,46914943466.0
2025-11-20,5669.81,5708.36,5651.67,5656.04,71518795.0,56576297232.0
2025-11-21,5641.7,5654.42,5552.25,5554.52,72267587.0,61978690014.0
2025-11-24,5567.31,5581.11,5527.17,5527.17,62124931.0,52814408042.0
2025-11-25,5542.39,5567.25,5521.75,5554.22,51448092.0,44253962788.0
2025-11-26,5555.0,5573.71,5528.64,5530.79,48431005.0,40974522135.0
2025-11-27,5532.36,5559.48,5509.5,5540.0,44393795.0,39121753425.0
2025-11-28,5536.82,5550.58,5516.77,5545.84,45638474.0,38028752501.0
2025-12-01,5560.05,5592.71,5555.91,5591.82,57115464.0,50522384689.0
2025-12-02,5586.8,5589.05,5565.85,5584.86,44719471.0,39135767120.0
2025-12-03,5582.01,5610.6,5562.3,5573.9,46608768.0,39371291333.0
2025-12-04,5578.09,5585.04,5545.79,5552.96,39475844.0,33737946411.0
2025-12-05,5549.31,5562.63,5520.57,5557.97,46698577.0,45839835134.0
2025-12-08,5557.26,5557.52,5511.08,5527.42,48166976.0,46487299169.0
2025-12-09,5522.81,5522.81,5474.6,5476.84,47702474.0,42410728734.0
2025-12-10,5475.71,5490.55,5459.03,5481.58,51458878.0,44376623361.0
2025-12-11,5481.05,5481.05,5426.7,5435.62,49121009.0,44894523899.0
2025-12-12,5439.72,5439.95,5408.86,5426.72,75652576.0,70549871109.0
2025-12-15,5408.65,5480.95,5407.56,5457.03,51062388.0,55638112823.0
2025-12-16,5450.51,5460.7,5407.61,5414.32,46387147.0,49466442819.0
2025-12-17,5410.95,5449.81,5394.67,5429.68,44568882.0,48922547664.0
2025-12-18,5429.64,5482.17,5428.07,5473.71,43948300.0,45283926734.0
2025-12-19,5467.59,5498.05,5447.48,5483.35,43256980.0,46574582151.0
2025-12-22,5485.5,5487.78,5456.05,5458.23,41275260.0,45066435766.0
2025-12-23,5458.91,5478.34,5449.38,5459.13,41510629.0,44804208429.0
2025-12-24,5460.09,5477.07,5440.78,5472.24,39703347.0,42045986118.0
2025-12-25,5474.27,5490.95,5466.14,5486.44,36663366.0,40900187076.0
2025-12-26,5484.43,5519.32,5482.85,5513.75,38837507.0,44960681576.0
2025-12-29,5516.4,5531.15,5497.9,5501.74,52403972.0,57864759342.0
2025-12-30,5486.15,5514.1,5473.49,5499.21,48879685.0,56062576635.0
2025-12-31,5505.1,5524.74,5491.79,5503.98,42696849.0,46338308470.0
2026-01-05,5518.88,5531.88,5495.74,5525.12,60121590.0,70124192091.0
2026-01-06,5530.86,5591.04,5519.92,5591.04,66841155.0,76465434096.0
2026-01-07,5601.01,5607.35,5563.02,5592.91,64773503.0,73069027152.0
2026-01-08,5593.54,5593.81,5559.86,5574.6,55253970.0,68597405400.0
2026-01-09,5570.66,5593.57,5564.2,5592.68,58609145.0,70899038092.0
2026-01-12,5587.06,5612.52,5575.79,5611.17,64717074.0,76091153988.0
2026-01-13,5612.98,5634.74,5580.82,5591.97,66243924.0,75805931254.0
2026-01-14,5593.3,5615.7,5532.74,5552.31,85508423.0,91233674185.0
2026-01-15,5537.64,5577.98,5531.64,5541.7,58157151.0,64676267057.0
2026-01-16,5552.36,5562.35,5480.32,5493.39,67567855.0,75260100015.0
2026-01-19,5483.22,5540.33,5481.64,5538.89,56902845.0,61018189806.0
2026-01-20,5542.32,5612.64,5534.89,5611.84,67364127.0,72017983443.0
2026-01-21,5599.09,5605.87,5568.41,5577.54,66829548.0,72251410950.0
2026-01-22,5580.92,5629.68,5576.82,5618.15,67185427.0,76476369802.0
2026-01-23,5622.44,5629.84,5595.21,5611.48,65804130.0,77283449666.0
2026-01-26,5616.04,5662.1,5598.49,5648.09,86599353.0,102567721242.0
2026-01-27,5637.62,5662.0,5596.6,5599.92,74435365.0,85176073602.0
2026-01-28,5603.03,5714.09,5583.37,5687.32,102947826.0,116860214043.0
2026-01-29,5699.95,5759.2,5675.7,5757.64,108082055.0,125646738482.0
2026-01-30,5733.2,5780.84,5646.06,5700.01,86836326.0,98324576644.0
2026-02-02,5639.26,5657.98,5519.45,5521.87,89033177.0,96517733340.0
2026-02-03,5554.18,5571.17,5503.03,5563.8,66804658.0,70248598283.0
2026-02-04,5578.05,5717.87,5577.33,5712.03,74423770.0,79019103966.0
2026-02-05,5687.03,5703.72,5643.77,5686.51,70278742.0,74160615187.0
2026-02-06,5646.62,5708.08,5632.46,5671.12,58707646.0,61096697189.0
2026-02-09,5691.73,5715.88,5675.42,5709.06,48782470.0,52868432537.0
2026-02-10,5709.79,5736.48,5681.67,5730.01,47639435.0,47533612121.0
2026-02-11,5723.19,5781.69,5703.74,5770.13,45699640.0,49711168907.0
2026-02-12,5771.05,5782.3,5737.51,5751.64,53603937.0,55848772503.0
2026-02-13,5733.67,5734.61,5663.43,5668.22,50452321.0,54359936000.0
2026-02-24,5721.58,5765.26,5712.52,5754.41,52939868.0,61404305534.0
2026-02-25,5758.6,5849.21,5758.6,5785.57,68169866.0,74798599630.0
2026-02-26,5790.82,5807.53,5743.28,5768.92,50176926.0,63966509913.0
2026-02-27,5760.66,5832.77,5759.66,5826.71,49464290.0,58199663874.0
2026-03-02,5866.5,5909.32,5809.29,5905.25,99491311.0,111700391573.0
2026-03-03,5918.27,6015.88,5882.52,5952.09,134005953.0,150923050102.0
2026-03-04,5905.63,5905.63,5809.96,5856.15,114247001.0,126274897850.0
2026-03-05,5850.89,5880.3,5800.97,5849.52,76293782.0,86990839307.0
2026-03-06,5817.1,5870.94,5791.65,5860.51,62427308.0,70415400935.0
2026-03-09,5929.21,5947.37,5860.59,5864.51,99236205.0,118144758361.0
2026-03-10,5794.59,5836.81,5794.59,5820.49,69982660.0,75617831840.0
2026-03-11,5811.09,5911.68,5787.75,5905.18,69619268.0,74518094031.0
2026-03-12,5930.47,6003.84,5893.54,5976.53,75699866.0,84666831060.0
2026-03-13,5977.91,6023.1,5940.63,5954.46,75103246.0,83724991732.0
2026-03-16,5962.73,5978.19,5894.52,5912.37,63245312.0,74781662166.0
2026-03-17,5899.91,5946.23,5867.84,5868.48,65570255.0,73554010905.0
2026-03-18,5864.59,5869.6,5780.82,5833.4,62665744.0,64857789046.0
2026-03-19,5836.46,5860.29,5785.14,5799.19,70872014.0,80578658660.0
2026-03-20,5772.32,5839.02,5768.49,5772.65,63478356.0,69841331960.0
2026-03-23,5757.88,5759.51,5600.63,5626.12,95690699.0,100840433589.0
2026-03-24,5642.77,5712.79,5618.92,5712.79,66155188.0,73170564134.0
2026-03-25,5694.0,5731.54,5644.38,5726.78,63662249.0,70237526634.0
2026-03-26,5718.19,5775.66,5716.6,5729.34,54394212.0,60543183717.0
2026-03-27,5698.35,5765.26,5695.06,5742.45,48285696.0,53829102553.0
2026-03-30,5741.85,5801.46,5734.41,5795.51,56944175.0,63672206892.0
2026-03-31,5790.48,5830.65,5727.85,5727.85,73299122.0,72407421022.0
2026-04-01,5746.9,5768.63,5725.4,5731.25,60302556.0,63984420633.0
2026-04-02,5730.4,5768.65,5716.78,5744.64,53932198.0,55087004269.0
2026-04-03,5746.1,5746.22,5638.33,5649.43,45174447.0,44474161440.0
2026-04-07,5654.97,5682.28,5630.98,5677.98,46483759.0,48004495458.0
2026-04-08,5656.79,5724.75,5646.33,5723.65,65084973.0,73916856350.0
2026-04-09,5702.96,5719.04,5674.86,5680.34,42047227.0,47048182456.0
2026-04-10,5694.25,5718.11,5674.68,5692.53,38830985.0,44860344163.0
2026-04-13,5699.72,5704.87,5658.41,5688.09,41490360.0,48374613226.0
2026-04-14,5687.35,5700.47,5658.28,5700.24,41760605.0,47669879340.0
2026-04-15,5699.03,5730.45,5680.93,5720.59,46702356.0,53221639036.0
2026-04-16,5721.52,5747.2,5713.89,5734.51,45977478.0,52346518726.0
2026-04-17,5725.02,5726.16,5685.54,5695.32,41746215.0,47303949407.0
2026-04-20,5697.68,5713.24,5686.35,5702.51,48049929.0,53848863485.0
2026-04-21,5700.38,5764.0,5698.11,5752.84,47550474.0,52166267987.0
2026-04-22,5750.85,5774.65,5742.88,5752.38,42734478.0,49490035611.0
2026-04-23,5748.97,5790.16,5733.28,5781.32,56251487.0,62490542314.0
2026-04-24,5756.08,5786.58,5750.98,5776.34,48202680.0,55337474185.0
2026-04-27,5755.37,5796.67,5754.25,5763.87,52543704.0,60334643185.0
2026-04-28,5737.89,5829.56,5737.61,5828.88,58243624.0,65150460487.0
2026-04-29,5822.8,5893.2,5821.9,5884.27,68196309.0,90373827653.0
2026-04-30,5879.41,5900.14,5836.79,5865.07,66216582.0,76319382628.0
2026-05-06,5851.88,5883.91,5810.65,5881.84,69000033.0,80127089541.0
2026-05-07,5861.28,5861.28,5779.68,5787.2,59870323.0,74382443793.0
2026-05-08,5791.79,5820.73,5750.28,5767.67,49186677.0,57891397850.0
2026-05-11,5763.2,5795.14,5750.38,5783.46,64072492.0,71222274396.0
2026-05-12,5786.77,5813.68,5767.14,5774.72,54164632.0,62054618556.0
2026-05-13,5772.59,5791.57,5728.42,5748.08,50980561.0,60232285017.0
2026-05-14,5743.28,5751.74,5694.31,5694.31,55224114.0,61477059155.0
2026-05-15,5695.49,5720.95,5657.27,5680.37,57564847.0,66232122653.0
2026-05-18,5678.26,5691.03,5622.88,5654.2,50840733.0,57897293280.0
2026-05-19,5639.1,5665.32,5632.14,5662.36,45964575.0,51557674021.0
2026-05-20,5647.94,5664.68,5634.57,5643.58,45326100.0,50614752300.0
2026-05-21,5628.56,5664.16,5554.67,5554.67,53196374.0,59413734719.0
2026-05-22,5563.25,5567.65,5514.29,5545.14,47240673.0,51237334714.0
2026-05-25,5591.63,5618.25,5558.05,5572.23,47297876.0,56955308329.0
2026-05-26,5547.46,5581.52,5537.44,5577.26,48382425.0,56031656680.0
2026-05-27,5567.03,5576.82,5500.76,5527.16,53137251.0,57795930425.0
2026-05-28,5511.49,5560.49,5502.3,5513.88,47535190.0,53150766187.0
2026-05-29,5506.06,5596.92,5505.27,5578.69,64264624.0,70413133843.0
2026-06-01,5581.57,5727.59,5568.49,5726.1,70403664.0,74176298755.0
2026-06-02,5732.28,5792.57,5691.58,5708.55,65257591.0,73019820084.0
2026-06-03,5682.57,5730.84,5626.81,5706.47,59457979.0,64461823957.0
2026-06-04,5681.77,5729.61,5660.47,5681.52,52745282.0,59966390389.0
2026-06-05,5666.17,5737.95,5665.48,5683.85,58236330.0,63620736896.0
