index_code,trade_date,adj_close
^NDXT,2006-02-22,1012.98
^NDXT,2006-02-23,1009.19
^NDXT,2006-02-24,1012.07
^NDXT,2006-02-27,1021.07
^NDXT,2006-02-28,1009.84
^NDXT,2006-03-01,1035.21
^NDXT,2006-03-02,1037.72
^NDXT,2006-03-03,1036.26
^NDXT,2006-03-06,1023.04
^NDXT,2006-03-07,1010.95
^NDXT,2006-03-08,1008.35
^NDXT,2006-03-09,1003.6
^NDXT,2006-03-10,1003.14
^NDXT,2006-03-13,1006.15
^NDXT,2006-03-14,1019.24
^NDXT,2006-03-15,1032.03
^NDXT,2006-03-16,1019.27
^NDXT,2006-03-17,1024.9399
^NDXT,2006-03-20,1025.96
^NDXT,2006-03-21,1021.11
^NDXT,2006-03-22,1026.21
^NDXT,2006-03-23,1025.91
^NDXT,2006-03-24,1033.77
^NDXT,2006-03-27,1034.01
^NDXT,2006-03-28,1028.27
^NDXT,2006-03-29,1048.76
^NDXT,2006-03-30,1053.3101
^NDXT,2006-03-31,1048.8
^NDXT,2006-04-03,1049.22
^NDXT,2006-04-04,1050.15
^NDXT,2006-04-05,1066.9
^NDXT,2006-04-06,1073.85
^NDXT,2006-04-07,1061.55
^NDXT,2006-04-10,1057.3
^NDXT,2006-04-11,1046.4399
^NDXT,2006-04-12,1048.24
^NDXT,2006-04-13,1055.76
^NDXT,2006-04-17,1041.15
^NDXT,2006-04-18,1062.87
^NDXT,2006-04-19,1073.21
^NDXT,2006-04-20,1075.4399
^NDXT,2006-04-21,1055.05
^NDXT,2006-04-24,1052.77
^NDXT,2006-04-25,1055.16
^NDXT,2006-04-26,1057.96
^NDXT,2006-04-27,1064.46
^NDXT,2006-04-28,1055.47
^NDXT,2006-05-01,1048.16
^NDXT,2006-05-02,1052.12
^NDXT,2006-05-03,1056.88
^NDXT,2006-05-04,1066.6801
^NDXT,2006-05-05,1071.88
^NDXT,2006-05-08,1070.08
^NDXT,2006-05-09,1063.7
^NDXT,2006-05-10,1047.63
^NDXT,2006-05-11,1019.99
^NDXT,2006-05-12,1006.58
^NDXT,2006-05-15,998.87
^NDXT,2006-05-16,992.71
^NDXT,2006-05-17,978.59
^NDXT,2006-05-18,971.3
^NDXT,2006-05-19,979.51
^NDXT,2006-05-22,965.06
^NDXT,2006-05-23,956.07
^NDXT,2006-05-24,961.68
^NDXT,2006-05-25,967.38
^NDXT,2006-05-26,972.21
^NDXT,2006-05-30,952.54
^NDXT,2006-05-31,962.35
^NDXT,2006-06-01,983.94
^NDXT,2006-06-02,980.04
^NDXT,2006-06-05,959.23
^NDXT,2006-06-06,956.6
^NDXT,2006-06-07,945.42
^NDXT,2006-06-08,937.92
^NDXT,2006-06-09,933.94
^NDXT,2006-06-12,909.59
^NDXT,2006-06-13,906.55
^NDXT,2006-06-14,913.82
^NDXT,2006-06-15,947.46
^NDXT,2006-06-16,940.3
^NDXT,2006-06-19,930.99
^NDXT,2006-06-20,931.35
^NDXT,2006-06-21,950.58
^NDXT,2006-06-22,941.74
^NDXT,2006-06-23,939.52
^NDXT,2006-06-26,941.54
^NDXT,2006-06-27,919.28
^NDXT,2006-06-28,924.3
^NDXT,2006-06-29,951.67
^NDXT,2006-06-30,947.31
^NDXT,2006-07-03,955.44
^NDXT,2006-07-05,932.97
^NDXT,2006-07-06,930.7
^NDXT,2006-07-07,917.1
^NDXT,2006-07-10,896.19
^NDXT,2006-07-11,906.83
^NDXT,2006-07-12,884.98
^NDXT,2006-07-13,873.27
^NDXT,2006-07-14,866.36
^NDXT,2006-07-17,865.51
^NDXT,2006-07-18,870.16
^NDXT,2006-07-19,881.99
^NDXT,2006-07-20,861.73
^NDXT,2006-07-21,842.28
^NDXT,2006-07-24,867.37
^NDXT,2006-07-25,874.39
^NDXT,2006-07-26,873.52
^NDXT,2006-07-27,875.16
^NDXT,2006-07-28,896.01
^NDXT,2006-07-31,897.28
^NDXT,2006-08-01,878.42
^NDXT,2006-08-02,890.97
^NDXT,2006-08-03,899.44
^NDXT,2006-08-04,893.43
^NDXT,2006-08-07,888.07
^NDXT,2006-08-08,883.02
^NDXT,2006-08-09,887.82
^NDXT,2006-08-10,894.88
^NDXT,2006-08-11,884.42
^NDXT,2006-08-14,893.0
^NDXT,2006-08-15,926.93
^NDXT,2006-08-16,954.99
^NDXT,2006-08-17,960.15
^NDXT,2006-08-18,961.99
^NDXT,2006-08-21,946.66
^NDXT,2006-08-22,948.53
^NDXT,2006-08-23,941.42
^NDXT,2006-08-24,947.57
^NDXT,2006-08-25,948.79
^NDXT,2006-08-28,958.85
^NDXT,2006-08-29,964.6
^NDXT,2006-08-30,975.8
^NDXT,2006-08-31,969.53
^NDXT,2006-09-01,969.15
^NDXT,2006-09-05,979.52
^NDXT,2006-09-06,955.24
^NDXT,2006-09-07,945.74
^NDXT,2006-09-08,953.79
^NDXT,2006-09-11,962.74
^NDXT,2006-09-12,991.99
^NDXT,2006-09-13,998.51
^NDXT,2006-09-14,1003.06
^NDXT,2006-09-15,1007.71
^NDXT,2006-09-18,1012.01
^NDXT,2006-09-19,1002.38
^NDXT,2006-09-20,1019.57
^NDXT,2006-09-21,1011.32
^NDXT,2006-09-22,1003.33
^NDXT,2006-09-25,1024.01
^NDXT,2006-09-26,1023.01
^NDXT,2006-09-27,1013.72
^NDXT,2006-09-28,1020.71
^NDXT,2006-09-29,1015.38
^NDXT,2006-10-02,1005.66
^NDXT,2006-10-03,1005.33
^NDXT,2006-10-04,1030.97
^NDXT,2006-10-05,1033.0
^NDXT,2006-10-06,1031.86
^NDXT,2006-10-09,1035.86
^NDXT,2006-10-10,1034.67
^NDXT,2006-10-11,1038.67
^NDXT,2006-10-12,1052.4
^NDXT,2006-10-13,1061.1
^NDXT,2006-10-16,1064.9
^NDXT,2006-10-17,1048.51
^NDXT,2006-10-18,1035.14
^NDXT,2006-10-19,1031.17
^NDXT,2006-10-20,1025.36
^NDXT,2006-10-23,1033.14
^NDXT,2006-10-24,1026.9
^NDXT,2006-10-25,1041.02
^NDXT,2006-10-26,1045.6
^NDXT,2006-10-27,1026.87
^NDXT,2006-10-30,1046.26
^NDXT,2006-10-31,1048.62
^NDXT,2006-11-01,1032.62
^NDXT,2006-11-02,1033.85
^NDXT,2006-11-03,1035.41
^NDXT,2006-11-06,1055.21
^NDXT,2006-11-07,1065.49
^NDXT,2006-11-08,1071.16
^NDXT,2006-11-09,1063.87
^NDXT,2006-11-10,1070.52
^NDXT,2006-11-13,1086.15
^NDXT,2006-11-14,1101.85
^NDXT,2006-11-15,1102.91
^NDXT,2006-11-16,1105.05
^NDXT,2006-11-17,1105.15
^NDXT,2006-11-20,1113.71
^NDXT,2006-11-21,1115.6899
^NDXT,2006-11-22,1128.91
^NDXT,2006-11-24,1125.65
^NDXT,2006-11-27,1092.86
^NDXT,2006-11-28,1095.0
^NDXT,2006-11-29,1098.59
^NDXT,2006-11-30,1104.67
^NDXT,2006-12-01,1089.52
^NDXT,2006-12-04,1108.03
^NDXT,2006-12-05,1105.2
^NDXT,2006-12-06,1102.17
^NDXT,2006-12-07,1088.66
^NDXT,2006-12-08,1089.76
^NDXT,2006-12-11,1091.02
^NDXT,2006-12-12,1085.6899
^NDXT,2006-12-13,1083.86
^NDXT,2006-12-14,1101.11
^NDXT,2006-12-15,1104.99
^NDXT,2006-12-18,1094.5
^NDXT,2006-12-19,1087.84
^NDXT,2006-12-20,1086.1899
^NDXT,2006-12-21,1078.21
^NDXT,2006-12-22,1066.85
^NDXT,2006-12-26,1071.55
^NDXT,2006-12-27,1078.9399
^NDXT,2006-12-28,1076.12
^NDXT,2006-12-29,1072.33
^NDXT,2007-01-03,1075.91
^NDXT,2007-01-04,1097.08
^NDXT,2007-01-05,1090.9301
^NDXT,2007-01-08,1093.4399
^NDXT,2007-01-09,1096.36
^NDXT,2007-01-10,1110.66
^NDXT,2007-01-11,1119.1801
^NDXT,2007-01-12,1122.55
^NDXT,2007-01-16,1113.4399
^NDXT,2007-01-17,1104.0699
^NDXT,2007-01-18,1070.05
^NDXT,2007-01-19,1072.99
^NDXT,2007-01-22,1062.03
^NDXT,2007-01-23,1062.35
^NDXT,2007-01-24,1087.03
^NDXT,2007-01-25,1073.72
^NDXT,2007-01-26,1075.46
^NDXT,2007-01-29,1073.51
^NDXT,2007-01-30,1077.98
^NDXT,2007-01-31,1078.53
^NDXT,2007-02-01,1082.91
^NDXT,2007-02-02,1089.23
^NDXT,2007-02-05,1093.92
^NDXT,2007-02-06,1090.53
^NDXT,2007-02-07,1104.87
^NDXT,2007-02-08,1104.78
^NDXT,2007-02-09,1086.48
^NDXT,2007-02-12,1080.76
^NDXT,2007-02-13,1082.95
^NDXT,2007-02-14,1103.76
^NDXT,2007-02-15,1111.05
^NDXT,2007-02-16,1108.53
^NDXT,2007-02-20,1114.9301
^NDXT,2007-02-21,1113.65
^NDXT,2007-02-22,1121.6801
^NDXT,2007-02-23,1120.29
^NDXT,2007-02-27,1069.99
^NDXT,2007-02-28,1075.54
^NDXT,2007-03-01,1068.86
^NDXT,2007-03-02,1050.85
^NDXT,2007-03-05,1039.4301
^NDXT,2007-03-06,1058.74
^NDXT,2007-03-07,1051.39
^NDXT,2007-03-08,1062.02
^NDXT,2007-03-09,1063.71
^NDXT,2007-03-12,1072.25
^NDXT,2007-03-13,1048.79
^NDXT,2007-03-14,1060.09
^NDXT,2007-03-15,1060.14
^NDXT,2007-03-16,1057.9301
^NDXT,2007-03-19,1063.49
^NDXT,2007-03-20,1072.3101
^NDXT,2007-03-21,1099.37
^NDXT,2007-03-22,1091.8
^NDXT,2007-03-23,1090.96
^NDXT,2007-03-26,1096.47
^NDXT,2007-03-27,1087.21
^NDXT,2007-03-28,1071.74
^NDXT,2007-03-29,1067.52
^NDXT,2007-03-30,1068.92
^NDXT,2007-04-02,1067.47
^NDXT,2007-04-03,1079.23
^NDXT,2007-04-04,1085.35
^NDXT,2007-04-05,1093.28
^NDXT,2007-04-09,1090.65
^NDXT,2007-04-10,1098.53
^NDXT,2007-04-11,1088.17
^NDXT,2007-04-12,1097.11
^NDXT,2007-04-13,1099.62
^NDXT,2007-04-16,1109.38
^NDXT,2007-04-17,1108.72
^NDXT,2007-04-18,1112.5601
^NDXT,2007-04-19,1110.87
^NDXT,2007-04-20,1115.0601
^NDXT,2007-04-23,1114.03
^NDXT,2007-04-24,1126.11
^NDXT,2007-04-25,1133.1
^NDXT,2007-04-26,1137.84
^NDXT,2007-04-27,1134.34
^NDXT,2007-04-30,1119.84
^NDXT,2007-05-01,1122.49
^NDXT,2007-05-02,1130.11
^NDXT,2007-05-03,1135.54
^NDXT,2007-05-04,1142.16
^NDXT,2007-05-07,1139.02
^NDXT,2007-05-08,1140.98
^NDXT,2007-05-09,1149.1
^NDXT,2007-05-10,1130.11
^NDXT,2007-05-11,1147.41
^NDXT,2007-05-14,1140.2
^NDXT,2007-05-15,1126.14
^NDXT,2007-05-16,1136.15
^NDXT,2007-05-17,1130.7
^NDXT,2007-05-18,1139.6899
^NDXT,2007-05-21,1144.09
^NDXT,2007-05-22,1148.52
^NDXT,2007-05-23,1137.1
^NDXT,2007-05-24,1115.0
^NDXT,2007-05-25,1125.37
^NDXT,2007-05-29,1134.14
^NDXT,2007-05-30,1141.99
^NDXT,2007-05-31,1151.98
^NDXT,2007-06-01,1155.11
^NDXT,2007-06-04,1159.73
^NDXT,2007-06-05,1158.13
^NDXT,2007-06-06,1148.1801
^NDXT,2007-06-07,1126.92
^NDXT,2007-06-08,1146.53
^NDXT,2007-06-11,1148.0
^NDXT,2007-06-12,1140.72
^NDXT,2007-06-13,1156.75
^NDXT,2007-06-14,1163.78
^NDXT,2007-06-15,1174.24
^NDXT,2007-06-18,1174.7
^NDXT,2007-06-19,1172.25
^NDXT,2007-06-20,1161.38
^NDXT,2007-06-21,1180.59
^NDXT,2007-06-22,1169.0699
^NDXT,2007-06-25,1157.5601
^NDXT,2007-06-26,1154.78
^NDXT,2007-06-27,1171.96
^NDXT,2007-06-28,1172.76
^NDXT,2007-06-29,1173.35
^NDXT,2007-07-02,1183.37
^NDXT,2007-07-03,1186.13
^NDXT,2007-07-05,1195.1899
^NDXT,2007-07-06,1200.4301
^NDXT,2007-07-09,1206.3
^NDXT,2007-07-10,1196.84
^NDXT,2007-07-11,1203.49
^NDXT,2007-07-12,1232.15
^NDXT,2007-07-13,1231.89
^NDXT,2007-07-16,1228.48
^NDXT,2007-07-17,1246.09
^NDXT,2007-07-18,1237.4399
^NDXT,2007-07-19,1258.28
^NDXT,2007-07-20,1242.4301
^NDXT,2007-07-23,1241.35
^NDXT,2007-07-24,1224.6801
^NDXT,2007-07-25,1229.25
^NDXT,2007-07-26,1205.4399
^NDXT,2007-07-27,1184.12
^NDXT,2007-07-30,1198.54
^NDXT,2007-07-31,1173.8101
^NDXT,2007-08-01,1181.46
^NDXT,2007-08-02,1189.13
^NDXT,2007-08-03,1151.9301
^NDXT,2007-08-06,1169.7
^NDXT,2007-08-07,1170.83
^NDXT,2007-08-08,1195.49
^NDXT,2007-08-09,1168.64
^NDXT,2007-08-10,1164.24
^NDXT,2007-08-13,1165.95
^NDXT,2007-08-14,1145.08
^NDXT,2007-08-15,1123.14
^NDXT,2007-08-16,1115.02
^NDXT,2007-08-17,1142.1801
^NDXT,2007-08-20,1149.39
^NDXT,2007-08-21,1153.8
^NDXT,2007-08-22,1170.62
^NDXT,2007-08-23,1165.76
^NDXT,2007-08-24,1177.89
^NDXT,2007-08-27,1169.36
^NDXT,2007-08-28,1141.5
^NDXT,2007-08-29,1172.66
^NDXT,2007-08-30,1176.9399
^NDXT,2007-08-31,1192.91
^NDXT,2007-09-04,1214.55
^NDXT,2007-09-05,1201.91
^NDXT,2007-09-06,1205.86
^NDXT,2007-09-07,1179.02
^NDXT,2007-09-10,1179.27
^NDXT,2007-09-11,1197.98
^NDXT,2007-09-12,1191.4
^NDXT,2007-09-13,1193.83
^NDXT,2007-09-14,1193.38
^NDXT,2007-09-17,1186.03
^NDXT,2007-09-18,1219.7
^NDXT,2007-09-19,1223.51
^NDXT,2007-09-20,1217.34
^NDXT,2007-09-21,1223.73
^NDXT,2007-09-24,1217.03
^NDXT,2007-09-25,1229.64
^NDXT,2007-09-26,1232.33
^NDXT,2007-09-27,1237.4399
^NDXT,2007-09-28,1238.85
^NDXT,2007-10-01,1254.34
^NDXT,2007-10-02,1255.86
^NDXT,2007-10-03,1246.75
^NDXT,2007-10-04,1246.86
^NDXT,2007-10-05,1268.51
^NDXT,2007-10-08,1277.8199
^NDXT,2007-10-09,1275.25
^NDXT,2007-10-10,1279.51
^NDXT,2007-10-11,1255.8199
^NDXT,2007-10-12,1287.23
^NDXT,2007-10-15,1276.3199
^NDXT,2007-10-16,1261.0601
^NDXT,2007-10-17,1279.67
^NDXT,2007-10-18,1293.6
^NDXT,2007-10-19,1254.2
^NDXT,2007-10-22,1270.55
^NDXT,2007-10-23,1291.86
^NDXT,2007-10-24,1263.45
^NDXT,2007-10-25,1242.5601
^NDXT,2007-10-26,1255.86
^NDXT,2007-10-29,1265.24
^NDXT,2007-10-30,1266.21
^NDXT,2007-10-31,1282.36
^NDXT,2007-11-01,1256.98
^NDXT,2007-11-02,1270.63
^NDXT,2007-11-05,1262.6801
^NDXT,2007-11-06,1262.34
^NDXT,2007-11-07,1236.0699
^NDXT,2007-11-08,1198.28
^NDXT,2007-11-09,1169.16
^NDXT,2007-11-12,1140.48
^NDXT,2007-11-13,1181.61
^NDXT,2007-11-14,1163.75
^NDXT,2007-11-15,1151.5699
^NDXT,2007-11-16,1163.97
^NDXT,2007-11-19,1144.22
^NDXT,2007-11-20,1135.34
^NDXT,2007-11-21,1122.3
^NDXT,2007-11-23,1135.4301
^NDXT,2007-11-26,1110.7
^NDXT,2007-11-27,1134.65
^NDXT,2007-11-28,1167.84
^NDXT,2007-11-29,1170.99
^NDXT,2007-11-30,1154.61
^NDXT,2007-12-03,1146.7
^NDXT,2007-12-04,1138.12
^NDXT,2007-12-05,1163.41
^NDXT,2007-12-06,1179.4301
^NDXT,2007-12-07,1180.61
^NDXT,2007-12-10,1188.39
^NDXT,2007-12-11,1160.1801
^NDXT,2007-12-12,1167.72
^NDXT,2007-12-13,1164.24
^NDXT,2007-12-14,1152.08
^NDXT,2007-12-17,1125.89
^NDXT,2007-12-18,1132.79
^NDXT,2007-12-19,1135.3199
^NDXT,2007-12-20,1158.02
^NDXT,2007-12-21,1177.5601
^NDXT,2007-12-24,1183.21
^NDXT,2007-12-26,1187.37
^NDXT,2007-12-27,1168.12
^NDXT,2007-12-28,1168.58
^NDXT,2007-12-31,1155.91
^NDXT,2008-01-02,1133.34
^NDXT,2008-01-03,1131.36
^NDXT,2008-01-04,1081.4399
^NDXT,2008-01-07,1069.72
^NDXT,2008-01-08,1040.8
^NDXT,2008-01-09,1052.37
^NDXT,2008-01-10,1056.66
^NDXT,2008-01-11,1024.87
^NDXT,2008-01-14,1053.48
^NDXT,2008-01-15,1022.87
^NDXT,2008-01-16,1023.71
^NDXT,2008-01-17,1000.57
^NDXT,2008-01-18,1012.64
^NDXT,2008-01-22,983.75
^NDXT,2008-01-23,986.28
^NDXT,2008-01-24,1026.65
^NDXT,2008-01-25,1010.56
^NDXT,2008-01-28,1020.34
^NDXT,2008-01-29,1021.29
^NDXT,2008-01-30,1023.39
^NDXT,2008-01-31,1020.99
^NDXT,2008-02-01,1057.0601
^NDXT,2008-02-04,1042.54
^NDXT,2008-02-05,1007.94
^NDXT,2008-02-06,986.14
^NDXT,2008-02-07,991.95
^NDXT,2008-02-08,1008.06
^NDXT,2008-02-11,1023.06
^NDXT,2008-02-12,1017.23
^NDXT,2008-02-13,1048.0601
^NDXT,2008-02-14,1022.89
^NDXT,2008-02-15,1014.55
^NDXT,2008-02-19,1002.67
^NDXT,2008-02-20,1019.82
^NDXT,2008-02-21,1015.89
^NDXT,2008-02-22,1016.8
^NDXT,2008-02-25,1027.12
^NDXT,2008-02-26,1034.21
^NDXT,2008-02-27,1042.09
^NDXT,2008-02-28,1026.62
^NDXT,2008-02-29,996.39
^NDXT,2008-03-03,988.7
^NDXT,2008-03-04,994.54
^NDXT,2008-03-05,1004.69
^NDXT,2008-03-06,982.5
^NDXT,2008-03-07,978.56
^NDXT,2008-03-10,960.75
^NDXT,2008-03-11,997.61
^NDXT,2008-03-12,991.0
^NDXT,2008-03-13,997.69
^NDXT,2008-03-14,971.23
^NDXT,2008-03-17,957.55
^NDXT,2008-03-18,996.71
^NDXT,2008-03-19,964.08
^NDXT,2008-03-20,981.61
^NDXT,2008-03-24,1020.51
^NDXT,2008-03-25,1025.35
^NDXT,2008-03-26,1017.02
^NDXT,2008-03-27,989.4
^NDXT,2008-03-28,986.48
^NDXT,2008-03-31,989.06
^NDXT,2008-04-01,1030.37
^NDXT,2008-04-02,1030.35
^NDXT,2008-04-03,1041.6
^NDXT,2008-04-04,1040.21
^NDXT,2008-04-07,1034.27
^NDXT,2008-04-08,1025.04
^NDXT,2008-04-09,1022.2
^NDXT,2008-04-10,1036.8101
^NDXT,2008-04-11,1003.81
^NDXT,2008-04-14,996.86
^NDXT,2008-04-15,999.65
^NDXT,2008-04-16,1037.41
^NDXT,2008-04-17,1036.38
^NDXT,2008-04-18,1072.6
^NDXT,2008-04-21,1087.3199
^NDXT,2008-04-22,1065.38
^NDXT,2008-04-23,1091.5
^NDXT,2008-04-24,1103.03
^NDXT,2008-04-25,1103.83
^NDXT,2008-04-28,1098.6
^NDXT,2008-04-29,1108.25
^NDXT,2008-04-30,1098.42
^NDXT,2008-05-01,1136.1899
^NDXT,2008-05-02,1133.76
^NDXT,2008-05-05,1125.61
^NDXT,2008-05-06,1140.65
^NDXT,2008-05-07,1115.13
^NDXT,2008-05-08,1122.85
^NDXT,2008-05-09,1121.9301
^NDXT,2008-05-12,1138.27
^NDXT,2008-05-13,1142.83
^NDXT,2008-05-14,1149.25
^NDXT,2008-05-15,1178.4301
^NDXT,2008-05-16,1180.79
^NDXT,2008-05-19,1168.42
^NDXT,2008-05-20,1151.5601
^NDXT,2008-05-21,1133.5699
^NDXT,2008-05-22,1135.6801
^NDXT,2008-05-23,1126.96
^NDXT,2008-05-27,1147.6801
^NDXT,2008-05-28,1154.26
^NDXT,2008-05-29,1162.9301
^NDXT,2008-05-30,1184.08
^NDXT,2008-06-02,1166.8101
^NDXT,2008-06-03,1160.03
^NDXT,2008-06-04,1174.61
^NDXT,2008-06-05,1190.8199
^NDXT,2008-06-06,1154.03
^NDXT,2008-06-09,1149.55
^NDXT,2008-06-10,1131.55
^NDXT,2008-06-11,1101.14
^NDXT,2008-06-12,1103.11
^NDXT,2008-06-13,1129.52
^NDXT,2008-06-16,1139.99
^NDXT,2008-06-17,1122.6801
^NDXT,2008-06-18,1107.11
^NDXT,2008-06-19,1131.33
^NDXT,2008-06-20,1097.3101
^NDXT,2008-06-23,1089.46
^NDXT,2008-06-24,1089.97
^NDXT,2008-06-25,1107.23
^NDXT,2008-06-26,1061.54
^NDXT,2008-06-27,1059.87
^NDXT,2008-06-30,1048.95
^NDXT,2008-07-01,1055.24
^NDXT,2008-07-02,1033.6801
^NDXT,2008-07-03,1025.29
^NDXT,2008-07-07,1030.8101
^NDXT,2008-07-08,1040.4301
^NDXT,2008-07-09,1004.44
^NDXT,2008-07-10,1016.88
^NDXT,2008-07-11,997.06
^NDXT,2008-07-14,983.28
^NDXT,2008-07-15,987.79
^NDXT,2008-07-16,1018.74
^NDXT,2008-07-17,1035.9301
^NDXT,2008-07-18,1024.9301
^NDXT,2008-07-21,1013.95
^NDXT,2008-07-22,1006.45
^NDXT,2008-07-23,1016.88
^NDXT,2008-07-24,986.59
^NDXT,2008-07-25,1004.51
^NDXT,2008-07-28,985.07
^NDXT,2008-07-29,1010.31
^NDXT,2008-07-30,1014.16
^NDXT,2008-07-31,1008.7
^NDXT,2008-08-01,1001.44
^NDXT,2008-08-04,995.06
^NDXT,2008-08-05,1024.9399
^NDXT,2008-08-06,1042.7
^NDXT,2008-08-07,1040.08
^NDXT,2008-08-08,1060.3
^NDXT,2008-08-11,1071.27
^NDXT,2008-08-12,1069.29
^NDXT,2008-08-13,1067.04
^NDXT,2008-08-14,1080.8101
^NDXT,2008-08-15,1081.65
^NDXT,2008-08-18,1063.4
^NDXT,2008-08-19,1048.87
^NDXT,2008-08-20,1054.41
^NDXT,2008-08-21,1050.24
^NDXT,2008-08-22,1064.2
^NDXT,2008-08-25,1042.9301
^NDXT,2008-08-26,1034.09
^NDXT,2008-08-27,1045.75
^NDXT,2008-08-28,1055.77
^NDXT,2008-08-29,1026.79
^NDXT,2008-09-02,1014.57
^NDXT,2008-09-03,990.38
^NDXT,2008-09-04,954.11
^NDXT,2008-09-05,961.0
^NDXT,2008-09-08,960.94
^NDXT,2008-09-09,931.92
^NDXT,2008-09-10,939.31
^NDXT,2008-09-11,950.37
^NDXT,2008-09-12,948.03
^NDXT,2008-09-15,912.46
^NDXT,2008-09-16,918.84
^NDXT,2008-09-17,885.25
^NDXT,2008-09-18,926.77
^NDXT,2008-09-19,956.06
^NDXT,2008-09-22,911.41
^NDXT,2008-09-23,900.3
^NDXT,2008-09-24,908.16
^NDXT,2008-09-25,919.85
^NDXT,2008-09-26,910.52
^NDXT,2008-09-29,820.44
^NDXT,2008-09-30,872.63
^NDXT,2008-10-01,858.36
^NDXT,2008-10-02,814.72
^NDXT,2008-10-03,794.01
^NDXT,2008-10-06,764.5
^NDXT,2008-10-07,713.86
^NDXT,2008-10-08,713.49
^NDXT,2008-10-09,689.45
^NDXT,2008-10-10,683.72
^NDXT,2008-10-13,769.41
^NDXT,2008-10-14,735.45
^NDXT,2008-10-15,669.13
^NDXT,2008-10-16,704.13
^NDXT,2008-10-17,702.08
^NDXT,2008-10-20,726.8
^NDXT,2008-10-21,687.04
^NDXT,2008-10-22,656.35
^NDXT,2008-10-23,644.79
^NDXT,2008-10-24,627.33
^NDXT,2008-10-28,682.8
^NDXT,2008-10-29,678.6
^NDXT,2008-10-30,692.67
^NDXT,2008-10-31,692.99
^NDXT,2008-11-03,692.21
^NDXT,2008-11-04,723.55
^NDXT,2008-11-05,687.02
^NDXT,2008-11-06,647.49
^NDXT,2008-11-07,663.41
^NDXT,2008-11-10,646.73
^NDXT,2008-11-11,630.4
^NDXT,2008-11-12,596.38
^NDXT,2008-11-13,636.79
^NDXT,2008-11-14,606.84
^NDXT,2008-11-17,588.01
^NDXT,2008-11-18,587.66
^NDXT,2008-11-19,546.86
^NDXT,2008-11-20,525.92
^NDXT,2008-11-21,552.58
^NDXT,2008-11-24,589.07
^NDXT,2008-11-25,579.7
^NDXT,2008-11-26,612.76
^NDXT,2008-11-28,610.19
^NDXT,2008-12-01,558.18
^NDXT,2008-12-02,577.17
^NDXT,2008-12-03,599.51
^NDXT,2008-12-04,567.63
^NDXT,2008-12-05,597.17
^NDXT,2008-12-08,621.76
^NDXT,2008-12-09,629.66
^NDXT,2008-12-10,639.4
^NDXT,2008-12-11,616.62
^NDXT,2008-12-12,635.56
^NDXT,2008-12-15,622.14
^NDXT,2008-12-16,657.42
^NDXT,2008-12-17,654.54
^NDXT,2008-12-18,630.69
^NDXT,2008-12-19,640.75
^NDXT,2008-12-22,622.59
^NDXT,2008-12-23,616.09
^NDXT,2008-12-24,616.26
^NDXT,2008-12-26,613.72
^NDXT,2008-12-29,609.29
^NDXT,2008-12-30,627.38
^NDXT,2008-12-31,633.5
^NDXT,2009-01-02,664.19
^NDXT,2009-01-05,665.95
^NDXT,2009-01-06,687.13
^NDXT,2009-01-07,662.74
^NDXT,2009-01-08,665.1
^NDXT,2009-01-09,649.27
^NDXT,2009-01-12,630.13
^NDXT,2009-01-13,630.06
^NDXT,2009-01-14,608.5
^NDXT,2009-01-15,617.02
^NDXT,2009-01-16,627.71
^NDXT,2009-01-20,588.38
^NDXT,2009-01-21,614.4
^NDXT,2009-01-22,597.76
^NDXT,2009-01-23,612.69
^NDXT,2009-01-26,618.16
^NDXT,2009-01-27,632.73
^NDXT,2009-01-28,658.12
^NDXT,2009-01-29,634.39
^NDXT,2009-01-30,617.81
^NDXT,2009-02-02,625.16
^NDXT,2009-02-03,634.77
^NDXT,2009-02-04,638.74
^NDXT,2009-02-05,659.73
^NDXT,2009-02-06,680.88
^NDXT,2009-02-09,682.28
^NDXT,2009-02-10,648.65
^NDXT,2009-02-11,645.44
^NDXT,2009-02-12,655.83
^NDXT,2009-02-13,654.5
^NDXT,2009-02-17,622.18
^NDXT,2009-02-18,623.94
^NDXT,2009-02-19,604.87
^NDXT,2009-02-20,608.46
^NDXT,2009-02-23,582.68
^NDXT,2009-02-24,609.67
^NDXT,2009-02-25,614.46
^NDXT,2009-02-26,603.57
^NDXT,2009-02-27,603.55
^NDXT,2009-03-02,576.35
^NDXT,2009-03-03,583.61
^NDXT,2009-03-04,603.89
^NDXT,2009-03-05,585.12
^NDXT,2009-03-06,582.39
^NDXT,2009-03-09,568.17
^NDXT,2009-03-10,610.52
^NDXT,2009-03-11,623.26
^NDXT,2009-03-12,643.38
^NDXT,2009-03-13,646.73
^NDXT,2009-03-16,630.68
^NDXT,2009-03-17,656.97
^NDXT,2009-03-18,687.23
^NDXT,2009-03-19,686.4
^NDXT,2009-03-20,666.75
^NDXT,2009-03-23,709.38
^NDXT,2009-03-24,695.03
^NDXT,2009-03-25,698.08
^NDXT,2009-03-26,728.76
^NDXT,2009-03-27,704.92
^NDXT,2009-03-30,682.3
^NDXT,2009-03-31,692.71
^NDXT,2009-04-01,707.7
^NDXT,2009-04-02,734.54
^NDXT,2009-04-03,751.46
^NDXT,2009-04-06,740.79
^NDXT,2009-04-07,717.4
^NDXT,2009-04-08,739.2
^NDXT,2009-04-09,766.65
^NDXT,2009-04-13,759.61
^NDXT,2009-04-14,755.64
^NDXT,2009-04-15,747.81
^NDXT,2009-04-16,773.39
^NDXT,2009-04-17,776.37
^NDXT,2009-04-20,749.6
^NDXT,2009-04-21,759.93
^NDXT,2009-04-22,771.46
^NDXT,2009-04-23,767.28
^NDXT,2009-04-24,789.68
^NDXT,2009-04-27,780.09
^NDXT,2009-04-28,772.14
^NDXT,2009-04-29,786.97
^NDXT,2009-04-30,805.86
^NDXT,2009-05-01,812.79
^NDXT,2009-05-04,837.21
^NDXT,2009-05-05,829.89
^NDXT,2009-05-06,831.12
^NDXT,2009-05-07,794.33
^NDXT,2009-05-08,790.93
^NDXT,2009-05-11,790.88
^NDXT,2009-05-12,781.32
^NDXT,2009-05-13,758.72
^NDXT,2009-05-14,773.81
^NDXT,2009-05-15,773.37
^NDXT,2009-05-18,796.8
^NDXT,2009-05-19,805.31
^NDXT,2009-05-20,801.63
^NDXT,2009-05-21,792.16
^NDXT,2009-05-22,794.5
^NDXT,2009-05-26,824.59
^NDXT,2009-05-27,818.6
^NDXT,2009-05-28,831.37
^NDXT,2009-05-29,839.23
^NDXT,2009-06-01,872.51
^NDXT,2009-06-02,858.76
^NDXT,2009-06-03,848.47
^NDXT,2009-06-04,863.03
^NDXT,2009-06-05,860.9
^NDXT,2009-06-08,855.06
^NDXT,2009-06-09,875.39
^NDXT,2009-06-10,874.5
^NDXT,2009-06-11,876.18
^NDXT,2009-06-12,871.92
^NDXT,2009-06-15,853.86
^NDXT,2009-06-16,840.09
^NDXT,2009-06-17,844.59
^NDXT,2009-06-18,835.41
^NDXT,2009-06-19,846.03
^NDXT,2009-06-22,815.89
^NDXT,2009-06-23,816.43
^NDXT,2009-06-24,832.85
^NDXT,2009-06-25,846.57
^NDXT,2009-06-26,849.23
^NDXT,2009-06-29,851.13
^NDXT,2009-06-30,848.27
^NDXT,2009-07-01,854.26
^NDXT,2009-07-02,839.25
^NDXT,2009-07-06,835.09
^NDXT,2009-07-07,812.88
^NDXT,2009-07-08,809.19
^NDXT,2009-07-09,820.39
^NDXT,2009-07-10,826.74
^NDXT,2009-07-13,842.66
^NDXT,2009-07-14,849.06
^NDXT,2009-07-15,884.53
^NDXT,2009-07-16,897.55
^NDXT,2009-07-17,904.27
^NDXT,2009-07-20,916.22
^NDXT,2009-07-21,921.21
^NDXT,2009-07-22,932.73
^NDXT,2009-07-23,951.46
^NDXT,2009-07-24,951.57
^NDXT,2009-07-27,953.28
^NDXT,2009-07-28,957.28
^NDXT,2009-07-29,949.21
^NDXT,2009-07-30,943.59
^NDXT,2009-07-31,941.69
^NDXT,2009-08-03,956.7
^NDXT,2009-08-04,960.65
^NDXT,2009-08-05,955.24
^NDXT,2009-08-06,943.57
^NDXT,2009-08-07,951.53
^NDXT,2009-08-10,945.52
^NDXT,2009-08-11,936.45
^NDXT,2009-08-12,957.28
^NDXT,2009-08-13,968.35
^NDXT,2009-08-14,955.7
^NDXT,2009-08-17,926.84
^NDXT,2009-08-18,943.4
^NDXT,2009-08-19,947.99
^NDXT,2009-08-20,955.8
^NDXT,2009-08-21,968.7
^NDXT,2009-08-24,961.24
^NDXT,2009-08-25,962.71
^NDXT,2009-08-26,965.66
^NDXT,2009-08-27,973.19
^NDXT,2009-08-28,980.8
^NDXT,2009-08-31,966.86
^NDXT,2009-09-01,946.11
^NDXT,2009-09-02,944.35
^NDXT,2009-09-03,953.69
^NDXT,2009-09-04,976.93
^NDXT,2009-09-08,992.55
^NDXT,2009-09-09,1005.37
^NDXT,2009-09-10,1021.41
^NDXT,2009-09-11,1017.71
^NDXT,2009-09-14,1020.03
^NDXT,2009-09-15,1026.63
^NDXT,2009-09-16,1033.92
^NDXT,2009-09-17,1023.03
^NDXT,2009-09-18,1026.52
^NDXT,2009-09-21,1028.5601
^NDXT,2009-09-22,1032.79
^NDXT,2009-09-23,1033.17
^NDXT,2009-09-24,1019.67
^NDXT,2009-09-25,1010.53
^NDXT,2009-09-28,1031.52
^NDXT,2009-09-29,1022.44
^NDXT,2009-09-30,1030.1801
^NDXT,2009-10-01,993.11
^NDXT,2009-10-02,988.64
^NDXT,2009-10-05,1002.5
^NDXT,2009-10-06,1022.71
^NDXT,2009-10-07,1022.13
^NDXT,2009-10-08,1027.27
^NDXT,2009-10-09,1043.21
^NDXT,2009-10-12,1048.8
^NDXT,2009-10-13,1051.7
^NDXT,2009-10-14,1064.6899
^NDXT,2009-10-15,1059.0601
^NDXT,2009-10-16,1048.04
^NDXT,2009-10-19,1062.5
^NDXT,2009-10-20,1057.5699
^NDXT,2009-10-21,1050.38
^NDXT,2009-10-22,1063.4399
^NDXT,2009-10-23,1048.45
^NDXT,2009-10-26,1043.42
^NDXT,2009-10-27,1024.55
^NDXT,2009-10-28,996.82
^NDXT,2009-10-29,1022.95
^NDXT,2009-10-30,993.73
^NDXT,2009-11-02,997.66
^NDXT,2009-11-03,999.16
^NDXT,2009-11-04,1003.21
^NDXT,2009-11-05,1026.87
^NDXT,2009-11-06,1029.76
^NDXT,2009-11-09,1056.5699
^NDXT,2009-11-10,1055.08
^NDXT,2009-11-11,1062.9
^NDXT,2009-11-12,1053.6801
^NDXT,2009-11-13,1065.0601
^NDXT,2009-11-16,1080.12
^NDXT,2009-11-17,1083.09
^NDXT,2009-11-18,1069.59
^NDXT,2009-11-19,1048.61
^NDXT,2009-11-20,1037.53
^NDXT,2009-11-23,1055.59
^NDXT,2009-11-24,1051.55
^NDXT,2009-11-25,1056.9399
^NDXT,2009-11-27,1038.75
^NDXT,2009-11-30,1037.62
^NDXT,2009-12-01,1057.75
^NDXT,2009-12-02,1064.84
^NDXT,2009-12-03,1061.15
^NDXT,2009-12-04,1077.0699
^NDXT,2009-12-07,1078.05
^NDXT,2009-12-08,1072.22
^NDXT,2009-12-09,1080.25
^NDXT,2009-12-10,1081.86
^NDXT,2009-12-11,1075.7
^NDXT,2009-12-14,1089.34
^NDXT,2009-12-15,1085.73
^NDXT,2009-12-16,1102.35
^NDXT,2009-12-17,1088.0601
^NDXT,2009-12-18,1105.72
^NDXT,2009-12-21,1119.61
^NDXT,2009-12-22,1124.9399
^NDXT,2009-12-23,1134.63
^NDXT,2009-12-24,1148.27
^NDXT,2009-12-28,1145.3
^NDXT,2009-12-29,1139.97
^NDXT,2009-12-30,1149.73
^NDXT,2009-12-31,1137.92
^NDXT,2010-01-04,1156.65
^NDXT,2010-01-05,1157.0601
^NDXT,2010-01-06,1151.86
^NDXT,2010-01-07,1142.26
^NDXT,2010-01-08,1154.76
^NDXT,2010-01-11,1150.8199
^NDXT,2010-01-12,1130.7
^NDXT,2010-01-13,1149.75
^NDXT,2010-01-14,1151.1
^NDXT,2010-01-15,1130.49
^NDXT,2010-01-19,1145.25
^NDXT,2010-01-20,1129.66
^NDXT,2010-01-21,1123.73
^NDXT,2010-01-22,1080.9399
^NDXT,2010-01-25,1087.54
^NDXT,2010-01-26,1086.3
^NDXT,2010-01-27,1094.53
^NDXT,2010-01-28,1065.3
^NDXT,2010-01-29,1035.38
^NDXT,2010-02-01,1057.33
^NDXT,2010-02-02,1066.92
^NDXT,2010-02-03,1070.73
^NDXT,2010-02-04,1035.92
^NDXT,2010-02-05,1051.1
^NDXT,2010-02-08,1046.04
^NDXT,2010-02-09,1059.11
^NDXT,2010-02-10,1061.0
^NDXT,2010-02-11,1079.39
^NDXT,2010-02-12,1080.02
^NDXT,2010-02-16,1098.8101
^NDXT,2010-02-17,1103.22
^NDXT,2010-02-18,1110.39
^NDXT,2010-02-19,1111.05
^NDXT,2010-02-22,1106.5601
^NDXT,2010-02-23,1087.6801
^NDXT,2010-02-24,1103.12
^NDXT,2010-02-25,1100.04
^NDXT,2010-02-26,1102.9399
^NDXT,2010-03-01,1128.08
^NDXT,2010-03-02,1127.76
^NDXT,2010-03-03,1122.54
^NDXT,2010-03-04,1125.39
^NDXT,2010-03-05,1141.29
^NDXT,2010-03-08,1144.4301
^NDXT,2010-03-09,1148.36
^NDXT,2010-03-10,1161.02
^NDXT,2010-03-11,1160.98
^NDXT,2010-03-12,1159.5601
^NDXT,2010-03-15,1156.3199
^NDXT,2010-03-16,1168.58
^NDXT,2010-03-17,1173.05
^NDXT,2010-03-18,1173.1
^NDXT,2010-03-19,1160.75
^NDXT,2010-03-22,1177.04
^NDXT,2010-03-23,1191.29
^NDXT,2010-03-24,1180.74
^NDXT,2010-03-25,1176.85
^NDXT,2010-03-26,1173.03
^NDXT,2010-03-29,1176.37
^NDXT,2010-03-30,1178.24
^NDXT,2010-03-31,1172.63
^NDXT,2010-04-01,1172.55
^NDXT,2010-04-05,1191.27
^NDXT,2010-04-06,1195.65
^NDXT,2010-04-07,1190.59
^NDXT,2010-04-08,1188.4399
^NDXT,2010-04-09,1202.13
^NDXT,2010-04-12,1205.92
^NDXT,2010-04-13,1210.4
^NDXT,2010-04-14,1238.7
^NDXT,2010-04-15,1243.28
^NDXT,2010-04-16,1226.65
^NDXT,2010-04-19,1220.89
^NDXT,2010-04-20,1236.79
^NDXT,2010-04-21,1234.17
^NDXT,2010-04-22,1246.1801
^NDXT,2010-04-23,1254.03
^NDXT,2010-04-26,1249.9301
^NDXT,2010-04-27,1219.67
^NDXT,2010-04-28,1224.59
^NDXT,2010-04-29,1238.8
^NDXT,2010-04-30,1205.67
^NDXT,2010-05-03,1226.34
^NDXT,2010-05-04,1184.3101
^NDXT,2010-05-05,1175.41
^NDXT,2010-05-06,1139.3
^NDXT,2010-05-07,1114.24
^NDXT,2010-05-10,1173.52
^NDXT,2010-05-11,1171.0601
^NDXT,2010-05-12,1199.23
^NDXT,2010-05-13,1177.9301
^NDXT,2010-05-14,1148.55
^NDXT,2010-05-17,1155.5699
^NDXT,2010-05-18,1135.48
^NDXT,2010-05-19,1130.8199
^NDXT,2010-05-20,1090.77
^NDXT,2010-05-21,1109.3101
^NDXT,2010-05-24,1096.01
^NDXT,2010-05-25,1094.29
^NDXT,2010-05-26,1085.9301
^NDXT,2010-05-27,1135.86
^NDXT,2010-05-28,1125.4
^NDXT,2010-06-01,1106.88
^NDXT,2010-06-02,1138.28
^NDXT,2010-06-03,1155.03
^NDXT,2010-06-04,1111.79
^NDXT,2010-06-07,1082.34
^NDXT,2010-06-08,1081.66
^NDXT,2010-06-09,1073.92
^NDXT,2010-06-10,1107.47
^NDXT,2010-06-11,1119.0699
^NDXT,2010-06-14,1120.16
^NDXT,2010-06-15,1162.71
^NDXT,2010-06-16,1164.52
^NDXT,2010-06-17,1167.79
^NDXT,2010-06-18,1167.55
^NDXT,2010-06-21,1157.05
^NDXT,2010-06-22,1140.92
^NDXT,2010-06-23,1139.35
^NDXT,2010-06-24,1112.24
^NDXT,2010-06-25,1110.61
^NDXT,2010-06-28,1109.78
^NDXT,2010-06-29,1063.37
^NDXT,2010-06-30,1050.12
^NDXT,2010-07-01,1051.66
^NDXT,2010-07-02,1047.45
^NDXT,2010-07-06,1049.4
^NDXT,2010-07-07,1093.61
^NDXT,2010-07-08,1096.37
^NDXT,2010-07-09,1107.14
^NDXT,2010-07-12,1117.5
^NDXT,2010-07-13,1139.84
^NDXT,2010-07-15,1146.13
^NDXT,2010-07-16,1109.05
^NDXT,2010-07-19,1127.95
^NDXT,2010-07-20,1136.91
^NDXT,2010-07-21,1111.05
^NDXT,2010-07-22,1143.58
^NDXT,2010-07-23,1153.84
^NDXT,2010-07-26,1165.16
^NDXT,2010-07-27,1161.17
^NDXT,2010-07-28,1147.38
^NDXT,2010-07-29,1139.9399
^NDXT,2010-07-30,1138.97
^NDXT,2010-08-02,1159.1
^NDXT,2010-08-03,1155.29
^NDXT,2010-08-04,1166.05
^NDXT,2010-08-05,1159.1899
^NDXT,2010-08-06,1158.13
^NDXT,2010-08-09,1164.87
^NDXT,2010-08-10,1148.3
^NDXT,2010-08-11,1113.52
^NDXT,2010-08-12,1093.76
^NDXT,2010-08-13,1089.95
^NDXT,2010-08-16,1092.8
^NDXT,2010-08-17,1106.21
^NDXT,2010-08-18,1112.27
^NDXT,2010-08-19,1103.52
^NDXT,2010-08-20,1111.62
^NDXT,2010-08-23,1097.89
^NDXT,2010-08-24,1082.55
^NDXT,2010-08-25,1087.92
^NDXT,2010-08-26,1075.46
^NDXT,2010-08-27,1092.6899
^NDXT,2010-08-30,1073.87
^NDXT,2010-08-31,1063.91
^NDXT,2010-09-01,1096.89
^NDXT,2010-09-02,1113.2
^NDXT,2010-09-03,1129.14
^NDXT,2010-09-07,1118.6801
^NDXT,2010-09-08,1132.53
^NDXT,2010-09-09,1134.91
^NDXT,2010-09-10,1131.0699
^NDXT,2010-09-13,1158.64
^NDXT,2010-09-14,1167.21
^NDXT,2010-09-15,1171.0699
^NDXT,2010-09-16,1175.21
^NDXT,2010-09-17,1178.92
^NDXT,2010-09-20,1191.1
^NDXT,2010-09-21,1189.8
^NDXT,2010-09-22,1172.21
^NDXT,2010-09-23,1173.6899
^NDXT,2010-09-24,1206.41
^NDXT,2010-09-27,1202.0699
^NDXT,2010-09-28,1214.0
^NDXT,2010-09-29,1220.96
^NDXT,2010-09-30,1214.53
^NDXT,2010-10-01,1215.1
^NDXT,2010-10-04,1199.72
^NDXT,2010-10-05,1227.9301
^NDXT,2010-10-06,1204.24
^NDXT,2010-10-07,1212.51
^NDXT,2010-10-08,1219.96
^NDXT,2010-10-11,1221.47
^NDXT,2010-10-12,1235.41
^NDXT,2010-10-13,1246.91
^NDXT,2010-10-14,1243.71
^NDXT,2010-10-15,1265.76
^NDXT,2010-10-18,1266.09
^NDXT,2010-10-19,1247.04
^NDXT,2010-10-20,1259.58
^NDXT,2010-10-21,1259.09
^NDXT,2010-10-22,1280.09
^NDXT,2010-10-25,1287.46
^NDXT,2010-10-26,1290.38
^NDXT,2010-10-27,1305.4399
^NDXT,2010-10-28,1303.33
^NDXT,2010-10-29,1310.87
^NDXT,2010-11-01,1308.3
^NDXT,2010-11-02,1319.64
^NDXT,2010-11-03,1322.66
^NDXT,2010-11-04,1348.58
^NDXT,2010-11-05,1348.45
^NDXT,2010-11-08,1352.75
^NDXT,2010-11-09,1349.51
^NDXT,2010-11-10,1353.9301
^NDXT,2010-11-11,1337.15
^NDXT,2010-11-12,1322.46
^NDXT,2010-11-15,1316.96
^NDXT,2010-11-16,1291.74
^NDXT,2010-11-17,1296.6899
^NDXT,2010-11-18,1322.91
^NDXT,2010-11-19,1329.49
^NDXT,2010-11-22,1339.49
^NDXT,2010-11-23,1317.6
^NDXT,2010-11-24,1345.74
^NDXT,2010-11-26,1337.78
^NDXT,2010-11-29,1331.59
^NDXT,2010-11-30,1315.23
^NDXT,2010-12-01,1353.74
^NDXT,2010-12-02,1374.85
^NDXT,2010-12-03,1384.01
^NDXT,2010-12-06,1380.36
^NDXT,2010-12-07,1383.14
^NDXT,2010-12-08,1392.4301
^NDXT,2010-12-09,1388.75
^NDXT,2010-12-10,1395.8199
^NDXT,2010-12-13,1386.77
^NDXT,2010-12-14,1385.3101
^NDXT,2010-12-15,1371.1
^NDXT,2010-12-16,1383.01
^NDXT,2010-12-17,1386.98
^NDXT,2010-12-20,1383.88
^NDXT,2010-12-21,1397.5
^NDXT,2010-12-22,1395.17
^NDXT,2010-12-23,1390.5699
^NDXT,2010-12-27,1393.3199
^NDXT,2010-12-28,1388.98
^NDXT,2010-12-29,1390.37
^NDXT,2010-12-30,1389.0
^NDXT,2010-12-31,1383.95
^NDXT,2011-01-03,1403.14
^NDXT,2011-01-04,1396.92
^NDXT,2011-01-05,1415.1
^NDXT,2011-01-06,1428.29
^NDXT,2011-01-07,1424.74
^NDXT,2011-01-10,1430.38
^NDXT,2011-01-11,1432.78
^NDXT,2011-01-12,1453.6801
^NDXT,2011-01-13,1453.5699
^NDXT,2011-01-14,1476.97
^NDXT,2011-01-18,1481.92
^NDXT,2011-01-19,1459.88
^NDXT,2011-01-20,1437.63
^NDXT,2011-01-21,1429.41
^NDXT,2011-01-24,1453.99
^NDXT,2011-01-25,1443.37
^NDXT,2011-01-26,1450.23
^NDXT,2011-01-27,1465.9399
^NDXT,2011-01-28,1429.83
^NDXT,2011-01-31,1436.04
^NDXT,2011-02-01,1470.72
^NDXT,2011-02-02,1475.8199
^NDXT,2011-02-03,1475.9301
^NDXT,2011-02-04,1491.67
^NDXT,2011-02-07,1495.2
^NDXT,2011-02-08,1497.9399
^NDXT,2011-02-09,1491.3101
^NDXT,2011-02-10,1493.34
^NDXT,2011-02-11,1502.15
^NDXT,2011-02-14,1510.1
^NDXT,2011-02-15,1500.9301
^NDXT,2011-02-16,1516.01
^NDXT,2011-02-17,1524.13
^NDXT,2011-02-18,1526.59
^NDXT,2011-02-22,1470.41
^NDXT,2011-02-23,1443.0699
^NDXT,2011-02-24,1456.9399
^NDXT,2011-02-25,1489.1801
^NDXT,2011-02-28,1480.11
^NDXT,2011-03-01,1452.16
^NDXT,2011-03-02,1463.86
^NDXT,2011-03-03,1494.49
^NDXT,2011-03-04,1482.42
^NDXT,2011-03-07,1456.03
^NDXT,2011-03-08,1464.73
^NDXT,2011-03-09,1444.62
^NDXT,2011-03-10,1413.04
^NDXT,2011-03-11,1422.97
^NDXT,2011-03-14,1414.98
^NDXT,2011-03-15,1393.66
^NDXT,2011-03-16,1363.98
^NDXT,2011-03-17,1376.66
^NDXT,2011-03-18,1378.03
^NDXT,2011-03-21,1403.77
^NDXT,2011-03-22,1398.6
^NDXT,2011-03-23,1411.66
^NDXT,2011-03-24,1445.0699
^NDXT,2011-03-25,1441.73
^NDXT,2011-03-28,1434.6801
^NDXT,2011-03-29,1450.1899
^NDXT,2011-03-30,1453.86
^NDXT,2011-03-31,1454.46
^NDXT,2011-04-01,1452.74
^NDXT,2011-04-04,1445.25
^NDXT,2011-04-05,1446.28
^NDXT,2011-04-06,1454.28
^NDXT,2011-04-07,1450.35
^NDXT,2011-04-08,1443.6801
^NDXT,2011-04-11,1440.4
^NDXT,2011-04-12,1425.59
^NDXT,2011-04-13,1440.89
^NDXT,2011-04-14,1442.54
^NDXT,2011-04-15,1440.95
^NDXT,2011-04-18,1422.89
^NDXT,2011-04-19,1426.35
^NDXT,2011-04-20,1472.34
^NDXT,2011-04-21,1477.0601
^NDXT,2011-04-25,1483.26
^NDXT,2011-04-26,1495.98
^NDXT,2011-04-27,1501.42
^NDXT,2011-04-28,1498.21
^NDXT,2011-04-29,1494.88
^NDXT,2011-05-02,1487.58
^NDXT,2011-05-03,1472.21
^NDXT,2011-05-04,1468.87
^NDXT,2011-05-05,1469.78
^NDXT,2011-05-06,1481.28
^NDXT,2011-05-09,1482.08
^NDXT,2011-05-10,1496.99
^NDXT,2011-05-11,1481.8
^NDXT,2011-05-12,1497.09
^NDXT,2011-05-13,1472.3
^NDXT,2011-05-16,1446.99
^NDXT,2011-05-17,1440.47
^NDXT,2011-05-18,1461.5
^NDXT,2011-05-19,1461.5
^NDXT,2011-05-20,1456.1
^NDXT,2011-05-23,1429.6899
^NDXT,2011-05-24,1420.01
^NDXT,2011-05-25,1425.76
^NDXT,2011-05-26,1441.89
^NDXT,2011-05-27,1453.38
^NDXT,2011-05-31,1472.53
^NDXT,2011-06-01,1433.28
^NDXT,2011-06-02,1438.21
^NDXT,2011-06-03,1409.64
^NDXT,2011-06-06,1396.78
^NDXT,2011-06-07,1397.5601
^NDXT,2011-06-08,1376.63
^NDXT,2011-06-09,1377.58
^NDXT,2011-06-10,1357.24
^NDXT,2011-06-13,1350.54
^NDXT,2011-06-14,1370.1801
^NDXT,2011-06-15,1340.34
^NDXT,2011-06-16,1327.26
^NDXT,2011-06-17,1314.03
^NDXT,2011-06-20,1318.59
^NDXT,2011-06-21,1354.35
^NDXT,2011-06-22,1344.8199
^NDXT,2011-06-23,1364.13
^NDXT,2011-06-24,1333.73
^NDXT,2011-06-27,1349.49
^NDXT,2011-06-28,1362.6
^NDXT,2011-06-29,1370.21
^NDXT,2011-06-30,1393.83
^NDXT,2011-07-01,1416.99
^NDXT,2011-07-05,1415.0
^NDXT,2011-07-06,1414.71
^NDXT,2011-07-07,1439.63
^NDXT,2011-07-08,1428.64
^NDXT,2011-07-11,1400.53
^NDXT,2011-07-12,1371.99
^NDXT,2011-07-13,1371.98
^NDXT,2011-07-14,1349.75
^NDXT,2011-07-15,1365.59
^NDXT,2011-07-18,1352.1
^NDXT,2011-07-19,1387.24
^NDXT,2011-07-20,1371.0699
^NDXT,2011-07-21,1370.79
^NDXT,2011-07-22,1394.51
^NDXT,2011-07-25,1383.48
^NDXT,2011-07-26,1391.2
^NDXT,2011-07-27,1343.22
^NDXT,2011-07-28,1336.12
^NDXT,2011-07-29,1327.63
^NDXT,2011-08-01,1324.59
^NDXT,2011-08-02,1289.5
^NDXT,2011-08-03,1303.6801
^NDXT,2011-08-04,1235.0699
^NDXT,2011-08-05,1220.37
^NDXT,2011-08-08,1144.15
^NDXT,2011-08-09,1197.66
^NDXT,2011-08-10,1153.49
^NDXT,2011-08-11,1213.72
^NDXT,2011-08-12,1221.28
^NDXT,2011-08-15,1243.4
^NDXT,2011-08-16,1225.64
^NDXT,2011-08-17,1211.97
^NDXT,2011-08-18,1137.21
^NDXT,2011-08-19,1121.74
^NDXT,2011-08-22,1130.05
^NDXT,2011-08-23,1183.2
^NDXT,2011-08-24,1186.65
^NDXT,2011-08-25,1160.77
^NDXT,2011-08-26,1193.71
^NDXT,2011-08-29,1236.03
^NDXT,2011-08-30,1240.41
^NDXT,2011-08-31,1240.01
^NDXT,2011-09-01,1222.9399
^NDXT,2011-09-02,1188.59
^NDXT,2011-09-06,1186.65
^NDXT,2011-09-07,1231.45
^NDXT,2011-09-08,1225.34
^NDXT,2011-09-09,1199.1899
^NDXT,2011-09-12,1221.02
^NDXT,2011-09-13,1239.5
^NDXT,2011-09-14,1268.63
^NDXT,2011-09-15,1285.5699
^NDXT,2011-09-16,1282.86
^NDXT,2011-09-19,1269.5699
^NDXT,2011-09-20,1253.6
^NDXT,2011-09-21,1235.6
^NDXT,2011-09-22,1190.37
^NDXT,2011-09-23,1209.86
^NDXT,2011-09-26,1226.7
^NDXT,2011-09-27,1248.58
^NDXT,2011-09-28,1218.86
^NDXT,2011-09-29,1208.88
^NDXT,2011-09-30,1171.0699
^NDXT,2011-10-03,1136.11
^NDXT,2011-10-04,1176.4301
^NDXT,2011-10-05,1219.33
^NDXT,2011-10-06,1242.4399
^NDXT,2011-10-07,1236.67
^NDXT,2011-10-10,1274.0601
^NDXT,2011-10-11,1278.63
^NDXT,2011-10-12,1287.22
^NDXT,2011-10-13,1306.76
^NDXT,2011-10-14,1325.78
^NDXT,2011-10-17,1296.14
^NDXT,2011-10-18,1317.8101
^NDXT,2011-10-19,1291.1899
^NDXT,2011-10-20,1281.22
^NDXT,2011-10-21,1313.11
^NDXT,2011-10-24,1348.26
^NDXT,2011-10-25,1325.8101
^NDXT,2011-10-26,1334.02
^NDXT,2011-10-27,1384.15
^NDXT,2011-10-28,1389.7
^NDXT,2011-10-31,1355.84
^NDXT,2011-11-01,1316.28
^NDXT,2011-11-02,1332.72
^NDXT,2011-11-03,1370.42
^NDXT,2011-11-04,1376.96
^NDXT,2011-11-07,1378.72
^NDXT,2011-11-08,1393.76
^NDXT,2011-11-09,1333.45
^NDXT,2011-11-10,1340.25
^NDXT,2011-11-11,1376.88
^NDXT,2011-11-14,1364.36
^NDXT,2011-11-15,1381.2
^NDXT,2011-11-16,1365.98
^NDXT,2011-11-17,1318.65
^NDXT,2011-11-18,1304.99
^NDXT,2011-11-21,1280.9399
^NDXT,2011-11-22,1273.51
^NDXT,2011-11-23,1239.17
^NDXT,2011-11-25,1229.9
^NDXT,2011-11-28,1273.84
^NDXT,2011-11-29,1268.23
^NDXT,2011-11-30,1330.22
^NDXT,2011-12-01,1337.0601
^NDXT,2011-12-02,1327.0699
^NDXT,2011-12-05,1344.98
^NDXT,2011-12-06,1339.38
^NDXT,2011-12-07,1339.74
^NDXT,2011-12-08,1310.85
^NDXT,2011-12-09,1335.84
^NDXT,2011-12-12,1311.99
^NDXT,2011-12-13,1292.0699
^NDXT,2011-12-14,1265.16
^NDXT,2011-12-15,1259.92
^NDXT,2011-12-16,1265.5
^NDXT,2011-12-19,1243.04
^NDXT,2011-12-20,1292.58
^NDXT,2011-12-21,1268.36
^NDXT,2011-12-22,1299.52
^NDXT,2011-12-23,1309.2
^NDXT,2011-12-27,1310.14
^NDXT,2011-12-28,1291.53
^NDXT,2011-12-29,1302.88
^NDXT,2011-12-30,1300.5601
^NDXT,2012-01-03,1318.46
^NDXT,2012-01-04,1314.97
^NDXT,2012-01-05,1330.42
^NDXT,2012-01-06,1334.1899
^NDXT,2012-01-09,1343.23
^NDXT,2012-01-10,1356.91
^NDXT,2012-01-11,1361.29
^NDXT,2012-01-12,1367.28
^NDXT,2012-01-13,1350.2
^NDXT,2012-01-17,1361.02
^NDXT,2012-01-18,1397.8199
^NDXT,2012-01-19,1416.39
^NDXT,2012-01-20,1414.36
^NDXT,2012-01-23,1409.03
^NDXT,2012-01-24,1415.87
^NDXT,2012-01-25,1428.22
^NDXT,2012-01-26,1414.52
^NDXT,2012-01-27,1422.58
^NDXT,2012-01-30,1421.36
^NDXT,2012-01-31,1423.36
^NDXT,2012-02-01,1453.87
^NDXT,2012-02-02,1462.62
^NDXT,2012-02-03,1485.17
^NDXT,2012-02-06,1473.2
^NDXT,2012-02-07,1476.3199
^NDXT,2012-02-08,1490.28
^NDXT,2012-02-09,1501.9301
^NDXT,2012-02-10,1477.29
^NDXT,2012-02-13,1482.33
^NDXT,2012-02-14,1489.11
^NDXT,2012-02-15,1485.11
^NDXT,2012-02-16,1515.96
^NDXT,2012-02-17,1500.22
^NDXT,2012-02-21,1490.97
^NDXT,2012-02-22,1489.3101
^NDXT,2012-02-23,1494.21
^NDXT,2012-02-24,1495.39
^NDXT,2012-02-27,1496.08
^NDXT,2012-02-28,1505.9399
^NDXT,2012-02-29,1488.34
^NDXT,2012-03-01,1497.05
^NDXT,2012-03-02,1491.4399
^NDXT,2012-03-05,1468.89
^NDXT,2012-03-06,1449.4399
^NDXT,2012-03-07,1465.0699
^NDXT,2012-03-08,1481.09
^NDXT,2012-03-09,1494.36
^NDXT,2012-03-12,1488.98
^NDXT,2012-03-13,1523.04
^NDXT,2012-03-14,1515.01
^NDXT,2012-03-15,1528.1
^NDXT,2012-03-16,1529.58
^NDXT,2012-03-19,1536.53
^NDXT,2012-03-20,1529.5601
^NDXT,2012-03-21,1535.3101
^NDXT,2012-03-22,1530.4399
^NDXT,2012-03-23,1528.71
^NDXT,2012-03-26,1554.4399
^NDXT,2012-03-27,1551.1801
^NDXT,2012-03-28,1539.6801
^NDXT,2012-03-29,1541.13
^NDXT,2012-03-30,1545.29
^NDXT,2012-04-02,1554.14
^NDXT,2012-04-03,1540.3
^NDXT,2012-04-04,1511.92
^NDXT,2012-04-05,1511.91
^NDXT,2012-04-09,1494.58
^NDXT,2012-04-10,1468.6801
^NDXT,2012-04-11,1480.48
^NDXT,2012-04-12,1502.3199
^NDXT,2012-04-13,1478.8
^NDXT,2012-04-16,1476.64
^NDXT,2012-04-17,1499.58
^NDXT,2012-04-18,1494.9399
^NDXT,2012-04-19,1481.23
^NDXT,2012-04-20,1462.7
^NDXT,2012-04-23,1448.3199
^NDXT,2012-04-24,1433.1899
^NDXT,2012-04-25,1461.54
^NDXT,2012-04-26,1479.7
^NDXT,2012-04-27,1479.14
^NDXT,2012-04-30,1476.8199
^NDXT,2012-05-01,1482.91
^NDXT,2012-05-02,1483.09
^NDXT,2012-05-03,1456.51
^NDXT,2012-05-04,1422.23
^NDXT,2012-05-07,1413.37
^NDXT,2012-05-08,1407.83
^NDXT,2012-05-09,1403.25
^NDXT,2012-05-10,1389.0699
^NDXT,2012-05-11,1391.87
^NDXT,2012-05-14,1384.36
^NDXT,2012-05-15,1381.04
^NDXT,2012-05-16,1362.41
^NDXT,2012-05-17,1338.14
^NDXT,2012-05-18,1311.22
^NDXT,2012-05-21,1343.87
^NDXT,2012-05-22,1337.5699
^NDXT,2012-05-23,1339.97
^NDXT,2012-05-24,1317.59
^NDXT,2012-05-25,1324.3101
^NDXT,2012-05-29,1342.48
^NDXT,2012-05-30,1317.83
^NDXT,2012-05-31,1306.37
^NDXT,2012-06-01,1267.92
^NDXT,2012-06-04,1272.14
^NDXT,2012-06-05,1292.21
^NDXT,2012-06-06,1331.37
^NDXT,2012-06-07,1319.41
^NDXT,2012-06-08,1332.42
^NDXT,2012-06-11,1306.22
^NDXT,2012-06-12,1328.78
^NDXT,2012-06-13,1319.89
^NDXT,2012-06-14,1318.87
^NDXT,2012-06-15,1341.24
^NDXT,2012-06-18,1350.6
^NDXT,2012-06-19,1363.88
^NDXT,2012-06-20,1365.8101
^NDXT,2012-06-21,1318.98
^NDXT,2012-06-22,1335.38
^NDXT,2012-06-25,1301.4301
^NDXT,2012-06-26,1306.87
^NDXT,2012-06-27,1322.08
^NDXT,2012-06-28,1305.27
^NDXT,2012-06-29,1356.49
^NDXT,2012-07-02,1349.75
^NDXT,2012-07-03,1366.36
^NDXT,2012-07-05,1361.97
^NDXT,2012-07-06,1326.01
^NDXT,2012-07-09,1310.58
^NDXT,2012-07-10,1293.17
^NDXT,2012-07-11,1285.55
^NDXT,2012-07-12,1268.95
^NDXT,2012-07-13,1285.78
^NDXT,2012-07-16,1275.84
^NDXT,2012-07-17,1277.8101
^NDXT,2012-07-18,1312.08
^NDXT,2012-07-19,1328.9399
^NDXT,2012-07-20,1310.52
^NDXT,2012-07-23,1290.6801
^NDXT,2012-07-24,1280.74
^NDXT,2012-07-25,1295.5601
^NDXT,2012-07-26,1330.8
^NDXT,2012-07-27,1360.76
^NDXT,2012-07-30,1346.78
^NDXT,2012-07-31,1346.0
^NDXT,2012-08-01,1345.4399
^NDXT,2012-08-02,1337.9
^NDXT,2012-08-03,1368.51
^NDXT,2012-08-06,1382.23
^NDXT,2012-08-07,1404.71
^NDXT,2012-08-08,1408.83
^NDXT,2012-08-09,1413.49
^NDXT,2012-08-10,1419.5699
^NDXT,2012-08-13,1411.5
^NDXT,2012-08-14,1399.61
^NDXT,2012-08-15,1408.6899
^NDXT,2012-08-16,1434.37
^NDXT,2012-08-17,1432.6801
^NDXT,2012-08-20,1422.98
^NDXT,2012-08-21,1421.1
^NDXT,2012-08-22,1419.14
^NDXT,2012-08-23,1403.7
^NDXT,2012-08-24,1403.77
^NDXT,2012-08-27,1398.8101
^NDXT,2012-08-28,1398.73
^NDXT,2012-08-29,1400.16
^NDXT,2012-08-30,1377.72
^NDXT,2012-08-31,1388.21
^NDXT,2012-09-04,1383.9
^NDXT,2012-09-05,1381.47
^NDXT,2012-09-06,1424.21
^NDXT,2012-09-07,1419.49
^NDXT,2012-09-10,1401.65
^NDXT,2012-09-11,1404.4
^NDXT,2012-09-12,1406.59
^NDXT,2012-09-13,1422.76
^NDXT,2012-09-14,1438.23
^NDXT,2012-09-17,1426.67
^NDXT,2012-09-18,1424.03
^NDXT,2012-09-19,1422.4399
^NDXT,2012-09-20,1416.1899
^NDXT,2012-09-21,1416.16
^NDXT,2012-09-24,1403.26
^NDXT,2012-09-25,1383.13
^NDXT,2012-09-26,1373.33
^NDXT,2012-09-27,1395.49
^NDXT,2012-09-28,1391.58
^NDXT,2012-10-01,1389.78
^NDXT,2012-10-02,1397.26
^NDXT,2012-10-03,1394.61
^NDXT,2012-10-04,1401.17
^NDXT,2012-10-05,1395.36
^NDXT,2012-10-08,1385.87
^NDXT,2012-10-09,1358.3101
^NDXT,2012-10-10,1343.9301
^NDXT,2012-10-11,1347.04
^NDXT,2012-10-12,1343.23
^NDXT,2012-10-15,1353.63
^NDXT,2012-10-16,1375.84
^NDXT,2012-10-17,1363.74
^NDXT,2012-10-18,1353.76
^NDXT,2012-10-19,1324.1
^NDXT,2012-10-22,1328.42
^NDXT,2012-10-23,1327.02
^NDXT,2012-10-24,1314.21
^NDXT,2012-10-25,1323.26
^NDXT,2012-10-26,1319.08
^NDXT,2012-10-31,1309.22
^NDXT,2012-11-01,1349.38
^NDXT,2012-11-02,1333.5699
^NDXT,2012-11-05,1347.73
^NDXT,2012-11-06,1365.51
^NDXT,2012-11-07,1327.5699
^NDXT,2012-11-08,1313.35
^NDXT,2012-11-09,1315.03
^NDXT,2012-11-12,1312.97
^NDXT,2012-11-13,1299.6
^NDXT,2012-11-14,1287.33
^NDXT,2012-11-15,1288.8199
^NDXT,2012-11-16,1288.76
^NDXT,2012-11-19,1310.74
^NDXT,2012-11-20,1304.12
^NDXT,2012-11-21,1312.51
^NDXT,2012-11-23,1340.27
^NDXT,2012-11-26,1346.5
^NDXT,2012-11-27,1332.42
^NDXT,2012-11-28,1348.48
^NDXT,2012-11-29,1356.73
^NDXT,2012-11-30,1352.64
^NDXT,2012-12-03,1349.78
^NDXT,2012-12-04,1356.54
^NDXT,2012-12-05,1357.6801
^NDXT,2012-12-06,1373.63
^NDXT,2012-12-07,1376.23
^NDXT,2012-12-10,1386.35
^NDXT,2012-12-11,1406.12
^NDXT,2012-12-12,1401.15
^NDXT,2012-12-13,1393.5699
^NDXT,2012-12-14,1390.73
^NDXT,2012-12-17,1399.66
^NDXT,2012-12-18,1424.37
^NDXT,2012-12-19,1426.5
^NDXT,2012-12-20,1429.37
^NDXT,2012-12-21,1399.0601
^NDXT,2012-12-24,1394.21
^NDXT,2012-12-26,1389.8
^NDXT,2012-12-27,1384.64
^NDXT,2012-12-28,1370.79
^NDXT,2012-12-31,1394.75
^NDXT,2013-01-02,1445.29
^NDXT,2013-01-03,1434.83
^NDXT,2013-01-04,1437.01
^NDXT,2013-01-07,1437.27
^NDXT,2013-01-08,1428.01
^NDXT,2013-01-09,1439.0
^NDXT,2013-01-10,1450.28
^NDXT,2013-01-11,1455.91
^NDXT,2013-01-14,1459.34
^NDXT,2013-01-15,1459.08
^NDXT,2013-01-16,1463.53
^NDXT,2013-01-17,1478.6801
^NDXT,2013-01-18,1477.7
^NDXT,2013-01-22,1481.03
^NDXT,2013-01-23,1485.33
^NDXT,2013-01-24,1486.25
^NDXT,2013-01-25,1501.85
^NDXT,2013-01-28,1505.4301
^NDXT,2013-01-29,1488.74
^NDXT,2013-01-30,1488.15
^NDXT,2013-01-31,1487.86
^NDXT,2013-02-01,1507.37
^NDXT,2013-02-04,1484.96
^NDXT,2013-02-05,1498.3101
^NDXT,2013-02-06,1502.83
^NDXT,2013-02-07,1491.3
^NDXT,2013-02-08,1501.5601
^NDXT,2013-02-11,1498.48
^NDXT,2013-02-12,1497.29
^NDXT,2013-02-13,1499.98
^NDXT,2013-02-14,1508.79
^NDXT,2013-02-15,1506.3101
^NDXT,2013-02-19,1517.3199
^NDXT,2013-02-20,1487.23
^NDXT,2013-02-21,1465.34
^NDXT,2013-02-22,1482.5699
^NDXT,2013-02-25,1457.74
^NDXT,2013-02-26,1467.76
^NDXT,2013-02-27,1482.85
^NDXT,2013-02-28,1483.01
^NDXT,2013-03-01,1488.23
^NDXT,2013-03-04,1493.49
^NDXT,2013-03-05,1516.52
^NDXT,2013-03-06,1518.66
^NDXT,2013-03-07,1520.52
^NDXT,2013-03-08,1522.98
^NDXT,2013-03-11,1525.9399
^NDXT,2013-03-12,1525.0
^NDXT,2013-03-13,1526.77
^NDXT,2013-03-14,1533.24
^NDXT,2013-03-15,1515.9301
^NDXT,2013-03-18,1503.1
^NDXT,2013-03-19,1496.29
^NDXT,2013-03-20,1513.29
^NDXT,2013-03-21,1497.4301
^NDXT,2013-03-22,1507.05
^NDXT,2013-03-25,1499.3199
^NDXT,2013-03-26,1511.4
^NDXT,2013-03-27,1515.21
^NDXT,2013-03-28,1524.4399
^NDXT,2013-04-01,1506.74
^NDXT,2013-04-02,1510.49
^NDXT,2013-04-03,1492.11
^NDXT,2013-04-04,1496.33
^NDXT,2013-04-05,1481.1899
^NDXT,2013-04-08,1486.3101
^NDXT,2013-04-09,1498.09
^NDXT,2013-04-10,1531.1
^NDXT,2013-04-11,1528.4301
^NDXT,2013-04-12,1522.39
^NDXT,2013-04-15,1488.59
^NDXT,2013-04-16,1511.67
^NDXT,2013-04-17,1476.02
^NDXT,2013-04-18,1454.97
^NDXT,2013-04-19,1457.66
^NDXT,2013-04-22,1468.74
^NDXT,2013-04-23,1493.03
^NDXT,2013-04-24,1504.1801
^NDXT,2013-04-25,1515.91
^NDXT,2013-04-26,1504.34
^NDXT,2013-04-29,1518.5699
^NDXT,2013-04-30,1524.59
^NDXT,2013-05-01,1510.87
^NDXT,2013-05-02,1529.95
^NDXT,2013-05-03,1545.59
^NDXT,2013-05-06,1553.78
^NDXT,2013-05-07,1553.75
^NDXT,2013-05-08,1564.35
^NDXT,2013-05-09,1560.3199
^NDXT,2013-05-10,1572.35
^NDXT,2013-05-13,1559.13
^NDXT,2013-05-14,1567.9
^NDXT,2013-05-15,1579.39
^NDXT,2013-05-16,1581.35
^NDXT,2013-05-17,1594.49
^NDXT,2013-05-20,1587.7
^NDXT,2013-05-21,1588.99
^NDXT,2013-05-22,1566.88
^NDXT,2013-05-23,1563.1
^NDXT,2013-05-24,1560.84
^NDXT,2013-05-28,1571.61
^NDXT,2013-05-29,1569.79
^NDXT,2013-05-30,1590.4
^NDXT,2013-05-31,1575.16
^NDXT,2013-06-03,1576.36
^NDXT,2013-06-04,1573.27
^NDXT,2013-06-05,1556.71
^NDXT,2013-06-06,1564.45
^NDXT,2013-06-07,1583.27
^NDXT,2013-06-10,1581.86
^NDXT,2013-06-11,1564.02
^NDXT,2013-06-12,1547.3199
^NDXT,2013-06-13,1568.58
^NDXT,2013-06-14,1556.85
^NDXT,2013-06-17,1576.45
^NDXT,2013-06-18,1590.1899
^NDXT,2013-06-19,1576.87
^NDXT,2013-06-20,1539.15
^NDXT,2013-06-21,1536.38
^NDXT,2013-06-24,1512.21
^NDXT,2013-06-25,1531.52
^NDXT,2013-06-26,1545.3101
^NDXT,2013-06-27,1557.61
^NDXT,2013-06-28,1552.8199
^NDXT,2013-07-01,1558.29
^NDXT,2013-07-02,1553.54
^NDXT,2013-07-03,1558.41
^NDXT,2013-07-05,1574.3199
^NDXT,2013-07-08,1565.5601
^NDXT,2013-07-09,1577.6899
^NDXT,2013-07-10,1591.1
^NDXT,2013-07-11,1621.62
^NDXT,2013-07-12,1632.92
^NDXT,2013-07-15,1635.5699
^NDXT,2013-07-16,1636.17
^NDXT,2013-07-17,1644.87
^NDXT,2013-07-18,1649.4301
^NDXT,2013-07-19,1639.99
^NDXT,2013-07-22,1639.51
^NDXT,2013-07-23,1630.2
^NDXT,2013-07-24,1623.22
^NDXT,2013-07-25,1645.95
^NDXT,2013-07-26,1639.72
^NDXT,2013-07-29,1633.62
^NDXT,2013-07-30,1651.34
^NDXT,2013-07-31,1660.98
^NDXT,2013-08-01,1686.14
^NDXT,2013-08-02,1689.79
^NDXT,2013-08-05,1688.5699
^NDXT,2013-08-06,1679.89
^NDXT,2013-08-07,1675.58
^NDXT,2013-08-08,1685.13
^NDXT,2013-08-09,1682.21
^NDXT,2013-08-12,1689.25
^NDXT,2013-08-13,1697.98
^NDXT,2013-08-14,1688.3
^NDXT,2013-08-15,1652.4301
^NDXT,2013-08-16,1650.8
^NDXT,2013-08-19,1643.23
^NDXT,2013-08-20,1649.53
^NDXT,2013-08-21,1646.5
^NDXT,2013-08-22,1663.66
^NDXT,2013-08-23,1672.96
^NDXT,2013-08-26,1667.0699
^NDXT,2013-08-27,1631.12
^NDXT,2013-08-28,1640.91
^NDXT,2013-08-29,1653.04
^NDXT,2013-08-30,1643.54
^NDXT,2013-09-03,1658.46
^NDXT,2013-09-04,1679.26
^NDXT,2013-09-05,1684.75
^NDXT,2013-09-06,1686.36
^NDXT,2013-09-09,1704.74
^NDXT,2013-09-10,1724.46
^NDXT,2013-09-11,1731.4399
^NDXT,2013-09-12,1723.55
^NDXT,2013-09-13,1725.88
^NDXT,2013-09-16,1728.25
^NDXT,2013-09-17,1743.35
^NDXT,2013-09-18,1758.22
^NDXT,2013-09-19,1762.4301
^NDXT,2013-09-20,1755.4301
^NDXT,2013-09-23,1745.2
^NDXT,2013-09-24,1749.91
^NDXT,2013-09-25,1754.3199
^NDXT,2013-09-26,1759.83
^NDXT,2013-09-27,1754.5601
^NDXT,2013-09-30,1750.28
^NDXT,2013-10-01,1765.98
^NDXT,2013-10-02,1766.08
^NDXT,2013-10-03,1748.5
^NDXT,2013-10-04,1769.73
^NDXT,2013-10-07,1758.37
^NDXT,2013-10-08,1725.54
^NDXT,2013-10-09,1719.49
^NDXT,2013-10-10,1752.5
^NDXT,2013-10-11,1762.88
^NDXT,2013-10-14,1773.87
^NDXT,2013-10-15,1754.96
^NDXT,2013-10-16,1767.9399
^NDXT,2013-10-17,1778.08
^NDXT,2013-10-18,1799.71
^NDXT,2013-10-21,1805.33
^NDXT,2013-10-22,1799.39
^NDXT,2013-10-23,1764.45
^NDXT,2013-10-24,1767.71
^NDXT,2013-10-25,1769.76
^NDXT,2013-10-28,1773.16
^NDXT,2013-10-29,1788.4399
^NDXT,2013-10-30,1780.98
^NDXT,2013-10-31,1775.28
^NDXT,2013-11-01,1775.24
^NDXT,2013-11-04,1779.5699
^NDXT,2013-11-05,1777.4399
^NDXT,2013-11-06,1786.4301
^NDXT,2013-11-07,1758.21
^NDXT,2013-11-08,1781.4301
^NDXT,2013-11-11,1782.0
^NDXT,2013-11-12,1791.1
^NDXT,2013-11-13,1811.59
^NDXT,2013-11-14,1809.4399
^NDXT,2013-11-15,1820.77
^NDXT,2013-11-18,1801.26
^NDXT,2013-11-19,1783.77
^NDXT,2013-11-20,1777.65
^NDXT,2013-11-21,1800.46
^NDXT,2013-11-22,1801.9399
^NDXT,2013-11-25,1798.16
^NDXT,2013-11-26,1802.34
^NDXT,2013-11-27,1810.92
^NDXT,2013-11-29,1812.47
^NDXT,2013-12-02,1810.8
^NDXT,2013-12-03,1813.02
^NDXT,2013-12-04,1817.38
^NDXT,2013-12-05,1817.3
^NDXT,2013-12-06,1837.12
^NDXT,2013-12-09,1839.42
^NDXT,2013-12-10,1843.22
^NDXT,2013-12-11,1817.89
^NDXT,2013-12-12,1807.9
^NDXT,2013-12-13,1819.89
^NDXT,2013-12-16,1833.33
^NDXT,2013-12-17,1846.71
^NDXT,2013-12-18,1860.97
^NDXT,2013-12-19,1851.97
^NDXT,2013-12-20,1872.84
^NDXT,2013-12-23,1890.34
^NDXT,2013-12-24,1894.05
^NDXT,2013-12-26,1895.1
^NDXT,2013-12-27,1895.45
^NDXT,2013-12-30,1899.7
^NDXT,2013-12-31,1910.92
^NDXT,2014-01-02,1886.8101
^NDXT,2014-01-03,1883.21
^NDXT,2014-01-06,1876.46
^NDXT,2014-01-07,1897.71
^NDXT,2014-01-08,1912.25
^NDXT,2014-01-09,1899.77
^NDXT,2014-01-10,1907.28
^NDXT,2014-01-13,1879.88
^NDXT,2014-01-14,1919.61
^NDXT,2014-01-15,1945.95
^NDXT,2014-01-16,1940.99
^NDXT,2014-01-17,1933.0601
^NDXT,2014-01-21,1942.24
^NDXT,2014-01-22,1953.0699
^NDXT,2014-01-23,1941.78
^NDXT,2014-01-24,1901.5
^NDXT,2014-01-27,1886.0
^NDXT,2014-01-28,1894.96
^NDXT,2014-01-29,1877.9301
^NDXT,2014-01-30,1904.66
^NDXT,2014-01-31,1897.65
^NDXT,2014-02-03,1849.97
^NDXT,2014-02-04,1863.97
^NDXT,2014-02-05,1857.02
^NDXT,2014-02-06,1890.27
^NDXT,2014-02-07,1922.3
^NDXT,2014-02-10,1933.09
^NDXT,2014-02-11,1957.87
^NDXT,2014-02-12,1966.99
^NDXT,2014-02-13,1991.12
^NDXT,2014-02-14,1999.86
^NDXT,2014-02-18,2004.6899
^NDXT,2014-02-19,2003.65
^NDXT,2014-02-20,2016.51
^NDXT,2014-02-21,2015.61
^NDXT,2014-02-24,2025.23
^NDXT,2014-02-25,2017.1899
^NDXT,2014-02-26,2028.79
^NDXT,2014-02-27,2032.63
^NDXT,2014-02-28,2021.13
^NDXT,2014-03-03,2008.9
^NDXT,2014-03-04,2042.26
^NDXT,2014-03-05,2044.5
^NDXT,2014-03-06,2046.53
^NDXT,2014-03-07,2036.66
^NDXT,2014-03-10,2029.77
^NDXT,2014-03-11,2018.12
^NDXT,2014-03-12,2027.63
^NDXT,2014-03-13,1988.45
^NDXT,2014-03-14,1981.88
^NDXT,2014-03-17,2007.64
^NDXT,2014-03-18,2031.65
^NDXT,2014-03-19,2024.09
^NDXT,2014-03-20,2046.15
^NDXT,2014-03-21,2024.66
^NDXT,2014-03-24,2008.89
^NDXT,2014-03-25,2018.96
^NDXT,2014-03-26,1992.67
^NDXT,2014-03-27,1983.8101
^NDXT,2014-03-28,1994.08
^NDXT,2014-03-31,2015.95
^NDXT,2014-04-01,2049.6799
^NDXT,2014-04-02,2047.99
^NDXT,2014-04-03,2033.36
^NDXT,2014-04-04,1979.5
^NDXT,2014-04-07,1956.66
^NDXT,2014-04-08,1983.28
^NDXT,2014-04-09,2009.04
^NDXT,2014-04-10,1943.78
^NDXT,2014-04-11,1916.0
^NDXT,2014-04-14,1939.74
^NDXT,2014-04-15,1955.5601
^NDXT,2014-04-16,1966.6801
^NDXT,2014-04-17,1980.92
^NDXT,2014-04-21,1994.72
^NDXT,2014-04-22,2007.02
^NDXT,2014-04-23,1995.2
^NDXT,2014-04-24,1997.78
^NDXT,2014-04-25,1951.88
^NDXT,2014-04-28,1940.98
^NDXT,2014-04-29,1958.86
^NDXT,2014-04-30,1970.08
^NDXT,2014-05-01,1973.9
^NDXT,2014-05-02,1974.55
^NDXT,2014-05-05,1976.6801
^NDXT,2014-05-06,1959.03
^NDXT,2014-05-07,1945.6801
^NDXT,2014-05-08,1952.15
^NDXT,2014-05-09,1955.48
^NDXT,2014-05-12,1992.09
^NDXT,2014-05-13,1984.5699
^NDXT,2014-05-14,1976.8101
^NDXT,2014-05-15,1964.4
^NDXT,2014-05-16,1978.71
^NDXT,2014-05-19,1999.23
^NDXT,2014-05-20,1987.77
^NDXT,2014-05-21,2003.5699
^NDXT,2014-05-22,2014.21
^NDXT,2014-05-23,2033.28
^NDXT,2014-05-27,2056.99
^NDXT,2014-05-28,2051.5801
^NDXT,2014-05-29,2060.77
^NDXT,2014-05-30,2057.6299
^NDXT,2014-06-02,2063.9099
^NDXT,2014-06-03,2062.79
^NDXT,2014-06-04,2067.71
^NDXT,2014-06-05,2086.71
^NDXT,2014-06-06,2103.1899
^NDXT,2014-06-09,2106.3601
^NDXT,2014-06-10,2109.4299
^NDXT,2014-06-11,2113.0901
^NDXT,2014-06-12,2101.79
^NDXT,2014-06-13,2117.24
^NDXT,2014-06-16,2123.3501
^NDXT,2014-06-17,2132.8899
^NDXT,2014-06-18,2143.23
^NDXT,2014-06-19,2137.1399
^NDXT,2014-06-20,2138.3201
^NDXT,2014-06-23,2137.5
^NDXT,2014-06-24,2130.28
^NDXT,2014-06-25,2140.3799
^NDXT,2014-06-26,2134.04
^NDXT,2014-06-27,2141.6899
^NDXT,2014-06-30,2153.0701
^NDXT,2014-07-01,2177.77
^NDXT,2014-07-02,2178.29
^NDXT,2014-07-03,2193.29
^NDXT,2014-07-07,2180.1599
^NDXT,2014-07-08,2154.25
^NDXT,2014-07-09,2164.8701
^NDXT,2014-07-10,2156.6799
^NDXT,2014-07-11,2164.0801
^NDXT,2014-07-14,2174.79
^NDXT,2014-07-15,2173.04
^NDXT,2014-07-16,2185.0
^NDXT,2014-07-17,2150.0801
^NDXT,2014-07-18,2176.3999
^NDXT,2014-07-21,2176.02
^NDXT,2014-07-22,2190.8899
^NDXT,2014-07-23,2172.79
^NDXT,2014-07-24,2185.03
^NDXT,2014-07-25,2174.28
^NDXT,2014-07-28,2175.8401
^NDXT,2014-07-29,2168.9399
^NDXT,2014-07-30,2179.47
^NDXT,2014-07-31,2137.27
^NDXT,2014-08-01,2128.55
^NDXT,2014-08-04,2143.72
^NDXT,2014-08-05,2126.9399
^NDXT,2014-08-06,2123.3601
^NDXT,2014-08-07,2109.3101
^NDXT,2014-08-08,2130.01
^NDXT,2014-08-11,2143.8301
^NDXT,2014-08-12,2137.9299
^NDXT,2014-08-13,2159.95
^NDXT,2014-08-14,2167.8601
^NDXT,2014-08-15,2174.1299
^NDXT,2014-08-18,2189.76
^NDXT,2014-08-19,2201.8701
^NDXT,2014-08-20,2209.04
^NDXT,2014-08-21,2214.6201
^NDXT,2014-08-22,2212.6001
^NDXT,2014-08-25,2210.49
^NDXT,2014-08-26,2213.5
^NDXT,2014-08-27,2210.77
^NDXT,2014-08-28,2212.05
^NDXT,2014-08-29,2226.98
^NDXT,2014-09-02,2231.8899
^NDXT,2014-09-03,2233.9099
^NDXT,2014-09-04,2236.3701
^NDXT,2014-09-05,2255.8501
^NDXT,2014-09-08,2263.45
^NDXT,2014-09-09,2243.1001
^NDXT,2014-09-10,2252.3401
^NDXT,2014-09-11,2254.9199
^NDXT,2014-09-12,2241.0701
^NDXT,2014-09-15,2216.1499
^NDXT,2014-09-16,2240.48
^NDXT,2014-09-17,2246.01
^NDXT,2014-09-18,2272.6399
^NDXT,2014-09-19,2252.0
^NDXT,2014-09-22,2223.1499
^NDXT,2014-09-23,2216.51
^NDXT,2014-09-24,2238.71
^NDXT,2014-09-25,2195.27
^NDXT,2014-09-26,2219.72
^NDXT,2014-09-29,2221.8799
^NDXT,2014-09-30,2216.8101
^NDXT,2014-10-01,2170.51
^NDXT,2014-10-02,2169.47
^NDXT,2014-10-03,2186.1599
^NDXT,2014-10-06,2174.0701
^NDXT,2014-10-07,2135.28
^NDXT,2014-10-08,2176.5701
^NDXT,2014-10-09,2126.76
^NDXT,2014-10-10,2032.76
^NDXT,2014-10-13,2001.3199
^NDXT,2014-10-14,2014.61
^NDXT,2014-10-15,2017.03
^NDXT,2014-10-16,2023.41
^NDXT,2014-10-17,2048.1699
^NDXT,2014-10-20,2069.3201
^NDXT,2014-10-21,2128.8601
^NDXT,2014-10-22,2108.03
^NDXT,2014-10-23,2138.46
^NDXT,2014-10-24,2167.55
^NDXT,2014-10-27,2173.5801
^NDXT,2014-10-28,2208.7
^NDXT,2014-10-29,2197.8401
^NDXT,2014-10-30,2212.8799
^NDXT,2014-10-31,2263.51
^NDXT,2014-11-03,2272.79
^NDXT,2014-11-04,2275.8999
^NDXT,2014-11-05,2290.9399
^NDXT,2014-11-06,2287.48
^NDXT,2014-11-07,2280.3
^NDXT,2014-11-10,2293.79
^NDXT,2014-11-11,2291.1299
^NDXT,2014-11-12,2293.71
^NDXT,2014-11-13,2296.98
^NDXT,2014-11-14,2316.45
^NDXT,2014-11-17,2310.6201
^NDXT,2014-11-18,2326.45
^NDXT,2014-11-19,2313.48
^NDXT,2014-11-20,2324.3601
^NDXT,2014-11-21,2343.0
^NDXT,2014-11-24,2361.4099
^NDXT,2014-11-25,2359.1299
^NDXT,2014-11-26,2385.1001
^NDXT,2014-11-28,2396.1599
^NDXT,2014-12-01,2368.6299
^NDXT,2014-12-02,2378.8999
^NDXT,2014-12-03,2400.23
^NDXT,2014-12-04,2401.5801
^NDXT,2014-12-05,2411.0601
^NDXT,2014-12-08,2384.72
^NDXT,2014-12-09,2382.4199
^NDXT,2014-12-10,2349.1599
^NDXT,2014-12-11,2361.1499
^NDXT,2014-12-12,2328.98
^NDXT,2014-12-15,2313.21
^NDXT,2014-12-16,2288.24
^NDXT,2014-12-17,2330.22
^NDXT,2014-12-18,2382.0901
^NDXT,2014-12-19,2385.29
^NDXT,2014-12-22,2412.1399
^NDXT,2014-12-23,2413.03
^NDXT,2014-12-24,2413.98
^NDXT,2014-12-26,2416.4399
^NDXT,2014-12-29,2405.1699
^NDXT,2014-12-30,2390.72
^NDXT,2014-12-31,2367.8501
^NDXT,2015-01-02,2365.3799
^NDXT,2015-01-05,2327.1101
^NDXT,2015-01-06,2283.3799
^NDXT,2015-01-07,2300.4399
^NDXT,2015-01-08,2354.9399
^NDXT,2015-01-09,2350.0701
^NDXT,2015-01-12,2314.3999
^NDXT,2015-01-13,2298.74
^NDXT,2015-01-14,2285.53
^NDXT,2015-01-15,2257.6699
^NDXT,2015-01-16,2292.4299
^NDXT,2015-01-20,2306.4199
^NDXT,2015-01-21,2317.6799
^NDXT,2015-01-22,2344.6201
^NDXT,2015-01-23,2343.3
^NDXT,2015-01-26,2333.05
^NDXT,2015-01-27,2278.0901
^NDXT,2015-01-28,2254.95
^NDXT,2015-01-29,2271.71
^NDXT,2015-01-30,2229.54
^NDXT,2015-02-02,2243.1499
^NDXT,2015-02-03,2280.5
^NDXT,2015-02-04,2286.8301
^NDXT,2015-02-05,2303.3201
^NDXT,2015-02-06,2290.9199
^NDXT,2015-02-09,2281.1799
^NDXT,2015-02-10,2327.52
^NDXT,2015-02-11,2334.5901
^NDXT,2015-02-12,2372.8301
^NDXT,2015-02-13,2394.3601
^NDXT,2015-02-17,2394.76
^NDXT,2015-02-18,2387.71
^NDXT,2015-02-19,2398.97
^NDXT,2015-02-20,2417.8999
^NDXT,2015-02-23,2403.95
^NDXT,2015-02-24,2414.45
^NDXT,2015-02-25,2406.3201
^NDXT,2015-02-26,2417.6799
^NDXT,2015-02-27,2411.99
^NDXT,2015-03-02,2450.27
^NDXT,2015-03-03,2409.77
^NDXT,2015-03-04,2405.29
^NDXT,2015-03-05,2416.27
^NDXT,2015-03-06,2383.28
^NDXT,2015-03-09,2389.5601
^NDXT,2015-03-10,2345.51
^NDXT,2015-03-11,2341.03
^NDXT,2015-03-12,2352.49
^NDXT,2015-03-13,2350.3301
^NDXT,2015-03-16,2384.3501
^NDXT,2015-03-17,2376.4199
^NDXT,2015-03-18,2400.8899
^NDXT,2015-03-19,2407.73
^NDXT,2015-03-20,2431.8101
^NDXT,2015-03-23,2418.3401
^NDXT,2015-03-24,2401.9199
^NDXT,2015-03-25,2321.0801
^NDXT,2015-03-26,2304.0
^NDXT,2015-03-27,2340.3501
^NDXT,2015-03-30,2378.8899
^NDXT,2015-03-31,2352.3601
^NDXT,2015-04-01,2342.71
^NDXT,2015-04-02,2342.5601
^NDXT,2015-04-06,2355.0601
^NDXT,2015-04-07,2354.05
^NDXT,2015-04-08,2372.97
^NDXT,2015-04-09,2393.45
^NDXT,2015-04-10,2405.1899
^NDXT,2015-04-13,2388.1201
^NDXT,2015-04-14,2380.4099
^NDXT,2015-04-15,2406.3701
^NDXT,2015-04-16,2398.3799
^NDXT,2015-04-17,2366.25
^NDXT,2015-04-20,2394.46
^NDXT,2015-04-21,2407.74
^NDXT,2015-04-22,2427.2
^NDXT,2015-04-23,2418.6599
^NDXT,2015-04-24,2409.6001
^NDXT,2015-04-27,2408.55
^NDXT,2015-04-28,2414.1799
^NDXT,2015-04-29,2398.8401
^NDXT,2015-04-30,2370.22
^NDXT,2015-05-01,2409.8401
^NDXT,2015-05-04,2410.8501
^NDXT,2015-05-05,2368.5
^NDXT,2015-05-06,2356.29
^NDXT,2015-05-07,2373.6899
^NDXT,2015-05-08,2394.23
^NDXT,2015-05-11,2387.7
^NDXT,2015-05-12,2372.9199
^NDXT,2015-05-13,2385.79
^NDXT,2015-05-14,2420.23
^NDXT,2015-05-15,2412.26
^NDXT,2015-05-18,2425.3601
^NDXT,2015-05-19,2412.8201
^NDXT,2015-05-20,2416.3799
^NDXT,2015-05-21,2421.4099
^NDXT,2015-05-22,2427.45
^NDXT,2015-05-26,2399.01
^NDXT,2015-05-27,2456.23
^NDXT,2015-05-28,2458.6799
^NDXT,2015-05-29,2449.3701
^NDXT,2015-06-01,2460.1201
^NDXT,2015-06-02,2448.22
^NDXT,2015-06-03,2446.51
^NDXT,2015-06-04,2424.8501
^NDXT,2015-06-05,2426.4299
^NDXT,2015-06-08,2391.1101
^NDXT,2015-06-09,2384.79
^NDXT,2015-06-10,2418.52
^NDXT,2015-06-11,2419.0801
^NDXT,2015-06-12,2400.46
^NDXT,2015-06-15,2385.1299
^NDXT,2015-06-16,2394.76
^NDXT,2015-06-17,2399.0901
^NDXT,2015-06-18,2428.04
^NDXT,2015-06-19,2414.77
^NDXT,2015-06-22,2431.1001
^NDXT,2015-06-23,2423.3501
^NDXT,2015-06-24,2403.1499
^NDXT,2015-06-25,2394.8301
^NDXT,2015-06-26,2355.8899
^NDXT,2015-06-29,2299.47
^NDXT,2015-06-30,2298.79
^NDXT,2015-07-01,2307.6001
^NDXT,2015-07-02,2311.26
^NDXT,2015-07-06,2286.3201
^NDXT,2015-07-07,2289.7
^NDXT,2015-07-08,2249.9399
^NDXT,2015-07-09,2241.22
^NDXT,2015-07-10,2266.21
^NDXT,2015-07-13,2294.04
^NDXT,2015-07-14,2312.03
^NDXT,2015-07-15,2303.0601
^NDXT,2015-07-16,2309.52
^NDXT,2015-07-17,2321.6899
^NDXT,2015-07-20,2314.05
^NDXT,2015-07-21,2317.47
^NDXT,2015-07-22,2294.6101
^NDXT,2015-07-23,2311.6001
^NDXT,2015-07-24,2280.6299
^NDXT,2015-07-27,2257.47
^NDXT,2015-07-28,2279.9399
^NDXT,2015-07-29,2295.1799
^NDXT,2015-07-30,2312.1799
^NDXT,2015-07-31,2298.79
^NDXT,2015-08-03,2297.1001
^NDXT,2015-08-04,2288.8
^NDXT,2015-08-05,2313.8401
^NDXT,2015-08-06,2285.47
^NDXT,2015-08-07,2293.3799
^NDXT,2015-08-10,2334.9299
^NDXT,2015-08-11,2292.6899
^NDXT,2015-08-12,2296.8701
^NDXT,2015-08-13,2283.8899
^NDXT,2015-08-14,2288.6599
^NDXT,2015-08-17,2305.49
^NDXT,2015-08-18,2281.26
^NDXT,2015-08-19,2258.73
^NDXT,2015-08-20,2191.24
^NDXT,2015-08-21,2122.3701
^NDXT,2015-08-24,2050.4199
^NDXT,2015-08-25,2023.12
^NDXT,2015-08-26,2116.1899
^NDXT,2015-08-27,2178.75
^NDXT,2015-08-28,2181.72
^NDXT,2015-08-31,2168.1499
^NDXT,2015-09-01,2102.6599
^NDXT,2015-09-02,2145.22
^NDXT,2015-09-03,2152.79
^NDXT,2015-09-04,2118.1001
^NDXT,2015-09-08,2191.1399
^NDXT,2015-09-09,2161.5801
^NDXT,2015-09-10,2175.48
^NDXT,2015-09-11,2181.1899
^NDXT,2015-09-14,2178.47
^NDXT,2015-09-15,2203.0801
^NDXT,2015-09-16,2216.6399
^NDXT,2015-09-17,2200.97
^NDXT,2015-09-18,2166.47
^NDXT,2015-09-21,2173.3601
^NDXT,2015-09-22,2131.0901
^NDXT,2015-09-23,2122.1299
^NDXT,2015-09-24,2119.8
^NDXT,2015-09-25,2118.3999
^NDXT,2015-09-28,2067.8899
^NDXT,2015-09-29,2070.7
^NDXT,2015-09-30,2134.8101
^NDXT,2015-10-01,2121.3201
^NDXT,2015-10-02,2162.5601
^NDXT,2015-10-05,2206.21
^NDXT,2015-10-06,2212.49
^NDXT,2015-10-07,2229.8701
^NDXT,2015-10-08,2246.05
^NDXT,2015-10-09,2253.3201
^NDXT,2015-10-12,2256.49
^NDXT,2015-10-13,2236.21
^NDXT,2015-10-14,2266.6101
^NDXT,2015-10-15,2277.3601
^NDXT,2015-10-16,2283.21
^NDXT,2015-10-19,2287.6599
^NDXT,2015-10-20,2278.9199
^NDXT,2015-10-21,2269.3301
^NDXT,2015-10-22,2335.4199
^NDXT,2015-10-23,2370.4399
^NDXT,2015-10-26,2353.6101
^NDXT,2015-10-27,2355.51
^NDXT,2015-10-28,2374.55
^NDXT,2015-10-29,2332.8401
^NDXT,2015-10-30,2346.6599
^NDXT,2015-11-02,2366.45
^NDXT,2015-11-03,2374.49
^NDXT,2015-11-04,2371.52
^NDXT,2015-11-05,2361.53
^NDXT,2015-11-06,2389.7
^NDXT,2015-11-09,2362.5
^NDXT,2015-11-10,2342.3799
^NDXT,2015-11-11,2336.47
^NDXT,2015-11-12,2310.0901
^NDXT,2015-11-13,2270.3701
^NDXT,2015-11-16,2301.1101
^NDXT,2015-11-17,2305.0801
^NDXT,2015-11-18,2330.7
^NDXT,2015-11-19,2335.8401
^NDXT,2015-11-20,2345.3301
^NDXT,2015-11-23,2332.76
^NDXT,2015-11-24,2346.76
^NDXT,2015-11-25,2344.4199
^NDXT,2015-11-27,2353.6201
^NDXT,2015-11-30,2373.3401
^NDXT,2015-12-01,2401.47
^NDXT,2015-12-02,2383.6101
^NDXT,2015-12-03,2355.1201
^NDXT,2015-12-04,2398.95
^NDXT,2015-12-07,2380.51
^NDXT,2015-12-08,2379.5801
^NDXT,2015-12-09,2343.0
^NDXT,2015-12-10,2352.4299
^NDXT,2015-12-11,2302.6699
^NDXT,2015-12-14,2297.3899
^NDXT,2015-12-15,2327.79
^NDXT,2015-12-16,2352.25
^NDXT,2015-12-17,2312.9099
^NDXT,2015-12-18,2274.48
^NDXT,2015-12-21,2305.29
^NDXT,2015-12-22,2319.28
^NDXT,2015-12-23,2336.45
^NDXT,2015-12-24,2339.1699
^NDXT,2015-12-28,2335.3799
^NDXT,2015-12-29,2365.6499
^NDXT,2015-12-30,2345.7
^NDXT,2015-12-31,2312.47
^NDXT,2016-01-04,2277.96
^NDXT,2016-01-05,2271.02
^NDXT,2016-01-06,2223.1499
^NDXT,2016-01-07,2153.6201
^NDXT,2016-01-08,2123.6699
^NDXT,2016-01-11,2119.0801
^NDXT,2016-01-12,2145.7
^NDXT,2016-01-13,2078.3501
^NDXT,2016-01-14,2119.1001
^NDXT,2016-01-15,2039.41
^NDXT,2016-01-19,2032.66
^NDXT,2016-01-20,2029.8101
^NDXT,2016-01-21,2039.08
^NDXT,2016-01-22,2082.96
^NDXT,2016-01-25,2044.64
^NDXT,2016-01-26,2073.49
^NDXT,2016-01-27,2036.8101
^NDXT,2016-01-28,2053.45
^NDXT,2016-01-29,2137.5801
^NDXT,2016-02-01,2145.4399
^NDXT,2016-02-02,2080.49
^NDXT,2016-02-03,2092.02
^NDXT,2016-02-04,2111.4399
^NDXT,2016-02-05,2037.17
^NDXT,2016-02-08,1979.72
^NDXT,2016-02-09,1960.23
^NDXT,2016-02-10,1977.0
^NDXT,2016-02-11,1970.3199
^NDXT,2016-02-12,2012.88
^NDXT,2016-02-16,2071.04
^NDXT,2016-02-17,2116.24
^NDXT,2016-02-18,2108.3101
^NDXT,2016-02-19,2120.29
^NDXT,2016-02-22,2153.5801
^NDXT,2016-02-23,2110.5901
^NDXT,2016-02-24,2134.9399
^NDXT,2016-02-25,2157.55
^NDXT,2016-02-26,2165.3601
^NDXT,2016-02-29,2153.02
^NDXT,2016-03-01,2220.51
^NDXT,2016-03-02,2227.1399
^NDXT,2016-03-03,2228.3501
^NDXT,2016-03-04,2240.8
^NDXT,2016-03-07,2248.2
^NDXT,2016-03-08,2206.1001
^NDXT,2016-03-09,2230.27
^NDXT,2016-03-10,2231.8301
^NDXT,2016-03-11,2277.3701
^NDXT,2016-03-14,2269.1001
^NDXT,2016-03-15,2260.5801
^NDXT,2016-03-16,2284.79
^NDXT,2016-03-17,2297.1899
^NDXT,2016-03-18,2323.8401
^NDXT,2016-03-21,2330.3301
^NDXT,2016-03-22,2338.4199
^NDXT,2016-03-23,2302.3301
^NDXT,2016-03-24,2297.8501
^NDXT,2016-03-28,2294.6001
^NDXT,2016-03-29,2324.4199
^NDXT,2016-03-30,2337.8601
^NDXT,2016-03-31,2342.0901
^NDXT,2016-04-01,2353.0
^NDXT,2016-04-04,2338.45
^NDXT,2016-04-05,2310.6899
^NDXT,2016-04-06,2339.1001
^NDXT,2016-04-07,2302.8999
^NDXT,2016-04-08,2308.79
^NDXT,2016-04-11,2305.3201
^NDXT,2016-04-12,2304.5601
^NDXT,2016-04-13,2347.6799
^NDXT,2016-04-14,2323.55
^NDXT,2016-04-15,2307.0701
^NDXT,2016-04-18,2319.27
^NDXT,2016-04-19,2302.9099
^NDXT,2016-04-20,2315.28
^NDXT,2016-04-21,2310.3899
^NDXT,2016-04-22,2294.29
^NDXT,2016-04-25,2293.73
^NDXT,2016-04-26,2313.2
^NDXT,2016-04-27,2323.1399
^NDXT,2016-04-28,2279.4299
^NDXT,2016-04-29,2231.1299
^NDXT,2016-05-02,2235.4299
^NDXT,2016-05-03,2207.3501
^NDXT,2016-05-04,2190.0701
^NDXT,2016-05-05,2190.78
^NDXT,2016-05-06,2197.8301
^NDXT,2016-05-09,2196.9399
^NDXT,2016-05-10,2226.8799
^NDXT,2016-05-11,2210.8701
^NDXT,2016-05-12,2196.29
^NDXT,2016-05-13,2202.98
^NDXT,2016-05-16,2236.96
^NDXT,2016-05-17,2224.52
^NDXT,2016-05-18,2246.72
^NDXT,2016-05-19,2236.24
^NDXT,2016-05-20,2282.8301
^NDXT,2016-05-23,2288.6101
^NDXT,2016-05-24,2348.6001
^NDXT,2016-05-25,2354.5901
^NDXT,2016-05-26,2364.4299
^NDXT,2016-05-27,2382.71
^NDXT,2016-05-31,2392.01
^NDXT,2016-06-01,2393.6299
^NDXT,2016-06-02,2397.8799
^NDXT,2016-06-03,2384.0601
^NDXT,2016-06-06,2383.75
^NDXT,2016-06-07,2396.7
^NDXT,2016-06-08,2398.6899
^NDXT,2016-06-09,2395.1101
^NDXT,2016-06-10,2354.25
^NDXT,2016-06-13,2343.3999
^NDXT,2016-06-14,2347.53
^NDXT,2016-06-15,2344.54
^NDXT,2016-06-16,2351.6599
^NDXT,2016-06-17,2333.73
^NDXT,2016-06-20,2361.1699
^NDXT,2016-06-21,2376.48
^NDXT,2016-06-22,2368.6399
^NDXT,2016-06-23,2426.05
^NDXT,2016-06-24,2302.9399
^NDXT,2016-06-27,2217.97
^NDXT,2016-06-28,2274.04
^NDXT,2016-06-29,2327.8201
^NDXT,2016-06-30,2367.3101
^NDXT,2016-07-01,2350.3201
^NDXT,2016-07-05,2317.21
^NDXT,2016-07-06,2329.45
^NDXT,2016-07-07,2351.78
^NDXT,2016-07-08,2399.3999
^NDXT,2016-07-11,2420.0601
^NDXT,2016-07-12,2461.75
^NDXT,2016-07-13,2463.96
^NDXT,2016-07-14,2474.6599
^NDXT,2016-07-15,2467.95
^NDXT,2016-07-18,2490.51
^NDXT,2016-07-19,2480.79
^NDXT,2016-07-20,2512.6799
^NDXT,2016-07-21,2496.5
^NDXT,2016-07-22,2511.71
^NDXT,2016-07-25,2519.46
^NDXT,2016-07-26,2577.53
^NDXT,2016-07-27,2563.96
^NDXT,2016-07-28,2565.5601
^NDXT,2016-07-29,2546.0
^NDXT,2016-08-01,2549.3301
^NDXT,2016-08-02,2510.4299
^NDXT,2016-08-03,2523.8899
^NDXT,2016-08-04,2541.6001
^NDXT,2016-08-05,2579.49
^NDXT,2016-08-08,2576.27
^NDXT,2016-08-09,2581.97
^NDXT,2016-08-10,2570.48
^NDXT,2016-08-11,2589.6101
^NDXT,2016-08-12,2604.8799
^NDXT,2016-08-15,2633.1101
^NDXT,2016-08-16,2622.6399
^NDXT,2016-08-17,2617.6201
^NDXT,2016-08-18,2644.04
^NDXT,2016-08-19,2665.5901
^NDXT,2016-08-22,2660.8
^NDXT,2016-08-23,2675.95
^NDXT,2016-08-24,2652.1799
^NDXT,2016-08-25,2662.22
^NDXT,2016-08-26,2687.3601
^NDXT,2016-08-29,2694.05
^NDXT,2016-08-30,2686.0701
^NDXT,2016-08-31,2678.8999
^NDXT,2016-09-01,2696.02
^NDXT,2016-09-02,2700.52
^NDXT,2016-09-06,2716.49
^NDXT,2016-09-07,2721.3601
^NDXT,2016-09-08,2708.0601
^NDXT,2016-09-09,2631.3501
^NDXT,2016-09-12,2678.8501
^NDXT,2016-09-13,2651.3701
^NDXT,2016-09-14,2663.74
^NDXT,2016-09-15,2710.77
^NDXT,2016-09-16,2704.1001
^NDXT,2016-09-19,2704.79
^NDXT,2016-09-20,2697.46
^NDXT,2016-09-21,2746.05
^NDXT,2016-09-22,2754.3899
^NDXT,2016-09-23,2730.3799
^NDXT,2016-09-26,2709.6399
^NDXT,2016-09-27,2749.8601
^NDXT,2016-09-28,2753.0701
^NDXT,2016-09-29,2754.8301
^NDXT,2016-09-30,2775.0701
^NDXT,2016-10-03,2770.52
^NDXT,2016-10-04,2769.48
^NDXT,2016-10-05,2789.1101
^NDXT,2016-10-06,2791.9099
^NDXT,2016-10-07,2784.1699
^NDXT,2016-10-10,2788.3799
^NDXT,2016-10-11,2733.55
^NDXT,2016-10-12,2729.6799
^NDXT,2016-10-13,2711.5701
^NDXT,2016-10-14,2718.55
^NDXT,2016-10-17,2708.6599
^NDXT,2016-10-18,2736.22
^NDXT,2016-10-19,2734.6899
^NDXT,2016-10-20,2742.72
^NDXT,2016-10-21,2739.02
^NDXT,2016-10-24,2778.5901
^NDXT,2016-10-25,2769.1101
^NDXT,2016-10-26,2774.6001
^NDXT,2016-10-27,2770.9399
^NDXT,2016-10-28,2769.8799
^NDXT,2016-10-31,2775.9099
^NDXT,2016-11-01,2744.51
^NDXT,2016-11-02,2712.55
^NDXT,2016-11-03,2698.8301
^NDXT,2016-11-04,2682.8501
^NDXT,2016-11-07,2759.01
^NDXT,2016-11-08,2767.3
^NDXT,2016-11-09,2760.1201
^NDXT,2016-11-10,2719.5601
^NDXT,2016-11-11,2761.1001
^NDXT,2016-11-14,2738.99
^NDXT,2016-11-15,2779.71
^NDXT,2016-11-16,2798.75
^NDXT,2016-11-17,2827.8899
^NDXT,2016-11-18,2825.74
^NDXT,2016-11-21,2849.29
^NDXT,2016-11-22,2856.96
^NDXT,2016-11-23,2848.0901
^NDXT,2016-11-25,2858.53
^NDXT,2016-11-28,2859.71
^NDXT,2016-11-29,2860.27
^NDXT,2016-11-30,2839.49
^NDXT,2016-12-01,2735.4299
^NDXT,2016-12-02,2762.22
^NDXT,2016-12-05,2792.4099
^NDXT,2016-12-06,2808.3
^NDXT,2016-12-07,2871.8999
^NDXT,2016-12-08,2879.8899
^NDXT,2016-12-09,2876.5801
^NDXT,2016-12-12,2854.1001
^NDXT,2016-12-13,2889.46
^NDXT,2016-12-14,2881.1599
^NDXT,2016-12-15,2906.71
^NDXT,2016-12-16,2875.96
^NDXT,2016-12-19,2895.78
^NDXT,2016-12-20,2909.23
^NDXT,2016-12-21,2909.3301
^NDXT,2016-12-22,2911.26
^NDXT,2016-12-23,2922.05
^NDXT,2016-12-27,2942.48
^NDXT,2016-12-28,2906.4199
^NDXT,2016-12-29,2902.0601
^NDXT,2016-12-30,2868.7
^NDXT,2017-01-03,2892.3899
^NDXT,2017-01-04,2902.2
^NDXT,2017-01-05,2908.1499
^NDXT,2017-01-06,2930.1799
^NDXT,2017-01-09,2948.25
^NDXT,2017-01-10,2959.9299
^NDXT,2017-01-11,2974.52
^NDXT,2017-01-12,2961.78
^NDXT,2017-01-13,2979.1899
^NDXT,2017-01-17,2958.49
^NDXT,2017-01-18,2981.6399
^NDXT,2017-01-19,2974.8101
^NDXT,2017-01-20,3002.4399
^NDXT,2017-01-23,2997.79
^NDXT,2017-01-24,3045.8201
^NDXT,2017-01-25,3086.8899
^NDXT,2017-01-26,3064.8799
^NDXT,2017-01-27,3098.6499
^NDXT,2017-01-30,3082.71
^NDXT,2017-01-31,3069.02
^NDXT,2017-02-01,3082.02
^NDXT,2017-02-02,3093.8701
^NDXT,2017-02-03,3113.6699
^NDXT,2017-02-06,3114.2
^NDXT,2017-02-07,3131.8201
^NDXT,2017-02-08,3130.1699
^NDXT,2017-02-09,3130.3899
^NDXT,2017-02-10,3125.24
^NDXT,2017-02-13,3143.23
^NDXT,2017-02-14,3134.49
^NDXT,2017-02-15,3154.8899
^NDXT,2017-02-16,3175.1899
^NDXT,2017-02-17,3186.28
^NDXT,2017-02-21,3206.3501
^NDXT,2017-02-22,3210.02
^NDXT,2017-02-23,3187.9099
^NDXT,2017-02-24,3196.79
^NDXT,2017-02-27,3203.51
^NDXT,2017-02-28,3187.54
^NDXT,2017-03-01,3233.6101
^NDXT,2017-03-02,3207.8101
^NDXT,2017-03-03,3213.8701
^NDXT,2017-03-06,3206.72
^NDXT,2017-03-07,3204.5
^NDXT,2017-03-08,3210.6499
^NDXT,2017-03-09,3206.3201
^NDXT,2017-03-10,3232.0801
^NDXT,2017-03-13,3258.0601
^NDXT,2017-03-14,3242.8601
^NDXT,2017-03-15,3265.6599
^NDXT,2017-03-16,3265.53
^NDXT,2017-03-17,3273.0
^NDXT,2017-03-20,3279.1399
^NDXT,2017-03-21,3213.8999
^NDXT,2017-03-22,3244.71
^NDXT,2017-03-23,3243.3
^NDXT,2017-03-24,3260.21
^NDXT,2017-03-27,3261.9299
^NDXT,2017-03-28,3274.4199
^NDXT,2017-03-29,3276.9399
^NDXT,2017-03-30,3283.28
^NDXT,2017-03-31,3275.53
^NDXT,2017-04-03,3262.8701
^NDXT,2017-04-04,3259.3899
^NDXT,2017-04-05,3243.77
^NDXT,2017-04-06,3253.5601
^NDXT,2017-04-07,3263.1599
^NDXT,2017-04-10,3256.2
^NDXT,2017-04-11,3244.27
^NDXT,2017-04-12,3212.8899
^NDXT,2017-04-13,3203.1101
^NDXT,2017-04-17,3229.6799
^NDXT,2017-04-18,3231.22
^NDXT,2017-04-19,3251.1499
^NDXT,2017-04-20,3285.54
^NDXT,2017-04-21,3277.6699
^NDXT,2017-04-24,3326.4099
^NDXT,2017-04-25,3355.25
^NDXT,2017-04-26,3317.1299
^NDXT,2017-04-27,3348.8601
^NDXT,2017-04-28,3336.77
^NDXT,2017-05-01,3364.71
^NDXT,2017-05-02,3365.9399
^NDXT,2017-05-03,3361.76
^NDXT,2017-05-04,3363.0
^NDXT,2017-05-05,3379.48
^NDXT,2017-05-08,3378.1599
^NDXT,2017-05-09,3395.04
^NDXT,2017-05-10,3427.3101
^NDXT,2017-05-11,3422.6299
^NDXT,2017-05-12,3423.53
^NDXT,2017-05-15,3460.1299
^NDXT,2017-05-16,3484.47
^NDXT,2017-05-17,3374.8701
^NDXT,2017-05-18,3400.24
^NDXT,2017-05-19,3440.5701
^NDXT,2017-05-22,3481.8601
^NDXT,2017-05-23,3475.3101
^NDXT,2017-05-24,3493.5801
^NDXT,2017-05-25,3520.4199
^NDXT,2017-05-26,3521.04
^NDXT,2017-05-30,3538.6499
^NDXT,2017-05-31,3533.3201
^NDXT,2017-06-01,3543.6599
^NDXT,2017-06-02,3575.1201
^NDXT,2017-06-05,3572.8701
^NDXT,2017-06-06,3578.6899
^NDXT,2017-06-07,3600.1899
^NDXT,2017-06-08,3634.05
^NDXT,2017-06-09,3504.21
^NDXT,2017-06-12,3494.9199
^NDXT,2017-06-13,3515.8701
^NDXT,2017-06-14,3484.8401
^NDXT,2017-06-15,3462.49
^NDXT,2017-06-16,3456.29
^NDXT,2017-06-19,3518.1101
^NDXT,2017-06-20,3481.0801
^NDXT,2017-06-21,3530.1599
^NDXT,2017-06-22,3524.51
^NDXT,2017-06-23,3551.02
^NDXT,2017-06-26,3520.0601
^NDXT,2017-06-27,3440.3999
^NDXT,2017-06-28,3490.6599
^NDXT,2017-06-29,3413.47
^NDXT,2017-06-30,3400.55
^NDXT,2017-07-03,3360.49
^NDXT,2017-07-05,3412.1299
^NDXT,2017-07-06,3386.8899
^NDXT,2017-07-07,3432.5701
^NDXT,2017-07-10,3464.6799
^NDXT,2017-07-11,3489.6699
^NDXT,2017-07-12,3538.76
^NDXT,2017-07-13,3530.3799
^NDXT,2017-07-14,3567.97
^NDXT,2017-07-17,3563.46
^NDXT,2017-07-18,3577.5701
^NDXT,2017-07-19,3605.6399
^NDXT,2017-07-20,3606.48
^NDXT,2017-07-21,3584.3899
^NDXT,2017-07-24,3586.6599
^NDXT,2017-07-25,3566.6599
^NDXT,2017-07-26,3568.24
^NDXT,2017-07-27,3521.6201
^NDXT,2017-07-28,3516.48
^NDXT,2017-07-31,3500.97
^NDXT,2017-08-01,3514.8201
^NDXT,2017-08-02,3491.28
^NDXT,2017-08-03,3485.8999
^NDXT,2017-08-04,3487.77
^NDXT,2017-08-07,3520.1001
^NDXT,2017-08-08,3510.05
^NDXT,2017-08-09,3508.9399
^NDXT,2017-08-10,3415.7
^NDXT,2017-08-11,3446.0601
^NDXT,2017-08-14,3509.8601
^NDXT,2017-08-15,3511.45
^NDXT,2017-08-16,3529.8
^NDXT,2017-08-17,3445.23
^NDXT,2017-08-18,3452.1001
^NDXT,2017-08-21,3447.3
^NDXT,2017-08-22,3503.76
^NDXT,2017-08-23,3499.1299
^NDXT,2017-08-24,3495.97
^NDXT,2017-08-25,3493.4099
^NDXT,2017-08-28,3499.5801
^NDXT,2017-08-29,3508.9199
^NDXT,2017-08-30,3556.71
^NDXT,2017-08-31,3588.8
^NDXT,2017-09-01,3597.72
^NDXT,2017-09-05,3558.78
^NDXT,2017-09-06,3566.9399
^NDXT,2017-09-07,3584.24
^NDXT,2017-09-08,3557.45
^NDXT,2017-09-11,3612.8701
^NDXT,2017-09-12,3633.0901
^NDXT,2017-09-13,3631.98
^NDXT,2017-09-14,3632.95
^NDXT,2017-09-15,3662.8401
^NDXT,2017-09-18,3693.5
^NDXT,2017-09-19,3698.6299
^NDXT,2017-09-20,3656.5801
^NDXT,2017-09-21,3638.51
^NDXT,2017-09-22,3659.22
^NDXT,2017-09-25,3605.6699
^NDXT,2017-09-26,3606.8999
^NDXT,2017-09-27,3667.98
^NDXT,2017-09-28,3676.6399
^NDXT,2017-09-29,3713.01
^NDXT,2017-10-02,3726.9099
^NDXT,2017-10-03,3732.0
^NDXT,2017-10-04,3733.01
^NDXT,2017-10-05,3752.8601
^NDXT,2017-10-06,3770.45
^NDXT,2017-10-09,3780.6201
^NDXT,2017-10-10,3793.4099
^NDXT,2017-10-11,3801.9299
^NDXT,2017-10-12,3801.98
^NDXT,2017-10-13,3832.8799
^NDXT,2017-10-16,3844.3101
^NDXT,2017-10-17,3837.3899
^NDXT,2017-10-18,3850.3701
^NDXT,2017-10-19,3860.49
^NDXT,2017-10-20,3891.6599
^NDXT,2017-10-23,3898.3701
^NDXT,2017-10-24,3911.75
^NDXT,2017-10-25,3885.48
^NDXT,2017-10-26,3894.26
^NDXT,2017-10-27,3936.77
^NDXT,2017-10-30,3936.8
^NDXT,2017-10-31,3967.6799
^NDXT,2017-11-01,3940.48
^NDXT,2017-11-02,3941.73
^NDXT,2017-11-03,3980.6699
^NDXT,2017-11-06,4009.54
^NDXT,2017-11-07,4000.8799
^NDXT,2017-11-08,4024.74
^NDXT,2017-11-09,3967.52
^NDXT,2017-11-10,3977.03
^NDXT,2017-11-13,3982.52
^NDXT,2017-11-14,3982.51
^NDXT,2017-11-15,3958.79
^NDXT,2017-11-16,4032.72
^NDXT,2017-11-17,4031.6299
^NDXT,2017-11-20,4044.05
^NDXT,2017-11-21,4076.6599
^NDXT,2017-11-22,4070.0901
^NDXT,2017-11-24,4094.04
^NDXT,2017-11-27,4055.6499
^NDXT,2017-11-28,4068.5
^NDXT,2017-11-29,3920.8501
^NDXT,2017-11-30,3944.6101
^NDXT,2017-12-01,3918.48
^NDXT,2017-12-04,3847.99
^NDXT,2017-12-05,3851.1299
^NDXT,2017-12-06,3869.02
^NDXT,2017-12-07,3902.23
^NDXT,2017-12-08,3905.5801
^NDXT,2017-12-11,3929.9299
^NDXT,2017-12-12,3912.1101
^NDXT,2017-12-13,3923.26
^NDXT,2017-12-14,3917.98
^NDXT,2017-12-15,3965.77
^NDXT,2017-12-18,4011.95
^NDXT,2017-12-19,3996.5901
^NDXT,2017-12-20,3998.78
^NDXT,2017-12-21,3977.3999
^NDXT,2017-12-22,3969.3799
^NDXT,2017-12-26,3943.71
^NDXT,2017-12-27,3954.74
^NDXT,2017-12-28,3953.8701
^NDXT,2017-12-29,3920.96
^NDXT,2018-01-02,3995.96
^NDXT,2018-01-03,4044.3301
^NDXT,2018-01-04,4071.28
^NDXT,2018-01-05,4102.3701
^NDXT,2018-01-08,4129.02
^NDXT,2018-01-09,4112.1699
^NDXT,2018-01-10,4088.3501
^NDXT,2018-01-11,4105.5801
^NDXT,2018-01-12,4136.3999
^NDXT,2018-01-16,4120.1299
^NDXT,2018-01-17,4205.54
^NDXT,2018-01-18,4213.7598
^NDXT,2018-01-19,4227.6802
^NDXT,2018-01-22,4256.1499
^NDXT,2018-01-23,4288.71
^NDXT,2018-01-24,4227.6299
^NDXT,2018-01-25,4191.3101
^NDXT,2018-01-26,4285.5801
^NDXT,2018-01-29,4257.2402
^NDXT,2018-01-30,4200.54
^NDXT,2018-01-31,4227.3999
^NDXT,2018-02-01,4199.29
^NDXT,2018-02-02,4090.8999
^NDXT,2018-02-05,3932.6799
^NDXT,2018-02-06,4039.8701
^NDXT,2018-02-07,3969.6299
^NDXT,2018-02-08,3804.6599
^NDXT,2018-02-09,3890.26
^NDXT,2018-02-12,3963.3501
^NDXT,2018-02-13,3974.3401
^NDXT,2018-02-14,4060.25
^NDXT,2018-02-15,4136.48
^NDXT,2018-02-16,4131.9702
^NDXT,2018-02-20,4172.7798
^NDXT,2018-02-21,4142.5
^NDXT,2018-02-22,4131.7402
^NDXT,2018-02-23,4217.3501
^NDXT,2018-02-26,4276.6401
^NDXT,2018-02-27,4237.21
^NDXT,2018-02-28,4211.3799
^NDXT,2018-03-01,4153.21
^NDXT,2018-03-02,4216.5698
^NDXT,2018-03-05,4268.1699
^NDXT,2018-03-06,4318.8599
^NDXT,2018-03-07,4358.4399
^NDXT,2018-03-08,4376.4702
^NDXT,2018-03-09,4464.3999
^NDXT,2018-03-12,4496.5898
^NDXT,2018-03-13,4437.7998
^NDXT,2018-03-14,4437.9502
^NDXT,2018-03-15,4442.48
^NDXT,2018-03-16,4447.2402
^NDXT,2018-03-19,4361.4199
^NDXT,2018-03-20,4377.73
^NDXT,2018-03-21,4377.21
^NDXT,2018-03-22,4257.52
^NDXT,2018-03-23,4121.8701
^NDXT,2018-03-26,4272.8398
^NDXT,2018-03-27,4132.4302
^NDXT,2018-03-28,4077.1399
^NDXT,2018-03-29,4148.7598
^NDXT,2018-04-02,4029.1899
^NDXT,2018-04-03,4080.51
^NDXT,2018-04-04,4139.3799
^NDXT,2018-04-05,4120.6602
^NDXT,2018-04-06,4012.75
^NDXT,2018-04-09,4041.74
^NDXT,2018-04-10,4150.1899
^NDXT,2018-04-11,4141.8301
^NDXT,2018-04-12,4201.5801
^NDXT,2018-04-13,4173.6201
^NDXT,2018-04-16,4198.9399
^NDXT,2018-04-17,4283.04
^NDXT,2018-04-18,4262.9399
^NDXT,2018-04-19,4160.8198
^NDXT,2018-04-20,4111.9902
^NDXT,2018-04-23,4079.8799
^NDXT,2018-04-24,4039.3401
^NDXT,2018-04-25,4030.0601
^NDXT,2018-04-26,4116.3799
^NDXT,2018-04-27,4100.7598
^NDXT,2018-04-30,4072.9299
^NDXT,2018-05-01,4117.9502
^NDXT,2018-05-02,4091.1201
^NDXT,2018-05-03,4106.7798
^NDXT,2018-05-04,4181.46
^NDXT,2018-05-07,4212.4902
^NDXT,2018-05-08,4235.1802
^NDXT,2018-05-09,4286.7402
^NDXT,2018-05-10,4348.75
^NDXT,2018-05-11,4290.4102
^NDXT,2018-05-14,4311.6499
^NDXT,2018-05-15,4278.5698
^NDXT,2018-05-16,4320.3398
^NDXT,2018-05-17,4295.9399
^NDXT,2018-05-18,4249.5601
^NDXT,2018-05-21,4266.6099
^NDXT,2018-05-22,4272.6499
^NDXT,2018-05-23,4294.9199
^NDXT,2018-05-24,4293.6899
^NDXT,2018-05-25,4300.4399
^NDXT,2018-05-29,4275.0601
^NDXT,2018-05-30,4299.54
^NDXT,2018-05-31,4282.4702
^NDXT,2018-06-01,4363.02
^NDXT,2018-06-04,4393.7002
^NDXT,2018-06-05,4417.02
^NDXT,2018-06-06,4439.23
^NDXT,2018-06-07,4383.9902
^NDXT,2018-06-08,4378.4502
^NDXT,2018-06-11,4384.8301
^NDXT,2018-06-12,4406.48
^NDXT,2018-06-13,4398.9902
^NDXT,2018-06-14,4429.1499
^NDXT,2018-06-15,4418.3599
^NDXT,2018-06-18,4404.6001
^NDXT,2018-06-19,4368.54
^NDXT,2018-06-20,4382.25
^NDXT,2018-06-21,4342.0
^NDXT,2018-06-22,4309.5698
^NDXT,2018-06-25,4202.27
^NDXT,2018-06-26,4224.3101
^NDXT,2018-06-27,4139.04
^NDXT,2018-06-28,4175.6602
^NDXT,2018-06-29,4193.3198
^NDXT,2018-07-02,4229.6201
^NDXT,2018-07-03,4178.6001
^NDXT,2018-07-05,4252.8301
^NDXT,2018-07-06,4303.98
^NDXT,2018-07-09,4335.3901
^NDXT,2018-07-10,4349.8398
^NDXT,2018-07-11,4297.7202
^NDXT,2018-07-12,4393.4102
^NDXT,2018-07-13,4381.9302
^NDXT,2018-07-16,4371.9702
^NDXT,2018-07-17,4411.4199
^NDXT,2018-07-18,4429.3901
^NDXT,2018-07-19,4399.8701
^NDXT,2018-07-20,4382.8101
^NDXT,2018-07-23,4385.1899
^NDXT,2018-07-24,4360.3701
^NDXT,2018-07-25,4414.5
^NDXT,2018-07-26,4423.0801
^NDXT,2018-07-27,4369.6099
^NDXT,2018-07-30,4300.5298
^NDXT,2018-07-31,4322.7202
^NDXT,2018-08-01,4315.1001
^NDXT,2018-08-02,4354.8599
^NDXT,2018-08-03,4368.48
^NDXT,2018-08-06,4393.9502
^NDXT,2018-08-07,4404.0801
^NDXT,2018-08-08,4406.9702
^NDXT,2018-08-09,4364.6299
^NDXT,2018-08-10,4303.8198
^NDXT,2018-08-13,4292.96
^NDXT,2018-08-14,4297.0601
^NDXT,2018-08-15,4244.3501
^NDXT,2018-08-16,4260.48
^NDXT,2018-08-17,4257.1099
^NDXT,2018-08-20,4259.25
^NDXT,2018-08-21,4298.3599
^NDXT,2018-08-22,4316.3398
^NDXT,2018-08-23,4320.4702
^NDXT,2018-08-24,4383.46
^NDXT,2018-08-27,4424.0
^NDXT,2018-08-28,4435.5498
^NDXT,2018-08-29,4450.8901
^NDXT,2018-08-30,4413.4102
^NDXT,2018-08-31,4422.2998
^NDXT,2018-09-04,4396.7998
^NDXT,2018-09-05,4339.4399
^NDXT,2018-09-06,4280.21
^NDXT,2018-09-07,4264.2002
^NDXT,2018-09-10,4281.4199
^NDXT,2018-09-11,4271.7002
^NDXT,2018-09-12,4241.73
^NDXT,2018-09-13,4297.4702
^NDXT,2018-09-14,4307.1201
^NDXT,2018-09-17,4245.6001
^NDXT,2018-09-18,4278.7798
^NDXT,2018-09-19,4277.5801
^NDXT,2018-09-20,4332.8101
^NDXT,2018-09-21,4317.8701
^NDXT,2018-09-24,4329.0098
^NDXT,2018-09-25,4305.1499
^NDXT,2018-09-26,4285.8901
^NDXT,2018-09-27,4304.4902
^NDXT,2018-09-28,4325.6899
^NDXT,2018-10-01,4324.8398
^NDXT,2018-10-02,4310.7998
^NDXT,2018-10-03,4328.77
^NDXT,2018-10-04,4241.73
^NDXT,2018-10-05,4179.7402
^NDXT,2018-10-08,4127.25
^NDXT,2018-10-09,4111.4702
^NDXT,2018-10-10,3951.3899
^NDXT,2018-10-11,3919.6499
^NDXT,2018-10-12,4005.3101
^NDXT,2018-10-15,3963.0901
^NDXT,2018-10-16,4085.1001
^NDXT,2018-10-17,4082.26
^NDXT,2018-10-18,3988.74
^NDXT,2018-10-19,3960.75
^NDXT,2018-10-22,3983.0801
^NDXT,2018-10-23,3986.3
^NDXT,2018-10-24,3772.8899
^NDXT,2018-10-25,3893.4299
^NDXT,2018-10-26,3792.5701
^NDXT,2018-10-29,3739.99
^NDXT,2018-10-30,3815.6699
^NDXT,2018-10-31,3899.0901
^NDXT,2018-11-01,4011.99
^NDXT,2018-11-02,3970.9299
^NDXT,2018-11-05,3956.6699
^NDXT,2018-11-06,4009.6001
^NDXT,2018-11-07,4085.77
^NDXT,2018-11-08,4075.1201
^NDXT,2018-11-09,3992.1399
^NDXT,2018-11-12,3852.8999
^NDXT,2018-11-13,3882.8401
^NDXT,2018-11-14,3876.9299
^NDXT,2018-11-15,3993.6899
^NDXT,2018-11-16,3977.27
^NDXT,2018-11-19,3826.7
^NDXT,2018-11-20,3798.9099
^NDXT,2018-11-21,3848.46
^NDXT,2018-11-23,3834.4399
^NDXT,2018-11-26,3910.6399
^NDXT,2018-11-27,3908.74
^NDXT,2018-11-28,4015.05
^NDXT,2018-11-29,3974.3601
^NDXT,2018-11-30,4037.5601
^NDXT,2018-12-03,4118.1001
^NDXT,2018-12-04,3949.8799
^NDXT,2018-12-06,3954.46
^NDXT,2018-12-07,3816.6599
^NDXT,2018-12-10,3860.0601
^NDXT,2018-12-11,3878.1899
^NDXT,2018-12-12,3930.23
^NDXT,2018-12-13,3920.6101
^NDXT,2018-12-14,3837.8201
^NDXT,2018-12-17,3754.22
^NDXT,2018-12-18,3783.6399
^NDXT,2018-12-19,3668.3701
^NDXT,2018-12-20,3621.3501
^NDXT,2018-12-21,3539.26
^NDXT,2018-12-24,3457.9199
^NDXT,2018-12-26,3649.3899
^NDXT,2018-12-27,3684.27
^NDXT,2018-12-28,3683.9399
^NDXT,2018-12-31,3705.78
^NDXT,2019-01-02,3728.3999
^NDXT,2019-01-03,3547.5701
^NDXT,2019-01-04,3708.3601
^NDXT,2019-01-07,3762.77
^NDXT,2019-01-08,3780.8701
^NDXT,2019-01-09,3851.1001
^NDXT,2019-01-10,3877.0801
^NDXT,2019-01-11,3881.49
^NDXT,2019-01-14,3828.0901
^NDXT,2019-01-15,3869.5
^NDXT,2019-01-16,3858.29
^NDXT,2019-01-17,3888.3301
^NDXT,2019-01-18,3971.49
^NDXT,2019-01-22,3874.74
^NDXT,2019-01-23,3871.6201
^NDXT,2019-01-24,3988.8
^NDXT,2019-01-25,4083.3601
^NDXT,2019-01-28,4034.1201
^NDXT,2019-01-29,3984.47
^NDXT,2019-01-30,4099.4102
^NDXT,2019-01-31,4139.6099
^NDXT,2019-02-01,4186.3799
^NDXT,2019-02-04,4230.1602
^NDXT,2019-02-05,4253.3101
^NDXT,2019-02-06,4311.6699
^NDXT,2019-02-07,4234.6802
^NDXT,2019-02-08,4245.7598
^NDXT,2019-02-11,4248.1299
^NDXT,2019-02-12,4331.4399
^NDXT,2019-02-13,4326.3198
^NDXT,2019-02-14,4334.1602
^NDXT,2019-02-15,4347.4199
^NDXT,2019-02-19,4345.75
^NDXT,2019-02-20,4364.1899
^NDXT,2019-02-21,4334.6001
^NDXT,2019-02-22,4394.5298
^NDXT,2019-02-25,4421.9902
^NDXT,2019-02-26,4406.7598
^NDXT,2019-02-27,4373.6802
^NDXT,2019-02-28,4368.1401
^NDXT,2019-03-01,4396.0898
^NDXT,2019-03-04,4380.23
^NDXT,2019-03-05,4373.54
^NDXT,2019-03-06,4325.5801
^NDXT,2019-03-07,4285.8599
^NDXT,2019-03-08,4284.4702
^NDXT,2019-03-11,4376.2402
^NDXT,2019-03-12,4395.8701
^NDXT,2019-03-13,4410.75
^NDXT,2019-03-14,4404.8701
^NDXT,2019-03-15,4470.3799
^NDXT,2019-03-18,4464.0801
^NDXT,2019-03-19,4499.1802
^NDXT,2019-03-20,4477.0298
^NDXT,2019-03-21,4606.4902
^NDXT,2019-03-22,4479.02
^NDXT,2019-03-25,4451.7598
^NDXT,2019-03-26,4481.2002
^NDXT,2019-03-27,4422.8501
^NDXT,2019-03-28,4427.8301
^NDXT,2019-03-29,4493.1899
^NDXT,2019-04-01,4594.98
^NDXT,2019-04-02,4610.9199
^NDXT,2019-04-03,4688.71
^NDXT,2019-04-04,4665.77
^NDXT,2019-04-05,4701.3398
^NDXT,2019-04-08,4717.3198
^NDXT,2019-04-09,4691.0298
^NDXT,2019-04-10,4722.5801
^NDXT,2019-04-11,4719.1401
^NDXT,2019-04-12,4766.1401
^NDXT,2019-04-15,4749.8999
^NDXT,2019-04-16,4809.7998
^NDXT,2019-04-17,4820.6001
^NDXT,2019-04-18,4813.0801
^NDXT,2019-04-22,4814.4399
^NDXT,2019-04-23,4871.5098
^NDXT,2019-04-24,4880.48
^NDXT,2019-04-25,4848.4902
^NDXT,2019-04-26,4844.7598
^NDXT,2019-04-29,4843.0898
^NDXT,2019-04-30,4867.4502
^NDXT,2019-05-01,4822.6699
^NDXT,2019-05-02,4832.0
^NDXT,2019-05-03,4862.3799
^NDXT,2019-05-06,4802.2002
^NDXT,2019-05-07,4681.5
^NDXT,2019-05-08,4659.4502
^NDXT,2019-05-09,4631.5
^NDXT,2019-05-10,4630.48
^NDXT,2019-05-13,4434.77
^NDXT,2019-05-14,4521.7598
^NDXT,2019-05-15,4574.6499
^NDXT,2019-05-16,4586.1099
^NDXT,2019-05-17,4511.4102
^NDXT,2019-05-20,4380.02
^NDXT,2019-05-21,4459.25
^NDXT,2019-05-22,4415.9302
^NDXT,2019-05-23,4337.0801
^NDXT,2019-05-24,4326.5698
^NDXT,2019-05-28,4307.4102
^NDXT,2019-05-29,4283.21
^NDXT,2019-05-30,4307.4102
^NDXT,2019-05-31,4237.2798
^NDXT,2019-06-03,4170.02
^NDXT,2019-06-04,4320.98
^NDXT,2019-06-05,4329.21
^NDXT,2019-06-06,4375.4502
^NDXT,2019-06-07,4435.7998
^NDXT,2019-06-10,4515.8799
^NDXT,2019-06-11,4517.5098
^NDXT,2019-06-12,4460.1699
^NDXT,2019-06-13,4475.3799
^NDXT,2019-06-14,4408.8599
^NDXT,2019-06-17,4399.3999
^NDXT,2019-06-18,4517.6401
^NDXT,2019-06-19,4546.3799
^NDXT,2019-06-20,4605.6602
^NDXT,2019-06-21,4582.6299
^NDXT,2019-06-24,4581.6401
^NDXT,2019-06-25,4502.1299
^NDXT,2019-06-26,4585.4702
^NDXT,2019-06-27,4635.1001
^NDXT,2019-06-28,4660.7202
^NDXT,2019-07-01,4766.3101
^NDXT,2019-07-02,4747.96
^NDXT,2019-07-03,4768.48
^NDXT,2019-07-05,4757.6802
^NDXT,2019-07-08,4734.4102
^NDXT,2019-07-09,4767.52
^NDXT,2019-07-10,4812.3501
^NDXT,2019-07-11,4823.9902
^NDXT,2019-07-12,4879.6499
^NDXT,2019-07-15,4876.3901
^NDXT,2019-07-16,4822.5
^NDXT,2019-07-17,4820.1499
^NDXT,2019-07-18,4868.73
^NDXT,2019-07-19,4836.3301
^NDXT,2019-07-22,4906.4902
^NDXT,2019-07-23,4948.6201
^NDXT,2019-07-24,5026.6499
^NDXT,2019-07-25,4961.3599
^NDXT,2019-07-26,4971.7598
^NDXT,2019-07-29,4952.96
^NDXT,2019-07-30,4937.5898
^NDXT,2019-07-31,4811.6899
^NDXT,2019-08-01,4762.8101
^NDXT,2019-08-02,4655.5601
^NDXT,2019-08-05,4469.9702
^NDXT,2019-08-06,4531.8101
^NDXT,2019-08-07,4550.5601
^NDXT,2019-08-08,4697.9302
^NDXT,2019-08-09,4632.2202
^NDXT,2019-08-12,4563.8799
^NDXT,2019-08-13,4691.0898
^NDXT,2019-08-14,4545.6201
^NDXT,2019-08-15,4532.7798
^NDXT,2019-08-16,4623.8101
^NDXT,2019-08-19,4700.1802
^NDXT,2019-08-20,4665.5898
^NDXT,2019-08-21,4707.48
^NDXT,2019-08-22,4704.5
^NDXT,2019-08-23,4544.77
^NDXT,2019-08-26,4595.8599
^NDXT,2019-08-27,4581.8501
^NDXT,2019-08-28,4586.79
^NDXT,2019-08-29,4678.04
^NDXT,2019-08-30,4693.4102
^NDXT,2019-09-03,4636.6401
^NDXT,2019-09-04,4728.9902
^NDXT,2019-09-05,4850.0498
^NDXT,2019-09-06,4853.4399
^NDXT,2019-09-09,4857.6499
^NDXT,2019-09-10,4852.8301
^NDXT,2019-09-11,4914.3398
^NDXT,2019-09-12,4919.54
^NDXT,2019-09-13,4901.77
^NDXT,2019-09-16,4880.3398
^NDXT,2019-09-17,4898.8799
^NDXT,2019-09-18,4895.1201
^NDXT,2019-09-19,4877.9199
^NDXT,2019-09-20,4817.5698
^NDXT,2019-09-23,4830.1299
^NDXT,2019-09-24,4747.3101
^NDXT,2019-09-25,4822.6099
^NDXT,2019-09-26,4836.1699
^NDXT,2019-09-27,4731.77
^NDXT,2019-09-30,4771.6802
^NDXT,2019-10-01,4719.8301
^NDXT,2019-10-02,4646.2202
^NDXT,2019-10-03,4711.6899
^NDXT,2019-10-04,4786.6299
^NDXT,2019-10-07,4764.8999
^NDXT,2019-10-08,4642.5298
^NDXT,2019-10-09,4712.5298
^NDXT,2019-10-10,4749.27
^NDXT,2019-10-11,4842.0
^NDXT,2019-10-14,4844.2402
^NDXT,2019-10-15,4923.5601
^NDXT,2019-10-16,4859.8301
^NDXT,2019-10-17,4864.0601
^NDXT,2019-10-18,4808.7598
^NDXT,2019-10-21,4873.1499
^NDXT,2019-10-22,4816.7202
^NDXT,2019-10-23,4780.8999
^NDXT,2019-10-24,4878.4502
^NDXT,2019-10-25,4923.9399
^NDXT,2019-10-28,4985.3999
^NDXT,2019-10-29,4958.1299
^NDXT,2019-10-30,4979.1802
^NDXT,2019-10-31,4932.7002
^NDXT,2019-11-01,5017.8799
^NDXT,2019-11-04,5086.8301
^NDXT,2019-11-05,5087.6699
^NDXT,2019-11-06,5058.8599
^NDXT,2019-11-07,5104.02
^NDXT,2019-11-08,5125.79
^NDXT,2019-11-11,5107.73
^NDXT,2019-11-12,5127.48
^NDXT,2019-11-13,5129.4199
^NDXT,2019-11-14,5118.21
^NDXT,2019-11-15,5167.2598
^NDXT,2019-11-18,5162.0801
^NDXT,2019-11-19,5159.8101
^NDXT,2019-11-20,5121.5601
^NDXT,2019-11-21,5083.02
^NDXT,2019-11-22,5093.3198
^NDXT,2019-11-25,5177.9502
^NDXT,2019-11-26,5178.3301
^NDXT,2019-11-27,5222.52
^NDXT,2019-11-29,5187.0801
^NDXT,2019-12-02,5103.8701
^NDXT,2019-12-03,5050.1802
^NDXT,2019-12-04,5095.0801
^NDXT,2019-12-05,5104.4302
^NDXT,2019-12-06,5166.4902
^NDXT,2019-12-09,5140.8398
^NDXT,2019-12-10,5149.71
^NDXT,2019-12-11,5216.7202
^NDXT,2019-12-12,5303.8599
^NDXT,2019-12-13,5303.9102
^NDXT,2019-12-16,5363.4702
^NDXT,2019-12-17,5368.6001
^NDXT,2019-12-18,5380.3398
^NDXT,2019-12-19,5422.6602
^NDXT,2019-12-20,5460.6001
^NDXT,2019-12-23,5468.6602
^NDXT,2019-12-24,5471.9102
^NDXT,2019-12-26,5492.3501
^NDXT,2019-12-27,5480.0898
^NDXT,2019-12-30,5441.6699
^NDXT,2019-12-31,5457.73
^NDXT,2020-01-02,5577.23
^NDXT,2020-01-03,5512.1499
^NDXT,2020-01-06,5500.1299
^NDXT,2020-01-07,5558.1299
^NDXT,2020-01-08,5595.4399
^NDXT,2020-01-09,5640.1001
^NDXT,2020-01-10,5622.3999
^NDXT,2020-01-13,5681.6099
^NDXT,2020-01-14,5669.4902
^NDXT,2020-01-15,5643.1899
^NDXT,2020-01-16,5723.7998
^NDXT,2020-01-17,5736.0601
^NDXT,2020-01-21,5733.2002
^NDXT,2020-01-22,5752.1699
^NDXT,2020-01-23,5799.71
^NDXT,2020-01-24,5742.8599
^NDXT,2020-01-27,5580.6899
^NDXT,2020-01-28,5673.0601
^NDXT,2020-01-29,5617.7798
^NDXT,2020-01-30,5621.1299
^NDXT,2020-01-31,5473.4502
^NDXT,2020-02-03,5564.5298
^NDXT,2020-02-04,5712.6201
^NDXT,2020-02-05,5761.1299
^NDXT,2020-02-06,5803.7202
^NDXT,2020-02-07,5721.4102
^NDXT,2020-02-10,5798.6602
^NDXT,2020-02-11,5847.5298
^NDXT,2020-02-12,5915.5
^NDXT,2020-02-13,5909.4702
^NDXT,2020-02-14,5907.6699
^NDXT,2020-02-18,5867.2002
^NDXT,2020-02-19,5954.6201
^NDXT,2020-02-20,5872.8398
^NDXT,2020-02-21,5723.1699
^NDXT,2020-02-24,5481.0098
^NDXT,2020-02-25,5320.8398
^NDXT,2020-02-26,5325.3398
^NDXT,2020-02-27,5077.9702
^NDXT,2020-02-28,5135.3101
^NDXT,2020-03-02,5314.0098
^NDXT,2020-03-03,5138.9902
^NDXT,2020-03-04,5367.5298
^NDXT,2020-03-05,5197.4199
^NDXT,2020-03-06,5086.4199
^NDXT,2020-03-09,4690.8599
^NDXT,2020-03-10,4928.0898
^NDXT,2020-03-11,4694.4302
^NDXT,2020-03-12,4229.4702
^NDXT,2020-03-13,4660.5801
^NDXT,2020-03-16,4043.3401
^NDXT,2020-03-17,4373.6201
^NDXT,2020-03-18,4072.6001
^NDXT,2020-03-19,4178.29
^NDXT,2020-03-20,4030.77
^NDXT,2020-03-23,4091.46
^NDXT,2020-03-24,4478.8301
^NDXT,2020-03-25,4441.5098
^NDXT,2020-03-26,4726.8799
^NDXT,2020-03-27,4502.7002
^NDXT,2020-03-30,4687.48
^NDXT,2020-03-31,4606.71
^NDXT,2020-04-01,4378.75
^NDXT,2020-04-02,4459.0098
^NDXT,2020-04-03,4378.8999
^NDXT,2020-04-06,4783.1602
^NDXT,2020-04-07,4757.9502
^NDXT,2020-04-08,4905.4199
^NDXT,2020-04-09,4872.04
^NDXT,2020-04-13,4892.8501
^NDXT,2020-04-14,5095.8198
^NDXT,2020-04-15,4992.71
^NDXT,2020-04-16,5086.8799
^NDXT,2020-04-17,5156.7598
^NDXT,2020-04-20,5076.4302
^NDXT,2020-04-21,4856.7998
^NDXT,2020-04-22,5079.4102
^NDXT,2020-04-23,5035.21
^NDXT,2020-04-24,5134.9902
^NDXT,2020-04-27,5198.7998
^NDXT,2020-04-28,5125.77
^NDXT,2020-04-29,5338.0098
^NDXT,2020-04-30,5234.0
^NDXT,2020-05-01,4999.5801
^NDXT,2020-05-04,5048.1802
^NDXT,2020-05-05,5140.9502
^NDXT,2020-05-06,5186.0098
^NDXT,2020-05-07,5245.1299
^NDXT,2020-05-08,5355.3198
^NDXT,2020-05-11,5366.3398
^NDXT,2020-05-12,5236.0898
^NDXT,2020-05-13,5124.9399
^NDXT,2020-05-14,5225.5698
^NDXT,2020-05-15,5193.21
^NDXT,2020-05-18,5366.8799
^NDXT,2020-05-19,5370.0098
^NDXT,2020-05-20,5513.5
^NDXT,2020-05-21,5432.77
^NDXT,2020-05-22,5453.2998
^NDXT,2020-05-26,5493.2002
^NDXT,2020-05-27,5547.1001
^NDXT,2020-05-28,5499.21
^NDXT,2020-05-29,5619.8599
^NDXT,2020-06-01,5610.4902
^NDXT,2020-06-02,5675.23
^NDXT,2020-06-03,5783.0601
^NDXT,2020-06-04,5760.52
^NDXT,2020-06-05,5915.4702
^NDXT,2020-06-08,5934.0298
^NDXT,2020-06-09,5915.0498
^NDXT,2020-06-10,5937.96
^NDXT,2020-06-11,5577.6299
^NDXT,2020-06-12,5662.4702
^NDXT,2020-06-15,5729.98
^NDXT,2020-06-16,5857.8701
^NDXT,2020-06-17,5878.9502
^NDXT,2020-06-18,5888.1802
^NDXT,2020-06-19,5872.0498
^NDXT,2020-06-22,5922.3901
^NDXT,2020-06-23,5942.02
^NDXT,2020-06-24,5808.3398
^NDXT,2020-06-25,5864.1099
^NDXT,2020-06-26,5787.8398
^NDXT,2020-06-29,5834.0601
^NDXT,2020-06-30,5960.27
^NDXT,2020-07-01,5948.3301
^NDXT,2020-07-02,5997.0801
^NDXT,2020-07-06,6124.4102
^NDXT,2020-07-07,6065.7798
^NDXT,2020-07-08,6145.3501
^NDXT,2020-07-09,6212.3501
^NDXT,2020-07-10,6204.6099
^NDXT,2020-07-13,6063.25
^NDXT,2020-07-14,6122.2202
^NDXT,2020-07-15,6136.1499
^NDXT,2020-07-16,6097.3198
^NDXT,2020-07-17,6146.1802
^NDXT,2020-07-20,6300.96
^NDXT,2020-07-21,6251.9302
^NDXT,2020-07-22,6270.1401
^NDXT,2020-07-23,6160.96
^NDXT,2020-07-24,6056.3101
^NDXT,2020-07-27,6178.7202
^NDXT,2020-07-28,6087.2798
^NDXT,2020-07-29,6202.3198
^NDXT,2020-07-30,6271.73
^NDXT,2020-07-31,6300.77
^NDXT,2020-08-03,6379.6001
^NDXT,2020-08-04,6434.5098
^NDXT,2020-08-05,6424.5698
^NDXT,2020-08-06,6415.1499
^NDXT,2020-08-07,6330.8398
^NDXT,2020-08-10,6310.4399
^NDXT,2020-08-11,6224.2998
^NDXT,2020-08-12,6360.46
^NDXT,2020-08-13,6332.9399
^NDXT,2020-08-14,6304.5698
^NDXT,2020-08-17,6372.0298
^NDXT,2020-08-18,6384.52
^NDXT,2020-08-19,6358.4902
^NDXT,2020-08-20,6400.1299
^NDXT,2020-08-21,6408.71
^NDXT,2020-08-24,6458.27
^NDXT,2020-08-25,6515.6099
^NDXT,2020-08-26,6611.0298
^NDXT,2020-08-27,6557.04
^NDXT,2020-08-28,6658.1201
^NDXT,2020-08-31,6651.2998
^NDXT,2020-09-01,6781.6299
^NDXT,2020-09-02,6915.1201
^NDXT,2020-09-03,6543.5601
^NDXT,2020-09-04,6435.3101
^NDXT,2020-09-08,6150.7202
^NDXT,2020-09-09,6294.8398
^NDXT,2020-09-10,6191.4199
^NDXT,2020-09-11,6172.0898
^NDXT,2020-09-14,6285.96
^NDXT,2020-09-15,6363.0801
^NDXT,2020-09-16,6291.7202
^NDXT,2020-09-17,6241.3301
^NDXT,2020-09-18,6158.5601
^NDXT,2020-09-21,6163.5601
^NDXT,2020-09-22,6258.8701
^NDXT,2020-09-23,6119.7798
^NDXT,2020-09-24,6146.8198
^NDXT,2020-09-25,6267.1699
^NDXT,2020-09-28,6395.29
^NDXT,2020-09-29,6394.7998
^NDXT,2020-09-30,6401.73
^NDXT,2020-10-01,6513.2598
^NDXT,2020-10-02,6341.7998
^NDXT,2020-10-05,6491.0498
^NDXT,2020-10-06,6419.6001
^NDXT,2020-10-07,6545.5
^NDXT,2020-10-08,6604.0
^NDXT,2020-10-09,6709.6699
^NDXT,2020-10-12,6850.1899
^NDXT,2020-10-13,6843.46
^NDXT,2020-10-14,6817.79
^NDXT,2020-10-15,6785.6899
^NDXT,2020-10-16,6772.0801
^NDXT,2020-10-19,6687.5801
^NDXT,2020-10-20,6697.7002
^NDXT,2020-10-21,6680.4502
^NDXT,2020-10-22,6652.9199
^NDXT,2020-10-23,6659.5298
^NDXT,2020-10-26,6524.52
^NDXT,2020-10-27,6531.3599
^NDXT,2020-10-28,6307.9902
^NDXT,2020-10-29,6437.2202
^NDXT,2020-10-30,6320.77
^NDXT,2020-11-02,6346.7598
^NDXT,2020-11-03,6473.6699
^NDXT,2020-11-04,6740.2002
^NDXT,2020-11-05,6945.6401
^NDXT,2020-11-06,6996.9399
^NDXT,2020-11-09,6901.96
^NDXT,2020-11-10,6714.7798
^NDXT,2020-11-11,6894.6299
^NDXT,2020-11-12,6830.0601
^NDXT,2020-11-13,6915.6401
^NDXT,2020-11-16,6995.1499
^NDXT,2020-11-17,6958.3799
^NDXT,2020-11-18,6881.2998
^NDXT,2020-11-19,6977.1401
^NDXT,2020-11-20,6927.5801
^NDXT,2020-11-23,6961.8101
^NDXT,2020-11-24,7028.8799
^NDXT,2020-11-25,7034.0498
^NDXT,2020-11-27,7122.2202
^NDXT,2020-11-30,7170.5098
^NDXT,2020-12-01,7254.3301
^NDXT,2020-12-02,7274.1299
^NDXT,2020-12-03,7251.8701
^NDXT,2020-12-04,7394.8501
^NDXT,2020-12-07,7411.3501
^NDXT,2020-12-08,7443.5898
^NDXT,2020-12-09,7271.3501
^NDXT,2020-12-10,7275.8301
^NDXT,2020-12-11,7258.2798
^NDXT,2020-12-14,7327.0298
^NDXT,2020-12-15,7427.2202
^NDXT,2020-12-16,7468.6401
^NDXT,2020-12-17,7517.8599
^NDXT,2020-12-18,7526.3599
^NDXT,2020-12-21,7515.0898
^NDXT,2020-12-22,7563.77
^NDXT,2020-12-23,7488.1401
^NDXT,2020-12-24,7523.2998
^NDXT,2020-12-28,7495.5
^NDXT,2020-12-29,7458.6499
^NDXT,2020-12-30,7529.8398
^NDXT,2020-12-31,7541.0498
^NDXT,2021-01-04,7463.1802
^NDXT,2021-01-05,7544.9199
^NDXT,2021-01-06,7427.1802
^NDXT,2021-01-07,7670.7598
^NDXT,2021-01-08,7751.6602
^NDXT,2021-01-11,7723.3799
^NDXT,2021-01-12,7776.04
^NDXT,2021-01-13,7774.02
^NDXT,2021-01-14,7831.3799
^NDXT,2021-01-15,7729.1201
^NDXT,2021-01-19,7918.9502
^NDXT,2021-01-20,7974.98
^NDXT,2021-01-21,8007.0801
^NDXT,2021-01-22,7945.0
^NDXT,2021-01-25,7953.04
^NDXT,2021-01-26,7876.3198
^NDXT,2021-01-27,7548.9102
^NDXT,2021-01-28,7702.5698
^NDXT,2021-01-29,7576.5298
^NDXT,2021-02-01,7832.3599
^NDXT,2021-02-02,7994.23
^NDXT,2021-02-03,7854.96
^NDXT,2021-02-04,7970.3701
^NDXT,2021-02-05,7988.46
^NDXT,2021-02-08,8121.0898
^NDXT,2021-02-09,8155.96
^NDXT,2021-02-10,8201.9199
^NDXT,2021-02-11,8384.0996
^NDXT,2021-02-12,8470.0498
^NDXT,2021-02-16,8480.8604
^NDXT,2021-02-17,8349.3398
^NDXT,2021-02-18,8274.1201
^NDXT,2021-02-19,8408.8799
^NDXT,2021-02-22,8119.6699
^NDXT,2021-02-23,8059.79
^NDXT,2021-02-24,8207.6797
^NDXT,2021-02-25,7795.5601
^NDXT,2021-02-26,7888.0298
^NDXT,2021-03-01,8155.8701
^NDXT,2021-03-02,7949.29
^NDXT,2021-03-03,7660.29
^NDXT,2021-03-04,7395.3398
^NDXT,2021-03-05,7541.21
^NDXT,2021-03-08,7197.5898
^NDXT,2021-03-09,7592.3701
^NDXT,2021-03-10,7493.4399
^NDXT,2021-03-11,7780.5898
^NDXT,2021-03-12,7661.0
^NDXT,2021-03-15,7803.3799
^NDXT,2021-03-16,7852.5801
^NDXT,2021-03-17,7906.7402
^NDXT,2021-03-18,7604.5098
^NDXT,2021-03-19,7681.9902
^NDXT,2021-03-22,7838.4399
^NDXT,2021-03-23,7734.9199
^NDXT,2021-03-24,7594.7402
^NDXT,2021-03-25,7547.2202
^NDXT,2021-03-26,7810.7202
^NDXT,2021-03-29,7724.8101
^NDXT,2021-03-30,7685.3599
^NDXT,2021-03-31,7866.8398
^NDXT,2021-04-01,8103.5298
^NDXT,2021-04-05,8245.2002
^NDXT,2021-04-06,8193.04
^NDXT,2021-04-07,8173.75
^NDXT,2021-04-08,8298.5498
^NDXT,2021-04-09,8304.7402
^NDXT,2021-04-12,8251.4902
^NDXT,2021-04-13,8328.0098
^NDXT,2021-04-14,8224.8301
^NDXT,2021-04-15,8377.7002
^NDXT,2021-04-16,8323.4199
^NDXT,2021-04-19,8164.6401
^NDXT,2021-04-20,8075.9302
^NDXT,2021-04-21,8213.29
^NDXT,2021-04-22,8109.8501
^NDXT,2021-04-23,8259.3301
^NDXT,2021-04-26,8374.2305
^NDXT,2021-04-27,8321.0703
^NDXT,2021-04-28,8264.7598
^NDXT,2021-04-29,8286.6104
^NDXT,2021-04-30,8121.3599
^NDXT,2021-05-03,8022.73
^NDXT,2021-05-04,7863.02
^NDXT,2021-05-05,7859.23
^NDXT,2021-05-06,7853.1899
^NDXT,2021-05-07,7939.98
^NDXT,2021-05-10,7665.5
^NDXT,2021-05-11,7718.9302
^NDXT,2021-05-12,7468.71
^NDXT,2021-05-13,7503.0
^NDXT,2021-05-14,7706.96
^NDXT,2021-05-17,7644.71
^NDXT,2021-05-18,7596.8701
^NDXT,2021-05-19,7690.0
^NDXT,2021-05-20,7890.6802
^NDXT,2021-05-21,7850.0098
^NDXT,2021-05-24,8000.27
^NDXT,2021-05-25,8033.21
^NDXT,2021-05-26,8053.7798
^NDXT,2021-05-27,8019.8799
^NDXT,2021-05-28,8064.8501
^NDXT,2021-06-01,8025.7598
^NDXT,2021-06-02,8046.71
^NDXT,2021-06-03,7908.54
^NDXT,2021-06-04,8110.8701
^NDXT,2021-06-07,8101.6699
^NDXT,2021-06-08,8092.6299
^NDXT,2021-06-09,8069.1602
^NDXT,2021-06-10,8190.75
^NDXT,2021-06-11,8240.8398
^NDXT,2021-06-14,8334.3799
^NDXT,2021-06-15,8261.0195
^NDXT,2021-06-16,8221.5703
^NDXT,2021-06-17,8341.21
^NDXT,2021-06-18,8268.3301
^NDXT,2021-06-21,8307.3398
^NDXT,2021-06-22,8393.8896
^NDXT,2021-06-23,8398.1797
^NDXT,2021-06-24,8510.6104
^NDXT,2021-06-25,8508.8496
^NDXT,2021-06-28,8657.3896
^NDXT,2021-06-29,8721.4004
^NDXT,2021-06-30,8681.21
^NDXT,2021-07-01,8607.3701
^NDXT,2021-07-02,8675.7598
^NDXT,2021-07-06,8675.6504
^NDXT,2021-07-07,8612.6699
^NDXT,2021-07-08,8525.1797
^NDXT,2021-07-09,8628.1602
^NDXT,2021-07-12,8637.3701
^NDXT,2021-07-13,8622.1797
^NDXT,2021-07-14,8590.5703
^NDXT,2021-07-15,8497.0
^NDXT,2021-07-16,8395.54
^NDXT,2021-07-19,8348.04
^NDXT,2021-07-20,8480.4199
^NDXT,2021-07-21,8638.0898
^NDXT,2021-07-22,8663.96
^NDXT,2021-07-23,8749.5195
^NDXT,2021-07-26,8726.6201
^NDXT,2021-07-27,8593.5098
^NDXT,2021-07-28,8710.0801
^NDXT,2021-07-29,8816.6904
^NDXT,2021-07-30,8886.1699
^NDXT,2021-08-02,8898.5801
^NDXT,2021-08-03,8942.2695
^NDXT,2021-08-04,9021.8203
^NDXT,2021-08-05,9040.8398
^NDXT,2021-08-06,8990.1602
^NDXT,2021-08-09,8965.9502
^NDXT,2021-08-10,8861.8496
^NDXT,2021-08-11,8870.9004
^NDXT,2021-08-12,8849.5898
^NDXT,2021-08-13,8877.3799
^NDXT,2021-08-16,8829.4404
^NDXT,2021-08-17,8720.5703
^NDXT,2021-08-18,8642.46
^NDXT,2021-08-19,8716.8203
^NDXT,2021-08-20,8789.6396
^NDXT,2021-08-23,8970.5303
^NDXT,2021-08-24,9025.8398
^NDXT,2021-08-25,9063.5996
^NDXT,2021-08-26,9026.6504
^NDXT,2021-08-27,9181.5801
^NDXT,2021-08-30,9228.96
^NDXT,2021-08-31,9139.0703
^NDXT,2021-09-01,9131.8203
^NDXT,2021-09-02,9157.9805
^NDXT,2021-09-03,9209.9297
^NDXT,2021-09-07,9181.5195
^NDXT,2021-09-08,9111.5801
^NDXT,2021-09-09,9124.2998
^NDXT,2021-09-10,9119.4199
^NDXT,2021-09-13,9106.3701
^NDXT,2021-09-14,9101.3896
^NDXT,2021-09-15,9177.5195
^NDXT,2021-09-16,9213.7803
^NDXT,2021-09-17,9090.1396
^NDXT,2021-09-20,8885.1201
^NDXT,2021-09-21,8898.1396
^NDXT,2021-09-22,9011.2402
^NDXT,2021-09-23,9107.7598
^NDXT,2021-09-24,9115.7305
^NDXT,2021-09-27,9032.04
^NDXT,2021-09-28,8697.5996
^NDXT,2021-09-29,8600.46
^NDXT,2021-09-30,8606.6396
^NDXT,2021-10-01,8652.1396
^NDXT,2021-10-04,8413.3701
^NDXT,2021-10-05,8535.9502
^NDXT,2021-10-06,8591.0801
^NDXT,2021-10-07,8691.96
^NDXT,2021-10-08,8626.5996
^NDXT,2021-10-11,8574.0801
^NDXT,2021-10-12,8555.1602
^NDXT,2021-10-13,8681.9404
^NDXT,2021-10-14,8876.3301
^NDXT,2021-10-15,8910.6201
^NDXT,2021-10-18,9020.8701
^NDXT,2021-10-19,9118.54
^NDXT,2021-10-20,9109.3301
^NDXT,2021-10-21,9229.0801
^NDXT,2021-10-22,9177.4697
^NDXT,2021-10-25,9220.5898
^NDXT,2021-10-26,9192.8701
^NDXT,2021-10-27,9104.3096
^NDXT,2021-10-28,9202.1396
^NDXT,2021-10-29,9276.3301
^NDXT,2021-11-01,9316.9805
^NDXT,2021-11-02,9383.2998
^NDXT,2021-11-03,9454.4805
^NDXT,2021-11-04,9672.7695
^NDXT,2021-11-05,9679.8096
^NDXT,2021-11-08,9772.1699
^NDXT,2021-11-09,9803.21
^NDXT,2021-11-10,9545.3203
^NDXT,2021-11-11,9651.0195
^NDXT,2021-11-12,9786.5
^NDXT,2021-11-15,9712.2002
^NDXT,2021-11-16,9855.4199
^NDXT,2021-11-17,9801.5498
^NDXT,2021-11-18,9840.0498
^NDXT,2021-11-19,9846.5596
^NDXT,2021-11-22,9627.2402
^NDXT,2021-11-23,9539.6699
^NDXT,2021-11-24,9595.7002
^NDXT,2021-11-26,9402.5303
^NDXT,2021-11-29,9670.75
^NDXT,2021-11-30,9446.7803
^NDXT,2021-12-01,9275.7803
^NDXT,2021-12-02,9371.5498
^NDXT,2021-12-03,9175.6699
^NDXT,2021-12-06,9246.2598
^NDXT,2021-12-07,9612.7305
^NDXT,2021-12-08,9646.8896
^NDXT,2021-12-09,9448.0996
^NDXT,2021-12-10,9518.1396
^NDXT,2021-12-13,9373.7598
^NDXT,2021-12-14,9240.21
^NDXT,2021-12-15,9521.5498
^NDXT,2021-12-16,9194.3301
^NDXT,2021-12-17,9219.3496
^NDXT,2021-12-20,9113.2402
^NDXT,2021-12-21,9431.2803
^NDXT,2021-12-22,9508.1699
^NDXT,2021-12-23,9584.75
^NDXT,2021-12-27,9764.9004
^NDXT,2021-12-28,9657.7305
^NDXT,2021-12-29,9656.8896
^NDXT,2021-12-30,9637.1699
^NDXT,2021-12-31,9575.3896
^NDXT,2022-01-03,9565.4199
^NDXT,2022-01-04,9408.1602
^NDXT,2022-01-05,9044.6201
^NDXT,2022-01-06,9117.75
^NDXT,2022-01-07,8939.6396
^NDXT,2022-01-10,8991.2002
^NDXT,2022-01-11,9146.7803
^NDXT,2022-01-12,9167.6504
^NDXT,2022-01-13,8858.2197
^NDXT,2022-01-14,8983.2002
^NDXT,2022-01-18,8678.9902
^NDXT,2022-01-19,8575.2002
^NDXT,2022-01-20,8447.7002
^NDXT,2022-01-21,8235.0498
^NDXT,2022-01-24,8370.6602
^NDXT,2022-01-25,8029.52
^NDXT,2022-01-26,8053.9199
^NDXT,2022-01-27,7868.5698
^NDXT,2022-01-28,8134.1899
^NDXT,2022-01-31,8542.9004
^NDXT,2022-02-01,8594.7305
^NDXT,2022-02-02,8670.1396
^NDXT,2022-02-03,8259.6104
^NDXT,2022-02-04,8389.0498
^NDXT,2022-02-07,8344.1201
^NDXT,2022-02-08,8487.9199
^NDXT,2022-02-09,8776.54
^NDXT,2022-02-10,8586.0996
^NDXT,2022-02-11,8221.3799
^NDXT,2022-02-14,8235.96
^NDXT,2022-02-15,8541.5898
^NDXT,2022-02-16,8488.1299
^NDXT,2022-02-17,8131.54
^NDXT,2022-02-18,7985.25
^NDXT,2022-02-22,7951.8799
^NDXT,2022-02-23,7753.3301
^NDXT,2022-02-24,8158.9702
^NDXT,2022-02-25,8242.1904
^NDXT,2022-02-28,8277.5596
^NDXT,2022-03-01,8123.3799
^NDXT,2022-03-02,8295.8496
^NDXT,2022-03-03,8080.8901
^NDXT,2022-03-04,7883.9102
^NDXT,2022-03-07,7492.4399
^NDXT,2022-03-08,7489.3999
^NDXT,2022-03-09,7839.27
^NDXT,2022-03-10,7688.8101
^NDXT,2022-03-11,7440.1602
^NDXT,2022-03-14,7193.0601
^NDXT,2022-03-15,7431.4902
^NDXT,2022-03-16,7852.5
^NDXT,2022-03-17,7964.3999
^NDXT,2022-03-18,8198.8398
^NDXT,2022-03-21,8137.6802
^NDXT,2022-03-22,8307.6104
^NDXT,2022-03-23,8112.29
^NDXT,2022-03-24,8366.9102
^NDXT,2022-03-25,8296.7197
^NDXT,2022-03-28,8432.8896
^NDXT,2022-03-29,8625.3301
^NDXT,2022-03-30,8436.8496
^NDXT,2022-03-31,8320.0596
^NDXT,2022-04-01,8302.1602
^NDXT,2022-04-04,8495.5195
^NDXT,2022-04-05,8192.3799
^NDXT,2022-04-06,7972.0801
^NDXT,2022-04-07,7995.4502
^NDXT,2022-04-08,7836.4102
^NDXT,2022-04-11,7694.5098
^NDXT,2022-04-12,7641.7998
^NDXT,2022-04-13,7856.5698
^NDXT,2022-04-14,7624.25
^NDXT,2022-04-18,7615.6401
^NDXT,2022-04-19,7819.04
^NDXT,2022-04-20,7702.7998
^NDXT,2022-04-21,7435.3301
^NDXT,2022-04-22,7245.1201
^NDXT,2022-04-25,7420.7002
^NDXT,2022-04-26,7124.1401
^NDXT,2022-04-27,7102.0298
^NDXT,2022-04-28,7454.6602
^NDXT,2022-04-29,7102.0698
^NDXT,2022-05-02,7282.9399
^NDXT,2022-05-03,7259.8398
^NDXT,2022-05-04,7501.6099
^NDXT,2022-05-05,7064.25
^NDXT,2022-05-06,6879.3799
^NDXT,2022-05-09,6484.0898
^NDXT,2022-05-10,6618.7598
^NDXT,2022-05-11,6379.4199
^NDXT,2022-05-12,6437.1699
^NDXT,2022-05-13,6802.1299
^NDXT,2022-05-16,6628.3701
^NDXT,2022-05-17,6829.8198
^NDXT,2022-05-18,6480.9502
^NDXT,2022-05-19,6570.1802
^NDXT,2022-05-20,6614.2798
^NDXT,2022-05-23,6664.0
^NDXT,2022-05-24,6455.23
^NDXT,2022-05-25,6619.6099
^NDXT,2022-05-26,6856.29
^NDXT,2022-05-27,7137.7598
^NDXT,2022-05-31,7042.3799
^NDXT,2022-06-01,6976.8101
^NDXT,2022-06-02,7280.7598
^NDXT,2022-06-03,7075.8101
^NDXT,2022-06-06,7089.8999
^NDXT,2022-06-07,7205.8701
^NDXT,2022-06-08,7122.2798
^NDXT,2022-06-09,6913.9302
^NDXT,2022-06-10,6606.77
^NDXT,2022-06-13,6209.25
^NDXT,2022-06-14,6243.29
^NDXT,2022-06-15,6407.79
^NDXT,2022-06-16,6054.9702
^NDXT,2022-06-17,6144.5
^NDXT,2022-06-21,6298.5298
^NDXT,2022-06-22,6272.6401
^NDXT,2022-06-23,6408.3799
^NDXT,2022-06-24,6705.29
^NDXT,2022-06-27,6627.7998
^NDXT,2022-06-28,6398.5898
^NDXT,2022-06-29,6358.3501
^NDXT,2022-06-30,6248.2998
^NDXT,2022-07-01,6252.3599
^NDXT,2022-07-05,6407.3501
^NDXT,2022-07-06,6428.3901
^NDXT,2022-07-07,6627.6001
^NDXT,2022-07-08,6628.7998
^NDXT,2022-07-11,6450.5698
^NDXT,2022-07-12,6329.9902
^NDXT,2022-07-13,6324.9502
^NDXT,2022-07-14,6316.8599
^NDXT,2022-07-15,6472.7202
^NDXT,2022-07-18,6425.8501
^NDXT,2022-07-19,6668.0
^NDXT,2022-07-20,6877.5698
^NDXT,2022-07-21,6988.77
^NDXT,2022-07-22,6818.3599
^NDXT,2022-07-25,6746.1699
^NDXT,2022-07-26,6549.77
^NDXT,2022-07-27,6857.9102
^NDXT,2022-07-28,6953.46
^NDXT,2022-07-29,7032.79
^NDXT,2022-08-01,7061.7598
^NDXT,2022-08-02,7070.6001
^NDXT,2022-08-03,7264.6602
^NDXT,2022-08-04,7277.5601
^NDXT,2022-08-05,7286.71
^NDXT,2022-08-08,7261.8398
^NDXT,2022-08-09,7049.6802
^NDXT,2022-08-10,7328.3999
^NDXT,2022-08-11,7259.5
^NDXT,2022-08-12,7442.3501
^NDXT,2022-08-15,7489.9399
^NDXT,2022-08-16,7413.6699
^NDXT,2022-08-17,7242.75
^NDXT,2022-08-18,7289.5698
^NDXT,2022-08-19,7079.6299
^NDXT,2022-08-22,6858.1099
^NDXT,2022-08-23,6865.54
^NDXT,2022-08-24,6896.54
^NDXT,2022-08-25,7060.9702
^NDXT,2022-08-26,6739.0601
^NDXT,2022-08-29,6631.7798
^NDXT,2022-08-30,6579.5298
^NDXT,2022-08-31,6534.0801
^NDXT,2022-09-01,6366.79
^NDXT,2022-09-02,6304.0
^NDXT,2022-09-06,6238.6899
^NDXT,2022-09-07,6368.4302
^NDXT,2022-09-08,6462.8198
^NDXT,2022-09-09,6685.8501
^NDXT,2022-09-12,6758.8398
^NDXT,2022-09-13,6361.6602
^NDXT,2022-09-14,6395.7998
^NDXT,2022-09-15,6256.0801
^NDXT,2022-09-16,6181.0098
^NDXT,2022-09-19,6223.6201
^NDXT,2022-09-20,6142.52
^NDXT,2022-09-21,6052.1201
^NDXT,2022-09-22,5917.3999
^NDXT,2022-09-23,5838.3599
^NDXT,2022-09-26,5776.5498
^NDXT,2022-09-27,5825.0
^NDXT,2022-09-28,5946.4302
^NDXT,2022-09-29,5813.0698
^NDXT,2022-09-30,5723.8301
^NDXT,2022-10-03,5909.8599
^NDXT,2022-10-04,6130.4199
^NDXT,2022-10-05,6162.96
^NDXT,2022-10-06,6120.1802
^NDXT,2022-10-07,5811.3398
^NDXT,2022-10-10,5636.48
^NDXT,2022-10-11,5484.9902
^NDXT,2022-10-12,5456.5
^NDXT,2022-10-13,5558.2402
^NDXT,2022-10-14,5350.9302
^NDXT,2022-10-17,5545.6001
^NDXT,2022-10-18,5610.1401
^NDXT,2022-10-19,5571.3799
^NDXT,2022-10-20,5598.3799
^NDXT,2022-10-21,5734.3599
^NDXT,2022-10-24,5762.6201
^NDXT,2022-10-25,5924.9199
^NDXT,2022-10-26,5810.77
^NDXT,2022-10-27,5734.7998
^NDXT,2022-10-28,5903.8599
^NDXT,2022-10-31,5821.6201
^NDXT,2022-11-01,5796.6001
^NDXT,2022-11-02,5548.8198
^NDXT,2022-11-03,5392.9302
^NDXT,2022-11-04,5425.0
^NDXT,2022-11-07,5534.6499
^NDXT,2022-11-08,5629.29
^NDXT,2022-11-09,5470.8501
^NDXT,2022-11-10,6045.3101
^NDXT,2022-11-11,6262.3101
^NDXT,2022-11-14,6165.0098
^NDXT,2022-11-15,6344.1401
^NDXT,2022-11-16,6121.2002
^NDXT,2022-11-17,6078.71
^NDXT,2022-11-18,6059.4399
^NDXT,2022-11-21,5965.1499
^NDXT,2022-11-22,6072.8501
^NDXT,2022-11-23,6150.5898
^NDXT,2022-11-25,6092.73
^NDXT,2022-11-28,5978.9399
^NDXT,2022-11-29,5940.8901
^NDXT,2022-11-30,6252.48
^NDXT,2022-12-01,6327.9199
^NDXT,2022-12-02,6233.7598
^NDXT,2022-12-05,6094.4902
^NDXT,2022-12-06,5964.6899
^NDXT,2022-12-07,5942.3799
^NDXT,2022-12-08,6084.1899
^NDXT,2022-12-09,6057.02
^NDXT,2022-12-12,6189.5801
^NDXT,2022-12-13,6309.9102
^NDXT,2022-12-14,6249.5298
^NDXT,2022-12-15,6006.0298
^NDXT,2022-12-16,5970.9702
^NDXT,2022-12-19,5865.1299
^NDXT,2022-12-20,5862.8198
^NDXT,2022-12-21,5949.4702
^NDXT,2022-12-22,5737.9199
^NDXT,2022-12-23,5735.3198
^NDXT,2022-12-27,5662.5698
^NDXT,2022-12-28,5582.5698
^NDXT,2022-12-29,5765.5601
^NDXT,2022-12-30,5751.7598
^NDXT,2023-01-03,5713.3301
^NDXT,2023-01-04,5801.0
^NDXT,2023-01-05,5647.4902
^NDXT,2023-01-06,5828.48
^NDXT,2023-01-09,5930.7998
^NDXT,2023-01-10,5970.0
^NDXT,2023-01-11,6066.5
^NDXT,2023-01-12,6111.5098
^NDXT,2023-01-13,6150.8999
^NDXT,2023-01-17,6176.48
^NDXT,2023-01-18,6091.2998
^NDXT,2023-01-19,6000.5098
^NDXT,2023-01-20,6206.2202
^NDXT,2023-01-23,6418.5698
^NDXT,2023-01-24,6372.96
^NDXT,2023-01-25,6356.21
^NDXT,2023-01-26,6525.3599
^NDXT,2023-01-27,6530.6001
^NDXT,2023-01-30,6363.2598
^NDXT,2023-01-31,6484.2798
^NDXT,2023-02-01,6759.0698
^NDXT,2023-02-02,6999.1099
^NDXT,2023-02-03,6823.5298
^NDXT,2023-02-06,6710.1602
^NDXT,2023-02-07,6912.8101
^NDXT,2023-02-08,6792.73
^NDXT,2023-02-09,6763.8301
^NDXT,2023-02-10,6674.5801
^NDXT,2023-02-13,6784.2798
^NDXT,2023-02-14,6909.0698
^NDXT,2023-02-15,6981.96
^NDXT,2023-02-16,6783.9199
^NDXT,2023-02-17,6682.6899
^NDXT,2023-02-21,6494.79
^NDXT,2023-02-22,6533.8398
^NDXT,2023-02-23,6669.8599
^NDXT,2023-02-24,6529.77
^NDXT,2023-02-27,6572.3301
^NDXT,2023-02-28,6594.1602
^NDXT,2023-03-01,6552.7002
^NDXT,2023-03-02,6646.8398
^NDXT,2023-03-03,6736.6899
^NDXT,2023-03-06,6707.6602
^NDXT,2023-03-07,6623.6401
^NDXT,2023-03-08,6713.3999
^NDXT,2023-03-09,6562.77
^NDXT,2023-03-10,6432.29
^NDXT,2023-03-13,6466.73
^NDXT,2023-03-14,6632.8398
^NDXT,2023-03-15,6609.4199
^NDXT,2023-03-16,6831.4199
^NDXT,2023-03-17,6785.48
^NDXT,2023-03-20,6783.6201
^NDXT,2023-03-21,6861.5698
^NDXT,2023-03-22,6738.6099
^NDXT,2023-03-23,6900.7202
^NDXT,2023-03-24,6831.23
^NDXT,2023-03-27,6779.4302
^NDXT,2023-03-28,6737.3799
^NDXT,2023-03-29,6907.48
^NDXT,2023-03-30,7006.71
^NDXT,2023-03-31,7129.2002
^NDXT,2023-04-03,7064.5601
^NDXT,2023-04-04,6992.29
^NDXT,2023-04-05,6843.21
^NDXT,2023-04-06,6851.3799
^NDXT,2023-04-10,6913.7402
^NDXT,2023-04-11,6886.25
^NDXT,2023-04-12,6806.4702
^NDXT,2023-04-13,6912.8501
^NDXT,2023-04-14,6887.8701
^NDXT,2023-04-17,6886.9102
^NDXT,2023-04-18,6889.75
^NDXT,2023-04-19,6836.0298
^NDXT,2023-04-20,6800.4902
^NDXT,2023-04-21,6773.2998
^NDXT,2023-04-24,6734.73
^NDXT,2023-04-25,6494.21
^NDXT,2023-04-26,6554.4199
^NDXT,2023-04-27,6666.4902
^NDXT,2023-04-28,6714.2202
^NDXT,2023-05-01,6722.0898
^NDXT,2023-05-02,6641.6099
^NDXT,2023-05-03,6591.6699
^NDXT,2023-05-04,6607.96
^NDXT,2023-05-05,6712.3999
^NDXT,2023-05-08,6762.1699
^NDXT,2023-05-09,6702.6899
^NDXT,2023-05-10,6805.9102
^NDXT,2023-05-11,6784.0601
^NDXT,2023-05-12,6777.3599
^NDXT,2023-05-15,6928.5498
^NDXT,2023-05-16,6901.3398
^NDXT,2023-05-17,7035.5
^NDXT,2023-05-18,7225.46
^NDXT,2023-05-19,7206.2402
^NDXT,2023-05-22,7267.8198
^NDXT,2023-05-23,7152.0098
^NDXT,2023-05-24,7082.2798
^NDXT,2023-05-25,7334.6602
^NDXT,2023-05-26,7700.7598
^NDXT,2023-05-30,7716.5698
^NDXT,2023-05-31,7643.0498
^NDXT,2023-06-01,7727.96
^NDXT,2023-06-02,7758.52
^NDXT,2023-06-05,7736.6401
^NDXT,2023-06-06,7791.79
^NDXT,2023-06-07,7633.25
^NDXT,2023-06-08,7722.7998
^NDXT,2023-06-09,7742.9502
^NDXT,2023-06-12,7955.1699
^NDXT,2023-06-13,8048.7598
^NDXT,2023-06-14,8101.0
^NDXT,2023-06-15,8164.6401
^NDXT,2023-06-16,8081.7402
^NDXT,2023-06-20,8007.0898
^NDXT,2023-06-21,7818.0801
^NDXT,2023-06-22,7876.4399
^NDXT,2023-06-23,7763.6099
^NDXT,2023-06-26,7746.3301
^NDXT,2023-06-27,7970.2202
^NDXT,2023-06-28,7954.4399
^NDXT,2023-06-29,7937.73
^NDXT,2023-06-30,8048.8999
^NDXT,2023-07-03,8073.7402
^NDXT,2023-07-05,7995.8501
^NDXT,2023-07-06,7882.23
^NDXT,2023-07-07,7884.1201
^NDXT,2023-07-10,8054.8501
^NDXT,2023-07-11,8075.3198
^NDXT,2023-07-12,8142.29
^NDXT,2023-07-13,8326.9502
^NDXT,2023-07-14,8286.71
^NDXT,2023-07-17,8442.1504
^NDXT,2023-07-18,8474.9502
^NDXT,2023-07-19,8441.7803
^NDXT,2023-07-20,8155.1699
^NDXT,2023-07-21,8212.5703
^NDXT,2023-07-24,8200.7197
^NDXT,2023-07-25,8323.0801
^NDXT,2023-07-26,8271.0498
^NDXT,2023-07-27,8351.0195
^NDXT,2023-07-28,8522.9697
^NDXT,2023-07-31,8587.4102
^NDXT,2023-08-01,8597.3604
^NDXT,2023-08-02,8256.7402
^NDXT,2023-08-03,8263.0596
^NDXT,2023-08-04,8171.3101
^NDXT,2023-08-07,8226.7598
^NDXT,2023-08-08,8075.6499
^NDXT,2023-08-09,7974.8599
^NDXT,2023-08-10,8004.9302
^NDXT,2023-08-11,7886.5698
^NDXT,2023-08-14,8034.4902
^NDXT,2023-08-15,7905.4302
^NDXT,2023-08-16,7795.5498
^NDXT,2023-08-17,7705.6299
^NDXT,2023-08-18,7732.52
^NDXT,2023-08-21,7915.8198
^NDXT,2023-08-22,7874.0498
^NDXT,2023-08-23,8020.1401
^NDXT,2023-08-24,7796.5698
^NDXT,2023-08-25,7896.52
^NDXT,2023-08-28,7951.0
^NDXT,2023-08-29,8163.8901
^NDXT,2023-08-30,8231.3096
^NDXT,2023-08-31,8323.5
^NDXT,2023-09-01,8373.5303
^NDXT,2023-09-05,8402.3096
^NDXT,2023-09-06,8376.8604
^NDXT,2023-09-07,8280.9004
^NDXT,2023-09-08,8264.2695
^NDXT,2023-09-11,8339.6299
^NDXT,2023-09-12,8221.5996
^NDXT,2023-09-13,8243.21
^NDXT,2023-09-14,8304.0
^NDXT,2023-09-15,8087.2798
^NDXT,2023-09-18,8126.2002
^NDXT,2023-09-19,8077.7998
^NDXT,2023-09-20,7955.8398
^NDXT,2023-09-21,7794.9399
^NDXT,2023-09-22,7855.8301
^NDXT,2023-09-25,7877.5098
^NDXT,2023-09-26,7753.6699
^NDXT,2023-09-27,7812.8901
^NDXT,2023-09-28,7901.6602
^NDXT,2023-09-29,7939.2402
^NDXT,2023-10-02,7997.3301
^NDXT,2023-10-03,7800.0801
^NDXT,2023-10-04,7907.02
^NDXT,2023-10-05,7873.29
^NDXT,2023-10-06,8093.7002
^NDXT,2023-10-09,8126.1802
^NDXT,2023-10-10,8216.1299
^NDXT,2023-10-11,8259.8096
^NDXT,2023-10-12,8223.8203
^NDXT,2023-10-13,8074.4102
^NDXT,2023-10-16,8179.3398
^NDXT,2023-10-17,8167.0698
^NDXT,2023-10-18,8048.3501
^NDXT,2023-10-19,7946.5298
^NDXT,2023-10-20,7801.0
^NDXT,2023-10-23,7784.73
^NDXT,2023-10-24,7884.52
^NDXT,2023-10-25,7599.6299
^NDXT,2023-10-26,7528.8198
^NDXT,2023-10-27,7579.2202
^NDXT,2023-10-30,7548.6499
^NDXT,2023-10-31,7610.0801
^NDXT,2023-11-01,7715.48
^NDXT,2023-11-02,7838.1899
^NDXT,2023-11-03,7976.96
^NDXT,2023-11-06,7946.6602
^NDXT,2023-11-07,8103.4502
^NDXT,2023-11-08,8121.1602
^NDXT,2023-11-09,8065.1401
^NDXT,2023-11-10,8323.8301
^NDXT,2023-11-13,8289.8799
^NDXT,2023-11-14,8562.4697
^NDXT,2023-11-15,8575.2998
^NDXT,2023-11-16,8579.0996
^NDXT,2023-11-17,8619.8301
^NDXT,2023-11-20,8758.75
^NDXT,2023-11-21,8671.4502
^NDXT,2023-11-22,8672.3799
^NDXT,2023-11-24,8692.0996
^NDXT,2023-11-27,8677.0303
^NDXT,2023-11-28,8739.96
^NDXT,2023-11-29,8874.2695
^NDXT,2023-11-30,8850.4697
^NDXT,2023-12-01,8878.9404
^NDXT,2023-12-04,8767.8203
^NDXT,2023-12-05,8749.0898
^NDXT,2023-12-06,8686.9404
^NDXT,2023-12-07,8847.0
^NDXT,2023-12-08,8887.0703
^NDXT,2023-12-11,9095.4805
^NDXT,2023-12-12,9184.7305
^NDXT,2023-12-13,9311.25
^NDXT,2023-12-14,9404.6797
^NDXT,2023-12-15,9483.8604
^NDXT,2023-12-18,9475.25
^NDXT,2023-12-19,9514.8604
^NDXT,2023-12-20,9344.4199
^NDXT,2023-12-21,9523.1904
^NDXT,2023-12-22,9566.5596
^NDXT,2023-12-26,9661.8203
^NDXT,2023-12-27,9660.1602
^NDXT,2023-12-28,9650.4004
^NDXT,2023-12-29,9587.9199
^NDXT,2024-01-02,9286.9805
^NDXT,2024-01-03,9152.4902
^NDXT,2024-01-04,9098.9102
^NDXT,2024-01-05,9122.2695
^NDXT,2024-01-08,9382.04
^NDXT,2024-01-09,9431.2695
^NDXT,2024-01-10,9488.7197
^NDXT,2024-01-11,9539.0596
^NDXT,2024-01-12,9534.1699
^NDXT,2024-01-16,9562.1396
^NDXT,2024-01-17,9485.0098
^NDXT,2024-01-18,9658.9697
^NDXT,2024-01-19,9921.7695
^NDXT,2024-01-22,9994.5996
^NDXT,2024-01-23,10035.0303
^NDXT,2024-01-24,10103.1201
^NDXT,2024-01-25,10092.3496
^NDXT,2024-01-26,9947.71
^NDXT,2024-01-29,10077.29
^NDXT,2024-01-30,9974.8203
^NDXT,2024-01-31,9797.6797
^NDXT,2024-02-01,9888.8604
^NDXT,2024-02-02,10021.7197
^NDXT,2024-02-05,10017.6602
^NDXT,2024-02-06,9966.25
^NDXT,2024-02-07,10145.0195
^NDXT,2024-02-08,10256.2998
^NDXT,2024-02-09,10435.1201
^NDXT,2024-02-12,10371.71
^NDXT,2024-02-13,10154.5
^NDXT,2024-02-14,10347.8701
^NDXT,2024-02-15,10342.7197
^NDXT,2024-02-16,10225.0303
^NDXT,2024-02-20,10122.2998
^NDXT,2024-02-21,9939.3896
^NDXT,2024-02-22,10306.1797
^NDXT,2024-02-23,10265.71
^NDXT,2024-02-26,10329.9199
^NDXT,2024-02-27,10347.5098
^NDXT,2024-02-28,10257.5801
^NDXT,2024-02-29,10411.7803
^NDXT,2024-03-01,10606.2305
^NDXT,2024-03-04,10606.4199
^NDXT,2024-03-05,10332.7598
^NDXT,2024-03-06,10475.54
^NDXT,2024-03-07,10686.6504
^NDXT,2024-03-08,10415.3301
^NDXT,2024-03-11,10359.6396
^NDXT,2024-03-12,10530.3496
^NDXT,2024-03-13,10391.8604
^NDXT,2024-03-14,10298.4199
^NDXT,2024-03-15,10146.9902
^NDXT,2024-03-18,10221.21
^NDXT,2024-03-19,10224.5703
^NDXT,2024-03-20,10372.6201
^NDXT,2024-03-21,10472.4404
^NDXT,2024-03-22,10444.1699
^NDXT,2024-03-25,10388.2197
^NDXT,2024-03-26,10373.6504
^NDXT,2024-03-27,10427.4004
^NDXT,2024-03-28,10420.3301
^NDXT,2024-04-01,10463.7002
^NDXT,2024-04-02,10348.4902
^NDXT,2024-04-03,10372.2598
^NDXT,2024-04-04,10172.5098
^NDXT,2024-04-05,10306.5703
^NDXT,2024-04-08,10309.0195
^NDXT,2024-04-09,10400.3203
^NDXT,2024-04-10,10243.2305
^NDXT,2024-04-11,10419.7197
^NDXT,2024-04-12,10162.0596
^NDXT,2024-04-15,9976.7197
^NDXT,2024-04-16,10010.9297
^NDXT,2024-04-17,9816.7803
^NDXT,2024-04-18,9716.7002
^NDXT,2024-04-19,9500.5498
^NDXT,2024-04-22,9631.7305
^NDXT,2024-04-23,9828.8203
^NDXT,2024-04-24,9895.3301
^NDXT,2024-04-25,9893.9297
^NDXT,2024-04-26,10055.6299
^NDXT,2024-04-29,10039.6396
^NDXT,2024-04-30,9845.6797
^NDXT,2024-05-01,9692.1201
^NDXT,2024-05-02,9840.5
^NDXT,2024-05-03,9982.2002
^NDXT,2024-05-06,10112.9697
^NDXT,2024-05-07,10076.0195
^NDXT,2024-05-08,10061.8096
^NDXT,2024-05-09,10038.4297
^NDXT,2024-05-10,10090.3398
^NDXT,2024-05-13,10140.5898
^NDXT,2024-05-14,10213.4805
^NDXT,2024-05-15,10454.29
^NDXT,2024-05-16,10436.75
^NDXT,2024-05-17,10419.2998
^NDXT,2024-05-20,10554.5098
^NDXT,2024-05-21,10507.0996
^NDXT,2024-05-22,10568.7998
^NDXT,2024-05-23,10495.8203
^NDXT,2024-05-24,10549.2197
^NDXT,2024-05-28,10526.8496
^NDXT,2024-05-29,10396.4004
^NDXT,2024-05-30,10205.2402
^NDXT,2024-05-31,10121.7197
^NDXT,2024-06-03,10119.9902
^NDXT,2024-06-04,10076.1797
^NDXT,2024-06-05,10372.0801
^NDXT,2024-06-06,10342.54
^NDXT,2024-06-07,10336.9297
^NDXT,2024-06-10,10455.0
^NDXT,2024-06-11,10511.9297
^NDXT,2024-06-12,10724.4297
^NDXT,2024-06-13,10686.7002
^NDXT,2024-06-14,10713.4297
^NDXT,2024-06-17,10850.75
^NDXT,2024-06-18,10883.3496
^NDXT,2024-06-20,10733.5498
^NDXT,2024-06-21,10742.46
^NDXT,2024-06-24,10582.2803
^NDXT,2024-06-25,10689.96
^NDXT,2024-06-26,10696.8398
^NDXT,2024-06-27,10749.3604
^NDXT,2024-06-28,10790.6504
^NDXT,2024-07-01,10832.3701
^NDXT,2024-07-02,10943.9902
^NDXT,2024-07-03,11024.3496
^NDXT,2024-07-05,11152.7598
^NDXT,2024-07-08,11178.9697
^NDXT,2024-07-09,11104.3203
^NDXT,2024-07-10,11224.9697
^NDXT,2024-07-11,11000.9404
^NDXT,2024-07-12,11145.7197
^NDXT,2024-07-15,11168.4805
^NDXT,2024-07-16,11222.9805
^NDXT,2024-07-17,10757.7002
^NDXT,2024-07-18,10661.5898
^NDXT,2024-07-19,10503.4502
^NDXT,2024-07-22,10709.8604
^NDXT,2024-07-23,10620.6504
^NDXT,2024-07-24,10172.2998
^NDXT,2024-07-25,10094.1396
^NDXT,2024-07-26,10219.79
^NDXT,2024-07-29,10212.0
^NDXT,2024-07-30,9999.5
^NDXT,2024-07-31,10347.9902
^NDXT,2024-08-01,9923.3799
^NDXT,2024-08-02,9481.5098
^NDXT,2024-08-05,9288.3096
^NDXT,2024-08-06,9395.9697
^NDXT,2024-08-07,9335.21
^NDXT,2024-08-08,9740.5703
^NDXT,2024-08-09,9760.3496
^NDXT,2024-08-12,9753.1396
^NDXT,2024-08-13,10029.71
^NDXT,2024-08-14,10042.3496
^NDXT,2024-08-15,10370.0596
^NDXT,2024-08-16,10378.0898
^NDXT,2024-08-19,10515.5098
^NDXT,2024-08-20,10453.2695
^NDXT,2024-08-21,10569.4697
^NDXT,2024-08-22,10325.7695
^NDXT,2024-08-23,10470.0
^NDXT,2024-08-26,10269.2695
^NDXT,2024-08-27,10313.1602
^NDXT,2024-08-28,10152.3496
^NDXT,2024-08-29,10249.3398
^NDXT,2024-08-30,10465.2002
^NDXT,2024-09-03,10001.3799
^NDXT,2024-09-04,9917.1299
^NDXT,2024-09-05,9874.5898
^NDXT,2024-09-06,9618.7803
^NDXT,2024-09-09,9744.1299
^NDXT,2024-09-10,9800.3301
^NDXT,2024-09-11,10058.96
^NDXT,2024-09-12,10046.0098
^NDXT,2024-09-13,10120.4004
^NDXT,2024-09-16,10092.9805
^NDXT,2024-09-17,10075.3799
^NDXT,2024-09-18,10002.2998
^NDXT,2024-09-19,10299.6201
^NDXT,2024-09-20,10230.75
^NDXT,2024-09-23,10264.6201
^NDXT,2024-09-24,10331.3604
^NDXT,2024-09-25,10332.9805
^NDXT,2024-09-26,10540.0303
^NDXT,2024-09-27,10489.7002
^NDXT,2024-09-30,10443.2598
^NDXT,2024-10-01,10232.3799
^NDXT,2024-10-02,10340.1504
^NDXT,2024-10-03,10335.5
^NDXT,2024-10-04,10486.4805
^NDXT,2024-10-07,10412.79
^NDXT,2024-10-08,10514.3701
^NDXT,2024-10-09,10664.5996
^NDXT,2024-10-10,10712.3398
^NDXT,2024-10-11,10804.2598
^NDXT,2024-10-14,10924.46
^NDXT,2024-10-15,10577.0898
^NDXT,2024-10-16,10529.2402
^NDXT,2024-10-17,10525.2998
^NDXT,2024-10-18,10554.1797
^NDXT,2024-10-21,10530.5596
^NDXT,2024-10-22,10502.3301
^NDXT,2024-10-23,10329.29
^NDXT,2024-10-24,10400.9697
^NDXT,2024-10-25,10488.8799
^NDXT,2024-10-28,10523.8604
^NDXT,2024-10-29,10745.3301
^NDXT,2024-10-30,10468.0498
^NDXT,2024-10-31,10154.1904
^NDXT,2024-11-01,10281.3701
^NDXT,2024-11-04,10254.2803
^NDXT,2024-11-05,10391.54
^NDXT,2024-11-06,10708.4404
^NDXT,2024-11-07,10955.7305
^NDXT,2024-11-08,10872.2002
^NDXT,2024-11-11,10828.71
^NDXT,2024-11-12,10787.1396
^NDXT,2024-11-13,10750.7803
^NDXT,2024-11-14,10677.25
^NDXT,2024-11-15,10334.4805
^NDXT,2024-11-18,10442.9805
^NDXT,2024-11-19,10536.3398
^NDXT,2024-11-20,10503.8301
^NDXT,2024-11-21,10690.2598
^NDXT,2024-11-22,10772.6797
^NDXT,2024-11-25,10903.9805
^NDXT,2024-11-26,10834.04
^NDXT,2024-11-27,10653.75
^NDXT,2024-11-29,10722.71
^NDXT,2024-12-02,10941.9805
^NDXT,2024-12-03,10894.0303
^NDXT,2024-12-04,11142.0098
^NDXT,2024-12-05,10918.5098
^NDXT,2024-12-06,11034.96
^NDXT,2024-12-09,10993.21
^NDXT,2024-12-10,10765.0703
^NDXT,2024-12-11,10956.0703
^NDXT,2024-12-12,10891.0996
^NDXT,2024-12-13,10895.7305
^NDXT,2024-12-16,11019.4697
^NDXT,2024-12-17,10917.7695
^NDXT,2024-12-18,10473.2305
^NDXT,2024-12-19,10368.5801
^NDXT,2024-12-20,10492.2002
^NDXT,2024-12-23,10572.2803
^NDXT,2024-12-24,10692.21
^NDXT,2024-12-26,10661.4805
^NDXT,2024-12-27,10535.2002
^NDXT,2024-12-30,10352.0303
^NDXT,2024-12-31,10271.6602
^NDXT,2025-01-02,10309.0996
^NDXT,2025-01-03,10548.0498
^NDXT,2025-01-06,10739.54
^NDXT,2025-01-07,10547.4502
^NDXT,2025-01-08,10510.6904
^NDXT,2025-01-10,10308.9502
^NDXT,2025-01-13,10243.04
^NDXT,2025-01-14,10329.9697
^NDXT,2025-01-15,10545.1504
^NDXT,2025-01-16,10541.9697
^NDXT,2025-01-17,10757.2998
^NDXT,2025-01-21,10871.2402
^NDXT,2025-01-22,11048.6904
^NDXT,2025-01-23,11037.0098
^NDXT,2025-01-24,10926.7197
^NDXT,2025-01-27,10574.9697
^NDXT,2025-01-28,10748.6299
^NDXT,2025-01-29,10703.1504
^NDXT,2025-01-30,10842.7695
^NDXT,2025-01-31,10862.9502
^NDXT,2025-02-03,10766.3203
^NDXT,2025-02-04,10940.5596
^NDXT,2025-02-05,11049.8604
^NDXT,2025-02-06,11077.5596
^NDXT,2025-02-07,10943.96
^NDXT,2025-02-10,11086.3604
^NDXT,2025-02-11,11063.0
^NDXT,2025-02-12,11112.4697
^NDXT,2025-02-13,11317.8398
^NDXT,2025-02-14,11357.96
^NDXT,2025-02-18,11527.29
^NDXT,2025-02-19,11488.5996
^NDXT,2025-02-20,11372.0703
^NDXT,2025-02-21,11000.2402
^NDXT,2025-02-24,10780.5098
^NDXT,2025-02-25,10551.3301
^NDXT,2025-02-26,10669.9199
^NDXT,2025-02-27,10286.0703
^NDXT,2025-02-28,10417.1904
^NDXT,2025-03-03,10168.9805
^NDXT,2025-03-04,10184.9297
^NDXT,2025-03-05,10363.7695
^NDXT,2025-03-06,9934.7402
^NDXT,2025-03-07,10044.29
^NDXT,2025-03-10,9548.5498
^NDXT,2025-03-11,9583.9697
^NDXT,2025-03-12,9710.4297
^NDXT,2025-03-13,9541.2695
^NDXT,2025-03-14,9871.4297
^NDXT,2025-03-17,10046.5098
^NDXT,2025-03-18,9909.2002
^NDXT,2025-03-19,10017.7305
^NDXT,2025-03-20,9977.2402
^NDXT,2025-03-21,9950.7402
^NDXT,2025-03-24,10236.7695
^NDXT,2025-03-25,10266.1699
^NDXT,2025-03-26,10023.5303
^NDXT,2025-03-27,9836.0303
^NDXT,2025-03-28,9526.8701
^NDXT,2025-03-31,9472.5898
^NDXT,2025-04-01,9551.46
^NDXT,2025-04-02,9654.46
^NDXT,2025-04-03,8924.8604
^NDXT,2025-04-04,8298.29
^NDXT,2025-04-07,8368.8701
^NDXT,2025-04-08,8152.1499
^NDXT,2025-04-09,9380.7002
^NDXT,2025-04-10,8830.2803
^NDXT,2025-04-11,8958.7803
^NDXT,2025-04-14,9018.2998
^NDXT,2025-04-15,9083.4102
^NDXT,2025-04-16,8823.8203
^NDXT,2025-04-17,8813.0596
^NDXT,2025-04-21,8601.8203
^NDXT,2025-04-22,8823.8701
^NDXT,2025-04-23,9106.5703
^NDXT,2025-04-24,9539.75
^NDXT,2025-04-25,9658.6797
^NDXT,2025-04-28,9665.8896
^NDXT,2025-04-29,9697.9297
^NDXT,2025-04-30,9723.1904
^NDXT,2025-05-01,9763.4805
^NDXT,2025-05-02,10022.3301
^NDXT,2025-05-05,9976.9199
^NDXT,2025-05-06,9866.75
^NDXT,2025-05-07,9927.8701
^NDXT,2025-05-08,10076.5596
^NDXT,2025-05-09,10100.8604
^NDXT,2025-05-12,10617.5498
^NDXT,2025-05-13,10860.3398
^NDXT,2025-05-14,10875.1504
^NDXT,2025-05-15,10818.3799
^NDXT,2025-05-16,10858.6602
^NDXT,2025-05-19,10828.2998
^NDXT,2025-05-20,10802.1396
^NDXT,2025-05-21,10606.3896
^NDXT,2025-05-22,10587.46
^NDXT,2025-05-23,10466.4805
^NDXT,2025-05-27,10716.71
^NDXT,2025-05-28,10610.3604
^NDXT,2025-05-29,10570.7402
^NDXT,2025-05-30,10572.2197
^NDXT,2025-06-02,10679.3301
^NDXT,2025-06-03,10855.4404
^NDXT,2025-06-04,10921.2598
^NDXT,2025-06-05,10900.4805
^NDXT,2025-06-06,11032.6504
^NDXT,2025-06-09,11127.6504
^NDXT,2025-06-10,11246.7402
^NDXT,2025-06-11,11214.8799
^NDXT,2025-06-12,11211.0
^NDXT,2025-06-13,10996.3496
^NDXT,2025-06-16,11236.75
^NDXT,2025-06-17,11161.2197
^NDXT,2025-06-18,11144.9502
^NDXT,2025-06-20,11057.7305
^NDXT,2025-06-23,11184.9297
^NDXT,2025-06-24,11461.0801
^NDXT,2025-06-25,11486.0498
^NDXT,2025-06-26,11569.0703
^NDXT,2025-06-27,11550.2598
^NDXT,2025-06-30,11641.9102
^NDXT,2025-07-01,11555.4697
^NDXT,2025-07-02,11647.79
^NDXT,2025-07-03,11829.0498
^NDXT,2025-07-07,11707.2002
^NDXT,2025-07-08,11823.0898
^NDXT,2025-07-09,11852.6602
^NDXT,2025-07-10,11750.9805
^NDXT,2025-07-11,11667.5801
^NDXT,2025-07-14,11709.4902
^NDXT,2025-07-15,11736.3301
^NDXT,2025-07-16,11721.9805
^NDXT,2025-07-17,11840.8799
^NDXT,2025-07-18,11852.8604
^NDXT,2025-07-21,11909.3896
^NDXT,2025-07-22,11849.04
^NDXT,2025-07-23,11836.9404
^NDXT,2025-07-24,11823.8896
^NDXT,2025-07-25,11867.29
^NDXT,2025-07-28,11954.8398
^NDXT,2025-07-29,11957.0
^NDXT,2025-07-30,11936.2402
^NDXT,2025-07-31,11691.9697
^NDXT,2025-08-01,11448.2598
^NDXT,2025-08-04,11630.5303
^NDXT,2025-08-05,11494.6396
^NDXT,2025-08-06,11606.4199
^NDXT,2025-08-07,11564.1396
^NDXT,2025-08-08,11598.4697
^NDXT,2025-08-11,11521.0703
^NDXT,2025-08-12,11757.3203
^NDXT,2025-08-13,11824.25
^NDXT,2025-08-14,11747.0898
^NDXT,2025-08-15,11659.1904
^NDXT,2025-08-18,11698.4697
^NDXT,2025-08-19,11511.6396
^NDXT,2025-08-20,11457.7305
^NDXT,2025-08-21,11413.9004
^NDXT,2025-08-22,11672.3896
^NDXT,2025-08-25,11614.54
^NDXT,2025-08-26,11638.6299
^NDXT,2025-08-27,11684.8096
^NDXT,2025-08-28,11804.2695
^NDXT,2025-08-29,11625.1797
^NDXT,2025-09-02,11509.7998
^NDXT,2025-09-03,11535.0195
^NDXT,2025-09-04,11627.3896
^NDXT,2025-09-05,11720.1504
^NDXT,2025-09-08,11832.7197
^NDXT,2025-09-09,11886.6504
^NDXT,2025-09-10,11785.5303
^NDXT,2025-09-11,11931.3398
^NDXT,2025-09-12,11903.3896
^NDXT,2025-09-15,12016.1797
^NDXT,2025-09-16,12054.3398
^NDXT,2025-09-17,12097.29
^NDXT,2025-09-18,12428.7598
^NDXT,2025-09-19,12438.9297
^NDXT,2025-09-22,12539.54
^NDXT,2025-09-23,12452.2598
^NDXT,2025-09-24,12419.1602
^NDXT,2025-09-25,12366.3203
^NDXT,2025-09-26,12475.0801
^NDXT,2025-09-29,12555.9102
^NDXT,2025-09-30,12547.1104
^NDXT,2025-10-01,12653.0801
^NDXT,2025-10-02,12786.3203
^NDXT,2025-10-03,12746.0898
^NDXT,2025-10-06,12916.1797
^NDXT,2025-10-07,12710.1602
^NDXT,2025-10-08,12995.4902
^NDXT,2025-10-09,12892.96
^NDXT,2025-10-10,12280.54
^NDXT,2025-10-13,12679.0498
^NDXT,2025-10-14,12574.9697
^NDXT,2025-10-15,12714.4404
^NDXT,2025-10-16,12674.2402
^NDXT,2025-10-17,12717.1396
^NDXT,2025-10-20,12954.6104
^NDXT,2025-10-21,12981.3604
^NDXT,2025-10-22,12762.5703
^NDXT,2025-10-23,12944.96
^NDXT,2025-10-24,13087.4004
^NDXT,2025-10-27,13330.5703
^NDXT,2025-10-28,13283.5596
^NDXT,2025-10-29,13262.8398
^NDXT,2025-10-30,13113.8496
^NDXT,2025-10-31,13220.0195
^NDXT,2025-11-03,13249.0703
^NDXT,2025-11-04,12806.0303
^NDXT,2025-11-05,12996.0
^NDXT,2025-11-06,12741.5195
^NDXT,2025-11-07,12680.1904
^NDXT,2025-11-10,12947.4199
^NDXT,2025-11-11,12794.4102
^NDXT,2025-11-12,12806.9004
^NDXT,2025-11-13,12481.8096
^NDXT,2025-11-14,12458.8896
^NDXT,2025-11-17,12262.3799
^NDXT,2025-11-18,12088.1299
^NDXT,2025-11-19,12144.6504
^NDXT,2025-11-20,11691.5703
^NDXT,2025-11-21,11840.4502
^NDXT,2025-11-24,12138.7002
^NDXT,2025-11-25,12233.4902
^NDXT,2025-11-26,12335.4004
^NDXT,2025-11-28,12508.6396
^NDXT,2025-12-01,12504.5498
^NDXT,2025-12-02,12745.7305
^NDXT,2025-12-03,12979.5596
^NDXT,2025-12-04,12922.5498
^NDXT,2025-12-05,13048.6104
^NDXT,2025-12-08,13046.5
^NDXT,2025-12-09,13068.2598
^NDXT,2025-12-10,13171.0195
^NDXT,2025-12-11,13129.4297
^NDXT,2025-12-12,12789.3701
^NDXT,2025-12-15,12667.0195
^NDXT,2025-12-16,12658.8096
^NDXT,2025-12-17,12343.8701
^NDXT,2025-12-18,12572.3096
^NDXT,2025-12-19,12763.1797
^NDXT,2025-12-22,12840.3604
^NDXT,2025-12-23,12819.0303
^NDXT,2025-12-24,12842.5303
^NDXT,2025-12-26,12857.7695
^NDXT,2025-12-29,12785.8203
^NDXT,2025-12-30,12735.9004
^NDXT,2025-12-31,12578.3301
^NDXT,2026-01-02,12662.6602
^NDXT,2026-01-05,12838.7998
^NDXT,2026-01-06,13206.6396
^NDXT,2026-01-07,13169.8301
^NDXT,2026-01-08,12941.46
^NDXT,2026-01-09,13111.3096
^NDXT,2026-01-12,13137.5703
^NDXT,2026-01-13,13075.0098
^NDXT,2026-01-14,12913.6396
^NDXT,2026-01-15,12952.3896
^NDXT,2026-01-16,12954.5498
^NDXT,2026-01-20,12701.21
^NDXT,2026-01-21,12997.25
^NDXT,2026-01-22,13113.5596
^NDXT,2026-01-23,13046.2402
^NDXT,2026-01-26,13134.4697
^NDXT,2026-01-27,13242.29
^NDXT,2026-01-28,13480.3301
^NDXT,2026-01-29,13304.3203
^NDXT,2026-01-30,12871.3799
^NDXT,2026-02-02,13028.1602
^NDXT,2026-02-03,12598.6396
^NDXT,2026-02-04,12285.79
^NDXT,2026-02-05,12016.8799
^NDXT,2026-02-06,12479.3398
^NDXT,2026-02-09,12591.4697
^NDXT,2026-02-10,12514.54
^NDXT,2026-02-11,12573.7305
^NDXT,2026-02-12,12276.29
^NDXT,2026-02-13,12407.3496
^NDXT,2026-02-17,12302.7695
^NDXT,2026-02-18,12474.1602
^NDXT,2026-02-19,12373.8096
^NDXT,2026-02-20,12402.9199
^NDXT,2026-02-23,12076.3301
^NDXT,2026-02-24,12202.21
^NDXT,2026-02-25,12536.9902
^NDXT,2026-02-26,12448.8604
^NDXT,2026-02-27,12292.71
^NDXT,2026-03-02,12269.7695
^NDXT,2026-03-03,12042.2803
^NDXT,2026-03-04,12319.4297
^NDXT,2026-03-05,12312.3398
^NDXT,2026-03-06,12075.5098
^NDXT,2026-03-09,12338.0703
^NDXT,2026-03-10,12291.4004
^NDXT,2026-03-11,12307.5
^NDXT,2026-03-12,12002.0801
^NDXT,2026-03-13,11991.8496
^NDXT,2026-03-16,12211.4102
^NDXT,2026-03-17,12377.1201
^NDXT,2026-03-18,12224.8604
^NDXT,2026-03-19,12286.6104
^NDXT,2026-03-20,12031.5801
^NDXT,2026-03-23,12177.3496
^NDXT,2026-03-24,12005.0498
^NDXT,2026-03-25,12073.2598
^NDXT,2026-03-26,11781.79
^NDXT,2026-03-27,11455.2197
^NDXT,2026-03-30,11312.0801
^NDXT,2026-03-31,11807.96
^NDXT,2026-04-01,11981.1104
^NDXT,2026-04-02,12012.8799
^NDXT,2026-04-06,12125.6299
^NDXT,2026-04-07,12159.8701
^NDXT,2026-04-08,12534.3398
^NDXT,2026-04-09,12416.9199
^NDXT,2026-04-10,12373.7998
^NDXT,2026-04-13,12746.1904
^NDXT,2026-04-14,12911.4199
^NDXT,2026-04-15,13179.7002
^NDXT,2026-04-16,13337.9697
^NDXT,2026-04-17,13593.4502
^NDXT,2026-04-20,13709.8896
^NDXT,2026-04-21,13739.8096
^NDXT,2026-04-22,14063.5498
^NDXT,2026-04-23,13953.4697
^NDXT,2026-04-24,14397.9502
^NDXT,2026-04-27,14312.0303
^NDXT,2026-04-28,14031.3604
^NDXT,2026-04-29,14341.1201
^NDXT,2026-04-30,14578.6797
^NDXT,2026-05-01,14845.9805
^NDXT,2026-05-04,14874.7002
^NDXT,2026-05-05,15193.1201
^NDXT,2026-05-06,15566.4199
^NDXT,2026-05-07,15615.0996
^NDXT,2026-05-08,16121.4404
^NDXT,2026-05-11,16278.2197
^NDXT,2026-05-12,15865.0195
^NDXT,2026-05-13,16022.4199
^NDXT,2026-05-14,16082.0498
^NDXT,2026-05-15,15877.2598
^NDXT,2026-05-18,15801.25
^NDXT,2026-05-19,15756.8096
^NDXT,2026-05-20,16198.3301
^NDXT,2026-05-21,16369.0
^NDXT,2026-05-22,16648.5195
^NDXT,2026-05-26,17168.1191
^NDXT,2026-05-27,16854.5801
^NDXT,2026-05-28,17121.8496
^NDXT,2026-05-29,17450.4102
^NDXT,2026-06-01,17960.0098
^NDXT,2026-06-02,18198.0703
^NDXT,2026-06-03,18202.3398
^NDXT,2026-06-04,18010.7305
^NDXT,2026-06-05,16670.1699
^SP500TR,2003-01-02,1303.17
^SP500TR,2003-01-03,1302.55
^SP500TR,2003-01-06,1331.8199
^SP500TR,2003-01-07,1323.17
^SP500TR,2003-01-08,1304.95
^SP500TR,2003-01-09,1330.3101
^SP500TR,2003-01-10,1330.29
^SP500TR,2003-01-13,1328.5
^SP500TR,2003-01-14,1336.25
^SP500TR,2003-01-15,1317.1801
^SP500TR,2003-01-16,1312.01
^SP500TR,2003-01-17,1293.63
^SP500TR,2003-01-21,1273.3101
^SP500TR,2003-01-22,1260.16
^SP500TR,2003-01-23,1273.04
^SP500TR,2003-01-24,1235.84
^SP500TR,2003-01-27,1215.86
^SP500TR,2003-01-28,1231.74
^SP500TR,2003-01-29,1240.3101
^SP500TR,2003-01-30,1212.23
^SP500TR,2003-01-31,1228.14
^SP500TR,2003-02-03,1234.79
^SP500TR,2003-02-04,1217.4
^SP500TR,2003-02-05,1211.04
^SP500TR,2003-02-06,1203.58
^SP500TR,2003-02-07,1191.46
^SP500TR,2003-02-10,1200.51
^SP500TR,2003-02-11,1190.83
^SP500TR,2003-02-12,1176.15
^SP500TR,2003-02-13,1174.4301
^SP500TR,2003-02-14,1199.61
^SP500TR,2003-02-18,1223.11
^SP500TR,2003-02-19,1214.66
^SP500TR,2003-02-20,1203.1801
^SP500TR,2003-02-21,1219.1
^SP500TR,2003-02-24,1196.71
^SP500TR,2003-02-25,1205.3199
^SP500TR,2003-02-26,1189.98
^SP500TR,2003-02-27,1204.11
^SP500TR,2003-02-28,1209.71
^SP500TR,2003-03-03,1200.6
^SP500TR,2003-03-04,1182.17
^SP500TR,2003-03-05,1193.87
^SP500TR,2003-03-06,1182.8199
^SP500TR,2003-03-07,1192.62
^SP500TR,2003-03-10,1161.85
^SP500TR,2003-03-11,1152.15
^SP500TR,2003-03-12,1157.61
^SP500TR,2003-03-13,1197.5601
^SP500TR,2003-03-14,1199.55
^SP500TR,2003-03-17,1242.09
^SP500TR,2003-03-18,1247.4
^SP500TR,2003-03-19,1258.37
^SP500TR,2003-03-20,1260.77
^SP500TR,2003-03-21,1289.74
^SP500TR,2003-03-24,1244.3101
^SP500TR,2003-03-25,1259.4399
^SP500TR,2003-03-26,1252.59
^SP500TR,2003-03-27,1250.71
^SP500TR,2003-03-28,1243.51
^SP500TR,2003-03-31,1221.46
^SP500TR,2003-04-01,1236.3
^SP500TR,2003-04-02,1268.8199
^SP500TR,2003-04-03,1262.4301
^SP500TR,2003-04-04,1265.9
^SP500TR,2003-04-07,1267.49
^SP500TR,2003-04-08,1265.5699
^SP500TR,2003-04-09,1247.99
^SP500TR,2003-04-10,1256.04
^SP500TR,2003-04-11,1251.41
^SP500TR,2003-04-14,1275.8199
^SP500TR,2003-04-15,1283.96
^SP500TR,2003-04-16,1268.28
^SP500TR,2003-04-17,1287.99
^SP500TR,2003-04-21,1285.72
^SP500TR,2003-04-22,1313.63
^SP500TR,2003-04-23,1324.6801
^SP500TR,2003-04-24,1313.75
^SP500TR,2003-04-25,1295.5699
^SP500TR,2003-04-28,1318.85
^SP500TR,2003-04-29,1323.26
^SP500TR,2003-04-30,1322.0699
^SP500TR,2003-05-01,1321.39
^SP500TR,2003-05-02,1341.28
^SP500TR,2003-05-05,1336.24
^SP500TR,2003-05-06,1347.54
^SP500TR,2003-05-07,1340.87
^SP500TR,2003-05-08,1327.42
^SP500TR,2003-05-09,1346.6801
^SP500TR,2003-05-12,1363.61
^SP500TR,2003-05-13,1359.74
^SP500TR,2003-05-14,1355.76
^SP500TR,2003-05-15,1366.59
^SP500TR,2003-05-16,1363.3199
^SP500TR,2003-05-19,1329.38
^SP500TR,2003-05-20,1327.87
^SP500TR,2003-05-21,1333.33
^SP500TR,2003-05-22,1345.53
^SP500TR,2003-05-23,1347.49
^SP500TR,2003-05-27,1373.86
^SP500TR,2003-05-28,1376.58
^SP500TR,2003-05-29,1371.51
^SP500TR,2003-05-30,1391.72
^SP500TR,2003-06-02,1396.7
^SP500TR,2003-06-03,1403.29
^SP500TR,2003-06-04,1424.91
^SP500TR,2003-06-05,1430.64
^SP500TR,2003-06-06,1427.28
^SP500TR,2003-06-09,1410.21
^SP500TR,2003-06-10,1423.11
^SP500TR,2003-06-11,1441.86
^SP500TR,2003-06-12,1443.41
^SP500TR,2003-06-13,1429.11
^SP500TR,2003-06-16,1461.15
^SP500TR,2003-06-17,1462.48
^SP500TR,2003-06-18,1460.3199
^SP500TR,2003-06-19,1438.09
^SP500TR,2003-06-20,1439.54
^SP500TR,2003-06-23,1419.24
^SP500TR,2003-06-24,1421.86
^SP500TR,2003-06-25,1410.1
^SP500TR,2003-06-26,1425.8199
^SP500TR,2003-06-27,1411.97
^SP500TR,2003-06-30,1409.48
^SP500TR,2003-07-01,1421.03
^SP500TR,2003-07-02,1437.61
^SP500TR,2003-07-03,1425.97
^SP500TR,2003-07-07,1453.0699
^SP500TR,2003-07-08,1458.51
^SP500TR,2003-07-09,1450.51
^SP500TR,2003-07-10,1430.96
^SP500TR,2003-07-11,1444.7
^SP500TR,2003-07-14,1453.0
^SP500TR,2003-07-15,1448.02
^SP500TR,2003-07-16,1438.86
^SP500TR,2003-07-17,1421.11
^SP500TR,2003-07-18,1437.89
^SP500TR,2003-07-21,1416.88
^SP500TR,2003-07-22,1430.35
^SP500TR,2003-07-23,1431.1
^SP500TR,2003-07-24,1420.96
^SP500TR,2003-07-25,1445.7
^SP500TR,2003-07-28,1442.58
^SP500TR,2003-07-29,1432.3101
^SP500TR,2003-07-30,1429.91
^SP500TR,2003-07-31,1434.33
^SP500TR,2003-08-01,1419.64
^SP500TR,2003-08-04,1423.51
^SP500TR,2003-08-05,1398.42
^SP500TR,2003-08-06,1401.01
^SP500TR,2003-08-07,1411.27
^SP500TR,2003-08-08,1416.3
^SP500TR,2003-08-11,1421.01
^SP500TR,2003-08-12,1435.17
^SP500TR,2003-08-13,1426.55
^SP500TR,2003-08-14,1435.96
^SP500TR,2003-08-15,1436.4301
^SP500TR,2003-08-18,1449.65
^SP500TR,2003-08-19,1453.45
^SP500TR,2003-08-20,1450.61
^SP500TR,2003-08-21,1454.98
^SP500TR,2003-08-22,1440.17
^SP500TR,2003-08-25,1441.11
^SP500TR,2003-08-26,1445.51
^SP500TR,2003-08-27,1445.84
^SP500TR,2003-08-28,1454.7
^SP500TR,2003-08-29,1462.3
^SP500TR,2003-09-02,1482.61
^SP500TR,2003-09-03,1489.25
^SP500TR,2003-09-04,1491.77
^SP500TR,2003-09-05,1482.24
^SP500TR,2003-09-08,1497.22
^SP500TR,2003-09-09,1484.9301
^SP500TR,2003-09-10,1467.29
^SP500TR,2003-09-11,1475.72
^SP500TR,2003-09-12,1478.9399
^SP500TR,2003-09-15,1473.4301
^SP500TR,2003-09-16,1494.5
^SP500TR,2003-09-17,1489.7
^SP500TR,2003-09-18,1509.47
^SP500TR,2003-09-19,1504.74
^SP500TR,2003-09-22,1485.16
^SP500TR,2003-09-23,1494.1899
^SP500TR,2003-09-24,1465.66
^SP500TR,2003-09-25,1457.09
^SP500TR,2003-09-26,1448.03
^SP500TR,2003-09-29,1462.2
^SP500TR,2003-09-30,1446.77
^SP500TR,2003-10-01,1479.23
^SP500TR,2003-10-02,1482.36
^SP500TR,2003-10-03,1496.3199
^SP500TR,2003-10-06,1502.86
^SP500TR,2003-10-07,1510.05
^SP500TR,2003-10-08,1502.65
^SP500TR,2003-10-09,1509.86
^SP500TR,2003-10-10,1509.0
^SP500TR,2003-10-13,1519.6
^SP500TR,2003-10-14,1525.6
^SP500TR,2003-10-15,1521.95
^SP500TR,2003-10-16,1526.8
^SP500TR,2003-10-17,1511.1801
^SP500TR,2003-10-20,1518.97
^SP500TR,2003-10-21,1520.9301
^SP500TR,2003-10-22,1498.28
^SP500TR,2003-10-23,1503.26
^SP500TR,2003-10-24,1496.2
^SP500TR,2003-10-27,1499.4301
^SP500TR,2003-10-28,1522.21
^SP500TR,2003-10-29,1524.41
^SP500TR,2003-10-30,1523.12
^SP500TR,2003-10-31,1528.62
^SP500TR,2003-11-03,1540.71
^SP500TR,2003-11-04,1532.34
^SP500TR,2003-11-05,1530.54
^SP500TR,2003-11-06,1539.75
^SP500TR,2003-11-07,1533.02
^SP500TR,2003-11-10,1524.26
^SP500TR,2003-11-11,1523.47
^SP500TR,2003-11-12,1541.49
^SP500TR,2003-11-13,1541.3
^SP500TR,2003-11-14,1529.84
^SP500TR,2003-11-17,1520.0699
^SP500TR,2003-11-18,1506.3199
^SP500TR,2003-11-19,1518.51
^SP500TR,2003-11-20,1505.76
^SP500TR,2003-11-21,1508.21
^SP500TR,2003-11-24,1532.6899
^SP500TR,2003-11-25,1535.49
^SP500TR,2003-11-26,1542.39
^SP500TR,2003-11-28,1542.0699
^SP500TR,2003-12-01,1559.5
^SP500TR,2003-12-02,1554.42
^SP500TR,2003-12-03,1552.09
^SP500TR,2003-12-04,1559.47
^SP500TR,2003-12-05,1547.52
^SP500TR,2003-12-08,1558.96
^SP500TR,2003-12-09,1545.6801
^SP500TR,2003-12-10,1544.3101
^SP500TR,2003-12-11,1562.23
^SP500TR,2003-12-12,1566.5
^SP500TR,2003-12-15,1557.66
^SP500TR,2003-12-16,1568.02
^SP500TR,2003-12-17,1570.15
^SP500TR,2003-12-18,1588.9
^SP500TR,2003-12-19,1588.1899
^SP500TR,2003-12-22,1594.4301
^SP500TR,2003-12-23,1598.9301
^SP500TR,2003-12-24,1596.05
^SP500TR,2003-12-26,1598.75
^SP500TR,2003-12-29,1619.16
^SP500TR,2003-12-30,1619.59
^SP500TR,2003-12-31,1622.9399
^SP500TR,2004-01-02,1618.05
^SP500TR,2004-01-05,1638.1
^SP500TR,2004-01-06,1640.3101
^SP500TR,2004-01-07,1644.6
^SP500TR,2004-01-08,1652.83
^SP500TR,2004-01-09,1638.14
^SP500TR,2004-01-12,1646.03
^SP500TR,2004-01-13,1637.33
^SP500TR,2004-01-14,1650.96
^SP500TR,2004-01-15,1653.21
^SP500TR,2004-01-16,1664.5699
^SP500TR,2004-01-20,1663.03
^SP500TR,2004-01-21,1676.0699
^SP500TR,2004-01-22,1670.73
^SP500TR,2004-01-23,1667.26
^SP500TR,2004-01-26,1687.4399
^SP500TR,2004-01-27,1670.91
^SP500TR,2004-01-28,1648.4399
^SP500TR,2004-01-29,1657.09
^SP500TR,2004-01-30,1652.73
^SP500TR,2004-02-02,1658.79
^SP500TR,2004-02-03,1659.92
^SP500TR,2004-02-04,1646.29
^SP500TR,2004-02-05,1649.35
^SP500TR,2004-02-06,1670.14
^SP500TR,2004-02-09,1666.16
^SP500TR,2004-02-10,1674.55
^SP500TR,2004-02-11,1693.03
^SP500TR,2004-02-12,1684.92
^SP500TR,2004-02-13,1675.86
^SP500TR,2004-02-17,1692.22
^SP500TR,2004-02-18,1684.9
^SP500TR,2004-02-19,1678.01
^SP500TR,2004-02-20,1673.71
^SP500TR,2004-02-23,1669.2
^SP500TR,2004-02-24,1666.42
^SP500TR,2004-02-25,1673.34
^SP500TR,2004-02-26,1675.63
^SP500TR,2004-02-27,1675.7
^SP500TR,2004-03-01,1691.9
^SP500TR,2004-03-02,1681.88
^SP500TR,2004-03-03,1685.17
^SP500TR,2004-03-04,1690.83
^SP500TR,2004-03-05,1693.76
^SP500TR,2004-03-08,1679.74
^SP500TR,2004-03-09,1670.0699
^SP500TR,2004-03-10,1645.79
^SP500TR,2004-03-11,1621.21
^SP500TR,2004-03-12,1641.42
^SP500TR,2004-03-15,1617.91
^SP500TR,2004-03-16,1627.03
^SP500TR,2004-03-17,1646.29
^SP500TR,2004-03-18,1644.21
^SP500TR,2004-03-19,1625.84
^SP500TR,2004-03-22,1604.8
^SP500TR,2004-03-23,1602.67
^SP500TR,2004-03-24,1598.85
^SP500TR,2004-03-25,1625.01
^SP500TR,2004-03-26,1623.36
^SP500TR,2004-03-29,1644.75
^SP500TR,2004-03-30,1651.4301
^SP500TR,2004-03-31,1650.42
^SP500TR,2004-04-01,1659.16
^SP500TR,2004-04-02,1673.41
^SP500TR,2004-04-05,1686.24
^SP500TR,2004-04-06,1683.23
^SP500TR,2004-04-07,1672.14
^SP500TR,2004-04-08,1670.36
^SP500TR,2004-04-12,1679.02
^SP500TR,2004-04-13,1655.99
^SP500TR,2004-04-14,1654.17
^SP500TR,2004-04-15,1655.15
^SP500TR,2004-04-16,1663.62
^SP500TR,2004-04-19,1665.4
^SP500TR,2004-04-20,1639.49
^SP500TR,2004-04-21,1648.3101
^SP500TR,2004-04-22,1671.63
^SP500TR,2004-04-23,1672.62
^SP500TR,2004-04-26,1665.2
^SP500TR,2004-04-27,1668.99
^SP500TR,2004-04-28,1646.2
^SP500TR,2004-04-29,1634.16
^SP500TR,2004-04-30,1624.51
^SP500TR,2004-05-03,1639.46
^SP500TR,2004-05-04,1642.5
^SP500TR,2004-05-05,1645.65
^SP500TR,2004-05-06,1634.75
^SP500TR,2004-05-07,1612.3101
^SP500TR,2004-05-10,1595.38
^SP500TR,2004-05-11,1607.9399
^SP500TR,2004-05-12,1611.15
^SP500TR,2004-05-13,1610.05
^SP500TR,2004-05-14,1609.12
^SP500TR,2004-05-17,1592.23
^SP500TR,2004-05-18,1603.14
^SP500TR,2004-05-19,1599.29
^SP500TR,2004-05-20,1600.0601
^SP500TR,2004-05-21,1606.49
^SP500TR,2004-05-24,1609.22
^SP500TR,2004-05-25,1635.14
^SP500TR,2004-05-26,1638.16
^SP500TR,2004-05-27,1647.65
^SP500TR,2004-05-28,1646.8
^SP500TR,2004-06-01,1647.5699
^SP500TR,2004-06-02,1653.67
^SP500TR,2004-06-03,1641.4301
^SP500TR,2004-06-04,1650.08
^SP500TR,2004-06-07,1676.48
^SP500TR,2004-06-08,1679.21
^SP500TR,2004-06-09,1663.38
^SP500TR,2004-06-10,1671.02
^SP500TR,2004-06-14,1655.0
^SP500TR,2004-06-15,1664.92
^SP500TR,2004-06-16,1667.23
^SP500TR,2004-06-17,1665.02
^SP500TR,2004-06-18,1669.39
^SP500TR,2004-06-21,1662.46
^SP500TR,2004-06-22,1668.55
^SP500TR,2004-06-23,1682.75
^SP500TR,2004-06-24,1678.0699
^SP500TR,2004-06-25,1668.9301
^SP500TR,2004-06-28,1667.61
^SP500TR,2004-06-29,1671.84
^SP500TR,2004-06-30,1678.83
^SP500TR,2004-07-01,1661.53
^SP500TR,2004-07-02,1656.33
^SP500TR,2004-07-06,1642.84
^SP500TR,2004-07-07,1646.36
^SP500TR,2004-07-08,1632.89
^SP500TR,2004-07-09,1638.42
^SP500TR,2004-07-12,1640.73
^SP500TR,2004-07-13,1641.96
^SP500TR,2004-07-14,1636.62
^SP500TR,2004-07-15,1629.58
^SP500TR,2004-07-16,1621.8101
^SP500TR,2004-07-19,1621.09
^SP500TR,2004-07-20,1632.52
^SP500TR,2004-07-21,1610.88
^SP500TR,2004-07-22,1615.27
^SP500TR,2004-07-23,1599.62
^SP500TR,2004-07-26,1596.48
^SP500TR,2004-07-27,1612.33
^SP500TR,2004-07-28,1613.5
^SP500TR,2004-07-29,1621.35
^SP500TR,2004-07-30,1623.26
^SP500TR,2004-08-02,1630.48
^SP500TR,2004-08-03,1620.28
^SP500TR,2004-08-04,1619.0
^SP500TR,2004-08-05,1592.64
^SP500TR,2004-08-06,1568.0699
^SP500TR,2004-08-09,1569.96
^SP500TR,2004-08-10,1590.35
^SP500TR,2004-08-11,1586.4301
^SP500TR,2004-08-12,1567.95
^SP500TR,2004-08-13,1570.4399
^SP500TR,2004-08-16,1591.9399
^SP500TR,2004-08-17,1595.5699
^SP500TR,2004-08-18,1615.72
^SP500TR,2004-08-19,1609.97
^SP500TR,2004-08-20,1620.47
^SP500TR,2004-08-23,1616.6801
^SP500TR,2004-08-24,1617.46
^SP500TR,2004-08-25,1630.49
^SP500TR,2004-08-26,1630.6801
^SP500TR,2004-08-27,1634.83
^SP500TR,2004-08-30,1622.28
^SP500TR,2004-08-31,1629.83
^SP500TR,2004-09-01,1632.8199
^SP500TR,2004-09-02,1651.14
^SP500TR,2004-09-03,1644.25
^SP500TR,2004-09-07,1655.65
^SP500TR,2004-09-08,1648.52
^SP500TR,2004-09-09,1651.65
^SP500TR,2004-09-10,1659.84
^SP500TR,2004-09-13,1663.1
^SP500TR,2004-09-14,1666.8199
^SP500TR,2004-09-15,1655.1
^SP500TR,2004-09-16,1659.78
^SP500TR,2004-09-17,1667.25
^SP500TR,2004-09-20,1657.88
^SP500TR,2004-09-21,1668.39
^SP500TR,2004-09-22,1645.17
^SP500TR,2004-09-23,1637.8199
^SP500TR,2004-09-24,1640.4
^SP500TR,2004-09-27,1630.67
^SP500TR,2004-09-28,1640.62
^SP500TR,2004-09-29,1647.79
^SP500TR,2004-09-30,1647.48
^SP500TR,2004-10-01,1672.49
^SP500TR,2004-10-04,1678.1
^SP500TR,2004-10-05,1677.09
^SP500TR,2004-10-06,1688.83
^SP500TR,2004-10-07,1672.08
^SP500TR,2004-10-08,1659.51
^SP500TR,2004-10-11,1662.84
^SP500TR,2004-10-12,1659.0699
^SP500TR,2004-10-13,1647.13
^SP500TR,2004-10-14,1631.8101
^SP500TR,2004-10-15,1639.08
^SP500TR,2004-10-18,1647.7
^SP500TR,2004-10-19,1631.74
^SP500TR,2004-10-20,1632.49
^SP500TR,2004-10-21,1636.76
^SP500TR,2004-10-22,1620.85
^SP500TR,2004-10-25,1619.48
^SP500TR,2004-10-26,1643.5699
^SP500TR,2004-10-27,1665.01
^SP500TR,2004-10-28,1668.55
^SP500TR,2004-10-29,1672.65
^SP500TR,2004-11-01,1673.11
^SP500TR,2004-11-02,1673.16
^SP500TR,2004-11-03,1692.22
^SP500TR,2004-11-04,1719.64
^SP500TR,2004-11-05,1726.34
^SP500TR,2004-11-08,1724.59
^SP500TR,2004-11-09,1724.08
^SP500TR,2004-11-10,1722.67
^SP500TR,2004-11-11,1738.3199
^SP500TR,2004-11-12,1754.33
^SP500TR,2004-11-15,1753.99
^SP500TR,2004-11-16,1741.72
^SP500TR,2004-11-17,1751.5699
^SP500TR,2004-11-18,1753.97
^SP500TR,2004-11-19,1734.45
^SP500TR,2004-11-22,1744.71
^SP500TR,2004-11-23,1744.3101
^SP500TR,2004-11-24,1751.55
^SP500TR,2004-11-26,1753.09
^SP500TR,2004-11-29,1747.34
^SP500TR,2004-11-30,1740.33
^SP500TR,2004-12-01,1766.9
^SP500TR,2004-12-02,1765.37
^SP500TR,2004-12-03,1766.63
^SP500TR,2004-12-06,1765.33
^SP500TR,2004-12-07,1745.84
^SP500TR,2004-12-08,1754.75
^SP500TR,2004-12-09,1764.35
^SP500TR,2004-12-10,1762.51
^SP500TR,2004-12-13,1778.54
^SP500TR,2004-12-14,1785.51
^SP500TR,2004-12-15,1789.14
^SP500TR,2004-12-16,1785.51
^SP500TR,2004-12-17,1772.1899
^SP500TR,2004-12-20,1772.87
^SP500TR,2004-12-21,1788.9301
^SP500TR,2004-12-22,1795.66
^SP500TR,2004-12-23,1796.49
^SP500TR,2004-12-27,1788.76
^SP500TR,2004-12-28,1801.58
^SP500TR,2004-12-29,1801.71
^SP500TR,2004-12-30,1801.98
^SP500TR,2004-12-31,1799.55
^SP500TR,2005-01-03,1784.96
^SP500TR,2005-01-04,1764.3
^SP500TR,2005-01-05,1758.0699
^SP500TR,2005-01-06,1764.63
^SP500TR,2005-01-07,1762.12
^SP500TR,2005-01-10,1768.17
^SP500TR,2005-01-11,1757.51
^SP500TR,2005-01-12,1764.72
^SP500TR,2005-01-13,1749.48
^SP500TR,2005-01-14,1759.98
^SP500TR,2005-01-18,1777.04
^SP500TR,2005-01-19,1760.28
^SP500TR,2005-01-20,1746.61
^SP500TR,2005-01-21,1735.4301
^SP500TR,2005-01-24,1729.33
^SP500TR,2005-01-25,1736.25
^SP500TR,2005-01-26,1744.72
^SP500TR,2005-01-27,1745.58
^SP500TR,2005-01-28,1740.96
^SP500TR,2005-01-31,1755.6801
^SP500TR,2005-02-01,1767.79
^SP500TR,2005-02-02,1773.63
^SP500TR,2005-02-03,1769.26
^SP500TR,2005-02-04,1788.8199
^SP500TR,2005-02-07,1786.92
^SP500TR,2005-02-08,1788.16
^SP500TR,2005-02-09,1773.28
^SP500TR,2005-02-10,1780.8
^SP500TR,2005-02-11,1793.54
^SP500TR,2005-02-14,1794.98
^SP500TR,2005-02-15,1801.0601
^SP500TR,2005-02-16,1801.59
^SP500TR,2005-02-17,1787.41
^SP500TR,2005-02-18,1788.65
^SP500TR,2005-02-22,1762.76
^SP500TR,2005-02-23,1772.76
^SP500TR,2005-02-24,1787.34
^SP500TR,2005-02-25,1804.17
^SP500TR,2005-02-28,1792.63
^SP500TR,2005-03-01,1802.79
^SP500TR,2005-03-02,1802.92
^SP500TR,2005-03-03,1803.51
^SP500TR,2005-03-04,1820.88
^SP500TR,2005-03-07,1825.7
^SP500TR,2005-03-08,1817.12
^SP500TR,2005-03-09,1798.79
^SP500TR,2005-03-10,1802.2
^SP500TR,2005-03-11,1789.01
^SP500TR,2005-03-14,1799.14
^SP500TR,2005-03-15,1785.61
^SP500TR,2005-03-16,1771.35
^SP500TR,2005-03-17,1774.55
^SP500TR,2005-03-18,1773.72
^SP500TR,2005-03-21,1764.98
^SP500TR,2005-03-22,1747.03
^SP500TR,2005-03-23,1748.28
^SP500TR,2005-03-24,1746.62
^SP500TR,2005-03-28,1750.89
^SP500TR,2005-03-29,1737.9399
^SP500TR,2005-03-30,1762.09
^SP500TR,2005-03-31,1760.89
^SP500TR,2005-04-01,1749.45
^SP500TR,2005-04-04,1754.4301
^SP500TR,2005-04-05,1762.3199
^SP500TR,2005-04-06,1766.6899
^SP500TR,2005-04-07,1777.35
^SP500TR,2005-04-08,1762.52
^SP500TR,2005-04-11,1762.5601
^SP500TR,2005-04-12,1772.4399
^SP500TR,2005-04-13,1751.77
^SP500TR,2005-04-14,1734.25
^SP500TR,2005-04-15,1705.26
^SP500TR,2005-04-18,1710.27
^SP500TR,2005-04-19,1720.4301
^SP500TR,2005-04-20,1697.74
^SP500TR,2005-04-21,1731.27
^SP500TR,2005-04-22,1719.66
^SP500TR,2005-04-25,1734.5601
^SP500TR,2005-04-26,1719.09
^SP500TR,2005-04-27,1726.21
^SP500TR,2005-04-28,1707.13
^SP500TR,2005-04-29,1727.49
^SP500TR,2005-05-02,1735.4301
^SP500TR,2005-05-03,1733.95
^SP500TR,2005-05-04,1755.92
^SP500TR,2005-05-05,1751.47
^SP500TR,2005-05-06,1749.65
^SP500TR,2005-05-09,1760.87
^SP500TR,2005-05-10,1742.0601
^SP500TR,2005-05-11,1750.26
^SP500TR,2005-05-12,1732.89
^SP500TR,2005-05-13,1725.15
^SP500TR,2005-05-16,1742.74
^SP500TR,2005-05-17,1755.1
^SP500TR,2005-05-18,1773.01
^SP500TR,2005-05-19,1781.28
^SP500TR,2005-05-20,1778.59
^SP500TR,2005-05-23,1785.46
^SP500TR,2005-05-24,1785.8
^SP500TR,2005-05-25,1779.8101
^SP500TR,2005-05-26,1791.41
^SP500TR,2005-05-27,1793.34
^SP500TR,2005-05-31,1782.46
^SP500TR,2005-06-01,1799.15
^SP500TR,2005-06-02,1802.1899
^SP500TR,2005-06-03,1789.83
^SP500TR,2005-06-06,1792.14
^SP500TR,2005-06-07,1791.89
^SP500TR,2005-06-08,1788.3
^SP500TR,2005-06-09,1797.72
^SP500TR,2005-06-10,1793.51
^SP500TR,2005-06-13,1798.0699
^SP500TR,2005-06-14,1802.73
^SP500TR,2005-06-15,1806.78
^SP500TR,2005-06-16,1813.35
^SP500TR,2005-06-17,1822.35
^SP500TR,2005-06-20,1821.0601
^SP500TR,2005-06-21,1817.36
^SP500TR,2005-06-22,1817.8
^SP500TR,2005-06-23,1798.49
^SP500TR,2005-06-24,1784.77
^SP500TR,2005-06-27,1783.45
^SP500TR,2005-06-28,1800.0699
^SP500TR,2005-06-29,1797.73
^SP500TR,2005-06-30,1784.99
^SP500TR,2005-07-01,1789.85
^SP500TR,2005-07-05,1805.6801
^SP500TR,2005-07-06,1791.05
^SP500TR,2005-07-07,1795.55
^SP500TR,2005-07-08,1816.52
^SP500TR,2005-07-11,1827.91
^SP500TR,2005-07-12,1832.15
^SP500TR,2005-07-13,1833.98
^SP500TR,2005-07-14,1838.8
^SP500TR,2005-07-15,1840.9301
^SP500TR,2005-07-18,1830.75
^SP500TR,2005-07-19,1843.0699
^SP500TR,2005-07-20,1852.02
^SP500TR,2005-07-21,1839.8
^SP500TR,2005-07-22,1849.8101
^SP500TR,2005-07-25,1842.85
^SP500TR,2005-07-26,1846.04
^SP500TR,2005-07-27,1854.72
^SP500TR,2005-07-28,1865.64
^SP500TR,2005-07-29,1851.37
^SP500TR,2005-08-01,1853.13
^SP500TR,2005-08-02,1866.28
^SP500TR,2005-08-03,1868.0601
^SP500TR,2005-08-04,1854.3
^SP500TR,2005-08-05,1840.1899
^SP500TR,2005-08-08,1835.37
^SP500TR,2005-08-09,1847.76
^SP500TR,2005-08-10,1845.16
^SP500TR,2005-08-11,1858.4301
^SP500TR,2005-08-12,1847.3101
^SP500TR,2005-08-15,1852.78
^SP500TR,2005-08-16,1830.99
^SP500TR,2005-08-17,1832.8199
^SP500TR,2005-08-18,1831.09
^SP500TR,2005-08-19,1832.29
^SP500TR,2005-08-22,1835.3199
^SP500TR,2005-08-23,1829.11
^SP500TR,2005-08-24,1817.22
^SP500TR,2005-08-25,1821.46
^SP500TR,2005-08-26,1810.52
^SP500TR,2005-08-29,1821.5601
^SP500TR,2005-08-30,1815.97
^SP500TR,2005-08-31,1834.48
^SP500TR,2005-09-01,1836.37
^SP500TR,2005-09-02,1831.0601
^SP500TR,2005-09-06,1854.23
^SP500TR,2005-09-07,1859.0
^SP500TR,2005-09-08,1852.0
^SP500TR,2005-09-09,1866.74
^SP500TR,2005-09-12,1865.45
^SP500TR,2005-09-13,1851.87
^SP500TR,2005-09-14,1845.84
^SP500TR,2005-09-15,1846.76
^SP500TR,2005-09-16,1862.11
^SP500TR,2005-09-19,1851.74
^SP500TR,2005-09-20,1837.2
^SP500TR,2005-09-21,1820.49
^SP500TR,2005-09-22,1827.54
^SP500TR,2005-09-23,1828.54
^SP500TR,2005-09-26,1829.05
^SP500TR,2005-09-27,1829.13
^SP500TR,2005-09-28,1831.3199
^SP500TR,2005-09-29,1847.62
^SP500TR,2005-09-30,1849.33
^SP500TR,2005-10-03,1846.17
^SP500TR,2005-10-04,1827.96
^SP500TR,2005-10-05,1801.4
^SP500TR,2005-10-06,1794.04
^SP500TR,2005-10-07,1800.71
^SP500TR,2005-10-10,1787.8
^SP500TR,2005-10-11,1784.22
^SP500TR,2005-10-12,1773.6
^SP500TR,2005-10-13,1772.36
^SP500TR,2005-10-14,1787.01
^SP500TR,2005-10-17,1792.33
^SP500TR,2005-10-18,1774.3199
^SP500TR,2005-10-19,1801.01
^SP500TR,2005-10-20,1774.02
^SP500TR,2005-10-21,1776.73
^SP500TR,2005-10-24,1806.59
^SP500TR,2005-10-25,1802.3
^SP500TR,2005-10-26,1794.5601
^SP500TR,2005-10-27,1776.01
^SP500TR,2005-10-28,1805.5601
^SP500TR,2005-10-31,1818.5
^SP500TR,2005-11-01,1812.11
^SP500TR,2005-11-02,1830.4301
^SP500TR,2005-11-03,1838.86
^SP500TR,2005-11-04,1839.16
^SP500TR,2005-11-07,1843.27
^SP500TR,2005-11-08,1837.8
^SP500TR,2005-11-09,1841.0
^SP500TR,2005-11-10,1856.9
^SP500TR,2005-11-11,1862.5601
^SP500TR,2005-11-14,1861.25
^SP500TR,2005-11-15,1854.28
^SP500TR,2005-11-16,1857.97
^SP500TR,2005-11-17,1875.49
^SP500TR,2005-11-18,1883.99
^SP500TR,2005-11-21,1893.9301
^SP500TR,2005-11-22,1903.66
^SP500TR,2005-11-23,1910.39
^SP500TR,2005-11-25,1914.41
^SP500TR,2005-11-28,1898.37
^SP500TR,2005-11-29,1898.74
^SP500TR,2005-11-30,1887.28
^SP500TR,2005-12-01,1910.23
^SP500TR,2005-12-02,1910.86
^SP500TR,2005-12-05,1906.42
^SP500TR,2005-12-06,1908.89
^SP500TR,2005-12-07,1899.6899
^SP500TR,2005-12-08,1897.5699
^SP500TR,2005-12-09,1902.92
^SP500TR,2005-12-12,1904.59
^SP500TR,2005-12-13,1915.3
^SP500TR,2005-12-14,1923.4399
^SP500TR,2005-12-15,1920.85
^SP500TR,2005-12-16,1915.4
^SP500TR,2005-12-19,1904.21
^SP500TR,2005-12-20,1903.8101
^SP500TR,2005-12-21,1908.65
^SP500TR,2005-12-22,1917.16
^SP500TR,2005-12-23,1918.25
^SP500TR,2005-12-27,1899.9301
^SP500TR,2005-12-28,1902.74
^SP500TR,2005-12-29,1897.2
^SP500TR,2005-12-30,1887.9399
^SP500TR,2006-01-03,1918.96
^SP500TR,2006-01-04,1926.39
^SP500TR,2006-01-05,1926.4399
^SP500TR,2006-01-06,1945.02
^SP500TR,2006-01-09,1952.13
^SP500TR,2006-01-10,1951.53
^SP500TR,2006-01-11,1958.5601
^SP500TR,2006-01-12,1946.28
^SP500TR,2006-01-13,1948.64
^SP500TR,2006-01-17,1941.5699
^SP500TR,2006-01-18,1934.21
^SP500TR,2006-01-19,1944.98
^SP500TR,2006-01-20,1909.35
^SP500TR,2006-01-23,1912.91
^SP500TR,2006-01-24,1917.54
^SP500TR,2006-01-25,1914.28
^SP500TR,2006-01-26,1928.17
^SP500TR,2006-01-27,1943.34
^SP500TR,2006-01-30,1945.66
^SP500TR,2006-01-31,1937.9301
^SP500TR,2006-02-01,1941.75
^SP500TR,2006-02-02,1924.67
^SP500TR,2006-02-03,1914.5
^SP500TR,2006-02-06,1916.04
^SP500TR,2006-02-07,1900.58
^SP500TR,2006-02-08,1917.84
^SP500TR,2006-02-09,1915.1
^SP500TR,2006-02-10,1920.0
^SP500TR,2006-02-13,1914.02
^SP500TR,2006-02-14,1933.46
^SP500TR,2006-02-15,1940.6899
^SP500TR,2006-02-16,1955.0601
^SP500TR,2006-02-17,1951.83
^SP500TR,2006-02-21,1945.45
^SP500TR,2006-02-22,1960.26
^SP500TR,2006-02-23,1953.37
^SP500TR,2006-02-24,1956.14
^SP500TR,2006-02-27,1963.58
^SP500TR,2006-02-28,1943.1899
^SP500TR,2006-03-01,1959.77
^SP500TR,2006-03-02,1956.6
^SP500TR,2006-03-03,1953.74
^SP500TR,2006-03-06,1940.2
^SP500TR,2006-03-07,1936.6801
^SP500TR,2006-03-08,1941.17
^SP500TR,2006-03-09,1931.73
^SP500TR,2006-03-10,1945.9301
^SP500TR,2006-03-13,1950.39
^SP500TR,2006-03-14,1970.66
^SP500TR,2006-03-15,1979.21
^SP500TR,2006-03-16,1982.76
^SP500TR,2006-03-17,1985.6899
^SP500TR,2006-03-20,1982.4
^SP500TR,2006-03-21,1970.5
^SP500TR,2006-03-22,1982.4
^SP500TR,2006-03-23,1977.29
^SP500TR,2006-03-24,1979.24
^SP500TR,2006-03-27,1977.1899
^SP500TR,2006-03-28,1964.47
^SP500TR,2006-03-29,1979.51
^SP500TR,2006-03-30,1975.6
^SP500TR,2006-03-31,1967.38
^SP500TR,2006-04-03,1971.9301
^SP500TR,2006-04-04,1984.47
^SP500TR,2006-04-05,1993.21
^SP500TR,2006-04-06,1989.87
^SP500TR,2006-04-07,1969.3
^SP500TR,2006-04-10,1971.03
^SP500TR,2006-04-11,1956.12
^SP500TR,2006-04-12,1958.49
^SP500TR,2006-04-13,1960.01
^SP500TR,2006-04-17,1954.25
^SP500TR,2006-04-18,1988.1801
^SP500TR,2006-04-19,1991.84
^SP500TR,2006-04-20,1994.23
^SP500TR,2006-04-21,1993.99
^SP500TR,2006-04-24,1989.2
^SP500TR,2006-04-25,1979.51
^SP500TR,2006-04-26,1985.29
^SP500TR,2006-04-27,1992.39
^SP500TR,2006-04-28,1993.79
^SP500TR,2006-05-01,1985.55
^SP500TR,2006-05-02,1997.75
^SP500TR,2006-05-03,1989.97
^SP500TR,2006-05-04,1996.74
^SP500TR,2006-05-05,2017.34
^SP500TR,2006-05-08,2015.84
^SP500TR,2006-05-09,2016.6
^SP500TR,2006-05-10,2013.99
^SP500TR,2006-05-11,1988.5601
^SP500TR,2006-05-12,1966.27
^SP500TR,2006-05-15,1971.45
^SP500TR,2006-05-16,1967.79
^SP500TR,2006-05-17,1935.1801
^SP500TR,2006-05-18,1922.3199
^SP500TR,2006-05-19,1930.27
^SP500TR,2006-05-22,1922.72
^SP500TR,2006-05-23,1914.38
^SP500TR,2006-05-24,1917.48
^SP500TR,2006-05-25,1939.52
^SP500TR,2006-05-26,1950.87
^SP500TR,2006-05-30,1920.09
^SP500TR,2006-05-31,1936.41
^SP500TR,2006-06-01,1960.28
^SP500TR,2006-06-02,1964.11
^SP500TR,2006-06-05,1929.23
^SP500TR,2006-06-06,1927.13
^SP500TR,2006-06-07,1915.77
^SP500TR,2006-06-08,1918.59
^SP500TR,2006-06-09,1910.01
^SP500TR,2006-06-12,1885.8101
^SP500TR,2006-06-13,1866.92
^SP500TR,2006-06-14,1876.67
^SP500TR,2006-06-15,1916.5601
^SP500TR,2006-06-16,1909.52
^SP500TR,2006-06-19,1892.12
^SP500TR,2006-06-20,1892.13
^SP500TR,2006-06-21,1910.62
^SP500TR,2006-06-22,1900.98
^SP500TR,2006-06-23,1899.3199
^SP500TR,2006-06-26,1908.5601
^SP500TR,2006-06-27,1891.24
^SP500TR,2006-06-28,1901.98
^SP500TR,2006-06-29,1943.09
^SP500TR,2006-06-30,1939.03
^SP500TR,2006-07-03,1954.49
^SP500TR,2006-07-05,1940.55
^SP500TR,2006-07-06,1945.9
^SP500TR,2006-07-07,1932.75
^SP500TR,2006-07-10,1935.62
^SP500TR,2006-07-11,1943.66
^SP500TR,2006-07-12,1922.62
^SP500TR,2006-07-13,1897.73
^SP500TR,2006-07-14,1888.4301
^SP500TR,2006-07-17,1885.8199
^SP500TR,2006-07-18,1889.48
^SP500TR,2006-07-19,1924.74
^SP500TR,2006-07-20,1908.42
^SP500TR,2006-07-21,1894.9399
^SP500TR,2006-07-24,1926.5
^SP500TR,2006-07-25,1938.6801
^SP500TR,2006-07-26,1937.96
^SP500TR,2006-07-27,1930.3199
^SP500TR,2006-07-28,1953.86
^SP500TR,2006-07-31,1951.0
^SP500TR,2006-08-01,1942.22
^SP500TR,2006-08-02,1954.1801
^SP500TR,2006-08-03,1957.41
^SP500TR,2006-08-04,1956.05
^SP500TR,2006-08-07,1950.63
^SP500TR,2006-08-08,1944.22
^SP500TR,2006-08-09,1936.3
^SP500TR,2006-08-10,1945.61
^SP500TR,2006-08-11,1938.13
^SP500TR,2006-08-14,1940.5
^SP500TR,2006-08-15,1967.26
^SP500TR,2006-08-16,1982.8101
^SP500TR,2006-08-17,1986.04
^SP500TR,2006-08-18,1993.4301
^SP500TR,2006-08-21,1986.11
^SP500TR,2006-08-22,1988.1
^SP500TR,2006-08-23,1979.35
^SP500TR,2006-08-24,1984.09
^SP500TR,2006-08-25,1982.8101
^SP500TR,2006-08-28,1993.0601
^SP500TR,2006-08-29,1997.21
^SP500TR,2006-08-30,1998.08
^SP500TR,2006-08-31,1997.42
^SP500TR,2006-09-01,2008.47
^SP500TR,2006-09-05,2012.0
^SP500TR,2006-09-06,1992.42
^SP500TR,2006-09-07,1982.9301
^SP500TR,2006-09-08,1990.4399
^SP500TR,2006-09-11,1991.49
^SP500TR,2006-09-12,2012.3199
^SP500TR,2006-09-13,2020.49
^SP500TR,2006-09-14,2017.86
^SP500TR,2006-09-15,2023.35
^SP500TR,2006-09-18,2025.39
^SP500TR,2006-09-19,2021.01
^SP500TR,2006-09-20,2031.59
^SP500TR,2006-09-21,2021.08
^SP500TR,2006-09-22,2016.09
^SP500TR,2006-09-25,2033.87
^SP500TR,2006-09-26,2049.2
^SP500TR,2006-09-27,2049.97
^SP500TR,2006-09-28,2053.9299
^SP500TR,2006-09-29,2048.8899
^SP500TR,2006-10-02,2041.99
^SP500TR,2006-10-03,2046.28
^SP500TR,2006-10-04,2071.45
^SP500TR,2006-10-05,2076.6299
^SP500TR,2006-10-06,2071.05
^SP500TR,2006-10-09,2072.71
^SP500TR,2006-10-10,2077.01
^SP500TR,2006-10-11,2071.8999
^SP500TR,2006-10-12,2091.6899
^SP500TR,2006-10-13,2095.97
^SP500TR,2006-10-16,2101.27
^SP500TR,2006-10-17,2093.5801
^SP500TR,2006-10-18,2096.71
^SP500TR,2006-10-19,2098.3201
^SP500TR,2006-10-20,2100.8601
^SP500TR,2006-10-23,2113.8201
^SP500TR,2006-10-24,2114.3601
^SP500TR,2006-10-25,2121.8401
^SP500TR,2006-10-26,2132.3899
^SP500TR,2006-10-27,2114.6499
^SP500TR,2006-10-30,2115.6299
^SP500TR,2006-10-31,2115.6499
^SP500TR,2006-11-01,2100.3701
^SP500TR,2006-11-02,2100.21
^SP500TR,2006-11-03,2095.6799
^SP500TR,2006-11-06,2119.53
^SP500TR,2006-11-07,2124.28
^SP500TR,2006-11-08,2129.22
^SP500TR,2006-11-09,2118.3201
^SP500TR,2006-11-10,2122.26
^SP500TR,2006-11-13,2128.1699
^SP500TR,2006-11-14,2141.95
^SP500TR,2006-11-15,2147.6001
^SP500TR,2006-11-16,2152.5701
^SP500TR,2006-11-17,2154.8
^SP500TR,2006-11-20,2153.76
^SP500TR,2006-11-21,2157.4199
^SP500TR,2006-11-22,2162.6499
^SP500TR,2006-11-24,2154.96
^SP500TR,2006-11-27,2125.6699
^SP500TR,2006-11-28,2133.52
^SP500TR,2006-11-29,2154.0901
^SP500TR,2006-11-30,2155.8899
^SP500TR,2006-12-01,2149.8501
^SP500TR,2006-12-04,2169.0
^SP500TR,2006-12-05,2177.75
^SP500TR,2006-12-06,2175.45
^SP500TR,2006-12-07,2166.8701
^SP500TR,2006-12-08,2170.8401
^SP500TR,2006-12-11,2175.8
^SP500TR,2006-12-12,2173.5801
^SP500TR,2006-12-13,2176.52
^SP500TR,2006-12-14,2195.5901
^SP500TR,2006-12-15,2198.0701
^SP500TR,2006-12-18,2190.97
^SP500TR,2006-12-19,2195.8
^SP500TR,2006-12-20,2192.76
^SP500TR,2006-12-21,2185.21
^SP500TR,2006-12-22,2173.8999
^SP500TR,2006-12-26,2183.3799
^SP500TR,2006-12-27,2199.1499
^SP500TR,2006-12-28,2196.0
^SP500TR,2006-12-29,2186.1299
^SP500TR,2007-01-03,2183.9199
^SP500TR,2007-01-04,2186.6001
^SP500TR,2007-01-05,2173.29
^SP500TR,2007-01-08,2178.8
^SP500TR,2007-01-09,2177.6799
^SP500TR,2007-01-10,2182.1599
^SP500TR,2007-01-11,2196.02
^SP500TR,2007-01-12,2206.6799
^SP500TR,2007-01-16,2208.48
^SP500TR,2007-01-17,2206.7
^SP500TR,2007-01-18,2200.2
^SP500TR,2007-01-19,2206.6001
^SP500TR,2007-01-22,2195.0
^SP500TR,2007-01-23,2202.77
^SP500TR,2007-01-24,2221.5601
^SP500TR,2007-01-25,2196.54
^SP500TR,2007-01-26,2193.8899
^SP500TR,2007-01-29,2191.71
^SP500TR,2007-01-30,2204.3999
^SP500TR,2007-01-31,2219.1899
^SP500TR,2007-02-01,2231.6101
^SP500TR,2007-02-02,2235.3899
^SP500TR,2007-02-05,2233.4399
^SP500TR,2007-02-06,2235.02
^SP500TR,2007-02-07,2239.05
^SP500TR,2007-02-08,2236.46
^SP500TR,2007-02-09,2220.72
^SP500TR,2007-02-12,2213.5801
^SP500TR,2007-02-13,2230.8
^SP500TR,2007-02-14,2248.3999
^SP500TR,2007-02-15,2250.97
^SP500TR,2007-02-16,2249.0701
^SP500TR,2007-02-20,2255.48
^SP500TR,2007-02-21,2252.4299
^SP500TR,2007-02-22,2251.03
^SP500TR,2007-02-23,2243.26
^SP500TR,2007-02-26,2240.73
^SP500TR,2007-02-27,2163.1101
^SP500TR,2007-02-28,2175.78
^SP500TR,2007-03-01,2170.1699
^SP500TR,2007-03-02,2145.4299
^SP500TR,2007-03-05,2125.3401
^SP500TR,2007-03-06,2158.3601
^SP500TR,2007-03-07,2153.6499
^SP500TR,2007-03-08,2169.1399
^SP500TR,2007-03-09,2170.6201
^SP500TR,2007-03-12,2176.5
^SP500TR,2007-03-13,2132.76
^SP500TR,2007-03-14,2147.1799
^SP500TR,2007-03-15,2155.1799
^SP500TR,2007-03-16,2146.9299
^SP500TR,2007-03-19,2170.3301
^SP500TR,2007-03-20,2184.1001
^SP500TR,2007-03-21,2221.46
^SP500TR,2007-03-22,2220.6799
^SP500TR,2007-03-23,2223.1201
^SP500TR,2007-03-26,2225.26
^SP500TR,2007-03-27,2211.52
^SP500TR,2007-03-28,2194.3799
^SP500TR,2007-03-29,2202.6799
^SP500TR,2007-03-30,2200.1201
^SP500TR,2007-04-02,2205.8501
^SP500TR,2007-04-03,2226.76
^SP500TR,2007-04-04,2229.26
^SP500TR,2007-04-05,2236.71
^SP500TR,2007-04-09,2238.03
^SP500TR,2007-04-10,2243.9299
^SP500TR,2007-04-11,2229.4399
^SP500TR,2007-04-12,2243.3
^SP500TR,2007-04-13,2251.1201
^SP500TR,2007-04-16,2275.3501
^SP500TR,2007-04-17,2280.01
^SP500TR,2007-04-18,2281.6101
^SP500TR,2007-04-19,2278.9099
^SP500TR,2007-04-20,2300.0801
^SP500TR,2007-04-23,2294.8301
^SP500TR,2007-04-24,2294.02
^SP500TR,2007-04-25,2317.5
^SP500TR,2007-04-26,2315.9099
^SP500TR,2007-04-27,2315.7
^SP500TR,2007-04-30,2297.5801
^SP500TR,2007-05-01,2303.6799
^SP500TR,2007-05-02,2318.8401
^SP500TR,2007-05-03,2329.54
^SP500TR,2007-05-04,2334.6101
^SP500TR,2007-05-07,2340.6799
^SP500TR,2007-05-08,2338.1399
^SP500TR,2007-05-09,2346.3
^SP500TR,2007-05-10,2313.9399
^SP500TR,2007-05-11,2336.48
^SP500TR,2007-05-14,2332.4299
^SP500TR,2007-05-15,2329.6101
^SP500TR,2007-05-16,2350.3999
^SP500TR,2007-05-17,2348.4399
^SP500TR,2007-05-18,2363.97
^SP500TR,2007-05-21,2367.6299
^SP500TR,2007-05-22,2366.1001
^SP500TR,2007-05-23,2363.29
^SP500TR,2007-05-24,2340.6399
^SP500TR,2007-05-25,2353.4199
^SP500TR,2007-05-29,2357.3899
^SP500TR,2007-05-30,2377.0901
^SP500TR,2007-05-31,2377.75
^SP500TR,2007-06-01,2386.6299
^SP500TR,2007-06-04,2391.1299
^SP500TR,2007-06-05,2378.4399
^SP500TR,2007-06-06,2357.95
^SP500TR,2007-06-07,2316.6299
^SP500TR,2007-06-08,2342.98
^SP500TR,2007-06-11,2345.27
^SP500TR,2007-06-12,2320.22
^SP500TR,2007-06-13,2356.02
^SP500TR,2007-06-14,2367.52
^SP500TR,2007-06-15,2382.97
^SP500TR,2007-06-18,2380.0901
^SP500TR,2007-06-19,2384.26
^SP500TR,2007-06-20,2351.8701
^SP500TR,2007-06-21,2366.9199
^SP500TR,2007-06-22,2336.4099
^SP500TR,2007-06-25,2328.9099
^SP500TR,2007-06-26,2321.46
^SP500TR,2007-06-27,2342.8401
^SP500TR,2007-06-28,2341.8999
^SP500TR,2007-06-29,2338.25
^SP500TR,2007-07-02,2363.28
^SP500TR,2007-07-03,2372.22
^SP500TR,2007-07-05,2373.0701
^SP500TR,2007-07-06,2381.5901
^SP500TR,2007-07-09,2383.8
^SP500TR,2007-07-10,2349.98
^SP500TR,2007-07-11,2363.72
^SP500TR,2007-07-12,2408.79
^SP500TR,2007-07-13,2416.28
^SP500TR,2007-07-16,2411.6499
^SP500TR,2007-07-17,2411.4099
^SP500TR,2007-07-18,2406.6899
^SP500TR,2007-07-19,2417.5
^SP500TR,2007-07-20,2387.96
^SP500TR,2007-07-23,2399.6399
^SP500TR,2007-07-24,2352.1201
^SP500TR,2007-07-25,2363.1201
^SP500TR,2007-07-26,2307.98
^SP500TR,2007-07-27,2271.4099
^SP500TR,2007-07-30,2294.75
^SP500TR,2007-07-31,2265.75
^SP500TR,2007-08-01,2282.3
^SP500TR,2007-08-02,2292.79
^SP500TR,2007-08-03,2231.98
^SP500TR,2007-08-06,2285.9299
^SP500TR,2007-08-07,2300.1001
^SP500TR,2007-08-08,2333.24
^SP500TR,2007-08-09,2264.5
^SP500TR,2007-08-10,2265.3601
^SP500TR,2007-08-13,2264.5801
^SP500TR,2007-08-14,2223.71
^SP500TR,2007-08-15,2193.3999
^SP500TR,2007-08-16,2200.6101
^SP500TR,2007-08-17,2254.6799
^SP500TR,2007-08-20,2254.0701
^SP500TR,2007-08-21,2256.53
^SP500TR,2007-08-22,2283.0901
^SP500TR,2007-08-23,2280.6799
^SP500TR,2007-08-24,2307.22
^SP500TR,2007-08-27,2287.6201
^SP500TR,2007-08-28,2234.03
^SP500TR,2007-08-29,2283.5801
^SP500TR,2007-08-30,2274.1599
^SP500TR,2007-08-31,2299.71
^SP500TR,2007-09-04,2323.8301
^SP500TR,2007-09-05,2298.1599
^SP500TR,2007-09-06,2308.3501
^SP500TR,2007-09-07,2269.3201
^SP500TR,2007-09-10,2266.51
^SP500TR,2007-09-11,2297.4099
^SP500TR,2007-09-12,2298.1399
^SP500TR,2007-09-13,2317.6299
^SP500TR,2007-09-14,2318.1101
^SP500TR,2007-09-17,2306.25
^SP500TR,2007-09-18,2373.6299
^SP500TR,2007-09-19,2388.1499
^SP500TR,2007-09-20,2372.6101
^SP500TR,2007-09-21,2383.5601
^SP500TR,2007-09-24,2371.03
^SP500TR,2007-09-25,2370.27
^SP500TR,2007-09-26,2383.53
^SP500TR,2007-09-27,2392.9199
^SP500TR,2007-09-28,2385.72
^SP500TR,2007-10-01,2417.4399
^SP500TR,2007-10-02,2416.8301
^SP500TR,2007-10-03,2406.3101
^SP500TR,2007-10-04,2411.4099
^SP500TR,2007-10-05,2435.1599
^SP500TR,2007-10-08,2427.3301
^SP500TR,2007-10-09,2447.03
^SP500TR,2007-10-10,2443.02
^SP500TR,2007-10-11,2430.55
^SP500TR,2007-10-12,2442.1201
^SP500TR,2007-10-15,2421.6699
^SP500TR,2007-10-16,2405.76
^SP500TR,2007-10-17,2410.22
^SP500TR,2007-10-18,2408.46
^SP500TR,2007-10-19,2346.78
^SP500TR,2007-10-22,2355.74
^SP500TR,2007-10-23,2376.48
^SP500TR,2007-10-24,2370.71
^SP500TR,2007-10-25,2368.4299
^SP500TR,2007-10-26,2401.0701
^SP500TR,2007-10-29,2410.3301
^SP500TR,2007-10-30,2394.8101
^SP500TR,2007-10-31,2423.6699
^SP500TR,2007-11-01,2360.21
^SP500TR,2007-11-02,2362.21
^SP500TR,2007-11-05,2350.6899
^SP500TR,2007-11-06,2379.05
^SP500TR,2007-11-07,2310.4099
^SP500TR,2007-11-08,2309.1799
^SP500TR,2007-11-09,2276.26
^SP500TR,2007-11-12,2253.53
^SP500TR,2007-11-13,2319.8601
^SP500TR,2007-11-14,2304.0601
^SP500TR,2007-11-15,2273.73
^SP500TR,2007-11-16,2285.6699
^SP500TR,2007-11-19,2245.8101
^SP500TR,2007-11-20,2256.02
^SP500TR,2007-11-21,2220.21
^SP500TR,2007-11-23,2257.95
^SP500TR,2007-11-26,2205.49
^SP500TR,2007-11-27,2238.52
^SP500TR,2007-11-28,2303.1699
^SP500TR,2007-11-29,2304.4299
^SP500TR,2007-11-30,2322.3401
^SP500TR,2007-12-03,2308.74
^SP500TR,2007-12-04,2293.6499
^SP500TR,2007-12-05,2329.71
^SP500TR,2007-12-06,2364.97
^SP500TR,2007-12-07,2360.79
^SP500TR,2007-12-10,2378.6001
^SP500TR,2007-12-11,2318.52
^SP500TR,2007-12-12,2332.8501
^SP500TR,2007-12-13,2335.79
^SP500TR,2007-12-14,2303.79
^SP500TR,2007-12-17,2269.24
^SP500TR,2007-12-18,2283.5
^SP500TR,2007-12-19,2280.47
^SP500TR,2007-12-20,2292.23
^SP500TR,2007-12-21,2330.8101
^SP500TR,2007-12-24,2349.6599
^SP500TR,2007-12-26,2351.6001
^SP500TR,2007-12-27,2318.72
^SP500TR,2007-12-28,2322.1101
^SP500TR,2007-12-31,2306.23
^SP500TR,2008-01-02,2273.4099
^SP500TR,2008-01-03,2273.4099
^SP500TR,2008-01-04,2217.5901
^SP500TR,2008-01-07,2224.76
^SP500TR,2008-01-08,2184.6699
^SP500TR,2008-01-09,2214.6001
^SP500TR,2008-01-10,2232.25
^SP500TR,2008-01-11,2202.03
^SP500TR,2008-01-14,2225.98
^SP500TR,2008-01-15,2170.51
^SP500TR,2008-01-16,2158.5801
^SP500TR,2008-01-17,2095.8601
^SP500TR,2008-01-18,2083.24
^SP500TR,2008-01-22,2060.1499
^SP500TR,2008-01-23,2104.3701
^SP500TR,2008-01-24,2125.6101
^SP500TR,2008-01-25,2091.8799
^SP500TR,2008-01-28,2128.6399
^SP500TR,2008-01-29,2141.8501
^SP500TR,2008-01-30,2131.79
^SP500TR,2008-01-31,2167.8999
^SP500TR,2008-02-01,2194.4299
^SP500TR,2008-02-04,2171.51
^SP500TR,2008-02-05,2102.23
^SP500TR,2008-02-06,2087.05
^SP500TR,2008-02-07,2104.02
^SP500TR,2008-02-08,2095.21
^SP500TR,2008-02-11,2107.6499
^SP500TR,2008-02-12,2123.0601
^SP500TR,2008-02-13,2152.76
^SP500TR,2008-02-14,2123.9399
^SP500TR,2008-02-15,2125.8501
^SP500TR,2008-02-19,2124.1201
^SP500TR,2008-02-20,2141.95
^SP500TR,2008-02-21,2115.1299
^SP500TR,2008-02-22,2132.02
^SP500TR,2008-02-25,2161.51
^SP500TR,2008-02-26,2176.48
^SP500TR,2008-02-27,2175.0
^SP500TR,2008-02-28,2155.8101
^SP500TR,2008-02-29,2097.48
^SP500TR,2008-03-03,2098.6399
^SP500TR,2008-03-04,2091.4199
^SP500TR,2008-03-05,2103.4199
^SP500TR,2008-03-06,2057.4399
^SP500TR,2008-03-07,2040.17
^SP500TR,2008-03-10,2008.71
^SP500TR,2008-03-11,2083.3601
^SP500TR,2008-03-12,2065.21
^SP500TR,2008-03-13,2075.8799
^SP500TR,2008-03-14,2032.79
^SP500TR,2008-03-17,2014.88
^SP500TR,2008-03-18,2100.3799
^SP500TR,2008-03-19,2049.3999
^SP500TR,2008-03-20,2098.46
^SP500TR,2008-03-24,2130.6201
^SP500TR,2008-03-25,2135.54
^SP500TR,2008-03-26,2116.9299
^SP500TR,2008-03-27,2093.1101
^SP500TR,2008-03-28,2076.5601
^SP500TR,2008-03-31,2088.4199
^SP500TR,2008-04-01,2163.3799
^SP500TR,2008-04-02,2159.6299
^SP500TR,2008-04-03,2162.46
^SP500TR,2008-04-04,2164.21
^SP500TR,2008-04-07,2167.6101
^SP500TR,2008-04-08,2157.28
^SP500TR,2008-04-09,2139.99
^SP500TR,2008-04-10,2149.6699
^SP500TR,2008-04-11,2106.01
^SP500TR,2008-04-14,2098.9199
^SP500TR,2008-04-15,2108.5901
^SP500TR,2008-04-16,2156.6699
^SP500TR,2008-04-17,2158.0801
^SP500TR,2008-04-18,2197.24
^SP500TR,2008-04-21,2193.8701
^SP500TR,2008-04-22,2174.5901
^SP500TR,2008-04-23,2180.9099
^SP500TR,2008-04-24,2194.96
^SP500TR,2008-04-25,2209.25
^SP500TR,2008-04-28,2207.02
^SP500TR,2008-04-29,2198.5
^SP500TR,2008-04-30,2190.1299
^SP500TR,2008-05-01,2228.0901
^SP500TR,2008-05-02,2235.3
^SP500TR,2008-05-05,2225.3701
^SP500TR,2008-05-06,2242.47
^SP500TR,2008-05-07,2202.77
^SP500TR,2008-05-08,2210.95
^SP500TR,2008-05-09,2196.54
^SP500TR,2008-05-12,2220.8101
^SP500TR,2008-05-13,2220.46
^SP500TR,2008-05-14,2229.74
^SP500TR,2008-05-15,2253.76
^SP500TR,2008-05-16,2256.6399
^SP500TR,2008-05-19,2258.74
^SP500TR,2008-05-20,2237.79
^SP500TR,2008-05-21,2202.02
^SP500TR,2008-05-22,2208.2
^SP500TR,2008-05-23,2179.05
^SP500TR,2008-05-27,2193.98
^SP500TR,2008-05-28,2203.1001
^SP500TR,2008-05-29,2215.1201
^SP500TR,2008-05-30,2218.5
^SP500TR,2008-06-02,2195.27
^SP500TR,2008-06-03,2182.6499
^SP500TR,2008-06-04,2183.01
^SP500TR,2008-06-05,2225.74
^SP500TR,2008-06-06,2157.24
^SP500TR,2008-06-09,2159.03
^SP500TR,2008-06-10,2153.77
^SP500TR,2008-06-11,2117.8401
^SP500TR,2008-06-12,2124.9399
^SP500TR,2008-06-13,2156.96
^SP500TR,2008-06-16,2157.1399
^SP500TR,2008-06-17,2142.55
^SP500TR,2008-06-18,2121.78
^SP500TR,2008-06-19,2130.3
^SP500TR,2008-06-20,2090.8201
^SP500TR,2008-06-23,2090.9399
^SP500TR,2008-06-24,2085.0801
^SP500TR,2008-06-25,2097.3701
^SP500TR,2008-06-26,2036.4
^SP500TR,2008-06-27,2028.89
^SP500TR,2008-06-30,2031.47
^SP500TR,2008-07-01,2039.66
^SP500TR,2008-07-02,2002.64
^SP500TR,2008-07-03,2004.87
^SP500TR,2008-07-07,1988.09
^SP500TR,2008-07-08,2022.83
^SP500TR,2008-07-09,1976.97
^SP500TR,2008-07-10,1990.78
^SP500TR,2008-07-11,1968.86
^SP500TR,2008-07-14,1951.08
^SP500TR,2008-07-15,1929.85
^SP500TR,2008-07-16,1978.47
^SP500TR,2008-07-17,2002.3
^SP500TR,2008-07-18,2002.88
^SP500TR,2008-07-21,2001.86
^SP500TR,2008-07-22,2028.91
^SP500TR,2008-07-23,2037.15
^SP500TR,2008-07-24,1990.09
^SP500TR,2008-07-25,1998.41
^SP500TR,2008-07-28,1961.23
^SP500TR,2008-07-29,2007.21
^SP500TR,2008-07-30,2040.8101
^SP500TR,2008-07-31,2014.39
^SP500TR,2008-08-01,2003.16
^SP500TR,2008-08-04,1985.23
^SP500TR,2008-08-05,2042.4399
^SP500TR,2008-08-06,2050.23
^SP500TR,2008-08-07,2013.66
^SP500TR,2008-08-08,2061.77
^SP500TR,2008-08-11,2076.5901
^SP500TR,2008-08-12,2051.6599
^SP500TR,2008-08-13,2046.35
^SP500TR,2008-08-14,2057.72
^SP500TR,2008-08-15,2066.3601
^SP500TR,2008-08-18,2035.3
^SP500TR,2008-08-19,2016.52
^SP500TR,2008-08-20,2029.15
^SP500TR,2008-08-21,2034.35
^SP500TR,2008-08-22,2057.6399
^SP500TR,2008-08-25,2017.27
^SP500TR,2008-08-26,2024.72
^SP500TR,2008-08-27,2041.24
^SP500TR,2008-08-28,2071.8601
^SP500TR,2008-08-29,2043.53
^SP500TR,2008-09-02,2035.24
^SP500TR,2008-09-03,2032.13
^SP500TR,2008-09-04,1971.37
^SP500TR,2008-09-05,1980.1801
^SP500TR,2008-09-08,2021.13
^SP500TR,2008-09-09,1952.14
^SP500TR,2008-09-10,1964.25
^SP500TR,2008-09-11,1992.0
^SP500TR,2008-09-12,1996.26
^SP500TR,2008-09-15,1902.17
^SP500TR,2008-09-16,1935.49
^SP500TR,2008-09-17,1844.3101
^SP500TR,2008-09-18,1924.85
^SP500TR,2008-09-19,2002.3199
^SP500TR,2008-09-22,1925.86
^SP500TR,2008-09-23,1895.78
^SP500TR,2008-09-24,1892.05
^SP500TR,2008-09-25,1929.24
^SP500TR,2008-09-26,1935.79
^SP500TR,2008-09-29,1765.72
^SP500TR,2008-09-30,1861.4399
^SP500TR,2008-10-01,1853.26
^SP500TR,2008-10-02,1778.9
^SP500TR,2008-10-03,1754.91
^SP500TR,2008-10-06,1687.34
^SP500TR,2008-10-07,1590.51
^SP500TR,2008-10-08,1573.34
^SP500TR,2008-10-09,1453.52
^SP500TR,2008-10-10,1436.5601
^SP500TR,2008-10-13,1602.9301
^SP500TR,2008-10-14,1594.41
^SP500TR,2008-10-15,1450.5
^SP500TR,2008-10-16,1512.21
^SP500TR,2008-10-17,1502.84
^SP500TR,2008-10-20,1574.5
^SP500TR,2008-10-21,1526.02
^SP500TR,2008-10-22,1433.22
^SP500TR,2008-10-23,1451.37
^SP500TR,2008-10-24,1401.29
^SP500TR,2008-10-27,1356.78
^SP500TR,2008-10-28,1503.16
^SP500TR,2008-10-29,1486.73
^SP500TR,2008-10-30,1525.37
^SP500TR,2008-10-31,1548.8101
^SP500TR,2008-11-03,1544.91
^SP500TR,2008-11-04,1608.0
^SP500TR,2008-11-05,1524.21
^SP500TR,2008-11-06,1448.01
^SP500TR,2008-11-07,1490.3101
^SP500TR,2008-11-10,1471.64
^SP500TR,2008-11-11,1439.22
^SP500TR,2008-11-12,1365.15
^SP500TR,2008-11-13,1459.8199
^SP500TR,2008-11-14,1399.2
^SP500TR,2008-11-17,1363.14
^SP500TR,2008-11-18,1376.8199
^SP500TR,2008-11-19,1292.76
^SP500TR,2008-11-20,1206.04
^SP500TR,2008-11-21,1282.59
^SP500TR,2008-11-24,1365.63
^SP500TR,2008-11-25,1374.79
^SP500TR,2008-11-26,1423.9
^SP500TR,2008-11-28,1437.6801
^SP500TR,2008-12-01,1309.39
^SP500TR,2008-12-02,1361.79
^SP500TR,2008-12-03,1397.72
^SP500TR,2008-12-04,1356.8101
^SP500TR,2008-12-05,1406.36
^SP500TR,2008-12-08,1460.6
^SP500TR,2008-12-09,1426.88
^SP500TR,2008-12-10,1444.0
^SP500TR,2008-12-11,1403.2
^SP500TR,2008-12-12,1413.0699
^SP500TR,2008-12-15,1395.21
^SP500TR,2008-12-16,1466.87
^SP500TR,2008-12-17,1452.88
^SP500TR,2008-12-18,1422.1899
^SP500TR,2008-12-19,1426.39
^SP500TR,2008-12-22,1400.42
^SP500TR,2008-12-23,1387.08
^SP500TR,2008-12-24,1395.76
^SP500TR,2008-12-26,1403.22
^SP500TR,2008-12-29,1398.25
^SP500TR,2008-12-30,1432.65
^SP500TR,2008-12-31,1452.98
^SP500TR,2009-01-02,1499.17
^SP500TR,2009-01-05,1492.21
^SP500TR,2009-01-06,1503.87
^SP500TR,2009-01-07,1459.58
^SP500TR,2009-01-08,1464.6
^SP500TR,2009-01-09,1433.41
^SP500TR,2009-01-12,1401.0699
^SP500TR,2009-01-13,1403.63
^SP500TR,2009-01-14,1356.79
^SP500TR,2009-01-15,1358.64
^SP500TR,2009-01-16,1368.92
^SP500TR,2009-01-20,1296.63
^SP500TR,2009-01-21,1353.33
^SP500TR,2009-01-22,1332.84
^SP500TR,2009-01-23,1340.02
^SP500TR,2009-01-26,1347.47
^SP500TR,2009-01-27,1362.1801
^SP500TR,2009-01-28,1408.0699
^SP500TR,2009-01-29,1361.54
^SP500TR,2009-01-30,1330.51
^SP500TR,2009-02-02,1329.8101
^SP500TR,2009-02-03,1350.89
^SP500TR,2009-02-04,1341.77
^SP500TR,2009-02-05,1363.8199
^SP500TR,2009-02-06,1401.0601
^SP500TR,2009-02-09,1403.1899
^SP500TR,2009-02-10,1334.3
^SP500TR,2009-02-11,1345.5
^SP500TR,2009-02-12,1348.15
^SP500TR,2009-02-13,1334.83
^SP500TR,2009-02-17,1274.26
^SP500TR,2009-02-18,1273.29
^SP500TR,2009-02-19,1258.8199
^SP500TR,2009-02-20,1244.72
^SP500TR,2009-02-23,1201.5601
^SP500TR,2009-02-24,1249.76
^SP500TR,2009-02-25,1236.74
^SP500TR,2009-02-26,1217.49
^SP500TR,2009-02-27,1188.84
^SP500TR,2009-03-02,1133.4301
^SP500TR,2009-03-03,1126.1801
^SP500TR,2009-03-04,1153.35
^SP500TR,2009-03-05,1104.38
^SP500TR,2009-03-06,1106.0
^SP500TR,2009-03-09,1095.04
^SP500TR,2009-03-10,1164.83
^SP500TR,2009-03-11,1168.0699
^SP500TR,2009-03-12,1215.87
^SP500TR,2009-03-13,1225.3199
^SP500TR,2009-03-16,1221.03
^SP500TR,2009-03-17,1260.29
^SP500TR,2009-03-18,1286.62
^SP500TR,2009-03-19,1269.9301
^SP500TR,2009-03-20,1244.86
^SP500TR,2009-03-23,1333.21
^SP500TR,2009-03-24,1306.03
^SP500TR,2009-03-25,1318.61
^SP500TR,2009-03-26,1349.37
^SP500TR,2009-03-27,1322.1899
^SP500TR,2009-03-30,1276.22
^SP500TR,2009-03-31,1292.98
^SP500TR,2009-04-01,1314.63
^SP500TR,2009-04-02,1352.47
^SP500TR,2009-04-03,1365.66
^SP500TR,2009-04-06,1354.36
^SP500TR,2009-04-07,1322.91
^SP500TR,2009-04-08,1338.53
^SP500TR,2009-04-09,1389.49
^SP500TR,2009-04-13,1393.13
^SP500TR,2009-04-14,1365.2
^SP500TR,2009-04-15,1382.36
^SP500TR,2009-04-16,1403.89
^SP500TR,2009-04-17,1410.85
^SP500TR,2009-04-20,1350.52
^SP500TR,2009-04-21,1379.22
^SP500TR,2009-04-22,1368.92
^SP500TR,2009-04-23,1382.52
^SP500TR,2009-04-24,1405.74
^SP500TR,2009-04-27,1391.58
^SP500TR,2009-04-28,1387.8199
^SP500TR,2009-04-29,1417.99
^SP500TR,2009-04-30,1416.73
^SP500TR,2009-05-01,1424.41
^SP500TR,2009-05-04,1472.64
^SP500TR,2009-05-05,1467.25
^SP500TR,2009-05-06,1493.3101
^SP500TR,2009-05-07,1473.66
^SP500TR,2009-05-08,1509.14
^SP500TR,2009-05-11,1477.2
^SP500TR,2009-05-12,1475.83
^SP500TR,2009-05-13,1436.74
^SP500TR,2009-05-14,1451.17
^SP500TR,2009-05-15,1435.48
^SP500TR,2009-05-18,1479.24
^SP500TR,2009-05-19,1476.9399
^SP500TR,2009-05-20,1469.47
^SP500TR,2009-05-21,1445.28
^SP500TR,2009-05-22,1443.14
^SP500TR,2009-05-26,1481.1
^SP500TR,2009-05-27,1453.28
^SP500TR,2009-05-28,1475.9399
^SP500TR,2009-05-29,1495.97
^SP500TR,2009-06-01,1534.65
^SP500TR,2009-06-02,1537.6899
^SP500TR,2009-06-03,1516.88
^SP500TR,2009-06-04,1534.59
^SP500TR,2009-06-05,1530.8101
^SP500TR,2009-06-08,1529.59
^SP500TR,2009-06-09,1535.03
^SP500TR,2009-06-10,1529.76
^SP500TR,2009-06-11,1539.5
^SP500TR,2009-06-12,1541.7
^SP500TR,2009-06-15,1505.0601
^SP500TR,2009-06-16,1485.92
^SP500TR,2009-06-17,1483.9
^SP500TR,2009-06-18,1496.59
^SP500TR,2009-06-19,1501.25
^SP500TR,2009-06-22,1455.54
^SP500TR,2009-06-23,1458.92
^SP500TR,2009-06-24,1468.48
^SP500TR,2009-06-25,1499.98
^SP500TR,2009-06-26,1498.08
^SP500TR,2009-06-29,1511.7
^SP500TR,2009-06-30,1498.9399
^SP500TR,2009-07-01,1505.64
^SP500TR,2009-07-02,1461.8
^SP500TR,2009-07-06,1465.58
^SP500TR,2009-07-07,1436.74
^SP500TR,2009-07-08,1435.2
^SP500TR,2009-07-09,1440.3
^SP500TR,2009-07-10,1434.5
^SP500TR,2009-07-13,1470.4301
^SP500TR,2009-07-14,1478.24
^SP500TR,2009-07-15,1522.09
^SP500TR,2009-07-16,1535.3
^SP500TR,2009-07-17,1534.71
^SP500TR,2009-07-20,1552.26
^SP500TR,2009-07-21,1557.91
^SP500TR,2009-07-22,1557.37
^SP500TR,2009-07-23,1593.65
^SP500TR,2009-07-24,1598.5
^SP500TR,2009-07-27,1603.26
^SP500TR,2009-07-28,1599.09
^SP500TR,2009-07-29,1592.0
^SP500TR,2009-07-30,1611.14
^SP500TR,2009-07-31,1612.3101
^SP500TR,2009-08-03,1637.0601
^SP500TR,2009-08-04,1642.03
^SP500TR,2009-08-05,1637.8101
^SP500TR,2009-08-06,1628.8199
^SP500TR,2009-08-07,1650.73
^SP500TR,2009-08-10,1645.26
^SP500TR,2009-08-11,1624.91
^SP500TR,2009-08-12,1644.23
^SP500TR,2009-08-13,1655.66
^SP500TR,2009-08-14,1641.54
^SP500TR,2009-08-17,1602.0601
^SP500TR,2009-08-18,1618.6
^SP500TR,2009-08-19,1629.92
^SP500TR,2009-08-20,1647.85
^SP500TR,2009-08-21,1678.84
^SP500TR,2009-08-24,1677.9399
^SP500TR,2009-08-25,1681.92
^SP500TR,2009-08-26,1682.29
^SP500TR,2009-08-27,1687.16
^SP500TR,2009-08-28,1684.05
^SP500TR,2009-08-31,1670.52
^SP500TR,2009-09-01,1633.63
^SP500TR,2009-09-02,1628.66
^SP500TR,2009-09-03,1642.6801
^SP500TR,2009-09-04,1664.34
^SP500TR,2009-09-08,1679.3199
^SP500TR,2009-09-09,1692.48
^SP500TR,2009-09-10,1710.14
^SP500TR,2009-09-11,1708.1801
^SP500TR,2009-09-14,1719.04
^SP500TR,2009-09-15,1724.45
^SP500TR,2009-09-16,1750.91
^SP500TR,2009-09-17,1745.8
^SP500TR,2009-09-18,1750.4301
^SP500TR,2009-09-21,1744.47
^SP500TR,2009-09-22,1755.99
^SP500TR,2009-09-23,1738.3199
^SP500TR,2009-09-24,1722.02
^SP500TR,2009-09-25,1711.53
^SP500TR,2009-09-28,1742.3199
^SP500TR,2009-09-29,1738.48
^SP500TR,2009-09-30,1732.86
^SP500TR,2009-10-01,1688.24
^SP500TR,2009-10-02,1680.7
^SP500TR,2009-10-05,1705.73
^SP500TR,2009-10-06,1729.14
^SP500TR,2009-10-07,1734.74
^SP500TR,2009-10-08,1747.7
^SP500TR,2009-10-09,1757.6
^SP500TR,2009-10-12,1765.3101
^SP500TR,2009-10-13,1760.51
^SP500TR,2009-10-14,1791.47
^SP500TR,2009-10-15,1798.91
^SP500TR,2009-10-16,1784.35
^SP500TR,2009-10-19,1801.12
^SP500TR,2009-10-20,1789.9301
^SP500TR,2009-10-21,1774.33
^SP500TR,2009-10-22,1793.34
^SP500TR,2009-10-23,1771.5
^SP500TR,2009-10-26,1750.75
^SP500TR,2009-10-27,1744.95
^SP500TR,2009-10-28,1711.09
^SP500TR,2009-10-29,1749.76
^SP500TR,2009-10-30,1700.67
^SP500TR,2009-11-02,1711.65
^SP500TR,2009-11-03,1715.8101
^SP500TR,2009-11-04,1718.21
^SP500TR,2009-11-05,1751.45
^SP500TR,2009-11-06,1756.0699
^SP500TR,2009-11-09,1795.5601
^SP500TR,2009-11-10,1795.9
^SP500TR,2009-11-11,1804.9301
^SP500TR,2009-11-12,1786.66
^SP500TR,2009-11-13,1796.9301
^SP500TR,2009-11-16,1823.29
^SP500TR,2009-11-17,1825.1801
^SP500TR,2009-11-18,1824.61
^SP500TR,2009-11-19,1800.12
^SP500TR,2009-11-20,1794.65
^SP500TR,2009-11-23,1819.17
^SP500TR,2009-11-24,1818.3101
^SP500TR,2009-11-25,1826.74
^SP500TR,2009-11-27,1795.7
^SP500TR,2009-11-30,1802.6801
^SP500TR,2009-12-01,1824.54
^SP500TR,2009-12-02,1825.4
^SP500TR,2009-12-03,1810.13
^SP500TR,2009-12-04,1820.11
^SP500TR,2009-12-07,1815.7
^SP500TR,2009-12-08,1797.3101
^SP500TR,2009-12-09,1804.1
^SP500TR,2009-12-10,1814.8101
^SP500TR,2009-12-11,1821.5
^SP500TR,2009-12-14,1834.55
^SP500TR,2009-12-15,1824.37
^SP500TR,2009-12-16,1826.45
^SP500TR,2009-12-17,1804.96
^SP500TR,2009-12-18,1815.35
^SP500TR,2009-12-21,1834.59
^SP500TR,2009-12-22,1841.17
^SP500TR,2009-12-23,1845.8
^SP500TR,2009-12-24,1855.5
^SP500TR,2009-12-28,1857.89
^SP500TR,2009-12-29,1855.61
^SP500TR,2009-12-30,1856.14
^SP500TR,2009-12-31,1837.5
^SP500TR,2010-01-04,1867.0601
^SP500TR,2010-01-05,1872.9
^SP500TR,2010-01-06,1874.73
^SP500TR,2010-01-07,1882.34
^SP500TR,2010-01-08,1887.77
^SP500TR,2010-01-11,1891.0601
^SP500TR,2010-01-12,1873.3199
^SP500TR,2010-01-13,1889.1
^SP500TR,2010-01-14,1893.72
^SP500TR,2010-01-15,1873.3
^SP500TR,2010-01-19,1896.72
^SP500TR,2010-01-20,1876.9
^SP500TR,2010-01-21,1841.39
^SP500TR,2010-01-22,1800.61
^SP500TR,2010-01-25,1808.9301
^SP500TR,2010-01-26,1801.34
^SP500TR,2010-01-27,1810.21
^SP500TR,2010-01-28,1788.97
^SP500TR,2010-01-29,1771.4
^SP500TR,2010-02-01,1796.67
^SP500TR,2010-02-02,1819.99
^SP500TR,2010-02-03,1810.64
^SP500TR,2010-02-04,1754.3
^SP500TR,2010-02-05,1759.38
^SP500TR,2010-02-08,1744.37
^SP500TR,2010-02-09,1767.1801
^SP500TR,2010-02-10,1763.6899
^SP500TR,2010-02-11,1781.01
^SP500TR,2010-02-12,1776.5
^SP500TR,2010-02-16,1808.72
^SP500TR,2010-02-17,1816.7
^SP500TR,2010-02-18,1828.8101
^SP500TR,2010-02-19,1833.09
^SP500TR,2010-02-22,1831.21
^SP500TR,2010-02-23,1809.05
^SP500TR,2010-02-24,1826.99
^SP500TR,2010-02-25,1823.64
^SP500TR,2010-02-26,1826.27
^SP500TR,2010-03-01,1844.87
^SP500TR,2010-03-02,1849.17
^SP500TR,2010-03-03,1850.24
^SP500TR,2010-03-04,1857.2
^SP500TR,2010-03-05,1883.28
^SP500TR,2010-03-08,1883.29
^SP500TR,2010-03-09,1886.6
^SP500TR,2010-03-10,1895.38
^SP500TR,2010-03-11,1903.6801
^SP500TR,2010-03-12,1903.29
^SP500TR,2010-03-15,1904.1899
^SP500TR,2010-03-16,1919.02
^SP500TR,2010-03-17,1930.22
^SP500TR,2010-03-18,1929.63
^SP500TR,2010-03-19,1919.8
^SP500TR,2010-03-22,1929.64
^SP500TR,2010-03-23,1943.7
^SP500TR,2010-03-24,1933.04
^SP500TR,2010-03-25,1929.75
^SP500TR,2010-03-26,1931.1801
^SP500TR,2010-03-29,1942.51
^SP500TR,2010-03-30,1942.8101
^SP500TR,2010-03-31,1936.48
^SP500TR,2010-04-01,1950.91
^SP500TR,2010-04-05,1966.4399
^SP500TR,2010-04-06,1969.76
^SP500TR,2010-04-07,1959.04
^SP500TR,2010-04-08,1965.72
^SP500TR,2010-04-09,1978.86
^SP500TR,2010-04-12,1982.4
^SP500TR,2010-04-13,1983.91
^SP500TR,2010-04-14,2006.0601
^SP500TR,2010-04-15,2007.74
^SP500TR,2010-04-16,1975.36
^SP500TR,2010-04-19,1984.3199
^SP500TR,2010-04-20,2000.33
^SP500TR,2010-04-21,1998.3101
^SP500TR,2010-04-22,2002.9301
^SP500TR,2010-04-23,2017.1899
^SP500TR,2010-04-26,2008.55
^SP500TR,2010-04-27,1961.6
^SP500TR,2010-04-28,1974.63
^SP500TR,2010-04-29,2000.34
^SP500TR,2010-04-30,1967.05
^SP500TR,2010-05-03,1992.87
^SP500TR,2010-05-04,1945.37
^SP500TR,2010-05-05,1933.25
^SP500TR,2010-05-06,1870.95
^SP500TR,2010-05-07,1842.3199
^SP500TR,2010-05-10,1923.39
^SP500TR,2010-05-11,1917.25
^SP500TR,2010-05-12,1944.25
^SP500TR,2010-05-13,1920.76
^SP500TR,2010-05-14,1884.67
^SP500TR,2010-05-17,1887.11
^SP500TR,2010-05-18,1860.65
^SP500TR,2010-05-19,1851.28
^SP500TR,2010-05-20,1779.3
^SP500TR,2010-05-21,1806.05
^SP500TR,2010-05-24,1782.77
^SP500TR,2010-05-25,1783.4
^SP500TR,2010-05-26,1773.65
^SP500TR,2010-05-27,1832.61
^SP500TR,2010-05-28,1809.98
^SP500TR,2010-06-01,1778.99
^SP500TR,2010-06-02,1825.25
^SP500TR,2010-06-03,1832.72
^SP500TR,2010-06-04,1769.72
^SP500TR,2010-06-07,1745.87
^SP500TR,2010-06-08,1765.29
^SP500TR,2010-06-09,1754.91
^SP500TR,2010-06-10,1806.6899
^SP500TR,2010-06-11,1815.26
^SP500TR,2010-06-14,1812.02
^SP500TR,2010-06-15,1854.61
^SP500TR,2010-06-16,1853.62
^SP500TR,2010-06-17,1856.25
^SP500TR,2010-06-18,1858.7
^SP500TR,2010-06-21,1851.55
^SP500TR,2010-06-22,1822.05
^SP500TR,2010-06-23,1816.65
^SP500TR,2010-06-24,1786.13
^SP500TR,2010-06-25,1791.24
^SP500TR,2010-06-28,1787.9399
^SP500TR,2010-06-29,1732.55
^SP500TR,2010-06-30,1715.23
^SP500TR,2010-07-01,1709.77
^SP500TR,2010-07-02,1701.86
^SP500TR,2010-07-06,1710.97
^SP500TR,2010-07-07,1765.42
^SP500TR,2010-07-08,1782.1
^SP500TR,2010-07-09,1794.9399
^SP500TR,2010-07-12,1796.3
^SP500TR,2010-07-13,1824.0699
^SP500TR,2010-07-14,1823.8199
^SP500TR,2010-07-15,1826.0
^SP500TR,2010-07-16,1773.4301
^SP500TR,2010-07-19,1784.0601
^SP500TR,2010-07-20,1804.48
^SP500TR,2010-07-21,1781.6
^SP500TR,2010-07-22,1821.76
^SP500TR,2010-07-23,1836.75
^SP500TR,2010-07-26,1857.33
^SP500TR,2010-07-27,1855.39
^SP500TR,2010-07-28,1842.66
^SP500TR,2010-07-29,1835.29
^SP500TR,2010-07-30,1835.4
^SP500TR,2010-08-02,1875.85
^SP500TR,2010-08-03,1866.87
^SP500TR,2010-08-04,1878.8101
^SP500TR,2010-08-05,1876.51
^SP500TR,2010-08-06,1869.77
^SP500TR,2010-08-09,1880.0601
^SP500TR,2010-08-10,1868.88
^SP500TR,2010-08-11,1817.13
^SP500TR,2010-08-12,1807.61
^SP500TR,2010-08-13,1800.39
^SP500TR,2010-08-16,1800.7
^SP500TR,2010-08-17,1823.1801
^SP500TR,2010-08-18,1826.14
^SP500TR,2010-08-19,1795.24
^SP500TR,2010-08-20,1788.67
^SP500TR,2010-08-23,1781.47
^SP500TR,2010-08-24,1755.65
^SP500TR,2010-08-25,1761.62
^SP500TR,2010-08-26,1748.14
^SP500TR,2010-08-27,1777.6
^SP500TR,2010-08-30,1751.79
^SP500TR,2010-08-31,1752.55
^SP500TR,2010-09-01,1804.46
^SP500TR,2010-09-02,1820.98
^SP500TR,2010-09-03,1845.1
^SP500TR,2010-09-07,1824.05
^SP500TR,2010-09-08,1836.21
^SP500TR,2010-09-09,1845.09
^SP500TR,2010-09-10,1854.1
^SP500TR,2010-09-13,1875.41
^SP500TR,2010-09-14,1874.0699
^SP500TR,2010-09-15,1880.74
^SP500TR,2010-09-16,1880.37
^SP500TR,2010-09-17,1881.9301
^SP500TR,2010-09-20,1910.6
^SP500TR,2010-09-21,1905.74
^SP500TR,2010-09-22,1896.77
^SP500TR,2010-09-23,1880.97
^SP500TR,2010-09-24,1920.84
^SP500TR,2010-09-27,1909.98
^SP500TR,2010-09-28,1919.59
^SP500TR,2010-09-29,1914.84
^SP500TR,2010-09-30,1908.95
^SP500TR,2010-10-01,1917.42
^SP500TR,2010-10-04,1902.15
^SP500TR,2010-10-05,1941.8199
^SP500TR,2010-10-06,1941.5
^SP500TR,2010-10-07,1938.3101
^SP500TR,2010-10-08,1950.1801
^SP500TR,2010-10-11,1950.47
^SP500TR,2010-10-12,1957.92
^SP500TR,2010-10-13,1972.08
^SP500TR,2010-10-14,1964.9
^SP500TR,2010-10-15,1968.87
^SP500TR,2010-10-18,1983.17
^SP500TR,2010-10-19,1951.67
^SP500TR,2010-10-20,1972.51
^SP500TR,2010-10-21,1976.12
^SP500TR,2010-10-22,1980.83
^SP500TR,2010-10-25,1985.11
^SP500TR,2010-10-26,1985.13
^SP500TR,2010-10-27,1980.05
^SP500TR,2010-10-28,1982.45
^SP500TR,2010-10-29,1981.59
^SP500TR,2010-11-01,1983.47
^SP500TR,2010-11-02,1998.86
^SP500TR,2010-11-03,2006.58
^SP500TR,2010-11-04,2045.62
^SP500TR,2010-11-05,2053.77
^SP500TR,2010-11-08,2049.6899
^SP500TR,2010-11-09,2033.85
^SP500TR,2010-11-10,2043.16
^SP500TR,2010-11-11,2034.48
^SP500TR,2010-11-12,2010.5699
^SP500TR,2010-11-15,2008.25
^SP500TR,2010-11-16,1976.26
^SP500TR,2010-11-17,1977.0
^SP500TR,2010-11-18,2007.38
^SP500TR,2010-11-19,2012.59
^SP500TR,2010-11-22,2009.52
^SP500TR,2010-11-23,1980.89
^SP500TR,2010-11-24,2010.5601
^SP500TR,2010-11-26,1996.03
^SP500TR,2010-11-29,1993.83
^SP500TR,2010-11-30,1981.84
^SP500TR,2010-12-01,2024.97
^SP500TR,2010-12-02,2050.96
^SP500TR,2010-12-03,2056.3999
^SP500TR,2010-12-06,2053.8
^SP500TR,2010-12-07,2054.8899
^SP500TR,2010-12-08,2063.03
^SP500TR,2010-12-09,2071.1201
^SP500TR,2010-12-10,2083.5701
^SP500TR,2010-12-13,2084.0
^SP500TR,2010-12-14,2085.9299
^SP500TR,2010-12-15,2075.29
^SP500TR,2010-12-16,2088.1899
^SP500TR,2010-12-17,2089.95
^SP500TR,2010-12-20,2095.3201
^SP500TR,2010-12-21,2108.26
^SP500TR,2010-12-22,2115.6899
^SP500TR,2010-12-23,2112.3701
^SP500TR,2010-12-27,2113.6699
^SP500TR,2010-12-28,2115.3201
^SP500TR,2010-12-29,2117.8301
^SP500TR,2010-12-30,2114.7
^SP500TR,2010-12-31,2114.29
^SP500TR,2011-01-03,2138.3
^SP500TR,2011-01-04,2135.53
^SP500TR,2011-01-05,2146.5
^SP500TR,2011-01-06,2142.76
^SP500TR,2011-01-07,2138.8101
^SP500TR,2011-01-10,2135.8601
^SP500TR,2011-01-11,2143.8201
^SP500TR,2011-01-12,2163.3601
^SP500TR,2011-01-13,2159.6599
^SP500TR,2011-01-14,2175.6799
^SP500TR,2011-01-18,2178.72
^SP500TR,2011-01-19,2156.97
^SP500TR,2011-01-20,2154.1799
^SP500TR,2011-01-21,2159.4299
^SP500TR,2011-01-24,2172.03
^SP500TR,2011-01-25,2172.6699
^SP500TR,2011-01-26,2181.9199
^SP500TR,2011-01-27,2186.9299
^SP500TR,2011-01-28,2147.95
^SP500TR,2011-01-31,2164.3999
^SP500TR,2011-02-01,2200.54
^SP500TR,2011-02-02,2194.9399
^SP500TR,2011-02-03,2200.4199
^SP500TR,2011-02-04,2206.8
^SP500TR,2011-02-07,2220.6001
^SP500TR,2011-02-08,2230.5901
^SP500TR,2011-02-09,2224.6399
^SP500TR,2011-02-10,2226.51
^SP500TR,2011-02-11,2239.0801
^SP500TR,2011-02-14,2244.8899
^SP500TR,2011-02-15,2237.8999
^SP500TR,2011-02-16,2252.3
^SP500TR,2011-02-17,2259.4199
^SP500TR,2011-02-18,2263.79
^SP500TR,2011-02-22,2217.3501
^SP500TR,2011-02-23,2203.8899
^SP500TR,2011-02-24,2202.23
^SP500TR,2011-02-25,2226.05
^SP500TR,2011-02-28,2238.55
^SP500TR,2011-03-01,2203.3201
^SP500TR,2011-03-02,2207.24
^SP500TR,2011-03-03,2245.3301
^SP500TR,2011-03-04,2228.78
^SP500TR,2011-03-07,2210.26
^SP500TR,2011-03-08,2230.3999
^SP500TR,2011-03-09,2227.7
^SP500TR,2011-03-10,2185.6499
^SP500TR,2011-03-11,2201.8101
^SP500TR,2011-03-14,2188.5601
^SP500TR,2011-03-15,2164.0601
^SP500TR,2011-03-16,2121.9399
^SP500TR,2011-03-17,2150.4299
^SP500TR,2011-03-18,2159.6899
^SP500TR,2011-03-21,2192.0901
^SP500TR,2011-03-22,2184.5701
^SP500TR,2011-03-23,2190.96
^SP500TR,2011-03-24,2211.4199
^SP500TR,2011-03-25,2218.4199
^SP500TR,2011-03-28,2212.3201
^SP500TR,2011-03-29,2228.4099
^SP500TR,2011-03-30,2243.55
^SP500TR,2011-03-31,2239.4399
^SP500TR,2011-04-01,2250.5801
^SP500TR,2011-04-04,2251.6399
^SP500TR,2011-04-05,2251.26
^SP500TR,2011-04-06,2257.1101
^SP500TR,2011-04-07,2253.76
^SP500TR,2011-04-08,2244.74
^SP500TR,2011-04-11,2238.51
^SP500TR,2011-04-12,2221.1201
^SP500TR,2011-04-13,2221.77
^SP500TR,2011-04-14,2221.99
^SP500TR,2011-04-15,2230.7
^SP500TR,2011-04-18,2206.1499
^SP500TR,2011-04-19,2218.8601
^SP500TR,2011-04-20,2248.8999
^SP500TR,2011-04-21,2260.8401
^SP500TR,2011-04-25,2257.24
^SP500TR,2011-04-26,2277.51
^SP500TR,2011-04-27,2292.1299
^SP500TR,2011-04-28,2300.46
^SP500TR,2011-04-29,2305.76
^SP500TR,2011-05-02,2301.72
^SP500TR,2011-05-03,2293.95
^SP500TR,2011-05-04,2278.6299
^SP500TR,2011-05-05,2258.0801
^SP500TR,2011-05-06,2266.97
^SP500TR,2011-05-09,2277.3
^SP500TR,2011-05-10,2295.72
^SP500TR,2011-05-11,2271.47
^SP500TR,2011-05-12,2282.8401
^SP500TR,2011-05-13,2264.52
^SP500TR,2011-05-16,2250.6101
^SP500TR,2011-05-17,2250.3501
^SP500TR,2011-05-18,2270.5701
^SP500TR,2011-05-19,2275.71
^SP500TR,2011-05-20,2258.21
^SP500TR,2011-05-23,2231.3101
^SP500TR,2011-05-24,2229.49
^SP500TR,2011-05-25,2236.75
^SP500TR,2011-05-26,2246.1299
^SP500TR,2011-05-27,2255.74
^SP500TR,2011-05-31,2279.6599
^SP500TR,2011-06-01,2227.96
^SP500TR,2011-06-02,2225.3601
^SP500TR,2011-06-03,2203.8101
^SP500TR,2011-06-06,2180.1399
^SP500TR,2011-06-07,2178.1499
^SP500TR,2011-06-08,2169.5
^SP500TR,2011-06-09,2185.52
^SP500TR,2011-06-10,2155.0
^SP500TR,2011-06-13,2157.1499
^SP500TR,2011-06-14,2184.48
^SP500TR,2011-06-15,2146.45
^SP500TR,2011-06-16,2150.5801
^SP500TR,2011-06-17,2157.1399
^SP500TR,2011-06-20,2168.8
^SP500TR,2011-06-21,2198.1499
^SP500TR,2011-06-22,2184.03
^SP500TR,2011-06-23,2177.8501
^SP500TR,2011-06-24,2152.3101
^SP500TR,2011-06-27,2172.0801
^SP500TR,2011-06-28,2200.6799
^SP500TR,2011-06-29,2219.2
^SP500TR,2011-06-30,2241.6599
^SP500TR,2011-07-01,2274.26
^SP500TR,2011-07-05,2271.29
^SP500TR,2011-07-06,2274.4199
^SP500TR,2011-07-07,2298.3101
^SP500TR,2011-07-08,2282.3201
^SP500TR,2011-07-11,2241.0701
^SP500TR,2011-07-12,2231.1499
^SP500TR,2011-07-13,2238.29
^SP500TR,2011-07-14,2223.29
^SP500TR,2011-07-15,2235.6499
^SP500TR,2011-07-18,2217.55
^SP500TR,2011-07-19,2253.71
^SP500TR,2011-07-20,2252.52
^SP500TR,2011-07-21,2283.23
^SP500TR,2011-07-22,2285.3401
^SP500TR,2011-07-25,2272.47
^SP500TR,2011-07-26,2263.1499
^SP500TR,2011-07-27,2217.29
^SP500TR,2011-07-28,2210.3301
^SP500TR,2011-07-29,2196.0801
^SP500TR,2011-08-01,2187.0
^SP500TR,2011-08-02,2131.1001
^SP500TR,2011-08-03,2142.5601
^SP500TR,2011-08-04,2040.2
^SP500TR,2011-08-05,2039.04
^SP500TR,2011-08-08,1903.47
^SP500TR,2011-08-09,1993.76
^SP500TR,2011-08-10,1906.53
^SP500TR,2011-08-11,1995.14
^SP500TR,2011-08-12,2005.67
^SP500TR,2011-08-15,2049.51
^SP500TR,2011-08-16,2029.92
^SP500TR,2011-08-17,2032.41
^SP500TR,2011-08-18,1941.92
^SP500TR,2011-08-19,1912.77
^SP500TR,2011-08-22,1913.27
^SP500TR,2011-08-23,1978.89
^SP500TR,2011-08-24,2005.13
^SP500TR,2011-08-25,1973.96
^SP500TR,2011-08-26,2004.11
^SP500TR,2011-08-29,2061.05
^SP500TR,2011-08-30,2066.3701
^SP500TR,2011-08-31,2076.78
^SP500TR,2011-09-01,2052.3
^SP500TR,2011-09-02,2000.5
^SP500TR,2011-09-06,1985.67
^SP500TR,2011-09-07,2043.05
^SP500TR,2011-09-08,2021.42
^SP500TR,2011-09-09,1967.47
^SP500TR,2011-09-12,1981.3
^SP500TR,2011-09-13,2000.08
^SP500TR,2011-09-14,2027.04
^SP500TR,2011-09-15,2062.25
^SP500TR,2011-09-16,2074.0601
^SP500TR,2011-09-19,2053.74
^SP500TR,2011-09-20,2050.3899
^SP500TR,2011-09-21,1990.2
^SP500TR,2011-09-22,1926.76
^SP500TR,2011-09-23,1938.73
^SP500TR,2011-09-26,1983.97
^SP500TR,2011-09-27,2005.1899
^SP500TR,2011-09-28,1964.2
^SP500TR,2011-09-29,1980.23
^SP500TR,2011-09-30,1930.79
^SP500TR,2011-10-03,1875.95
^SP500TR,2011-10-04,1918.39
^SP500TR,2011-10-05,1953.67
^SP500TR,2011-10-06,1989.61
^SP500TR,2011-10-07,1973.42
^SP500TR,2011-10-10,2040.76
^SP500TR,2011-10-11,2041.9
^SP500TR,2011-10-12,2062.22
^SP500TR,2011-10-13,2056.26
^SP500TR,2011-10-14,2091.99
^SP500TR,2011-10-17,2051.54
^SP500TR,2011-10-18,2093.4299
^SP500TR,2011-10-19,2067.28
^SP500TR,2011-10-20,2076.75
^SP500TR,2011-10-21,2115.8601
^SP500TR,2011-10-24,2143.1299
^SP500TR,2011-10-25,2100.1699
^SP500TR,2011-10-26,2122.3201
^SP500TR,2011-10-27,2195.22
^SP500TR,2011-10-28,2196.1299
^SP500TR,2011-10-31,2141.8101
^SP500TR,2011-11-01,2081.97
^SP500TR,2011-11-02,2115.7
^SP500TR,2011-11-03,2155.8701
^SP500TR,2011-11-04,2142.3401
^SP500TR,2011-11-07,2156.0
^SP500TR,2011-11-08,2182.6101
^SP500TR,2011-11-09,2102.72
^SP500TR,2011-11-10,2121.1399
^SP500TR,2011-11-11,2162.48
^SP500TR,2011-11-14,2142.0901
^SP500TR,2011-11-15,2152.8
^SP500TR,2011-11-16,2117.6399
^SP500TR,2011-11-17,2082.1001
^SP500TR,2011-11-18,2081.4199
^SP500TR,2011-11-21,2042.71
^SP500TR,2011-11-22,2034.41
^SP500TR,2011-11-23,1989.54
^SP500TR,2011-11-25,1984.5
^SP500TR,2011-11-28,2042.8
^SP500TR,2011-11-29,2048.0601
^SP500TR,2011-11-30,2137.0801
^SP500TR,2011-12-01,2133.0701
^SP500TR,2011-12-02,2132.6399
^SP500TR,2011-12-05,2154.6799
^SP500TR,2011-12-06,2157.1001
^SP500TR,2011-12-07,2162.0701
^SP500TR,2011-12-08,2116.4099
^SP500TR,2011-12-09,2152.1499
^SP500TR,2011-12-12,2120.1499
^SP500TR,2011-12-13,2102.1499
^SP500TR,2011-12-14,2078.51
^SP500TR,2011-12-15,2085.4399
^SP500TR,2011-12-16,2092.1799
^SP500TR,2011-12-19,2067.6699
^SP500TR,2011-12-20,2129.6699
^SP500TR,2011-12-21,2133.8601
^SP500TR,2011-12-22,2152.04
^SP500TR,2011-12-23,2171.5
^SP500TR,2011-12-27,2171.71
^SP500TR,2011-12-28,2145.0901
^SP500TR,2011-12-29,2168.1201
^SP500TR,2011-12-30,2158.9399
^SP500TR,2012-01-03,2192.3999
^SP500TR,2012-01-04,2193.28
^SP500TR,2012-01-05,2199.73
^SP500TR,2012-01-06,2194.98
^SP500TR,2012-01-09,2200.0
^SP500TR,2012-01-10,2219.5801
^SP500TR,2012-01-11,2220.48
^SP500TR,2012-01-12,2225.74
^SP500TR,2012-01-13,2214.73
^SP500TR,2012-01-17,2222.5901
^SP500TR,2012-01-18,2247.6399
^SP500TR,2012-01-19,2258.8
^SP500TR,2012-01-20,2260.3701
^SP500TR,2012-01-23,2261.47
^SP500TR,2012-01-24,2259.22
^SP500TR,2012-01-25,2278.8301
^SP500TR,2012-01-26,2265.8401
^SP500TR,2012-01-27,2262.3501
^SP500TR,2012-01-30,2256.72
^SP500TR,2012-01-31,2255.6899
^SP500TR,2012-02-01,2276.24
^SP500TR,2012-02-02,2278.9199
^SP500TR,2012-02-03,2312.49
^SP500TR,2012-02-06,2311.55
^SP500TR,2012-02-07,2316.27
^SP500TR,2012-02-08,2322.1101
^SP500TR,2012-02-09,2325.5601
^SP500TR,2012-02-10,2309.6001
^SP500TR,2012-02-13,2325.8101
^SP500TR,2012-02-14,2324.0
^SP500TR,2012-02-15,2312.28
^SP500TR,2012-02-16,2338.1201
^SP500TR,2012-02-17,2343.6699
^SP500TR,2012-02-21,2345.4099
^SP500TR,2012-02-22,2337.6699
^SP500TR,2012-02-23,2348.1101
^SP500TR,2012-02-24,2352.3401
^SP500TR,2012-02-27,2355.74
^SP500TR,2012-02-28,2364.03
^SP500TR,2012-02-29,2353.23
^SP500TR,2012-03-01,2367.8701
^SP500TR,2012-03-02,2360.28
^SP500TR,2012-03-05,2351.28
^SP500TR,2012-03-06,2315.21
^SP500TR,2012-03-07,2331.8899
^SP500TR,2012-03-08,2355.01
^SP500TR,2012-03-09,2363.5601
^SP500TR,2012-03-12,2364.1001
^SP500TR,2012-03-13,2407.79
^SP500TR,2012-03-14,2404.98
^SP500TR,2012-03-15,2419.3701
^SP500TR,2012-03-16,2422.0901
^SP500TR,2012-03-19,2431.73
^SP500TR,2012-03-20,2424.46
^SP500TR,2012-03-21,2420.02
^SP500TR,2012-03-22,2402.71
^SP500TR,2012-03-23,2410.1599
^SP500TR,2012-03-26,2443.6399
^SP500TR,2012-03-27,2437.01
^SP500TR,2012-03-28,2425.55
^SP500TR,2012-03-29,2421.7
^SP500TR,2012-03-30,2430.6699
^SP500TR,2012-04-02,2449.0801
^SP500TR,2012-04-03,2439.8899
^SP500TR,2012-04-04,2415.05
^SP500TR,2012-04-05,2414.3999
^SP500TR,2012-04-09,2387.03
^SP500TR,2012-04-10,2346.27
^SP500TR,2012-04-11,2364.0901
^SP500TR,2012-04-12,2396.6899
^SP500TR,2012-04-13,2366.8401
^SP500TR,2012-04-16,2365.6499
^SP500TR,2012-04-17,2402.29
^SP500TR,2012-04-18,2392.5701
^SP500TR,2012-04-19,2378.48
^SP500TR,2012-04-20,2381.3201
^SP500TR,2012-04-23,2361.3501
^SP500TR,2012-04-24,2370.04
^SP500TR,2012-04-25,2402.71
^SP500TR,2012-04-26,2418.8899
^SP500TR,2012-04-27,2424.78
^SP500TR,2012-04-30,2415.4199
^SP500TR,2012-05-01,2429.1001
^SP500TR,2012-05-02,2423.29
^SP500TR,2012-05-03,2405.1699
^SP500TR,2012-05-04,2366.3899
^SP500TR,2012-05-07,2367.26
^SP500TR,2012-05-08,2357.45
^SP500TR,2012-05-09,2342.3101
^SP500TR,2012-05-10,2348.9299
^SP500TR,2012-05-11,2341.23
^SP500TR,2012-05-14,2315.45
^SP500TR,2012-05-15,2302.5601
^SP500TR,2012-05-16,2293.21
^SP500TR,2012-05-17,2258.9299
^SP500TR,2012-05-18,2242.25
^SP500TR,2012-05-21,2278.24
^SP500TR,2012-05-22,2279.3999
^SP500TR,2012-05-23,2283.3601
^SP500TR,2012-05-24,2286.8701
^SP500TR,2012-05-25,2281.9199
^SP500TR,2012-05-29,2307.5701
^SP500TR,2012-05-30,2275.1899
^SP500TR,2012-05-31,2270.25
^SP500TR,2012-06-01,2214.4099
^SP500TR,2012-06-04,2214.7
^SP500TR,2012-06-05,2227.45
^SP500TR,2012-06-06,2279.4199
^SP500TR,2012-06-07,2279.28
^SP500TR,2012-06-08,2297.8201
^SP500TR,2012-06-11,2268.9399
^SP500TR,2012-06-12,2295.3999
^SP500TR,2012-06-13,2280.1299
^SP500TR,2012-06-14,2304.8301
^SP500TR,2012-06-15,2328.6599
^SP500TR,2012-06-18,2332.0701
^SP500TR,2012-06-19,2355.01
^SP500TR,2012-06-20,2351.1399
^SP500TR,2012-06-21,2299.1599
^SP500TR,2012-06-22,2315.6499
^SP500TR,2012-06-25,2278.98
^SP500TR,2012-06-26,2289.8601
^SP500TR,2012-06-27,2310.98
^SP500TR,2012-06-28,2306.22
^SP500TR,2012-06-29,2363.79
^SP500TR,2012-07-02,2369.75
^SP500TR,2012-07-03,2385.0601
^SP500TR,2012-07-05,2373.9099
^SP500TR,2012-07-06,2352.3401
^SP500TR,2012-07-09,2348.52
^SP500TR,2012-07-10,2329.46
^SP500TR,2012-07-11,2329.71
^SP500TR,2012-07-12,2318.0901
^SP500TR,2012-07-13,2356.3999
^SP500TR,2012-07-16,2350.9399
^SP500TR,2012-07-17,2368.3601
^SP500TR,2012-07-18,2384.54
^SP500TR,2012-07-19,2391.27
^SP500TR,2012-07-20,2367.26
^SP500TR,2012-07-23,2346.22
^SP500TR,2012-07-24,2325.02
^SP500TR,2012-07-25,2324.3301
^SP500TR,2012-07-26,2362.8501
^SP500TR,2012-07-27,2408.0701
^SP500TR,2012-07-30,2406.99
^SP500TR,2012-07-31,2396.6201
^SP500TR,2012-08-01,2389.73
^SP500TR,2012-08-02,2372.3101
^SP500TR,2012-08-03,2417.77
^SP500TR,2012-08-06,2423.46
^SP500TR,2012-08-07,2435.8799
^SP500TR,2012-08-08,2438.1599
^SP500TR,2012-08-09,2440.23
^SP500TR,2012-08-10,2445.6399
^SP500TR,2012-08-13,2443.05
^SP500TR,2012-08-14,2443.1599
^SP500TR,2012-08-15,2446.8201
^SP500TR,2012-08-16,2464.3799
^SP500TR,2012-08-17,2469.0
^SP500TR,2012-08-20,2468.99
^SP500TR,2012-08-21,2460.4099
^SP500TR,2012-08-22,2461.1201
^SP500TR,2012-08-23,2441.29
^SP500TR,2012-08-24,2457.3999
^SP500TR,2012-08-27,2456.22
^SP500TR,2012-08-28,2454.3899
^SP500TR,2012-08-29,2457.05
^SP500TR,2012-08-30,2438.2
^SP500TR,2012-08-31,2450.6001
^SP500TR,2012-09-04,2447.8
^SP500TR,2012-09-05,2445.8101
^SP500TR,2012-09-06,2496.1201
^SP500TR,2012-09-07,2506.3701
^SP500TR,2012-09-10,2491.1101
^SP500TR,2012-09-11,2498.95
^SP500TR,2012-09-12,2504.8401
^SP500TR,2012-09-13,2546.03
^SP500TR,2012-09-14,2556.1299
^SP500TR,2012-09-17,2548.26
^SP500TR,2012-09-18,2545.05
^SP500TR,2012-09-19,2548.1101
^SP500TR,2012-09-20,2547.1101
^SP500TR,2012-09-21,2546.9199
^SP500TR,2012-09-24,2541.23
^SP500TR,2012-09-25,2514.8301
^SP500TR,2012-09-26,2500.9199
^SP500TR,2012-09-27,2525.23
^SP500TR,2012-09-28,2513.9299
^SP500TR,2012-10-01,2520.71
^SP500TR,2012-10-02,2523.0801
^SP500TR,2012-10-03,2532.79
^SP500TR,2012-10-04,2550.98
^SP500TR,2012-10-05,2551.03
^SP500TR,2012-10-08,2542.21
^SP500TR,2012-10-09,2517.1399
^SP500TR,2012-10-10,2501.75
^SP500TR,2012-10-11,2502.6599
^SP500TR,2012-10-12,2495.28
^SP500TR,2012-10-15,2515.4399
^SP500TR,2012-10-16,2541.28
^SP500TR,2012-10-17,2552.05
^SP500TR,2012-10-18,2545.95
^SP500TR,2012-10-19,2503.8
^SP500TR,2012-10-22,2504.96
^SP500TR,2012-10-23,2468.78
^SP500TR,2012-10-24,2461.1799
^SP500TR,2012-10-25,2468.6001
^SP500TR,2012-10-26,2466.8
^SP500TR,2012-10-31,2467.51
^SP500TR,2012-11-01,2494.6699
^SP500TR,2012-11-02,2471.3
^SP500TR,2012-11-05,2476.9399
^SP500TR,2012-11-06,2496.46
^SP500TR,2012-11-07,2439.48
^SP500TR,2012-11-08,2409.72
^SP500TR,2012-11-09,2413.9199
^SP500TR,2012-11-12,2414.24
^SP500TR,2012-11-13,2405.3799
^SP500TR,2012-11-14,2372.9399
^SP500TR,2012-11-15,2369.3201
^SP500TR,2012-11-16,2381.02
^SP500TR,2012-11-19,2428.47
^SP500TR,2012-11-20,2430.29
^SP500TR,2012-11-21,2435.97
^SP500TR,2012-11-23,2468.0601
^SP500TR,2012-11-26,2463.1201
^SP500TR,2012-11-27,2450.48
^SP500TR,2012-11-28,2470.47
^SP500TR,2012-11-29,2481.4199
^SP500TR,2012-11-30,2481.8201
^SP500TR,2012-12-03,2470.0701
^SP500TR,2012-12-04,2465.8999
^SP500TR,2012-12-05,2470.5901
^SP500TR,2012-12-06,2479.3999
^SP500TR,2012-12-07,2486.8401
^SP500TR,2012-12-10,2487.78
^SP500TR,2012-12-11,2504.0801
^SP500TR,2012-12-12,2505.76
^SP500TR,2012-12-13,2490.5601
^SP500TR,2012-12-14,2480.3601
^SP500TR,2012-12-17,2509.8401
^SP500TR,2012-12-18,2538.72
^SP500TR,2012-12-19,2519.54
^SP500TR,2012-12-20,2533.9099
^SP500TR,2012-12-21,2510.3201
^SP500TR,2012-12-24,2504.51
^SP500TR,2012-12-26,2492.54
^SP500TR,2012-12-27,2489.97
^SP500TR,2012-12-28,2462.71
^SP500TR,2012-12-31,2504.4399
^SP500TR,2013-01-02,2568.55
^SP500TR,2013-01-03,2563.1899
^SP500TR,2013-01-04,2575.6599
^SP500TR,2013-01-07,2567.6299
^SP500TR,2013-01-08,2560.1699
^SP500TR,2013-01-09,2567.02
^SP500TR,2013-01-10,2586.52
^SP500TR,2013-01-11,2586.6899
^SP500TR,2013-01-14,2584.27
^SP500TR,2013-01-15,2587.2
^SP500TR,2013-01-16,2588.02
^SP500TR,2013-01-17,2602.6399
^SP500TR,2013-01-18,2611.54
^SP500TR,2013-01-22,2623.22
^SP500TR,2013-01-23,2627.23
^SP500TR,2013-01-24,2627.3301
^SP500TR,2013-01-25,2641.6399
^SP500TR,2013-01-28,2636.8301
^SP500TR,2013-01-29,2650.4299
^SP500TR,2013-01-30,2640.77
^SP500TR,2013-01-31,2634.1599
^SP500TR,2013-02-01,2660.7
^SP500TR,2013-02-04,2630.05
^SP500TR,2013-02-05,2657.76
^SP500TR,2013-02-06,2659.55
^SP500TR,2013-02-07,2655.8401
^SP500TR,2013-02-08,2670.8501
^SP500TR,2013-02-11,2669.3701
^SP500TR,2013-02-12,2673.77
^SP500TR,2013-02-13,2676.6001
^SP500TR,2013-02-14,2678.77
^SP500TR,2013-02-15,2676.21
^SP500TR,2013-02-19,2696.26
^SP500TR,2013-02-20,2662.9399
^SP500TR,2013-02-21,2646.75
^SP500TR,2013-02-22,2670.3601
^SP500TR,2013-02-25,2621.46
^SP500TR,2013-02-26,2637.8899
^SP500TR,2013-02-27,2672.1101
^SP500TR,2013-02-28,2669.9199
^SP500TR,2013-03-01,2676.1799
^SP500TR,2013-03-04,2688.54
^SP500TR,2013-03-05,2714.3501
^SP500TR,2013-03-06,2718.0701
^SP500TR,2013-03-07,2723.27
^SP500TR,2013-03-08,2735.6699
^SP500TR,2013-03-11,2744.8101
^SP500TR,2013-03-12,2738.3501
^SP500TR,2013-03-13,2742.8701
^SP500TR,2013-03-14,2758.3
^SP500TR,2013-03-15,2753.8201
^SP500TR,2013-03-18,2738.6799
^SP500TR,2013-03-19,2732.0901
^SP500TR,2013-03-20,2750.4199
^SP500TR,2013-03-21,2727.6899
^SP500TR,2013-03-22,2747.25
^SP500TR,2013-03-25,2738.0801
^SP500TR,2013-03-26,2760.3201
^SP500TR,2013-03-27,2758.8501
^SP500TR,2013-03-28,2770.05
^SP500TR,2013-04-01,2757.8301
^SP500TR,2013-04-02,2772.1101
^SP500TR,2013-04-03,2743.3799
^SP500TR,2013-04-04,2754.6699
^SP500TR,2013-04-05,2742.8601
^SP500TR,2013-04-08,2761.05
^SP500TR,2013-04-09,2770.8401
^SP500TR,2013-04-10,2804.8101
^SP500TR,2013-04-11,2815.02
^SP500TR,2013-04-12,2807.1001
^SP500TR,2013-04-15,2742.6299
^SP500TR,2013-04-16,2781.8601
^SP500TR,2013-04-17,2742.01
^SP500TR,2013-04-18,2723.72
^SP500TR,2013-04-19,2747.9399
^SP500TR,2013-04-22,2760.8
^SP500TR,2013-04-23,2789.5601
^SP500TR,2013-04-24,2789.9299
^SP500TR,2013-04-25,2801.28
^SP500TR,2013-04-26,2796.24
^SP500TR,2013-04-29,2816.3899
^SP500TR,2013-04-30,2823.4199
^SP500TR,2013-05-01,2797.28
^SP500TR,2013-05-02,2823.8201
^SP500TR,2013-05-03,2853.8799
^SP500TR,2013-05-06,2859.3401
^SP500TR,2013-05-07,2874.46
^SP500TR,2013-05-08,2887.6101
^SP500TR,2013-05-09,2878.3
^SP500TR,2013-05-10,2890.77
^SP500TR,2013-05-13,2891.1699
^SP500TR,2013-05-14,2921.1201
^SP500TR,2013-05-15,2936.98
^SP500TR,2013-05-16,2922.3999
^SP500TR,2013-05-17,2952.5601
^SP500TR,2013-05-20,2950.53
^SP500TR,2013-05-21,2955.6899
^SP500TR,2013-05-22,2931.5801
^SP500TR,2013-05-23,2923.4299
^SP500TR,2013-05-24,2921.8799
^SP500TR,2013-05-28,2940.45
^SP500TR,2013-05-29,2920.1799
^SP500TR,2013-05-30,2931.3899
^SP500TR,2013-05-31,2889.46
^SP500TR,2013-06-03,2906.9099
^SP500TR,2013-06-04,2891.02
^SP500TR,2013-06-05,2851.8899
^SP500TR,2013-06-06,2876.5
^SP500TR,2013-06-07,2913.46
^SP500TR,2013-06-10,2912.6299
^SP500TR,2013-06-11,2883.0701
^SP500TR,2013-06-12,2859.6201
^SP500TR,2013-06-13,2902.3201
^SP500TR,2013-06-14,2885.24
^SP500TR,2013-06-17,2907.1201
^SP500TR,2013-06-18,2929.8101
^SP500TR,2013-06-19,2889.25
^SP500TR,2013-06-20,2817.4399
^SP500TR,2013-06-21,2824.97
^SP500TR,2013-06-24,2790.6599
^SP500TR,2013-06-25,2817.4399
^SP500TR,2013-06-26,2845.04
^SP500TR,2013-06-27,2862.9199
^SP500TR,2013-06-28,2850.6599
^SP500TR,2013-07-01,2866.4099
^SP500TR,2013-07-02,2865.48
^SP500TR,2013-07-03,2867.8501
^SP500TR,2013-07-05,2897.1201
^SP500TR,2013-07-08,2913.2
^SP500TR,2013-07-09,2934.3101
^SP500TR,2013-07-10,2934.97
^SP500TR,2013-07-11,2975.0601
^SP500TR,2013-07-12,2984.24
^SP500TR,2013-07-15,2988.3501
^SP500TR,2013-07-16,2977.26
^SP500TR,2013-07-17,2985.8501
^SP500TR,2013-07-18,3001.21
^SP500TR,2013-07-19,3006.1299
^SP500TR,2013-07-22,3012.3
^SP500TR,2013-07-23,3006.72
^SP500TR,2013-07-24,2995.3
^SP500TR,2013-07-25,3003.01
^SP500TR,2013-07-26,3005.51
^SP500TR,2013-07-29,2994.45
^SP500TR,2013-07-30,2995.6799
^SP500TR,2013-07-31,2995.72
^SP500TR,2013-08-01,3033.5901
^SP500TR,2013-08-02,3038.6299
^SP500TR,2013-08-05,3034.4299
^SP500TR,2013-08-06,3017.1599
^SP500TR,2013-08-07,3006.6299
^SP500TR,2013-08-08,3019.0
^SP500TR,2013-08-09,3008.79
^SP500TR,2013-08-12,3005.4199
^SP500TR,2013-08-13,3014.4299
^SP500TR,2013-08-14,2999.4199
^SP500TR,2013-08-15,2957.0801
^SP500TR,2013-08-16,2947.46
^SP500TR,2013-08-19,2930.27
^SP500TR,2013-08-20,2941.5801
^SP500TR,2013-08-21,2924.73
^SP500TR,2013-08-22,2949.96
^SP500TR,2013-08-23,2962.0601
^SP500TR,2013-08-26,2950.1299
^SP500TR,2013-08-27,2903.29
^SP500TR,2013-08-28,2911.8301
^SP500TR,2013-08-29,2917.96
^SP500TR,2013-08-30,2908.96
^SP500TR,2013-09-03,2921.23
^SP500TR,2013-09-04,2945.6201
^SP500TR,2013-09-05,2949.27
^SP500TR,2013-09-06,2949.8
^SP500TR,2013-09-09,2979.45
^SP500TR,2013-09-10,3001.3601
^SP500TR,2013-09-11,3010.9399
^SP500TR,2013-09-12,3001.6201
^SP500TR,2013-09-13,3009.79
^SP500TR,2013-09-16,3026.9399
^SP500TR,2013-09-17,3039.75
^SP500TR,2013-09-18,3076.8101
^SP500TR,2013-09-19,3071.6101
^SP500TR,2013-09-20,3049.47
^SP500TR,2013-09-23,3035.0901
^SP500TR,2013-09-24,3027.52
^SP500TR,2013-09-25,3019.3101
^SP500TR,2013-09-26,3030.4099
^SP500TR,2013-09-27,3018.24
^SP500TR,2013-09-30,3000.1799
^SP500TR,2013-10-01,3024.3799
^SP500TR,2013-10-02,3022.95
^SP500TR,2013-10-03,2995.8101
^SP500TR,2013-10-04,3017.05
^SP500TR,2013-10-07,2991.3899
^SP500TR,2013-10-08,2955.4099
^SP500TR,2013-10-09,2957.3999
^SP500TR,2013-10-10,3022.4299
^SP500TR,2013-10-11,3041.4299
^SP500TR,2013-10-14,3053.8401
^SP500TR,2013-10-15,3032.27
^SP500TR,2013-10-16,3074.54
^SP500TR,2013-10-17,3095.4199
^SP500TR,2013-10-18,3115.77
^SP500TR,2013-10-21,3116.0901
^SP500TR,2013-10-22,3133.98
^SP500TR,2013-10-23,3119.2
^SP500TR,2013-10-24,3129.4099
^SP500TR,2013-10-25,3143.1599
^SP500TR,2013-10-28,3147.3601
^SP500TR,2013-10-29,3165.1101
^SP500TR,2013-10-30,3149.9299
^SP500TR,2013-10-31,3138.0901
^SP500TR,2013-11-01,3147.21
^SP500TR,2013-11-04,3158.47
^SP500TR,2013-11-05,3149.96
^SP500TR,2013-11-06,3165.1299
^SP500TR,2013-11-07,3124.1201
^SP500TR,2013-11-08,3166.1101
^SP500TR,2013-11-11,3168.4099
^SP500TR,2013-11-12,3161.1001
^SP500TR,2013-11-13,3187.6399
^SP500TR,2013-11-14,3203.6499
^SP500TR,2013-11-15,3217.2
^SP500TR,2013-11-18,3205.46
^SP500TR,2013-11-19,3199.52
^SP500TR,2013-11-20,3188.04
^SP500TR,2013-11-21,3214.1599
^SP500TR,2013-11-22,3230.54
^SP500TR,2013-11-25,3226.53
^SP500TR,2013-11-26,3227.3601
^SP500TR,2013-11-27,3236.1399
^SP500TR,2013-11-29,3233.72
^SP500TR,2013-12-02,3225.0601
^SP500TR,2013-12-03,3214.95
^SP500TR,2013-12-04,3211.5901
^SP500TR,2013-12-05,3197.76
^SP500TR,2013-12-06,3233.99
^SP500TR,2013-12-09,3239.99
^SP500TR,2013-12-10,3229.72
^SP500TR,2013-12-11,3193.52
^SP500TR,2013-12-12,3182.3301
^SP500TR,2013-12-13,3182.0701
^SP500TR,2013-12-16,3202.22
^SP500TR,2013-12-17,3192.3301
^SP500TR,2013-12-18,3245.5901
^SP500TR,2013-12-19,3244.1499
^SP500TR,2013-12-20,3259.79
^SP500TR,2013-12-23,3277.6201
^SP500TR,2013-12-24,3287.55
^SP500TR,2013-12-26,3303.1499
^SP500TR,2013-12-27,3302.6599
^SP500TR,2013-12-30,3302.3
^SP500TR,2013-12-31,3315.5901
^SP500TR,2014-01-02,3286.6899
^SP500TR,2014-01-03,3285.6799
^SP500TR,2014-01-06,3277.48
^SP500TR,2014-01-07,3297.45
^SP500TR,2014-01-08,3297.74
^SP500TR,2014-01-09,3298.8701
^SP500TR,2014-01-10,3306.49
^SP500TR,2014-01-13,3265.27
^SP500TR,2014-01-14,3300.6101
^SP500TR,2014-01-15,3317.75
^SP500TR,2014-01-16,3313.3601
^SP500TR,2014-01-17,3300.51
^SP500TR,2014-01-21,3309.74
^SP500TR,2014-01-22,3312.04
^SP500TR,2014-01-23,3282.6399
^SP500TR,2014-01-24,3214.1399
^SP500TR,2014-01-27,3198.5701
^SP500TR,2014-01-28,3218.21
^SP500TR,2014-01-29,3185.7
^SP500TR,2014-01-30,3221.78
^SP500TR,2014-01-31,3200.95
^SP500TR,2014-02-03,3127.8701
^SP500TR,2014-02-04,3151.9399
^SP500TR,2014-02-05,3146.49
^SP500TR,2014-02-06,3187.25
^SP500TR,2014-02-07,3229.6499
^SP500TR,2014-02-10,3234.79
^SP500TR,2014-02-11,3270.74
^SP500TR,2014-02-12,3271.47
^SP500TR,2014-02-13,3290.8201
^SP500TR,2014-02-14,3306.9199
^SP500TR,2014-02-18,3311.27
^SP500TR,2014-02-19,3289.8301
^SP500TR,2014-02-20,3310.27
^SP500TR,2014-02-21,3304.3601
^SP500TR,2014-02-24,3324.8401
^SP500TR,2014-02-25,3320.4299
^SP500TR,2014-02-26,3321.1499
^SP500TR,2014-02-27,3338.05
^SP500TR,2014-02-28,3347.3799
^SP500TR,2014-03-03,3322.8501
^SP500TR,2014-03-04,3373.6399
^SP500TR,2014-03-05,3374.1001
^SP500TR,2014-03-06,3380.49
^SP500TR,2014-03-07,3382.5701
^SP500TR,2014-03-10,3381.22
^SP500TR,2014-03-11,3364.1699
^SP500TR,2014-03-12,3366.0701
^SP500TR,2014-03-13,3327.1101
^SP500TR,2014-03-14,3317.8101
^SP500TR,2014-03-17,3349.71
^SP500TR,2014-03-18,3373.98
^SP500TR,2014-03-19,3353.29
^SP500TR,2014-03-20,3373.6001
^SP500TR,2014-03-21,3363.72
^SP500TR,2014-03-24,3347.3601
^SP500TR,2014-03-25,3362.4399
^SP500TR,2014-03-26,3339.0
^SP500TR,2014-03-27,3333.23
^SP500TR,2014-03-28,3348.8301
^SP500TR,2014-03-31,3375.51
^SP500TR,2014-04-01,3399.51
^SP500TR,2014-04-02,3409.8
^SP500TR,2014-04-03,3406.0
^SP500TR,2014-04-04,3363.4099
^SP500TR,2014-04-07,3327.27
^SP500TR,2014-04-08,3340.8401
^SP500TR,2014-04-09,3377.6101
^SP500TR,2014-04-10,3307.0801
^SP500TR,2014-04-11,3276.04
^SP500TR,2014-04-14,3302.98
^SP500TR,2014-04-15,3325.3
^SP500TR,2014-04-16,3360.27
^SP500TR,2014-04-17,3365.0
^SP500TR,2014-04-21,3377.75
^SP500TR,2014-04-22,3391.5801
^SP500TR,2014-04-23,3384.5
^SP500TR,2014-04-24,3390.3899
^SP500TR,2014-04-25,3362.95
^SP500TR,2014-04-28,3374.04
^SP500TR,2014-04-29,3390.1599
^SP500TR,2014-04-30,3400.46
^SP500TR,2014-05-01,3400.2
^SP500TR,2014-05-02,3395.6101
^SP500TR,2014-05-05,3402.23
^SP500TR,2014-05-06,3371.72
^SP500TR,2014-05-07,3392.1001
^SP500TR,2014-05-08,3388.29
^SP500TR,2014-05-09,3394.05
^SP500TR,2014-05-12,3427.01
^SP500TR,2014-05-13,3429.3
^SP500TR,2014-05-14,3413.8401
^SP500TR,2014-05-15,3382.52
^SP500TR,2014-05-16,3395.21
^SP500TR,2014-05-19,3408.52
^SP500TR,2014-05-20,3386.48
^SP500TR,2014-05-21,3414.45
^SP500TR,2014-05-22,3422.99
^SP500TR,2014-05-23,3437.5801
^SP500TR,2014-05-27,3458.1899
^SP500TR,2014-05-28,3454.8799
^SP500TR,2014-05-29,3473.8601
^SP500TR,2014-05-30,3480.29
^SP500TR,2014-06-02,3483.1399
^SP500TR,2014-06-03,3482.0
^SP500TR,2014-06-04,3489.21
^SP500TR,2014-06-05,3512.21
^SP500TR,2014-06-06,3528.98
^SP500TR,2014-06-09,3532.47
^SP500TR,2014-06-10,3531.6201
^SP500TR,2014-06-11,3519.52
^SP500TR,2014-06-12,3495.5701
^SP500TR,2014-06-13,3506.5801
^SP500TR,2014-06-16,3509.54
^SP500TR,2014-06-17,3517.23
^SP500TR,2014-06-18,3544.4199
^SP500TR,2014-06-19,3549.4399
^SP500TR,2014-06-20,3555.6001
^SP500TR,2014-06-23,3555.1399
^SP500TR,2014-06-24,3532.5701
^SP500TR,2014-06-25,3549.96
^SP500TR,2014-06-26,3546.3799
^SP500TR,2014-06-27,3553.3501
^SP500TR,2014-06-30,3552.1799
^SP500TR,2014-07-01,3576.55
^SP500TR,2014-07-02,3579.1101
^SP500TR,2014-07-03,3598.73
^SP500TR,2014-07-07,3584.75
^SP500TR,2014-07-08,3560.53
^SP500TR,2014-07-09,3577.28
^SP500TR,2014-07-10,3562.49
^SP500TR,2014-07-11,3568.0801
^SP500TR,2014-07-14,3585.3701
^SP500TR,2014-07-15,3578.46
^SP500TR,2014-07-16,3593.9099
^SP500TR,2014-07-17,3551.73
^SP500TR,2014-07-18,3588.21
^SP500TR,2014-07-21,3579.99
^SP500TR,2014-07-22,3597.95
^SP500TR,2014-07-23,3604.3
^SP500TR,2014-07-24,3606.1001
^SP500TR,2014-07-25,3588.6799
^SP500TR,2014-07-28,3589.73
^SP500TR,2014-07-29,3573.6499
^SP500TR,2014-07-30,3574.45
^SP500TR,2014-07-31,3503.1899
^SP500TR,2014-08-01,3493.1799
^SP500TR,2014-08-04,3518.3101
^SP500TR,2014-08-05,3484.5601
^SP500TR,2014-08-06,3485.6699
^SP500TR,2014-08-07,3467.1399
^SP500TR,2014-08-08,3507.21
^SP500TR,2014-08-11,3517.53
^SP500TR,2014-08-12,3511.96
^SP500TR,2014-08-13,3536.4199
^SP500TR,2014-08-14,3551.97
^SP500TR,2014-08-15,3552.1699
^SP500TR,2014-08-18,3582.7
^SP500TR,2014-08-19,3601.3301
^SP500TR,2014-08-20,3610.49
^SP500TR,2014-08-21,3621.23
^SP500TR,2014-08-22,3614.5
^SP500TR,2014-08-25,3631.8601
^SP500TR,2014-08-26,3635.71
^SP500TR,2014-08-27,3636.6399
^SP500TR,2014-08-28,3630.98
^SP500TR,2014-08-29,3643.3301
^SP500TR,2014-09-02,3641.52
^SP500TR,2014-09-03,3639.3501
^SP500TR,2014-09-04,3633.8701
^SP500TR,2014-09-05,3652.26
^SP500TR,2014-09-08,3641.6599
^SP500TR,2014-09-09,3617.8899
^SP500TR,2014-09-10,3631.45
^SP500TR,2014-09-11,3635.6599
^SP500TR,2014-09-12,3614.0601
^SP500TR,2014-09-15,3611.52
^SP500TR,2014-09-16,3638.6001
^SP500TR,2014-09-17,3643.3999
^SP500TR,2014-09-18,3661.73
^SP500TR,2014-09-19,3660.03
^SP500TR,2014-09-22,3630.7
^SP500TR,2014-09-23,3610.1001
^SP500TR,2014-09-24,3638.4399
^SP500TR,2014-09-25,3579.6101
^SP500TR,2014-09-26,3610.98
^SP500TR,2014-09-29,3602.0901
^SP500TR,2014-09-30,3592.25
^SP500TR,2014-10-01,3544.98
^SP500TR,2014-10-02,3545.3
^SP500TR,2014-10-03,3584.9399
^SP500TR,2014-10-06,3579.4199
^SP500TR,2014-10-07,3525.29
^SP500TR,2014-10-08,3588.0701
^SP500TR,2014-10-09,3514.1201
^SP500TR,2014-10-10,3474.23
^SP500TR,2014-10-13,3417.01
^SP500TR,2014-10-14,3422.4299
^SP500TR,2014-10-15,3395.03
^SP500TR,2014-10-16,3395.6399
^SP500TR,2014-10-17,3439.3899
^SP500TR,2014-10-20,3470.8899
^SP500TR,2014-10-21,3538.8999
^SP500TR,2014-10-22,3513.47
^SP500TR,2014-10-23,3556.7
^SP500TR,2014-10-24,3581.8201
^SP500TR,2014-10-27,3576.47
^SP500TR,2014-10-28,3619.1599
^SP500TR,2014-10-29,3614.53
^SP500TR,2014-10-30,3637.3
^SP500TR,2014-10-31,3679.99
^SP500TR,2014-11-03,3679.5801
^SP500TR,2014-11-04,3669.1799
^SP500TR,2014-11-05,3691.3799
^SP500TR,2014-11-06,3706.45
^SP500TR,2014-11-07,3708.46
^SP500TR,2014-11-10,3720.25
^SP500TR,2014-11-11,3722.8401
^SP500TR,2014-11-12,3721.3
^SP500TR,2014-11-13,3723.5801
^SP500TR,2014-11-14,3724.9199
^SP500TR,2014-11-17,3727.8601
^SP500TR,2014-11-18,3747.74
^SP500TR,2014-11-19,3742.3501
^SP500TR,2014-11-20,3749.8701
^SP500TR,2014-11-21,3770.03
^SP500TR,2014-11-24,3780.8799
^SP500TR,2014-11-25,3776.9399
^SP500TR,2014-11-26,3788.4199
^SP500TR,2014-11-28,3778.96
^SP500TR,2014-12-01,3753.3101
^SP500TR,2014-12-02,3777.47
^SP500TR,2014-12-03,3792.6799
^SP500TR,2014-12-04,3788.3401
^SP500TR,2014-12-05,3794.6799
^SP500TR,2014-12-08,3767.7
^SP500TR,2014-12-09,3758.8701
^SP500TR,2014-12-10,3705.51
^SP500TR,2014-12-11,3723.3201
^SP500TR,2014-12-12,3663.1001
^SP500TR,2014-12-15,3639.97
^SP500TR,2014-12-16,3609.0601
^SP500TR,2014-12-17,3682.7
^SP500TR,2014-12-18,3771.72
^SP500TR,2014-12-19,3788.97
^SP500TR,2014-12-22,3803.9399
^SP500TR,2014-12-23,3810.78
^SP500TR,2014-12-24,3810.3899
^SP500TR,2014-12-26,3823.0
^SP500TR,2014-12-29,3826.95
^SP500TR,2014-12-30,3808.6899
^SP500TR,2014-12-31,3769.4399
^SP500TR,2015-01-02,3768.6799
^SP500TR,2015-01-05,3700.03
^SP500TR,2015-01-06,3667.1399
^SP500TR,2015-01-07,3710.9399
^SP500TR,2015-01-08,3777.3999
^SP500TR,2015-01-09,3745.6699
^SP500TR,2015-01-12,3715.3601
^SP500TR,2015-01-13,3706.1499
^SP500TR,2015-01-14,3684.72
^SP500TR,2015-01-15,3650.74
^SP500TR,2015-01-16,3699.79
^SP500TR,2015-01-20,3705.6399
^SP500TR,2015-01-21,3723.6201
^SP500TR,2015-01-22,3780.51
^SP500TR,2015-01-23,3759.76
^SP500TR,2015-01-26,3769.45
^SP500TR,2015-01-27,3718.99
^SP500TR,2015-01-28,3669.1001
^SP500TR,2015-01-29,3704.3501
^SP500TR,2015-01-30,3656.28
^SP500TR,2015-02-02,3703.77
^SP500TR,2015-02-03,3757.3401
^SP500TR,2015-02-04,3742.8401
^SP500TR,2015-02-05,3782.1101
^SP500TR,2015-02-06,3770.2
^SP500TR,2015-02-09,3754.3601
^SP500TR,2015-02-10,3794.6201
^SP500TR,2015-02-11,3795.8201
^SP500TR,2015-02-12,3833.3501
^SP500TR,2015-02-13,3849.29
^SP500TR,2015-02-17,3856.04
^SP500TR,2015-02-18,3855.0
^SP500TR,2015-02-19,3851.53
^SP500TR,2015-02-20,3875.6001
^SP500TR,2015-02-23,3874.46
^SP500TR,2015-02-24,3885.27
^SP500TR,2015-02-25,3882.95
^SP500TR,2015-02-26,3877.8501
^SP500TR,2015-02-27,3866.4199
^SP500TR,2015-03-02,3890.3201
^SP500TR,2015-03-03,3872.71
^SP500TR,2015-03-04,3856.51
^SP500TR,2015-03-05,3861.29
^SP500TR,2015-03-06,3807.04
^SP500TR,2015-03-09,3822.4199
^SP500TR,2015-03-10,3757.8301
^SP500TR,2015-03-11,3751.2
^SP500TR,2015-03-12,3799.4299
^SP500TR,2015-03-13,3776.4399
^SP500TR,2015-03-16,3827.6201
^SP500TR,2015-03-17,3814.9099
^SP500TR,2015-03-18,3861.3899
^SP500TR,2015-03-19,3842.6201
^SP500TR,2015-03-20,3877.26
^SP500TR,2015-03-23,3870.49
^SP500TR,2015-03-24,3847.05
^SP500TR,2015-03-25,3791.1299
^SP500TR,2015-03-26,3782.21
^SP500TR,2015-03-27,3791.8999
^SP500TR,2015-03-30,3838.6499
^SP500TR,2015-03-31,3805.27
^SP500TR,2015-04-01,3790.6599
^SP500TR,2015-04-02,3804.1399
^SP500TR,2015-04-06,3829.3101
^SP500TR,2015-04-07,3821.49
^SP500TR,2015-04-08,3833.2
^SP500TR,2015-04-09,3850.29
^SP500TR,2015-04-10,3870.3101
^SP500TR,2015-04-13,3852.9299
^SP500TR,2015-04-14,3859.22
^SP500TR,2015-04-15,3879.1001
^SP500TR,2015-04-16,3876.1699
^SP500TR,2015-04-17,3832.3301
^SP500TR,2015-04-20,3867.8201
^SP500TR,2015-04-21,3862.1499
^SP500TR,2015-04-22,3881.9299
^SP500TR,2015-04-23,3891.46
^SP500TR,2015-04-24,3900.24
^SP500TR,2015-04-27,3884.1001
^SP500TR,2015-04-28,3895.21
^SP500TR,2015-04-29,3880.8999
^SP500TR,2015-04-30,3841.78
^SP500TR,2015-05-01,3883.75
^SP500TR,2015-05-04,3895.1599
^SP500TR,2015-05-05,3849.4099
^SP500TR,2015-05-06,3833.7
^SP500TR,2015-05-07,3849.1299
^SP500TR,2015-05-08,3901.01
^SP500TR,2015-05-11,3881.9299
^SP500TR,2015-05-12,3870.6899
^SP500TR,2015-05-13,3870.3601
^SP500TR,2015-05-14,3912.52
^SP500TR,2015-05-15,3915.99
^SP500TR,2015-05-18,3928.1499
^SP500TR,2015-05-19,3926.4099
^SP500TR,2015-05-20,3923.1799
^SP500TR,2015-05-21,3932.8999
^SP500TR,2015-05-22,3924.1599
^SP500TR,2015-05-26,3883.8799
^SP500TR,2015-05-27,3920.1101
^SP500TR,2015-05-28,3915.8201
^SP500TR,2015-05-29,3891.1799
^SP500TR,2015-06-01,3899.5901
^SP500TR,2015-06-02,3895.8501
^SP500TR,2015-06-03,3904.8301
^SP500TR,2015-06-04,3871.23
^SP500TR,2015-06-05,3865.8301
^SP500TR,2015-06-08,3841.45
^SP500TR,2015-06-09,3843.1599
^SP500TR,2015-06-10,3889.7
^SP500TR,2015-06-11,3897.5901
^SP500TR,2015-06-12,3870.5601
^SP500TR,2015-06-15,3852.75
^SP500TR,2015-06-16,3874.73
^SP500TR,2015-06-17,3882.49
^SP500TR,2015-06-18,3921.4299
^SP500TR,2015-06-19,3900.6399
^SP500TR,2015-06-22,3924.4099
^SP500TR,2015-06-23,3927.23
^SP500TR,2015-06-24,3898.47
^SP500TR,2015-06-25,3887.04
^SP500TR,2015-06-26,3886.21
^SP500TR,2015-06-29,3805.5
^SP500TR,2015-06-30,3815.8501
^SP500TR,2015-07-01,3843.26
^SP500TR,2015-07-02,3842.0601
^SP500TR,2015-07-06,3827.3501
^SP500TR,2015-07-07,3850.6599
^SP500TR,2015-07-08,3787.6699
^SP500TR,2015-07-09,3796.26
^SP500TR,2015-07-10,3843.1001
^SP500TR,2015-07-13,3885.97
^SP500TR,2015-07-14,3903.3101
^SP500TR,2015-07-15,3900.5
^SP500TR,2015-07-16,3931.8501
^SP500TR,2015-07-17,3936.22
^SP500TR,2015-07-20,3939.3501
^SP500TR,2015-07-21,3922.7
^SP500TR,2015-07-22,3913.75
^SP500TR,2015-07-23,3891.79
^SP500TR,2015-07-24,3850.1499
^SP500TR,2015-07-27,3827.9299
^SP500TR,2015-07-28,3875.3701
^SP500TR,2015-07-29,3904.21
^SP500TR,2015-07-30,3904.6399
^SP500TR,2015-07-31,3895.8
^SP500TR,2015-08-03,3885.0701
^SP500TR,2015-08-04,3876.4399
^SP500TR,2015-08-05,3889.99
^SP500TR,2015-08-06,3860.9199
^SP500TR,2015-08-07,3849.96
^SP500TR,2015-08-10,3899.3601
^SP500TR,2015-08-11,3862.8101
^SP500TR,2015-08-12,3867.3701
^SP500TR,2015-08-13,3863.03
^SP500TR,2015-08-14,3878.1599
^SP500TR,2015-08-17,3899.1001
^SP500TR,2015-08-18,3889.6001
^SP500TR,2015-08-19,3857.74
^SP500TR,2015-08-20,3776.3601
^SP500TR,2015-08-21,3656.6699
^SP500TR,2015-08-24,3512.6499
^SP500TR,2015-08-25,3465.1899
^SP500TR,2015-08-26,3600.73
^SP500TR,2015-08-27,3688.6001
^SP500TR,2015-08-28,3691.3
^SP500TR,2015-08-31,3660.75
^SP500TR,2015-09-01,3552.6499
^SP500TR,2015-09-02,3618.25
^SP500TR,2015-09-03,3622.6599
^SP500TR,2015-09-04,3567.4099
^SP500TR,2015-09-08,3657.3201
^SP500TR,2015-09-09,3606.8
^SP500TR,2015-09-10,3626.1399
^SP500TR,2015-09-11,3643.54
^SP500TR,2015-09-14,3628.8701
^SP500TR,2015-09-15,3675.48
^SP500TR,2015-09-16,3707.6201
^SP500TR,2015-09-17,3698.74
^SP500TR,2015-09-18,3638.99
^SP500TR,2015-09-21,3655.6399
^SP500TR,2015-09-22,3610.7
^SP500TR,2015-09-23,3603.49
^SP500TR,2015-09-24,3591.3701
^SP500TR,2015-09-25,3589.71
^SP500TR,2015-09-28,3498.6101
^SP500TR,2015-09-29,3503.1299
^SP500TR,2015-09-30,3570.1699
^SP500TR,2015-10-01,3577.47
^SP500TR,2015-10-02,3629.04
^SP500TR,2015-10-05,3695.6101
^SP500TR,2015-10-06,3682.3301
^SP500TR,2015-10-07,3713.3601
^SP500TR,2015-10-08,3746.1201
^SP500TR,2015-10-09,3748.96
^SP500TR,2015-10-12,3753.73
^SP500TR,2015-10-13,3728.48
^SP500TR,2015-10-14,3711.1101
^SP500TR,2015-10-15,3766.4299
^SP500TR,2015-10-16,3783.6399
^SP500TR,2015-10-19,3784.72
^SP500TR,2015-10-20,3779.4399
^SP500TR,2015-10-21,3757.9099
^SP500TR,2015-10-22,3820.49
^SP500TR,2015-10-23,3862.6499
^SP500TR,2015-10-26,3855.29
^SP500TR,2015-10-27,3845.45
^SP500TR,2015-10-28,3891.3401
^SP500TR,2015-10-29,3890.04
^SP500TR,2015-10-30,3871.3301
^SP500TR,2015-11-02,3917.3
^SP500TR,2015-11-03,3928.05
^SP500TR,2015-11-04,3915.52
^SP500TR,2015-11-05,3911.8899
^SP500TR,2015-11-06,3910.98
^SP500TR,2015-11-09,3873.3701
^SP500TR,2015-11-10,3880.23
^SP500TR,2015-11-11,3867.71
^SP500TR,2015-11-12,3814.29
^SP500TR,2015-11-13,3771.5901
^SP500TR,2015-11-16,3828.46
^SP500TR,2015-11-17,3824.1399
^SP500TR,2015-11-18,3886.26
^SP500TR,2015-11-19,3882.0601
^SP500TR,2015-11-20,3897.45
^SP500TR,2015-11-23,3892.8
^SP500TR,2015-11-24,3897.6699
^SP500TR,2015-11-25,3897.5701
^SP500TR,2015-11-27,3900.74
^SP500TR,2015-11-30,3882.8401
^SP500TR,2015-12-01,3924.6299
^SP500TR,2015-12-02,3882.3799
^SP500TR,2015-12-03,3826.74
^SP500TR,2015-12-04,3905.3101
^SP500TR,2015-12-07,3878.3101
^SP500TR,2015-12-08,3853.48
^SP500TR,2015-12-09,3823.8999
^SP500TR,2015-12-10,3832.9299
^SP500TR,2015-12-11,3759.0901
^SP500TR,2015-12-14,3777.22
^SP500TR,2015-12-15,3817.3601
^SP500TR,2015-12-16,3873.1201
^SP500TR,2015-12-17,3815.46
^SP500TR,2015-12-18,3747.5601
^SP500TR,2015-12-21,3777.1499
^SP500TR,2015-12-22,3810.8501
^SP500TR,2015-12-23,3858.47
^SP500TR,2015-12-24,3852.3101
^SP500TR,2015-12-28,3843.9399
^SP500TR,2015-12-29,3885.55
^SP500TR,2015-12-30,3857.8999
^SP500TR,2015-12-31,3821.6001
^SP500TR,2016-01-04,3763.99
^SP500TR,2016-01-05,3771.5701
^SP500TR,2016-01-06,3723.4399
^SP500TR,2016-01-07,3635.29
^SP500TR,2016-01-08,3595.9099
^SP500TR,2016-01-11,3598.97
^SP500TR,2016-01-12,3627.0601
^SP500TR,2016-01-13,3536.9199
^SP500TR,2016-01-14,3596.03
^SP500TR,2016-01-15,3518.51
^SP500TR,2016-01-19,3520.3999
^SP500TR,2016-01-20,3479.75
^SP500TR,2016-01-21,3497.9399
^SP500TR,2016-01-22,3568.8999
^SP500TR,2016-01-25,3513.1101
^SP500TR,2016-01-26,3562.8101
^SP500TR,2016-01-27,3524.3301
^SP500TR,2016-01-28,3544.1299
^SP500TR,2016-01-29,3631.96
^SP500TR,2016-02-01,3630.46
^SP500TR,2016-02-02,3562.52
^SP500TR,2016-02-03,3581.53
^SP500TR,2016-02-04,3587.71
^SP500TR,2016-02-05,3521.6001
^SP500TR,2016-02-08,3472.0801
^SP500TR,2016-02-09,3470.5
^SP500TR,2016-02-10,3471.04
^SP500TR,2016-02-11,3428.99
^SP500TR,2016-02-12,3496.28
^SP500TR,2016-02-16,3555.2
^SP500TR,2016-02-17,3614.1599
^SP500TR,2016-02-18,3597.49
^SP500TR,2016-02-19,3597.9199
^SP500TR,2016-02-22,3649.9199
^SP500TR,2016-02-23,3604.6799
^SP500TR,2016-02-24,3620.8701
^SP500TR,2016-02-25,3662.8401
^SP500TR,2016-02-26,3656.4199
^SP500TR,2016-02-29,3627.0601
^SP500TR,2016-03-01,3713.7
^SP500TR,2016-03-02,3729.5901
^SP500TR,2016-03-03,3743.02
^SP500TR,2016-03-04,3755.47
^SP500TR,2016-03-07,3759.05
^SP500TR,2016-03-08,3717.49
^SP500TR,2016-03-09,3736.9199
^SP500TR,2016-03-10,3737.74
^SP500TR,2016-03-11,3800.0701
^SP500TR,2016-03-14,3795.53
^SP500TR,2016-03-15,3788.6201
^SP500TR,2016-03-16,3810.0901
^SP500TR,2016-03-17,3835.26
^SP500TR,2016-03-18,3852.1499
^SP500TR,2016-03-21,3855.97
^SP500TR,2016-03-22,3853.1799
^SP500TR,2016-03-23,3828.5801
^SP500TR,2016-03-24,3827.1399
^SP500TR,2016-03-28,3829.26
^SP500TR,2016-03-29,3863.8
^SP500TR,2016-03-30,3881.01
^SP500TR,2016-03-31,3873.1101
^SP500TR,2016-04-01,3897.6599
^SP500TR,2016-04-04,3886.0
^SP500TR,2016-04-05,3846.5901
^SP500TR,2016-04-06,3888.4099
^SP500TR,2016-04-07,3841.98
^SP500TR,2016-04-08,3852.72
^SP500TR,2016-04-11,3842.1699
^SP500TR,2016-04-12,3879.4199
^SP500TR,2016-04-13,3918.95
^SP500TR,2016-04-14,3920.03
^SP500TR,2016-04-15,3916.1699
^SP500TR,2016-04-18,3941.8601
^SP500TR,2016-04-19,3954.01
^SP500TR,2016-04-20,3957.25
^SP500TR,2016-04-21,3936.8
^SP500TR,2016-04-22,3937.0
^SP500TR,2016-04-25,3929.8799
^SP500TR,2016-04-26,3937.23
^SP500TR,2016-04-27,3944.02
^SP500TR,2016-04-28,3907.8799
^SP500TR,2016-04-29,3888.1299
^SP500TR,2016-05-02,3918.53
^SP500TR,2016-05-03,3884.6299
^SP500TR,2016-05-04,3862.3999
^SP500TR,2016-05-05,3862.3999
^SP500TR,2016-05-06,3875.1799
^SP500TR,2016-05-09,3878.1399
^SP500TR,2016-05-10,3926.6299
^SP500TR,2016-05-11,3891.1299
^SP500TR,2016-05-12,3890.8501
^SP500TR,2016-05-13,3858.1699
^SP500TR,2016-05-16,3896.3601
^SP500TR,2016-05-17,3860.8799
^SP500TR,2016-05-18,3862.25
^SP500TR,2016-05-19,3847.97
^SP500TR,2016-05-20,3871.75
^SP500TR,2016-05-23,3863.8201
^SP500TR,2016-05-24,3916.77
^SP500TR,2016-05-25,3944.3301
^SP500TR,2016-05-26,3944.05
^SP500TR,2016-05-27,3961.6699
^SP500TR,2016-05-31,3957.95
^SP500TR,2016-06-01,3963.1001
^SP500TR,2016-06-02,3974.76
^SP500TR,2016-06-03,3963.23
^SP500TR,2016-06-06,3982.74
^SP500TR,2016-06-07,3987.96
^SP500TR,2016-06-08,4001.98
^SP500TR,2016-06-09,3995.28
^SP500TR,2016-06-10,3958.6799
^SP500TR,2016-06-13,3927.73
^SP500TR,2016-06-14,3920.9299
^SP500TR,2016-06-15,3914.02
^SP500TR,2016-06-16,3926.9299
^SP500TR,2016-06-17,3914.1499
^SP500TR,2016-06-20,3936.9099
^SP500TR,2016-06-21,3947.9399
^SP500TR,2016-06-22,3941.45
^SP500TR,2016-06-23,3994.1799
^SP500TR,2016-06-24,3850.7
^SP500TR,2016-06-27,3781.02
^SP500TR,2016-06-28,3849.05
^SP500TR,2016-06-29,3915.1001
^SP500TR,2016-06-30,3968.21
^SP500TR,2016-07-01,3976.6799
^SP500TR,2016-07-05,3949.72
^SP500TR,2016-07-06,3972.26
^SP500TR,2016-07-07,3969.1899
^SP500TR,2016-07-08,4029.75
^SP500TR,2016-07-11,4043.49
^SP500TR,2016-07-12,4071.8501
^SP500TR,2016-07-13,4072.77
^SP500TR,2016-07-14,4094.28
^SP500TR,2016-07-15,4090.49
^SP500TR,2016-07-18,4100.3999
^SP500TR,2016-07-19,4094.6101
^SP500TR,2016-07-20,4112.6099
^SP500TR,2016-07-21,4097.8198
^SP500TR,2016-07-22,4116.5
^SP500TR,2016-07-25,4104.1299
^SP500TR,2016-07-26,4105.5698
^SP500TR,2016-07-27,4100.8101
^SP500TR,2016-07-28,4107.75
^SP500TR,2016-07-29,4114.5098
^SP500TR,2016-08-01,4109.2798
^SP500TR,2016-08-02,4083.25
^SP500TR,2016-08-03,4097.2998
^SP500TR,2016-08-04,4099.21
^SP500TR,2016-08-05,4134.5601
^SP500TR,2016-08-08,4131.1899
^SP500TR,2016-08-09,4132.96
^SP500TR,2016-08-10,4122.6499
^SP500TR,2016-08-11,4142.7202
^SP500TR,2016-08-12,4139.6299
^SP500TR,2016-08-15,4151.6899
^SP500TR,2016-08-16,4129.6802
^SP500TR,2016-08-17,4138.4199
^SP500TR,2016-08-18,4147.6401
^SP500TR,2016-08-19,4142.23
^SP500TR,2016-08-22,4139.9702
^SP500TR,2016-08-23,4148.1602
^SP500TR,2016-08-24,4126.6499
^SP500TR,2016-08-25,4121.0898
^SP500TR,2016-08-26,4114.6802
^SP500TR,2016-08-29,4136.75
^SP500TR,2016-08-30,4129.3398
^SP500TR,2016-08-31,4120.29
^SP500TR,2016-09-01,4120.1699
^SP500TR,2016-09-02,4137.7002
^SP500TR,2016-09-06,4150.1099
^SP500TR,2016-09-07,4150.5098
^SP500TR,2016-09-08,4141.46
^SP500TR,2016-09-09,4039.95
^SP500TR,2016-09-12,4099.4702
^SP500TR,2016-09-13,4039.9199
^SP500TR,2016-09-14,4037.8301
^SP500TR,2016-09-15,4079.3201
^SP500TR,2016-09-16,4063.97
^SP500TR,2016-09-19,4063.9399
^SP500TR,2016-09-20,4065.2
^SP500TR,2016-09-21,4109.6299
^SP500TR,2016-09-22,4136.4102
^SP500TR,2016-09-23,4112.6899
^SP500TR,2016-09-26,4077.71
^SP500TR,2016-09-27,4104.1802
^SP500TR,2016-09-28,4126.8301
^SP500TR,2016-09-29,4088.47
^SP500TR,2016-09-30,4121.0601
^SP500TR,2016-10-03,4108.1299
^SP500TR,2016-10-04,4088.1699
^SP500TR,2016-10-05,4107.3999
^SP500TR,2016-10-06,4109.4902
^SP500TR,2016-10-07,4096.25
^SP500TR,2016-10-10,4115.1201
^SP500TR,2016-10-11,4063.9199
^SP500TR,2016-10-12,4068.9199
^SP500TR,2016-10-13,4056.45
^SP500TR,2016-10-14,4057.28
^SP500TR,2016-10-17,4045.0701
^SP500TR,2016-10-18,4069.99
^SP500TR,2016-10-19,4079.5
^SP500TR,2016-10-20,4074.1799
^SP500TR,2016-10-21,4073.8501
^SP500TR,2016-10-24,4093.22
^SP500TR,2016-10-25,4077.8
^SP500TR,2016-10-26,4070.76
^SP500TR,2016-10-27,4058.75
^SP500TR,2016-10-28,4046.3601
^SP500TR,2016-10-31,4045.8899
^SP500TR,2016-11-01,4018.47
^SP500TR,2016-11-02,3992.76
^SP500TR,2016-11-03,3976.5601
^SP500TR,2016-11-04,3970.02
^SP500TR,2016-11-07,4058.3
^SP500TR,2016-11-08,4075.6101
^SP500TR,2016-11-09,4121.0298
^SP500TR,2016-11-10,4129.46
^SP500TR,2016-11-11,4123.6899
^SP500TR,2016-11-14,4123.8101
^SP500TR,2016-11-15,4155.6201
^SP500TR,2016-11-16,4150.21
^SP500TR,2016-11-17,4169.8701
^SP500TR,2016-11-18,4160.5801
^SP500TR,2016-11-21,4191.6802
^SP500TR,2016-11-22,4200.9502
^SP500TR,2016-11-23,4204.4902
^SP500TR,2016-11-25,4221.02
^SP500TR,2016-11-28,4199.3901
^SP500TR,2016-11-29,4205.9902
^SP500TR,2016-11-30,4195.73
^SP500TR,2016-12-01,4181.1499
^SP500TR,2016-12-02,4182.8101
^SP500TR,2016-12-05,4207.5698
^SP500TR,2016-12-06,4222.04
^SP500TR,2016-12-07,4278.4399
^SP500TR,2016-12-08,4288.1001
^SP500TR,2016-12-09,4313.6099
^SP500TR,2016-12-12,4308.9399
^SP500TR,2016-12-13,4337.8599
^SP500TR,2016-12-14,4302.9302
^SP500TR,2016-12-15,4319.8398
^SP500TR,2016-12-16,4312.3999
^SP500TR,2016-12-19,4321.02
^SP500TR,2016-12-20,4337.3599
^SP500TR,2016-12-21,4326.8501
^SP500TR,2016-12-22,4319.3301
^SP500TR,2016-12-23,4325.1699
^SP500TR,2016-12-27,4334.9302
^SP500TR,2016-12-28,4299.4502
^SP500TR,2016-12-29,4298.3901
^SP500TR,2016-12-30,4278.6602
^SP500TR,2017-01-03,4315.0801
^SP500TR,2017-01-04,4340.75
^SP500TR,2017-01-05,4337.4502
^SP500TR,2017-01-06,4354.0498
^SP500TR,2017-01-09,4338.6201
^SP500TR,2017-01-10,4338.6401
^SP500TR,2017-01-11,4351.3198
^SP500TR,2017-01-12,4342.0898
^SP500TR,2017-01-13,4350.1099
^SP500TR,2017-01-17,4337.2002
^SP500TR,2017-01-18,4345.5698
^SP500TR,2017-01-19,4329.96
^SP500TR,2017-01-20,4344.6699
^SP500TR,2017-01-23,4333.1001
^SP500TR,2017-01-24,4361.5601
^SP500TR,2017-01-25,4396.5698
^SP500TR,2017-01-26,4393.4302
^SP500TR,2017-01-27,4389.8501
^SP500TR,2017-01-30,4363.6699
^SP500TR,2017-01-31,4359.8101
^SP500TR,2017-02-01,4362.1001
^SP500TR,2017-02-02,4364.8501
^SP500TR,2017-02-03,4396.9502
^SP500TR,2017-02-06,4387.6699
^SP500TR,2017-02-07,4388.8701
^SP500TR,2017-02-08,4393.3101
^SP500TR,2017-02-09,4419.3999
^SP500TR,2017-02-10,4435.4199
^SP500TR,2017-02-13,4459.8301
^SP500TR,2017-02-14,4478.98
^SP500TR,2017-02-15,4501.9902
^SP500TR,2017-02-16,4498.5601
^SP500TR,2017-02-17,4506.2002
^SP500TR,2017-02-21,4533.46
^SP500TR,2017-02-22,4528.9702
^SP500TR,2017-02-23,4531.3901
^SP500TR,2017-02-24,4539.25
^SP500TR,2017-02-27,4544.5098
^SP500TR,2017-02-28,4532.9302
^SP500TR,2017-03-01,4595.73
^SP500TR,2017-03-02,4569.1699
^SP500TR,2017-03-03,4571.6001
^SP500TR,2017-03-06,4556.7202
^SP500TR,2017-03-07,4543.75
^SP500TR,2017-03-08,4534.6802
^SP500TR,2017-03-09,4538.3599
^SP500TR,2017-03-10,4553.2798
^SP500TR,2017-03-13,4556.4399
^SP500TR,2017-03-14,4541.2598
^SP500TR,2017-03-15,4579.4399
^SP500TR,2017-03-16,4572.1602
^SP500TR,2017-03-17,4566.1699
^SP500TR,2017-03-20,4557.1201
^SP500TR,2017-03-21,4500.98
^SP500TR,2017-03-22,4509.6499
^SP500TR,2017-03-23,4504.9199
^SP500TR,2017-03-24,4501.1099
^SP500TR,2017-03-27,4496.5298
^SP500TR,2017-03-28,4529.1699
^SP500TR,2017-03-29,4535.0098
^SP500TR,2017-03-30,4548.46
^SP500TR,2017-03-31,4538.21
^SP500TR,2017-04-03,4530.98
^SP500TR,2017-04-04,4534.25
^SP500TR,2017-04-05,4520.8599
^SP500TR,2017-04-06,4530.9302
^SP500TR,2017-04-07,4527.2002
^SP500TR,2017-04-10,4530.5698
^SP500TR,2017-04-11,4524.71
^SP500TR,2017-04-12,4507.7598
^SP500TR,2017-04-13,4477.0698
^SP500TR,2017-04-17,4515.6499
^SP500TR,2017-04-18,4502.6602
^SP500TR,2017-04-19,4495.5601
^SP500TR,2017-04-20,4529.6499
^SP500TR,2017-04-21,4515.8999
^SP500TR,2017-04-24,4564.9302
^SP500TR,2017-04-25,4592.7402
^SP500TR,2017-04-26,4590.5601
^SP500TR,2017-04-27,4593.5698
^SP500TR,2017-04-28,4584.8198
^SP500TR,2017-05-01,4592.7798
^SP500TR,2017-05-02,4598.2402
^SP500TR,2017-05-03,4593.3198
^SP500TR,2017-05-04,4596.2402
^SP500TR,2017-05-05,4615.0898
^SP500TR,2017-05-08,4615.73
^SP500TR,2017-05-09,4611.21
^SP500TR,2017-05-10,4618.1899
^SP500TR,2017-05-11,4609.6899
^SP500TR,2017-05-12,4602.96
^SP500TR,2017-05-15,4625.5098
^SP500TR,2017-05-16,4623.2598
^SP500TR,2017-05-17,4540.5801
^SP500TR,2017-05-18,4557.4102
^SP500TR,2017-05-19,4588.3501
^SP500TR,2017-05-22,4612.1201
^SP500TR,2017-05-23,4620.7002
^SP500TR,2017-05-24,4632.3701
^SP500TR,2017-05-25,4653.5898
^SP500TR,2017-05-26,4655.6499
^SP500TR,2017-05-30,4650.7598
^SP500TR,2017-05-31,4649.3398
^SP500TR,2017-06-01,4685.1099
^SP500TR,2017-06-02,4702.5601
^SP500TR,2017-06-05,4697.0
^SP500TR,2017-06-06,4683.96
^SP500TR,2017-06-07,4692.29
^SP500TR,2017-06-08,4693.6699
^SP500TR,2017-06-09,4689.79
^SP500TR,2017-06-12,4685.54
^SP500TR,2017-06-13,4707.8799
^SP500TR,2017-06-14,4703.5298
^SP500TR,2017-06-15,4693.8599
^SP500TR,2017-06-16,4695.23
^SP500TR,2017-06-19,4734.48
^SP500TR,2017-06-20,4702.8198
^SP500TR,2017-06-21,4700.5
^SP500TR,2017-06-22,4698.3999
^SP500TR,2017-06-23,4705.73
^SP500TR,2017-06-26,4707.27
^SP500TR,2017-06-27,4669.27
^SP500TR,2017-06-28,4711.3301
^SP500TR,2017-06-29,4670.96
^SP500TR,2017-06-30,4678.3599
^SP500TR,2017-07-03,4689.6099
^SP500TR,2017-07-05,4697.3398
^SP500TR,2017-07-06,4655.02
^SP500TR,2017-07-07,4684.8799
^SP500TR,2017-07-10,4689.25
^SP500TR,2017-07-11,4685.6401
^SP500TR,2017-07-12,4720.2798
^SP500TR,2017-07-13,4729.25
^SP500TR,2017-07-14,4751.4302
^SP500TR,2017-07-17,4751.3301
^SP500TR,2017-07-18,4754.27
^SP500TR,2017-07-19,4780.25
^SP500TR,2017-07-20,4779.8398
^SP500TR,2017-07-21,4778.0698
^SP500TR,2017-07-24,4773.1001
^SP500TR,2017-07-25,4787.04
^SP500TR,2017-07-26,4788.4102
^SP500TR,2017-07-27,4784.2598
^SP500TR,2017-07-28,4778.02
^SP500TR,2017-07-31,4774.5601
^SP500TR,2017-08-01,4786.27
^SP500TR,2017-08-02,4789.54
^SP500TR,2017-08-03,4779.9902
^SP500TR,2017-08-04,4789.1099
^SP500TR,2017-08-07,4797.1299
^SP500TR,2017-08-08,4786.1201
^SP500TR,2017-08-09,4784.9399
^SP500TR,2017-08-10,4717.3999
^SP500TR,2017-08-11,4723.73
^SP500TR,2017-08-14,4771.4302
^SP500TR,2017-08-15,4770.1499
^SP500TR,2017-08-16,4778.2798
^SP500TR,2017-08-17,4704.73
^SP500TR,2017-08-18,4696.2202
^SP500TR,2017-08-21,4701.8198
^SP500TR,2017-08-22,4748.73
^SP500TR,2017-08-23,4732.7598
^SP500TR,2017-08-24,4723.0298
^SP500TR,2017-08-25,4731.46
^SP500TR,2017-08-28,4733.9702
^SP500TR,2017-08-29,4738.6201
^SP500TR,2017-08-30,4761.7202
^SP500TR,2017-08-31,4789.1802
^SP500TR,2017-09-01,4798.9902
^SP500TR,2017-09-05,4762.75
^SP500TR,2017-09-06,4777.6899
^SP500TR,2017-09-07,4777.9302
^SP500TR,2017-09-08,4771.02
^SP500TR,2017-09-11,4822.7998
^SP500TR,2017-09-12,4839.3101
^SP500TR,2017-09-13,4843.04
^SP500TR,2017-09-14,4839.29
^SP500TR,2017-09-15,4848.8398
^SP500TR,2017-09-18,4856.0801
^SP500TR,2017-09-19,4861.52
^SP500TR,2017-09-20,4864.6099
^SP500TR,2017-09-21,4849.9502
^SP500TR,2017-09-22,4853.2002
^SP500TR,2017-09-25,4842.4102
^SP500TR,2017-09-26,4843.1401
^SP500TR,2017-09-27,4862.9302
^SP500TR,2017-09-28,4869.8101
^SP500TR,2017-09-29,4887.9702
^SP500TR,2017-10-02,4906.9199
^SP500TR,2017-10-03,4917.73
^SP500TR,2017-10-04,4924.1899
^SP500TR,2017-10-05,4952.8501
^SP500TR,2017-10-06,4949.0898
^SP500TR,2017-10-09,4940.1602
^SP500TR,2017-10-10,4951.77
^SP500TR,2017-10-11,4960.79
^SP500TR,2017-10-12,4952.8501
^SP500TR,2017-10-13,4957.27
^SP500TR,2017-10-16,4966.0498
^SP500TR,2017-10-17,4969.3799
^SP500TR,2017-10-18,4973.2798
^SP500TR,2017-10-19,4975.3198
^SP500TR,2017-10-20,5001.1099
^SP500TR,2017-10-23,4981.3701
^SP500TR,2017-10-24,4989.5601
^SP500TR,2017-10-25,4966.29
^SP500TR,2017-10-26,4972.6001
^SP500TR,2017-10-27,5012.75
^SP500TR,2017-10-30,4997.1499
^SP500TR,2017-10-31,5002.0298
^SP500TR,2017-11-01,5009.9902
^SP500TR,2017-11-02,5011.48
^SP500TR,2017-11-03,5027.4902
^SP500TR,2017-11-06,5034.2998
^SP500TR,2017-11-07,5033.3799
^SP500TR,2017-11-08,5040.7402
^SP500TR,2017-11-09,5023.0098
^SP500TR,2017-11-10,5020.3101
^SP500TR,2017-11-13,5025.3599
^SP500TR,2017-11-14,5014.5298
^SP500TR,2017-11-15,4987.96
^SP500TR,2017-11-16,5030.48
^SP500TR,2017-11-17,5017.4502
^SP500TR,2017-11-20,5024.0098
^SP500TR,2017-11-21,5056.9502
^SP500TR,2017-11-22,5053.6001
^SP500TR,2017-11-24,5064.23
^SP500TR,2017-11-27,5062.8501
^SP500TR,2017-11-28,5112.9102
^SP500TR,2017-11-29,5111.6802
^SP500TR,2017-11-30,5155.4399
^SP500TR,2017-12-01,5145.21
^SP500TR,2017-12-04,5139.9102
^SP500TR,2017-12-05,5120.9199
^SP500TR,2017-12-06,5120.46
^SP500TR,2017-12-07,5136.3701
^SP500TR,2017-12-08,5165.1899
^SP500TR,2017-12-11,5181.75
^SP500TR,2017-12-12,5189.96
^SP500TR,2017-12-13,5187.6802
^SP500TR,2017-12-14,5167.4502
^SP500TR,2017-12-15,5214.1001
^SP500TR,2017-12-18,5242.2798
^SP500TR,2017-12-19,5225.4302
^SP500TR,2017-12-20,5221.79
^SP500TR,2017-12-21,5232.1602
^SP500TR,2017-12-22,5229.79
^SP500TR,2017-12-26,5224.5098
^SP500TR,2017-12-27,5229.0098
^SP500TR,2017-12-28,5239.5898
^SP500TR,2017-12-29,5212.7598
^SP500TR,2018-01-02,5256.2798
^SP500TR,2018-01-03,5289.9199
^SP500TR,2018-01-04,5312.3301
^SP500TR,2018-01-05,5349.6899
^SP500TR,2018-01-08,5358.6802
^SP500TR,2018-01-09,5367.2598
^SP500TR,2018-01-10,5361.3301
^SP500TR,2018-01-11,5399.46
^SP500TR,2018-01-12,5435.9199
^SP500TR,2018-01-16,5416.8599
^SP500TR,2018-01-17,5467.8501
^SP500TR,2018-01-18,5459.5
^SP500TR,2018-01-19,5483.5698
^SP500TR,2018-01-22,5527.8901
^SP500TR,2018-01-23,5540.1299
^SP500TR,2018-01-24,5537.0298
^SP500TR,2018-01-25,5540.3799
^SP500TR,2018-01-26,5606.0801
^SP500TR,2018-01-29,5568.6699
^SP500TR,2018-01-30,5508.3599
^SP500TR,2018-01-31,5511.21
^SP500TR,2018-02-01,5508.7002
^SP500TR,2018-02-02,5392.21
^SP500TR,2018-02-05,5171.2598
^SP500TR,2018-02-06,5262.02
^SP500TR,2018-02-07,5235.8398
^SP500TR,2018-02-08,5040.0601
^SP500TR,2018-02-09,5116.9902
^SP500TR,2018-02-12,5188.3701
^SP500TR,2018-02-13,5202.2202
^SP500TR,2018-02-14,5273.4302
^SP500TR,2018-02-15,5338.3501
^SP500TR,2018-02-16,5340.8198
^SP500TR,2018-02-20,5309.9902
^SP500TR,2018-02-21,5280.9102
^SP500TR,2018-02-22,5286.4902
^SP500TR,2018-02-23,5371.5601
^SP500TR,2018-02-26,5435.3799
^SP500TR,2018-02-27,5367.0898
^SP500TR,2018-02-28,5308.0898
^SP500TR,2018-03-01,5238.1802
^SP500TR,2018-03-02,5265.2402
^SP500TR,2018-03-05,5323.3599
^SP500TR,2018-03-06,5337.6899
^SP500TR,2018-03-07,5335.4702
^SP500TR,2018-03-08,5360.73
^SP500TR,2018-03-09,5454.0298
^SP500TR,2018-03-12,5447.1001
^SP500TR,2018-03-13,5412.75
^SP500TR,2018-03-14,5383.27
^SP500TR,2018-03-15,5379.3901
^SP500TR,2018-03-16,5388.7402
^SP500TR,2018-03-19,5312.23
^SP500TR,2018-03-20,5320.2002
^SP500TR,2018-03-21,5310.96
^SP500TR,2018-03-22,5177.52
^SP500TR,2018-03-23,5069.0298
^SP500TR,2018-03-26,5206.6899
^SP500TR,2018-03-27,5116.75
^SP500TR,2018-03-28,5102.6899
^SP500TR,2018-03-29,5173.1899
^SP500TR,2018-04-02,5057.6899
^SP500TR,2018-04-03,5121.7002
^SP500TR,2018-04-04,5181.3101
^SP500TR,2018-04-05,5217.6201
^SP500TR,2018-04-06,5103.3501
^SP500TR,2018-04-09,5121.8999
^SP500TR,2018-04-10,5207.73
^SP500TR,2018-04-11,5179.1899
^SP500TR,2018-04-12,5222.5498
^SP500TR,2018-04-13,5207.5698
^SP500TR,2018-04-16,5249.9399
^SP500TR,2018-04-17,5305.8999
^SP500TR,2018-04-18,5310.3198
^SP500TR,2018-04-19,5280.5698
^SP500TR,2018-04-20,5235.75
^SP500TR,2018-04-23,5236.04
^SP500TR,2018-04-24,5166.1001
^SP500TR,2018-04-25,5175.5898
^SP500TR,2018-04-26,5229.6099
^SP500TR,2018-04-27,5235.73
^SP500TR,2018-04-30,5193.04
^SP500TR,2018-05-01,5206.3101
^SP500TR,2018-05-02,5168.79
^SP500TR,2018-05-03,5157.7002
^SP500TR,2018-05-04,5224.71
^SP500TR,2018-05-07,5242.8701
^SP500TR,2018-05-08,5241.5298
^SP500TR,2018-05-09,5292.8999
^SP500TR,2018-05-10,5343.7002
^SP500TR,2018-05-11,5354.6899
^SP500TR,2018-05-14,5359.6602
^SP500TR,2018-05-15,5323.23
^SP500TR,2018-05-16,5346.3301
^SP500TR,2018-05-17,5343.29
^SP500TR,2018-05-18,5329.6602
^SP500TR,2018-05-21,5369.1899
^SP500TR,2018-05-22,5352.4502
^SP500TR,2018-05-23,5369.9902
^SP500TR,2018-05-24,5359.3198
^SP500TR,2018-05-25,5347.3101
^SP500TR,2018-05-29,5285.7002
^SP500TR,2018-05-30,5353.7598
^SP500TR,2018-05-31,5318.1001
^SP500TR,2018-06-01,5376.29
^SP500TR,2018-06-04,5400.5
^SP500TR,2018-06-05,5404.6201
^SP500TR,2018-06-06,5451.0898
^SP500TR,2018-06-07,5448.1802
^SP500TR,2018-06-08,5465.4199
^SP500TR,2018-06-11,5471.29
^SP500TR,2018-06-12,5481.0698
^SP500TR,2018-06-13,5459.21
^SP500TR,2018-06-14,5474.3701
^SP500TR,2018-06-15,5469.3701
^SP500TR,2018-06-18,5457.8301
^SP500TR,2018-06-19,5436.1299
^SP500TR,2018-06-20,5445.4302
^SP500TR,2018-06-21,5411.3999
^SP500TR,2018-06-22,5421.6299
^SP500TR,2018-06-25,5347.23
^SP500TR,2018-06-26,5359.0098
^SP500TR,2018-06-27,5312.8901
^SP500TR,2018-06-28,5346.4399
^SP500TR,2018-06-29,5350.8301
^SP500TR,2018-07-02,5367.4902
^SP500TR,2018-07-03,5340.9302
^SP500TR,2018-07-05,5388.2798
^SP500TR,2018-07-06,5434.3599
^SP500TR,2018-07-09,5483.8901
^SP500TR,2018-07-10,5503.0498
^SP500TR,2018-07-11,5464.0098
^SP500TR,2018-07-12,5512.3599
^SP500TR,2018-07-13,5518.3301
^SP500TR,2018-07-16,5512.9199
^SP500TR,2018-07-17,5534.9102
^SP500TR,2018-07-18,5546.8599
^SP500TR,2018-07-19,5525.5098
^SP500TR,2018-07-20,5520.5
^SP500TR,2018-07-23,5530.6602
^SP500TR,2018-07-24,5557.3701
^SP500TR,2018-07-25,5607.9902
^SP500TR,2018-07-26,5590.9902
^SP500TR,2018-07-27,5554.3101
^SP500TR,2018-07-30,5522.8101
^SP500TR,2018-07-31,5549.96
^SP500TR,2018-08-01,5544.1899
^SP500TR,2018-08-02,5572.0801
^SP500TR,2018-08-03,5598.71
^SP500TR,2018-08-06,5619.0498
^SP500TR,2018-08-07,5634.98
^SP500TR,2018-08-08,5633.6699
^SP500TR,2018-08-09,5627.0
^SP500TR,2018-08-10,5588.6602
^SP500TR,2018-08-13,5566.3599
^SP500TR,2018-08-14,5602.4102
^SP500TR,2018-08-15,5560.8501
^SP500TR,2018-08-16,5606.5601
^SP500TR,2018-08-17,5625.6602
^SP500TR,2018-08-20,5639.5298
^SP500TR,2018-08-21,5651.3901
^SP500TR,2018-08-22,5649.3101
^SP500TR,2018-08-23,5640.1001
^SP500TR,2018-08-24,5675.1201
^SP500TR,2018-08-27,5719.2998
^SP500TR,2018-08-28,5720.8901
^SP500TR,2018-08-29,5754.0
^SP500TR,2018-08-30,5729.4502
^SP500TR,2018-08-31,5730.7998
^SP500TR,2018-09-04,5721.8599
^SP500TR,2018-09-05,5705.8599
^SP500TR,2018-09-06,5686.7002
^SP500TR,2018-09-07,5674.5801
^SP500TR,2018-09-10,5685.3398
^SP500TR,2018-09-11,5706.9902
^SP500TR,2018-09-12,5709.0801
^SP500TR,2018-09-13,5740.75
^SP500TR,2018-09-14,5743.1899
^SP500TR,2018-09-17,5711.29
^SP500TR,2018-09-18,5742.1802
^SP500TR,2018-09-19,5749.3901
^SP500TR,2018-09-20,5794.7202
^SP500TR,2018-09-21,5792.7202
^SP500TR,2018-09-24,5772.3599
^SP500TR,2018-09-25,5765.25
^SP500TR,2018-09-26,5746.27
^SP500TR,2018-09-27,5763.2202
^SP500TR,2018-09-28,5763.4199
^SP500TR,2018-10-01,5784.4502
^SP500TR,2018-10-02,5782.3701
^SP500TR,2018-10-03,5786.48
^SP500TR,2018-10-04,5740.5601
^SP500TR,2018-10-05,5708.8999
^SP500TR,2018-10-08,5706.6602
^SP500TR,2018-10-09,5700.23
^SP500TR,2018-10-10,5512.9399
^SP500TR,2018-10-11,5399.54
^SP500TR,2018-10-12,5476.8301
^SP500TR,2018-10-15,5444.6099
^SP500TR,2018-10-16,5561.7998
^SP500TR,2018-10-17,5560.6201
^SP500TR,2018-10-18,5481.1299
^SP500TR,2018-10-19,5479.2998
^SP500TR,2018-10-22,5455.8799
^SP500TR,2018-10-23,5426.0801
^SP500TR,2018-10-24,5258.6099
^SP500TR,2018-10-25,5356.54
^SP500TR,2018-10-26,5263.7402
^SP500TR,2018-10-29,5229.2798
^SP500TR,2018-10-30,5311.6699
^SP500TR,2018-10-31,5369.4902
^SP500TR,2018-11-01,5426.3301
^SP500TR,2018-11-02,5392.5298
^SP500TR,2018-11-05,5422.8799
^SP500TR,2018-11-06,5457.25
^SP500TR,2018-11-07,5573.0601
^SP500TR,2018-11-08,5562.0
^SP500TR,2018-11-09,5511.79
^SP500TR,2018-11-12,5403.1899
^SP500TR,2018-11-13,5395.3701
^SP500TR,2018-11-14,5355.9399
^SP500TR,2018-11-15,5414.4302
^SP500TR,2018-11-16,5426.8599
^SP500TR,2018-11-19,5336.7002
^SP500TR,2018-11-20,5240.23
^SP500TR,2018-11-21,5256.6099
^SP500TR,2018-11-23,5222.4302
^SP500TR,2018-11-26,5304.1699
^SP500TR,2018-11-27,5321.52
^SP500TR,2018-11-28,5444.1201
^SP500TR,2018-11-29,5433.4902
^SP500TR,2018-11-30,5478.9102
^SP500TR,2018-12-03,5538.8599
^SP500TR,2018-12-04,5359.9102
^SP500TR,2018-12-06,5353.4302
^SP500TR,2018-12-07,5229.4399
^SP500TR,2018-12-10,5238.7002
^SP500TR,2018-12-11,5237.1001
^SP500TR,2018-12-12,5265.5298
^SP500TR,2018-12-13,5265.46
^SP500TR,2018-12-14,5165.6001
^SP500TR,2018-12-17,5058.5801
^SP500TR,2018-12-18,5059.3398
^SP500TR,2018-12-19,4981.9199
^SP500TR,2018-12-20,4903.46
^SP500TR,2018-12-21,4802.5098
^SP500TR,2018-12-24,4672.6602
^SP500TR,2018-12-26,4904.4902
^SP500TR,2018-12-27,4946.9399
^SP500TR,2018-12-28,4941.6099
^SP500TR,2018-12-31,4984.2202
^SP500TR,2019-01-02,4990.5601
^SP500TR,2019-01-03,4868.2998
^SP500TR,2019-01-04,5035.4502
^SP500TR,2019-01-07,5070.7598
^SP500TR,2019-01-08,5120.04
^SP500TR,2019-01-09,5142.6602
^SP500TR,2019-01-10,5165.8901
^SP500TR,2019-01-11,5165.1499
^SP500TR,2019-01-14,5138.5801
^SP500TR,2019-01-15,5193.7798
^SP500TR,2019-01-16,5205.4502
^SP500TR,2019-01-17,5245.48
^SP500TR,2019-01-18,5314.7798
^SP500TR,2019-01-22,5239.75
^SP500TR,2019-01-23,5251.29
^SP500TR,2019-01-24,5258.6899
^SP500TR,2019-01-25,5303.5098
^SP500TR,2019-01-28,5261.8799
^SP500TR,2019-01-29,5254.3101
^SP500TR,2019-01-30,5336.6001
^SP500TR,2019-01-31,5383.6299
^SP500TR,2019-02-01,5389.1899
^SP500TR,2019-02-04,5425.7998
^SP500TR,2019-02-05,5451.3999
^SP500TR,2019-02-06,5439.7998
^SP500TR,2019-02-07,5389.6899
^SP500TR,2019-02-08,5395.1201
^SP500TR,2019-02-11,5399.0
^SP500TR,2019-02-12,5468.98
^SP500TR,2019-02-13,5485.9702
^SP500TR,2019-02-14,5473.3301
^SP500TR,2019-02-15,5533.27
^SP500TR,2019-02-19,5541.98
^SP500TR,2019-02-20,5552.8999
^SP500TR,2019-02-21,5533.7998
^SP500TR,2019-02-22,5569.4502
^SP500TR,2019-02-25,5577.0898
^SP500TR,2019-02-26,5572.7402
^SP500TR,2019-02-27,5570.5698
^SP500TR,2019-02-28,5556.4902
^SP500TR,2019-03-01,5595.1099
^SP500TR,2019-03-04,5573.5298
^SP500TR,2019-03-05,5567.3999
^SP500TR,2019-03-06,5531.3398
^SP500TR,2019-03-07,5487.5601
^SP500TR,2019-03-08,5476.3901
^SP500TR,2019-03-11,5556.77
^SP500TR,2019-03-12,5556.77
^SP500TR,2019-03-13,5612.5601
^SP500TR,2019-03-14,5609.5898
^SP500TR,2019-03-15,5637.77
^SP500TR,2019-03-18,5658.73
^SP500TR,2019-03-19,5658.1499
^SP500TR,2019-03-20,5641.7402
^SP500TR,2019-03-21,5703.2798
^SP500TR,2019-03-22,5595.5
^SP500TR,2019-03-25,5591.23
^SP500TR,2019-03-26,5631.3901
^SP500TR,2019-03-27,5605.3198
^SP500TR,2019-03-28,5626.3198
^SP500TR,2019-03-29,5664.46
^SP500TR,2019-04-01,5730.04
^SP500TR,2019-04-02,5730.3501
^SP500TR,2019-04-03,5742.6699
^SP500TR,2019-04-04,5755.96
^SP500TR,2019-04-05,5782.7002
^SP500TR,2019-04-08,5788.8599
^SP500TR,2019-04-09,5755.4902
^SP500TR,2019-04-10,5775.9902
^SP500TR,2019-04-11,5776.2798
^SP500TR,2019-04-12,5815.04
^SP500TR,2019-04-15,5811.5098
^SP500TR,2019-04-16,5814.46
^SP500TR,2019-04-17,5801.8301
^SP500TR,2019-04-18,5811.1299
^SP500TR,2019-04-22,5817.1602
^SP500TR,2019-04-23,5868.8799
^SP500TR,2019-04-24,5856.0298
^SP500TR,2019-04-25,5853.8701
^SP500TR,2019-04-26,5881.48
^SP500TR,2019-04-29,5888.0498
^SP500TR,2019-04-30,5893.8101
^SP500TR,2019-05-01,5849.6499
^SP500TR,2019-05-02,5837.46
^SP500TR,2019-05-03,5894.2998
^SP500TR,2019-05-06,5868.4502
^SP500TR,2019-05-07,5771.5898
^SP500TR,2019-05-08,5762.48
^SP500TR,2019-05-09,5747.0801
^SP500TR,2019-05-10,5770.4399
^SP500TR,2019-05-13,5631.4102
^SP500TR,2019-05-14,5677.2002
^SP500TR,2019-05-15,5711.4902
^SP500TR,2019-05-16,5763.9502
^SP500TR,2019-05-17,5730.8901
^SP500TR,2019-05-20,5692.2998
^SP500TR,2019-05-21,5740.8101
^SP500TR,2019-05-22,5724.71
^SP500TR,2019-05-23,5657.1001
^SP500TR,2019-05-24,5665.6001
^SP500TR,2019-05-28,5618.1802
^SP500TR,2019-05-29,5579.5098
^SP500TR,2019-05-30,5591.9702
^SP500TR,2019-05-31,5519.27
^SP500TR,2019-06-03,5504.0498
^SP500TR,2019-06-04,5622.3101
^SP500TR,2019-06-05,5668.8901
^SP500TR,2019-06-06,5705.2202
^SP500TR,2019-06-07,5765.6602
^SP500TR,2019-06-10,5792.5601
^SP500TR,2019-06-11,5790.8301
^SP500TR,2019-06-12,5779.1201
^SP500TR,2019-06-13,5804.5298
^SP500TR,2019-06-14,5795.96
^SP500TR,2019-06-17,5801.3999
^SP500TR,2019-06-18,5857.9502
^SP500TR,2019-06-19,5875.4502
^SP500TR,2019-06-20,5931.6602
^SP500TR,2019-06-21,5924.54
^SP500TR,2019-06-24,5914.29
^SP500TR,2019-06-25,5858.1299
^SP500TR,2019-06-26,5850.8999
^SP500TR,2019-06-27,5874.1499
^SP500TR,2019-06-28,5908.25
^SP500TR,2019-07-01,5953.6299
^SP500TR,2019-07-02,5971.29
^SP500TR,2019-07-03,5982.8999
^SP500TR,2019-07-05,6008.3101
^SP500TR,2019-07-08,5979.3398
^SP500TR,2019-07-09,5988.48
^SP500TR,2019-07-10,6015.5601
^SP500TR,2019-07-11,6029.3301
^SP500TR,2019-07-12,6057.77
^SP500TR,2019-07-15,6058.8301
^SP500TR,2019-07-16,6038.3999
^SP500TR,2019-07-17,5999.0498
^SP500TR,2019-07-18,6021.1499
^SP500TR,2019-07-19,5984.2002
^SP500TR,2019-07-22,6001.2798
^SP500TR,2019-07-23,6042.48
^SP500TR,2019-07-24,6071.0498
^SP500TR,2019-07-25,6039.1299
^SP500TR,2019-07-26,6083.8198
^SP500TR,2019-07-29,6074.0098
^SP500TR,2019-07-30,6058.96
^SP500TR,2019-07-31,5993.1699
^SP500TR,2019-08-01,5939.8301
^SP500TR,2019-08-02,5897.1001
^SP500TR,2019-08-05,5721.7998
^SP500TR,2019-08-06,5796.7202
^SP500TR,2019-08-07,5801.3198
^SP500TR,2019-08-08,5911.6602
^SP500TR,2019-08-09,5873.4702
^SP500TR,2019-08-12,5802.1401
^SP500TR,2019-08-13,5890.1602
^SP500TR,2019-08-14,5719.2998
^SP500TR,2019-08-15,5734.4902
^SP500TR,2019-08-16,5818.1699
^SP500TR,2019-08-19,5888.9302
^SP500TR,2019-08-20,5842.7598
^SP500TR,2019-08-21,5891.1899
^SP500TR,2019-08-22,5888.3701
^SP500TR,2019-08-23,5735.6299
^SP500TR,2019-08-26,5799.3398
^SP500TR,2019-08-27,5780.79
^SP500TR,2019-08-28,5818.8398
^SP500TR,2019-08-29,5893.6499
^SP500TR,2019-08-30,5898.23
^SP500TR,2019-09-03,5857.9502
^SP500TR,2019-09-04,5921.96
^SP500TR,2019-09-05,6000.3799
^SP500TR,2019-09-06,6006.0698
^SP500TR,2019-09-09,6005.9902
^SP500TR,2019-09-10,6008.1201
^SP500TR,2019-09-11,6051.8701
^SP500TR,2019-09-12,6070.23
^SP500TR,2019-09-13,6067.5
^SP500TR,2019-09-16,6048.6699
^SP500TR,2019-09-17,6064.3101
^SP500TR,2019-09-18,6066.4199
^SP500TR,2019-09-19,6066.8999
^SP500TR,2019-09-20,6037.5
^SP500TR,2019-09-23,6036.8999
^SP500TR,2019-09-24,5986.5801
^SP500TR,2019-09-25,6023.46
^SP500TR,2019-09-26,6009.1899
^SP500TR,2019-09-27,5978.1099
^SP500TR,2019-09-30,6008.5898
^SP500TR,2019-10-01,5935.2002
^SP500TR,2019-10-02,5828.9302
^SP500TR,2019-10-03,5876.8599
^SP500TR,2019-10-04,5960.4302
^SP500TR,2019-10-07,5933.7598
^SP500TR,2019-10-08,5841.5698
^SP500TR,2019-10-09,5896.6001
^SP500TR,2019-10-10,5934.5601
^SP500TR,2019-10-11,6000.04
^SP500TR,2019-10-14,5991.7202
^SP500TR,2019-10-15,6051.3901
^SP500TR,2019-10-16,6039.6899
^SP500TR,2019-10-17,6056.8398
^SP500TR,2019-10-18,6033.2598
^SP500TR,2019-10-21,6074.8999
^SP500TR,2019-10-22,6053.4199
^SP500TR,2019-10-23,6070.8701
^SP500TR,2019-10-24,6082.54
^SP500TR,2019-10-25,6107.4199
^SP500TR,2019-10-28,6141.5098
^SP500TR,2019-10-29,6136.4702
^SP500TR,2019-10-30,6156.9302
^SP500TR,2019-10-31,6138.73
^SP500TR,2019-11-01,6198.5898
^SP500TR,2019-11-04,6221.6299
^SP500TR,2019-11-05,6214.2798
^SP500TR,2019-11-06,6219.1001
^SP500TR,2019-11-07,6238.9902
^SP500TR,2019-11-08,6256.1099
^SP500TR,2019-11-11,6243.8101
^SP500TR,2019-11-12,6253.9102
^SP500TR,2019-11-13,6258.5801
^SP500TR,2019-11-14,6265.4199
^SP500TR,2019-11-15,6314.7402
^SP500TR,2019-11-18,6318.02
^SP500TR,2019-11-19,6314.6602
^SP500TR,2019-11-20,6292.1699
^SP500TR,2019-11-21,6282.5898
^SP500TR,2019-11-22,6296.3398
^SP500TR,2019-11-25,6344.3599
^SP500TR,2019-11-26,6358.46
^SP500TR,2019-11-27,6385.7598
^SP500TR,2019-11-29,6361.5601
^SP500TR,2019-12-02,6306.8799
^SP500TR,2019-12-03,6265.2202
^SP500TR,2019-12-04,6305.4902
^SP500TR,2019-12-05,6316.6899
^SP500TR,2019-12-06,6374.7002
^SP500TR,2019-12-09,6355.0698
^SP500TR,2019-12-10,6348.3101
^SP500TR,2019-12-11,6366.8398
^SP500TR,2019-12-12,6422.3501
^SP500TR,2019-12-13,6423.9302
^SP500TR,2019-12-16,6470.0298
^SP500TR,2019-12-17,6472.2402
^SP500TR,2019-12-18,6470.0
^SP500TR,2019-12-19,6499.2598
^SP500TR,2019-12-20,6531.75
^SP500TR,2019-12-23,6537.3999
^SP500TR,2019-12-24,6536.5801
^SP500TR,2019-12-26,6570.71
^SP500TR,2019-12-27,6571.0298
^SP500TR,2019-12-30,6533.9102
^SP500TR,2019-12-31,6553.5698
^SP500TR,2020-01-02,6609.29
^SP500TR,2020-01-03,6563.3198
^SP500TR,2020-01-06,6586.54
^SP500TR,2020-01-07,6568.7402
^SP500TR,2020-01-08,6601.1499
^SP500TR,2020-01-09,6646.8398
^SP500TR,2020-01-10,6627.8701
^SP500TR,2020-01-13,6674.1299
^SP500TR,2020-01-14,6664.6602
^SP500TR,2020-01-15,6677.25
^SP500TR,2020-01-16,6733.3501
^SP500TR,2020-01-17,6759.5098
^SP500TR,2020-01-21,6741.71
^SP500TR,2020-01-22,6743.8999
^SP500TR,2020-01-23,6752.0898
^SP500TR,2020-01-24,6691.2202
^SP500TR,2020-01-27,6585.9502
^SP500TR,2020-01-28,6652.2998
^SP500TR,2020-01-29,6646.6899
^SP500TR,2020-01-30,6668.52
^SP500TR,2020-01-31,6551.0
^SP500TR,2020-02-03,6598.6299
^SP500TR,2020-02-04,6697.4902
^SP500TR,2020-02-05,6772.98
^SP500TR,2020-02-06,6796.6401
^SP500TR,2020-02-07,6761.2598
^SP500TR,2020-02-10,6811.8301
^SP500TR,2020-02-11,6823.5898
^SP500TR,2020-02-12,6867.9199
^SP500TR,2020-02-13,6858.9199
^SP500TR,2020-02-14,6872.6802
^SP500TR,2020-02-18,6853.04
^SP500TR,2020-02-19,6886.4702
^SP500TR,2020-02-20,6860.52
^SP500TR,2020-02-21,6788.6001
^SP500TR,2020-02-24,6561.9399
^SP500TR,2020-02-25,6363.3701
^SP500TR,2020-02-26,6339.3799
^SP500TR,2020-02-27,6060.6699
^SP500TR,2020-02-28,6011.73
^SP500TR,2020-03-02,6288.6401
^SP500TR,2020-03-03,6112.0698
^SP500TR,2020-03-04,6370.3501
^SP500TR,2020-03-05,6155.5801
^SP500TR,2020-03-06,6050.7998
^SP500TR,2020-03-09,5591.7402
^SP500TR,2020-03-10,5868.1099
^SP500TR,2020-03-11,5581.7598
^SP500TR,2020-03-12,5051.9702
^SP500TR,2020-03-13,5522.8501
^SP500TR,2020-03-16,4861.2202
^SP500TR,2020-03-17,5152.8301
^SP500TR,2020-03-18,4885.7798
^SP500TR,2020-03-19,4909.1299
^SP500TR,2020-03-20,4697.0898
^SP500TR,2020-03-23,4559.5
^SP500TR,2020-03-24,4987.7998
^SP500TR,2020-03-25,5045.3501
^SP500TR,2020-03-26,5360.4902
^SP500TR,2020-03-27,5179.9199
^SP500TR,2020-03-30,5354.3901
^SP500TR,2020-03-31,5269.2002
^SP500TR,2020-04-01,5036.6401
^SP500TR,2020-04-02,5152.4702
^SP500TR,2020-04-03,5075.1602
^SP500TR,2020-04-06,5432.1699
^SP500TR,2020-04-07,5423.52
^SP500TR,2020-04-08,5609.5498
^SP500TR,2020-04-09,5691.54
^SP500TR,2020-04-13,5634.1499
^SP500TR,2020-04-14,5807.1001
^SP500TR,2020-04-15,5679.5298
^SP500TR,2020-04-16,5712.6001
^SP500TR,2020-04-17,5865.8999
^SP500TR,2020-04-20,5761.0
^SP500TR,2020-04-21,5584.4399
^SP500TR,2020-04-22,5712.6499
^SP500TR,2020-04-23,5710.04
^SP500TR,2020-04-24,5789.6499
^SP500TR,2020-04-27,5874.9399
^SP500TR,2020-04-28,5844.1802
^SP500TR,2020-04-29,5999.7402
^SP500TR,2020-04-30,5944.6802
^SP500TR,2020-05-01,5778.5298
^SP500TR,2020-05-04,5803.1201
^SP500TR,2020-05-05,5855.5801
^SP500TR,2020-05-06,5815.1699
^SP500TR,2020-05-07,5884.1401
^SP500TR,2020-05-08,5984.5498
^SP500TR,2020-05-11,5985.6602
^SP500TR,2020-05-12,5863.6802
^SP500TR,2020-05-13,5761.7002
^SP500TR,2020-05-14,5829.3301
^SP500TR,2020-05-15,5852.8398
^SP500TR,2020-05-18,6037.8999
^SP500TR,2020-05-19,5975.1499
^SP500TR,2020-05-20,6075.7598
^SP500TR,2020-05-21,6028.9302
^SP500TR,2020-05-22,6044.1602
^SP500TR,2020-05-26,6118.54
^SP500TR,2020-05-27,6209.3799
^SP500TR,2020-05-28,6197.02
^SP500TR,2020-05-29,6227.8101
^SP500TR,2020-06-01,6251.48
^SP500TR,2020-06-02,6303.0
^SP500TR,2020-06-03,6389.6699
^SP500TR,2020-06-04,6369.54
^SP500TR,2020-06-05,6536.5801
^SP500TR,2020-06-08,6615.3999
^SP500TR,2020-06-09,6564.27
^SP500TR,2020-06-10,6529.4199
^SP500TR,2020-06-11,6145.2998
^SP500TR,2020-06-12,6227.4199
^SP500TR,2020-06-15,6279.3999
^SP500TR,2020-06-16,6398.5801
^SP500TR,2020-06-17,6375.54
^SP500TR,2020-06-18,6379.5601
^SP500TR,2020-06-19,6344.7002
^SP500TR,2020-06-22,6385.9102
^SP500TR,2020-06-23,6413.4399
^SP500TR,2020-06-24,6247.6602
^SP500TR,2020-06-25,6316.4502
^SP500TR,2020-06-26,6163.5
^SP500TR,2020-06-29,6254.7798
^SP500TR,2020-06-30,6351.6699
^SP500TR,2020-07-01,6383.7598
^SP500TR,2020-07-02,6414.1602
^SP500TR,2020-07-06,6516.0498
^SP500TR,2020-07-07,6445.5898
^SP500TR,2020-07-08,6496.1401
^SP500TR,2020-07-09,6461.3101
^SP500TR,2020-07-10,6528.96
^SP500TR,2020-07-13,6467.8398
^SP500TR,2020-07-14,6555.3999
^SP500TR,2020-07-15,6615.0698
^SP500TR,2020-07-16,6592.75
^SP500TR,2020-07-17,6611.8599
^SP500TR,2020-07-20,6667.4502
^SP500TR,2020-07-21,6678.7402
^SP500TR,2020-07-22,6717.29
^SP500TR,2020-07-23,6635.04
^SP500TR,2020-07-24,6594.1001
^SP500TR,2020-07-27,6642.8901
^SP500TR,2020-07-28,6599.9702
^SP500TR,2020-07-29,6682.0098
^SP500TR,2020-07-30,6658.02
^SP500TR,2020-07-31,6709.8101
^SP500TR,2020-08-03,6758.2002
^SP500TR,2020-08-04,6782.6001
^SP500TR,2020-08-05,6826.2202
^SP500TR,2020-08-06,6870.8599
^SP500TR,2020-08-07,6876.6499
^SP500TR,2020-08-10,6895.5898
^SP500TR,2020-08-11,6840.6699
^SP500TR,2020-08-12,6937.4399
^SP500TR,2020-08-13,6924.96
^SP500TR,2020-08-14,6924.2798
^SP500TR,2020-08-17,6943.2202
^SP500TR,2020-08-18,6960.2998
^SP500TR,2020-08-19,6930.7998
^SP500TR,2020-08-20,6952.9199
^SP500TR,2020-08-21,6977.27
^SP500TR,2020-08-24,7048.1699
^SP500TR,2020-08-25,7073.6001
^SP500TR,2020-08-26,7145.77
^SP500TR,2020-08-27,7158.1802
^SP500TR,2020-08-28,7207.1001
^SP500TR,2020-08-31,7192.1099
^SP500TR,2020-09-01,7246.3701
^SP500TR,2020-09-02,7358.4902
^SP500TR,2020-09-03,7101.3799
^SP500TR,2020-09-04,7043.6201
^SP500TR,2020-09-08,6848.4199
^SP500TR,2020-09-09,6986.7598
^SP500TR,2020-09-10,6864.23
^SP500TR,2020-09-11,6868.2202
^SP500TR,2020-09-14,6957.9102
^SP500TR,2020-09-15,6994.3301
^SP500TR,2020-09-16,6962.29
^SP500TR,2020-09-17,6903.8198
^SP500TR,2020-09-18,6826.7202
^SP500TR,2020-09-21,6748.0801
^SP500TR,2020-09-22,6819.0801
^SP500TR,2020-09-23,6657.8198
^SP500TR,2020-09-24,6678.04
^SP500TR,2020-09-25,6784.9502
^SP500TR,2020-09-28,6894.27
^SP500TR,2020-09-29,6861.96
^SP500TR,2020-09-30,6918.8301
^SP500TR,2020-10-01,6956.2002
^SP500TR,2020-10-02,6889.6001
^SP500TR,2020-10-05,7014.1699
^SP500TR,2020-10-06,6916.4302
^SP500TR,2020-10-07,7036.8901
^SP500TR,2020-10-08,7095.3999
^SP500TR,2020-10-09,7157.9399
^SP500TR,2020-10-12,7275.4302
^SP500TR,2020-10-13,7229.5498
^SP500TR,2020-10-14,7182.3799
^SP500TR,2020-10-15,7171.6099
^SP500TR,2020-10-16,7172.7002
^SP500TR,2020-10-19,7055.5801
^SP500TR,2020-10-20,7089.0601
^SP500TR,2020-10-21,7073.6499
^SP500TR,2020-10-22,7111.1699
^SP500TR,2020-10-23,7135.8101
^SP500TR,2020-10-26,7003.21
^SP500TR,2020-10-27,6982.1401
^SP500TR,2020-10-28,6735.75
^SP500TR,2020-10-29,6816.79
^SP500TR,2020-10-30,6734.8398
^SP500TR,2020-11-02,6817.8901
^SP500TR,2020-11-03,6939.2998
^SP500TR,2020-11-04,7092.2998
^SP500TR,2020-11-05,7231.6699
^SP500TR,2020-11-06,7230.5098
^SP500TR,2020-11-09,7315.77
^SP500TR,2020-11-10,7306.75
^SP500TR,2020-11-11,7362.6499
^SP500TR,2020-11-12,7290.6899
^SP500TR,2020-11-13,7390.6099
^SP500TR,2020-11-16,7476.79
^SP500TR,2020-11-17,7442.04
^SP500TR,2020-11-18,7357.3398
^SP500TR,2020-11-19,7386.8599
^SP500TR,2020-11-20,7336.7598
^SP500TR,2020-11-23,7378.9399
^SP500TR,2020-11-24,7498.29
^SP500TR,2020-11-25,7486.6802
^SP500TR,2020-11-27,7505.3799
^SP500TR,2020-11-30,7472.0601
^SP500TR,2020-12-01,7556.5098
^SP500TR,2020-12-02,7570.7598
^SP500TR,2020-12-03,7567.4399
^SP500TR,2020-12-04,7634.77
^SP500TR,2020-12-07,7620.0
^SP500TR,2020-12-08,7641.4302
^SP500TR,2020-12-09,7581.0601
^SP500TR,2020-12-10,7571.8701
^SP500TR,2020-12-11,7562.46
^SP500TR,2020-12-14,7530.8701
^SP500TR,2020-12-15,7628.2798
^SP500TR,2020-12-16,7641.8198
^SP500TR,2020-12-17,7686.1802
^SP500TR,2020-12-18,7659.75
^SP500TR,2020-12-21,7630.0698
^SP500TR,2020-12-22,7614.8301
^SP500TR,2020-12-23,7620.6299
^SP500TR,2020-12-24,7648.3901
^SP500TR,2020-12-28,7715.1001
^SP500TR,2020-12-29,7697.9302
^SP500TR,2020-12-30,7709.1001
^SP500TR,2020-12-31,7759.3501
^SP500TR,2021-01-04,7645.27
^SP500TR,2021-01-05,7700.3398
^SP500TR,2021-01-06,7744.4302
^SP500TR,2021-01-07,7861.1001
^SP500TR,2021-01-08,7905.2798
^SP500TR,2021-01-11,7853.4502
^SP500TR,2021-01-12,7856.7202
^SP500TR,2021-01-13,7874.75
^SP500TR,2021-01-14,7846.1001
^SP500TR,2021-01-15,7789.79
^SP500TR,2021-01-19,7853.4702
^SP500TR,2021-01-20,7962.9199
^SP500TR,2021-01-21,7966.1099
^SP500TR,2021-01-22,7942.2002
^SP500TR,2021-01-25,7970.9199
^SP500TR,2021-01-26,7959.1001
^SP500TR,2021-01-27,7754.7402
^SP500TR,2021-01-28,7831.2202
^SP500TR,2021-01-29,7681.0098
^SP500TR,2021-02-01,7804.3101
^SP500TR,2021-02-02,7912.8701
^SP500TR,2021-02-03,7920.8501
^SP500TR,2021-02-04,8007.6201
^SP500TR,2021-02-05,8039.6699
^SP500TR,2021-02-08,8099.3301
^SP500TR,2021-02-09,8091.7002
^SP500TR,2021-02-10,8089.1099
^SP500TR,2021-02-11,8104.1899
^SP500TR,2021-02-12,8142.79
^SP500TR,2021-02-16,8139.1602
^SP500TR,2021-02-17,8137.8799
^SP500TR,2021-02-18,8102.2402
^SP500TR,2021-02-19,8087.6802
^SP500TR,2021-02-22,8025.8101
^SP500TR,2021-02-23,8036.0601
^SP500TR,2021-02-24,8127.3799
^SP500TR,2021-02-25,7929.5601
^SP500TR,2021-02-26,7892.8101
^SP500TR,2021-03-01,8080.7798
^SP500TR,2021-03-02,8015.54
^SP500TR,2021-03-03,7911.21
^SP500TR,2021-03-04,7806.4502
^SP500TR,2021-03-05,7958.98
^SP500TR,2021-03-08,7916.4102
^SP500TR,2021-03-09,8029.2002
^SP500TR,2021-03-10,8078.0498
^SP500TR,2021-03-11,8162.5801
^SP500TR,2021-03-12,8172.8999
^SP500TR,2021-03-15,8226.3203
^SP500TR,2021-03-16,8213.6299
^SP500TR,2021-03-17,8237.3496
^SP500TR,2021-03-18,8116.1699
^SP500TR,2021-03-19,8112.1299
^SP500TR,2021-03-22,8169.1401
^SP500TR,2021-03-23,8106.8301
^SP500TR,2021-03-24,8063.0
^SP500TR,2021-03-25,8105.5098
^SP500TR,2021-03-26,8240.3799
^SP500TR,2021-03-29,8233.2402
^SP500TR,2021-03-30,8208.0996
^SP500TR,2021-03-31,8238.4805
^SP500TR,2021-04-01,8335.9102
^SP500TR,2021-04-05,8457.4004
^SP500TR,2021-04-06,8449.54
^SP500TR,2021-04-07,8462.1797
^SP500TR,2021-04-08,8499.8496
^SP500TR,2021-04-09,8565.5703
^SP500TR,2021-04-12,8564.0303
^SP500TR,2021-04-13,8592.25
^SP500TR,2021-04-14,8558.1602
^SP500TR,2021-04-15,8653.29
^SP500TR,2021-04-16,8684.5098
^SP500TR,2021-04-19,8638.4199
^SP500TR,2021-04-20,8579.9502
^SP500TR,2021-04-21,8659.7998
^SP500TR,2021-04-22,8580.7305
^SP500TR,2021-04-23,8674.7998
^SP500TR,2021-04-26,8690.2598
^SP500TR,2021-04-27,8688.4502
^SP500TR,2021-04-28,8681.1699
^SP500TR,2021-04-29,8740.3496
^SP500TR,2021-04-30,8678.1602
^SP500TR,2021-05-03,8702.0195
^SP500TR,2021-05-04,8643.9102
^SP500TR,2021-05-05,8650.04
^SP500TR,2021-05-06,8722.04
^SP500TR,2021-05-07,8787.8203
^SP500TR,2021-05-10,8696.29
^SP500TR,2021-05-11,8620.9805
^SP500TR,2021-05-12,8437.2402
^SP500TR,2021-05-13,8541.3896
^SP500TR,2021-05-14,8669.4902
^SP500TR,2021-05-17,8647.5703
^SP500TR,2021-05-18,8574.9805
^SP500TR,2021-05-19,8550.9502
^SP500TR,2021-05-20,8641.9805
^SP500TR,2021-05-21,8635.5498
^SP500TR,2021-05-24,8722.0
^SP500TR,2021-05-25,8703.5898
^SP500TR,2021-05-26,8720.04
^SP500TR,2021-05-27,8730.9697
^SP500TR,2021-05-28,8738.7695
^SP500TR,2021-06-01,8734.7402
^SP500TR,2021-06-02,8748.2998
^SP500TR,2021-06-03,8717.9697
^SP500TR,2021-06-04,8795.0801
^SP500TR,2021-06-07,8788.2803
^SP500TR,2021-06-08,8790.0
^SP500TR,2021-06-09,8774.3096
^SP500TR,2021-06-10,8815.5596
^SP500TR,2021-06-11,8832.9404
^SP500TR,2021-06-14,8851.1699
^SP500TR,2021-06-15,8833.6797
^SP500TR,2021-06-16,8786.1797
^SP500TR,2021-06-17,8782.5801
^SP500TR,2021-06-18,8667.7598
^SP500TR,2021-06-21,8789.5195
^SP500TR,2021-06-22,8834.5596
^SP500TR,2021-06-23,8825.0098
^SP500TR,2021-06-24,8877.0596
^SP500TR,2021-06-25,8906.79
^SP500TR,2021-06-28,8927.4004
^SP500TR,2021-06-29,8930.6699
^SP500TR,2021-06-30,8942.7803
^SP500TR,2021-07-01,8990.0801
^SP500TR,2021-07-02,9058.6602
^SP500TR,2021-07-06,9040.7598
^SP500TR,2021-07-07,9071.1396
^SP500TR,2021-07-08,8995.2598
^SP500TR,2021-07-09,9096.8398
^SP500TR,2021-07-12,9128.2197
^SP500TR,2021-07-13,9096.1504
^SP500TR,2021-07-14,9107.8496
^SP500TR,2021-07-15,9078.3301
^SP500TR,2021-07-16,9009.8896
^SP500TR,2021-07-19,8867.0703
^SP500TR,2021-07-20,9001.7695
^SP500TR,2021-07-21,9075.9697
^SP500TR,2021-07-22,9094.9502
^SP500TR,2021-07-23,9187.6396
^SP500TR,2021-07-26,9209.6299
^SP500TR,2021-07-27,9166.2695
^SP500TR,2021-07-28,9164.6201
^SP500TR,2021-07-29,9204.25
^SP500TR,2021-07-30,9155.21
^SP500TR,2021-08-02,9138.3604
^SP500TR,2021-08-03,9213.3496
^SP500TR,2021-08-04,9170.7598
^SP500TR,2021-08-05,9226.4902
^SP500TR,2021-08-06,9243.0303
^SP500TR,2021-08-09,9235.0498
^SP500TR,2021-08-10,9244.2197
^SP500TR,2021-08-11,9267.4004
^SP500TR,2021-08-12,9297.2002
^SP500TR,2021-08-13,9312.5098
^SP500TR,2021-08-16,9337.1797
^SP500TR,2021-08-17,9271.8301
^SP500TR,2021-08-18,9173.9297
^SP500TR,2021-08-19,9186.0703
^SP500TR,2021-08-20,9261.3096
^SP500TR,2021-08-23,9341.0898
^SP500TR,2021-08-24,9355.1104
^SP500TR,2021-08-25,9376.0
^SP500TR,2021-08-26,9321.7402
^SP500TR,2021-08-27,9404.1504
^SP500TR,2021-08-30,9445.2402
^SP500TR,2021-08-31,9433.5801
^SP500TR,2021-09-01,9437.1504
^SP500TR,2021-09-02,9465.4697
^SP500TR,2021-09-03,9462.54
^SP500TR,2021-09-07,9430.6797
^SP500TR,2021-09-08,9418.5703
^SP500TR,2021-09-09,9375.9902
^SP500TR,2021-09-10,9304.0303
^SP500TR,2021-09-13,9325.29
^SP500TR,2021-09-14,9273.9902
^SP500TR,2021-09-15,9352.8301
^SP500TR,2021-09-16,9338.6104
^SP500TR,2021-09-17,9253.5703
^SP500TR,2021-09-20,9096.5195
^SP500TR,2021-09-21,9089.5498
^SP500TR,2021-09-22,9176.0801
^SP500TR,2021-09-23,9287.7998
^SP500TR,2021-09-24,9301.4902
^SP500TR,2021-09-27,9275.8701
^SP500TR,2021-09-28,9087.4697
^SP500TR,2021-09-29,9102.6201
^SP500TR,2021-09-30,8994.8301
^SP500TR,2021-10-01,9098.25
^SP500TR,2021-10-04,8980.6396
^SP500TR,2021-10-05,9076.1904
^SP500TR,2021-10-06,9113.4502
^SP500TR,2021-10-07,9191.1904
^SP500TR,2021-10-08,9173.7402
^SP500TR,2021-10-11,9110.7598
^SP500TR,2021-10-12,9088.7305
^SP500TR,2021-10-13,9116.3896
^SP500TR,2021-10-14,9272.9697
^SP500TR,2021-10-15,9342.1504
^SP500TR,2021-10-18,9373.6797
^SP500TR,2021-10-19,9443.1201
^SP500TR,2021-10-20,9477.8203
^SP500TR,2021-10-21,9506.9102
^SP500TR,2021-10-22,9496.8604
^SP500TR,2021-10-25,9541.9902
^SP500TR,2021-10-26,9559.3896
^SP500TR,2021-10-27,9511.2695
^SP500TR,2021-10-28,9605.2305
^SP500TR,2021-10-29,9625.0195
^SP500TR,2021-11-01,9642.4404
^SP500TR,2021-11-02,9677.9502
^SP500TR,2021-11-03,9740.4697
^SP500TR,2021-11-04,9782.4805
^SP500TR,2021-11-05,9819.9805
^SP500TR,2021-11-08,9828.8096
^SP500TR,2021-11-09,9795.1201
^SP500TR,2021-11-10,9716.7197
^SP500TR,2021-11-11,9722.0801
^SP500TR,2021-11-12,9793.2197
^SP500TR,2021-11-15,9793.5303
^SP500TR,2021-11-16,9831.9102
^SP500TR,2021-11-17,9808.2695
^SP500TR,2021-11-18,9842.3496
^SP500TR,2021-11-19,9828.7998
^SP500TR,2021-11-22,9798.29
^SP500TR,2021-11-23,9814.6504
^SP500TR,2021-11-24,9837.5996
^SP500TR,2021-11-26,9614.25
^SP500TR,2021-11-29,9741.7803
^SP500TR,2021-11-30,9558.3301
^SP500TR,2021-12-01,9446.21
^SP500TR,2021-12-02,9581.79
^SP500TR,2021-12-03,9501.2803
^SP500TR,2021-12-06,9613.0195
^SP500TR,2021-12-07,9812.2002
^SP500TR,2021-12-08,9842.6797
^SP500TR,2021-12-09,9773.1904
^SP500TR,2021-12-10,9866.6201
^SP500TR,2021-12-13,9776.6904
^SP500TR,2021-12-14,9705.0596
^SP500TR,2021-12-15,9863.9199
^SP500TR,2021-12-16,9778.0898
^SP500TR,2021-12-17,9678.0303
^SP500TR,2021-12-20,9567.9102
^SP500TR,2021-12-21,9738.7305
^SP500TR,2021-12-22,9838.9004
^SP500TR,2021-12-23,9900.2998
^SP500TR,2021-12-27,10037.6699
^SP500TR,2021-12-28,10027.5303
^SP500TR,2021-12-29,10041.6104
^SP500TR,2021-12-30,10012.5098
^SP500TR,2021-12-31,9986.7002
^SP500TR,2022-01-03,10050.4102
^SP500TR,2022-01-04,10044.75
^SP500TR,2022-01-05,9850.7002
^SP500TR,2022-01-06,9841.9199
^SP500TR,2022-01-07,9803.8496
^SP500TR,2022-01-10,9789.7197
^SP500TR,2022-01-11,9879.3896
^SP500TR,2022-01-12,9907.3799
^SP500TR,2022-01-13,9767.3496
^SP500TR,2022-01-14,9775.5303
^SP500TR,2022-01-18,9595.9297
^SP500TR,2022-01-19,9503.1396
^SP500TR,2022-01-20,9398.96
^SP500TR,2022-01-21,9221.2803
^SP500TR,2022-01-24,9246.8398
^SP500TR,2022-01-25,9134.3301
^SP500TR,2022-01-26,9120.75
^SP500TR,2022-01-27,9072.2402
^SP500TR,2022-01-28,9294.21
^SP500TR,2022-01-31,9469.9199
^SP500TR,2022-02-01,9534.9502
^SP500TR,2022-02-02,9624.8896
^SP500TR,2022-02-03,9390.5703
^SP500TR,2022-02-04,9440.5801
^SP500TR,2022-02-07,9405.8398
^SP500TR,2022-02-08,9484.9502
^SP500TR,2022-02-09,9623.8398
^SP500TR,2022-02-10,9450.7197
^SP500TR,2022-02-11,9271.7998
^SP500TR,2022-02-14,9236.8604
^SP500TR,2022-02-15,9383.5703
^SP500TR,2022-02-16,9393.0898
^SP500TR,2022-02-17,9195.3496
^SP500TR,2022-02-18,9130.8096
^SP500TR,2022-02-22,9038.3203
^SP500TR,2022-02-23,8871.9502
^SP500TR,2022-02-24,9005.3701
^SP500TR,2022-02-25,9207.8496
^SP500TR,2022-02-28,9186.3701
^SP500TR,2022-03-01,9044.4697
^SP500TR,2022-03-02,9213.3896
^SP500TR,2022-03-03,9166.1299
^SP500TR,2022-03-04,9094.04
^SP500TR,2022-03-07,8825.7197
^SP500TR,2022-03-08,8762.1104
^SP500TR,2022-03-09,8988.6504
^SP500TR,2022-03-10,8950.9004
^SP500TR,2022-03-11,8835.4004
^SP500TR,2022-03-14,8771.75
^SP500TR,2022-03-15,8959.7402
^SP500TR,2022-03-16,9160.5098
^SP500TR,2022-03-17,9274.1699
^SP500TR,2022-03-18,9382.4297
^SP500TR,2022-03-21,9378.8398
^SP500TR,2022-03-22,9484.8604
^SP500TR,2022-03-23,9368.9805
^SP500TR,2022-03-24,9504.1904
^SP500TR,2022-03-25,9552.4004
^SP500TR,2022-03-28,9620.6602
^SP500TR,2022-03-29,9738.5996
^SP500TR,2022-03-30,9678.2998
^SP500TR,2022-03-31,9527.46
^SP500TR,2022-04-01,9559.9502
^SP500TR,2022-04-04,9637.3701
^SP500TR,2022-04-05,9517.9404
^SP500TR,2022-04-06,9425.4902
^SP500TR,2022-04-07,9466.7598
^SP500TR,2022-04-08,9441.8398
^SP500TR,2022-04-11,9282.4805
^SP500TR,2022-04-12,9251.0703
^SP500TR,2022-04-13,9356.21
^SP500TR,2022-04-14,9242.5801
^SP500TR,2022-04-18,9240.6904
^SP500TR,2022-04-19,9389.21
^SP500TR,2022-04-20,9383.54
^SP500TR,2022-04-21,9245.8604
^SP500TR,2022-04-22,8989.5098
^SP500TR,2022-04-25,9040.8604
^SP500TR,2022-04-26,8786.4697
^SP500TR,2022-04-27,8805.0
^SP500TR,2022-04-28,9023.4199
^SP500TR,2022-04-29,8696.6504
^SP500TR,2022-05-02,8746.0498
^SP500TR,2022-05-03,8788.3604
^SP500TR,2022-05-04,9050.9004
^SP500TR,2022-05-05,8729.21
^SP500TR,2022-05-06,8680.9697
^SP500TR,2022-05-09,8403.5
^SP500TR,2022-05-10,8424.2002
^SP500TR,2022-05-11,8285.8203
^SP500TR,2022-05-12,8278.04
^SP500TR,2022-05-13,8476.5703
^SP500TR,2022-05-16,8443.5498
^SP500TR,2022-05-17,8614.3096
^SP500TR,2022-05-18,8268.3203
^SP500TR,2022-05-19,8220.9697
^SP500TR,2022-05-20,8222.3096
^SP500TR,2022-05-23,8375.8701
^SP500TR,2022-05-24,8307.9697
^SP500TR,2022-05-25,8386.6201
^SP500TR,2022-05-26,8553.6797
^SP500TR,2022-05-27,8766.8301
^SP500TR,2022-05-31,8712.5996
^SP500TR,2022-06-01,8648.2803
^SP500TR,2022-06-02,8809.1797
^SP500TR,2022-06-03,8665.7998
^SP500TR,2022-06-06,8693.0596
^SP500TR,2022-06-07,8776.0898
^SP500TR,2022-06-08,8681.6797
^SP500TR,2022-06-09,8475.9102
^SP500TR,2022-06-10,8229.4297
^SP500TR,2022-06-13,7910.4302
^SP500TR,2022-06-14,7883.3398
^SP500TR,2022-06-15,7998.6201
^SP500TR,2022-06-16,7739.3901
^SP500TR,2022-06-17,7756.5898
^SP500TR,2022-06-21,7946.8901
^SP500TR,2022-06-22,7936.6699
^SP500TR,2022-06-23,8012.6802
^SP500TR,2022-06-24,8257.7197
^SP500TR,2022-06-27,8233.4199
^SP500TR,2022-06-28,8067.5601
^SP500TR,2022-06-29,8062.7202
^SP500TR,2022-06-30,7993.4302
^SP500TR,2022-07-01,8077.8901
^SP500TR,2022-07-05,8092.1499
^SP500TR,2022-07-06,8121.21
^SP500TR,2022-07-07,8243.6904
^SP500TR,2022-07-08,8237.5
^SP500TR,2022-07-11,8142.6802
^SP500TR,2022-07-12,8067.5601
^SP500TR,2022-07-13,8031.7598
^SP500TR,2022-07-14,8008.71
^SP500TR,2022-07-15,8162.5
^SP500TR,2022-07-18,8094.23
^SP500TR,2022-07-19,8318.2002
^SP500TR,2022-07-20,8367.3701
^SP500TR,2022-07-21,8450.6396
^SP500TR,2022-07-22,8371.8701
^SP500TR,2022-07-25,8382.8799
^SP500TR,2022-07-26,8286.1904
^SP500TR,2022-07-27,8503.0195
^SP500TR,2022-07-28,8607.2402
^SP500TR,2022-07-29,8730.46
^SP500TR,2022-08-01,8705.8701
^SP500TR,2022-08-02,8647.9102
^SP500TR,2022-08-03,8783.2803
^SP500TR,2022-08-04,8777.2305
^SP500TR,2022-08-05,8764.0801
^SP500TR,2022-08-08,8753.3896
^SP500TR,2022-08-09,8716.75
^SP500TR,2022-08-10,8902.7197
^SP500TR,2022-08-11,8898.8398
^SP500TR,2022-08-12,9054.1396
^SP500TR,2022-08-15,9090.3604
^SP500TR,2022-08-16,9107.8701
^SP500TR,2022-08-17,9043.5898
^SP500TR,2022-08-18,9065.4902
^SP500TR,2022-08-19,8948.8203
^SP500TR,2022-08-22,8758.2402
^SP500TR,2022-08-23,8738.7598
^SP500TR,2022-08-24,8764.4199
^SP500TR,2022-08-25,8888.1299
^SP500TR,2022-08-26,8588.9502
^SP500TR,2022-08-29,8532.0996
^SP500TR,2022-08-30,8438.6904
^SP500TR,2022-08-31,8374.4199
^SP500TR,2022-09-01,8400.96
^SP500TR,2022-09-02,8311.4199
^SP500TR,2022-09-06,8277.8096
^SP500TR,2022-09-07,8429.8701
^SP500TR,2022-09-08,8486.6299
^SP500TR,2022-09-09,8616.9805
^SP500TR,2022-09-12,8708.1699
^SP500TR,2022-09-13,8331.9004
^SP500TR,2022-09-14,8362.4004
^SP500TR,2022-09-15,8268.5996
^SP500TR,2022-09-16,8209.3496
^SP500TR,2022-09-19,8265.7305
^SP500TR,2022-09-20,8172.6401
^SP500TR,2022-09-21,8033.29
^SP500TR,2022-09-22,7965.96
^SP500TR,2022-09-23,7828.8701
^SP500TR,2022-09-26,7747.9302
^SP500TR,2022-09-27,7731.9902
^SP500TR,2022-09-28,7884.5498
^SP500TR,2022-09-29,7719.0898
^SP500TR,2022-09-30,7603.1401
^SP500TR,2022-10-03,7800.0
^SP500TR,2022-10-04,8039.25
^SP500TR,2022-10-05,8023.8101
^SP500TR,2022-10-06,7943.6299
^SP500TR,2022-10-07,7721.4399
^SP500TR,2022-10-10,7663.5801
^SP500TR,2022-10-11,7613.75
^SP500TR,2022-10-12,7588.8999
^SP500TR,2022-10-13,7786.96
^SP500TR,2022-10-14,7602.9902
^SP500TR,2022-10-17,7804.3301
^SP500TR,2022-10-18,7893.6802
^SP500TR,2022-10-19,7840.9902
^SP500TR,2022-10-20,7779.5298
^SP500TR,2022-10-21,7964.25
^SP500TR,2022-10-24,8058.8799
^SP500TR,2022-10-25,8190.02
^SP500TR,2022-10-26,8129.6201
^SP500TR,2022-10-27,8080.3198
^SP500TR,2022-10-28,8280.1104
^SP500TR,2022-10-31,8218.7002
^SP500TR,2022-11-01,8185.0698
^SP500TR,2022-11-02,7980.4702
^SP500TR,2022-11-03,7897.0098
^SP500TR,2022-11-04,8006.2402
^SP500TR,2022-11-07,8083.3799
^SP500TR,2022-11-08,8128.7002
^SP500TR,2022-11-09,7961.52
^SP500TR,2022-11-10,8403.4805
^SP500TR,2022-11-11,8481.1299
^SP500TR,2022-11-14,8407.25
^SP500TR,2022-11-15,8481.1396
^SP500TR,2022-11-16,8413.0898
^SP500TR,2022-11-17,8388.8398
^SP500TR,2022-11-18,8429.0098
^SP500TR,2022-11-21,8397.2305
^SP500TR,2022-11-22,8511.4805
^SP500TR,2022-11-23,8562.2695
^SP500TR,2022-11-25,8560.0898
^SP500TR,2022-11-28,8427.9502
^SP500TR,2022-11-29,8415.2695
^SP500TR,2022-11-30,8678.0
^SP500TR,2022-12-01,8671.9004
^SP500TR,2022-12-02,8662.2305
^SP500TR,2022-12-05,8507.3398
^SP500TR,2022-12-06,8385.1602
^SP500TR,2022-12-07,8369.7402
^SP500TR,2022-12-08,8433.9004
^SP500TR,2022-12-09,8372.2598
^SP500TR,2022-12-12,8491.8604
^SP500TR,2022-12-13,8554.0996
^SP500TR,2022-12-14,8503.9697
^SP500TR,2022-12-15,8292.6396
^SP500TR,2022-12-16,8200.9004
^SP500TR,2022-12-19,8127.5698
^SP500TR,2022-12-20,8136.2998
^SP500TR,2022-12-21,8258.4297
^SP500TR,2022-12-22,8139.0698
^SP500TR,2022-12-23,8187.0601
^SP500TR,2022-12-27,8154.5698
^SP500TR,2022-12-28,8056.6201
^SP500TR,2022-12-29,8198.3604
^SP500TR,2022-12-30,8178.02
^SP500TR,2023-01-03,8145.6001
^SP500TR,2023-01-04,8207.4199
^SP500TR,2023-01-05,8113.1499
^SP500TR,2023-01-06,8298.6104
^SP500TR,2023-01-09,8293.7998
^SP500TR,2023-01-10,8351.6797
^SP500TR,2023-01-11,8459.1797
^SP500TR,2023-01-12,8489.0801
^SP500TR,2023-01-13,8523.3203
^SP500TR,2023-01-17,8506.0303
^SP500TR,2023-01-18,8373.6602
^SP500TR,2023-01-19,8310.75
^SP500TR,2023-01-20,8468.1504
^SP500TR,2023-01-23,8568.7695
^SP500TR,2023-01-24,8562.8701
^SP500TR,2023-01-25,8561.4004
^SP500TR,2023-01-26,8656.2598
^SP500TR,2023-01-27,8678.0098
^SP500TR,2023-01-30,8566.2803
^SP500TR,2023-01-31,8691.8799
^SP500TR,2023-02-01,8782.7695
^SP500TR,2023-02-02,8912.3496
^SP500TR,2023-02-03,8820.4697
^SP500TR,2023-02-06,8766.9004
^SP500TR,2023-02-07,8879.9102
^SP500TR,2023-02-08,8781.79
^SP500TR,2023-02-09,8705.5801
^SP500TR,2023-02-10,8726.4697
^SP500TR,2023-02-13,8827.7197
^SP500TR,2023-02-14,8826.3203
^SP500TR,2023-02-15,8853.0195
^SP500TR,2023-02-16,8731.75
^SP500TR,2023-02-17,8709.21
^SP500TR,2023-02-21,8534.7305
^SP500TR,2023-02-22,8521.4502
^SP500TR,2023-02-23,8567.5703
^SP500TR,2023-02-24,8477.6602
^SP500TR,2023-02-27,8504.7598
^SP500TR,2023-02-28,8479.7998
^SP500TR,2023-03-01,8440.25
^SP500TR,2023-03-02,8505.5498
^SP500TR,2023-03-03,8643.6104
^SP500TR,2023-03-06,8649.8799
^SP500TR,2023-03-07,8517.54
^SP500TR,2023-03-08,8530.3301
^SP500TR,2023-03-09,8374.25
^SP500TR,2023-03-10,8253.6504
^SP500TR,2023-03-13,8241.3896
^SP500TR,2023-03-14,8379.1602
^SP500TR,2023-03-15,8320.96
^SP500TR,2023-03-16,8468.3301
^SP500TR,2023-03-17,8375.21
^SP500TR,2023-03-20,8449.9805
^SP500TR,2023-03-21,8560.3096
^SP500TR,2023-03-22,8420.0195
^SP500TR,2023-03-23,8445.8701
^SP500TR,2023-03-24,8493.5498
^SP500TR,2023-03-27,8507.54
^SP500TR,2023-03-28,8494.3496
^SP500TR,2023-03-29,8615.29
^SP500TR,2023-03-30,8665.7002
^SP500TR,2023-03-31,8791.1299
^SP500TR,2023-04-03,8823.6602
^SP500TR,2023-04-04,8773.3096
^SP500TR,2023-04-05,8752.54
^SP500TR,2023-04-06,8785.7002
^SP500TR,2023-04-10,8794.6504
^SP500TR,2023-04-11,8794.29
^SP500TR,2023-04-12,8758.1104
^SP500TR,2023-04-13,8875.6504
^SP500TR,2023-04-14,8857.3096
^SP500TR,2023-04-17,8886.7598
^SP500TR,2023-04-18,8894.3496
^SP500TR,2023-04-19,8893.5996
^SP500TR,2023-04-20,8841.6201
^SP500TR,2023-04-21,8849.7598
^SP500TR,2023-04-24,8857.2998
^SP500TR,2023-04-25,8717.6299
^SP500TR,2023-04-26,8684.1904
^SP500TR,2023-04-27,8854.3203
^SP500TR,2023-04-28,8928.3496
^SP500TR,2023-05-01,8924.9199
^SP500TR,2023-05-02,8821.5898
^SP500TR,2023-05-03,8759.9502
^SP500TR,2023-05-04,8697.6797
^SP500TR,2023-05-05,8858.8604
^SP500TR,2023-05-08,8863.0098
^SP500TR,2023-05-09,8823.0498
^SP500TR,2023-05-10,8862.8496
^SP500TR,2023-05-11,8849.6904
^SP500TR,2023-05-12,8837.6797
^SP500TR,2023-05-15,8865.0303
^SP500TR,2023-05-16,8808.9502
^SP500TR,2023-05-17,8915.4297
^SP500TR,2023-05-18,9001.25
^SP500TR,2023-05-19,8988.46
^SP500TR,2023-05-22,8990.8896
^SP500TR,2023-05-23,8890.1602
^SP500TR,2023-05-24,8825.2598
^SP500TR,2023-05-25,8902.8398
^SP500TR,2023-05-26,9019.6396
^SP500TR,2023-05-30,9020.3896
^SP500TR,2023-05-31,8967.1602
^SP500TR,2023-06-01,9057.1699
^SP500TR,2023-06-02,9189.3398
^SP500TR,2023-06-05,9171.0898
^SP500TR,2023-06-06,9192.9102
^SP500TR,2023-06-07,9158.1396
^SP500TR,2023-06-08,9215.8604
^SP500TR,2023-06-09,9226.7002
^SP500TR,2023-06-12,9312.7197
^SP500TR,2023-06-13,9377.6504
^SP500TR,2023-06-14,9387.54
^SP500TR,2023-06-15,9503.5303
^SP500TR,2023-06-16,9468.8096
^SP500TR,2023-06-20,9424.0195
^SP500TR,2023-06-21,9375.21
^SP500TR,2023-06-22,9410.8301
^SP500TR,2023-06-23,9338.8398
^SP500TR,2023-06-26,9297.1201
^SP500TR,2023-06-27,9403.6201
^SP500TR,2023-06-28,9400.2998
^SP500TR,2023-06-29,9443.46
^SP500TR,2023-06-30,9559.6699
^SP500TR,2023-07-03,9571.3496
^SP500TR,2023-07-05,9553.6904
^SP500TR,2023-07-06,9478.7305
^SP500TR,2023-07-07,9453.0996
^SP500TR,2023-07-10,9475.9004
^SP500TR,2023-07-11,9539.9502
^SP500TR,2023-07-12,9610.8701
^SP500TR,2023-07-13,9693.2998
^SP500TR,2023-07-14,9683.6904
^SP500TR,2023-07-17,9721.0303
^SP500TR,2023-07-18,9790.2002
^SP500TR,2023-07-19,9813.46
^SP500TR,2023-07-20,9748.0996
^SP500TR,2023-07-21,9751.2598
^SP500TR,2023-07-24,9790.7598
^SP500TR,2023-07-25,9818.4902
^SP500TR,2023-07-26,9817.1104
^SP500TR,2023-07-27,9754.7197
^SP500TR,2023-07-28,9852.0098
^SP500TR,2023-07-31,9866.7695
^SP500TR,2023-08-01,9840.71
^SP500TR,2023-08-02,9704.6299
^SP500TR,2023-08-03,9680.3604
^SP500TR,2023-08-04,9629.7695
^SP500TR,2023-08-07,9716.9102
^SP500TR,2023-08-08,9676.0
^SP500TR,2023-08-09,9608.7305
^SP500TR,2023-08-10,9612.3604
^SP500TR,2023-08-11,9603.4502
^SP500TR,2023-08-14,9659.2598
^SP500TR,2023-08-15,9549.1699
^SP500TR,2023-08-16,9478.54
^SP500TR,2023-08-17,9407.2695
^SP500TR,2023-08-18,9406.5
^SP500TR,2023-08-21,9471.3896
^SP500TR,2023-08-22,9445.2197
^SP500TR,2023-08-23,9549.7305
^SP500TR,2023-08-24,9421.4697
^SP500TR,2023-08-25,9485.8896
^SP500TR,2023-08-28,9545.4404
^SP500TR,2023-08-29,9684.2197
^SP500TR,2023-08-30,9722.96
^SP500TR,2023-08-31,9709.6797
^SP500TR,2023-09-01,9727.6396
^SP500TR,2023-09-05,9687.2598
^SP500TR,2023-09-06,9619.9805
^SP500TR,2023-09-07,9590.4004
^SP500TR,2023-09-08,9604.7695
^SP500TR,2023-09-11,9669.3604
^SP500TR,2023-09-12,9614.6602
^SP500TR,2023-09-13,9626.6797
^SP500TR,2023-09-14,9710.54
^SP500TR,2023-09-15,9592.8604
^SP500TR,2023-09-18,9599.9297
^SP500TR,2023-09-19,9579.2695
^SP500TR,2023-09-20,9489.9199
^SP500TR,2023-09-21,9334.5898
^SP500TR,2023-09-22,9313.2998
^SP500TR,2023-09-25,9350.9004
^SP500TR,2023-09-26,9213.7197
^SP500TR,2023-09-27,9216.0195
^SP500TR,2023-09-28,9271.5498
^SP500TR,2023-09-29,9246.7402
^SP500TR,2023-10-02,9247.5098
^SP500TR,2023-10-03,9121.1396
^SP500TR,2023-10-04,9195.1396
^SP500TR,2023-10-05,9184.8096
^SP500TR,2023-10-06,9294.8203
^SP500TR,2023-10-09,9353.4102
^SP500TR,2023-10-10,9402.3096
^SP500TR,2023-10-11,9443.1299
^SP500TR,2023-10-12,9385.1602
^SP500TR,2023-10-13,9338.0898
^SP500TR,2023-10-16,9437.3096
^SP500TR,2023-10-17,9436.3604
^SP500TR,2023-10-18,9309.9199
^SP500TR,2023-10-19,9231.7305
^SP500TR,2023-10-20,9115.8398
^SP500TR,2023-10-23,9100.4902
^SP500TR,2023-10-24,9166.7998
^SP500TR,2023-10-25,9035.4004
^SP500TR,2023-10-26,8928.6299
^SP500TR,2023-10-27,8885.9404
^SP500TR,2023-10-30,8993.46
^SP500TR,2023-10-31,9052.3096
^SP500TR,2023-11-01,9147.4502
^SP500TR,2023-11-02,9320.5596
^SP500TR,2023-11-03,9408.5596
^SP500TR,2023-11-06,9425.3398
^SP500TR,2023-11-07,9452.2803
^SP500TR,2023-11-08,9462.25
^SP500TR,2023-11-09,9387.5898
^SP500TR,2023-11-10,9535.6299
^SP500TR,2023-11-13,9528.25
^SP500TR,2023-11-14,9712.0098
^SP500TR,2023-11-15,9729.3096
^SP500TR,2023-11-16,9743.2197
^SP500TR,2023-11-17,9755.9199
^SP500TR,2023-11-20,9829.0195
^SP500TR,2023-11-21,9809.3896
^SP500TR,2023-11-22,9849.7402
^SP500TR,2023-11-24,9855.8398
^SP500TR,2023-11-27,9836.75
^SP500TR,2023-11-28,9846.4297
^SP500TR,2023-11-29,9838.8203
^SP500TR,2023-11-30,9879.0195
^SP500TR,2023-12-01,9937.8896
^SP500TR,2023-12-04,9884.1699
^SP500TR,2023-12-05,9878.9697
^SP500TR,2023-12-06,9840.6504
^SP500TR,2023-12-07,9920.6396
^SP500TR,2023-12-08,9961.5
^SP500TR,2023-12-11,10000.6396
^SP500TR,2023-12-12,10047.04
^SP500TR,2023-12-13,10184.3799
^SP500TR,2023-12-14,10213.6904
^SP500TR,2023-12-15,10213.4805
^SP500TR,2023-12-18,10259.8496
^SP500TR,2023-12-19,10320.8604
^SP500TR,2023-12-20,10170.5098
^SP500TR,2023-12-21,10275.2998
^SP500TR,2023-12-22,10292.3701
^SP500TR,2023-12-26,10335.9805
^SP500TR,2023-12-27,10351.5996
^SP500TR,2023-12-28,10356.5898
^SP500TR,2023-12-29,10327.8301
^SP500TR,2024-01-02,10269.6904
^SP500TR,2024-01-03,10187.79
^SP500TR,2024-01-04,10154.2002
^SP500TR,2024-01-05,10172.75
^SP500TR,2024-01-08,10316.5195
^SP500TR,2024-01-09,10302.7305
^SP500TR,2024-01-10,10361.2695
^SP500TR,2024-01-11,10354.6904
^SP500TR,2024-01-12,10363.3496
^SP500TR,2024-01-16,10324.8301
^SP500TR,2024-01-17,10267.0498
^SP500TR,2024-01-18,10358.29
^SP500TR,2024-01-19,10486.4404
^SP500TR,2024-01-22,10509.4404
^SP500TR,2024-01-23,10540.3799
^SP500TR,2024-01-24,10549.04
^SP500TR,2024-01-25,10605.1299
^SP500TR,2024-01-26,10598.2305
^SP500TR,2024-01-29,10678.5
^SP500TR,2024-01-30,10672.9502
^SP500TR,2024-01-31,10501.3799
^SP500TR,2024-02-01,10633.1396
^SP500TR,2024-02-02,10747.25
^SP500TR,2024-02-05,10713.1104
^SP500TR,2024-02-06,10738.1699
^SP500TR,2024-02-07,10826.8096
^SP500TR,2024-02-08,10834.3604
^SP500TR,2024-02-09,10897.6104
^SP500TR,2024-02-12,10887.4102
^SP500TR,2024-02-13,10739.8096
^SP500TR,2024-02-14,10844.7197
^SP500TR,2024-02-15,10910.3096
^SP500TR,2024-02-16,10859.6299
^SP500TR,2024-02-20,10794.7998
^SP500TR,2024-02-21,10808.9297
^SP500TR,2024-02-22,11037.8203
^SP500TR,2024-02-23,11041.9004
^SP500TR,2024-02-26,11000.5
^SP500TR,2024-02-27,11019.4404
^SP500TR,2024-02-28,11002.2002
^SP500TR,2024-02-29,11062.1104
^SP500TR,2024-03-01,11151.3398
^SP500TR,2024-03-04,11138.4297
^SP500TR,2024-03-05,11025.1602
^SP500TR,2024-03-06,11082.6504
^SP500TR,2024-03-07,11198.3896
^SP500TR,2024-03-08,11126.0703
^SP500TR,2024-03-11,11113.6104
^SP500TR,2024-03-12,11238.46
^SP500TR,2024-03-13,11217.2998
^SP500TR,2024-03-14,11187.8496
^SP500TR,2024-03-15,11115.6904
^SP500TR,2024-03-18,11186.04
^SP500TR,2024-03-19,11249.2305
^SP500TR,2024-03-20,11350.8896
^SP500TR,2024-03-21,11387.8896
^SP500TR,2024-03-22,11372.4902
^SP500TR,2024-03-25,11337.7402
^SP500TR,2024-03-26,11306.0098
^SP500TR,2024-03-27,11404.9502
^SP500TR,2024-03-28,11418.0303
^SP500TR,2024-04-01,11395.0801
^SP500TR,2024-04-02,11312.9004
^SP500TR,2024-04-03,11325.7803
^SP500TR,2024-04-04,11187.4902
^SP500TR,2024-04-05,11311.7002
^SP500TR,2024-04-08,11307.6602
^SP500TR,2024-04-09,11325.6299
^SP500TR,2024-04-10,11218.7305
^SP500TR,2024-04-11,11302.5303
^SP500TR,2024-04-12,11139.3799
^SP500TR,2024-04-15,11005.6104
^SP500TR,2024-04-16,10982.9902
^SP500TR,2024-04-17,10919.4902
^SP500TR,2024-04-18,10896.0703
^SP500TR,2024-04-19,10801.1602
^SP500TR,2024-04-22,10895.4697
^SP500TR,2024-04-23,11026.0596
^SP500TR,2024-04-24,11028.46
^SP500TR,2024-04-25,10978.2002
^SP500TR,2024-04-26,11090.46
^SP500TR,2024-04-29,11126.2803
^SP500TR,2024-04-30,10951.6602
^SP500TR,2024-05-01,10914.1104
^SP500TR,2024-05-02,11013.9102
^SP500TR,2024-05-03,11152.7598
^SP500TR,2024-05-06,11268.2305
^SP500TR,2024-05-07,11283.96
^SP500TR,2024-05-08,11283.9102
^SP500TR,2024-05-09,11343.5498
^SP500TR,2024-05-10,11364.04
^SP500TR,2024-05-13,11361.46
^SP500TR,2024-05-14,11418.1201
^SP500TR,2024-05-15,11554.04
^SP500TR,2024-05-16,11532.3604
^SP500TR,2024-05-17,11546.2803
^SP500TR,2024-05-20,11557.8398
^SP500TR,2024-05-21,11587.0498
^SP500TR,2024-05-22,11555.8398
^SP500TR,2024-05-23,11470.9805
^SP500TR,2024-05-24,11551.5596
^SP500TR,2024-05-28,11554.4502
^SP500TR,2024-05-29,11469.46
^SP500TR,2024-05-30,11402.0996
^SP500TR,2024-05-31,11494.7002
^SP500TR,2024-06-03,11508.8896
^SP500TR,2024-06-04,11526.8096
^SP500TR,2024-06-05,11663.5498
^SP500TR,2024-06-06,11661.3701
^SP500TR,2024-06-07,11650.4902
^SP500TR,2024-06-10,11681.54
^SP500TR,2024-06-11,11713.2998
^SP500TR,2024-06-12,11813.1699
^SP500TR,2024-06-13,11841.0195
^SP500TR,2024-06-14,11839.2695
^SP500TR,2024-06-17,11931.4805
^SP500TR,2024-06-18,11961.9297
^SP500TR,2024-06-20,11931.7998
^SP500TR,2024-06-21,11913.7803
^SP500TR,2024-06-24,11878.04
^SP500TR,2024-06-25,11924.75
^SP500TR,2024-06-26,11943.5303
^SP500TR,2024-06-27,11954.5
^SP500TR,2024-06-28,11907.1504
^SP500TR,2024-07-01,11939.3799
^SP500TR,2024-07-02,12013.4004
^SP500TR,2024-07-03,12074.8301
^SP500TR,2024-07-05,12142.54
^SP500TR,2024-07-08,12155.2695
^SP500TR,2024-07-09,12164.5703
^SP500TR,2024-07-10,12290.21
^SP500TR,2024-07-11,12182.9697
^SP500TR,2024-07-12,12250.1904
^SP500TR,2024-07-15,12286.0498
^SP500TR,2024-07-16,12364.5596
^SP500TR,2024-07-17,12192.4902
^SP500TR,2024-07-18,12097.25
^SP500TR,2024-07-19,12011.6104
^SP500TR,2024-07-22,12141.75
^SP500TR,2024-07-23,12122.8301
^SP500TR,2024-07-24,11842.3604
^SP500TR,2024-07-25,11781.5703
^SP500TR,2024-07-26,11913.04
^SP500TR,2024-07-29,11922.8896
^SP500TR,2024-07-30,11863.7998
^SP500TR,2024-07-31,12052.0898
^SP500TR,2024-08-01,11887.54
^SP500TR,2024-08-02,11669.1797
^SP500TR,2024-08-05,11319.96
^SP500TR,2024-08-06,11437.3203
^SP500TR,2024-08-07,11349.2402
^SP500TR,2024-08-08,11610.8398
^SP500TR,2024-08-09,11666.4902
^SP500TR,2024-08-12,11668.5898
^SP500TR,2024-08-13,11865.29
^SP500TR,2024-08-14,11911.0195
^SP500TR,2024-08-15,12106.6797
^SP500TR,2024-08-16,12132.4805
^SP500TR,2024-08-19,12251.7402
^SP500TR,2024-08-20,12227.7998
^SP500TR,2024-08-21,12280.1797
^SP500TR,2024-08-22,12170.71
^SP500TR,2024-08-23,12310.6299
^SP500TR,2024-08-26,12272.0801
^SP500TR,2024-08-27,12292.6396
^SP500TR,2024-08-28,12219.2305
^SP500TR,2024-08-29,12219.3799
^SP500TR,2024-08-30,12344.4297
^SP500TR,2024-09-03,12084.5703
^SP500TR,2024-09-04,12065.6904
^SP500TR,2024-09-05,12029.7197
^SP500TR,2024-09-06,11823.5703
^SP500TR,2024-09-09,11961.7402
^SP500TR,2024-09-10,12015.5703
^SP500TR,2024-09-11,12143.8496
^SP500TR,2024-09-12,12235.0596
^SP500TR,2024-09-13,12303.2598
^SP500TR,2024-09-16,12321.21
^SP500TR,2024-09-17,12324.75
^SP500TR,2024-09-18,12289.2598
^SP500TR,2024-09-19,12498.5898
^SP500TR,2024-09-20,12474.4404
^SP500TR,2024-09-23,12509.6104
^SP500TR,2024-09-24,12541.0898
^SP500TR,2024-09-25,12517.8203
^SP500TR,2024-09-26,12569.1299
^SP500TR,2024-09-27,12553.7803
^SP500TR,2024-09-30,12608.0703
^SP500TR,2024-10-01,12490.8701
^SP500TR,2024-10-02,12493.3496
^SP500TR,2024-10-03,12472.3896
^SP500TR,2024-10-04,12586.9102
^SP500TR,2024-10-07,12466.4102
^SP500TR,2024-10-08,12587.25
^SP500TR,2024-10-09,12677.1602
^SP500TR,2024-10-10,12652.8398
^SP500TR,2024-10-11,12729.5195
^SP500TR,2024-10-14,12827.6299
^SP500TR,2024-10-15,12731.0996
^SP500TR,2024-10-16,12790.8398
^SP500TR,2024-10-17,12788.7803
^SP500TR,2024-10-18,12840.2998
^SP500TR,2024-10-21,12817.3896
^SP500TR,2024-10-22,12811.3604
^SP500TR,2024-10-23,12693.8203
^SP500TR,2024-10-24,12721.0498
^SP500TR,2024-10-25,12717.3398
^SP500TR,2024-10-28,12751.2197
^SP500TR,2024-10-29,12771.7998
^SP500TR,2024-10-30,12729.7305
^SP500TR,2024-10-31,12493.7402
^SP500TR,2024-11-01,12545.4004
^SP500TR,2024-11-04,12510.7305
^SP500TR,2024-11-05,12664.3203
^SP500TR,2024-11-06,12984.7305
^SP500TR,2024-11-07,13081.5303
^SP500TR,2024-11-08,13133.4697
^SP500TR,2024-11-11,13146.2002
^SP500TR,2024-11-12,13108.9502
^SP500TR,2024-11-13,13112.5703
^SP500TR,2024-11-14,13034.79
^SP500TR,2024-11-15,12864.4199
^SP500TR,2024-11-18,12916.7998
^SP500TR,2024-11-19,12968.1602
^SP500TR,2024-11-20,12968.8496
^SP500TR,2024-11-21,13040.0801
^SP500TR,2024-11-22,13085.8604
^SP500TR,2024-11-25,13125.46
^SP500TR,2024-11-26,13201.4697
^SP500TR,2024-11-27,13152.0801
^SP500TR,2024-11-29,13227.1299
^SP500TR,2024-12-02,13261.0801
^SP500TR,2024-12-03,13267.3301
^SP500TR,2024-12-04,13347.8799
^SP500TR,2024-12-05,13323.7402
^SP500TR,2024-12-06,13358.5
^SP500TR,2024-12-09,13278.29
^SP500TR,2024-12-10,13239.21
^SP500TR,2024-12-11,13347.5098
^SP500TR,2024-12-12,13275.2402
^SP500TR,2024-12-13,13276.5596
^SP500TR,2024-12-16,13328.7803
^SP500TR,2024-12-17,13277.5498
^SP500TR,2024-12-18,12886.21
^SP500TR,2024-12-19,12875.0898
^SP500TR,2024-12-20,13015.6602
^SP500TR,2024-12-23,13111.2998
^SP500TR,2024-12-24,13256.0703
^SP500TR,2024-12-26,13251.7598
^SP500TR,2024-12-27,13106.3896
^SP500TR,2024-12-30,12966.2197
^SP500TR,2024-12-31,12911.8203
^SP500TR,2025-01-02,12883.5801
^SP500TR,2025-01-03,13046.8799
^SP500TR,2025-01-06,13120.1396
^SP500TR,2025-01-07,12974.5898
^SP500TR,2025-01-08,12995.1299
^SP500TR,2025-01-10,12797.3896
^SP500TR,2025-01-13,12817.5596
^SP500TR,2025-01-14,12832.29
^SP500TR,2025-01-15,13068.5596
^SP500TR,2025-01-16,13041.1904
^SP500TR,2025-01-17,13171.75
^SP500TR,2025-01-21,13287.5801
^SP500TR,2025-01-22,13369.3604
^SP500TR,2025-01-23,13440.6104
^SP500TR,2025-01-24,13403.5098
^SP500TR,2025-01-27,13208.1904
^SP500TR,2025-01-28,13329.9502
^SP500TR,2025-01-29,13267.6504
^SP500TR,2025-01-30,13337.8496
^SP500TR,2025-01-31,13271.3799
^SP500TR,2025-02-03,13171.21
^SP500TR,2025-02-04,13266.4502
^SP500TR,2025-02-05,13318.4297
^SP500TR,2025-02-06,13366.96
^SP500TR,2025-02-07,13241.3398
^SP500TR,2025-02-10,13332.1504
^SP500TR,2025-02-11,13337.0
^SP500TR,2025-02-12,13302.0996
^SP500TR,2025-02-13,13440.9297
^SP500TR,2025-02-14,13443.0996
^SP500TR,2025-02-18,13478.0195
^SP500TR,2025-02-19,13510.29
^SP500TR,2025-02-20,13453.54
^SP500TR,2025-02-21,13224.4502
^SP500TR,2025-02-24,13159.21
^SP500TR,2025-02-25,13097.8496
^SP500TR,2025-02-26,13099.9102
^SP500TR,2025-02-27,12892.2002
^SP500TR,2025-02-28,13098.2197
^SP500TR,2025-03-03,12868.9502
^SP500TR,2025-03-04,12711.8604
^SP500TR,2025-03-05,12853.9902
^SP500TR,2025-03-06,12625.3096
^SP500TR,2025-03-07,12696.9004
^SP500TR,2025-03-10,12356.6904
^SP500TR,2025-03-11,12263.3096
^SP500TR,2025-03-12,12323.5
^SP500TR,2025-03-13,12153.3301
^SP500TR,2025-03-14,12414.2803
^SP500TR,2025-03-17,12494.8203
^SP500TR,2025-03-18,12362.1602
^SP500TR,2025-03-19,12495.7402
^SP500TR,2025-03-20,12469.9697
^SP500TR,2025-03-21,12480.5898
^SP500TR,2025-03-24,12700.9102
^SP500TR,2025-03-25,12721.4102
^SP500TR,2025-03-26,12579.4805
^SP500TR,2025-03-27,12537.9297
^SP500TR,2025-03-28,12290.8604
^SP500TR,2025-03-31,12360.21
^SP500TR,2025-04-01,12407.2598
^SP500TR,2025-04-02,12491.0996
^SP500TR,2025-04-03,11887.1504
^SP500TR,2025-04-04,11178.4805
^SP500TR,2025-04-07,11152.5596
^SP500TR,2025-04-08,10977.5
^SP500TR,2025-04-09,12022.21
^SP500TR,2025-04-10,11608.2197
^SP500TR,2025-04-11,11818.5303
^SP500TR,2025-04-14,11912.4502
^SP500TR,2025-04-15,11892.9902
^SP500TR,2025-04-16,11626.79
^SP500TR,2025-04-17,11642.4004
^SP500TR,2025-04-21,11368.9805
^SP500TR,2025-04-22,11654.8301
^SP500TR,2025-04-23,11849.25
^SP500TR,2025-04-24,12089.3096
^SP500TR,2025-04-25,12178.4902
^SP500TR,2025-04-28,12186.5195
^SP500TR,2025-04-29,12257.2695
^SP500TR,2025-04-30,12276.3896
^SP500TR,2025-05-01,12353.8701
^SP500TR,2025-05-02,12536.2002
^SP500TR,2025-05-05,12456.8398
^SP500TR,2025-05-06,12361.1602
^SP500TR,2025-05-07,12414.9805
^SP500TR,2025-05-08,12487.0
^SP500TR,2025-05-09,12480.3096
^SP500TR,2025-05-12,12888.1299
^SP500TR,2025-05-13,12981.8896
^SP500TR,2025-05-14,12995.7803
^SP500TR,2025-05-15,13052.7197
^SP500TR,2025-05-16,13145.8799
^SP500TR,2025-05-19,13159.3096
^SP500TR,2025-05-20,13108.5195
^SP500TR,2025-05-21,12897.4199
^SP500TR,2025-05-22,12891.9502
^SP500TR,2025-05-23,12806.2402
^SP500TR,2025-05-27,13069.3203
^SP500TR,2025-05-28,12996.6699
^SP500TR,2025-05-29,13049.0098
^SP500TR,2025-05-30,13049.1299
^SP500TR,2025-06-02,13104.2402
^SP500TR,2025-06-03,13180.4502
^SP500TR,2025-06-04,13181.9697
^SP500TR,2025-06-05,13113.4697
^SP500TR,2025-06-06,13249.8096
^SP500TR,2025-06-09,13263.1299
^SP500TR,2025-06-10,13336.29
^SP500TR,2025-06-11,13299.8701
^SP500TR,2025-06-12,13350.8496
^SP500TR,2025-06-13,13202.2598
^SP500TR,2025-06-16,13328.4297
^SP500TR,2025-06-17,13217.5195
^SP500TR,2025-06-18,13213.8799
^SP500TR,2025-06-20,13185.8398
^SP500TR,2025-06-23,13312.75
^SP500TR,2025-06-24,13461.0996
^SP500TR,2025-06-25,13461.1699
^SP500TR,2025-06-26,13569.29
^SP500TR,2025-06-27,13641.0996
^SP500TR,2025-06-30,13712.71
^SP500TR,2025-07-01,13697.6797
^SP500TR,2025-07-02,13763.04
^SP500TR,2025-07-03,13879.9805
^SP500TR,2025-07-07,13771.1104
^SP500TR,2025-07-08,13761.3301
^SP500TR,2025-07-09,13844.9199
^SP500TR,2025-07-10,13884.8896
^SP500TR,2025-07-11,13839.1104
^SP500TR,2025-07-14,13858.6201
^SP500TR,2025-07-15,13805.0801
^SP500TR,2025-07-16,13849.1699
^SP500TR,2025-07-17,13923.75
^SP500TR,2025-07-18,13923.3496
^SP500TR,2025-07-21,13943.1602
^SP500TR,2025-07-22,13952.3496
^SP500TR,2025-07-23,14061.5195
^SP500TR,2025-07-24,14071.4502
^SP500TR,2025-07-25,14128.1201
^SP500TR,2025-07-28,14130.6104
^SP500TR,2025-07-29,14088.8604
^SP500TR,2025-07-30,14071.3398
^SP500TR,2025-07-31,14020.46
^SP500TR,2025-08-01,13796.8301
^SP500TR,2025-08-04,14000.6904
^SP500TR,2025-08-05,13932.8799
^SP500TR,2025-08-06,14034.3496
^SP500TR,2025-08-07,14023.3496
^SP500TR,2025-08-08,14134.0195
^SP500TR,2025-08-11,14100.0303
^SP500TR,2025-08-12,14260.4297
^SP500TR,2025-08-13,14306.96
^SP500TR,2025-08-14,14311.8096
^SP500TR,2025-08-15,14273.5703
^SP500TR,2025-08-18,14273.2197
^SP500TR,2025-08-19,14190.7998
^SP500TR,2025-08-20,14156.6504
^SP500TR,2025-08-21,14101.79
^SP500TR,2025-08-22,14316.5498
^SP500TR,2025-08-25,14255.7598
^SP500TR,2025-08-26,14315.5996
^SP500TR,2025-08-27,14349.8604
^SP500TR,2025-08-28,14395.5098
^SP500TR,2025-08-29,14304.6797
^SP500TR,2025-09-02,14208.5
^SP500TR,2025-09-03,14281.2305
^SP500TR,2025-09-04,14401.71
^SP500TR,2025-09-05,14358.1104
^SP500TR,2025-09-08,14389.1299
^SP500TR,2025-09-09,14428.25
^SP500TR,2025-09-10,14471.71
^SP500TR,2025-09-11,14594.6396
^SP500TR,2025-09-12,14588.1797
^SP500TR,2025-09-15,14660.1299
^SP500TR,2025-09-16,14641.7695
^SP500TR,2025-09-17,14627.7998
^SP500TR,2025-09-18,14698.0801
^SP500TR,2025-09-19,14769.9297
^SP500TR,2025-09-22,14836.2695
^SP500TR,2025-09-23,14754.6299
^SP500TR,2025-09-24,14712.7197
^SP500TR,2025-09-25,14639.1797
^SP500TR,2025-09-26,14725.9805
^SP500TR,2025-09-29,14764.9199
^SP500TR,2025-09-30,14826.7998
^SP500TR,2025-10-01,14877.96
^SP500TR,2025-10-02,14887.3203
^SP500TR,2025-10-03,14889.8398
^SP500TR,2025-10-06,14945.2305
^SP500TR,2025-10-07,14888.3701
^SP500TR,2025-10-08,14975.1299
^SP500TR,2025-10-09,14934.3799
^SP500TR,2025-10-10,14531.4102
^SP500TR,2025-10-13,14758.0703
^SP500TR,2025-10-14,14735.21
^SP500TR,2025-10-15,14795.6602
^SP500TR,2025-10-16,14702.5703
^SP500TR,2025-10-17,14780.3604
^SP500TR,2025-10-20,14938.29
^SP500TR,2025-10-21,14938.8301
^SP500TR,2025-10-22,14859.3301
^SP500TR,2025-10-23,14946.1299
^SP500TR,2025-10-24,15064.9102
^SP500TR,2025-10-27,15250.1396
^SP500TR,2025-10-28,15285.0996
^SP500TR,2025-10-29,15284.5303
^SP500TR,2025-10-30,15133.2305
^SP500TR,2025-10-31,15173.9502
^SP500TR,2025-11-03,15201.0
^SP500TR,2025-11-04,15022.75
^SP500TR,2025-11-05,15077.71
^SP500TR,2025-11-06,14909.2803
^SP500TR,2025-11-07,14929.6299
^SP500TR,2025-11-10,15161.4697
^SP500TR,2025-11-11,15192.9404
^SP500TR,2025-11-12,15203.1299
^SP500TR,2025-11-13,14951.8701
^SP500TR,2025-11-14,14947.5195
^SP500TR,2025-11-17,14812.0195
^SP500TR,2025-11-18,14690.8096
^SP500TR,2025-11-19,14746.4404
^SP500TR,2025-11-20,14518.9502
^SP500TR,2025-11-21,14662.6797
^SP500TR,2025-11-24,14889.6699
^SP500TR,2025-11-25,15025.54
^SP500TR,2025-11-26,15129.5703
^SP500TR,2025-11-28,15211.1396
^SP500TR,2025-12-01,15132.0
^SP500TR,2025-12-02,15169.6299
^SP500TR,2025-12-03,15215.3398
^SP500TR,2025-12-04,15232.8096
^SP500TR,2025-12-05,15264.6396
^SP500TR,2025-12-08,15212.8398
^SP500TR,2025-12-09,15199.6602
^SP500TR,2025-12-10,15302.75
^SP500TR,2025-12-11,15334.7402
^SP500TR,2025-12-12,15172.1299
^SP500TR,2025-12-15,15150.46
^SP500TR,2025-12-16,15114.9199
^SP500TR,2025-12-17,14940.0098
^SP500TR,2025-12-18,15058.71
^SP500TR,2025-12-19,15191.8496
^SP500TR,2025-12-22,15290.5498
^SP500TR,2025-12-23,15360.1797
^SP500TR,2025-12-24,15409.7002
^SP500TR,2025-12-26,15406.4805
^SP500TR,2025-12-29,15353.1602
^SP500TR,2025-12-30,15332.0703
^SP500TR,2025-12-31,15220.4502
^SP500TR,2026-01-02,15252.8203
^SP500TR,2026-01-05,15349.7803
^SP500TR,2026-01-06,15446.0303
^SP500TR,2026-01-07,15392.9902
^SP500TR,2026-01-08,15394.1797
^SP500TR,2026-01-09,15494.5098
^SP500TR,2026-01-12,15520.2598
^SP500TR,2026-01-13,15490.4502
^SP500TR,2026-01-14,15408.1504
^SP500TR,2026-01-15,15448.2998
^SP500TR,2026-01-16,15439.4697
^SP500TR,2026-01-20,15121.5195
^SP500TR,2026-01-21,15297.0195
^SP500TR,2026-01-22,15381.2197
^SP500TR,2026-01-23,15387.6299
^SP500TR,2026-01-26,15464.6602
^SP500TR,2026-01-27,15527.8203
^SP500TR,2026-01-28,15526.6904
^SP500TR,2026-01-29,15506.8398
^SP500TR,2026-01-30,15441.1504
^SP500TR,2026-02-02,15525.1104
^SP500TR,2026-02-03,15394.75
^SP500TR,2026-02-04,15316.75
^SP500TR,2026-02-05,15129.2305
^SP500TR,2026-02-06,15427.8301
^SP500TR,2026-02-09,15501.6504
^SP500TR,2026-02-10,15451.3203
^SP500TR,2026-02-11,15451.0
^SP500TR,2026-02-12,15210.2998
^SP500TR,2026-02-13,15220.1299
^SP500TR,2026-02-17,15237.8398
^SP500TR,2026-02-18,15323.2305
^SP500TR,2026-02-19,15282.0898
^SP500TR,2026-02-20,15388.6396
^SP500TR,2026-02-23,15229.2803
^SP500TR,2026-02-24,15346.7402
^SP500TR,2026-02-25,15472.0596
^SP500TR,2026-02-26,15389.1299
^SP500TR,2026-02-27,15323.7998
^SP500TR,2026-03-02,15331.1797
^SP500TR,2026-03-03,15186.9902
^SP500TR,2026-03-04,15305.0098
^SP500TR,2026-03-05,15219.1396
^SP500TR,2026-03-06,15019.2002
^SP500TR,2026-03-09,15145.3799
^SP500TR,2026-03-10,15114.7002
^SP500TR,2026-03-11,15102.5703
^SP500TR,2026-03-12,14873.2197
^SP500TR,2026-03-13,14785.0703
^SP500TR,2026-03-16,14936.3701
^SP500TR,2026-03-17,14974.1797
^SP500TR,2026-03-18,14770.4805
^SP500TR,2026-03-19,14730.7402
^SP500TR,2026-03-20,14508.1201
^SP500TR,2026-03-23,14675.1699
^SP500TR,2026-03-24,14620.3799
^SP500TR,2026-03-25,14700.1797
^SP500TR,2026-03-26,14444.3604
^SP500TR,2026-03-27,14203.2402
^SP500TR,2026-03-30,14147.3096
^SP500TR,2026-03-31,14560.75
^SP500TR,2026-04-01,14665.6797
^SP500TR,2026-04-02,14683.2002
^SP500TR,2026-04-06,14749.3096
^SP500TR,2026-04-07,14760.6396
^SP500TR,2026-04-08,15130.8604
^SP500TR,2026-04-09,15225.1797
^SP500TR,2026-04-10,15209.3799
^SP500TR,2026-04-13,15364.1104
^SP500TR,2026-04-14,15545.5498
^SP500TR,2026-04-15,15670.7695
^SP500TR,2026-04-16,15711.7998
^SP500TR,2026-04-17,15901.0303
^SP500TR,2026-04-20,15863.6797
^SP500TR,2026-04-21,15763.0195
^SP500TR,2026-04-22,15928.1602
^SP500TR,2026-04-23,15862.5498
^SP500TR,2026-04-24,15989.6904
^SP500TR,2026-04-27,16009.4902
^SP500TR,2026-04-28,15931.2197
^SP500TR,2026-04-29,15924.9004
^SP500TR,2026-04-30,16088.5596
^SP500TR,2026-05-01,16136.0303
^SP500TR,2026-05-04,16071.4404
^SP500TR,2026-05-05,16202.3799
^SP500TR,2026-05-06,16438.7598
^SP500TR,2026-05-07,16376.3496
^SP500TR,2026-05-08,16516.8008
^SP500TR,2026-05-11,16549.25
^SP500TR,2026-05-12,16523.2891
^SP500TR,2026-05-13,16620.5898
^SP500TR,2026-05-14,16748.2109
^SP500TR,2026-05-15,16544.2793
^SP500TR,2026-05-18,16533.1094
^SP500TR,2026-05-19,16423.7793
^SP500TR,2026-05-20,16601.4199
^SP500TR,2026-05-21,16631.9297
^SP500TR,2026-05-22,16694.8906
^SP500TR,2026-05-26,16797.9199
^SP500TR,2026-05-27,16800.8594
^SP500TR,2026-05-28,16897.6406
^SP500TR,2026-05-29,16935.3496
^SP500TR,2026-06-01,16981.0996
^SP500TR,2026-06-02,17003.5703
^SP500TR,2026-06-03,16878.4902
^SP500TR,2026-06-04,16949.8496
^SP500TR,2026-06-05,16503.9609
